duplication_type	parent	child	ancestor	TPC_Ks	TPCA_Ks	tPC_ratio	CLOUD_class	prob_Conservation	prob_Neofunctionalization_Parent	prob_Neofunctionalization_Child	prob_Subfunctionalization	prob_Specialization
TD	Pbre1_01G053000	Pbre1_01G053200	Prupe.6G168100.1	0.0194083	0.470626	0.041239328043924474	Conservation	0.798560390653652	4.798541415092995e-05	0.10953432396767585	0.0918556095010354	1.6904634859571931e-06
TD	Pbre1_01G108000	Pbre1_01G108200	Prupe.6G208400.1	0.65062	0.524092	1.2414232615647633	Neofunctionalization(Parent)	0.1667961584912732	0.8130124578477737	2.818034001115076e-07	0.018198109086966268	0.0019929927705868095
TD	Pbre1_01G113200	Pbre1_01G113400	Prupe.6G210700.1	0.0924655	0.258673	0.35746096422896867	Neofunctionalization(Child)	0.0011621014102105784	2.8983607779799055e-07	0.9927450292852736	0.005463049160042216	0.0006295303083957194
TD	Pbre1_01G113600	Pbre1_01G113800	Prupe.6G210900.1	0.75797	0.327271	2.316031667944914	Conservation	0.9998658241019304	1.1803410959032347e-06	1.4181769220995621e-06	0.0001305896798130614	9.877002386334838e-07
TD	Pbre1_01G115400	Pbre1_01G115600	Prupe.6G211700.1	1.9909	1.23681	1.6097056136350774	Neofunctionalization(Child)	1.5401323754893706e-08	5.507409013907541e-16	0.9999999533675661	3.119587802225756e-08	3.5231687994176496e-11
TD	Pbre1_01G135600	Pbre1_01G135800	Prupe.2G165900.1	0.496084	0.433861	1.1434169008046358	Conservation	0.9985812175231719	0.0006976466433815684	1.0860870689076997e-06	0.0004979591055606458	0.0002220906408170638
TD	Pbre1_01G152000	Pbre1_01G152200	Prupe.2G174300.1	0.21122	0.430252	0.49092159943474983	Conservation	0.9971821822642919	5.2715069322459446e-08	0.0027639683727981898	2.7792096786122297e-06	5.101743816203448e-05
TD	Pbre1_01G186000	Pbre1_01G186200	Prupe.2G195300.1	0.1451	1.21297	0.11962373348063018	Subfunctionalization	0.0010483623738563928	9.669509501268188e-06	0.3538532342053345	0.6177219567907399	0.027366777120567874
TD	Pbre1_01G188200	Pbre1_01G188400	Prupe.2G196600.1	0.11863	0.437633	0.2710718798628074	Neofunctionalization(Child)	0.003304526133882262	0.10445171372571302	0.877998108968283	0.009411518094555125	0.004834133077566665
TD	Pbre1_01G191200	Pbre1_01G191400	Prupe.2G198700.1	0.796516	1.24747	0.6385051343920094	Neofunctionalization(Parent)	0.021324314137345406	0.7723677459901969	0.027783668375942306	0.17767681458481852	0.0008474569116969489
TD	Pbre1_01G222000	Pbre1_01G222200	Prupe.2G214400.1	0.1646	0.422978	0.3891455347559447	Conservation	0.9654677799712339	0.032575764847015104	1.672391138282736e-05	0.0018492849615735912	9.044630879458943e-05
TD	Pbre1_01G227800	Pbre1_01G228000	Prupe.2G218000.1	0.0893181	0.549798	0.1624562111902917	Neofunctionalization(Child)	0.003346225517736655	0.0003613560320658857	0.9634488848572835	0.03101184345268041	0.0018316901402334969
TD	Pbre1_01G242200	Pbre1_01G242400	Prupe.2G227500.1	0.0409698	0.365534	0.11208204982299867	Neofunctionalization(Parent)	7.454550937348952e-09	0.8963955196022724	0.0026026430270081223	0.008681043052285106	0.09232078686388337
TD	Pbre1_01G249400	Pbre1_01G249600	Prupe.2G231700.1	0.505599	0.628337	0.8046621478601451	Neofunctionalization(Child)	7.676160956404188e-06	5.793156864533695e-10	0.9991463431736944	0.0006636704617585227	0.00018230962427485232
TD	Pbre1_01G253400	Pbre1_01G253600	Prupe.2G234200.1	0.0104126	1.16667	0.008925060214113673	Subfunctionalization	0.048347239078497924	0.178841084582879	0.00036641107989608473	0.73005407131027	0.04239119394845679
TD	Pbre1_01G260400	Pbre1_01G260600	Prupe.2G238700.1	0.117277	1.13664	0.10317866694819819	Neofunctionalization(Parent)	0.00033883186129160184	0.9971288096065734	2.8993377027947953e-09	0.0021585899134655847	0.0003737657193316133
TD	Pbre1_01G293600	Pbre1_01G293400	Prupe.2G256600.1	1.04528	0.970756	1.0767690336191587	Neofunctionalization(Parent)	0.00011009502579834678	0.9998872947599683	1.0973995337811245e-12	2.5924230052872325e-06	1.7790130821932788e-08
TD	Pbre1_01G294600	Pbre1_01G294800	Prupe.2G257400.1	0.207103	0.621666	0.33314191221652784	Subfunctionalization	0.000314171484395387	0.016382091022908385	0.002617768957168142	0.9794069264083368	0.0012790421271912985
TD	Pbre1_01G310800	Pbre1_01G311000	Prupe.2G265800.1	0.223515	0.335679	0.6658593477697443	Neofunctionalization(Child)	2.7186288427183985e-07	7.193415984702468e-14	0.9998302494762843	4.4610991773129965e-05	0.00012486766898623026
TD	Pbre1_01G336400	Pbre1_01G336600	Prupe.2G279700.1	0.13411	1.12687	0.11901106605020988	Conservation	0.6796840014066274	9.281432065023941e-07	0.3176153372118714	0.0020508735179556965	0.0006488597203389457
TD	Pbre1_01G342200	Pbre1_01G342400	Prupe.2G283100.1	0.0611801	0.256678	0.2383535012739697	Conservation	0.9755233564904879	1.8585679399914102e-07	0.02447373478317549	2.699841725470405e-06	2.3027817037351593e-08
TD	Pbre1_01G345000	Pbre1_01G345200	Prupe.2G285300.1	0.108689	0.616656	0.1762554811758906	Conservation	0.8008110191495392	0.06677422115094447	0.11142748985442535	0.005478709169498204	0.015508560675592649
TD	Pbre1_01G350400	Pbre1_01G350600	Prupe.2G287500.1	0.093708	0.351698	0.2664445063662574	Conservation	0.9770646979941867	1.5728049443588577e-06	0.0030357166738559983	0.01989787896158372	1.3356542921260073e-07
TD	Pbre1_01G364800	Pbre1_01G365000	Prupe.2G294100.1	0.12312	0.509278	0.2417540125432475	Conservation	0.9755287256833604	0.024458247676778774	3.5645149489732857e-09	1.2691049792927517e-05	3.3202555271648834e-07
TD	Pbre1_01G379000	Pbre1_01G379200	Prupe.2G301600.1	0.200168	0.312231	0.6410894497983866	Neofunctionalization(Child)	1.4823784000063385e-07	4.0043558089142215e-16	0.999873370121565	1.3725938317059695e-05	0.00011275570227781946
TD	Pbre1_01G380200	Pbre1_01G380400	Prupe.2G301900.1	0.51435	0.750284	0.6855404086985728	Conservation	0.4891752471652233	0.0003798573903892387	0.42271652996656117	0.02259484727987456	0.0651335181979516
TD	Pbre1_01G386400	Pbre1_01G386600	Prupe.2G304800.1	0.110075	1.0293	0.10694161080345865	Neofunctionalization(Child)	0.00036508096035034747	3.99983151494414e-09	0.9979429696510255	0.001691889670279153	5.5718513745547684e-08
TD	Pbre1_01G409600	Pbre1_01G409800	Prupe.2G316300.1	0.181301	0.35767	0.5068946235356614	Subfunctionalization	0.0012305702202584788	5.6247475336658484e-06	2.4585745127539246e-05	0.9987383982301413	8.210569389722372e-07
TD	Pbre1_01G415000	Pbre1_01G415200	Prupe.2G319700.1	0.294484	0.899171	0.3275061139649744	Conservation	0.9964604770982308	3.456393682881068e-05	0.0033944509938874964	8.922378145996421e-05	2.1284189593160997e-05
TD	Pbre1_01G415600	Pbre1_01G415800	Prupe.2G319900.1	0.289342	0.245847	1.1769189780635922	Subfunctionalization	0.19456159167947631	0.2154470114869742	0.002016974388157046	0.41920530298425596	0.1687691194611366
TD	Pbre1_01G418000	Pbre1_01G418200	Prupe.2G321300.1	0.0808899	1.18973	0.06799013221487228	Neofunctionalization(Child)	0.005083939595160629	0.0007724422686278893	0.9941280194030973	6.994027122084082e-06	8.604705992312353e-06
TD	Pbre1_01G423000	Pbre1_01G423200	Prupe.2G323600.1	0.190114	0.455742	0.4171526872660409	Neofunctionalization(Parent)	8.652835853530675e-05	0.9987477391026216	0.0003617073299213437	0.0008000587519391667	3.966456982595205e-06
TD	Pbre1_01G425600	Pbre1_01G425800	Prupe.2G325000.1	0.527392	1.10697	0.4764284488287849	Subfunctionalization	0.2598983592962845	0.0013249037235703986	0.2172016677246481	0.5206682463050734	0.0009068229504236336
TD	Pbre1_01G426000	Pbre1_01G426200	Prupe.2G325200.1	0.184742	0.499011	0.3702162878173026	Neofunctionalization(Parent)	0.01578098261811155	0.9417371162151094	9.134569047155244e-05	0.04024635939994204	0.0021441960763654527
TD	Pbre1_02G022800	Pbre1_02G023000	Prupe.7G260600.1	0.350167	0.497847	0.703362679698783	Subfunctionalization	9.57385250226863e-08	0.006721949285720809	0.04630080053696728	0.666055594216546	0.280921560222241
TD	Pbre1_02G044200	Pbre1_02G044400	Prupe.7G250300.1	0.206467	0.388961	0.530816714272125	Subfunctionalization	9.380090677112325e-17	5.361025299775644e-06	5.242244045925675e-08	0.9893676652016256	0.010626921350634054
TD	Pbre1_02G047200	Pbre1_02G047400	Prupe.7G249000.1	0.403457	0.305805	1.3193276761334838	Neofunctionalization(Child)	0.005584245634870861	3.852788040357865e-06	0.8710695874877757	0.12213025697610994	0.0012120571132031176
TD	Pbre1_02G054600	Pbre1_02G054800	Prupe.7G245600.1	0.477712	0.348541	1.3706048929681158	Subfunctionalization	0.2716650506814443	0.038608765426086704	0.002272340201806586	0.5746111233897611	0.11284272030090128
TD	Pbre1_02G067000	Pbre1_02G067200	Prupe.7G239200.1	0.274297	0.163953	1.6730221465907915	Neofunctionalization(Parent)	0.13310075456835788	0.8543365287629274	1.0257399518725318e-06	0.012485093232194319	7.659769656857272e-05
TD	Pbre1_02G078800	Pbre1_02G079000	Prupe.7G233700.1	0.0727108	0.313571	0.23187986133921826	Subfunctionalization	0.003953084926994846	0.0022719750976361633	0.007540561335761398	0.9862343786384161	1.1914369597715788e-12
TD	Pbre1_02G084800	Pbre1_02G085000	Prupe.7G230700.1	0.718954	0.352642	2.0387645260632596	Neofunctionalization(Child)	4.059524755030695e-06	1.1600860289332491e-12	0.9999897951188206	3.1102954351729516e-06	3.0350598292545197e-06
TD	Pbre1_02G087800	Pbre1_02G088000	Prupe.7G229100.1	0.168144	0.42877	0.3921543018401474	Specialization	9.647629753920534e-21	5.879453576430277e-30	0.22281280967590728	0.0012625347236125285	0.7759246556004803
TD	Pbre1_02G096600	Pbre1_02G096800	Prupe.7G224300.1	0.565178	0.564186	1.0017582853881521	Specialization	0.00718834522319339	0.2883518623221848	3.8438277571601676e-05	0.00029323368548366403	0.7041281204915665
TD	Pbre1_02G122200	Pbre1_02G122400	Prupe.7G211000.1	0.783738	0.936494	0.8368852336480532	Subfunctionalization	0.37716806729747265	0.012129579419620874	0.11670848385809905	0.49399384077563246	2.864917493041631e-08
TD	Pbre1_02G126600	Pbre1_02G126800	Prupe.7G208200.1	0.383763	0.345211	1.111676626758707	Subfunctionalization	0.009359659465895391	0.4127468722386429	0.0016346099572994936	0.5760163628968029	0.00024249544135918346
TD	Pbre1_02G131000	Pbre1_02G131200	Prupe.7G205500.1	0.229843	0.772773	0.29742628171532903	Subfunctionalization	0.0005912794686798643	4.0535425458965846e-05	9.210341560047977e-05	0.9992758586168194	2.2307344138765385e-07
TD	Pbre1_02G148000	Pbre1_02G148200	Prupe.7G195700.1	0.211506	0.608044	0.34784653742163396	Subfunctionalization	4.565150339727861e-16	8.42120531329789e-16	4.475671525534369e-22	0.9999999999999987	1.6427895453102663e-26
TD	Pbre1_02G155200	Pbre1_02G155400	Prupe.7G192300.1	0.0971282	0.722461	0.13444075181912932	Subfunctionalization	0.05232703192157682	0.0022369985442383853	0.0006548285959740017	0.9447739956519217	7.1452862890535695e-06
TD	Pbre1_02G157800	Pbre1_02G158000	Prupe.7G191400.1	1.54657	0.793514	1.9490141320758045	Subfunctionalization	0.0770982240476907	0.00011259062095798291	1.4783517624883912e-07	0.9227890047723251	3.272385004846876e-08
TD	Pbre1_02G162400	Pbre1_02G162600	Prupe.7G188800.1	0.639902	0.788407	0.811639166065243	Subfunctionalization	0.03144650431596594	2.3207685381853566e-05	6.567023743755849e-05	0.968464594510731	2.3250483646519577e-08
TD	Pbre1_02G178800	Pbre1_02G179000	Prupe.7G178500.1	0.385006	0.737436	0.5220873404607316	Subfunctionalization	0.24756920701625462	0.0008521903741083685	5.0715337329637935e-06	0.7515735310591769	1.6727129273273078e-11
TD	Pbre1_02G190800	Pbre1_02G191000	Prupe.7G172300.1	0.351099	0.522329	0.6721797947270781	Conservation	0.8712485457114697	0.0018816210205658194	0.03138859752910249	0.0027350323589099335	0.09274620337995214
TD	Pbre1_02G194200	Pbre1_02G194400	Prupe.7G170500.1	0.440715	0.318415	1.384089945511361	Conservation	0.9233352696571023	0.0034868286182765215	0.01928890917162788	9.77979743696934e-09	0.053888982773195995
TD	Pbre1_02G213600	Pbre1_02G213800	Prupe.7G161200.1	0.280096	0.748707	0.37410629258174427	Conservation	0.7915920376818902	0.05937427047925887	0.01563716816095056	0.13337704393113015	1.9479746770082455e-05
TD	Pbre1_02G223800	Pbre1_02G224000	Prupe.7G155900.1	0.239501	0.759782	0.31522331405587395	Subfunctionalization	0.013928848903137118	0.0008926836435302802	0.0001915631215694718	0.8855640437829024	0.09942286054886075
TD	Pbre1_02G237200	Pbre1_02G237400	Prupe.7G148800.1	0.462535	0.420875	1.0989842589842589	Subfunctionalization	1.8770429945360457e-05	2.1466582004668306e-07	6.206208680850021e-06	0.9999199068524643	5.4901843089318257e-05
TD	Pbre1_02G288200	Pbre1_02G288400	Prupe.6G220400.1	0.242646	0.270363	0.8974822738318482	Subfunctionalization	0.0033344500359007477	0.0005149594201132295	0.000707033838254469	0.849837188290484	0.1456063684152476
TD	Pbre1_02G311800	Pbre1_02G312000	Prupe.2G149200.1	0.0424068	0.349429	0.12136027633653762	Subfunctionalization	0.0006824910244275612	2.3818421971578754e-05	0.00047015508502811285	0.9988138450207129	9.690447859781401e-06
TD	Pbre1_02G321600	Pbre1_02G321800	Prupe.2G143700.1	0.548981	1.18605	0.46286497196576876	Subfunctionalization	0.30053576769820617	0.003446507211618546	0.3283908586553168	0.3350578981778386	0.032568968257019874
TD	Pbre1_02G348000	Pbre1_02G348200	Prupe.2G125900.1	2.09583	1.35108	1.5512256861177722	Subfunctionalization	0.2578482787312091	1.6795587776407798e-05	0.0004840998934618133	0.7416508257644661	2.3086652527364667e-11
TD	Pbre1_02G373800	Pbre1_02G374000	Prupe.2G106200.1	0.0799376	0.395779	0.20197534482627932	Neofunctionalization(Child)	0.4135706795682145	0.00023267360534675493	0.5859118925276088	9.409708242411136e-05	0.0001906572164058005
TD	Pbre1_02G381800	Pbre1_02G382000	Prupe.2G101300.1	0.18174	0.425991	0.426628731592921	Subfunctionalization	0.00025413926341746055	1.2834553909624957e-07	5.539911851617681e-08	0.9997447597344381	9.172574867291085e-07
TD	Pbre1_02G383000	Pbre1_02G383200	Prupe.2G099900.1	0.775717	0.735216	1.0550872124654525	Conservation	0.6388080878044755	0.0015577549894445074	0.35923605616525006	0.00035194198033861664	4.615906049136863e-05
TD	Pbre1_02G385600	Pbre1_02G385800	Prupe.2G097200.1	0.359018	0.598583	0.5997798133258044	Conservation	0.45311953435249785	0.0001089265890295583	0.26193200127433963	0.24185379031191032	0.042985747472222606
TD	Pbre1_02G424600	Pbre1_02G424800	Prupe.2G058400.1	0.375844	0.348314	1.079037879614371	Neofunctionalization(Child)	1.0330038485599946e-13	6.043190081657459e-19	0.9999922257091141	2.8074171490739003e-11	7.774262708514894e-06
TD	Pbre1_02G426600	Pbre1_02G426800	Prupe.2G056300.1	0.114988	0.354421	0.32443901461820834	Conservation	0.7153533205793356	0.25692580958408806	0.006192225953354205	5.2753124342400315e-06	0.021523368570787807
TD	Pbre1_02G443200	Pbre1_02G443400	Prupe.2G043200.1	0.0584217	0.694512	0.08411906489736679	Neofunctionalization(Child)	0.17465279978546017	0.04305916881091803	0.6377864646765031	0.14450156672710163	1.706392227547551e-14
TD	Pbre1_02G471600	Pbre1_02G471400	Prupe.2G028300.1	0.378938	0.36077	1.0503589544585192	Subfunctionalization	2.342503672345685e-07	1.264403690822779e-07	5.92433743294827e-11	0.9999996392498034	2.1697185040913479e-13
TD	Pbre1_02G477400	Pbre1_02G477600	Prupe.2G024200.1	0.13629	0.660032	0.20648998836420054	Subfunctionalization	9.99251995479992e-08	2.2909029659306286e-07	1.0433388813319652e-10	0.9999996708795997	5.70295140938626e-13
TD	Pbre1_02G507400	Pbre1_02G507600	Prupe.2G005300.1	0.67403	0.735849	0.9159895576402224	Conservation	0.9985179236088497	0.0005709804334796684	0.0007943091749820992	7.208755165321205e-05	4.469923103517376e-05
TD	Pbre1_03G004400	Pbre1_03G004600	Prupe.6G002200.1	1.42164	1.64001	0.8668483728757752	Conservation	0.9183436064042042	0.004822121377244528	0.00019537107612641738	0.07463790540852554	0.002000995733899402
TD	Pbre1_03G008600	Pbre1_03G008800	Prupe.6G004500.1	0.412975	0.399783	1.0329979013614885	Conservation	0.9621718636073767	0.022993734624037167	0.01092819796068788	0.0038825871190495843	2.3616688848632807e-05
TD	Pbre1_03G012400	Pbre1_03G012600	Prupe.6G006000.1	0.415304	0.680381	0.6103991734043132	Conservation	0.7935214158325148	0.05529141821318219	4.459555376184817e-05	0.15114256649334254	3.9071987940362804e-09
TD	Pbre1_03G016400	Pbre1_03G016600	Prupe.6G010100.1	0.0125133	0.297208	0.042102837070334576	Conservation	0.6519241067667687	0.0126117115299226	0.1730462644910532	0.16238971509201022	2.820212024520759e-05
TD	Pbre1_03G017000	Pbre1_03G017200	Prupe.6G010200.1	0.103115	0.223922	0.46049517242611265	Conservation	0.7713882775936423	0.035963997321177756	0.010225293217668381	6.120013493846261e-05	0.1823612317325733
TD	Pbre1_03G017400	Pbre1_03G017600	Prupe.6G010300.1	0.847948	0.532769	1.5915865975685521	Specialization	0.031352088859252294	0.0002494435351698511	0.0008885893963526785	0.0026271979220449638	0.9648826802871802
TD	Pbre1_03G025600	Pbre1_03G025800	Prupe.6G015500.1	0.0924656	0.498033	0.18566159270570423	Subfunctionalization	0.03176212523038726	0.0017769588646412338	0.0026049782821082937	0.9636115971283529	0.00024434049451045744
TD	Pbre1_03G026200	Pbre1_03G026400	Prupe.6G018000.1	0.33696	0.553376	0.6089169027930377	Neofunctionalization(Parent)	0.04411037116394573	0.9547223420092114	0.0002413612785988286	1.1409876990041136e-12	0.0009259255471032915
TD	Pbre1_03G030600	Pbre1_03G030800	Prupe.6G020400.1	0.10612	0.483693	0.21939536028017773	Specialization	4.301995811481591e-08	1.4235419777409275e-10	9.656238723745612e-10	1.7584489348480634e-05	0.9999823713827154
TD	Pbre1_03G067400	Pbre1_03G067600	Prupe.6G038100.1	0.095718	0.447437	0.21392508889519643	Specialization	0.12036359550249821	0.005356976965429594	0.002787003375841607	0.000682715988691586	0.870809708167539
TD	Pbre1_03G074400	Pbre1_03G074600	Prupe.6G040400.1	0.177156	1.50816	0.11746499045194145	Conservation	0.6466287491726935	0.0009556117691987476	0.07692965273057291	0.08206694276403348	0.19341904356350126
TD	Pbre1_03G131400	Pbre1_03G131600	Prupe.6G073400.1	0.933293	0.410461	2.2737677879262583	Conservation	0.9554144301401617	0.0002211600887625331	0.0033553308192659937	0.0409973338809338	1.1745070875995521e-05
TD	Pbre1_03G164200	Pbre1_03G164400	Prupe.6G091600.1	0.550238	0.525842	1.0463941640264565	Subfunctionalization	0.058949036647187765	0.0005916845872092366	0.01187434375631508	0.9285509653558653	3.396965342249008e-05
TD	Pbre1_03G186600	Pbre1_03G186800	Prupe.6G105000.1	0.132081	0.372589	0.35449516759754046	Subfunctionalization	0.021879990654189756	2.0193126411041907e-05	0.0017922390364787726	0.9763069361715045	6.410114159245582e-07
TD	Pbre1_03G283200	Pbre1_03G283400	Prupe.4G251700.1	0.108988	0.419987	0.25950327033932	Conservation	0.9085106574826926	0.0010550607063463592	0.0892893560218949	0.00047643263213688553	0.0006684931569293991
TD	Pbre1_03G292600	Pbre1_03G292800	Prupe.4G244500.1	0.0439891	0.464742	0.09465273205348344	Neofunctionalization(Parent)	1.2525800441988478e-05	0.9998563232634752	4.228116245432554e-09	1.3113036903048706e-05	0.00011803367106361827
TD	Pbre1_03G332000	Pbre1_03G332200	Prupe.4G212200.1	0.0224573	0.243401	0.09226461682573202	Neofunctionalization(Child)	2.3987809855242285e-07	2.076425486189529e-13	0.999998424885607	1.3186513678914412e-06	1.658471894838375e-08
TD	Pbre1_03G354200	Pbre1_03G354400	Prupe.4G201800.1	1.20172	0.470813	2.552435892806698	Neofunctionalization(Parent)	0.012839109345951541	0.9820355858226469	9.985694976286354e-10	0.005123081129830785	2.2227030012320583e-06
TD	Pbre1_03G370200	Pbre1_03G370400	Prupe.4G188200.1	0.101251	0.431232	0.23479472766399523	Specialization	6.184773666203087e-07	2.930912576512664e-08	9.60945456710686e-05	0.1642719916488622	0.8356312660189744
TD	Pbre1_03G370600	Pbre1_03G370800	Prupe.4G188100.1	0.292645	0.384373	0.761356807059809	Neofunctionalization(Parent)	0.12833763330289677	0.5132697921066934	0.0020574272385235743	0.3266375667070488	0.029697580644837317
TD	Pbre1_03G378000	Pbre1_03G378200	Prupe.4G183900.1	0.903965	1.17795	0.7674052379133239	Neofunctionalization(Child)	2.7644338330606083e-08	7.159975364939498e-18	0.9999998716969687	7.687605003118864e-09	9.297108798678317e-08
TD	Pbre1_03G386200	Pbre1_03G386400	Prupe.4G177700.1	0.0280171	0.571031	0.049064061320663856	Conservation	0.9994262165756208	0.0001143223499638984	0.00030186553759419665	0.00013653693195456057	2.105860486659056e-05
TD	Pbre1_03G403800	Pbre1_03G404000	Prupe.4G164900.1	0.12961	0.614669	0.2108614555150821	Neofunctionalization(Parent)	7.282740290388385e-09	0.9999999788458152	7.144426895636373e-18	1.3847992694142078e-08	2.345185681788165e-11
TD	Pbre1_03G416000	Pbre1_03G416200	Prupe.4G155200.1	0.00604566	0.4203	0.014384154175588864	Subfunctionalization	0.07177079868946955	0.010501383584818868	0.016986045344434576	0.5961653587009428	0.3045764136803343
TD	Pbre1_03G420000	Pbre1_03G420200	Prupe.4G151900.1	0.0456912	0.542154	0.08427716110182716	Neofunctionalization(Child)	0.016188745919470574	2.632057373616476e-05	0.9779444917921624	0.000837675683247814	0.005002766031383241
TD	Pbre1_03G435000	Pbre1_03G435200	Prupe.8G239200.1	0.139928	0.625255	0.22379349225515988	Neofunctionalization(Child)	0.00526758308898134	7.891208228322967e-07	0.994411296380124	0.0002882759114344418	3.2055498637435396e-05
TD	Pbre1_03G435400	Pbre1_03G435600	Prupe.8G239300.1	0.061414	0.703526	0.08729457049206427	Subfunctionalization	0.03573922789411688	0.0007838566707196016	0.01449060985975007	0.9462793070034345	0.0027069985719788713
TD	Pbre1_03G445600	Pbre1_03G445800	Prupe.8G245700.1	0.0168432	1.18259	0.014242636924039606	Subfunctionalization	1.2698358695182044e-05	1.955438208436504e-05	0.12713078742043335	0.8707675447582682	0.002069415080518873
TD	Pbre1_03G455800	Pbre1_03G456000	Prupe.8G252300.1	0.117525	0.307347	0.3823853819949439	Subfunctionalization	0.00039046385923246395	5.734376957236436e-07	0.0036315833854306	0.9953803119285961	0.0005970673890450916
TD	Pbre1_03G460600	Pbre1_03G460800	Prupe.8G254800.1	0.0440342	0.631396	0.06974101831497191	Neofunctionalization(Child)	0.00038488609759377207	3.5631536077724467e-09	0.9995415101307675	3.662110796766794e-05	3.6979100517433853e-05
TD	Pbre1_03G463800	Pbre1_03G463600	Prupe.8G256900.1	0.108445	0.312352	0.34718842843970904	Subfunctionalization	0.024331636212556434	1.978401041113996e-05	0.03609996281182669	0.9191769352096586	0.020371681755547204
TD	Pbre1_03G463800	Pbre1_03G464000	Prupe.8G256900.1	0.0458099	0.312352	0.14666113871529557	Neofunctionalization(Child)	0.0001265745078617003	5.178500258396335e-08	0.9981241112940353	0.0013130930914952914	0.00043616932160523537
TD	Pbre1_03G471000	Pbre1_03G471200	Prupe.8G260100.1	0.0589528	0.313205	0.18822432592072283	Neofunctionalization(Child)	6.551211545952439e-06	8.627723130236772e-08	0.9999572890572898	3.607135142666645e-05	2.102506577211697e-09
TD	Pbre1_03G482400	Pbre1_03G482600	Prupe.8G266300.1	0.747231	0.61031	1.2243466435090362	Subfunctionalization	0.007295694288496097	0.011682344145193958	0.06963484873352388	0.897282287988567	0.014104824844219127
TD	Pbre1_04G004600	Pbre1_04G004800	Prupe.1G002800.1	0.14219	0.411936	0.3451749786374583	Specialization	1.798380759138894e-05	3.2331153738592723e-09	0.030723837258550237	0.12125575834879085	0.8480024173519523
TD	Pbre1_04G005000	Pbre1_04G005200	Prupe.1G002900.1	0.318141	0.887774	0.3583580956414583	Neofunctionalization(Child)	0.4100348905517958	0.0010731228846077802	0.5855290668168277	0.0011411765257105123	0.002221743221058002
TD	Pbre1_04G013400	Pbre1_04G013600	Prupe.1G008600.1	0.0521495	0.488977	0.10665021054160012	Conservation	0.9854646316012399	4.392020825469973e-05	0.01421985451841661	0.00027158903063263096	4.641456193944191e-09
TD	Pbre1_04G014400	Pbre1_04G014600	Prupe.1G008900.1	0.0351699	0.499675	0.07038555060789513	Neofunctionalization(Child)	4.4732146811992154e-05	8.544805275003579e-07	0.5440932430513534	0.0009025614697439026	0.45495860885156314
TD	Pbre1_04G023000	Pbre1_04G023200	Prupe.1G163500.1	0.0461407	0.453459	0.10175274942166766	Conservation	0.9211742549035872	0.06917630682087066	3.253320051962824e-05	0.009616313806463161	5.912685593609534e-07
TD	Pbre1_04G023400	Pbre1_04G023600	Prupe.1G164200.1	0.092214	0.193231	0.4772215638277502	Neofunctionalization(Child)	2.8665944512489727e-06	3.207721305376144e-14	0.9999968414389274	2.918899783442348e-07	7.661082746602879e-11
TD	Pbre1_04G035000	Pbre1_04G035200	Prupe.1G172700.1	0.246603	0.306405	0.8048269447300143	Neofunctionalization(Child)	3.902578547371367e-12	2.919041786961842e-16	0.9999994376184133	4.367158469304688e-07	1.2566183680206544e-07
TD	Pbre1_04G051000	Pbre1_04G051200	Prupe.1G181100.1	0.0650266	0.533199	0.12195559256487729	Neofunctionalization(Child)	8.217303877139125e-14	1.276104502396637e-18	0.9999998111122242	4.529856610777702e-08	1.435891273523524e-07
TD	Pbre1_04G056800	Pbre1_04G057000	Prupe.1G186800.1	0.42575	0.320502	1.3283848462724102	Neofunctionalization(Child)	0.0448796529265287	7.1279294081753485e-06	0.9447086279277829	0.010391444598344363	1.31466179359073e-05
TD	Pbre1_04G098000	Pbre1_04G098200	Prupe.5G062200.1	0.0574764	0.360301	0.15952328747352906	Neofunctionalization(Child)	3.6581526815602567e-10	1.1240031906833512e-22	0.9999999993997049	2.334758930444716e-10	1.0037850513927868e-12
TD	Pbre1_04G102800	Pbre1_04G103000	Prupe.5G064700.1	0.0740611	0.349101	0.2121480603034652	Neofunctionalization(Child)	0.003142861316958809	4.959027354958671e-16	0.9968385108556849	6.596488165488373e-06	1.2031339190279602e-05
TD	Pbre1_04G180200	Pbre1_04G180400	Prupe.6G243000.1	0.239818	0.973125	0.24644110468850353	Conservation	0.997461814040932	5.271714022925427e-08	6.888014729377068e-08	0.000145612545730075	0.0023924518160503617
TD	Pbre1_04G206800	Pbre1_04G207000	Prupe.6G254700.1	0.423025	0.385987	1.095956599574597	Neofunctionalization(Child)	0.055077629472355616	0.03219871549590783	0.8903452007628946	0.02166105313053179	0.000717401138310027
TD	Pbre1_04G207200	Pbre1_04G207400	Prupe.6G255100.1	0.137286	1.22391	0.11217001250091917	Neofunctionalization(Child)	3.793959807235999e-05	6.1737558675641775e-06	0.9992058217150019	0.000682155017861503	6.79099131963548e-05
TD	Pbre1_04G231200	Pbre1_04G231400	Prupe.6G267700.1	0.345435	0.671498	0.5144244658956542	Neofunctionalization(Parent)	4.8682237843351194e-05	0.9988168249141396	1.4713711392310538e-12	0.001134446141921475	4.670462424086136e-08
TD	Pbre1_04G232200	Pbre1_04G232400	Prupe.6G267800.1	1.79852	1.11662	1.6106822374666403	Neofunctionalization(Parent)	0.01913488130410791	0.6486365970365237	5.435635273129376e-05	0.3255869781376139	0.006587187169023304
TD	Pbre1_04G235000	Pbre1_04G235200	Prupe.6G269300.1	0.454344	0.529117	0.8586834291848496	Neofunctionalization(Child)	3.386396811434335e-09	0.0002539813627631039	0.9939256968439322	0.001972003253252859	0.0038483151536550823
TD	Pbre1_04G243000	Pbre1_04G243200	Prupe.6G274400.1	0.649798	0.462847	1.4039153327125378	Neofunctionalization(Child)	2.563021137866609e-09	6.357784308407034e-11	0.9999371614470769	1.4018163181267147e-05	4.881776314267631e-05
TD	Pbre1_04G247800	Pbre1_04G248000	Prupe.6G277200.1	0.231626	0.672373	0.3444903349777579	Subfunctionalization	2.218188173554717e-14	8.842694147568441e-17	1.6369546687202516e-08	0.999980523786238	1.945984419295866e-05
TD	Pbre1_04G259800	Pbre1_04G260000	Prupe.6G282800.1	0.179632	0.752166	0.2388196222642342	Neofunctionalization(Child)	0.015099587566858069	1.5583622028882995e-09	0.9847070037573661	4.047938274312203e-05	0.00015292773467054385
TD	Pbre1_04G260600	Pbre1_04G260800	Prupe.6G283100.1	1.49457	0.441155	3.3878568757012837	Subfunctionalization	0.11542816559211125	0.000398956961784059	0.010013462009120098	0.8734001821433367	0.0007592332936479583
TD	Pbre1_04G298000	Pbre1_04G298200	Prupe.6G303000.1	0.287988	0.596732	0.4826086082194352	Neofunctionalization(Parent)	9.429210646424164e-05	0.9990576987384285	1.010829438648477e-09	0.000845847149966454	2.160994311204537e-06
TD	Pbre1_04G299600	Pbre1_04G299800	Prupe.6G303600.1	0.0899729	0.521422	0.17255294176310165	Neofunctionalization(Child)	0.23049894175615773	4.930618224437406e-07	0.7693419295322761	4.476232070914133e-05	0.00011387332903467816
TD	Pbre1_04G329800	Pbre1_04G330000	Prupe.6G320300.1	0.399105	0.563041	0.7088382551181885	Neofunctionalization(Child)	0.0024297909961886865	6.222376906383835e-07	0.9972254347725988	7.601656041083386e-06	0.0003365503374808013
TD	Pbre1_04G348000	Pbre1_04G348200	Prupe.6G329600.1	0.0564204	0.806658	0.06994339608607365	Specialization	1.1885932322862446e-05	8.338949359445568e-08	0.3280620837491786	0.0009676178101661224	0.6709583291188388
TD	Pbre1_04G370400	Pbre1_04G370600	Prupe.6G341400.1	0.374054	1.25158	0.2988654340913086	Conservation	0.9029896040935506	0.015165766830429665	0.06024684083395911	0.021597787985005196	2.570555013573841e-10
TD	Pbre1_04G403400	Pbre1_04G403600	Prupe.6G359500.1	0.0877445	0.504614	0.17388439480474185	Conservation	0.54722499099735	0.006132643002638459	0.006506985434768388	0.014565217743362193	0.4255701628218809
TD	Pbre1_05G032800	Pbre1_05G033000	Prupe.8G026200.1	0.423678	0.36219	1.1697672492338276	Conservation	0.9835884357880367	0.0034844662508358663	0.0001631848148366748	0.012527174845250212	0.00023673830104035484
TD	Pbre1_05G041800	Pbre1_05G042000	Prupe.8G032800.1	2.07569	0.610525	3.399844396216371	Conservation	0.9833488372187098	0.00014620294003988516	0.01616935745153846	0.00030587651969934867	2.9725870012520666e-05
TD	Pbre1_05G063800	Pbre1_05G064000	Prupe.8G051900.1	0.0706283	0.348613	0.2025980098275165	Conservation	0.7448562694852916	0.0008447106536273499	6.346945407381208e-06	0.24004171042874076	0.014250962486932865
TD	Pbre1_05G073200	Pbre1_05G073400	Prupe.8G062700.1	0.0907742	0.883265	0.102771195507577	Conservation	0.6152142241867113	0.012446948041066417	0.06379418891741871	0.30334479933683905	0.0051998395179643315
TD	Pbre1_05G098000	Pbre1_05G098200	Prupe.8G086600.1	0.882213	0.536828	1.6433811202098252	Subfunctionalization	0.004435685451077455	1.4613199466400845e-05	0.001101990196448083	0.9944476953745337	1.57784745742202e-08
TD	Pbre1_05G099800	Pbre1_05G100000	Prupe.8G087100.1	1.25537	0.894741	1.4030540681605068	Conservation	0.9499630200185918	4.809973232280252e-06	0.033572043330507326	0.016453920903105212	6.205774563313189e-06
TD	Pbre1_05G126200	Pbre1_05G126400	Prupe.8G104400.1	0.0362982	0.225095	0.16125724694018084	Specialization	0.27031662181933996	0.06663738961020177	0.0038733671975469328	7.165001644315918e-08	0.6591725497228949
TD	Pbre1_05G185400	Pbre1_05G185600	Prupe.8G144800.1	0.00484361	0.606218	0.007989881527767239	Subfunctionalization	0.00394714186382278	4.8178327394751085e-06	1.9222311822172943e-06	0.9960455992470363	5.188252193682661e-07
TD	Pbre1_05G200800	Pbre1_05G201000	Prupe.8G155300.1	0.697628	0.896099	0.778516659431603	Subfunctionalization	0.3446096144598283	0.008086964993073126	0.0017448594272749878	0.6450607806445051	0.0004977804753185485
TD	Pbre1_05G221800	Pbre1_05G222000	Prupe.8G166800.1	0.975999	0.465095	2.098493856093916	Subfunctionalization	0.028388080761610097	6.901147485120703e-05	0.00023676406277762442	0.9709930465892233	0.00031309711153785634
TD	Pbre1_05G231000	Pbre1_05G231200	Prupe.8G171000.1	0.314383	1.29103	0.24351331882295535	Specialization	2.656436580649041e-07	1.5944723613349474e-09	3.4286235446469176e-09	8.405122482030519e-08	0.9999996452820211
TD	Pbre1_05G248200	Pbre1_05G248400	Prupe.8G179600.1	0.391158	0.298582	1.3100521799706613	Subfunctionalization	2.579688405938209e-09	8.938934637209405e-15	7.660412118663378e-11	0.99999999734367	2.8684609812882926e-14
TD	Pbre1_05G327000	Pbre1_05G327200	Prupe.8G215500.1	0.0570718	0.429897	0.13275691619155286	Subfunctionalization	1.7359337725746868e-05	3.295261801653861e-08	2.9062907226184235e-06	0.9999796869708384	1.4448095304059937e-08
TD	Pbre1_05G371000	Pbre1_05G371200	Prupe.4G142400.1	0.0702637	0.388434	0.18088967495121436	Subfunctionalization	0.010768311098507621	2.7807313131925762e-06	6.490392894826739e-05	0.9891635726411138	4.3160011709346154e-07
TD	Pbre1_05G389200	Pbre1_05G389400	Prupe.4G131400.1	2.60638	0.819488	3.1804980670857903	Specialization	0.2115856714471042	5.189956229487137e-06	0.00014964916374390772	3.406992057864238e-06	0.7882560824408645
TD	Pbre1_05G416800	Pbre1_05G417000	Prupe.4G113400.1	0.0769985	0.530118	0.1452478504785727	Conservation	0.9999999397214304	1.8963929345761763e-14	4.268491871757986e-08	1.6471527259971986e-08	1.122104496526791e-09
TD	Pbre1_05G420200	Pbre1_05G420400	Prupe.4G111700.1	0.148128	0.407966	0.36308908095282455	Conservation	0.8399585494332884	1.1165457929809524e-06	0.16004004049058684	2.9200877717924317e-07	1.5215544206795638e-09
TD	Pbre1_05G422200	Pbre1_05G422400	Prupe.4G110500.1	0.0336998	0.76689	0.04394345994862367	Subfunctionalization	7.842247539258336e-30	4.191560633132139e-38	1.102300648945885e-31	1.0	1.1183027444682459e-26
TD	Pbre1_05G435000	Pbre1_05G435200	Prupe.4G103000.1	0.0232601	0.560723	0.04148233619808711	Conservation	0.9964445764921074	0.000666758328072123	0.0009760032132531115	0.0005780974798668783	0.0013345644867003203
TD	Pbre1_05G440000	Pbre1_05G440200	Prupe.4G101600.1	0.190808	0.499453	0.38203394513597877	Conservation	0.997985346919843	0.0020087233747213104	2.606396720891949e-06	3.0814109654255266e-06	2.4189774948817913e-07
TD	Pbre1_05G448800	Pbre1_05G449000	Prupe.4G095700.1	2.64988	0.261667	10.126917035774477	Conservation	0.9945300205251016	6.396864627364294e-07	0.0054672279328047925	2.1118556286270543e-06	2.108413137695953e-15
TD	Pbre1_05G470400	Pbre1_05G470600	Prupe.4G082500.1	0.24963	0.349491	0.7142673201885027	Subfunctionalization	0.0002579220507148998	4.292257146190853e-05	3.7513798070341326e-07	0.9989505037748093	0.0007482764650331859
TD	Pbre1_05G473800	Pbre1_05G474000	Prupe.4G080300.1	3.38635	0.559175	6.055975320785086	Conservation	0.9999008809838132	3.4225280129957105e-05	7.280105340537546e-06	5.760019369035616e-05	1.3437026014326282e-08
TD	Pbre1_05G480200	Pbre1_05G480400	Prupe.4G077200.1	1.30441	0.683804	1.9075787798842945	Conservation	0.9825005428570225	4.161198999382343e-05	0.0009557938200983959	2.7962863688666716e-05	0.016474088469196874
TD	Pbre1_05G487400	Pbre1_05G487600	Prupe.4G072700.1	0.0307771	0.324582	0.09482072326869637	Conservation	0.9999229010130027	2.474758812784131e-07	2.7094435327118454e-05	4.131664668651474e-05	8.440429102432068e-06
TD	Pbre1_05G488400	Pbre1_05G488600	Prupe.4G072300.1	0.399359	0.440001	0.9076320281090271	Conservation	0.9403595503065822	0.031106546171933414	0.0010889906127462482	0.023700724936331793	0.0037441879724063203
TD	Pbre1_05G513400	Pbre1_05G513600	Prupe.4G054800.1	0.114493	0.597751	0.1915396210127628	Conservation	0.6468598367564676	5.196911220409607e-07	0.011369483973882953	0.33268412742783676	0.009086032150690579
TD	Pbre1_05G515000	Pbre1_05G515200	Prupe.4G054200.1	0.0651083	0.635422	0.10246466128022005	Neofunctionalization(Child)	0.3457626506141863	1.015759622233707e-06	0.4466656933821802	0.2072683298363716	0.0003023104076396373
TD	Pbre1_05G536000	Pbre1_05G536200	Prupe.4G041000.1	0.0784302	0.494326	0.15866088370832204	Conservation	0.9474355568931931	0.012375123487576424	0.0011707717985562217	0.00027027087862652253	0.03874827694204758
TD	Pbre1_05G557000	Pbre1_05G557200	Prupe.4G029700.1	0.0744216	0.426281	0.17458343205538132	Conservation	0.6991621793388608	0.043242438090368436	0.004887101555107523	1.4399762853836515e-06	0.2527068410393778
TD	Pbre1_06G029600	Pbre1_06G029800	Prupe.5G019100.1	0.0198867	0.342903	0.05799511815294704	Subfunctionalization	1.4778166955123163e-05	2.1168775496132562e-08	1.2166974446844935e-08	0.9999851884971316	1.6345774277062899e-13
TD	Pbre1_06G041600	Pbre1_06G041800	Prupe.5G029900.1	0.0965185	0.291578	0.3310212018739411	Subfunctionalization	0.000810943905907186	3.8518909837239537e-07	9.819197112843764e-07	0.9991876889846123	6.70601280643593e-13
TD	Pbre1_06G042400	Pbre1_06G042600	Prupe.5G029600.1	0.150705	0.553899	0.27208028900575737	Subfunctionalization	0.0001956070482205707	1.3176209349744818e-06	0.0008023428890745329	0.9988945428274859	0.0001061896142838503
TD	Pbre1_06G050000	Pbre1_06G050200	Prupe.5G041400.1	0.0920366	0.374792	0.2455671412410083	Subfunctionalization	0.17373764602752545	0.004240731795953384	0.03215627851207314	0.7893987076334982	0.0004666360309498946
TD	Pbre1_06G054000	Pbre1_06G054200	Prupe.5G038300.1	0.0922855	0.378828	0.24360791704942614	Subfunctionalization	0.001163430024293867	1.9141881464927633e-06	0.011085546747228704	0.9877488399498079	2.690905231404093e-07
TD	Pbre1_06G056400	Pbre1_06G056600	Prupe.5G036500.1	0.109316	0.241074	0.453454126118951	Subfunctionalization	0.0008657838976507663	1.663093476496723e-06	0.015211837918744718	0.9837537975395992	0.00016691755052887462
TD	Pbre1_06G077400	Pbre1_06G077600	Prupe.5G053500.1	0.749383	0.669461	1.119382607799409	Conservation	0.9999895073448218	3.6624943064792672e-09	8.909614683993498e-06	1.5525073726892125e-06	2.6870627161363148e-08
TD	Pbre1_06G105000	Pbre1_06G105200	Prupe.5G072700.1	2.91052	2.96407	0.9819336250493409	Conservation	0.9721104011091617	0.0011074241161645579	0.02465168647370223	0.0021298038619390544	6.844390324370062e-07
TD	Pbre1_06G115600	Pbre1_06G115800	Prupe.5G077600.1	0.165895	0.562934	0.2946970692834328	Subfunctionalization	2.784445772876966e-19	3.582159191893484e-24	4.189956348612878e-20	1.0	2.532167967908151e-18
TD	Pbre1_06G141400	Pbre1_06G141600	Prupe.5G096000.1	0.732863	0.550588	1.3310551628440868	Specialization	0.003391086935082075	1.659273926392497e-06	0.0005086164788406395	0.0004370632560786503	0.9956615740560721
TD	Pbre1_06G177400	Pbre1_06G177600	Prupe.5G112700.1	0.97357	0.827357	1.176722986570489	Neofunctionalization(Parent)	5.011076795811645e-08	0.858793553439962	1.480891490334155e-11	6.426207969587459e-05	0.14114213435476528
TD	Pbre1_06G180800	Pbre1_06G181000	Prupe.5G114500.1	0.616178	2.50482	0.24599691794220743	Neofunctionalization(Parent)	0.10006320366445806	0.8075549436687292	7.517841124255821e-05	0.09072196841782504	0.001584705837745021
TD	Pbre1_06G182200	Pbre1_06G182400	Prupe.5G115000.1	0.489313	0.404684	1.2091236619189294	Conservation	0.9999993899645798	7.2404809409496714e-09	1.3618869297287783e-12	6.022523503980856e-07	5.412272840005065e-10
TD	Pbre1_06G186800	Pbre1_06G187000	Prupe.5G116400.1	0.11848	0.354407	0.3343049093274117	Neofunctionalization(Parent)	0.00313534706765072	0.838141125025526	1.4000752286233572e-06	0.139556810870113	0.019165316961481594
TD	Pbre1_06G206400	Pbre1_06G206600	Prupe.5G128000.1	0.0131434	0.420132	0.03128397741662144	Neofunctionalization(Child)	1.0195830524876156e-07	4.4902130613965365e-12	0.9999965796716346	1.9763649156417547e-06	1.3420006544150036e-06
TD	Pbre1_06G216000	Pbre1_06G216200	Prupe.5G133000.1	0.860854	0.61649	1.3963795033171666	Conservation	0.9021803582530561	0.008458187918163752	0.0006274616995110775	0.08862800410555409	0.0001059880237148536
TD	Pbre1_06G216400	Pbre1_06G216600	Prupe.5G133100.1	0.169261	1.47206	0.11498240560846705	Subfunctionalization	0.0001417635311008842	0.008056412479043516	4.207588857090789e-09	0.9918018197417678	4.0498945458206827e-11
TD	Pbre1_06G217600	Pbre1_06G217800	Prupe.5G134100.1	0.583142	0.586129	0.9949038522236573	Conservation	0.5367179193551999	5.532480876848868e-05	0.0008254320430356132	0.21477209463580632	0.24762922915718985
TD	Pbre1_06G222400	Pbre1_06G222600	Prupe.5G136500.1	0.138975	0.392006	0.3545226348576297	Neofunctionalization(Child)	0.23240029000774903	3.2403401619552576e-09	0.7675662917473338	2.9393761309080465e-05	4.021243268050591e-06
TD	Pbre1_06G227800	Pbre1_06G228000	Prupe.5G139900.1	0.744889	0.531344	1.4018959468818692	Subfunctionalization	0.015531103545205755	0.15224182283984894	0.0708503386113054	0.7594041808831565	0.001972554120483388
TD	Pbre1_06G233000	Pbre1_06G233200	Prupe.5G142600.1	0.437974	0.434915	1.0070335582815033	Neofunctionalization(Child)	0.21157177080357434	0.045178606385678104	0.7430074290291796	0.0002421666432414426	2.7138326684112045e-08
TD	Pbre1_06G253800	Pbre1_06G254000	Prupe.5G153100.1	0.0926192	0.350069	0.2645741268149993	Neofunctionalization(Parent)	0.189528929973499	0.8104538404681735	3.944000045575003e-12	9.335408806377155e-06	7.894145577187833e-06
TD	Pbre1_06G307800	Pbre1_06G308000	Prupe.5G181000.1	0.695982	1.14465	0.6080304023063818	Neofunctionalization(Child)	0.00010367242857154222	8.840142292340436e-09	0.997939993259762	0.001942196267542394	1.4129203981902781e-05
TD	Pbre1_06G313600	Pbre1_06G313800	Prupe.5G184000.1	0.0504999	0.465308	0.10853004891383772	Neofunctionalization(Child)	2.210858389919779e-06	1.1647315227931524e-10	0.8803900305501626	0.09995432528495911	0.019653433190015186
TD	Pbre1_06G314400	Pbre1_06G314600	Prupe.5G184300.1	2.257	0.608744	3.707634079350269	Subfunctionalization	4.548686851585245e-18	4.279627105130387e-09	5.125329115998304e-06	0.9855653243307413	0.01442954606051567
TD	Pbre1_06G326400	Pbre1_06G326600	Prupe.5G191500.1	0.821133	0.503616	1.63047440907358	Neofunctionalization(Parent)	0.0005082353179779132	0.9992192698141267	3.9394954367387155e-10	9.882666126953493e-05	0.0001736678126762663
TD	Pbre1_06G334800	Pbre1_06G335000	Prupe.5G196100.1	0.124148	0.803649	0.15448037638322204	Neofunctionalization(Child)	7.619838827546808e-05	1.2685474893705344e-06	0.9996832162598572	0.00022429291411674612	1.50238902612405e-05
TD	Pbre1_06G353800	Pbre1_06G354000	Prupe.5G208400.1	0.0289356	0.309857	0.09338372216861326	Neofunctionalization(Child)	8.433633589496566e-08	5.98100710062118e-09	0.9720630749042897	0.02793683328326625	1.4951009200607859e-09
TD	Pbre1_06G360400	Pbre1_06G360600	Prupe.5G212000.1	0.0498293	0.403447	0.12350891195126001	Subfunctionalization	1.8403427245218332e-06	8.483808090832707e-06	1.6335138221803203e-05	0.9999733407109629	6.893961837208538e-18
TD	Pbre1_06G371400	Pbre1_06G371600	Prupe.5G219700.1	1.04075	0.796276	1.3070216859480885	Neofunctionalization(Child)	5.2177617835289136e-11	2.500578792754305e-22	0.9999991142541212	4.0852498261201987e-07	4.77168718582423e-07
TD	Pbre1_06G381400	Pbre1_06G381600	Prupe.5G223900.1	3.76146	0.517658	7.266303234954353	Neofunctionalization(Child)	1.5762897062100091e-27	3.9022091569317894e-47	0.9996740259525198	2.5405522207435897e-06	0.00032343349525955676
TD	Pbre1_06G409000	Pbre1_06G409200	Prupe.5G240800.1	0.0892999	0.342681	0.26059192076596016	Specialization	8.023109021474934e-05	3.5627434887587384e-05	0.0005250514503271562	3.377120423234432e-05	0.9993253188203381
TD	Pbre1_06G411200	Pbre1_06G411400	Prupe.5G241800.1	0.845582	0.913545	0.9256051973356538	Neofunctionalization(Child)	0.0013536327390594768	5.133156174234112e-06	0.9578183289372078	4.032481227405835e-05	0.04078258035528456
TD	Pbre1_07G007200	Pbre1_07G007400	Prupe.2G005300.1	0.999298	0.5024	1.989048566878981	Conservation	0.919219058801875	0.00014520844107924563	5.412914138110817e-06	0.0806230237642247	7.296078682646704e-06
TD	Pbre1_07G029400	Pbre1_07G029600	Prupe.2G023200.1	0.0767283	0.467776	0.16402786803940347	Conservation	0.4774469884034383	0.0005090601014433656	0.11997932421477076	0.40157952729836943	0.0004850999819780385
TD	Pbre1_07G040000	Pbre1_07G040200	Prupe.2G029900.1	0.0611735	0.356691	0.1715027853239919	Neofunctionalization(Child)	2.676522236260841e-13	5.303314205567235e-22	0.9999999992012583	3.2041885684304824e-10	4.780554726766455e-10
TD	Pbre1_07G068400	Pbre1_07G068600	Prupe.2G052500.1	0.321662	0.344143	0.9346754110936443	Specialization	0.0008796236801481703	2.7681750935455943e-08	2.2583470165116452e-05	0.0034436624552557364	0.9956541027126801
TD	Pbre1_07G080600	Pbre1_07G080800	Prupe.2G064600.1	1.17729	0.856564	1.3744332005547746	Neofunctionalization(Child)	0.4233530830592328	2.7437225845079724e-05	0.5495555660383566	0.02706154814380416	2.365532761242919e-06
TD	Pbre1_07G082600	Pbre1_07G082800	Prupe.2G067300.1	0.0496966	0.489025	0.10162384336179132	Neofunctionalization(Child)	5.707335650360853e-09	2.234909200345338e-15	0.9999994745770199	4.984896900105253e-07	2.12259523311016e-08
TD	Pbre1_07G091200	Pbre1_07G091400	Prupe.2G079000.1	0.105146	0.443891	0.23687346668438874	Neofunctionalization(Child)	3.639704605028398e-08	1.527203909170181e-17	0.9997650883007208	0.000229740368977027	5.134933256059877e-06
TD	Pbre1_07G095600	Pbre1_07G095800	Prupe.2G084900.1	0.0811658	0.668947	0.12133367815387468	Subfunctionalization	0.3905251435138221	5.434993930290471e-09	0.0004708257792912243	0.6088749980989145	0.00012902717297810307
TD	Pbre1_07G105400	Pbre1_07G105600	Prupe.2G090300.1	0.101972	3.07914	0.03311703917327565	Neofunctionalization(Parent)	4.306253226284082e-06	0.9999686337674321	3.771062486369412e-08	2.4070999690898156e-05	2.9512690259371918e-06
TD	Pbre1_07G114800	Pbre1_07G115000	Prupe.2G097200.1	0.256928	0.837264	0.3068661736322116	Neofunctionalization(Parent)	1.8121692635570732e-06	0.9999629865493761	1.137116397033144e-08	2.113425980547126e-05	1.4055650390942072e-05
TD	Pbre1_07G116800	Pbre1_07G117000	Prupe.2G098600.1	0.461096	0.583563	0.7901391966248716	Neofunctionalization(Parent)	0.00011623537539115555	0.9998225119879155	6.018167560631261e-12	6.050523034829382e-05	7.474003268779265e-07
TD	Pbre1_07G118600	Pbre1_07G118800	Prupe.2G099900.1	0.630623	0.883137	0.714071542693829	Neofunctionalization(Parent)	3.722864679115808e-06	0.9939158537796934	1.60236461439068e-17	0.0060804180951163625	5.260511107088686e-09
TD	Pbre1_07G146600	Pbre1_07G146800	Prupe.2G119500.1	0.484637	0.327845	1.47825039271607	Neofunctionalization(Child)	1.6404397709958484e-06	3.349699798352524e-06	0.9553869394287805	0.00761980852472769	0.03698826190692249
TD	Pbre1_07G243200	Pbre1_07G243400	Prupe.2G182700.1	0.0930901	0.421912	0.22063866398680293	Specialization	3.412756082799078e-09	1.3275017415672638e-09	0.011313378187760677	0.12924345020608644	0.8594431668658951
TD	Pbre1_07G254600	Pbre1_07G254800	Prupe.2G188300.1	0.324025	0.399318	0.8114460154563531	Neofunctionalization(Parent)	0.010228033183159678	0.9859646461550394	2.0692078145219974e-07	0.00039439421198396484	0.003412719529035233
TD	Pbre1_07G267600	Pbre1_07G267800	Prupe.2G195600.1	0.0323009	0.261724	0.12341588849322187	Subfunctionalization	5.10910512073193e-06	2.3729167561692379e-07	0.015329449733584832	0.949468197141181	0.035197006728437626
TD	Pbre1_07G269400	Pbre1_07G269600	Prupe.2G196400.1	0.456381	0.502826	0.9076320635766647	Neofunctionalization(Parent)	0.0011101477618255047	0.996845358821335	7.424725721240334e-08	0.0020291792024281895	1.523996715419684e-05
TD	Pbre1_07G295800	Pbre1_07G296000	Prupe.2G212800.1	0.0154769	0.30764	0.05030847744116499	Neofunctionalization(Child)	0.002944464282312075	0.000154662521113168	0.9897903720842908	0.007109725306079493	7.758062046384602e-07
TD	Pbre1_07G325800	Pbre1_07G326000	Prupe.2G230500.1	0.0895631	0.280901	0.3188422255527748	Neofunctionalization(Child)	0.00034330575215134123	6.2660189765361095e-09	0.9995966647124644	5.117037440935314e-06	5.490623192423001e-05
TD	Pbre1_07G330200	Pbre1_07G330400	Prupe.2G233100.1	1.86036	1.27853	1.4550773153543524	Neofunctionalization(Child)	9.3821122528453e-08	4.17001090733706e-12	0.9519769331231094	0.003120672175627255	0.044902300875970705
TD	Pbre1_07G344400	Pbre1_07G344600	Prupe.2G241500.1	0.248326	0.508747	0.4881129520174075	Conservation	0.9475887799677772	9.88259145956183e-07	0.052398531546012685	1.1479018241535789e-05	2.212088226793517e-07
TD	Pbre1_07G373400	Pbre1_07G373600	Prupe.2G257400.1	0.283352	0.540452	0.5242870782234129	Conservation	0.8532085052525701	0.014960942741534231	0.12061087306607456	0.0112178987056489	1.7802341723161538e-06
TD	Pbre1_07G395800	Pbre1_07G396000	Prupe.2G270400.1	0.0975417	0.717078	0.13602662471864985	Neofunctionalization(Parent)	0.10673221324485406	0.4822598637193909	0.035744303281367934	0.32082592992867204	0.05443768982571496
TD	Pbre1_07G403400	Pbre1_07G403600	Prupe.2G274900.1	0.106422	0.320257	0.3323018700606076	Specialization	0.0283022526713704	0.00525028936585559	0.026977355804712777	0.004325212140906108	0.9351448900171551
TD	Pbre1_07G404200	Pbre1_07G404400	Prupe.2G275300.1	0.227912	0.451586	0.5046923509586214	Subfunctionalization	0.22741199602270903	0.005145656742568281	0.02906861460257931	0.7383693499746674	4.382657476054198e-06
TD	Pbre1_07G412200	Pbre1_07G412400	Prupe.2G279700.1	0.311104	0.503569	0.617798156757068	Conservation	0.551252821036214	0.0013399205071264744	0.4322027260060134	1.9122607556574246e-06	0.015202620189890416
TD	Pbre1_07G427600	Pbre1_07G427800	Prupe.2G288800.1	0.578055	1.64213	0.352015370281281	Conservation	0.9704540257513219	0.007741015087401164	0.018549391710998394	0.001105416887105881	0.002150150563172705
TD	Pbre1_07G446400	Pbre1_07G446600	Prupe.2G298000.1	0.142283	0.704806	0.2018754096872047	Conservation	0.9980144831438534	0.0011928417212294506	0.0005682617949215412	0.00022364987524767997	7.634647478345744e-07
TD	Pbre1_07G478800	Pbre1_07G479000	Prupe.2G313800.1	0.0773211	0.594799	0.12999534296459814	Subfunctionalization	0.08427577327280023	0.004185543053521921	0.003977449324571003	0.9074733059609171	8.792838818958442e-05
TD	Pbre1_07G481400	Pbre1_07G481600	Prupe.2G314900.1	0.69629	1.19624	0.5820654718116766	Subfunctionalization	0.006372840636996416	4.7058678751376436e-05	3.834736622499281e-06	0.9935122263731428	6.403957448687143e-05
TD	Pbre1_07G492800	Pbre1_07G493000	Prupe.2G319900.1	0.304839	0.235591	1.2939331298733825	Subfunctionalization	0.15575394852167482	0.026005926070104494	0.02518765631158943	0.7814125317345638	0.011639937362067457
TD	Pbre1_07G494400	Pbre1_07G494600	Prupe.2G320700.1	0.140304	0.415535	0.3376466482967741	Conservation	0.9559844737203722	0.016783241009743752	0.004364189328685921	0.021185705676526206	0.0016823902646720427
TD	Pbre1_07G496000	Pbre1_07G496200	Prupe.2G321700.1	0.212488	1.03259	0.20578157836120825	Subfunctionalization	0.008304698239530622	9.919876494313026e-05	3.1510392555699415e-05	0.991160956627639	0.0004036359753316073
TD	Pbre1_08G012800	Pbre1_08G013000	Prupe.1G358700.1	0.110365	0.499405	0.22099298164816134	Subfunctionalization	2.2315959459757076e-11	1.156445341793124e-16	2.0026189931929388e-13	0.999999999941865	3.56185760949472e-11
TD	Pbre1_08G030200	Pbre1_08G030400	Prupe.1G369300.1	0.318076	0.547962	0.5804709085666525	Subfunctionalization	0.020091815272592975	4.548840695290431e-05	0.003427579972985891	0.6140750286625959	0.3623600876848723
TD	Pbre1_08G050800	Pbre1_08G051000	Prupe.1G377300.1	0.121697	0.4921	0.24730136151188783	Subfunctionalization	0.008879199762900575	6.594070177027249e-05	0.0007496411122698602	0.990296783783025	8.434640034475991e-06
TD	Pbre1_08G058000	Pbre1_08G058200	Prupe.1G381900.1	0.415066	0.509936	0.8139570455900349	Subfunctionalization	0.0012466327524282763	1.013777473255051e-05	0.0002684889220769381	0.9984731059385518	1.6346122105553932e-06
TD	Pbre1_08G070400	Pbre1_08G070600	Prupe.1G388500.1	0.10876	0.383272	0.28376714187313445	Specialization	0.08626842698848426	0.0016060385820842623	0.0010763235247448445	0.0015815022513737968	0.9094677086533128
TD	Pbre1_08G072200	Pbre1_08G072400	Prupe.1G389200.1	0.26348	0.558521	0.47174591465674515	Conservation	0.6547253877172584	0.0016687473721520476	0.33663162526195145	0.0004746179006312873	0.006499621748006652
TD	Pbre1_08G094000	Pbre1_08G094200	Prupe.1G393900.1	0.117832	0.480832	0.24505856515373356	Conservation	0.8305186691284099	0.000867975670213911	0.13872173852399985	0.029684658442122477	0.00020695823525393906
TD	Pbre1_08G109000	Pbre1_08G109200	Prupe.1G409200.1	0.358305	0.453679	0.7897764719107563	Conservation	0.8232354143582866	0.04865237568254212	0.12778308913841896	0.00013121472033663232	0.00019790610041583832
TD	Pbre1_08G112200	Pbre1_08G112400	Prupe.1G407900.1	0.112322	0.320151	0.3508406970460814	Conservation	0.9999930362673981	4.710170099209004e-06	2.0443823024668293e-06	1.0541016257102008e-07	1.037700374758056e-07
TD	Pbre1_08G116200	Pbre1_08G116400	Prupe.1G406700.1	0.74619	1.14576	0.6512620444072058	Conservation	0.9999999452652187	5.171031115681809e-08	1.7157769337552164e-09	1.3086147601105647e-09	7.841235778469253e-14
TD	Pbre1_08G139200	Pbre1_08G139400	Prupe.1G423100.1	0.0271102	0.960265	0.02823199845875878	Specialization	0.0010267012006959894	0.0003193388951792408	6.049963873461794e-05	8.460835402617334e-07	0.9985926141818499
TD	Pbre1_08G139800	Pbre1_08G140000	Prupe.1G423400.1	0.156923	0.907727	0.17287466385818645	Neofunctionalization(Parent)	0.07416864942224073	0.9033090046218617	0.01889354591626737	1.1087656899670153e-05	0.0036177123827305442
TD	Pbre1_08G145400	Pbre1_08G145600	Prupe.1G426600.1	0.317765	0.748689	0.42442856780318666	Conservation	0.7767877032587625	0.00036545790433584646	0.1943648684834438	0.02757892263417428	0.0009030477192836596
TD	Pbre1_08G150000	Pbre1_08G150200	Prupe.1G429100.1	0.141489	0.469943	0.30107693911814837	Subfunctionalization	3.7384405568777265e-10	1.419640460851374e-09	2.9265865518552986e-12	0.999999998203589	6.478664545418165e-17
TD	Pbre1_08G165400	Pbre1_08G165600	Prupe.1G436200.1	0.40484	0.596589	0.6785911238725487	Subfunctionalization	0.08431240122448432	1.2277575550427987e-05	0.0021316868869835	0.9135421950891147	1.4392238668691785e-06
TD	Pbre1_08G188400	Pbre1_08G188600	Prupe.7G221700.1	0.143618	3.11907	0.04604513524864783	Conservation	0.9906268201625851	0.004446952036972746	0.0004837628911156493	0.004405205281786351	3.7259627540030875e-05
TD	Pbre1_08G198200	Pbre1_08G198400	Prupe.1G452000.1	0.529034	0.3217	1.6444948709978242	Neofunctionalization(Child)	0.30271849093440767	0.0003157778687586723	0.562969796461481	2.7752913745817826e-06	0.133993159443978
TD	Pbre1_08G219800	Pbre1_08G220000	Prupe.1G463400.1	1.36581	1.35486	1.0080820158540367	Conservation	0.7237545873978749	0.2748597843800865	0.00033639561462154823	0.0010480338108085725	1.198796608505667e-06
TD	Pbre1_08G232600	Pbre1_08G232800	Prupe.1G469000.1	0.256976	0.536331	0.4791369508754854	Conservation	0.6089185992875089	0.3047763569751494	0.035296089561817935	4.88345693895481e-06	0.051004070718584676
TD	Pbre1_08G287000	Pbre1_08G287200	Prupe.1G504600.1	0.260969	1.15771	0.2254182826441855	Conservation	0.6640441481874393	0.020181818072262367	0.2521277490881945	0.06077694039101715	0.0028693442610866543
TD	Pbre1_08G289800	Pbre1_08G290000	Prupe.1G506300.1	0.0761938	0.681514	0.11180078472342463	Conservation	0.9885801102567887	0.00725926715870155	0.00042397514661338646	0.003729736687049453	6.9107508469604724e-06
TD	Pbre1_08G301600	Pbre1_08G301800	Prupe.1G512300.1	0.0346212	0.378073	0.09157279149793822	Subfunctionalization	0.004057375704465244	7.14099281780571e-06	2.718774862067727e-06	0.9959327354174369	2.911041779269874e-08
TD	Pbre1_08G320000	Pbre1_08G320200	Prupe.1G523700.1	0.0534218	0.376371	0.1419392036049536	Subfunctionalization	0.004039106004420909	5.067943326632874e-05	0.0021726122555853233	0.9937160218819534	2.158042477410046e-05
TD	Pbre1_08G329600	Pbre1_08G329800	Prupe.1G528600.1	0.80355	0.459633	1.7482426196552465	Specialization	0.006230406551078466	0.0005988742777570745	0.0014186083332879814	1.761845804663239e-05	0.9917344923798298
TD	Pbre1_08G350800	Pbre1_08G351000	Prupe.1G542300.1	0.0316567	0.419228	0.07551189328957036	Subfunctionalization	0.0001450235751968128	3.9352067715220596e-07	0.00012525143664487084	0.9997289806791211	3.507883601074526e-07
TD	Pbre1_08G363400	Pbre1_08G363600	Prupe.1G556800.1	0.013786	0.476724	0.028918200048665476	Subfunctionalization	4.509575052572493e-05	8.997673003136342e-08	7.063256435714944e-05	0.9998841574441275	2.4264259691782592e-08
TD	Pbre1_08G363800	Pbre1_08G364000	Prupe.1G556500.1	0.43863	0.762752	0.5750624056049674	Conservation	0.9584530278544229	9.059576157009198e-07	5.715019858717559e-07	0.0415223693057412	2.312538023430725e-05
TD	Pbre1_08G384600	Pbre1_08G384800	Prupe.1G567800.1	0.332465	0.27344	1.215860883557636	Conservation	0.9999982588749341	1.895986788505871e-11	1.6351871592173649e-06	1.050517367475371e-07	8.672102276247011e-10
TD	Pbre1_08G396000	Pbre1_08G396200	Prupe.1G575700.1	0.150225	0.465269	0.3228777330963378	Subfunctionalization	2.7194373241077254e-16	1.2922213453653178e-21	7.195430231611454e-18	0.9999999999999998	1.1757703510922996e-17
TD	Pbre1_09G020800	Pbre1_09G021000	Prupe.3G305200.1	0.11626	0.555865	0.20915150261304452	Subfunctionalization	8.748864240267349e-24	9.618877435422724e-30	9.828307189359054e-25	1.0	2.0759802189485506e-22
TD	Pbre1_09G036200	Pbre1_09G036400	Prupe.3G295600.1	0.670646	0.492	1.36310162601626	Specialization	0.2431032234266573	0.0001561507120000288	0.08987051111661626	0.033876194389648666	0.6329939203550777
TD	Pbre1_09G058800	Pbre1_09G059000	Prupe.3G282800.1	0.0445275	0.335567	0.13269332204894999	Neofunctionalization(Child)	1.074092762745539e-09	2.7538866327425915e-14	0.9999999119933194	7.76705211112433e-08	9.262039230414556e-09
TD	Pbre1_09G062600	Pbre1_09G062800	Prupe.3G280300.1	0.379532	0.707294	0.5365972283095856	Subfunctionalization	0.024295457210217312	0.05608540707992146	0.0005498160463467412	0.7649648307258644	0.1541044889376502
TD	Pbre1_09G076800	Pbre1_09G077000	Prupe.3G271900.1	0.276398	0.541839	0.5101109370126551	Neofunctionalization(Parent)	5.078342573101459e-05	0.5720207489817587	1.4910361349819692e-09	0.2715721108592306	0.1563563552422435
TD	Pbre1_09G093800	Pbre1_09G094000	Prupe.3G263500.1	0.091007	0.427653	0.21280570930170023	Conservation	0.6585092514369654	0.0009466986808650922	0.1012882317882555	0.2365497930373508	0.0027060250565632163
TD	Pbre1_09G097600	Pbre1_09G097800	Prupe.3G261600.1	0.416444	0.444804	0.9362415805613259	Neofunctionalization(Child)	8.34811139288988e-10	1.581787277220201e-22	0.9999999988986825	1.632634894205952e-10	1.0324303848594392e-10
TD	Pbre1_09G100800	Pbre1_09G101000	Prupe.3G260400.1	0.228539	0.382459	0.5975516329854965	Conservation	0.9956063586360755	9.602804021639634e-05	0.002227247262659398	0.0020089565994337475	6.140946161470991e-05
TD	Pbre1_09G113200	Pbre1_09G113000	Prupe.3G253600.1	0.975841	0.49396	1.9755466029638027	Neofunctionalization(Parent)	0.013997668624743123	0.9856066500230032	2.847562091928496e-11	0.00039366888502714425	2.012438750876855e-06
TD	Pbre1_09G124800	Pbre1_09G125000	Prupe.3G247600.1	0.446939	0.279049	1.6016506061659421	Neofunctionalization(Child)	0.003593953136180857	9.957167760104005e-09	0.9938436019201617	0.002561992286492335	4.426999971692175e-07
TD	Pbre1_09G133800	Pbre1_09G134000	Prupe.3G242000.1	0.129839	0.90216	0.14392014720227012	Neofunctionalization(Parent)	0.025729458479467542	0.969277698702879	0.003347697380911039	0.0006186764901748026	0.0010264689465673909
TD	Pbre1_09G154200	Pbre1_09G154400	Prupe.3G231800.1	0.561512	0.787051	0.7134378839490707	Subfunctionalization	0.022698469058541153	0.0011159500964057847	0.3422577586688931	0.6336240928721157	0.00030372930404426766
TD	Pbre1_09G167200	Pbre1_09G167400	Prupe.3G222100.1	0.0747375	0.538983	0.13866392817584228	Neofunctionalization(Parent)	1.696432206201823e-05	0.9969255848608449	2.067647154432622e-12	0.0030573978992188724	5.2915806579076754e-08
TD	Pbre1_09G177400	Pbre1_09G177600	Prupe.3G216700.1	0.101292	0.535736	0.18907073633282062	Subfunctionalization	4.566392324546148e-06	1.607477078180571e-05	0.3091976240803928	0.690493191333245	0.0002885434232557675
TD	Pbre1_09G208800	Pbre1_09G209000	Prupe.3G200400.1	0.0640135	0.197495	0.324127193093496	Subfunctionalization	0.0019338242735952133	0.1383370561950625	0.0003983891470379659	0.8161388228876252	0.043191907496679095
TD	Pbre1_09G217400	Pbre1_09G217600	Prupe.3G196500.1	0.625826	0.992198	0.6307470887867139	Subfunctionalization	0.0008687012254523062	0.0002823586095861277	0.001429111823718294	0.9969213169729507	0.0004985113682927365
TD	Pbre1_09G226400	Pbre1_09G226600	Prupe.3G191000.1	0.430925	0.551168	0.7818396568741292	Neofunctionalization(Child)	0.005143461248865601	7.259671854644556e-09	0.9919538318195916	0.0017951435562754792	0.0011075561155955017
TD	Pbre1_09G249800	Pbre1_09G250000	Prupe.3G175400.1	0.0967334	0.54483	0.17754785896518177	Neofunctionalization(Parent)	7.294879687009424e-05	0.9929659454502469	4.8215762743457226e-05	0.004421150311930339	0.0024917396782094398
TD	Pbre1_09G256600	Pbre1_09G256800	Prupe.3G171200.1	0.234173	0.557865	0.41976643094655514	Subfunctionalization	2.8253201606147896e-07	4.281185690023205e-06	0.0007009799772783304	0.9992944563025301	2.485598774240518e-12
TD	Pbre1_09G281000	Pbre1_09G281200	Prupe.3G026100.1	0.088648	0.433923	0.2042943102808563	Neofunctionalization(Child)	0.000498981509514234	0.0002375928312069718	0.5192491883101585	0.480014237345915	3.2053101742561505e-12
TD	Pbre1_09G305600	Pbre1_09G305800	Prupe.3G040000.1	1.16809	0.264024	4.42418113504833	Neofunctionalization(Child)	1.4622470396966113e-13	1.0574615738422898e-26	0.9999085618257092	1.0289922989978102e-05	8.114825115451422e-05
TD	Pbre1_09G306000	Pbre1_09G306200	Prupe.3G040200.1	0.246194	0.354155	0.6951588993519786	Neofunctionalization(Child)	1.3561269329794567e-17	1.9618573834786887e-30	0.9987932807248536	7.28431594077432e-05	0.0011338761157387279
TD	Pbre1_09G314800	Pbre1_09G315000	Prupe.3G045500.1	0.64072	0.545542	1.1744650274406003	Neofunctionalization(Child)	2.795386221934643e-15	4.960771181922088e-22	0.99999819533972	2.5279821965624296e-11	1.804634997447906e-06
TD	Pbre1_09G336800	Pbre1_09G337000	Prupe.3G057400.1	0.0991199	0.412183	0.24047546842058015	Conservation	0.9694912002106352	0.0005737111623590961	0.004436286872814725	0.02503793708944095	0.000460864664749834
TD	Pbre1_09G355800	Pbre1_09G356000	Prupe.3G071300.1	0.00952291	0.298624	0.03188929891770253	Conservation	0.9999810744810292	1.6999899217228213e-09	1.8922463456051574e-05	1.3497086320990845e-09	5.8161584680758396e-12
TD	Pbre1_09G402000	Pbre1_09G402200	Prupe.3G117500.1	0.00864786	0.353757	0.024445763617398385	Conservation	0.9989567108321054	7.448569725013872e-05	1.2796862748119679e-06	0.00010602148157339669	0.0008615023027964455
TD	Pbre1_09G435200	Pbre1_09G435400	Prupe.3G147800.1	0.0710177	0.683358	0.10392459003918883	Neofunctionalization(Child)	9.999218383616568e-06	6.8464860334788e-12	0.9436539658266049	0.0039519343262969875	0.052384100621868164
TD	Pbre1_09G462400	Pbre1_09G462600	Prupe.3G015900.1	0.0319863	0.595142	0.05374566069946333	Neofunctionalization(Child)	0.0017507448409123318	9.657225344608449e-08	0.9870188926044541	0.010250912159015302	0.0009793538233649137
TD	Pbre1_09G463200	Pbre1_09G463400	Prupe.3G015300.1	0.504332	0.587226	0.8588379942305007	Neofunctionalization(Child)	3.6731223105651455e-09	3.5025375798798367e-23	0.999999968667255	2.7659599016988432e-08	2.348820682009884e-14
TD	Pbre1_09G469200	Pbre1_09G469400	Prupe.3G012100.1	0.18996	0.528832	0.35920670458671183	Subfunctionalization	0.41440563475960723	0.01869431911455111	0.004046349843769409	0.562847039110007	6.6571720653186455e-06
TD	Pbre1_09G492800	Pbre1_09G493000	Prupe.3G000300.1	3.77324	0.283795	13.295653552740534	Conservation	0.9984096728381234	0.0015552049553836781	1.786895063855104e-08	3.494443457120426e-05	1.5990297083237258e-07
TD	Pbre1_10G015200	Pbre1_10G015400	Prupe.8G014200.1	0.0954506	0.923072	0.10340536816196352	Subfunctionalization	0.09534242126097944	0.06811272447171297	0.03337191449515869	0.7781611867130465	0.025011753059102568
TD	Pbre1_10G019000	Pbre1_10G019200	Prupe.8G018100.1	0.0961184	0.266066	0.36125773304368086	Neofunctionalization(Child)	2.8617359170164564e-06	1.0676198224827397e-09	0.9999956349227722	1.5000201097129392e-06	2.2535810729033853e-09
TD	Pbre1_10G025400	Pbre1_10G025600	Prupe.8G022700.1	0.396576	0.336328	1.1791346542660734	Conservation	0.7754613749830179	0.05656343492506026	0.1674135218770719	0.0005524851190156669	9.183095834110745e-06
TD	Pbre1_10G031200	Pbre1_10G031400	Prupe.8G024700.1	0.38976	0.25601	1.5224405296668098	Subfunctionalization	0.006894473331500085	0.005745758034140961	0.08555325880179115	0.9004528835472484	0.0013536262853193952
TD	Pbre1_10G032600	Pbre1_10G032800	Prupe.8G025400.1	0.125559	0.47285	0.2655366395262768	Subfunctionalization	0.007181645705201488	7.224489599938326e-06	0.14763642729333146	0.8316385653139755	0.013536137197891722
TD	Pbre1_10G059800	Pbre1_10G060000	Prupe.8G046000.1	0.112358	0.408511	0.27504277730587423	Subfunctionalization	2.0824033619525762e-10	2.4232504208544926e-09	0.0020741067720564423	0.9954701811877488	0.002455709408703934
TD	Pbre1_10G064600	Pbre1_10G064800	Prupe.8G051900.1	0.0836888	0.34796	0.24051270260949534	Subfunctionalization	2.2930268616273022e-08	4.882745428273212e-05	4.1354663966372996e-05	0.9976841774307842	0.002225617520697997
TD	Pbre1_10G066600	Pbre1_10G066800	Prupe.8G053500.1	0.850568	0.341862	2.4880448836080054	Neofunctionalization(Child)	1.2825877071284193e-06	3.134312922708983e-13	0.999995870099669	1.06636142228715e-06	1.7809508880440865e-06
TD	Pbre1_10G118400	Pbre1_10G118600	Prupe.8G094500.1	0.158641	0.67613	0.23463091417330986	Subfunctionalization	0.0009344556239654411	3.145665682772743e-06	1.3064705926141674e-06	0.9990231615673012	3.7930672458004046e-05
TD	Pbre1_10G127400	Pbre1_10G127600	Prupe.8G099700.1	0.379512	0.653141	0.581056770283905	Neofunctionalization(Child)	0.0009398959833880414	5.091105990735489e-06	0.9863414279021744	0.012713580877158565	4.131288257641179e-09
TD	Pbre1_10G171000	Pbre1_10G171200	Prupe.8G135100.1	0.0941195	0.42929	0.2192445666099839	Neofunctionalization(Parent)	0.0003707738044836286	0.9752443484169873	1.0858942636947408e-06	0.02429811366679879	8.567821746671651e-05
TD	Pbre1_10G194800	Pbre1_10G195000	Prupe.8G150600.1	0.132482	0.373475	0.35472789343329536	Neofunctionalization(Child)	1.4939344164435858e-12	1.9252788499393089e-22	0.9999761533381597	2.377631224499206e-06	2.1469029122053328e-05
TD	Pbre1_10G195600	Pbre1_10G195800	Prupe.8G150900.1	0.178598	0.353176	0.5056912134459873	Neofunctionalization(Child)	0.468982449636562	0.0001760208386179322	0.5285523704948285	0.0003577014423922735	0.0019314575875992572
TD	Pbre1_10G201800	Pbre1_10G202000	Prupe.8G156000.1	0.243493	0.34405	0.7077256212759773	Neofunctionalization(Child)	3.8194476336434737e-07	7.702693118114717e-11	0.998747304144011	2.6101875063832204e-06	0.0012497036466923319
TD	Pbre1_10G209600	Pbre1_10G209800	Prupe.8G160800.1	0.13033	0.338554	0.384960744814712	Neofunctionalization(Parent)	0.07002880434224028	0.9238329340718174	0.00018025110095629184	3.514329581973572e-05	0.005922867189166281
TD	Pbre1_10G212200	Pbre1_10G212400	Prupe.8G161600.1	0.0250149	0.408972	0.06116531205070273	Neofunctionalization(Parent)	0.21950885764364866	0.6336158834220806	0.000421184064017024	7.716844815673112e-07	0.14645330318577213
TD	Pbre1_10G234600	Pbre1_10G234800	Prupe.8G174300.1	0.563777	0.238367	2.3651638020363555	Subfunctionalization	5.9352282981703235e-09	1.8942598361285644e-10	7.399370085764029e-13	0.9999999938746058	3.268612197006696e-19
TD	Pbre1_10G296200	Pbre1_10G296400	Prupe.8G206300.1	0.378434	0.342806	1.1039305029666926	Subfunctionalization	7.1771185624239185e-06	4.184555693489699e-09	8.727379011868914e-11	0.9999928186095128	9.532170594420201e-14
TD	Pbre1_10G318000	Pbre1_10G318200	Prupe.8G219700.1	0.0153332	0.521369	0.029409496920607094	Conservation	0.9922758226172942	0.005881354058158676	0.0003686970722990617	0.0014708259926509827	3.300259597040528e-06
TD	Pbre1_10G328000	Pbre1_10G328200	Prupe.8G225100.1	0.282409	0.402372	0.7018604674281511	Conservation	0.9916097329719876	0.005867678106690328	0.0005277633363467107	0.0019472467130931621	4.7578871882224456e-05
TD	Pbre1_10G338800	Pbre1_10G339000	Prupe.8G231600.1	0.288819	0.505566	0.5712785274326201	Conservation	0.9744612453332636	0.021344074703475952	0.0011004824301623494	0.0030623536552900612	3.1843877808000794e-05
TD	Pbre1_10G357200	Pbre1_10G357400	Prupe.4G138700.1	0.218273	0.854297	0.2555001363694359	Subfunctionalization	0.04133221046964703	3.9297488614431806e-05	0.0015569053682890604	0.957071585879227	7.942223604621257e-10
TD	Pbre1_10G369800	Pbre1_10G370000	Prupe.4G131000.1	0.0784558	0.33271	0.23580836163625982	Conservation	0.3858266771438289	0.01344285513467035	0.05256279759012103	0.2421649717639364	0.30600269836744337
TD	Pbre1_10G381400	Pbre1_10G381600	Prupe.4G124500.1	0.00691864	0.366139	0.018896211548073274	Specialization	0.019932197789611077	8.700726783354445e-05	0.00014108744518096772	1.103304933136263e-05	0.9798286744480431
TD	Pbre1_10G382400	Pbre1_10G382600	Prupe.4G123900.1	0.138165	0.320667	0.4308675354807324	Conservation	0.8757971770863928	0.014537793043390552	0.005785525000222695	0.10380820376679445	7.13011031995681e-05
TD	Pbre1_10G386800	Pbre1_10G387000	Prupe.4G120600.1	0.287198	1.13434	0.2531851120475343	Subfunctionalization	0.21612816723647157	0.005690684139019397	0.0009747566163602377	0.7772059745323345	4.1747581417888315e-07
TD	Pbre1_10G402800	Pbre1_10G403000	Prupe.4G111600.1	0.107813	0.909341	0.11856168368081942	Specialization	0.18961708104858316	0.03115340546767044	0.025559527523111834	9.957286815911628e-09	0.7536699760033477
TD	Pbre1_10G409600	Pbre1_10G409800	Prupe.4G106200.1	0.0883336	0.449647	0.19645099377956485	Subfunctionalization	0.29409988002472315	0.005230830697637257	0.20516658418903083	0.4924626795076958	0.0030400255809129467
TD	Pbre1_10G417000	Pbre1_10G417200	Prupe.4G101600.1	0.294631	0.581903	0.5063232188182567	Subfunctionalization	0.4775807343781559	0.00485007499311036	0.02330386605930011	0.49391615661760624	0.0003491679518273787
TD	Pbre1_10G420600	Pbre1_10G420800	Prupe.4G096600.1	0.0109703	0.450145	0.02437059169823057	Subfunctionalization	0.0027364075130026566	1.4541485773225174e-06	0.00033978986712997656	0.9968881069804145	3.42414908755557e-05
TD	Pbre1_10G436800	Pbre1_10G437000	Prupe.4G086300.1	0.0750201	0.367923	0.20390163159139277	Subfunctionalization	0.35380564583623125	0.0031555764314723303	0.001490141902721158	0.6409847082512714	0.0005639275783038315
TD	Pbre1_10G437200	Pbre1_10G437400	Prupe.4G086200.1	0.877269	0.655446	1.3384306258639156	Specialization	0.34151644229600475	0.0012313714251088468	0.040811474177815124	0.000760171353635794	0.6156805407474354
TD	Pbre1_10G460200	Pbre1_10G460400	Prupe.4G073000.1	0.138674	0.440756	0.3146275944059752	Subfunctionalization	0.004849704557065663	2.2641976886226475e-05	0.00043156312797657637	0.9946955975092622	4.928288095615165e-07
TD	Pbre1_10G465400	Pbre1_10G465600	Prupe.4G070300.1	0.350887	0.748368	0.4688695935689393	Neofunctionalization(Child)	0.20599147745471025	3.2331932169741915e-05	0.7938843429246174	6.875818845007353e-05	2.308950005270804e-05
TD	Pbre1_10G482600	Pbre1_10G482800	Prupe.4G059600.1	0.00770499	0.619537	0.01243669062541866	Specialization	9.112257828962577e-06	0.013612643780198077	1.1987905923497723e-06	0.0002041080940343835	0.9861729370773463
TD	Pbre1_10G488200	Pbre1_10G488400	Prupe.4G056800.1	0.101908	0.385938	0.2640527753162425	Specialization	0.15803318440577477	0.07486589858679032	0.09047561252360702	0.10000102242200236	0.5766242820618256
TD	Pbre1_10G569800	Pbre1_10G570000	Prupe.4G013200.1	0.257316	1.34429	0.19141405500301273	Specialization	0.4505083628162328	0.001177859450453156	0.002105325347106493	0.00018802039886310734	0.5460204319873445
TD	Pbre1_10G578400	Pbre1_10G578600	Prupe.4G009400.1	0.103691	0.397553	0.26082308522385694	Conservation	0.7138383088675591	0.030480365131238384	0.004768017204691911	0.2509132771812785	3.161523220924403e-08
TD	Pbre1_11G007400	Pbre1_11G007600	Prupe.6G003900.1	1.73645	1.70892	1.0161095896823724	Conservation	0.9449963201730387	0.00016061090944558936	0.05031540482357536	0.004436758384561528	9.090570937911015e-05
TD	Pbre1_11G010800	Pbre1_11G011000	Prupe.6G005300.1	0.0446799	0.390372	0.11445467400325844	Conservation	0.9919967146499868	0.006619738478194679	0.0006477744242335872	0.00010799380979993663	0.0006277786377851393
TD	Pbre1_11G027400	Pbre1_11G027600	Prupe.6G015500.1	0.0427633	0.973367	0.04393337764686906	Neofunctionalization(Child)	0.4593472349696219	0.00010910951646341126	0.540170675109313	0.00036638255572871636	6.597848873007319e-06
TD	Pbre1_11G032800	Pbre1_11G033000	Prupe.6G017800.1	0.085284	0.4355	0.1958300803673938	Conservation	0.9893571630798303	0.004605458113232087	0.005695067442140552	4.678653246967625e-06	0.0003376327115501562
TD	Pbre1_11G043600	Pbre1_11G043800	Prupe.6G023300.1	0.155299	0.328626	0.4725706426150092	Subfunctionalization	0.00028954334742915024	4.561697058911666e-09	6.366255206919746e-05	0.9996467840996889	5.439115807030346e-09
TD	Pbre1_11G051800	Pbre1_11G052000	Prupe.6G027100.1	0.0683826	0.426709	0.1602558183680213	Conservation	0.9906568719497217	0.00015260614459017792	0.004058810553237758	0.005130343740308359	1.367612142081629e-06
TD	Pbre1_11G093600	Pbre1_11G093800	Prupe.6G051500.1	3.06068	3.09051	0.9903478713869232	Specialization	0.32177327591470306	0.009777832916759632	0.0038768897119753295	4.477513104656325e-07	0.6645715537052514
TD	Pbre1_11G096000	Pbre1_11G096200	Prupe.6G052800.1	0.0728916	0.599116	0.12166525347345089	Specialization	0.03751110123576321	0.05011917305201187	0.001166343355198985	1.4390716054829415e-06	0.9112019432854204
TD	Pbre1_11G096400	Pbre1_11G096600	Prupe.6G053100.1	0.048024	0.379818	0.12643950523671862	Subfunctionalization	0.13005686710097838	0.0008658696604017736	6.25955852171085e-05	0.8689852574563973	2.941019700528902e-05
TD	Pbre1_11G107400	Pbre1_11G107600	Prupe.6G057300.1	0.0635101	1.94188	0.0327054709868787	Subfunctionalization	0.23393901651897883	0.1042348136579945	0.0021142694043404285	0.659598571435275	0.00011332898341124433
TD	Pbre1_11G117800	Pbre1_11G117600	Prupe.6G061000.1	0.137193	0.282146	0.4862482544498239	Subfunctionalization	0.00794254204523707	0.00592945710998658	0.0030889870757243865	0.837126177780062	0.14591283598898988
TD	Pbre1_11G130400	Pbre1_11G130600	Prupe.6G066900.1	0.136213	0.951472	0.1431602821733062	Specialization	4.034024906402616e-05	1.8348775300233534e-07	5.631901574784875e-07	3.383545314021875e-07	0.999958574718494
TD	Pbre1_11G144200	Pbre1_11G144400	Prupe.6G073400.1	0.474719	0.355296	1.3361225569665856	Subfunctionalization	0.0051893665877489805	3.282531837073922e-06	0.007703973768673372	0.9870896607300462	1.3716381694435204e-05
TD	Pbre1_11G153200	Pbre1_11G153400	Prupe.6G077800.1	0.332956	1.52401	0.2184736320627817	Subfunctionalization	0.001464632278373398	1.8698208859528835e-07	0.00022118925409536476	0.9983009077447776	1.3083740664941407e-05
TD	Pbre1_11G159200	Pbre1_11G159400	Prupe.6G081000.1	0.370421	0.361927	1.0234688210606007	Subfunctionalization	0.09960657460921234	0.012841115665429982	0.010294782074996133	0.6124111874408869	0.26484634020947473
TD	Pbre1_11G168800	Pbre1_11G169000	Prupe.6G086200.1	0.103463	0.848634	0.12191710442900001	Specialization	0.2064029424275944	0.0010166571959889857	0.016227123393555958	0.0032269222196209353	0.7731263547632398
TD	Pbre1_11G177800	Pbre1_11G178000	Prupe.6G089500.1	0.225213	0.358663	0.6279237055397406	Neofunctionalization(Child)	0.45904448454828894	0.002822544643143211	0.537938180465462	1.91964526610476e-05	0.00017559389044478248
TD	Pbre1_11G181200	Pbre1_11G181400	Prupe.6G090700.1	0.274813	0.199748	1.375798506117708	Conservation	0.3819675719717857	0.0006748501870138975	0.28106539667187275	0.33616609522721935	0.00012608594210828525
TD	Pbre1_11G183800	Pbre1_11G184000	Prupe.6G091800.1	0.113591	0.348325	0.32610636618100913	Conservation	0.9972474126889338	0.0007892983221449697	0.0019295346213567518	2.5717689018015594e-05	8.036678546332533e-06
TD	Pbre1_11G187200	Pbre1_11G187400	Prupe.6G093100.1	0.538799	1.20728	0.4462916639056392	Neofunctionalization(Parent)	0.0003608598848261291	0.9909299062898315	9.950974192634774e-10	0.008707220544020504	2.0122862245068368e-06
TD	Pbre1_11G189800	Pbre1_11G190000	Prupe.6G094200.1	0.76869	0.51183	1.5018463161596622	Conservation	0.8488528828500639	0.12033789952517542	1.189524353769079e-07	0.0018221909112688568	0.02898690776105639
TD	Pbre1_11G225600	Pbre1_11G225800	Prupe.6G115100.1	0.117559	0.488571	0.24061804732577252	Specialization	2.2092219970204495e-06	2.621098823885763e-10	0.13782552283312843	0.03344215311212121	0.8287301145706435
TD	Pbre1_11G226400	Pbre1_11G226600	Prupe.6G115400.1	2.39345	1.32757	1.80288045074836	Subfunctionalization	0.002647759317091504	7.954877793510237e-09	0.3095674645819824	0.6248484724073042	0.06293629573874407
TD	Pbre1_11G271200	Pbre1_11G271400	Prupe.6G149100.1	0.106545	0.416942	0.25553913973646214	Neofunctionalization(Parent)	0.23580169385792699	0.7600908649773351	0.0001367212643874476	0.0038443033316315355	0.0001264165687188945
TD	Pbre1_11G351800	Pbre1_11G352000	Prupe.4G215500.1	0.198041	0.648369	0.30544489326294133	Conservation	0.999491057104987	0.0004022696378031537	1.0795416244567466e-06	0.00010461147706174512	9.82238523424494e-07
TD	Pbre1_11G368800	Pbre1_11G369000	Prupe.4G205600.1	0.178076	0.488239	0.3647312074619193	Conservation	0.7655867694916335	0.23306400278192305	2.0728089896227215e-11	0.001049511342743058	0.00029971636297231025
TD	Pbre1_11G390200	Pbre1_11G390400	Prupe.4G189400.1	0.843746	0.615923	1.369888768563603	Neofunctionalization(Child)	2.2221611099072895e-05	1.6271538685164873e-11	0.9985566720603963	0.001405867739016777	1.5238573216296727e-05
TD	Pbre1_11G396000	Pbre1_11G396200	Prupe.4G186400.1	0.820678	0.678382	1.2097579240015213	Neofunctionalization(Child)	3.327158433711514e-05	0.0004412073061803336	0.5381288898667397	0.435158166726114	0.02623846451662878
TD	Pbre1_11G408600	Pbre1_11G408800	Prupe.4G180600.1	0.159151	0.334391	0.4759428333896546	Subfunctionalization	6.853583700290406e-05	0.0005377722845671328	0.004934298622697748	0.9771672530215524	0.017292140234179885
TD	Pbre1_11G411200	Pbre1_11G411400	Prupe.4G178700.1	0.113206	0.314778	0.35963758585415756	Neofunctionalization(Parent)	4.801321840068762e-09	0.5368968304885418	5.019037588925635e-08	0.46283998878165145	0.0002631257381090557
TD	Pbre1_11G411600	Pbre1_11G411800	Prupe.4G178100.1	0.88248	0.489401	1.8031838921457048	Neofunctionalization(Parent)	0.009840399589282341	0.9894260476419269	7.251773540924669e-09	0.0007043753736742243	2.9170143342767154e-05
TD	Pbre1_11G448200	Pbre1_11G448400	Prupe.4G155400.1	0.0513031	0.273277	0.18773295959777075	Subfunctionalization	0.08088921606026811	6.783260357305305e-05	0.009010858852615891	0.9087690691165042	0.0012630233670387846
TD	Pbre1_11G495600	Pbre1_11G495800	Prupe.8G252000.1	2.23915	1.21208	1.8473615602930498	Neofunctionalization(Child)	9.175942819843568e-07	2.1816539084542558e-10	0.9999986262906572	4.5899326159141276e-08	4.099975692406665e-07
TD	Pbre1_11G507600	Pbre1_11G507800	Prupe.8G259000.1	0.0606024	0.333734	0.1815889301060126	Subfunctionalization	0.1050693150991819	0.0019164301337844516	0.3224521928073487	0.4622111963593444	0.10835086560034063
TD	Pbre1_11G509600	Pbre1_11G509800	Prupe.8G264900.1	0.0254787	0.40164	0.06343665969524948	Subfunctionalization	0.0010964620727441938	1.6240675999749928e-07	0.0005573252118337744	0.9859555039876395	0.012390546321022562
TD	Pbre1_12G008400	Pbre1_12G008600	Prupe.7G004600.1	0.134694	0.406312	0.33150386894800055	Neofunctionalization(Child)	0.00010045669929496944	2.9289126266490194e-06	0.998745433392958	0.0011511809908358987	4.284593473703262e-12
TD	Pbre1_12G013200	Pbre1_12G013400	Prupe.7G008300.1	0.173084	0.299191	0.578506706418308	Subfunctionalization	3.4233188403763546e-08	0.0008997195186597535	3.115687808028915e-10	0.9991002459364583	1.24991687329081e-13
TD	Pbre1_12G053800	Pbre1_12G054000	Prupe.7G102900.1	0.449324	1.00839	0.44558553734170314	Specialization	1.8846023121342369e-10	4.798130379730351e-17	0.07537042363419129	0.08108090552092756	0.8435486706564209
TD	Pbre1_12G055800	Pbre1_12G056000	Prupe.7G102000.1	0.0666596	0.457311	0.1457642610827205	Neofunctionalization(Child)	1.1932827068966028e-19	3.4549742898464184e-30	0.7387767218200265	0.027065526090192794	0.2341577520897807
TD	Pbre1_12G057400	Pbre1_12G057600	Prupe.7G101300.1	0.121651	0.415255	0.292954931307269	Conservation	0.9999644576527588	1.7119534751259826e-06	2.932071239775264e-05	4.329462952190729e-06	1.802184163771532e-07
TD	Pbre1_12G082800	Pbre1_12G083000	Prupe.7G087600.1	0.299772	0.226375	1.3242274986195472	Conservation	0.8203772600617215	0.00043432379251757936	0.17874447728259998	0.0004321448539065362	1.1794009254444422e-05
TD	Pbre1_12G104000	Pbre1_12G104200	Prupe.7G073300.1	0.054972	0.418164	0.1314603839641863	Neofunctionalization(Child)	0.0009605237945574056	0.0008184665493610148	0.996639950052768	0.0012929121392857552	0.0002881474640279983
TD	Pbre1_12G221600	Pbre1_12G221800	Prupe.6G245600.1	0.0935442	0.503102	0.1859348601277673	Subfunctionalization	0.04719463587444025	0.057497622944079056	0.0004097687038750801	0.5767861908969862	0.3181117815806193
TD	Pbre1_12G258600	Pbre1_12G258400	Prupe.6G263100.1	1.54155	0.812631	1.8969864551069304	Neofunctionalization(Parent)	1.338425535228494e-05	0.9999799116351067	5.92464644462313e-14	6.2455514014111474e-06	4.585580804762513e-07
TD	Pbre1_12G266000	Pbre1_12G266200	Prupe.6G267800.1	0.976404	1.64171	0.5947481589318455	Conservation	0.9973512362527768	0.0001240599260079068	0.00048269112028942284	0.0018813618019928504	0.00016065089893289763
TD	Pbre1_12G282800	Pbre1_12G283000	Prupe.6G277900.1	0.744487	0.470412	1.5826275690245997	Neofunctionalization(Child)	0.22302890527158245	6.093275680785509e-08	0.7767574466995549	2.5998559473525072e-05	0.00018758853663239174
TD	Pbre1_12G294600	Pbre1_12G294800	Prupe.6G282800.1	0.150119	0.723314	0.2075433352596521	Conservation	0.9969262662061948	0.002328110279605941	0.0005394915698746158	0.0001617108942295565	4.442105009503216e-05
TD	Pbre1_12G305800	Pbre1_12G306000	Prupe.6G288100.1	0.0693155	0.303234	0.22858749348687812	Subfunctionalization	0.02775926775867277	0.004229415259917216	0.14040061446957963	0.7517572151781171	0.07585348733371322
TD	Pbre1_12G331200	Pbre1_12G331400	Prupe.6G303600.1	0.0466336	0.543343	0.08582718466972059	Neofunctionalization(Child)	0.0006634283749447775	3.559350045198493e-07	0.9980889184578293	0.001030765252894169	0.00021653197932742255
TD	Pbre1_12G341600	Pbre1_12G341800	Prupe.6G310800.1	1.40801	1.86243	0.7560069371734777	Neofunctionalization(Child)	0.0019362011869227072	8.170954993152007e-06	0.746217216413453	0.2326789435685516	0.019159467876079694
TD	Pbre1_12G359200	Pbre1_12G359400	Prupe.6G322000.1	1.58473	0.914816	1.7322937071498532	Neofunctionalization(Parent)	0.004161078609448219	0.9951887826614079	0.0002183366248635282	8.955474955912904e-05	0.0003422473547213676
TD	Pbre1_12G368600	Pbre1_12G368800	Prupe.6G327000.1	1.48695	0.45342	3.279409818711129	Conservation	0.9105825474890863	0.08555620105922018	1.0642341327623495e-08	0.0031402546685429813	0.0007209861408090635
TD	Pbre1_12G370000	Pbre1_12G370200	Prupe.6G327700.1	0.0949668	0.336075	0.2825762106672618	Subfunctionalization	0.02479071741912945	0.044462981649052206	0.0002118354899190451	0.9253731839910015	0.005161281450897721
TD	Pbre1_12G378400	Pbre1_12G378600	Prupe.6G332600.1	0.228746	0.372483	0.6141112480301114	Subfunctionalization	0.05036190889808486	0.0011626725835751689	9.547756337419211e-05	0.9441620372924479	0.004217903662517745
TD	Pbre1_12G379800	Pbre1_12G380000	Prupe.6G333400.1	0.0718505	0.601068	0.11953805559437533	Neofunctionalization(Parent)	2.4390690271053735e-06	0.9999641756202965	2.5088582660490757e-13	3.224050077778893e-05	1.1448096475354078e-06
TD	Pbre1_12G397000	Pbre1_12G397200	Prupe.6G341900.1	0.372224	0.762989	0.48784975930190344	Subfunctionalization	5.906750520660941e-07	6.382145837259918e-14	0.03563718357758806	0.9623414621793107	0.002020763567985304
TD	Pbre1_12G420400	Pbre1_12G420600	Prupe.6G355800.1	0.55197	0.331898	1.6630711845205453	Subfunctionalization	0.011028125731871187	0.07587917790295323	0.00019451726677184087	0.9093839705415053	0.0035142085568984362
TD	Pbre1_12G434000	Pbre1_12G434200	Prupe.6G362400.1	0.272195	0.639069	0.425924274217651	Neofunctionalization(Parent)	0.007910620807204357	0.9295043974270009	2.6947655760972766e-05	0.06223771032433609	0.0003203237856975327
TD	Pbre1_13G019800	Pbre1_13G019600	Prupe.1G341600.1	0.204574	1.87469	0.1091241751969659	Subfunctionalization	0.008289264227069873	0.0014420661227979126	0.07969284049157557	0.8810552127402438	0.02952061641831273
TD	Pbre1_13G035800	Pbre1_13G036000	Prupe.1G331900.1	0.0294466	0.598301	0.04921703289815661	Neofunctionalization(Child)	0.10527503366644282	5.828842403848959e-06	0.893866096748306	0.00037573793883533446	0.0004773028040121329
TD	Pbre1_13G038600	Pbre1_13G038800	Prupe.1G330900.1	1.59371	1.31793	1.209252388214852	Conservation	0.6561380329101667	0.0040086979039135355	0.0015567644711996526	0.3205270116818858	0.01776949303283419
TD	Pbre1_13G048800	Pbre1_13G049000	Prupe.1G323200.1	0.175439	0.682876	0.25691194301747317	Neofunctionalization(Child)	2.3288768859312663e-06	9.63969300293738e-10	0.999755717864655	4.440017949185368e-06	0.00023751227654054808
TD	Pbre1_13G062000	Pbre1_13G062200	Prupe.1G315000.1	0.0737177	0.671404	0.10979633722766025	Subfunctionalization	0.13142311159001183	0.1305848171105895	0.02168625689279418	0.7163016184320044	4.195974600096812e-06
TD	Pbre1_13G070600	Pbre1_13G070800	Prupe.1G310300.1	0.0400604	0.532473	0.0752346128348292	Subfunctionalization	0.00656324719255862	0.013877466838832396	0.00010685986611026295	0.979441453330003	1.0972772495646131e-05
TD	Pbre1_13G073200	Pbre1_13G073400	Prupe.1G309300.1	0.14004	0.510596	0.27426771850934983	Conservation	0.721638290645194	0.0004040313269101879	0.27670841398247015	0.0011706255080448716	7.863853738086018e-05
TD	Pbre1_13G088200	Pbre1_13G088400	Prupe.1G301000.1	0.164952	0.901665	0.18294155811748264	Subfunctionalization	1.2354999768437419e-08	5.424049343068347e-08	1.2914519964450107e-10	0.9999999332750853	2.7631675775343603e-13
TD	Pbre1_13G125600	Pbre1_13G125800	Prupe.1G275100.1	0.0474055	0.590106	0.08033387221956734	Conservation	0.9784582258581658	0.015174779301997208	0.0026233832979178913	0.002740327869044038	0.0010032836728750254
TD	Pbre1_13G133800	Pbre1_13G134000	Prupe.1G269400.1	0.591431	0.521491	1.1341154497393051	Subfunctionalization	0.024549912814887637	0.0053019274631062934	0.00011804557737896346	0.9529870474241775	0.017043066720449605
TD	Pbre1_13G139400	Pbre1_13G139600	Prupe.1G265600.1	0.126054	0.415226	0.3035792556342811	Conservation	0.37517785046920676	0.01752235628622018	0.33579619392202725	0.05005951622550342	0.22144408309704244
TD	Pbre1_13G159200	Pbre1_13G159400	Prupe.1G253400.1	0.168231	0.706103	0.23825277615305412	Conservation	0.48097435777439745	0.46513156797432836	0.00314425134839053	0.050749822857372805	4.551086390588355e-11
TD	Pbre1_13G160400	Pbre1_13G160600	Prupe.1G252800.1	0.555455	1.48762	0.3733850042349525	Conservation	0.9847266668132554	0.0014269458704936147	0.0027472325410153675	0.002005245942633033	0.009093908832602906
TD	Pbre1_13G169200	Pbre1_13G169400	Prupe.1G247700.1	0.126432	0.656844	0.1924840601421342	Conservation	0.48063403831617507	0.0291588261226345	0.0012777821894548326	0.2984237173299516	0.19050563604178394
TD	Pbre1_13G170600	Pbre1_13G170800	Prupe.1G247000.1	0.274624	0.349582	0.7855782048274796	Subfunctionalization	0.1013937253504962	0.0029760336895071136	0.0033013638105983535	0.892325863769521	3.0133798771883195e-06
TD	Pbre1_13G179800	Pbre1_13G180000	Prupe.1G241800.1	0.317107	0.470048	0.6746268466199197	Conservation	0.8327044963876876	0.00459411581890317	0.006598123994326812	0.15610325334395642	1.0455125897641037e-08
TD	Pbre1_13G213600	Pbre1_13G213800	Prupe.1G221200.1	0.0678556	0.827026	0.08204772280436165	Subfunctionalization	6.26668200128953e-06	1.085585751473354e-07	1.4220705279011876e-06	0.9999921787566336	2.3932261982875028e-08
TD	Pbre1_13G223000	Pbre1_13G223200	Prupe.1G215000.1	0.124151	0.412364	0.3010713835349351	Subfunctionalization	0.002950799143073517	0.005552113198902606	0.0015204484794010618	0.9898365761328624	0.00014006304576042554
TD	Pbre1_13G236200	Pbre1_13G236400	Prupe.1G207900.1	0.673172	1.23226	0.5462905555645724	Conservation	0.4494784665530961	0.0018602472022733445	0.11668730107275066	0.41784528026262585	0.014128704909254044
TD	Pbre1_13G252600	Pbre1_13G252800	Prupe.1G113100.1	0.0629763	0.556822	0.1130995183379967	Subfunctionalization	0.00030423550759730526	2.8855090212592583e-06	2.7169919827584387e-05	0.9996434637257791	2.2245337774696547e-05
TD	Pbre1_13G264000	Pbre1_13G264200	Prupe.1G122600.1	3.63594	0.429791	8.459786268209433	Conservation	0.9999994316601503	9.866664001757303e-13	5.636308113031067e-07	4.692036851535267e-09	1.6014916126291725e-11
TD	Pbre1_13G272400	Pbre1_13G272600	Prupe.1G129400.1	0.0352086	0.307533	0.11448722576113783	Conservation	0.9999964242483006	2.1834986236309732e-09	1.0337531489918197e-06	2.0695640599599588e-06	4.7025099175991165e-07
TD	Pbre1_13G409200	Pbre1_13G409400	Prupe.1G075600.1	0.0274284	0.545492	0.05028194730628497	Subfunctionalization	7.902005407426728e-14	8.375292986426524e-19	1.6551448902021371e-15	0.9999999999999036	1.5782608522681197e-14
TD	Pbre1_13G435600	Pbre1_13G435800	Prupe.1G092000.1	0.0320236	0.495771	0.0645935320944549	Subfunctionalization	4.334579704908191e-21	1.036234130388272e-25	1.0441872559724235e-22	1.0	1.9166879112026882e-20
TD	Pbre1_13G486000	Pbre1_13G486200	Prupe.1G002900.1	0.245787	1.23481	0.19904843660158245	Neofunctionalization(Parent)	0.09837187857640434	0.626641322669915	0.00023268831628741566	0.004112267234330395	0.2706418432030628
TD	Pbre1_14G030400	Pbre1_14G030600	Prupe.7G115200.1	0.0715637	0.430192	0.16635293078439392	Conservation	0.8021479138610664	0.1951908895065335	2.526999210313764e-06	0.002628234673550873	3.043495963895755e-05
TD	Pbre1_14G036800	Pbre1_14G037000	Prupe.7G112400.1	0.191773	0.3651	0.5252615721720076	Subfunctionalization	0.00418923548613917	0.0004205000814147219	0.0006475855504665112	0.9947374822897159	5.196592263810565e-06
TD	Pbre1_14G051200	Pbre1_14G051400	Prupe.7G102600.1	0.521774	0.238987	2.1832735671814785	Conservation	0.7982023070302551	0.00553990680989549	0.09743380108708065	0.09880743820693885	1.654686582986133e-05
TD	Pbre1_14G052400	Pbre1_14G052600	Prupe.7G102000.1	0.124894	0.452112	0.2762457090278515	Subfunctionalization	0.40338560059100653	0.014487509838032271	0.049287774258084276	0.5301704322373644	0.0026686830755124824
TD	Pbre1_14G080600	Pbre1_14G080800	Prupe.7G087600.1	1.10269	0.225992	4.879332011752628	Subfunctionalization	0.00994889263705212	1.1491572935391508e-05	2.4997309227868573e-05	0.9900146184437819	3.700267008754722e-11
TD	Pbre1_14G097600	Pbre1_14G097800	Prupe.7G078000.1	2.64185	0.366011	7.2179524659094945	Subfunctionalization	0.003045405298877824	8.290404815400799e-06	1.3312928411677193e-05	0.9969304534560457	2.5379118493073023e-06
TD	Pbre1_14G099800	Pbre1_14G100000	Prupe.7G081300.1	0.114645	1.10766	0.10350197714099993	Conservation	0.979439125216156	0.0016590364327061578	0.01669158272923218	0.002207235832221295	3.0197896845764315e-06
TD	Pbre1_14G128200	Pbre1_14G128400	Prupe.7G055600.1	1.05308	0.672362	1.5662396149693172	Conservation	0.5117362564590608	0.00018906368281859588	0.3777929042791373	0.0915846178148669	0.018697157764116405
TD	Pbre1_14G133800	Pbre1_14G134000	Prupe.7G054200.1	0.143822	0.262749	0.5473741098919501	Conservation	0.8226787353179792	0.00015419053904467707	0.002018165840313219	0.1708719811943908	0.004276927108272088
TD	Pbre1_14G136000	Pbre1_14G136200	Prupe.7G053100.1	0.227775	0.534613	0.4260558572275646	Specialization	0.44318101066300586	0.0216294680061051	0.01335430258508961	0.0005075176912949499	0.5213277010545044
TD	Pbre1_14G169200	Pbre1_14G169400	Prupe.7G022800.1	0.159192	0.38899	0.40924445358492506	Conservation	0.4787024549572631	0.0758104829837174	0.3200151073916376	0.021768947892028278	0.10370300677535361
TD	Pbre1_14G201400	Pbre1_14G201600	Prupe.5G104100.1	0.0421978	0.631329	0.06683963511893165	Conservation	0.6758440592491416	0.0197654411936425	0.008841418087653126	0.04940715976187223	0.24614192170769053
TD	Pbre1_14G209800	Pbre1_14G210000	Prupe.5G107100.1	0.166464	0.320984	0.5186052887371333	Conservation	0.8538403094826427	0.004505670592105408	0.0023478292783364924	0.13717988553397106	0.00212630511294419
TD	Pbre1_14G240000	Pbre1_14G240200	Prupe.5G125500.1	0.401741	0.397609	1.010392118890669	Conservation	0.7282685215645113	0.02410266038971001	0.006738176962583005	0.23045572197381073	0.010434919109385097
TD	Pbre1_14G244800	Pbre1_14G245000	Prupe.5G127200.1	0.11691	0.450112	0.25973535475614956	Specialization	0.13927474022158082	0.01787321829992897	0.014548185284473526	3.401549942084599e-10	0.8283038558538618
TD	Pbre1_14G260400	Pbre1_14G260600	Prupe.5G134500.1	0.156966	0.534493	0.29367269543286817	Conservation	0.5795023953299782	0.0012395676314662669	0.009644585631391745	0.036459073753081356	0.3731543776540826
TD	Pbre1_14G264200	Pbre1_14G264400	Prupe.5G137400.1	0.118288	0.532267	0.22223432976307003	Subfunctionalization	6.29647273621797e-05	3.30777557011805e-07	0.0001221702423327761	0.9998143566629283	1.7758981969555344e-07
TD	Pbre1_14G268200	Pbre1_14G268400	Prupe.5G139900.1	0.673633	0.399793	1.6849544639350864	Conservation	0.9811154165158508	3.053218055882077e-05	0.015608104147194152	0.003228739047470848	1.720810892543926e-05
TD	Pbre1_14G294400	Pbre1_14G294600	Prupe.5G153200.1	0.0616353	0.472621	0.13041168293410577	Specialization	0.006632653115214623	0.0004988114308267769	0.0006402579711008898	0.000297511283748916	0.9919307661991089
TD	Pbre1_14G303200	Pbre1_14G303400	Prupe.5G158100.1	0.276674	0.456188	0.6064911834594509	Subfunctionalization	0.296812230016499	0.0004026909928395538	0.17716220302978886	0.5255045146313078	0.0001183613295648437
TD	Pbre1_14G311000	Pbre1_14G311200	Prupe.5G163200.1	0.0444943	4.29163	0.01036769246183851	Conservation	0.6344687822291859	0.0016278598510896366	0.36372982812941207	2.230150248724334e-05	0.0001512282878251356
TD	Pbre1_14G332200	Pbre1_14G332400	Prupe.5G172600.1	0.255864	0.564239	0.45346741363145754	Neofunctionalization(Parent)	4.090314008399585e-06	0.9784219848043803	2.2758883019143345e-09	0.0010784176831305046	0.020495504922592493
TD	Pbre1_14G333800	Pbre1_14G334000	Prupe.5G173700.1	0.153762	0.672607	0.22860600618191607	Specialization	0.005428841166740389	0.09831046555157806	0.0012153876959237616	0.36466323232247366	0.5303820732632841
TD	Pbre1_14G334800	Pbre1_14G335000	Prupe.5G174200.1	0.166832	0.404991	0.4119400184201625	Neofunctionalization(Parent)	0.34742207732755714	0.6522972056803157	2.372993160295446e-10	0.00018395365313416618	9.676310169364933e-05
TD	Pbre1_14G354600	Pbre1_14G354800	Prupe.5G185400.1	0.110879	0.612139	0.18113369675841598	Subfunctionalization	0.20968327642631632	0.29235358365533315	0.0020382646596783915	0.4915636715095122	0.004361203749159837
TD	Pbre1_14G371200	Pbre1_14G371400	Prupe.5G195600.1	0.0390445	0.442232	0.08828963078203296	Neofunctionalization(Child)	0.09941030637089401	0.009592256721230995	0.49889388251762484	0.38952288683841113	0.0025806675518390814
TD	Pbre1_14G373000	Pbre1_14G373200	Prupe.5G197500.1	0.154894	0.370829	0.41769656634189883	Conservation	0.6002273594002977	0.00018852437781413507	0.20484232476543282	0.16695846300514117	0.027783328451314104
TD	Pbre1_14G380000	Pbre1_14G380200	Prupe.5G201200.1	0.0594544	0.427822	0.13896994544460078	Neofunctionalization(Parent)	0.07665917573037746	0.8816856751954252	3.628822199658999e-07	0.04165454922084756	2.3697112999845489e-07
TD	Pbre1_14G445200	Pbre1_14G445400	Prupe.5G240500.1	0.673609	0.679674	0.9910766043720961	Neofunctionalization(Parent)	0.4033822635336304	0.551002169880656	0.0011924104092487708	0.03922955068533822	0.005193605491126521
TD	Pbre1_14G448600	Pbre1_14G448800	Prupe.5G241800.1	0.945098	0.852448	1.1086869814932994	Neofunctionalization(Child)	0.013185295307775131	8.81486656570654e-05	0.917745131590662	0.0582291767087203	0.01075224772718564
TD	Pbre1_15G013000	Pbre1_15G013200	Prupe.1G360900.1	0.276835	0.819359	0.33786777224635356	Neofunctionalization(Parent)	0.08793487229614055	0.8029494160169306	3.84599523323347e-05	0.09941577683406123	0.009661474900535438
TD	Pbre1_15G027000	Pbre1_15G027200	Prupe.1G369300.1	0.319351	0.500633	0.6378944256571181	Neofunctionalization(Child)	4.345760334801677e-06	6.636013996134034e-08	0.9984314250008195	0.001561104151557664	3.0587271479614895e-06
TD	Pbre1_15G030000	Pbre1_15G030200	Prupe.1G370300.1	0.321788	0.514411	0.6255464988112619	Neofunctionalization(Parent)	0.132261634666947	0.6587138598613952	0.00010441965930220357	0.20470572266837397	0.004214363143981652
TD	Pbre1_15G034600	Pbre1_15G034800	Prupe.1G372000.1	0.39222	0.414361	0.9465659171591921	Neofunctionalization(Child)	0.0013169863406423895	1.7284811838985434e-07	0.8644922042592537	0.1340938815948323	9.67549571533784e-05
TD	Pbre1_15G036200	Pbre1_15G036400	Prupe.1G372700.1	0.147436	0.545088	0.27048109663026887	Subfunctionalization	1.639444719113716e-05	3.5856934803124785e-12	0.00010133884887986276	0.9996346744588537	0.0002475922414896478
TD	Pbre1_15G041400	Pbre1_15G041600	Prupe.1G375700.1	0.00717377	0.910732	0.007876927570350004	Neofunctionalization(Child)	9.702726517345766e-12	8.974610618212837e-09	0.9983696230638813	0.0012827717553753437	0.0003475961964299109
TD	Pbre1_15G093600	Pbre1_15G093800	Prupe.1G404900.1	0.322214	0.385415	0.8360183179170504	Neofunctionalization(Child)	0.0011875277602756869	3.962527499956932e-07	0.9070533166887473	0.06533559991186108	0.026423159386366035
TD	Pbre1_15G102000	Pbre1_15G102200	Prupe.1G408900.1	0.512159	0.475445	1.07722028836143	Neofunctionalization(Child)	0.031106353935600736	3.436184628393591e-09	0.9490444424259717	0.019749630618610757	9.956958363220156e-05
TD	Pbre1_15G104200	Pbre1_15G104000	Prupe.1G409800.1	0.579999	0.8931	0.6494222371514948	Subfunctionalization	1.5883394689159434e-05	0.012616138769830598	3.449097444639898e-06	0.9873645287299081	8.127635614693441e-12
TD	Pbre1_15G108800	Pbre1_15G109000	Prupe.1G411700.1	0.0761822	0.632224	0.12049874727944526	Subfunctionalization	0.0009273187891126567	0.06668663123290776	0.010073588031230958	0.9223124587315433	3.2152053021643485e-09
TD	Pbre1_15G117600	Pbre1_15G117800	Prupe.1G417800.1	0.354192	0.812444	0.4359586629970804	Neofunctionalization(Child)	2.0074048714813144e-18	2.2856295493995784e-30	0.9967944953681148	2.9443921056157104e-05	0.0031760607108289973
TD	Pbre1_15G134200	Pbre1_15G134400	Prupe.1G426100.1	0.653962	1.10553	0.5915370908071242	Neofunctionalization(Child)	2.0167136367923973e-12	2.4615037442113077e-20	0.951949740309464	0.0014722468131301374	0.04657801287538917
TD	Pbre1_15G148000	Pbre1_15G148200	Prupe.1G434100.1	0.423232	0.470147	0.9002120613340083	Neofunctionalization(Parent)	0.018003065601698974	0.9607834848200387	1.1524417717238467e-07	0.015069309863450009	0.006144024470635045
TD	Pbre1_15G152600	Pbre1_15G152800	Prupe.1G436200.1	0.571936	1.08946	0.5249720044792833	Neofunctionalization(Parent)	2.761615802263175e-08	0.9607792183142841	1.867963952130118e-12	3.474291113075729e-06	0.039217279776576804
TD	Pbre1_15G167400	Pbre1_15G167600	Prupe.1G447100.1	1.05763	3.16629	0.33402815282238835	Conservation	0.9978778578221545	0.0021178371768128712	2.378403655546727e-08	4.2457298383933815e-06	3.548715759517909e-08
TD	Pbre1_15G179000	Pbre1_15G179200	Prupe.1G453500.1	0.0395387	0.647883	0.06102753120548001	Conservation	0.9983816344829588	4.004456137299352e-10	0.0015453637859853002	7.265313005067806e-05	3.4820055952983576e-07
TD	Pbre1_15G185400	Pbre1_15G185600	Prupe.1G456600.1	0.371947	0.402522	0.9240414188541248	Neofunctionalization(Parent)	5.793223799526224e-05	0.9970543055382335	7.126545962088076e-12	0.0026346077381814137	0.0002531544784632312
TD	Pbre1_15G202600	Pbre1_15G202800	Prupe.1G466200.1	0.0926651	0.241588	0.3835666506614567	Neofunctionalization(Child)	0.0086002261916649	2.541691332484141e-05	0.9875289656058235	0.003796311541993174	4.907974719366875e-05
TD	Pbre1_15G206000	Pbre1_15G206200	Prupe.1G468400.1	0.391567	0.422998	0.9256946841356224	Subfunctionalization	0.030226704085499267	0.3457569709390902	1.5415688404974873e-08	0.6240088401079443	7.469451777724627e-06
TD	Pbre1_15G235600	Pbre1_15G235800	Prupe.1G487700.1	0.976342	0.551764	1.7694920292008902	Neofunctionalization(Child)	0.015524595416048543	0.00010068895872375838	0.8939602894102505	0.09041429040850249	1.3580647462865567e-07
TD	Pbre1_15G243200	Pbre1_15G243400	Prupe.4G279700.1	0.0152389	0.377394	0.040379285309252395	Conservation	0.9523990472468631	0.0013176205880458484	4.9019611220669976e-05	0.04519234345004379	0.0010419691038267632
TD	Pbre1_15G245800	Pbre1_15G246000	Prupe.4G281300.1	0.170286	0.994192	0.17128079887989442	Neofunctionalization(Child)	0.006449092650506551	4.7710226483191536e-12	0.9934787233673409	3.4519228769895395e-05	3.766474861158675e-05
TD	Pbre1_15G246200	Pbre1_15G246400	Prupe.4G281700.1	0.100335	0.310271	0.3233785948412839	Neofunctionalization(Child)	0.2553281579488686	0.00864599910047557	0.6687174262973857	0.06727438761544677	3.402903782335931e-05
TD	Pbre1_15G260600	Pbre1_15G260800	Prupe.7G267900.1	0.0295909	0.616994	0.047959785670525154	Neofunctionalization(Child)	0.008016544522400934	0.06789062918034208	0.9231698401248905	0.0009117131583122035	1.1273014054505171e-05
TD	Pbre1_15G262400	Pbre1_15G262600	Prupe.7G266900.1	1.28152	0.561239	2.2833766006995235	Neofunctionalization(Parent)	2.444746046918701e-07	0.9941236417966288	1.6142259425538318e-10	0.005875804640235583	3.089271081915477e-07
TD	Pbre1_15G265800	Pbre1_15G266000	Prupe.7G265400.1	0.101665	0.419073	0.2425949655549272	Neofunctionalization(Child)	0.013735631941430862	1.1111092739978156e-05	0.9232061785883491	0.061719697721360864	0.001327380656119261
TD	Pbre1_15G267400	Pbre1_15G267600	Prupe.7G264800.1	0.141273	0.510739	0.2766050761739362	Subfunctionalization	3.182288349229587e-11	1.4782854044214066e-06	6.300926871401052e-05	0.8441961537666562	0.15573935864740232
TD	Pbre1_15G275600	Pbre1_15G275800	Prupe.7G260600.1	0.51032	0.559794	0.9116210606044366	Neofunctionalization(Child)	7.834404449625582e-10	0.005230619807468088	0.9268968552952351	0.05044331567392824	0.017429208439928175
TD	Pbre1_15G279400	Pbre1_15G279600	Prupe.7G258600.1	0.0350292	0.591412	0.05922977552028028	Neofunctionalization(Child)	5.994003164906349e-09	6.874959331274497e-14	0.999458204904569	0.0003421505344790589	0.00019963856688012138
TD	Pbre1_15G288200	Pbre1_15G288400	Prupe.7G256500.1	1.0827	0.848672	1.275757889973983	Neofunctionalization(Child)	0.0001981097801915665	1.5642556016160716e-07	0.7609796253695833	0.23721278269234408	0.0016093257323209088
TD	Pbre1_15G310200	Pbre1_15G310400	Prupe.7G242400.1	0.0408307	0.521861	0.07824056597446445	Neofunctionalization(Parent)	0.16154198858924576	0.8042649555810812	0.0015685519732019533	0.02643967295125575	0.00618483090521513
TD	Pbre1_15G347400	Pbre1_15G347600	Prupe.7G224300.1	0.395469	0.528984	0.7476010616578196	Subfunctionalization	3.0528039615258843e-06	0.00043151180184107773	9.781625023676488e-05	0.9776277376283657	0.02183988151559489
TD	Pbre1_15G352600	Pbre1_15G352800	Prupe.7G221000.1	0.196427	0.816379	0.24060760994587072	Conservation	0.8140146101504471	0.18378544617942522	0.0008962932152133133	0.00033375629280598166	0.0009698941621084953
TD	Pbre1_15G384600	Pbre1_15G384800	Prupe.7G202700.1	0.151507	0.375784	0.40317576054329085	Conservation	0.9981174620991976	0.0013091341739029975	2.4494271477668373e-06	0.0005465270610264754	2.4427238724980967e-05
TD	Pbre1_15G430800	Pbre1_15G431000	Prupe.7G172300.1	0.10986	0.502639	0.21856640650645892	Specialization	3.5760367660345876e-05	0.00017723719661418493	0.0006249865804316037	0.00010674460012831697	0.9990552712551656
TD	Pbre1_15G458400	Pbre1_15G458600	Prupe.7G157300.1	0.155071	0.35092	0.4418984383905163	Conservation	0.9972215852447237	7.88337490841609e-05	0.0024202774633905627	0.0002793035287926589	1.4008827517749283e-11
TD	Pbre1_15G493600	Pbre1_15G493800	Prupe.7G136800.1	0.345872	0.514219	0.6726161421495511	Conservation	0.9269261365482482	0.020962149443088766	0.01019092084702721	0.041920793055418494	1.0621729728633138e-10
TD	Pbre1_15G513800	Pbre1_15G514000	Prupe.6G228700.1	2.18189	0.312743	6.976622977972329	Subfunctionalization	8.000439072527393e-06	3.204581080157802e-11	1.0183810723181956e-10	0.9999919994270428	9.785061558676455e-16
TD	Pbre1_15G570000	Pbre1_15G570200	Prupe.6G189000.1	0.19426	0.355489	0.5464585402079951	Subfunctionalization	0.00826657046291191	9.982783044194601e-05	2.369556672722168e-06	0.9916310662510874	1.6589888603568725e-07
TD	Pbre1_15G574800	Pbre1_15G575000	Prupe.6G185700.1	0.134414	1.44978	0.09271337720205824	Conservation	0.9902258801839836	4.5257209112578e-06	0.0002923525586778688	0.009477131305601709	1.1023082552613068e-07
TD	Pbre1_15G584400	Pbre1_15G584600	Prupe.6G179700.1	0.0251502	0.355777	0.07069091031741793	Conservation	0.9994534328181369	0.0001221957863543096	7.110871966583543e-05	0.0003410114356034467	1.2251240239461096e-05
TD	Pbre1_15G672200	Pbre1_15G672400	Prupe.1G522600.1	0.65285	0.560145	1.1655017897151632	Conservation	0.9999259084277399	1.4237878617520162e-07	1.6522778542127626e-06	7.229691554266761e-05	7.708556266480718e-14
TD	Pbre1_15G705000	Pbre1_15G705200	Prupe.1G540200.1	0.0142857	0.423674	0.03371861383988633	Conservation	0.9865740600847959	0.00017384328019499781	0.00017549239104124885	0.013076603733140868	5.108270701784181e-10
TD	Pbre1_15G714800	Pbre1_15G715000	Prupe.1G546100.1	0.0257738	1.11177	0.023182672675103665	Specialization	0.2579960699621177	4.003206896378205e-05	4.91107068496819e-06	1.1666542671538345e-07	0.7419588702328069
TD	Pbre1_15G729000	Pbre1_15G729200	Prupe.1G552100.1	0.0570446	0.747732	0.07629016813510724	Specialization	0.39934734619211293	0.0018079614357733864	0.0010260179105801436	5.6072292309058666e-08	0.5978186183892412
TD	Pbre1_15G746600	Pbre1_15G746800	Prupe.1G566700.1	2.05097	3.93097	0.5217465409301012	Subfunctionalization	0.013198948401688764	0.00027102706609123813	6.0357151247503594e-05	0.9864696673570668	2.3905625542849904e-11
TD	Pbre1_15G748800	Pbre1_15G749000	Prupe.1G567800.1	0.319957	0.269755	1.186102203851643	Subfunctionalization	0.004892781852722659	0.0005158678420110682	0.00018126495878011204	0.9943814526388913	2.8632707594695903e-05
TD	Pbre1_15G752400	Pbre1_15G752600	Prupe.1G570300.1	0.167067	0.40415	0.4133786960287022	Subfunctionalization	1.4861266336453318e-10	1.0394512754730711e-14	1.9004126449906074e-11	0.9725979069152062	0.027402092917166648
TD	Pbre1_15G758600	Pbre1_15G758800	Prupe.1G575200.1	0.051908	1.15316	0.04501370148114746	Specialization	1.2885737182351606e-09	1.4906691958782033e-11	3.0104073660153726e-10	6.96573553978943e-05	0.9999303410400808
TD	Pbre1_15G759000	Pbre1_15G759200	Prupe.1G575700.1	0.159214	0.416117	0.3826183501274882	Specialization	0.17555382385931623	0.0059771415499538854	0.08257720532611486	0.04169840964430356	0.6941934196203114
TD	Pbre1_15G778000	Pbre1_15G778200	Prupe.1G584100.1	0.25554	1.0106	0.2528596873144667	Subfunctionalization	0.0017730755239998392	1.5543760530251135e-05	0.0066242420351901145	0.9915792920617811	7.8466184988396e-06
TD	Pbre1_16G023200	Pbre1_16G023400	Prupe.1G339000.1	0.137309	0.942581	0.14567342223108676	Conservation	0.7049910387429665	0.0305402407252136	0.08961807631941769	0.00011233730211891075	0.17473830691028322
TD	Pbre1_16G032200	Pbre1_16G032400	Prupe.1G334700.1	0.240259	0.384563	0.6247584921066249	Specialization	0.032268825892989586	9.151736486774624e-05	0.0017013752220680742	1.6121240918981383e-05	0.9659221602791557
TD	Pbre1_16G037400	Pbre1_16G037600	Prupe.1G332200.1	0.746373	0.774642	0.9635070135623939	Conservation	0.8471492373337121	0.009517640392808153	0.13375516313552896	0.0006257212802703424	0.008952237857680553
TD	Pbre1_16G040000	Pbre1_16G040200	Prupe.1G331100.1	0.212137	0.765655	0.2770660414938843	Conservation	0.9075126702935977	3.572802701048745e-05	0.0924262739556096	2.1165802312393546e-05	4.161921469850965e-06
TD	Pbre1_16G040600	Pbre1_16G040800	Prupe.1G330900.1	1.89273	1.36442	1.387204819630319	Specialization	2.2362513764723464e-07	7.027777449547453e-11	0.4615265965927802	1.0828132469998694e-05	0.5384623515793343
TD	Pbre1_16G041000	Pbre1_16G041200	Prupe.1G330800.1	0.0380345	0.621905	0.06115805468680907	Specialization	0.0594175235926509	0.0005054471286172507	0.0793111003569338	0.023385576632060277	0.8373803522897377
TD	Pbre1_16G121400	Pbre1_16G121600	Prupe.1G280200.1	1.30104	3.2364	0.4020022246941045	Specialization	0.0010560529806925352	7.69047566993538e-06	2.5236158600652312e-05	9.999089595954727e-08	0.998910920394141
TD	Pbre1_16G130200	Pbre1_16G130400	Prupe.1G275800.1	0.492351	0.384693	1.2798543253971348	Subfunctionalization	0.004653904364398168	0.000690200582389768	9.733488005865043e-05	0.9945166356691132	4.1924504040322935e-05
TD	Pbre1_16G131400	Pbre1_16G131600	Prupe.1G275300.1	2.15278	0.867589	2.481336208734781	Subfunctionalization	6.58799097051021e-05	5.550779883551865e-06	8.813678363801459e-06	0.9999197420181746	1.3613873066942377e-08
TD	Pbre1_16G149400	Pbre1_16G149600	Prupe.1G263400.1	0.0484752	0.471917	0.10271975792353318	Conservation	0.8076279732813713	0.003148142289269483	0.004554637362128769	0.0010154542559941504	0.18365379281123645
TD	Pbre1_16G172600	Pbre1_16G172800	Prupe.1G249900.1	0.537114	0.806017	0.6663804857713919	Conservation	0.8374879323320948	7.614390767578984e-05	0.16239883675956032	9.783566362352468e-09	3.707721710265362e-05
TD	Pbre1_16G178200	Pbre1_16G178000	Prupe.1G246700.1	0.900683	1.08566	0.8296179282648343	Conservation	0.9851413199417468	0.003236893432883918	0.01082201967173018	0.0007869270364662946	1.2839917172847805e-05
TD	Pbre1_16G182400	Pbre1_16G182600	Prupe.1G243700.1	0.127955	0.816313	0.15674747308936648	Conservation	0.9646117523987928	0.001397497114745382	0.0019997614150962023	0.03189575306546895	9.523600589655914e-05
TD	Pbre1_16G184400	Pbre1_16G184600	Prupe.1G242500.1	0.797083	0.28964	2.7519783179118904	Conservation	0.6158155236912237	2.9928991013237455e-06	0.03614945378994252	0.347941823865852	9.020575388059088e-05
TD	Pbre1_16G185600	Pbre1_16G185800	Prupe.1G241800.1	0.33655	0.463623	0.7259130802397638	Subfunctionalization	0.0001843986304815318	4.244925900333711e-05	5.247636581967531e-06	0.9997338668465694	3.40376273636674e-05
TD	Pbre1_16G201200	Pbre1_16G201400	Prupe.1G232500.1	0.133951	0.432118	0.30998708686053345	Conservation	0.8210472763081256	0.11118468221145718	0.007404586273991044	0.00932725919228361	0.05103619601414266
TD	Pbre1_16G234800	Pbre1_16G235000	Prupe.1G211900.1	1.58326	0.844365	1.8750895643471719	Subfunctionalization	0.3381975310853658	0.00337143564872302	0.0028471736180949616	0.6545717036285279	0.0010121560192882875
TD	Pbre1_16G262800	Pbre1_16G263000	Prupe.1G115900.1	0.791251	1.2787	0.6187933057011027	Subfunctionalization	0.46095545558280715	6.358300795211458e-05	7.22284873519635e-05	0.5372489791430954	0.001659753778793406
TD	Pbre1_16G269800	Pbre1_16G270000	Prupe.1G122600.1	1.5885	0.487967	3.255343086725127	Subfunctionalization	0.0018019650771275287	3.022059435888439e-06	2.466669258039484e-05	0.9981511916612774	1.9154509578722622e-05
TD	Pbre1_16G286200	Pbre1_16G286400	Prupe.1G134500.1	0.112929	0.818259	0.13801131426602092	Subfunctionalization	0.007593563422522871	0.006039552406829312	0.00045482429606133793	0.9849374388250918	0.0009746210494948143
TD	Pbre1_16G287600	Pbre1_16G287800	Prupe.1G137000.1	0.0741842	0.336976	0.2201468353829353	Subfunctionalization	0.015301175041546936	1.526219029168038e-05	0.002354544992682147	0.9794376908930983	0.002891326882381052
TD	Pbre1_16G304000	Pbre1_16G304200	Prupe.1G146600.1	0.202599	0.329395	0.615063980934744	Subfunctionalization	8.407644117612125e-08	4.438637030351382e-12	1.666471624972373e-08	0.9999997411051045	1.5814929949434894e-07
TD	Pbre1_16G313400	Pbre1_16G313600	Prupe.1G151900.1	0.198987	0.231623	0.8590986214667801	Conservation	0.9718761347771467	7.323253749568926e-08	3.06209079835713e-06	0.02812063246105729	9.743846009442514e-08
TD	Pbre1_16G347400	Pbre1_16G347600	Prupe.1G026800.1	0.0208728	0.259949	0.08029575032025513	Conservation	0.9987843554580801	8.422019163369188e-07	1.6682375840602303e-08	2.5912708364552505e-07	0.0012145265305440697
TD	Pbre1_16G359200	Pbre1_16G359000	Prupe.1G036700.1	0.785498	1.38399	0.5675604592518733	Subfunctionalization	2.975276073737197e-17	7.92446533537645e-22	2.36445158644861e-19	1.0	5.611055495036096e-17
TD	Pbre1_16G412800	Pbre1_16G413000	Prupe.1G072000.1	0.30039	2.18958	0.1371906941057189	Subfunctionalization	2.0436133256190376e-15	2.968727567845718e-22	2.5679270697814568e-17	0.999999999999998	5.4110256983835576e-21
TD	Pbre1_16G482600	Pbre1_16G482800	Prupe.6G211700.1	1.00444	1.06439	0.943676659870912	Conservation	0.8700215089778824	0.04331784239721296	0.0010009823865354318	0.04234979336541017	0.04330987287295901
TD	Pbre1_17G030000	Pbre1_17G030200	Prupe.3G300300.1	0.180196	0.59147	0.30465788628332796	Subfunctionalization	0.029682880822186845	0.40349198156475236	0.05671453788106742	0.5080116116359168	0.0020989880960767112
TD	Pbre1_17G051400	Pbre1_17G051600	Prupe.3G289200.1	0.0849353	0.609856	0.13927107382726417	Neofunctionalization(Child)	0.0020365367167454367	2.201748682811453e-06	0.8789547067084164	0.07111273470703769	0.047893820119117754
TD	Pbre1_17G093400	Pbre1_17G093600	Prupe.3G264200.1	0.120309	0.494424	0.24333163438668026	Neofunctionalization(Child)	0.00968482182127957	2.2498964597858383e-10	0.7662263488426414	0.045730478027391906	0.1783583510836976
TD	Pbre1_17G099200	Pbre1_17G099400	Prupe.3G261300.1	0.112264	0.520099	0.2158512129421514	Conservation	0.5295717674781597	2.4784390058114675e-05	0.305257097857137	0.15690620920848247	0.008240141066162708
TD	Pbre1_17G099600	Pbre1_17G099800	Prupe.3G261200.1	0.40944	0.4484	0.9131132917038359	Neofunctionalization(Child)	1.0266668129886308e-07	1.7226845531891025e-16	0.9999998150258553	1.3356467788533774e-08	6.895099538082653e-08
TD	Pbre1_17G112200	Pbre1_17G112400	Prupe.3G254600.1	0.0829	0.386269	0.21461727449005746	Conservation	0.8168319190614651	0.03559115490559086	0.11204735508972728	0.034316092074551406	0.0012134788686652255
TD	Pbre1_17G123800	Pbre1_17G124000	Prupe.3G247600.1	0.569036	0.354382	1.605713608478986	Neofunctionalization(Parent)	0.1051770190836445	0.894687818368765	1.6349807736838033e-05	0.00011523128045342267	3.5814594002604826e-06
TD	Pbre1_17G131200	Pbre1_17G131400	Prupe.3G243400.1	0.0212837	0.351553	0.06054193819993002	Neofunctionalization(Parent)	0.011530159795255129	0.680028121866215	0.006857604599365156	0.19241660061296484	0.10916751312619992
TD	Pbre1_17G138400	Pbre1_17G138600	Prupe.3G239500.1	0.112833	0.522789	0.21582894819898663	Neofunctionalization(Parent)	7.669916034417028e-05	0.999891529506859	9.619849130883322e-06	1.4495174733313997e-05	7.656308932644626e-06
TD	Pbre1_17G159400	Pbre1_17G159600	Prupe.3G224800.1	0.0654134	1.26206	0.05183065781341616	Neofunctionalization(Child)	0.0033927154738271825	0.008488919682041733	0.9378364341255071	0.05026882486165493	1.3105856969079967e-05
TD	Pbre1_17G159800	Pbre1_17G160000	Prupe.3G223900.1	0.453735	0.475106	0.9550184590386146	Neofunctionalization(Parent)	0.0007492919976357675	0.999206709368499	9.583470575952352e-10	3.1866184115047206e-05	1.2131491403164174e-05
TD	Pbre1_17G163400	Pbre1_17G163600	Prupe.3G222200.1	0.144014	0.579937	0.2483269734471158	Subfunctionalization	0.34246211916476127	0.18351305940215307	0.061922060228988496	0.40826882824523286	0.003833932958864261
TD	Pbre1_17G168200	Pbre1_17G168400	Prupe.3G220000.1	0.2418	0.50555	0.47829097023044204	Subfunctionalization	1.4469534801070835e-08	0.014752516723379575	3.30249871874863e-06	0.906653435195375	0.07859073111299196
TD	Pbre1_17G170600	Pbre1_17G170800	Prupe.3G218500.1	0.181289	0.570489	0.31777825689890604	Subfunctionalization	2.530597571608478e-07	0.0009517791493890422	0.025616271047329466	0.6226819395084825	0.35074975723504176
TD	Pbre1_17G186800	Pbre1_17G187000	Prupe.3G209900.1	0.0175064	0.729769	0.023988960890363936	Neofunctionalization(Parent)	0.007753713790759742	0.9906730654712427	1.9120900571046274e-08	0.0014241238311860304	0.0001490777859110172
TD	Pbre1_17G199800	Pbre1_17G200000	Prupe.3G201300.1	0.0285252	0.423886	0.06729450842915312	Neofunctionalization(Child)	0.36899089945008257	0.14465210645856974	0.46850829730996013	0.0055917386208892556	0.012256958160498264
TD	Pbre1_17G204000	Pbre1_17G204200	Prupe.3G198500.1	0.130967	0.443364	0.2953938524553189	Neofunctionalization(Parent)	0.16571656268637058	0.5624698231498352	0.0021922731353324807	0.2690699640984969	0.0005513769299648864
TD	Pbre1_17G218600	Pbre1_17G218800	Prupe.3G192000.1	0.0589128	0.231793	0.25416125594819516	Neofunctionalization(Child)	0.010235566027017542	1.5801032158147226e-07	0.9863516890555484	0.003412582856727575	4.05038483694895e-09
TD	Pbre1_17G225800	Pbre1_17G226000	Prupe.3G187800.1	0.36343	1.10139	0.32997394201872177	Neofunctionalization(Child)	0.14000291083413416	7.293441545225428e-06	0.8587442377687025	0.0003932867919720887	0.0008522711636460716
TD	Pbre1_17G244400	Pbre1_17G244600	Prupe.3G174600.1	0.619831	0.625041	0.9916645468057297	Specialization	3.0660118831945673e-10	1.0601678848080013e-13	0.01074673428633943	0.48887057409062945	0.5003826913163238
TD	Pbre1_17G276000	Pbre1_17G276200	Prupe.3G031100.1	0.0247951	0.231441	0.10713356751828759	Specialization	1.3931055734148554e-07	7.701751377283627e-06	1.701064400465687e-05	2.532255285426938e-05	0.9999498257412065
TD	Pbre1_17G281400	Pbre1_17G281600	Prupe.3G028800.1	0.189434	0.426443	0.4442188053268549	Conservation	0.994402316278959	2.5709302584694604e-08	0.005597326894370622	3.3111641516594877e-07	9.526506306724308e-13
TD	Pbre1_17G299600	Pbre1_17G299800	Prupe.3G039500.1	0.0697938	0.432061	0.16153691261187658	Neofunctionalization(Parent)	0.16785799258253334	0.7451023004610845	9.323510284176837e-06	0.08183496805293775	0.005195415393160128
TD	Pbre1_17G328400	Pbre1_17G328600	Prupe.3G056600.1	0.114436	0.367445	0.31143708582236795	Subfunctionalization	0.03795254691067594	0.006937151092084777	0.00016533125326007682	0.954942455780538	2.5149634411058693e-06
TD	Pbre1_17G361600	Pbre1_17G361800	Prupe.3G078400.1	0.133342	0.667973	0.19962184100255545	Subfunctionalization	0.010229432495173853	3.6231044833205676e-05	0.05289463908392401	0.7632596486979654	0.17358004867810362
TD	Pbre1_17G378600	Pbre1_17G378800	Prupe.3G088100.1	0.0957487	0.211984	0.45167890029436186	Neofunctionalization(Child)	0.0002654362304022676	3.4067235115535342e-09	0.5901011625957896	0.19797387292363633	0.21165952484344827
TD	Pbre1_17G384800	Pbre1_17G385000	Prupe.3G092100.1	0.0620842	0.251995	0.24637076132462943	Conservation	0.8322991726432636	0.16719424732837262	1.8563186443968078e-05	0.00044982253819548514	3.819430372434806e-05
TD	Pbre1_17G398200	Pbre1_17G398400	Prupe.3G097000.1	0.464261	0.458824	1.0118498596411696	Neofunctionalization(Child)	0.11110398405785024	0.0001599393968080251	0.7438521050124206	0.12940291440276938	0.015481057130151825
TD	Pbre1_17G401400	Pbre1_17G401600	Prupe.3G100000.1	1.06009	0.562567	1.8843799938496213	Neofunctionalization(Child)	0.00156200063986209	7.440566472541136e-07	0.9926587963151197	0.005710601103492304	6.785788487866871e-05
TD	Pbre1_17G404600	Pbre1_17G404800	Prupe.3G102000.1	0.417912	0.28369	1.4731291198138814	Conservation	0.9964297042011928	6.752026592368497e-07	0.003557338438826307	9.580502188689035e-06	2.701655132982854e-06
TD	Pbre1_17G429800	Pbre1_17G430000	Prupe.3G131500.1	0.35617	0.683768	0.5208930514443495	Neofunctionalization(Child)	0.14092708713487384	0.23287406322538412	0.45722576681868776	0.16751385028365084	0.001459232537403381
TD	Pbre1_17G445800	Pbre1_17G446000	Prupe.3G148500.1	0.0970013	0.201281	0.48191980365757325	Neofunctionalization(Parent)	0.0035796457738921064	0.9865200931190808	0.0032559626697175863	0.006626591762338408	1.770667497134274e-05
TD	Pbre1_17G448800	Pbre1_17G449000	Prupe.3G150300.1	0.0143789	0.264967	0.054266757747191155	Conservation	0.7301371440917406	0.03370187831244704	0.011849862740365346	0.21196435378677284	0.012346761068674298
TD	Pbre1_17G476000	Pbre1_17G476200	Prupe.3G166400.1	0.0337571	0.595872	0.056651596315987325	Conservation	0.7969374783868158	0.022240277657912963	2.3259623606234156e-08	0.17059753460704488	0.010224686088602636
TD	Pbre1_17G476600	Pbre1_17G476800	Prupe.3G017700.1	0.0251528	0.263712	0.0953798082756947	Neofunctionalization(Child)	0.0005049097676791849	0.0002465434582279173	0.9768857885304436	0.019793454848605674	0.0025693033950435983
PD	Pbre1_01G046200	Pbre1_01G046600	Prupe.6G161400.1	0.375902	1.4823	0.253593739458949	Subfunctionalization	5.6216688103905836e-11	8.810261783609646e-05	5.081149810617806e-06	0.9955272503294041	0.0043795658467326035
PD	Pbre1_01G080800	Pbre1_01G081400	Prupe.6G185700.1	3.32262	1.12525	2.952783825816485	Subfunctionalization	0.03497179950260689	0.009005953662082703	0.17611098352820237	0.6900484824046611	0.0898627809024469
PD	Pbre1_01G118800	Pbre1_01G119200	Prupe.2G159500.1	0.283945	0.868953	0.3267668101727021	Neofunctionalization(Parent)	1.6679936631546242e-05	0.9977560180249673	3.2753386736636334e-14	0.002226283710162283	1.0183282062123496e-06
PD	Pbre1_01G134000	Pbre1_01G132800	Prupe.2G164900.1	0.085784	0.417609	0.20541702884755836	Subfunctionalization	0.0036606321347254435	0.007127957193652003	0.43095751351916306	0.5442332979646284	0.014020599187831148
PD	Pbre1_01G137400	Pbre1_01G138000	Prupe.2G167300.1	0.302294	0.248985	1.2141052673855854	Subfunctionalization	0.0007283028953704472	2.401203266869019e-07	0.0013410408869278028	0.9979304160973637	1.1407916449516626e-14
PD	Pbre1_01G138600	Pbre1_01G139000	Prupe.2G167900.1	0.183989	0.369437	0.4980253737443732	Neofunctionalization(Child)	0.012780965390107465	4.499435814388155e-06	0.9641005013909174	0.006975684115241683	0.0161383496679188
PD	Pbre1_01G141200	Pbre1_01G142200	Prupe.2G170000.1	0.0535564	0.527041	0.1016171417403959	Neofunctionalization(Child)	8.630618419393635e-18	2.110250502114963e-34	0.9975074812097029	0.00036124889301076234	0.0021312698972862807
PD	Pbre1_01G145600	Pbre1_01G146000	Prupe.2G171100.1	0.220444	0.434953	0.5068225762323746	Neofunctionalization(Child)	2.751396807059611e-09	1.7375289219267301e-12	0.9980945562818497	7.093009715201278e-07	0.0019047316640446535
PD	Pbre1_01G146400	Pbre1_01G147000	Prupe.2G171300.1	0.00742341	0.272385	0.027253372983093785	Neofunctionalization(Parent)	0.00025335428388575585	0.9980866431950096	7.4359555004436e-05	0.0015762299054960646	9.413060604225588e-06
PD	Pbre1_01G146600	Pbre1_01G147200	Prupe.2G171400.1	0.0555319	1.27234	0.04364548784130028	Subfunctionalization	0.0002933712235203138	0.00014283343621470098	0.00030507845660437	0.9992587168836592	1.471061854975658e-15
PD	Pbre1_01G155400	Pbre1_01G155800	Prupe.2G176900.1	0.289019	0.786846	0.3673132989174502	Subfunctionalization	1.3512890931730946e-21	5.943459148918851e-19	7.648997063643548e-30	1.0	1.5760547376707641e-34
PD	Pbre1_01G155600	Pbre1_01G156200	Prupe.2G177000.1	0.278397	0.755558	0.368465425553035	Conservation	0.5659217726952656	0.004708684824244803	0.41588006681302875	0.0037885866313576476	0.009700889036103152
PD	Pbre1_01G200400	Pbre1_01G199200	Prupe.2G203500.1	0.0633951	0.318507	0.1990383256882894	Subfunctionalization	2.3213935566984229e-07	9.516788224286087e-08	4.919702327893437e-13	0.9999996726908734	1.3965895093507446e-12
PD	Pbre1_01G232600	Pbre1_01G233000	Prupe.2G220700.1	0.0172936	0.446364	0.03874326782625839	Conservation	0.9356159503522812	0.011760865875892835	0.0019830406171576827	0.0010004946017590373	0.04963964855290927
PD	Pbre1_01G236200	Pbre1_01G236800	Prupe.2G224300.1	0.150081	0.564678	0.26578156046454793	Subfunctionalization	0.23799316188718914	0.20926915445373012	2.2143622841280963e-06	0.5527354692967965	8.30419756131321e-23
PD	Pbre1_01G298600	Pbre1_01G299000	Prupe.2G260000.1	0.726489	0.551217	1.3179727766015927	Conservation	0.975984442559402	0.00040151873678106217	0.01912649982909877	0.004476102873417585	1.1436001300778402e-05
PD	Pbre1_01G304800	Pbre1_01G306200	Prupe.2G263500.1	0.180749	0.755532	0.2392340761211967	Conservation	0.9983416387577196	0.0003306279894558467	0.0011097828164376672	3.402217372910389e-05	0.00018392826265771926
PD	Pbre1_01G323600	Pbre1_01G325200	Prupe.2G274000.1	0.0775436	0.335572	0.2310788742803333	Conservation	0.7025083871402833	0.002909639513572608	0.07737607058900949	7.492268680992336e-06	0.21719841048845367
PD	Pbre1_01G325600	Pbre1_01G324000	Prupe.2G274500.1	0.0033303	0.357961	0.009303527479250534	Specialization	0.00046121695315735277	9.737018722698809e-05	7.741419627681747e-07	0.0021747639999745673	0.9972658747176782
PD	Pbre1_01G325600	Pbre1_01G326200	Prupe.2G274500.1	0.0133719	0.357961	0.03735574545830412	Subfunctionalization	0.0663056461247692	0.019269967045501837	0.000987710415104418	0.9134320857434236	4.590671200872221e-06
PD	Pbre1_01G353000	Pbre1_01G353400	Prupe.2G288800.1	0.716769	1.29315	0.5542814058693887	Subfunctionalization	0.0019673877031972176	0.0028329724293293056	0.0025287258543561027	0.9160782776499432	0.07659263636317419
PD	Pbre1_01G368800	Pbre1_01G369400	Prupe.2G295900.1	0.0633912	0.452883	0.13997257569835916	Specialization	4.15046789740959e-08	8.17607070094585e-10	1.9790358540771594e-08	0.002370050126277444	0.9976298877610779
PD	Pbre1_01G382400	Pbre1_01G382800	Prupe.2G303000.1	1.94438	1.12256	1.7320944982896238	Specialization	0.10986254144429813	0.0014400732698415244	0.14184390884338186	6.560209657563276e-05	0.7467878743459028
PD	Pbre1_01G386800	Pbre1_01G387600	Prupe.2G304900.1	0.202002	0.401648	0.5029329163844959	Neofunctionalization(Child)	0.45570915918581995	0.0006788376432755003	0.5116290466735254	0.0001181585091030216	0.031864797988275975
PD	Pbre1_01G426400	Pbre1_01G426800	Prupe.2G325300.1	0.418365	0.825529	0.5067841347790326	Conservation	0.9948748804285863	7.130506937846004e-05	0.004803003572027299	0.00018750846452053908	6.330246548750134e-05
PD	Pbre1_01G431800	Pbre1_01G432400	Prupe.2G328200.1	0.0605319	0.203202	0.2978902766705052	Conservation	0.9979623911746223	0.0013033363623215885	2.2817839496762758e-06	1.6782213962024146e-06	0.0007303124577103025
PD	Pbre1_01G432000	Pbre1_01G432600	Prupe.2G328300.1	0.0763499	0.226378	0.33726731396160403	Subfunctionalization	1.266115377869089e-08	4.578711119676809e-12	3.1995554448387645e-08	0.9999999492763058	6.062407306072443e-09
PD	Pbre1_01G432200	Pbre1_01G432800	Prupe.2G328400.1	0.0603218	0.353087	0.17084118078547214	Subfunctionalization	1.6397512441550042e-15	1.9389597208966388e-21	8.212178190224285e-17	0.9999999999999982	7.447386743946972e-20
PD	Pbre1_02G015400	Pbre1_02G015800	Prupe.7G264800.1	0.0894805	0.389823	0.22954135594872546	Conservation	0.7137567043261153	0.004384046791827757	0.25583614741527294	0.010556696175083358	0.015466405291700446
PD	Pbre1_02G015600	Pbre1_02G016000	Prupe.7G264700.1	0.0922519	0.505009	0.18267377413075805	Conservation	0.9962060065250475	0.0031051126217963645	1.1206719872711514e-06	0.0006876078198523994	1.5236131650057025e-07
PD	Pbre1_02G038200	Pbre1_02G038600	Prupe.7G257000.1	0.116919	0.611819	0.1911006359724036	Subfunctionalization	0.009755681409130836	0.021327822733881948	0.0001288806770130228	0.9687876150919992	8.797504487356498e-11
PD	Pbre1_02G060800	Pbre1_02G062400	Prupe.7G242300.1	0.0699506	0.470796	0.14857942718289877	Neofunctionalization(Parent)	0.001153486837142539	0.8893341718631391	3.150156754511789e-05	0.10948083855367403	1.1784992213378648e-09
PD	Pbre1_02G093600	Pbre1_02G092400	Prupe.7G227300.1	0.41944	0.273385	1.5342465753424657	Subfunctionalization	2.0337232748008528e-05	6.87951066751517e-05	9.549379811685099e-08	0.9999107721645724	2.206247781097013e-12
PD	Pbre1_02G151200	Pbre1_02G151800	Prupe.7G193900.1	0.312024	0.285985	1.0910502299071632	Subfunctionalization	9.201446854386524e-22	1.7855834888799222e-19	5.3893770787932616e-27	1.0	7.43712220197915e-33
PD	Pbre1_02G151200	Pbre1_02G152200	Prupe.7G193900.1	0.349068	0.285985	1.2205814990296695	Subfunctionalization	0.0019471616994348726	1.7887608994578013e-05	6.216583291765183e-07	0.9980328189177354	1.5101155058733259e-06
PD	Pbre1_02G164800	Pbre1_02G165200	Prupe.7G187600.1	0.8148	0.653432	1.2469545415590297	Subfunctionalization	0.09472473056660452	0.0014023507281461071	4.071674251551261e-05	0.9038321443745043	5.758822947294787e-08
PD	Pbre1_02G172800	Pbre1_02G173200	Prupe.7G182100.1	0.143701	0.464167	0.30958900568114495	Conservation	0.9784098687939742	0.014027584905919653	7.260020575406364e-05	0.007489946089291418	5.060874609998175e-12
PD	Pbre1_02G200600	Pbre1_02G201000	Prupe.7G168200.1	0.19697	0.37593	0.5239539275929029	Conservation	0.7110514895990488	0.28869373876351856	5.651623778815333e-08	0.00025471512119480574	2.181521389357171e-19
PD	Pbre1_02G218200	Pbre1_02G218800	Prupe.7G158500.1	0.0968364	0.57301	0.1689960035601473	Conservation	0.9533259994874511	0.004968375375395762	0.004842705116542226	0.012397622145331669	0.024465297875279363
PD	Pbre1_02G241200	Pbre1_02G241600	Prupe.7G146300.1	5.1215	0.820129	6.244749301634255	Specialization	0.08045648749271869	0.004931012801466953	0.00019117700104074367	0.006098066392760268	0.9083232563120133
PD	Pbre1_02G245000	Pbre1_02G245400	Prupe.7G144300.1	0.0244848	0.292442	0.08372531989249152	Subfunctionalization	0.055096653283140645	0.0006527892114070324	0.0005232863577105526	0.9437272319402573	3.920748447159773e-08
PD	Pbre1_02G271200	Pbre1_02G271600	Prupe.6G230400.1	0.0155128	0.652666	0.023768359313952315	Conservation	0.6442654672935568	0.0006049351003927372	0.0054830347593968175	0.3496464875236967	7.532295686000308e-08
PD	Pbre1_02G273000	Pbre1_02G271800	Prupe.6G229800.1	0.117473	0.475037	0.24729231617747668	Specialization	3.4640994781626126e-05	2.1324994166467782e-05	4.425036403277433e-05	0.06768075163849581	0.9322190320085234
PD	Pbre1_02G279400	Pbre1_02G279800	Prupe.6G225000.1	0.373145	2.20597	0.16915234568013163	Specialization	0.0003150397899306982	0.00017741242616133712	0.00043201594468878933	0.000626880184782055	0.9984486516544371
PD	Pbre1_02G375800	Pbre1_02G377000	Prupe.2G104100.1	0.0292404	0.245983	0.11887162934023895	Conservation	0.7255063812735303	0.01062143110038944	0.16562898465202902	0.0011417850326276887	0.09710141794142357
PD	Pbre1_02G377200	Pbre1_02G376000	Prupe.2G103400.1	0.0264964	0.607324	0.043628112835982114	Subfunctionalization	0.0017408703612718532	3.070345306962089e-05	0.0009538521677730272	0.9969099249090068	0.000364649108878759
PD	Pbre1_02G377400	Pbre1_02G376200	Prupe.2G103300.1	0.059173	0.860616	0.06875656506502319	Conservation	0.8339070833523047	0.012124664865194465	0.028161356680754538	0.0010058071830548812	0.12480108791869146
PD	Pbre1_02G377800	Pbre1_02G376400	Prupe.2G102800.1	0.12618	0.508665	0.2480611011176314	Conservation	0.9575480696524982	0.0012958184432004516	0.007229246432404193	9.99412940728942e-08	0.03392676553060327
PD	Pbre1_02G377200	Pbre1_02G378000	Prupe.2G103400.1	0.0268975	0.607324	0.04428855108640528	Subfunctionalization	5.675864001090631e-06	2.3981752625109263e-09	2.7895023239893917e-07	0.9999934944905673	5.482970238789422e-07
PD	Pbre1_02G377400	Pbre1_02G378400	Prupe.2G103300.1	0.0316903	0.860616	0.03682281063796164	Subfunctionalization	1.67060327143731e-06	4.998676528795986e-11	2.865407426043321e-07	0.9999980350914897	7.714509552943693e-09
PD	Pbre1_02G379400	Pbre1_02G380200	Prupe.2G103400.1	0.0490957	0.598711	0.08200233501639355	Specialization	0.000757436807045427	0.0008291993544930462	0.0014341090744312513	0.008977846726119482	0.9880014080379109
PD	Pbre1_02G395800	Pbre1_02G396600	Prupe.2G088300.1	0.055561	1.2352	0.044981379533678756	Neofunctionalization(Child)	1.9982785201717054e-08	1.679314062216569e-12	0.9999033525724892	8.464362272584441e-05	1.1983820320537034e-05
PD	Pbre1_02G412400	Pbre1_02G412800	Prupe.2G065900.1	0.0553415	0.66047	0.08379108816448892	Neofunctionalization(Parent)	0.0951803374093065	0.9045790915579126	1.0357103731027383e-10	0.00023950391698888488	1.0670122210989316e-06
PD	Pbre1_02G419800	Pbre1_02G420800	Prupe.2G061100.1	0.32824	0.319711	1.0266772178623818	Subfunctionalization	0.000359107619652716	0.00624343727856781	1.6051338293100703e-06	0.9929074642264424	0.0004883857415078325
PD	Pbre1_02G421200	Pbre1_02G422400	Prupe.2G061000.1	0.028602	0.567711	0.05038126793386072	Neofunctionalization(Child)	1.8006181802977193e-05	1.0903470456196242e-07	0.9922190524228596	0.007639903837555271	0.00012292852307763553
PD	Pbre1_02G422000	Pbre1_02G422800	Prupe.2G060200.1	0.00617184	0.665679	0.009271495720910529	Specialization	0.07103991324127219	8.329116195455123e-06	0.266771239444573	0.25774551904621235	0.40443499915174713
PD	Pbre1_02G436800	Pbre1_02G437600	Prupe.2G047500.1	0.329831	0.728362	0.45283938481139874	Neofunctionalization(Parent)	0.017212057728056358	0.9815554563258808	5.455413390669485e-07	0.0012133810791808682	1.855932554285789e-05
PD	Pbre1_02G437000	Pbre1_02G438000	Prupe.2G047400.1	0.107701	0.424749	0.2535638694852725	Conservation	0.9925424022831953	2.6436566096155794e-05	0.007363022926846209	6.633901643071268e-05	1.7992074313679037e-06
PD	Pbre1_02G478600	Pbre1_02G480000	Prupe.2G023300.1	0.528068	0.303042	1.7425571372945006	Subfunctionalization	0.00010021937432292675	1.3459230676978986e-07	0.1467075191815982	0.8404285677864568	0.01276355906531536
PD	Pbre1_03G048600	Pbre1_03G049200	Prupe.6G028200.1	0.214346	0.951008	0.2253882196574582	Neofunctionalization(Child)	0.004139570431374275	0.002420202626639474	0.9773701178033025	0.014985911321952039	0.0010841978167317628
PD	Pbre1_03G057600	Pbre1_03G058000	Prupe.6G033200.1	0.257127	0.356371	0.7215149380841875	Neofunctionalization(Parent)	0.0011470052932774119	0.8944929867542116	4.604838237523147e-06	0.10433796208231497	1.7441031958571526e-05
PD	Pbre1_03G063600	Pbre1_03G064200	Prupe.6G036500.1	0.639699	0.416248	1.5368217985431762	Neofunctionalization(Parent)	0.09295013005006347	0.9030880715291488	1.4171096711658083e-05	0.0038996311282004786	4.79961958754674e-05
PD	Pbre1_03G084600	Pbre1_03G085000	Prupe.6G046800.1	0.0833614	0.909958	0.09161016222726763	Subfunctionalization	5.103102115668195e-07	3.7060586503648917e-06	0.00011503194425729043	0.9956172126373669	0.004263539049513894
PD	Pbre1_03G113600	Pbre1_03G114400	Prupe.6G061500.1	0.0458547	0.336342	0.1363335533474856	Subfunctionalization	9.81828624604559e-05	0.00012748081095177762	0.0004455707234419347	0.9568014602531631	0.04252730534998251
PD	Pbre1_03G113800	Pbre1_03G114600	Prupe.6G061600.1	0.273131	0.39553	0.6905443329203853	Neofunctionalization(Child)	1.0186489268038661e-10	5.190007611687432e-11	0.9999297879330645	6.746104427663903e-05	2.750868893862661e-06
PD	Pbre1_03G152800	Pbre1_03G153200	Prupe.6G085800.1	0.0554157	1.33141	0.04162181446736918	Neofunctionalization(Child)	0.11381639013740909	0.00042006287516864466	0.8784585104611125	0.0026271624451923398	0.004677874081117426
PD	Pbre1_03G162000	Pbre1_03G162600	Prupe.6G090400.1	0.0322427	0.280369	0.11500094518295532	Subfunctionalization	0.012305647575760515	3.790038880347872e-06	0.29126375150253	0.6954773588884037	0.0009494519944253517
PD	Pbre1_03G170400	Pbre1_03G171200	Prupe.6G095200.1	1.09631	0.572954	1.9134345863716808	Subfunctionalization	2.85990217772217e-05	0.00016790494772208584	0.0445955663235036	0.9552079296690023	3.799472183654002e-11
PD	Pbre1_03G195800	Pbre1_03G196200	Prupe.6G110900.1	0.0577979	0.617954	0.09353107189208258	Subfunctionalization	0.00020274575442455123	0.012364003595087703	0.011849354750553357	0.9663240554868786	0.009259840413055824
PD	Pbre1_03G222400	Pbre1_03G222800	Prupe.6G127300.1	0.729994	0.427451	1.707784050101649	Specialization	2.2819569160533003e-06	3.8039481360788384e-13	0.4582232746356755	0.027270819069042194	0.5145036243379858
PD	Pbre1_03G235600	Pbre1_03G236200	Prupe.6G137300.1	0.20522	0.564275	0.3636879181250277	Neofunctionalization(Parent)	0.0004980536931284406	0.9994543637003664	8.145669387264766e-10	2.2194483327437058e-05	2.5387308610720776e-05
PD	Pbre1_03G238600	Pbre1_03G239200	Prupe.6G139200.1	0.22535	1.74102	0.1294356182008248	Conservation	0.9995984419462778	0.00019641081290951628	0.00011085636518736593	7.184003992109859e-05	2.2450835704086974e-05
PD	Pbre1_03G279200	Pbre1_03G279800	Prupe.4G255700.1	0.17651	0.30768	0.5736804472178887	Conservation	0.999994409747435	1.5456458236271187e-07	5.421293828974668e-06	1.4330777115582496e-08	6.337648359465196e-11
PD	Pbre1_03G296600	Pbre1_03G297600	Prupe.4G243400.1	0.0385174	0.523808	0.073533432097257	Neofunctionalization(Child)	0.2619444724342196	5.4178206179413394e-08	0.7352857011159625	0.0027692326000099115	5.396716018257106e-07
PD	Pbre1_03G408200	Pbre1_03G408800	Prupe.4G159700.1	0.129213	0.373464	0.34598515519568146	Conservation	0.5546055800138338	0.44299696774031916	1.0346994686903225e-09	0.002391677408044483	5.773803103173486e-06
PD	Pbre1_03G426200	Pbre1_03G426800	Prupe.8G235100.1	0.261537	0.322595	0.8107286225762954	Specialization	2.6039144383982014e-08	8.663453283303364e-21	0.00011444769508471652	0.01958109162070804	0.9803044346450628
PD	Pbre1_03G426200	Pbre1_03G427000	Prupe.8G235100.1	0.123852	0.322595	0.3839241153768657	Subfunctionalization	0.011978800757446556	0.17700766695902098	0.01597971729280001	0.7712668023787205	0.02376701261201203
PD	Pbre1_04G018200	Pbre1_04G016400	Prupe.1G010400.1	0.14739	0.39025	0.3776809737347854	Neofunctionalization(Child)	3.687071920075145e-07	1.9830851336320605e-15	0.999997877743567	1.7468608243946728e-06	6.688414830677822e-09
PD	Pbre1_04G043600	Pbre1_04G044000	Prupe.1G176900.1	0.470304	0.874693	0.5376789342089167	Subfunctionalization	0.23437938718365237	0.19320064920819427	0.0002762323195434809	0.5721337616282179	9.96966039198698e-06
PD	Pbre1_04G065600	Pbre1_04G066200	Prupe.1G194700.1	0.139274	0.262022	0.5315355199181749	Neofunctionalization(Parent)	0.0013467546547931404	0.9986530843292337	2.8869151590272956e-16	1.6101425495373582e-07	1.7181265495413862e-12
PD	Pbre1_04G158200	Pbre1_04G158600	Prupe.6G232300.1	0.597715	1.01648	0.588024358570754	Conservation	0.7216800837284952	0.20007657141019047	8.09053669304154e-06	0.06666559163878158	0.011569662685839567
PD	Pbre1_04G183000	Pbre1_04G183400	Prupe.6G244400.1	0.078333	0.239003	0.32774902407082757	Neofunctionalization(Child)	0.05715197303158666	0.00043213910775253	0.9420065683799518	0.0004074547679001063	1.8647128089653128e-06
PD	Pbre1_04G184200	Pbre1_04G185200	Prupe.6G244700.1	0.0937705	0.480171	0.19528563782485825	Subfunctionalization	0.0035350747480898657	0.0019791760258184255	0.0006172498837153976	0.9938681169267726	3.8241560359017194e-07
PD	Pbre1_04G197600	Pbre1_04G199400	Prupe.6G250900.1	0.0842429	0.432899	0.19460174313176976	Neofunctionalization(Child)	0.0005941405666086432	4.737436565429015e-06	0.9587245879685813	0.04026078648095016	0.0004157475472944273
PD	Pbre1_04G206000	Pbre1_04G206600	Prupe.6G254400.1	0.183427	0.665505	0.27562076919031414	Neofunctionalization(Parent)	0.0010125362936901667	0.9970554856627355	4.8681888466508276e-08	0.0019308488057160754	1.0805559697875493e-06
PD	Pbre1_04G217000	Pbre1_04G215800	Prupe.6G260200.1	0.0173741	0.310886	0.05588575876687918	Neofunctionalization(Child)	3.259003630183889e-09	4.878074008280016e-10	0.9989218876290806	0.0008795030106418182	0.00019860561346634792
PD	Pbre1_04G222000	Pbre1_04G222400	Prupe.6G263000.1	0.827911	0.548628	1.5090571388992176	Subfunctionalization	1.212840265679777e-19	1.5616182039595292e-22	1.0587384534590375e-05	0.9980757427987075	0.0019136698167579887
PD	Pbre1_04G226800	Pbre1_04G227200	Prupe.6G264900.1	0.173517	0.50594	0.34295963948294267	Neofunctionalization(Parent)	0.009413939330710308	0.9901902388798245	6.9025020680750295e-09	0.0003843042413731102	1.151064559009737e-05
PD	Pbre1_04G256600	Pbre1_04G256200	Prupe.6G281400.1	1.14906	0.387437	2.965798310434987	Neofunctionalization(Child)	0.0015488220996288046	1.4178075842585412e-05	0.9974455265948206	2.550534266412085e-07	0.0009912181762815019
PD	Pbre1_04G263200	Pbre1_04G263600	Prupe.6G284300.1	0.199824	0.314399	0.6355745406314905	Subfunctionalization	0.011887570783380024	0.4239816023283318	0.010776454857711221	0.545610992145001	0.007743379885576045
PD	Pbre1_04G272600	Pbre1_04G274400	Prupe.6G289400.1	3.1323	1.4165	2.21129544652312	Subfunctionalization	0.28813016737576214	4.476206504694088e-05	0.025200719231799132	0.6839311052429068	0.0026932460844849323
PD	Pbre1_04G293400	Pbre1_04G294800	Prupe.6G301000.1	0.0959265	0.284422	0.3372682141325214	Neofunctionalization(Parent)	7.239498762911552e-06	0.9998528354636924	3.3550215687179417e-13	7.24926793995024e-05	6.74323578098901e-05
PD	Pbre1_04G309000	Pbre1_04G310000	Prupe.6G309100.1	0.0105493	0.475185	0.022200406157601774	Neofunctionalization(Parent)	0.013380787751365149	0.9749680154044772	1.441005615120835e-05	0.0013462384899324735	0.010290548298073942
PD	Pbre1_04G334800	Pbre1_04G335400	Prupe.6G322700.1	0.0236676	0.284194	0.08327973145105104	Conservation	0.9282860177609373	0.07169603477426491	4.112771838344039e-08	5.741064895688082e-07	1.7332230589921777e-05
PD	Pbre1_04G335800	Pbre1_04G336600	Prupe.6G322900.1	0.389893	0.342065	1.1398213789776797	Subfunctionalization	0.00038835079647263853	0.00016679437581760433	0.0002754430713821045	0.9990578930229915	0.00011151873333595077
PD	Pbre1_04G340200	Pbre1_04G340800	Prupe.6G326000.1	0.230815	0.621999	0.3710858056041891	Conservation	0.960712935134391	0.02134546359185454	0.015098513835756147	0.0018601862110861215	0.000982901226912126
PD	Pbre1_04G342200	Pbre1_04G342600	Prupe.6G326900.1	0.103918	0.376666	0.2758889838743077	Conservation	0.8024157443158995	0.011767677337596476	0.016930411908532433	0.03080277718932916	0.1380833892486425
PD	Pbre1_04G342400	Pbre1_04G342800	Prupe.6G327000.1	0.0576036	0.463126	0.12437997434823353	Subfunctionalization	0.05656006345459848	1.611716816003328e-05	0.001464050823762617	0.9419587277151515	1.0408383273032897e-06
PD	Pbre1_04G351800	Pbre1_04G352400	Prupe.6G331700.1	0.281575	1.17763	0.23910311388127004	Conservation	0.9721084624698996	0.01152319127752407	0.015876963930083254	9.728342999664201e-05	0.00039409889249632636
PD	Pbre1_04G396000	Pbre1_04G397600	Prupe.6G356300.1	1.47405	0.662581	2.2247091299026085	Subfunctionalization	0.48777119422220105	0.00018946469275312976	0.004703845076118988	0.5073316891970289	3.8068118980696734e-06
PD	Pbre1_05G049200	Pbre1_05G049800	Prupe.8G039200.1	0.36199	0.606054	0.597290010461114	Conservation	0.7506159369432285	0.0007381610949333413	0.24560617354740963	1.0436695516212186e-05	0.0030292917189122305
PD	Pbre1_05G088200	Pbre1_05G089000	Prupe.8G078600.1	1.47726	1.17217	1.260277946031719	Conservation	0.9416289013667953	0.006086847062893677	0.04486928785576249	0.0001274032153778897	0.007287560499170588
PD	Pbre1_05G108400	Pbre1_05G109000	Prupe.8G091600.1	0.020619	1.10852	0.018600476310756685	Conservation	0.8169170129103966	0.12153284398175591	0.015072462897474596	0.04479648297734003	0.0016811972330328068
PD	Pbre1_05G116400	Pbre1_05G116800	Prupe.8G096100.1	0.207573	0.460385	0.45086829501395576	Conservation	0.5250164180230346	0.00507717475259089	0.006325018240345953	0.3396422679769519	0.12393912100707681
PD	Pbre1_05G123200	Pbre1_05G123600	Prupe.8G100700.1	0.0540286	1.68203	0.03212106799522006	Subfunctionalization	0.007524413412947417	2.8996642590309375e-05	2.0442225584765947e-05	0.9924259539187338	1.9380014374319692e-07
PD	Pbre1_05G130200	Pbre1_05G130600	Prupe.8G107300.1	0.0411029	0.316047	0.13005312500988775	Subfunctionalization	0.009490027644646822	0.003328101163876096	6.864011339471867e-05	0.987109091960496	4.1391175861956036e-06
PD	Pbre1_05G145000	Pbre1_05G145600	Prupe.8G122100.1	0.963876	0.309027	3.1190672659670513	Subfunctionalization	0.0004138616943404681	4.63038293621963e-07	0.00022997249001711456	0.9993551923997921	5.103775565964211e-07
PD	Pbre1_05G197600	Pbre1_05G198600	Prupe.8G152400.1	0.107886	0.603655	0.17872128947826157	Subfunctionalization	0.0005131503618253697	5.736434950226504e-05	0.0004816671308004134	0.9989459234506767	1.894707195242812e-06
PD	Pbre1_05G242800	Pbre1_05G243200	Prupe.8G176900.1	0.272596	0.297203	0.9172047388485312	Subfunctionalization	1.620575553323469e-05	2.396598327986122e-07	7.790270083315631e-06	0.9999753278435813	4.364709694217638e-07
PD	Pbre1_05G245800	Pbre1_05G246400	Prupe.8G178500.1	0.112085	0.263088	0.4260361552028219	Neofunctionalization(Child)	0.21149707862461956	0.004178280980378543	0.46190732849799393	0.2940853741155554	0.028331937781452588
PD	Pbre1_05G252400	Pbre1_05G252800	Prupe.8G180100.1	0.0661905	0.277201	0.23878160612696203	Conservation	0.6728934246078432	0.00033579697681802357	0.0006679120102289887	0.32607844761234644	2.441879276348328e-05
PD	Pbre1_05G263800	Pbre1_05G264800	Prupe.8G183800.1	0.364063	0.33597	1.0836175849034142	Conservation	0.9682193188841085	0.01322881788058875	0.011371601332693033	0.0019854405671278245	0.005194821335482122
PD	Pbre1_05G268000	Pbre1_05G268800	Prupe.8G185500.1	0.194077	0.34649	0.5601229472712055	Subfunctionalization	2.1607630811092593e-08	1.1196954694735057e-11	8.440211549529705e-10	0.9999999774929665	4.41847443316844e-11
PD	Pbre1_05G271800	Pbre1_05G272200	Prupe.8G188300.1	3.83012	3.71273	1.031618243179547	Specialization	0.05061859626517362	5.534893185898092e-05	0.0036732151567545664	0.000938928101179509	0.9447139115450334
PD	Pbre1_05G273600	Pbre1_05G274000	Prupe.8G189300.1	0.308343	0.311808	0.9888873922413793	Neofunctionalization(Parent)	1.0733611035781758e-08	0.8812566428681459	2.001539383348497e-12	1.074418920145058e-05	0.11873260220704
PD	Pbre1_05G298200	Pbre1_05G299400	Prupe.8G202300.1	0.026862	0.340325	0.0789304341438331	Conservation	0.9999372984562075	2.4923152676543366e-05	3.594946360343795e-05	1.6658662081029488e-06	1.630613045296426e-07
PD	Pbre1_05G307000	Pbre1_05G308000	Prupe.8G206400.1	0.148059	0.428329	0.3456665320349544	Subfunctionalization	0.04932601386987942	4.2375834211937206e-05	0.0007038243572466845	0.9419382773338174	0.007989508604844407
PD	Pbre1_05G307200	Pbre1_05G308200	Prupe.8G206500.1	0.164414	0.510472	0.32208230813835037	Subfunctionalization	8.238151692180013e-07	4.530940019224897e-12	4.170428905613243e-09	0.999999172009871	1.0316636816789119e-19
PD	Pbre1_05G329800	Pbre1_05G330200	Prupe.8G216900.1	0.423647	0.345465	1.2263094669503423	Conservation	0.6035398574881967	0.0006877092917227452	0.02711852934868421	0.36606318826939904	0.002590715601997229
PD	Pbre1_05G350000	Pbre1_05G351000	Prupe.8G228700.1	0.283152	0.577801	0.4900510729472604	Specialization	0.33961860684814926	0.0014696546121361963	0.0016502606071995306	0.00015078687641566617	0.6571106910560993
PD	Pbre1_05G358000	Pbre1_05G358400	Prupe.8G232900.1	0.461596	1.00156	0.4608770318303447	Conservation	0.716196315037929	9.988839293809053e-06	0.2837921580069306	1.1457261503244512e-06	3.92389696273305e-07
PD	Pbre1_05G375800	Pbre1_05G376200	Prupe.4G139500.1	0.118111	0.515815	0.2289793821428225	Conservation	0.9994087700817031	7.74493944013254e-06	0.0005621162446945712	3.415346890986181e-09	2.136531881540558e-05
PD	Pbre1_05G377600	Pbre1_05G378000	Prupe.4G138700.1	0.821931	0.953728	0.8618086079049792	Specialization	0.23747108810413367	5.003439293818562e-05	0.0014842616549330656	0.00025270790072596996	0.7607419079472691
PD	Pbre1_05G394000	Pbre1_05G394800	Prupe.4G128200.1	0.16737	0.683323	0.24493541121841353	Subfunctionalization	1.2137597779101452e-06	2.191842175770475e-11	2.3582572127835347e-10	0.9999987846275379	1.3549400014222726e-09
PD	Pbre1_05G429600	Pbre1_05G428200	Prupe.4G106400.1	0.739703	0.53894	1.3725145656288271	Specialization	0.20330786775187798	0.1577573549009038	0.0064221655381359955	0.023467468877355846	0.6090451429317264
PD	Pbre1_05G437400	Pbre1_05G437800	Prupe.4G102500.1	0.0139104	0.279428	0.04978169689508567	Specialization	0.17481324004474041	4.649395838490898e-05	2.0910961617713143e-05	2.6538376288968974e-07	0.825119089651494
PD	Pbre1_05G458000	Pbre1_05G458400	Prupe.4G088300.1	0.24316	0.603927	0.40263144386656	Subfunctionalization	1.4489859859729053e-06	1.3743704276165436e-14	5.122680294861227e-13	0.9999985510134871	8.379695615422024e-16
PD	Pbre1_05G462200	Pbre1_05G462600	Prupe.4G086500.1	0.175315	0.752092	0.23310313099993085	Subfunctionalization	0.3549310599892713	0.0323430954404655	0.002095588826979569	0.610568108133849	6.214760943448726e-05
PD	Pbre1_05G462400	Pbre1_05G463200	Prupe.4G086400.1	0.441435	1.17645	0.37522631646053806	Specialization	0.11399330538715431	0.13241459920300278	0.028299664856198444	0.01154167416431762	0.7137507563893268
PD	Pbre1_05G540400	Pbre1_05G540800	Prupe.4G039000.1	0.44728	2.7361	0.16347355725302437	Subfunctionalization	5.526332763731167e-12	3.4544328210714086e-16	3.025868699317683e-13	0.999999035098839	9.64895331678093e-07
PD	Pbre1_05G541400	Pbre1_05G541800	Prupe.4G038700.1	0.0254303	0.277947	0.09149334225589771	Subfunctionalization	5.461872119903133e-22	1.3134091741639523e-29	3.6673449041788596e-23	1.0	1.643564621561315e-28
PD	Pbre1_05G574600	Pbre1_05G575200	Prupe.4G018500.1	0.00941876	0.281748	0.03342973153314309	Subfunctionalization	7.265025028508933e-05	1.1196265840712865e-07	1.0448922228492505e-05	0.9999128606955634	3.928169264725272e-06
PD	Pbre1_05G582200	Pbre1_05G583200	Prupe.4G014600.1	0.531924	0.285994	1.8599131450310142	Subfunctionalization	0.009890083340308083	3.896402199123755e-05	3.244079717504887e-05	0.9900313938719385	7.117968587290244e-06
PD	Pbre1_05G591400	Pbre1_05G591800	Prupe.4G008900.1	1.35362	0.702989	1.9255208829725645	Conservation	0.6885279758802341	0.002876107244002863	0.003936188762726347	0.304480347758413	0.00017938035462367283
PD	Pbre1_06G008600	Pbre1_06G009000	Prupe.5G005600.1	0.265451	0.27749	0.9566146527802802	Subfunctionalization	0.0006038458342964566	3.0675603809701455e-07	1.9519502412854013e-06	0.9993938462706627	4.918876140039796e-08
PD	Pbre1_06G014000	Pbre1_06G014600	Prupe.5G009300.1	0.523586	0.240833	2.1740625246540133	Subfunctionalization	0.0019152911321881601	5.647825425562435e-07	4.871811151422022e-05	0.9912299430313427	0.006805482942412466
PD	Pbre1_06G028200	Pbre1_06G028600	Prupe.5G019700.1	0.167507	0.408478	0.41007594044232487	Neofunctionalization(Parent)	4.142861701319267e-09	0.9994979655784044	8.23524482698901e-15	2.0252440630770626e-06	0.0005000050346626457
PD	Pbre1_06G030000	Pbre1_06G030600	Prupe.5G018500.1	0.213459	0.527426	0.4047183870343897	Neofunctionalization(Child)	0.0038282130705570875	8.124815958368476e-08	0.8864356168716995	0.0478594899008156	0.06187659890876834
PD	Pbre1_06G070400	Pbre1_06G071400	Prupe.5G048100.1	0.151477	0.433764	0.34921524146771055	Subfunctionalization	0.0005882514513294642	0.07025209080641648	0.0020786361897025137	0.8075205539367576	0.11956046761579388
PD	Pbre1_06G075200	Pbre1_06G075800	Prupe.5G051000.1	0.122058	0.42736	0.2856093223511793	Neofunctionalization(Parent)	0.00019650475204028347	0.9947989016549434	4.0314705354187044e-07	0.004160408225233912	0.0008437822207287326
PD	Pbre1_06G105600	Pbre1_06G106000	Prupe.5G072800.1	0.276014	0.277445	0.9948422209807348	Neofunctionalization(Parent)	0.16593128106618937	0.6424686371657689	0.00031187593044510614	0.14183613044166113	0.04945207539593534
PD	Pbre1_06G171800	Pbre1_06G171200	Prupe.5G108600.1	0.108674	0.6584	0.16505771567436212	Neofunctionalization(Child)	0.09166958462577869	8.547896569727797e-05	0.9070416074434093	0.0011925484191511713	1.0780545963591434e-05
PD	Pbre1_06G188600	Pbre1_06G189400	Prupe.5G117400.1	0.711279	0.448236	1.586840414424544	Conservation	0.988977668068904	0.010670424710060899	7.406301191281043e-06	0.0001739674105786748	0.0001705335092651381
PD	Pbre1_06G230600	Pbre1_06G231000	Prupe.5G141200.1	0.0243051	0.473187	0.05136468246169062	Neofunctionalization(Parent)	0.007341079235710718	0.9353203332214115	0.001090960944983898	0.007001457604867049	0.049246168993026786
PD	Pbre1_06G311000	Pbre1_06G311400	Prupe.5G183200.1	0.455119	0.364743	1.2477799436863766	Neofunctionalization(Parent)	0.16549967472937974	0.5877335297867174	0.03843623878644297	0.20202945850330165	0.00630109819415827
PD	Pbre1_06G311200	Pbre1_06G311600	Prupe.5G183300.1	0.0280683	0.51624	0.054370641562064156	Neofunctionalization(Child)	0.08237721830766065	0.018353846402648488	0.8978974246353416	0.0012498237150399417	0.00012168693930952327
PD	Pbre1_06G344000	Pbre1_06G344400	Prupe.5G203600.1	0.132173	1.16525	0.11342887792319246	Neofunctionalization(Parent)	0.0003652441507605243	0.9995042386540351	1.747112625118627e-08	0.00011607710356851014	1.4422620509597379e-05
PD	Pbre1_07G001000	Pbre1_07G000600	Prupe.2G001300.1	0.0473641	0.629756	0.07521024015650506	Conservation	0.5265836065900101	0.00030383079320378303	0.2528857101487498	0.21921382648663193	0.0010130259814043604
PD	Pbre1_07G015600	Pbre1_07G016200	Prupe.2G012200.1	0.0937259	0.467028	0.2006858261174919	Neofunctionalization(Parent)	4.1890380229832156e-07	0.9891042943320874	2.1301491879087974e-15	0.010895170644442008	1.1611966602715789e-07
PD	Pbre1_07G015800	Pbre1_07G016600	Prupe.2G012300.1	0.0900039	0.524839	0.1714885898342158	Neofunctionalization(Child)	5.86785396819269e-06	1.4002057528607103e-10	0.999945166543272	4.387900066338589e-05	5.086462075607458e-06
PD	Pbre1_07G027400	Pbre1_07G027800	Prupe.2G020700.1	0.0513566	0.763463	0.06726796190516109	Subfunctionalization	0.00806195344955795	0.14010394726460207	2.5764667771915687e-06	0.8104344872814863	0.04139703553757643
PD	Pbre1_07G035800	Pbre1_07G036200	Prupe.2G028600.1	0.0693234	0.37683	0.1839646524958204	Subfunctionalization	0.012000613137622813	1.1739414367282542e-05	0.004381612338793221	0.9667765951733088	0.01682943993590789
PD	Pbre1_07G042800	Pbre1_07G043600	Prupe.2G031500.1	0.0360228	0.273734	0.13159782854888324	Subfunctionalization	4.607327282816457e-07	2.41770472810181e-18	0.00018216311162070733	0.9998129544219458	4.421733705273036e-06
PD	Pbre1_07G048400	Pbre1_07G049200	Prupe.2G035500.1	0.019157	0.541092	0.03540433050202184	Neofunctionalization(Child)	1.9346477358272853e-06	1.1150225576581461e-07	0.9590488359457551	0.04094911790397697	2.7635364906526573e-13
PD	Pbre1_07G048800	Pbre1_07G049600	Prupe.2G036100.1	0.00303724	0.315317	0.009632338250078492	Neofunctionalization(Child)	3.554378907796808e-05	5.191580429989222e-06	0.9121030790314562	0.08785618551660507	8.24308256344341e-11
PD	Pbre1_07G068200	Pbre1_07G069800	Prupe.2G051800.1	0.077381	0.366997	0.2108491350065532	Neofunctionalization(Child)	1.679515875124121e-17	1.0236297786691244e-30	0.9999971319220682	9.676351596133096e-08	2.771314415791676e-06
PD	Pbre1_07G097000	Pbre1_07G097400	Prupe.2G086100.1	0.762756	0.688205	1.1083267340400027	Neofunctionalization(Child)	2.354275843949954e-13	7.947999980565083e-22	0.9943128743331958	0.00037138523878839174	0.005315740427780531
PD	Pbre1_07G134600	Pbre1_07G135200	Prupe.2G112600.1	0.0495769	0.52936	0.09365441287592564	Specialization	0.0018182425203645228	0.00023943830005727972	0.48193839159965474	0.0009368092593124821	0.515067118320611
PD	Pbre1_07G140000	Pbre1_07G140600	Prupe.2G115700.1	0.273895	0.373901	0.7325334781131905	Neofunctionalization(Child)	3.9999011956581406e-08	5.029193917902269e-10	0.5028813824401465	6.6344769400846215e-06	0.49711194258098207
PD	Pbre1_07G158200	Pbre1_07G159800	Prupe.2G128200.1	0.145494	0.772345	0.188379545410406	Conservation	0.9999899882490003	4.021516315147568e-07	5.846367543208043e-10	9.205662494343258e-06	4.033522369725977e-07
PD	Pbre1_07G159600	Pbre1_07G160400	Prupe.2G129300.1	0.196383	0.487231	0.40305932914777587	Neofunctionalization(Parent)	0.0003994086268579286	0.9992185955322178	8.396454225297005e-13	0.0003817496822246391	2.461578601943951e-07
PD	Pbre1_07G172000	Pbre1_07G172400	Prupe.2G135700.1	0.00987706	0.379476	0.026028154613203472	Specialization	0.00037858368392925784	0.0011322137729090896	0.028423493053650616	0.3716479567844554	0.5984177527050556
PD	Pbre1_07G186800	Pbre1_07G187400	Prupe.2G143800.1	0.100162	0.586099	0.17089604315994397	Subfunctionalization	0.0016006544301156221	0.0036402628713492237	0.020140843830886285	0.9303722108756607	0.044246027991988214
PD	Pbre1_07G312400	Pbre1_07G313000	Prupe.2G222200.1	0.71692	0.316336	2.266324414546558	Subfunctionalization	2.4228528703007887e-05	0.04005521786420128	9.365196250036515e-09	0.959920542499252	1.7426475322633367e-09
PD	Pbre1_07G333000	Pbre1_07G333600	Prupe.2G235400.1	0.313401	0.98243	0.31900593426503665	Neofunctionalization(Parent)	0.004302792440951427	0.9944003703391779	4.964060091076693e-08	0.0012967023370756487	8.524219414269055e-08
PD	Pbre1_07G359800	Pbre1_07G358600	Prupe.2G248600.1	0.0403817	0.169644	0.23803789111315463	Neofunctionalization(Parent)	0.14016946067969666	0.40895653992244485	0.11942295791392286	0.19115526525154491	0.14029577623239065
PD	Pbre1_07G389800	Pbre1_07G390400	Prupe.2G267200.1	0.145188	0.454977	0.31911063636183806	Neofunctionalization(Child)	0.003132436774334809	2.0737002599778405e-07	0.9780317997921645	0.01739546007159286	0.0014400959918817768
PD	Pbre1_07G407400	Pbre1_07G407800	Prupe.2G276800.1	0.0706871	0.723677	0.09767769322501614	Neofunctionalization(Parent)	0.0012785036357208512	0.9950219498154437	0.0036866699788583404	1.2368930240154837e-05	5.076397371613752e-07
PD	Pbre1_07G490800	Pbre1_07G491600	Prupe.2G319700.1	0.0834513	0.457598	0.18236814846218735	Subfunctionalization	0.00024194102332595572	0.015985370114935987	0.18810413616556726	0.7955447044140546	0.00012384828211623242
PD	Pbre1_08G030800	Pbre1_08G031600	Prupe.1G369500.1	0.0327149	1.04871	0.03119537336346559	Conservation	0.759995469992003	0.2388565683607699	9.894799191601987e-09	0.0008462943009392134	0.00030165745148867315
PD	Pbre1_08G033600	Pbre1_08G034000	Prupe.1G370300.1	0.256915	0.528008	0.48657406705959	Conservation	0.6624932895628695	0.3245862026067082	3.545716199617925e-08	0.012862712466076879	5.775990718347406e-05
PD	Pbre1_08G035600	Pbre1_08G036400	Prupe.1G371000.1	0.115153	1.35315	0.085099951963936	Subfunctionalization	1.906326584414757e-12	0.2509527933116607	5.367532380186701e-11	0.6528701351928339	0.0961770714399237
PD	Pbre1_08G056200	Pbre1_08G056800	Prupe.1G382600.1	0.0535304	0.89432	0.059855979962429556	Subfunctionalization	8.995524288990764e-07	0.0002622782658832192	0.00011198683255487153	0.9453544368378464	0.05427039851128667
PD	Pbre1_08G056400	Pbre1_08G057000	Prupe.1G382400.1	0.170278	0.669825	0.25421266748777666	Neofunctionalization(Parent)	4.306579263310068e-05	0.9995875390489062	1.6684627108178474e-10	0.00016890446429419643	0.00020049052732033592
PD	Pbre1_08G073200	Pbre1_08G073600	Prupe.1G389500.1	0.0660076	0.511727	0.1289898715526052	Subfunctionalization	0.026599074329836336	0.294507537029108	0.0006447127120983856	0.5915161972788733	0.08673247865008402
PD	Pbre1_08G104200	Pbre1_08G104600	Prupe.1G411600.1	0.742154	0.78021	0.9512233885748709	Conservation	0.8488536610073443	0.045270365191943364	0.008842470946885022	0.0970284741536916	5.028700135650928e-06
PD	Pbre1_08G128000	Pbre1_08G128400	Prupe.1G417800.1	0.873431	0.758584	1.151396549360387	Subfunctionalization	3.244601075385534e-09	0.006918901666373427	4.909984389492475e-09	0.9930613256282176	1.9764550823429467e-05
PD	Pbre1_08G132600	Pbre1_08G133400	Prupe.1G420400.1	0.0970192	0.292459	0.3317360724067305	Neofunctionalization(Child)	1.4969006872335028e-07	5.055706638643479e-16	0.9986513904653989	0.0007317371284931144	0.0006167227160386935
PD	Pbre1_08G137800	Pbre1_08G138400	Prupe.1G422900.1	0.166733	0.336532	0.4954447125384807	Conservation	0.9998527024385557	1.3585290297471518e-06	0.00014559072420011822	6.872644522303238e-08	2.7958176923221994e-07
PD	Pbre1_08G145800	Pbre1_08G146200	Prupe.1G426700.1	0.0631114	0.33221	0.1899744137744198	Specialization	1.3496226087623775e-07	4.3392817471058944e-06	8.473848266910358e-08	1.9733650749317734e-07	0.9999952436810019
PD	Pbre1_08G146000	Pbre1_08G146400	Prupe.1G426800.1	0.3656	0.444771	0.8219960384107776	Subfunctionalization	0.004179478761387567	3.143624786648929e-08	1.8043581842763565e-05	0.9958024462205184	3.2381193928699868e-15
PD	Pbre1_08G152800	Pbre1_08G153200	Prupe.1G430600.1	0.146296	0.56354	0.259601802888881	Neofunctionalization(Parent)	0.01609712221545087	0.9835888957637734	0.00023624324966833586	7.528907904064568e-05	2.4496920669140835e-06
PD	Pbre1_08G161200	Pbre1_08G162200	Prupe.1G434700.1	0.228589	0.458886	0.49813897133492846	Conservation	0.9563719161662294	0.0323634364770751	0.0014898440525846306	0.008087600969647304	0.0016872023344636717
PD	Pbre1_08G173000	Pbre1_08G173400	Prupe.1G440300.1	0.122786	1.45194	0.0845668553796989	Subfunctionalization	1.1590222631393715e-06	6.650669887062499e-06	8.557407691220308e-10	0.9999921893695062	8.260276013372912e-11
PD	Pbre1_08G179200	Pbre1_08G179800	Prupe.1G442500.1	0.078143	0.630668	0.1239051291646318	Neofunctionalization(Child)	0.4084874030570981	1.4167241868432003e-06	0.5914932326190218	5.3739204741909277e-11	1.794754595407292e-05
PD	Pbre1_08G183000	Pbre1_08G183400	Prupe.1G444000.1	0.0710618	0.387862	0.18321413286168792	Conservation	0.8042898803124001	0.0037743779278178735	8.071739478528381e-07	0.19193489211920026	4.246663395886942e-08
PD	Pbre1_08G202400	Pbre1_08G202800	Prupe.1G454200.1	0.212401	0.508811	0.41744577062995886	Specialization	0.0553144646640282	6.218684733777491e-05	1.3062915389296528e-05	3.858151877955631e-06	0.9446064274213667
PD	Pbre1_08G204400	Pbre1_08G205000	Prupe.1G455100.1	0.18806	0.323962	0.5805001821201252	Subfunctionalization	0.009539516976624028	4.889342871343145e-05	3.217260227547731e-06	0.9904083723334388	9.961845982856229e-13
PD	Pbre1_08G257200	Pbre1_08G257600	Prupe.1G485400.1	0.0295147	0.713306	0.04137733315014874	Neofunctionalization(Parent)	0.01012719150783464	0.6979679897508673	0.001215365281933587	1.4748867193330678e-05	0.29067470459217115
PD	Pbre1_08G332800	Pbre1_08G333400	Prupe.1G531100.1	0.086924	0.635416	0.13679856975587648	Conservation	0.9363519233013756	0.0001052375992521438	0.003043536895208131	1.078822627647151e-06	0.06049822338153637
PD	Pbre1_08G356600	Pbre1_08G357200	Prupe.1G546100.1	0.0431501	1.11404	0.03873298983878496	Subfunctionalization	0.043664883278640286	0.001964527528993797	0.001913117677380391	0.9516058804057821	0.0008515911092032833
PD	Pbre1_08G374000	Pbre1_08G374400	Prupe.1G559800.1	0.116659	0.654797	0.17816055968490999	Subfunctionalization	0.11027400794460632	0.15369752246019402	0.0009371537090798411	0.734823932980008	0.0002673829061116179
PD	Pbre1_08G377000	Pbre1_08G377400	Prupe.1G561200.1	0.204613	0.407823	0.5017201089688419	Specialization	0.004888678466108133	0.0002465745615946313	8.517839519126712e-06	2.024791866583294e-09	0.9948562271079863
PD	Pbre1_09G022200	Pbre1_09G022600	Prupe.3G304300.1	0.206248	0.397746	0.5185419840802924	Subfunctionalization	4.426576326502178e-06	1.1445657854991268e-07	4.19226138064667e-07	0.6679867630083836	0.3320082767325732
PD	Pbre1_09G022400	Pbre1_09G022800	Prupe.3G304200.1	0.0243915	0.44155	0.05524062960027177	Subfunctionalization	0.11421897147190486	0.00031496207337857965	0.11510523702959294	0.5962561766116108	0.17410465281351278
PD	Pbre1_09G024000	Pbre1_09G024400	Prupe.3G303500.1	0.180709	1.32468	0.13641709695926563	Subfunctionalization	0.14158266795367974	0.001618844481941111	0.3863179249192588	0.43336591259554796	0.03711465004957241
PD	Pbre1_09G024200	Pbre1_09G024600	Prupe.3G303400.1	0.55473	0.641854	0.864261966116905	Conservation	0.9999939275430341	8.15404033888979e-10	2.6511118101095487e-06	5.996525865995632e-07	2.8208771651301356e-06
PD	Pbre1_09G036200	Pbre1_09G036600	Prupe.3G295600.1	0.951229	0.492	1.9333922764227642	Conservation	0.8803180941967209	0.00015585562681618933	0.045886673873767415	4.7051252747408635e-05	0.07359232504994809
PD	Pbre1_09G064400	Pbre1_09G065000	Prupe.3G279400.1	0.17659	0.655853	0.26925240869524114	Subfunctionalization	3.834250067742385e-16	2.317101691823242e-22	2.493738857215153e-17	0.9999999999999913	8.109839417966866e-15
PD	Pbre1_09G073600	Pbre1_09G074400	Prupe.3G272900.1	0.121927	0.373342	0.32658259718970806	Neofunctionalization(Child)	0.38726573736484243	7.280391510918527e-05	0.6126554160862787	1.8064487585242506e-07	5.861988893888869e-06
PD	Pbre1_09G076000	Pbre1_09G076400	Prupe.3G272100.1	0.481725	0.288267	1.6711069945571293	Conservation	0.9999843969563178	1.4650174054874765e-05	1.7545761320774267e-07	7.774076763362225e-07	4.3377004864755795e-12
PD	Pbre1_09G098600	Pbre1_09G099400	Prupe.3G261400.1	0.429499	0.390119	1.1009435582476117	Neofunctionalization(Parent)	1.1724837682532314e-09	0.9997637488184481	2.162608515373197e-15	9.91890927807835e-07	0.00023525811813818388
PD	Pbre1_09G100000	Pbre1_09G098800	Prupe.3G261300.1	0.301822	1.14146	0.26441750039423195	Specialization	0.06838618726479187	0.014726355259717223	0.0012375652027662052	0.35452373471976106	0.5611261575529637
PD	Pbre1_09G109400	Pbre1_09G109800	Prupe.3G255700.1	0.00878885	0.979781	0.00897021885502985	Specialization	0.013478442636280456	0.002477248186051786	8.136401757923524e-06	0.02597162564740497	0.9580645471285049
PD	Pbre1_09G139200	Pbre1_09G139600	Prupe.3G239500.1	0.446659	0.529788	0.8430900662151652	Subfunctionalization	2.5770831804698204e-07	3.7612879700483085e-06	4.4242652104778766e-08	0.9999958155214902	1.2123956945796736e-07
PD	Pbre1_09G157600	Pbre1_09G158000	Prupe.3G230300.1	0.0432339	0.832853	0.05191060127057236	Conservation	0.99438834453051	2.4729804908807165e-06	0.0005516920598561988	3.9667467165019654e-08	0.0050574507616757535
PD	Pbre1_09G174000	Pbre1_09G174400	Prupe.3G217800.1	0.156803	0.3533	0.44382394565525046	Neofunctionalization(Child)	0.4278972335096443	0.0025598606640889446	0.5658472286609542	0.000900268581637635	0.0027954085836749748
PD	Pbre1_09G174000	Pbre1_09G174600	Prupe.3G217800.1	0.0415487	0.3533	0.11760175488253609	Conservation	0.9653326905281594	0.002600961548645715	0.030808645607873962	0.001257519253534626	1.830617864698978e-07
PD	Pbre1_09G198400	Pbre1_09G199000	Prupe.3G205800.1	0.104476	0.360835	0.2895395402330705	Subfunctionalization	0.20579411077094772	0.0012088082268295905	0.005366993368032748	0.7876297898274394	2.9780675067447355e-07
PD	Pbre1_09G232200	Pbre1_09G232600	Prupe.3G186800.1	0.0656067	1.23075	0.053306276660572825	Specialization	0.26354261273406665	3.9634011886084065e-06	0.08614496947451782	0.000871019069634111	0.6494374353205928
PD	Pbre1_09G258200	Pbre1_09G258800	Prupe.3G170800.1	0.845544	0.406676	2.0791588389774662	Conservation	0.840466064809192	0.1348405795736055	0.02255387275868296	0.0002113633572258505	0.0019281195012938721
PD	Pbre1_09G264200	Pbre1_09G264600	Prupe.3G168500.1	0.0677062	0.277385	0.2440874596679705	Specialization	0.01500643665736091	0.03367284356408877	0.00010033238384956795	1.812284716104985e-06	0.9512185751099846
PD	Pbre1_09G398800	Pbre1_09G399200	Prupe.3G113400.1	0.12834	0.874987	0.14667646490747865	Conservation	0.7137249814096835	0.027537130410986228	0.0006699326866600006	0.23444316637400447	0.023624789118665616
PD	Pbre1_09G399000	Pbre1_09G399400	Prupe.3G113500.1	0.495162	0.93932	0.5271494272452412	Conservation	0.907750580262422	0.02182145426695544	0.0038460725142748665	0.03744498696598018	0.02913690599036764
PD	Pbre1_09G424800	Pbre1_09G425200	Prupe.3G155800.1	0.189914	2.25714	0.08413922042939294	Subfunctionalization	0.011921549601854662	0.011805388218509436	0.0013281823641956457	0.9749432428396724	1.6369757678718186e-06
PD	Pbre1_09G440600	Pbre1_09G441000	Prupe.3G151000.1	0.135777	0.512521	0.2649198764538429	Conservation	0.5146796599640431	0.00027891414591329583	0.005636170889520626	0.47935287739076843	5.237760975462027e-05
PD	Pbre1_09G459800	Pbre1_09G460400	Prupe.3G016700.1	0.188001	0.51741	0.3633501478518003	Subfunctionalization	0.009721391611959979	0.0001596296933795176	0.11722123409817749	0.8711571898930902	0.0017405547033927118
PD	Pbre1_09G467800	Pbre1_09G468400	Prupe.3G013100.1	0.01708	0.402671	0.042416762071269105	Subfunctionalization	0.051333355264904894	1.5347605814985533e-05	0.0011367286113122474	0.9474184594804178	9.610903755006702e-05
PD	Pbre1_10G041400	Pbre1_10G041800	Prupe.8G034100.1	0.0551585	0.296473	0.1860489825380389	Conservation	0.8192758548888787	0.0042185035047688346	0.11937683556793328	0.0009196363252023811	0.05620916971321668
PD	Pbre1_10G056600	Pbre1_10G057400	Prupe.8G045100.1	0.0120715	0.255906	0.047171617703375454	Conservation	0.9999596564670555	1.4754261240918058e-11	3.9414440638951806e-07	3.984380444712572e-05	1.0556933662813136e-07
PD	Pbre1_10G069000	Pbre1_10G070200	Prupe.8G056100.1	0.0424835	0.440288	0.09649025183516244	Conservation	0.924943948420422	0.0049935494953045785	0.055690382789803566	0.001118534576672186	0.013253584717797468
PD	Pbre1_10G069000	Pbre1_10G070400	Prupe.8G056100.1	0.0340447	0.440288	0.07732370630133004	Subfunctionalization	1.5037968832385333e-20	3.9456061035737994e-27	1.4386802825568213e-22	1.0	9.166261797633982e-20
PD	Pbre1_10G072800	Pbre1_10G073200	Prupe.8G059200.1	0.193517	0.579567	0.33389927307800477	Neofunctionalization(Parent)	0.0023339043470100014	0.9972264898780177	4.561804104627566e-09	4.409505723678367e-06	0.00043519170744477315
PD	Pbre1_10G079800	Pbre1_10G080400	Prupe.8G066500.1	0.0705242	0.701657	0.10051093340478325	Neofunctionalization(Parent)	0.29949833854747115	0.6889867916520654	1.5391098834160687e-06	0.011486897706352564	2.6432984227425784e-05
PD	Pbre1_10G086600	Pbre1_10G087000	Prupe.8G073700.1	0.214484	0.431998	0.4964930393196265	Neofunctionalization(Parent)	0.24869709879880442	0.7509386212935638	2.982628158405792e-10	0.00036232695377351546	1.9526555954676968e-06
PD	Pbre1_10G142000	Pbre1_10G142400	Prupe.8G111400.1	0.277874	0.54503	0.5098324862851586	Neofunctionalization(Child)	9.836429728514695e-06	1.8186591321521774e-08	0.9979557646570517	0.000693759416542756	0.0013406213100856923
PD	Pbre1_10G147800	Pbre1_10G148400	Prupe.8G115900.1	0.105884	0.392883	0.2695051707505797	Neofunctionalization(Child)	6.779525964292694e-06	4.100745751639982e-09	0.9997979572202504	0.00017338592127290553	2.187323176659384e-05
PD	Pbre1_10G173600	Pbre1_10G172400	Prupe.8G136000.1	0.100307	0.353381	0.28384944295250736	Neofunctionalization(Child)	0.17711006544109267	0.00016314851142427107	0.5339636977381652	0.28854297361419456	0.0002201146951233969
PD	Pbre1_10G175000	Pbre1_10G175400	Prupe.8G137300.1	0.142175	0.361956	0.39279636198875	Conservation	0.8112396755318608	0.0030596716712166057	5.949262249167762e-06	0.18564092252267436	5.378101199891418e-05
PD	Pbre1_10G188800	Pbre1_10G189400	Prupe.8G146200.1	0.120413	0.346271	0.347742086400536	Neofunctionalization(Child)	0.03714642027041511	7.533976608517486e-09	0.9597574216590447	0.0013462549074045513	0.0017498956291591564
PD	Pbre1_10G199000	Pbre1_10G199800	Prupe.8G153900.1	0.126233	2.64893	0.04765433590166596	Subfunctionalization	0.0054593386941753285	5.039875289036955e-10	0.2629898878350612	0.7124810880587539	0.019069684908021967
PD	Pbre1_10G229400	Pbre1_10G230000	Prupe.8G170600.1	0.171875	0.376659	0.4563145975537555	Neofunctionalization(Parent)	0.016377032979511076	0.4747269084540396	0.42313145813674935	0.08270478024320478	0.003059820186495274
PD	Pbre1_10G234600	Pbre1_10G235000	Prupe.8G174300.1	0.639564	0.238367	2.683106302466365	Subfunctionalization	0.006275216990249335	0.45035529762099	0.058656936060697426	0.4845545912219458	0.00015795810611730636
PD	Pbre1_10G238800	Pbre1_10G237600	Prupe.8G176300.1	0.60522	0.39026	1.5508122789934915	Conservation	0.9294878734376797	0.00013323487938836045	0.06831738444457575	0.0016925850492165845	0.0003689221891394951
PD	Pbre1_10G255600	Pbre1_10G256000	Prupe.8G183500.1	0.147546	0.406439	0.3630212651837053	Neofunctionalization(Parent)	0.05845715774942106	0.9404985714524412	4.748913893723118e-09	0.0010406160590126317	3.6499902113223803e-06
PD	Pbre1_10G255800	Pbre1_10G256200	Prupe.8G183600.1	0.0969441	0.364335	0.2660850590802421	Subfunctionalization	7.562925542033463e-10	1.4295578829525361e-06	4.106512817650825e-07	0.9984860947923191	0.0015120642422235527
PD	Pbre1_10G266200	Pbre1_10G264800	Prupe.8G188300.1	3.70447	0.467986	7.915770984602103	Specialization	3.294348244895517e-09	5.376854156092655e-05	0.005823810966924202	0.22920286936713755	0.7649195478300291
PD	Pbre1_10G281200	Pbre1_10G282200	Prupe.8G196700.1	0.18593	0.571832	0.3251479455504414	Neofunctionalization(Child)	0.24721926239814718	0.0005543626311354856	0.7259313476678965	0.009306219122510949	0.016988808180309758
PD	Pbre1_10G296600	Pbre1_10G297600	Prupe.8G206400.1	0.0971168	0.476828	0.20367260311894436	Neofunctionalization(Parent)	0.2554950706513693	0.7394215287698819	6.172126805324789e-08	0.003537917970985188	0.0015454208864956278
PD	Pbre1_10G296800	Pbre1_10G297800	Prupe.8G206500.1	0.142735	0.460636	0.309865056139772	Conservation	0.9270933564738837	0.07278999596404592	1.176587329864727e-06	0.00011300593420951822	2.465040531044564e-06
PD	Pbre1_10G307800	Pbre1_10G308200	Prupe.8G213400.1	0.083858	0.463929	0.18075610707672943	Subfunctionalization	5.7234890202827503e-05	0.0006776111737912794	0.1843867204815929	0.8148784333635186	9.089437228746373e-11
PD	Pbre1_10G314200	Pbre1_10G314600	Prupe.8G216900.1	0.446183	0.563649	0.7915972529002979	Neofunctionalization(Child)	1.959770075303778e-06	2.731284054040096e-16	0.9979691765310206	0.0005701990914963343	0.001458664607407472
PD	Pbre1_10G331800	Pbre1_10G332200	Prupe.8G227600.1	0.0292236	0.213074	0.13715235082647342	Specialization	2.062804730502205e-10	8.107683766151516e-21	0.3462957748680234	0.1491770047977672	0.5045272201279289
PD	Pbre1_10G332000	Pbre1_10G332400	Prupe.8G227700.1	0.0612296	0.383478	0.15966913356176887	Conservation	0.9972091469149136	0.001622693677714826	0.0005958683766668247	0.00041970204018340585	0.0001525889905213709
PD	Pbre1_10G348600	Pbre1_10G349000	Prupe.4G144400.1	0.133817	0.359193	0.37254901960784315	Neofunctionalization(Parent)	5.0829980236219945e-06	0.9350486459946127	2.3071569356302231e-10	4.999382586113632e-05	0.06489627695078663
PD	Pbre1_10G365800	Pbre1_10G366800	Prupe.4G132800.1	0.0465775	0.289224	0.1610429978148425	Neofunctionalization(Child)	0.125954255613101	1.4348031327525318e-05	0.7060986882211979	0.1669943783355099	0.0009383297988636638
PD	Pbre1_10G372200	Pbre1_10G372800	Prupe.4G129200.1	0.0632159	0.354318	0.1784157169548259	Neofunctionalization(Child)	4.4663635442173195e-09	2.0406797553763126e-16	0.999998474861454	1.5179180510988192e-06	2.754131254015676e-09
PD	Pbre1_10G372600	Pbre1_10G373000	Prupe.4G128800.1	0.110202	0.685064	0.1608638025060432	Neofunctionalization(Child)	1.2531227581490828e-08	1.6900627762349704e-18	0.9999900005524868	1.8075646603716128e-06	8.179351625213151e-06
PD	Pbre1_10G376200	Pbre1_10G376600	Prupe.4G127500.1	0.284093	0.39208	0.7245791675168333	Specialization	0.0001990253265098005	1.1070646051467126e-17	0.3391149738375755	0.002701483898902052	0.6579845169370125
PD	Pbre1_10G376400	Pbre1_10G377200	Prupe.4G127100.1	0.0373367	0.490535	0.0761142426126576	Subfunctionalization	0.003818987198452227	0.011173191326835844	0.07721814227210856	0.9077327468492034	5.693235339991715e-05
PD	Pbre1_10G378200	Pbre1_10G378600	Prupe.4G126700.1	0.0228815	0.197409	0.1159091024218754	Neofunctionalization(Child)	2.504204180412868e-06	4.765908070053571e-16	0.9999969270286754	5.377296911913236e-07	3.1037452452079e-08
PD	Pbre1_10G424600	Pbre1_10G425400	Prupe.4G091800.1	0.0504337	0.263716	0.19124247296333935	Neofunctionalization(Parent)	0.01659867221521001	0.7183624131762846	1.4838146292514365e-09	0.2606692799680358	0.004369633156654952
PD	Pbre1_10G443600	Pbre1_10G444000	Prupe.4G082500.1	0.248981	0.315771	0.7884859597619793	Neofunctionalization(Parent)	0.012771350288398533	0.9872286203755879	2.793275226021104e-12	2.932959553979957e-08	3.6246610336506712e-12
PD	Pbre1_10G461600	Pbre1_10G462200	Prupe.4G072300.1	0.316787	0.316909	0.9996150314443578	Neofunctionalization(Parent)	0.2541666296159538	0.6280061932583869	0.09734998224245592	0.010547954943192217	0.00992923994001103
PD	Pbre1_10G491000	Pbre1_10G492000	Prupe.4G055000.1	0.123455	0.679984	0.18155574248805853	Neofunctionalization(Parent)	0.00240056042354354	0.9973484924888184	6.19623379707663e-06	0.00022611726539851956	1.8633588442448068e-05
PD	Pbre1_10G491400	Pbre1_10G492200	Prupe.4G054900.1	0.0743471	0.47354	0.15700278751531022	Neofunctionalization(Parent)	9.844974204590194e-05	0.5338284245214512	8.689153310795517e-06	0.4612809843972342	0.00478345218595785
PD	Pbre1_10G512600	Pbre1_10G513200	Prupe.4G044200.1	0.143598	0.638179	0.22501210475430874	Neofunctionalization(Parent)	0.3483369859703426	0.6476697604171834	7.263025620047807e-10	0.003953100363683989	4.0152522487486136e-05
PD	Pbre1_10G531200	Pbre1_10G531600	Prupe.4G034300.1	0.0858422	0.578445	0.14840166307946304	Neofunctionalization(Child)	0.0012597354239273883	0.006589102238645211	0.5799883843432261	0.2875655717553008	0.12459720623890062
PD	Pbre1_10G536800	Pbre1_10G537400	Prupe.4G030500.1	0.569977	0.624468	0.912740124393884	Neofunctionalization(Child)	0.03886165673372301	0.000756407026163977	0.608142141709421	0.2824272566765512	0.06981253785414074
PD	Pbre1_10G572400	Pbre1_10G572800	Prupe.4G012000.1	0.0153079	0.326547	0.046878091055805135	Neofunctionalization(Child)	6.083023245928031e-06	5.8959512990793685e-08	0.9987348641336442	0.0006302700669403888	0.0006287238166563007
PD	Pbre1_10G573000	Pbre1_10G573400	Prupe.4G011900.1	0.11013	1.65902	0.06638256319996143	Neofunctionalization(Parent)	0.0002441335490623338	0.999490079574283	7.600960238819581e-08	0.00018489433228580508	8.081653476640995e-05
PD	Pbre1_11G019000	Pbre1_11G017400	Prupe.6G011600.1	0.74227	1.42923	0.519349579843692	Neofunctionalization(Parent)	0.0024873912641162122	0.9831859345370626	1.5178703958482054e-06	0.014319438815072619	5.7175133526230775e-06
PD	Pbre1_11G032800	Pbre1_11G031400	Prupe.6G017800.1	0.149855	0.4355	0.34409873708381167	Conservation	0.4085168919280033	0.0353662493226566	0.24307876200456824	0.1585490454281345	0.15448905131663723
PD	Pbre1_11G061000	Pbre1_11G061600	Prupe.6G032700.1	0.0989123	0.384087	0.2575257689013166	Neofunctionalization(Child)	0.00023601253684460408	5.83245196626009e-12	0.9996902852363952	2.797113088104604e-05	4.573109004672268e-05
PD	Pbre1_11G061200	Pbre1_11G062000	Prupe.6G032800.1	0.256127	0.502886	0.5093142382170114	Conservation	0.8135674974843082	0.1757670910831269	0.002784281869413185	0.0023946984230659055	0.005486431140085668
PD	Pbre1_11G061400	Pbre1_11G062200	Prupe.6G032900.1	0.607905	0.736696	0.825177549491242	Neofunctionalization(Parent)	2.7639681965568617e-10	0.9999699293379637	3.1303676905518467e-17	1.297954536926603e-07	2.994059018569899e-05
PD	Pbre1_11G082000	Pbre1_11G082600	Prupe.6G048400.1	0.0798649	0.440484	0.18131169350078552	Conservation	0.48991660285344685	1.7700994597954699e-06	0.1206506240202684	0.389431003024562	2.2628921628352904e-12
PD	Pbre1_11G096400	Pbre1_11G096800	Prupe.6G053100.1	0.135905	0.379818	0.3578161119272915	Conservation	0.9764139626404008	0.014328449714050052	0.009255309648084237	8.358529917653792e-07	1.4421444733816142e-06
PD	Pbre1_11G113200	Pbre1_11G114000	Prupe.6G059400.1	0.00627146	0.326872	0.01918628698695514	Specialization	0.046254164380453766	0.004104217413514984	0.00025012329878004795	0.01861751940635176	0.9307739755008996
PD	Pbre1_11G115200	Pbre1_11G116000	Prupe.6G060100.1	0.072504	0.657937	0.11019900081618757	Subfunctionalization	1.1230838728737783e-10	4.899774565827049e-11	6.306005660547609e-15	0.999999999838669	1.8424970589684624e-14
PD	Pbre1_11G118600	Pbre1_11G119000	Prupe.6G061500.1	0.0854335	0.438323	0.1949099180284858	Conservation	0.960861373842505	0.00024411763458132205	0.025019792807974152	7.141868333074725e-06	0.013867573846606288
PD	Pbre1_11G132600	Pbre1_11G133000	Prupe.6G067600.1	1.00844	0.526654	1.9148055459561688	Subfunctionalization	0.1425317923585564	0.0014000019157324047	3.0179991908901614e-05	0.8560379578326877	6.790111465482414e-08
PD	Pbre1_11G163800	Pbre1_11G162400	Prupe.6G083500.1	1.70969	1.01747	1.680334555318584	Conservation	0.9897477448388224	1.3596811755790164e-05	0.0004077542255803404	0.009830899998059476	4.125781967196608e-09
PD	Pbre1_11G168600	Pbre1_11G169400	Prupe.6G086100.1	1.1595	0.420543	2.7571496850500425	Conservation	0.8641269942698369	0.00031027726995145444	7.167970270425999e-05	0.13549104875493403	2.5733627422588765e-12
PD	Pbre1_11G189400	Pbre1_11G187600	Prupe.6G093900.1	0.0887234	0.431157	0.20577979715045794	Specialization	0.19410512204201494	0.00026757156643308135	9.564194229624136e-05	1.839622468783902e-07	0.8055314804870088
PD	Pbre1_11G191600	Pbre1_11G190200	Prupe.6G094600.1	0.208243	0.694007	0.30005893312315296	Specialization	0.0075895575388443244	0.0008006576965765045	2.9528832666548578e-05	3.6591475589869197e-07	0.9915798900171566
PD	Pbre1_11G192400	Pbre1_11G192800	Prupe.6G094800.1	0.533442	0.278829	1.9131510710865798	Subfunctionalization	0.024517363259390666	6.877317433241906e-06	1.3246398064552191e-05	0.9754625105047281	2.5203833144215434e-09
PD	Pbre1_11G222400	Pbre1_11G222800	Prupe.6G113600.1	0.615546	0.343247	1.7933033646324659	Subfunctionalization	0.47911121549508007	0.011820875036483505	0.02694442644295198	0.48211934365515396	4.139370330339763e-06
PD	Pbre1_11G274400	Pbre1_11G275000	Prupe.6G150900.1	0.209023	0.314455	0.6647151420712025	Specialization	1.4566328812924744e-09	2.556799540431362e-13	1.5182495238372853e-10	0.0990730296165618	0.9009269687747248
PD	Pbre1_11G274400	Pbre1_11G275200	Prupe.6G150900.1	0.0579794	0.314455	0.18438059499769444	Specialization	3.377748324255083e-06	7.284069664698136e-08	4.338697295199766e-06	0.021611289378580274	0.9783809213351036
PD	Pbre1_11G283800	Pbre1_11G285200	Prupe.6G155800.1	0.237593	0.289105	0.8218225212293111	Subfunctionalization	4.618693378821224e-06	2.698563584085376e-10	1.9724625948517062e-06	0.9999934085739312	2.387475720069017e-13
PD	Pbre1_11G284200	Pbre1_11G285000	Prupe.6G156800.1	0.0281391	0.260732	0.10792346163877084	Subfunctionalization	0.030075393309653864	0.00033508286550884455	0.03453560847316428	0.9342733286111842	0.0007805867404886518
PD	Pbre1_11G297200	Pbre1_11G295400	Prupe.4G259400.1	0.0255534	0.741477	0.03446283566449128	Conservation	0.6895183398108186	0.000439585598661853	0.029651102341835885	8.85314480661996e-09	0.28039096339553893
PD	Pbre1_11G323600	Pbre1_11G324000	Prupe.4G237500.1	1.22829	1.14397	1.0737082266143345	Conservation	0.992426670485491	0.0007790444307755443	0.005752029290426454	0.0005058796712939869	0.0005363761220129694
PD	Pbre1_11G334400	Pbre1_11G335600	Prupe.4G227500.1	1.11094	0.891104	1.2467007218012713	Conservation	0.6849972479858584	2.3814381125437636e-05	0.31253200828738	0.00244678137398243	1.4797165373299625e-07
PD	Pbre1_11G345000	Pbre1_11G345400	Prupe.4G219200.1	0.143469	1.04744	0.13697109142289776	Subfunctionalization	0.0009304414357388636	5.176753307837128e-07	0.00035631745037063584	0.9986551233215626	5.760011699696251e-05
PD	Pbre1_11G355000	Pbre1_11G355600	Prupe.4G213500.1	0.11544	0.206963	0.5577808593806622	Conservation	0.9813350825306655	8.922670652778241e-07	0.01865262230957648	2.002474945380198e-06	9.400417747726607e-06
PD	Pbre1_11G356200	Pbre1_11G356800	Prupe.4G212700.1	1.48127	1.86548	0.7940422840234149	Neofunctionalization(Parent)	4.07618888775696e-10	0.9999842295521638	2.0378422494083277e-17	6.263933151114394e-09	1.5763776284157854e-05
PD	Pbre1_11G398800	Pbre1_11G400400	Prupe.4G185200.1	0.167082	0.252209	0.6624743764100409	Subfunctionalization	0.0008083002004306757	0.07524069079539043	0.00016799603517624452	0.9236800077224974	0.00010300524650524056
PD	Pbre1_11G400000	Pbre1_11G401000	Prupe.4G184700.1	0.624917	0.728645	0.8576426105991257	Neofunctionalization(Parent)	0.0179299149581911	0.9551810099510337	0.0016328268059429634	0.005859855828211007	0.01939639245662122
PD	Pbre1_11G412600	Pbre1_11G413000	Prupe.4G177700.1	0.57951	0.435997	1.329160521746709	Subfunctionalization	6.97832727184455e-13	2.984408299553388e-12	1.1409745649569618e-15	0.9999999999963167	7.873708681176293e-19
PD	Pbre1_11G419400	Pbre1_11G419800	Prupe.4G173600.1	0.352971	0.755509	0.46719628753595255	Subfunctionalization	0.0013470455427541546	3.0757642616231487e-07	2.221207128985827e-07	0.9986524037437194	2.1016387388170555e-08
PD	Pbre1_11G423200	Pbre1_11G423800	Prupe.4G171500.1	0.0322898	0.557149	0.05795541228647992	Subfunctionalization	0.0038708182327314507	0.0004646102586941783	9.157491646546627e-07	0.995663607061139	4.8698270751624027e-08
PD	Pbre1_11G444400	Pbre1_11G442800	Prupe.4G157100.1	0.0182158	0.632039	0.028820689862492664	Subfunctionalization	0.43307540171743175	0.011208185681605835	8.004284636215586e-05	0.5556277724720512	8.59728254908452e-06
PD	Pbre1_11G445000	Pbre1_11G443800	Prupe.4G156900.1	0.0576647	0.5704	0.10109519635343618	Subfunctionalization	0.10448794614081436	0.0020120594115205434	4.330754932157767e-05	0.8934566862599421	6.384013183601695e-10
PD	Pbre1_11G474200	Pbre1_11G475600	Prupe.8G241100.1	0.640418	0.520553	1.2302647376924156	Subfunctionalization	0.26199744264489966	6.004896309471382e-05	0.009674477481041367	0.728268030864133	4.683135579776184e-11
PD	Pbre1_11G478400	Pbre1_11G478800	Prupe.8G242400.1	0.17646	0.418687	0.42146042270240064	Conservation	0.9921757103018058	0.0005390126011521717	0.00352618751445568	0.0001865524831616778	0.003572537099424446
PD	Pbre1_11G485400	Pbre1_11G485800	Prupe.8G246000.1	1.14662	0.338458	3.387776326752507	Specialization	0.01252889871403187	0.0004354044994504906	2.0900102150610307e-05	0.06512117453847394	0.921893622145893
PD	Pbre1_11G492000	Pbre1_11G490800	Prupe.8G249600.1	0.349483	0.45877	0.7617825925845194	Conservation	0.8962321622113116	0.0008132219117534534	0.0006693985614526791	0.10228520678554576	1.0529936583424806e-08
PD	Pbre1_11G517000	Pbre1_11G517600	Prupe.8G260100.1	0.039816	0.679856	0.05856534324915864	Subfunctionalization	0.42874883610729814	0.007830919364838915	0.005189079232797529	0.5581942448473375	3.69204477278871e-05
PD	Pbre1_12G037000	Pbre1_12G037400	Prupe.7G115200.1	0.0887806	0.408717	0.21721778149673246	Subfunctionalization	0.026299469997410924	0.10872977095287313	0.13420455805197049	0.7291730541493746	0.0015931468483708791
PD	Pbre1_12G069400	Pbre1_12G070200	Prupe.7G094800.1	0.504497	0.727337	0.6936220761490203	Subfunctionalization	0.0022263887704485714	4.871112137582088e-06	0.0008029785493579011	0.9964067815674329	0.0005589800006230051
PD	Pbre1_12G072400	Pbre1_12G072800	Prupe.7G093900.1	0.0285143	0.760333	0.03750238382392978	Subfunctionalization	0.0025828099765845365	1.7208338114503638e-05	0.004432603805458011	0.9929671137503187	2.6412952432575256e-07
PD	Pbre1_12G177400	Pbre1_12G177800	Prupe.7G122600.1	1.26291	0.532231	2.372860656369133	Subfunctionalization	0.011948073484946174	0.0002367880771112184	0.0003504759500630811	0.9873871221272222	7.754036065730016e-05
PD	Pbre1_12G177400	Pbre1_12G178000	Prupe.7G122600.1	0.63006	0.532231	1.1838092858176241	Subfunctionalization	0.408044902549855	0.0009566420632323401	0.00045674038964636907	0.5903046285251681	0.00023708647209829897
PD	Pbre1_12G182400	Pbre1_12G183400	Prupe.7G124700.1	0.0272695	0.315867	0.0863322221061396	Conservation	0.9999694428270011	1.9767045805068976e-20	6.550910119505786e-10	3.0556517884215e-05	2.3663712215236117e-14
PD	Pbre1_12G257400	Pbre1_12G258800	Prupe.6G262300.1	0.596986	0.405364	1.472715880048549	Subfunctionalization	2.0370859473621132e-05	8.561349604964983e-08	9.003934122389537e-07	0.9999786355655477	7.568070243195267e-09
PD	Pbre1_12G265400	Pbre1_12G265800	Prupe.6G267700.1	0.268146	0.574104	0.4670686844195477	Subfunctionalization	6.616401465856337e-44	2.0159911304655375e-54	1.417744551578539e-45	1.0	6.683931067733101e-35
PD	Pbre1_12G283600	Pbre1_12G284000	Prupe.6G278400.1	0.209558	0.844112	0.24825852493507972	Specialization	2.096612837259301e-06	0.0716346963083663	5.804229041212299e-08	5.216084729545616e-06	0.9283579329517764
PD	Pbre1_12G307400	Pbre1_12G307800	Prupe.6G289400.1	0.180883	0.848354	0.21321641673169453	Conservation	0.997742884234497	0.00225244003551487	1.0037972921526302e-08	3.656893652565245e-06	1.0087983626824946e-06
PD	Pbre1_12G329400	Pbre1_12G329800	Prupe.6G303000.1	0.34459	0.603847	0.5706577990782433	Neofunctionalization(Parent)	0.08009492468832495	0.9167779081981766	4.192725322235921e-10	0.0031269856296508433	1.8106457501093147e-07
PD	Pbre1_12G376400	Pbre1_12G376800	Prupe.6G331800.1	1.44542	0.441429	3.2744110604423358	Conservation	0.9956508443696908	1.7751179679502797e-06	0.0005283078343129274	0.001924754690500844	0.001894317987527521
PD	Pbre1_12G380200	Pbre1_12G380600	Prupe.6G333600.1	0.34768	0.742871	0.4680220388196605	Neofunctionalization(Child)	3.26771171241736e-08	3.766035770897627e-15	0.9999995811144178	3.746071967780382e-07	1.1601264469283102e-08
PD	Pbre1_12G382800	Pbre1_12G382400	Prupe.6G334200.1	0.636566	0.358034	1.7779484629951343	Neofunctionalization(Parent)	0.026632458845899303	0.8985981729868209	2.5778772705379627e-05	0.07473900141151808	4.58798305641231e-06
PD	Pbre1_12G385400	Pbre1_12G386200	Prupe.6G335800.1	0.510347	0.695568	0.7337125917235986	Neofunctionalization(Parent)	0.30773454978867054	0.5622762378409294	0.00029015241835502267	0.1296983290773225	7.30874722617198e-07
PD	Pbre1_12G388000	Pbre1_12G388400	Prupe.6G336800.1	0.738362	0.289138	2.553666415344922	Conservation	0.9738257137257552	1.3383301626091006e-07	0.026066580013490746	0.00010585863853780571	1.7137891999917063e-06
PD	Pbre1_12G388000	Pbre1_12G388600	Prupe.6G336800.1	0.370593	0.289138	1.281716688916711	Neofunctionalization(Child)	0.017973560362091082	4.917328219949343e-16	0.9599967569004556	0.014583766276995628	0.007445916460457387
PD	Pbre1_12G422000	Pbre1_12G423200	Prupe.6G356300.1	1.38725	0.613125	2.2625891946992867	Neofunctionalization(Child)	0.0005014021985571013	9.091193708799372e-06	0.9953974504634474	0.0030956418629517536	0.0009964142813349219
PD	Pbre1_12G428000	Pbre1_12G428400	Prupe.6G359000.1	0.569194	0.405611	1.4033002063553504	Subfunctionalization	0.07085681284635899	0.005425720489682011	0.0870897234794398	0.8365416872844014	8.605590011786921e-05
PD	Pbre1_13G069200	Pbre1_13G069800	Prupe.1G310900.1	0.0881698	0.719117	0.12260842116095157	Subfunctionalization	0.0003725015793663758	1.6832406820358296e-05	0.45220362918806906	0.5472068113589407	0.00020022546680347012
PD	Pbre1_13G069400	Pbre1_13G070000	Prupe.1G310800.1	0.0221711	0.27033	0.08201494469722191	Neofunctionalization(Parent)	1.046421225631801e-15	0.9999999999999236	1.2312264036843723e-40	7.519168847003116e-14	1.3399299500634023e-18
PD	Pbre1_13G096600	Pbre1_13G097000	Prupe.1G294200.1	0.075125	0.708887	0.10597598771031207	Neofunctionalization(Child)	3.951230275028688e-09	0.00013049130431231972	0.6405086890116801	0.2566453420333241	0.10271547369945314
PD	Pbre1_13G156600	Pbre1_13G157000	Prupe.1G255200.1	0.068656	0.334725	0.20511165882440807	Specialization	5.585336419623711e-09	0.0013018935257188776	0.057834547421652616	0.008148721464679732	0.9327148320026124
PD	Pbre1_13G194800	Pbre1_13G195400	Prupe.1G232600.1	0.427769	0.754144	0.5672245618873849	Neofunctionalization(Child)	0.01677990498093065	1.2185271976472298e-05	0.7488165207504738	0.2322932040026087	0.002098184994010447
PD	Pbre1_13G195200	Pbre1_13G195600	Prupe.1G232400.1	0.779284	0.967606	0.805373261430789	Neofunctionalization(Child)	1.8553065141591393e-07	1.5192151309397332e-17	0.9993484341749189	0.0001305146206221649	0.0005208656738073479
PD	Pbre1_13G195800	Pbre1_13G196600	Prupe.1G232300.1	0.119207	0.278537	0.42797545747961674	Neofunctionalization(Parent)	0.2461180505993497	0.7536402492356402	5.584013089802124e-06	0.00023401814954009866	2.0980023801144628e-06
PD	Pbre1_13G201800	Pbre1_13G202200	Prupe.1G226900.1	0.111231	0.7821	0.14222094361334867	Neofunctionalization(Child)	0.00021266119350149624	8.11179213041704e-05	0.6781770848327353	0.32152821711393054	9.189385284183793e-07
PD	Pbre1_13G277800	Pbre1_13G278200	Prupe.1G124100.1	0.0791353	0.901749	0.08775756890221115	Neofunctionalization(Child)	4.544369479649496e-09	1.5043236612086641e-18	0.9999997133665499	4.958629512297093e-09	2.7713045105468994e-07
PD	Pbre1_13G350000	Pbre1_13G350400	Prupe.1G032000.1	0.307015	0.434005	0.7073996843354339	Neofunctionalization(Child)	3.1437369542832326e-09	2.09323981642142e-14	0.8469696929854036	0.0027339891798382272	0.15029631469100022
PD	Pbre1_13G352800	Pbre1_13G353800	Prupe.1G033200.1	0.0171563	0.312287	0.05493760547188964	Conservation	0.986580362172782	2.3708640514755845e-05	0.008598602867519973	0.00032687025587084523	0.004470456063312672
PD	Pbre1_13G429400	Pbre1_13G429800	Prupe.1G086600.1	0.296978	0.438706	0.676940821415709	Conservation	0.9999897455453998	7.470954181742376e-06	2.4608266931766195e-06	2.6767431069201573e-07	5.4999414513242675e-08
PD	Pbre1_13G463200	Pbre1_13G464200	Prupe.1G098900.1	0.0214443	0.459307	0.04668838053850692	Conservation	0.999999636339347	1.2859012354034353e-09	1.8341650073339855e-07	1.7882223682852667e-07	1.360141882850595e-10
PD	Pbre1_13G465200	Pbre1_13G466000	Prupe.1G098200.1	0.00644397	2.11061	0.0030531315591227183	Neofunctionalization(Child)	2.19687959328071e-09	1.3657387877947023e-15	0.9999998967961519	1.0085827711840142e-07	1.4869024155105067e-10
PD	Pbre1_13G484800	Pbre1_13G485400	Prupe.1G006100.1	0.0232613	0.303772	0.07657486535954597	Neofunctionalization(Child)	4.3792739262827633e-07	6.384708064110067e-12	0.9996791971585195	7.458998788016528e-05	0.0002457749198230266
PD	Pbre1_14G009600	Pbre1_14G010000	Prupe.7G008300.1	0.0462728	0.397854	0.11630598159123699	Specialization	1.895971679497029e-07	4.849155024881611e-10	0.005915137904224949	0.014901731892251741	0.9791829401214398
PD	Pbre1_14G015200	Pbre1_14G015600	Prupe.7G015100.1	0.117739	1.30001	0.0905677648633472	Neofunctionalization(Child)	8.06412563992164e-05	8.364492627256773e-10	0.9974601863178678	0.002459169279572871	2.309710833221923e-09
PD	Pbre1_14G023000	Pbre1_14G023400	Prupe.7G119400.1	0.195699	3.75214	0.052156635946419914	Neofunctionalization(Child)	1.0609361647148932e-09	5.325784243649831e-21	0.9999999979671819	9.015900681877981e-10	7.029176645042882e-11
PD	Pbre1_14G080600	Pbre1_14G081400	Prupe.7G087600.1	0.47246	0.225992	2.090604977167333	Conservation	0.9995628899462405	0.0003906256856350923	6.1243512816269034e-06	3.386275434101858e-05	6.497262501833913e-06
PD	Pbre1_14G080600	Pbre1_14G081600	Prupe.7G087600.1	0.785131	0.225992	3.474153952352296	Neofunctionalization(Parent)	0.041234636540425654	0.9587641594967774	1.5717304790140763e-11	1.124477211284516e-06	7.946986827505823e-08
PD	Pbre1_14G098600	Pbre1_14G099000	Prupe.7G079300.1	0.0745703	0.603307	0.12360257712905702	Neofunctionalization(Parent)	4.883954702788516e-05	0.9998360877661469	7.820455949987196e-06	0.00010721203210253834	4.019877295801659e-08
PD	Pbre1_14G107600	Pbre1_14G108000	Prupe.7G072600.1	0.087093	0.945029	0.09215907659976573	Conservation	0.5577971466074045	0.0743280657508545	0.36684683009574254	0.00042945210722326833	0.0005985054387751636
PD	Pbre1_14G107800	Pbre1_14G108200	Prupe.7G072500.1	0.148686	0.212085	0.7010679680316855	Conservation	0.9950860957345161	0.001072814348981947	0.0004575377417320135	0.002789941625329942	0.0005936105494401405
PD	Pbre1_14G148400	Pbre1_14G148800	Prupe.7G045000.1	0.167028	0.996809	0.16756269255193323	Subfunctionalization	0.1622651056973432	0.21645902711030002	0.0009876483918709134	0.6145219952968939	0.0057662235035919485
PD	Pbre1_14G159000	Pbre1_14G160000	Prupe.7G034500.1	0.701653	0.361375	1.9416202006226218	Subfunctionalization	2.56684125852413e-14	0.00026705954224168037	0.0004910925620211107	0.6049879957769873	0.3942538521187242
PD	Pbre1_14G199800	Pbre1_14G200200	Prupe.5G103800.1	0.701457	0.562609	1.246793065877012	Neofunctionalization(Child)	5.2266500751268024e-05	2.8334000370875324e-07	0.9999014475923528	1.6643771198952514e-05	2.9358795693398156e-05
PD	Pbre1_14G201400	Pbre1_14G201800	Prupe.5G104100.1	0.0798227	0.631329	0.12643597870523926	Subfunctionalization	0.019356708150025353	0.003108248197409345	0.08194111253814486	0.49361676626432316	0.4019771648500974
PD	Pbre1_14G307600	Pbre1_14G308400	Prupe.5G161700.1	0.348322	0.75431	0.46177566252601715	Neofunctionalization(Child)	0.04464365527870113	6.435936293710976e-08	0.9335931683192874	0.01696365204701271	0.004799459995635728
PD	Pbre1_14G324600	Pbre1_14G325000	Prupe.5G168500.1	0.023301	0.21609	0.10783007080383172	Neofunctionalization(Child)	2.4161891100951005e-05	2.1985035957514488e-08	0.9983226149454737	0.0016532011783837865	5.5907028953235e-15
PD	Pbre1_14G364800	Pbre1_14G365400	Prupe.5G193000.1	0.0307242	0.287183	0.10698474491874518	Subfunctionalization	7.519283768270461e-07	1.4113146054529431e-05	0.00478624627475797	0.9951988886457839	5.0269149580761105e-12
PD	Pbre1_14G364800	Pbre1_14G365600	Prupe.5G193000.1	0.32749	0.287183	1.1403530153247232	Neofunctionalization(Child)	1.8008657314900878e-14	1.4211025202861074e-25	0.9961755822584586	1.577376355454751e-05	0.003808643977969066
PD	Pbre1_14G364800	Pbre1_14G365800	Prupe.5G193000.1	0.0103612	0.287183	0.036078737251160405	Neofunctionalization(Child)	1.8015078853383703e-12	1.2966372075942922e-23	0.9988639894553631	4.456094388765535e-05	0.0010914495989478017
PD	Pbre1_14G365000	Pbre1_14G366000	Prupe.5G193100.1	0.00350433	0.275644	0.012713246071019141	Specialization	0.055549871524482104	0.0017958978230718666	0.009585701231886798	0.006313916741694868	0.9267546126788643
PD	Pbre1_14G377000	Pbre1_14G377400	Prupe.5G199900.1	0.153954	0.37883	0.40639336905736084	Subfunctionalization	0.00018353208875121683	0.009727858536796901	3.0445181707054533e-07	0.9897989639152472	0.0002893410073874496
PD	Pbre1_14G406600	Pbre1_14G407000	Prupe.5G218500.1	0.0220091	0.906699	0.02427387699776883	Subfunctionalization	0.06710443240683792	0.06776259961906898	0.0014964133604847005	0.6671808589205656	0.19645569569304294
PD	Pbre1_14G406600	Pbre1_14G407600	Prupe.5G218500.1	0.263464	0.906699	0.2905749317028032	Subfunctionalization	5.49333886353099e-06	1.0572098109991849e-06	4.0716648720624264e-10	0.9999934490223784	2.178047736013982e-11
PD	Pbre1_14G406800	Pbre1_14G407800	Prupe.5G218600.1	0.369208	0.532538	0.6932988819577195	Subfunctionalization	0.0603620678812639	0.00014295790157579206	0.001534062623974857	0.9379517506352526	9.160957932891923e-06
PD	Pbre1_14G412000	Pbre1_14G412800	Prupe.5G220000.1	0.133739	0.307098	0.43549290454512896	Conservation	0.926096474415118	0.036009702791139284	0.01817646889352798	0.019701049270113635	1.6304630101216614e-05
PD	Pbre1_14G445600	Pbre1_14G446000	Prupe.5G240600.1	0.1237	0.329687	0.37520436049950406	Conservation	0.8841192111308056	0.008385137584614285	0.009986153726283467	0.0972428166960453	0.00026668086225128295
PD	Pbre1_14G445800	Pbre1_14G446200	Prupe.5G240700.1	0.062361	0.642159	0.09711146304887107	Conservation	0.9576215405283419	0.027297017881419746	0.015080936541061752	5.013091068768568e-08	4.549182659251323e-07
PD	Pbre1_15G030400	Pbre1_15G030800	Prupe.1G370400.1	0.124157	0.329893	0.37635536370883893	Conservation	0.7187323163003813	0.005281637920145772	0.27403415162861244	0.00083063383143692	0.0011212603194235794
PD	Pbre1_15G030600	Pbre1_15G031000	Prupe.1G370500.1	0.0851124	0.394989	0.21548043110061296	Conservation	0.7668019148642673	0.185200446340152	0.0038312310060125442	0.015517331436951725	0.028649076352616498
PD	Pbre1_15G066000	Pbre1_15G066600	Prupe.1G388500.1	0.58263	0.360769	1.6149669178892865	Conservation	0.9670962247214078	0.002034047428951022	0.025047255644612302	1.9429875134058387e-05	0.005803042329894926
PD	Pbre1_15G066000	Pbre1_15G066800	Prupe.1G388500.1	0.583649	0.360769	1.6177914399518805	Conservation	0.6408402846823095	0.30545763712897017	0.0008294890843294211	0.0035205563506445097	0.04935203275374628
PD	Pbre1_15G082200	Pbre1_15G082800	Prupe.1G398900.1	0.0420812	0.756435	0.05563095308916166	Subfunctionalization	0.06593436785057925	0.003163772089697592	0.0010129698708474947	0.9298888177484902	7.244038552844717e-08
PD	Pbre1_15G086600	Pbre1_15G087800	Prupe.1G401300.1	0.195812	0.516384	0.37919842597756714	Conservation	0.6175259289752993	0.006161327197864649	0.23433551277321293	0.12743464356964565	0.014542587483977245
PD	Pbre1_15G087200	Pbre1_15G088200	Prupe.1G401500.1	0.516243	0.586675	0.8799471598414796	Subfunctionalization	0.001841246129598846	0.0003237750665581364	0.002314112997694635	0.9955189223205243	1.943485624139967e-06
PD	Pbre1_15G087400	Pbre1_15G088400	Prupe.1G401600.1	0.473959	0.38117	1.2434320644331927	Conservation	0.8190108993719194	0.10610165771057994	0.06531181013410214	0.0006306872606135272	0.008944945522784966
PD	Pbre1_15G089800	Pbre1_15G090400	Prupe.1G402500.1	0.121062	0.269672	0.4489231362544127	Subfunctionalization	0.029095459079044525	0.0006849143733590265	0.04443044014523856	0.9159092248636174	0.009879961538740465
PD	Pbre1_15G104200	Pbre1_15G104600	Prupe.1G409800.1	1.04872	0.8931	1.1742470048146905	Conservation	0.9097367091008185	0.0012717695535155488	0.00037360063106360505	0.07945663203949341	0.009161288675109078
PD	Pbre1_15G106000	Pbre1_15G106800	Prupe.1G410800.1	0.184808	0.404828	0.45650992520280215	Conservation	0.9999985152711157	7.467392074388914e-09	3.8021405783137754e-07	7.478981561142065e-09	1.0895684526735329e-06
PD	Pbre1_15G127200	Pbre1_15G127800	Prupe.1G422800.1	0.0203758	0.38058	0.053538809185979294	Subfunctionalization	1.945744927296319e-05	1.1184166514573656e-08	2.1148435825120042e-07	0.9999801902300496	1.2965215284960226e-07
PD	Pbre1_15G171800	Pbre1_15G172600	Prupe.1G450000.1	0.0546781	0.642802	0.0850621186617341	Subfunctionalization	1.6150795009145275e-20	4.602315356408737e-26	3.4540877564854686e-21	1.0	1.5008346337519113e-21
PD	Pbre1_15G257600	Pbre1_15G258000	Prupe.7G269000.1	0.0507259	0.687587	0.07377379153474396	Conservation	0.6021085030934357	0.00028258346754951266	0.3306880853214244	0.056270156030141495	0.010650672087449065
PD	Pbre1_15G298000	Pbre1_15G298800	Prupe.7G248700.1	0.0702356	0.315872	0.22235462465808933	Neofunctionalization(Child)	0.021763945279799492	2.1334820259141276e-05	0.9729114396715843	0.00506023392038854	0.00024304630796823497
PD	Pbre1_15G307200	Pbre1_15G307800	Prupe.7G243800.1	0.0117676	0.52283	0.02250750722032018	Subfunctionalization	0.011923270279388337	0.00010220486420788378	0.00024922203415805866	0.9877253028218664	3.792850507970321e-13
PD	Pbre1_15G311200	Pbre1_15G311600	Prupe.7G241900.1	2.51937	1.66362	1.5143903054784145	Subfunctionalization	0.053189467815032816	0.0006448716084395528	0.009347081153287733	0.9368185794229351	3.0470349574960786e-13
PD	Pbre1_15G351600	Pbre1_15G352000	Prupe.7G221200.1	0.741486	0.425902	1.7409779714582228	Conservation	0.951647679579487	0.006157609571822114	0.03966906350824172	0.0005635188740845741	0.001962128466364569
PD	Pbre1_15G351600	Pbre1_15G352200	Prupe.7G221200.1	0.802179	0.425902	1.8834825851956554	Conservation	0.945686621755787	0.003977172865746409	0.012440244448009861	0.03789195424898814	4.0066814684326824e-06
PD	Pbre1_15G384600	Pbre1_15G385000	Prupe.7G202700.1	0.149613	0.375784	0.39813563110723177	Conservation	0.9946534934283088	0.0003798863627486471	0.004863142509520133	9.501452369500774e-05	8.463175727256929e-06
PD	Pbre1_15G415800	Pbre1_15G416200	Prupe.7G182300.1	0.806602	0.716147	1.126307866960275	Conservation	0.868845238986697	0.00040218360385753003	0.001431852073339469	0.1292768981372232	4.382719888290722e-05
PD	Pbre1_15G465600	Pbre1_15G466000	Prupe.7G153900.1	0.696055	0.475008	1.4653542677175964	Conservation	0.7153768110876557	0.0006264018748605503	0.003084603844309317	0.280912161138869	2.2054305524601797e-08
PD	Pbre1_15G530800	Pbre1_15G531200	Prupe.6G218500.1	0.880629	0.605921	1.4533726343863307	Conservation	0.9478237175743933	0.007030859175868089	0.001101630865580343	0.04404378822481185	4.159346336479518e-09
PD	Pbre1_15G613600	Pbre1_15G614200	Prupe.1G490800.1	0.698442	0.737918	0.9465035410438559	Conservation	0.6801079460760651	0.0058674639505358565	0.0008155114352058996	6.652282612243592e-06	0.313202426255581
PD	Pbre1_15G629600	Pbre1_15G630000	Prupe.1G500400.1	0.0292171	0.420686	0.06945108703403488	Conservation	0.7856242225498511	0.05319356148624267	0.0039410363705610334	2.0617714841817307e-06	0.15723911782186112
PD	Pbre1_15G662400	Pbre1_15G662800	Prupe.1G516400.1	0.154398	0.56334	0.2740760464373203	Conservation	0.8595500759791032	0.1241639499275672	0.002200762042382484	0.01321799610124895	0.0008672159496981354
PD	Pbre1_15G675400	Pbre1_15G676200	Prupe.1G523800.1	0.326062	0.229648	1.419833832648227	Subfunctionalization	0.05336951795582605	0.029486196014593825	0.007906272112830135	0.9092214257059896	1.6588210760423912e-05
PD	Pbre1_15G694200	Pbre1_15G694600	Prupe.1G533000.1	0.427712	0.469401	0.9111868104243492	Specialization	7.317747617802352e-06	2.8821272813162967e-07	3.0726376538371123e-07	0.11129622912743245	0.8886958576484563
PD	Pbre1_15G694800	Pbre1_15G695400	Prupe.1G533100.1	0.0226768	0.324619	0.06985666273385108	Specialization	2.591071128894197e-05	9.26561607102277e-07	5.880292323047997e-06	0.0171178043020515	0.9828494781327295
PD	Pbre1_15G695200	Pbre1_15G695800	Prupe.1G533200.1	0.0686912	0.335885	0.20450809056671182	Subfunctionalization	0.0360170541559406	0.00013443707791621797	0.010521665766116095	0.9486260706932371	0.00470077230678981
PD	Pbre1_15G733000	Pbre1_15G733800	Prupe.1G558600.1	0.0638886	0.608387	0.10501309199571983	Conservation	0.5168178668770878	0.03814920462200385	0.030246238851914187	0.3517927593845608	0.06299393026443333
PD	Pbre1_15G744600	Pbre1_15G745200	Prupe.1G566100.1	0.0282147	0.454736	0.06204633017838922	Conservation	0.8746325119901569	0.001175319495498606	0.06040585678924764	0.00021803586899217167	0.06356827585610485
PD	Pbre1_15G763000	Pbre1_15G763800	Prupe.1G576700.1	0.109907	0.432575	0.2540761717621222	Conservation	0.9997143336380735	9.372356701065279e-06	0.00015076612848767445	1.7419489641011257e-06	0.000123785927773941
PD	Pbre1_15G766000	Pbre1_15G766400	Prupe.1G578800.1	0.238471	0.228971	1.0414899703455895	Conservation	0.5217963633616581	0.008907141213925595	0.46916340789637445	6.353782580098045e-05	6.954970224074837e-05
PD	Pbre1_16G077800	Pbre1_16G078400	Prupe.1G309300.1	0.064277	0.521017	0.12336833539020801	Subfunctionalization	1.2751778844022755e-12	1.993879212096508e-16	3.110181904988829e-13	0.9999999999983289	8.478779870390297e-14
PD	Pbre1_16G124200	Pbre1_16G124800	Prupe.1G278500.1	0.897616	0.591494	1.5175403300794261	Specialization	0.004777514901256648	0.0019017613729587898	0.0001441464503790435	0.0017319479856784728	0.991444629289727
PD	Pbre1_16G145000	Pbre1_16G145400	Prupe.1G265600.1	0.0680324	0.397577	0.17111754452596606	Conservation	0.9999927667134123	6.936038289295057e-06	7.697026178428426e-13	2.310737780048039e-07	6.617375083770296e-08
PD	Pbre1_16G145200	Pbre1_16G145600	Prupe.1G265500.1	0.0664215	0.717649	0.09255429882853596	Neofunctionalization(Parent)	0.0006926617910290345	0.9992735862689984	3.0811046140755603e-12	2.7499244646899888e-05	6.252692244619011e-06
PD	Pbre1_16G325600	Pbre1_16G326000	Prupe.1G011800.1	0.205079	0.765747	0.26781561011665733	Specialization	0.012060047214127956	0.03274125595422313	0.01871438520358629	0.42993607281537427	0.5065482388126883
PD	Pbre1_16G325800	Pbre1_16G326200	Prupe.1G011900.1	0.0200893	0.410182	0.048976551872095805	Subfunctionalization	0.00953581552323315	0.00013717783757379696	0.3169764844856111	0.5819759118350588	0.0913746103185232
PD	Pbre1_16G488400	Pbre1_16G488800	Prupe.5G018900.1	0.0233832	0.291717	0.0801571385966536	Subfunctionalization	0.00031169589870512834	0.14800882089703774	1.3322081850288358e-06	0.8516781446618432	6.334228800319392e-09
PD	Pbre1_17G047200	Pbre1_17G046800	Prupe.3G291000.1	0.103228	0.425682	0.24250027015471642	Neofunctionalization(Parent)	0.060915054070332784	0.8960476705643557	0.00016851407214097696	0.042712561872481576	0.00015619942068905617
PD	Pbre1_17G069800	Pbre1_17G070200	Prupe.3G276800.1	1.25444	1.42641	0.879438590587559	Subfunctionalization	0.16512689431964445	0.3638468500371401	0.005793299825374386	0.4103838164770685	0.05484913934077246
PD	Pbre1_17G083400	Pbre1_17G084200	Prupe.3G269000.1	0.741927	1.02193	0.7260056951063184	Subfunctionalization	4.136096456491963e-05	4.049201096544934e-06	0.0008317881956198086	0.984447405011732	0.014675396626986742
PD	Pbre1_17G087400	Pbre1_17G088000	Prupe.3G266800.1	0.281537	1.71227	0.16442325100597452	Neofunctionalization(Child)	0.0005953732664965668	0.00018030954029498976	0.9806468621255888	0.01857702304470433	4.320229153924049e-07
PD	Pbre1_17G099600	Pbre1_17G100000	Prupe.3G261200.1	0.127734	0.4484	0.2848661909009812	Neofunctionalization(Child)	0.006855520467574148	0.0008352417376411624	0.9823670390057073	0.009920095139121158	2.2103649956186357e-05
PD	Pbre1_17G099600	Pbre1_17G100200	Prupe.3G261200.1	0.0738599	0.4484	0.16471877787689562	Conservation	0.936853790851396	0.032542572396781315	0.0005514498272094302	0.02927005987554262	0.000782127049070779
PD	Pbre1_17G100600	Pbre1_17G101200	Prupe.3G260500.1	0.0729909	1.8878	0.038664530140904756	Subfunctionalization	2.3691967945255297e-05	3.5366007544608407e-06	0.002120255663905014	0.9978111357707282	4.1379996667124805e-05
PD	Pbre1_17G101600	Pbre1_17G102000	Prupe.3G259900.1	0.585904	0.597549	0.9805120584253342	Subfunctionalization	7.427014214570241e-17	1.1093012801514406e-05	5.893263960119483e-10	0.9910352994851304	0.008953606912741786
PD	Pbre1_17G117600	Pbre1_17G116000	Prupe.3G250800.1	0.103663	0.655831	0.15806358650323024	Subfunctionalization	1.8877772527930604e-11	3.708341620526075e-11	0.00019544872607430203	0.9973080035004448	0.0024965477175196604
PD	Pbre1_17G210200	Pbre1_17G210800	Prupe.3G194100.1	0.0254374	0.216604	0.11743735111078281	Subfunctionalization	0.008073835737869541	0.14193414361002454	2.8784536978170046e-05	0.7908032533189381	0.059159982796189746
PD	Pbre1_17G210200	Pbre1_17G211000	Prupe.3G194100.1	0.0411498	0.216604	0.18997710106923235	Subfunctionalization	0.031309818168663246	1.3440970343228854e-06	0.41958320095341056	0.5121894050265766	0.03691623175431518
PD	Pbre1_17G210400	Pbre1_17G211200	Prupe.3G194000.1	0.0327472	0.562724	0.05819407027246038	Subfunctionalization	6.984662597598088e-05	1.823216969380536e-05	0.21858874559211366	0.781323174597609	1.0146074739698085e-09
PD	Pbre1_17G211400	Pbre1_17G211800	Prupe.3G193900.1	0.0267154	0.428363	0.0623662641264535	Subfunctionalization	0.0007773655454012571	0.03964240096331624	0.0012086488399123843	0.9577382695515161	0.0006333150998538258
PD	Pbre1_17G214200	Pbre1_17G215000	Prupe.3G192700.1	0.250841	0.351973	0.7126711423887627	Specialization	9.377440974660364e-11	1.136226965796624e-16	0.18363645247793317	0.08971060015464576	0.7266529472736466
PD	Pbre1_17G214800	Pbre1_17G215600	Prupe.3G192600.1	0.206857	0.173872	1.189708521211006	Neofunctionalization(Child)	0.0007808771898453921	1.5506367608336578e-11	0.9989749562345017	0.00014440740331325659	9.975915683319647e-05
PD	Pbre1_17G217000	Pbre1_17G215400	Prupe.3G192700.1	0.0311138	0.347204	0.08961244686121128	Neofunctionalization(Parent)	2.4807053266893176e-05	0.9999487479342628	3.0156614429315447e-12	3.933169936340962e-06	2.251183951832818e-05
PD	Pbre1_17G217200	Pbre1_17G215800	Prupe.3G192600.1	0.0204793	0.424358	0.04825948845078919	Conservation	0.9908637486451379	0.0004646199831369447	0.00796568069844737	0.00014287412294424444	0.0005630765503333899
PD	Pbre1_17G280200	Pbre1_17G280800	Prupe.3G029500.1	0.0540615	0.301589	0.179255543139836	Neofunctionalization(Child)	3.7250605260348845e-06	2.404017102578574e-12	0.996149637828998	0.0038466363901963306	7.178757147085692e-10
PD	Pbre1_17G283200	Pbre1_17G283800	Prupe.3G027700.1	0.0835502	0.566305	0.14753569189747576	Neofunctionalization(Parent)	0.001081306524463116	0.9981492065475408	3.336465449593705e-09	0.0007643810335118963	5.10255801882784e-06
PD	Pbre1_17G365000	Pbre1_17G365800	Prupe.3G080200.1	0.0460322	0.439511	0.10473503507306985	Specialization	5.137271820756148e-09	2.918636001626534e-23	0.004843881505781237	1.0187979356117227e-06	0.9951550945590112
PD	Pbre1_17G365200	Pbre1_17G366000	Prupe.3G080300.1	0.163836	0.728003	0.22504852315169033	Conservation	0.8521888579993967	0.012946943153179895	0.004560283086249935	0.07358734061194683	0.056716575149226726
PD	Pbre1_17G372400	Pbre1_17G372800	Prupe.3G084200.1	5.12112	0.442758	11.566408737956175	Neofunctionalization(Child)	5.688489311161363e-10	3.5054335327397687e-20	0.9999999351085809	6.429653025122744e-08	2.6040121747537408e-11
PD	Pbre1_17G415600	Pbre1_17G416000	Prupe.3G121900.1	0.335776	0.685942	0.4895107749634809	Neofunctionalization(Parent)	0.008586602059501151	0.9835746203130569	2.2023427258316298e-05	0.007123064804919153	0.0006936893952647362
PD	Pbre1_17G415800	Pbre1_17G416200	Prupe.3G122300.1	0.119978	0.380232	0.3155389341244293	Neofunctionalization(Parent)	0.027466179789601898	0.9725338016616434	5.382360985930375e-18	1.8548212277413428e-08	5.42180768433892e-13
PD	Pbre1_17G417400	Pbre1_17G418000	Prupe.3G122900.1	0.0504073	0.264308	0.19071424247468863	Conservation	0.78837030696688	5.053919246737047e-06	0.19121641679640536	0.01873322796771515	0.0016749943497527645
PD	Pbre1_17G444600	Pbre1_17G445200	Prupe.3G148000.1	0.202978	0.44699	0.45409964428734423	Neofunctionalization(Child)	0.010750786274082973	0.0029275692443540176	0.9858082472903719	3.4118985410968584e-05	0.00047927820578024937
PD	Pbre1_17G461400	Pbre1_17G462000	Prupe.3G162100.1	1.77148	0.635866	2.785932885230536	Conservation	0.7734142279152695	0.00022912437676658845	0.2199851486375688	0.003245514119894952	0.0031259849505001114
PD	Pbre1_17G468600	Pbre1_17G469200	Prupe.3G113600.1	0.223799	0.296686	0.7543294931341553	Neofunctionalization(Parent)	0.0024365498071152415	0.9933506196896443	2.9719544049318336e-08	0.003954859348693596	0.0002579414350026267
PD	Pbre1_17G470200	Pbre1_17G470600	Prupe.3G115200.1	0.625011	0.608363	1.0273652408183929	Neofunctionalization(Parent)	1.8533514708598273e-05	0.9999540406951737	5.636725683543136e-16	2.6421700309090364e-05	1.004089808084981e-06
PD	Pbre1_17G471400	Pbre1_17G471800	Prupe.3G116300.1	0.156833	0.690651	0.2270799578947978	Neofunctionalization(Parent)	0.0009198538152609676	0.9209550475025949	0.004473776371659411	0.029503302825048275	0.04414801948543623
PD	Pbre1_17G471600	Pbre1_17G472000	Prupe.3G116500.1	0.606907	0.848436	0.7153244322494566	Subfunctionalization	9.196197439807157e-06	0.00014303719551110028	6.037920233845751e-06	0.9952089236176119	0.004632805069203348
PD	Pbre1_17G479800	Pbre1_17G480200	Prupe.3G015300.1	0.549988	0.583698	0.9422475321142098	Neofunctionalization(Child)	0.015174832003329185	9.954373531317694e-07	0.9744129869459235	0.00211561147190724	0.008295574141487037
PD	Pbre1_17G485400	Pbre1_17G486200	Prupe.3G010900.1	0.0739666	0.342757	0.2157989479427116	Neofunctionalization(Parent)	0.017560184887547226	0.9807822994567724	8.294127242826137e-10	0.0015512233008040514	0.00010629152546360595
TRD	Pbre1_15G390800	Pbre1_01G022200	Prupe.7G199400.1	0.424463	0.195018	2.1765324226481657	Conservation	0.9684996343561547	0.005570348409810171	0.009721980404038355	0.014011071693053906	0.00219696513694289
TRD	Pbre1_09G435000	Pbre1_01G022800	Prupe.3G147500.1	0.658186	0.286556	2.296884378620584	Subfunctionalization	0.29931670318402964	0.16713466157196047	0.00045892149269702716	0.52224126439169	0.010848449359622895
TRD	Pbre1_12G210600	Pbre1_01G029200	Prupe.6G240600.1	0.889754	0.291864	3.0485225995669216	Neofunctionalization(Parent)	0.43364074781779843	0.45766464351965797	0.023011931670776267	0.009190370323969639	0.07649230666779774
TRD	Pbre1_02G237800	Pbre1_01G029400	Prupe.7G148500.1	0.234654	0.401556	0.5843618324716852	Conservation	0.9700543403018319	0.029698313981061805	0.00013581269861420053	6.753955583605897e-06	0.00010477906290874585
TRD	Pbre1_01G236200	Pbre1_01G031000	Prupe.2G224300.1	0.258765	0.564678	0.45825231370798936	Neofunctionalization(Child)	0.06532572190924156	1.0147475773825855e-05	0.932078016717182	0.0016516156143193263	0.000934498283483272
TRD	Pbre1_14G069000	Pbre1_01G033200	Prupe.7G094800.1	0.545779	0.373275	1.4621364945415578	Subfunctionalization	4.524188881028669e-08	1.6896937942402318e-08	1.4937327688038273e-09	0.9999999363674403	3.49230402610174e-17
TRD	Pbre1_12G068200	Pbre1_01G033400	Prupe.7G096000.1	0.0479494	0.309953	0.1546989382261182	Subfunctionalization	7.082510719623525e-08	2.9218018871155395e-05	2.3192780031788988e-06	0.9999683918780183	1.96755399865674e-22
TRD	Pbre1_12G068800	Pbre1_01G034000	Prupe.7G095100.1	0.0604506	0.251752	0.24011964155200358	Subfunctionalization	0.10089995706772309	0.006930706505240727	6.06218142248282e-05	0.8878218030617334	0.004286911551077971
TRD	Pbre1_12G069000	Pbre1_01G034200	Prupe.7G095000.1	0.23269	0.304607	0.763902339736119	Subfunctionalization	2.74708242391675e-10	2.97082862279607e-08	1.2901032607862663e-15	0.9999999700168505	1.5356046821126555e-13
TRD	Pbre1_15G238000	Pbre1_01G035200	Prupe.4G272100.1	0.156223	0.337736	0.4625595139398821	Conservation	0.999946580849074	1.4503356000535893e-05	8.612218175364151e-06	1.3215668509534923e-08	3.0290361081786222e-05
TRD	Pbre1_15G621600	Pbre1_01G037400	Prupe.1G494100.1	1.22464	0.362172	3.3813768043912837	Conservation	0.999825263734537	2.3470689562467467e-05	1.5121591790320124e-08	0.00015107838735722005	1.7206695166524375e-07
TRD	Pbre1_15G609000	Pbre1_01G042400	Prupe.6G163700.1	0.184059	1.01205	0.18186749666518454	Subfunctionalization	9.409084492039733e-05	4.758945657299791e-10	3.772893543608214e-08	0.9999058689827297	1.967519833225624e-09
TRD	Pbre1_15G606000	Pbre1_01G047200	Prupe.6G161300.1	0.212148	0.250968	0.8453189251219279	Subfunctionalization	3.690048016332251e-05	8.161281710363036e-09	1.790620479919993e-10	0.9999630911794929	1.5247653844643985e-18
TRD	Pbre1_15G606000	Pbre1_01G047400	Prupe.6G161300.1	0.138322	0.250968	0.5511539319753912	Specialization	0.014262526115517283	0.00034632838441363896	0.00016014405464789082	1.7682667894213146e-06	0.9852292331786316
TRD	Pbre1_12G331000	Pbre1_01G051800	Prupe.6G303500.1	0.173303	0.255048	0.6794917035224742	Conservation	0.9975928651477961	7.650687113704006e-05	0.00021488515943449078	8.928052332284483e-06	0.0021068147692999946
TRD	Pbre1_15G600800	Pbre1_01G054000	Prupe.6G167500.1	2.09029	0.226733	9.219169684165959	Conservation	0.7895944508193037	0.001111350589911619	0.0009088214545092293	0.009524205153855183	0.1988611719824202
TRD	Pbre1_06G182200	Pbre1_01G055400	Prupe.5G115000.1	3.9532	0.404684	9.768609581797156	Conservation	0.6296559982530607	0.016663595658010975	0.0008687886627931224	0.3226158120048517	0.03019580542128347
TRD	Pbre1_13G073800	Pbre1_01G059000	Prupe.1G309100.1	0.292919	0.435399	0.6727599282497204	Subfunctionalization	0.0008300003723199306	4.9592936590008005e-06	1.0425000312312141e-05	0.9647649798784868	0.03438963545522194
TRD	Pbre1_11G282600	Pbre1_01G059200	Prupe.6G155300.1	4.93235	0.340959	14.466108828334196	Specialization	5.585117567228982e-08	1.8944845062351766e-10	1.041758217924793e-09	0.4628252698731316	0.5371746730444861
TRD	Pbre1_15G595600	Pbre1_01G060200	Prupe.6G174100.1	0.158123	0.297057	0.5322985150997956	Subfunctionalization	0.0006520724228196904	6.986676973761577e-08	7.451477583947845e-05	0.99925329313229	2.0049802281145032e-05
TRD	Pbre1_10G196200	Pbre1_01G060600	Prupe.8G151100.1	1.71236	0.358569	4.775538320379062	Subfunctionalization	0.03086944614534398	5.119407620669596e-05	0.004615449334098841	0.948823074563082	0.015640835881268474
TRD	Pbre1_04G339800	Pbre1_01G061000	Prupe.6G324900.1	1.52226	0.512897	2.9679643281204604	Conservation	0.9999999390839825	1.951644648108545e-16	1.8947651145867218e-11	6.089691929244492e-08	1.5010078282191305e-13
TRD	Pbre1_03G205600	Pbre1_01G068000	Prupe.6G115400.1	0.57733	1.46327	0.3945478278103152	Conservation	0.513043397977096	0.0013958915524239482	0.09363412840171012	0.013654085227319278	0.37827249684145065
TRD	Pbre1_09G171600	Pbre1_01G075800	Prupe.3G219400.1	0.195063	0.430197	0.4534271508169513	Subfunctionalization	6.01792298909404e-31	1.570555873471985e-38	3.245432648795306e-30	1.0	9.063963115747165e-24
TRD	Pbre1_09G171600	Pbre1_01G076000	Prupe.3G219400.1	0.473833	0.430197	1.1014325994834924	Neofunctionalization(Child)	0.23921863863530934	0.0006534844288210735	0.755703450334456	3.341989982619264e-05	0.00439100670158738
TRD	Pbre1_07G157200	Pbre1_01G084000	Prupe.2G127800.1	0.0907775	0.285169	0.3183287804775414	Neofunctionalization(Child)	6.970454359724044e-08	2.22322153776849e-12	0.9995234799145932	1.0841661470609359e-07	0.00047634196202521115
TRD	Pbre1_02G087800	Pbre1_01G093400	Prupe.7G229100.1	0.452869	0.42877	1.056204958369289	Specialization	3.529615963624612e-09	8.827866944184538e-10	0.0005196490466024242	7.598421751522451e-07	0.9994795866988198
TRD	Pbre1_04G340000	Pbre1_01G107400	Prupe.6G325100.1	0.55397	0.334769	1.6547828502639133	Subfunctionalization	5.791347913107312e-06	1.2061839279541609e-08	1.4223943025861505e-05	0.9999799726472218	1.618130036458862e-19
TRD	Pbre1_07G341600	Pbre1_01G111400	Prupe.2G239900.1	0.470862	0.415408	1.1334928552170396	Subfunctionalization	0.03246115288755857	0.0011029661528811849	3.624230858022249e-05	0.9663939808998142	5.6577511659025475e-06
TRD	Pbre1_09G074800	Pbre1_01G116600	Prupe.3G272600.1	3.79452	0.245461	15.458749047710226	Conservation	0.9996860289644279	1.1080203199289595e-11	0.0001870577535273333	0.00012691327022162498	7.42890389409643e-13
TRD	Pbre1_07G206600	Pbre1_01G117400	Prupe.2G154000.1	0.173828	0.375107	0.4634091072680595	Subfunctionalization	3.3618313289263933e-07	5.307355798025902e-08	1.7696987352685728e-08	0.9999995916428095	1.403512358049473e-09
TRD	Pbre1_07G211000	Pbre1_01G122000	Prupe.2G157100.1	0.500673	0.413777	1.2100068394328347	Conservation	0.9958694990147707	2.3712903306336898e-08	0.004092618763125936	4.606590676560499e-06	3.325191852339647e-05
TRD	Pbre1_14G054000	Pbre1_01G125800	Prupe.7G101500.1	0.132837	0.285948	0.4645494985102187	Conservation	0.9376891328513999	0.0070580496815406185	0.05430013874174166	0.0009468182553371978	5.86046998072073e-06
TRD	Pbre1_09G008000	Pbre1_01G135400	Prupe.3G312000.1	0.100883	0.31527	0.3199892155929838	Subfunctionalization	0.0007139717233524229	1.5232290686075335e-11	5.990361123290004e-08	0.9992500498636433	3.591849416066438e-05
TRD	Pbre1_03G416800	Pbre1_01G146800	Prupe.4G154500.1	1.16556	0.330899	3.522404117268411	Conservation	0.8866186305532137	0.006431169131235298	0.00032844145788100417	0.10660726311212239	1.4495745547652907e-05
TRD	Pbre1_06G067200	Pbre1_01G164000	Prupe.5G046200.1	0.657763	0.601246	1.0939997937616217	Specialization	0.2251243980053313	0.011119011386597218	1.3302957750133956e-06	0.0005285318174612952	0.7632267284948352
TRD	Pbre1_07G244800	Pbre1_01G165000	Prupe.2G183300.1	0.3101	0.357677	0.8669833397171189	Subfunctionalization	0.01739321772139524	0.0013448611905138186	0.0022149627008887797	0.9513019371278643	0.027745021259338067
TRD	Pbre1_05G020600	Pbre1_01G165600	Prupe.8G018000.1	1.56572	0.29577	5.293707948743957	Subfunctionalization	0.16317906488780662	8.564395142783111e-05	3.472063637532087e-05	0.836469311548422	0.00023125897596835624
TRD	Pbre1_10G337000	Pbre1_01G170200	Prupe.8G230400.1	0.317357	0.445251	0.7127597692088282	Subfunctionalization	0.2787501304028879	0.0025352058690574298	0.20086588551442405	0.5156599831295379	0.0021887950840928875
TRD	Pbre1_04G270600	Pbre1_01G171200	Prupe.6G288300.1	0.477463	0.278422	1.714889627974801	Specialization	0.000166838118869738	1.6505313423579764e-09	1.6579369848856744e-07	0.042235728269667996	0.9575972661672324
TRD	Pbre1_09G283400	Pbre1_01G185000	Prupe.3G027000.1	0.164273	0.438509	0.37461716863279887	Conservation	0.47176592002806933	0.0003222866691396486	0.12999619765757672	1.2672274626142058e-06	0.3979143284177517
TRD	Pbre1_16G018800	Pbre1_01G185600	Prupe.1G341200.1	0.268271	0.320748	0.836391809146121	Subfunctionalization	2.3758092851837494e-07	1.1714937650529688e-12	1.6550602118616223e-08	0.9999997458669987	2.993545242757873e-13
TRD	Pbre1_02G089400	Pbre1_01G196400	Prupe.7G228100.1	1.26061	0.435559	2.894234764980175	Conservation	0.8579767985672496	0.1169689055802192	0.01212412741940819	2.2988184687929877e-05	0.012907180248434869
TRD	Pbre1_05G500800	Pbre1_01G199400	Prupe.4G062700.1	0.79845	1.01179	0.789145969025193	Specialization	0.259966975083973	0.0012086865113905103	0.014643015003509499	0.00014204625984416856	0.7240392771412828
TRD	Pbre1_01G202000	Pbre1_01G200000	Prupe.2G203700.1	0.138461	0.305546	0.4531592624351162	Conservation	0.9999858659354943	3.6732191995886073e-07	4.045211552908694e-06	2.5473240909567e-06	7.174206941820963e-06
TRD	Pbre1_13G152200	Pbre1_01G204400	Prupe.1G258300.1	0.150551	0.483064	0.31165849659672423	Conservation	0.9063373220115073	0.0012879067043164026	0.09236578931216059	2.4774089635979928e-06	6.504563052084048e-06
TRD	Pbre1_01G163800	Pbre1_01G212600	Prupe.2G183000.1	0.206245	0.944899	0.21827200579109513	Subfunctionalization	4.4849726797435254e-14	5.820705535457841e-18	3.346727093358636e-14	0.9999999999995164	4.0524936157778773e-13
TRD	Pbre1_13G239200	Pbre1_01G216200	Prupe.1G105600.1	4.50995	0.271387	16.618150464097397	Conservation	0.9999999771871791	1.794468666622763e-08	3.492649859909952e-09	1.3754844175609785e-09	9.772357894025578e-30
TRD	Pbre1_07G432400	Pbre1_01G219200	Prupe.2G290700.1	2.40668	1.08835	2.2113106996830068	Conservation	0.9828111102393091	4.463575214639121e-05	1.5267096038107932e-06	0.004145064489096345	0.01299766280984439
TRD	Pbre1_14G294400	Pbre1_01G243000	Prupe.5G153200.1	0.790285	0.472621	1.6721326390490479	Neofunctionalization(Parent)	1.2703039002340439e-05	0.9999872485598231	9.996920985473085e-14	4.150052622306949e-08	6.900548246662455e-09
TRD	Pbre1_08G062600	Pbre1_01G250400	Prupe.1G383000.1	0.0677945	0.70241	0.09651699150069047	Neofunctionalization(Child)	1.5684693284193325e-09	3.537042602839943e-16	0.6063831743173115	0.23877443726718267	0.1548423868470362
TRD	Pbre1_02G001800	Pbre1_01G250600	Prupe.7G271200.1	0.771023	0.283379	2.720819115036753	Subfunctionalization	0.3953200446216412	0.0002654460478488566	3.0009201835214695e-06	0.47754555493884293	0.12686595347148336
TRD	Pbre1_13G199200	Pbre1_01G269400	Prupe.1G229200.1	0.390231	0.679588	0.5742170256096341	Conservation	0.9947191838423679	1.0398952519557474e-05	0.0005416219514189114	0.004728758478396053	3.67752976367951e-08
TRD	Pbre1_03G206400	Pbre1_01G289600	Prupe.6G116000.1	0.223193	0.367519	0.607296493514621	Conservation	0.9966063070712112	0.003364640538217516	7.597747007774249e-06	1.8182813721857738e-06	1.9636362191413996e-05
TRD	Pbre1_07G368600	Pbre1_01G290400	Prupe.2G253600.1	0.462594	0.613398	0.7541498342022634	Neofunctionalization(Child)	0.032948943773035165	6.335564817847552e-14	0.9647360791804485	0.002314919817186294	5.7229266792098554e-08
TRD	Pbre1_07G376400	Pbre1_01G298200	Prupe.2G259700.1	0.630248	0.262438	2.4015119761619887	Conservation	0.6073247439436358	4.906685295299889e-06	0.39130723960136227	0.001361061839891965	2.0479298147328587e-06
TRD	Pbre1_05G459600	Pbre1_01G302800	Prupe.4G087700.1	2.98003	1.56526	1.903856228358228	Neofunctionalization(Child)	0.18532726311384212	0.0025486830831990123	0.8027421523812328	0.0008304921858051773	0.008551409235920791
TRD	Pbre1_10G449800	Pbre1_01G304200	Prupe.4G079500.1	1.69161	0.417356	4.053158454652623	Neofunctionalization(Parent)	0.0011847301208454143	0.6165759212353851	0.0015127246291206104	0.1628613734599978	0.21786525055465114
TRD	Pbre1_07G376400	Pbre1_01G305800	Prupe.2G259700.1	1.45947	0.262438	5.561199216576868	Neofunctionalization(Parent)	8.166378507161341e-06	0.9999296135052715	2.3911480999395365e-19	6.17989770413111e-05	4.211391799782568e-07
TRD	Pbre1_02G104400	Pbre1_01G324600	Prupe.7G219900.1	0.747217	0.294723	2.535319605188601	Neofunctionalization(Parent)	0.033287102263406254	0.966627087296193	2.427556025653644e-10	7.17853800740868e-05	1.40248175710204e-05
TRD	Pbre1_07G432400	Pbre1_01G328400	Prupe.2G290700.1	2.06482	1.08835	1.897202186796527	Neofunctionalization(Child)	0.08971319427077545	1.3820573157024073e-05	0.8396322573661728	0.012203849838726315	0.0584368779511685
TRD	Pbre1_15G437200	Pbre1_01G328600	Prupe.7G168400.1	0.368608	0.450654	0.817940149205377	Neofunctionalization(Child)	7.488868018533055e-09	3.916043631209326e-12	0.999999692956628	4.8679688194020425e-09	2.9468261919062086e-07
TRD	Pbre1_07G432400	Pbre1_01G333000	Prupe.2G290700.1	1.74258	1.08835	1.6011209629255296	Neofunctionalization(Parent)	0.08437206509036316	0.758226860522848	1.9143543017669812e-13	0.15731658634963816	8.448803695915849e-05
TRD	Pbre1_05G424800	Pbre1_01G342800	Prupe.4G108700.1	0.591864	0.443198	1.3354392393467478	Subfunctionalization	0.07478585959828675	0.02150620463836175	0.010818531907641054	0.6280666717515131	0.26482273210419727
TRD	Pbre1_06G311000	Pbre1_01G347000	Prupe.5G183200.1	2.10786	0.364743	5.779027973120801	Subfunctionalization	0.09390732712874608	0.023054117932354665	3.004791122246495e-08	0.8830213618962743	1.7162994713642458e-05
TRD	Pbre1_17G085800	Pbre1_01G347600	Prupe.3G268100.1	0.549777	0.397872	1.3817936421763781	Subfunctionalization	0.004001426575583538	0.009995321507494255	0.0016251749967550833	0.8960111507787029	0.08836692614146421
TRD	Pbre1_02G498800	Pbre1_01G358000	Prupe.2G012300.1	3.68339	0.363729	10.126742712294043	Neofunctionalization(Child)	0.00025316161850532173	7.594156653991922e-12	0.9997433333217257	2.003139695776079e-06	1.5019124788934522e-06
TRD	Pbre1_07G439800	Pbre1_01G365600	Prupe.2G294300.1	0.0772224	0.234663	0.32907786911443215	Neofunctionalization(Child)	0.05927228835355914	0.00013775201020865246	0.8836127777144355	0.046494984780187265	0.010482197141609405
TRD	Pbre1_07G439800	Pbre1_01G365800	Prupe.2G294300.1	0.220725	0.234663	0.9406041855767633	Subfunctionalization	0.0008980844162440951	0.002280487564091714	0.0016486400301896772	0.9946454869669286	0.0005273010225459395
TRD	Pbre1_07G439800	Pbre1_01G366000	Prupe.2G294300.1	0.241422	0.234663	1.0288030068651641	Subfunctionalization	0.00034818401899717696	0.0006946721243372475	0.0011238370468564106	0.9975887158510105	0.0002445909587985641
TRD	Pbre1_07G453000	Pbre1_01G377200	Prupe.2G300700.1	0.202571	0.520236	0.38938289545513954	Conservation	0.9899317930784803	0.008861553440271978	0.0005125038740153121	0.0006897440523284575	4.405554903668818e-06
TRD	Pbre1_12G061600	Pbre1_01G382600	Prupe.7G098700.1	2.80201	0.912965	3.0691318944318784	Conservation	0.9999996352375404	2.7296584012447734e-08	3.0166231749429556e-07	3.3148534204314655e-08	2.655023827455474e-09
TRD	Pbre1_01G424800	Pbre1_01G406200	Prupe.2G324300.1	0.233923	0.283371	0.8255008451817583	Neofunctionalization(Child)	1.9117262450559608e-07	4.857078893472863e-19	0.9857879842589401	0.0022158400449364146	0.011995984523499127
TRD	Pbre1_07G264200	Pbre1_01G407600	Prupe.2G193400.1	1.60859	0.218672	7.35617728835882	Specialization	1.2698894019597796e-05	2.1827341809198307e-21	1.1106035023295765e-07	0.0011482923869776127	0.9988388976586526
TRD	Pbre1_05G243800	Pbre1_01G418400	Prupe.8G177400.1	0.245885	0.476249	0.516295047338682	Neofunctionalization(Child)	0.02198447147028889	1.516157688898874e-08	0.977934265204435	3.5986809187677914e-05	4.526135451150986e-05
TRD	Pbre1_15G255000	Pbre1_02G004200	Prupe.7G270100.1	0.275295	0.263129	1.0462358766992617	Neofunctionalization(Child)	2.6625597112525782e-05	3.410866063378039e-16	0.9999620026520837	1.1370617597439501e-05	1.133205914598269e-09
TRD	Pbre1_08G018800	Pbre1_02G032600	Prupe.1G362200.1	0.441264	0.391124	1.1281946390403041	Subfunctionalization	0.35879178530241185	0.0016730347448839144	0.006510251409841581	0.6329965752788241	2.8353264038535195e-05
TRD	Pbre1_09G312200	Pbre1_02G034600	Prupe.3G044400.1	2.71411	0.432522	6.275079649127674	Conservation	0.9999991794121669	6.481853608305628e-08	3.742404864757966e-07	3.815288108061883e-07	6.309484618651816e-19
TRD	Pbre1_02G060600	Pbre1_02G036200	Prupe.7G242500.1	0.10032	0.209384	0.4791197035112521	Neofunctionalization(Parent)	0.00020025658749729696	0.5814596513951871	5.9943059355202965e-09	0.025350425913218046	0.3929896601097917
TRD	Pbre1_06G365600	Pbre1_02G063400	Prupe.5G216500.1	3.11926	0.80373	3.8809799310713795	Conservation	0.6400728968810754	0.3087430315268934	0.00927400105677734	0.001361017637723559	0.040549052897530066
TRD	Pbre1_15G325800	Pbre1_02G075200	Prupe.7G235200.1	0.623953	0.334911	1.8630412258779196	Neofunctionalization(Parent)	1.7133794170132997e-05	0.9996943120646503	4.390834460868655e-12	0.0002882809594526268	2.7317733603348113e-07
TRD	Pbre1_15G331200	Pbre1_02G081600	Prupe.7G232300.1	0.305909	0.319073	0.9587429835805599	Neofunctionalization(Parent)	0.4859798988710285	0.49325385833171054	1.4079332348104968e-09	0.019972001053773353	0.0007942403355543876
TRD	Pbre1_15G331200	Pbre1_02G081800	Prupe.7G232300.1	0.140325	0.319073	0.4397896406151571	Subfunctionalization	2.4565333356558275e-07	1.2728294233004067e-09	1.5615044005389192e-05	0.9627970451295025	0.037187092900329156
TRD	Pbre1_12G387200	Pbre1_02G086400	Prupe.6G336200.1	0.921204	0.274979	3.350088552216715	Neofunctionalization(Child)	2.3581525689391662e-05	1.1701055353119602e-07	0.9999694919146107	1.4649733900973575e-06	5.344575756113739e-06
TRD	Pbre1_15G348600	Pbre1_02G098200	Prupe.7G223700.1	0.13627	0.312053	0.43668863942984043	Neofunctionalization(Parent)	0.00019041440375465568	0.9904670434797612	1.0754814348967894e-08	0.005650935391304651	0.003691595970365366
TRD	Pbre1_05G069600	Pbre1_02G104000	Prupe.8G058100.1	0.174505	0.301431	0.5789218759848854	Conservation	0.4915757940390657	0.05631727756086257	2.8210641015678345e-06	0.44953512283134445	0.002568984504625787
TRD	Pbre1_02G273200	Pbre1_02G127200	Prupe.6G229700.1	0.108809	0.424263	0.2564659185458077	Neofunctionalization(Child)	0.0028505414503363987	6.026312754854742e-06	0.9862627124432183	0.009310353948564352	0.0015703658451262999
TRD	Pbre1_07G384800	Pbre1_02G127800	Prupe.2G264600.1	0.436385	0.290605	1.5016431238278765	Neofunctionalization(Child)	0.0985032738400825	8.248103168217205e-07	0.6007946063286411	0.28381178621937997	0.016889508801579634
TRD	Pbre1_06G341600	Pbre1_02G135200	Prupe.5G201700.1	3.52375	0.388492	9.070328346529658	Neofunctionalization(Parent)	0.0149950509091222	0.984392865868609	2.281027578519091e-05	0.00016370574353739538	0.0004255672029463203
TRD	Pbre1_05G075800	Pbre1_02G138400	Prupe.8G060400.1	0.146015	0.264217	0.5526328737363607	Neofunctionalization(Parent)	0.030261591628414176	0.9664366907564137	9.645088962154323e-10	0.0032593726155440562	4.2344035119231714e-05
TRD	Pbre1_09G306000	Pbre1_02G141000	Prupe.3G040200.1	0.429152	0.354155	1.211763211023422	Neofunctionalization(Child)	1.1911126282488269e-10	6.7520098902623e-14	0.9999710723575793	5.593263098244687e-08	2.8871590611024454e-05
TRD	Pbre1_09G204200	Pbre1_02G144200	Prupe.3G202500.1	0.371728	0.404123	0.919838761961086	Subfunctionalization	3.953053103754695e-09	9.582035443576773e-11	2.880922086403507e-08	0.9999999671419058	1.8746642977553765e-34
TRD	Pbre1_16G291800	Pbre1_02G145400	Prupe.1G139300.1	0.076597	0.319829	0.2394936043948485	Specialization	0.08180219926745348	0.3815762149227683	0.0034385645366197403	0.07172124212110978	0.46146177915204856
TRD	Pbre1_02G126600	Pbre1_02G145800	Prupe.7G208200.1	0.0615125	0.345211	0.17818812262645164	Subfunctionalization	0.2664406459750587	0.0008422907911054461	0.0008909941636898221	0.7318260428151643	2.625498174094867e-08
TRD	Pbre1_04G223200	Pbre1_02G155800	Prupe.6G263600.1	0.315968	0.938309	0.3367419474821195	Subfunctionalization	5.120244557999849e-10	9.096509861571151e-10	1.8183513878503895e-13	0.9999999985780803	6.229932048312575e-14
TRD	Pbre1_16G103400	Pbre1_02G189600	Prupe.1G290900.1	0.812902	0.332433	2.445310784428742	Subfunctionalization	0.025498546757252168	2.4376438614834792e-05	2.6005917709784765e-06	0.9744744729826326	3.2297295374618585e-09
TRD	Pbre1_05G291800	Pbre1_02G192000	Prupe.8G199400.1	0.206945	0.273335	0.7571112371266029	Conservation	0.9588912619699935	0.0017389481153362817	0.00250712448984682	0.03658047176916288	0.0002821936556604793
TRD	Pbre1_05G281200	Pbre1_02G195000	Prupe.8G192500.1	4.03264	0.587358	6.865727546062196	Conservation	0.9915777129528348	0.0006571732404154697	0.0005889320566353887	0.007176181721831908	2.828241995241008e-11
TRD	Pbre1_15G474800	Pbre1_02G238200	Prupe.7G148400.1	0.404826	0.354622	1.1415704609415096	Subfunctionalization	0.00035470311469682284	5.610929613738408e-05	2.596478302435293e-06	0.9995865833377595	7.773103832083472e-09
TRD	Pbre1_13G053200	Pbre1_02G256200	Prupe.1G321000.1	3.21443	0.353755	9.086599482692824	Conservation	0.9999123822233771	5.951465298132082e-07	6.693793019936952e-06	1.835445208981216e-07	8.014529255212482e-05
TRD	Pbre1_10G594000	Pbre1_02G259400	Prupe.4G000200.1	0.0809763	0.223039	0.36305892691412717	Subfunctionalization	0.0022607896342088972	6.381402339058355e-05	5.799711004610222e-05	0.9972533176482695	0.00036408158408487724
TRD	Pbre1_17G016000	Pbre1_02G275400	Prupe.3G308100.1	0.335156	0.494822	0.6773263921167613	Conservation	0.8029519787778708	0.001457938482229437	0.0006211342288508944	1.714603990987965e-09	0.19496894679644503
TRD	Pbre1_02G047200	Pbre1_02G285400	Prupe.7G249000.1	1.30053	0.305805	4.252808162064061	Subfunctionalization	0.47182784205826916	0.003119430610484946	0.013513064446975072	0.5113528196921889	0.0001868431920819186
TRD	Pbre1_11G317000	Pbre1_02G298800	Prupe.4G243400.1	0.18069	0.286204	0.6313328954172548	Subfunctionalization	8.822272146979983e-13	1.2582663943886022e-16	1.0656988386028239e-13	0.998795119863158	0.001204880135853059
TRD	Pbre1_09G074800	Pbre1_02G303600	Prupe.3G272600.1	0.727727	0.245461	2.9647357421341884	Conservation	0.9672551348048126	0.008778877486284226	0.012266544770933798	0.0005838321312804902	0.01111561080668898
TRD	Pbre1_16G374000	Pbre1_02G312400	Prupe.1G045900.1	1.52409	0.359674	4.237420553056379	Specialization	0.02461187444721006	0.0035223019630641994	0.04620952135394198	2.7764351537754944e-11	0.9256563022080194
TRD	Pbre1_16G021200	Pbre1_02G320600	Prupe.1G340200.1	0.592442	0.362381	1.6348594435138708	Conservation	0.8170910393407301	0.14288849317354113	0.03591040113498558	0.0010113137819028986	0.0030987525688402438
TRD	Pbre1_15G670800	Pbre1_02G325000	Prupe.1G521900.1	2.91888	1.31561	2.218651424054241	Subfunctionalization	0.0022669913710435595	4.890786375749332e-05	0.0003892979441736641	0.9972946254566298	1.7736439529193692e-07
TRD	Pbre1_08G058000	Pbre1_02G329600	Prupe.1G381900.1	1.00477	0.509936	1.9703845188415803	Conservation	0.48952685120359296	0.007469200921561152	0.45620912977480843	0.0423688265099606	0.004425991590076809
TRD	Pbre1_08G058000	Pbre1_02G329800	Prupe.1G381900.1	0.374651	0.509936	0.7347020018198364	Conservation	0.9701095024071053	0.0007951278090532595	0.014891311427071481	6.837201670999336e-05	0.01413568634006001
TRD	Pbre1_02G069000	Pbre1_02G332800	Prupe.7G238300.1	0.819231	0.292515	2.8006461207117583	Conservation	0.8794661571826112	0.028564418649155182	0.0893373479557624	1.1286447316556137e-06	0.0026309475677395505
TRD	Pbre1_10G317600	Pbre1_02G335600	Prupe.8G219200.1	0.23668	0.487338	0.4856588240605083	Neofunctionalization(Child)	2.1616922978852314e-14	6.2468765446304864e-21	0.999998040553404	9.881461495382272e-12	1.9594366930856323e-06
TRD	Pbre1_02G292800	Pbre1_02G337400	Prupe.6G217700.1	1.66381	0.401323	4.145812724414001	Conservation	0.9999951285973069	3.5773743699496573e-06	1.2786605846710713e-06	1.5367648425408993e-08	9.009971394183851e-14
TRD	Pbre1_12G061600	Pbre1_02G343800	Prupe.7G098700.1	1.39786	0.912965	1.531121127315943	Subfunctionalization	7.16929740691866e-05	4.8292180392721764e-06	1.7926465727323514e-06	0.9999216849725981	1.8872066169143956e-10
TRD	Pbre1_02G314400	Pbre1_02G347800	Prupe.2G147700.1	1.68577	0.839532	2.00798778366995	Subfunctionalization	1.3842024739868125e-11	7.333821055149323e-12	4.843772585761304e-11	0.9999999999303864	5.284766934905735e-32
TRD	Pbre1_02G199400	Pbre1_02G350800	Prupe.7G168600.1	0.695986	0.358156	1.9432481935246095	Subfunctionalization	0.001015862186544103	6.991787664923617e-07	1.6293967450475888e-06	0.9989818023767602	6.861184111442567e-09
TRD	Pbre1_07G152600	Pbre1_02G351600	Prupe.2G122600.1	0.347852	0.792199	0.43909674210646565	Subfunctionalization	0.008550324267115252	1.4910855085025979e-05	9.357759837021434e-05	0.9913410679761194	1.193033102432013e-07
TRD	Pbre1_02G102800	Pbre1_02G354800	Prupe.7G221100.1	0.0395761	0.487051	0.081256582986176	Conservation	0.9570170012590907	0.020732409399081966	0.017389566213308484	5.011491287921871e-07	0.004860521979389909
TRD	Pbre1_02G087800	Pbre1_02G361000	Prupe.7G229100.1	0.428865	0.42877	1.000221564008676	Conservation	0.990001821712039	0.008291546373564992	2.3407109441709972e-05	3.6030830936516655e-06	0.0016796217218606373
TRD	Pbre1_14G064000	Pbre1_02G370200	Prupe.7G097600.1	0.0824203	0.858653	0.09598790198135917	Subfunctionalization	1.3237545444324034e-05	1.4366946249705981e-08	5.143246680697202e-08	0.999986673332681	2.332246156699485e-08
TRD	Pbre1_14G221800	Pbre1_02G373200	Prupe.5G113400.1	0.167369	0.324149	0.5163335379717352	Subfunctionalization	0.002867626175187598	7.922621941800037e-08	9.637246607805492e-06	0.9971226037477565	5.360422878905426e-08
TRD	Pbre1_07G122000	Pbre1_02G376800	Prupe.2G102700.1	0.213821	0.282107	0.757942908187319	Subfunctionalization	5.830608282991942e-05	8.060203371648963e-06	2.941540890323062e-05	0.9966488781431977	0.003255340161697348
TRD	Pbre1_05G212800	Pbre1_02G381600	Prupe.8G162300.1	0.146103	0.295111	0.4950781231468837	Conservation	0.9223622326580306	1.9224431029252818e-05	0.0075967795583328284	0.001197166551843901	0.06882459680076351
TRD	Pbre1_06G325400	Pbre1_02G383400	Prupe.5G190000.1	1.34311	0.500202	2.6851352053770277	Subfunctionalization	0.019900571064351818	0.0002462455927733537	0.0017929167008360278	0.9780596984493908	5.681926481767815e-07
TRD	Pbre1_06G156200	Pbre1_02G399400	Prupe.5G101600.1	0.345128	0.396595	0.8702278142689646	Conservation	0.722332090670111	0.06509890021872512	0.022803145197424882	0.18940927306616254	0.00035659084757672674
TRD	Pbre1_15G001000	Pbre1_02G403200	Prupe.1G353700.1	1.72614	0.293972	5.871783707291851	Specialization	0.05358600389995585	0.0002615390607086931	0.001895534212539028	2.4130618610003467e-09	0.9442569204137345
TRD	Pbre1_13G109200	Pbre1_02G407200	Prupe.1G285900.1	1.10337	0.464211	2.3768717242805533	Specialization	2.7346538428829072e-08	4.251634472295472e-12	3.280065043226872e-08	0.005834985252273724	0.9941649545962857
TRD	Pbre1_11G483800	Pbre1_02G413400	Prupe.8G244900.1	0.777807	0.381493	2.0388499920050958	Conservation	0.767988290686978	0.17452690557709719	0.011854805143614672	0.04182386622073127	0.003806132371578974
TRD	Pbre1_15G497000	Pbre1_02G413800	Prupe.7G134900.1	0.335724	0.393129	0.8539792281922728	Subfunctionalization	0.07083330445777561	0.00048768930294563085	0.005395943458083395	0.9231819617425203	0.00010110103867509533
TRD	Pbre1_02G412400	Pbre1_02G417400	Prupe.2G065900.1	0.0111269	0.66047	0.016846942328947567	Conservation	0.4960597749911392	0.007134080503724118	0.46620497833330915	0.025653514592283645	0.0049476515795439935
TRD	Pbre1_03G263800	Pbre1_02G417600	Prupe.4G263600.1	0.639955	0.478315	1.3379362972099977	Subfunctionalization	0.0001877005447897998	4.739969091336873e-10	1.6876484697983425e-09	0.9998122971285426	1.650222222472388e-10
TRD	Pbre1_05G060000	Pbre1_02G420600	Prupe.8G047100.1	0.153389	0.613459	0.2500395299441365	Conservation	0.7859340513313713	0.03267280381574431	0.17946696560909509	0.00011823217437359165	0.0018079470694156124
TRD	Pbre1_11G157400	Pbre1_02G433800	Prupe.6G079900.1	0.106272	0.158098	0.6721906665485965	Subfunctionalization	7.035487279492864e-16	5.662551094849475e-21	4.2256898436517695e-17	0.9999999999999469	5.244930449338794e-14
TRD	Pbre1_04G232800	Pbre1_02G445400	Prupe.6G268000.1	0.496391	0.388313	1.2783270196980272	Neofunctionalization(Child)	0.005728785624975668	0.011721659297004656	0.7351830250396011	0.1958214893411763	0.051545040697242375
TRD	Pbre1_07G058800	Pbre1_02G446000	Prupe.2G042500.1	0.188548	0.516367	0.3651433960729481	Conservation	0.9974607736075471	1.0849386977866708e-05	0.0023614251369508347	1.5752481132783924e-05	0.0001511993873912539
TRD	Pbre1_02G387400	Pbre1_02G452800	Prupe.2G095400.1	0.698725	0.297505	2.3486159896472327	Conservation	0.9999984312091634	1.2279112387307517e-06	3.097627638128807e-10	3.107895842758924e-07	2.9780250599746634e-08
TRD	Pbre1_12G196000	Pbre1_02G460800	Prupe.6G232600.1	0.132135	0.517464	0.2553510968878994	Neofunctionalization(Child)	0.0027437994615053057	3.4267913421014975e-07	0.9778761100507374	0.014340592100644712	0.00503915570797855
TRD	Pbre1_07G040600	Pbre1_02G467000	Prupe.2G030100.1	0.156126	0.321751	0.4852385851170625	Neofunctionalization(Child)	0.000164389950036687	2.8528747343017363e-06	0.998095140078727	0.001682338934998395	5.527816150366633e-05
TRD	Pbre1_07G040600	Pbre1_02G467200	Prupe.2G030100.1	0.362818	0.321751	1.1276359669433815	Neofunctionalization(Parent)	0.06566565716571694	0.9188793829212486	2.5306824718240073e-07	0.011279527786969317	0.004175179057817975
TRD	Pbre1_12G084200	Pbre1_02G467800	Prupe.7G086900.1	0.217676	0.31373	0.6938322761610302	Subfunctionalization	9.128827012405077e-05	0.0006259587368344358	7.998482340385627e-10	0.9992827487402494	3.4529438983392127e-09
TRD	Pbre1_05G153800	Pbre1_02G470000	Prupe.8G126500.1	1.22685	0.310505	3.951144103959679	Subfunctionalization	0.016361933865377782	0.39819163786244693	0.008298233424312747	0.5750104244569431	0.0021377703909193713
TRD	Pbre1_05G153800	Pbre1_02G470200	Prupe.8G126500.1	0.258163	0.310505	0.8314294455805864	Neofunctionalization(Child)	0.2364430388143158	2.876324275292443e-08	0.7058900681018793	0.04222743020525381	0.015439434115308244
TRD	Pbre1_05G153800	Pbre1_02G470400	Prupe.8G126500.1	0.303865	0.310505	0.9786154812321863	Subfunctionalization	0.001663997776327584	0.0008439759209380003	0.0338558001368632	0.9405864821124763	0.02304974405339494
TRD	Pbre1_07G034800	Pbre1_02G473000	Prupe.2G027000.1	0.482312	0.288301	1.6729459835380387	Neofunctionalization(Child)	1.1980289142262884e-07	1.0309459268095603e-08	0.999962820209443	3.6872271785817676e-05	1.7740642055890014e-07
TRD	Pbre1_01G108000	Pbre1_02G475600	Prupe.6G208400.1	0.687828	0.524092	1.3124184303519228	Subfunctionalization	0.0012266315525586795	6.660335712253159e-07	0.021950064388017644	0.9748053613911868	0.002017276634665691
TRD	Pbre1_15G547800	Pbre1_02G475800	Prupe.6G208400.1	0.63229	0.497876	1.2699748531762929	Subfunctionalization	0.006771811094410082	0.003231435740653956	0.00010197337247888852	0.9869338454175125	0.002960934374944422
TRD	Pbre1_02G506000	Pbre1_02G484000	Prupe.2G007500.1	0.205235	0.338915	0.6055648171370402	Neofunctionalization(Child)	7.147090310862355e-07	2.908908840427401e-11	0.9999991741305457	6.88055689142203e-08	4.232576513893011e-08
TRD	Pbre1_07G025200	Pbre1_02G484400	Prupe.2G020100.1	0.198562	0.312667	0.63505902445733	Neofunctionalization(Child)	1.0869431312337985e-10	0.0011338320622099481	0.6264794483687445	0.2020470341302023	0.17033968533014876
TRD	Pbre1_15G539000	Pbre1_02G484800	Prupe.6G213300.1	0.0854432	0.642814	0.13292056489124382	Subfunctionalization	0.008063373013552753	7.19703288952033e-08	0.2557352631563058	0.7357247829018169	0.00047650895799567655
TRD	Pbre1_02G458800	Pbre1_02G485000	Prupe.2G035500.1	0.206451	0.639746	0.32270776214310054	Subfunctionalization	0.038238909298499775	5.497056802073952e-08	0.4601171803459608	0.500781074277321	0.0008627811076504101
TRD	Pbre1_15G539000	Pbre1_02G487600	Prupe.6G213300.1	0.0668678	0.642814	0.10402355891439827	Neofunctionalization(Child)	0.0161939534483744	2.298325143386441e-05	0.9820938477764259	0.0009147164050136866	0.0007744991187523294
TRD	Pbre1_15G539000	Pbre1_02G487800	Prupe.6G213300.1	0.113394	0.642814	0.17640250523479575	Subfunctionalization	0.022724504299425595	0.0024939388791765838	0.44822115163143317	0.5265576078026238	2.7973873407703607e-06
TRD	Pbre1_16G102400	Pbre1_03G000400	Prupe.1G299800.1	0.276869	0.287836	0.961898442168457	Neofunctionalization(Parent)	0.0005013551972243822	0.9984561705593848	5.820130157621476e-08	0.0002303999575750712	0.0008120160845140556
TRD	Pbre1_11G001000	Pbre1_03G000800	Prupe.6G000600.1	0.137944	0.185414	0.743978340362648	Specialization	1.867479625781416e-09	6.164308636966556e-12	0.0020154182333736123	0.015213688205706302	0.9827708916872762
TRD	Pbre1_05G592800	Pbre1_03G001800	Prupe.4G008500.1	0.724868	0.633294	1.1445995067062058	Neofunctionalization(Child)	1.4231710341840102e-11	5.201685270405845e-16	0.9998427752278047	7.211810132915498e-09	0.00015721754615284663
TRD	Pbre1_17G031400	Pbre1_03G004200	Prupe.3G299300.1	0.325815	0.355173	0.9173416898243955	Neofunctionalization(Child)	6.40386284094546e-06	1.3237751347485405e-12	0.9999906411156763	2.965939000120448e-08	2.925360768802556e-06
TRD	Pbre1_14G068200	Pbre1_03G009800	Prupe.7G095200.1	0.354974	0.579412	0.61264523344356	Conservation	0.9999926350317135	7.364885670085652e-06	3.7753000316961396e-17	7.85711988168569e-11	4.045115604133894e-12
TRD	Pbre1_12G353800	Pbre1_03G016000	Prupe.6G318700.1	0.419915	0.407013	1.0316992331940256	Conservation	0.9999998956651075	3.5492694706897494e-08	9.055933316138825e-10	2.7474168459812274e-08	4.046243597437816e-08
TRD	Pbre1_11G021400	Pbre1_03G020200	Prupe.6G012300.1	0.218466	0.427462	0.5110770080147475	Subfunctionalization	0.2416231575522921	0.004614066515277397	0.0615750916377539	0.5687993530762798	0.12338833121839683
TRD	Pbre1_08G216000	Pbre1_03G026000	Prupe.1G460700.1	0.134055	0.350358	0.38262291713047797	Specialization	0.0201247908392147	0.11772334144104764	0.0007091082228533746	0.3867966596981045	0.47464609979877975
TRD	Pbre1_09G046200	Pbre1_03G041200	Prupe.3G291100.1	0.509089	0.369041	1.379491709593243	Neofunctionalization(Parent)	7.877429498689487e-09	0.954788859216875	4.455600675880755e-14	0.045211132885640506	2.001053608575082e-11
TRD	Pbre1_11G051400	Pbre1_03G045800	Prupe.6G026900.1	0.188331	0.296745	0.6346560177930547	Neofunctionalization(Parent)	2.4154181865309744e-06	0.8193226651431594	1.21936395030223e-10	0.18067491759015838	1.7265592615663704e-09
TRD	Pbre1_13G414400	Pbre1_03G050200	Prupe.1G079600.1	0.303306	0.263323	1.1518401354989882	Neofunctionalization(Child)	0.007587233151909495	3.6336106098439635e-15	0.9911451094168539	0.001264719380057796	2.9380511753040995e-06
TRD	Pbre1_16G372600	Pbre1_03G059000	Prupe.1G045300.1	0.397447	0.400731	0.9918049764056187	Neofunctionalization(Child)	5.2064020577839374e-06	2.5712427532219406e-17	0.9985275902760117	0.0008436224296899355	0.0006235808922404653
TRD	Pbre1_08G102000	Pbre1_03G068400	Prupe.1G412500.1	0.403926	0.336328	1.2009883209248116	Neofunctionalization(Parent)	0.0004498219460692172	0.9746900690209188	0.00036042158512860354	0.024497040420558242	2.6470273250390056e-06
TRD	Pbre1_03G125400	Pbre1_03G070600	Prupe.6G068500.1	0.668401	0.302511	2.209509736836016	Neofunctionalization(Child)	2.5755625931338305e-06	2.839401499288614e-08	0.9969069488254169	0.0030898292379225828	6.17980052416444e-07
TRD	Pbre1_11G135200	Pbre1_03G070800	Prupe.6G068500.1	0.607473	0.26346	2.305750398542473	Conservation	0.9927447447963363	0.0007115803347930095	0.0016789327814077863	0.004472254476250496	0.0003924876112122733
TRD	Pbre1_01G389000	Pbre1_03G080400	Prupe.2G305900.1	0.665926	0.245446	2.7131263088418636	Subfunctionalization	0.0021542521904640774	0.0036959181578266544	0.0019408875123563373	0.9853174074218387	0.006891534717514296
TRD	Pbre1_11G081200	Pbre1_03G081400	Prupe.6G048900.1	0.161234	0.270359	0.5963700117251506	Subfunctionalization	1.6628992284638854e-18	7.6207300475771e-05	1.7863503547041574e-14	0.9880557194003555	0.011868073299151046
TRD	Pbre1_14G026600	Pbre1_03G095400	Prupe.7G117200.1	0.185238	0.357672	0.5178990807220023	Subfunctionalization	9.346678247491329e-14	5.150979383098797e-11	0.013139398839170337	0.9418057544543289	0.04505484665489746
TRD	Pbre1_11G109200	Pbre1_03G106000	Prupe.6G057800.1	0.115024	0.376076	0.30585307225135344	Subfunctionalization	0.32667434495090514	3.516121893763738e-05	0.14681370939820465	0.5063640862788448	0.02011269815310778
TRD	Pbre1_05G283600	Pbre1_03G112200	Prupe.8G193700.1	0.112597	0.416668	0.2702319352578072	Conservation	0.9943024428189435	0.0008201717354350978	5.45763471704934e-06	0.004747542692326411	0.0001243851185778527
TRD	Pbre1_09G044400	Pbre1_03G121800	Prupe.3G291600.1	0.607195	0.585994	1.0361795513264642	Neofunctionalization(Child)	0.4644942345114561	0.000333824674088458	0.4981599691107193	0.03358105529307649	0.0034309164106595723
TRD	Pbre1_15G221800	Pbre1_03G125000	Prupe.1G481900.1	1.06966	0.406684	2.6301993685515046	Conservation	0.5811479805451515	0.26505425656244896	0.0007028196038208627	0.15304737300810256	4.757028047615876e-05
TRD	Pbre1_09G491800	Pbre1_03G143600	Prupe.3G001400.1	0.516914	0.449838	1.1491114579026227	Neofunctionalization(Parent)	0.0024957928917101954	0.997295181632095	2.304785570877511e-09	4.394486477540535e-05	0.0001650783066339212
TRD	Pbre1_13G158000	Pbre1_03G148800	Prupe.1G254100.1	0.341684	0.480227	0.7115051840067301	Specialization	0.055572121074985985	0.003082234412919185	0.4050485523521877	0.012336561380891816	0.5239605307790153
TRD	Pbre1_14G004400	Pbre1_03G150000	Prupe.7G003500.1	0.585128	0.334848	1.7474436162079512	Conservation	0.9861219389050838	0.008242231064758503	0.0004970242982479742	0.005120009645490748	1.8796086419079284e-05
TRD	Pbre1_07G507800	Pbre1_03G154400	Prupe.2G327500.1	0.160583	1.16884	0.1373866397453886	Conservation	0.9793019796510123	0.004707633500545663	0.01340995301910381	2.037428010552802e-06	0.002578396401327853
TRD	Pbre1_13G388600	Pbre1_03G162400	Prupe.1G056300.1	0.474494	0.308848	1.5363350256436823	Subfunctionalization	0.007094530399092541	0.443811944353055	0.0003180019597733671	0.5487612579293242	1.426535875503941e-05
TRD	Pbre1_12G177400	Pbre1_03G163000	Prupe.7G122600.1	1.94207	0.532231	3.648923117969453	Subfunctionalization	0.038901925909153014	4.664132371415821e-06	0.014866463581520191	0.9462267512573719	1.9511958359007445e-07
TRD	Pbre1_11G070400	Pbre1_03G169800	Prupe.6G038100.1	0.643691	0.566496	1.1362675111563012	Subfunctionalization	4.564740695877272e-17	7.163792092273352e-17	1.6909532137764059e-22	0.9999999999999998	6.957898353538553e-28
TRD	Pbre1_14G437000	Pbre1_03G176400	Prupe.5G235400.1	1.39788	0.279917	4.993908908712225	Conservation	0.7459406825269647	0.000989709288117554	0.21986821097514336	0.03320034812931199	1.0490804626151737e-06
TRD	Pbre1_13G029600	Pbre1_03G186200	Prupe.1G335600.1	0.993824	0.282756	3.514775990606742	Subfunctionalization	0.005787935922095323	0.001719240184751513	1.1065813348050658e-05	0.9924788629824124	2.8950973927049308e-06
TRD	Pbre1_02G087600	Pbre1_03G187200	Prupe.7G229200.1	0.274828	0.356403	0.7711158435815636	Specialization	0.42406573810114534	0.0012073274229635375	0.0004807049231103624	0.0007594725539608467	0.5734867569988199
TRD	Pbre1_13G032400	Pbre1_03G190600	Prupe.1G334200.1	0.157023	0.261351	0.6008127001618513	Conservation	0.8653144295833671	0.12380387830481375	3.9486242680006443e-07	0.010881297249288194	1.0387934109799824e-13
TRD	Pbre1_11G226400	Pbre1_03G192600	Prupe.6G115400.1	0.565976	1.32757	0.4263247889000204	Subfunctionalization	8.70872340309698e-05	4.615452943822291e-05	4.857522672245122e-05	0.9998172425541971	9.404556112905347e-07
TRD	Pbre1_15G302000	Pbre1_03G197800	Prupe.7G247300.1	0.533178	0.217296	2.453694499668655	Subfunctionalization	4.541655605694371e-06	4.044913403340912e-09	4.9558642557713424e-08	0.9999949163277148	4.884131236467864e-07
TRD	Pbre1_11G222000	Pbre1_03G201200	Prupe.6G113300.1	0.248967	0.923456	0.2696035328158569	Conservation	0.9786803546037204	0.019068696764590904	0.00198297952983232	9.839261327601293e-05	0.00016957648858029285
TRD	Pbre1_04G355400	Pbre1_03G201600	Prupe.6G333700.1	0.658746	0.257513	2.5581077460167063	Conservation	0.907174984456891	0.00047773812551787947	0.0015479257155737614	0.08874660612243102	0.0020527455795861303
TRD	Pbre1_02G255800	Pbre1_03G209200	Prupe.7G137400.1	0.40759	0.285467	1.4278007615591293	Specialization	0.1388501987066153	0.00016197140104502356	0.005729335145648466	7.565711412829097e-07	0.85525773817555
TRD	Pbre1_09G405800	Pbre1_03G209400	Prupe.3G121600.1	0.0649794	0.324411	0.20029961992657463	Specialization	0.0089816601279745	0.00017598661867085615	0.0015479965518269629	0.14964504915734117	0.8396493075441865
TRD	Pbre1_01G027000	Pbre1_03G216600	Prupe.4G277800.1	0.672714	0.382964	1.7565985314546537	Subfunctionalization	0.13973973311494417	0.003771269287244728	0.007440227198851249	0.8367263828698625	0.01232238752909739
TRD	Pbre1_11G250000	Pbre1_03G227600	Prupe.6G130400.1	0.152088	0.657064	0.2314660367939805	Subfunctionalization	8.177708946712196e-06	3.655525445828158e-10	2.4362826935539693e-08	0.9999917975150159	4.765800334002107e-11
TRD	Pbre1_15G014000	Pbre1_03G227800	Prupe.1G361400.1	2.45272	0.71158	3.4468647235728938	Conservation	0.7297273399019196	0.00012586995006769262	0.26729343018135515	0.0027755306841119693	7.782928254567263e-05
TRD	Pbre1_10G105200	Pbre1_03G229000	Prupe.8G087700.1	0.315558	0.438161	0.720187328402117	Subfunctionalization	0.008111845361354272	0.0008508038348119637	0.0017199209213464412	0.9886091514234568	0.0007082784590305026
TRD	Pbre1_05G106200	Pbre1_03G229200	Prupe.8G091100.1	1.39049	0.351276	3.958397385531605	Conservation	0.8375427414501159	0.005896389363529059	0.007705185358864456	1.9565790691269726e-06	0.14885372724842152
TRD	Pbre1_05G573000	Pbre1_03G234600	Prupe.4G019600.1	3.26801	0.873642	3.74067409762809	Conservation	0.8971561913551909	0.0037696741760877006	0.09494516027281523	0.0031010154367424963	0.0010279587591636083
TRD	Pbre1_02G044800	Pbre1_03G239000	Prupe.7G250100.1	0.121187	0.382308	0.31698787365161074	Neofunctionalization(Child)	2.7149486267341343e-15	3.2723003205945012e-21	0.9999974099452726	1.9583881420954603e-12	2.590052766194584e-06
TRD	Pbre1_10G572400	Pbre1_03G240600	Prupe.4G012000.1	0.2054	0.326547	0.6290059317647996	Conservation	0.9999944924204204	3.462118338309171e-06	2.051455204657063e-07	1.8402913194603755e-06	2.4401498805268065e-11
TRD	Pbre1_11G264600	Pbre1_03G244000	Prupe.6G143700.1	0.230965	0.521298	0.44305752180134966	Subfunctionalization	1.3013935920456223e-05	0.09239737142578804	2.9598728603339787e-08	0.9075895850395629	2.6537771859631984e-18
TRD	Pbre1_10G514400	Pbre1_03G246600	Prupe.4G043800.1	0.370381	0.364369	1.016499757114354	Subfunctionalization	0.02758032213410859	0.4319932502987625	0.007584700736049577	0.5328417250452643	1.7858151084879176e-09
TRD	Pbre1_07G250400	Pbre1_03G251800	Prupe.2G185400.1	0.564782	0.360604	1.566211134651862	Subfunctionalization	8.754825984684042e-27	6.712040835968977e-23	3.927462427916168e-35	1.0	3.193191600204018e-40
TRD	Pbre1_11G275400	Pbre1_03G252400	Prupe.6G151400.1	0.174737	0.287205	0.6084051461499627	Subfunctionalization	1.7175039629796685e-13	3.037697508115366e-11	1.3235843591630505e-18	0.9999999999694513	7.81444856249055e-19
TRD	Pbre1_07G151000	Pbre1_03G253200	Prupe.2G121700.1	0.48813	0.313249	1.558281111831163	Subfunctionalization	0.00022359300535563988	6.566666070359751e-06	1.9068533121429304e-11	0.9997698402635699	4.5935499100268945e-11
TRD	Pbre1_03G215400	Pbre1_03G264400	Prupe.6G122400.1	0.0879684	0.259557	0.3389174632161722	Subfunctionalization	0.07394068070396993	0.004483020935104858	4.232831498439216e-06	0.9215710198583799	1.0456710469050263e-06
TRD	Pbre1_16G429000	Pbre1_03G277800	Prupe.1G082400.1	0.194896	0.410306	0.47500158418351185	Subfunctionalization	0.0006586635783698554	0.0001530677256731953	2.5957902756609514e-13	0.9991882686956974	1.8289076432657464e-31
TRD	Pbre1_01G152400	Pbre1_03G279000	Prupe.2G174400.1	0.0717863	0.407834	0.17601842906672813	Subfunctionalization	0.004260792515983964	8.522162224367316e-05	1.1868040566957135e-07	0.9956538671813642	2.3428378997301125e-15
TRD	Pbre1_11G314200	Pbre1_03G291000	Prupe.4G245700.1	0.164596	0.314369	0.5235757978681104	Conservation	0.9999972849871667	8.337651859361067e-08	6.308248174114694e-07	2.9595802500925427e-08	1.971215694626052e-06
TRD	Pbre1_17G390800	Pbre1_03G291600	Prupe.3G093900.1	0.151415	0.370228	0.4089777110321207	Subfunctionalization	0.018230680817359447	0.0072931159344671245	0.0009889600486062025	0.9730316560372448	0.00045558716232239785
TRD	Pbre1_12G007200	Pbre1_03G295000	Prupe.7G004100.1	0.0876502	0.407984	0.21483734656261028	Subfunctionalization	0.028856575950021016	0.0004728023095249112	0.0007696802529507448	0.9696772454654288	0.00022369602207450816
TRD	Pbre1_11G317400	Pbre1_03G296200	Prupe.4G243300.1	2.0102	0.29407	6.835787397558406	Specialization	0.006353083710647075	0.00017890115532150425	0.00021432282960079767	0.009108826450980193	0.9841448658534503
TRD	Pbre1_08G398800	Pbre1_03G296400	Prupe.1G577500.1	0.367584	0.372765	0.9861011629310692	Subfunctionalization	1.3826600018781922e-12	3.650997730879661e-15	7.303295095926976e-13	0.9999997287933019	2.71204581401965e-07
TRD	Pbre1_06G287000	Pbre1_03G298200	Prupe.5G170200.1	1.95916	0.425812	4.600997623364301	Specialization	6.376816290146773e-06	1.2646452602666686e-07	1.5835688483475457e-07	4.940741330872415e-06	0.999988397620968
TRD	Pbre1_06G386200	Pbre1_03G302200	Prupe.5G226800.1	0.681131	0.286315	2.378956743446903	Subfunctionalization	0.1361583536479032	0.0012266437483919807	0.10983206467615927	0.7523315976263435	0.00045134030120193107
TRD	Pbre1_10G514200	Pbre1_03G302400	Prupe.4G043900.1	0.320664	0.300614	1.0666968271604118	Specialization	0.011430719513827634	0.014994212689971292	0.012107490980770573	7.520271184126258e-07	0.961466824788312
TRD	Pbre1_08G245600	Pbre1_03G304000	Prupe.1G479300.1	2.15934	1.65365	1.3058023160886523	Subfunctionalization	0.14514060995822528	0.000739982781333464	0.0019982196252685924	0.8514815786752529	0.0006396089599198454
TRD	Pbre1_11G433800	Pbre1_03G306400	Prupe.4G164300.1	0.533138	0.825247	0.6460344599859194	Conservation	0.81467241870535	0.0017128436411506514	0.003195655930410256	0.003754638956309306	0.17666444276678003
TRD	Pbre1_03G405600	Pbre1_03G307200	Prupe.4G162000.1	0.0139043	0.407769	0.034098472419433555	Conservation	0.9739667281175074	0.008625028102835615	0.010429546427464272	0.006253744679431183	0.0007249526727614355
TRD	Pbre1_02G014400	Pbre1_03G310200	Prupe.7G265400.1	0.72416	0.446555	1.6216591461298162	Neofunctionalization(Child)	0.1263572001520638	9.229548153542336e-05	0.8735314266874196	1.907608687857372e-05	1.5921026787814028e-09
TRD	Pbre1_01G092400	Pbre1_03G319800	Prupe.6G192700.1	1.29376	0.218886	5.910656688870006	Neofunctionalization(Child)	1.1406005253292972e-12	8.425648293585591e-21	0.999999994782006	1.826716795911784e-12	5.21502663869778e-09
TRD	Pbre1_12G045800	Pbre1_03G320400	Prupe.7G109900.1	0.0324041	0.297806	0.10880942627079372	Conservation	0.9997978772540291	4.0032759409832826e-08	2.4337010870136172e-06	0.00019964866098670065	3.511375290649784e-10
TRD	Pbre1_11G344600	Pbre1_03G322200	Prupe.4G220400.1	0.165234	0.296951	0.556435236789908	Conservation	0.9991641546699648	0.0008357664696778793	5.4302908019404715e-17	7.885672273764251e-08	3.6345608093341434e-12
TRD	Pbre1_08G297200	Pbre1_03G331000	Prupe.1G511000.1	0.57992	0.535234	1.0834887170844902	Specialization	6.664045636303197e-16	5.438436153169893e-29	1.347945303401461e-07	5.497557994983252e-06	0.999994367647474
TRD	Pbre1_03G318600	Pbre1_03G334600	Prupe.4G222700.1	0.139831	0.354816	0.39409440386002886	Specialization	1.5332347110508136e-07	7.014141294399366e-10	0.3067390544847807	0.011696682465766729	0.6815641090245673
TRD	Pbre1_11G361400	Pbre1_03G335400	Prupe.4G211300.1	0.243549	0.376345	0.6471429140814944	Subfunctionalization	4.268405237339003e-08	1.439001430208111e-14	0.05769054567678012	0.9423094116368349	2.3183874094848886e-12
TRD	Pbre1_11G361400	Pbre1_03G335600	Prupe.4G211300.1	0.21865	0.376345	0.5809828747558756	Subfunctionalization	0.00014124179822060245	0.022247308045335864	1.052857311112492e-09	0.9776114491033964	1.899724169421259e-13
TRD	Pbre1_11G362200	Pbre1_03G336800	Prupe.4G210400.1	0.148171	0.62962	0.23533401099075635	Conservation	0.9999999999705449	1.8741983460813617e-11	2.2051451765155327e-31	1.0713226827804617e-11	3.9755723495138207e-19
TRD	Pbre1_10G259200	Pbre1_03G339400	Prupe.8G185500.1	2.00065	0.347152	5.763037516707378	Conservation	0.9999999999995401	1.0562889997727506e-19	1.9978021587369995e-23	4.5658970624213e-13	3.2217590159858413e-15
TRD	Pbre1_11G368000	Pbre1_03G341800	Prupe.4G205900.1	0.527977	0.459715	1.1484876499570387	Neofunctionalization(Parent)	0.0011708744448662865	0.9987854275949757	4.20512286006757e-05	9.922568040035486e-10	1.6457393005853032e-06
TRD	Pbre1_14G354600	Pbre1_03G344600	Prupe.5G185400.1	0.553215	0.612139	0.9037408170366534	Neofunctionalization(Child)	0.025783886025769948	0.021861948035922292	0.9495174396465281	0.0025267226903533217	0.00031000360142628745
TRD	Pbre1_10G225400	Pbre1_03G350600	Prupe.8G168500.1	4.36111	0.220926	19.74013923214108	Subfunctionalization	0.09398378118921794	0.1532725949119105	2.7827461459888188e-05	0.7405636997809699	0.012152096656441843
TRD	Pbre1_10G225400	Pbre1_03G352600	Prupe.8G168500.1	4.37249	0.220926	19.79164969265727	Subfunctionalization	0.040090736394078307	0.0011208622060656904	0.3786234392080037	0.4407459266095055	0.13941903558234692
TRD	Pbre1_02G023800	Pbre1_03G362800	Prupe.7G260100.1	0.0646868	0.225557	0.2867869319063474	Specialization	1.415459190130277e-10	0.4782211207065909	2.418554585126959e-06	0.008627762734996679	0.5131486978622813
TRD	Pbre1_17G107800	Pbre1_03G366800	Prupe.3G257100.1	0.312852	0.56089	0.5577778173973507	Subfunctionalization	1.2887192825770439e-11	2.0805680700929866e-07	0.011734898653252225	0.6368279836721031	0.35143690960495044
TRD	Pbre1_03G405600	Pbre1_03G376000	Prupe.4G162000.1	0.197993	0.407769	0.48555186882769413	Neofunctionalization(Parent)	0.20441594444199188	0.5613625023882286	3.6865315905161575e-06	0.11901234937386274	0.11520551726432636
TRD	Pbre1_14G064000	Pbre1_03G384200	Prupe.7G097600.1	0.126197	0.858653	0.1469708951112964	Specialization	0.02876289868129913	0.03866994310338515	0.08880951037461998	0.007558390255603323	0.8361992575850925
TRD	Pbre1_03G223400	Pbre1_03G386600	Prupe.6G127600.1	0.898421	0.996281	0.9017747001097081	Neofunctionalization(Parent)	0.00011797435452677487	0.9437382990712568	7.169104321638784e-09	0.05614329742285586	4.219822562318416e-07
TRD	Pbre1_11G418200	Pbre1_03G392200	Prupe.4G174300.1	0.392372	0.305419	1.2847006898719464	Neofunctionalization(Child)	0.0021268890769591494	6.533753795466807e-06	0.5077608610258619	0.48873745607922225	0.0013682600641612638
TRD	Pbre1_12G092200	Pbre1_03G397400	Prupe.7G082200.1	1.22792	0.994011	1.2353183214270265	Neofunctionalization(Child)	2.0079486650227256e-09	6.576230821999717e-18	0.9895134555203203	0.0076845039058747065	0.002802038565856128
TRD	Pbre1_11G425000	Pbre1_03G398000	Prupe.4G171000.1	0.357238	0.277123	1.2890954558084315	Subfunctionalization	0.0016349531507074124	3.4164658932715406e-06	0.002689524871881596	0.9662467885616277	0.02942531694989004
TRD	Pbre1_15G397200	Pbre1_03G406200	Prupe.7G194500.1	3.72668	1.58951	2.3445464325483956	Conservation	0.9739012975716851	0.0011923780737302411	0.024123146354228638	0.0007820981467916521	1.0798535641893565e-06
TRD	Pbre1_15G397200	Pbre1_03G406400	Prupe.7G194500.1	3.99192	1.58951	2.511415467659845	Conservation	0.7210288272589653	0.0018170899448979368	0.2751215707190883	0.0020232515705917403	9.26050645666267e-06
TRD	Pbre1_11G438000	Pbre1_03G409000	Prupe.4G159600.1	0.0793448	1.72391	0.04602606864627503	Neofunctionalization(Child)	0.15308340623784022	0.06730570570393954	0.4454662149196374	0.28327269662279564	0.05087197651578725
TRD	Pbre1_11G226400	Pbre1_03G419400	Prupe.6G115400.1	0.357398	1.32757	0.26921216960310945	Neofunctionalization(Child)	1.589653539032821e-05	3.2270382682048245e-09	0.9982327508829665	0.001360264985586197	0.00039108436901863405
TRD	Pbre1_11G458000	Pbre1_03G423400	Prupe.8G233700.1	0.659614	0.708108	0.9315160964146713	Neofunctionalization(Parent)	9.908663279527311e-09	0.999767814814101	1.819049467905778e-16	0.00023105662505593503	1.1186521796337488e-06
TRD	Pbre1_11G458000	Pbre1_03G423600	Prupe.8G233700.1	0.738492	0.708108	1.0429087088410243	Subfunctionalization	0.0013541738612960726	0.0053013189139138805	5.419135379904326e-08	0.9173114879182335	0.07603296511520273
TRD	Pbre1_11G458200	Pbre1_03G424000	Prupe.8G233800.1	0.150284	0.422315	0.35585759444964066	Conservation	0.9458938474104698	0.00618456730503848	0.046509249463549	0.0013614641646512988	5.0871656291355e-05
TRD	Pbre1_17G203600	Pbre1_03G438000	Prupe.3G198800.1	1.2627	0.395824	3.190054165487691	Neofunctionalization(Child)	2.3972117577299084e-07	7.193860338491019e-15	0.9999899103677365	6.833946059027961e-06	3.015965021538184e-06
TRD	Pbre1_10G472600	Pbre1_03G438200	Prupe.4G066000.1	0.296585	0.45636	0.6498926286265229	Subfunctionalization	3.0285101935985107e-05	0.0011287973893474065	5.6650688395001425e-05	0.731632665753648	0.26715160106667357
TRD	Pbre1_08G256800	Pbre1_03G440200	Prupe.1G485100.1	0.292729	1.02004	0.2869779616485628	Neofunctionalization(Parent)	0.09635144601609781	0.8922272897167814	5.542047883625735e-09	0.011416109232550225	5.149492522766459e-06
TRD	Pbre1_11G482000	Pbre1_03G443600	Prupe.8G243800.1	0.266404	0.664789	0.4007346691957899	Neofunctionalization(Parent)	0.0021170842078672143	0.950123544261513	8.757722101135992e-06	0.02102343652473537	0.026727177283783
TRD	Pbre1_01G371200	Pbre1_03G450200	Prupe.2G297300.1	0.261829	0.366747	0.7139226769407793	Neofunctionalization(Parent)	0.0018466645405907794	0.9807345525585835	2.8262877131957443e-08	0.017220178820479163	0.00019857581746934614
TRD	Pbre1_16G372600	Pbre1_03G450600	Prupe.1G045300.1	0.043901	0.400731	0.10955229318420587	Neofunctionalization(Parent)	7.156536678227617e-05	0.9999253701060214	3.089257775244127e-17	3.0619428739385356e-06	2.584322144275598e-09
TRD	Pbre1_11G498600	Pbre1_03G457200	Prupe.8G253400.1	0.220801	0.329029	0.6710685076391443	Neofunctionalization(Parent)	4.279593982888134e-10	0.999999771534364	2.5980772168465044e-22	2.280287889881821e-07	8.887487329089947e-12
TRD	Pbre1_13G383200	Pbre1_03G461000	Prupe.1G053800.1	0.640029	0.535699	1.1947548903395375	Subfunctionalization	4.6330259091256525e-06	1.9152224423095674e-10	0.018911400870813715	0.9758520752369068	0.00523189067484829
TRD	Pbre1_10G173400	Pbre1_03G461200	Prupe.8G135900.1	0.442121	0.27178	1.6267606152034733	Neofunctionalization(Child)	0.0033879984193787636	1.2058907636485634e-06	0.9436137538954018	0.03472114413613089	0.018275897658325026
TRD	Pbre1_11G510800	Pbre1_03G478200	Prupe.8G264300.1	0.151632	0.396651	0.38228064469773176	Neofunctionalization(Parent)	0.2171807251162262	0.7819299005257855	1.5542311751680553e-07	0.00021360503821729265	0.000675613896653597
TRD	Pbre1_11G510800	Pbre1_03G478400	Prupe.8G264300.1	0.3732	0.396651	0.9408774968423123	Neofunctionalization(Child)	1.602636030638593e-05	5.008387288922685e-13	0.9976778913824228	0.0008014343043005338	0.0015046479524694887
TRD	Pbre1_10G515000	Pbre1_03G481000	Prupe.4G043300.1	0.323826	0.326877	0.9906662138969705	Neofunctionalization(Child)	0.0001407347777170294	3.3980801987385555e-07	0.796730378681346	0.20312854671693822	1.5978820295428108e-11
TRD	Pbre1_10G399000	Pbre1_03G491400	Prupe.4G113400.1	1.07848	0.532021	2.027138026506473	Subfunctionalization	0.42393213823844517	0.07376393765077155	0.005988893977660546	0.49367424352086653	0.002640786612256182
TRD	Pbre1_17G046600	Pbre1_04G004000	Prupe.3G291100.1	0.341626	0.401185	0.8515423059187157	Neofunctionalization(Child)	1.4582364545671593e-11	2.4702395578521784e-27	0.998040914557833	0.0006629778045414185	0.0012961076230432861
TRD	Pbre1_04G276200	Pbre1_04G029000	Prupe.6G291700.1	0.201626	0.39534	0.510006576617595	Neofunctionalization(Parent)	0.03774758432933498	0.9422380975409708	2.2278627947897575e-09	0.017451468817923855	0.002562847083907792
TRD	Pbre1_06G353400	Pbre1_04G038200	Prupe.5G208200.1	0.414238	0.798875	0.518526678141136	Neofunctionalization(Child)	1.636813575921517e-06	9.2353374821213e-14	0.9999977776134584	1.0670527834560327e-09	5.845058205044129e-07
TRD	Pbre1_10G273400	Pbre1_04G038800	Prupe.8G191900.1	1.50239	0.819687	1.8328825515105154	Subfunctionalization	0.11152368359076108	0.045724764961137886	0.005460329162559233	0.830042058571989	0.007249163713552754
TRD	Pbre1_08G075600	Pbre1_04G043000	Prupe.1G414100.1	2.91976	0.471851	6.187885582524992	Subfunctionalization	0.00043527233110544385	3.2455531923901577e-06	2.0481248780509196e-06	0.9995594339908241	7.040162609203753e-18
TRD	Pbre1_11G107400	Pbre1_04G045800	Prupe.6G057300.1	1.38139	1.94188	0.7113673347477701	Conservation	0.545669810650676	0.006308933411621094	0.07924706203773024	0.36874530278195045	2.8891118022173677e-05
TRD	Pbre1_06G153200	Pbre1_04G052600	Prupe.5G100500.1	0.271882	0.847966	0.32062842142255704	Subfunctionalization	5.4401525136834955e-06	1.0071070692752009e-05	1.4120464531838505e-10	0.9999844886261617	9.427309039466374e-12
TRD	Pbre1_12G224000	Pbre1_04G059200	Prupe.6G246300.1	1.22646	0.391303	3.134297462580149	Subfunctionalization	0.06294904914800947	0.0006988158397027368	7.921721751568747e-05	0.9362699337342163	2.9840605556984732e-06
TRD	Pbre1_16G343200	Pbre1_04G059800	Prupe.1G023000.1	0.178812	0.314267	0.568981152968654	Conservation	0.7774238589139809	0.0019262222252218247	1.1033711254196323e-07	0.2205593854245383	9.04230991463317e-05
TRD	Pbre1_08G284600	Pbre1_04G076400	Prupe.1G503300.1	0.0499668	0.286732	0.17426307492710963	Subfunctionalization	0.20748230761424205	0.00043007816052425646	0.045320141035794466	0.746722614462818	4.4858726621320475e-05
TRD	Pbre1_09G464200	Pbre1_04G078000	Prupe.3G015100.1	0.59511	0.615381	0.9670594314741601	Subfunctionalization	0.001555599265978775	7.71402504215551e-06	2.16436137667792e-06	0.9984345223476017	5.618762213059525e-16
TRD	Pbre1_06G085200	Pbre1_04G083200	Prupe.5G060100.1	0.186406	0.430773	0.4327244279469697	Conservation	0.950405029274926	0.019939309982509115	0.027211073983850902	0.00017559025324145422	0.0022689965054725645
TRD	Pbre1_06G083600	Pbre1_04G085000	Prupe.5G059000.1	0.359748	0.31446	1.1440183171150544	Conservation	0.8700936647015073	0.000622162981878331	0.0016425665852144655	2.0167391632537062e-06	0.12763958899223662
TRD	Pbre1_04G088800	Pbre1_04G085200	Prupe.5G052300.1	0.0250365	0.205382	0.12190211410931824	Subfunctionalization	0.21456069356283072	0.002087514013254569	0.0007618628623891572	0.7823273426220154	0.0002625869395101308
TRD	Pbre1_05G243800	Pbre1_04G091200	Prupe.8G177400.1	0.305392	0.476249	0.6412443910643382	Subfunctionalization	0.0039552517992195325	5.609864029009405e-05	4.295491979400053e-05	0.9959314969828812	1.4197657815087847e-05
TRD	Pbre1_15G124600	Pbre1_04G094000	Prupe.1G421500.1	0.971039	0.805841	1.205000738359056	Subfunctionalization	0.029278551084233034	0.011479599783151797	0.0023136150697245397	0.9569158869743019	1.2347088588948525e-05
TRD	Pbre1_03G261000	Pbre1_04G094200	Prupe.4G269700.1	1.11547	0.293266	3.803611738148984	Subfunctionalization	4.020342118993583e-07	3.860824247881531e-07	1.064157734117657e-07	0.9769537246828591	0.023045380784730823
TRD	Pbre1_06G242000	Pbre1_04G094600	Prupe.5G146700.1	0.360712	0.330404	1.0917301243326352	Subfunctionalization	0.04000722104712727	7.5625996466073565e-06	0.010648720299162534	0.9492560900657732	8.04059882905668e-05
TRD	Pbre1_15G723200	Pbre1_04G094800	Prupe.1G551000.1	0.0771318	0.300229	0.256909892115685	Subfunctionalization	0.00026521605990186713	9.85468846671825e-08	0.0007491120689296441	0.9989825205017584	3.0528225254225162e-06
TRD	Pbre1_11G317400	Pbre1_04G095000	Prupe.4G243300.1	0.870411	0.29407	2.9598769000578096	Conservation	0.896978817621079	0.00014106752115441979	0.01895551444513383	0.08390633233712505	1.8268075507600012e-05
TRD	Pbre1_06G075000	Pbre1_04G095600	Prupe.5G050700.1	0.125614	0.291621	0.4307440136341347	Conservation	0.99902793471965	2.794671961574919e-07	1.9682347233972054e-06	7.238909522009184e-09	0.0009698103395207436
TRD	Pbre1_07G136400	Pbre1_04G106000	Prupe.2G113900.1	0.329886	0.234469	1.4069493195262486	Subfunctionalization	0.07646313898357276	0.00010874196047757671	0.009580820818757512	0.9137969337616983	5.036447549369974e-05
TRD	Pbre1_07G136600	Pbre1_04G106200	Prupe.2G114000.1	0.106024	0.459225	0.23087593227720615	Subfunctionalization	2.397447799639055e-16	6.677941055591385e-22	3.370839087493154e-17	0.9999999999999998	9.789371757987845e-18
TRD	Pbre1_04G124600	Pbre1_04G118000	Prupe.5G082600.1	0.549322	0.345007	1.592205375543105	Neofunctionalization(Child)	5.826492063056928e-10	2.08594595362564e-15	0.9999480889482832	4.4764789272579755e-08	5.186570427630889e-05
TRD	Pbre1_07G500000	Pbre1_04G126000	Prupe.2G323200.1	0.516006	0.665053	0.7758870345671698	Neofunctionalization(Child)	1.05535367285137e-09	3.1445879795771043e-15	0.9886185871873007	1.2068368527259179e-08	0.011381399688973929
TRD	Pbre1_13G304400	Pbre1_04G128800	Prupe.1G148100.1	0.447114	0.348839	1.2817202205028682	Conservation	0.6080959566270497	0.00021860994715969516	0.39149409092863985	0.00019103479220559287	3.077049452170815e-07
TRD	Pbre1_02G424200	Pbre1_04G131400	Prupe.2G058600.1	4.47771	0.346877	12.908639085324193	Subfunctionalization	1.979588494952148e-08	8.220948008774153e-11	3.988852758004731e-10	0.9999999797230203	3.381762110028779e-36
TRD	Pbre1_07G353800	Pbre1_04G132600	Prupe.2G246100.1	0.143189	0.29749	0.4813237419745202	Subfunctionalization	0.0005269183479270438	1.2202828038101935e-06	2.5432120096103314e-08	0.9994718246938394	1.1243309505150683e-08
TRD	Pbre1_06G109400	Pbre1_04G139000	Prupe.5G075100.1	0.739199	0.30416	2.4302965544450292	Subfunctionalization	1.3210504026217145e-19	3.705536770132506e-19	5.485792869061802e-31	1.0	1.166096864466829e-36
TRD	Pbre1_05G172600	Pbre1_04G139200	Prupe.8G138300.1	0.0203659	0.267268	0.07620029333852163	Neofunctionalization(Child)	0.0043901034162391675	4.513070669297001e-06	0.995604557995243	3.233570158889614e-14	8.255178162287947e-07
TRD	Pbre1_05G040400	Pbre1_04G141400	Prupe.8G031200.1	3.44523	1.21929	2.825603424944025	Conservation	0.8702982199826222	2.1455090381648356e-06	1.2278537280941177e-12	0.1296996341332513	3.7386043896731586e-10
TRD	Pbre1_16G018800	Pbre1_04G141800	Prupe.1G341200.1	3.38062	0.320748	10.539800715826756	Conservation	0.9791433254661862	0.0013002011530832353	3.638915163202799e-05	0.019429776005627352	9.030822347087603e-05
TRD	Pbre1_07G196000	Pbre1_04G142400	Prupe.2G147100.1	0.196674	0.258918	0.7595995643408338	Subfunctionalization	0.0017883054740162562	1.0968956185567657e-05	4.670090045776754e-10	0.9982007251027892	1.61120422313606e-26
TRD	Pbre1_06G104600	Pbre1_04G143400	Prupe.5G072500.1	0.198231	0.273185	0.7256291524058788	Subfunctionalization	2.8176306716857117e-08	2.8303202761329003e-07	2.98449122623072e-09	0.9999993250601905	3.6074698399504736e-07
TRD	Pbre1_06G104800	Pbre1_04G143600	Prupe.5G072600.1	0.183759	0.357091	0.5145999199083707	Conservation	0.9994243603853611	7.460839182639841e-07	9.24780210508948e-06	6.575482828846838e-08	0.000565579973787375
TRD	Pbre1_15G236000	Pbre1_04G149200	Prupe.1G488500.1	0.306636	0.334557	0.9165433692913316	Conservation	0.49873219567019933	0.0006254807005238672	0.02045126897374839	0.4801810319008784	1.0022754650005568e-05
TRD	Pbre1_10G244800	Pbre1_04G162600	Prupe.8G179300.1	0.153932	1.58811	0.09692779467417245	Subfunctionalization	0.00010198511332998413	2.200954865158726e-06	9.403606622598145e-07	0.9998948735599988	1.1143786770104969e-11
TRD	Pbre1_06G172600	Pbre1_04G173600	Prupe.5G110000.1	1.24771	0.784255	1.5909493723342536	Specialization	0.17867048493049575	0.007365038087036634	0.001219222472021145	5.0260253709431e-07	0.8127447519079094
TRD	Pbre1_08G083200	Pbre1_04G176000	Prupe.1G399300.1	4.01794	0.330542	12.155611087244587	Specialization	1.1132193473384668e-10	3.030254184741372e-13	1.830675016460515e-09	0.0065948808125089	0.9934051172451911
TRD	Pbre1_08G088400	Pbre1_04G178800	Prupe.1G396200.1	0.446926	0.363439	1.2297139272340063	Subfunctionalization	0.005493413713376287	1.9009389955493342e-05	0.00010467975015855377	0.9943407627434131	4.2134403096351024e-05
TRD	Pbre1_12G219200	Pbre1_04G184000	Prupe.6G244600.1	0.135648	0.255181	0.5315756267120201	Subfunctionalization	0.10252250580922675	0.0005753743018291865	0.1512628934377966	0.7352832896698517	0.010355936781295764
TRD	Pbre1_04G201400	Pbre1_04G198800	Prupe.6G252300.1	0.118575	0.311364	0.38082437275985664	Specialization	0.059518025218586644	0.0027839264148277034	2.1640069645376688e-05	0.013022168238744337	0.924654240058196
TRD	Pbre1_12G244400	Pbre1_04G209600	Prupe.6G256600.1	0.169811	0.235858	0.7199713386868369	Conservation	0.9980993098616677	1.6576480894425249e-09	1.0250429728613874e-07	0.0019004982990788487	8.767730807212228e-08
TRD	Pbre1_10G515000	Pbre1_04G217400	Prupe.4G043300.1	1.86162	0.326877	5.6951697427472725	Subfunctionalization	0.005232161204465499	1.3638808019839525e-07	0.002242538049231896	0.9925245702018801	5.941563421016562e-07
TRD	Pbre1_15G141400	Pbre1_04G218600	Prupe.1G430600.1	0.828525	0.332206	2.494009740943872	Subfunctionalization	7.289623632547182e-25	1.4114144231997256e-29	1.8549347075418212e-26	1.0	7.076161781876328e-27
TRD	Pbre1_04G204000	Pbre1_04G231000	Prupe.6G253500.1	0.861926	0.43094	2.000106743398153	Neofunctionalization(Child)	0.031089984170787354	1.7327930409576482e-09	0.9689098616649969	1.295672513876375e-07	2.286417133386948e-08
TRD	Pbre1_12G274800	Pbre1_04G241200	Prupe.6G272700.1	0.430639	0.50799	0.8477312545522548	Conservation	0.999619521021436	0.00036348713558602137	2.4016949755770785e-08	1.0640195750325237e-05	6.327630278057011e-06
TRD	Pbre1_05G105400	Pbre1_04G247600	Prupe.8G090700.1	0.27471	0.439108	0.6256091895387923	Conservation	0.9994942356416207	2.576517530387011e-07	0.0005054868060566199	1.6718141581817e-08	3.1824282466606243e-09
TRD	Pbre1_05G305200	Pbre1_04G248400	Prupe.8G204900.1	2.79029	1.57692	1.769455647718337	Conservation	0.9991020656611961	0.00016018402077358544	4.647624618544337e-06	0.000684893687610859	4.8209005800898606e-05
TRD	Pbre1_12G282400	Pbre1_04G249200	Prupe.6G277600.1	0.320163	0.260113	1.230861202631164	Subfunctionalization	0.0001509911664217272	6.100350586681419e-13	0.07504488473279033	0.5483027013403813	0.3765014227597966
TRD	Pbre1_08G132200	Pbre1_04G258600	Prupe.1G420200.1	0.948583	0.448841	2.1134054152806896	Neofunctionalization(Child)	9.036973450871806e-05	4.848000611977717e-11	0.9989697185698829	0.0009396964555537831	2.1519157438329766e-07
TRD	Pbre1_12G296000	Pbre1_04G261600	Prupe.6G283400.1	0.124986	0.43899	0.2847126358231395	Neofunctionalization(Child)	0.0005965086032791065	7.599547552206177e-12	0.9993716321838249	3.1783916074824176e-05	7.528922171859761e-08
TRD	Pbre1_16G029600	Pbre1_04G272000	Prupe.1G335900.1	0.299488	0.395966	0.7563477672325402	Subfunctionalization	2.6427495498678447e-05	2.2975347028859177e-08	0.0035066572666809215	0.7965469196560421	0.19991997260643135
TRD	Pbre1_15G786800	Pbre1_04G272200	Prupe.1G587900.1	1.56279	0.500005	3.1255487445125545	Conservation	0.9667393056201233	3.8519890628167904e-05	6.331568202867222e-07	0.03321971042400738	1.8309084209596226e-06
TRD	Pbre1_10G563200	Pbre1_04G276800	Prupe.4G016400.1	1.14884	0.276484	4.155177153108317	Neofunctionalization(Child)	3.875909446998508e-08	4.496444775097411e-12	0.9999752492255098	2.4710430611281074e-05	1.5802878233961564e-09
TRD	Pbre1_12G317000	Pbre1_04G282600	Prupe.6G295600.1	0.699514	0.44246	1.5809655110066445	Subfunctionalization	0.00461154881352743	0.08388448932524342	0.0007161177171310887	0.9029752256351208	0.00781261850897728
TRD	Pbre1_13G029600	Pbre1_04G286600	Prupe.1G335600.1	0.350637	0.282756	1.2400691762509017	Subfunctionalization	0.002666273812369091	5.5133625933436744e-05	5.654805288747289e-06	0.9968816183065543	0.0003913194498545151
TRD	Pbre1_05G075800	Pbre1_04G301000	Prupe.8G060400.1	1.02085	0.264217	3.8636802325361357	Neofunctionalization(Parent)	0.0007957060885419881	0.9984680803884763	8.368879744201702e-10	0.0007357675567439428	4.451293496160298e-07
TRD	Pbre1_15G067400	Pbre1_04G306800	Prupe.1G389200.1	0.785344	0.609675	1.2881354820191087	Subfunctionalization	1.9805603592579164e-09	4.0528668819778675e-08	0.011747601407318994	0.9345267506375509	0.053725605445901
TRD	Pbre1_12G346000	Pbre1_04G318400	Prupe.6G313600.1	0.153259	0.253001	0.6057644040932645	Neofunctionalization(Child)	9.977740627735958e-09	1.953359340568089e-07	0.9959948499688777	4.322367930606532e-05	0.003961721038141577
TRD	Pbre1_12G353000	Pbre1_04G326200	Prupe.6G317800.1	0.26719	0.482364	0.5539177882263187	Subfunctionalization	0.03641195622398065	0.00025084507715905364	0.4716543152554199	0.4812889686407828	0.010393914802657517
TRD	Pbre1_12G363400	Pbre1_04G338600	Prupe.6G323900.1	0.151869	0.287999	0.5273247476553738	Neofunctionalization(Child)	0.00016999955363461574	7.662805646627112e-05	0.9967787133845356	5.466875648085847e-09	0.0029746535384878587
TRD	Pbre1_12G369600	Pbre1_04G343800	Prupe.6G327400.1	2.02882	0.648871	3.126692362580544	Neofunctionalization(Parent)	0.003734251701786557	0.9940256786037771	1.5281258379759186e-10	0.0022310468195282478	9.02272209557282e-06
TRD	Pbre1_04G357600	Pbre1_04G345800	Prupe.6G334800.1	0.206506	0.491238	0.4203787166302281	Neofunctionalization(Child)	3.393636300686642e-08	2.181240649699844e-09	0.8977779351308509	0.1022220287513909	1.5458871047903872e-13
TRD	Pbre1_10G129600	Pbre1_04G358800	Prupe.8G100700.1	0.153791	1.45693	0.10555826292272107	Neofunctionalization(Child)	0.0022424155139486026	6.370222614259086e-10	0.997697617776066	5.371944713279615e-06	5.459412824966227e-05
TRD	Pbre1_11G205600	Pbre1_04G361200	Prupe.6G102400.1	0.357188	0.377445	0.9463312535601214	Specialization	3.003954201618004e-15	5.508622521377853e-26	0.01763581905340922	0.2597855955882348	0.722578585358353
TRD	Pbre1_02G113200	Pbre1_04G368000	Prupe.7G215100.1	0.399545	0.309447	1.2911580981557422	Conservation	0.9999981879511209	3.293920758078804e-08	1.7418928788444427e-06	3.721635728048231e-08	4.353832629733906e-13
TRD	Pbre1_12G409600	Pbre1_04G374200	Prupe.6G349400.1	1.03122	0.343701	3.00034041216057	Neofunctionalization(Child)	9.307933869024578e-08	1.1284619674183906e-13	0.9999998570759483	1.1078473626761278e-08	3.87661264617658e-08
TRD	Pbre1_12G405400	Pbre1_04G381200	Prupe.6G346900.1	0.179616	0.322615	0.5567503060924012	Subfunctionalization	0.002641004147570171	0.38816936578761896	0.0003889634783633869	0.5708314341394484	0.037969232446998985
TRD	Pbre1_12G417600	Pbre1_04G392000	Prupe.6G353600.1	0.165783	0.276556	0.5994554448285339	Conservation	0.8675474790816217	5.6431291235043074e-06	0.13221170515652017	0.00023517036157972687	2.2711550387116208e-09
TRD	Pbre1_07G395800	Pbre1_04G393600	Prupe.2G270400.1	1.67513	0.717078	2.336049913677452	Subfunctionalization	0.042590601837908124	3.7042727812032435e-07	0.020080590574257158	0.7832610147781078	0.15406742238244886
TRD	Pbre1_06G119800	Pbre1_04G408800	Prupe.5G081100.1	0.431504	0.47057	0.9169815330344051	Subfunctionalization	5.4640115351023205e-09	1.4548134194263396e-20	0.18592230535913792	0.8073185813020444	0.006759107874806262
TRD	Pbre1_10G002800	Pbre1_05G002800	Prupe.8G002200.1	0.313222	0.324859	0.9641783050492675	Neofunctionalization(Child)	0.0009631033358148976	3.6398674218689005e-13	0.9990321869981988	2.7460814386894137e-06	1.9635841836575195e-06
TRD	Pbre1_10G005800	Pbre1_05G005000	Prupe.8G004600.1	0.146372	0.586718	0.24947589813164078	Neofunctionalization(Child)	0.009982286855889314	5.6772270793568156e-12	0.9755210998967724	0.014496162446587559	4.507950736538225e-07
TRD	Pbre1_10G007800	Pbre1_05G007000	Prupe.8G006400.1	0.135662	0.389007	0.3487392257722869	Subfunctionalization	0.05957424764936652	7.026087612552294e-05	4.192640712097183e-05	0.9402972158504133	1.6349216973591016e-05
TRD	Pbre1_16G027400	Pbre1_05G007400	Prupe.1G337000.1	1.05154	0.38064	2.762557797393863	Neofunctionalization(Parent)	0.0032949440337316557	0.6337136394629318	1.3954225024824297e-15	0.362991389039519	2.746381625015147e-08
TRD	Pbre1_16G068400	Pbre1_05G024600	Prupe.1G314900.1	0.203218	0.698343	0.2910002677767229	Neofunctionalization(Parent)	1.8599782337970965e-09	0.9999994986908136	3.017957529544992e-18	7.495737861317928e-09	4.919534705159819e-07
TRD	Pbre1_05G197600	Pbre1_05G026000	Prupe.8G152400.1	1.1548	0.603655	1.9130132277542635	Neofunctionalization(Child)	1.244600368722766e-09	6.321185384233505e-14	0.9910115459752908	0.0007481865793194662	0.008240266200726112
TRD	Pbre1_04G333200	Pbre1_05G027000	Prupe.6G322000.1	0.330539	1.23193	0.26830988773712794	Subfunctionalization	0.05948433768531136	0.0002465054557161419	0.0008140289309942785	0.93934317380868	0.00011195411929816472
TRD	Pbre1_10G026400	Pbre1_05G028200	Prupe.8G024200.1	0.242664	0.442631	0.5482309192080989	Neofunctionalization(Parent)	4.235917584081793e-05	0.6472866803411239	4.6053939495185115e-07	0.35265519707306986	1.5302870570346745e-05
TRD	Pbre1_17G387000	Pbre1_05G032000	Prupe.3G092800.1	0.25063	0.296124	0.8463684132322946	Subfunctionalization	1.9456120972402786e-11	2.4603461244024994e-09	4.23132342320346e-25	0.9999999555699433	4.1950254422799205e-08
TRD	Pbre1_02G419200	Pbre1_05G034600	Prupe.2G061400.1	1.6765	0.380177	4.409788072397857	Subfunctionalization	9.917234399734123e-08	0.02543845719363602	1.071258326405239e-16	0.9741760402488768	0.00038540338514308424
TRD	Pbre1_11G072400	Pbre1_05G047600	Prupe.6G039300.1	0.224053	0.467018	0.47975238641765416	Subfunctionalization	3.497196195739379e-05	0.00018300646109328404	6.999077174923889e-07	0.9984536912139346	0.0013276304552973079
TRD	Pbre1_16G374600	Pbre1_05G049400	Prupe.1G046200.1	0.210583	0.251817	0.8362541051636704	Neofunctionalization(Child)	0.15512246833062057	0.0035932917029202287	0.47498627277762956	0.0014417124395222707	0.3648562547493073
TRD	Pbre1_08G201800	Pbre1_05G049600	Prupe.1G453900.1	0.0542509	0.234358	0.23148729721195777	Neofunctionalization(Child)	2.567369172084598e-06	1.983118636874962e-10	0.986737609063548	0.013148101931744939	0.0001117214372231359
TRD	Pbre1_10G051800	Pbre1_05G052800	Prupe.8G042000.1	0.208188	0.326144	0.6383315345368917	Subfunctionalization	0.030980488536684857	0.22987663971085281	0.01194855585885055	0.7271938826811314	4.3321248040214657e-07
TRD	Pbre1_07G145600	Pbre1_05G054400	Prupe.2G118700.1	0.480767	0.280033	1.7168226601864782	Conservation	0.8972886325932724	0.06251229722396177	0.001278128323879624	0.01550392727555896	0.02341701458332733
TRD	Pbre1_10G058400	Pbre1_05G058200	Prupe.8G045600.1	0.12268	0.367246	0.3340540128415285	Specialization	9.627349936373661e-08	7.833389172365852e-13	0.01742451148202062	0.20802299043720213	0.7745524018064944
TRD	Pbre1_08G073200	Pbre1_05G060200	Prupe.1G389500.1	0.196489	0.511727	0.3839723133623983	Neofunctionalization(Child)	1.405091000438085e-07	2.5448666523830074e-11	0.9998112550776714	8.798145713850677e-07	0.0001877245732084304
TRD	Pbre1_15G054000	Pbre1_05G062000	Prupe.1G381400.1	0.243598	0.350798	0.694411028569148	Subfunctionalization	0.10689815683696076	0.03218433635446461	0.01775564391064242	0.8431389652843255	2.2897613606661136e-05
TRD	Pbre1_10G070800	Pbre1_05G068600	Prupe.8G057200.1	0.149578	0.307312	0.4867300984016244	Subfunctionalization	1.6820746131414981e-10	1.1134719659742694e-07	2.929460176910017e-12	0.9999998884816665	1.7186646266893202e-23
TRD	Pbre1_10G445400	Pbre1_05G074800	Prupe.4G081800.1	0.434835	0.284999	1.5257421955866513	Subfunctionalization	3.150648395207478e-05	3.600434051965489e-07	2.2944593885985066e-06	0.9999658346264547	4.386799273652089e-09
TRD	Pbre1_02G363000	Pbre1_05G075000	Prupe.2G114600.1	0.474943	0.324515	1.4635471395775235	Subfunctionalization	4.8765975467495184e-26	1.6326595499293795e-24	3.492761297658066e-36	1.0	2.0547733629762402e-41
TRD	Pbre1_10G592000	Pbre1_05G075600	Prupe.4G001400.1	0.477759	0.428794	1.11419236276627	Conservation	0.8837638736294094	0.010575772793261875	0.1056217496104832	4.868465323348943e-06	3.3735501522006034e-05
TRD	Pbre1_13G341400	Pbre1_05G079000	Prupe.1G024200.1	0.184642	0.320756	0.5756462856501515	Subfunctionalization	4.763175862664485e-06	5.368026790488061e-07	6.945497977593276e-11	0.9999946989881934	9.638098962094756e-10
TRD	Pbre1_15G080400	Pbre1_05G082000	Prupe.1G397300.1	0.27077	0.413734	0.6544543112241199	Conservation	0.9804046548488395	0.0018829870252517497	0.003245585040707638	0.013908389621408014	0.0005583834637932184
TRD	Pbre1_12G364400	Pbre1_05G090200	Prupe.6G324000.1	0.205473	0.25703	0.7994125199393067	Subfunctionalization	9.675795926990152e-05	3.484072249253086e-05	1.442964113605881e-14	0.9998684013182231	1.9703383173062168e-39
TRD	Pbre1_15G110200	Pbre1_05G106600	Prupe.1G412200.1	0.336953	0.285915	1.1785075984121156	Specialization	0.0030854441311987304	0.0008541254314133291	0.0033168756878653965	0.0008940715720325461	0.99184948317749
TRD	Pbre1_11G006200	Pbre1_05G112400	Prupe.6G003200.1	3.5287	0.457181	7.718387247064073	Specialization	0.205651713339202	0.004220639170827833	6.288633517067534e-06	0.0009420209557138379	0.7891793379007392
TRD	Pbre1_13G219600	Pbre1_05G113000	Prupe.1G217600.1	0.0817595	0.295288	0.2768805369672997	Conservation	0.9278640855666082	0.012309312507657651	0.030301178333975103	0.02952350471459341	1.9188771657317204e-06
TRD	Pbre1_11G403800	Pbre1_05G116000	Prupe.4G182900.1	0.385519	0.36348	1.0606333223286013	Subfunctionalization	0.04043359413528225	0.0003679653177634462	0.00012323009591038212	0.9590750103476947	2.0010334913928014e-07
TRD	Pbre1_02G105000	Pbre1_05G116600	Prupe.7G219600.1	1.14342	0.814373	1.4040494957470349	Specialization	0.3584637525931225	0.012232759858254163	0.02248981411852206	8.901150346606939e-11	0.6068136733410898
TRD	Pbre1_06G067200	Pbre1_05G125600	Prupe.5G046200.1	0.719882	0.601246	1.1973169052268124	Specialization	1.8641754558602002e-07	1.47723732768117e-07	1.3248927189348902e-07	1.7400339182177695e-05	0.9999821330302675
TRD	Pbre1_10G137400	Pbre1_05G127000	Prupe.8G107000.1	0.143845	0.317673	0.45280839101843723	Subfunctionalization	0.0008630231552539884	6.315924350024224e-07	0.00020449603564707544	0.9989285117090503	3.337507613659647e-06
TRD	Pbre1_10G136800	Pbre1_05G127600	Prupe.8G106600.1	0.181311	0.649593	0.2791147687859937	Subfunctionalization	0.0007246661551819115	1.25703312061821e-06	2.5130798142975666e-05	0.9992398226923755	9.123321179000381e-06
TRD	Pbre1_10G135800	Pbre1_05G128000	Prupe.8G105800.1	0.177197	0.349385	0.5071683100304821	Conservation	0.9984779494736736	1.7402181798852526e-05	2.103132881535559e-05	1.9638975259977148e-07	0.0014834206259597383
TRD	Pbre1_07G062800	Pbre1_05G128400	Prupe.2G040800.1	0.150006	0.237376	0.6319341466702615	Subfunctionalization	0.1949955434038172	2.7199405269388846e-07	6.279428294979139e-08	0.8050030305307202	1.0912771270584027e-06
TRD	Pbre1_05G363200	Pbre1_05G129000	Prupe.4G148700.1	1.8283	0.321558	5.685754980438988	Subfunctionalization	4.935974852347806e-13	7.174778915562192e-18	1.859528946074742e-13	0.9999999999993205	1.7503989939932553e-18
TRD	Pbre1_15G314800	Pbre1_05G130400	Prupe.7G240500.1	1.45283	0.26313	5.521339261961769	Subfunctionalization	2.0416395898259476e-21	4.8509337466951134e-26	4.245364923934338e-23	1.0	5.038470970535437e-24
TRD	Pbre1_01G341000	Pbre1_05G132200	Prupe.2G282400.1	0.342682	0.356871	0.9602405350953145	Conservation	0.9999122061557295	1.627307875604935e-05	6.748325716221072e-05	4.0199278380872205e-06	1.758051413224502e-08
TRD	Pbre1_04G275000	Pbre1_05G151600	Prupe.6G290800.1	1.14079	0.984988	1.1581765463132545	Specialization	5.0987797893262845e-08	4.782745866276125e-08	0.04927777826966882	8.52568790613625e-05	0.9506368660360132
TRD	Pbre1_17G209200	Pbre1_05G156000	Prupe.3G195000.1	1.69434	0.465031	3.6434990355481673	Subfunctionalization	0.11006726576668126	0.001344237237988187	0.0008528104032724528	0.8877355621158335	1.244762246300209e-07
TRD	Pbre1_10G472600	Pbre1_05G160600	Prupe.4G066000.1	2.2786	0.45636	4.99298799193619	Conservation	0.9450454191702463	0.0006864661342246308	0.0007104507434692867	0.05355757055867119	9.339338856135912e-08
TRD	Pbre1_10G169400	Pbre1_05G165800	Prupe.8G134200.1	0.255159	0.281538	0.9063039447605652	Subfunctionalization	0.009304760117261198	2.1367590502989693e-05	5.783366175691496e-05	0.9906159829935678	5.563691109708916e-08
TRD	Pbre1_04G164000	Pbre1_05G174800	Prupe.6G235000.1	0.150293	0.383551	0.3918461951604872	Subfunctionalization	3.117258257903523e-05	3.5605297830595534e-06	1.866493792164575e-08	0.9999651341573956	1.140653042682334e-07
TRD	Pbre1_12G061600	Pbre1_05G186000	Prupe.7G098700.1	0.247666	0.912965	0.27127655496103353	Conservation	0.9914490371877103	0.00262340775146613	0.005925293476683354	1.4605384917381612e-08	2.2469787554843452e-06
TRD	Pbre1_11G394800	Pbre1_05G189600	Prupe.4G187300.1	0.730571	0.282956	2.5819243981396403	Conservation	0.9934565975791613	0.0012841946080366482	0.005247259580319986	7.644534409766067e-07	1.1183779041124095e-05
TRD	Pbre1_15G706400	Pbre1_05G193400	Prupe.1G541400.1	0.885005	0.287925	3.0737344794651387	Subfunctionalization	0.2624279534451292	0.00046721290995202817	0.0004383166309710643	0.7306592763629598	0.0060072406509879914
TRD	Pbre1_12G396200	Pbre1_05G209200	Prupe.6G341500.1	0.939418	1.59509	0.5889435705822242	Subfunctionalization	0.023458450570586577	5.797764957980107e-05	4.249561340986109e-05	0.9764410723211304	3.8452934265226215e-09
TRD	Pbre1_17G459000	Pbre1_05G214000	Prupe.3G160800.1	0.14281	0.21754	0.6564769697526891	Subfunctionalization	2.4433462062203955e-06	2.9234018863091723e-07	1.63003396835007e-06	0.9999906686629513	4.965616685514006e-06
TRD	Pbre1_05G323600	Pbre1_05G214200	Prupe.8G213600.1	0.660257	0.570126	1.1580896152780262	Subfunctionalization	0.014775684046162257	0.003043457702268518	0.0013761577967726876	0.9796182411032077	0.0011864593515887964
TRD	Pbre1_13G244000	Pbre1_05G236000	Prupe.1G106700.1	0.590627	0.44375	1.3309904225352114	Conservation	0.872172166480584	0.000341233372919305	0.04453773881812873	0.08280534379864107	0.00014351752972694725
TRD	Pbre1_10G234600	Pbre1_05G237000	Prupe.8G174300.1	0.281089	0.238367	1.1792278293555736	Subfunctionalization	0.3652161705604456	0.0033277231514475336	0.007219463241374004	0.47532778563433986	0.14890885741239307
TRD	Pbre1_10G234600	Pbre1_05G237200	Prupe.8G174300.1	0.425422	0.238367	1.7847353031250133	Specialization	0.12968823558197234	0.03561765121111745	0.00029182257278518236	1.8979970955406898e-10	0.8344022904443252
TRD	Pbre1_15G294200	Pbre1_05G241200	Prupe.7G250400.1	0.24373	1.28577	0.1895595635300248	Specialization	0.0580666904030473	0.05267449883787341	0.00047444212326281065	1.082134968613655e-09	0.8887843675536815
TRD	Pbre1_10G243200	Pbre1_05G246600	Prupe.8G178500.1	0.353751	0.28983	1.2205465272746092	Conservation	0.8086990953264384	0.002662058713070954	0.00980241594298618	0.1788009067096398	3.55233078645663e-05
TRD	Pbre1_13G240800	Pbre1_05G248600	Prupe.1G104800.1	2.58758	0.296033	8.740849837687016	Conservation	0.6699931175025127	0.00782009129264312	0.12660101934958415	0.17290969464356643	0.02267607721169368
TRD	Pbre1_14G413200	Pbre1_05G254200	Prupe.5G220200.1	0.400147	0.349007	1.146530012292017	Conservation	0.9982471025484803	1.1178893714263399e-05	2.2624459468182325e-05	0.0016512788624636924	6.781523587365507e-05
TRD	Pbre1_10G254800	Pbre1_05G260800	Prupe.8G183100.1	0.25801	0.302419	0.8531540677007728	Subfunctionalization	0.4558536363520379	0.0004798214955402441	0.0023558619455778295	0.5412163265836107	9.435362323320727e-05
TRD	Pbre1_10G256800	Pbre1_05G262200	Prupe.8G183800.1	0.447877	0.330171	1.3565001166062436	Subfunctionalization	3.1633948684294344e-13	6.25445811904764e-17	1.9052858160906516e-14	0.9999999999996481	1.6502290040423145e-14
TRD	Pbre1_10G256600	Pbre1_05G264400	Prupe.8G183700.1	1.54356	0.491787	3.138675890171965	Subfunctionalization	0.2972831213843733	0.0006322048259751204	0.04034833252257972	0.6617356457659308	6.955011410903163e-07
TRD	Pbre1_15G593200	Pbre1_05G271400	Prupe.6G172500.1	1.86349	0.408174	4.565430429179713	Neofunctionalization(Child)	3.5385689049949395e-10	4.0518272191607e-17	0.9999999909332024	4.13643832808366e-09	4.57650236722302e-09
TRD	Pbre1_10G270200	Pbre1_05G277400	Prupe.8G190300.1	1.07171	0.322219	3.326029812022258	Conservation	0.8972256267128882	9.718802211809557e-05	5.812757206460279e-05	0.002579687433444837	0.10003937025948441
TRD	Pbre1_16G335800	Pbre1_05G281400	Prupe.1G017400.1	1.04885	0.665727	1.5754956611343691	Conservation	0.8049932939793947	1.7988540078508456e-06	0.1528717458555374	0.02047419464382427	0.021658966667235807
TRD	Pbre1_10G275000	Pbre1_05G282000	Prupe.8G192800.1	1.1712	0.51417	2.2778458486492794	Conservation	0.9458325206933432	0.0539982578017375	2.8833449503055828e-11	0.00011140402360364917	5.781745248216708e-05
TRD	Pbre1_12G027400	Pbre1_05G282200	Prupe.7G025100.1	3.22529	0.955084	3.3769699837920015	Subfunctionalization	0.0022316840432587363	2.172746242885725e-05	0.0004343945386228994	0.6290765795977908	0.36823561435789864
TRD	Pbre1_06G388200	Pbre1_05G289000	Prupe.1G320700.1	0.174322	1.41935	0.1228181914256526	Conservation	0.9467588706971829	2.9297264224653907e-05	0.037973307620797446	0.015232751378963046	5.7730388321191766e-06
TRD	Pbre1_06G182200	Pbre1_05G290400	Prupe.5G115000.1	4.45354	0.404684	11.00498166470629	Conservation	0.7011221735727557	9.153519752801384e-05	0.2947720305255334	0.003931845223251962	8.241548093085333e-05
TRD	Pbre1_05G548200	Pbre1_05G300800	Prupe.4G034100.1	1.22212	0.5608	2.1792439372325254	Neofunctionalization(Parent)	0.022253096218665783	0.6777851174712465	0.00019389295299064233	0.2935153560142945	0.006252537342802634
TRD	Pbre1_03G127400	Pbre1_05G307600	Prupe.6G071100.1	0.389014	0.555856	0.6998467228922599	Subfunctionalization	8.141108092403089e-07	1.0940558570652454e-06	0.001014031190694563	0.9988625214945513	0.0001215391480876356
TRD	Pbre1_01G317400	Pbre1_05G307800	Prupe.2G269600.1	1.34466	0.22219	6.051847517890094	Neofunctionalization(Child)	0.00044170804418294145	1.0345285730510733e-08	0.9983331597615783	0.0011801403236942004	4.498152525870438e-05
TRD	Pbre1_05G141400	Pbre1_05G310800	Prupe.8G116300.1	0.0813037	0.305984	0.2657122594645472	Subfunctionalization	0.000286258334886026	0.10701535788531716	8.833523360936415e-05	0.8925768744415418	3.3174104645586173e-05
TRD	Pbre1_10G305400	Pbre1_05G314800	Prupe.8G211000.1	0.301169	0.579641	0.5195784977253163	Neofunctionalization(Child)	0.010992822969857612	2.484546100391077e-06	0.720338910949955	0.26818384838087306	0.0004819331532140969
TRD	Pbre1_10G302000	Pbre1_05G315200	Prupe.8G209600.1	0.489854	0.579762	0.8449225716759636	Subfunctionalization	0.000852334625432972	0.0427249274530047	2.5076201053934073e-06	0.955275383488178	0.0011448468132788513
TRD	Pbre1_01G046200	Pbre1_05G321200	Prupe.6G161400.1	0.770277	1.4823	0.5196498684476827	Neofunctionalization(Child)	0.020440886581001426	6.532898947220638e-07	0.8300503935308862	0.14869311100774155	0.0008149555904762911
TRD	Pbre1_12G174000	Pbre1_05G322600	Prupe.7G121300.1	0.127025	0.252872	0.5023292416716758	Neofunctionalization(Child)	0.0008059060912611881	6.593974259407045e-07	0.9991706174941564	3.893451493052353e-06	1.8923565663440464e-05
TRD	Pbre1_10G300600	Pbre1_05G331800	Prupe.8G208900.1	1.29328	0.456968	2.8301325256910768	Subfunctionalization	0.006093104667269663	4.540188511359152e-07	0.022217805230154992	0.9669561157396093	0.004732520344114915
TRD	Pbre1_10G322400	Pbre1_05G338800	Prupe.8G222100.1	0.405629	0.322921	1.2561245629736066	Neofunctionalization(Child)	3.1213986319666966e-05	2.50881408557539e-08	0.6817313999721212	0.31069621140930637	0.0075411495441121135
TRD	Pbre1_01G354200	Pbre1_05G350800	Prupe.2G288900.1	0.648493	0.339604	1.9095564245415246	Subfunctionalization	0.0008150568759022595	0.020589719297802754	4.123916667021432e-08	0.9785951825871282	3.3894749899529368e-18
TRD	Pbre1_02G505200	Pbre1_05G351400	Prupe.2G008000.1	0.970257	0.181653	5.341266040197519	Conservation	0.6693670802874128	0.24317002252324782	2.8080209495757207e-07	0.08746150448773549	1.1118995090644238e-06
TRD	Pbre1_10G330000	Pbre1_05G355200	Prupe.8G226000.1	0.307126	0.546281	0.5622124877123678	Specialization	5.440330088811595e-29	9.24374039326726e-45	0.14759626193616499	0.00017895121663792898	0.852224786847197
TRD	Pbre1_02G103000	Pbre1_05G360000	Prupe.7G221000.1	0.159142	0.45339	0.35100465383003593	Neofunctionalization(Child)	0.3916217179890031	2.305122053639355e-08	0.6001216954214421	0.001135681750962699	0.007120881787371489
TRD	Pbre1_15G020600	Pbre1_05G362600	Prupe.1G364800.1	0.440481	0.431187	1.0215544531722895	Neofunctionalization(Child)	0.005209235187795889	3.612199778175133e-08	0.9946835619617076	1.30564528202322e-06	0.00010586108321668797
TRD	Pbre1_05G371000	Pbre1_05G367200	Prupe.4G142400.1	0.209941	0.388434	0.5404804934686459	Conservation	0.9179279997239286	0.02907489284685315	0.003968506382358701	0.04816764125531994	0.0008609597915393638
TRD	Pbre1_08G106000	Pbre1_05G370800	Prupe.1G411100.1	0.8362	1.26163	0.6627933704810444	Conservation	0.9999999912532841	1.3337618566780583e-11	2.5116651888103323e-11	7.650333032452892e-09	1.057928858424164e-09
TRD	Pbre1_14G058600	Pbre1_05G372400	Prupe.7G099500.1	0.381805	0.493994	0.7728940027611672	Conservation	0.8091538488311657	0.1378634997841203	1.4740780002873663e-06	0.05121327010826219	0.0017679071984516143
TRD	Pbre1_10G371000	Pbre1_05G391800	Prupe.4G129900.1	0.214295	0.369822	0.5794544402442257	Neofunctionalization(Parent)	0.0023985405959836715	0.48715684595208575	5.831503004059467e-05	0.3254441874995358	0.18494211092235405
TRD	Pbre1_10G375000	Pbre1_05G394600	Prupe.4G128300.1	0.154794	0.225899	0.6852354370758613	Neofunctionalization(Child)	0.13485528658018925	3.7338352037917476e-06	0.8131656308423266	0.028510277154151546	0.023465071588128786
TRD	Pbre1_08G329600	Pbre1_05G423800	Prupe.1G528600.1	0.70416	0.459633	1.5320048821559809	Subfunctionalization	0.0035438163574888775	0.37784592506648734	4.414075250148997e-09	0.6186102541587154	3.2331156711994332e-12
TRD	Pbre1_17G196200	Pbre1_05G429000	Prupe.3G203100.1	0.886337	0.256399	3.456866056419877	Conservation	0.7237420845420994	0.2756845995238058	0.0003190965539063045	0.0002222169793437694	3.200240084478391e-05
TRD	Pbre1_07G359600	Pbre1_05G429400	Prupe.2G248500.1	1.81796	0.406903	4.46779699338663	Neofunctionalization(Child)	0.17445945179186925	4.252524198989538e-11	0.7901895385877794	0.02339314622928507	0.01195786334854104
TRD	Pbre1_09G446800	Pbre1_05G430200	Prupe.3G160400.1	1.80118	0.399384	4.509895238667548	Conservation	0.7839915716362821	0.027960836550357505	0.15460427761730683	0.031660521103080305	0.00178279309297331
TRD	Pbre1_10G410600	Pbre1_05G430600	Prupe.4G106000.1	0.206733	0.342008	0.6044683165306075	Neofunctionalization(Child)	0.007650926803178554	0.3673670899256862	0.6245520998229442	0.00042834595081801726	1.5374973731206738e-06
TRD	Pbre1_05G243800	Pbre1_05G435600	Prupe.8G177400.1	0.216386	0.476249	0.4543547598000206	Neofunctionalization(Parent)	0.000999217331666643	0.9951243773057633	5.556718776345777e-06	0.003867685716871097	3.162926922517414e-06
TRD	Pbre1_16G015000	Pbre1_05G436600	Prupe.1G343400.1	1.2819	0.638828	2.006643415755102	Subfunctionalization	0.05034682734200445	0.07535763343172305	0.002482474468283131	0.8672630247319393	0.004550040026050011
TRD	Pbre1_15G778400	Pbre1_05G438400	Prupe.1G585000.1	0.0674501	0.357846	0.18848918249749894	Subfunctionalization	8.770872119814457e-05	0.364371500150288	4.928261970331014e-06	0.6354571728997799	7.868996676367433e-05
TRD	Pbre1_05G375800	Pbre1_05G440800	Prupe.4G139500.1	0.128762	0.515815	0.24962825819334447	Subfunctionalization	1.4133116999370948e-17	0.0007449740253136405	1.995881886590321e-06	0.6427251036435334	0.3565279264492664
TRD	Pbre1_11G421600	Pbre1_05G451800	Prupe.4G172800.1	0.93561	0.32771	2.8549937444691955	Neofunctionalization(Child)	5.007952382795859e-07	7.124065582399341e-10	0.9999993194412107	3.6041156156196146e-08	1.4300998812770765e-07
TRD	Pbre1_10G437800	Pbre1_05G464000	Prupe.4G086000.1	0.381825	0.15094	2.529647542069697	Conservation	0.7701130793268168	0.000331043770917997	0.039753185380446275	0.15415710153104473	0.03564558999077399
TRD	Pbre1_10G437800	Pbre1_05G464200	Prupe.4G086000.1	0.0981649	0.15094	0.6503570955346496	Subfunctionalization	0.0029698401663563754	6.887988127332888e-05	0.05286118542001755	0.8877508370996812	0.05634925743267167
TRD	Pbre1_10G438800	Pbre1_05G465400	Prupe.4G085500.1	0.160942	0.28599	0.56275394244554	Subfunctionalization	2.6225982104444587e-11	3.1205424366216673e-06	5.4045072212767664e-11	0.9999968793772923	8.306581446355483e-21
TRD	Pbre1_10G353400	Pbre1_05G502600	Prupe.4G141000.1	0.642378	0.322986	1.9888725827125635	Conservation	0.7025004952576351	0.11922873577495827	0.0006462790987272281	0.1715017774010585	0.006122712467620773
TRD	Pbre1_16G368000	Pbre1_05G502800	Prupe.1G041700.1	0.580055	0.435501	1.3319257590682914	Neofunctionalization(Child)	1.2040654315127614e-34	2.652490066836048e-57	0.999999039484059	7.385438802204512e-10	9.597773971223289e-07
TRD	Pbre1_08G131600	Pbre1_05G519600	Prupe.1G419800.1	0.338026	0.444048	0.7612375238712932	Conservation	0.8366393128595464	0.04643513940127786	0.04002895234088677	0.008050099711741835	0.06884649568654708
TRD	Pbre1_16G427600	Pbre1_05G548800	Prupe.1G081500.1	0.935656	0.389984	2.3992163781078197	Neofunctionalization(Child)	2.5297855044495524e-14	1.090260473260395e-19	0.9999722063572698	1.2008495686261817e-10	2.7793522619816408e-05
TRD	Pbre1_10G563200	Pbre1_05G579200	Prupe.4G016400.1	0.177775	0.276484	0.6429847658454014	Neofunctionalization(Parent)	0.2272875000980972	0.7614275825383853	0.0001840053782699226	0.010276533620822582	0.0008243783644253246
TRD	Pbre1_10G584000	Pbre1_05G596000	Prupe.4G006600.1	0.0677058	0.23133	0.2926805861755933	Subfunctionalization	0.002905831475261083	1.1938231698615458e-05	4.1672997069973606e-05	0.9970405572959704	8.26876783206678e-23
TRD	Pbre1_06G079200	Pbre1_05G603200	Prupe.5G055100.1	0.424414	0.710148	0.5976416183668757	Subfunctionalization	1.517819238571405e-14	4.0048451758566955e-15	1.9913792240521835e-20	0.9999999999999809	8.080441386609347e-25
TRD	Pbre1_10G592200	Pbre1_05G603800	Prupe.4G001300.1	0.129322	0.282317	0.4580737256346589	Subfunctionalization	3.224388642573469e-13	2.8084990700282503e-14	3.0791336114152546e-19	0.9999999999996494	1.577876052695066e-22
TRD	Pbre1_10G223000	Pbre1_06G002600	Prupe.8G167000.1	0.167572	0.540688	0.30992365282750867	Conservation	0.9346004603282496	0.05769233048260011	0.0004100859295901934	0.007084507824923823	0.0002126154346364862
TRD	Pbre1_03G209800	Pbre1_06G004400	Prupe.6G118600.1	3.63426	0.852951	4.260807478975932	Conservation	0.9768288332064948	0.0069443035536271265	5.882399724095225e-06	0.016197936850437744	2.3043989716152745e-05
TRD	Pbre1_12G066400	Pbre1_06G017800	Prupe.7G097000.1	0.439747	0.984456	0.44669035487619557	Conservation	0.7441376238490751	0.11514987674667955	0.0003104987992451602	0.14040199514730287	5.457697176478978e-09
TRD	Pbre1_16G131400	Pbre1_06G020600	Prupe.1G275300.1	2.61787	0.867589	3.017408012319197	Subfunctionalization	0.0009205252764257904	4.259054460448862e-06	2.3688621898730613e-08	0.9990751919804909	9.816937384684817e-16
TRD	Pbre1_11G198400	Pbre1_06G022400	Prupe.6G098200.1	0.289011	0.472134	0.612137655834996	Subfunctionalization	0.00023513539883308175	1.9698547712519487e-05	1.2463285079354962e-06	0.9996571870873829	8.673263756354319e-05
TRD	Pbre1_05G514200	Pbre1_06G023000	Prupe.4G054600.1	0.230705	0.311763	0.7400012188745938	Specialization	0.0030119504957278756	0.00045274638288208223	5.666732829455032e-06	1.0207326365165144e-06	0.996528615655924
TRD	Pbre1_09G136400	Pbre1_06G030200	Prupe.3G240300.1	0.524374	0.248614	2.109189345732742	Conservation	0.7345305248272732	0.002844887086114979	0.008096824924080964	0.24832613342859702	0.006201629733933898
TRD	Pbre1_13G039400	Pbre1_06G032200	Prupe.1G330800.1	1.10984	0.51575	2.1518952981095487	Conservation	0.712614283736841	0.010064932449585158	0.002799713150792328	0.24008047954105016	0.03444059112173137
TRD	Pbre1_16G041000	Pbre1_06G032400	Prupe.1G330800.1	1.57642	0.621905	2.534824450679766	Conservation	0.9166682740600512	0.02346219150110975	0.0067533659025811495	3.46237771475067e-07	0.05311582229848625
TRD	Pbre1_15G443200	Pbre1_06G032800	Prupe.7G165600.1	0.842269	0.405507	2.0770763513330226	Specialization	6.0788399559286e-08	2.4319757297464696e-12	1.3023731554071115e-10	0.0010077400406245602	0.9989921990383066
TRD	Pbre1_13G146000	Pbre1_06G034200	Prupe.1G262100.1	0.373859	0.295386	1.2656625567900985	Subfunctionalization	0.004177121558395918	1.4096704624229056e-06	2.134047884104627e-05	0.9958001274191093	8.731913138023044e-10
TRD	Pbre1_13G145600	Pbre1_06G036600	Prupe.1G262400.1	0.161589	0.304722	0.5302833402248608	Subfunctionalization	0.03694770773382146	3.275816984814788e-05	0.0030969712702533913	0.9599205385285345	2.024297542465919e-06
TRD	Pbre1_17G473200	Pbre1_06G036800	Prupe.3G117700.1	0.3753	0.800801	0.4686557584218801	Conservation	0.8015842485420054	0.002608449697621118	0.10351807165865307	0.0027625904338539416	0.08952663966786656
TRD	Pbre1_09G343400	Pbre1_06G037800	Prupe.3G060700.1	3.23008	0.341667	9.453883459625894	Conservation	0.9979721922560835	1.595753214168245e-09	0.002027775749746721	3.0283156358061656e-08	1.1526014469344235e-10
TRD	Pbre1_11G330800	Pbre1_06G040200	Prupe.4G231300.1	0.236922	0.204791	1.1568965433051257	Conservation	0.9520212157241617	0.0007664247123519002	0.0467267071783764	5.378776696700179e-05	0.00043186461814312394
TRD	Pbre1_06G070400	Pbre1_06G046200	Prupe.5G048100.1	0.708146	0.433764	1.6325605628867312	Subfunctionalization	0.15247671327657175	2.4087801998645944e-10	4.813564133098711e-06	0.8475178622700252	6.106483918554793e-07
TRD	Pbre1_15G067400	Pbre1_06G049400	Prupe.1G389200.1	0.829319	0.609675	1.3602640751219914	Neofunctionalization(Child)	2.2105905130475973e-11	2.215962559636579e-15	0.9998451748728274	2.3815179866052803e-10	0.000154824866912757
TRD	Pbre1_13G152200	Pbre1_06G052600	Prupe.1G258300.1	0.0820463	0.483064	0.1698456105195171	Neofunctionalization(Child)	2.3205469021669635e-10	1.1402261987297608e-14	0.999314809534699	7.2482692455675465e-09	0.000685182984965714
TRD	Pbre1_12G058800	Pbre1_06G055000	Prupe.7G100600.1	1.62181	0.69848	2.3219132974458825	Subfunctionalization	0.1131987528772504	0.0016914282415138502	0.008888450623211024	0.8762211170564024	2.5120162248954855e-07
TRD	Pbre1_15G294000	Pbre1_06G056200	Prupe.7G250500.1	0.194521	0.317758	0.6121671208907408	Neofunctionalization(Parent)	0.3546094895302552	0.6345934553338826	0.00016231779829062608	0.00010650817188703023	0.010528229165684567
TRD	Pbre1_13G033600	Pbre1_06G058200	Prupe.1G333300.1	0.720793	0.262821	2.742524379710906	Subfunctionalization	1.2712469179212316e-05	6.0258489066923075e-09	2.312184542441196e-07	0.9999870502748219	1.169570850428605e-11
TRD	Pbre1_13G264800	Pbre1_06G074600	Prupe.1G123000.1	0.22995	0.234966	0.9786522305354817	Subfunctionalization	4.2686046316877595e-13	7.23385701516989e-13	1.5856943823396283e-17	0.9999999999988498	1.2679675639683325e-21
TRD	Pbre1_04G093200	Pbre1_06G080400	Prupe.5G056900.1	0.0992541	0.310972	0.31917375197767	Conservation	0.6766222536281593	0.0001295779696466741	0.32324709049386885	4.546753501706037e-07	6.232329751039022e-07
TRD	Pbre1_17G243200	Pbre1_06G088000	Prupe.3G175300.1	0.663376	0.283443	2.340421178155749	Subfunctionalization	0.3729231821114636	0.0024076753909918263	7.773242434324047e-05	0.6245913794469474	3.062625391804424e-08
TRD	Pbre1_03G462400	Pbre1_06G090000	Prupe.8G255500.1	1.07518	0.447737	2.4013650870935392	Conservation	0.9581631819653603	0.0003129907735273889	0.00010876131045336433	0.04027970081564135	0.0011353651350175164
TRD	Pbre1_09G490800	Pbre1_06G100000	Prupe.3G001700.1	0.213856	0.232752	0.9188148759194336	Conservation	0.8894958402194352	0.03428411551424263	6.829675964382745e-05	0.07615072388850042	1.0236181778574574e-06
TRD	Pbre1_11G225200	Pbre1_06G113000	Prupe.6G114700.1	0.50653	0.278308	1.8200339192549264	Subfunctionalization	3.849863693139544e-06	2.441301995473188e-07	2.128606905123558e-07	0.9999954450889409	2.480564758967509e-07
TRD	Pbre1_04G134400	Pbre1_06G114600	Prupe.5G076600.1	0.252979	0.353775	0.7150844463288814	Conservation	0.4980599080614132	0.04392670433007401	0.028664955639603605	0.42869139656994887	0.0006570353989604297
TRD	Pbre1_15G116800	Pbre1_06G116400	Prupe.1G417200.1	0.431554	0.474501	0.9094901802103683	Conservation	0.9178144097110021	0.00010949614561977216	8.270791015486013e-06	0.0820501182015065	1.7705150856275423e-05
TRD	Pbre1_04G130400	Pbre1_06G116800	Prupe.5G079200.1	0.274868	0.310321	0.8857537839849704	Conservation	0.7736434531182795	0.0053992623015678845	0.004878348018206729	0.21605421655903717	2.4720002908717762e-05
TRD	Pbre1_04G118400	Pbre1_06G128000	Prupe.5G087400.1	0.171449	0.411262	0.4168851000092398	Specialization	0.2983123669674232	0.0010568502698955274	6.476423242816179e-05	5.038610388059115e-12	0.7005660185252145
TRD	Pbre1_04G118800	Pbre1_06G128600	Prupe.5G087200.1	0.175701	0.428636	0.40990724064240985	Conservation	0.9310671011845554	0.034903257580384206	0.003807480357037691	0.0010093614783369955	0.029212799399685706
TRD	Pbre1_04G119000	Pbre1_06G128800	Prupe.5G087100.1	0.189769	0.362083	0.5241035895084829	Subfunctionalization	1.0009707821082363e-10	1.6123575225584376e-14	2.050795733495952e-12	0.9999999998977316	1.0446471938274315e-13
TRD	Pbre1_04G115800	Pbre1_06G131200	Prupe.5G089300.1	0.186539	0.474944	0.3927599885460181	Subfunctionalization	0.032777859542839245	2.240527744618597e-05	0.023265763115222222	0.9438638986604869	7.00734040052581e-05
TRD	Pbre1_08G018800	Pbre1_06G131800	Prupe.1G362200.1	0.787087	0.391124	2.012372035467013	Subfunctionalization	0.0004504667043003107	1.018132681831723e-05	7.014651830108475e-06	0.9995323005034478	3.681360353902153e-08
TRD	Pbre1_13G025800	Pbre1_06G137200	Prupe.1G338000.1	0.120687	0.379287	0.31819440160089857	Conservation	0.7674494940400878	0.009919416630102422	0.06148048092986533	0.013535184349535651	0.14761542405040876
TRD	Pbre1_17G294200	Pbre1_06G141800	Prupe.3G021500.1	0.217362	0.473953	0.4586150947456815	Conservation	0.9948905452371178	0.00020887075669471277	0.0004223136189358954	0.004270128077490722	0.00020814230976068675
TRD	Pbre1_14G189400	Pbre1_06G142600	Prupe.5G097700.1	0.348656	0.477726	0.7298242088561226	Conservation	0.7968351290318546	0.011831292877382146	0.19067259364969602	0.0005228254927898262	0.00013815894827750143
TRD	Pbre1_14G189200	Pbre1_06G143600	Prupe.5G097500.1	0.188318	0.376129	0.5006739708982823	Conservation	0.9999996106978429	2.2582731140471667e-07	1.6004690375659447e-07	3.3208824465022926e-09	1.0705939789085431e-10
TRD	Pbre1_14G189000	Pbre1_06G143800	Prupe.5G097400.1	0.203969	0.246445	0.8276451135141716	Conservation	0.999991236787102	2.2038820764170947e-06	2.1695608292358797e-06	4.361738582836413e-06	2.8031409573536857e-08
TRD	Pbre1_14G189000	Pbre1_06G144000	Prupe.5G097400.1	0.337579	0.246445	1.369794477469618	Conservation	0.9999911931549993	9.72912872244708e-11	8.772964586536506e-06	2.42932074651273e-08	9.489915284382667e-09
TRD	Pbre1_09G289600	Pbre1_06G144200	Prupe.3G030500.1	0.0190542	0.563519	0.03381287942376388	Specialization	0.00189428890833343	1.9062939392229834e-11	0.395392574962014	0.07826766233877852	0.5244454737718112
TRD	Pbre1_01G329000	Pbre1_06G153600	Prupe.2G275100.1	0.303384	0.321735	0.9429623758683389	Specialization	0.00016696265848908562	1.2316875602130733e-14	0.005005060988812144	0.0018147361798718236	0.9930132401728146
TRD	Pbre1_10G174400	Pbre1_06G162000	Prupe.8G136900.1	0.331381	2.68348	0.12348927512036609	Neofunctionalization(Child)	5.763266320867435e-05	2.2488910568934315e-13	0.9970058606630454	0.0029364759486636255	3.0724857436729396e-08
TRD	Pbre1_09G204200	Pbre1_06G164600	Prupe.3G202500.1	0.483527	0.404123	1.196484733608332	Neofunctionalization(Child)	9.37976794288098e-09	3.655055568325743e-23	0.9999999905981826	2.169688093504624e-11	3.5262669845944275e-13
TRD	Pbre1_15G486400	Pbre1_06G167000	Prupe.7G141900.1	0.300493	0.370499	0.8110494225355533	Neofunctionalization(Parent)	0.0666903173243113	0.9331123245092605	3.6121480219028108e-09	0.00019714643685950125	2.0811742075417e-07
TRD	Pbre1_08G111600	Pbre1_06G167600	Prupe.1G408200.1	2.49242	0.169697	14.687472377237077	Neofunctionalization(Parent)	1.7145532951325225e-05	0.9999812028982381	9.687372346648557e-15	1.651561453242026e-06	7.347629992463777e-12
TRD	Pbre1_12G137400	Pbre1_06G178400	Prupe.7G050300.1	1.57622	0.285769	5.515713740818633	Neofunctionalization(Child)	0.007233222209397501	3.8358757145169736e-05	0.992666310521554	4.4552572972446584e-05	1.7555938930888138e-05
TRD	Pbre1_03G416800	Pbre1_06G185600	Prupe.4G154500.1	0.86913	0.330899	2.6265718542515994	Subfunctionalization	5.7237164258304325e-06	0.0005630837171504145	0.0004941639626461151	0.9367948689611394	0.062142159642638334
TRD	Pbre1_06G412800	Pbre1_06G189000	Prupe.5G242300.1	0.0322116	0.576201	0.05590340870633685	Conservation	0.9527760542373536	0.02663411290191077	0.00033854010151427216	0.015379943965559912	0.004871348793661305
TRD	Pbre1_12G099200	Pbre1_06G192200	Prupe.7G075800.1	0.438711	0.37259	1.1774631632625676	Neofunctionalization(Parent)	8.892590987077201e-05	0.9999086782459105	7.810974707918268e-17	2.389780805981107e-06	6.063412961359618e-09
TRD	Pbre1_12G282200	Pbre1_06G199400	Prupe.6G277500.1	2.44665	0.815273	3.0010192904707993	Neofunctionalization(Child)	2.8991969185560715e-09	1.8231381729226852e-08	0.9929178357591769	0.005534412390712108	0.0015477307195323115
TRD	Pbre1_03G103000	Pbre1_06G199600	Prupe.6G056900.1	0.91321	0.933678	0.9780780954461816	Neofunctionalization(Child)	1.579216062868623e-06	1.749527234478876e-11	0.9999981477604822	6.057698006214538e-09	2.6694826156437004e-07
TRD	Pbre1_14G264200	Pbre1_06G221600	Prupe.5G137400.1	0.245137	0.532267	0.4605526925396464	Neofunctionalization(Parent)	2.2504915856802296e-05	0.9999620197652375	2.946380429580353e-13	1.3079956604672094e-05	2.395362006275522e-06
TRD	Pbre1_10G007400	Pbre1_06G243000	Prupe.8G006100.1	0.984835	0.242607	4.0593841068064815	Neofunctionalization(Child)	0.0007899425610854406	9.480060265231574e-15	0.9944448400921393	0.004715419710437483	4.979763632836276e-05
TRD	Pbre1_16G084400	Pbre1_06G243200	Prupe.1G306300.1	0.636921	0.416847	1.5279491036279496	Subfunctionalization	0.0026462287893596844	0.027270128048672466	0.026912609022524566	0.9431710239277604	1.0211682963635084e-08
TRD	Pbre1_02G020400	Pbre1_06G255800	Prupe.7G261400.1	2.22198	1.84164	1.2065224473838534	Neofunctionalization(Parent)	0.16632223301524626	0.8228216262049158	1.1575898087366237e-06	0.01078355490429212	7.142828573694156e-05
TRD	Pbre1_04G265600	Pbre1_06G256400	Prupe.6G285000.1	0.213055	0.293019	0.7271030206232361	Neofunctionalization(Child)	5.263284919059336e-11	5.2248902595456333e-23	0.9970322309922878	0.0016114725975093912	0.0013562963575699924
TRD	Pbre1_03G416800	Pbre1_06G259200	Prupe.4G154500.1	1.26903	0.330899	3.8350977186392226	Neofunctionalization(Child)	2.3331702416900016e-05	5.360268341856767e-10	0.9999586702225101	7.148369661388451e-06	1.0849169384725954e-05
TRD	Pbre1_14G306800	Pbre1_06G269200	Prupe.5G161000.1	0.349054	0.44717	0.7805845651541918	Neofunctionalization(Parent)	0.3455434945883132	0.6537314231947656	1.2813260378367671e-05	0.0005042770431989035	0.00020799191334399522
TRD	Pbre1_14G306400	Pbre1_06G269600	Prupe.5G160800.1	0.221915	0.256778	0.8642290227355925	Conservation	0.9999976841480179	2.2013005003624917e-06	3.550152174274903e-08	7.904011003937209e-08	9.850204064205522e-12
TRD	Pbre1_14G317000	Pbre1_06G276400	Prupe.5G165300.1	0.180091	0.311775	0.577631304626734	Neofunctionalization(Child)	4.7457625643473185e-07	6.995873979151914e-13	0.9999973169776152	9.6439630045321e-07	1.2440491283223903e-06
TRD	Pbre1_06G275000	Pbre1_06G307000	Prupe.5G164300.1	0.38031	0.366525	1.037609985676284	Conservation	0.605084897046625	1.371002029167342e-05	0.28956467460071966	0.02201556085201659	0.08332115748034691
TRD	Pbre1_14G352000	Pbre1_06G314000	Prupe.5G184000.1	3.42478	0.450283	7.605838994587849	Subfunctionalization	0.0007793746598959433	6.058582457218755e-07	3.302587873043188e-10	0.6094557437247488	0.3897642754268509
TRD	Pbre1_10G550800	Pbre1_06G323600	Prupe.4G023400.1	0.541119	0.389581	1.388976875155616	Specialization	0.0008284439265255022	3.264175380559868e-09	0.4191095888791821	0.055069173003849566	0.5249927909262675
TRD	Pbre1_14G364800	Pbre1_06G328400	Prupe.5G193000.1	0.225125	0.287183	0.7839078218418221	Neofunctionalization(Child)	0.24031245635758616	6.586973791663634e-08	0.7548064301872872	0.004124664419669642	0.0007563831657189579
TRD	Pbre1_14G364800	Pbre1_06G328600	Prupe.5G193000.1	0.124016	0.287183	0.4318361462899962	Conservation	0.9388226946233093	5.186289087838504e-05	0.030446213081870614	0.02973875428133569	0.0009404751226061073
TRD	Pbre1_14G368800	Pbre1_06G331200	Prupe.5G194300.1	0.0882399	0.632779	0.1394482117769395	Neofunctionalization(Child)	0.27723482604307714	4.737763643461875e-09	0.6597889878756183	0.06297617572857803	5.6149628737552755e-09
TRD	Pbre1_14G368800	Pbre1_06G331400	Prupe.5G194300.1	0.644714	0.632779	1.0188612453953119	Neofunctionalization(Parent)	0.0021980332272489786	0.9909544175435292	2.9302358233847594e-07	0.006840482526264217	6.773679375311551e-06
TRD	Pbre1_15G363200	Pbre1_06G342800	Prupe.7G215100.1	0.825041	0.360738	2.2870920169208677	Neofunctionalization(Child)	0.001033975842484276	1.742331349359934e-05	0.993423670527012	6.974508082083697e-05	0.005455185236189281
TRD	Pbre1_14G388200	Pbre1_06G350600	Prupe.5G206500.1	0.480106	0.254814	1.8841429434803425	Neofunctionalization(Parent)	0.0014847577629701232	0.9941087695850583	8.993013359587051e-07	0.003723613490193551	0.0006819598604422943
TRD	Pbre1_09G411800	Pbre1_06G357000	Prupe.3G134800.1	1.30256	0.354138	3.678114181477277	Conservation	0.9940907766765423	0.0011112224316679855	1.1935976751106564e-05	0.004425020490428001	0.0003610444246106978
TRD	Pbre1_14G354600	Pbre1_06G378800	Prupe.5G185400.1	0.651538	0.612139	1.0643628326246162	Neofunctionalization(Parent)	0.03174925048437726	0.954353460263017	1.1931473984678844e-05	0.01345593242618134	0.0004294253524396134
TRD	Pbre1_04G232800	Pbre1_06G379600	Prupe.6G268000.1	0.41617	0.388313	1.071738520214363	Conservation	0.4426232117455108	0.034130034561450875	0.021441055665046106	0.42821168158973316	0.07359401643825914
TRD	Pbre1_05G223000	Pbre1_06G390600	Prupe.8G167300.1	0.362734	0.379998	0.9545681819377997	Neofunctionalization(Child)	4.179904505354918e-05	1.5663465535391606e-07	0.9988037726750395	0.00010576667536039705	0.001048504969891231
TRD	Pbre1_08G281800	Pbre1_06G396200	Prupe.1G501700.1	1.66121	0.375266	4.4267532896665305	Conservation	0.949113879484738	0.0007315412980713367	0.02767344231087326	0.012152210742240216	0.01032892616407725
TRD	Pbre1_06G388400	Pbre1_06G396800	Prupe.5G228400.1	0.331399	0.406808	0.8146324556055928	Neofunctionalization(Child)	0.003342693453119233	1.9617661499986607e-07	0.9850846462340469	0.007583503586760675	0.003988960549458205
TRD	Pbre1_16G084400	Pbre1_06G402200	Prupe.1G306300.1	0.4234	0.416847	1.0157203962125192	Subfunctionalization	9.657178780326356e-06	0.0003641258871353564	1.6564675538863617e-05	0.9996096522580523	4.931757526787032e-13
TRD	Pbre1_13G191400	Pbre1_06G402400	Prupe.1G234000.1	2.15501	0.55108	3.910521158452493	Conservation	0.9741456288408149	0.0008812499559797331	1.074575363407017e-05	0.024912825741946497	4.954970762478265e-05
TRD	Pbre1_11G117000	Pbre1_06G402600	Prupe.6G060600.1	1.33309	0.549214	2.427268787758506	Neofunctionalization(Child)	2.1074207855314856e-16	4.9489787368467724e-27	0.6311100300292207	0.18871506026375195	0.18017490970702701
TRD	Pbre1_11G352800	Pbre1_06G416200	Prupe.4G214800.1	0.190698	0.362704	0.525767568044466	Neofunctionalization(Child)	0.23096595932815794	0.004657841826329267	0.3720044532613057	0.048354543128532185	0.34401720245567485
TRD	Pbre1_16G208000	Pbre1_06G417600	Prupe.1G227200.1	0.128766	0.266675	0.4828574107059154	Neofunctionalization(Child)	4.9155923631355645e-11	9.41338965180185e-17	0.9999869070350067	2.313207009711818e-09	1.3090602630176502e-05
TRD	Pbre1_08G127600	Pbre1_07G000200	Prupe.1G417600.1	0.228969	0.495025	0.4625402757436493	Subfunctionalization	0.00012710665904982265	8.876770103003944e-06	3.782781360253496e-07	0.9998636382927092	2.0910069629208847e-15
TRD	Pbre1_10G338600	Pbre1_07G001800	Prupe.8G231500.1	0.665252	0.312486	2.128901774799511	Subfunctionalization	6.608717730925857e-10	3.987881718679024e-06	3.0229955017835316e-10	0.9999960111551099	7.581688100220693e-27
TRD	Pbre1_09G082800	Pbre1_07G003000	Prupe.3G269300.1	2.1993	0.931237	2.3616973981918674	Subfunctionalization	6.364737108948409e-07	2.3684123952387722e-07	1.9268778050778203e-06	0.9999971970108451	2.796399210312634e-09
TRD	Pbre1_13G131600	Pbre1_07G019200	Prupe.1G270800.1	0.397288	0.434259	0.9148641709210401	Subfunctionalization	3.5539988132112607e-20	3.2682292774322487e-17	5.9402259115685644e-27	1.0	1.4013234912542376e-31
TRD	Pbre1_02G494200	Pbre1_07G020200	Prupe.2G015000.1	0.16275	0.284029	0.5730048692211007	Conservation	0.9885230995071641	0.006928747732601968	0.003454205554457977	0.000835307906305144	0.0002586392994708164
TRD	Pbre1_07G335000	Pbre1_07G020400	Prupe.2G236300.1	0.0838868	0.240939	0.3481661333366537	Subfunctionalization	0.003196832033615987	8.524048194426484e-05	6.927244513776364e-11	0.9967179130476369	1.4367530320432934e-08
TRD	Pbre1_09G285400	Pbre1_07G022000	Prupe.3G028100.1	0.892791	0.432341	2.0650158092801747	Subfunctionalization	6.224945800813919e-06	6.780405501569906e-08	2.7451036013480724e-10	0.9999937069754833	1.5058043169285742e-13
TRD	Pbre1_13G440600	Pbre1_07G022400	Prupe.1G095200.1	0.315918	0.379197	0.8331236797759475	Conservation	0.7941474952888196	0.07115134897573158	2.2827159296527882e-08	0.13470113290828975	2.448174277309158e-19
TRD	Pbre1_02G483200	Pbre1_07G027000	Prupe.2G020600.1	0.289	0.274807	1.0516471560040317	Specialization	0.004901609342840806	0.0004962967559788326	8.200028259477347e-06	0.05325148704655855	0.9413424068263624
TRD	Pbre1_01G434000	Pbre1_07G039000	Prupe.2G329300.1	0.217614	0.349417	0.6227916787105379	Conservation	0.9601829082329537	0.0030242784535339413	7.487948044358048e-05	1.1184372077243338e-05	0.036706749460991624
TRD	Pbre1_07G512000	Pbre1_07G039400	Prupe.2G329400.1	0.0589115	0.261826	0.22500248256475675	Conservation	0.9647663303931945	0.0031347083705735635	3.674159713940207e-05	0.01778786867470481	0.014274350964387608
TRD	Pbre1_02G460000	Pbre1_07G046600	Prupe.2G034600.1	0.166168	0.217874	0.7626793467784132	Subfunctionalization	3.3539602862001875e-05	5.714755391432545e-06	1.079764710935212e-07	0.9999606258896394	1.1775636085524401e-08
TRD	Pbre1_17G138400	Pbre1_07G050000	Prupe.3G239500.1	0.272409	0.522789	0.521068729449166	Specialization	6.009639613338685e-05	5.856032764953702e-05	9.175406658344952e-08	1.0598129188862412e-08	0.9998812409240214
TRD	Pbre1_12G129200	Pbre1_07G051400	Prupe.7G058200.1	0.187216	0.292854	0.639281006918123	Specialization	1.6685698826344824e-08	7.937645430915812e-09	3.4634844455377934e-07	2.932253700898093e-06	0.9999966967745103
TRD	Pbre1_04G354200	Pbre1_07G056800	Prupe.6G332800.1	0.111246	0.406051	0.27397051109343407	Neofunctionalization(Child)	0.33509129425177864	0.0009581616445979854	0.35012999559527863	0.3089365194271587	0.004884029081186108
TRD	Pbre1_02G424600	Pbre1_07G075600	Prupe.2G058400.1	0.148263	0.348314	0.4256590317931522	Subfunctionalization	0.03782636523334818	1.5813174000044837e-05	0.0413021376225488	0.9208556709835322	1.2986570713951939e-08
TRD	Pbre1_04G166400	Pbre1_07G082400	Prupe.6G236600.1	0.202449	0.548602	0.3690270906777591	Conservation	0.9999487844734706	4.431229640768534e-08	2.6107055508443775e-07	6.020780345479611e-06	4.4889363332401576e-05
TRD	Pbre1_17G076400	Pbre1_07G084200	Prupe.3G273200.1	2.19616	0.643379	3.4134779033819878	Conservation	0.9008319287334711	6.792148458754628e-05	0.0009807458324616642	0.0007705911379115188	0.09734881281156806
TRD	Pbre1_06G207800	Pbre1_07G085400	Prupe.5G128600.1	0.467108	0.304431	1.5343641087799864	Subfunctionalization	1.2720707827820758e-19	1.9550387784772333e-27	3.7292008306121195e-20	1.0	1.5218598930981265e-21
TRD	Pbre1_13G242000	Pbre1_07G092600	Prupe.1G105700.1	0.129451	0.280356	0.4617379331992182	Conservation	0.6865458367911762	0.0003976642106454321	0.3130510237766022	4.871824554120755e-06	6.033970219377738e-07
TRD	Pbre1_02G255800	Pbre1_07G098800	Prupe.7G137400.1	0.388726	0.285467	1.3617195682863519	Conservation	0.9990601454922355	2.2859059885834267e-06	0.0009366456643123928	9.210673785353449e-07	1.8700849579791667e-09
TRD	Pbre1_05G309400	Pbre1_07G099200	Prupe.8G207100.1	1.1555	0.391437	2.9519437355181037	Neofunctionalization(Child)	8.052684522422811e-14	2.0086220488609144e-19	0.9998586257849036	5.870592552817064e-11	0.0001413741563099904
TRD	Pbre1_02G255800	Pbre1_07G102000	Prupe.7G137400.1	0.17935	0.285467	0.6282687666175074	Specialization	0.03972952204313737	0.3386924866063198	0.00023995594611532752	0.06844105675999576	0.5528969786444317
TRD	Pbre1_05G309400	Pbre1_07G102400	Prupe.8G207100.1	1.10301	0.391437	2.8178480828332533	Subfunctionalization	7.640539136269593e-07	1.572591888112066e-08	3.3405179859017377e-09	0.9999992168796494	1.552150789978713e-20
TRD	Pbre1_17G195000	Pbre1_07G105200	Prupe.3G204300.1	0.719793	0.508185	1.4163995395377669	Subfunctionalization	1.2192101751795443e-08	6.911080779720473e-09	5.732574097447764e-13	0.9999999808962433	9.239496889194525e-16
TRD	Pbre1_07G466000	Pbre1_07G111600	Prupe.2G308200.1	0.575271	0.262498	2.1915252687639524	Conservation	0.5528814521277955	0.0017645977501465396	0.03381547680128324	0.4115124416103276	2.603171044718514e-05
TRD	Pbre1_02G387400	Pbre1_07G112600	Prupe.2G095400.1	0.15731	0.297505	0.5287642224500428	Conservation	0.8749755638159326	0.009358752976536017	3.652514730943216e-05	0.11562792835946818	1.2297007537704946e-06
TRD	Pbre1_07G499400	Pbre1_07G112800	Prupe.2G323000.1	0.110623	0.290814	0.380390902776345	Conservation	0.9943669220775807	0.005434244198154233	0.00013744509757118693	1.935520463329166e-05	4.2033422060691615e-05
TRD	Pbre1_16G070600	Pbre1_07G116400	Prupe.1G313700.1	0.746432	0.61433	1.215034264971595	Conservation	0.871717946115463	0.0021828421909781738	0.0011841765801446594	0.12491497483327982	6.02801342041943e-08
TRD	Pbre1_02G372600	Pbre1_07G125600	Prupe.2G106500.1	0.689077	0.356092	1.9351094660930321	Subfunctionalization	0.0001843109598664139	3.696424661099186e-08	9.109479920247805e-07	0.9998147056951051	3.543278979687731e-08
TRD	Pbre1_02G370800	Pbre1_07G126600	Prupe.2G107600.1	0.184787	0.539998	0.34219941555339095	Specialization	0.16411339324081817	0.016652132894600973	0.0007310785048772494	0.012838016774350687	0.8056653785853528
TRD	Pbre1_08G201800	Pbre1_07G129400	Prupe.1G453900.1	0.0922111	0.234358	0.39346256581810735	Specialization	0.0005812791707074662	8.069124200878215e-06	4.880865194516876e-06	3.118023801753492e-05	0.9993745906018796
TRD	Pbre1_08G201800	Pbre1_07G129600	Prupe.1G453900.1	0.0112988	0.234358	0.04821171028938632	Conservation	0.7745225248008998	0.04796596864302976	0.025880955425809125	0.15150786241200248	0.00012268871825892055
TRD	Pbre1_16G374600	Pbre1_07G129800	Prupe.1G046200.1	0.214432	0.251817	0.851539014443028	Conservation	0.6135190723234384	0.011937686192850934	0.004778053132394494	0.054451929813055404	0.3153132585382607
TRD	Pbre1_12G229400	Pbre1_07G133600	Prupe.6G249100.1	0.219808	0.406486	0.5407517110060371	Neofunctionalization(Child)	0.1669551808685347	0.0007243052812480008	0.482609893802042	0.3452048968689871	0.004505723179188235
TRD	Pbre1_07G098200	Pbre1_07G136800	Prupe.2G086600.1	0.15025	0.275532	0.545308711873757	Subfunctionalization	0.010802494829612557	0.00024676602284093795	0.0002672094297716967	0.8774901193135431	0.11119341040423171
TRD	Pbre1_09G439400	Pbre1_07G142200	Prupe.3G150500.1	0.425165	0.377286	1.1269037282061884	Subfunctionalization	0.159195715670262	0.004579332019014869	0.056399329692572435	0.7779214246084546	0.0019041980096961854
TRD	Pbre1_08G132200	Pbre1_07G147800	Prupe.1G420200.1	0.307759	0.448841	0.6856748826421829	Subfunctionalization	0.0006481046021817919	1.8332409893668344e-07	2.3722339709381503e-05	0.9993240822064535	3.907527556381935e-06
TRD	Pbre1_14G193400	Pbre1_07G148000	Prupe.5G100000.1	0.239551	0.331179	0.7233278680109547	Conservation	0.9882589304309151	0.0001467782775426226	0.00037547682792484204	0.00301685646697304	0.008201957996644652
TRD	Pbre1_15G364200	Pbre1_07G150600	Prupe.7G214600.1	0.14889	0.483694	0.30781857951514796	Conservation	0.5967877928221847	0.049091558404413205	0.15909410101723567	0.19298515291361515	0.0020413948425512946
TRD	Pbre1_02G346600	Pbre1_07G155800	Prupe.2G127400.1	0.169211	0.338995	0.4991548547913686	Subfunctionalization	3.5117489541613567e-09	1.0272883536137132e-13	6.358749194358319e-10	0.9999999958366297	1.5643814836441334e-11
TRD	Pbre1_07G193200	Pbre1_07G164000	Prupe.5G081500.1	0.351459	3.08129	0.1140622920919485	Conservation	0.8084897889013044	0.008666600604466316	0.18228928847516862	0.0005522017068333872	2.1203122271667438e-06
TRD	Pbre1_10G123400	Pbre1_07G164800	Prupe.8G096700.1	0.0571471	0.424403	0.1346529124440685	Neofunctionalization(Parent)	5.687556624622981e-09	0.9998500248490081	1.743127573141034e-14	1.3246509364061605e-08	0.0001499562169083523
TRD	Pbre1_05G118200	Pbre1_07G165000	Prupe.8G096600.1	0.386003	0.311651	1.238574559362877	Conservation	0.9996596649551325	6.932686756868514e-05	2.4446377372742944e-05	0.0001845784106374061	6.198338928855631e-05
TRD	Pbre1_02G010800	Pbre1_07G165400	Prupe.7G266900.1	0.441442	0.543496	0.8122267689182625	Neofunctionalization(Child)	0.0001365012583834601	9.055974793623802e-13	0.9997561929227198	0.000106391098975702	9.147190154762945e-07
TRD	Pbre1_11G429800	Pbre1_07G172200	Prupe.4G166400.1	1.03068	0.274266	3.75795760320273	Specialization	0.12445341937213772	7.787599250095148e-09	0.022570905882616815	0.31520478380198325	0.537770883155663
TRD	Pbre1_13G361600	Pbre1_07G173800	Prupe.1G039300.1	0.830895	0.363061	2.2885823594382213	Neofunctionalization(Child)	0.040463872428912875	1.6117919364714587e-09	0.942163156423794	0.013718051790275316	0.0036549177452259323
TRD	Pbre1_17G024600	Pbre1_07G175000	Prupe.3G303400.1	0.615613	0.410492	1.4996954873663797	Conservation	0.9896937070327533	0.0007065462798423644	0.0019663185223377237	0.007615584394339166	1.7843770727516908e-05
TRD	Pbre1_05G217600	Pbre1_07G179600	Prupe.8G164700.1	0.180878	0.316569	0.5713699067185986	Conservation	0.8902296559168538	0.0005786769146088269	0.10860168444386434	0.0005892914590227276	6.912656502308433e-07
TRD	Pbre1_14G295000	Pbre1_07G181400	Prupe.5G153500.1	0.973324	0.305943	3.181389997483191	Conservation	0.8585674676239308	1.1390623387251595e-06	0.021514179345505105	0.1198716500124249	4.5563955800522466e-05
TRD	Pbre1_15G219000	Pbre1_07G184200	Prupe.1G480300.1	0.350594	0.452306	0.7751256892457762	Subfunctionalization	0.01958872326976264	1.281767108859947e-07	0.1310931938216306	0.8281085452621495	0.0212094094697463
TRD	Pbre1_08G125200	Pbre1_07G187800	Prupe.1G416400.1	1.72579	0.624583	2.76310754535426	Subfunctionalization	4.0934485395131706e-05	8.382379229957127e-05	0.0021273840165017947	0.9976068446300588	0.00014101307574456053
TRD	Pbre1_02G315600	Pbre1_07G196200	Prupe.2G147100.1	0.195523	0.327896	0.5962957767096884	Neofunctionalization(Child)	4.0085270926487004e-06	9.494077973257645e-11	0.9420632709282731	0.057807956596975615	0.00012476385271774875
TRD	Pbre1_06G286000	Pbre1_07G198800	Prupe.5G169700.1	0.732034	0.569337	1.285765723991239	Subfunctionalization	5.668843835675764e-06	0.0896185275093816	1.654513888599429e-06	0.9102870154190756	8.713371381855373e-05
TRD	Pbre1_01G120600	Pbre1_07G209200	Prupe.2G157700.1	0.668821	0.281343	2.377244146824339	Subfunctionalization	0.05779474412249042	0.06192868695774167	1.4825931960396611e-05	0.8578271912296888	0.02243455175811882
TRD	Pbre1_02G283000	Pbre1_07G212600	Prupe.6G223100.1	0.566941	1.2568	0.4510988224061108	Neofunctionalization(Child)	2.0212359676350446e-10	1.9745703720376193e-13	0.9999996672075171	2.2793326891027902e-07	1.0465689298780327e-07
TRD	Pbre1_06G311000	Pbre1_07G222400	Prupe.5G183200.1	2.83828	0.364743	7.781588680248833	Neofunctionalization(Child)	0.0010949173630759013	7.937670767928704e-08	0.9709548790113067	0.025823094998840827	0.0021270292500688622
TRD	Pbre1_01G148200	Pbre1_07G228400	Prupe.2G172000.1	0.196449	0.313455	0.6267215389768868	Neofunctionalization(Child)	9.815649990177745e-08	2.9744138626236702e-12	0.999999546424445	2.8397781831770943e-10	3.551321030063423e-07
TRD	Pbre1_15G252600	Pbre1_07G229200	Prupe.7G271500.1	0.431739	0.303871	1.4207969829302565	Conservation	0.9730440305451593	0.003288651680145336	0.022432265058807396	0.00020986785328301765	0.0010251848626048824
TRD	Pbre1_11G206200	Pbre1_07G232600	Prupe.6G102800.1	0.391343	0.46866	0.8350253915418426	Conservation	0.5682005813102379	0.005121300373036718	0.13406493570581188	0.19046684936615507	0.10214633324475848
TRD	Pbre1_16G288200	Pbre1_07G236000	Prupe.1G137300.1	0.888498	1.0592	0.838838746223565	Neofunctionalization(Child)	0.004206775649749767	4.5899326179682584e-05	0.9611974833957103	0.02595917812652383	0.0085906635018365
TRD	Pbre1_07G157200	Pbre1_07G241000	Prupe.2G127800.1	0.0570877	0.285169	0.20018901072697243	Neofunctionalization(Parent)	0.31708784091406267	0.6778642788713225	8.448536806717811e-05	0.002308832864739735	0.002654561981807962
TRD	Pbre1_01G166600	Pbre1_07G247200	Prupe.2G183800.1	0.169968	0.364192	0.4666988841050874	Neofunctionalization(Parent)	0.010749179689205331	0.9888491493367664	1.3193819457325468e-06	0.00011088329250484314	0.0002894682995776123
TRD	Pbre1_04G270600	Pbre1_07G251600	Prupe.6G288300.1	0.801747	0.278422	2.879610806617293	Conservation	0.9999885134332909	9.270990772177258e-06	1.3906981154689798e-06	8.246591301162776e-07	2.1869139191451264e-10
TRD	Pbre1_14G145400	Pbre1_07G257400	Prupe.7G047300.1	0.216359	0.654991	0.33032362276733573	Conservation	0.9998602294765921	0.00013103373646410556	5.556045011205834e-06	3.124741612670705e-06	5.600032016380821e-08
TRD	Pbre1_12G143600	Pbre1_07G257600	Prupe.7G047400.1	0.210976	0.318515	0.6623738285481061	Conservation	0.9988435029117297	2.2051770710498316e-07	0.00037492902772470006	0.0007791307060570508	2.2168367811966425e-06
TRD	Pbre1_12G142000	Pbre1_07G257800	Prupe.7G048100.1	0.130515	0.579279	0.22530594066071788	Neofunctionalization(Child)	0.00010597163818471199	2.270102307426523e-07	0.9996935373835907	0.00019875221823344473	1.5117497602212365e-06
TRD	Pbre1_15G194000	Pbre1_07G266200	Prupe.1G461400.1	0.879553	0.460852	1.9085367970628315	Neofunctionalization(Child)	9.56320296602571e-06	8.624247367422798e-13	0.9995230597165163	0.00035138479404361785	0.0001159922856115195
TRD	Pbre1_09G133800	Pbre1_07G267000	Prupe.3G242000.1	0.495348	0.90216	0.5490689013035382	Neofunctionalization(Child)	7.008263512124348e-07	1.0232472078877539e-15	0.9995774484840919	8.324621009078056e-05	0.00033860447946514635
TRD	Pbre1_17G036800	Pbre1_07G273200	Prupe.3G295800.1	3.944	0.518811	7.60199764461432	Subfunctionalization	0.006836262374245141	0.09404821692586161	0.03232331904005745	0.8667896140871058	2.587572730027356e-06
TRD	Pbre1_15G565600	Pbre1_07G274000	Prupe.6G192700.1	3.15654	0.27528	11.466652136006974	Conservation	0.998890857795668	5.27398920946644e-05	0.0009203136167135	0.00012975834984828148	6.330345675410956e-06
TRD	Pbre1_06G029000	Pbre1_07G280200	Prupe.5G019400.1	0.220269	0.590091	0.37327971448471503	Subfunctionalization	3.4567204240014144e-06	1.5544350157687168e-12	9.317835119429842e-05	0.7960140697036607	0.20388929522316646
TRD	Pbre1_15G539000	Pbre1_07G287000	Prupe.6G213300.1	0.262397	0.642814	0.4082005059006182	Subfunctionalization	7.906246582737764e-05	0.1414837534865692	1.3494355450868908e-05	0.8531108222644623	0.005312867427690372
TRD	Pbre1_08G201800	Pbre1_07G288400	Prupe.1G453900.1	0.0959005	0.234358	0.409205147680045	Neofunctionalization(Child)	0.0007435512238574003	3.997941347366467e-06	0.9836537122635186	0.015536679013507146	6.205955776938647e-05
TRD	Pbre1_16G374600	Pbre1_07G288600	Prupe.1G046200.1	0.137833	0.251817	0.5473538323465056	Subfunctionalization	0.00016467335364020027	0.0003037497531609868	0.000290538471182491	0.7161054977801562	0.2831355406418603
TRD	Pbre1_09G149200	Pbre1_07G289600	Prupe.3G233900.1	0.302597	0.593366	0.5099668669927162	Subfunctionalization	0.0006622721988053684	0.01185112315583271	0.0031109117867898794	0.9835356426683824	0.0008400501901896965
TRD	Pbre1_09G276400	Pbre1_07G290000	Prupe.3G023000.1	0.288552	0.835053	0.34554932441413894	Neofunctionalization(Parent)	0.0008717947856380154	0.9598639187995627	1.1178063337062827e-06	0.037440796299985146	0.00182237230848057
TRD	Pbre1_06G079200	Pbre1_07G306600	Prupe.5G055100.1	1.15956	0.710148	1.632842731374305	Neofunctionalization(Child)	7.56271941067277e-08	3.2577148157182486e-07	0.9984628645429725	0.000544641594675631	0.000992092463675946
TRD	Pbre1_01G280200	Pbre1_07G328800	Prupe.2G248400.1	0.282084	0.323954	0.8707532550917723	Neofunctionalization(Child)	5.663663055722371e-06	2.4659336294170904e-11	0.9999325791190663	4.337301650909892e-05	1.8384176709507665e-05
TRD	Pbre1_04G267600	Pbre1_07G333200	Prupe.6G286400.1	0.0867401	0.90195	0.09616952159210598	Conservation	0.5589028446345535	0.0005635613050241914	0.052240875637183326	0.24152786495608766	0.1467648534671512
TRD	Pbre1_17G382000	Pbre1_07G334600	Prupe.3G090200.1	0.179401	0.521151	0.3442399611628875	Conservation	0.896791247099188	0.10051314959997451	4.9068941903630136e-05	1.7380943166777053e-05	0.0026291534157670883
TRD	Pbre1_01G266600	Pbre1_07G338000	Prupe.2G241200.1	0.732679	0.254986	2.8734087361659073	Subfunctionalization	0.001672689735401469	0.3809773052607885	2.088107647354167e-06	0.6173479138503267	3.0458359166702e-09
TRD	Pbre1_07G492200	Pbre1_07G350200	Prupe.2G319800.1	0.0923976	1.89911	0.04865310592856654	Subfunctionalization	0.0070012817098917225	0.01681455762275696	0.006707540026028525	0.9684763000471138	0.0010003205942089605
TRD	Pbre1_12G417600	Pbre1_07G367600	Prupe.6G353600.1	0.26093	0.276556	0.9434978810801428	Subfunctionalization	8.550088419005777e-09	5.418481513953563e-14	0.001881264405107374	0.6147195059846515	0.38339922106009844
TRD	Pbre1_01G293200	Pbre1_07G371600	Prupe.2G256400.1	0.209913	0.340186	0.6170536118476363	Subfunctionalization	0.0002568547433175337	0.00010838542754687148	0.0002899021233545865	0.9750659714789489	0.024278886226832174
TRD	Pbre1_11G007400	Pbre1_07G377200	Prupe.6G003900.1	0.653182	1.70892	0.38221917936474503	Specialization	1.3098787905608508e-08	2.8511067000064058e-05	2.3535858595141092e-08	2.9092242630356623e-06	0.9999685430740903
TRD	Pbre1_01G310200	Pbre1_07G386800	Prupe.2G265500.1	0.319944	0.29675	1.0781600673967986	Subfunctionalization	4.1520508968270106e-05	0.00010939666602489758	1.4920534290645475e-06	0.9998465238233492	1.0669482284498687e-06
TRD	Pbre1_01G310200	Pbre1_07G387000	Prupe.2G265500.1	0.338352	0.29675	1.1401920808761583	Subfunctionalization	9.456978895524804e-05	1.6691509016800305e-07	7.816097261958566e-06	0.999897447198681	1.1623491217508613e-14
TRD	Pbre1_12G263200	Pbre1_07G401800	Prupe.6G265500.1	0.0902311	1.08248	0.08335590495898307	Subfunctionalization	0.06877122217588456	0.002757721588123621	0.030668647267695987	0.8978016892908963	7.196773995667648e-07
TRD	Pbre1_01G333200	Pbre1_07G409000	Prupe.2G277200.1	0.265468	0.39538	0.6714249582679953	Subfunctionalization	0.08173448028856493	0.008047167054300077	0.0012975386285836556	0.9088956878797052	2.5126148846197906e-05
TRD	Pbre1_01G341400	Pbre1_07G417800	Prupe.2G282700.1	0.174808	0.304568	0.5739539281868088	Conservation	0.9524943056003077	0.03901028028458001	0.0009748881017274212	0.0019543667830733595	0.005566159230311611
TRD	Pbre1_01G352000	Pbre1_07G426400	Prupe.2G288100.1	0.213829	0.610957	0.34999026118041043	Conservation	0.9987666882147538	0.0004564632919206541	0.0005280835609117836	3.55280561555099e-07	0.000248409651852189
TRD	Pbre1_01G352400	Pbre1_07G427000	Prupe.2G288400.1	0.176442	0.358916	0.4915969196135028	Subfunctionalization	0.0004476747107888339	4.4807018065087425e-06	5.6752419632089446e-06	0.9995418324226817	3.36922759602458e-07
TRD	Pbre1_13G092400	Pbre1_07G431200	Prupe.1G298700.1	1.61226	0.516356	3.122380683094609	Subfunctionalization	0.0020955107237006225	4.153324313376983e-05	5.608118858834562e-07	0.9908229822632073	0.007039412958072554
TRD	Pbre1_01G358200	Pbre1_07G432800	Prupe.2G290800.1	0.478213	0.626463	0.7633539410946856	Specialization	0.3241474779990142	0.04869623612001476	0.0017318885344974344	0.0074453121538957945	0.6179790851925777
TRD	Pbre1_01G360200	Pbre1_07G434200	Prupe.2G291500.1	0.10014	0.807059	0.12408014779588607	Specialization	0.4055177966336866	0.009442104916052354	0.003621260909897502	0.02778816453652957	0.553630673003834
TRD	Pbre1_07G498800	Pbre1_07G442600	Prupe.2G322700.1	0.562512	0.267043	2.106447276281348	Subfunctionalization	0.0007552879336464477	6.382039466959213e-06	1.8702343150155e-05	0.9992177554925916	1.8721911447458556e-06
TRD	Pbre1_07G448200	Pbre1_07G442800	Prupe.2G298500.1	1.02293	0.264227	3.8714060258792626	Subfunctionalization	0.05230274805723934	1.9042142277009894e-06	8.25442798165967e-07	0.9476945038213319	1.846440277047909e-08
TRD	Pbre1_07G448200	Pbre1_07G443000	Prupe.2G298500.1	0.984479	0.264227	3.7258834259935587	Subfunctionalization	0.0025621884454658113	0.0005456035568537523	6.755481862604339e-05	0.9949488671819545	0.0018757859971000248
TRD	Pbre1_07G448200	Pbre1_07G443200	Prupe.2G298500.1	0.170291	0.264227	0.6444875050619354	Specialization	0.0002563250585706361	3.51994373660116e-05	1.7273875704160827e-06	0.00279304272019427	0.9969137053962986
TRD	Pbre1_04G136600	Pbre1_07G450600	Prupe.5G076000.1	1.15014	0.299037	3.8461461290743286	Conservation	0.5441843600233204	0.0006287038493038524	0.4242611602956026	0.00044831862854995906	0.030477457203223195
TRD	Pbre1_13G463000	Pbre1_07G457400	Prupe.1G099000.1	1.14995	1.09241	1.0526725313755823	Subfunctionalization	6.444214923184002e-12	1.126014108758461e-16	2.10299000309834e-12	0.9999999999914526	7.134806957154424e-20
TRD	Pbre1_16G330800	Pbre1_07G470800	Prupe.1G014100.1	1.00445	0.203628	4.9327695601783645	Conservation	0.8413187209493951	4.316462639780231e-05	0.004163124860454696	0.1544717429188275	3.246644924848186e-06
TRD	Pbre1_13G324000	Pbre1_07G471000	Prupe.1G014100.1	0.619384	0.193484	3.201215604391061	Conservation	0.7354484509835029	4.0246869746795215e-05	0.00040436738547860925	0.26409978358026853	7.151181003331177e-06
TRD	Pbre1_13G324000	Pbre1_07G471200	Prupe.1G014100.1	1.02886	0.193484	5.317545636848526	Conservation	0.9974445585631213	6.382470492667797e-05	0.001934381061126815	0.0004956476410811732	6.15880297439767e-05
TRD	Pbre1_16G377400	Pbre1_07G472600	Prupe.1G048100.1	0.0590955	0.545312	0.10837007071181269	Subfunctionalization	0.2604398084473995	2.3748083397670494e-05	0.0044772939837726825	0.7350533449390388	5.8045463913161825e-06
TRD	Pbre1_16G353200	Pbre1_07G475600	Prupe.1G031300.1	0.111424	0.599519	0.18585566095486547	Neofunctionalization(Parent)	0.08954279417654906	0.7139349249973312	0.0014356649183101054	0.014239430276017208	0.1808471856317923
TRD	Pbre1_03G101800	Pbre1_07G475800	Prupe.6G056400.1	0.481847	0.449874	1.0710710109941894	Neofunctionalization(Child)	2.1725276442626733e-12	6.042237208749441e-18	0.999982364313025	3.1786250754291677e-09	1.7632506177549548e-05
TRD	Pbre1_01G403200	Pbre1_07G477400	Prupe.2G313100.1	0.53393	0.427895	1.2478061206604423	Subfunctionalization	5.056818937722281e-07	6.045854575635258e-07	9.144948527923529e-08	0.9999987982831635	6.489112021996685e-20
TRD	Pbre1_01G403400	Pbre1_07G477800	Prupe.2G313200.1	0.349824	0.29009	1.2059154055637906	Subfunctionalization	1.035861608479467e-08	0.0003405513808476891	4.10216792640515e-09	0.9996594341582501	1.1821069507067203e-13
TRD	Pbre1_12G437800	Pbre1_07G491000	Prupe.6G364600.1	0.451332	0.254346	1.7744804321672052	Subfunctionalization	2.894731827003527e-09	3.7991773649706364e-10	5.854142649592632e-14	0.9999999967252833	8.656618587608007e-15
TRD	Pbre1_15G218200	Pbre1_08G001000	Prupe.1G479900.1	0.748706	0.473797	1.5802252863568151	Subfunctionalization	4.646259096151005e-31	2.0047826654701335e-27	1.3475026370576393e-40	1.0	1.900515115390939e-48
TRD	Pbre1_15G002200	Pbre1_08G004200	Prupe.1G354600.1	0.139598	0.331132	0.42157810178418276	Conservation	0.9805487877841785	0.006481635218229486	8.307504109976274e-05	0.011261854656688034	0.0016246472998039279
TRD	Pbre1_15G035400	Pbre1_08G040600	Prupe.1G372200.1	0.139145	0.350148	0.3973891040360076	Subfunctionalization	0.02038855730020596	0.001849262781106697	3.923808757021948e-08	0.9777605409721623	1.5997084373624946e-06
TRD	Pbre1_15G038600	Pbre1_08G044600	Prupe.1G373900.1	0.559573	0.286083	1.9559813061244464	Subfunctionalization	8.124966592858385e-06	3.1968890565103708e-06	1.9946043983871968e-10	0.9999886779448901	2.5505250913909054e-18
TRD	Pbre1_15G038800	Pbre1_08G048000	Prupe.1G374000.1	0.235119	0.583089	0.4032300386390414	Neofunctionalization(Parent)	0.1740018996554199	0.8108332474601798	3.5003804059106927e-10	0.015164852534362266	1.2978725238440968e-25
TRD	Pbre1_15G046000	Pbre1_08G051800	Prupe.1G377700.1	0.194247	0.388481	0.5000167318350189	Specialization	0.06786412254055925	0.001238244082557732	5.990746703008678e-05	0.4172877315935521	0.5135499943163009
TRD	Pbre1_13G310000	Pbre1_08G067400	Prupe.1G151200.1	0.241262	0.215571	1.1191765126106943	Conservation	0.992809285289054	0.00033985900468989466	0.0012171501548451286	0.00023250416182530676	0.005401201389585501
TRD	Pbre1_14G167600	Pbre1_08G072000	Prupe.7G021100.1	0.420476	0.329625	1.2756192643155102	Conservation	0.9765586121525818	0.019171391943839742	0.003119757080920441	0.0004212652623908634	0.0007289735602669925
TRD	Pbre1_14G380800	Pbre1_08G073800	Prupe.5G201600.1	0.191602	0.477218	0.4014978479437071	Subfunctionalization	0.01324067234098185	2.9893567392492115e-06	1.983770724364353e-06	0.9867543533315479	1.200006521718406e-09
TRD	Pbre1_06G341600	Pbre1_08G074000	Prupe.5G201700.1	0.0885138	0.388492	0.2278394407092038	Specialization	1.6799297146198167e-08	5.677226482027984e-09	5.628673189811826e-10	1.3724230181030444e-14	0.9999999769605953
TRD	Pbre1_05G292200	Pbre1_08G084600	Prupe.8G199600.1	0.0211584	0.38262	0.055298729810255604	Specialization	0.0046453685742485745	0.12303463183389653	0.025715671083300893	3.461605206661574e-05	0.8465697124564874
TRD	Pbre1_15G106000	Pbre1_08G105600	Prupe.1G410800.1	0.217712	0.404828	0.5377888881203868	Subfunctionalization	0.0015462429681461574	1.6507635908522725e-06	0.0011179798380668452	0.9973194823733681	1.464405682798205e-05
TRD	Pbre1_15G101200	Pbre1_08G111000	Prupe.1G408500.1	2.47901	0.219871	11.27483842798732	Subfunctionalization	3.689995666412878e-06	1.929322448120606e-09	8.59209518343495e-07	0.9999954488243176	4.117527261995091e-11
TRD	Pbre1_09G270800	Pbre1_08G112000	Prupe.3G019200.1	0.854501	0.287713	2.9699770257165996	Conservation	0.9716345989942224	9.358443849991057e-09	3.425133252533237e-06	0.02836195938264309	7.1314380176245505e-09
TRD	Pbre1_14G039400	Pbre1_08G112800	Prupe.7G110600.1	0.688414	0.734876	0.9367757281500553	Conservation	0.9989724281541169	3.114620698912716e-05	0.0008456575427332831	0.00013696614825467807	1.3801947906117696e-05
TRD	Pbre1_15G099000	Pbre1_08G114200	Prupe.1G407400.1	0.881223	0.504108	1.7480837439596277	Subfunctionalization	1.2583000320704008e-19	9.730661579062606e-24	1.164943030367102e-20	1.0	2.5331778050813934e-20
TRD	Pbre1_15G115000	Pbre1_08G124800	Prupe.1G416200.1	0.255272	0.320565	0.7963189992669194	Subfunctionalization	4.069218435626219e-07	8.627511768280643e-10	6.424838035872708e-08	0.9999995085541721	1.9412852876348978e-08
TRD	Pbre1_15G116800	Pbre1_08G126800	Prupe.1G417200.1	0.681875	0.474501	1.4370359598820657	Neofunctionalization(Child)	0.00017386073622791348	6.026823275530305e-06	0.9484745297884581	0.000732769825579602	0.05061281282645879
TRD	Pbre1_09G087800	Pbre1_08G133000	Prupe.3G266700.1	0.259575	0.257258	1.0090065226348646	Conservation	0.9918495932911349	9.907834385613453e-05	0.0007421544267552318	0.00545963837525989	0.001849535562993952
TRD	Pbre1_01G322600	Pbre1_08G136800	Prupe.2G273300.1	0.484387	0.458312	1.056893557227391	Conservation	0.9999999339125082	3.1557611079628054e-08	1.31454853484456e-12	5.637992136099712e-10	3.396476697569354e-08
TRD	Pbre1_15G132200	Pbre1_08G142800	Prupe.1G425000.1	0.443715	0.261835	1.6946359348444633	Conservation	0.5397172001350318	0.43094868020894006	1.5599822582384912e-05	0.021384369876600542	0.007934149956845275
TRD	Pbre1_08G158600	Pbre1_08G161600	Prupe.1G433000.1	0.601363	0.367193	1.6377300220864777	Subfunctionalization	0.33168575853092636	0.016723049706451904	0.01215011018956076	0.4845974074124631	0.15484367416059788
TRD	Pbre1_15G147600	Pbre1_08G171000	Prupe.1G433800.1	0.83615	0.347417	2.406761902842981	Conservation	0.8381435652248466	0.01902375784336278	0.004595742637021533	0.13823366900925282	3.2652855161766113e-06
TRD	Pbre1_13G402800	Pbre1_08G171400	Prupe.1G071300.1	0.0259838	0.653404	0.03976682113975427	Neofunctionalization(Parent)	2.9841780664806277e-06	0.9934446974834806	4.632820513285795e-12	0.0065523181375345815	1.9628549740537103e-10
TRD	Pbre1_08G186000	Pbre1_08G176200	Prupe.1G444800.1	0.048788	0.407154	0.11982689596565427	Neofunctionalization(Child)	0.002477174355640295	5.25008556349195e-12	0.9943118740762199	0.0009969657309562238	0.002213985831933287
TRD	Pbre1_11G042800	Pbre1_08G176400	Prupe.6G022800.1	0.677462	0.933745	0.7255321313634878	Neofunctionalization(Child)	0.0005931556114533937	1.4475688532231825e-10	0.9253317374494067	0.07211917655278448	0.0019559302415987686
TRD	Pbre1_08G185800	Pbre1_08G177000	Prupe.1G444700.1	0.103275	0.613896	0.16822882051683022	Neofunctionalization(Parent)	0.00044712947132191774	0.9975453896385607	0.0006309900939485218	0.0005644076464876495	0.0008120831496813579
TRD	Pbre1_08G185400	Pbre1_08G177200	Prupe.1G444600.1	0.291601	0.279122	1.0447080488101979	Neofunctionalization(Child)	0.0015920458936560201	0.0034625347950876344	0.9784818752093156	0.016460744344901045	2.7997570398161874e-06
TRD	Pbre1_04G204000	Pbre1_08G179400	Prupe.6G253500.1	0.887235	0.43094	2.058836496960134	Neofunctionalization(Parent)	0.007614258478206753	0.9923249801549846	1.0663522874958306e-11	5.5736459152701635e-05	5.024896992108469e-06
TRD	Pbre1_08G181800	Pbre1_08G184000	Prupe.1G443500.1	0.442505	0.214769	2.0603764975392167	Subfunctionalization	0.01346112057646662	0.001156677837010068	0.18395235893265707	0.7911095655913991	0.01032027706246704
TRD	Pbre1_14G006800	Pbre1_08G186200	Prupe.7G005900.1	0.812952	0.353266	2.301246086518374	Specialization	9.076412235680623e-07	0.012456768218699694	0.06087346463771801	0.06601712220020152	0.8606517373021573
TRD	Pbre1_15G167800	Pbre1_08G190400	Prupe.1G447200.1	0.169866	0.385758	0.4403434277448556	Subfunctionalization	6.791588011228131e-18	7.978890838416203e-05	2.1884442167914052e-08	0.8841008781858151	0.11581931102135867
TRD	Pbre1_09G406200	Pbre1_08G206400	Prupe.3G121900.1	1.41129	0.941846	1.498429679586684	Subfunctionalization	0.3804719532634732	0.09815010541093463	0.0028714506936129854	0.3904124047954145	0.1280940858365646
TRD	Pbre1_05G199400	Pbre1_08G222200	Prupe.8G153900.1	0.200663	0.909912	0.22053011719814664	Neofunctionalization(Child)	0.03877284629618388	3.327773331034642e-08	0.958672235338529	0.002100517594667257	0.000454367492886593
TRD	Pbre1_08G219200	Pbre1_08G224200	Prupe.1G463700.1	0.2568	0.355189	0.7229953630320759	Neofunctionalization(Child)	0.058525225168561526	0.07178962031192186	0.8305593014773699	0.03791762750534342	0.001208225536803317
TRD	Pbre1_04G138600	Pbre1_08G227200	Prupe.5G075200.1	2.2444	1.60329	1.3998715141989284	Conservation	0.5860374434620469	0.32271065752690975	0.011287780596236339	0.07091528338145352	0.009048835033353402
TRD	Pbre1_04G138600	Pbre1_08G227400	Prupe.5G075200.1	0.294561	1.60329	0.18372284490017401	Specialization	0.0004456609214330884	0.00020240171949831268	0.005712267734451714	0.07177299443649358	0.9218666751881234
TRD	Pbre1_06G109400	Pbre1_08G227600	Prupe.5G075100.1	0.0322706	0.30416	0.10609744871120465	Neofunctionalization(Parent)	0.1630102220882385	0.7366038129509377	0.0016072557320753608	0.000545385914075598	0.09823332331467294
TRD	Pbre1_10G293800	Pbre1_08G228400	Prupe.8G204500.1	1.12253	0.363219	3.090504626685278	Neofunctionalization(Child)	5.662471529873044e-12	5.012717837619454e-18	0.999999992871468	2.9063234808335567e-09	4.21654597293836e-09
TRD	Pbre1_02G205200	Pbre1_08G230800	Prupe.7G166200.1	0.244131	0.317528	0.7688487314504547	Neofunctionalization(Child)	4.123774639934058e-05	1.1319286930707808e-12	0.9999585330684037	4.166377632399243e-09	2.250176873214632e-07
TRD	Pbre1_05G497000	Pbre1_08G231200	Prupe.4G066000.1	0.445962	0.466879	0.9551982419427733	Conservation	0.9926787668452534	0.006732759809665115	2.0932683286055137e-08	0.00042427082607628537	0.00016418158632200834
TRD	Pbre1_05G568800	Pbre1_08G232000	Prupe.4G022300.1	0.384751	0.387509	0.9928827459491264	Neofunctionalization(Child)	0.04596440087938284	5.70850126722788e-06	0.897169198889805	0.0194804043039801	0.03738028742556496
TRD	Pbre1_08G213400	Pbre1_08G233000	Prupe.1G459500.1	0.157276	0.448676	0.35053356988116147	Neofunctionalization(Parent)	0.28225289256006525	0.6839844586132373	9.595049978867265e-05	0.027515968960045444	0.006150729366863295
TRD	Pbre1_15G208000	Pbre1_08G235800	Prupe.1G471700.1	0.313337	0.348451	0.8992282989573855	Neofunctionalization(Parent)	0.048806558232442385	0.8167473908490843	1.7184522713435243e-06	0.11088606997016487	0.02355826249603705
TRD	Pbre1_15G208600	Pbre1_08G237200	Prupe.1G472100.1	0.142945	0.415692	0.3438723862860002	Neofunctionalization(Parent)	0.013735755647666506	0.7984732163184751	0.00014079007725657834	0.18763752362024547	1.2714336356345371e-05
TRD	Pbre1_15G758600	Pbre1_08G239600	Prupe.1G575200.1	1.62375	1.15316	1.4080873426064033	Conservation	0.9128473611904316	0.024843442187201997	0.023220056658080784	0.03886762636570378	0.00022151359858171648
TRD	Pbre1_03G459800	Pbre1_08G249400	Prupe.8G254400.1	0.132548	0.210046	0.6310427239747484	Neofunctionalization(Child)	0.0006863339697067752	9.800314969673507e-08	0.9658248359594935	0.019930605268223423	0.013558126799426567
TRD	Pbre1_15G228200	Pbre1_08G256400	Prupe.1G484900.1	0.187713	0.264402	0.7099530260739327	Subfunctionalization	0.001193100361521334	0.10766789669089917	0.008170790977034603	0.6153847380026525	0.2675834739678923
TRD	Pbre1_15G237000	Pbre1_08G260400	Prupe.1G489000.1	0.297677	0.318974	0.9332328026735722	Neofunctionalization(Child)	0.14210086128562704	0.006698633066545355	0.5847211183730421	0.2664488124791161	3.057479566929924e-05
TRD	Pbre1_02G340800	Pbre1_08G265400	Prupe.2G133100.1	1.33255	0.451593	2.9507764735060107	Neofunctionalization(Child)	0.009490125191650526	0.007218169835815309	0.7254572253246847	0.2408049269786783	0.017029552669171333
TRD	Pbre1_15G625600	Pbre1_08G273000	Prupe.1G498000.1	0.21945	0.473868	0.46310364911747576	Neofunctionalization(Parent)	5.1731747342629076e-05	0.999850323761068	2.9746935269582303e-10	9.540315106010656e-05	2.5410430600904888e-06
TRD	Pbre1_15G625600	Pbre1_08G273200	Prupe.1G498000.1	0.402898	0.473868	0.8502325542134096	Neofunctionalization(Parent)	0.004070698225372786	0.9881476860999245	2.8862266105846644e-09	0.007771331349267042	1.0281439209024973e-05
TRD	Pbre1_15G626800	Pbre1_08G274400	Prupe.1G499400.1	0.19186	0.314327	0.6103834541735199	Neofunctionalization(Child)	9.45366747224198e-10	1.8075522306293703e-09	0.9953905613519025	0.0015908190719799644	0.003018616823198444
TRD	Pbre1_15G626800	Pbre1_08G274600	Prupe.1G499400.1	0.223823	0.314327	0.7120705507321992	Neofunctionalization(Child)	0.0001469188315665725	1.0184385459948014e-07	0.9991582700379973	0.00021956520355608775	0.00047514408302544605
TRD	Pbre1_15G626800	Pbre1_08G274800	Prupe.1G499400.1	0.343655	0.314327	1.0933041068695974	Neofunctionalization(Child)	0.004335250868223184	0.0008314382865757253	0.9843640642589007	1.6899418733929826e-05	0.010452347167566737
TRD	Pbre1_15G628000	Pbre1_08G277000	Prupe.1G499900.1	0.114213	0.289873	0.39401048045178405	Neofunctionalization(Parent)	0.00044166708902601586	0.7480050270101725	1.527770047767426e-07	0.22777565965109572	0.023777493472701115
TRD	Pbre1_15G628000	Pbre1_08G277200	Prupe.1G499900.1	0.233725	0.289873	0.8063013802596309	Subfunctionalization	1.770750355140312e-05	0.00012550318951859714	0.003963095009106058	0.9958936942978213	2.5453475424267676e-15
TRD	Pbre1_09G336000	Pbre1_08G278400	Prupe.3G057200.1	0.692539	0.425708	1.626793482856794	Subfunctionalization	0.29157983718469405	0.0006789686365537696	0.09417173584838799	0.5709217416078766	0.04264771672248755
TRD	Pbre1_17G330600	Pbre1_08G278600	Prupe.3G057300.1	0.0954733	0.384679	0.24818952945182868	Neofunctionalization(Child)	2.822409120027227e-23	3.213950486304868e-36	0.9961329620649463	6.105995809367493e-07	0.0038664273354728717
TRD	Pbre1_15G635600	Pbre1_08G286400	Prupe.1G502900.1	0.237312	0.245255	0.9676133004423967	Neofunctionalization(Child)	0.004381918267080071	4.122723618668501e-08	0.9911198646777191	0.0009883921275722265	0.0035097837003923212
TRD	Pbre1_17G387000	Pbre1_08G287800	Prupe.3G092800.1	1.83294	0.296124	6.1897718523321315	Conservation	0.9999340308604342	1.726428063774534e-07	6.19585467943048e-05	3.837949961709946e-06	3.2883251615817663e-15
TRD	Pbre1_07G370800	Pbre1_08G294000	Prupe.2G256100.1	0.528089	0.374301	1.4108671897750742	Subfunctionalization	2.5618748573446804e-07	2.0549121449883996e-05	3.614217265159844e-09	0.99997913499767	5.607917719190028e-08
TRD	Pbre1_15G197600	Pbre1_08G294400	Prupe.1G463000.1	0.0316681	0.393334	0.08051198218308103	Subfunctionalization	8.112023440435072e-05	1.4139959743064848e-05	2.4129146915390135e-06	0.9999023268911514	9.585689208275032e-15
TRD	Pbre1_17G106600	Pbre1_08G297800	Prupe.3G257500.1	0.120887	0.538689	0.22440963153136598	Subfunctionalization	5.9908929104631064e-05	6.9176287378701e-06	4.2440929613039947e-07	0.9999326797087489	6.932411254203456e-08
TRD	Pbre1_15G652600	Pbre1_08G299400	Prupe.1G511800.1	0.209742	0.478532	0.4383029766034455	Subfunctionalization	0.28401010138270744	0.002672058785434367	0.0032496406920102952	0.7100393610888774	2.8838050970445933e-05
TRD	Pbre1_02G052200	Pbre1_08G301400	Prupe.7G246700.1	0.0790586	0.268832	0.2940818057374122	Conservation	0.7825634524302856	0.010429662344350284	3.7290505847913704e-05	0.2069464460375437	2.3148681972571154e-05
TRD	Pbre1_12G006600	Pbre1_08G313600	Prupe.7G003700.1	0.807212	0.33348	2.4205709487825358	Conservation	0.9055336076338268	0.006896145244164403	0.001542700463186495	0.08574032976272206	0.0002872168961000496
TRD	Pbre1_07G382400	Pbre1_08G319200	Prupe.2G263500.1	0.428123	0.402459	1.063767986304195	Subfunctionalization	0.17332829114314283	0.0016119389419104757	0.0001353661212864883	0.8249243863671311	1.7426529151770374e-08
TRD	Pbre1_04G254600	Pbre1_08G321200	Prupe.6G280400.1	1.3383	1.02672	1.3034712482468442	Subfunctionalization	0.012487090647138478	1.0491414831150393e-05	0.0012366690898645584	0.9862640894752377	1.659372927954578e-06
TRD	Pbre1_14G059000	Pbre1_08G321800	Prupe.7G099300.1	1.22015	1.44559	0.8440498343237018	Subfunctionalization	0.08287861573501112	2.5363256875630976e-05	4.5869792544492955e-05	0.916989483371392	6.066784417671734e-05
TRD	Pbre1_15G681200	Pbre1_08G324200	Prupe.1G525900.1	0.127159	0.494963	0.25690607176698055	Conservation	0.7066902723549294	0.008620780736292757	0.015916558139539412	8.391365728312582e-06	0.26876399740351
TRD	Pbre1_15G698800	Pbre1_08G339600	Prupe.1G535400.1	0.111064	0.220697	0.5032420014771383	Conservation	0.990000342929821	0.0013582169614868801	0.0004281227770079435	0.008189887242269779	2.343008941469218e-05
TRD	Pbre1_12G359000	Pbre1_08G343600	Prupe.6G321700.1	0.740445	0.467556	1.5836498729563946	Conservation	0.9201000428778523	0.0005597236328073474	0.000159999071982633	0.07858192619441164	0.0005983082229460006
TRD	Pbre1_13G243600	Pbre1_08G344800	Prupe.1G106500.1	2.5662	0.254975	10.064516129032256	Subfunctionalization	1.6831612084762338e-06	7.610828814452355e-09	5.245706882142815e-07	0.9999977361310236	4.852625078921788e-08
TRD	Pbre1_15G125600	Pbre1_08G350200	Prupe.1G422100.1	0.183883	0.379741	0.48423267437542955	Specialization	8.793404350112248e-06	8.304431114538917e-08	6.738056542413672e-07	0.002361964527498544	0.9976284852181859
TRD	Pbre1_10G364800	Pbre1_08G351200	Prupe.4G132400.1	0.425402	1.6714	0.2545183678353476	Subfunctionalization	0.0002167862130066663	1.314955066676997e-06	0.0007883813398093931	0.9989666297336819	2.6887758435517672e-05
TRD	Pbre1_12G390200	Pbre1_08G353200	Prupe.6G337600.1	0.12821	0.31594	0.40580489966449323	Subfunctionalization	3.0917098908027027e-09	2.473971773717349e-13	4.1430721643331876e-10	0.9999999964927211	1.0143827015807463e-12
TRD	Pbre1_03G464400	Pbre1_08G353600	Prupe.8G256500.1	2.09593	0.649526	3.226860818504571	Subfunctionalization	0.0025915334315349276	4.246571197784639e-06	2.1606999329071508e-06	0.9974020503463408	8.950993664395661e-09
TRD	Pbre1_17G099600	Pbre1_08G359000	Prupe.3G261200.1	0.357427	0.4484	0.7971164139161463	Conservation	0.7748801560427706	0.011616108017064586	0.0853721120769799	0.06329838111027913	0.06483324275290568
TRD	Pbre1_15G415800	Pbre1_08G359600	Prupe.7G182300.1	1.68742	0.716147	2.3562480887303865	Conservation	0.9885478612766788	5.336036538360969e-06	0.0037307218003762186	0.00719171674218666	0.0005243641442199535
TRD	Pbre1_10G153400	Pbre1_08G380800	Prupe.8G120800.1	0.210652	0.713168	0.29537500280438833	Conservation	0.8093427537466805	0.05748619002145377	0.12563724883899732	0.00013355043620013417	0.007400256956668338
TRD	Pbre1_09G037000	Pbre1_08G382200	Prupe.3G295400.1	0.903836	0.380087	2.377971359188817	Neofunctionalization(Child)	0.4477994047926537	1.3946906138024228e-06	0.5521968558205193	5.263018905942913e-07	1.8183943226817946e-06
TRD	Pbre1_02G377600	Pbre1_08G383000	Prupe.2G103200.1	0.737682	0.877148	0.8410006065111018	Conservation	0.9999987150398466	1.2726258682412067e-06	6.528132617046601e-09	5.798608154395065e-09	7.544307445486949e-12
TRD	Pbre1_09G101200	Pbre1_08G386000	Prupe.3G260300.1	0.838292	0.363974	2.3031645117508392	Subfunctionalization	0.04275950186489398	0.001271495534362053	1.0923029982033958e-05	0.95595807956268	8.082082409417299e-12
TRD	Pbre1_06G070400	Pbre1_08G390600	Prupe.5G048100.1	0.900287	0.433764	2.0755226344279376	Subfunctionalization	4.568216393953663e-05	1.4573722861282198e-08	1.8056545380786123e-05	0.9999362467169567	8.020462470033139e-25
TRD	Pbre1_15G757200	Pbre1_08G393800	Prupe.1G573400.1	0.253015	0.265886	0.9515920356844662	Subfunctionalization	0.0005783855227843516	1.0912213923398323e-05	1.3310652887444148e-10	0.9994107021292189	9.669837968195513e-13
TRD	Pbre1_07G239000	Pbre1_08G403600	Prupe.2G162600.1	0.228299	0.317183	0.7197706056125328	Conservation	0.9887252741280497	0.0023376768251215734	0.00035203639907979716	2.7205613313840836e-05	0.00855780703443498
TRD	Pbre1_08G415600	Pbre1_08G408800	Prupe.1G588000.1	0.0923371	0.355695	0.2595962833326305	Subfunctionalization	0.008841269632667851	3.954346154056012e-05	3.66953229048762e-07	0.991110725083378	8.094869184494257e-06
TRD	Pbre1_17G002200	Pbre1_09G002400	Prupe.3G314900.1	0.152985	0.303305	0.5043932675030086	Conservation	0.9661938591036937	0.00042148588653296486	0.032826393458464984	1.3370277971878495e-06	0.0005569245235110332
TRD	Pbre1_17G003000	Pbre1_09G003200	Prupe.3G314500.1	0.0868016	0.295282	0.29396170440460306	Subfunctionalization	0.146857018197724	0.022333895438537386	0.0026265377749765985	0.8281825485887172	4.49427364763034e-14
TRD	Pbre1_13G229400	Pbre1_09G017600	Prupe.1G211500.1	0.864664	0.388791	2.223981522206018	Conservation	0.9950946453377878	2.637920188328575e-05	0.0014733962779524391	0.0034055791143826953	6.799376839999198e-11
TRD	Pbre1_16G129400	Pbre1_09G025200	Prupe.1G276500.1	0.23443	0.693849	0.33786890231159805	Conservation	0.5381511329819801	0.16204180615438585	0.000525420325185785	0.00985427887956235	0.2894273616588858
TRD	Pbre1_06G109400	Pbre1_09G039600	Prupe.5G075100.1	0.225566	0.30416	0.7416031036296686	Specialization	0.4377272095682512	0.0039966604494527675	0.0006084016554152392	1.2791331697782043e-05	0.557654936995183
TRD	Pbre1_04G138600	Pbre1_09G039800	Prupe.5G075200.1	0.369114	1.60329	0.23022285425593622	Specialization	0.09420137919457205	0.0070108070229384445	0.007558955788390329	7.921574980245638e-05	0.8911496422442968
TRD	Pbre1_15G766000	Pbre1_09G044800	Prupe.1G578800.1	0.462132	0.228971	2.0182992606050547	Subfunctionalization	0.3723587176044287	0.008469449635179297	0.0046704551179317	0.6144807800513153	2.059759114499801e-05
TRD	Pbre1_12G266600	Pbre1_09G073800	Prupe.6G268000.1	0.127964	0.430824	0.297021521549403	Specialization	1.532416344487074e-05	3.5303675033750184e-06	2.434874536442794e-07	1.0150874419885583e-06	0.9999798868941562
TRD	Pbre1_15G447200	Pbre1_09G075200	Prupe.7G163100.1	1.76467	0.349502	5.049098431482509	Specialization	5.911554528780272e-08	5.393341250195214e-10	4.673921819937951e-09	4.438407270065475e-05	0.9999555515984981
TRD	Pbre1_16G158400	Pbre1_09G085600	Prupe.1G258300.1	0.710517	0.422697	1.6809132783057366	Conservation	0.9565141198660869	0.01360820204129679	0.00814329348242421	6.2902251611385115e-06	0.021728094385031056
TRD	Pbre1_13G152200	Pbre1_09G085800	Prupe.1G258300.1	0.124645	0.483064	0.25802999188513326	Subfunctionalization	0.0007603551412993112	2.7516748859169683e-06	0.0007878158935140586	0.9984461308588904	2.9464314102706983e-06
TRD	Pbre1_13G011800	Pbre1_09G091800	Prupe.1G346100.1	0.796218	0.398772	1.9966747916102434	Subfunctionalization	0.21324465907213094	5.2985412563224824e-08	1.7067161781364206e-09	0.7867552756093916	1.0626348750135004e-08
TRD	Pbre1_05G327800	Pbre1_09G098400	Prupe.8G215800.1	0.813645	0.255722	3.1817559693729907	Conservation	0.9997915677283453	4.164661594779127e-11	2.553591375931983e-07	0.0002081765773432585	2.935271947322023e-10
TRD	Pbre1_17G099000	Pbre1_09G099800	Prupe.3G261400.1	1.07285	0.697682	1.5377349566134715	Subfunctionalization	2.3975951322025206e-22	2.3735043246139626e-27	1.021881873023386e-23	1.0	1.2970655853855387e-27
TRD	Pbre1_05G457200	Pbre1_09G100400	Prupe.4G088800.1	0.0517746	0.293633	0.17632418699533092	Subfunctionalization	7.521539647145989e-22	2.1494041351539107e-27	1.107090254553569e-22	1.0	3.7355769081312087e-22
TRD	Pbre1_12G426000	Pbre1_09G105800	Prupe.6G358100.1	0.69356	0.338321	2.0500057637569054	Conservation	0.9919371268534685	6.030812005754473e-10	0.008062788808659377	8.3734032010848e-08	7.592350122021972e-13
TRD	Pbre1_04G056400	Pbre1_09G109000	Prupe.1G186600.1	0.471328	0.350212	1.3458362363368475	Conservation	0.9999974813562476	1.7672231553339233e-07	5.637998957877749e-07	1.760511826086971e-06	1.760971506250789e-08
TRD	Pbre1_17G127600	Pbre1_09G128600	Prupe.3G245900.1	0.422623	0.375075	1.1267693128041059	Conservation	0.9998997798041963	4.655480578586305e-06	1.6996532212819193e-06	9.386444660834137e-05	6.153955380753242e-10
TRD	Pbre1_12G039600	Pbre1_09G133600	Prupe.7G114200.1	0.119765	0.327897	0.3652518931249752	Specialization	0.0001230842454069995	9.106923731256686e-09	0.14022103162862165	0.02258429655044028	0.8370715784686072
TRD	Pbre1_05G398800	Pbre1_09G137200	Prupe.4G125000.1	0.551374	0.310394	1.7763680998988383	Neofunctionalization(Child)	0.00014933700953645497	3.1034145092812285e-11	0.9072600798948631	0.044841523855891637	0.04774905920867475
TRD	Pbre1_05G035200	Pbre1_09G142400	Prupe.8G027900.1	0.182658	0.296678	0.6156776033275133	Neofunctionalization(Child)	2.996915793640643e-06	5.678004234034621e-14	0.961397425254992	0.03859956793955955	9.889598023506331e-09
TRD	Pbre1_17G146600	Pbre1_09G149000	Prupe.3G234000.1	0.161108	0.376059	0.42841149925942473	Neofunctionalization(Child)	0.19442483699255012	5.165741660593918e-07	0.6175026287503178	0.18807167245828887	3.4522467721175124e-07
TRD	Pbre1_17G379000	Pbre1_09G164800	Prupe.3G088200.1	0.716519	0.474019	1.5115828690411144	Neofunctionalization(Parent)	1.555509698775273e-08	0.9999991955868517	5.911578059192406e-19	7.234153586744274e-07	6.544269267370383e-08
TRD	Pbre1_17G499800	Pbre1_09G171200	Prupe.3G004400.1	0.439659	0.6477	0.6788003705419176	Conservation	0.9998974718701075	9.61982526729822e-11	9.665359971306406e-05	5.845436664938988e-06	2.8997316102057117e-08
TRD	Pbre1_17G169600	Pbre1_09G172200	Prupe.3G219100.1	0.558638	0.400785	1.393859550631885	Neofunctionalization(Parent)	0.00516333153754888	0.9499515982238566	0.044868772547993555	1.6183351061044263e-05	1.1433954026411033e-07
TRD	Pbre1_17G173200	Pbre1_09G175200	Prupe.3G217600.1	1.41589	0.686508	2.0624522948021	Neofunctionalization(Child)	0.00010518693470023269	2.0513703870971874e-07	0.9998332660987236	6.003085299833364e-05	1.3109765391346108e-06
TRD	Pbre1_17G178200	Pbre1_09G180800	Prupe.3G214600.1	0.128663	0.277856	0.463056403316826	Subfunctionalization	0.0024711785811747837	0.0036982627453704224	5.273976587403743e-05	0.9934747181543035	0.000303100753277169
TRD	Pbre1_07G264600	Pbre1_09G193000	Prupe.2G193700.1	0.863851	0.766831	1.1265207066485314	Subfunctionalization	0.011157032131758279	0.0019919319178172204	0.002207214998266563	0.9843254758712677	0.00031834508089019096
TRD	Pbre1_09G171600	Pbre1_09G197000	Prupe.3G219400.1	0.14383	0.430197	0.3343351999200367	Subfunctionalization	3.0467033206137373e-17	6.659554584430656e-09	4.580281900159292e-06	0.9835737541696947	0.016421658888850367
TRD	Pbre1_17G195000	Pbre1_09G201800	Prupe.3G204300.1	0.541463	0.508185	1.0654840264864174	Neofunctionalization(Child)	3.0325508109528853e-17	9.719390470435807e-20	0.9999999988399635	2.697911996436053e-10	8.902452311639601e-10
TRD	Pbre1_17G198000	Pbre1_09G204600	Prupe.3G202400.1	0.394873	0.603313	0.6545076933532014	Neofunctionalization(Child)	0.03459945653533407	7.721615398174419e-07	0.9539384272386889	0.010456559768071623	0.0010047842963655047
TRD	Pbre1_17G379000	Pbre1_09G215200	Prupe.3G088200.1	1.73943	0.474019	3.6695364531801467	Neofunctionalization(Child)	4.248593464558132e-05	6.345720395074638e-12	0.9941558182782212	0.005678192436113957	0.00012350334467351958
TRD	Pbre1_09G164400	Pbre1_09G215600	Prupe.3G223500.1	0.190045	1.01091	0.1879939856169194	Neofunctionalization(Child)	3.2130046951115005e-05	2.5845143411655105e-07	0.9789244656017978	0.021043145831631277	6.818574482909252e-11
TRD	Pbre1_09G164200	Pbre1_09G216000	Prupe.3G223700.1	0.263091	0.485671	0.5417062167599054	Subfunctionalization	1.7238467660539666e-07	2.2731730967451505e-05	7.607632373325317e-08	0.9999770198080322	5.6276442896710174e-21
TRD	Pbre1_17G228000	Pbre1_09G233200	Prupe.3G186800.1	0.0994794	0.249915	0.3980529379989196	Specialization	3.721766216835378e-11	1.5298356252604338e-20	0.2353433906757623	0.039951421741750405	0.7247051875452697
TRD	Pbre1_17G240400	Pbre1_09G247200	Prupe.3G177700.1	0.309257	1.31054	0.23597677293329467	Specialization	2.3797335352510483e-27	6.927670682226175e-45	0.08842296841764645	1.5483917378561148e-05	0.911561547664975
TRD	Pbre1_17G107800	Pbre1_09G256200	Prupe.3G257100.1	0.111139	0.56089	0.19814758687086595	Neofunctionalization(Child)	6.301786105967243e-08	2.8582577255946325e-12	0.9841348963208474	5.80819815904232e-07	0.015864459838617142
TRD	Pbre1_09G426400	Pbre1_09G261200	Prupe.3G155900.1	3.71306	0.518191	7.165427419619407	Conservation	0.9995287967225251	0.0004710586414812175	9.174248987736287e-14	3.6104150208890744e-08	1.085317519052185e-07
TRD	Pbre1_03G160400	Pbre1_09G263200	Prupe.6G089600.1	0.955419	0.376139	2.540068963867081	Conservation	0.8194958193246176	4.069207844772825e-08	0.17664822044745213	0.00038192543460084053	0.0034739941012509354
TRD	Pbre1_03G160400	Pbre1_09G263400	Prupe.6G089600.1	1.93299	0.376139	5.139031049691736	Conservation	0.9815471199051344	0.0007010777929627246	6.851408330873637e-09	0.014132692608981853	0.003619102841512995
TRD	Pbre1_03G160400	Pbre1_09G263600	Prupe.6G089600.1	1.26613	0.376139	3.366122630197879	Neofunctionalization(Parent)	0.0761056036276105	0.9066030955057605	4.140734191457582e-09	0.01620223980294657	0.0010890569229481987
TRD	Pbre1_03G160400	Pbre1_09G263800	Prupe.6G089600.1	3.61726	0.376139	9.61681718726322	Conservation	0.9983759469004501	5.217688457808225e-10	0.0016197845274179975	4.267921718367975e-06	1.2864498442539036e-10
TRD	Pbre1_03G160400	Pbre1_09G264000	Prupe.6G089600.1	3.29725	0.376139	8.766041277293766	Conservation	0.9229422984592387	9.800242207240411e-05	0.07590843677344414	0.0010506986565022485	5.636887425192874e-07
TRD	Pbre1_05G455600	Pbre1_09G269400	Prupe.4G089700.1	0.915022	0.250021	3.6597805784314117	Neofunctionalization(Child)	1.480619594997297e-05	2.0703649877198112e-15	0.9999563868481496	2.8806850779970154e-05	1.0511815536794034e-10
TRD	Pbre1_10G368200	Pbre1_09G282000	Prupe.4G134000.1	0.395485	0.363497	1.088000726278346	Neofunctionalization(Parent)	0.001568824310709734	0.8839679058960798	5.4093491984029036e-05	0.11430298698761338	0.00010618931361297215
TRD	Pbre1_06G038800	Pbre1_09G293600	Prupe.5G024600.1	1.33767	0.485375	2.755951583826938	Subfunctionalization	1.3687207516227563e-06	1.7715290916190929e-06	0.001379025799115451	0.9070238702900637	0.09159396366097773
TRD	Pbre1_16G172400	Pbre1_09G294600	Prupe.1G250100.1	0.328819	0.235943	1.3936374463323766	Neofunctionalization(Child)	2.517804568203436e-06	5.434132249072357e-10	0.9764077083408915	0.02339863027896136	0.00019114303216562177
TRD	Pbre1_14G216000	Pbre1_09G309000	Prupe.5G110500.1	0.41617	0.360857	1.1532823251315618	Neofunctionalization(Child)	0.03684594523030562	1.0227157682207764e-06	0.9268733145880255	0.03573793600822601	0.0005417814576747741
TRD	Pbre1_07G454000	Pbre1_09G325800	Prupe.2G301300.1	0.295343	1.2728	0.23204195474544315	Subfunctionalization	0.03332429853104693	0.0031089198522638215	0.1133584628267989	0.8484827266860927	0.001725592103797758
TRD	Pbre1_07G320200	Pbre1_09G331000	Prupe.2G227100.1	0.70324	0.360512	1.9506701579975145	Neofunctionalization(Child)	3.6010614232907533e-09	3.682642392923201e-15	0.999999928601383	1.2279945614348917e-08	5.5517606284349326e-08
TRD	Pbre1_13G258800	Pbre1_09G340200	Prupe.1G117200.1	0.563054	0.315223	1.7862084936695612	Neofunctionalization(Child)	2.1191006220407573e-09	7.75397690470506e-15	0.9999999960070889	3.8583898005829833e-10	1.4879636583246254e-09
TRD	Pbre1_06G016400	Pbre1_09G342800	Prupe.5G010400.1	0.732716	1.0068	0.7277671831545491	Subfunctionalization	0.007462551116660826	0.0022423889266767827	0.00012507494184784063	0.9415835870365458	0.04858639797826877
TRD	Pbre1_17G359000	Pbre1_09G349000	Prupe.3G077300.1	0.208857	0.332835	0.6275091261435847	Neofunctionalization(Child)	0.0006048972691526084	4.87291400823209e-08	0.9973460189647827	0.0015530351594053682	0.0004959998775192067
TRD	Pbre1_17G359000	Pbre1_09G349200	Prupe.3G077300.1	0.262359	0.332835	0.788255441885619	Neofunctionalization(Child)	8.85193334902659e-07	2.4269289409774552e-08	0.9994307128916048	0.0005618199965803201	6.5576491904820876e-06
TRD	Pbre1_17G354400	Pbre1_09G359200	Prupe.3G073700.1	0.339137	0.385106	0.880632864717766	Neofunctionalization(Child)	2.9641581992307147e-05	4.372151735291814e-06	0.8879378804393544	0.11202810563684308	1.9007493386612882e-10
TRD	Pbre1_17G359000	Pbre1_09G362200	Prupe.3G077300.1	0.223693	0.332835	0.6720837652290174	Subfunctionalization	0.05771108829247033	0.00020271916890808668	0.03683182848336708	0.5897199189735499	0.3155344450817046
TRD	Pbre1_16G288200	Pbre1_09G362800	Prupe.1G137300.1	1.44981	1.0592	1.36877832326284	Neofunctionalization(Child)	1.558146894168633e-11	7.408521897737825e-23	0.46304186236988215	0.16089270450098803	0.3760654331135483
TRD	Pbre1_15G219000	Pbre1_09G364000	Prupe.1G480300.1	0.528087	0.452306	1.1675436540748962	Neofunctionalization(Child)	1.5256061014461792e-10	1.7099929196188243e-16	0.9999964300807597	5.792889511538484e-09	3.5639737900456255e-06
TRD	Pbre1_09G131600	Pbre1_09G367600	Prupe.3G243600.1	1.04475	0.250706	4.167231737573094	Subfunctionalization	1.5828782727981099e-12	7.512527653252797e-15	8.62711488408024e-13	0.9999999999975469	5.389159344627617e-37
TRD	Pbre1_17G395800	Pbre1_09G374200	Prupe.3G095900.1	0.151126	0.444546	0.3399558200951083	Subfunctionalization	7.032358018919212e-11	1.180513255195888e-13	6.321119102340328e-11	0.9999999998663471	7.538306013552432e-36
TRD	Pbre1_17G394600	Pbre1_09G374400	Prupe.3G095300.1	0.11694	0.366953	0.3186784138568155	Conservation	0.9724626183124686	0.0003276236869638024	0.0003137757705246252	0.026804455519139785	9.152671090319294e-05
TRD	Pbre1_17G394600	Pbre1_09G374600	Prupe.3G095300.1	0.212473	0.366953	0.579019656468267	Subfunctionalization	0.00039652935542916804	1.3293530042651202e-06	5.955807719153762e-07	0.9989433633484406	0.0006581823623539881
TRD	Pbre1_17G385600	Pbre1_09G375000	Prupe.3G092400.1	0.111394	0.3685	0.30229036635006784	Conservation	0.9970478366483072	0.0006743558644468637	2.1364461172305673e-07	0.000904373189984605	0.0013732206526494975
TRD	Pbre1_17G384400	Pbre1_09G375200	Prupe.3G091900.1	0.15268	0.317199	0.4813382135504841	Conservation	0.9936956581042078	0.0004986038409868916	0.00023704844026767693	0.005526728919002319	4.1960695535322836e-05
TRD	Pbre1_17G398200	Pbre1_09G382200	Prupe.3G097000.1	0.425333	0.458824	0.9270068697365439	Subfunctionalization	0.00022734288845072207	3.045578913460332e-09	1.0029414442255993e-06	0.9997716453594816	5.7650446619218605e-09
TRD	Pbre1_15G559200	Pbre1_09G382400	Prupe.6G196200.1	0.820102	0.277195	2.9585742888580238	Subfunctionalization	0.0007808587262689252	4.7265658738364e-08	2.7946401441784737e-08	0.999219066056574	5.096932789674637e-12
TRD	Pbre1_17G459000	Pbre1_09G383400	Prupe.3G160800.1	0.14281	0.21754	0.6564769697526891	Specialization	0.4614768946435526	4.760721003564054e-06	5.502420396293799e-05	2.11700982004959e-09	0.538463318314471
TRD	Pbre1_02G492000	Pbre1_09G384400	Prupe.2G017500.1	1.85246	0.287397	6.445648354019005	Specialization	0.22498795476659958	3.538009644077925e-06	2.1926867838391913e-06	3.344543047958034e-05	0.7749728691064929
TRD	Pbre1_08G331000	Pbre1_09G386800	Prupe.1G529700.1	0.212819	0.78539	0.2709723831472262	Subfunctionalization	0.020801437943131124	0.0031565386561117994	1.2552264194684822e-05	0.6698667708388157	0.3061627002977467
TRD	Pbre1_09G459800	Pbre1_09G389000	Prupe.3G016700.1	0.381415	0.51741	0.7371620185152973	Subfunctionalization	0.31068299719293174	0.009694728524776165	0.0033432699743864906	0.6758777122306068	0.0004012920772989667
TRD	Pbre1_17G403600	Pbre1_09G390200	Prupe.3G100800.1	0.201742	0.473977	0.425636687012239	Specialization	1.3497410966406753e-11	1.6750483404632578e-15	8.990215654683036e-14	4.606179031237162e-05	0.9999539381960986
TRD	Pbre1_09G246600	Pbre1_09G390600	Prupe.3G177900.1	0.109526	0.203685	0.5377224636080221	Subfunctionalization	4.3390578360201745e-12	6.482513415695208e-17	2.204907399723907e-14	0.9947912114059582	0.005208788589680641
TRD	Pbre1_12G017600	Pbre1_09G392800	Prupe.7G011400.1	0.106419	0.399139	0.26662140256902983	Subfunctionalization	3.194143962733984e-06	4.4891882638360756e-10	1.0868410511892276e-06	0.9999916354673084	4.083098758925415e-06
TRD	Pbre1_12G017400	Pbre1_09G393000	Prupe.7G011300.1	0.0939162	0.67675	0.13877532323605468	Subfunctionalization	0.005909802836823433	2.735041996786039e-05	0.0002743823774954513	0.993788276342389	1.8802332419207457e-07
TRD	Pbre1_06G230200	Pbre1_09G401400	Prupe.5G140900.1	1.20522	0.429726	2.804624342022591	Conservation	0.8152433511315527	0.00012816649789150467	0.1846233992489467	3.927415467429815e-06	1.1557061416857642e-06
TRD	Pbre1_15G565600	Pbre1_09G411600	Prupe.6G192700.1	1.81032	0.27528	6.576285963382737	Conservation	0.9999527438142536	1.1735970094710369e-08	2.4821013530002024e-05	2.241927733866197e-05	4.158907931242202e-09
TRD	Pbre1_17G055600	Pbre1_09G418800	Prupe.3G286600.1	2.03429	0.767955	2.648970317271194	Neofunctionalization(Child)	0.3658261191827406	0.002490704072491955	0.4674323094267103	0.0027608701402979797	0.16148999717775905
TRD	Pbre1_10G563200	Pbre1_09G420400	Prupe.4G016400.1	1.5989	0.276484	5.7829747833509355	Subfunctionalization	4.98745935587421e-05	5.850829107904158e-09	1.5964295394657092e-07	0.9999499479742632	1.1938395082018544e-08
TRD	Pbre1_02G169800	Pbre1_09G423600	Prupe.7G183800.1	1.98878	1.52681	1.302572029263628	Neofunctionalization(Child)	0.0012217843545642962	1.7113646155914594e-07	0.9983576120251418	4.072169105762863e-06	0.00041636031472650094
TRD	Pbre1_03G323800	Pbre1_09G426000	Prupe.4G218100.1	0.658103	0.232112	2.8352821051905974	Subfunctionalization	5.724021473686457e-16	1.1769000332560224e-15	4.1610389337039154e-17	0.9999999999999982	5.6945649261906464e-42
TRD	Pbre1_17G438800	Pbre1_09G429400	Prupe.3G157200.1	0.299255	0.607727	0.492416825317947	Subfunctionalization	6.390099220956635e-11	2.5948031720728473e-11	1.51778969198324e-10	0.999999999758372	2.178175822422966e-30
TRD	Pbre1_11G023800	Pbre1_09G431800	Prupe.6G014200.1	0.535712	0.317504	1.6872606329369078	Subfunctionalization	3.8625313225236175e-07	2.0690191859169086e-09	1.4697913484538844e-08	0.9999995969764243	3.5107151421693023e-12
TRD	Pbre1_03G321400	Pbre1_09G437400	Prupe.4G220800.1	0.163668	0.397212	0.4120419322679073	Subfunctionalization	0.3873904870253881	0.00039037539503809836	0.0004686475569647502	0.6033494807701095	0.008401009252499548
TRD	Pbre1_15G644800	Pbre1_09G438600	Prupe.1G507700.1	1.22047	0.569985	2.141231786801407	Conservation	0.9660846060837588	0.0006049588359577101	1.2177849656244076e-08	0.03329202474776014	1.8398154673737427e-05
TRD	Pbre1_16G155400	Pbre1_09G451200	Prupe.1G260400.1	0.197116	0.50105	0.3934058477197885	Conservation	0.95147383238335	0.010759058070212492	2.7421931521608714e-06	0.009018304191723043	0.028746063161562356
TRD	Pbre1_05G119600	Pbre1_09G451800	Prupe.8G097400.1	0.404671	0.607296	0.6663488644746549	Subfunctionalization	0.026078512844095195	1.8613737582096765e-05	5.50626182729947e-07	0.9739023227791734	1.2966601157279248e-11
TRD	Pbre1_14G178000	Pbre1_09G454600	Prupe.7G121500.1	0.237605	0.843825	0.2815808965129026	Conservation	0.9579618921598323	0.0005455377183192312	0.004289490866410968	0.03719269119391318	1.0388061524284722e-05
TRD	Pbre1_13G018800	Pbre1_09G461600	Prupe.1G342300.1	0.459019	0.475327	0.965690987467575	Conservation	0.604756918736741	1.2376768592882311e-05	0.0003853692622088516	0.29938403550478154	0.09546129972767575
TRD	Pbre1_06G413200	Pbre1_09G463600	Prupe.5G242500.1	0.353051	0.635819	0.5552696600762167	Specialization	0.2457086966395977	2.7676985045188126e-06	0.000601517920277942	3.6652657563776845e-06	0.7536833524758634
TRD	Pbre1_01G055800	Pbre1_09G463800	Prupe.6G165900.1	0.42962	0.313757	1.3692762233193203	Subfunctionalization	0.057112900885477	0.008031166350148292	0.0019077523700276552	0.9230511674620069	0.00989701293234019
TRD	Pbre1_01G055800	Pbre1_09G464000	Prupe.6G165900.1	0.0945912	0.313757	0.30147917018584447	Conservation	0.8577156461985362	0.00039996016975858727	5.297660908875518e-06	0.14187255736543805	6.538605358214913e-06
TRD	Pbre1_07G145600	Pbre1_09G468000	Prupe.2G118700.1	2.48858	0.280033	8.886738348694617	Subfunctionalization	3.742759676283984e-13	1.0436154805162931e-19	6.135577523288161e-16	0.797188904996198	0.20281109500342714
TRD	Pbre1_05G455400	Pbre1_09G470000	Prupe.4G089800.1	0.442274	0.419607	1.0540195945253534	Subfunctionalization	2.6018942179777197e-10	5.718169958287051e-14	2.681114913604689e-10	0.9966138506530395	0.003386148818602425
TRD	Pbre1_02G348800	Pbre1_09G473200	Prupe.2G125600.1	0.327442	0.242885	1.3481359491117197	Conservation	0.710990992961049	0.00017835500237759784	0.14000693626039076	0.11187532153800012	0.03694839423818268
TRD	Pbre1_06G067400	Pbre1_09G474000	Prupe.5G046300.1	0.504476	0.278417	1.8119439545717395	Subfunctionalization	3.8597793305250144e-14	1.8519069017652455e-20	8.809523020876842e-16	0.9999999999999605	1.5951785474358861e-21
TRD	Pbre1_06G067600	Pbre1_09G474200	Prupe.5G046400.1	0.807584	0.58025	1.3917862990090477	Conservation	0.9999997694646577	4.398918418609008e-11	1.5504555452382799e-07	3.5412183869704834e-11	7.541038620594355e-08
TRD	Pbre1_14G339800	Pbre1_09G478200	Prupe.5G176800.1	0.210497	0.744081	0.28289527618632915	Conservation	0.8608080535098009	1.0578543048459475e-13	7.191733506223296e-08	0.13919187437672723	1.960311752597525e-10
TRD	Pbre1_03G098800	Pbre1_09G481800	Prupe.6G054800.1	0.427991	0.395249	1.0828389192635528	Subfunctionalization	1.595242810089051e-21	6.370921899625457e-28	2.390736305819573e-22	1.0	4.994645413099155e-22
TRD	Pbre1_17G503200	Pbre1_09G487200	Prupe.3G003300.1	0.208121	0.542167	0.3838688079503179	Subfunctionalization	1.682381296034014e-30	3.8271827406281525e-37	2.902051904879558e-32	1.0	5.116136518795044e-26
TRD	Pbre1_17G504200	Pbre1_09G489800	Prupe.3G002700.1	0.268502	0.265768	1.0102871677553356	Conservation	0.9994660334324483	4.627600232483312e-07	0.0005329849319930496	5.177247167614927e-07	1.1508188413725643e-09
TRD	Pbre1_11G171600	Pbre1_09G491000	Prupe.6G086700.1	0.225146	1.05649	0.2131075542598605	Neofunctionalization(Child)	0.04065747139570149	9.805321364387701e-05	0.878183794080838	0.03252587100878308	0.048534810301033494
TRD	Pbre1_09G135000	Pbre1_10G006800	Prupe.3G241300.1	0.248831	0.325236	0.7650782816170411	Conservation	0.9999069450484103	2.9238084943745292e-05	4.683512208783398e-09	6.380764385172777e-05	4.539282068150322e-09
TRD	Pbre1_08G156000	Pbre1_10G007000	Prupe.1G431800.1	0.543302	1.22674	0.44288276244354957	Neofunctionalization(Child)	0.0017753922243338588	8.363765873138172e-08	0.9658589230836403	0.019730257912666117	0.012635343141700933
TRD	Pbre1_05G018400	Pbre1_10G017000	Prupe.8G016800.1	0.363418	0.314671	1.1549141802072642	Neofunctionalization(Child)	3.0159903234583035e-07	4.35140679799081e-11	0.9974342477706412	0.0006720686250116862	0.0018933819618006651
TRD	Pbre1_15G477000	Pbre1_10G026200	Prupe.7G147100.1	0.791827	0.342607	2.311181616254192	Conservation	0.9925224966031904	0.002911581376976172	0.000613526731050657	0.0038634708066483344	8.892448213445571e-05
TRD	Pbre1_05G224400	Pbre1_10G027000	Prupe.8G168100.1	0.314994	0.536584	0.5870357670001343	Subfunctionalization	0.25086952813479	0.0001328583373142728	0.018653440304365967	0.7303440874407645	8.578276522198414e-08
TRD	Pbre1_02G383600	Pbre1_10G028400	Prupe.2G099200.1	0.564875	0.349506	1.6162097360274217	Subfunctionalization	0.0023173428889857782	0.49306550388025133	3.893814075489931e-08	0.4998504848405235	0.004766629452098719
TRD	Pbre1_02G383600	Pbre1_10G037400	Prupe.2G099200.1	1.91887	0.349506	5.490234788530097	Conservation	0.9606583874902564	6.802551509280716e-06	3.0133647688711114e-08	0.038653865894619006	0.0006809139299676323
TRD	Pbre1_11G403800	Pbre1_10G038200	Prupe.4G182900.1	0.360309	0.36348	0.9912759986794321	Subfunctionalization	0.008388056224611244	0.01795627356637787	0.002910737343458031	0.9688856224262349	0.0018593104393179922
TRD	Pbre1_17G043600	Pbre1_10G042400	Prupe.3G292700.1	0.546758	0.439695	1.2434937854649244	Subfunctionalization	0.03384519244980279	0.2782184901541803	0.00918422826140034	0.6787158182155533	3.6270919063387566e-05
TRD	Pbre1_12G266600	Pbre1_10G042800	Prupe.6G268000.1	0.499886	0.430824	1.1603021187306186	Subfunctionalization	0.0008167643344947506	0.060427987423476937	0.000224428252186898	0.9369186268664014	0.001612193123439973
TRD	Pbre1_16G205400	Pbre1_10G044000	Prupe.1G229300.1	0.604939	0.825741	0.7326013846956855	Neofunctionalization(Parent)	0.0004538591579770356	0.9891294902756281	8.32530674705518e-11	0.009833089160051609	0.0005835613230901338
TRD	Pbre1_10G124600	Pbre1_10G044400	Prupe.8G097200.1	0.0987294	0.292138	0.3379546652609383	Subfunctionalization	0.004565254342712945	6.478723359748193e-07	0.03690913776965643	0.9414085066447998	0.017116453370494937
TRD	Pbre1_02G189400	Pbre1_10G052400	Prupe.7G172700.1	0.123669	1.03555	0.119423494761238	Neofunctionalization(Child)	7.743256749417386e-13	1.6215359567348977e-12	0.9998273399780196	0.0001317708599977293	4.0889159586608e-05
TRD	Pbre1_15G762200	Pbre1_10G061400	Prupe.1G576600.1	0.0626473	0.244525	0.25619997955219304	Subfunctionalization	0.06212178293297075	3.2925134382289357e-06	0.17153912983470262	0.6882660158761196	0.07806977884276887
TRD	Pbre1_16G106400	Pbre1_10G068600	Prupe.1G289000.1	0.189473	0.311829	0.6076182779664495	Conservation	0.43778633597856403	0.10947313942406083	0.35265374478319295	0.0026254191429308325	0.09746136067125147
TRD	Pbre1_16G300800	Pbre1_10G071200	Prupe.1G144200.1	0.643795	0.334951	1.9220572561359721	Subfunctionalization	0.0055746756071359364	0.25338859623209353	4.246502324646043e-05	0.7409942631360469	1.4771249637680232e-12
TRD	Pbre1_09G414600	Pbre1_10G072400	Prupe.3G140300.1	0.613947	0.474317	1.2943811838917856	Neofunctionalization(Parent)	0.01208508041221759	0.6809836297476409	0.0005659322946072439	0.2778149568750892	0.028550400670445113
TRD	Pbre1_03G376200	Pbre1_10G078200	Prupe.4G184700.1	0.503304	0.311331	1.6166202530425815	Specialization	2.284381542014056e-18	1.9388814132730913e-28	0.06507478907646728	0.001645421501239531	0.9332797894222932
TRD	Pbre1_10G140600	Pbre1_10G078800	Prupe.8G110100.1	0.0418906	0.62687	0.06682501954153174	Conservation	0.9895465353476957	0.005184852729631841	0.0032955623514389185	0.00012503960719990098	0.001848009964033654
TRD	Pbre1_13G322200	Pbre1_10G080800	Prupe.1G013200.1	1.13166	0.317057	3.5692635709036553	Neofunctionalization(Child)	1.1158974460175476e-06	8.612228231864731e-12	0.9999970025541932	1.8794781862518068e-06	2.061562375299723e-09
TRD	Pbre1_13G092400	Pbre1_10G081000	Prupe.1G298700.1	0.321267	0.516356	0.6221812083136441	Neofunctionalization(Child)	0.0014502318444568182	4.934148217222584e-09	0.9967160381950086	0.0014335193117567082	0.00040020571462974844
TRD	Pbre1_08G182000	Pbre1_10G094000	Prupe.1G443600.1	0.0979985	0.44751	0.2189861679068624	Conservation	0.5699766394287312	7.238279922634366e-06	0.42322006879794716	0.006795803446863081	2.5004653588267966e-07
TRD	Pbre1_10G515200	Pbre1_10G096200	Prupe.4G043200.1	0.562657	0.361626	1.5559085906433718	Neofunctionalization(Child)	1.3087053779717264e-05	1.1256668006888787e-11	0.9411960956860983	0.04771885181066562	0.01107196543819961
TRD	Pbre1_10G515200	Pbre1_10G096400	Prupe.4G043200.1	0.538751	0.361626	1.4898016182464755	Specialization	1.3141249974084986e-12	5.82517149870578e-34	0.0009198157362341543	5.1339827417869976e-05	0.9990288444350339
TRD	Pbre1_03G395400	Pbre1_10G103000	Prupe.4G172200.1	0.0690248	0.357947	0.19283525214626746	Conservation	0.8524595818755897	0.01710359107102527	0.0027426581773045667	0.12763887604218815	5.529283389229046e-05
TRD	Pbre1_03G395400	Pbre1_10G103200	Prupe.4G172200.1	0.163648	0.357947	0.45718500224893627	Neofunctionalization(Child)	4.802155768787003e-07	2.593088805083436e-19	0.9999989951003514	3.2343984609135167e-07	2.0124422574612524e-07
TRD	Pbre1_02G174600	Pbre1_10G104200	Prupe.7G181700.1	0.621669	0.342924	1.8128477446897855	Subfunctionalization	0.001979749251028201	2.5184840010797017e-07	9.100915414652658e-07	0.9951965158206796	0.0028225729883506663
TRD	Pbre1_03G314400	Pbre1_10G108200	Prupe.4G225000.1	0.121696	0.267328	0.45523102705290874	Conservation	0.999999295439825	4.651433991134879e-07	5.466272984207427e-15	2.3941677028400686e-07	4.48378330515662e-17
TRD	Pbre1_07G443800	Pbre1_10G116400	Prupe.2G295900.1	0.455781	0.31923	1.427751151207593	Neofunctionalization(Child)	0.1760824909317684	5.845760874263905e-05	0.7166902322361756	0.1006536289258816	0.006515190297431788
TRD	Pbre1_13G200800	Pbre1_10G117200	Prupe.1G227300.1	0.30148	0.320068	0.9419248409712936	Specialization	0.05143504798670159	0.0068938510144730845	0.1295076183757294	0.03352987458991073	0.7786336080331853
TRD	Pbre1_03G394600	Pbre1_10G117800	Prupe.4G172700.1	1.43527	0.320102	4.4837895420834615	Neofunctionalization(Parent)	3.3334462090515146e-08	0.9753078892231087	6.396563604753287e-14	0.02469199347466243	8.396770267972858e-08
TRD	Pbre1_16G169400	Pbre1_10G120800	Prupe.1G251800.1	0.798976	0.337094	2.3701875441271576	Subfunctionalization	0.0008623871221750842	0.0007350282813847384	0.07248798000467406	0.9222881743087874	0.0036264302829785806
TRD	Pbre1_10G125600	Pbre1_10G122600	Prupe.8G098000.1	0.0542257	0.473129	0.11461081438677401	Neofunctionalization(Child)	7.715979018022599e-07	9.470026005326361e-11	0.999992743812599	1.3486559197238555e-07	6.349629207025431e-06
TRD	Pbre1_13G323000	Pbre1_10G130400	Prupe.1G013700.1	1.26856	0.356891	3.5544746154988496	Neofunctionalization(Child)	0.00011616994468962636	5.133708714486373e-08	0.9989451977612752	0.0006971391795526785	0.00024144177739508885
TRD	Pbre1_07G127200	Pbre1_10G132000	Prupe.2G107900.1	1.76636	0.329831	5.355348648247133	Neofunctionalization(Child)	9.992273831139121e-05	7.490732426399853e-12	0.9998658377042458	2.366922202002913e-06	3.187262775001931e-05
TRD	Pbre1_01G370000	Pbre1_10G134800	Prupe.2G296200.1	0.110898	0.39269	0.2824059690850289	Subfunctionalization	0.25843972455540354	5.109062120898233e-07	0.26155247292624156	0.4347372548041919	0.04527003680795099
TRD	Pbre1_10G356400	Pbre1_10G136000	Prupe.4G139500.1	0.686804	0.506205	1.3567704783635088	Neofunctionalization(Parent)	0.1434626716367394	0.7464728602102333	0.0010611509911249899	0.1077992198991641	0.0012040972627381838
TRD	Pbre1_17G136000	Pbre1_10G137000	Prupe.3G240400.1	0.190998	0.286749	0.66608078842472	Conservation	0.5015904449271795	0.0032695757095934984	0.2580783160696594	0.22331229042637846	0.013749372867189072
TRD	Pbre1_03G386200	Pbre1_10G144800	Prupe.4G177700.1	0.577595	0.571031	1.0114949976446113	Conservation	0.9705293638890318	0.012212629801253023	0.01660418788546434	4.1251817939519794e-05	0.0006125666063112495
TRD	Pbre1_08G112200	Pbre1_10G153200	Prupe.1G407900.1	0.390714	0.320151	1.2204053712154577	Conservation	0.7501248716612495	0.1315408696121371	0.0007438538061571158	0.040635812476746754	0.07695459244370957
TRD	Pbre1_08G125200	Pbre1_10G156000	Prupe.1G416400.1	1.49338	0.624583	2.3910032773866723	Specialization	1.9141162540645434e-06	0.0015617274982087286	0.00018794578849256187	0.0026943669520980863	0.9955540456449465
TRD	Pbre1_05G149600	Pbre1_10G159400	Prupe.8G123800.1	0.24227	0.40839	0.5932319596464165	Subfunctionalization	4.338430100988219e-05	0.07598412926739961	1.4325010358494742e-06	0.92397105387614	5.441470189197871e-11
TRD	Pbre1_10G562800	Pbre1_10G160800	Prupe.4G016700.1	0.200995	0.361056	0.5566864973854472	Subfunctionalization	0.20802466392093066	0.00016391029551304215	0.002789074988414443	0.7890223507949493	1.9256715874102395e-13
TRD	Pbre1_02G246800	Pbre1_10G166800	Prupe.7G142700.1	0.963142	0.262965	3.6626243036145496	Subfunctionalization	2.936331556179505e-22	3.961086138222868e-22	7.507188452969264e-29	1.0	4.3346879033422486e-33
TRD	Pbre1_05G163200	Pbre1_10G167800	Prupe.8G131700.1	0.314385	0.373619	0.841458812319502	Subfunctionalization	0.01720199129626638	0.010814056304045468	0.0010631121921627245	0.9709139543579693	6.88584955592498e-06
TRD	Pbre1_16G288200	Pbre1_10G168400	Prupe.1G137300.1	1.19792	1.0592	1.1309667673716013	Subfunctionalization	0.060575591931980845	0.0002297548787456685	4.4596684170190575e-08	0.9391934362843525	1.1723082366471973e-06
TRD	Pbre1_16G099800	Pbre1_10G172600	Prupe.1G293400.1	0.558883	0.436917	1.2791514177750007	Conservation	0.9974099339154385	0.0003173498858724527	0.001925729004929958	3.675408019771115e-07	0.000346619652957061
TRD	Pbre1_05G172200	Pbre1_10G176800	Prupe.8G138100.1	0.27119	0.381519	0.7108164993093398	Subfunctionalization	1.1320450325401279e-07	1.5798645955101124e-08	1.9379479208652827e-14	0.9999998709968314	4.206999639231449e-26
TRD	Pbre1_05G177400	Pbre1_10G180600	Prupe.8G140600.1	0.157672	0.35667	0.44206689657106013	Subfunctionalization	0.0012112826684298917	2.315611494614251e-06	4.972026367583707e-06	0.9987687592421075	1.2670451600482394e-05
TRD	Pbre1_04G164000	Pbre1_10G188200	Prupe.6G235000.1	0.215393	0.383551	0.5615759051599396	Subfunctionalization	0.003950982337817095	2.4275573229893525e-09	3.67758560502909e-08	0.9960489457294369	3.272933258016034e-08
TRD	Pbre1_07G193800	Pbre1_10G190400	Prupe.2G146800.1	0.256811	0.325914	0.7879716735089626	Neofunctionalization(Parent)	0.07498916338822323	0.7581482937125373	0.005012448714642573	0.00419210500991069	0.15765798917468607
TRD	Pbre1_13G343200	Pbre1_10G191000	Prupe.1G026500.1	0.122195	0.318475	0.38368788758929273	Subfunctionalization	0.003053002655950978	9.040027539301921e-05	1.8204442525340692e-05	0.9968145395274346	2.385309869614076e-05
TRD	Pbre1_16G291000	Pbre1_10G191200	Prupe.1G138800.1	4.16326	0.469369	8.86990832372824	Conservation	0.7839152395790684	4.439539315875331e-05	4.1915835373541515e-05	5.314226299259835e-06	0.21599313496610015
TRD	Pbre1_15G686000	Pbre1_10G195200	Prupe.1G528500.1	0.570617	0.308086	1.852135442701064	Subfunctionalization	1.7159545666559125e-14	1.8023763383826687e-20	7.89644831280383e-17	0.9999999999999327	4.9909441842576797e-14
TRD	Pbre1_09G473800	Pbre1_10G200600	Prupe.3G010700.1	0.283906	0.3055	0.929315875613748	Specialization	1.8065139966903372e-07	4.949856998554089e-09	1.2123221069850817e-10	6.081190278875909e-11	0.9999998142166991
TRD	Pbre1_05G210000	Pbre1_10G210800	Prupe.8G161000.1	0.190419	0.242902	0.7839334381767132	Subfunctionalization	0.2219462972069363	0.00018151787280312666	0.047333847185792095	0.728798978301738	0.001739359432730473
TRD	Pbre1_05G210000	Pbre1_10G211000	Prupe.8G161000.1	0.168698	0.242902	0.6945105433466994	Subfunctionalization	0.0003071130274661753	1.185922965972096e-08	4.7506724333094706e-05	0.9996453596860921	8.702878817598017e-09
TRD	Pbre1_05G210000	Pbre1_10G211200	Prupe.8G161000.1	0.178115	0.242902	0.7332792648887205	Subfunctionalization	0.3131814563483889	0.03981396457897755	0.0004833656983873315	0.6369470883994104	0.009574124974835804
TRD	Pbre1_05G219000	Pbre1_10G220000	Prupe.8G165500.1	0.292756	0.53158	0.5507280183603597	Conservation	0.9999606270952205	3.178038010226248e-07	1.1142828523325425e-05	2.321409388808162e-05	4.698178567128433e-06
TRD	Pbre1_05G224000	Pbre1_10G224200	Prupe.8G167900.1	0.255346	0.38254	0.667501437758143	Subfunctionalization	0.030838665585205052	2.3520843086115066e-05	0.0031905497415785798	0.965926265985856	2.099784427429154e-05
TRD	Pbre1_05G229600	Pbre1_10G229000	Prupe.8G170300.1	0.130712	0.252913	0.5168259440993543	Subfunctionalization	3.050237502402187e-16	2.3724083910762556e-22	5.771731987530931e-17	0.9999999999999996	9.01522807830091e-18
TRD	Pbre1_05G230200	Pbre1_10G230600	Prupe.8G170700.1	0.169218	0.425924	0.39729623125252395	Conservation	0.999701468138488	1.3760363499159996e-09	0.000298529832072251	3.3896431712166153e-10	3.1443908460304736e-10
TRD	Pbre1_15G228600	Pbre1_10G235200	Prupe.1G485100.1	1.6899	0.756234	2.2346257904299462	Subfunctionalization	1.0979152200009993e-05	0.0018194776029404295	0.00015805541233738143	0.9980114856402857	2.192236469533696e-09
TRD	Pbre1_05G240800	Pbre1_10G237400	Prupe.8G176300.1	0.403265	0.357481	1.1280739395939925	Subfunctionalization	0.004874048007216689	0.0007322808888536477	5.470450816662332e-05	0.9943387759732225	1.9062254063120784e-07
TRD	Pbre1_10G238800	Pbre1_10G246000	Prupe.8G176300.1	0.165832	0.39026	0.42492697176241484	Subfunctionalization	9.126550247392608e-24	2.673122791741216e-21	2.5033498184074323e-32	1.0	5.462647772883401e-37
TRD	Pbre1_05G592800	Pbre1_10G262800	Prupe.4G008500.1	0.745453	0.633294	1.1771041569950134	Subfunctionalization	0.059174239188101704	0.000373174706704054	0.0014606643452255213	0.9389917145053218	2.0725464689464657e-07
TRD	Pbre1_10G263600	Pbre1_10G265600	Prupe.8G188000.1	0.249781	0.384299	0.6499652614240474	Subfunctionalization	0.0008040983603114418	8.947932431279318e-06	4.522313220987138e-08	0.9991869072721524	1.2119726434082458e-09
TRD	Pbre1_05G272600	Pbre1_10G266800	Prupe.8G188700.1	0.227177	0.339104	0.6699331178635463	Conservation	0.974652080473209	0.000890683621114252	0.024432817121491687	5.011408639341022e-06	1.9407375545737126e-05
TRD	Pbre1_10G186800	Pbre1_10G268200	Prupe.8G144400.1	2.41257	0.45395	5.31461614715277	Conservation	0.8149304719215749	0.04790809827624552	2.7805284319765242e-08	0.13716140199689542	1.4724526833879938e-19
TRD	Pbre1_08G316800	Pbre1_10G270400	Prupe.6G192700.1	1.01908	1.10128	0.9253595815778003	Specialization	0.00965613521614908	2.942093802749145e-05	0.00021063357491558717	3.6507928115488283e-06	0.9901001594780963
TRD	Pbre1_17G031400	Pbre1_10G270600	Prupe.3G299300.1	1.23027	0.355173	3.463861273238675	Conservation	0.8100956888168321	0.00015881519428421323	0.01278758507447119	3.360761330489918e-05	0.17692430330110737
TRD	Pbre1_05G287400	Pbre1_10G282000	Prupe.8G196600.1	0.160179	0.757581	0.21143481687106724	Specialization	0.027081132998479668	0.010724089328757335	0.03413315822167969	0.4113226950483586	0.5167389244027246
TRD	Pbre1_07G403000	Pbre1_10G282400	Prupe.2G274500.1	0.256099	0.273423	0.9366402972683351	Conservation	0.9983346259401809	0.00016511682128496813	2.6965062490306624e-05	0.0014732915307907055	6.452533736831409e-10
TRD	Pbre1_07G403000	Pbre1_10G282600	Prupe.2G274500.1	0.263071	0.273423	0.9621392494413417	Subfunctionalization	0.05981362955343016	1.1645464222581882e-07	4.5527455344877137e-07	0.9401857485096082	5.0207765784223293e-08
TRD	Pbre1_01G328200	Pbre1_10G282800	Prupe.2G274700.1	0.0263614	0.918702	0.02869417939658344	Subfunctionalization	2.4146210171158238e-06	4.960134458020442e-07	1.715144101529032e-05	0.9999795076703003	4.302542215368649e-07
TRD	Pbre1_17G038400	Pbre1_10G304000	Prupe.3G294600.1	0.0702142	0.230107	0.305137175314093	Conservation	0.635270645795835	0.1429500831269424	0.019113627149015013	0.002351051544486611	0.20031459238372096
TRD	Pbre1_10G368200	Pbre1_10G315000	Prupe.4G134000.1	0.365703	0.363497	1.0060688258775174	Subfunctionalization	0.0001983169273325477	8.173034988292041e-10	0.0001415052526985287	0.999660177002633	3.251674897503146e-14
TRD	Pbre1_05G337200	Pbre1_10G321000	Prupe.8G221300.1	0.160755	0.309468	0.5194559695994416	Subfunctionalization	3.910511399494375e-11	2.5845523640486322e-17	8.577380567692494e-12	0.9999999999523175	2.8697284540650314e-19
TRD	Pbre1_03G142400	Pbre1_10G326800	Prupe.6G079100.1	0.402012	0.41357	0.9720530986290108	Conservation	0.9985166676987113	5.667454679531891e-05	4.752108636628809e-06	0.00035163725790921213	0.0010702683879477
TRD	Pbre1_05G344800	Pbre1_10G328800	Prupe.8G225300.1	0.16494	0.344996	0.478092499623184	Conservation	0.9992873738052526	2.9555213077875423e-05	0.00034700606108909544	0.00011283165886814092	0.00022323326171230762
TRD	Pbre1_16G057200	Pbre1_10G334000	Prupe.1G321400.1	0.12531	0.298735	0.4194687599377375	Subfunctionalization	2.193354418197811e-12	6.537597732110111e-18	3.507044242451563e-14	0.9999999999977716	2.6917785175776683e-17
TRD	Pbre1_04G275000	Pbre1_10G334800	Prupe.6G290800.1	0.87383	0.984988	0.8871478637303196	Subfunctionalization	2.1701713174129258e-11	2.506104753221276e-16	1.0189510423076332e-11	0.9999999999680911	1.7456465589125948e-14
TRD	Pbre1_08G094800	Pbre1_10G339800	Prupe.1G393800.1	0.14085	0.327706	0.42980598463256703	Neofunctionalization(Child)	2.691535340757206e-09	1.1585737557225775e-13	0.9998858818490736	6.625459871806847e-08	0.00011404920467662793
TRD	Pbre1_16G335000	Pbre1_10G343600	Prupe.1G016800.1	1.53966	0.547755	2.810855218117589	Neofunctionalization(Child)	3.628728193561173e-05	1.537469874321199e-11	0.9999633820153829	1.508279525778206e-07	1.798593541614123e-07
TRD	Pbre1_15G319400	Pbre1_10G347400	Prupe.7G237800.1	0.269511	0.69376	0.3884787246309963	Conservation	0.9999999938276791	3.461880339715658e-09	2.3027554595709757e-14	2.181639929102456e-09	5.287775110617249e-10
TRD	Pbre1_05G378600	Pbre1_10G358200	Prupe.4G138300.1	0.389177	0.373576	1.0417612480459129	Conservation	0.878039151123289	0.00023829212632023138	2.3704452069249875e-05	0.0011995576973855542	0.12049929460093603
TRD	Pbre1_05G384200	Pbre1_10G363200	Prupe.4G134800.1	0.122463	0.360464	0.33973711660526434	Subfunctionalization	0.06722965633382674	0.020808618054712336	0.0097799318804729	0.8909581175933373	0.011223676137650681
TRD	Pbre1_05G386200	Pbre1_10G365600	Prupe.4G132700.1	0.413736	0.283152	1.4611798609933886	Neofunctionalization(Child)	1.78513451082628e-06	6.339876123550942e-20	0.9999965484246174	1.602956214671238e-06	6.34846571261603e-08
TRD	Pbre1_05G392400	Pbre1_10G371800	Prupe.4G129400.1	0.209468	0.325396	0.6437325597118587	Subfunctionalization	0.00011536423835128486	0.4609888605552558	2.8985001816144413e-08	0.5388957462181732	3.2180259826376194e-12
TRD	Pbre1_05G397600	Pbre1_10G378400	Prupe.4G126200.1	0.251767	0.487358	0.516595603232121	Neofunctionalization(Parent)	0.3244418284456335	0.6692788325222842	5.997988680209847e-08	0.006276354276397175	2.924775798432179e-06
TRD	Pbre1_17G380000	Pbre1_10G399400	Prupe.3G088700.1	0.529944	0.500269	1.0593180868692644	Neofunctionalization(Child)	0.00664278361256674	1.6449770292945073e-12	0.8292532366928763	0.1584226335737822	0.0056813461191298304
TRD	Pbre1_05G419200	Pbre1_10G400800	Prupe.4G112300.1	1.63737	0.279442	5.8594270009518965	Specialization	0.09422328771019951	0.06412409190952642	0.06313777131186595	0.2557174917784947	0.5227973572899134
TRD	Pbre1_05G420000	Pbre1_10G401800	Prupe.4G111800.1	0.197433	0.481183	0.4103075129420615	Neofunctionalization(Child)	4.58589468209239e-05	3.3457573240346064e-06	0.9998724515764514	7.833579541702416e-05	7.923986507807221e-09
TRD	Pbre1_09G306000	Pbre1_10G415400	Prupe.3G040200.1	0.351536	0.354155	0.9926049328683769	Neofunctionalization(Parent)	0.0008260137748605448	0.9991657697958313	4.6352285045308524e-18	8.084362159992016e-06	1.3206714827116592e-07
TRD	Pbre1_05G452400	Pbre1_10G426600	Prupe.4G091400.1	0.434891	0.247912	1.7542152053954632	Neofunctionalization(Child)	0.07104962647134422	3.5547020743884085e-05	0.5014154233703181	0.4231726346363881	0.00432676850120566
TRD	Pbre1_07G499000	Pbre1_10G434000	Prupe.2G322800.1	0.125276	0.779629	0.1606866855901974	Neofunctionalization(Child)	0.0005730432105173594	2.6367072327748783e-10	0.9902672755677593	0.002504290090099548	0.006655390867953024
TRD	Pbre1_10G581600	Pbre1_10G439800	Prupe.4G007900.1	0.19338	0.416221	0.46460894572835104	Subfunctionalization	1.0319368447810118e-20	0.00011216350878803863	4.041705375688711e-12	0.9903899643715374	0.00949787211563291
TRD	Pbre1_16G014600	Pbre1_10G440400	Prupe.1G343600.1	1.78624	0.635163	2.8122544921539823	Neofunctionalization(Parent)	0.0002286438928538214	0.999760018795027	6.556134214722182e-13	7.816927122997978e-06	3.520384340721514e-06
TRD	Pbre1_05G472800	Pbre1_10G446600	Prupe.4G081000.1	0.0927031	0.519801	0.17834344297144486	Conservation	0.8075277551579193	0.00016740038201574638	0.0020764298838126262	0.18812892746859775	0.0020994871076546757
TRD	Pbre1_05G478200	Pbre1_10G451400	Prupe.4G078300.1	0.168771	0.376406	0.4483748930675919	Subfunctionalization	0.003417521015250195	0.018726645804248213	0.06869629542419746	0.9038134193504368	0.0053461184058673315
TRD	Pbre1_05G486400	Pbre1_10G459400	Prupe.4G073400.1	0.423853	0.494415	0.8572818381319337	Neofunctionalization(Parent)	2.7523859377074914e-05	0.8335901041779911	1.072258946638848e-06	0.16638129970317506	5.102603714656008e-13
TRD	Pbre1_09G154200	Pbre1_10G476400	Prupe.3G231800.1	1.74468	0.787051	2.2167305549449785	Conservation	0.9699100115579173	0.029959959182867132	5.561506403956086e-06	1.8508785600301635e-05	0.00010595896721141757
TRD	Pbre1_01G313000	Pbre1_10G491800	Prupe.2G266800.1	1.01841	0.364614	2.79311820171469	Specialization	1.1555604373960546e-17	2.3566922898397492e-26	8.157912735716278e-05	0.09061762394660537	0.9093007969260375
TRD	Pbre1_03G081600	Pbre1_10G499000	Prupe.6G049000.1	0.104651	0.929632	0.1125725018071667	Specialization	4.1567567930338927e-10	0.09912595834663167	1.3251637208737892e-12	1.5390296417276331e-06	0.9008725022067258
TRD	Pbre1_05G526400	Pbre1_10G505600	Prupe.4G047800.1	0.797287	0.666656	1.195949635194163	Conservation	0.9783632598334554	0.02163671870310949	1.246670266404439e-14	1.7866100879581202e-08	3.5973217667745543e-09
TRD	Pbre1_05G195000	Pbre1_10G517400	Prupe.8G150500.1	0.194298	0.299855	0.6479731870404029	Conservation	0.9996228289257081	6.375075969128043e-06	5.861280191305463e-07	0.00035809401920286645	1.2115851100936867e-05
TRD	Pbre1_10G535800	Pbre1_10G533200	Prupe.4G031100.1	0.420207	0.433362	0.9696443158375676	Neofunctionalization(Child)	1.4655584705403066e-06	3.4462558817346605e-12	0.9996908196158008	7.470335976104725e-05	0.0002330114625215957
TRD	Pbre1_02G162400	Pbre1_10G548800	Prupe.7G188800.1	0.546947	0.788407	0.6937368643352989	Conservation	0.7161638519103628	0.00015451230943418462	0.28216119589574995	0.00034512341015734035	0.0011753164742957115
TRD	Pbre1_07G320200	Pbre1_10G551200	Prupe.2G227100.1	1.93188	0.360512	5.3587120539676905	Subfunctionalization	0.00010625705966424748	0.4013996015116715	7.325883962665884e-10	0.5984941096002167	3.1095859246697526e-08
TRD	Pbre1_13G412400	Pbre1_10G570800	Prupe.1G077400.1	1.175	0.296796	3.95894823380369	Subfunctionalization	0.019995736446559585	0.01887217608506782	0.0009531000056308685	0.9601789577404555	2.9722286158713194e-08
TRD	Pbre1_13G412400	Pbre1_10G571200	Prupe.1G077400.1	0.447512	0.296796	1.5078100783029422	Neofunctionalization(Child)	0.000425758511118743	1.4625710551674954e-20	0.9965356813838616	0.002992476079805794	4.608402521399479e-05
TRD	Pbre1_05G595000	Pbre1_10G583400	Prupe.4G007000.1	0.337897	0.384908	0.8778643208247167	Neofunctionalization(Child)	5.164384327812812e-05	1.2459509472618288e-15	0.9996977946432714	0.0002013881955656421	4.91733178835708e-05
TRD	Pbre1_14G321000	Pbre1_10G592400	Prupe.5G167200.1	1.25058	0.460872	2.713508305993855	Neofunctionalization(Child)	0.0004562749681839896	6.16938695734901e-05	0.8447442967278991	0.15473426834327758	3.466091065820002e-06
TRD	Pbre1_16G129000	Pbre1_11G001800	Prupe.1G276700.1	3.67282	0.78939	4.652731856243428	Neofunctionalization(Parent)	0.016447413061799587	0.9819302281622916	0.0014137208233766423	0.00018033841053930388	2.8299541992806428e-05
TRD	Pbre1_12G048000	Pbre1_11G004000	Prupe.7G109000.1	4.06509	0.717074	5.668996505242136	Subfunctionalization	0.0006212861839166894	0.1400683275557159	0.0001616235777051565	0.8363650436099116	0.02278371907275066
TRD	Pbre1_03G012200	Pbre1_11G012200	Prupe.6G005900.1	0.52493	0.272656	1.9252464644093656	Neofunctionalization(Parent)	0.2359660075650303	0.6699415194854877	1.9064271712228494e-05	0.09348239444882482	0.0005910142289449421
TRD	Pbre1_11G378400	Pbre1_11G019200	Prupe.4G197400.1	0.502353	0.517748	0.9702654573267305	Subfunctionalization	4.074889891357496e-18	3.063748447698502e-11	1.9441139006962587e-06	0.9413611455763455	0.058636910279116314
TRD	Pbre1_15G377200	Pbre1_11G020000	Prupe.7G206300.1	1.95315	2.06442	0.9461010840817274	Specialization	1.4570249640328202e-09	0.2625456665077734	0.0005141762118259144	0.065803864206381	0.6711362916169947
TRD	Pbre1_05G531200	Pbre1_11G020600	Prupe.4G044100.1	0.0967435	0.511582	0.18910653619556592	Neofunctionalization(Child)	1.4905343463512411e-05	4.958717115198592e-10	0.9997042206701534	2.8096433273383243e-06	0.00027806384718381144
TRD	Pbre1_11G205600	Pbre1_11G025000	Prupe.6G102400.1	0.611608	0.377445	1.6203897256553936	Neofunctionalization(Child)	6.455159967921473e-08	4.426536266519995e-15	0.8119198054675388	0.18766896340316497	0.00041116657769225626
TRD	Pbre1_04G370800	Pbre1_11G032000	Prupe.6G341500.1	0.706395	0.934891	0.7555907587087692	Conservation	0.5275611898033594	0.014052652112111602	0.0922305614939132	0.34317718527787056	0.02297841131274532
TRD	Pbre1_11G464600	Pbre1_11G049000	Prupe.8G236500.1	0.235625	0.516241	0.45642442192696825	Subfunctionalization	0.0015061290145489572	0.0019447672113546068	0.4713913580916903	0.5251371171293037	2.062855310251479e-05
TRD	Pbre1_04G088800	Pbre1_11G052400	Prupe.5G052300.1	0.160384	0.205382	0.7809058242689232	Neofunctionalization(Parent)	0.0010519106151700782	0.9984807498422047	1.1551500788815095e-11	0.0004576580946336276	9.681436440257045e-06
TRD	Pbre1_09G325000	Pbre1_11G054400	Prupe.3G050700.1	0.682445	0.239373	2.850968989819236	Specialization	4.1812144469635554e-05	9.167143640295569e-09	0.10480048851500612	0.16657822082039667	0.7285794693529839
TRD	Pbre1_10G289600	Pbre1_11G058600	Prupe.8G202000.1	0.564351	0.532525	1.0597643303131308	Neofunctionalization(Child)	0.0006359014305025351	2.640679973543008e-06	0.8973090252436224	0.0009843352566396779	0.10106809738926166
TRD	Pbre1_08G041400	Pbre1_11G089400	Prupe.1G372600.1	0.0572793	1.24598	0.045971283648212645	Subfunctionalization	0.000502421852548272	0.0001478601906559321	0.0001233763351440082	0.9992263416206992	9.524900464653627e-13
TRD	Pbre1_09G008000	Pbre1_11G097400	Prupe.3G312000.1	0.514601	0.31527	1.6322548926317124	Subfunctionalization	1.3387941923786812e-07	0.00021579874821976572	1.3452412391262116e-09	0.9997840660271197	9.954178666509166e-18
TRD	Pbre1_13G343800	Pbre1_11G100000	Prupe.1G027100.1	0.161815	0.304674	0.5311086604042353	Conservation	0.9807705390955255	0.0006465043935428397	0.012938667570600295	0.005641004473898608	3.2844664329948875e-06
TRD	Pbre1_13G343400	Pbre1_11G100200	Prupe.1G026900.1	0.560042	1.06769	0.5245361481328851	Subfunctionalization	6.310635102966407e-18	7.820531661931558e-17	1.1663306939853908e-25	1.0	6.287801925105471e-30
TRD	Pbre1_04G311800	Pbre1_11G101000	Prupe.6G309400.1	1.2302	1.56568	0.7857288845741147	Conservation	0.9862248713497435	0.006648011151044959	0.005135269977131751	0.0008386364157425027	0.0011532111063371972
TRD	Pbre1_03G095000	Pbre1_11G103000	Prupe.6G053100.1	0.230274	0.447592	0.5144730021984307	Subfunctionalization	0.0005713761753286896	1.4406689199857985e-05	2.160181656999214e-11	0.999413877680806	3.394330634525481e-07
TRD	Pbre1_01G344600	Pbre1_11G110800	Prupe.2G284500.1	0.478559	0.370477	1.2917374088000064	Subfunctionalization	0.016173064867292728	2.765766543925823e-05	0.007082121434831729	0.9767171485840075	7.448428846332798e-09
TRD	Pbre1_03G121000	Pbre1_11G125800	Prupe.6G065800.1	0.158627	0.232349	0.6827100611579994	Subfunctionalization	0.015903733046415274	0.013874882377974714	2.991768042104315e-08	0.9702213546579296	1.6836246152322246e-21
TRD	Pbre1_11G180000	Pbre1_11G127400	Prupe.6G090300.1	0.438904	0.254788	1.722624299417555	Specialization	0.2564837481944106	0.0033629494767810153	0.0001213981431756984	0.022473163490096877	0.7175587406955358
TRD	Pbre1_15G330000	Pbre1_11G136000	Prupe.7G232900.1	0.190543	0.398336	0.47834742528920304	Conservation	0.9008668196218635	0.00014437896407482314	8.016906669258216e-05	0.0001362235051105563	0.09877240884225857
TRD	Pbre1_05G363800	Pbre1_11G145000	Prupe.4G148400.1	0.976126	0.291422	3.349527489345348	Conservation	0.6969575575924246	0.04665305206844058	0.02645668829127332	0.22774356271985532	0.0021891393280062455
TRD	Pbre1_13G207800	Pbre1_11G148800	Prupe.1G224200.1	0.895044	0.73026	1.2256511379508668	Conservation	0.9477747096481781	0.03745890804315769	0.012052723364915632	0.0014298579025786382	0.0012838010411698568
TRD	Pbre1_16G070600	Pbre1_11G151200	Prupe.1G313700.1	2.07302	0.61433	3.3744404473165885	Specialization	8.053778328916872e-05	7.903025833384146e-07	1.0385705657267832e-06	0.00031809375500593974	0.999599539588556
TRD	Pbre1_10G151400	Pbre1_11G156400	Prupe.8G118000.1	0.969338	0.557427	1.7389505711061717	Subfunctionalization	2.3033462305206853e-07	4.01156444983112e-08	8.062848851687726e-07	0.9992590928092144	0.0007398304556328366
TRD	Pbre1_03G134400	Pbre1_11G162800	Prupe.6G074600.1	0.490708	0.265574	1.847726057520691	Specialization	0.036138700752188536	0.024933684116734425	0.0008482900464687428	1.1746127236153416e-05	0.9380675789573721
TRD	Pbre1_11G133600	Pbre1_11G163200	Prupe.6G068000.1	0.703076	0.205612	3.419430772523005	Conservation	0.8165109141301845	0.08661611919744688	0.032957186735527846	0.04212787763285475	0.021787902303985855
TRD	Pbre1_03G405600	Pbre1_11G179200	Prupe.4G162000.1	0.232625	0.407769	0.5704823073848184	Subfunctionalization	0.012110751323058565	0.0004060197259816441	7.928810456533786e-05	0.9824690738578384	0.004934866988556074
TRD	Pbre1_14G251200	Pbre1_11G180400	Prupe.5G130400.1	0.936004	0.674373	1.3879618549378459	Conservation	0.716434169562017	0.0013236120731437099	0.013107642058591815	0.0011491585360536524	0.2679854177701939
TRD	Pbre1_03G165400	Pbre1_11G185000	Prupe.6G092200.1	0.174581	0.435257	0.4010986612507093	Subfunctionalization	3.637811428100162e-05	3.6503904315566555e-08	3.3006711498823295e-06	0.9999596771918093	6.075188555967554e-07
TRD	Pbre1_03G165400	Pbre1_11G185200	Prupe.6G092200.1	0.542462	0.435257	1.24630275905959	Conservation	0.6173188854030225	7.290667432440125e-05	0.3819531265047671	0.0006547391826416754	3.4223524432733205e-07
TRD	Pbre1_07G395200	Pbre1_11G195600	Prupe.2G269800.1	0.264888	0.843697	0.31396105473884584	Specialization	2.8319090884637873e-09	8.268341930114749e-09	0.0022150264342093062	3.146928190859576e-06	0.9977818155373488
TRD	Pbre1_16G329600	Pbre1_11G214800	Prupe.1G013500.1	0.415627	0.407411	1.020166367623849	Subfunctionalization	6.195945859392413e-05	0.0003329410597958315	5.485138270940378e-07	0.9996038358369029	7.151308803250523e-07
TRD	Pbre1_03G197000	Pbre1_11G220400	Prupe.6G112300.1	0.143802	0.28072	0.5122613280136791	Subfunctionalization	5.561013055836459e-09	3.47950881813165e-14	5.005567755649817e-10	0.9999999939383952	4.375922186381653e-36
TRD	Pbre1_11G206200	Pbre1_11G223200	Prupe.6G102800.1	0.581112	0.46866	1.2399436691844832	Subfunctionalization	9.196992517594292e-05	1.7419929762745395e-07	2.4649733464412603e-06	0.9999053907887336	1.1344634425703504e-10
TRD	Pbre1_12G333800	Pbre1_11G240400	Prupe.6G305400.1	4.41403	0.296401	14.892088758135094	Conservation	0.9494482433544049	1.8043156369852276e-09	0.0018867849506580957	0.0486649698901173	5.039674679313235e-13
TRD	Pbre1_03G221000	Pbre1_11G241800	Prupe.6G126500.1	0.397853	0.321005	1.2393981402158847	Conservation	0.9823020294995991	0.014759816179167448	0.0004456736566172384	0.0024455896453309226	4.689101928538361e-05
TRD	Pbre1_03G221000	Pbre1_11G242000	Prupe.6G126500.1	0.681656	0.321005	2.1235058643946356	Conservation	0.9839209918603734	1.188811413970137e-06	0.013553263678619972	0.00011017693608976608	0.0024143787135027855
TRD	Pbre1_03G221000	Pbre1_11G242200	Prupe.6G126500.1	0.199582	0.321005	0.6217410943754771	Conservation	0.7383758673896389	0.002633236181857636	0.009225534422116544	0.23078354867493256	0.018981813331454312
TRD	Pbre1_11G314200	Pbre1_11G244800	Prupe.4G245700.1	0.10095	0.314369	0.32111944880061327	Subfunctionalization	0.06042378778483358	7.488914504526741e-08	4.565286684487346e-06	0.9395569571193632	1.4614919973864125e-05
TRD	Pbre1_13G340400	Pbre1_11G248800	Prupe.1G023700.1	0.444113	0.397093	1.118410548662404	Subfunctionalization	0.0009756721037874613	0.0002622064751843121	5.864881614913255e-05	0.9947495472768341	0.003953925328044849
TRD	Pbre1_05G119600	Pbre1_11G255200	Prupe.8G097400.1	0.277832	0.607296	0.45749025187058706	Specialization	0.01744841698420935	0.0005011112284401332	8.583741281737954e-07	1.7955967547110536e-05	0.9820316574456753
TRD	Pbre1_16G106400	Pbre1_11G256400	Prupe.1G289000.1	0.54072	0.311829	1.734027303425916	Specialization	0.038103270864413966	0.00015768183687408022	0.0003749257156154742	0.004699513683551066	0.9566646078995454
TRD	Pbre1_15G003000	Pbre1_11G257200	Prupe.1G354900.1	1.23188	0.3013	4.088549618320611	Subfunctionalization	0.00037618776757922907	7.648248804248763e-06	1.76260525729476e-07	0.9996158589875843	1.2873550642197257e-07
TRD	Pbre1_03G244200	Pbre1_11G265000	Prupe.6G143800.1	0.797211	0.36363	2.192368616450788	Specialization	0.27405689856538634	0.003963217614984565	0.0004898232197725327	1.0356979563117126e-05	0.7214797036202935
TRD	Pbre1_02G315600	Pbre1_11G265200	Prupe.2G147100.1	0.26351	0.327896	0.8036389586942201	Specialization	1.653416912647752e-10	8.198974574212649e-18	1.4604596473121977e-13	9.278490212078741e-06	0.9999907213443002
TRD	Pbre1_04G293400	Pbre1_11G274800	Prupe.6G301000.1	0.0784348	0.284422	0.27576910365583535	Subfunctionalization	0.021407414678307625	2.29322436428966e-05	0.0009977726661180965	0.9775515476326984	2.0332779233004434e-05
TRD	Pbre1_15G746400	Pbre1_11G276800	Prupe.1G566600.1	0.288375	0.338873	0.850982521475597	Subfunctionalization	3.6131750650193557e-08	2.7122275955675958e-12	1.5916016902744685e-09	0.9999999622652128	8.72261725984955e-12
TRD	Pbre1_11G403800	Pbre1_11G279800	Prupe.4G182900.1	0.308772	0.36348	0.8494882799603829	Conservation	0.733429029184313	0.0015333291555595125	0.2527076208678481	0.0003659455285280938	0.011964075263751501
TRD	Pbre1_03G258400	Pbre1_11G283600	Prupe.6G155700.1	0.331645	0.399714	0.8297057396038168	Conservation	0.9998584263052014	1.2456090176116788e-13	1.8613215083526113e-07	0.00014138755883297776	3.690362417746753e-12
TRD	Pbre1_09G414600	Pbre1_11G286200	Prupe.3G140300.1	5.22265	0.474317	11.01088512534866	Conservation	0.6360994505676065	0.002684107627497894	0.3573927698184869	0.0004017364642925881	0.0034219355221160198
TRD	Pbre1_11G233000	Pbre1_11G287400	Prupe.6G119300.1	1.16032	1.35069	0.8590572226047428	Subfunctionalization	1.6854256823251054e-29	1.5251823309765909e-34	1.650238371132256e-30	1.0	5.388404072374569e-26
TRD	Pbre1_03G275400	Pbre1_11G299400	Prupe.4G257100.1	0.27117	0.267553	1.0135188168325528	Conservation	0.5164832435873192	3.8349488164013406e-07	0.4835028118007987	1.3327687671941212e-05	2.3342932853150004e-07
TRD	Pbre1_13G463000	Pbre1_11G314000	Prupe.1G099000.1	1.0435	1.09241	0.9552274329235361	Neofunctionalization(Child)	0.11880233684491831	6.046939140182114e-09	0.8581557919647381	0.0016008712488583291	0.02144099389454601
TRD	Pbre1_03G294800	Pbre1_11G315800	Prupe.4G243700.1	0.153048	0.244041	0.627140521469753	Conservation	0.9999999804327971	1.6030495978552652e-10	4.046961198118609e-12	1.9349406920429994e-08	5.344391449810181e-11
TRD	Pbre1_09G243200	Pbre1_11G316800	Prupe.3G179600.1	0.176785	0.346848	0.509690123627641	Specialization	0.004454306444317601	1.3362028839347194e-05	7.272741112061311e-05	0.1893393337841124	0.80612027033161
TRD	Pbre1_12G238600	Pbre1_11G318000	Prupe.6G253500.1	0.612341	0.373178	1.6408818311904776	Specialization	9.364588005845016e-07	9.026759108915911e-13	8.126712984290311e-07	0.024971667735772352	0.975026583133226
TRD	Pbre1_14G413200	Pbre1_11G320200	Prupe.5G220200.1	0.545444	0.349007	1.562845444360715	Neofunctionalization(Child)	0.3766882085686034	0.0018726526524299007	0.4226639019998153	0.19865427349870388	0.00012096328044752215
TRD	Pbre1_03G307400	Pbre1_11G325600	Prupe.4G236100.1	0.136459	0.495572	0.27535655767476774	Neofunctionalization(Child)	3.5589681160126934e-05	3.523539254340863e-11	0.9436684028319287	0.05629600685263748	5.990383362961554e-10
TRD	Pbre1_03G311000	Pbre1_11G329800	Prupe.4G231800.1	0.238408	0.370495	0.643485067274862	Subfunctionalization	7.436537909427031e-06	0.0011173307377168457	7.084430942796006e-05	0.9945527945613211	0.004251593853624648
TRD	Pbre1_11G472000	Pbre1_11G337800	Prupe.8G239900.1	0.798684	0.445597	1.7923908823443604	Neofunctionalization(Parent)	3.460272361157418e-06	0.9997280387263444	4.4839512403623976e-17	0.0002685009166701789	8.462442559909436e-11
TRD	Pbre1_04G355400	Pbre1_11G347400	Prupe.6G333700.1	0.240947	0.257513	0.9356692671826277	Specialization	3.700375266089933e-05	0.21998200659733996	3.664360652962814e-05	0.21289241994336686	0.5670519261001027
TRD	Pbre1_07G168600	Pbre1_11G347600	Prupe.2G134500.1	0.539305	0.327729	1.6455821730759257	Conservation	0.8040893014023973	0.03158989129451593	0.16286523664095015	0.0014553372584033201	2.3340373325664696e-07
TRD	Pbre1_03G326800	Pbre1_11G350800	Prupe.4G216100.1	0.168503	0.369556	0.4559606663130892	Neofunctionalization(Parent)	0.25245162201455795	0.6306361995044351	2.7532370769916143e-05	0.11675696600417984	0.00012768010605726992
TRD	Pbre1_15G758600	Pbre1_11G353600	Prupe.1G575200.1	0.249668	1.15316	0.2165076832356308	Neofunctionalization(Parent)	1.4313534959646156e-07	0.9765522704952081	1.042946782347782e-12	0.023447576049924704	1.0318474522357138e-08
TRD	Pbre1_03G329800	Pbre1_11G354600	Prupe.4G213800.1	0.234644	0.440335	0.5328761056922571	Neofunctionalization(Child)	0.05695229786212692	6.394600807479962e-05	0.9354168756160928	0.005234604842695664	0.0023322756710099503
TRD	Pbre1_10G556600	Pbre1_11G360000	Prupe.4G019600.1	1.90351	0.81368	2.3393840330351	Specialization	7.852249939520621e-17	5.60872064848174e-12	0.28249576259078485	0.1635236975704128	0.5539805398331935
TRD	Pbre1_13G018800	Pbre1_11G366800	Prupe.1G342300.1	1.57693	0.475327	3.3175687474096778	Subfunctionalization	0.17218622313364396	0.3674234781150559	2.7112411931535605e-05	0.4113998418242712	0.048963344515097526
TRD	Pbre1_16G358000	Pbre1_11G368400	Prupe.1G035100.1	0.731723	0.365896	1.9998114218247809	Neofunctionalization(Child)	0.0043403345945658214	0.0006140265352882038	0.9918570387005033	2.6529753785959738e-06	0.003185947194263898
TRD	Pbre1_01G340200	Pbre1_11G376000	Prupe.2G281900.1	0.377495	0.274877	1.3733233409852408	Conservation	0.527548989229122	0.007121702524838818	0.02812527280353981	0.35981775378687747	0.07738628165562184
TRD	Pbre1_03G023000	Pbre1_11G389600	Prupe.6G014100.1	0.457378	0.600707	0.7613994842743634	Neofunctionalization(Child)	0.06727229974442575	5.363376505578529e-05	0.9300873128724727	0.0020106913460690764	0.0005760622719765588
TRD	Pbre1_03G370000	Pbre1_11G391600	Prupe.4G188600.1	0.153657	0.353069	0.43520388366013435	Neofunctionalization(Parent)	4.053361123832844e-07	0.9999889614966511	6.031300652699041e-17	1.0310863018399604e-05	3.2230421828594776e-07
TRD	Pbre1_01G151800	Pbre1_11G393800	Prupe.2G174200.1	0.298163	0.482157	0.6183940085905628	Neofunctionalization(Parent)	4.98107173536815e-07	0.99999732865384	3.0153396133265923e-16	7.764121879573928e-07	1.3968267982913411e-06
TRD	Pbre1_05G005600	Pbre1_11G399600	Prupe.8G005700.1	0.431586	0.335342	1.2870025227976216	Neofunctionalization(Child)	1.5919260895841692e-05	9.186050226407861e-08	0.8086056399998011	0.19007920325791136	0.0012991456208895605
TRD	Pbre1_04G382400	Pbre1_11G404000	Prupe.6G348500.1	0.266842	0.696548	0.38309204821491133	Neofunctionalization(Child)	0.4433375164493596	2.8829623666651855e-08	0.554188626934158	0.002293853480237064	0.00017997430662160604
TRD	Pbre1_04G123800	Pbre1_11G414600	Prupe.5G083300.1	0.490579	0.270343	1.8146539766148928	Conservation	0.8507265309854785	4.4999153286392026e-07	0.05177606252607831	0.023944141273350244	0.07355281522356033
TRD	Pbre1_11G409000	Pbre1_11G415200	Prupe.4G180500.1	1.88029	3.91012	0.48087782472149193	Neofunctionalization(Child)	0.040001308740930934	0.001086346397103321	0.8630651346428304	0.09554191944511313	0.00030529077402229905
TRD	Pbre1_12G353800	Pbre1_11G430200	Prupe.6G318700.1	0.172473	0.407013	0.42375304965689053	Conservation	0.6756927849561148	0.00023844149266671376	0.011212529585762363	0.16106606639799217	0.1517901775674638
TRD	Pbre1_13G414000	Pbre1_11G444600	Prupe.1G079000.1	0.906868	0.466105	1.945630276439858	Subfunctionalization	0.0082798948966117	0.07765007840352936	0.0007892463613086945	0.9132805370063078	2.433322423949268e-07
TRD	Pbre1_06G242400	Pbre1_11G451000	Prupe.5G146900.1	3.04894	1.35275	2.253882831269636	Conservation	0.8268828401506592	5.03615084671276e-06	0.17152557736184756	0.0015849897894974414	1.5565471490616414e-06
TRD	Pbre1_09G076000	Pbre1_11G456400	Prupe.3G272100.1	0.0994813	0.288267	0.3451012429449087	Neofunctionalization(Child)	2.5949661946786794e-07	6.221206146443222e-17	0.9999978199419768	2.555267147661029e-07	1.6650346888875004e-06
TRD	Pbre1_04G102800	Pbre1_11G457800	Prupe.5G064700.1	0.157934	0.349101	0.45240202692057596	Neofunctionalization(Parent)	4.101051536700455e-09	0.9999571463806536	6.35116964114943e-12	2.896874776930708e-05	1.388076417437624e-05
TRD	Pbre1_03G424600	Pbre1_11G459000	Prupe.8G234100.1	0.412067	0.477372	0.8631989308128671	Neofunctionalization(Child)	1.4456242421369942e-07	7.256010394485434e-09	0.9998745599191841	0.00011707214843385053	8.216113947647166e-06
TRD	Pbre1_03G390000	Pbre1_11G460800	Prupe.4G175900.1	0.583487	0.360271	1.6195780398644353	Neofunctionalization(Parent)	0.035010338979800534	0.7961314520723978	0.006721143698893576	0.16191178972572493	0.00022527552318324872
TRD	Pbre1_11G494000	Pbre1_11G461000	Prupe.8G250900.1	0.345862	0.260576	1.3272979860002458	Neofunctionalization(Parent)	0.352660022145214	0.6372240691749931	2.7450424237770285e-06	0.0097591007985063	0.000354062838862835
TRD	Pbre1_03G434000	Pbre1_11G469400	Prupe.8G238700.1	0.164427	0.742745	0.22137745794317026	Subfunctionalization	9.83722349563006e-05	0.00017271225579591938	0.0392020742954942	0.9589536888844546	0.001573152329298777
TRD	Pbre1_11G459800	Pbre1_11G475400	Prupe.8G234500.1	0.434544	0.263556	1.6487729363019623	Subfunctionalization	6.067049913294724e-08	0.0001858833471940352	0.00010143131892409057	0.9787318582728275	0.02098076639055528
TRD	Pbre1_03G425000	Pbre1_11G476600	Prupe.8G234500.1	1.20541	0.256984	4.6906033060424	Neofunctionalization(Child)	0.0032946861299018334	4.301207340407406e-06	0.9966866928856114	3.3225992794330416e-06	1.0997177866804269e-05
TRD	Pbre1_03G483600	Pbre1_11G522000	Prupe.8G266800.1	0.163292	0.296738	0.550290154951506	Neofunctionalization(Parent)	0.03598974470716154	0.9414095077185287	3.9553959471919455e-05	0.008807262866890717	0.01375393074794718
TRD	Pbre1_11G519200	Pbre1_11G523400	Prupe.8G259800.1	0.483226	0.413509	1.1685985069248794	Subfunctionalization	0.00010216388462630495	0.0011619330779071685	6.378192946943674e-05	0.9908867980223794	0.007785323085617724
TRD	Pbre1_03G486200	Pbre1_11G524600	Prupe.8G271300.1	0.169882	0.260109	0.6531185003210194	Subfunctionalization	0.0012426329243305657	0.3341926769133973	0.0005342433495446934	0.6640304468059426	6.784775679014735e-12
TRD	Pbre1_07G382400	Pbre1_11G529400	Prupe.2G263500.1	0.651003	0.402459	1.617563528210327	Neofunctionalization(Child)	0.21944371447378588	0.00043074498282250724	0.7543752655934663	0.015698342222291228	0.01005193272763421
TRD	Pbre1_05G259000	Pbre1_12G001200	Prupe.8G182300.1	0.33137	0.657392	0.5040675882882664	Specialization	2.43111423226682e-20	1.4818734863986188e-24	5.311111700517409e-07	0.009740117119841463	0.9902593517689885
TRD	Pbre1_14G004400	Pbre1_12G006200	Prupe.7G003500.1	0.212564	0.334848	0.6348074350152906	Conservation	0.9500627932896935	0.021872694350344696	0.01713923969118243	0.0006938429209800704	0.010231429747799423
TRD	Pbre1_16G102400	Pbre1_12G012200	Prupe.1G299800.1	0.0968349	0.287836	0.33642386636834865	Conservation	0.9999656954983164	4.03185445505554e-09	3.4297585507927434e-05	2.787244086804661e-09	9.707721556326495e-11
TRD	Pbre1_16G059800	Pbre1_12G015600	Prupe.1G320100.1	0.901331	0.289222	3.1163984759112378	Neofunctionalization(Parent)	0.35272879816513897	0.5465398814714398	0.002857494528109178	0.0023078198314997584	0.09556600600381228
TRD	Pbre1_03G329400	Pbre1_12G020000	Prupe.4G214000.1	1.01808	0.925957	1.099489501132342	Conservation	0.9182237130831216	0.07871832236231834	0.0028808889820107087	4.12556433678759e-07	0.00017666301611556437
TRD	Pbre1_14G028800	Pbre1_12G033800	Prupe.7G116000.1	0.173819	0.747361	0.23257702770147223	Subfunctionalization	2.1526433420474566e-09	1.2791164769920549e-10	4.890134327532007e-13	0.999999997718956	1.5739422008604201e-18
TRD	Pbre1_15G407400	Pbre1_12G047800	Prupe.7G188500.1	1.91435	0.332147	5.763562519005139	Subfunctionalization	1.2912130098234282e-08	2.3067673600163784e-11	1.2521381458545378e-12	0.9999999870635501	3.2681960357604935e-21
TRD	Pbre1_09G037800	Pbre1_12G049200	Prupe.3G295000.1	1.88242	0.407478	4.619684989128247	Conservation	0.9855145731843559	0.0003080774763246115	0.0032984957127190915	0.010878596288756748	2.573378436027117e-07
TRD	Pbre1_05G210200	Pbre1_12G065000	Prupe.8G161100.1	1.24692	0.770392	1.618552632945306	Subfunctionalization	0.014884536217033926	5.699958261591092e-06	0.0018423480007868289	0.9832674142570289	1.566888715507174e-09
TRD	Pbre1_14G069000	Pbre1_12G070600	Prupe.7G094800.1	0.739577	0.373275	1.9813194025852254	Subfunctionalization	0.18020507447567155	0.00038202646786561186	0.0008846897978535346	0.8185282087257982	5.32811090570673e-10
TRD	Pbre1_12G105400	Pbre1_12G079800	Prupe.7G072500.1	1.08904	0.3661	2.974706364381317	Conservation	0.9985645230708008	0.00016281940941100564	0.0006033397141557626	0.0006693167895813816	1.0160510200407221e-09
TRD	Pbre1_17G253400	Pbre1_12G085000	Prupe.3G168900.1	0.787984	0.299112	2.6344111904570866	Conservation	0.6131895206264618	0.0012215101304949559	0.005023082721398492	0.002090942850187537	0.3784749436714572
TRD	Pbre1_09G033000	Pbre1_12G087400	Prupe.3G297900.1	3.13802	0.965913	3.24876049913398	Conservation	0.43462678513722025	0.32006102630941624	0.003917881806208187	0.2392100346279123	0.0021842721192430236
TRD	Pbre1_14G088200	Pbre1_12G088200	Prupe.7G084900.1	0.155726	0.413152	0.3769218108589575	Subfunctionalization	1.3220074144846365e-06	4.244065821146148e-12	3.5092791175290708e-12	0.9999986775908374	3.939947106446496e-10
TRD	Pbre1_14G089200	Pbre1_12G089200	Prupe.7G084500.1	0.487616	0.440062	1.108062045802637	Conservation	0.7434418593682999	0.0002484380665950818	0.00013767870500879827	0.2561711593958617	8.644642344815892e-07
TRD	Pbre1_05G195800	Pbre1_12G090400	Prupe.8G151100.1	0.779295	0.427848	1.8214295731194254	Subfunctionalization	0.006292088157277311	0.00011804407951283282	0.0006165531612841246	0.9907696719447714	0.0022036426571543366
TRD	Pbre1_16G040600	Pbre1_12G093200	Prupe.1G330900.1	0.719593	1.36442	0.5273984550211812	Specialization	0.025629135012913425	0.052305695906958743	0.0011307720788766534	5.102837710863669e-06	0.9209292941635404
TRD	Pbre1_17G179600	Pbre1_12G102200	Prupe.3G213900.1	0.843061	0.223958	3.7643709981335784	Subfunctionalization	2.9026134743951726e-16	2.651978672631216e-22	3.3239018621818782e-18	0.9999999999999998	2.0671917155123396e-20
TRD	Pbre1_14G105000	Pbre1_12G103000	Prupe.7G074000.1	0.112528	0.418079	0.269154872643687	Subfunctionalization	5.940946409555845e-06	3.80987704521748e-09	6.997118146185809e-07	0.9999933553317314	2.001674898880994e-10
TRD	Pbre1_04G148400	Pbre1_12G110600	Prupe.7G125300.1	0.550813	0.273714	2.0123669231387504	Conservation	0.9808396692253252	4.826896700166887e-12	4.262825526588734e-08	0.01916028813646476	5.1278943346516035e-12
TRD	Pbre1_12G185600	Pbre1_12G110800	Prupe.7G125200.1	0.458439	0.28474	1.6100266910163659	Conservation	0.9999917658135666	1.001559873873969e-09	4.277694381617262e-06	3.954934206886655e-06	5.562851086732084e-10
TRD	Pbre1_12G107800	Pbre1_12G111800	Prupe.7G069500.1	0.15328	0.318168	0.4817580649216766	Subfunctionalization	2.7640269764428373e-30	1.3943624668022027e-33	2.4318623004570533e-32	1.0	1.8946080674263092e-27
TRD	Pbre1_02G140400	Pbre1_12G116000	Prupe.7G200800.1	0.523305	0.557093	0.9393494443477123	Subfunctionalization	2.8654642744098947e-22	1.264982230275599e-25	4.0411878049097417e-23	1.0	5.359376365115438e-21
TRD	Pbre1_14G119200	Pbre1_12G117000	Prupe.7G066400.1	0.241461	0.302349	0.7986168302193823	Neofunctionalization(Child)	0.002832187027112708	1.6214776681711078e-06	0.9956777431931793	0.0012858929187295044	0.00020255538331042546
TRD	Pbre1_12G048000	Pbre1_12G132400	Prupe.7G109000.1	3.48997	0.717074	4.866959337530018	Conservation	0.7217136719723732	0.004548885819712302	0.006876872230581339	0.26685842415287664	2.14582445649484e-06
TRD	Pbre1_04G040200	Pbre1_12G140600	Prupe.1G175900.1	0.317956	0.233285	1.3629508969715156	Subfunctionalization	0.00014184063772952252	1.1281619910678289e-05	1.5501377694584067e-05	0.9998313763646651	1.235289580083997e-17
TRD	Pbre1_14G048000	Pbre1_12G141400	Prupe.7G104600.1	0.325049	0.414016	0.7851121695779872	Subfunctionalization	0.0009092007430564381	2.6775515679907763e-06	1.725977487381718e-05	0.9990708548869568	7.043545122456523e-09
TRD	Pbre1_13G001200	Pbre1_12G142400	Prupe.1G352000.1	0.220801	0.347246	0.6358633360787453	Conservation	0.999024076759598	9.501833547487761e-06	1.9527190155048802e-07	0.0009652361068778666	9.900280750763055e-07
TRD	Pbre1_12G231400	Pbre1_12G143400	Prupe.6G250000.1	0.0791133	0.53222	0.148647739656533	Conservation	0.9975445422724752	0.0008043203527297848	0.001090334466724761	7.066273796130702e-06	0.0005537366342740664
TRD	Pbre1_15G437200	Pbre1_12G144400	Prupe.7G168400.1	0.207715	0.450654	0.4609190199132816	Conservation	0.9995644597420927	9.683429428342891e-05	0.0003387031592159384	6.156331071670922e-10	2.1887749578859628e-09
TRD	Pbre1_14G151600	Pbre1_12G148000	Prupe.7G041000.1	0.180201	0.294163	0.6125889387856392	Subfunctionalization	0.2902507694542161	0.0020723784794109577	0.001476264763389405	0.705676766059027	0.0005238212439566432
TRD	Pbre1_04G302200	Pbre1_12G148600	Prupe.6G305400.1	4.53981	0.289119	15.702219501312609	Subfunctionalization	0.013158318434233457	5.0911360366214375e-05	3.3066121279501956e-05	0.9867516245870752	6.07949704566468e-06
TRD	Pbre1_10G563200	Pbre1_12G158000	Prupe.4G016400.1	1.18136	0.276484	4.27279697921037	Subfunctionalization	3.074839886522881e-06	1.9134541498712335e-07	1.979551834328643e-07	0.9999965209695529	1.4889962035459035e-08
TRD	Pbre1_10G514200	Pbre1_12G167000	Prupe.4G043900.1	0.279559	0.300614	0.9299600151689542	Subfunctionalization	2.1151676934268065e-05	1.7357891261515945e-05	4.094610377880063e-08	0.9999614419535312	7.532169103599867e-09
TRD	Pbre1_12G171200	Pbre1_12G168200	Prupe.7G119700.1	0.0553437	0.374165	0.14791255194900646	Subfunctionalization	0.09552689693386371	0.0002873962007968165	3.1547080722304005e-05	0.9041539438638475	2.159207696265467e-07
TRD	Pbre1_13G306400	Pbre1_12G168800	Prupe.1G148900.1	0.073394	0.763708	0.09610217517690006	Conservation	0.8517111937039442	0.007159767800722651	0.0019952788984946655	0.12433799074818863	0.014795768848649884
TRD	Pbre1_13G306400	Pbre1_12G169000	Prupe.1G148900.1	0.154115	0.763708	0.20179833129939714	Subfunctionalization	0.00016873758696639296	3.0201898390491067e-07	1.0892834895230086e-06	0.9998243270267888	5.544083771301148e-06
TRD	Pbre1_13G306600	Pbre1_12G169200	Prupe.1G149000.1	0.519075	0.655235	0.7921966927896098	Specialization	5.180131705153832e-06	9.40812297766897e-08	2.8817318404759006e-09	1.1578462138252729e-08	0.9999947113268711
TRD	Pbre1_01G050000	Pbre1_12G170600	Prupe.6G159600.1	1.16302	1.17866	0.9867306941781344	Subfunctionalization	0.000684484723145074	3.272738556543749e-07	4.760496552122849e-05	0.9992674335677155	1.4946976245372107e-07
TRD	Pbre1_14G175400	Pbre1_12G172200	Prupe.7G120600.1	0.463808	0.328184	1.4132559783536065	Subfunctionalization	0.0025387919904978325	6.512200102307316e-08	3.092596925766846e-05	0.9974301638853921	5.303285150259411e-08
TRD	Pbre1_10G578400	Pbre1_12G173000	Prupe.4G009400.1	0.0910057	0.397553	0.22891463528133354	Specialization	0.3199408261633906	0.005753291426189457	0.00048621128409821827	0.008077635208227957	0.6657420359180939
TRD	Pbre1_10G579400	Pbre1_12G173200	Prupe.4G009300.1	0.017594	2.05422	0.008564808053665138	Conservation	0.9996056832256611	8.872142745033073e-06	0.00033413277671713566	1.1097342399449353e-05	4.0214512477139885e-05
TRD	Pbre1_14G180000	Pbre1_12G176800	Prupe.7G122300.1	0.686859	0.310546	2.211778609288157	Conservation	0.7766937636945597	0.0009542441919326786	0.08939124891403234	0.13295854157511633	2.2016243589641635e-06
TRD	Pbre1_12G287200	Pbre1_12G190800	Prupe.6G279600.1	0.188195	0.386148	0.4873649481545936	Subfunctionalization	3.030458477009964e-10	1.060003387256325e-12	2.7749706558091324e-11	0.9999999994492959	2.1884838715877887e-10
TRD	Pbre1_12G286000	Pbre1_12G191400	Prupe.6G279200.1	0.18463	0.609211	0.30306412720715814	Neofunctionalization(Child)	0.0026174265539274343	6.822041824823846e-07	0.9441278209840546	0.00041362652309906786	0.05284044373473654
TRD	Pbre1_04G162000	Pbre1_12G198400	Prupe.6G234100.1	0.35537	0.498812	0.7124327401906931	Conservation	0.9978707140784925	1.0290041923771723e-06	0.0005464258302450617	0.001580397975856518	1.433111213428473e-06
TRD	Pbre1_14G319200	Pbre1_12G211000	Prupe.5G166300.1	0.635893	1.16693	0.5449281447901759	Neofunctionalization(Child)	0.05750658413834246	3.8000016441393456e-08	0.9398560616668358	0.00019315392743916702	0.0024441622673661645
TRD	Pbre1_15G472800	Pbre1_12G212000	Prupe.7G149400.1	0.284511	0.452442	0.6288341931120454	Neofunctionalization(Child)	2.5847896835118467e-08	2.4730323868051704e-16	0.9991008637694148	0.00014972708993988957	0.0007493832927483327
TRD	Pbre1_03G416800	Pbre1_12G231800	Prupe.4G154500.1	0.798664	0.330899	2.4136186570524543	Conservation	0.8723495414843309	8.586413375268207e-05	6.073735380341181e-07	0.12520883240473452	0.0023551546036439173
TRD	Pbre1_15G054000	Pbre1_12G239400	Prupe.1G381400.1	0.327543	0.350798	0.9337082879605927	Neofunctionalization(Child)	0.0023357869412955795	1.4955144967208568e-09	0.9947519281059838	0.0029122651695251923	1.8287681105993053e-08
TRD	Pbre1_16G015000	Pbre1_12G242400	Prupe.1G343400.1	1.39657	0.638828	2.186144001202202	Conservation	0.5566580986178044	0.4072265844491115	0.031842663158258434	0.0036992468151685293	0.0005734069596572678
TRD	Pbre1_04G218800	Pbre1_12G254400	Prupe.6G260800.1	0.175049	0.275998	0.6342401031891536	Conservation	0.981910756211351	1.2545509300410548e-05	0.017454795705131945	0.0006053019094591669	1.6600664757465366e-05
TRD	Pbre1_04G223000	Pbre1_12G259400	Prupe.6G263500.1	0.172441	0.696649	0.24752924356454975	Subfunctionalization	7.618880905647766e-06	7.961776831049994e-05	0.00016209865211438238	0.9994884118075295	0.0002622528911400557
TRD	Pbre1_16G142200	Pbre1_12G265600	Prupe.1G267700.1	0.111906	0.406421	0.2753450240022046	Neofunctionalization(Child)	5.916764532214757e-05	9.911844825602818e-06	0.9947333785089965	0.005193449925818978	4.092075036683406e-06
TRD	Pbre1_11G528600	Pbre1_12G270400	Prupe.8G269200.1	0.44401	0.392983	1.1298453113747922	Subfunctionalization	7.24451167523749e-05	0.011048413407629517	0.0005592396649794645	0.9856493214350021	0.0026705803756365723
TRD	Pbre1_11G528600	Pbre1_12G270600	Prupe.8G269200.1	0.666459	0.392983	1.6958977869271699	Subfunctionalization	2.0977387937814762e-05	0.004269544261289425	0.006342071292427714	0.9893011796161056	6.62274422394626e-05
TRD	Pbre1_16G205600	Pbre1_12G278400	Prupe.1G229200.1	1.66922	0.734203	2.2735129112793055	Conservation	0.8736508356371387	0.03410760102845001	0.0006316556341209853	0.0901410099869919	0.0014688977132984128
TRD	Pbre1_12G009600	Pbre1_12G284400	Prupe.7G005900.1	0.2697	0.44646	0.6040854723827442	Neofunctionalization(Child)	2.943887497819723e-11	5.687811284647656e-14	0.9999997059094036	1.533962122070461e-07	1.4066488851004487e-07
TRD	Pbre1_15G005400	Pbre1_12G291200	Prupe.1G356300.1	0.720526	0.314941	2.2878126379226584	Neofunctionalization(Child)	0.006621953044051317	0.1569347495922882	0.7715612019482211	0.0024176142371845426	0.06246448117825485
TRD	Pbre1_06G182200	Pbre1_12G292400	Prupe.5G115000.1	7.76294	0.404684	19.182720344762828	Neofunctionalization(Child)	7.583519685557835e-10	2.2870358539548283e-18	0.9999998169590623	7.955158464061775e-08	1.027310011290116e-07
TRD	Pbre1_09G171600	Pbre1_12G295800	Prupe.3G219400.1	0.15105	0.430197	0.35111820863464877	Subfunctionalization	0.044602594673497746	2.3128811710920775e-06	0.2622971774290292	0.6297527333153402	0.06334518170096183
TRD	Pbre1_16G208000	Pbre1_12G296600	Prupe.1G227200.1	0.326005	0.266675	1.222480547482891	Conservation	0.8161595582472516	0.005018844271764322	0.14889461390712547	0.024479037925810927	0.005447945648047418
TRD	Pbre1_04G261800	Pbre1_12G297000	Prupe.6G283600.1	0.70049	0.431728	1.6225262202127264	Conservation	0.5261089781213029	0.08878038828580949	0.01406655221755696	0.34836663947303637	0.02267744190229432
TRD	Pbre1_06G201400	Pbre1_12G303600	Prupe.5G125200.1	1.83899	0.304349	6.042372407992141	Neofunctionalization(Parent)	0.09859458497362654	0.8986882666905618	7.477287893205205e-06	0.0005624453012749065	0.0021472257466436965
TRD	Pbre1_05G217600	Pbre1_12G307600	Prupe.8G164700.1	0.232271	0.316569	0.7337136611607581	Conservation	0.9694904916130841	0.02483435671908313	0.0036110052760934736	0.00023023920601667106	0.0018339071857224165
TRD	Pbre1_12G007200	Pbre1_12G317600	Prupe.7G004100.1	0.0876502	0.407984	0.21483734656261028	Subfunctionalization	0.2602790446796997	0.008598715372656314	0.018309897049497526	0.6889030223563513	0.023909320541795297
TRD	Pbre1_05G087200	Pbre1_12G336200	Prupe.8G077700.1	0.231866	0.300852	0.7706978846741919	Conservation	0.9999806512757473	8.837591250735314e-06	1.5302789859664534e-11	9.904482464417927e-06	6.066352345418194e-07
TRD	Pbre1_04G322400	Pbre1_12G349200	Prupe.6G315600.1	0.384699	0.50992	0.7544301066834013	Conservation	0.9999999999933173	5.798087142619436e-12	6.114857438018277e-19	8.843996319397738e-13	1.6952282170424248e-16
TRD	Pbre1_04G322400	Pbre1_12G349400	Prupe.6G315600.1	0.191851	0.50992	0.3762374490116096	Neofunctionalization(Child)	0.22785147131462294	0.00552665264507942	0.4894352483947189	0.24646982763283	0.030716800012748863
TRD	Pbre1_04G188800	Pbre1_12G358400	Prupe.6G246300.1	0.598494	0.387808	1.5432739912534037	Specialization	4.901969250164055e-09	2.4877317377363605e-21	0.09608508499237961	0.008091902062176415	0.8958230080434747
TRD	Pbre1_04G337200	Pbre1_12G362000	Prupe.6G323300.1	0.323545	0.389545	0.8305715642608685	Subfunctionalization	0.0005301165881728803	0.4778027512416969	1.139685902400406e-06	0.5216659903162701	2.167957658108729e-09
TRD	Pbre1_15G758600	Pbre1_12G363200	Prupe.1G575200.1	0.26738	1.15316	0.23186721703839885	Subfunctionalization	5.985747448524304e-05	3.5705784060160867e-10	0.003883321451177827	0.9960568207172221	5.691422043712304e-14
TRD	Pbre1_12G337200	Pbre1_12G363800	Prupe.6G306900.1	0.128815	0.266785	0.4828419888674401	Neofunctionalization(Child)	0.00023737744937448032	4.198465461016576e-13	0.9996650088088322	8.162809315204214e-05	1.5985648221406626e-05
TRD	Pbre1_12G048000	Pbre1_12G372800	Prupe.7G109000.1	4.00769	0.717074	5.588948978766488	Conservation	0.9994668537728187	3.813832808685587e-06	5.942951819858254e-10	0.0005293315465300261	2.535474871989451e-10
TRD	Pbre1_01G344600	Pbre1_12G377200	Prupe.2G284500.1	0.385692	0.370477	1.0410686763280852	Neofunctionalization(Parent)	0.377855752383153	0.5157016821680286	0.10632223752662391	0.0001101665860400449	1.0161336154442815e-05
TRD	Pbre1_13G168000	Pbre1_12G381200	Prupe.1G248600.1	0.28693	0.480242	0.5974696090720929	Neofunctionalization(Child)	5.140596307950618e-06	0.00015589428394791066	0.9998354901637586	3.306339814160442e-06	1.68616171519077e-07
TRD	Pbre1_12G099200	Pbre1_12G386400	Prupe.7G075800.1	0.160557	0.37259	0.43092138812099096	Neofunctionalization(Parent)	0.002754000790122025	0.9971595345419101	5.873747961653996e-15	8.464999485282751e-05	1.8146731090093925e-06
TRD	Pbre1_15G152200	Pbre1_12G398600	Prupe.1G436000.1	1.20689	0.427624	2.8223158662750456	Subfunctionalization	0.04993415547350073	0.013434590501505774	0.2200742276865646	0.6729933414037255	0.043563684934703466
TRD	Pbre1_02G259800	Pbre1_12G408400	Prupe.7G135600.1	2.91436	0.434081	6.7138621593665695	Specialization	2.245733080591597e-12	0.3163348130333077	4.496434086795497e-07	0.3196864228969071	0.36397831442413087
TRD	Pbre1_15G762200	Pbre1_12G410600	Prupe.1G576600.1	0.0773755	0.244525	0.3164318576832635	Subfunctionalization	1.3223702540849305e-22	0.0011015158424002528	4.296875504073842e-12	0.7867922183001782	0.21210626585312461
TRD	Pbre1_04G386400	Pbre1_12G413000	Prupe.6G350700.1	0.654589	0.390702	1.675417581686298	Neofunctionalization(Parent)	0.00014564716212078633	0.9997346876581928	5.142501730233509e-13	0.00011722165435784103	2.443524814302224e-06
TRD	Pbre1_04G388600	Pbre1_12G415000	Prupe.6G352100.1	0.369714	0.664504	0.5563758833656381	Neofunctionalization(Child)	0.011818426652544454	3.3785799531120986e-08	0.9877381542193093	0.00020437052694436843	0.00023901481540225593
TRD	Pbre1_04G388600	Pbre1_12G415400	Prupe.6G352100.1	0.249134	0.664504	0.3749172314989827	Neofunctionalization(Parent)	9.84623136330848e-07	0.9843284304546794	7.951232281053757e-08	0.015607307343504349	6.319806635694128e-05
TRD	Pbre1_04G401600	Pbre1_12G427400	Prupe.6G358500.1	0.319339	0.329469	0.9692535564802758	Neofunctionalization(Child)	0.20424729403505545	0.03231934645158321	0.6696331105366484	0.06970684636668657	0.024093402610026415
TRD	Pbre1_10G514200	Pbre1_12G439800	Prupe.4G043900.1	0.302339	0.300614	1.0057382557033272	Conservation	0.9875903005410179	0.011606201196931818	0.0006547634496576099	1.91818165577318e-05	0.00012955299583511685
TRD	Pbre1_16G002400	Pbre1_13G003000	Prupe.1G350800.1	0.159173	0.653283	0.24365091392245017	Conservation	0.9626951161609452	0.01370658652879008	0.022764919895861005	5.912003672482987e-05	0.0007742573776790568
TRD	Pbre1_06G397000	Pbre1_13G010600	Prupe.5G233900.1	0.120045	0.38609	0.3109249138801834	Conservation	0.9999996231471336	4.361891084668735e-08	3.2272436116579215e-07	1.0498820117626116e-08	1.0774157744771154e-11
TRD	Pbre1_08G120400	Pbre1_13G019400	Prupe.1G404000.1	0.166379	0.461492	0.3605241260953603	Conservation	0.8235977547232107	0.006260298434858488	0.006437272042777333	0.16341922637846645	0.00028544842068705355
TRD	Pbre1_16G021800	Pbre1_13G022800	Prupe.1G339900.1	0.207174	0.547396	0.3784718923777302	Subfunctionalization	0.0038588376229589222	5.356767363555069e-06	0.0036641560058994055	0.9924716496037781	2.9973526201002183e-18
TRD	Pbre1_10G399800	Pbre1_13G039200	Prupe.4G112700.1	0.879862	0.176688	4.979749615140813	Conservation	0.7616493703914045	0.00030217616147066445	0.009831564647778158	0.2282159108863068	9.779130401880115e-07
TRD	Pbre1_16G058000	Pbre1_13G053400	Prupe.1G320800.1	0.181088	0.408982	0.44277743274765147	Subfunctionalization	0.1932125323867514	0.00038218232211561343	0.006413815350757512	0.7840131165469066	0.01597835339346894
TRD	Pbre1_13G032000	Pbre1_13G067600	Prupe.1G334400.1	0.106204	0.34099	0.3114578140121411	Neofunctionalization(Child)	0.2789444639817013	0.0003362314632036668	0.7206992093831858	4.477535885460721e-06	1.5617636023557168e-05
TRD	Pbre1_09G453600	Pbre1_13G082000	Prupe.3G164800.1	3.28315	0.517303	6.346667233710225	Conservation	0.9670348533374313	0.0012288409003292382	0.029834903282329416	0.0007333475349694702	0.0011680549449408725
TRD	Pbre1_15G408800	Pbre1_13G093800	Prupe.7G187800.1	0.596263	0.692182	0.8614251743038681	Conservation	0.6227017212742453	0.001163005270622021	0.0013137256673230392	0.003767912749988719	0.3710536350378211
TRD	Pbre1_13G152200	Pbre1_13G096400	Prupe.1G258300.1	0.298306	0.483064	0.6175289402646441	Subfunctionalization	0.0024692394935783703	1.4018747316151443e-06	1.1847597150504486e-06	0.9975280919707883	8.190118664605682e-08
TRD	Pbre1_16G103400	Pbre1_13G102400	Prupe.1G290900.1	0.196309	0.332433	0.5905219999217888	Subfunctionalization	0.005097937227148686	0.032584219154381575	0.0002524520428837901	0.9537673773641376	0.008298014211448318
TRD	Pbre1_13G079200	Pbre1_13G104000	Prupe.1G305600.1	5.47313	0.862201	6.3478585619826475	Specialization	0.05925080070065619	4.4863709266528824e-05	6.196636798015113e-05	0.05734482954180601	0.8832975396802911
TRD	Pbre1_17G494800	Pbre1_13G111800	Prupe.3G007400.1	0.797934	0.327938	2.4331855411693675	Conservation	0.8855479591747588	0.00046635059474140644	0.0038150219887849697	0.10846606215818451	0.0017046060835301192
TRD	Pbre1_16G148000	Pbre1_13G143200	Prupe.1G264100.1	0.492013	0.540674	0.9099993711552617	Subfunctionalization	0.027692988320958293	0.00033096635163160407	5.28317233837536e-05	0.9719182663216551	4.947282371106715e-06
TRD	Pbre1_16G150800	Pbre1_13G144600	Prupe.1G262800.1	0.189306	0.450941	0.41980214706580243	Conservation	0.5188071304155188	0.02685986935648059	0.0007970669688991848	8.001099097296394e-07	0.45353513314919164
TRD	Pbre1_10G179400	Pbre1_13G152800	Prupe.8G139600.1	1.15511	0.518682	2.2270099984190703	Subfunctionalization	2.2394946304798858e-12	2.2203920765563182e-17	6.331524193932244e-15	0.9999999505380786	4.945967576829524e-08
TRD	Pbre1_16G170800	Pbre1_13G163600	Prupe.1G251100.1	0.201378	0.328023	0.6139142682068025	Subfunctionalization	0.0003930930211745851	1.7017606369566664e-07	8.224654317882604e-06	0.9995984960062188	1.6142224972488303e-08
TRD	Pbre1_11G182200	Pbre1_13G172400	Prupe.6G091300.1	1.71968	0.298396	5.763079934047374	Subfunctionalization	0.015608042294738089	6.032280894142747e-06	0.001227704805082848	0.9831514336603366	6.786958948296413e-06
TRD	Pbre1_03G464400	Pbre1_13G173800	Prupe.8G256500.1	2.0313	0.649526	3.1273574883838364	Subfunctionalization	0.00048360104178902526	1.7783677233291065e-06	7.170405012680809e-06	0.9995074459354653	4.250009604213068e-09
TRD	Pbre1_13G359000	Pbre1_13G176800	Prupe.1G037400.1	0.501361	1.0166	0.4931743065119024	Subfunctionalization	0.056920006305150435	0.001481342173631751	0.0022770669155596996	0.9364798071673759	0.0028417774382822865
TRD	Pbre1_07G448600	Pbre1_13G180800	Prupe.2G298600.1	1.23156	0.79346	1.55213873415169	Conservation	0.9952376318972304	3.254700400898274e-05	0.0019183340409209715	0.0016750188130139699	0.0011364682448257413
TRD	Pbre1_04G355400	Pbre1_13G188400	Prupe.6G333700.1	0.709076	0.257513	2.7535541894972293	Conservation	0.8877209071720759	0.001790885348916971	0.02828395211053683	0.08210199884230496	0.00010225652616539429
TRD	Pbre1_05G056400	Pbre1_13G196400	Prupe.8G044500.1	0.623458	0.573835	1.0864760776181306	Neofunctionalization(Child)	5.185939525193424e-10	1.803657350437279e-12	0.9821636911516741	0.0001108175344384163	0.017725490793489892
TRD	Pbre1_05G328800	Pbre1_13G198600	Prupe.8G216400.1	0.974652	0.75786	1.286058110996754	Subfunctionalization	7.061546353004659e-07	2.4464998932963967e-08	6.502747186727057e-09	0.9999992628776186	1.3534269932179109e-18
TRD	Pbre1_13G486000	Pbre1_13G201600	Prupe.1G002900.1	0.332517	1.23481	0.2692859630226513	Conservation	0.7966810082497755	0.04466550925904906	0.14572307838256834	0.011480847893346706	0.0014495562152602405
TRD	Pbre1_03G439000	Pbre1_13G213200	Prupe.8G241500.1	0.355156	0.387964	0.9154354527739689	Subfunctionalization	1.2476844469716569e-05	1.0502394544337051e-05	1.5071002690192253e-07	0.999975345663811	1.5243871481458541e-06
TRD	Pbre1_16G335000	Pbre1_13G226200	Prupe.1G016800.1	0.905908	0.547755	1.653856194831631	Subfunctionalization	0.00043342116055737325	4.892198129758388e-07	1.5814380362812994e-05	0.999550264401915	1.0837351963050379e-08
TRD	Pbre1_04G056400	Pbre1_13G227400	Prupe.1G186600.1	0.141913	0.350212	0.405220266581385	Conservation	0.9909302146913648	0.003919123753745339	0.0004950173945628748	3.985369722833217e-05	0.004615790463098515
TRD	Pbre1_16G257000	Pbre1_13G252000	Prupe.1G112700.1	0.162101	0.561281	0.2888054290097117	Neofunctionalization(Child)	0.19800198984631584	0.0022427527415323834	0.7993053803740954	0.00036268880709017877	8.718823096643041e-05
TRD	Pbre1_16G265000	Pbre1_13G256600	Prupe.1G117500.1	0.576612	0.363473	1.5863956882629522	Subfunctionalization	7.716570666363513e-06	1.8855888086719144e-06	3.27273850954993e-08	0.999990365035515	7.76249015046005e-11
TRD	Pbre1_16G265000	Pbre1_13G256800	Prupe.1G117500.1	0.096134	0.363473	0.2644873209289273	Conservation	0.7672329287648807	0.005383531925055227	0.008980259650010501	0.21820386028319075	0.00019941937686304736
TRD	Pbre1_16G261200	Pbre1_13G263400	Prupe.1G115000.1	0.519614	0.226111	2.29804830370924	Conservation	0.5856176541544224	0.08466645596883515	0.0010915591673680515	0.003985683205881577	0.32463864750349286
TRD	Pbre1_02G386400	Pbre1_13G278800	Prupe.2G096600.1	0.892051	0.361306	2.468962596801603	Subfunctionalization	0.0004338586232326783	1.88801386596237e-05	2.6694536166278993e-05	0.9892854049180261	0.010235161783915241
TRD	Pbre1_16G282400	Pbre1_13G279200	Prupe.1G132500.1	0.285648	0.29217	0.9776773796077627	Conservation	0.6811482764262622	0.008648039434407555	0.02558055216314023	0.000405454190621304	0.28421767778556883
TRD	Pbre1_16G070600	Pbre1_13G279800	Prupe.1G313700.1	0.67519	0.61433	1.0990672765451792	Specialization	0.04551931776172014	2.8333428452879855e-05	0.0004632610360667513	9.985120759410713e-06	0.9539791026530008
TRD	Pbre1_13G079200	Pbre1_13G288800	Prupe.1G305600.1	0.534815	0.862201	0.6202903963228993	Specialization	0.0011314639227202248	7.832163031632998e-05	2.9272678437873297e-05	0.027372469925496624	0.9713884718430289
TRD	Pbre1_12G336000	Pbre1_13G300000	Prupe.6G306800.1	0.686088	0.254018	2.7009424528970385	Conservation	0.5039387677451167	0.3472053992436783	0.00012565420584265	5.429683384905174e-09	0.14873017337567898
TRD	Pbre1_16G306200	Pbre1_13G303600	Prupe.1G147800.1	0.171399	0.294952	0.5811081125064417	Specialization	0.0027955535040719063	4.363798259928211e-05	0.0013261525762236085	4.064160451634853e-05	0.9957940143325887
TRD	Pbre1_16G307200	Pbre1_13G304200	Prupe.1G148200.1	0.17683	0.386754	0.4572156978337651	Subfunctionalization	0.023384107605267157	3.4858323039316436e-06	0.00013590418916188424	0.9764736872183967	2.815154870294221e-06
TRD	Pbre1_17G044200	Pbre1_13G327400	Prupe.3G292400.1	0.547852	0.274243	1.9976881816491212	Conservation	0.9999973077593787	4.644295442052499e-14	1.905245819490633e-07	2.501714177976299e-06	1.8149254253868305e-12
TRD	Pbre1_13G108400	Pbre1_13G328200	Prupe.1G286500.1	0.954226	0.63104	1.5121481997971602	Conservation	0.9993162650497933	1.6812006723911448e-08	4.821348386432278e-06	0.0006787457778457444	1.5101196793600726e-07
TRD	Pbre1_05G309400	Pbre1_13G331400	Prupe.8G207100.1	0.640437	0.391437	1.6361176894366145	Subfunctionalization	2.6857469865578867e-30	3.214422835946066e-36	2.130082835897059e-31	1.0	5.2579433590173314e-24
TRD	Pbre1_14G161800	Pbre1_13G336000	Prupe.7G032400.1	0.336501	0.295954	1.1370043993323287	Subfunctionalization	6.818664037939601e-21	1.1546434005541616e-25	2.2663201138690935e-22	1.0	1.752690663699422e-19
TRD	Pbre1_16G400400	Pbre1_13G338600	Prupe.1G065700.1	1.33434	1.14526	1.165097881703718	Neofunctionalization(Child)	3.324087184690699e-11	1.2234127783389605e-16	0.9991109261954423	2.1888445352422993e-10	0.00088907355243236
TRD	Pbre1_09G106000	Pbre1_13G339200	Prupe.3G257100.1	0.28036	0.539698	0.5194757067841644	Neofunctionalization(Child)	0.08332254913443533	4.111896135633794e-05	0.89175444990925	0.0024319825708795113	0.02244989942407896
TRD	Pbre1_16G354600	Pbre1_13G345600	Prupe.1G033600.1	0.255608	0.296139	0.8631352169082762	Neofunctionalization(Child)	0.04776517290982516	3.5684561634926176e-07	0.9522128096832727	3.898387261841344e-06	1.7762174023729343e-05
TRD	Pbre1_07G231000	Pbre1_13G346200	Prupe.2G170600.1	0.376002	0.387115	0.9712927682988259	Conservation	0.9851512566492164	0.013705178636705787	6.611753658265147e-05	0.0007973014953025783	0.0002801456821926985
TRD	Pbre1_17G147600	Pbre1_13G347800	Prupe.3G233500.1	0.850338	0.274442	3.0984251681593924	Subfunctionalization	0.037145051644459914	5.044806926063577e-06	0.0004017145264456078	0.7904733081315268	0.17197488089064164
TRD	Pbre1_13G258800	Pbre1_13G349000	Prupe.1G117200.1	0.0809546	0.315223	0.2568169200851461	Conservation	0.7792171117591472	0.21306219724873174	0.0002718964622027655	0.007322351519834268	0.00012644301008403442
TRD	Pbre1_07G406400	Pbre1_13G352400	Prupe.2G276400.1	0.360324	0.26356	1.3671422067081498	Conservation	0.9989880241401644	0.00018254988502024543	0.00042965169688070714	0.00037366188046114406	2.6112397473569385e-05
TRD	Pbre1_01G263600	Pbre1_13G354800	Prupe.2G239700.1	0.373377	0.628013	0.5945370557615846	Neofunctionalization(Child)	0.010020278856228745	8.946603051521601e-07	0.9897268129911578	0.0002406465040821265	1.1366988226172165e-05
TRD	Pbre1_05G256000	Pbre1_13G359800	Prupe.8G181200.1	0.894161	0.269954	3.3122717203671734	Conservation	0.6686836189500912	7.867236556210047e-09	0.09790459326156448	0.23341157419889605	2.0572221172720703e-07
TRD	Pbre1_15G365400	Pbre1_13G377400	Prupe.7G213700.1	2.58228	0.256782	10.056312358342874	Neofunctionalization(Child)	0.001699040167708773	0.00010735369694755693	0.9865907238698063	0.005815741655559949	0.005787140609977527
TRD	Pbre1_09G046200	Pbre1_13G377600	Prupe.3G291100.1	1.61924	0.369041	4.3876967599805985	Neofunctionalization(Parent)	2.9406128072560824e-07	0.6857338146280071	1.7033226698365167e-12	0.31264108462611034	0.0016248066828983734
TRD	Pbre1_16G381600	Pbre1_13G379200	Prupe.1G050600.1	0.174074	0.421346	0.41313789617084296	Neofunctionalization(Parent)	1.7434535064256445e-06	0.9506776571202668	1.5697639794834712e-11	0.049317930626671155	2.6687838580175737e-06
TRD	Pbre1_02G179600	Pbre1_13G396400	Prupe.7G178400.1	2.7562	0.384656	7.165363337631547	Neofunctionalization(Parent)	0.006097005089724068	0.9724221663849784	5.712815202730654e-08	0.021400861356126795	7.99100410187894e-05
TRD	Pbre1_07G402200	Pbre1_13G397600	Prupe.2G273700.1	0.864243	0.24506	3.526658777442259	Neofunctionalization(Child)	5.057283539676779e-05	6.962605829248902e-08	0.9996470903186906	3.378684067573055e-05	0.0002684803791788358
TRD	Pbre1_15G292000	Pbre1_13G406800	Prupe.7G251900.1	0.747659	0.317951	2.3514912675223543	Neofunctionalization(Child)	0.0004762681549179487	0.00018408354742526707	0.9979797831286343	4.8565050543579643e-05	0.0013113001184790292
TRD	Pbre1_15G447200	Pbre1_13G418000	Prupe.7G163100.1	1.25507	0.349502	3.591023799577685	Neofunctionalization(Parent)	6.564218450631616e-06	0.9748655470934049	4.1681061480014e-12	0.024986153886083693	0.00014173479789282166
TRD	Pbre1_14G306400	Pbre1_13G419000	Prupe.5G160800.1	0.759428	0.256778	2.9575275140393646	Specialization	0.00013766175507220257	3.549576422166674e-06	0.06714050927086664	0.11570353424144461	0.8170147451561943
TRD	Pbre1_16G287000	Pbre1_13G422800	Prupe.1G136500.1	0.662587	0.258836	2.5598718879908513	Conservation	0.9316067293834861	0.013052092914717098	0.015254212564900508	0.03786704431422663	0.002219920822669792
TRD	Pbre1_01G179400	Pbre1_13G425200	Prupe.2G191400.1	3.84726	0.540594	7.116727155684303	Neofunctionalization(Parent)	0.0005574518716507684	0.9929674923446604	3.210453399594943e-17	0.00647505033418523	5.449503576560758e-09
TRD	Pbre1_13G414400	Pbre1_13G427600	Prupe.1G079600.1	0.232123	0.263323	0.8815143379043988	Neofunctionalization(Parent)	0.01685300875206638	0.9751968314751107	4.1476874181307406e-07	0.002401530965941998	0.0055482140381389695
TRD	Pbre1_04G063800	Pbre1_13G428200	Prupe.1G192200.1	1.16536	0.512625	2.2733187027554256	Neofunctionalization(Child)	0.0008017898322929584	5.656526291200178e-17	0.999198209862441	1.1771910798812924e-11	2.934940317776227e-10
TRD	Pbre1_02G386400	Pbre1_13G428400	Prupe.2G096600.1	0.745767	0.361306	2.0640869512269377	Conservation	0.9996039717223434	0.0003939270244856375	2.176649620724531e-07	1.8831201552243436e-06	4.680537725324404e-10
TRD	Pbre1_12G418000	Pbre1_13G430800	Prupe.6G354100.1	0.410631	0.736777	0.5573341730265738	Subfunctionalization	0.00019447524207443	0.4015862187449243	8.222203218232496e-06	0.5803325509509981	0.017878532858784976
TRD	Pbre1_05G429600	Pbre1_13G445800	Prupe.4G106400.1	0.0131241	0.53894	0.024351690355141575	Conservation	0.9974497511503432	0.0016682355217871485	0.00044278100039253757	0.00036270700337926365	7.652532409765903e-05
TRD	Pbre1_10G409600	Pbre1_13G446000	Prupe.4G106200.1	0.391966	0.449647	0.87171937097323	Neofunctionalization(Parent)	0.0020424864578809186	0.8362137848514674	1.5164144279976077e-07	0.1602197435263876	0.0015238335228212226
TRD	Pbre1_07G283600	Pbre1_13G446400	Prupe.2G206100.1	1.08191	1.80413	0.5996851668117043	Neofunctionalization(Child)	0.11552870660879012	7.990836429969067e-06	0.8587335002899404	0.01976763171331461	0.00596217055152488
TRD	Pbre1_04G058800	Pbre1_13G446800	Prupe.1G189000.1	0.128438	0.3257	0.39434448879336814	Conservation	0.6003536877412776	0.3862788002460533	2.0239837275089423e-05	0.013312456204076438	3.481597131755471e-05
TRD	Pbre1_16G438400	Pbre1_13G447200	Prupe.1G101600.1	0.137397	0.494654	0.27776385109591756	Neofunctionalization(Parent)	5.5607047365465314e-05	0.9969535446136617	4.000884288052116e-09	0.0029908053339248075	3.900416384621207e-08
TRD	Pbre1_04G081800	Pbre1_13G448600	Prupe.1G207600.1	0.165681	0.366673	0.45184946805464266	Subfunctionalization	0.0025372939368097074	9.634816074971074e-08	0.02970820486385925	0.9648734716146331	0.002880933236537225
TRD	Pbre1_04G072400	Pbre1_13G453000	Prupe.1G198600.1	0.142692	0.286611	0.4978594680594953	Conservation	0.9202384908801535	7.83816074887512e-10	0.07909663364824429	0.0006485833389948548	1.6291348791273516e-05
TRD	Pbre1_04G074000	Pbre1_13G454000	Prupe.1G199800.1	0.19351	0.171616	1.1275755174342719	Neofunctionalization(Parent)	2.5858500405053714e-11	0.9999916161624673	1.6693087055967825e-18	3.845844482079055e-06	4.537967192221192e-06
TRD	Pbre1_04G068000	Pbre1_13G456000	Prupe.1G196500.1	0.208557	0.212157	0.9830314342680184	Neofunctionalization(Parent)	0.0007455739830538781	0.6463076692912793	4.088924991712579e-07	0.35292953050713444	1.681732603321079e-05
TRD	Pbre1_07G437000	Pbre1_13G460400	Prupe.2G293000.1	0.0349457	0.539017	0.06483227801720541	Neofunctionalization(Parent)	1.0559619468732944e-08	0.9999980531503952	1.395368765697248e-23	1.936286501047453e-06	3.484158354515602e-12
TRD	Pbre1_15G732000	Pbre1_13G462400	Prupe.1G558100.1	0.531946	0.283224	1.878181227579584	Neofunctionalization(Parent)	1.213749284435392e-18	0.9999999996627305	2.1271614469190533e-37	3.3726714401061347e-10	2.462193819943182e-15
TRD	Pbre1_17G267400	Pbre1_13G467200	Prupe.3G037300.1	0.277971	0.269061	1.0331151671925698	Subfunctionalization	1.5128170191938287e-08	1.1540987769071023e-09	7.476879999862292e-10	0.9976890181076072	0.0023109648624357842
TRD	Pbre1_03G346600	Pbre1_13G468000	Prupe.4G204500.1	0.286935	0.231892	1.2373648077553345	Subfunctionalization	1.3680849592366886e-09	8.079870263720208e-06	0.053843075985348	0.6824425638137035	0.26370627896259985
TRD	Pbre1_11G402400	Pbre1_13G469800	Prupe.4G182100.1	0.252098	0.665671	0.3787126072789711	Subfunctionalization	1.4315814417909533e-05	2.996279710522589e-13	0.0564086954719764	0.9413347037973983	0.0022422849159076984
TRD	Pbre1_04G022600	Pbre1_13G483000	Prupe.1G163200.1	0.170605	0.280948	0.6072476045389184	Conservation	0.9991229843905339	0.00022177155437503267	1.231939994467351e-10	0.0006484753016137866	6.768630283392544e-06
TRD	Pbre1_05G592800	Pbre1_13G488400	Prupe.4G008500.1	0.423275	0.633294	0.6683704566915208	Neofunctionalization(Child)	0.008271983737478882	0.00023712150595067455	0.9899835054885153	0.0013874784028886829	0.00011991086516645535
TRD	Pbre1_07G342800	Pbre1_13G489000	Prupe.2G240700.1	0.287578	0.595267	0.48310758029590084	Neofunctionalization(Child)	0.0031557027979735395	7.522310011424573e-05	0.9906779905107942	0.006024323468534939	6.676012258303994e-05
TRD	Pbre1_12G338800	Pbre1_14G021200	Prupe.6G309100.1	0.580003	0.473439	1.2250849634271788	Specialization	0.010144254188633238	0.23577116730280184	0.0020445110019800036	0.08136618698325934	0.6706738805233257
TRD	Pbre1_05G537800	Pbre1_14G030800	Prupe.4G040100.1	0.431229	0.354678	1.2158323888146432	Subfunctionalization	0.21962482562563995	0.054388827214152544	0.004980071103432609	0.4242102133006291	0.29679606275614595
TRD	Pbre1_12G039400	Pbre1_14G033000	Prupe.7G114300.1	0.197281	0.574901	0.34315647389724496	Neofunctionalization(Child)	0.0006910416771695328	1.4166039492338696e-06	0.9416324074221376	0.0005131943792595581	0.057161939917484014
TRD	Pbre1_03G193600	Pbre1_14G056200	Prupe.6G108800.1	0.330067	1.41075	0.23396562112351588	Subfunctionalization	6.208452765926305e-07	4.801210155266771e-08	5.243844432320439e-07	0.9999988067581788	1.050328229909911e-20
TRD	Pbre1_12G086800	Pbre1_14G087000	Prupe.7G085700.1	0.227514	0.259653	0.8762232672066179	Subfunctionalization	1.0249440770182688e-05	5.297900060652951e-06	6.428370674850546e-06	0.9999780242729028	1.5591648173797677e-11
TRD	Pbre1_14G159000	Pbre1_14G088000	Prupe.7G034500.1	0.782652	0.361375	2.1657613282601176	Subfunctionalization	0.38876500940136527	0.00529430039812002	0.015909940246146344	0.5899383146415893	9.243531277911215e-05
TRD	Pbre1_12G136600	Pbre1_14G090800	Prupe.7G050500.1	0.803589	0.28596	2.810144775493076	Subfunctionalization	0.03785816561327889	3.196752517426437e-05	0.0008431976621921502	0.9612666626093488	6.59000591723319e-09
TRD	Pbre1_04G165400	Pbre1_14G092400	Prupe.6G235900.1	0.441979	0.419242	1.0542335930083342	Conservation	0.8963591263792238	0.08115960187041782	0.00566444335408798	0.0005417857310068829	0.016275042665263684
TRD	Pbre1_12G105000	Pbre1_14G099200	Prupe.7G072800.1	0.205808	0.409747	0.5022806756364293	Conservation	0.988795287381859	0.009254741618849984	0.0016529574290265587	1.2115644278666294e-05	0.0002848979259856091
TRD	Pbre1_07G367200	Pbre1_14G106400	Prupe.2G253000.1	1.76879	0.685127	2.5816965321757865	Subfunctionalization	1.7215470514752225e-05	5.0321037666921325e-09	1.512231844406833e-08	0.9999827643749235	1.3962863996710008e-13
TRD	Pbre1_12G123000	Pbre1_14G107400	Prupe.7G061400.1	1.0906	0.676596	1.6118924734996956	Subfunctionalization	0.010060668505939264	3.465909878232053e-05	2.0071412024200882e-05	0.9699438371588205	0.019940763824433865
TRD	Pbre1_16G354600	Pbre1_14G109200	Prupe.1G033600.1	0.291333	0.296139	0.9837711345010283	Conservation	0.759843632968144	0.05226615881631653	0.005354762874250156	2.136305605498191e-06	0.18253330903568393
TRD	Pbre1_11G507600	Pbre1_14G110200	Prupe.8G259000.1	0.0923315	0.333734	0.2766619523332954	Subfunctionalization	0.03260876072844412	0.0039853933438545345	0.0025908724751521825	0.9604345598408089	0.0003804136117400804
TRD	Pbre1_17G152200	Pbre1_14G113200	Prupe.3G231000.1	0.089348	0.27233	0.32808724708992765	Subfunctionalization	0.0005699864954657446	0.00010127528669623734	2.477036751301213e-06	0.9993262587526123	2.4284744916587212e-09
TRD	Pbre1_17G151400	Pbre1_14G113400	Prupe.3G231200.1	0.0578962	0.446588	0.12964119053803508	Subfunctionalization	0.005735369538897473	7.987376561070301e-05	7.360303755842335e-06	0.9941675661162596	9.830275476452966e-06
TRD	Pbre1_12G114600	Pbre1_14G116600	Prupe.7G067700.1	0.0719037	0.354119	0.20304953984395074	Specialization	4.614279946090497e-07	1.1832172226160443e-09	1.8794595669748995e-07	0.0057772474329940895	0.9942221020098375
TRD	Pbre1_12G116400	Pbre1_14G118800	Prupe.7G066800.1	0.271776	0.269412	1.0087746648256204	Subfunctionalization	0.1798052368793295	0.00047064012259314547	0.036786098223813644	0.4991026697492099	0.28383535502505375
TRD	Pbre1_12G116400	Pbre1_14G119000	Prupe.7G066800.1	0.116294	0.269412	0.4316585749706769	Subfunctionalization	5.8345519799565794e-05	4.7367030639216813e-07	0.0002209110190694307	0.9997200959222239	1.7386860057284988e-07
TRD	Pbre1_12G120400	Pbre1_14G123200	Prupe.7G064000.1	0.306	0.309714	0.9880082915205641	Subfunctionalization	0.0006218185162957191	7.13697079746485e-06	0.0008838441954484323	0.9984835181646899	3.682152768533118e-06
TRD	Pbre1_12G125800	Pbre1_14G127400	Prupe.7G058600.1	0.297085	0.30935	0.9603523517051882	Subfunctionalization	0.09109580398137289	0.0008683771855167542	7.653427656586402e-05	0.9077921086368852	0.0001671759196591727
TRD	Pbre1_08G408400	Pbre1_14G127600	Prupe.1G583600.1	0.43661	0.472629	0.9237901186765941	Conservation	0.9548551879888149	0.0011962996289118031	0.000405638666743788	0.042959346812820945	0.0005835269027086189
TRD	Pbre1_15G777000	Pbre1_14G127800	Prupe.1G583600.1	0.707397	0.33257	2.1270619719156874	Subfunctionalization	0.0001951414370205836	9.521449917240398e-07	2.0308113208747013e-05	0.9997835975410229	7.637560882693262e-10
TRD	Pbre1_12G129000	Pbre1_14G131400	Prupe.7G058100.1	0.324858	0.322797	1.0063848177027668	Subfunctionalization	5.565545399725997e-07	2.5811007324578227e-09	5.2895160932228914e-08	0.9999993867878253	1.1813731843223634e-09
TRD	Pbre1_08G125200	Pbre1_14G134400	Prupe.1G416400.1	0.808095	0.624583	1.2938152335238071	Specialization	4.0235417937194923e-07	0.0001881554375421118	5.02572201182908e-05	7.293997204942561e-05	0.9996882450161109
TRD	Pbre1_12G131800	Pbre1_14G135200	Prupe.7G053900.1	0.322141	0.281853	1.1429397593781154	Subfunctionalization	0.0002788101343367299	3.6570158552297877e-07	1.5246441563144803e-06	0.9997192995196469	2.746652985631531e-13
TRD	Pbre1_16G169400	Pbre1_14G140200	Prupe.1G251800.1	0.491056	0.337094	1.4567331367511733	Subfunctionalization	8.735230069734878e-07	4.191358740033385e-09	1.9470748542531264e-09	0.9999991203385594	5.372151991483995e-20
TRD	Pbre1_12G136600	Pbre1_14G140600	Prupe.7G050500.1	0.384179	0.28596	1.3434711148412366	Subfunctionalization	0.0006356008789533958	3.047202051120782e-06	3.7648369956044387e-07	0.9993609744013792	1.0339168882989017e-09
TRD	Pbre1_12G137400	Pbre1_14G141000	Prupe.7G050300.1	0.193602	0.285769	0.6774772631041156	Subfunctionalization	0.11151184974834129	0.00014667319035285058	6.189943793768881e-05	0.8882576170336914	2.1960589676808396e-05
TRD	Pbre1_08G249600	Pbre1_14G143600	Prupe.1G481500.1	2.09592	0.702622	2.982997970459223	Conservation	0.9007050040553206	0.05126714086872833	0.0027695344200756224	0.043881228548037936	0.0013770921078375253
TRD	Pbre1_12G145000	Pbre1_14G147000	Prupe.7G046200.1	0.313459	0.424935	0.7376634073446526	Conservation	0.973722673807615	0.013623801215597142	0.0005345226230345315	8.438532527129616e-07	0.012118158500500492
TRD	Pbre1_03G326200	Pbre1_14G152000	Prupe.4G216600.1	0.242566	0.321073	0.7554855126404276	Subfunctionalization	1.9818284556152177e-14	6.589202380766554e-17	4.0974810401085866e-18	0.99999999999998	1.544655740290282e-26
TRD	Pbre1_14G148400	Pbre1_14G152200	Prupe.7G045000.1	0.16151	0.996809	0.1620270282471366	Subfunctionalization	0.011521742970644391	1.747131298842578e-05	8.537562737106159e-06	0.9884522481428928	1.0737159815912327e-11
TRD	Pbre1_05G164000	Pbre1_14G153400	Prupe.8G132000.1	0.584174	0.352475	1.657348748138166	Specialization	0.2293073715041083	0.011036166915463923	0.00032317650814220745	0.15312381489530957	0.606209470176976
TRD	Pbre1_15G650000	Pbre1_14G154000	Prupe.1G511000.1	0.209323	0.430762	0.4859365496492263	Specialization	0.0006914350935774341	0.019717325019241165	5.2728708071868656e-05	0.033057263111790886	0.9464812480673186
TRD	Pbre1_08G382600	Pbre1_14G158200	Prupe.1G564500.1	2.33706	1.23312	1.895241339042429	Conservation	0.4977737345502331	0.03111042869411572	0.0008540441794020357	0.4702613653330988	4.272431504309655e-07
TRD	Pbre1_12G404800	Pbre1_14G165000	Prupe.6G346700.1	0.38934	0.343577	1.1331957610666605	Conservation	0.8518299119324395	0.006821832867137014	0.020803329601097053	0.1205386662869991	6.259312327255077e-06
TRD	Pbre1_12G171200	Pbre1_14G172600	Prupe.7G119700.1	0.256631	0.374165	0.6858765517886494	Subfunctionalization	0.00012709400187901586	5.39113296043892e-07	9.715676823494416e-07	0.9992647585367825	0.0006066367803601216
TRD	Pbre1_15G043200	Pbre1_14G187600	Prupe.1G376200.1	0.341534	0.355353	0.9611119084403397	Specialization	1.2126242143195173e-06	2.7749830904947434e-07	9.836440414191748e-09	1.87344230794361e-12	0.9999985000391628
TRD	Pbre1_13G181000	Pbre1_14G189600	Prupe.1G241300.1	0.608862	0.8379	0.7266523451485858	Conservation	0.5568403606241311	0.35356418969568826	0.04856831880199624	0.029357693159256903	0.011669437718927428
TRD	Pbre1_06G148200	Pbre1_14G190000	Prupe.5G098200.1	0.151285	0.358272	0.4222629733833512	Conservation	0.6440097793651957	0.005392859086149097	0.011559323282203004	0.33558375744953517	0.0034542808169169196
TRD	Pbre1_06G148200	Pbre1_14G190200	Prupe.5G098200.1	0.215314	0.358272	0.6009791443372634	Conservation	0.38775928051172087	0.007597912416842911	0.009410409622550547	0.24973204168580532	0.3455003557630804
TRD	Pbre1_06G152000	Pbre1_14G193800	Prupe.5G100100.1	0.492787	0.385178	1.2793747306440137	Subfunctionalization	0.18755721360956681	0.01309462064992284	0.015946814699616323	0.7815626754053063	0.0018386756355876508
TRD	Pbre1_15G180200	Pbre1_14G194800	Prupe.1G454100.1	0.125499	0.365511	0.3433521836552115	Conservation	0.6499550336518117	0.0007897512774105508	0.33519096384753844	0.014063575182692311	6.760405469330051e-07
TRD	Pbre1_10G309600	Pbre1_14G197600	Prupe.8G214700.1	0.123724	0.342701	0.36102608396240454	Conservation	0.883396192566976	0.010166453063828516	0.10616555857034989	9.606714853882105e-05	0.00017572865030686418
TRD	Pbre1_13G225600	Pbre1_14G203600	Prupe.1G213500.1	0.356719	0.377843	0.9440931815595367	Conservation	0.9999998834944785	2.3383712071268103e-09	1.1415660684212785e-07	1.0371716818547198e-11	1.715617395917534e-13
TRD	Pbre1_10G530600	Pbre1_14G206000	Prupe.4G034600.1	0.81487	0.309888	2.6295629388682364	Conservation	0.999999793765742	1.9950073835084347e-07	6.549820913110062e-17	1.92601351660306e-10	6.54091822928273e-09
TRD	Pbre1_04G411200	Pbre1_14G210400	Prupe.6G363300.1	0.223572	0.410883	0.5441257000167931	Conservation	0.9999999941958702	4.4086455756823015e-09	6.279715193641921e-12	1.2051728560854273e-09	1.8403163525211015e-10
TRD	Pbre1_06G175000	Pbre1_14G217000	Prupe.5G110900.1	0.191252	0.344019	0.5559344105994145	Neofunctionalization(Child)	8.728300357755013e-06	2.6766425805666935e-09	0.9861685791460325	0.0010093926291377937	0.012813297247829382
TRD	Pbre1_06G175000	Pbre1_14G217200	Prupe.5G110900.1	0.314785	0.344019	0.9150221354053119	Neofunctionalization(Child)	0.059010420929801556	1.7230268824561325e-05	0.9088785398378928	0.007620827248939981	0.02447298171454099
TRD	Pbre1_15G539000	Pbre1_14G217600	Prupe.6G213300.1	0.0356752	0.642814	0.0554984801202214	Subfunctionalization	0.14988327390921163	0.38599217432579236	3.184571064924974e-07	0.4641242332527113	5.5178202790194957e-11
TRD	Pbre1_06G178200	Pbre1_14G221400	Prupe.5G113200.1	0.354292	0.227053	1.5603933883278354	Subfunctionalization	0.00014064720230443895	0.17837237157180905	3.8287482598085346e-06	0.8214831271657704	2.5311856269143024e-08
TRD	Pbre1_05G367800	Pbre1_14G245600	Prupe.4G143900.1	1.44572	0.463139	3.1215682548867614	Neofunctionalization(Child)	0.001891050541894703	3.1137469679136694e-11	0.9785054163443716	0.01857225273572719	0.0010312803468691318
TRD	Pbre1_06G209200	Pbre1_14G249400	Prupe.5G129300.1	0.204164	0.258467	0.7899035466810077	Neofunctionalization(Child)	0.0800586640260535	2.400644808119612e-06	0.8991492773251458	0.016806823536127946	0.0039828344678647385
TRD	Pbre1_10G473600	Pbre1_14G251000	Prupe.4G065400.1	0.133231	0.417437	0.3191643289885659	Neofunctionalization(Parent)	0.0018068736097378905	0.9605664345031463	0.03645931805508238	0.0009737571099876316	0.00019361672204580514
TRD	Pbre1_13G323000	Pbre1_14G252800	Prupe.1G013700.1	0.833585	0.356891	2.3356851251502557	Neofunctionalization(Child)	0.0016167723755400182	0.1084030662288042	0.8896099872132303	0.0003005878875306804	6.958629489470968e-05
TRD	Pbre1_06G038800	Pbre1_14G254000	Prupe.5G024600.1	2.16063	0.485375	4.451465361833633	Neofunctionalization(Parent)	0.0027445663988224784	0.9659074219007655	1.8569286556929752e-07	0.03133307925243469	1.4746755111903355e-05
TRD	Pbre1_13G079400	Pbre1_14G255800	Prupe.1G305500.1	0.600671	0.641445	0.9364341447824832	Neofunctionalization(Child)	0.19126663814851969	0.0021851235310859033	0.4385414627412928	0.36490871057055124	0.0030980650085503307
TRD	Pbre1_06G223600	Pbre1_14G264000	Prupe.5G137300.1	0.844398	0.25085	3.366147099860474	Neofunctionalization(Parent)	4.877429312595851e-14	0.5813591115167027	3.431724419859026e-11	0.2364860155874538	0.1821548728614774
TRD	Pbre1_15G131400	Pbre1_14G274000	Prupe.1G424500.1	0.233476	0.326714	0.7146189021590749	Subfunctionalization	1.9852940681574814e-13	0.00015926724127191487	1.7735541801732172e-09	0.9899491531571589	0.009891577827816427
TRD	Pbre1_08G170800	Pbre1_14G282600	Prupe.1G439400.1	1.24914	0.562512	2.2206459595528627	Neofunctionalization(Child)	3.265126528385658e-05	3.837961535852808e-07	0.9156753373357495	0.04714573076023368	0.03714589684257944
TRD	Pbre1_06G257800	Pbre1_14G297800	Prupe.5G154600.1	0.0927848	0.613875	0.15114608022805948	Subfunctionalization	0.02840001965861702	0.0029483079643507406	0.0007891608165728625	0.9207346790149199	0.04712783254553942
TRD	Pbre1_06G270800	Pbre1_14G308000	Prupe.5G161700.1	0.156565	0.650984	0.24050514298354492	Neofunctionalization(Child)	0.01571813165248428	0.000399307688824724	0.8328177025423772	0.11279779589593253	0.03826706222038124
TRD	Pbre1_06G270800	Pbre1_14G308200	Prupe.5G161700.1	0.35712	0.650984	0.5485849114571172	Neofunctionalization(Child)	0.011996071020088811	0.002383373717083087	0.9068586741698014	0.05616273400549391	0.022599147087532828
TRD	Pbre1_06G273600	Pbre1_14G310600	Prupe.5G163400.1	1.33936	0.341703	3.9196612262695973	Neofunctionalization(Parent)	5.413249470042554e-08	0.9999996536223376	5.106246959845716e-20	2.902309775844533e-07	2.014190331217061e-09
TRD	Pbre1_02G386400	Pbre1_14G311600	Prupe.2G096600.1	0.433081	0.361306	1.1986543262497715	Neofunctionalization(Parent)	0.0002447596109304145	0.9987314506694449	1.4207726397852379e-11	0.0008196207719519769	0.00020416893346493655
TRD	Pbre1_10G349600	Pbre1_14G320600	Prupe.4G144100.1	0.115047	0.390335	0.29473913433332904	Neofunctionalization(Child)	5.18908255443026e-10	1.4693100192563454e-13	0.9857344988784966	1.3127826716897567e-07	0.014265369324180849
TRD	Pbre1_14G064000	Pbre1_14G320800	Prupe.7G097600.1	0.28474	0.858653	0.33161242084986603	Neofunctionalization(Child)	0.07004397271791105	9.02586643363747e-06	0.7748773040502925	0.011278055610920367	0.1437916417544424
TRD	Pbre1_08G099600	Pbre1_14G321600	Prupe.1G391300.1	0.583302	0.523625	1.1139689663404153	Conservation	0.9966405330960743	0.003322503849744098	2.8778425658314698e-09	3.1763115986095817e-05	5.197060353380807e-06
TRD	Pbre1_05G592800	Pbre1_14G332000	Prupe.4G008500.1	0.879486	0.633294	1.3887483538451335	Subfunctionalization	0.08753332767842771	5.1944782135173884e-05	0.026580921009087558	0.6047597698926611	0.2810740366376883
TRD	Pbre1_14G342400	Pbre1_14G346000	Prupe.5G178300.1	0.0161867	0.241254	0.06709401709401709	Neofunctionalization(Child)	0.14124779373694196	0.006102146376716894	0.6290292415843388	0.18356587019580892	0.04005494810619347
TRD	Pbre1_14G342200	Pbre1_14G346200	Prupe.5G178100.1	0.0663418	0.473272	0.14017689616119272	Conservation	0.9633996700756452	0.02317978506846493	0.008643718179886142	0.004755403569972179	2.14231060315421e-05
TRD	Pbre1_04G164000	Pbre1_14G347600	Prupe.6G235000.1	0.651318	0.383551	1.6981261944304669	Neofunctionalization(Parent)	0.02158166072752161	0.8623948449354648	7.618518156607094e-05	0.11594682446528487	4.846901626492393e-07
TRD	Pbre1_06G327600	Pbre1_14G364200	Prupe.5G192400.1	0.161876	0.300595	0.5385186047672117	Neofunctionalization(Parent)	0.00042385886744643233	0.5874518445333173	2.5914292372684624e-08	0.41207713735745993	4.713332748394643e-05
TRD	Pbre1_14G385800	Pbre1_14G366200	Prupe.5G205300.1	0.659293	1.066	0.6184737335834897	Subfunctionalization	0.01370649110386244	2.925286685224038e-05	0.006954551372279587	0.9759062429249916	0.0034034617320141017
TRD	Pbre1_06G330600	Pbre1_14G368400	Prupe.5G194000.1	0.122748	0.467807	0.26239025923083664	Neofunctionalization(Parent)	2.8181380405127778e-05	0.9751087455095803	8.800427948211896e-11	0.02440531623811757	0.00045775678389265557
TRD	Pbre1_10G472600	Pbre1_14G370800	Prupe.4G066000.1	0.168638	0.45636	0.3695284424577089	Neofunctionalization(Parent)	1.2072098227553315e-05	0.9981450413720748	3.1349915742434534e-09	0.0018411297690416155	1.7536256645189724e-06
TRD	Pbre1_06G341600	Pbre1_14G381200	Prupe.5G201700.1	0.248824	0.388492	0.6404868053911019	Neofunctionalization(Parent)	1.4500555376162255e-10	0.9999999969211497	4.0516051277678806e-27	2.9336786806142507e-09	1.6619024049757201e-13
TRD	Pbre1_06G345600	Pbre1_14G384400	Prupe.5G204600.1	0.163345	0.353471	0.4621171185189167	Neofunctionalization(Parent)	4.3695090538441283e-07	0.9970167952699448	5.853528091205543e-13	0.0029824833503430182	2.844282215176355e-07
TRD	Pbre1_06G345600	Pbre1_14G384600	Prupe.5G204600.1	0.248339	0.353471	0.7025724882663642	Subfunctionalization	5.2965368170270176e-08	7.328411992608714e-20	0.11046238196460773	0.820943671240757	0.06859389382926713
TRD	Pbre1_06G363200	Pbre1_14G399400	Prupe.5G214300.1	0.180097	0.248265	0.7254224316758302	Subfunctionalization	4.116181511450349e-16	2.5792417591453754e-16	5.32836747486557e-10	0.9998843684471344	0.00011563102002819784
TRD	Pbre1_06G363800	Pbre1_14G400600	Prupe.5G214700.1	0.140591	0.377441	0.37248470621898516	Subfunctionalization	0.010903871747128861	4.273553369814266e-08	4.4083156824696214e-08	0.9811058355358063	0.007990205898374469
TRD	Pbre1_06G366400	Pbre1_14G403400	Prupe.5G217000.1	0.376094	0.266623	1.4105834830453485	Neofunctionalization(Child)	0.0015760422544165193	3.009989743583665e-08	0.9816191466958146	0.012131972159123263	0.004672808790747924
TRD	Pbre1_06G366800	Pbre1_14G404200	Prupe.5G217300.1	0.17932	0.262618	0.6828168670845106	Subfunctionalization	3.57975140200434e-05	1.807264358652292e-06	0.00013891723563733314	0.9998234779859689	1.5128204383727534e-14
TRD	Pbre1_06G366800	Pbre1_14G404400	Prupe.5G217300.1	0.272764	0.262618	1.0386340616408622	Neofunctionalization(Child)	0.028128183563880815	0.0009273522901554653	0.5735376291519486	0.3974068321842602	2.809754914226835e-09
TRD	Pbre1_06G369000	Pbre1_14G411800	Prupe.5G218400.1	0.507093	0.364272	1.3920724074318094	Neofunctionalization(Child)	5.789446173588805e-24	6.338956340902859e-44	0.8723125272712027	0.0007310398801534348	0.12695643284864408
TRD	Pbre1_14G406600	Pbre1_14G412200	Prupe.5G218500.1	0.751755	0.906699	0.8291119765214254	Neofunctionalization(Child)	7.494817691694425e-15	6.934545123863477e-29	0.6476996434498739	0.011764136746071283	0.34053621980404747
TRD	Pbre1_06G401000	Pbre1_14G438800	Prupe.5G236500.1	0.15448	0.445019	0.347131246081628	Specialization	3.5566268662686097e-07	5.39928961042345e-09	0.13051247471579336	0.00016031037821730954	0.8693268538440131
TRD	Pbre1_02G386400	Pbre1_14G439800	Prupe.2G096600.1	1.15012	0.361306	3.18322972771003	Subfunctionalization	0.0009171266619117813	6.231212693107397e-07	8.571120729646938e-06	0.9990736790960509	3.830055857117891e-14
TRD	Pbre1_06G303800	Pbre1_14G443200	Prupe.5G178900.1	0.353408	0.590548	0.5984407702676159	Subfunctionalization	0.00016350344353196401	4.173870092488776e-05	7.02205553770133e-08	0.9997946379274685	4.970751932129589e-08
TRD	Pbre1_06G415400	Pbre1_14G452000	Prupe.5G243700.1	0.136715	0.239595	0.5706087355746156	Subfunctionalization	0.26924277100155114	0.00044893335494325235	3.7834587612220394e-05	0.7270654755800267	0.0032049854758669292
TRD	Pbre1_08G005000	Pbre1_15G002600	Prupe.1G354700.1	0.0826306	0.316524	0.26105634959750285	Subfunctionalization	3.2515081880111116e-06	5.140146153539164e-08	1.7614779833638903e-08	0.9999966777481903	1.7273802765458045e-09
TRD	Pbre1_09G204800	Pbre1_15G005000	Prupe.3G202300.1	0.14936	0.578796	0.25805292365531207	Conservation	0.9671050021584144	3.551223808734893e-05	0.032834135925315214	3.1921951148496903e-07	2.503045867141289e-05
TRD	Pbre1_08G017600	Pbre1_15G014200	Prupe.1G361300.1	0.510614	0.44921	1.1366933060261348	Conservation	0.9944068941384304	0.0017970728296067488	0.0037702674532020036	1.085664856807206e-05	1.490893019259068e-05
TRD	Pbre1_08G018000	Pbre1_15G014600	Prupe.1G361500.1	0.942788	0.354641	2.6584292284310047	Conservation	0.8281804424781005	0.012486415279721776	0.0005110441976056356	0.15878205181122088	4.004623335141356e-05
TRD	Pbre1_06G363800	Pbre1_15G027600	Prupe.5G214700.1	0.668113	0.377441	1.7701124149204774	Subfunctionalization	0.015888871025466364	0.0004821835488213112	1.1040668460950754e-06	0.9835861277319151	4.17136269512501e-05
TRD	Pbre1_05G075800	Pbre1_15G035000	Prupe.8G060400.1	0.146015	0.264217	0.5526328737363607	Subfunctionalization	2.6816936954198582e-05	5.334134527073016e-05	4.257364520242913e-08	0.9998866994966121	3.30996475176641e-05
TRD	Pbre1_08G058000	Pbre1_15G053000	Prupe.1G381900.1	0.278097	0.509936	0.545356672209846	Subfunctionalization	3.091819349815763e-08	4.503455325855381e-08	1.2118939599130767e-08	0.9999997407215504	1.712067632614871e-07
TRD	Pbre1_15G744600	Pbre1_15G057200	Prupe.1G566100.1	0.662926	0.454736	1.4578260793075544	Conservation	0.9698269624106498	0.013565876725680315	0.012040208922024735	0.004175348323156868	0.00039160361848812196
TRD	Pbre1_11G198400	Pbre1_15G057400	Prupe.6G098200.1	0.229178	0.472134	0.4854088034329237	Conservation	0.748259555521314	0.00021610634633575018	0.005212902878140385	0.044168604485869796	0.20214283076834016
TRD	Pbre1_15G099000	Pbre1_15G057600	Prupe.1G407400.1	0.124221	0.504108	0.24641743435930397	Subfunctionalization	0.0011657861568819235	7.465316359096684e-07	1.4530794144478123e-06	0.9987950635901403	3.695064192731762e-05
TRD	Pbre1_16G051800	Pbre1_15G059800	Prupe.1G323900.1	0.473219	0.278368	1.6999762903782043	Specialization	0.05530046708016392	0.0027707004877192895	2.4465067958367446e-05	5.769566684792078e-11	0.9419043673064627
TRD	Pbre1_01G302000	Pbre1_15G060000	Prupe.2G261900.1	0.334902	0.357139	0.9377357275458574	Conservation	0.8621388109763481	0.0370073635240797	0.0892302213697956	0.011527372518968217	9.623161080846034e-05
TRD	Pbre1_02G018600	Pbre1_15G064400	Prupe.7G262800.1	0.0114508	0.270338	0.04235734524928053	Conservation	0.4923901954170469	0.061212649100406906	0.004307657400743018	0.4405546412691886	0.0015348568126147416
TRD	Pbre1_15G065200	Pbre1_15G075800	Prupe.1G387900.1	0.431122	0.35574	1.2119019508629898	Conservation	0.9852935507336024	2.388089198433781e-10	0.014702382904855133	3.940074646386326e-06	1.260480871021439e-07
TRD	Pbre1_06G348800	Pbre1_15G082400	Prupe.5G205400.1	0.721546	1.1077	0.6513911708946466	Neofunctionalization(Child)	0.36819924440077695	0.005889156302879406	0.6000732921237091	0.025295465073352886	0.0005428420992815006
TRD	Pbre1_08G120400	Pbre1_15G092400	Prupe.1G404000.1	0.183372	0.461492	0.3973459994972827	Subfunctionalization	1.1380490030545225e-09	1.0184862354300284e-11	1.7096804788020203e-10	0.9999999986807935	4.667930011459914e-15
TRD	Pbre1_08G117400	Pbre1_15G096800	Prupe.1G406200.1	0.317616	0.517375	0.6138990094225658	Conservation	0.8781943997623279	0.010460535483358522	0.1101945587338938	9.708663830809982e-06	0.0011407973565887152
TRD	Pbre1_04G411200	Pbre1_15G099200	Prupe.6G363300.1	0.0623215	0.410883	0.15167699807487778	Neofunctionalization(Child)	6.155803146371062e-12	1.8206728309116303e-16	0.9986946103004676	9.37046837608967e-09	0.0013053803229081504
TRD	Pbre1_15G086200	Pbre1_15G100200	Prupe.1G401200.1	0.289732	0.777326	0.37272907377342324	Subfunctionalization	3.8427608401344115e-08	8.296874801471052e-08	1.320242016738558e-08	0.9999998654012233	8.259898405487948e-20
TRD	Pbre1_08G109800	Pbre1_15G102600	Prupe.1G409000.1	0.523411	0.262327	1.995261639099292	Conservation	0.8439261609043687	0.0055518065017282825	0.061740412386268664	0.08871913041603786	6.248979159647525e-05
TRD	Pbre1_08G106000	Pbre1_15G107400	Prupe.1G411100.1	0.376011	1.26163	0.2980358742261994	Subfunctionalization	2.680568609062627e-05	1.458561501403276e-05	7.852675184971593e-07	0.999957800938633	2.249274401170602e-08
TRD	Pbre1_15G062400	Pbre1_15G110000	Prupe.1G386100.1	0.4612	0.385389	1.196712931609361	Subfunctionalization	7.965068188804978e-05	7.374855951191931e-06	1.360829066394326e-06	0.9999116129379856	6.951087487981018e-10
TRD	Pbre1_14G420400	Pbre1_15G122400	Prupe.5G224200.1	1.51378	0.321297	4.711466337998798	Conservation	0.9864062696195799	0.0062517221247050765	0.00017748362203306864	4.047894288802581e-06	0.007160476739393229
TRD	Pbre1_08G216600	Pbre1_15G192400	Prupe.1G460800.1	0.491208	0.207114	2.3716793649873984	Neofunctionalization(Child)	0.10651692998338141	0.0004447210190271232	0.8926587504499326	2.2632069760857316e-09	0.00037959628445175566
TRD	Pbre1_06G074800	Pbre1_15G202000	Prupe.5G050400.1	0.0941578	0.897357	0.10492791609136609	Conservation	0.6820209590722505	0.003599305766456194	0.0018264743977640162	0.3124812738030937	7.19869604357048e-05
TRD	Pbre1_13G093400	Pbre1_15G205600	Prupe.1G298100.1	0.537234	0.618098	0.8691728496128445	Conservation	0.9810592287249298	0.01425597451375666	0.004650727864550181	1.058397560755737e-05	2.3484921155696775e-05
TRD	Pbre1_15G220400	Pbre1_15G214200	Prupe.1G481100.1	0.37327	0.342824	1.0888094182437635	Conservation	0.9692401613571656	0.00026746665582839924	0.004351595554663067	0.013100733648144725	0.013040042784198166
TRD	Pbre1_08G242600	Pbre1_15G215000	Prupe.1G474900.1	0.33215	0.3499	0.9492712203486711	Subfunctionalization	0.003963927087323974	0.0027017090250912464	0.002088230131290905	0.9895002439303363	0.001745889825957517
TRD	Pbre1_09G034800	Pbre1_15G229000	Prupe.3G296400.1	0.106091	0.420898	0.25205869355520816	Subfunctionalization	0.02095444098546777	0.0006096200073402653	0.0007622151229971787	0.9776691078546031	4.616029591614845e-06
TRD	Pbre1_15G089600	Pbre1_15G233400	Prupe.1G402400.1	0.14354	1.38137	0.10391133439990734	Conservation	0.7957933768443641	0.00037378761397509634	0.11793832948614569	0.03208199989621882	0.05381250615929621
TRD	Pbre1_08G415200	Pbre1_15G250200	Prupe.1G587800.1	0.417725	0.252435	1.6547824192366352	Subfunctionalization	0.0001556243521833238	1.2180238674935071e-06	5.072357412775415e-06	0.9998252412898548	1.2843976681751895e-05
TRD	Pbre1_02G335800	Pbre1_15G257800	Prupe.2G136200.1	0.117364	0.495593	0.23681528996575818	Specialization	0.016404086889469382	0.01601477303449372	9.087520810029909e-05	1.9831541541319722e-11	0.9674902648481051
TRD	Pbre1_02G013800	Pbre1_15G265000	Prupe.7G265700.1	1.29195	0.206153	6.266947364336197	Conservation	0.6651893240021166	0.03594377039984192	0.19696686205566336	5.365151758011349e-05	0.10184639202479814
TRD	Pbre1_02G014800	Pbre1_15G266400	Prupe.7G265300.1	0.665572	0.409279	1.626206084358103	Specialization	0.26837749165859065	0.0031438585720458857	0.040806289612668495	7.228776393623775e-08	0.687672287868931
TRD	Pbre1_02G039000	Pbre1_15G289600	Prupe.7G257300.1	0.20352	0.585514	0.3475920302503442	Subfunctionalization	0.0034745932832655224	0.0010945415873267633	8.024121524552287e-05	0.7352372741792931	0.26011334973486916
TRD	Pbre1_02G047000	Pbre1_15G292600	Prupe.7G249100.1	0.733239	0.383075	1.9140873197154604	Conservation	0.7956279719450071	0.0019152048753639927	0.02109710920029136	0.18106370128791685	0.0002960126914207238
TRD	Pbre1_04G164000	Pbre1_15G295800	Prupe.6G235000.1	0.190422	0.383551	0.4964711342168317	Conservation	0.5554241199246419	0.0006214714881549951	0.44063512726764625	0.0033164507871674843	2.830532389328429e-06
TRD	Pbre1_06G159000	Pbre1_15G305000	Prupe.5G104000.1	1.50327	0.334616	4.492522772371913	Conservation	0.8817493687951043	0.002984257145019247	0.1012895444248249	0.011792933090781747	0.002183896544269774
TRD	Pbre1_04G165400	Pbre1_15G320000	Prupe.6G235900.1	0.437093	0.419242	1.0425792263179738	Neofunctionalization(Child)	0.001385863582015173	1.9125889839274116e-10	0.9986135147035031	4.2099918756580383e-08	5.794233041016495e-07
TRD	Pbre1_11G384600	Pbre1_15G320200	Prupe.4G192200.1	1.49114	0.45939	3.245913058621215	Conservation	0.9999987003378039	8.064498021322242e-07	2.0062134676716209e-13	4.838260380928515e-07	9.38615501263818e-09
TRD	Pbre1_02G072800	Pbre1_15G323800	Prupe.7G236200.1	0.165096	0.433438	0.3808987675284585	Neofunctionalization(Child)	4.8024311925234156e-08	3.7470285672016956e-16	0.9999999217952952	2.7078659252526026e-08	3.1017333161698602e-09
TRD	Pbre1_02G072800	Pbre1_15G324000	Prupe.7G236200.1	0.328291	0.433438	0.7574116713347699	Neofunctionalization(Parent)	0.13643539102169083	0.7348582985704608	0.00034138345475463294	0.08742794444683309	0.04093698250626072
TRD	Pbre1_15G268800	Pbre1_15G326200	Prupe.7G264100.1	1.48516	0.393761	3.7717295516823657	Specialization	0.1559945835546676	4.2705881982984705e-09	1.077190075712004e-05	0.049901531637308	0.794093108636679
TRD	Pbre1_02G016800	Pbre1_15G326400	Prupe.7G264100.1	0.589696	0.395411	1.4913495072215996	Subfunctionalization	0.0016641379329524844	6.893151329290706e-05	0.0002724641653384307	0.9979944579567555	8.431660583671964e-09
TRD	Pbre1_03G472400	Pbre1_15G337200	Prupe.8G261000.1	0.406956	0.584345	0.6964310467275325	Neofunctionalization(Child)	0.0003736728160314559	1.8681958803732772e-11	0.9996254830035822	1.396618744928151e-07	7.044998299562329e-07
TRD	Pbre1_02G088600	Pbre1_15G337800	Prupe.7G228800.1	0.134283	0.5301	0.25331635540464065	Neofunctionalization(Child)	0.00023607584595119636	3.5445528062619626e-16	0.9997574836062371	4.57713610941649e-06	1.8634117019255368e-06
TRD	Pbre1_02G088600	Pbre1_15G338000	Prupe.7G228800.1	0.111189	0.5301	0.20975099037917372	Conservation	0.9706182335330581	0.014883263869984903	3.101704679674239e-05	0.014467483933582668	1.6165776402065797e-09
TRD	Pbre1_02G088600	Pbre1_15G338200	Prupe.7G228800.1	0.16844	0.5301	0.31775136766647805	Neofunctionalization(Child)	0.00568012656207894	1.4308672074951356e-05	0.9943007503773393	2.742493072672509e-06	2.0718954343786e-06
TRD	Pbre1_04G347200	Pbre1_15G339000	Prupe.6G329200.1	0.388549	0.688858	0.5640480331214851	Neofunctionalization(Parent)	0.023773156615924624	0.6420278913938646	0.005292899196755242	0.14380896455813763	0.18509708823531776
TRD	Pbre1_07G320200	Pbre1_15G351800	Prupe.2G227100.1	1.03728	0.360512	2.8772412568791053	Neofunctionalization(Parent)	0.000739964682633443	0.9928143535231768	2.4066563100879073e-09	0.006414635494746447	3.104389278707785e-05
TRD	Pbre1_12G104600	Pbre1_15G362000	Prupe.7G072900.1	0.446669	0.377021	1.184732415435745	Neofunctionalization(Parent)	0.016783038994760243	0.9827382080913548	1.2928998151376137e-10	0.00047045076415128215	8.302020443791831e-06
TRD	Pbre1_07G454000	Pbre1_15G372600	Prupe.2G301300.1	0.343607	1.2728	0.2699615021998743	Specialization	9.050147688540345e-11	0.006339001829162489	0.0007654120601990195	0.04760948969365197	0.9452860963264852
TRD	Pbre1_17G181800	Pbre1_15G374200	Prupe.3G212700.1	0.881238	0.373277	2.360815158715913	Neofunctionalization(Child)	0.0001448723202599576	1.4311562980957728e-07	0.9996652185849718	1.960681374435346e-06	0.00018780529776400018
TRD	Pbre1_17G015400	Pbre1_15G376400	Prupe.3G308300.1	0.426108	0.563046	0.756790741786639	Subfunctionalization	0.015096062795751545	0.06137523787909924	7.226376131985499e-06	0.8231547959035881	0.1003666770454291
TRD	Pbre1_16G277600	Pbre1_15G378800	Prupe.1G130000.1	0.13414	0.313884	0.4273553287201642	Neofunctionalization(Parent)	0.00031009367583628754	0.9719734228398393	2.4122243362610817e-09	0.02448154495288981	0.0032349361192101256
TRD	Pbre1_15G404200	Pbre1_15G385600	Prupe.7G190800.1	0.440245	0.356241	1.2358066589752443	Subfunctionalization	5.50419936247045e-06	0.0007033910808463578	7.1783730583036216e-06	0.9992839263467329	2.1109703318486217e-17
TRD	Pbre1_02G148600	Pbre1_15G395800	Prupe.7G195600.1	0.150847	0.675097	0.22344492717342845	Subfunctionalization	1.027194091771764e-06	0.0962565804914931	3.655363567386277e-05	0.9015597770374129	0.0021460616413284225
TRD	Pbre1_02G199400	Pbre1_15G436600	Prupe.7G168600.1	0.337242	0.358156	0.9416064508203129	Neofunctionalization(Child)	1.8010957356136673e-27	8.049630935609031e-46	0.999635210508701	4.902411423006851e-07	0.0003642992501568048
TRD	Pbre1_17G031400	Pbre1_15G447400	Prupe.3G299300.1	0.702596	0.355173	1.9781796476646591	Conservation	0.8012039567671603	2.8457530977090616e-05	0.19812478757543928	0.00012361334751251305	0.0005191847789107639
TRD	Pbre1_02G211000	Pbre1_15G447800	Prupe.7G163000.1	0.351998	0.468489	0.7513474169084012	Conservation	0.9999998693297381	8.118262108950806e-08	4.909621770418881e-08	3.913747609673217e-10	4.8510651695304586e-14
TRD	Pbre1_03G355800	Pbre1_15G451400	Prupe.4G201200.1	0.650476	0.322876	2.0146310038528723	Neofunctionalization(Child)	0.08897502082404762	1.874321306282168e-05	0.9071310489709618	0.002196705551576368	0.0016784814403514707
TRD	Pbre1_10G180000	Pbre1_15G455400	Prupe.8G140300.1	0.0123278	0.358311	0.0344053071214671	Neofunctionalization(Child)	0.11629295576201241	8.739461622782627e-07	0.8832221585417063	0.00042663276380995634	5.7378986308938255e-05
TRD	Pbre1_16G158400	Pbre1_15G456400	Prupe.1G258300.1	0.189731	0.422697	0.44885816554174746	Specialization	0.302464421771305	6.064114655134564e-05	0.15844975378034767	0.10868498260931357	0.43034020069248247
TRD	Pbre1_02G121600	Pbre1_15G460200	Prupe.7G211200.1	0.247071	0.404417	0.6109312912167392	Specialization	2.723326235273934e-05	3.3349797185358947e-13	0.007839359855974155	0.014462798668593003	0.9776706082127465
TRD	Pbre1_03G367200	Pbre1_15G477400	Prupe.4G190400.1	2.83463	0.271892	10.42557338943404	Neofunctionalization(Child)	0.10220477690648994	8.32486138527537e-13	0.8972019917337415	0.0005764957094057991	1.6735649530151495e-05
TRD	Pbre1_12G224000	Pbre1_15G477600	Prupe.6G246300.1	0.538396	0.391303	1.3759056281193858	Neofunctionalization(Child)	0.0012917583172687114	5.832934660162701e-11	0.9985459073858778	0.00012010992703462505	4.222431148954911e-05
TRD	Pbre1_16G374000	Pbre1_15G482200	Prupe.1G045900.1	0.718141	0.359674	1.996644183343806	Neofunctionalization(Parent)	9.900681088910378e-05	0.9998687482072213	3.993672278510624e-11	3.191623223083833e-05	3.287097217385208e-07
TRD	Pbre1_11G212400	Pbre1_15G483200	Prupe.6G106800.1	1.17684	0.420863	2.796254363058763	Neofunctionalization(Parent)	0.26262543999564847	0.7366362550204183	3.835523807961926e-08	0.0007382623068408879	4.3218541609755415e-09
TRD	Pbre1_07G334800	Pbre1_15G489600	Prupe.2G236100.1	0.544016	0.331408	1.6415294742432291	Subfunctionalization	0.0032821469912934264	0.011602548457425222	0.10966995916976183	0.866038400736087	0.00940694464543262
TRD	Pbre1_10G300600	Pbre1_15G490800	Prupe.8G208900.1	0.963043	0.456968	2.107462666970116	Neofunctionalization(Parent)	0.009895900857880262	0.9070602157543819	0.0021305659405549933	0.05220439821005968	0.028708919237123074
TRD	Pbre1_08G382600	Pbre1_15G498400	Prupe.1G564500.1	0.353846	1.23312	0.2869517970676009	Conservation	0.8742421888431159	0.10606490051056586	4.193189115997911e-06	0.019456067094716405	0.0002326503624857058
TRD	Pbre1_02G288000	Pbre1_15G527800	Prupe.6G220500.1	0.299213	0.332584	0.8996614389146802	Neofunctionalization(Parent)	0.07688743871340033	0.9172237017074318	2.7885514657092793e-08	0.00579202614336308	9.68055502900096e-05
TRD	Pbre1_02G288000	Pbre1_15G528000	Prupe.6G220500.1	0.169614	0.332584	0.5099884540446924	Neofunctionalization(Child)	0.033232641308853915	0.0017776246827589767	0.7540197771274719	0.17423242475126557	0.03673753212964954
TRD	Pbre1_13G170000	Pbre1_15G540600	Prupe.1G247400.1	1.17401	0.404721	2.900788444385144	Neofunctionalization(Child)	4.6067325611497805e-05	1.0700389757333885e-08	0.999819561894315	6.617155583543864e-05	6.818852384835499e-05
TRD	Pbre1_14G352600	Pbre1_15G545200	Prupe.5G184400.1	0.232325	0.273952	0.8480500233617569	Conservation	0.7059501180588107	0.0763119610852586	0.06504547694471156	0.09243422952991714	0.060258214381302036
TRD	Pbre1_02G282000	Pbre1_15G547600	Prupe.6G223600.1	0.229528	0.416051	0.5516823658638004	Conservation	0.9581665872055743	0.0026184519587810103	0.00013901574053097816	0.02158204221769951	0.017493902877414227
TRD	Pbre1_04G024800	Pbre1_15G553400	Prupe.1G165200.1	0.0997359	1.24686	0.07998965401087532	Neofunctionalization(Child)	0.0077368880160662325	1.2928347002695179e-05	0.9702847249171943	0.021659091581242185	0.0003063671384945703
TRD	Pbre1_04G392400	Pbre1_15G564200	Prupe.6G354100.1	0.264535	0.598351	0.44210672331123374	Subfunctionalization	0.008878188395184448	0.009145350335517196	0.00038268083210570486	0.9566832260161192	0.024910554421073636
TRD	Pbre1_11G178200	Pbre1_15G577000	Prupe.6G089700.1	0.221973	0.805129	0.2756986768579942	Conservation	0.5601851239649818	0.19934139476213214	0.010772127911048868	0.18096148309474672	0.048739870267090556
TRD	Pbre1_07G157200	Pbre1_15G585800	Prupe.2G127800.1	0.0631581	0.285169	0.22147603701664625	Conservation	0.9965025284384234	0.0021764446506728472	0.0006007503202151068	0.0006908914011489271	2.938518953995433e-05
TRD	Pbre1_14G306400	Pbre1_15G593400	Prupe.5G160800.1	1.13372	0.256778	4.415175754932276	Neofunctionalization(Child)	2.3101629301206503e-15	1.7726026667424066e-23	0.9999999687148969	2.27604619455424e-11	3.126234035032522e-08
TRD	Pbre1_05G187400	Pbre1_15G595200	Prupe.8G145900.1	0.746688	0.335222	2.227443306226918	Subfunctionalization	0.0001286835238166361	2.7101466911872633e-05	4.261111250712169e-08	0.999839974024712	4.198373447041027e-06
TRD	Pbre1_15G007000	Pbre1_15G599400	Prupe.1G357500.1	0.0190709	0.318904	0.05980138223415196	Neofunctionalization(Parent)	0.25262323438357615	0.7225569616983417	0.006663354627631978	2.4962568349812213e-10	0.018156449040824682
TRD	Pbre1_15G007200	Pbre1_15G599800	Prupe.1G357600.1	0.0401994	0.501517	0.08015560788567487	Subfunctionalization	0.37785396250404496	0.005277861138553973	0.0009968133176355258	0.5855017213421716	0.03036964169759392
TRD	Pbre1_12G174000	Pbre1_15G600000	Prupe.7G121300.1	0.189888	0.252872	0.7509253693568289	Subfunctionalization	2.2704469003913944e-05	4.995233844839067e-10	9.632419609680442e-10	0.9999772940682307	3.152153307469441e-17
TRD	Pbre1_16G288200	Pbre1_15G604200	Prupe.1G137300.1	1.21837	1.0592	1.1502737915407855	Conservation	0.9678215056571474	0.0032375197881630803	0.01658259686182258	3.659307736827286e-05	0.012321784615498618
TRD	Pbre1_08G129200	Pbre1_15G607000	Prupe.1G418400.1	0.433256	0.712843	0.6077860061752728	Conservation	0.9845897432913892	4.042494430906577e-06	0.0007003013585741072	0.014705912808121944	4.7483713222155004e-11
TRD	Pbre1_04G118600	Pbre1_15G609800	Prupe.5G087300.1	0.18257	0.412888	0.4421780240646374	Conservation	0.9748726744285493	0.004797651180650952	0.0034209825398313996	0.016907329103378957	1.3627475893678226e-06
TRD	Pbre1_11G178200	Pbre1_15G610400	Prupe.6G089700.1	4.35817	0.805129	5.413008350214686	Subfunctionalization	0.26141325440951074	0.0010777535308360527	0.002429765950794178	0.7350791130840681	1.1302479089309081e-07
TRD	Pbre1_03G152600	Pbre1_15G622600	Prupe.6G085700.1	0.571126	0.383623	1.4887689215714388	Neofunctionalization(Parent)	0.17558392418098165	0.38989109407821426	0.0008608701366677986	0.17407691368630676	0.25958719791782964
TRD	Pbre1_09G049000	Pbre1_15G625000	Prupe.3G288200.1	0.948055	0.231791	4.090128607236692	Subfunctionalization	9.858429200033591e-06	1.0950369886722303e-08	1.7929101062080457e-06	0.9999881802643824	1.5744594134799982e-07
TRD	Pbre1_03G425000	Pbre1_15G625200	Prupe.8G234500.1	0.624497	0.256984	2.4301007066587803	Subfunctionalization	0.26318330983358124	0.00048296569013365684	6.94434673989227e-05	0.7362558966411589	8.384367727244059e-06
TRD	Pbre1_02G001600	Pbre1_15G627000	Prupe.7G271300.1	0.105377	0.267425	0.3940431896793493	Subfunctionalization	0.12568755117323557	0.000295541589926641	0.0005780046101953464	0.8721708462374878	0.0012680563891546222
TRD	Pbre1_15G370000	Pbre1_15G631000	Prupe.7G211100.1	0.0905341	0.341163	0.26536904646752435	Subfunctionalization	1.3233249116587712e-05	8.839473405094525e-07	8.507821576576145e-06	0.9999773616932364	1.3288730011057341e-08
TRD	Pbre1_09G008000	Pbre1_15G631200	Prupe.3G312000.1	0.143358	0.31527	0.4547150061851747	Specialization	0.01014881144868843	0.00014092755920786884	1.118792529305217e-05	8.301072765765532e-09	0.9896990647657379
TRD	Pbre1_02G273200	Pbre1_15G634400	Prupe.6G229700.1	0.0567638	0.424263	0.13379389671029526	Subfunctionalization	0.0033115887379193466	8.188270112297896e-05	0.008388299728058317	0.9882176969671691	5.318657301025987e-07
TRD	Pbre1_08G285000	Pbre1_15G637800	Prupe.1G503500.1	1.17303	0.482675	2.4302688144196405	Subfunctionalization	0.004334081684784361	1.7989558162510363e-06	7.360557423491079e-05	0.995590093176646	4.206085186098895e-07
TRD	Pbre1_08G293600	Pbre1_15G646200	Prupe.1G508600.1	0.142497	0.246884	0.5771819964031691	Subfunctionalization	0.42077504843343055	0.0034167478578250466	0.07673311680473989	0.49854103851283943	0.0005340483911650002
TRD	Pbre1_15G472800	Pbre1_15G647000	Prupe.7G149400.1	0.596677	0.452442	1.318792242983631	Conservation	0.9932438100865357	4.194831584138417e-06	6.302011223966048e-06	0.006727215133680217	1.8477936976001015e-05
TRD	Pbre1_04G000200	Pbre1_15G647600	Prupe.1G000100.1	0.117185	0.349476	0.33531630212088953	Conservation	0.9244631603897403	0.003176899314807952	0.0703346717385011	0.0013838802959652223	0.0006413882609856751
TRD	Pbre1_04G223200	Pbre1_15G671000	Prupe.6G263600.1	0.750831	0.938309	0.800195884298243	Subfunctionalization	9.525601012255077e-16	9.028770579543656e-19	5.1738760632283434e-17	0.9999999999999989	1.0798543009306364e-17
TRD	Pbre1_14G355200	Pbre1_15G674000	Prupe.5G185600.1	2.17912	0.667846	3.2629079158967786	Neofunctionalization(Child)	0.18528341152060207	0.009762202988274753	0.547935623538465	0.003664981981775331	0.2533537799708828
TRD	Pbre1_16G018800	Pbre1_15G687000	Prupe.1G341200.1	0.469807	0.320748	1.4647230847893051	Subfunctionalization	1.0527629422537204e-06	0.002927263203079505	3.9344666458000553e-08	0.9970712479267612	3.9676255059860205e-07
TRD	Pbre1_05G202400	Pbre1_15G694400	Prupe.8G156300.1	0.445919	0.356987	1.2491183152327676	Subfunctionalization	2.4824201931857497e-09	1.8987426879125874e-06	5.077896786744047e-10	0.9999980982671021	5.019842157513588e-23
TRD	Pbre1_11G107400	Pbre1_15G706200	Prupe.6G057300.1	0.222119	1.94188	0.11438348404638804	Subfunctionalization	4.777035076812109e-15	1.6399455210723518e-13	1.1464566108884225e-20	0.9999999999998312	1.0661272625394378e-23
TRD	Pbre1_07G424200	Pbre1_15G708200	Prupe.2G287100.1	0.559741	0.392735	1.4252383923001517	Subfunctionalization	7.73379654500118e-20	3.9423328209712127e-19	5.546625063824322e-26	1.0	6.88703602618338e-33
TRD	Pbre1_08G353000	Pbre1_15G710000	Prupe.1G543200.1	0.198169	0.450279	0.4401026918865859	Subfunctionalization	0.11488012112783558	0.0015036248667158242	4.581653248195899e-08	0.8836049745813832	1.123360753286235e-05
TRD	Pbre1_05G075800	Pbre1_15G711000	Prupe.8G060400.1	0.146015	0.264217	0.5526328737363607	Conservation	0.9976299941224797	0.0008806764941425721	2.3363900398119833e-06	0.0012892599991278847	0.00019773299421018987
TRD	Pbre1_15G726800	Pbre1_15G713000	Prupe.1G554200.1	0.148471	0.367916	0.40354591808999873	Subfunctionalization	0.022664088285671655	0.001119358208584295	2.946696451177752e-06	0.9762136068092908	1.9294397936934003e-15
TRD	Pbre1_15G727000	Pbre1_15G713200	Prupe.1G554000.1	0.220896	0.651998	0.338798585271734	Neofunctionalization(Parent)	0.3379986569766479	0.3673309299698222	6.505316425362343e-08	0.29467034800036557	4.079976484469965e-18
TRD	Pbre1_07G215800	Pbre1_15G715600	Prupe.2G181400.1	0.120478	1.05967	0.1136938858323818	Conservation	0.9977838713193573	3.0791945029685166e-05	0.001959743014979517	2.0104846567666729e-07	0.00022539267216768603
TRD	Pbre1_02G130800	Pbre1_15G719000	Prupe.7G205600.1	0.484684	0.380117	1.2750916165285953	Conservation	0.8983858716730236	9.020238223688163e-05	0.00010367950011167379	0.00481853425618741	0.0966017121884405
TRD	Pbre1_09G335600	Pbre1_15G734600	Prupe.3G056900.1	0.0739447	0.243563	0.3035957842529448	Subfunctionalization	0.00196702784182178	3.436267065800112e-05	1.225378338570341e-05	0.997986355701185	2.9494050682755366e-12
TRD	Pbre1_09G335400	Pbre1_15G734800	Prupe.3G056800.1	0.0654041	0.516856	0.12654220904855512	Specialization	0.07398058740842246	0.002790733707999652	0.01440335573030968	0.00013764529499855297	0.9086876778582696
TRD	Pbre1_15G262400	Pbre1_15G749200	Prupe.7G266900.1	0.45336	0.561239	0.807784206015619	Subfunctionalization	2.8026411907458048e-05	5.366283955887319e-07	0.0002801432528118345	0.9996750777926552	1.6215914229952362e-05
TRD	Pbre1_15G650000	Pbre1_15G761800	Prupe.1G511000.1	1.41444	0.430762	3.2835765457491606	Specialization	5.782325240930841e-12	3.203749060901324e-14	5.026828699696501e-13	2.1818975142539804e-10	0.9999999997754931
TRD	Pbre1_09G076000	Pbre1_15G771600	Prupe.3G272100.1	0.484496	0.288267	1.680719610638748	Subfunctionalization	0.006745155723053939	3.778050592696556e-05	0.008037147197477055	0.9850961155818884	8.38009916536858e-05
TRD	Pbre1_08G404000	Pbre1_15G772200	Prupe.1G581000.1	0.227082	0.335722	0.676398925301291	Conservation	0.854586602918764	0.049653535760036255	0.005053964336605134	6.218977294163938e-08	0.0907058347948216
TRD	Pbre1_03G033600	Pbre1_15G773600	Prupe.6G022700.1	1.35724	0.371268	3.6556880743829256	Conservation	0.8926684540676781	6.831549651984038e-05	0.0014070209362314716	0.10584355182586494	1.2657673705525392e-05
TRD	Pbre1_01G039000	Pbre1_15G777600	Prupe.4G271200.1	0.24938	0.515647	0.4836254259212213	Conservation	0.9989117555634357	9.780367793045381e-06	9.448032255842157e-06	0.0006621298645832373	0.00040688617193215283
TRD	Pbre1_12G038600	Pbre1_15G779200	Prupe.7G114700.1	0.167776	0.456368	0.3676331381691968	Conservation	0.8876822093467888	0.0001500699559305715	0.00876659946737868	0.09986056778361445	0.003540553446287529
TRD	Pbre1_08G410800	Pbre1_15G780200	Prupe.1G585300.1	0.0661783	0.249606	0.2651310465293302	Subfunctionalization	1.0920446602044197e-15	8.498508050718389e-21	3.21741252148769e-17	0.9999999999999989	3.216964168698672e-17
TRD	Pbre1_07G468600	Pbre1_15G781400	Prupe.2G309300.1	0.232956	0.450695	0.5168817049223976	Conservation	0.8495014289230111	1.2034139665100132e-08	0.1504983665729081	2.1721282219989233e-08	1.7074865902229663e-07
TRD	Pbre1_12G282200	Pbre1_15G783200	Prupe.6G277500.1	0.77652	0.815273	0.9524662291036253	Conservation	0.9986716042168688	2.9769125874245353e-06	1.1194291489698039e-07	5.966788508327015e-05	0.001265639042545708
TRD	Pbre1_05G579600	Pbre1_15G783600	Prupe.4G016200.1	0.0575201	0.303239	0.18968569346291209	Conservation	0.7995910796641974	6.549348391359571e-09	0.2001689322226154	0.00023984458724974494	1.3697658913124054e-07
TRD	Pbre1_15G243600	Pbre1_15G784200	Prupe.4G279800.1	0.0824383	0.402832	0.20464685029987686	Conservation	0.7908377828892367	0.01076006038996925	0.10685406299516997	0.08147438219099012	0.010073711534634036
TRD	Pbre1_15G243200	Pbre1_15G784400	Prupe.4G279700.1	0.0158417	0.377394	0.04197655500617392	Neofunctionalization(Child)	7.079689952821237e-07	6.642091082606708e-09	0.9853498124045789	0.012635360701605838	0.002014112282728795
TRD	Pbre1_10G089200	Pbre1_15G784600	Prupe.8G076400.1	0.0995252	0.313609	0.3173544126603509	Subfunctionalization	0.11740677646003317	0.40601522054945294	0.0018774127080648452	0.47469936595869205	1.2243237569246377e-06
TRD	Pbre1_09G046200	Pbre1_15G786400	Prupe.3G291100.1	0.575409	0.369041	1.559200739213258	Neofunctionalization(Child)	1.8255761818065487e-05	5.0398584620220364e-12	0.9859509320302721	0.0140308027277586	9.47511122546712e-09
TRD	Pbre1_13G019000	Pbre1_16G016800	Prupe.1G342100.1	0.250074	0.57668	0.4336443088021087	Neofunctionalization(Parent)	3.9347574626985034e-05	0.8613038015741767	1.0781344986434574e-06	0.1191233065572714	0.019532466159426116
TRD	Pbre1_13G000800	Pbre1_16G024600	Prupe.1G352200.1	0.1374	0.331073	0.4150142113672815	Conservation	0.9999511614343382	2.0885113731927973e-05	1.0136539460461144e-05	5.125031563708399e-06	1.2691880905754623e-05
TRD	Pbre1_10G006600	Pbre1_16G032800	Prupe.8G005800.1	0.792971	0.263617	3.0080419699791743	Neofunctionalization(Parent)	0.404658400203202	0.5113520468240139	0.07221046995522361	0.011437434108085561	0.0003416489094750308
TRD	Pbre1_13G033600	Pbre1_16G035200	Prupe.1G333300.1	0.136115	0.262821	0.5179000155999711	Neofunctionalization(Child)	2.7392770255530095e-05	4.17341966533318e-06	0.9999471140355783	1.9996398398326674e-05	1.323376102217031e-06
TRD	Pbre1_02G505200	Pbre1_16G036000	Prupe.2G008000.1	0.0627909	0.181653	0.3456639857310366	Neofunctionalization(Parent)	0.05667831067971712	0.9345384619794471	1.5867348610848186e-07	0.008772094378748157	1.0974288601279604e-05
TRD	Pbre1_13G035200	Pbre1_16G037200	Prupe.1G332300.1	0.284651	0.338639	0.8405735901653382	Neofunctionalization(Parent)	0.002386418788509362	0.9968352440159197	1.5248537560222765e-08	0.0006995096299925639	7.8812317040898e-05
TRD	Pbre1_13G049800	Pbre1_16G054200	Prupe.1G322900.1	0.270791	0.395768	0.6842165106830265	Subfunctionalization	7.200805447404965e-09	0.001779084487728594	0.0006975977708879033	0.6000073942635334	0.39751591627704463
TRD	Pbre1_13G062000	Pbre1_16G067200	Prupe.1G315000.1	0.903438	0.671404	1.3455952005052099	Subfunctionalization	8.711511590228336e-16	4.38699255758133e-06	2.2750558092121542e-07	0.9849819553888131	0.015013430113047576
TRD	Pbre1_13G332800	Pbre1_16G083600	Prupe.1G019500.1	0.887358	0.405485	2.188386746735391	Neofunctionalization(Child)	0.019741796415516214	3.7276563102331657e-06	0.978510224763205	0.0008788467062346391	0.000865404458734125
TRD	Pbre1_13G094600	Pbre1_16G095600	Prupe.1G297100.1	0.286517	0.379052	0.7558778215126157	Subfunctionalization	0.012253316689027606	0.3564851480089029	1.2813528144358833e-05	0.6021116271260428	0.029137094647882184
TRD	Pbre1_16G213000	Pbre1_16G124600	Prupe.1G224300.1	0.12687	0.372365	0.34071408429900774	Neofunctionalization(Child)	5.016289140690388e-05	6.67788840117638e-06	0.9958447978308731	0.004098343215154829	1.8174163946212015e-08
TRD	Pbre1_13G121000	Pbre1_16G127600	Prupe.1G277400.1	0.13335	0.384006	0.34726019905938965	Subfunctionalization	0.07629006156585234	0.1384741448564827	0.1355067718714148	0.6200705094062507	0.029658512299999464
TRD	Pbre1_13G142000	Pbre1_16G147400	Prupe.1G264500.1	0.211654	0.32041	0.6605723916232328	Specialization	4.8338398358894335e-09	2.5642350173714845e-08	4.293459992955195e-06	0.10323496882581974	0.8967607072379973
TRD	Pbre1_09G240400	Pbre1_16G180000	Prupe.3G183000.1	0.221678	0.392302	0.565069767678982	Conservation	0.9858199034631618	0.010666912868040819	0.0031051307117590694	6.583045796635172e-05	0.00034222249907150324
TRD	Pbre1_13G181200	Pbre1_16G187200	Prupe.1G240900.1	1.44846	0.616321	2.350171420412415	Conservation	0.9985641248611814	2.7405342593881776e-06	0.0014075233193232416	2.551609620968436e-05	9.518902650412261e-08
TRD	Pbre1_13G186400	Pbre1_16G193600	Prupe.1G237600.1	0.267218	0.371685	0.7189367340624454	Neofunctionalization(Child)	0.00493066358914639	2.545368834459822e-10	0.9949840945544409	8.092095890195604e-05	4.32064297383344e-06
TRD	Pbre1_13G186800	Pbre1_16G194000	Prupe.1G237400.1	1.25464	0.596853	2.1020921399406554	Conservation	0.9999977569567138	2.241633629609715e-06	3.002317748848147e-18	4.887956201091343e-10	9.208609269881163e-10
TRD	Pbre1_11G072200	Pbre1_16G194400	Prupe.6G039200.1	0.768063	0.524875	1.4633255537032628	Specialization	0.0034528248755289854	1.376466283695055e-08	5.127718852503391e-05	0.026518771196712195	0.969977112974571
TRD	Pbre1_15G078600	Pbre1_16G201600	Prupe.1G396100.1	1.05387	0.575704	1.8305761293998306	Neofunctionalization(Child)	0.4076304958919087	3.58208415703816e-05	0.5811628053181815	0.009328764142713657	0.0018421138056257515
TRD	Pbre1_10G204200	Pbre1_16G202400	Prupe.8G157400.1	1.00135	0.363807	2.7524209264802493	Neofunctionalization(Child)	1.4639917589889337e-05	3.8695227993847387e-13	0.999961366246931	2.3968258718249987e-05	2.5576373909069816e-08
TRD	Pbre1_12G177200	Pbre1_16G202800	Prupe.7G122500.1	1.12838	0.351615	3.20913499139684	Neofunctionalization(Parent)	0.008990450492546681	0.6139531435531803	1.0546209158618506e-07	0.37705629989741857	5.947628803456538e-10
TRD	Pbre1_15G365600	Pbre1_16G203000	Prupe.7G213600.1	0.118041	0.382268	0.30879121454058406	Neofunctionalization(Parent)	0.0011947139048675134	0.9987974734621934	9.148615560402123e-12	7.739993324671743e-06	7.263046605156672e-08
TRD	Pbre1_13G310000	Pbre1_16G223400	Prupe.1G151200.1	0.380321	0.215571	1.7642493656382352	Neofunctionalization(Child)	0.1912173469209064	9.95365261817775e-05	0.7603192533495516	0.02983876581964141	0.018525097383718724
TRD	Pbre1_10G113400	Pbre1_16G228000	Prupe.8G091800.1	0.0574469	0.307609	0.1867529883716016	Neofunctionalization(Parent)	0.005976675232910794	0.6596382588661477	0.3008080351168572	0.026231524342275683	0.00734550644180854
TRD	Pbre1_13G222800	Pbre1_16G229200	Prupe.1G215300.1	0.393601	0.257179	1.5304554415407168	Neofunctionalization(Child)	0.008291255435524027	0.01931160503399166	0.9706051519473257	0.0017916095199201473	3.7806323836835793e-07
TRD	Pbre1_03G479600	Pbre1_16G243400	Prupe.8G265100.1	0.257145	0.52929	0.4858300742504109	Conservation	0.9778309588888208	0.021850707796770077	9.259987866018407e-07	0.00023372027014584206	8.36870454766992e-05
TRD	Pbre1_13G247200	Pbre1_16G251200	Prupe.1G109000.1	1.03395	1.25925	0.8210839785586658	Neofunctionalization(Parent)	0.05632764160534849	0.7423495204921984	0.0034100941172162135	0.19661578520010858	0.0012969585851284589
TRD	Pbre1_04G231200	Pbre1_16G253800	Prupe.6G267700.1	0.178488	0.671498	0.2658057060482682	Neofunctionalization(Child)	1.3802133326136638e-11	8.589525579190797e-14	0.9999798590441552	1.39704876116059e-05	6.170454345045387e-06
TRD	Pbre1_03G403800	Pbre1_16G254000	Prupe.4G164900.1	0.293412	0.614669	0.4773495979136739	Specialization	3.6161258674680626e-16	5.0004218378716976e-05	5.0953789238380055e-06	0.27081540969677637	0.7291294907059207
TRD	Pbre1_13G255200	Pbre1_16G260800	Prupe.1G114700.1	0.516153	0.42918	1.2026492380819236	Subfunctionalization	0.005928213919174574	0.00010617242044480664	0.008954122615744714	0.9541662208876653	0.03084527015697032
TRD	Pbre1_05G596600	Pbre1_16G265400	Prupe.4G006300.1	3.21599	0.699814	4.595492516582977	Neofunctionalization(Child)	0.020085383259293696	0.001256108845279273	0.945942819699416	0.022095323947232386	0.010620364248778639
TRD	Pbre1_03G023000	Pbre1_16G280400	Prupe.6G014100.1	0.494021	0.600707	0.822399272856817	Neofunctionalization(Child)	0.020836252322133392	1.4427908654806024e-06	0.7037035985204644	0.22280088251448973	0.05265782385204702
TRD	Pbre1_13G339400	Pbre1_16G289200	Prupe.1G023000.1	0.2174	0.339838	0.6397165708366929	Neofunctionalization(Child)	4.231462630431361e-05	2.4466810191988896e-11	0.9995900027860449	0.0003304685095907956	3.721405359304419e-05
TRD	Pbre1_16G171200	Pbre1_16G295200	Prupe.1G250900.1	0.704484	0.619127	1.1378667058616407	Neofunctionalization(Parent)	0.41574262515067606	0.5647083924596794	9.012505727622636e-06	0.01706258511643101	0.0024773847674858843
TRD	Pbre1_07G359600	Pbre1_16G298600	Prupe.2G248500.1	0.128945	0.406903	0.31689370685396767	Neofunctionalization(Parent)	0.031350010329347776	0.5158665572974709	8.845244802401976e-08	0.4523725743259519	0.00041076959478143044
TRD	Pbre1_12G327400	Pbre1_16G301800	Prupe.6G301800.1	0.977315	0.817592	1.1953578312899344	Neofunctionalization(Child)	1.2707964102992364e-11	2.1648484762365083e-14	0.9707482890408096	1.3592925117401274e-07	0.02925157501720938
TRD	Pbre1_10G442000	Pbre1_16G305600	Prupe.4G083400.1	2.5127	0.669711	3.7519168716058124	Conservation	0.7984679542683082	0.19136357996149223	0.009119747643015798	0.0004898115437251938	0.0005589065834584507
TRD	Pbre1_05G166000	Pbre1_16G324400	Prupe.8G134300.1	0.448473	0.371852	1.2060524079472479	Conservation	0.8476202824350028	0.007391235420417342	0.0019279962247782455	0.14291054033253303	0.00014994558726854867
TRD	Pbre1_13G325400	Pbre1_16G331800	Prupe.1G015100.1	0.215566	0.342318	0.6297244082987165	Subfunctionalization	5.565697754110797e-08	1.3834809999403722e-08	3.274494514755176e-11	0.9999999304754315	3.623073275104186e-14
TRD	Pbre1_13G325400	Pbre1_16G332000	Prupe.1G015100.1	0.948051	0.342318	2.7695037947171928	Subfunctionalization	0.23218371939716662	0.0005634243037753097	0.0075660581052373575	0.7596804161786259	6.382015194732598e-06
TRD	Pbre1_13G334600	Pbre1_16G339800	Prupe.1G020600.1	0.265829	0.427731	0.6214864015000082	Conservation	0.9920575358014676	0.0027831658453844467	6.64579145860405e-05	0.005080459617238905	1.238082132296488e-05
TRD	Pbre1_05G169600	Pbre1_16G340000	Prupe.8G136900.1	0.633537	0.748985	0.8458607315233283	Neofunctionalization(Child)	0.24981615067620533	0.001695429170725201	0.7484485802932965	1.2067310070964953e-07	3.9719186672242785e-05
TRD	Pbre1_13G340000	Pbre1_16G343800	Prupe.1G023500.1	0.155113	0.291445	0.5322204875705536	Conservation	0.9810076332184091	0.018949248468506697	4.27006694528814e-05	4.1754111684668015e-07	1.025145207724028e-10
TRD	Pbre1_13G343600	Pbre1_16G348000	Prupe.1G027000.1	0.121329	0.750232	0.1617219740027085	Conservation	0.9903065069144755	0.0026289863590113183	0.006894560914176185	0.00015379272296202015	1.6153089375075563e-05
TRD	Pbre1_13G046600	Pbre1_16G351800	Prupe.1G324900.1	1.56838	0.703794	2.228464579124005	Subfunctionalization	0.00046412846380366525	4.09162062661741e-05	9.624110468880063e-05	0.9990151503985107	0.0003835638267306205
TRD	Pbre1_12G226400	Pbre1_16G358200	Prupe.6G247300.1	2.5337	0.502364	5.043554076327125	Subfunctionalization	0.009892951477550252	0.0007526208530728711	0.0060695323406579115	0.983094270175573	0.0001906251531458137
TRD	Pbre1_13G359200	Pbre1_16G360600	Prupe.1G037500.1	0.23113	0.420657	0.5494500269816026	Subfunctionalization	0.1078127885772651	9.676327773488256e-06	0.00020404188961862672	0.8919608094044518	1.2683800891092842e-05
TRD	Pbre1_10G484600	Pbre1_16G365400	Prupe.4G059200.1	0.360979	0.707562	0.5101729601080894	Subfunctionalization	0.006130453323055974	0.0003785232638979854	5.511013449476185e-05	0.6828795074981585	0.31055640578039284
TRD	Pbre1_16G057200	Pbre1_16G369200	Prupe.1G321400.1	0.105059	0.298735	0.35167958223843876	Specialization	0.11585012391594149	0.09665835140720404	0.056250349960027736	1.8445383342316398e-09	0.7312411728722884
TRD	Pbre1_13G367400	Pbre1_16G369600	Prupe.1G042400.1	0.37989	0.47316	0.8028785188942429	Conservation	0.4375567571118914	0.14096236883629254	0.09526645599012143	3.958144823717898e-09	0.3262144141035498
TRD	Pbre1_05G244400	Pbre1_16G370000	Prupe.8G177700.1	0.338122	0.221468	1.526730724077519	Conservation	0.9743011051752163	0.0009778691437717698	0.023944288253901155	1.3908585949936086e-08	0.0007767235185249131
TRD	Pbre1_01G239400	Pbre1_16G370400	Prupe.2G225600.1	0.106784	0.352348	0.30306401625665536	Subfunctionalization	0.015520568489585248	2.6080164065507658e-05	0.009205970621135717	0.8749631471636488	0.1002842335615648
TRD	Pbre1_04G188800	Pbre1_16G376400	Prupe.6G246300.1	1.03112	0.387808	2.6588414885716647	Conservation	0.7800626512534866	0.0009654871141015793	0.024600448754138946	0.19413460534884883	0.00023680752942385562
TRD	Pbre1_13G380400	Pbre1_16G381800	Prupe.1G051200.1	0.111995	0.286937	0.39031215911506706	Conservation	0.999910408962669	1.391230637678465e-08	3.1315443576149183e-09	3.5598472152597804e-07	8.92180087584724e-05
TRD	Pbre1_13G386800	Pbre1_16G388800	Prupe.1G057600.1	0.154188	0.313147	0.4923821719511922	Conservation	0.9807262140561994	0.0033414429864489104	0.0147829199213062	9.298608901674393e-05	0.0010564369470287475
TRD	Pbre1_02G277200	Pbre1_16G392800	Prupe.6G225900.1	0.875464	0.53285	1.6429839542085014	Subfunctionalization	2.4974337193294085e-18	1.3842547598598093e-25	4.5023972964518973e-20	1.0	3.1336665905218812e-18
TRD	Pbre1_02G225600	Pbre1_16G394400	Prupe.7G155200.1	0.241179	0.46724	0.5161779813372143	Neofunctionalization(Child)	3.109496027273863e-09	4.154656303917299e-12	0.9422460039359573	1.5740475464739092e-08	0.057753977209916645
TRD	Pbre1_15G080400	Pbre1_16G395600	Prupe.1G397300.1	0.530826	0.413734	1.28301275698879	Conservation	0.9178605886564966	0.030069368683557415	8.546273350932236e-05	0.04995710369562685	0.0020274762308098346
TRD	Pbre1_02G315600	Pbre1_16G399000	Prupe.2G147100.1	0.722482	0.327896	2.203387659501793	Subfunctionalization	7.66651832115404e-05	1.996508636557322e-08	1.1548066397403042e-06	0.9999221600450623	4.3068407072290524e-21
TRD	Pbre1_09G487400	Pbre1_16G403000	Prupe.3G003200.1	0.500335	0.664188	0.7533032816009925	Subfunctionalization	0.000825239196296708	3.8939375269035025e-05	3.4215053944385683e-06	0.9991277310865295	4.668836510281257e-06
TRD	Pbre1_07G484800	Pbre1_16G403200	Prupe.2G316400.1	3.32046	0.352066	9.431356620633633	Subfunctionalization	0.4057123712250635	1.2151921478088057e-05	0.16254353842768765	0.4317091801745987	2.2758251171916776e-05
TRD	Pbre1_16G413800	Pbre1_16G407000	Prupe.1G072300.1	0.455998	0.49478	0.9216176886697118	Conservation	0.9712682060421028	0.0022671156120633753	0.02644481768727777	6.969507555565029e-08	1.9790963480362406e-05
TRD	Pbre1_05G059200	Pbre1_16G408600	Prupe.8G045900.1	0.22779	0.301623	0.7552142906873813	Conservation	0.9718961003105099	1.8356123226394747e-05	0.028007102740183705	3.5937507333790204e-07	7.808145100657703e-05
TRD	Pbre1_16G018800	Pbre1_16G413400	Prupe.1G341200.1	0.349341	0.320748	1.0891447491488646	Subfunctionalization	0.0035080171545752567	9.459823901080819e-05	6.636852477037115e-07	0.9963949689338099	1.7519873564238343e-06
TRD	Pbre1_09G271600	Pbre1_16G414200	Prupe.3G020000.1	0.424327	0.216764	1.9575529146906312	Conservation	0.9948785873273874	1.1681094746785613e-05	1.203346034680929e-07	0.005109036151070492	5.750921916460991e-07
TRD	Pbre1_02G206200	Pbre1_16G415600	Prupe.7G165600.1	1.09434	0.438325	2.4966406205441167	Subfunctionalization	0.028897090439331852	0.018164068794195173	0.0011178920732878076	0.7618785604436547	0.18994238824953052
TRD	Pbre1_13G412000	Pbre1_16G421400	Prupe.1G077100.1	0.141578	0.317613	0.44575631350102174	Specialization	0.0002824363811372115	0.0007450265546731597	1.3788227603317956e-07	3.298560568569887e-05	0.998939413576228
TRD	Pbre1_13G412000	Pbre1_16G421600	Prupe.1G077100.1	0.286598	0.317613	0.9023497149046168	Subfunctionalization	0.10754009146372784	2.396142479860952e-05	3.8235216899557196e-05	0.8923976701579702	4.173660387184482e-08
TRD	Pbre1_13G412400	Pbre1_16G422200	Prupe.1G077400.1	0.185392	0.296796	0.6246445369883691	Conservation	0.9793532171915711	0.0031058904558638476	0.0010968403201413726	0.01094126372700205	0.005502788305421659
TRD	Pbre1_13G412400	Pbre1_16G422400	Prupe.1G077400.1	0.122602	0.296796	0.41308508200919153	Specialization	0.42913205895617473	0.0009646947340167323	0.016282155103960926	0.07185220788074242	0.4817688833251052
TRD	Pbre1_11G108400	Pbre1_16G424000	Prupe.6G057400.1	0.525649	0.313425	1.6771125468612906	Specialization	1.0171184342177121e-11	3.7097125368241024e-15	3.671104052977036e-13	1.1412648723384402e-13	0.9999999999893439
TRD	Pbre1_03G410000	Pbre1_16G426800	Prupe.4G157700.1	0.0886564	0.347325	0.2552548765565393	Subfunctionalization	0.0029746834848529006	1.5952135051264927e-06	0.0005461173408868681	0.9964775856134459	1.834730920878164e-08
TRD	Pbre1_05G259000	Pbre1_16G433600	Prupe.8G182300.1	1.29145	0.657392	1.9645051962907976	Specialization	0.30371432921418673	0.0036605257136924814	0.16793275355019832	0.023769704380308797	0.5009226871416137
TRD	Pbre1_01G113600	Pbre1_16G435000	Prupe.6G210900.1	0.164727	0.327271	0.5033351564911037	Subfunctionalization	0.07996396509002311	0.010953740367177525	0.002089938883209773	0.8542635853311582	0.05272877032843141
TRD	Pbre1_06G040800	Pbre1_16G435600	Prupe.5G025900.1	0.334967	0.274188	1.2216690737741989	Conservation	0.8715703601052299	0.0015932522887339422	5.977881658687242e-05	0.1257758186556649	0.0010007901337843168
TRD	Pbre1_16G481000	Pbre1_16G436000	Prupe.6G211100.1	0.0640841	0.501979	0.12766291020142279	Conservation	0.9075531292494978	0.0024260486836620286	0.018152924043486965	0.06260502368808636	0.009262874335266817
TRD	Pbre1_13G486800	Pbre1_16G438000	Prupe.1G002500.1	0.240923	0.897694	0.2683798710919311	Subfunctionalization	5.179559038841821e-07	1.9915596000161854e-10	1.853096899196644e-08	0.9999990012289109	4.620850601831601e-07
TRD	Pbre1_11G157600	Pbre1_16G440400	Prupe.6G080000.1	0.245181	0.602985	0.40661210477872584	Neofunctionalization(Child)	1.2958479924612833e-10	1.5414209053951078e-14	0.9988853186185952	1.5678443074858153e-08	0.0011146655733615095
TRD	Pbre1_01G204800	Pbre1_16G441400	Prupe.2G206100.1	0.625038	1.69651	0.36842576819470557	Neofunctionalization(Child)	5.483149431344298e-07	2.127965995375693e-11	0.5229363459116347	0.47446380337301197	0.0025993023791304613
TRD	Pbre1_07G494800	Pbre1_16G442400	Prupe.2G321000.1	1.60581	1.78447	0.8998806368277416	Conservation	0.9999998084848492	2.1906387247948003e-08	1.0532530788738384e-09	1.3932140549371813e-07	2.9234105119971923e-08
TRD	Pbre1_13G030600	Pbre1_16G443200	Prupe.1G335200.1	0.245334	0.428792	0.5721515326778485	Neofunctionalization(Child)	2.4469909498529303e-07	2.4686274486712033e-12	0.9999459702222703	4.800716173232967e-05	5.777914433660757e-06
TRD	Pbre1_04G362600	Pbre1_16G446800	Prupe.6G337200.1	0.33423	0.465929	0.7173410541091025	Conservation	0.6044549078981312	0.27316251697495436	0.003511873865583316	0.10662880472053607	0.012241896540795157
TRD	Pbre1_04G362600	Pbre1_16G447000	Prupe.6G337200.1	0.0610329	0.465929	0.13099184639719785	Conservation	0.7638037593720592	0.03613883560550069	0.13255629632185792	0.06746947592828763	3.163277229445892e-05
TRD	Pbre1_11G403800	Pbre1_16G450400	Prupe.4G182900.1	0.242112	0.36348	0.6660944206008583	Neofunctionalization(Parent)	0.003298867733696815	0.9557281672672631	3.1022739543513443e-06	0.04096986161392495	1.1111607669849563e-09
TRD	Pbre1_17G469000	Pbre1_16G451800	Prupe.3G113800.1	0.495537	0.542797	0.9129324590961262	Subfunctionalization	0.22690286005876023	0.028126563871408557	3.3846109886647563e-06	0.7053229509227863	0.03964424053605615
TRD	Pbre1_16G018800	Pbre1_16G454400	Prupe.1G341200.1	0.321604	0.320748	1.0026687617693641	Subfunctionalization	0.05691091254144059	1.093547658729251e-05	0.09148720918080233	0.8204825374150759	0.031108405386093798
TRD	Pbre1_06G066800	Pbre1_16G458600	Prupe.5G045100.1	0.353977	0.257779	1.3731801271631903	Neofunctionalization(Parent)	0.02204314818196256	0.8985513304521296	1.86046845401413e-05	0.07595069383019665	0.0034362228511712087
TRD	Pbre1_03G261800	Pbre1_16G460600	Prupe.4G270300.1	0.524931	0.300867	1.744727736840531	Neofunctionalization(Child)	0.0013444667475099792	2.7357645187001585e-05	0.9985753913655429	5.27452542041075e-05	3.8987556136104294e-08
TRD	Pbre1_13G018800	Pbre1_16G460800	Prupe.1G342300.1	0.471406	0.475327	0.991750941983098	Neofunctionalization(Parent)	2.254631036671958e-11	0.9999954517100349	1.4978721895099524e-18	4.546089411436713e-06	2.1780074025057877e-09
TRD	Pbre1_06G061800	Pbre1_16G461200	Prupe.5G031800.1	0.472473	0.856901	0.5513740793860668	Neofunctionalization(Parent)	5.7323150015084305e-05	0.964952409463193	1.3303664725434878e-09	0.03495713485581968	3.313120060568037e-05
TRD	Pbre1_16G466000	Pbre1_16G463400	Prupe.5G034200.1	0.12963	0.42288	0.30654086265607267	Subfunctionalization	0.01916582916298261	0.0005335189758137917	0.04926158773895893	0.7963146142714915	0.13472444985075308
TRD	Pbre1_07G377000	Pbre1_16G469000	Prupe.2G260200.1	0.628549	0.266485	2.3586655909338234	Subfunctionalization	7.40702818596654e-15	7.420871110499006e-08	0.34165203658429255	0.595005657272204	0.0633422319347849
TRD	Pbre1_11G330800	Pbre1_16G469200	Prupe.4G231300.1	0.0789043	0.204791	0.3852918341138038	Neofunctionalization(Child)	8.449877700639487e-05	1.3670092315753611e-16	0.9996499783748222	0.00019383017101259312	7.169267715855775e-05
TRD	Pbre1_06G046600	Pbre1_16G476000	Prupe.5G043100.1	0.229323	0.343267	0.6680601397745778	Neofunctionalization(Child)	0.002535504966660553	1.3396510996231668e-08	0.8437949570565406	0.13654413517743028	0.01712538940285747
TRD	Pbre1_13G486800	Pbre1_16G476400	Prupe.1G002500.1	4.20212	0.897694	4.68101602550535	Conservation	0.779189383655871	0.0003298169952725874	0.0004687577251885383	0.21958516832540734	0.0004268732982605594
TRD	Pbre1_07G264600	Pbre1_16G476800	Prupe.2G193700.1	0.550765	0.766831	0.7182351782856978	Neofunctionalization(Child)	0.19686913935077177	0.008173562931989514	0.7017097325446295	0.09073803057925273	0.0025095345933563965
TRD	Pbre1_06G043400	Pbre1_16G478400	Prupe.5G029000.1	0.268427	0.63894	0.4201129996556798	Neofunctionalization(Child)	0.13399427561763314	0.0012394070463163489	0.8413455071553942	0.004923980792721168	0.018496829387935114
TRD	Pbre1_06G042200	Pbre1_16G479000	Prupe.5G029700.1	1.64044	0.425276	3.857353812582887	Neofunctionalization(Parent)	4.6136909557059147e-07	0.9999982664905899	7.72343204374165e-16	7.819946953239183e-07	4.901456182987402e-07
TRD	Pbre1_05G156200	Pbre1_16G490000	Prupe.8G127600.1	1.30776	0.889388	1.4704043679473977	Neofunctionalization(Child)	7.032803349077027e-09	1.309899742783226e-10	0.9562959585158218	2.7542979838504385e-06	0.043701280022400965
TRD	Pbre1_08G257200	Pbre1_16G491200	Prupe.1G485400.1	0.72339	0.713306	1.0141369902958899	Conservation	0.9957195696189944	0.0042804298958768715	4.7329159474443113e-26	1.2837751800316035e-10	3.5675131809772605e-10
TRD	Pbre1_15G109800	Pbre1_16G492600	Prupe.1G412100.1	0.14779	0.499821	0.295685855536282	Conservation	0.9999881634497528	3.878251698156944e-06	5.1390538099291695e-09	7.494306493268002e-06	4.588530020181429e-07
TRD	Pbre1_06G016200	Pbre1_16G496200	Prupe.5G010800.1	0.345805	0.290544	1.190198386475026	Neofunctionalization(Child)	0.1129471030160185	2.5952276179325233e-05	0.32081176962146574	0.2973141510975614	0.268901023988775
TRD	Pbre1_06G003600	Pbre1_16G502200	Prupe.5G002400.1	0.244364	0.34719	0.7038336357613987	Neofunctionalization(Parent)	0.3266748812507956	0.513953410758914	0.0003948420377522927	0.10617607668784887	0.052800789264689306
TRD	Pbre1_04G248800	Pbre1_16G504600	Prupe.6G277500.1	2.47551	0.67672	3.658100839342712	Neofunctionalization(Parent)	9.125534844486658e-06	0.9968304287584424	2.1575485292329845e-13	0.003160445705927908	5.693634452172059e-13
TRD	Pbre1_14G007600	Pbre1_17G014800	Prupe.7G006200.1	2.00233	0.236029	8.483406700024151	Subfunctionalization	0.06369362074290412	0.1287354068660543	0.02688548607421232	0.7806853461565609	1.401602683183543e-07
TRD	Pbre1_08G281800	Pbre1_17G015800	Prupe.1G501700.1	0.530383	0.375266	1.4133521288899076	Neofunctionalization(Child)	8.034515508873515e-06	5.539914819395794e-16	0.9999529398356681	3.897510916205628e-05	5.0539660356597296e-08
TRD	Pbre1_09G032800	Pbre1_17G033800	Prupe.3G298100.1	0.219411	0.41854	0.5242294643283796	Subfunctionalization	0.012297903593061486	1.2153438624335474e-07	0.019529709314083227	0.874009643771673	0.09416262178679587
TRD	Pbre1_09G063400	Pbre1_17G040600	Prupe.3G280100.1	1.27622	0.62318	2.0479155300234284	Neofunctionalization(Child)	4.309453197887238e-06	2.535806346430431e-07	0.9999860377017598	9.397858332561354e-06	1.406075202577277e-09
TRD	Pbre1_07G472000	Pbre1_17G041000	Prupe.2G310800.1	1.36777	1.33952	1.0210896440516004	Neofunctionalization(Parent)	0.0007324645416625169	0.9590853772680136	0.0022033591245727477	0.037897744773019375	8.105429273184498e-05
TRD	Pbre1_01G393800	Pbre1_17G049200	Prupe.2G308300.1	1.81245	0.52273	3.4672775620301106	Subfunctionalization	0.00037709737538593453	1.0500426663548712e-05	0.0036848681489839064	0.9952502901487024	0.0006772439002642274
TRD	Pbre1_09G047200	Pbre1_17G049600	Prupe.3G290300.1	0.152683	0.240068	0.6359989669593615	Neofunctionalization(Parent)	4.866329282151525e-06	0.9999485819837284	4.887333097559564e-16	4.6361580559439334e-05	1.9010642952463002e-07
TRD	Pbre1_07G504800	Pbre1_17G068800	Prupe.2G325300.1	0.25226	0.311282	0.8103905783180524	Subfunctionalization	3.4291984107110315e-20	1.016178490245526e-07	7.949854925259745e-08	0.9881320438309975	0.01186777505260439
TRD	Pbre1_11G473800	Pbre1_17G071400	Prupe.8G240900.1	0.756067	0.368059	2.0542005493684434	Subfunctionalization	3.7529997237823834e-13	7.096303195531393e-06	2.278771523658134e-07	0.9698022950330335	0.030190380786243132
TRD	Pbre1_05G568800	Pbre1_17G082400	Prupe.4G022300.1	0.405916	0.387509	1.0475008322387351	Subfunctionalization	1.7484551976539647e-07	1.9865534673980745e-15	0.46045567972557766	0.5394914452761	5.2700152800456357e-05
TRD	Pbre1_15G276800	Pbre1_17G090200	Prupe.7G260100.1	0.168899	0.25165	0.6711663024041328	Neofunctionalization(Parent)	0.40806952893466847	0.4506352938021218	1.5544070267740374e-09	0.14025604735644925	0.0010391283523536136
TRD	Pbre1_10G174200	Pbre1_17G100800	Prupe.8G136800.1	0.305535	0.77588	0.393791565706037	Subfunctionalization	0.0010566990353051689	0.005835221084293751	0.01432693408943786	0.9660605417078764	0.012720604083087055
TRD	Pbre1_09G204200	Pbre1_17G102800	Prupe.3G202500.1	0.371728	0.404123	0.919838761961086	Neofunctionalization(Parent)	0.00010294971324054524	0.9939541278974096	6.036704593576373e-08	0.005942840649121778	2.1373182067695125e-08
TRD	Pbre1_05G048200	Pbre1_17G107400	Prupe.8G038700.1	3.92915	0.614755	6.391407959268326	Conservation	0.8795215947394116	0.10155697544962533	0.0004372676876513275	0.002335094602390446	0.016149067520921125
TRD	Pbre1_02G174600	Pbre1_17G108000	Prupe.7G181700.1	0.704378	0.342924	2.0540352964505253	Subfunctionalization	8.522860005699003e-09	2.299753763580374e-13	0.0014713732969938486	0.6693024701926473	0.3292261479872688
TRD	Pbre1_17G117400	Pbre1_17G112800	Prupe.3G251100.1	1.20124	0.853282	1.40778781223558	Neofunctionalization(Child)	0.02017425435703355	7.210873283423355e-07	0.979229412752394	0.0005791319694418111	1.6479833802153223e-05
TRD	Pbre1_01G279200	Pbre1_17G124800	Prupe.2G247900.1	1.30314	0.621916	2.095363360968362	Neofunctionalization(Parent)	0.09486023282449496	0.777683933674416	0.10076174076935655	0.024751485673101054	0.0019426070586315344
TRD	Pbre1_06G066400	Pbre1_17G125400	Prupe.5G044300.1	0.234147	0.732752	0.31954467541542025	Subfunctionalization	0.00012959827496215312	1.531586783404887e-05	3.216858503822673e-05	0.9998229172721657	1.037704615947209e-27
TRD	Pbre1_17G290600	Pbre1_17G136600	Prupe.3G023700.1	0.188125	0.35864	0.5245510818648226	Subfunctionalization	1.2444817004608717e-09	9.749502004869669e-11	1.2131594753369119e-14	0.999999998658011	1.570660755108407e-18
TRD	Pbre1_09G138600	Pbre1_17G137800	Prupe.3G239800.1	0.407311	0.369069	1.1036174807420835	Subfunctionalization	0.0010483180013930507	5.06673055627561e-06	3.4048224198319864e-06	0.9989362685711952	6.941874435515617e-06
TRD	Pbre1_09G143600	Pbre1_17G142200	Prupe.3G237700.1	0.229942	0.288122	0.7980716502037332	Conservation	0.67525268294362	0.005251104178907929	9.326557410674514e-05	0.3194029460940012	1.2093642170383371e-09
TRD	Pbre1_02G386400	Pbre1_17G152600	Prupe.2G096600.1	0.557612	0.361306	1.5433233879315593	Subfunctionalization	0.0005888350321971218	7.59217300602146e-08	1.4481090792462621e-10	0.9994110084760243	8.042523774080496e-08
TRD	Pbre1_05G528600	Pbre1_17G152800	Prupe.4G045900.1	1.7358	0.29035	5.978302049250904	Subfunctionalization	0.2390778834439825	0.0014328150374009001	1.2097668181004444e-05	0.7594772038331303	1.730524034351657e-11
TRD	Pbre1_03G041400	Pbre1_17G159200	Prupe.6G025300.1	0.521859	0.269622	1.9355208402875137	Subfunctionalization	0.010873702814954778	2.916163749679147e-06	2.7877043129930505e-07	0.9891231022508629	1.2958536303117845e-15
TRD	Pbre1_07G341400	Pbre1_17G164800	Prupe.2G239700.1	0.502125	0.502778	0.9987012160436616	Subfunctionalization	0.02654996923066128	2.4879722090097534e-05	6.3886863746544865e-06	0.8351467827985111	0.13827197956236295
TRD	Pbre1_11G198400	Pbre1_17G166400	Prupe.6G098200.1	0.198811	0.472134	0.42109019896893674	Specialization	0.18117071393159093	9.632893933851503e-10	6.0303581534602455e-09	1.1220802596118638e-07	0.8188291668667356
TRD	Pbre1_12G057000	Pbre1_17G173400	Prupe.7G101500.1	0.419978	0.301678	1.392139963802465	Conservation	0.9502445161139543	2.99992341012883e-06	6.372603811096617e-07	0.00012158838389108826	0.04963025831836331
TRD	Pbre1_17G495200	Pbre1_17G179400	Prupe.3G007100.1	0.681923	0.40591	1.6799857111182281	Subfunctionalization	0.4245012519342695	0.0002111908002450142	1.5155999245800832e-06	0.5752791181937851	6.9234717758067596e-06
TRD	Pbre1_16G013000	Pbre1_17G181000	Prupe.1G344300.1	0.304826	0.224591	1.3572494000204816	Subfunctionalization	0.0024148020928370694	4.857482983478187e-05	0.0004779971321429971	0.990863081535791	0.006195544409394299
TRD	Pbre1_09G194000	Pbre1_17G189600	Prupe.3G208000.1	0.193859	0.222847	0.8699197207052373	Specialization	4.752766761915175e-13	1.6077611869110371e-18	4.442476241813003e-15	0.17308542503084723	0.826914574968673
TRD	Pbre1_16G142200	Pbre1_17G201600	Prupe.1G267700.1	1.67622	0.406421	4.124343968446513	Subfunctionalization	2.705202730248087e-09	7.717103266025514e-14	1.5212747722918583e-10	0.9999999971422089	3.835955399465697e-13
TRD	Pbre1_09G224000	Pbre1_17G218000	Prupe.3G192300.1	0.217065	0.251192	0.8641397815217045	Subfunctionalization	8.44309049871416e-13	1.3701138559368892e-18	2.140931944858323e-14	0.9999999999991342	4.127916186582588e-17
TRD	Pbre1_16G087000	Pbre1_17G221000	Prupe.1G304800.1	3.18651	0.902383	3.5312167893233806	Conservation	0.9569558818393725	5.6516376669074904e-05	0.037605818760773894	0.0026984778550737318	0.002683305168110917
TRD	Pbre1_05G452400	Pbre1_17G224200	Prupe.4G091400.1	0.806557	0.247912	3.253400400141986	Conservation	0.814145040351447	0.00025936144975613603	0.001470832120824082	0.18409490620843966	2.9859869532964105e-05
TRD	Pbre1_09G230600	Pbre1_17G226400	Prupe.3G187700.1	0.265607	0.344506	0.7709793153094576	Conservation	0.8605266859031875	0.00044093387132141933	0.1387060812244551	1.7460622663592645e-05	0.0003088383783723802
TRD	Pbre1_16G471600	Pbre1_17G227000	Prupe.5G039100.1	0.12245	0.301441	0.4062154783191404	Conservation	0.964330273144394	0.00011833044142449674	0.020990080594579852	0.01451830361296589	4.301220663572874e-05
TRD	Pbre1_10G442000	Pbre1_17G229200	Prupe.4G083400.1	2.86321	0.669711	4.275291879631663	Neofunctionalization(Child)	1.973050471675574e-06	5.487961302452296e-09	0.9995238576054134	0.0004136563435495733	6.050751260403908e-05
TRD	Pbre1_09G235400	Pbre1_17G230200	Prupe.3G185700.1	0.243109	0.464659	0.5231987328341859	Conservation	0.5901626806732486	0.12857307473425755	0.0005377411374680011	0.2754865056179792	0.005239997837046768
TRD	Pbre1_09G242400	Pbre1_17G236000	Prupe.3G180100.1	0.755441	0.290954	2.5964276139870908	Subfunctionalization	2.1358701220539457e-05	4.891033503701526e-07	1.367130482117241e-06	0.9999767850649469	1.1037386892000474e-16
TRD	Pbre1_10G318600	Pbre1_17G239000	Prupe.8G220100.1	0.753831	0.52049	1.4483102461142385	Subfunctionalization	1.7838720851041606e-05	1.1437150836706459e-06	3.554936877708655e-06	0.9999772170026653	2.456245222779103e-07
TRD	Pbre1_09G246800	Pbre1_17G240200	Prupe.3G177800.1	0.472677	0.294062	1.6074059212002911	Conservation	0.6701619155523908	3.4457212148266326e-05	0.0005319459646256057	0.3292518211314319	1.986013940343023e-05
TRD	Pbre1_05G548200	Pbre1_17G242800	Prupe.4G034100.1	0.639308	0.5608	1.1399928673323823	Conservation	0.9230043422948574	0.009513678971358509	0.06287782402457594	0.0046034515746008	7.031346075125597e-07
TRD	Pbre1_09G252400	Pbre1_17G246600	Prupe.3G173600.1	0.215514	0.504427	0.42724517125371964	Conservation	0.9981725411688858	0.0007109247316955253	0.0010996325242589337	3.981144188926679e-08	1.686176371793891e-05
TRD	Pbre1_14G189400	Pbre1_17G250600	Prupe.5G097700.1	0.213211	0.477726	0.4463039482883494	Subfunctionalization	0.11914034314670857	0.0001691974981656706	0.003647071968867318	0.877030253309076	1.3134077182322821e-05
TRD	Pbre1_16G484000	Pbre1_17G261600	Prupe.5G024900.1	1.06828	0.326637	3.2705419165618097	Subfunctionalization	0.14695843162756556	3.0043345708035736e-05	0.000274983736957777	0.8242837140389416	0.028452827250827012
TRD	Pbre1_02G176800	Pbre1_17G262000	Prupe.7G180700.1	1.15056	1.67321	0.6876363397302191	Specialization	0.039276818764830516	0.022557494815720624	0.0008702560171987826	0.02959860517730011	0.90769682522495
TRD	Pbre1_08G043200	Pbre1_17G264600	Prupe.1G373800.1	0.0799493	0.207245	0.38577191247074716	Specialization	0.021417139784717105	0.00699044189774459	0.0006840341716125345	0.17682077843423658	0.7940876057116893
TRD	Pbre1_08G044000	Pbre1_17G264800	Prupe.1G374300.1	0.080386	0.389893	0.2061745145462986	Conservation	0.9262263364377918	0.03129625209288423	0.005646107066909772	0.03682918163103262	2.1227713814676715e-06
TRD	Pbre1_08G043800	Pbre1_17G265000	Prupe.1G374200.1	0.0324253	0.485593	0.06677464460978638	Conservation	0.6667361416852211	0.020107911449700793	0.00209803772490137	0.3104839775594628	0.0005739315807138604
TRD	Pbre1_15G039000	Pbre1_17G265200	Prupe.1G374100.1	0.437118	0.458137	0.9541207106171298	Conservation	0.566108822918127	0.06378023854971532	0.12765730665013628	0.019496062407891923	0.22295756947412942
TRD	Pbre1_08G043600	Pbre1_17G265400	Prupe.1G374100.1	0.248019	0.536754	0.4620720106417465	Specialization	0.03184705914898573	0.00013067872583598773	2.839836486564306e-05	1.5428113545601566e-07	0.9679937094791773
TRD	Pbre1_17G107800	Pbre1_17G273400	Prupe.3G257100.1	0.472375	0.56089	0.8421883078678528	Conservation	0.8661511539926694	0.005316210443183409	0.10585230053419287	0.0022951829958386075	0.020385152034115825
TRD	Pbre1_15G398800	Pbre1_17G280600	Prupe.7G193700.1	1.16136	1.25466	0.9256372244273348	Subfunctionalization	0.008416716498656836	1.505699294071645e-05	0.0034314828875023355	0.9878417710574935	0.00029497256340658073
TRD	Pbre1_09G285400	Pbre1_17G282800	Prupe.3G028100.1	0.42197	0.432341	0.9760119905352489	Conservation	0.9993211512661763	4.960229934486986e-07	1.9752692065516626e-05	0.0006552335394063397	3.366479358421093e-06
TRD	Pbre1_01G312800	Pbre1_17G283600	Prupe.2G266700.1	1.69829	0.449195	3.7807411035296474	Conservation	0.9999882334604343	1.538385304176878e-07	1.1239351986381253e-05	2.8019265225785717e-08	3.453297837654768e-07
TRD	Pbre1_09G303000	Pbre1_17G297600	Prupe.3G038800.1	0.16879	0.305419	0.5526506209502355	Subfunctionalization	4.837126749806935e-16	8.68239526523387e-20	2.1151655451413352e-17	0.9999999999999993	1.3030886255867264e-16
TRD	Pbre1_15G434000	Pbre1_17G300200	Prupe.7G170600.1	0.404614	0.389828	1.0379295484162245	Subfunctionalization	1.9799240512414953e-11	1.1049971266060387e-15	1.985210086737477e-12	0.9999999999782145	3.0918025085444987e-18
TRD	Pbre1_01G135000	Pbre1_17G301400	Prupe.2G165500.1	0.492971	0.234929	2.098382915689421	Conservation	0.5673297879090368	5.167579244894588e-08	0.4326696702475079	4.7048194635332553e-07	1.968571656819387e-08
TRD	Pbre1_08G152800	Pbre1_17G308400	Prupe.1G430600.1	0.300376	0.56354	0.5330162898818184	Neofunctionalization(Child)	0.001384668238043595	7.997151547590309e-08	0.9964244946520646	0.0003972202154308558	0.0017935369229455567
TRD	Pbre1_17G413800	Pbre1_17G310000	Prupe.3G118500.1	1.19141	0.285798	4.168713566924891	Conservation	0.9998538378796089	8.543386632534824e-05	2.7048729312360425e-07	5.708315198671519e-05	3.3746147858597766e-06
TRD	Pbre1_09G325000	Pbre1_17G310400	Prupe.3G050700.1	0.364977	0.239373	1.524720833176674	Subfunctionalization	0.32462538788221695	0.017866713872274308	0.003138707691048366	0.5981899383370426	0.05617925221741778
TRD	Pbre1_09G325400	Pbre1_17G315400	Prupe.3G050900.1	0.213804	0.326085	0.6556695340172041	Neofunctionalization(Parent)	1.2926882437237652e-05	0.9986181814225881	2.0574201436143056e-10	0.0013371167556523835	3.1774733580376346e-05
TRD	Pbre1_09G406200	Pbre1_17G319200	Prupe.3G121900.1	0.105256	0.941846	0.11175500028667108	Conservation	0.5168667917636196	0.48138036625452446	0.0003721479665759218	0.0013503276340216283	3.0366381258341602e-05
TRD	Pbre1_09G046200	Pbre1_17G320600	Prupe.3G291100.1	0.509089	0.369041	1.379491709593243	Conservation	0.8980484000471778	1.4901368145601146e-08	0.10083769044944753	0.0011138660089196099	2.859308698847722e-08
TRD	Pbre1_13G449200	Pbre1_17G321800	Prupe.1G203200.1	0.21638	0.399491	0.541639235927718	Neofunctionalization(Parent)	0.00029748207958646227	0.9517644778942296	7.95070984157353e-05	0.033169030819063895	0.014689502108703983
TRD	Pbre1_11G212400	Pbre1_17G322200	Prupe.6G106800.1	1.03448	0.420863	2.4579970204080666	Neofunctionalization(Parent)	0.00368516163883935	0.9867804647537982	2.3583761471612236e-08	0.005613353325706176	0.003920996697894727
TRD	Pbre1_04G080600	Pbre1_17G322600	Prupe.1G206800.1	0.13615	0.392258	0.3470929847192409	Neofunctionalization(Child)	3.5697716800175707e-07	2.7818326468666787e-08	0.9971748487188795	0.0026230561783261337	0.00020171030730006283
TRD	Pbre1_04G081200	Pbre1_17G323000	Prupe.1G207200.1	0.124533	0.375414	0.33172177915581197	Neofunctionalization(Child)	9.86025493058919e-09	7.008377055413844e-14	0.9999802157402451	1.3348474712110312e-05	6.425924717678175e-06
TRD	Pbre1_04G081400	Pbre1_17G323200	Prupe.1G207400.1	0.105573	0.378902	0.2786287747227515	Conservation	0.5327487017860133	0.4479238656597545	0.00013906591216414463	0.018609013403586495	0.0005793532384815433
TRD	Pbre1_08G018800	Pbre1_17G326600	Prupe.1G362200.1	0.0978834	0.391124	0.2502618095540033	Neofunctionalization(Parent)	5.38128641648651e-06	0.9963314549162955	2.1741078271659887e-16	0.0036631084733925435	5.5323895383019844e-08
TRD	Pbre1_08G224000	Pbre1_17G333000	Prupe.1G463900.1	1.84945	0.804042	2.3001907860534647	Neofunctionalization(Child)	0.0006031378800337735	1.8280656655130242e-07	0.9993925981763337	3.2354784306422534e-07	3.757589222807254e-06
TRD	Pbre1_17G283200	Pbre1_17G334600	Prupe.3G027700.1	0.102293	0.566305	0.18063234476121526	Subfunctionalization	0.3180889700834393	0.17200643329484733	0.05168697414642874	0.4033917109339358	0.05482591154134893
TRD	Pbre1_01G358600	Pbre1_17G339000	Prupe.2G291000.1	4.60347	0.31595	14.57024845703434	Subfunctionalization	0.01931663566966029	0.3525595777177525	1.8083078225013223e-06	0.6118788412728514	0.016243137031913334
TRD	Pbre1_17G320400	Pbre1_17G369600	Prupe.3G052500.1	0.148739	0.255835	0.5813864404792152	Neofunctionalization(Parent)	0.006616158004926212	0.9933833739103789	4.274395386695268e-17	4.551574046495953e-07	1.2927290005696315e-08
TRD	Pbre1_15G125600	Pbre1_17G371800	Prupe.1G422100.1	0.627515	0.379741	1.6524815597999691	Subfunctionalization	0.0066208584575092235	0.003219223460390675	0.0262210930456669	0.9639387967748763	2.826155689396015e-08
TRD	Pbre1_03G081600	Pbre1_17G372600	Prupe.6G049000.1	0.190166	0.929632	0.20456051426801142	Neofunctionalization(Parent)	0.00757474907790967	0.6015359441206611	0.0018986964187529354	0.37506880774142703	0.013921802641249176
TRD	Pbre1_04G411600	Pbre1_17G373000	Prupe.6G363600.1	0.981034	0.368018	2.6657228722508135	Neofunctionalization(Child)	9.802933700289077e-10	2.3581810366134108e-17	0.7174393158802623	0.05747268353080743	0.22508799960863685
TRD	Pbre1_16G070600	Pbre1_17G393000	Prupe.1G313700.1	0.619981	0.61433	1.0091986391678738	Neofunctionalization(Child)	0.048529585700649094	3.448183023485757e-05	0.9511251124878107	6.899024957031656e-05	0.0002418297317352006
TRD	Pbre1_13G486800	Pbre1_17G394000	Prupe.1G002500.1	1.36687	0.897694	1.5226458013532451	Neofunctionalization(Child)	1.239936805971199e-11	4.623565260917503e-15	0.999225868690659	2.1720324127491953e-09	0.000774129124904494
TRD	Pbre1_15G156800	Pbre1_17G395000	Prupe.1G439500.1	3.06292	0.845906	3.620875132697959	Neofunctionalization(Parent)	5.5034814474020185e-05	0.999944956403388	3.948801600523906e-18	8.504166140465622e-09	2.779716681113379e-10
TRD	Pbre1_07G220600	Pbre1_17G396200	Prupe.2G176900.1	0.23405	0.83211	0.28127290862986865	Conservation	0.9625182601156886	0.035205586430635094	3.561609359728129e-05	0.0004402075179407895	0.0018003298421381095
TRD	Pbre1_04G160400	Pbre1_17G409200	Prupe.6G233700.1	2.76197	0.369585	7.473165848181067	Conservation	0.9807517658665381	0.00016856483404399674	9.342753388542183e-10	0.01907487719552449	4.791169618120783e-06
TRD	Pbre1_12G197200	Pbre1_17G409400	Prupe.6G233700.1	0.43955	0.269881	1.6286807889403108	Conservation	0.9790128269247483	4.7207421079546405e-08	0.00498896016443461	0.013623552418445841	0.0023746132849502446
TRD	Pbre1_07G264600	Pbre1_17G413200	Prupe.2G193700.1	0.201354	0.766831	0.26257936885702327	Conservation	0.9999774540522347	1.5383934643381405e-05	3.3737882253887726e-06	2.6868899244688047e-06	1.1013349721648501e-06
TRD	Pbre1_04G164000	Pbre1_17G419800	Prupe.6G235000.1	0.250869	0.383551	0.6540694718564155	Conservation	0.6439334790975014	0.35505856652206047	1.995504602251896e-06	0.000413022233159581	0.0005929366426764128
TRD	Pbre1_12G440600	Pbre1_17G426400	Prupe.6G366000.1	0.388356	0.264089	1.4705497010477526	Neofunctionalization(Child)	0.0068690222237342575	2.35930177890598e-08	0.875642664766339	0.1174850482191739	3.2411977350111757e-06
TRD	Pbre1_04G415400	Pbre1_17G426600	Prupe.6G366000.1	0.568572	0.257892	2.2046903354892744	Neofunctionalization(Parent)	0.05141658193978354	0.4729417504578183	0.024258368068616185	0.45066960163704023	0.0007136978967417217
TRD	Pbre1_12G440000	Pbre1_17G427000	Prupe.6G365700.1	0.153003	0.545877	0.2802884166213268	Subfunctionalization	5.926030963219243e-06	0.000135575674344399	0.0024607546664624147	0.8614855964609348	0.13591214716729516
TRD	Pbre1_12G439600	Pbre1_17G427200	Prupe.6G365600.1	0.140489	0.442727	0.3173264788458802	Subfunctionalization	1.7112351520567142e-05	0.442914555665358	0.0013362072221915979	0.5288511040887086	0.026881020672221263
TRD	Pbre1_04G415200	Pbre1_17G427600	Prupe.6G365500.1	0.0328979	0.367279	0.08957196028087638	Neofunctionalization(Child)	0.003459403184770085	1.3925554373510117e-09	0.9914249024753244	0.004976301204105107	0.00013939174324506133
TRD	Pbre1_05G056600	Pbre1_17G429000	Prupe.8G044700.1	1.01239	0.739284	1.3694196005865131	Conservation	0.9287852844798485	0.016057400791883718	0.043750669614406636	0.0077949658520796395	0.003611679261781461
TRD	Pbre1_02G294800	Pbre1_17G437400	Prupe.6G216400.1	0.408279	0.433364	0.9421156348935306	Neofunctionalization(Child)	0.0004008994355522991	9.01769835287199e-07	0.999592763067972	3.6119315235904605e-06	1.8237951169142817e-06
TRD	Pbre1_09G438400	Pbre1_17G448400	Prupe.3G150000.1	0.350702	0.423943	0.8272385674489259	Neofunctionalization(Child)	4.88336968176775e-06	2.3018603954808384e-07	0.9999755193060911	6.678500449732656e-07	1.8699288142473994e-05
TRD	Pbre1_02G505200	Pbre1_17G455000	Prupe.2G008000.1	0.0710521	0.181653	0.39114190241834706	Neofunctionalization(Parent)	0.00533489409537537	0.9945559497659923	2.859713074186638e-10	0.00010633394604120256	2.821906619829966e-06
TRD	Pbre1_06G261000	Pbre1_17G460400	Prupe.5G156400.1	0.222774	0.251823	0.8846451674390345	Conservation	0.8755748884272795	0.00022750490003584821	0.006060419074839024	0.09086460462460395	0.027272582973241716
TRD	Pbre1_17G481000	Pbre1_17G460800	Prupe.3G014700.1	0.372825	0.552926	0.674276485460984	Conservation	0.45600907991740747	0.0351709348882274	0.0011341868721579573	0.44131300097512893	0.06637279734707827
TRD	Pbre1_02G016400	Pbre1_17G461000	Prupe.7G264500.1	0.508345	0.539877	0.9415941038421715	Neofunctionalization(Child)	8.863924375755888e-07	2.2374221865090537e-09	0.9968414113953471	0.0031576999734821897	1.3107254093287115e-12
TRD	Pbre1_10G129600	Pbre1_17G466000	Prupe.8G100700.1	0.129608	1.45693	0.0889596617545112	Neofunctionalization(Child)	0.03569780906261805	1.2126681592386996e-08	0.9642984244590239	2.584149166805249e-06	1.1702025097429745e-06
TRD	Pbre1_14G170800	Pbre1_17G469800	Prupe.7G024000.1	1.3785	0.617464	2.2325188189109	Neofunctionalization(Child)	3.6360244867843916e-11	1.2736526462060141e-22	0.9993855442041407	6.87801739262081e-05	0.000545675585572764
TRD	Pbre1_12G311200	Pbre1_17G478800	Prupe.6G292000.1	0.319565	0.513749	0.6220255416555555	Neofunctionalization(Child)	1.6973605499359002e-07	1.522029340578595e-12	0.9999872858612813	5.559773576044789e-08	1.2488803405856021e-05
TRD	Pbre1_09G473800	Pbre1_17G488400	Prupe.3G010700.1	0.155432	0.3055	0.5087790507364975	Subfunctionalization	0.006959084690438294	0.03611227976033207	0.004526225575957729	0.9524024099668871	6.3849076739278325e-12
TRD	Pbre1_17G492800	Pbre1_17G488600	Prupe.3G010600.1	0.0555912	0.305845	0.18176265755529764	Subfunctionalization	1.86118232767127e-05	1.2818125210879785e-07	2.262241476410716e-06	0.9999789977539948	1.5349958903322274e-18
TRD	Pbre1_09G473800	Pbre1_17G492600	Prupe.3G010700.1	0.201993	0.3055	0.6611882160392799	Subfunctionalization	0.0004965872914472806	3.8212662829615785e-06	2.6783559789035335e-07	0.9994993236064547	2.1721397235696653e-13
TRD	Pbre1_16G372600	Pbre1_17G503000	Prupe.1G045300.1	0.053873	0.400731	0.13443681671744886	Subfunctionalization	0.4646502279056437	0.005319851975197534	0.006329490043069575	0.5235083373921179	0.0001920926839713053
TRD	Pbre1_09G492200	Pbre1_17G507400	Prupe.3G001200.1	0.731317	0.316069	2.313789077701388	Subfunctionalization	0.009217043021189626	0.0002616704998833355	2.6160026066860276e-06	0.9905186232482598	4.7228060483562656e-08
TRD	Pbre1_09G490400	Pbre1_17G508800	Prupe.3G002000.1	0.234808	0.430917	0.5449030787831531	Conservation	0.960163451347175	0.00033364152440791187	0.00037036375644633	0.03912283030003177	9.713071939062981e-06
TRD	Pbre1_01G264000	Pbre1_01G111400	Prupe.2G239900.1	0.480589	0.376094	1.277842773349216	Subfunctionalization	0.00014634012885073212	1.689713640328343e-05	7.307128174233493e-06	0.9998294556065718	2.8240352345755786e-18
TRD	Pbre1_05G475800	Pbre1_01G304200	Prupe.4G079500.1	1.42934	0.496704	2.8776494652750935	Subfunctionalization	1.7724600393781966e-06	1.980023837033269e-09	1.571320821270464e-07	0.999998062060867	6.366987767080514e-09
TRD	Pbre1_07G502800	Pbre1_01G406200	Prupe.2G324300.1	0.321709	0.265288	1.2126782967944272	Conservation	0.6269039009723476	0.05760547993944148	0.0009200623755324776	0.042676859734172186	0.27189369697850635
TRD	Pbre1_17G306400	Pbre1_02G034600	Prupe.3G044400.1	1.85924	0.340288	5.463724844837315	Specialization	0.0268251275526231	0.0016265963748242516	0.00010182515187672164	0.03057870098593694	0.940867749934739
TRD	Pbre1_04G361000	Pbre1_02G086400	Prupe.6G336200.1	0.796059	0.295585	2.6931644027944586	Specialization	0.12637402372379564	0.006631010336350162	0.0004536899523739152	0.022142884459093296	0.844398391528387
TRD	Pbre1_16G057600	Pbre1_02G256200	Prupe.1G321000.1	2.91638	0.303717	9.602294241020424	Specialization	0.04347604750227609	3.895145285903954e-06	1.5528402051391218e-05	1.448564972113228e-07	0.9565043840938895
TRD	Pbre1_14G011600	Pbre1_03G050000	Prupe.7G009900.1	1.42813	0.39486	3.616800891455199	Subfunctionalization	0.0002840869352697616	1.8384053266574598e-05	7.5528510192891495e-06	0.9964230699732101	0.0032669061872342463
TRD	Pbre1_15G110600	Pbre1_03G068400	Prupe.1G412500.1	0.334152	0.312307	1.0699471993903436	Specialization	0.0022300472682016833	1.2205577157568013e-06	1.7906778644359645e-06	0.21888149788973976	0.7788854436064784
TRD	Pbre1_16G165200	Pbre1_03G148800	Prupe.1G254100.1	0.223781	0.588097	0.3805171595842183	Subfunctionalization	0.0036036552290053796	1.5508831564283394e-06	8.333600546504266e-05	0.9963114338505566	2.403181648022374e-08
TRD	Pbre1_10G556600	Pbre1_03G234600	Prupe.4G019600.1	2.52243	0.81368	3.1000270376560812	Subfunctionalization	0.011264927454112195	3.2850433159598264e-06	0.00019857944330316593	0.9885330552473345	1.5281193427642225e-07
TRD	Pbre1_14G326800	Pbre1_03G298200	Prupe.5G170200.1	1.96444	0.362623	5.417306679388787	Conservation	0.9999976185523586	5.884845634045332e-14	1.9224039444591053e-06	4.590429581922451e-07	6.799533829051774e-13
TRD	Pbre1_08G316800	Pbre1_03G319800	Prupe.6G192700.1	0.436641	1.10128	0.39648499927357256	Subfunctionalization	0.09265017464101259	0.000476727586046092	0.0022703577316375498	0.9045792544029679	2.3485638335979815e-05
TRD	Pbre1_15G565600	Pbre1_03G319800	Prupe.6G192700.1	1.66794	0.27528	6.059067131647776	Subfunctionalization	2.2734701722150996e-22	3.7841845844046464e-28	1.8236551129214267e-23	1.0	1.0814430599714087e-22
TRD	Pbre1_15G671600	Pbre1_03G319800	Prupe.6G192700.1	0.446958	1.13501	0.39379212517951384	Subfunctionalization	0.09651855151600866	0.00039153224782823183	0.0019470368669912345	0.9011419061697861	9.731993859844107e-07
TRD	Pbre1_15G650000	Pbre1_03G331000	Prupe.1G511000.1	0.997627	0.430762	2.3159586964495475	Neofunctionalization(Child)	0.002091735035951314	1.38508172560732e-09	0.9979066633804551	1.573212193799662e-06	2.698631825602263e-08
TRD	Pbre1_05G225000	Pbre1_03G350600	Prupe.8G168500.1	4.3644	0.221966	19.662470828865683	Conservation	0.9944486540515781	1.6996264757019193e-06	4.727526408246994e-05	0.005502371057863956	1.4895766629852485e-24
TRD	Pbre1_05G225000	Pbre1_03G352600	Prupe.8G168500.1	4.37525	0.221966	19.711352189074002	Conservation	0.9984898832461929	1.2614882936324885e-07	0.000675678152509603	0.0008343124524681224	3.0835141055664285e-22
TRD	Pbre1_09G046200	Pbre1_04G004000	Prupe.3G291100.1	0.182375	0.369041	0.4941862828249436	Subfunctionalization	9.688310173994676e-08	2.121999158473024e-09	2.3150660650773405e-18	0.999999900994899	7.819148510426324e-25
TRD	Pbre1_14G390600	Pbre1_04G038200	Prupe.5G208200.1	0.320634	0.875646	0.36616852015540524	Subfunctionalization	6.436970965776312e-05	2.6431711710121346e-08	1.2614576786034315e-13	0.9999356038585044	1.7644090646987614e-18
TRD	Pbre1_15G112200	Pbre1_04G043000	Prupe.1G414100.1	2.90075	0.329822	8.79489542844322	Conservation	0.979948646985838	1.2211354783230283e-09	2.5934554312047168e-11	0.020051351441111365	3.259806351186027e-10
TRD	Pbre1_02G315600	Pbre1_04G142400	Prupe.2G147100.1	0.143094	0.327896	0.43640056603313243	Conservation	0.999926691221559	1.3604847300985592e-09	4.331380916002746e-10	7.330694272303591e-05	4.209503410170812e-11
TRD	Pbre1_04G384000	Pbre1_04G374200	Prupe.6G349400.1	1.06939	0.328839	3.252016944462184	Conservation	0.5739129605085127	0.005321161971993459	0.00030100003394455257	0.4204648774855492	6.083722913430538e-20
TRD	Pbre1_13G027200	Pbre1_05G007400	Prupe.1G337000.1	1.48306	0.365755	4.054790775245725	Subfunctionalization	0.0017726347134709235	3.3966541020728675e-08	1.6819420826534031e-07	0.9982271631257713	8.32156708023116e-15
TRD	Pbre1_12G359200	Pbre1_05G027000	Prupe.6G322000.1	0.987226	0.914816	1.079152529033161	Conservation	0.8390400959161566	0.023594880263858267	4.713209687149695e-05	0.00043257643481213064	0.13688531528830147
TRD	Pbre1_10G345600	Pbre1_05G129000	Prupe.4G148700.1	1.69	0.305951	5.523760340708153	Specialization	0.001990232795086476	4.979813549983409e-06	5.879144608835295e-06	0.08301454785614408	0.9149843603906106
TRD	Pbre1_04G370800	Pbre1_05G209200	Prupe.6G341500.1	1.39505	0.934891	1.4922060432713544	Conservation	0.6248626524394845	0.01002526532325804	0.014585289221148906	0.3457419556575643	0.004784837358544191
TRD	Pbre1_09G484200	Pbre1_05G245000	Prupe.3G004600.1	1.73532	1.33336	1.3014639707205855	Subfunctionalization	0.07048011806106301	0.000594574119485863	0.003576620516425333	0.925273764369397	7.492293362886203e-05
TRD	Pbre1_17G499000	Pbre1_05G245000	Prupe.3G004600.1	1.06708	1.54915	0.6888164477294	Subfunctionalization	1.1427348353009303e-05	7.90966099876528e-06	1.1986267774379549e-06	0.6280471108703621	0.37193235349350867
TRD	Pbre1_05G262000	Pbre1_05G264400	Prupe.8G183700.1	0.778001	0.481262	1.6165851448898938	Subfunctionalization	1.189954438257674e-06	8.538683425381338e-10	1.015132063008559e-08	0.9946683236372853	0.0053304754030874596
TRD	Pbre1_05G313200	Pbre1_05G331800	Prupe.8G208900.1	1.13571	0.30461	3.7284068152719874	Subfunctionalization	0.0007649478221669596	2.104086395943593e-07	0.00017562989456958018	0.9990591494153941	6.245922961418965e-08
TRD	Pbre1_07G428800	Pbre1_05G350800	Prupe.2G288900.1	0.859303	0.333602	2.575832878699768	Subfunctionalization	0.04778320380000185	0.00011854772010777753	0.010113487960316003	0.8995773397655085	0.04240742075406575
TRD	Pbre1_08G023200	Pbre1_05G362600	Prupe.1G364800.1	0.472802	0.51996	0.9093045618893761	Conservation	0.9847227913804286	2.0174186879027415e-06	2.471489056973315e-05	0.0152251361682999	2.534014201377307e-05
TRD	Pbre1_15G686200	Pbre1_05G423800	Prupe.1G528600.1	0.682857	0.490028	1.3935060853665506	Conservation	0.9635430292142354	0.003821772078093654	0.01434080432737268	0.004828394489087563	0.013465999891210665
TRD	Pbre1_17G136200	Pbre1_06G030200	Prupe.3G240300.1	0.414036	0.282103	1.4676766996451651	Subfunctionalization	3.620350483205669e-15	3.191096266201845e-18	1.0446344263948612e-16	0.999999999999996	2.9912153420089385e-16
TRD	Pbre1_17G337400	Pbre1_06G037800	Prupe.3G060700.1	1.86774	0.315453	5.920818632252665	Subfunctionalization	0.0025679947969177576	4.653019389206852e-06	0.00021775596227324322	0.9972089378369144	6.583845053926415e-07
TRD	Pbre1_06G070400	Pbre1_06G135800	Prupe.5G048100.1	0.579829	0.433764	1.3367384107487021	Specialization	1.0120908069971688e-09	3.8429747323712545e-09	0.0015147019815234556	9.45175487597321e-06	0.9984758414085351
TRD	Pbre1_07G403800	Pbre1_06G153600	Prupe.2G275100.1	0.18827	0.324594	0.5800168826287608	Neofunctionalization(Child)	0.31399841164086206	2.8203841008112653e-05	0.35924974928849635	0.005586892162058718	0.3211367430675748
TRD	Pbre1_11G450600	Pbre1_06G185600	Prupe.4G154500.1	0.428849	0.295829	1.44965165686934	Conservation	0.9999720575496038	4.6353926593799725e-06	3.8108800632848816e-07	2.2634287641592213e-05	2.9168208908469094e-07
TRD	Pbre1_04G248800	Pbre1_06G199400	Prupe.6G277500.1	2.47868	0.67672	3.6627851991961227	Conservation	0.9999962440384845	6.049769312612292e-07	1.0795463634029206e-12	2.333478846352133e-06	8.175046582025512e-07
TRD	Pbre1_12G266600	Pbre1_06G379600	Prupe.6G268000.1	0.304863	0.430824	0.7076277087627431	Neofunctionalization(Child)	1.032018258954925e-06	2.0225136536666788e-16	0.9952921314687916	0.00013558731869406729	0.004571249194255281
TRD	Pbre1_10G223600	Pbre1_06G390600	Prupe.8G167300.1	0.537718	0.280673	1.9158166264656737	Neofunctionalization(Child)	0.4365659701768251	0.00027631912838548374	0.5266220532100566	0.036521238016000684	1.4419468732053782e-05
TRD	Pbre1_17G082800	Pbre1_07G003000	Prupe.3G269300.1	1.18107	0.879893	1.3422882100437212	Subfunctionalization	0.0023073959067363894	1.4693350940271298e-07	0.0007353829981585481	0.9969567479865409	3.261750548930444e-07
TRD	Pbre1_07G432400	Pbre1_07G082200	Prupe.2G290700.1	1.55231	1.08835	1.4262966876464374	Neofunctionalization(Child)	0.31957993202935797	2.6233866743974154e-07	0.66306875498972	0.017350317665868045	7.329763865940845e-07
TRD	Pbre1_10G218200	Pbre1_07G179600	Prupe.8G164700.1	0.0655495	0.293672	0.22320650249257676	Conservation	0.8529030925610482	2.927606440133126e-12	4.1496108001073386e-05	0.14705244648323879	2.964844784152079e-06
TRD	Pbre1_01G092400	Pbre1_07G274000	Prupe.6G192700.1	3.16892	0.218886	14.477490565865336	Neofunctionalization(Parent)	0.003493233860341024	0.9892119528799247	4.448385957028858e-05	0.00021872994544739477	0.007031599454716828
TRD	Pbre1_08G316800	Pbre1_07G274000	Prupe.6G192700.1	3.13066	1.10128	2.842746622112451	Subfunctionalization	0.2389152550450919	0.008720871328480317	0.14887522232506425	0.44812671843579677	0.15536193286556685
TRD	Pbre1_04G413200	Pbre1_07G491000	Prupe.6G364600.1	0.378939	0.220528	1.7183260175578612	Neofunctionalization(Parent)	0.00015705348025231094	0.9979256258628654	3.6098940211379885e-11	0.001913873773485959	3.4468472976280446e-06
TRD	Pbre1_17G262600	Pbre1_08G112000	Prupe.3G019200.1	1.01134	0.293517	3.445592589185635	Neofunctionalization(Parent)	0.0006614999221720477	0.9992631003128296	5.1135586027603616e-18	7.538173467654505e-05	1.803032172791194e-08
TRD	Pbre1_12G009600	Pbre1_08G186200	Prupe.7G005900.1	0.749318	0.44646	1.6783541638668638	Specialization	0.004054510521681098	0.03346705255509404	0.09234219619256757	0.0014185915015929053	0.8687176492290642
TRD	Pbre1_13G033000	Pbre1_08G253600	Prupe.1G333700.1	2.97553	0.196381	15.151822223127493	Subfunctionalization	7.44601177919983e-12	3.5005766671923004e-14	3.044009397196702e-10	0.9940793196119252	0.005920680076192922
TRD	Pbre1_17G037200	Pbre1_08G382200	Prupe.3G295400.1	1.37543	0.341675	4.0255505963269185	Neofunctionalization(Parent)	0.013693434906761287	0.8633657284284599	6.583290428435796e-08	0.1192354471469576	0.0037053236849170926
TRD	Pbre1_16G235800	Pbre1_09G017600	Prupe.1G211500.1	0.910746	0.386361	2.3572410258799414	Neofunctionalization(Parent)	0.0025610401164072234	0.9956907847924259	2.5783538770841403e-08	6.281735370811752e-05	0.0016853319539196073
TRD	Pbre1_16G009800	Pbre1_09G091800	Prupe.1G346100.1	0.976042	0.487529	2.00201834147302	Subfunctionalization	1.186029536504392e-05	6.301878190568296e-07	1.27679920061557e-05	0.99997474152479	1.9796779078840154e-14
TRD	Pbre1_10G034400	Pbre1_09G142400	Prupe.8G027900.1	0.199821	0.322286	0.6200114184295935	Neofunctionalization(Child)	0.34212472249019077	4.535134551759845e-05	0.6541377002276859	0.003238352821024929	0.0004538731155807709
TRD	Pbre1_04G248800	Pbre1_09G157200	Prupe.6G277500.1	2.82952	0.67672	4.181227095401348	Neofunctionalization(Child)	2.5376308041504047e-19	6.016263608682342e-37	0.9998099692729963	0.00012055738901617663	6.947333798740829e-05
TRD	Pbre1_12G282200	Pbre1_09G157200	Prupe.6G277500.1	2.82328	0.815273	3.4629872447634105	Conservation	0.9582817927453501	0.037472481714244756	1.6622098372578358e-05	0.0018398932611450815	0.0023892101808874674
TRD	Pbre1_09G370600	Pbre1_09G164800	Prupe.3G088200.1	0.750942	0.491195	1.5288062785655392	Neofunctionalization(Child)	3.547998164484165e-11	2.9233426470545257e-15	0.9932298844703504	9.356391544458328e-10	0.006770114558527543
TRD	Pbre1_09G370600	Pbre1_09G215200	Prupe.3G088200.1	1.89208	0.491195	3.8519936074267855	Conservation	0.9995615997847312	3.586561360278176e-05	9.814661621256523e-08	0.00012403061414205244	0.0002784058409075567
TRD	Pbre1_06G174000	Pbre1_09G309000	Prupe.5G110500.1	0.411605	0.395519	1.0406706125369451	Conservation	0.9567934674250224	1.6399350089506647e-05	0.016577241159278083	0.003153307687901171	0.023459584377708828
TRD	Pbre1_01G378400	Pbre1_09G325800	Prupe.2G301300.1	0.528616	1.43579	0.3681708327819528	Neofunctionalization(Child)	0.006850394839040017	0.0003228883169138594	0.8629495254224852	0.04447091122619395	0.08540628019536714
TRD	Pbre1_16G264800	Pbre1_09G340200	Prupe.1G117200.1	0.803793	0.34783	2.310878877612627	Conservation	0.9085067777049366	0.0008638310553006102	3.008125865548945e-06	0.06608099448073633	0.024545388633160834
TRD	Pbre1_17G130800	Pbre1_09G367600	Prupe.3G243600.1	0.821096	0.323613	2.53727755065464	Conservation	0.7474988765987821	6.162021943369368e-09	0.25224618440430957	0.0002549258049697943	7.029916476117291e-09
TRD	Pbre1_07G023000	Pbre1_09G384400	Prupe.2G017500.1	1.87296	0.330648	5.664513319300283	Conservation	0.9931104482838577	0.001153733115247692	0.004516473744815553	0.001199511390187832	1.983346589111896e-05
TRD	Pbre1_01G092400	Pbre1_09G411600	Prupe.6G192700.1	1.42938	0.218886	6.530248622570654	Subfunctionalization	0.011628097206327516	0.00445292819351363	0.01043998962203931	0.6736451824465658	0.2998338025315538
TRD	Pbre1_08G316800	Pbre1_09G411600	Prupe.6G192700.1	1.52521	1.10128	1.3849429754467528	Subfunctionalization	2.202951661700949e-05	0.0004157046846430607	0.052322590277055214	0.9464461697621697	0.000793505759515081
TRD	Pbre1_15G671600	Pbre1_09G411600	Prupe.6G192700.1	1.2649	1.13501	1.1144395203566486	Subfunctionalization	7.224454336283993e-07	0.0004788710585422144	0.14913399365392163	0.6855614663216713	0.16482494652043117
TRD	Pbre1_02G181000	Pbre1_09G455200	Prupe.7G177900.1	0.265838	0.416565	0.6381669127267053	Subfunctionalization	1.423182939476433e-07	1.1926138784997562e-06	5.692523272095041e-05	0.9984930564750554	0.001448683360051246
TRD	Pbre1_15G421800	Pbre1_09G455200	Prupe.7G177900.1	0.485	0.763392	0.6353223507712944	Conservation	0.8379363945774039	0.09091461563805113	8.168178910576586e-05	0.06888265538995585	0.0021846526054835184
TRD	Pbre1_12G353800	Pbre1_10G014800	Prupe.6G318700.1	0.26433	0.407013	0.649438715716697	Neofunctionalization(Child)	0.27042206930661933	0.00027325576174447324	0.6859734529249211	0.04285443909788927	0.00047678290882594194
TRD	Pbre1_05G578400	Pbre1_10G160800	Prupe.4G016700.1	0.286284	0.279517	1.0242096187351752	Neofunctionalization(Child)	0.16918653781967102	0.0011111593036565721	0.7162698299968788	0.08994162901958656	0.023490843860206938
TRD	Pbre1_01G092400	Pbre1_10G270400	Prupe.6G192700.1	0.52436	0.218886	2.39558491634915	Neofunctionalization(Child)	5.6265479411141085e-06	5.166644129798894e-11	0.9999942513495053	3.7713225400790114e-08	8.433766194726466e-08
TRD	Pbre1_15G565600	Pbre1_10G270400	Prupe.6G192700.1	0.363323	0.27528	1.3198307178145887	Conservation	0.9029757854509494	1.4213518484140036e-05	0.04035780025168771	0.05418438537292941	0.00246781540594945
TRD	Pbre1_15G671600	Pbre1_10G270400	Prupe.6G192700.1	0.993812	1.13501	0.8755975718275609	Subfunctionalization	0.13814427809001698	1.3748154744920602e-05	0.2973223253736667	0.40411068378341036	0.16040896459816112
TRD	Pbre1_09G030400	Pbre1_10G270600	Prupe.3G299300.1	1.30865	0.315028	4.15407519331615	Subfunctionalization	0.41857096877612815	0.0006504782721896938	4.678210725012958e-05	0.5803749534796221	0.00035681736480985403
TRD	Pbre1_02G069800	Pbre1_10G347400	Prupe.7G237800.1	0.243097	0.945507	0.2571075623977401	Neofunctionalization(Child)	0.028338554927335988	2.9449424402155365e-05	0.9673914395660551	0.002883760861252839	0.0013567952209540708
TRD	Pbre1_08G239400	Pbre1_10G347400	Prupe.7G237800.1	2.11508	1.53202	1.3805824989229905	Neofunctionalization(Child)	0.007042453274814154	8.112431065910934e-10	0.992843848447056	4.7464229549764476e-05	6.623323733698038e-05
TRD	Pbre1_15G211200	Pbre1_10G347400	Prupe.7G237800.1	1.78648	1.29071	1.3841064220467805	Neofunctionalization(Parent)	0.012679515495353483	0.9852763430653771	1.12796058489033e-06	0.0011194054242297286	0.0009236080544548377
TRD	Pbre1_13G016400	Pbre1_10G440400	Prupe.1G343600.1	1.31338	0.54346	2.4167004011334776	Neofunctionalization(Parent)	0.03065703329078353	0.9102460834226411	7.91437860328406e-05	0.02820078073095195	0.03081695876959062
TRD	Pbre1_06G280400	Pbre1_10G592400	Prupe.5G167200.1	1.3195	0.406168	3.248655728664001	Subfunctionalization	0.06588726615224161	0.021908711710262273	0.027687931683057016	0.8845158358441376	2.5461030151959966e-07
TRD	Pbre1_03G360000	Pbre1_11G019200	Prupe.4G197400.1	0.641137	0.530739	1.2080080793007486	Subfunctionalization	0.00011375410398420759	2.6651757239654424e-05	5.3726734171137796e-08	0.9998595199665797	2.0445462148793034e-08
TRD	Pbre1_12G396200	Pbre1_11G032000	Prupe.6G341500.1	0.440401	1.59509	0.27609790043195054	Subfunctionalization	2.2322460784153087e-18	5.182068414633701e-18	2.471514761688789e-25	1.0	1.059653770691279e-28
TRD	Pbre1_13G322600	Pbre1_11G214800	Prupe.1G013500.1	0.658234	0.409543	1.6072402653689601	Subfunctionalization	0.0006711671669693176	2.48680933390642e-07	4.312526013437616e-06	0.999324271555695	7.038881665602392e-11
TRD	Pbre1_05G573000	Pbre1_11G360000	Prupe.4G019600.1	1.26862	0.873642	1.452105095679924	Subfunctionalization	6.648757694709419e-05	2.7383537493870875e-08	6.766347237353253e-10	0.9999334843048291	5.805142163388568e-11
TRD	Pbre1_11G354000	Pbre1_12G020000	Prupe.4G214000.1	0.702179	0.957168	0.7336005800444645	Conservation	0.9946060083023047	0.0005453335840169156	0.004835257999256591	2.7316610742636044e-08	1.3372797811074261e-05
TRD	Pbre1_10G211400	Pbre1_12G065000	Prupe.8G161100.1	1.74929	0.88612	1.9741005732857853	Subfunctionalization	9.846130105841366e-07	3.72498279489526e-08	7.427708556553982e-12	0.9999989781297335	1.4728692407048555e-16
TRD	Pbre1_04G195000	Pbre1_12G143400	Prupe.6G250000.1	0.216398	1.04951	0.20618955512572534	Subfunctionalization	0.003446707088053643	1.5244295609002918e-05	8.156484828739384e-05	0.9764816941915986	0.019974789576451428
TRD	Pbre1_14G006800	Pbre1_12G284400	Prupe.7G005900.1	0.286646	0.353266	0.8114168926531282	Specialization	0.0006124511757619915	6.34926354784604e-05	1.1303690873838639e-05	0.09947276309970217	0.8998399893981835
TRD	Pbre1_08G008000	Pbre1_12G291200	Prupe.1G356300.1	0.984825	0.310617	3.170544432532669	Subfunctionalization	8.271464009042096e-05	7.135507499045926e-07	8.767768732815665e-07	0.9998745055224173	4.118950986900115e-05
TRD	Pbre1_14G239800	Pbre1_12G303600	Prupe.5G125200.1	2.09878	0.305824	6.862705346866172	Conservation	0.8875457229566437	1.0214229271436377e-06	0.0001652010469316209	0.08626640426744178	0.026021650306055865
TRD	Pbre1_05G418400	Pbre1_13G039200	Prupe.4G112700.1	0.669186	0.18826	3.554584085838733	Subfunctionalization	0.024824385079272277	4.219267087068431e-05	0.00016823361025518203	0.97496483081475	3.5782485192867123e-07
TRD	Pbre1_16G033200	Pbre1_13G067600	Prupe.1G334400.1	0.227268	0.360686	0.6300993107578337	Specialization	0.015202805020819176	0.0002629732165954834	1.8152451372024242e-05	0.0002617829485011315	0.9842542863627121
TRD	Pbre1_16G158400	Pbre1_13G096400	Prupe.1G258300.1	0.736526	0.422697	1.7424443513911858	Subfunctionalization	0.19507456349878474	0.000674203628373113	0.0015365040266587288	0.7820280195535484	0.020686709292634945
TRD	Pbre1_11G477400	Pbre1_13G213200	Prupe.8G241500.1	0.624953	0.359716	1.7373511325601307	Subfunctionalization	0.00552621824824615	3.367598710165901e-06	2.0532304291378044e-05	0.9851341631518211	0.009315718696931196
TRD	Pbre1_16G111000	Pbre1_13G328200	Prupe.1G286500.1	1.14999	0.515621	2.230300938092126	Subfunctionalization	0.004996922510014216	0.00016642855411327524	5.0100208019113583e-05	0.9876702795651098	0.007116269162743585
TRD	Pbre1_01G143600	Pbre1_13G346200	Prupe.2G170600.1	0.254616	0.479913	0.5305461614917705	Subfunctionalization	0.27345401433039207	0.04253406301542193	0.16775533078912663	0.49529676424451696	0.02095982762054234
TRD	Pbre1_17G046600	Pbre1_13G377600	Prupe.3G291100.1	1.65557	0.401185	4.12669965228012	Conservation	0.999976868940364	4.4752013604348986e-11	2.3129498201342334e-05	2.9786727639763625e-11	1.4868956862531e-09
TRD	Pbre1_13G284600	Pbre1_13G422800	Prupe.1G136500.1	0.534095	0.268482	1.9893139949791792	Conservation	0.8901618220230023	0.01047868945579654	0.09593865022581421	1.5422891473838477e-05	0.0034054154039130013
TRD	Pbre1_04G392400	Pbre1_13G430800	Prupe.6G354100.1	0.483998	0.598351	0.8088864228521386	Subfunctionalization	2.906637684121772e-15	1.507919704786821e-20	1.1110802278064822e-15	0.9999999999999956	3.725135532510039e-16
TRD	Pbre1_15G743800	Pbre1_14G158200	Prupe.1G564500.1	3.47979	1.1833	2.9407504436744696	Neofunctionalization(Child)	1.1586096722213457e-11	3.0310976100899634e-17	0.9999973207501288	4.664974809670891e-08	2.6325885370035917e-06
TRD	Pbre1_05G324400	Pbre1_14G197600	Prupe.8G214700.1	0.0488208	0.312557	0.15619806947212828	Subfunctionalization	2.0177594458462846e-08	5.040701646706766e-10	1.1264351791653589e-10	0.999999979205692	9.288392747435548e-26
TRD	Pbre1_05G497000	Pbre1_14G370800	Prupe.4G066000.1	0.296534	0.466879	0.6351410108400678	Subfunctionalization	1.5301073688356594e-08	2.0777590679955677e-10	2.2483393359252527e-08	0.999999962007757	2.68535467201758e-28
TRD	Pbre1_08G069200	Pbre1_15G075800	Prupe.1G387900.1	0.596636	0.38159	1.5635525039964362	Subfunctionalization	0.11309736883623535	5.12520599235807e-05	0.0012168606946260094	0.8856304563238974	4.062085317606653e-06
TRD	Pbre1_12G203000	Pbre1_15G320000	Prupe.6G235900.1	0.39271	0.419721	0.9356453453603704	Subfunctionalization	0.003949914331368521	5.506030647058555e-06	0.000461293949480684	0.9955831184552041	1.672332996242212e-07
TRD	Pbre1_02G016800	Pbre1_15G326200	Prupe.7G264100.1	1.6883	0.395411	4.269734529388408	Conservation	0.9950475851194863	0.0024143001765445206	3.8220643981485925e-05	0.00021607776427726223	0.0022838162957103947
TRD	Pbre1_15G268800	Pbre1_15G326400	Prupe.7G264100.1	0.792769	0.393761	2.013325342022191	Conservation	0.9965705209153537	0.0031726050629703557	0.0001243175440475986	7.293346327931788e-05	5.9623014348918695e-05
TRD	Pbre1_13G273800	Pbre1_15G378800	Prupe.1G130000.1	0.130132	0.299043	0.4351614985135917	Subfunctionalization	9.3498882878759e-05	2.7746415146545603e-08	4.486680975972591e-07	0.9999059929288933	3.177371526517094e-08
TRD	Pbre1_05G313200	Pbre1_15G490800	Prupe.8G208900.1	2.10095	0.30461	6.8971800006565775	Subfunctionalization	0.029024831072475835	0.00025935580198023793	1.2083333471645106e-05	0.9465221717512401	0.024181558040832284
TRD	Pbre1_15G743800	Pbre1_15G498400	Prupe.1G564500.1	0.364563	1.1833	0.3080900870447055	Conservation	0.5379077371322959	0.00015414058750529123	5.7069382550135814e-05	0.01167136424724648	0.4502096886504022
TRD	Pbre1_12G418000	Pbre1_15G564200	Prupe.6G354100.1	0.235707	0.736777	0.31991633832217886	Specialization	0.2458731705786965	0.0017486444740666509	0.0004044244442638084	0.16662917782745576	0.5853445826755173
TRD	Pbre1_15G253000	Pbre1_15G627000	Prupe.7G271300.1	0.11554	0.265981	0.434391930250657	Conservation	0.9615588896521045	0.0032776117954865366	0.010909237932748023	0.016637804838384212	0.007616455781276977
TRD	Pbre1_14G032000	Pbre1_15G779200	Prupe.7G114700.1	0.153325	0.399261	0.3840219806091755	Conservation	0.9841632325923365	0.002907263761760018	0.010950926444360066	0.0008599030682097284	0.0011186741333335496
TRD	Pbre1_04G248800	Pbre1_15G783200	Prupe.6G277500.1	2.96116	0.67672	4.375753635181463	Subfunctionalization	6.74689038173114e-10	1.3811337257906965e-13	3.3043357039100557e-12	0.9997386975782239	0.0002613017436447376
TRD	Pbre1_16G338200	Pbre1_16G083600	Prupe.1G019500.1	1.02384	0.503381	2.0339265884091775	Specialization	5.144605405756748e-09	5.569058859739431e-12	1.6833461532265194e-10	8.839809765897855e-05	0.999911596583832
TRD	Pbre1_10G169600	Pbre1_16G324400	Prupe.8G134300.1	0.728183	0.448223	1.624599808577427	Subfunctionalization	0.05140422136712116	6.944836172808186e-05	0.0008145944582443934	0.9458485510890264	0.001863184723879928
TRD	Pbre1_15G518200	Pbre1_16G392800	Prupe.6G225900.1	0.838186	0.43878	1.9102648251971375	Subfunctionalization	0.01058404161212944	7.165365294264784e-06	0.0009235320183444424	0.9884664836138876	1.8777390344260926e-05
TRD	Pbre1_01G410200	Pbre1_16G403200	Prupe.2G316400.1	3.17235	0.334586	9.481418828044209	Conservation	0.9999998645080123	1.7265399138321526e-20	1.2645826246512752e-08	1.228461611554182e-07	1.2237364346341402e-16
TRD	Pbre1_14G054000	Pbre1_17G173400	Prupe.7G101500.1	0.316221	0.285948	1.1058688992404213	Neofunctionalization(Child)	0.23519769180699332	0.009143917278879397	0.43456158481489787	0.30520169980501627	0.015895106294213122
TRD	Pbre1_01G155400	Pbre1_17G396200	Prupe.2G176900.1	0.382647	0.786846	0.4863048169527455	Subfunctionalization	4.6444232030491996e-30	1.193795563224299e-39	2.3584075023156442e-32	1.0	3.3848363471265396e-27
TRD	Pbre1_12G197200	Pbre1_17G409200	Prupe.6G233700.1	1.84347	0.269881	6.830677224406313	Conservation	0.9609098679886457	0.005249209084041313	0.0324862660924094	3.68790519060029e-06	0.0013509689297128594
TRD	Pbre1_04G160400	Pbre1_17G409400	Prupe.6G233700.1	0.477273	0.369585	1.2913754616664637	Neofunctionalization(Child)	1.212089199831864e-13	4.059108593492e-21	0.9999992091864561	5.200590689140896e-13	7.908129026163974e-07
