duplication_type	parent	child	ancestor	parent_mean_TPM	child_mean_TPM	ancestor_mean_TPM	parent_tau	child_tau	ancestor_tau	E_P_A	E_C_A	E_PC_A	CDROM_class	binary_TPM1_class	binary_TPM0.5_class	two_method_agreement	analysis_status	CLOUD_class	three_method_consensus
TD	Pbre1_01G053000	Pbre1_01G053200	Prupe.6G168100.1	18.8523165	36.84227916666666	11.660157333333334	0.4254065097507523	0.646061390939151	0.6184477827644164	0.2744777853277595	0.3100877050416203	0.2833155247092763	Conservation	Conservation	Conservation	Conservation	classified	Conservation	Conservation
TD	Pbre1_01G108000	Pbre1_01G108200	Prupe.6G208400.1	0.0054448333333333	2.8320555	2.8844925	1.0	0.947683030345822	0.7176814370549925	1.1149887158412184	0.9491891975870992	0.9479294879322028	Specialization	Specialization	Specialization	Specialization	classified	Neofunctionalization(Parent)	discordant
TD	Pbre1_01G113200	Pbre1_01G113400	Prupe.6G210700.1	16.326802333333333	10.288459166666666	11.971323833333331	0.6547138402814111	0.5510368040577733	0.4470865513626834	0.2740016739905374	0.2552179508274183	0.2629260019947878	Conservation	Conservation	Conservation	Conservation	classified	Neofunctionalization(Child)	discordant
TD	Pbre1_01G113600	Pbre1_01G113800	Prupe.6G210900.1	8.377898	0.0	117.51408133333334	0.4859132861621427		0.9185178529488264								all_zero_expression_profile	Conservation	discordant
TD	Pbre1_01G115400	Pbre1_01G115600	Prupe.6G211700.1	0.9255691666666668	10.501929166666669	3.4803065	0.5411217060030207	0.5287112227494836	0.8716555429074055	0.5113676820852688	0.5694402367469601	0.5609554963910529	Specialization	Specialization	Specialization	Specialization	classified	Neofunctionalization(Child)	discordant
TD	Pbre1_01G135600	Pbre1_01G135800	Prupe.2G165900.1	0.0	0.0987426666666666	0.224702		0.6713565507580016	0.9697941620920169								all_zero_expression_profile	Conservation	discordant
TD	Pbre1_01G152000	Pbre1_01G152200	Prupe.2G174300.1	44.85412216666667	0.3086058333333333	2.450424	0.999991723941024	0.93349908965954	0.9968801913085152	0.0206687934988685	1.1236091718172243	0.0128540415409023	Neofunctionalization(Child)	Neofunctionalization(Child)	Neofunctionalization(Child)	Neofunctionalization(Child)	classified	Conservation	discordant
TD	Pbre1_01G175000	Pbre1_01G175200	Prupe.2G189100.1														missing_expression_record		discordant
TD	Pbre1_01G186000	Pbre1_01G186200	Prupe.2G195300.1	3.215646833333333	0.1246319999999999	9.7732795	0.9945200171955026	0.9493662867571278	0.973358702044728	0.136190999217149	0.1755388050468952	0.1320680158561886	Conservation	Specialization	Specialization	discordant	classified	Subfunctionalization	discordant
TD	Pbre1_01G188200	Pbre1_01G188400	Prupe.2G196600.1	0.8305648333333334	0.231484	1.0423971666666667	0.934732669409447	0.9422306109779488	0.9994748319293852	0.3411768014203253	0.3055785244367034	0.3333465035368996	Conservation	Neofunctionalization(Parent)	Neofunctionalization(Parent)	discordant	classified	Neofunctionalization(Child)	discordant
TD	Pbre1_01G191200	Pbre1_01G191400	Prupe.2G198700.1	4.362407	13.411175166666666	37.93001966666667	0.9982639695352448	0.7556969692585919	0.8750304681982037	0.4143133171843665	0.5923909963225398	0.3675955164311235	Subfunctionalization	Neofunctionalization(Parent)	Neofunctionalization(Parent)	discordant	classified	Neofunctionalization(Parent)	discordant
TD	Pbre1_01G222000	Pbre1_01G222200	Prupe.2G214400.1	52.15242933333333	2.4129051666666665	104.34792566666668	0.6854485477613877	0.6866448664773867	0.2919813162848868	0.2003429129690674	0.4372055014970932	0.1843294091454189	Neofunctionalization(Child)	Neofunctionalization(Child)	Neofunctionalization(Child)	Neofunctionalization(Child)	classified	Conservation	discordant
TD	Pbre1_01G227800	Pbre1_01G228000	Prupe.2G218000.1	0.1929786666666666	0.2075795	1.4349275	0.9562538944744776	0.7242548558986994	0.8386666756200158	0.8617516214837591	0.7728322481596547	0.7633154028518118	Specialization	Specialization	Specialization	Specialization	classified	Neofunctionalization(Child)	discordant
TD	Pbre1_01G242200	Pbre1_01G242400	Prupe.2G227500.1	11.167723166666669	24.745118166666668	37.65436666666667	0.6290536889270923	0.4989308072990177	0.48718978229486	0.3698365052637717	0.115191732645528	0.1533875440893211	Conservation	Conservation	Conservation	Conservation	classified	Neofunctionalization(Parent)	discordant
TD	Pbre1_01G249400	Pbre1_01G249600	Prupe.2G231700.1	13.6340905	36.140987	45.825050833333336	0.4991639052787804	0.5051389108234525	0.7109811554187225	0.2907864970454507	0.2098865704277113	0.2154709860905544	Conservation	Conservation	Conservation	Conservation	classified	Neofunctionalization(Child)	discordant
TD	Pbre1_01G253400	Pbre1_01G253600	Prupe.2G234200.1	0.7838878333333333	0.8544605	0.3555775	0.6547139099152158	0.7161057311133764	0.7836897769625539	0.5105356504828488	0.5211612894030386	0.514096987052516	Specialization	Specialization	Specialization	Specialization	classified	Subfunctionalization	discordant
TD	Pbre1_01G260400	Pbre1_01G260600	Prupe.2G238700.1	25.471503	6.5294585000000005	5.559367	0.4964730276369386	0.4472606748988746	0.5249404322633857	0.311582683816162	0.3428328913637352	0.3093999091026408	Conservation	Conservation	Conservation	Conservation	classified	Neofunctionalization(Parent)	discordant
TD	Pbre1_01G293600	Pbre1_01G293400	Prupe.2G256600.1	0.0066421666666666	10.602192833333334	36.214368666666665	1.0	0.7518759429308064	0.7974207167012572	1.1091115521762418	0.2213485454805156	0.2216295452541435	Neofunctionalization(Parent)	Neofunctionalization(Parent)	Neofunctionalization(Parent)	Neofunctionalization(Parent)	classified	Neofunctionalization(Parent)	Neofunctionalization(Parent)
TD	Pbre1_01G294600	Pbre1_01G294800	Prupe.2G257400.1	0.8203463333333333	3.0422365	11.051228833333331	0.9456713663152696	0.951375856443386	0.9535371551418514	1.0329865142296946	1.0468288592068913	1.0438288452677016	Specialization	Specialization	Specialization	Specialization	classified	Subfunctionalization	discordant
TD	Pbre1_01G310800	Pbre1_01G311000	Prupe.2G265800.1	5.365671	1.833558	6.1122985	0.8969123809271864	0.8602984653393271	0.6117000240140176	0.3674742745137896	0.3654410511215176	0.3586228969223285	Conservation	Neofunctionalization(Child)	Specialization	discordant	classified	Neofunctionalization(Child)	discordant
TD	Pbre1_01G336400	Pbre1_01G336600	Prupe.2G279700.1	0.0	59.267171	148.79454466666667		0.9385218043514064	0.7803067439304774								all_zero_expression_profile	Conservation	discordant
TD	Pbre1_01G337000	Pbre1_01G337200	Prupe.2G280000.1														missing_expression_record		discordant
TD	Pbre1_01G342200	Pbre1_01G342400	Prupe.2G283100.1	13.2247115	2.5775205	10.682814	0.4046895673291575	0.6852744224360655	0.4740731864934354	0.1894509666252272	0.3380075790854691	0.1886585660773028	Conservation	Conservation	Conservation	Conservation	classified	Conservation	Conservation
TD	Pbre1_01G345000	Pbre1_01G345200	Prupe.2G285300.1	3.471900666666667	4.0468045	4.2310035	0.9242082012278594	0.6601351995091578	0.6537703926842389	0.543967929027562	0.3312323859909766	0.3817221618939653	Neofunctionalization(Parent)	Specialization	Specialization	discordant	classified	Conservation	discordant
TD	Pbre1_01G350400	Pbre1_01G350600	Prupe.2G287500.1	14.053873833333334	3.7917871666666665	27.727636	0.9239449628579974	0.9014309467815934	0.6910571518463224	0.4961214287897953	0.4923048218625427	0.4916941406764972	Specialization	Specialization	Specialization	Specialization	classified	Conservation	discordant
TD	Pbre1_01G364800	Pbre1_01G365000	Prupe.2G294100.1	254.4742383333333	21.290657666666668	147.17056633333334	0.9199354994768086	0.5379120238516382	0.4441035083017278	0.7186960665213752	0.3959526823318861	0.6814540478871398	Specialization	Specialization	Specialization	Specialization	classified	Conservation	discordant
TD	Pbre1_01G379000	Pbre1_01G379200	Prupe.2G301600.1	69.839726	480.2033896666667	372.45157216666666	0.9351134398654232	0.8287798905008001	0.5248515730349642	0.5990303477080804	0.3501465985245964	0.3816920135183435	Neofunctionalization(Parent)	Conservation	Conservation	discordant	classified	Neofunctionalization(Child)	discordant
TD	Pbre1_01G380200	Pbre1_01G380400	Prupe.2G301900.1	11.703598833333334	0.3389265	3.8349761666666655	0.3450780372523003	0.8000269460135634	0.8385109512146209	0.4421571464420687	0.5083873938640173	0.4361382849697693	Specialization	Specialization	Neofunctionalization(Child)	Specialization	classified	Conservation	discordant
TD	Pbre1_01G386400	Pbre1_01G386600	Prupe.2G304800.1	0.1057998333333333	0.0801569999999999	0.317308	0.7821821604401968	1.0	0.9548140578486694	0.6156948534157093	0.2102442678752459	0.2898652180401772	Neofunctionalization(Parent)	Specialization	Specialization	discordant	classified	Neofunctionalization(Child)	discordant
TD	Pbre1_01G409600	Pbre1_01G409800	Prupe.2G316300.1	102.64653583333332	252.77440983333332	209.78684866666663	0.4262226927973344	0.6769814777902242	0.7139157035245883	0.328042024760424	0.4930367940993577	0.4258367055023577	Neofunctionalization(Child)	Conservation	Conservation	discordant	classified	Subfunctionalization	discordant
TD	Pbre1_01G415000	Pbre1_01G415200	Prupe.2G319700.1	0.2256183333333333	349.16685133333334	72.25221166666667	0.5827849474867264	0.7581345436534302	0.9552167971404956	0.6466252001329899	0.4871294259408433	0.487167902001743	Specialization	Neofunctionalization(Parent)	Neofunctionalization(Parent)	discordant	classified	Conservation	discordant
TD	Pbre1_01G415600	Pbre1_01G415800	Prupe.2G319900.1	86.15513566666667	99.87801316666668	59.974001666666666	0.6593751730531667	0.5190908065715498	0.4864757025614789	0.4286164115459898	0.1915000291071515	0.2965368282288423	Neofunctionalization(Parent)	Conservation	Conservation	discordant	classified	Subfunctionalization	discordant
TD	Pbre1_01G418000	Pbre1_01G418200	Prupe.2G321300.1	10.122182166666668	0.6251776666666666	33.2349495	0.5808371464927606	0.511544052329807	0.6221842300910457	0.2761715091358267	0.2031833029627776	0.2676194759066394	Conservation	Neofunctionalization(Child)	Neofunctionalization(Child)	discordant	classified	Neofunctionalization(Child)	discordant
TD	Pbre1_01G423000	Pbre1_01G423200	Prupe.2G323600.1	21.225355333333333	1.0379726666666669	47.98377683333333	0.8468083260041859	0.7106766519124615	0.641479572701873	0.3012084952759965	0.2716438338505778	0.2971839227571357	Conservation	Specialization	Neofunctionalization(Child)	discordant	classified	Neofunctionalization(Parent)	discordant
TD	Pbre1_01G425600	Pbre1_01G425800	Prupe.2G325000.1	4.74269	0.0190388333333333	3.0716696666666667	0.9613234305746572	0.8530297967985906	0.9706853694982348	1.1549601135113738	0.7186486537789901	1.1516277571871882	Specialization	Specialization	Specialization	Specialization	classified	Subfunctionalization	discordant
TD	Pbre1_01G426000	Pbre1_01G426200	Prupe.2G325200.1	15.7906985	1.7262151666666663	4.300917	0.7608973287665709	0.8249828554959089	0.997860179539438	1.156338669892483	0.5307914286413687	1.0869843978711544	Specialization	Specialization	Specialization	Specialization	classified	Neofunctionalization(Parent)	discordant
TD	Pbre1_02G022800	Pbre1_02G023000	Prupe.7G260600.1	149.9876925	89.61400083333334	371.63694383333336	0.5329351580709265	0.6061103825674151	0.6989951908948633	0.3570339690526853	0.3142787138306943	0.3285557988812801	Conservation	Conservation	Conservation	Conservation	classified	Subfunctionalization	discordant
TD	Pbre1_02G044200	Pbre1_02G044400	Prupe.7G250300.1	54.06061366666666	10.134673333333334	101.18939633333332	0.7133984703804446	0.6135071128901616	0.4821897964563687	0.1674456942182501	0.3126413981270696	0.1265083805045363	Conservation	Conservation	Conservation	Conservation	classified	Subfunctionalization	discordant
TD	Pbre1_02G047200	Pbre1_02G047400	Prupe.7G249000.1	25.457021166666667	0.0	14.640231833333331	0.3059346870794494		0.4909109526933535								all_zero_expression_profile	Neofunctionalization(Child)	discordant
TD	Pbre1_02G054600	Pbre1_02G054800	Prupe.7G245600.1	48.6116115	1.099708	23.212915666666667	0.4826992970693523	0.8257228445129161	0.4403925476303248	0.3143762720496001	0.493444360790686	0.3124859593781841	Neofunctionalization(Child)	Neofunctionalization(Child)	Neofunctionalization(Child)	Neofunctionalization(Child)	classified	Subfunctionalization	discordant
TD	Pbre1_02G067000	Pbre1_02G067200	Prupe.7G239200.1	0.1607538333333333	4.685459333333333	178.19022333333334	1.0	0.9805105872569726	0.9329541003564646	0.318227442918467	0.2460557540255338	0.2479009504462513	Conservation	Specialization	Specialization	discordant	classified	Neofunctionalization(Parent)	discordant
TD	Pbre1_02G078800	Pbre1_02G079000	Prupe.7G233700.1	13.600349666666666	3.988252	111.6763615	0.323327295620187	0.565703473182268	0.2841679582820868	0.2093359762327774	0.2652085276306047	0.1587871658011025	Conservation	Conservation	Conservation	Conservation	classified	Subfunctionalization	discordant
TD	Pbre1_02G084800	Pbre1_02G085000	Prupe.7G230700.1	0.0	0.4145224999999999	2.139426		0.9164628984993414	0.3818117152144814								all_zero_expression_profile	Neofunctionalization(Child)	discordant
TD	Pbre1_02G087800	Pbre1_02G088000	Prupe.7G229100.1	0.9637425	18.116116	229.284812	0.7596086598404526	0.4695148143975277	0.7398122769669232	0.5390474313085145	0.4768198124249293	0.4747578701141452	Specialization	Specialization	Specialization	Specialization	classified	Specialization	Specialization
TD	Pbre1_02G096600	Pbre1_02G096800	Prupe.7G224300.1	0.7277176666666667	2.865670833333333	7.303220333333334	0.983645949468072	1.0	0.9663248594921156	0.15918882496436	0.1971111438786177	0.1864717356754165	Conservation	Specialization	Specialization	discordant	classified	Specialization	discordant
TD	Pbre1_02G122200	Pbre1_02G122400	Prupe.7G211000.1	0.436142	10.228184666666667	45.11553983333333	0.910645892144537	0.5595927297013146	0.548409781674996	0.4459518830348828	0.2690264021295561	0.2479199156885213	Neofunctionalization(Parent)	Neofunctionalization(Parent)	Neofunctionalization(Parent)	Neofunctionalization(Parent)	classified	Subfunctionalization	discordant
TD	Pbre1_02G126600	Pbre1_02G126800	Prupe.7G208200.1	5.721657333333333	17.838638333333336	54.28134816666667	0.7085780468586556	0.843105175303287	0.5067435554566423	0.1483321796488076	0.3170497345564828	0.2690122275308964	Conservation	Conservation	Conservation	Conservation	classified	Subfunctionalization	discordant
TD	Pbre1_02G131000	Pbre1_02G131200	Prupe.7G205500.1	3.6172501666666665	7.722138	2.6548918333333336	0.9978501148575664	0.6164035510173929	0.8669507492502166	1.1296512443458406	0.5703215501222982	0.7173823137551011	Specialization	Specialization	Specialization	Specialization	classified	Subfunctionalization	discordant
TD	Pbre1_02G148000	Pbre1_02G148200	Prupe.7G195700.1	0.0631896666666666	99.661731	77.025243	0.9431314363143632	0.5858320837016341	0.7639213590630337	0.875793749539305	0.2106176383245457	0.2107451045674635	Neofunctionalization(Parent)	Neofunctionalization(Parent)	Neofunctionalization(Parent)	Neofunctionalization(Parent)	classified	Subfunctionalization	discordant
TD	Pbre1_02G155200	Pbre1_02G155400	Prupe.7G192300.1	7.213814666666667	11.450084333333333	734.4942691666666	0.6235293671079787	0.9772360058995384	0.8190045216622976	0.5256617506761703	1.0200961339938033	0.7782884709816357	Specialization	Neofunctionalization(Child)	Neofunctionalization(Child)	discordant	classified	Subfunctionalization	discordant
TD	Pbre1_02G157800	Pbre1_02G158000	Prupe.7G191400.1	0.1482951666666666	0.0	0.0	0.8863137669663317										all_zero_expression_profile	Subfunctionalization	discordant
TD	Pbre1_02G162400	Pbre1_02G162600	Prupe.7G188800.1	9.079775333333334	0.014707	70.59046533333333	0.8427587913643325	1.0	0.9437541510015665	0.9180012101706484	1.2323795507699666	0.9175255315626872	Specialization	Specialization	Specialization	Specialization	classified	Subfunctionalization	discordant
TD	Pbre1_02G178800	Pbre1_02G179000	Prupe.7G178500.1	28.0470895	46.171872	306.85557316666666	0.6042809879398454	0.9368685762595484	0.594654848761448	0.3853645290126474	0.6138864604903733	0.4748509002538837	Neofunctionalization(Child)	Conservation	Conservation	discordant	classified	Subfunctionalization	discordant
TD	Pbre1_02G190800	Pbre1_02G191000	Prupe.7G172300.1	0.2574926666666666	0.0032133333333333	5.0942015	0.9803477428843792	1.0	0.7069776103393177	0.6362359928245022	1.022165580820062	0.6258914490137168	Specialization	Specialization	Specialization	Specialization	classified	Conservation	discordant
TD	Pbre1_02G194200	Pbre1_02G194400	Prupe.7G170500.1	0.3701376666666666	0.1506921666666666	13.9546125	0.9779751264671186	0.9622007958613108	0.7157253795722689	1.02096770948575	1.0095788718288967	1.0143772977080268	Specialization	Specialization	Specialization	Specialization	classified	Conservation	discordant
TD	Pbre1_02G213600	Pbre1_02G213800	Prupe.7G161200.1	88.34148333333333	283.6618315	34.4601685	0.9588107364787348	0.7751276402168559	0.8386105019281616	0.832299913489547	0.522180705324845	0.5112401816448618	Specialization	Specialization	Conservation	Specialization	classified	Conservation	discordant
TD	Pbre1_02G223800	Pbre1_02G224000	Prupe.7G155900.1	0.286829	0.2114835	7.419662666666667	0.588733850129199	0.5493949772860118	0.929472390967844	0.6257620059872678	0.5157717214417883	0.5693664243560936	Specialization	Specialization	Specialization	Specialization	classified	Subfunctionalization	discordant
TD	Pbre1_02G237200	Pbre1_02G237400	Prupe.7G148800.1	57.66014666666667	70.09130283333333	189.5491033333333	0.3012361297064994	0.4432080389700846	0.4123541298209078	0.1920990507493695	0.1074464077105611	0.1238566406899649	Conservation	Conservation	Conservation	Conservation	classified	Subfunctionalization	discordant
TD	Pbre1_02G288200	Pbre1_02G288400	Prupe.6G220400.1	0.2386078333333333	0.0	22.828807166666667	1.0		0.348748587893209								all_zero_expression_profile	Subfunctionalization	discordant
TD	Pbre1_02G311800	Pbre1_02G312000	Prupe.2G149200.1	0.0	0.0	12.947399333333331			0.5835353335162468								all_zero_expression_profile	Subfunctionalization	discordant
TD	Pbre1_02G318600	Pbre1_02G318800	Prupe.2G145200.1														missing_expression_record		discordant
TD	Pbre1_02G321600	Pbre1_02G321800	Prupe.2G143700.1	6.851122	40.95107483333334	94.12495566666666	0.7208128201562314	0.5363320353072355	0.4499594197640839	0.2658344414336339	0.1919598627993832	0.1861591226280893	Conservation	Conservation	Conservation	Conservation	classified	Subfunctionalization	discordant
TD	Pbre1_02G348000	Pbre1_02G348200	Prupe.2G125900.1	0.0	48.34067616666667	51.60963066666667		0.1891058826895813	0.4497462999660584								all_zero_expression_profile	Subfunctionalization	discordant
TD	Pbre1_02G350200	Pbre1_02G350400	Prupe.2G123200.1														missing_expression_record		discordant
TD	Pbre1_02G373800	Pbre1_02G374000	Prupe.2G106200.1	2.4565516666666665	0.0195191666666666	34.00651316666667	0.9645421028093408	1.0	0.809218020451086	0.9913089904025914	1.154069428674682	0.992567560250225	Specialization	Specialization	Specialization	Specialization	classified	Neofunctionalization(Child)	discordant
TD	Pbre1_02G374800	Pbre1_02G375000	Prupe.2G105100.1														missing_expression_record		discordant
TD	Pbre1_02G381800	Pbre1_02G382000	Prupe.2G101300.1	15.175706166666666	5.362247833333334	39.32912	0.1734031679833948	0.8439969137202683	0.4479469620877495	0.2519981174061981	0.6464340922810731	0.3375729078725054	Neofunctionalization(Child)	Neofunctionalization(Child)	Neofunctionalization(Child)	Neofunctionalization(Child)	classified	Subfunctionalization	discordant
TD	Pbre1_02G383000	Pbre1_02G383200	Prupe.2G099900.1	0.1051126666666666	22.871341666666662	61.91795283333334	0.8654442832400144	0.5326514834089832	0.6300626108857084	0.6268633005629721	0.3280699120931916	0.3276303259222897	Neofunctionalization(Parent)	Neofunctionalization(Parent)	Neofunctionalization(Parent)	Neofunctionalization(Parent)	classified	Conservation	discordant
TD	Pbre1_02G385600	Pbre1_02G385800	Prupe.2G097200.1	0.2390836666666666	0.025948	1.6882295	0.7559277907709262	0.8679116495845909	0.968030720758909	0.984210773464318	1.0515862650378809	0.9809625895693376	Specialization	Specialization	Specialization	Specialization	classified	Conservation	discordant
TD	Pbre1_02G424600	Pbre1_02G424800	Prupe.2G058400.1	109.29561666666666	0.0588658333333333	159.32696033333332	0.4690499636480446	0.8839672867509553	0.3330802149751428	0.2208067654831576	0.556261886359813	0.2206440348062118	Neofunctionalization(Child)	Neofunctionalization(Child)	Neofunctionalization(Child)	Neofunctionalization(Child)	classified	Neofunctionalization(Child)	Neofunctionalization(Child)
TD	Pbre1_02G426600	Pbre1_02G426800	Prupe.2G056300.1	43.1582555	18.095889166666662	44.446860666666666	0.7885479851276076	0.563752156577606	0.3748853243191156	0.4445784389974396	0.1870436314175843	0.3452474556045173	Neofunctionalization(Parent)	Conservation	Conservation	discordant	classified	Conservation	discordant
TD	Pbre1_02G443200	Pbre1_02G443400	Prupe.2G043200.1	17.0841435	2.8633815	6.4154365	0.4270338536707231	0.3567776293628845	0.4872797063695898	0.3670855214003088	0.3336912194245973	0.3573126054781324	Conservation	Specialization	Specialization	discordant	classified	Neofunctionalization(Child)	discordant
TD	Pbre1_02G454600	Pbre1_02G454800	Prupe.2G038300.1														missing_expression_record		discordant
TD	Pbre1_02G471600	Pbre1_02G471400	Prupe.2G028300.1	0.0	0.0545048333333333	0.0		0.8225710213338104									all_zero_expression_profile	Subfunctionalization	discordant
TD	Pbre1_02G477400	Pbre1_02G477600	Prupe.2G024200.1	58.99274866666667	12.274999833333334	119.04285016666668	0.3914717007836356	0.9403613595299852	0.5584094798119318	0.2049066492950869	0.6885676295437901	0.2326451389829943	Neofunctionalization(Child)	Neofunctionalization(Child)	Conservation	Neofunctionalization(Child)	classified	Subfunctionalization	discordant
TD	Pbre1_02G507400	Pbre1_02G507600	Prupe.2G005300.1	0.055286	0.5680743333333333	48.3545845	0.7326166288588618	0.460286167555379	0.6860707293242992	0.400725558690668	0.41951712942679	0.4023691248037891	Specialization	Specialization	Specialization	Specialization	classified	Conservation	discordant
TD	Pbre1_03G004400	Pbre1_03G004600	Prupe.6G002200.1	6.223216666666667	181.06914566666669	206.89428566666663	0.5909978696758308	0.4679690821433636	0.5718853533118504	0.320150450213582	0.3188828691863251	0.3173168766782177	Conservation	Conservation	Conservation	Conservation	classified	Conservation	Conservation
TD	Pbre1_03G008600	Pbre1_03G008800	Prupe.6G004500.1	26.050716833333333	34.532301833333335	57.060793	0.3449766008744356	0.3596735274694178	0.4091957321000444	0.0934019015590255	0.109345001911074	0.1010208803773156	Conservation	Conservation	Conservation	Conservation	classified	Conservation	Conservation
TD	Pbre1_03G012400	Pbre1_03G012600	Prupe.6G006000.1	0.2102826666666666	1.2915081666666668	3.5644188333333333	0.8158191539895011	0.9196590346079077	0.9990505634666133	0.5550530612339958	0.3197218271228093	0.3445765339359643	Neofunctionalization(Parent)	Neofunctionalization(Parent)	Neofunctionalization(Child)	Neofunctionalization(Parent)	classified	Conservation	discordant
TD	Pbre1_03G016400	Pbre1_03G016600	Prupe.6G010100.1	1.0978201666666667	3.1334101666666667	21.7970855	0.3570828857108671	0.5764780796791726	0.563549380596727	0.2695114719616305	0.3766688853180669	0.3331747697985601	Conservation	Specialization	Conservation	discordant	classified	Conservation	discordant
TD	Pbre1_03G017000	Pbre1_03G017200	Prupe.6G010200.1	6.992316333333333	10.443238833333334	78.60118483333333	0.9848341560119253	0.8657534209308052	0.9849486938569484	1.2728006275387471	0.9999250080277045	1.099486857204981	Specialization	Specialization	Neofunctionalization(Parent)	Specialization	classified	Conservation	discordant
TD	Pbre1_03G017400	Pbre1_03G017600	Prupe.6G010300.1	0.1069006666666666	6.5774946666666665	51.951774666666665	0.963217329991177	0.6596548017681823	0.9032926696993492	0.2833626231767278	0.3958106180318009	0.3861343955509608	Neofunctionalization(Child)	Specialization	Specialization	discordant	classified	Specialization	discordant
TD	Pbre1_03G025600	Pbre1_03G025800	Prupe.6G015500.1	0.059585	1.2948876666666669	1.4014788333333332	1.0	0.7798672438360312	0.7171095621962686	1.0362828670750086	0.5231836027730521	0.514951572022655	Specialization	Specialization	Specialization	Specialization	classified	Subfunctionalization	discordant
TD	Pbre1_03G026200	Pbre1_03G026400	Prupe.6G018000.1	0.1153668333333333	29.83920683333333	20.193665	1.0	0.5095328420463099	0.7082385832487244	0.6699695383662602	0.3018715247878636	0.2985366152403721	Neofunctionalization(Parent)	Neofunctionalization(Parent)	Neofunctionalization(Parent)	Neofunctionalization(Parent)	classified	Neofunctionalization(Parent)	Neofunctionalization(Parent)
TD	Pbre1_03G030600	Pbre1_03G030800	Prupe.6G020400.1	0.882874	0.8914926666666666	0.2073183333333333	0.9607117875298052	0.9515867993931962	0.6987901999141758	0.5168940553812948	0.5048537130877142	0.5050845494059678	Specialization	Specialization	Specialization	Specialization	classified	Specialization	Specialization
TD	Pbre1_03G067400	Pbre1_03G067600	Prupe.6G038100.1	0.0642226666666666	5.279824	8.880019166666667	0.818703832890525	0.944593924059389	0.7521158487516644	0.4973602666912272	0.7714116212853751	0.7614759995370171	Specialization	Specialization	Specialization	Specialization	classified	Specialization	Specialization
TD	Pbre1_03G074400	Pbre1_03G074600	Prupe.6G040400.1	302.5519835	1.3313923333333333	273.80050266666666	0.5771386536075095	0.4511699716342107	0.7488103063093962	0.3822196965195917	0.275796847450637	0.3816774794728122	Conservation	Neofunctionalization(Child)	Conservation	discordant	classified	Conservation	discordant
TD	Pbre1_03G089400	Pbre1_03G089600	Prupe.6G049300.1														missing_expression_record		discordant
TD	Pbre1_03G131400	Pbre1_03G131600	Prupe.6G073400.1	22.7056845	0.3248951666666667	36.00245666666667	0.3654219108278693	0.978949797475359	0.4151119161317105	0.0969535420695284	0.8531258053334211	0.0905591400982789	Neofunctionalization(Child)	Neofunctionalization(Child)	Neofunctionalization(Child)	Neofunctionalization(Child)	classified	Conservation	discordant
TD	Pbre1_03G164200	Pbre1_03G164400	Prupe.6G091600.1	256.7931665	0.0301075	1552.7787991666669	0.5773650899973852	1.0	0.4997758120498544	0.1042194027526749	0.8726830269277442	0.1042059623574981	Neofunctionalization(Child)	Neofunctionalization(Child)	Neofunctionalization(Child)	Neofunctionalization(Child)	classified	Subfunctionalization	discordant
TD	Pbre1_03G186600	Pbre1_03G186800	Prupe.6G105000.1	45.1070945	6.419626999999999	0.2664188333333333	0.9999244963136432	0.724368961962618	0.9940260966877578	0.0406746666334486	0.8404802061224339	0.08002972084032	Neofunctionalization(Child)	Neofunctionalization(Child)	Neofunctionalization(Child)	Neofunctionalization(Child)	classified	Subfunctionalization	discordant
TD	Pbre1_03G208400	Pbre1_03G208600	Prupe.6G118000.1														missing_expression_record		discordant
TD	Pbre1_03G283200	Pbre1_03G283400	Prupe.4G251700.1	0.0	10.725537166666667	29.737450666666668		0.9479341456785024	0.9971371672124502								all_zero_expression_profile	Conservation	discordant
TD	Pbre1_03G292600	Pbre1_03G292800	Prupe.4G244500.1	0.0608163333333333	0.896272	0.9132975	0.7960054250048436	0.4209548230078881	0.6911672737149266	0.4381033900632155	0.3305844560596767	0.3293550818548609	Neofunctionalization(Parent)	Specialization	Specialization	discordant	classified	Neofunctionalization(Parent)	discordant
TD	Pbre1_03G332000	Pbre1_03G332200	Prupe.4G212200.1	31.2846835	12.391496166666666	32.93207316666667	0.628310667428541	0.1443089089768771	0.4452702002652465	0.1311514579414497	0.1961721432874777	0.0758356217225422	Conservation	Conservation	Conservation	Conservation	classified	Neofunctionalization(Child)	discordant
TD	Pbre1_03G338000	Pbre1_03G338200	Prupe.4G209700.1														missing_expression_record		discordant
TD	Pbre1_03G346800	Pbre1_03G347000	Prupe.4G204400.1														missing_expression_record		discordant
TD	Pbre1_03G354200	Pbre1_03G354400	Prupe.4G201800.1	0.0	0.0428228333333333	0.2508998333333333		1.0	0.969726705157749								all_zero_expression_profile	Neofunctionalization(Parent)	discordant
TD	Pbre1_03G370200	Pbre1_03G370400	Prupe.4G188200.1	3.1840683333333333	1.1862988333333333	222.6487735	0.9988918445782282	1.0	0.99964103301357	0.0068194237930784	0.0023502007533276	0.0048343988808486	Conservation	Specialization	Specialization	discordant	classified	Specialization	discordant
TD	Pbre1_03G370600	Pbre1_03G370800	Prupe.4G188100.1	1.0666858333333331	3.610068333333333	9.484478	1.0	0.9949255738779892	0.998510531670428	0.0086645461606567	0.0202179723331304	0.013643723520057	Conservation	Conservation	Conservation	Conservation	classified	Neofunctionalization(Parent)	discordant
TD	Pbre1_03G378000	Pbre1_03G378200	Prupe.4G183900.1	0.045602	8.377554333333334	10.032029666666666	0.8619820621154843	0.6358620500021746	0.8151496279461462	0.6695324519422401	0.3284879536519088	0.3281656984233987	Neofunctionalization(Parent)	Specialization	Specialization	discordant	classified	Neofunctionalization(Child)	discordant
TD	Pbre1_03G386200	Pbre1_03G386400	Prupe.4G177700.1	5.839482666666667	13.190515833333333	5.72331	0.7896270452239671	0.7523612754591638	0.5298076858334839	0.3107960807403219	0.3584091186821189	0.333981777716645	Conservation	Neofunctionalization(Parent)	Conservation	discordant	classified	Conservation	discordant
TD	Pbre1_03G403800	Pbre1_03G404000	Prupe.4G164900.1	0.7161536666666667	9.137712833333334	12.413554166666668	0.9184722139414148	0.7248330215894553	0.5981678869212484	0.4996662043730135	0.400359382641686	0.3606766227157665	Subfunctionalization	Neofunctionalization(Parent)	Neofunctionalization(Parent)	discordant	classified	Neofunctionalization(Parent)	discordant
TD	Pbre1_03G416000	Pbre1_03G416200	Prupe.4G155200.1	36.17862183333333	42.354956	22.999511	0.8893087961614807	0.9067592275958718	0.8480515489963212	0.277315215654846	0.3037213370839829	0.2906341895826255	Conservation	Specialization	Conservation	discordant	classified	Subfunctionalization	discordant
TD	Pbre1_03G420000	Pbre1_03G420200	Prupe.4G151900.1	0.0	0.0	0.0											all_zero_expression_profile	Neofunctionalization(Child)	discordant
TD	Pbre1_03G435000	Pbre1_03G435200	Prupe.8G239200.1	36.619462166666665	7.2150015	27.8084385	0.3180128077484346	0.7435552337328322	0.4261847739942858	0.117871955149601	0.365022077150575	0.1377356086351347	Conservation	Conservation	Conservation	Conservation	classified	Neofunctionalization(Child)	discordant
TD	Pbre1_03G435400	Pbre1_03G435600	Prupe.8G239300.1	8.3828925	0.0	1.1921701666666666	0.6007404521049384		0.6001387903519321								all_zero_expression_profile	Subfunctionalization	discordant
TD	Pbre1_03G445600	Pbre1_03G445800	Prupe.8G245700.1	0.2999023333333333	0.0653418333333333	14.481910166666664	0.9949033993864476	0.9533649974836436	0.612052822738429	0.7731959729020141	0.6291405148194446	0.7454567752152227	Specialization	Specialization	Specialization	Specialization	classified	Subfunctionalization	discordant
TD	Pbre1_03G455800	Pbre1_03G456000	Prupe.8G252300.1	3.1665325	0.0068875	2.8519088333333333	0.6753972998383327	1.0	0.6905721273431766	0.4696383029115599	0.7273606598563814	0.4679462941401043	Specialization	Specialization	Specialization	Specialization	classified	Subfunctionalization	discordant
TD	Pbre1_03G460600	Pbre1_03G460800	Prupe.8G254800.1	2.420941833333333	6.5590106666666665	4.490422	0.8724906382178066	0.7789760084970665	0.714598824985542	0.542223564722975	0.567849885940797	0.5491711997949157	Specialization	Specialization	Specialization	Specialization	classified	Neofunctionalization(Child)	discordant
TD	Pbre1_03G462800	Pbre1_03G463000	Prupe.8G257300.1														missing_expression_record		discordant
TD	Pbre1_03G463800	Pbre1_03G463600	Prupe.8G256900.1	4.548285166666667	12.203670833333334	122.71110283333331	0.8714216593935781	0.7925579331317139	0.8607128947590683	0.652525609647796	0.5404184456565417	0.5699677934300419	Specialization	Neofunctionalization(Parent)	Neofunctionalization(Parent)	discordant	classified	Subfunctionalization	discordant
TD	Pbre1_03G463800	Pbre1_03G464000	Prupe.8G256900.1	4.548285166666667	210.24185916666667	122.71110283333331	0.8714216593935781	0.8838857460260243	0.8607128947590683	0.652525609647796	0.6784581466640126	0.6779024151203155	Specialization	Specialization	Specialization	Specialization	classified	Neofunctionalization(Child)	discordant
TD	Pbre1_03G471000	Pbre1_03G471200	Prupe.8G260100.1	601.3761555	39.01377933333333	339.2121453333333	0.3144893120586886	0.4092966571834356	0.6937360273941986	0.3127330640420953	0.3765702110143784	0.3152560358842426	Conservation	Conservation	Conservation	Conservation	classified	Neofunctionalization(Child)	discordant
TD	Pbre1_03G482400	Pbre1_03G482600	Prupe.8G266300.1	2.120912	2.6231208333333336	2.2306085	0.9745507436892052	0.9991373436926791	0.9481899078415754	0.1897044967239197	0.2752025750554567	0.2328363393802958	Conservation	Specialization	Specialization	discordant	classified	Subfunctionalization	discordant
TD	Pbre1_04G004600	Pbre1_04G004800	Prupe.1G002800.1	4.462618166666667	44.6351205	31.77556183333333	0.6611840637055749	0.4165408260157944	0.5171532581492906	0.1630471256863618	0.2125430671326041	0.1832230261975559	Conservation	Neofunctionalization(Parent)	Neofunctionalization(Parent)	discordant	classified	Specialization	discordant
TD	Pbre1_04G005000	Pbre1_04G005200	Prupe.1G002900.1	91.95979983333334	26.3048575	117.06058216666666	0.6851074676960247	0.9138468652894683	0.6487829331940025	0.3982197802287572	0.5770648311738661	0.4115737619674602	Specialization	Neofunctionalization(Child)	Conservation	discordant	classified	Neofunctionalization(Child)	discordant
TD	Pbre1_04G013400	Pbre1_04G013600	Prupe.1G008600.1	0.0	0.1008591666666666	0.0236415		1.0	1.0								all_zero_expression_profile	Conservation	discordant
TD	Pbre1_04G014400	Pbre1_04G014600	Prupe.1G008900.1	1.2365758333333332	15.4151965	0.562801	0.884944818829964	0.5876521217196209	0.8579396593989441	0.1682157256539894	0.5052047828542254	0.4711130450269126	Neofunctionalization(Child)	Neofunctionalization(Child)	Specialization	Neofunctionalization(Child)	classified	Neofunctionalization(Child)	Neofunctionalization(Child)
TD	Pbre1_04G023000	Pbre1_04G023200	Prupe.1G163500.1	12.582817333333333	12.571827166666669	62.38296	0.8256832849279829	0.985148762288384	0.8921428242783987	0.7084430244713195	0.4192261654447957	0.405838529614218	Specialization	Neofunctionalization(Child)	Neofunctionalization(Child)	discordant	classified	Conservation	discordant
TD	Pbre1_04G023400	Pbre1_04G023600	Prupe.1G164200.1	17.878037833333334	23.457809333333334	25.001185166666662	0.3860574812869609	0.4431674657231223	0.4349095107893939	0.128217282250131	0.1639832688551855	0.147494077785491	Conservation	Conservation	Conservation	Conservation	classified	Neofunctionalization(Child)	discordant
TD	Pbre1_04G029200	Pbre1_04G029400	Prupe.1G169100.1														missing_expression_record		discordant
TD	Pbre1_04G035000	Pbre1_04G035200	Prupe.1G172700.1	24.6365665	18.4848395	34.447769666666666	0.364685887106686	0.3177811944730672	0.7434840329663418	0.3494994580892325	0.3206788068012025	0.336247663584969	Conservation	Conservation	Conservation	Conservation	classified	Neofunctionalization(Child)	discordant
TD	Pbre1_04G051000	Pbre1_04G051200	Prupe.1G181100.1	54.6079585	56.32313416666667	36.793754166666666	0.6007536893200305	0.3961612436695452	0.7744821322125717	0.5122259978733887	0.4332111977441169	0.4649791025561924	Specialization	Conservation	Conservation	discordant	classified	Neofunctionalization(Child)	discordant
TD	Pbre1_04G056800	Pbre1_04G057000	Prupe.1G186800.1	18.646058166666663	9.305947166666666	9.818302166666667	0.374331552420255	0.5508412452766969	0.291063463751971	0.1212689158503275	0.1758126544663145	0.1297426719922904	Conservation	Conservation	Conservation	Conservation	classified	Neofunctionalization(Child)	discordant
TD	Pbre1_04G065000	Pbre1_04G065200	Prupe.1G194400.1														missing_expression_record		discordant
TD	Pbre1_04G098000	Pbre1_04G098200	Prupe.5G062200.1	0.0747145	0.0	0.7273611666666666	0.8474650246537854		0.3981540242345181								all_zero_expression_profile	Neofunctionalization(Child)	discordant
TD	Pbre1_04G102800	Pbre1_04G103000	Prupe.5G064700.1	19.081348666666667	70.55301783333333	11.136043666666668	0.8402886391666848	0.5119927471892295	0.5045278943164666	0.3073792676663071	0.2999267385713395	0.1911071396500124	Conservation	Conservation	Conservation	Conservation	classified	Neofunctionalization(Child)	discordant
TD	Pbre1_04G180200	Pbre1_04G180400	Prupe.6G243000.1	0.0	0.2569349999999999	57.906665833333335		0.7823366616680687	0.4845400845617869								all_zero_expression_profile	Conservation	discordant
TD	Pbre1_04G206800	Pbre1_04G207000	Prupe.6G254700.1	0.3058571666666667	592.2091638333334	1.301579	0.793953138984431	0.707416396606892	0.6105803796842582	0.6479597286554605	0.5843772996133337	0.5843997548812999	Specialization	Specialization	Specialization	Specialization	classified	Neofunctionalization(Child)	discordant
TD	Pbre1_04G207200	Pbre1_04G207400	Prupe.6G255100.1	622.8804223333333	154.115144	8571.830090333333	0.4462571572929685	0.6012080906399497	0.5612347814931747	0.4550647558343678	0.3673832547840717	0.4279392087193027	Neofunctionalization(Parent)	Conservation	Conservation	discordant	classified	Neofunctionalization(Child)	discordant
TD	Pbre1_04G231200	Pbre1_04G231400	Prupe.6G267700.1	66.07631766666667	0.5221438333333334	100.47963583333332	0.990358438147838	0.9492968521494952	0.978126859622216	1.237531819216091	1.0810848144917031	1.236282192600462	Specialization	Specialization	Specialization	Specialization	classified	Neofunctionalization(Parent)	discordant
TD	Pbre1_04G232200	Pbre1_04G232400	Prupe.6G267800.1	0.1427615	0.0	34.3098355	0.9023983406526208		0.7492459769337249								all_zero_expression_profile	Neofunctionalization(Parent)	discordant
TD	Pbre1_04G235000	Pbre1_04G235200	Prupe.6G269300.1	0.1205231666666666	0.0	3.174813166666667	0.5833449875498857		0.7699303088059525								all_zero_expression_profile	Neofunctionalization(Child)	discordant
TD	Pbre1_04G243000	Pbre1_04G243200	Prupe.6G274400.1	0.4001393333333333	0.5707405	1.798263	0.9959124446233368	1.0	0.9977894846232004	0.0194577933984655	0.0145397750758875	0.0107737213292488	Conservation	Conservation	Conservation	Conservation	classified	Neofunctionalization(Child)	discordant
TD	Pbre1_04G247800	Pbre1_04G248000	Prupe.6G277200.1	0.1017558333333333	17.976787333333334	36.9543795	0.9603037940890105	0.4860504993757287	0.6002775760945596	0.7838698802288936	0.2723960084617596	0.2709463093795219	Neofunctionalization(Parent)	Neofunctionalization(Parent)	Neofunctionalization(Parent)	Neofunctionalization(Parent)	classified	Subfunctionalization	discordant
TD	Pbre1_04G259800	Pbre1_04G260000	Prupe.6G282800.1	1.0396318333333334	0.19046	23.76268566666667	0.9510723442803184	0.9421663477852784	0.9987117923607404	0.2735242988250602	0.2704956458219729	0.2647001806142274	Conservation	Specialization	Specialization	discordant	classified	Neofunctionalization(Child)	discordant
TD	Pbre1_04G260600	Pbre1_04G260800	Prupe.6G283100.1	0.3201366666666667	0.0951858333333333	3.7863875	0.6859678278299173	0.7461253586159213	0.841735879792895	0.5639533095442893	0.1662850329609476	0.4494955351670021	Neofunctionalization(Parent)	Specialization	Specialization	discordant	classified	Subfunctionalization	discordant
TD	Pbre1_04G298000	Pbre1_04G298200	Prupe.6G303000.1	0.0135381666666666	4.191088	11.776721333333333	1.0	0.7416783450025562	0.6600964906855042	0.995413126434173	0.5389345706188524	0.5383962277994909	Specialization	Specialization	Specialization	Specialization	classified	Neofunctionalization(Parent)	discordant
TD	Pbre1_04G299600	Pbre1_04G299800	Prupe.6G303600.1	50.91719883333333	1174.0346415	617.228787	0.9365893722484224	0.4152888693381816	0.6712491099991084	0.6572950683264416	0.2917660495476786	0.2861134317990452	Neofunctionalization(Parent)	Conservation	Conservation	discordant	classified	Neofunctionalization(Child)	discordant
TD	Pbre1_04G329800	Pbre1_04G330000	Prupe.6G320300.1	51.46052483333333	58.90690533333333	142.31591916666667	0.3005058408623858	0.2762349492169121	0.2800366996070527	0.0846603710358882	0.0428456939028474	0.060598724545619	Conservation	Conservation	Conservation	Conservation	classified	Neofunctionalization(Child)	discordant
TD	Pbre1_04G348000	Pbre1_04G348200	Prupe.6G329600.1	4.141211166666666	0.0126246666666666	7.650904499999999	0.9597126814628696	1.0	0.9686390110411413	1.0668901263694517	1.249512778496384	1.067436290576986	Specialization	Specialization	Neofunctionalization(Child)	Specialization	classified	Specialization	Specialization
TD	Pbre1_04G370400	Pbre1_04G370600	Prupe.6G341400.1	105.8352155	108.7900445	58.92936533333333	0.7943552781159671	0.8571040448019012	0.9654904986714068	0.5781683194350371	0.7502633657944374	0.6650925396509055	Specialization	Conservation	Conservation	discordant	classified	Conservation	discordant
TD	Pbre1_04G403400	Pbre1_04G403600	Prupe.6G359500.1	0.8564506666666666	8.2365295	19.765222833333333	0.9304402381117246	0.9725037684581948	0.980732859106078	0.2260496574483357	1.1414963882700526	1.0433457023582249	Neofunctionalization(Child)	Specialization	Subfunctionalization	discordant	classified	Conservation	discordant
TD	Pbre1_05G032800	Pbre1_05G033000	Prupe.8G026200.1	4.5387683333333335	3.116133333333333	10.240148166666668	0.6942385305016625	0.8190201395562273	0.6904051411272848	0.4582870410029515	0.5933379137578954	0.5111026251041982	Specialization	Neofunctionalization(Child)	Conservation	discordant	classified	Conservation	discordant
TD	Pbre1_05G041800	Pbre1_05G042000	Prupe.8G032800.1	0.0531745	0.0390126666666666	0.0684571666666666	0.6936485264009903	1.0	0.9837563077635836	1.0752585970073745	0.1062322309898391	0.5842489207986789	Neofunctionalization(Parent)	Conservation	Conservation	discordant	classified	Conservation	discordant
TD	Pbre1_05G047200	Pbre1_05G047400	Prupe.8G038100.1														missing_expression_record		discordant
TD	Pbre1_05G063800	Pbre1_05G064000	Prupe.8G051900.1	15.3541915	4.142643666666666	18.573298	0.8789824570512327	0.6049503873194548	0.6923152260119514	0.5823219255782213	0.4539809318922591	0.5349864498474205	Specialization	Specialization	Conservation	Specialization	classified	Conservation	discordant
TD	Pbre1_05G073200	Pbre1_05G073400	Prupe.8G062700.1	6.110567333333333	2.0782611666666666	7.654311	0.7433967393757906	0.6534476618516233	0.751360064051973	0.5130364665292925	0.5246111180249828	0.5119749415538507	Specialization	Specialization	Specialization	Specialization	classified	Conservation	discordant
TD	Pbre1_05G098000	Pbre1_05G098200	Prupe.8G086600.1	2.461640666666667	0.6052685	0.3144676666666666	0.96917089200139	0.9952261493543182	0.9630615544483896	0.1401770798406258	0.1787378640021407	0.1376512154387743	Conservation	Neofunctionalization(Parent)	Neofunctionalization(Parent)	discordant	classified	Subfunctionalization	discordant
TD	Pbre1_05G099800	Pbre1_05G100000	Prupe.8G087100.1	0.078861	10.027453166666668	6.5472625	1.0	0.7035215435440005	0.602861988624553	1.1281077883476105	0.4597624955903866	0.4598374566627037	Specialization	Specialization	Neofunctionalization(Parent)	Specialization	classified	Conservation	discordant
TD	Pbre1_05G126200	Pbre1_05G126400	Prupe.8G104400.1	29.038150666666667	29.44449733333333	39.746611	0.3771320327658706	0.3772626478409796	0.4491524073352636	0.1361982500783633	0.1533833571038922	0.1420635893261525	Conservation	Conservation	Conservation	Conservation	classified	Specialization	discordant
TD	Pbre1_05G185400	Pbre1_05G185600	Prupe.8G144800.1	0.0	4.571753833333333	2.955413833333333		0.5623171738566185	0.8889581574868671								all_zero_expression_profile	Subfunctionalization	discordant
TD	Pbre1_05G200800	Pbre1_05G201000	Prupe.8G155300.1	0.0	37.55089	2.711113		0.963337529799739	0.7194745457819077								all_zero_expression_profile	Subfunctionalization	discordant
TD	Pbre1_05G205200	Pbre1_05G205400	Prupe.8G157700.1														missing_expression_record		discordant
TD	Pbre1_05G221800	Pbre1_05G222000	Prupe.8G166800.1	0.0134456666666666	0.0023868333333333	0.8910495	0.908157580580979	1.0	0.996624829222468	1.2319071259914345	1.3936923345271712	1.247507467998537	Specialization	Specialization	Specialization	Specialization	classified	Subfunctionalization	discordant
TD	Pbre1_05G231000	Pbre1_05G231200	Prupe.8G171000.1	0.1124744999999999	7.2247145	12.898556	0.7685080099873081	0.998730783776085	0.9747128522672648	0.5624506575237286	0.1339526419115745	0.126893595132504	Neofunctionalization(Parent)	Specialization	Specialization	discordant	classified	Specialization	discordant
TD	Pbre1_05G248200	Pbre1_05G248400	Prupe.8G179600.1	30.72668683333333	2.2787053333333334	58.73681033333333	0.5134291563796088	0.3999094119943083	0.4034807143166217	0.2063211654081775	0.1492716171157113	0.1927382727995389	Conservation	Conservation	Conservation	Conservation	classified	Subfunctionalization	discordant
TD	Pbre1_05G327000	Pbre1_05G327200	Prupe.8G215500.1	5.0467941666666665	21.8304905	43.8711855	0.311674221498789	0.4378748987361679	0.4515412042559147	0.2452396248521539	0.1795550131842423	0.1797397611959812	Conservation	Conservation	Conservation	Conservation	classified	Subfunctionalization	discordant
TD	Pbre1_05G371000	Pbre1_05G371200	Prupe.4G142400.1	1.0845318333333334	1.5581451666666668	1.364477	0.6180210524056347	0.9192261418514692	0.9094610406133254	0.6353346944869251	0.872993667245808	0.7585836414789995	Specialization	Specialization	Specialization	Specialization	classified	Subfunctionalization	discordant
TD	Pbre1_05G389200	Pbre1_05G389400	Prupe.4G131400.1	0.0	0.0	0.0404531666666666			0.8204105250811276								all_zero_expression_profile	Specialization	discordant
TD	Pbre1_05G416800	Pbre1_05G417000	Prupe.4G113400.1	5.053940166666667	11.199053666666666	32.861696	0.4861576528800445	0.4091618572896722	0.4996498643168283	0.2670390464111603	0.2167851039436839	0.216235857546094	Conservation	Conservation	Conservation	Conservation	classified	Conservation	Conservation
TD	Pbre1_05G420200	Pbre1_05G420400	Prupe.4G111700.1	20.508644	1.0878591666666666	60.93048383333333	0.8683243575842686	0.7070997621644806	0.5469849460129923	0.6001680548935796	0.1986161236261026	0.569403346994467	Neofunctionalization(Parent)	Specialization	Specialization	discordant	classified	Conservation	discordant
TD	Pbre1_05G422200	Pbre1_05G422400	Prupe.4G110500.1	1.165836	22.646183166666667	12.8481675	0.7500193951168049	0.8693717684935398	0.7509188645434914	0.5001004522957277	0.4673975481267146	0.4585749989390409	Specialization	Neofunctionalization(Parent)	Neofunctionalization(Parent)	discordant	classified	Subfunctionalization	discordant
TD	Pbre1_05G435000	Pbre1_05G435200	Prupe.4G103000.1	7.749659666666666	10.289883	98.45281966666668	0.6833450002488941	0.6019058727282106	0.713681277731393	0.3943602582864644	0.3795589373435551	0.3798052718840394	Neofunctionalization(Parent)	Neofunctionalization(Parent)	Neofunctionalization(Parent)	Neofunctionalization(Parent)	classified	Conservation	discordant
TD	Pbre1_05G440000	Pbre1_05G440200	Prupe.4G101600.1	69.79547466666666	162.2722816666667	572.776243	0.3493172442299533	0.600837635202254	0.5660616648271046	0.1405627096062245	0.2946341768910633	0.2466631244615962	Conservation	Conservation	Conservation	Conservation	classified	Conservation	Conservation
TD	Pbre1_05G443800	Pbre1_05G444000	Prupe.4G099500.1														missing_expression_record		discordant
TD	Pbre1_05G448800	Pbre1_05G449000	Prupe.4G095700.1	19.348990166666667	0.176894	147.043049	0.6432851239124492	0.9427672963596242	0.4407346909950913	0.3746465102078853	0.782699767745884	0.3703204574707902	Neofunctionalization(Child)	Neofunctionalization(Child)	Neofunctionalization(Child)	Neofunctionalization(Child)	classified	Conservation	discordant
TD	Pbre1_05G470400	Pbre1_05G470600	Prupe.4G082500.1	8.845027833333333	14.812143833333332	44.97345033333334	0.6277015928814369	0.92433984046531	0.7923895533055655	0.2861783678855087	0.2612802894769652	0.1545550627810929	Conservation	Specialization	Specialization	discordant	classified	Subfunctionalization	discordant
TD	Pbre1_05G473800	Pbre1_05G474000	Prupe.4G080300.1	0.0253421666666666	2.644052	0.633263	0.9128257913424492	0.3587668094854283	0.8977385147766597	0.0444577955123286	0.6289869636221027	0.6227128039445	Neofunctionalization(Child)	Specialization	Specialization	discordant	classified	Conservation	discordant
TD	Pbre1_05G480200	Pbre1_05G480400	Prupe.4G077200.1	0.0	0.0	0.0745575			0.7369770426646242								all_zero_expression_profile	Conservation	discordant
TD	Pbre1_05G487400	Pbre1_05G487600	Prupe.4G072700.1	0.0224861666666666	0.022016	0.6485618333333333	1.0	0.9600392377699868	1.0	0.0	0.2355095532422127	0.1165106940301907	Conservation	Specialization	Specialization	discordant	classified	Conservation	discordant
TD	Pbre1_05G488400	Pbre1_05G488600	Prupe.4G072300.1	130.90136683333333	3.31595	33.27979833333333	0.3737721483151032	0.7793688026735092	0.6029056703507691	0.2729033149080977	0.3579309032515649	0.2703005054777423	Conservation	Neofunctionalization(Child)	Neofunctionalization(Child)	discordant	classified	Conservation	discordant
TD	Pbre1_05G513400	Pbre1_05G513600	Prupe.4G054800.1	0.8118696666666666	0.0024885	5.229807166666666	0.7274055180770699	1.0	0.7956339875850675	0.5610724444548193	1.0310154474616606	0.5618539556662803	Specialization	Specialization	Specialization	Specialization	classified	Conservation	discordant
TD	Pbre1_05G515000	Pbre1_05G515200	Prupe.4G054200.1	0.2531258333333333	8.224833833333333	22.459203	0.9532259256942353	0.778101828527373	0.907183098467599	0.9140381448220356	0.7397141525899973	0.7361847443977315	Specialization	Specialization	Specialization	Specialization	classified	Neofunctionalization(Child)	discordant
TD	Pbre1_05G536000	Pbre1_05G536200	Prupe.4G041000.1	3.591905833333333	30.641256833333333	9.74938	0.9540375668619474	0.7406691708963893	0.573808300147523	0.5740242946602916	0.2717075277636361	0.2127276438673744	Neofunctionalization(Parent)	Neofunctionalization(Parent)	Neofunctionalization(Parent)	Neofunctionalization(Parent)	classified	Conservation	discordant
TD	Pbre1_05G557000	Pbre1_05G557200	Prupe.4G029700.1	29.57108566666667	33.537905333333335	77.46952983333334	0.8796436255556784	0.8867124008358843	0.8593740408569696	0.6647009624461586	0.1520336415497134	0.3577266985520235	Neofunctionalization(Parent)	Conservation	Conservation	discordant	classified	Conservation	discordant
TD	Pbre1_05G594600	Pbre1_05G594800	Prupe.4G007200.1														missing_expression_record		discordant
TD	Pbre1_06G029600	Pbre1_06G029800	Prupe.5G019100.1	5.725226666666667	6.636644	29.6111745	0.4139142875547878	0.7903135048645036	0.6341977674245391	0.2383811118039384	0.2719719312342783	0.2212747425118364	Conservation	Conservation	Conservation	Conservation	classified	Subfunctionalization	discordant
TD	Pbre1_06G041600	Pbre1_06G041800	Prupe.5G029900.1	49.35317366666666	29.422407	166.45788033333332	0.5149199894313365	0.5902485782395301	0.3506229223000151	0.1898820437112671	0.1535496311175163	0.1252945703174848	Conservation	Conservation	Conservation	Conservation	classified	Subfunctionalization	discordant
TD	Pbre1_06G042400	Pbre1_06G042600	Prupe.5G029600.1	45.1991095	31.349831666666667	27.51330933333333	0.4017490135541243	0.4371694332434505	0.4159526698691934	0.1158737683438786	0.2415291822093563	0.1607562867505286	Conservation	Conservation	Conservation	Conservation	classified	Subfunctionalization	discordant
TD	Pbre1_06G050000	Pbre1_06G050200	Prupe.5G041400.1	0.2694431666666667	9.1801325	0.2768818333333333	1.0	0.8980315427487252	0.5844836273906825	1.0257450487992033	0.5021542131558964	0.496304280896271	Specialization	Specialization	Specialization	Specialization	classified	Subfunctionalization	discordant
TD	Pbre1_06G054000	Pbre1_06G054200	Prupe.5G038300.1	6.239493166666667	0.3314846666666666	54.77249716666667	0.4145920057265593	0.4462517385520846	0.5021204509563308	0.2439428995019853	0.2476364375451823	0.2388451672688358	Conservation	Neofunctionalization(Child)	Neofunctionalization(Child)	discordant	classified	Subfunctionalization	discordant
TD	Pbre1_06G056400	Pbre1_06G056600	Prupe.5G036500.1	9.185839166666668	5.277187166666667	62.230071	0.1769540554933625	0.4848063097081807	0.5950262523600924	0.1720276196796479	0.2386453353382993	0.1905699415738273	Conservation	Conservation	Conservation	Conservation	classified	Subfunctionalization	discordant
TD	Pbre1_06G072200	Pbre1_06G072400	Prupe.5G048600.1														missing_expression_record		discordant
TD	Pbre1_06G077400	Pbre1_06G077600	Prupe.5G053500.1	49.70873183333333	3.5969293333333336	31.5166685	0.9239912851907076	0.2197239575278044	0.4132692022265187	0.7301327122962809	0.1987532682491683	0.6842724462808728	Neofunctionalization(Parent)	Conservation	Conservation	discordant	classified	Conservation	discordant
TD	Pbre1_06G105000	Pbre1_06G105200	Prupe.5G072700.1	0.0	82.58994733333333	29.913713666666663		0.8746540391857446	0.684102005487713								all_zero_expression_profile	Conservation	discordant
TD	Pbre1_06G115600	Pbre1_06G115800	Prupe.5G077600.1	42.62886016666666	0.6371691666666667	182.253028	0.7501111990989882	0.9400720561219148	0.9202691340724196	0.3382287880352795	0.1950643708471269	0.3329791055302519	Conservation	Neofunctionalization(Child)	Specialization	discordant	classified	Subfunctionalization	discordant
TD	Pbre1_06G141400	Pbre1_06G141600	Prupe.5G096000.1	0.0	0.099256	2.518394		1.0	0.8744801259393344								all_zero_expression_profile	Specialization	discordant
TD	Pbre1_06G177400	Pbre1_06G177600	Prupe.5G112700.1	0.0	0.4561135	1.7596643333333335		0.5920533420415126	0.7937329823994336								all_zero_expression_profile	Neofunctionalization(Parent)	discordant
TD	Pbre1_06G180800	Pbre1_06G181000	Prupe.5G114500.1	0.199074	2.8598728333333336	24.307653833333333	0.974514082911727	0.8927654780524797	0.903451080067051	0.8765546104706796	0.7584044320081345	0.7631841000219952	Specialization	Specialization	Specialization	Specialization	classified	Neofunctionalization(Parent)	discordant
TD	Pbre1_06G182200	Pbre1_06G182400	Prupe.5G115000.1	10.987175333333331	0.0658688333333333	6.170998833333333	0.9183747583873456	0.94271327014218	0.6501956634705615	0.4628353583696818	0.5309165042334147	0.4631976425946412	Specialization	Specialization	Specialization	Specialization	classified	Conservation	discordant
TD	Pbre1_06G186800	Pbre1_06G187000	Prupe.5G116400.1	25.80684983333333	11.425365166666667	12.9935285	0.9453300048400772	0.3943097047377542	0.5677986220714599	0.5713401773862028	0.4166021736408443	0.3713955982640216	Subfunctionalization	Specialization	Specialization	discordant	classified	Neofunctionalization(Parent)	discordant
TD	Pbre1_06G206400	Pbre1_06G206600	Prupe.5G128000.1	4.116559166666667	5.879055833333333	57.96198816666666	0.6503117225644139	0.3107709162786694	0.7891455143603343	0.1831996607467067	0.3465279347394909	0.261495680073845	Conservation	Neofunctionalization(Parent)	Neofunctionalization(Parent)	discordant	classified	Neofunctionalization(Child)	discordant
TD	Pbre1_06G216000	Pbre1_06G216200	Prupe.5G133000.1	0.0	0.0252663333333333	0.5565125		1.0	0.8623523772831657								all_zero_expression_profile	Conservation	discordant
TD	Pbre1_06G216400	Pbre1_06G216600	Prupe.5G133100.1	178.74273333333335	80.77100733333333	28.13130333333333	0.6854792713275659	0.7593204167595479	0.5932797068438063	0.4570066548665407	0.3971166437380573	0.4106480653382084	Specialization	Conservation	Conservation	discordant	classified	Subfunctionalization	discordant
TD	Pbre1_06G217600	Pbre1_06G217800	Prupe.5G134100.1	34.3208295	3.5544465	5.846310833333334	0.4936717699808805	0.6256376771411424	0.9869916609871612	0.965099069389096	0.6982837663509956	0.937823790107433	Specialization	Specialization	Specialization	Specialization	classified	Conservation	discordant
TD	Pbre1_06G222400	Pbre1_06G222600	Prupe.5G136500.1	1.636513	12.876718666666669	0.6630473333333333	0.8556366042861487	0.9003581105588008	0.9482696195523216	0.945112993417658	0.1948269374734796	0.2768373416111608	Neofunctionalization(Parent)	Specialization	Specialization	discordant	classified	Neofunctionalization(Child)	discordant
TD	Pbre1_06G227800	Pbre1_06G228000	Prupe.5G139900.1	90.86609833333333	72.83475466666667	181.54872916666667	0.6388006766055703	0.9400359969948748	0.7843153846172486	0.3137603399039654	0.6735245209733223	0.446558331958896	Neofunctionalization(Child)	Neofunctionalization(Child)	Neofunctionalization(Child)	Neofunctionalization(Child)	classified	Subfunctionalization	discordant
TD	Pbre1_06G233000	Pbre1_06G233200	Prupe.5G142600.1	20.8668445	1.312582	14.252419833333333	0.7596453156139683	0.891563949191713	0.486567568121125	0.4860510692123523	0.6140913665303225	0.4621555772065167	Specialization	Neofunctionalization(Child)	Neofunctionalization(Child)	discordant	classified	Neofunctionalization(Child)	discordant
TD	Pbre1_06G253800	Pbre1_06G254000	Prupe.5G153100.1	14.230856833333334	36.61134766666667	39.61109033333334	0.4019623086817964	0.4882755390075107	0.8167277029463758	0.429002059532671	0.451358221698398	0.4426900476296478	Specialization	Conservation	Conservation	discordant	classified	Neofunctionalization(Parent)	discordant
TD	Pbre1_06G307800	Pbre1_06G308000	Prupe.5G181000.1	0.0125436666666666	11.687788833333334	6.1984305	1.0	0.9399674630857012	0.9431474005891908	1.2572717920760568	0.9097679285296532	0.9092875719307536	Specialization	Specialization	Specialization	Specialization	classified	Neofunctionalization(Child)	discordant
TD	Pbre1_06G313600	Pbre1_06G313800	Prupe.5G184000.1	5.581578833333333	8.235648333333334	15.011847	0.9261931073732764	0.887103729960559	0.7220749582490505	0.3834308822238612	0.2987764268097698	0.3318764662182683	Conservation	Specialization	Neofunctionalization(Child)	discordant	classified	Neofunctionalization(Child)	discordant
TD	Pbre1_06G314400	Pbre1_06G314600	Prupe.5G184300.1	0.009358	30.36010816666667	12.241200333333332	1.0	0.7171695203001118	0.5486761460289123	0.9110688886333284	0.3559497223408364	0.3559122113991022	Neofunctionalization(Parent)	Neofunctionalization(Parent)	Neofunctionalization(Parent)	Neofunctionalization(Parent)	classified	Subfunctionalization	discordant
TD	Pbre1_06G326400	Pbre1_06G326600	Prupe.5G191500.1	0.2494726666666666	0.0200806666666666	8.082766000000001	0.9744407491738384	0.8041983541663245	0.9568899053553592	1.1505348888836693	0.4840894778886448	1.0770406575367748	Specialization	Specialization	Specialization	Specialization	classified	Neofunctionalization(Parent)	discordant
TD	Pbre1_06G334800	Pbre1_06G335000	Prupe.5G196100.1	0.0	0.7132545	4.326019		0.9746812150236848	0.996700151546072								all_zero_expression_profile	Neofunctionalization(Child)	discordant
TD	Pbre1_06G353800	Pbre1_06G354000	Prupe.5G208400.1	16.121631666666666	6.029966	71.57409716666666	0.799014160514238	0.761269135012606	0.7342359086540553	0.2800291599357953	0.2063158070356199	0.2434544166457756	Conservation	Specialization	Specialization	discordant	classified	Neofunctionalization(Child)	discordant
TD	Pbre1_06G360400	Pbre1_06G360600	Prupe.5G212000.1	1.432865	6.599780666666667	10.163218833333334	0.5093691796841582	0.5355950585757017	0.2504003141905396	0.1834088319828275	0.1844790286248059	0.1496749388516936	Conservation	Neofunctionalization(Parent)	Neofunctionalization(Parent)	discordant	classified	Subfunctionalization	discordant
TD	Pbre1_06G371400	Pbre1_06G371600	Prupe.5G219700.1	107.392623	72.22557966666666	31.036944166666668	0.7130295899170158	0.9679150388950736	0.8482010951612441	0.3449572216681034	0.3383805695018538	0.2146670895638205	Conservation	Specialization	Specialization	discordant	classified	Neofunctionalization(Child)	discordant
TD	Pbre1_06G381400	Pbre1_06G381600	Prupe.5G223900.1	6.327456833333334	0.6206561666666667	6.972774333333334	0.6908375481068926	0.9056412469671404	0.7472724957949726	0.1933517607696141	0.6270633467235001	0.2102025495562858	Neofunctionalization(Child)	Specialization	Neofunctionalization(Child)	discordant	classified	Neofunctionalization(Child)	discordant
TD	Pbre1_06G409000	Pbre1_06G409200	Prupe.5G240800.1	0.4909286666666667	0.9407616666666668	11.701619166666667	0.829473117488303	0.9862417027438886	0.7495274189163708	0.7069122317115859	0.9789276623999712	0.8584850221839087	Specialization	Specialization	Specialization	Specialization	classified	Specialization	Specialization
TD	Pbre1_06G411200	Pbre1_06G411400	Prupe.5G241800.1	31.61619333333333	4.737960666666667	103.10788416666666	0.7775542129432113	0.9757055042790124	0.4589464961890799	0.3786707580375695	0.7148914995982819	0.3298331822824001	Neofunctionalization(Child)	Neofunctionalization(Child)	Neofunctionalization(Child)	Neofunctionalization(Child)	classified	Neofunctionalization(Child)	Neofunctionalization(Child)
TD	Pbre1_07G007200	Pbre1_07G007400	Prupe.2G005300.1	346.357973	1.016136666666667	48.3545845	0.9877964202787808	1.0	0.6860707293242992	0.7689447348022374	0.8216511070528453	0.769094380608811	Specialization	Specialization	Specialization	Specialization	classified	Conservation	discordant
TD	Pbre1_07G029400	Pbre1_07G029600	Prupe.2G023200.1	21.947398166666662	11.7556225	127.77158383333334	0.6395383572411473	0.8194168445289252	0.7429879558383711	0.3926242514569613	0.5698475224517904	0.4517366272836736	Specialization	Specialization	Neofunctionalization(Child)	Specialization	classified	Conservation	discordant
TD	Pbre1_07G040000	Pbre1_07G040200	Prupe.2G029900.1	34.9566985	43.1507165	15.817203	0.5228631916446675	0.4551910895061619	0.684974669916046	0.4593118300494695	0.4272622381652315	0.4343955133691195	Specialization	Conservation	Conservation	discordant	classified	Neofunctionalization(Child)	discordant
TD	Pbre1_07G047600	Pbre1_07G047800	Prupe.2G035000.1														missing_expression_record		discordant
TD	Pbre1_07G068400	Pbre1_07G068600	Prupe.2G052500.1	0.5476066666666667	102.41812866666666	32.9654535	0.9526295402177264	0.5368675017592455	0.5252648539513926	0.7443393861955621	0.3679098711018831	0.3661671218240608	Neofunctionalization(Parent)	Neofunctionalization(Parent)	Neofunctionalization(Parent)	Neofunctionalization(Parent)	classified	Specialization	discordant
TD	Pbre1_07G080600	Pbre1_07G080800	Prupe.2G064600.1	0.0021323333333333	0.8832926666666667	0.1318406666666666	1.0	0.8600516296303662	0.805655119468387	1.060585660589332	0.2576964673469372	0.2574219637120457	Neofunctionalization(Parent)	Neofunctionalization(Child)	Neofunctionalization(Child)	discordant	classified	Neofunctionalization(Child)	discordant
TD	Pbre1_07G082600	Pbre1_07G082800	Prupe.2G067300.1	7.590386666666666	4.454684833333333	44.15710333333333	0.5859780659456165	0.2701342016869577	0.3005029175819759	0.1630401598026966	0.0880037026669691	0.1149962907607327	Conservation	Conservation	Conservation	Conservation	classified	Neofunctionalization(Child)	discordant
TD	Pbre1_07G091200	Pbre1_07G091400	Prupe.2G079000.1	59.0613075	36.17957333333333	75.49830899999999	0.3725109994335482	0.6791703345667075	0.6450251003127347	0.2002387850041961	0.4462869386526756	0.2627821609271389	Neofunctionalization(Child)	Conservation	Conservation	discordant	classified	Neofunctionalization(Child)	discordant
TD	Pbre1_07G095600	Pbre1_07G095800	Prupe.2G084900.1	0.1233348333333333	0.3513458333333333	20.5309185	0.7047340822466059	1.0	0.8921970303139753	0.7064035229584901	1.222567403909312	0.9943621055392045	Specialization	Specialization	Specialization	Specialization	classified	Subfunctionalization	discordant
TD	Pbre1_07G105400	Pbre1_07G105600	Prupe.2G090300.1	2.3249365	0.1131675	0.6659286666666667	0.8560184241070845	0.9858683620469446	0.9952183802478348	0.8484292271339495	0.0819706362835861	0.8100432770446512	Neofunctionalization(Parent)	Specialization	Neofunctionalization(Parent)	discordant	classified	Neofunctionalization(Parent)	discordant
TD	Pbre1_07G114800	Pbre1_07G115000	Prupe.2G097200.1	10.402413333333334	0.0647676666666666	1.6882295	0.6883287105730991	0.9573790347755508	0.968030720758909	1.0165072251685443	1.194908848953528	1.014957571202444	Specialization	Specialization	Specialization	Specialization	classified	Neofunctionalization(Parent)	discordant
TD	Pbre1_07G116800	Pbre1_07G117000	Prupe.2G098600.1	16.461383166666668	0.7515833333333333	3.3957736666666665	0.7915196370173622	0.7512582581118317	0.954428017850956	0.4903359174437489	0.8164426136893135	0.5019180707756137	Specialization	Specialization	Specialization	Specialization	classified	Neofunctionalization(Parent)	discordant
TD	Pbre1_07G118600	Pbre1_07G118800	Prupe.2G099900.1	21.517707833333333	21.220220666666663	61.91795283333334	0.5579253737504147	0.497422086784797	0.6300626108857084	0.3632864023045394	0.2266483338677092	0.2877206029897132	Conservation	Conservation	Conservation	Conservation	classified	Neofunctionalization(Parent)	discordant
TD	Pbre1_07G146600	Pbre1_07G146800	Prupe.2G119500.1	4.936191833333334	2.899879666666666	11.8062915	0.91325870855932	0.5585117592623317	0.951201375713262	0.2296965231209722	0.8097092016032882	0.4059286889279397	Neofunctionalization(Child)	Neofunctionalization(Child)	Specialization	Neofunctionalization(Child)	classified	Neofunctionalization(Child)	Neofunctionalization(Child)
TD	Pbre1_07G151400	Pbre1_07G151600	Prupe.2G122000.1														missing_expression_record		discordant
TD	Pbre1_07G153400	Pbre1_07G153600	Prupe.2G123200.1														missing_expression_record		discordant
TD	Pbre1_07G236200	Pbre1_07G236400	Prupe.2G165600.1														missing_expression_record		discordant
TD	Pbre1_07G243200	Pbre1_07G243400	Prupe.2G182700.1	1.1321071666666669	0.1800156666666666	3.0392665	0.9048673592995348	0.8947675560497881	0.8481520049177995	0.771238227231071	0.8229236462969556	0.7763762806656969	Specialization	Specialization	Specialization	Specialization	classified	Specialization	Specialization
TD	Pbre1_07G254600	Pbre1_07G254800	Prupe.2G188300.1	0.4544495	0.135037	4.2611645000000005	0.901386947286804	0.7393665467073732	0.7025912853528653	0.4239712865517511	0.3523782928078277	0.3919764497635287	Neofunctionalization(Parent)	Specialization	Specialization	discordant	classified	Neofunctionalization(Parent)	discordant
TD	Pbre1_07G267600	Pbre1_07G267800	Prupe.2G195600.1	40.25651716666667	43.513647	68.39598783333334	0.4772653569264352	0.2049309379483552	0.6170923671324443	0.2644527124962517	0.2268407642164504	0.2356277385769682	Conservation	Conservation	Conservation	Conservation	classified	Subfunctionalization	discordant
TD	Pbre1_07G269400	Pbre1_07G269600	Prupe.2G196400.1	0.0	0.6942138333333333	5.672695		0.9583300552002794	0.9347407527772938								all_zero_expression_profile	Neofunctionalization(Parent)	discordant
TD	Pbre1_07G292000	Pbre1_07G292200	Prupe.2G210700.1														missing_expression_record		discordant
TD	Pbre1_07G295800	Pbre1_07G296000	Prupe.2G212800.1	23.5840225	14.372597666666667	18.98368883333333	0.6639713268269056	0.9225239667550996	0.618631703624503	0.2345917262209231	0.9074692734190464	0.4118411996256356	Neofunctionalization(Child)	Specialization	Specialization	discordant	classified	Neofunctionalization(Child)	discordant
TD	Pbre1_07G321600	Pbre1_07G321800	Prupe.2G228400.1														missing_expression_record		discordant
TD	Pbre1_07G325800	Pbre1_07G326000	Prupe.2G230500.1	11.582806833333333	5.916281333333333	4.636992333333334	0.9867084276788624	0.8721065152383642	0.8657494966020751	1.1229098220165896	0.6315387361124987	0.8275764151137859	Specialization	Specialization	Specialization	Specialization	classified	Neofunctionalization(Child)	discordant
TD	Pbre1_07G330200	Pbre1_07G330400	Prupe.2G233100.1	0.0	0.0	2.279562			0.9923152349418404								all_zero_expression_profile	Neofunctionalization(Child)	discordant
TD	Pbre1_07G344400	Pbre1_07G344600	Prupe.2G241500.1	3.839793166666667	1.5722355	8.036434	0.6677671281833178	0.5975210863177876	0.4117847959804764	0.1884471927511425	0.3107189481815804	0.1497433661633114	Conservation	Neofunctionalization(Child)	Neofunctionalization(Child)	discordant	classified	Conservation	discordant
TD	Pbre1_07G373400	Pbre1_07G373600	Prupe.2G257400.1	2.4239285	1.8380853333333336	11.051228833333331	0.99728533585712	0.993146349665848	0.9535371551418514	1.1666469836785611	1.1508826665736611	1.1597674525954955	Specialization	Specialization	Specialization	Specialization	classified	Conservation	discordant
TD	Pbre1_07G395800	Pbre1_07G396000	Prupe.2G270400.1	1.216476	1.7266653333333333	3.3717083333333333	0.9120674293867832	0.7178883119469788	0.9986071512193724	1.156607654761144	1.1024567598760266	1.05122304983665	Specialization	Specialization	Specialization	Specialization	classified	Neofunctionalization(Parent)	discordant
TD	Pbre1_07G403400	Pbre1_07G403600	Prupe.2G274900.1	6.501957666666667	25.568329	7.174708833333334	0.8662663125250012	0.64875757172441	0.8207011559788603	0.6646570251144203	0.3755241771220521	0.430875319678956	Neofunctionalization(Parent)	Specialization	Neofunctionalization(Parent)	discordant	classified	Specialization	discordant
TD	Pbre1_07G404200	Pbre1_07G404400	Prupe.2G275300.1	19.93479583333333	0.142765	10.481669666666669	0.8161887136088518	0.9543264404738004	0.7297097639299233	0.6187551785000319	0.7225055805476036	0.6156952881736073	Specialization	Specialization	Neofunctionalization(Child)	Specialization	classified	Subfunctionalization	discordant
TD	Pbre1_07G412200	Pbre1_07G412400	Prupe.2G279700.1	1.085208333333333	2.913753166666667	148.79454466666667	0.8366990710543802	0.9376013055606024	0.7803067439304774	0.2242006551134967	0.354926393953194	0.3032183842065556	Conservation	Specialization	Specialization	discordant	classified	Conservation	discordant
TD	Pbre1_07G427600	Pbre1_07G427800	Prupe.2G288800.1	130.27858916666668	435.066843	1837.159353666667	0.9773944408936548	0.5277291007527667	0.799404436569806	1.0062322718395371	0.5027579487218818	0.5866545007691643	Specialization	Neofunctionalization(Parent)	Conservation	discordant	classified	Conservation	discordant
TD	Pbre1_07G446400	Pbre1_07G446600	Prupe.2G298000.1	3.3821570000000003	7.644248666666667	116.04030116666668	0.7394092537400834	0.85353510696427	0.574194158086528	0.5381352753151852	0.4078060637952108	0.3538388536163374	Subfunctionalization	Neofunctionalization(Parent)	Conservation	discordant	classified	Conservation	discordant
TD	Pbre1_07G478800	Pbre1_07G479000	Prupe.2G313800.1	1.2793863333333333	9.777202833333334	2.1407496666666668	0.94771804551371	0.8840966773784833	0.9716668456190676	0.1981623403927729	0.4234118093071988	0.3962972486222045	Neofunctionalization(Child)	Specialization	Specialization	discordant	classified	Subfunctionalization	discordant
TD	Pbre1_07G481400	Pbre1_07G481600	Prupe.2G314900.1	10.899907	39.0734565	49.85609333333333	0.5051780876159846	0.7302554838877727	0.3743539018657791	0.1066455599279724	0.2948069391684541	0.2463268388189832	Conservation	Conservation	Conservation	Conservation	classified	Subfunctionalization	discordant
TD	Pbre1_07G492800	Pbre1_07G493000	Prupe.2G319900.1	56.826772166666665	1.387879	59.974001666666666	0.2769143075336468	0.6511587932481635	0.4864757025614789	0.1794097347054244	0.3694515743243969	0.1798859574594301	Conservation	Neofunctionalization(Child)	Neofunctionalization(Child)	discordant	classified	Subfunctionalization	discordant
TD	Pbre1_07G494400	Pbre1_07G494600	Prupe.2G320700.1	0.0237778333333333	0.4164811666666667	11.4583445	0.8402340154581331	0.5842520073084879	0.5069317743295441	0.635951883390908	0.3093691706836978	0.2979404767790143	Neofunctionalization(Parent)	Specialization	Specialization	discordant	classified	Conservation	discordant
TD	Pbre1_07G496000	Pbre1_07G496200	Prupe.2G321700.1	3.8698736666666655	0.7557588333333334	29.348568	0.8147139281977216	0.7219255384930051	0.9899466257677604	1.1475064883662918	1.0234761411143545	1.1164708297684236	Specialization	Specialization	Specialization	Specialization	classified	Subfunctionalization	discordant
TD	Pbre1_08G012800	Pbre1_08G013000	Prupe.1G358700.1	28.007134666666666	0.0782986666666666	8.859374666666668	0.4236527309409156	0.8735991551507318	0.7346791328821638	0.3861363629279185	0.3200095758804221	0.3848629739480892	Conservation	Neofunctionalization(Child)	Neofunctionalization(Child)	discordant	classified	Subfunctionalization	discordant
TD	Pbre1_08G030200	Pbre1_08G030400	Prupe.1G369300.1	22.706304166666666	11.123715833333334	46.89478583333334	0.2313284982884799	0.4257662826082102	0.3788191428384768	0.1253758485420568	0.1766544643328322	0.1274442602932639	Conservation	Conservation	Conservation	Conservation	classified	Subfunctionalization	discordant
TD	Pbre1_08G050800	Pbre1_08G051000	Prupe.1G377300.1	0.8101410000000001	42.232464666666665	101.30439116666666	0.9830062290033126	0.8793425480968706	0.9530307740668608	0.147504681125256	0.7866104804760372	0.7710503288091711	Neofunctionalization(Child)	Specialization	Specialization	discordant	classified	Subfunctionalization	discordant
TD	Pbre1_08G058000	Pbre1_08G058200	Prupe.1G381900.1	8.3265215	0.1881696666666666	9.7018135	0.999563264168348	0.9838353958630698	0.6416861628359382	0.9755319989108322	0.8948445438786473	0.9737016263490744	Specialization	Specialization	Specialization	Specialization	classified	Subfunctionalization	discordant
TD	Pbre1_08G070400	Pbre1_08G070600	Prupe.1G388500.1	1.569816833333333	0.5191566666666667	4.706959166666667	0.9235155721165504	0.9575372156407468	0.8968623554027225	0.7812997349222912	0.2664190854681307	0.5804089147055768	Neofunctionalization(Parent)	Specialization	Specialization	discordant	classified	Specialization	discordant
TD	Pbre1_08G072200	Pbre1_08G072400	Prupe.1G389200.1	21.972683	0.0715518333333333	200.3011398333333	0.6690043758894912	0.9553372219261927	0.2961015728754727	0.3349810292583942	0.8329119945467927	0.3349257000575779	Neofunctionalization(Child)	Neofunctionalization(Child)	Neofunctionalization(Child)	Neofunctionalization(Child)	classified	Conservation	discordant
TD	Pbre1_08G078600	Pbre1_08G078800	Prupe.1G402000.1														missing_expression_record		discordant
TD	Pbre1_08G094000	Pbre1_08G094200	Prupe.1G393900.1	113.2447955	9.820964333333333	216.20067616666665	0.260749118312877	0.8278241227322087	0.3315449904214505	0.1238483904314276	0.4675198737285135	0.1319057511780214	Neofunctionalization(Child)	Neofunctionalization(Child)	Conservation	Neofunctionalization(Child)	classified	Conservation	discordant
TD	Pbre1_08G109000	Pbre1_08G109200	Prupe.1G409200.1	0.1566376666666666	0.2814685	7.774084999999999	1.0	1.0	0.4708353427453803	1.0080830245797598	1.0080830245797598	1.0080830245797598	Specialization	Specialization	Specialization	Specialization	classified	Conservation	discordant
TD	Pbre1_08G112200	Pbre1_08G112400	Prupe.1G407900.1	18.455849666666666	25.156507	90.15506316666666	0.5133128907647564	0.4933732181600209	0.4233696707670032	0.2279634950226738	0.1167913629673168	0.1232915597296829	Conservation	Conservation	Conservation	Conservation	classified	Conservation	Conservation
TD	Pbre1_08G116200	Pbre1_08G116400	Prupe.1G406700.1	1.212389333333333	1.4586731666666666	1.3939916666666667	0.2183380396681612	0.6023498907579409	0.515162318308955	0.2172387838744938	0.3318307602282251	0.2660792151316505	Conservation	Specialization	Conservation	discordant	classified	Conservation	discordant
TD	Pbre1_08G139200	Pbre1_08G139400	Prupe.1G423100.1	1.6265683333333334	1.3477021666666666	15.178801833333337	0.8424603948743451	0.9571821560311288	0.481683547081816	0.4543442856869928	0.6542778593420642	0.5263661683796165	Specialization	Specialization	Specialization	Specialization	classified	Specialization	Specialization
TD	Pbre1_08G139800	Pbre1_08G140000	Prupe.1G423400.1	27.736872666666667	105.078216	146.52216049999998	0.6217090150818956	0.6840384336514785	0.826341052948518	0.5927412966399004	0.5716874584134957	0.5694185920251733	Specialization	Neofunctionalization(Parent)	Conservation	discordant	classified	Neofunctionalization(Parent)	discordant
TD	Pbre1_08G145400	Pbre1_08G145600	Prupe.1G426600.1	0.0	9.954720666666669	17.5348825		0.7432410841281687	0.7215557931143545								all_zero_expression_profile	Conservation	discordant
TD	Pbre1_08G150000	Pbre1_08G150200	Prupe.1G429100.1	7.076460166666666	1.0784625	8.312376666666667	0.7876472066434829	0.9914486795560872	0.9644871531915628	0.4445451422042462	0.1298097433741532	0.3687739059688359	Neofunctionalization(Parent)	Neofunctionalization(Child)	Neofunctionalization(Child)	discordant	classified	Subfunctionalization	discordant
TD	Pbre1_08G150800	Pbre1_08G151000	Prupe.1G429400.1														missing_expression_record		discordant
TD	Pbre1_08G165400	Pbre1_08G165600	Prupe.1G436200.1	0.0157748333333333	7.5404115	2.005639166666666	1.0	0.964083679499305	0.6694847022886226	0.731755697806245	0.5594199238678415	0.5597761114856649	Specialization	Neofunctionalization(Parent)	Neofunctionalization(Parent)	discordant	classified	Subfunctionalization	discordant
TD	Pbre1_08G182400	Pbre1_08G182600	Prupe.1G443700.1														missing_expression_record		discordant
TD	Pbre1_08G188400	Pbre1_08G188600	Prupe.7G221700.1	0.2125893333333333	1.6236356666666667	39.65271033333333	1.0	0.9990362757587676	0.6591874593530381	0.9186671822713808	0.9136088096616808	0.9141933012348542	Specialization	Specialization	Specialization	Specialization	classified	Conservation	discordant
TD	Pbre1_08G198200	Pbre1_08G198400	Prupe.1G452000.1	1.471557	19.0487875	11.32755	0.5877177993922489	0.3271191333688771	0.8820864467055116	0.4603981847227856	0.5003800222772637	0.4954718489903466	Specialization	Neofunctionalization(Parent)	Neofunctionalization(Parent)	discordant	classified	Neofunctionalization(Child)	discordant
TD	Pbre1_08G219800	Pbre1_08G220000	Prupe.1G463400.1	0.0165526666666666	56.94907216666667	281.04721416666666	1.0	0.4617960666851194	0.4367124772346493	0.8131881666205074	0.1705777334010904	0.1705656426330007	Neofunctionalization(Parent)	Neofunctionalization(Parent)	Neofunctionalization(Parent)	Neofunctionalization(Parent)	classified	Conservation	discordant
TD	Pbre1_08G232600	Pbre1_08G232800	Prupe.1G469000.1	0.0149758333333333	0.6280186666666667	1.0641998333333331	0.9132302487752724	0.7118953196841663	0.892171344094225	0.6758631746478322	0.7200069395897386	0.7138047737946377	Specialization	Specialization	Specialization	Specialization	classified	Conservation	discordant
TD	Pbre1_08G287000	Pbre1_08G287200	Prupe.1G504600.1	0.0	0.0060518333333333	0.0		1.0									all_zero_expression_profile	Conservation	discordant
TD	Pbre1_08G289800	Pbre1_08G290000	Prupe.1G506300.1	4.116354666666667	13.482653833333334	3.2614311666666667	0.7851637954578208	0.799380712393448	0.6117466179376126	0.2593444806699931	0.2234861189504236	0.2267577658847847	Conservation	Specialization	Specialization	discordant	classified	Conservation	discordant
TD	Pbre1_08G301600	Pbre1_08G301800	Prupe.1G512300.1	8.190846333333333	9.811608833333333	5.910961666666667	0.6949628624364055	0.6808852937561076	0.7543043786806163	0.2729047127523614	0.1982116649408577	0.1899884701473234	Conservation	Specialization	Specialization	discordant	classified	Subfunctionalization	discordant
TD	Pbre1_08G320000	Pbre1_08G320200	Prupe.1G523700.1	7.938627833333333	34.355993	16.561063166666667	0.9788455945429494	0.8341634339732533	0.8543189201415948	0.8009391124878656	0.5092556898870797	0.5533022093343282	Specialization	Specialization	Specialization	Specialization	classified	Subfunctionalization	discordant
TD	Pbre1_08G329600	Pbre1_08G329800	Prupe.1G528600.1	8.191773666666666	3.7627095	29.344175166666663	0.4458910497872643	0.8045797709545288	0.4940301629650491	0.242340087541098	0.3214836293285513	0.2244077819054312	Conservation	Neofunctionalization(Child)	Conservation	discordant	classified	Specialization	discordant
TD	Pbre1_08G350800	Pbre1_08G351000	Prupe.1G542300.1	3.5522348333333333	17.568286	77.35368066666666	0.9191794526522165	0.8139235136871369	0.5994987418085325	0.4190626687631621	0.3443364578300073	0.3044214322748919	Neofunctionalization(Parent)	Neofunctionalization(Parent)	Neofunctionalization(Parent)	Neofunctionalization(Parent)	classified	Subfunctionalization	discordant
TD	Pbre1_08G363400	Pbre1_08G363600	Prupe.1G556800.1	13.001681666666666	64.70276466666667	38.73979533333333	0.6877795578054153	0.4356657009204204	0.5323096778092793	0.1728804466060242	0.2473279508175938	0.2243384087286763	Conservation	Conservation	Conservation	Conservation	classified	Subfunctionalization	discordant
TD	Pbre1_08G363800	Pbre1_08G364000	Prupe.1G556500.1	4.390316666666667	18.60322133333333	3.372421	0.9694341645037726	0.7756293356561195	0.5584417457958877	0.6813215193047365	0.3006235322012817	0.2600659579414174	Neofunctionalization(Parent)	Specialization	Neofunctionalization(Child)	discordant	classified	Conservation	discordant
TD	Pbre1_08G384600	Pbre1_08G384800	Prupe.1G567800.1	8.235756	2.5114545	9.1308265	0.5359276142879777	0.2316565181223088	0.5393762952698957	0.3046248841284785	0.229712447816554	0.2842023815634492	Conservation	Conservation	Conservation	Conservation	classified	Conservation	Conservation
TD	Pbre1_08G396000	Pbre1_08G396200	Prupe.1G575700.1	34.79329583333333	1.3712498333333334	34.832953	0.4278271659617443	0.4875196197333059	0.453440465200971	0.0486896622302056	0.2167070463293691	0.0484423701032873	Conservation	Neofunctionalization(Child)	Conservation	discordant	classified	Subfunctionalization	discordant
TD	Pbre1_09G020800	Pbre1_09G021000	Prupe.3G305200.1	1.5439561666666666	10.219856	8.508688666666666	0.9654867680050468	0.9998802430209984	0.9759806820478064	0.0927376657752354	0.1218713484455883	0.1000681107160707	Conservation	Specialization	Specialization	discordant	classified	Subfunctionalization	discordant
TD	Pbre1_09G036200	Pbre1_09G036400	Prupe.3G295600.1	0.188399	0.009422	0.7493076666666667	0.987870218070348	1.0	0.8509791317808515	0.934993127777612	0.9866158642766226	0.937358122641242	Specialization	Specialization	Specialization	Specialization	classified	Specialization	Specialization
TD	Pbre1_09G058800	Pbre1_09G059000	Prupe.3G282800.1	32.00932783333333	31.486053	50.25943216666667	0.3835926867480614	0.4814444708200558	0.6545064174275266	0.2501411568959903	0.262646064703994	0.2508708506755882	Conservation	Conservation	Conservation	Conservation	classified	Neofunctionalization(Child)	discordant
TD	Pbre1_09G062600	Pbre1_09G062800	Prupe.3G280300.1	0.0613191666666666	13.291714833333334	2.1862636666666666	0.577965070079632	0.8762745501734471	0.6740437871096525	0.5084939597939888	0.5734171456131137	0.5724163113487623	Specialization	Specialization	Neofunctionalization(Parent)	Specialization	classified	Subfunctionalization	discordant
TD	Pbre1_09G076800	Pbre1_09G077000	Prupe.3G271900.1	2.6920113333333333	2.789950333333333	26.18797883333333	0.7958483046318111	0.9916552068767452	0.9529329829073788	0.3675315824733211	1.2463269936690256	0.7874029396986715	Neofunctionalization(Child)	Specialization	Specialization	discordant	classified	Neofunctionalization(Parent)	discordant
TD	Pbre1_09G093800	Pbre1_09G094000	Prupe.3G263500.1	0.5491558333333334	0.1506385	149.800582	0.8786802322519744	0.9279747787876964	0.6235783438866036	0.5528426741318867	0.6082344344888978	0.5623661386695418	Specialization	Specialization	Specialization	Specialization	classified	Conservation	discordant
TD	Pbre1_09G097600	Pbre1_09G097800	Prupe.3G261600.1	1.1289208333333334	0.6297233333333333	38.69890033333333	0.9910930755790912	0.9770671210673854	0.8590672771513148	0.9107905649562412	0.376749789311774	0.4633587419908593	Neofunctionalization(Parent)	Specialization	Specialization	discordant	classified	Neofunctionalization(Child)	discordant
TD	Pbre1_09G100800	Pbre1_09G101000	Prupe.3G260400.1	0.5050898333333333	1.2374633333333334	0.7829323333333333	0.6919000981648784	0.4186120033171824	0.5332059624885291	0.3505535473052882	0.2467510617802213	0.2317373560624324	Conservation	Specialization	Neofunctionalization(Parent)	discordant	classified	Conservation	discordant
TD	Pbre1_09G113200	Pbre1_09G113000	Prupe.3G253600.1	0.2019841666666666	27.4411915	0.7932661666666666	0.8728851256332948	0.4903496178036585	0.9994235467195176	0.4567880722600492	0.9315468194218088	0.92777999169645	Specialization	Specialization	Neofunctionalization(Child)	Specialization	classified	Neofunctionalization(Parent)	discordant
TD	Pbre1_09G124800	Pbre1_09G125000	Prupe.3G247600.1	0.3434301666666666	0.320388	0.5873885	0.9779174204298242	1.0	1.0	0.120830656973304	0.0	0.062512439017991	Conservation	Conservation	Conservation	Conservation	classified	Neofunctionalization(Child)	discordant
TD	Pbre1_09G133800	Pbre1_09G134000	Prupe.3G242000.1	8.096162333333334	0.202512	28.27706333333333	0.5226696092914102	0.9547154918773246	0.4502531232975602	0.1400454087260945	0.793091730813468	0.1454264558499949	Neofunctionalization(Child)	Neofunctionalization(Child)	Neofunctionalization(Child)	Neofunctionalization(Child)	classified	Neofunctionalization(Parent)	discordant
TD	Pbre1_09G137400	Pbre1_09G137600	Prupe.3G240000.1														missing_expression_record		discordant
TD	Pbre1_09G154200	Pbre1_09G154400	Prupe.3G231800.1	0.0	0.0	0.0											all_zero_expression_profile	Subfunctionalization	discordant
TD	Pbre1_09G167200	Pbre1_09G167400	Prupe.3G222100.1	29.46828766666667	10.389579666666666	25.1649675	0.4084622637683057	0.3926126900671671	0.4650780572657232	0.2185878674318764	0.1653116780118941	0.2007268662210645	Conservation	Conservation	Conservation	Conservation	classified	Neofunctionalization(Parent)	discordant
TD	Pbre1_09G177400	Pbre1_09G177600	Prupe.3G216700.1	5.5914355	0.2337503333333333	3.693650833333333	0.8076801395617202	0.986911281531198	0.7870982460543186	0.5795711405064614	0.5355055237585084	0.5370189422733306	Specialization	Specialization	Specialization	Specialization	classified	Subfunctionalization	discordant
TD	Pbre1_09G198000	Pbre1_09G198200	Prupe.3G205900.1	0.1938201666666666	1.4417326666666666	15.0944225	0.7638078448655795	0.9204238632679952	0.7873716073832554	0.7915057773990166	0.8947095593128677	0.8723418396552665	Specialization	Specialization	Specialization	Specialization	classified		discordant
TD	Pbre1_09G207400	Pbre1_09G207600	Prupe.3G200900.1														missing_expression_record		discordant
TD	Pbre1_09G208800	Pbre1_09G209000	Prupe.3G200400.1	3.4562015	26.645451	43.69515366666667	0.8151660033387079	0.4650441765930991	0.5937794152636057	0.413711637195853	0.3282039528727175	0.3035940203405562	Neofunctionalization(Parent)	Neofunctionalization(Parent)	Neofunctionalization(Parent)	Neofunctionalization(Parent)	classified	Subfunctionalization	discordant
TD	Pbre1_09G217400	Pbre1_09G217600	Prupe.3G196500.1	0.0182643333333333	15.241980166666668	1.5018263333333333	1.0	0.8128435136143668	0.902821967729435	0.974521673008993	0.5912308006577356	0.5915453107713918	Specialization	Specialization	Specialization	Specialization	classified	Subfunctionalization	discordant
TD	Pbre1_09G221200	Pbre1_09G221400	Prupe.3G193500.1														missing_expression_record		discordant
TD	Pbre1_09G226400	Pbre1_09G226600	Prupe.3G191000.1	0.5300993333333334	1.4943873333333333	5.318116166666666	0.7986315648669045	0.6988329814782831	0.9232580372495496	0.9867096386200712	0.7845556611574963	0.8363768737924544	Specialization	Specialization	Specialization	Specialization	classified	Neofunctionalization(Child)	discordant
TD	Pbre1_09G228400	Pbre1_09G228600	Prupe.3G188400.1														missing_expression_record		discordant
TD	Pbre1_09G241800	Pbre1_09G242000	Prupe.3G180700.1														missing_expression_record		discordant
TD	Pbre1_09G249800	Pbre1_09G250000	Prupe.3G175400.1	0.0042165	0.0	0.4129881666666666	1.0		0.6678993231519816								all_zero_expression_profile	Neofunctionalization(Parent)	discordant
TD	Pbre1_09G256600	Pbre1_09G256800	Prupe.3G171200.1	2.136457333333333	1.7195811666666667	3.765534	0.8536544989406651	0.8959246334218373	0.5139956319347891	0.5278131324470562	0.6099866864312552	0.5641166352496254	Specialization	Specialization	Specialization	Specialization	classified	Subfunctionalization	discordant
TD	Pbre1_09G278600	Pbre1_09G278800	Prupe.3G024300.1														missing_expression_record		discordant
TD	Pbre1_09G281000	Pbre1_09G281200	Prupe.3G026100.1	6.345020166666667	16.394543833333334	24.67369766666667	0.6072856305911258	0.5109068401667096	0.449407855223236	0.2086582535377926	0.1942492733068209	0.167318970077848	Conservation	Neofunctionalization(Parent)	Conservation	discordant	classified	Neofunctionalization(Child)	discordant
TD	Pbre1_09G296400	Pbre1_09G296600	Prupe.3G035100.1														missing_expression_record		discordant
TD	Pbre1_09G305600	Pbre1_09G305800	Prupe.3G040000.1	5.0498525	10.619903666666668	6.0421955	0.7200473218650333	0.999401479355102	0.8934641020806258	0.3925696594047887	1.043714141837358	0.8264735233658064	Specialization	Specialization	Specialization	Specialization	classified	Neofunctionalization(Child)	discordant
TD	Pbre1_09G306000	Pbre1_09G306200	Prupe.3G040200.1	15.877988166666668	11.390582833333331	37.42013533333333	0.3233667589036408	0.2798030469967151	0.3695734314760934	0.136368122437671	0.1196161385219301	0.1082219969302395	Conservation	Conservation	Conservation	Conservation	classified	Neofunctionalization(Child)	discordant
TD	Pbre1_09G314800	Pbre1_09G315000	Prupe.3G045500.1	237.5256933333333	0.0231406666666666	332.1299558333333	0.2770387691189478	1.0	0.5917162887691882	0.2778739800244826	1.0462944477424854	0.2778816665937205	Neofunctionalization(Child)	Neofunctionalization(Child)	Neofunctionalization(Child)	Neofunctionalization(Child)	classified	Neofunctionalization(Child)	Neofunctionalization(Child)
TD	Pbre1_09G336800	Pbre1_09G337000	Prupe.3G057400.1	0.7036191666666667	0.7238765	3.576705666666667	0.7648248126388684	0.8984465682377568	0.9465678205341834	0.5391341904118282	0.7464247437801463	0.6417904937152847	Specialization	Specialization	Specialization	Specialization	classified	Conservation	discordant
TD	Pbre1_09G354800	Pbre1_09G355000	Prupe.3G069900.1	414.67791116666666	696.8280856666667	1118.3631318333332	0.4622625617856696	0.5073873155859492	0.6158155000849901	0.270683966219935	0.368402396298835	0.3306442055964602	Conservation	Conservation	Conservation	Conservation	classified		discordant
TD	Pbre1_09G355800	Pbre1_09G356000	Prupe.3G071300.1	34.6585655	39.79573383333334	167.7335455	0.3177074982565346	0.3655464330318977	0.3229688469150769	0.166218994387678	0.1650142689974434	0.1651371579208868	Conservation	Conservation	Conservation	Conservation	classified	Conservation	Conservation
TD	Pbre1_09G402000	Pbre1_09G402200	Prupe.3G117500.1	0.1734141666666666	2.825763	9.548938833333333	0.9662448679281314	0.4749655915463716	0.6753902241701579	0.5241260486601038	0.1623679795626716	0.135019888811771	Neofunctionalization(Parent)	Specialization	Neofunctionalization(Parent)	discordant	classified	Conservation	discordant
TD	Pbre1_09G435200	Pbre1_09G435400	Prupe.3G147800.1	111.2073975	98.4986905	516.4408438333334	0.9791589470526396	0.6030819350021923	0.7799520715691288	0.4829106519596806	0.3082988273017603	0.1555980248632484	Neofunctionalization(Parent)	Conservation	Conservation	discordant	classified	Neofunctionalization(Child)	discordant
TD	Pbre1_09G462400	Pbre1_09G462600	Prupe.3G015900.1	7.749380833333333	16.2459285	108.96128833333331	0.6965467657447955	0.8632106552579678	0.6781550909265848	0.3682197684680425	0.3776305758223353	0.3517604803692227	Conservation	Specialization	Neofunctionalization(Child)	discordant	classified	Neofunctionalization(Child)	discordant
TD	Pbre1_09G463200	Pbre1_09G463400	Prupe.3G015300.1	0.1288503333333333	0.1015273333333333	1.943982	0.6750587340603229	0.8615501718184418	0.7683805480070998	0.4897401314245387	0.5732509743298939	0.3719202292121094	Subfunctionalization	Specialization	Specialization	discordant	classified	Neofunctionalization(Child)	discordant
TD	Pbre1_09G469200	Pbre1_09G469400	Prupe.3G012100.1	0.0615893333333333	10.090896	4.3598205	0.8258658918103492	0.5705046152137833	0.6221893079416017	0.5302454138059965	0.4452028822914392	0.444444629850617	Specialization	Specialization	Specialization	Specialization	classified	Subfunctionalization	discordant
TD	Pbre1_09G492800	Pbre1_09G493000	Prupe.3G000300.1	3.9703285	4.3666876666666665	17.638887666666665	0.454670408232864	0.3572781308132854	0.4295685402748169	0.1532321824838153	0.1561274996743261	0.1379122487718214	Conservation	Conservation	Conservation	Conservation	classified	Conservation	Conservation
TD	Pbre1_10G014400	Pbre1_10G014600	Prupe.8G014100.1														missing_expression_record		discordant
TD	Pbre1_10G015200	Pbre1_10G015400	Prupe.8G014200.1	0.1196458333333333	0.192853	101.99724883333332	0.7022810313867145	0.9773906184619972	0.6929257543447607	0.3603436053425193	0.6056681270280474	0.365221977849903	Neofunctionalization(Child)	Specialization	Specialization	discordant	classified	Subfunctionalization	discordant
TD	Pbre1_10G019000	Pbre1_10G019200	Prupe.8G018100.1	62.218395666666666	320.1684256666667	201.00828116666668	0.997498885094996	0.9988274211184908	0.7241361265297215	1.0945966496306794	1.152560888187207	1.0197231223971848	Specialization	Specialization	Neofunctionalization(Parent)	Specialization	classified	Neofunctionalization(Child)	discordant
TD	Pbre1_10G025400	Pbre1_10G025600	Prupe.8G022700.1	0.3002866666666667	2.4741756666666666	0.1855998333333333	0.8017906733369358	0.5687928850949986	0.9679699960932412	0.8010300916247061	0.6529922170796046	0.6416140411433712	Specialization	Neofunctionalization(Child)	Specialization	discordant	classified	Conservation	discordant
TD	Pbre1_10G031200	Pbre1_10G031400	Prupe.8G024700.1	23.681005833333334	6.307168833333333	34.79907983333333	0.2746078134939805	0.9004664286128984	0.3868865199842037	0.068451906453633	0.5857352119112359	0.1443004208240782	Neofunctionalization(Child)	Neofunctionalization(Child)	Neofunctionalization(Child)	Neofunctionalization(Child)	classified	Subfunctionalization	discordant
TD	Pbre1_10G032600	Pbre1_10G032800	Prupe.8G025400.1	98.36939466666666	14.5394245	365.84547533333335	0.986584100893166	0.7958116431796631	0.8971601076196002	0.4070512607835845	0.795036172859753	0.3644926144904959	Subfunctionalization	Specialization	Specialization	discordant	classified	Subfunctionalization	discordant
TD	Pbre1_10G045800	Pbre1_10G046000	Prupe.8G038100.1														missing_expression_record		discordant
TD	Pbre1_10G059800	Pbre1_10G060000	Prupe.8G046000.1	54.135322333333335	19.637991	14.526001166666669	0.8582165543790236	0.9679002955722976	0.704536450614159	0.278914923316873	0.6253952520609828	0.3558069145200879	Neofunctionalization(Child)	Neofunctionalization(Parent)	Specialization	discordant	classified	Subfunctionalization	discordant
TD	Pbre1_10G064600	Pbre1_10G064800	Prupe.8G051900.1	16.301336833333334	12.108335666666669	18.573298	0.5541912603822325	0.3980445537218149	0.6923152260119514	0.3492462099030874	0.3314331317636467	0.3337252811792713	Conservation	Specialization	Conservation	discordant	classified	Subfunctionalization	discordant
TD	Pbre1_10G066600	Pbre1_10G066800	Prupe.8G053500.1	1.5175238333333334	0.0	51.51045716666667	0.587754337680624		0.2308262380723516								all_zero_expression_profile	Neofunctionalization(Child)	discordant
TD	Pbre1_10G101400	Pbre1_10G101600	Prupe.8G085900.1														missing_expression_record		discordant
TD	Pbre1_10G118400	Pbre1_10G118600	Prupe.8G094500.1	6.843163333333333	134.98609983333333	326.9811638333333	0.4628409748155911	0.4274471140129955	0.5964700734228761	0.3730057568025655	0.2253847693681324	0.2275039583735539	Conservation	Conservation	Conservation	Conservation	classified	Subfunctionalization	discordant
TD	Pbre1_10G127400	Pbre1_10G127600	Prupe.8G099700.1	77.99151333333333	28.6063205	109.04071466666667	0.8844133387208309	0.7925945810815668	0.9857492501653596	1.069135200722491	0.5013950229812421	0.8874644692971	Specialization	Neofunctionalization(Child)	Neofunctionalization(Child)	discordant	classified	Neofunctionalization(Child)	discordant
TD	Pbre1_10G171000	Pbre1_10G171200	Prupe.8G135100.1	5.1371590000000005	10.840219166666666	105.63695616666666	0.9768576745766612	0.9639110273281616	0.749291579709342	1.0263115055951704	1.003023740130147	1.009655102410767	Specialization	Subfunctionalization	Subfunctionalization	discordant	classified	Neofunctionalization(Parent)	discordant
TD	Pbre1_10G194800	Pbre1_10G195000	Prupe.8G150600.1	1.7940943333333337	2.8397805	22.85941233333333	0.9542047804473835	0.9450850003018374	0.4903670804642803	0.6770717207272803	0.7983429496965162	0.5462724303149649	Specialization	Specialization	Specialization	Specialization	classified	Neofunctionalization(Child)	discordant
TD	Pbre1_10G195600	Pbre1_10G195800	Prupe.8G150900.1	151.56177416666665	216.3846408333333	399.8563311666667	0.5618782049173747	0.5908394632606007	0.6881027602576617	0.2972122095771014	0.3577007444205773	0.330658010463055	Conservation	Conservation	Conservation	Conservation	classified	Neofunctionalization(Child)	discordant
TD	Pbre1_10G201800	Pbre1_10G202000	Prupe.8G156000.1	34.15762866666667	3.659890666666666	69.206781	0.281633500980313	0.991495645181452	0.3605695099109904	0.2353444200202225	0.9675837332250092	0.2866300703845133	Neofunctionalization(Child)	Neofunctionalization(Child)	Neofunctionalization(Child)	Neofunctionalization(Child)	classified	Neofunctionalization(Child)	Neofunctionalization(Child)
TD	Pbre1_10G209600	Pbre1_10G209800	Prupe.8G160800.1	68.081752	49.5207475	163.01946283333334	0.1770044876236768	0.4197489274401352	0.3658388147653839	0.122181387245449	0.1139906035200799	0.1071655345790539	Conservation	Conservation	Conservation	Conservation	classified	Neofunctionalization(Parent)	discordant
TD	Pbre1_10G212200	Pbre1_10G212400	Prupe.8G161600.1	9.253151666666666	11.876700166666666	49.117853	0.5969315465848568	0.5836687201903235	0.8550497157977368	0.475715111671786	0.4703758680680533	0.4720419273859181	Specialization	Conservation	Conservation	discordant	classified	Neofunctionalization(Parent)	discordant
TD	Pbre1_10G234600	Pbre1_10G234800	Prupe.8G174300.1	16.227543999999998	0.0050741666666666	17.648206	0.8952045298372404	1.0	0.8315872656518526	0.2589770195397172	1.1676158025740302	0.2589029713081632	Neofunctionalization(Child)	Neofunctionalization(Child)	Neofunctionalization(Child)	Neofunctionalization(Child)	classified	Subfunctionalization	discordant
TD	Pbre1_10G296200	Pbre1_10G296400	Prupe.8G206300.1	0.2219573333333333	1.0257896666666666	0.4273659999999999	0.8313098077431519	0.6436623849595339	0.8835425713162648	0.6214253611222396	0.55756116975075	0.534312396886374	Specialization	Specialization	Specialization	Specialization	classified	Subfunctionalization	discordant
TD	Pbre1_10G318000	Pbre1_10G318200	Prupe.8G219700.1	2.2477248333333333	4.368116333333333	9.687071833333334	0.7331210634289478	0.7440782547401865	0.9676182591473392	0.4975519998025461	0.6523040114014709	0.5858181116227573	Specialization	Specialization	Specialization	Specialization	classified	Conservation	discordant
TD	Pbre1_10G328000	Pbre1_10G328200	Prupe.8G225100.1	15.366974833333332	0.0072161666666666	0.7523058333333333	1.0	0.8217115897077454	0.9894868285712354	0.0584755101466518	1.168972575502401	0.0579195638378555	Neofunctionalization(Child)	Neofunctionalization(Child)	Neofunctionalization(Child)	Neofunctionalization(Child)	classified	Conservation	discordant
TD	Pbre1_10G338800	Pbre1_10G339000	Prupe.8G231600.1	110.42493066666668	0.0115873333333333	413.7282595	0.8142792216042102	1.0	0.7998727754226472	0.4200781229587406	0.6490190438326054	0.4199744330360001	Specialization	Neofunctionalization(Child)	Neofunctionalization(Child)	discordant	classified	Conservation	discordant
TD	Pbre1_10G352400	Pbre1_10G352600	Prupe.4G141500.1														missing_expression_record		discordant
TD	Pbre1_10G357200	Pbre1_10G357400	Prupe.4G138700.1	62.38079233333333	145.905448	148.64952516666668	0.4684172866022338	0.2979099325759223	0.4415744104977117	0.2193392552106633	0.1553023791148255	0.1631914154343964	Conservation	Conservation	Conservation	Conservation	classified	Subfunctionalization	discordant
TD	Pbre1_10G369800	Pbre1_10G370000	Prupe.4G131000.1	4.818968333333333	12.830139833333334	17.938102999999998	0.9310994870545324	0.3055483920292891	0.7283705723646934	0.4469885278582888	0.3848104566431014	0.3054941765756929	Neofunctionalization(Parent)	Neofunctionalization(Parent)	Neofunctionalization(Parent)	Neofunctionalization(Parent)	classified	Conservation	discordant
TD	Pbre1_10G381400	Pbre1_10G381600	Prupe.4G124500.1	2.5408811666666664	6.796473333333333	40.32426383333333	0.5404756878261328	0.5341930726843305	0.2892589809286333	0.2632005540570637	0.2004534705818011	0.2128977330905658	Conservation	Neofunctionalization(Parent)	Neofunctionalization(Parent)	discordant	classified	Specialization	discordant
TD	Pbre1_10G382400	Pbre1_10G382600	Prupe.4G123900.1	4.851613166666667	0.2453289999999999	14.958750666666669	0.9878294310573617	0.9193698292453452	0.4332492137926887	0.7636779799073213	0.7246912186953758	0.7207271345828166	Specialization	Specialization	Specialization	Specialization	classified	Conservation	discordant
TD	Pbre1_10G386800	Pbre1_10G387000	Prupe.4G120600.1	17.567052833333335	0.0144898333333333	34.270854	0.9067065390454476	1.0	0.4434225347285404	0.7576087548607684	0.8630296512887246	0.7569590386160528	Specialization	Neofunctionalization(Child)	Neofunctionalization(Child)	discordant	classified	Subfunctionalization	discordant
TD	Pbre1_10G402800	Pbre1_10G403000	Prupe.4G111600.1	1.168248	2.4169915	1.908915	0.4653968247314206	0.6843108803425991	0.3484121797202438	0.2097655639591756	0.3399764398262724	0.285918556813078	Conservation	Specialization	Specialization	discordant	classified	Specialization	discordant
TD	Pbre1_10G409600	Pbre1_10G409800	Prupe.4G106200.1	0.3071603333333333	0.1990398333333333	14.324546333333334	0.9700540003693184	0.9511978758134192	0.5187166164532888	0.8914777107225245	0.82031784334632	0.8630853052073266	Specialization	Specialization	Specialization	Specialization	classified	Subfunctionalization	discordant
TD	Pbre1_10G417000	Pbre1_10G417200	Prupe.4G101600.1	179.3573515	198.82207416666665	572.776243	0.3709365384096326	0.505109416135771	0.5660616648271046	0.1978938897605021	0.2613341359974706	0.2298923776056062	Conservation	Conservation	Conservation	Conservation	classified	Subfunctionalization	discordant
TD	Pbre1_10G420600	Pbre1_10G420800	Prupe.4G096600.1	7.90016	7.551508666666666	21.590831666666663	0.6545731960603952	0.862809268362293	0.668279610121212	0.4685750039334976	0.6269853109909451	0.5320224976043406	Specialization	Neofunctionalization(Child)	Conservation	discordant	classified	Subfunctionalization	discordant
TD	Pbre1_10G424200	Pbre1_10G424400	Prupe.4G093200.1														missing_expression_record		discordant
TD	Pbre1_10G436800	Pbre1_10G437000	Prupe.4G086300.1	76.39588966666666	0.1012985	70.77245633333334	0.4533536482889342	0.8297885170611667	0.6138271582306256	0.1523787274530121	0.6049596445024055	0.1522451549080428	Neofunctionalization(Child)	Neofunctionalization(Child)	Neofunctionalization(Child)	Neofunctionalization(Child)	classified	Subfunctionalization	discordant
TD	Pbre1_10G437200	Pbre1_10G437400	Prupe.4G086200.1	0.0120256666666666	0.0570011666666666	0.0496735	1.0	0.9779016683009824	0.8963923538070523	1.2225541562850792	0.3194900054773081	0.2876311059021592	Neofunctionalization(Parent)	Conservation	Conservation	discordant	classified	Specialization	discordant
TD	Pbre1_10G460200	Pbre1_10G460400	Prupe.4G073000.1	0.7891185000000001	0.3038774999999999	6.454742	0.7344145212535289	0.8902238457290913	0.7126450325935594	0.1916624234324771	0.5033279522963768	0.1326436981265823	Neofunctionalization(Child)	Neofunctionalization(Child)	Specialization	Neofunctionalization(Child)	classified	Subfunctionalization	discordant
TD	Pbre1_10G465400	Pbre1_10G465600	Prupe.4G070300.1	1.9834225	68.1890595	35.106803	0.5728182698783956	0.3967607991089682	0.7698383433490081	0.306423644889106	0.3678183919219817	0.3651434755800884	Conservation	Neofunctionalization(Parent)	Neofunctionalization(Parent)	discordant	classified	Neofunctionalization(Child)	discordant
TD	Pbre1_10G466600	Pbre1_10G466800	Prupe.4G069900.1														missing_expression_record		discordant
TD	Pbre1_10G482600	Pbre1_10G482800	Prupe.4G059600.1	0.0955561666666666	0.1141373333333333	5.786390166666666	0.9105250402653728	0.7167920860542814	0.938649857255504	1.055795635231399	0.4517300771675844	0.7055462783975557	Specialization	Specialization	Specialization	Specialization	classified	Specialization	Specialization
TD	Pbre1_10G488200	Pbre1_10G488400	Prupe.4G056800.1	7.0191765	1.7915948333333334	2.8939008333333334	0.9987272930211326	0.9309481704054898	0.9992776916744668	0.0056997496035309	0.3514175060640213	0.0741019872252615	Conservation	Neofunctionalization(Child)	Neofunctionalization(Child)	discordant	classified	Specialization	discordant
TD	Pbre1_10G503200	Pbre1_10G503400	Prupe.4G049000.1														missing_expression_record		discordant
TD	Pbre1_10G518600	Pbre1_10G518800	Prupe.4G041100.1														missing_expression_record		discordant
TD	Pbre1_10G569800	Pbre1_10G570000	Prupe.4G013200.1	0.0897228333333333	0.0	0.0413148333333333	0.9843507834422588		0.7129929961395272								all_zero_expression_profile	Specialization	discordant
TD	Pbre1_10G578400	Pbre1_10G578600	Prupe.4G009400.1	46.50880183333333	142.64197233333334	4.729080166666667	0.9978575396871447	0.5749597074994435	0.8128222912552048	1.1389504928255652	0.2880838807380257	0.4808309064158069	Neofunctionalization(Parent)	Specialization	Neofunctionalization(Parent)	discordant	classified	Conservation	discordant
TD	Pbre1_11G007400	Pbre1_11G007600	Prupe.6G003900.1	0.9106841666666666	96.6541865	137.646116	0.7000489510745447	0.3191140731130081	0.4394568891184202	0.4173141270961997	0.1849611913073754	0.1837615648691117	Neofunctionalization(Parent)	Neofunctionalization(Parent)	Neofunctionalization(Parent)	Neofunctionalization(Parent)	classified	Conservation	discordant
TD	Pbre1_11G010800	Pbre1_11G011000	Prupe.6G005300.1	33.282723833333336	35.703815166666665	74.52577316666667	0.7208619714222883	0.7407293743840666	0.6781430188283963	0.2591420075867548	0.2813214896068116	0.2695701446937431	Conservation	Conservation	Conservation	Conservation	classified	Conservation	Conservation
TD	Pbre1_11G027400	Pbre1_11G027600	Prupe.6G015500.1	2.8628386666666668	6.697708333333333	1.4014788333333332	0.8503776441578909	0.6029786996973017	0.7171095621962686	0.6651863341203706	0.5186818365921242	0.533525262593766	Specialization	Specialization	Specialization	Specialization	classified	Neofunctionalization(Child)	discordant
TD	Pbre1_11G032800	Pbre1_11G033000	Prupe.6G017800.1	1.609054166666667	23.694416666666665	43.706755666666666	0.5819960395050885	0.4361912529200272	0.3386760893155998	0.2078567425564613	0.1379051894739142	0.1228311205191709	Conservation	Neofunctionalization(Parent)	Neofunctionalization(Parent)	discordant	classified	Conservation	discordant
TD	Pbre1_11G043600	Pbre1_11G043800	Prupe.6G023300.1	118.11624533333334	134.2610475	413.91700333333335	0.2661598682689076	0.15794839884968	0.7032140251126116	0.2520027993608962	0.2650838324163619	0.2571979200657243	Conservation	Conservation	Conservation	Conservation	classified	Subfunctionalization	discordant
TD	Pbre1_11G051800	Pbre1_11G052000	Prupe.6G027100.1	22.468791666666668	4.966499499999999	9.210415	0.5832782659315197	0.8739316127321736	0.6231363569153217	0.3314901405478617	0.5260915877735586	0.3491012927889845	Neofunctionalization(Child)	Conservation	Conservation	discordant	classified	Conservation	discordant
TD	Pbre1_11G089000	Pbre1_11G089200	Prupe.6G049300.1														missing_expression_record		discordant
TD	Pbre1_11G093600	Pbre1_11G093800	Prupe.6G051500.1	107.35473933333331	82.89511283333333	58.16297933333333	0.6427784840084572	0.4204073326564814	0.511715980626042	0.3035321505209346	0.2738239204657588	0.2819558853141922	Conservation	Conservation	Conservation	Conservation	classified	Specialization	discordant
TD	Pbre1_11G096000	Pbre1_11G096200	Prupe.6G052800.1	1.1211156666666666	8.275355	1.4599306666666667	0.7014447789955438	0.8085317649835924	0.8089353585431704	0.5962525544914101	0.7081156889852913	0.6921769221389392	Specialization	Specialization	Specialization	Specialization	classified	Specialization	Specialization
TD	Pbre1_11G096400	Pbre1_11G096600	Prupe.6G053100.1	8.524177	4.4807265	19.285471333333334	0.4365624708925334	0.4924464854661858	0.6678903739324988	0.2187382702020238	0.4197436353568298	0.2802697456998645	Neofunctionalization(Child)	Neofunctionalization(Child)	Conservation	Neofunctionalization(Child)	classified	Subfunctionalization	discordant
TD	Pbre1_11G107400	Pbre1_11G107600	Prupe.6G057300.1	0.2713705	0.1126521666666666	0.0676923333333333	0.8713396122823024	0.8387684480275339	0.9777032204391708	0.9690828650415296	0.9941496560523674	0.9737725529305604	Specialization	Conservation	Neofunctionalization(Parent)	discordant	classified	Subfunctionalization	discordant
TD	Pbre1_11G117800	Pbre1_11G117600	Prupe.6G061000.1	1.5165681666666666	3.8504885	19.187604333333333	0.9726711772300656	0.6754641808488114	0.5686028830436505	0.6315244941576922	0.1188132806855709	0.152503246671334	Neofunctionalization(Parent)	Neofunctionalization(Parent)	Neofunctionalization(Parent)	Neofunctionalization(Parent)	classified	Subfunctionalization	discordant
TD	Pbre1_11G130400	Pbre1_11G130600	Prupe.6G066900.1	19.114578	3.62356	23.6407885	0.7969456599483135	0.862738713002083	0.863062550705061	0.3034122202955808	0.0975350344458018	0.2653894488218632	Conservation	Specialization	Neofunctionalization(Child)	discordant	classified	Specialization	discordant
TD	Pbre1_11G144200	Pbre1_11G144400	Prupe.6G073400.1	19.063839666666667	8.394292	36.00245666666667	0.8332515786307868	0.704348710496781	0.4151119161317105	0.3299226594075625	0.1746969884664654	0.2764273319690187	Conservation	Conservation	Conservation	Conservation	classified	Subfunctionalization	discordant
TD	Pbre1_11G153200	Pbre1_11G153400	Prupe.6G077800.1	128.006349	4945.121361833333	963.8263408333332	0.8946736237237513	0.8235266674490187	0.5578553628400277	0.4676000171991877	0.6403228622978717	0.6323330840178696	Specialization	Neofunctionalization(Parent)	Neofunctionalization(Parent)	discordant	classified	Subfunctionalization	discordant
TD	Pbre1_11G159200	Pbre1_11G159400	Prupe.6G081000.1	3.676589666666667	0.0	1.6213545	0.9914535871230576		0.9858318901354836								all_zero_expression_profile	Subfunctionalization	discordant
TD	Pbre1_11G168800	Pbre1_11G169000	Prupe.6G086200.1	3.7883398333333336	1.1816613333333337	3.530327166666667	0.8712274700621159	0.9913403807039896	0.9998714212734724	0.4421708597204677	1.380155556961892	0.6137006759287913	Specialization	Specialization	Specialization	Specialization	classified	Specialization	Specialization
TD	Pbre1_11G177800	Pbre1_11G178000	Prupe.6G089500.1	12.152423	0.0057088333333333	7.661529833333334	0.4360276412744877	1.0	0.4859448937507567	0.1702792564768308	0.9998621872814144	0.1704591504425754	Neofunctionalization(Child)	Neofunctionalization(Child)	Neofunctionalization(Child)	Neofunctionalization(Child)	classified	Neofunctionalization(Child)	Neofunctionalization(Child)
TD	Pbre1_11G181200	Pbre1_11G181400	Prupe.6G090700.1	0.1377106666666666	7.881949333333333	2.9500075000000003	0.7317543118959308	0.6286655021719053	0.8190970276839362	0.6227257540796435	0.506254837740783	0.5061566045045196	Specialization	Specialization	Specialization	Specialization	classified	Conservation	discordant
TD	Pbre1_11G183800	Pbre1_11G184000	Prupe.6G091800.1	0.2934448333333333	1.5125913333333334	2.529698	0.6384341455401981	0.7724980457392405	0.6456795919451792	0.2564817396574588	0.2061374082664033	0.1733633063162643	Conservation	Neofunctionalization(Parent)	Neofunctionalization(Parent)	discordant	classified	Conservation	discordant
TD	Pbre1_11G187200	Pbre1_11G187400	Prupe.6G093100.1	0.0	0.0733613333333333	2.6635855		0.9688812345432684	0.9794045771149223								all_zero_expression_profile	Neofunctionalization(Parent)	discordant
TD	Pbre1_11G189800	Pbre1_11G190000	Prupe.6G094200.1	0.0335563333333333	5.160474333333333	13.9360185	1.0	0.584350723197137	0.5291402972723857	0.7807746433179971	0.2562569624150477	0.2558736802612916	Neofunctionalization(Parent)	Neofunctionalization(Parent)	Neofunctionalization(Parent)	Neofunctionalization(Parent)	classified	Conservation	discordant
TD	Pbre1_11G225600	Pbre1_11G225800	Prupe.6G115100.1	3.6463886666666663	0.0041968333333333	4.122747	0.989477741828458	0.8774767851424912	0.6142260307944488	0.7010133318750107	0.5528938579998393	0.6997107802842311	Specialization	Specialization	Specialization	Specialization	classified	Specialization	Specialization
TD	Pbre1_11G226400	Pbre1_11G226600	Prupe.6G115400.1	24.402373166666667	0.0125901666666666	68.34882	0.3876980681077779	0.9548484455117804	0.6621238373498146	0.161039545107143	0.7571824478687338	0.1611280939674921	Neofunctionalization(Child)	Neofunctionalization(Child)	Neofunctionalization(Child)	Neofunctionalization(Child)	classified	Subfunctionalization	discordant
TD	Pbre1_11G271200	Pbre1_11G271400	Prupe.6G149100.1	8.890949666666668	26.32172083333333	3.777491	0.9729247280543688	0.7021038849767447	0.5831562471806173	0.8444935291823858	0.4372706722076353	0.4985468555449114	Specialization	Specialization	Neofunctionalization(Parent)	Specialization	classified	Neofunctionalization(Parent)	discordant
TD	Pbre1_11G351800	Pbre1_11G352000	Prupe.4G215500.1	0.1986705	0.1444901666666666	2.4985395	0.844931661089044	0.910828331412618	0.917078677343439	0.8684253972626306	0.9803844002589148	0.913976692279652	Specialization	Specialization	Specialization	Specialization	classified	Conservation	discordant
TD	Pbre1_11G368800	Pbre1_11G369000	Prupe.4G205600.1	1.7241885	17.581552666666667	40.88983	0.8109998962178164	0.2620136170292981	0.2686034813965357	0.4004901414510358	0.1297419798489551	0.1068144778208288	Neofunctionalization(Parent)	Neofunctionalization(Parent)	Neofunctionalization(Parent)	Neofunctionalization(Parent)	classified	Conservation	discordant
TD	Pbre1_11G390200	Pbre1_11G390400	Prupe.4G189400.1	7.434470166666666	1.1884385	2.5100695	0.677792347666873	0.8087700720775983	0.6263415085657869	0.3222129444556896	0.4149183462737258	0.3285213356932198	Neofunctionalization(Child)	Specialization	Specialization	discordant	classified	Neofunctionalization(Child)	discordant
TD	Pbre1_11G396000	Pbre1_11G396200	Prupe.4G186400.1	13.0670315	0.510915	0.3652651666666666	0.5726803101689203	0.9086732591970648	0.9736156160002644	0.7272179795291718	0.3017617439369815	0.7068648415024702	Neofunctionalization(Parent)	Neofunctionalization(Parent)	Specialization	Neofunctionalization(Parent)	classified	Neofunctionalization(Child)	discordant
TD	Pbre1_11G408600	Pbre1_11G408800	Prupe.4G180600.1	173.66795083333332	0.158347	188.80576383333332	0.3210402401715323	0.8550625190606892	0.3247255024633458	0.1705580003356102	0.5358330975901567	0.1706520377846369	Neofunctionalization(Child)	Neofunctionalization(Child)	Neofunctionalization(Child)	Neofunctionalization(Child)	classified	Subfunctionalization	discordant
TD	Pbre1_11G411200	Pbre1_11G411400	Prupe.4G178700.1	0.2897958333333333	0.9653986666666666	60.0086945	0.8374988142655064	0.8983426110658899	0.8074980203188129	0.3912962883437965	0.6165860020697049	0.5641187929638892	Neofunctionalization(Child)	Specialization	Specialization	discordant	classified	Neofunctionalization(Parent)	discordant
TD	Pbre1_11G411600	Pbre1_11G411800	Prupe.4G178100.1	1.3223816666666668	5.378701333333333	7.602689333333333	0.8264810281517748	0.8265992192327006	0.8279438793643271	0.6853872103132675	0.5710174214526329	0.5848937285234481	Specialization	Specialization	Specialization	Specialization	classified	Neofunctionalization(Parent)	discordant
TD	Pbre1_11G448200	Pbre1_11G448400	Prupe.4G155400.1	18.019162	0.0	25.618746666666667	0.3287954238842672		0.8248328344344644								all_zero_expression_profile	Subfunctionalization	discordant
TD	Pbre1_11G495600	Pbre1_11G495800	Prupe.8G252000.1	0.0	0.0075045	0.0108288333333333		0.8272445051533589	0.8989760934025204								all_zero_expression_profile	Neofunctionalization(Child)	discordant
TD	Pbre1_11G507600	Pbre1_11G507800	Prupe.8G259000.1	38.121114	2.4256741666666666	53.476629	0.2846304714737677	0.8688812468354812	0.3447880068414343	0.0932184012644793	0.486772402404429	0.1093406355209451	Neofunctionalization(Child)	Neofunctionalization(Child)	Neofunctionalization(Child)	Neofunctionalization(Child)	classified	Subfunctionalization	discordant
TD	Pbre1_11G509600	Pbre1_11G509800	Prupe.8G264900.1	42.75874	46.09498716666667	208.41589733333333	0.6440719609119239	0.728654826566461	0.3968992812225246	0.4143701492645822	0.468442660173081	0.3956086529985693	Specialization	Conservation	Conservation	discordant	classified	Subfunctionalization	discordant
TD	Pbre1_12G008400	Pbre1_12G008600	Prupe.7G004600.1	16.6260825	66.82822366666667	66.89867149999999	0.4373330995914665	0.8573385973225569	0.4896709944300093	0.2553005516224368	0.5526508354101413	0.4777319424618479	Neofunctionalization(Child)	Conservation	Conservation	discordant	classified	Neofunctionalization(Child)	discordant
TD	Pbre1_12G013200	Pbre1_12G013400	Prupe.7G008300.1	2.493548333333333	0.8305726666666666	2.0342801666666666	0.5181818078245108	0.7878274584792966	0.5817593473606952	0.1841038924289926	0.3509478705215232	0.218706956877528	Conservation	Neofunctionalization(Child)	Neofunctionalization(Child)	discordant	classified	Subfunctionalization	discordant
TD	Pbre1_12G053800	Pbre1_12G054000	Prupe.7G102900.1	1.450308	3.1518125	0.1344808333333333	0.9875912507644786	0.9461116673005748	0.7211492868142988	0.7365121997156969	0.6233017362434853	0.6555413679884295	Specialization	Specialization	Specialization	Specialization	classified	Specialization	Specialization
TD	Pbre1_12G055800	Pbre1_12G056000	Prupe.7G102000.1	3.1098221666666666	2.5165463333333333	1.6685776666666663	0.9150948218958332	0.9707105639757228	0.943400028449976	0.1482822506414027	0.1158733224410711	0.0862572196161785	Conservation	Neofunctionalization(Parent)	Specialization	discordant	classified	Neofunctionalization(Child)	discordant
TD	Pbre1_12G057400	Pbre1_12G057600	Prupe.7G101300.1	0.562212	1.5297045	4.9483025	1.0	1.0	1.0	0.0	0.0	0.0	Conservation	Conservation	Conservation	Conservation	classified	Conservation	Conservation
TD	Pbre1_12G082800	Pbre1_12G083000	Prupe.7G087600.1	46.026435	6.348733833333333	71.04603949999999	0.325272927955667	0.8362562424097512	0.3436465326267866	0.179219255756349	0.6431161875834336	0.2277334877565594	Neofunctionalization(Child)	Neofunctionalization(Child)	Conservation	Neofunctionalization(Child)	classified	Conservation	discordant
TD	Pbre1_12G095800	Pbre1_12G096000	Prupe.7G077800.1														missing_expression_record		discordant
TD	Pbre1_12G104000	Pbre1_12G104200	Prupe.7G073300.1	2.898998166666667	5.8115925	16.8247955	0.912617177883702	0.919083085802522	0.9023499118781388	0.0352541219538217	0.0549134270666896	0.0436600585291186	Conservation	Neofunctionalization(Parent)	Neofunctionalization(Parent)	discordant	classified	Neofunctionalization(Child)	discordant
TD	Pbre1_12G221600	Pbre1_12G221800	Prupe.6G245600.1	0.0059331666666666	11.262110333333332	13.641896666666666	1.0	0.8022214559074822	0.9313078830328252	0.2938667767925342	0.8457415918300257	0.8452024133930304	Neofunctionalization(Child)	Specialization	Specialization	discordant	classified	Subfunctionalization	discordant
TD	Pbre1_12G258600	Pbre1_12G258400	Prupe.6G263100.1	0.0636933333333333	0.786525	0.5097613333333333	1.0	0.9009636155448352	0.9272484226953516	0.335453695567702	0.9114644982066602	0.8317707605188658	Neofunctionalization(Child)	Specialization	Specialization	discordant	classified	Neofunctionalization(Parent)	discordant
TD	Pbre1_12G266000	Pbre1_12G266200	Prupe.6G267800.1	0.0	44.524387	34.3098355		0.7705593732867952	0.7492459769337249								all_zero_expression_profile	Conservation	discordant
TD	Pbre1_12G282800	Pbre1_12G283000	Prupe.6G277900.1	52.863653166666666	95.614977	102.58004783333334	0.1504481224863772	0.9195789042838164	0.3432953440737704	0.0615849277444427	0.6011458173750107	0.3963362863341735	Neofunctionalization(Child)	Conservation	Conservation	discordant	classified	Neofunctionalization(Child)	discordant
TD	Pbre1_12G294600	Pbre1_12G294800	Prupe.6G282800.1	0.2315585	0.5225478333333333	23.76268566666667	0.8950003896598545	0.9839614873389592	0.9987117923607404	0.3791303078466359	0.0831673593445388	0.1716271891378228	Conservation	Neofunctionalization(Parent)	Specialization	discordant	classified	Conservation	discordant
TD	Pbre1_12G305800	Pbre1_12G306000	Prupe.6G288100.1	15.605781666666669	6.662065833333333	42.348640333333336	0.3442792776079257	0.6058206319061595	0.7040937835798913	0.2851659706689149	0.3404596825907857	0.287215071648677	Conservation	Conservation	Conservation	Conservation	classified	Subfunctionalization	discordant
TD	Pbre1_12G312000	Pbre1_12G312200	Prupe.6G292600.1														missing_expression_record		discordant
TD	Pbre1_12G331200	Pbre1_12G331400	Prupe.6G303600.1	1176.4133776666667	652.1745099999999	617.228787	0.7733934509313579	0.6075956186171713	0.6712491099991084	0.2162618959054488	0.3304916382533872	0.2144438294437241	Conservation	Conservation	Conservation	Conservation	classified	Neofunctionalization(Child)	discordant
TD	Pbre1_12G341600	Pbre1_12G341800	Prupe.6G310800.1	0.0529853333333333	39.555015	38.588883	0.951144231484272	0.3785778884589977	0.5558606463739093	0.8256600883258308	0.1116394092006613	0.112263484093003	Neofunctionalization(Parent)	Neofunctionalization(Parent)	Neofunctionalization(Parent)	Neofunctionalization(Parent)	classified	Neofunctionalization(Child)	discordant
TD	Pbre1_12G359200	Pbre1_12G359400	Prupe.6G322000.1	19.89544533333333	0.441957	64.70921133333334	0.9589673331217792	0.7660877334223496	0.8863401971157682	0.9799402420531422	0.4263094660245023	0.967503648675168	Specialization	Specialization	Specialization	Specialization	classified	Neofunctionalization(Parent)	discordant
TD	Pbre1_12G368600	Pbre1_12G368800	Prupe.6G327000.1	30.814413833333333	0.1964143333333333	53.156223833333335	0.4611665103573926	0.8842517870730584	0.482646539007246	0.1925932247589864	0.6056491419724156	0.1949841407742849	Neofunctionalization(Child)	Neofunctionalization(Child)	Neofunctionalization(Child)	Neofunctionalization(Child)	classified	Conservation	discordant
TD	Pbre1_12G370000	Pbre1_12G370200	Prupe.6G327700.1	42.43308866666667	24.939065666666668	28.258604833333333	0.8485495219700677	0.4243464904160774	0.2412276951513362	0.494555832234664	0.2569022836215607	0.3817587831395039	Neofunctionalization(Parent)	Conservation	Conservation	discordant	classified	Subfunctionalization	discordant
TD	Pbre1_12G378400	Pbre1_12G378600	Prupe.6G332600.1	0.245597	3.793081333333333	22.8805295	0.8921028300516823	0.728057253195753	0.2958016012793373	0.5806602987186564	0.342454692168857	0.3273406406135154	Neofunctionalization(Parent)	Neofunctionalization(Parent)	Neofunctionalization(Parent)	Neofunctionalization(Parent)	classified	Subfunctionalization	discordant
TD	Pbre1_12G379800	Pbre1_12G380000	Prupe.6G333400.1	1.3755465	3.015849333333333	1.1205238333333334	0.7617175651161704	0.5522467914102546	0.6526418242604859	0.449909475935666	0.392737915179605	0.3671625211697173	Subfunctionalization	Specialization	Specialization	discordant	classified	Neofunctionalization(Parent)	discordant
TD	Pbre1_12G389800	Pbre1_12G390000	Prupe.6G337400.1														missing_expression_record		discordant
TD	Pbre1_12G397000	Pbre1_12G397200	Prupe.6G341900.1	0.0539635	18.1040265	13.1374865	0.94039992623654	0.4672009737717982	0.9372990885860378	0.2464840797642772	0.5804116913293909	0.5786496298583589	Neofunctionalization(Child)	Neofunctionalization(Parent)	Neofunctionalization(Parent)	discordant	classified	Subfunctionalization	discordant
TD	Pbre1_12G420400	Pbre1_12G420600	Prupe.6G355800.1	2.0852383333333333	0.6818971666666667	13.811071333333333	0.8286259558412226	0.624155208789291	0.6677267712890608	0.4112171727514941	0.4358855013130729	0.4005173145544978	Specialization	Specialization	Specialization	Specialization	classified	Subfunctionalization	discordant
TD	Pbre1_12G434000	Pbre1_12G434200	Prupe.6G362400.1	0.004502	0.1392924999999999	15.909213833333334	1.0	0.9006811857359278	0.7511537742469347	1.1441740958983058	0.7464040656918128	0.7344693499694517	Specialization	Specialization	Specialization	Specialization	classified	Neofunctionalization(Parent)	discordant
TD	Pbre1_13G019800	Pbre1_13G019600	Prupe.1G341600.1	10.675978833333334	5.282168833333333	72.76278733333334	0.9302978859356024	0.9003482682929965	0.7499246498540746	0.6472946539207204	0.5828521197429144	0.6254436080300567	Specialization	Specialization	Specialization	Specialization	classified	Subfunctionalization	discordant
TD	Pbre1_13G035800	Pbre1_13G036000	Prupe.1G331900.1	3.2968941666666667	12.626349	73.26844766666666	0.9473296289916816	0.830670325117987	0.8972122786225107	0.9515000458656324	0.8067663664823858	0.8276983405307397	Specialization	Specialization	Neofunctionalization(Parent)	Specialization	classified	Neofunctionalization(Child)	discordant
TD	Pbre1_13G038600	Pbre1_13G038800	Prupe.1G330900.1	14.076933666666667	0.9620595	25.1041745	0.6739499323313514	0.9985914134138826	0.6647021719313895	0.5567681911330983	1.0711326176876144	0.5741546547657673	Specialization	Specialization	Specialization	Specialization	classified	Conservation	discordant
TD	Pbre1_13G048800	Pbre1_13G049000	Prupe.1G323200.1	50.23251883333333	2.8128203333333333	27.747001166666667	0.6370789711071148	0.988533837436312	0.737754421502801	0.3611793997364091	1.0321197722121915	0.3557046355509942	Neofunctionalization(Child)	Neofunctionalization(Child)	Neofunctionalization(Child)	Neofunctionalization(Child)	classified	Neofunctionalization(Child)	Neofunctionalization(Child)
TD	Pbre1_13G062000	Pbre1_13G062200	Prupe.1G315000.1	1.5997478333333337	0.1972674999999999	35.9194735	0.6396285903357475	0.8865544171117896	0.6530128956790304	0.4271808850569368	0.5578960375944053	0.4311495683961798	Specialization	Specialization	Specialization	Specialization	classified	Subfunctionalization	discordant
TD	Pbre1_13G070600	Pbre1_13G070800	Prupe.1G310300.1	1.5321558333333334	8.017657166666666	6.500270166666667	0.8274489739678484	0.988590393820184	0.9081625924740055	0.747375920231895	0.9482126081665814	0.9019332651936424	Specialization	Specialization	Specialization	Specialization	classified	Subfunctionalization	discordant
TD	Pbre1_13G073200	Pbre1_13G073400	Prupe.1G309300.1	0.0247151666666666	327.7409405	82.19040983333333	0.771877300613497	0.8316961659565527	0.8114946411399157	0.6329941050960768	0.673391003692129	0.6733669329465501	Specialization	Specialization	Specialization	Specialization	classified	Conservation	discordant
TD	Pbre1_13G088200	Pbre1_13G088400	Prupe.1G301000.1	70.58697983333333	3.7888571666666655	27.767628166666665	0.9593738829626792	0.9853992042460352	0.9802138528271762	0.1277950275510279	0.0772934992946429	0.1214912895490565	Conservation	Specialization	Specialization	discordant	classified	Subfunctionalization	discordant
TD	Pbre1_13G113000	Pbre1_13G113200	Prupe.1G282500.1														missing_expression_record		discordant
TD	Pbre1_13G125600	Pbre1_13G125800	Prupe.1G275100.1	0.019125	2.223119333333333	5.192377666666666	0.854049654049654	0.7732564054492788	0.8484318908620212	0.2920763592171799	0.2362295881214028	0.2362174179692933	Conservation	Specialization	Specialization	discordant	classified	Conservation	discordant
TD	Pbre1_13G133800	Pbre1_13G134000	Prupe.1G269400.1	0.0885101666666666	0.1459051666666666	0.0787511666666666	0.94921799000765	0.9013047409454596	0.7335153172542477	0.8165391489835542	0.6927414378929265	0.6313250586328206	Specialization	Conservation	Neofunctionalization(Child)	discordant	classified	Subfunctionalization	discordant
TD	Pbre1_13G139400	Pbre1_13G139600	Prupe.1G265600.1	8.970325166666667	0.1748546666666666	99.73151916666669	0.9384382628303726	0.8196096489160741	0.7731886657674936	0.8015634167506211	0.6062786643976225	0.797204365100003	Specialization	Specialization	Specialization	Specialization	classified	Conservation	discordant
TD	Pbre1_13G156000	Pbre1_13G156200	Prupe.1G255500.1														missing_expression_record		discordant
TD	Pbre1_13G159200	Pbre1_13G159400	Prupe.1G253400.1	0.0	0.0260385	5.0170580000000005		0.7553408282339548	0.8882797782464837								all_zero_expression_profile	Conservation	discordant
TD	Pbre1_13G160400	Pbre1_13G160600	Prupe.1G252800.1	0.0192143333333333	19.7823785	15.565754833333331	0.9092811841989132	0.8516866778953982	0.5536635203553592	0.6557879776218044	0.3374247197150857	0.3367640680954268	Neofunctionalization(Parent)	Neofunctionalization(Parent)	Neofunctionalization(Parent)	Neofunctionalization(Parent)	classified	Conservation	discordant
TD	Pbre1_13G169200	Pbre1_13G169400	Prupe.1G247700.1	0.0100231666666666	0.4072456666666667	4.485255833333333	1.0	0.3378839385733565	0.8999763484254311	0.446008830395231	0.5227792329196811	0.5046683974518211	Specialization	Specialization	Specialization	Specialization	classified	Conservation	discordant
TD	Pbre1_13G170600	Pbre1_13G170800	Prupe.1G247000.1	32.427058333333335	0.4092055	43.221008833333336	0.5205287825888443	0.7827960040577946	0.550798260799796	0.3271674379110782	0.4678034679235131	0.3262086117865842	Neofunctionalization(Child)	Neofunctionalization(Child)	Neofunctionalization(Child)	Neofunctionalization(Child)	classified	Subfunctionalization	discordant
TD	Pbre1_13G179800	Pbre1_13G180000	Prupe.1G241800.1	257.29733650000003	4.575762500000001	102.22283466666669	0.6354758574937334	0.9747818085526324	0.5488163617402531	0.1840979438971385	0.951641216041066	0.1938817141753316	Neofunctionalization(Child)	Neofunctionalization(Child)	Neofunctionalization(Child)	Neofunctionalization(Child)	classified	Conservation	discordant
TD	Pbre1_13G213600	Pbre1_13G213800	Prupe.1G221200.1	0.754146	4.065177	0.0144265	0.7276037316673905	0.5531995406564276	0.7658700504049953	0.735902996171473	0.6207133326905035	0.6362369309037229	Specialization	Specialization	Specialization	Specialization	classified	Subfunctionalization	discordant
TD	Pbre1_13G223000	Pbre1_13G223200	Prupe.1G215000.1	4.1357566666666665	0.0852465	6.218037666666667	0.2298685988075547	0.9080182674468388	0.4134214683321729	0.1221705261891896	0.5050189941312583	0.1119108944578949	Neofunctionalization(Child)	Neofunctionalization(Child)	Neofunctionalization(Child)	Neofunctionalization(Child)	classified	Subfunctionalization	discordant
TD	Pbre1_13G236200	Pbre1_13G236400	Prupe.1G207900.1	1.5642841666666667	1.3809253333333331	0.5473365	0.7994540437379546	0.9618890011111584	0.596532470646822	0.4959640010624856	0.746807927053781	0.4797144189753464	Specialization	Specialization	Specialization	Specialization	classified	Conservation	discordant
TD	Pbre1_13G252600	Pbre1_13G252800	Prupe.1G113100.1	0.0	0.0	49.38731533333333			0.9350609601908616								all_zero_expression_profile	Subfunctionalization	discordant
TD	Pbre1_13G264000	Pbre1_13G264200	Prupe.1G122600.1	25.644666333333333	125.63915566666668	151.77947516666666	0.3995636168188817	0.4113815179283757	0.3651046159584385	0.1689133294238311	0.1482721088956821	0.136255945409356	Conservation	Conservation	Conservation	Conservation	classified	Conservation	Conservation
TD	Pbre1_13G272400	Pbre1_13G272600	Prupe.1G129400.1	4.581916166666667	33.73248666666667	33.540575	0.1780213317601146	0.1799003830585325	0.3714802827400633	0.1092885756476686	0.1282000507602097	0.1251945495085021	Conservation	Conservation	Conservation	Conservation	classified	Conservation	Conservation
TD	Pbre1_13G287200	Pbre1_13G287400	Prupe.1G138000.1														missing_expression_record		discordant
TD	Pbre1_13G402200	Pbre1_13G402400	Prupe.1G070800.1														missing_expression_record		discordant
TD	Pbre1_13G409200	Pbre1_13G409400	Prupe.1G075600.1	333.5366011666667	44.85896266666667	174.86413383333334	0.5285837517360148	0.3802204638437295	0.3417671733663396	0.1860038899531488	0.1852783918323196	0.1831435794749534	Conservation	Conservation	Conservation	Conservation	classified	Subfunctionalization	discordant
TD	Pbre1_13G435600	Pbre1_13G435800	Prupe.1G092000.1	8.083442166666666	10.427521333333331	3.9088046666666663	0.5758842073614174	0.9312408840522324	0.8800782561088306	0.4125237160748718	0.2622298866329239	0.2372469667904964	Neofunctionalization(Parent)	Neofunctionalization(Parent)	Specialization	Neofunctionalization(Parent)	classified	Subfunctionalization	discordant
TD	Pbre1_13G486000	Pbre1_13G486200	Prupe.1G002900.1	3.765321	13.103263833333331	117.06058216666666	0.9676457828990768	0.9024666617178432	0.6487829331940025	0.6705225874111561	0.5622664700839278	0.5793169989742368	Specialization	Specialization	Specialization	Specialization	classified	Neofunctionalization(Parent)	discordant
TD	Pbre1_14G030400	Pbre1_14G030600	Prupe.7G115200.1	43.38558016666667	11.874312833333333	8.136589666666667	0.4989204567069107	0.7096717628540448	0.7321571635231122	0.3706937922462796	0.368211561475818	0.3325271541763029	Conservation	Conservation	Conservation	Conservation	classified	Conservation	Conservation
TD	Pbre1_14G036800	Pbre1_14G037000	Prupe.7G112400.1	0.5808331666666666	15.8253865	85.49488333333333	0.8226077003211897	0.3064068919896769	0.506677652000796	0.5622857998671261	0.1749881498960981	0.1817730446378578	Neofunctionalization(Parent)	Neofunctionalization(Parent)	Neofunctionalization(Parent)	Neofunctionalization(Parent)	classified	Subfunctionalization	discordant
TD	Pbre1_14G051200	Pbre1_14G051400	Prupe.7G102600.1	3.450018833333333	0.3403241666666666	18.0308065	0.2102738275275294	0.5579475779319192	0.2836241222745485	0.1551132950752607	0.2597655182217359	0.1455074550519805	Conservation	Neofunctionalization(Child)	Neofunctionalization(Child)	discordant	classified	Conservation	discordant
TD	Pbre1_14G052400	Pbre1_14G052600	Prupe.7G102000.1	0.065851	0.0309326666666666	1.6685776666666663	0.9548894196470114	1.0	0.943400028449976	0.0873944280910895	1.247335212507218	0.3691475446439332	Neofunctionalization(Child)	Specialization	Specialization	discordant	classified	Subfunctionalization	discordant
TD	Pbre1_14G080600	Pbre1_14G080800	Prupe.7G087600.1	49.67175983333333	0.0092595	71.04603949999999	0.5118187626398484	1.0	0.3436465326267866	0.188382368074944	0.8476155615579485	0.1882464846482351	Neofunctionalization(Child)	Neofunctionalization(Child)	Neofunctionalization(Child)	Neofunctionalization(Child)	classified	Subfunctionalization	discordant
TD	Pbre1_14G093000	Pbre1_14G093200	Prupe.7G082300.1														missing_expression_record		discordant
TD	Pbre1_14G097600	Pbre1_14G097800	Prupe.7G078000.1	0.0058138333333333	0.0019683333333333	5.1688725	0.8756276734238423	1.0	0.8299031965462508	0.8216233030122875	1.1182363942788065	0.8746647884145559	Specialization	Specialization	Specialization	Specialization	classified	Subfunctionalization	discordant
TD	Pbre1_14G099800	Pbre1_14G100000	Prupe.7G081300.1	0.0084305	0.0	0.0	0.819990984899707										all_zero_expression_profile	Conservation	discordant
TD	Pbre1_14G112200	Pbre1_14G112400	Prupe.7G069100.1														missing_expression_record		discordant
TD	Pbre1_14G114800	Pbre1_14G115000	Prupe.7G068100.1														missing_expression_record		discordant
TD	Pbre1_14G128200	Pbre1_14G128400	Prupe.7G055600.1	0.0687543333333333	0.0314435	2.1879418333333334	1.0	1.0	0.9992725270514524	0.0044390735096407	0.0044390735096407	0.0044390735096407	Conservation	Specialization	Specialization	discordant	classified	Conservation	discordant
TD	Pbre1_14G132200	Pbre1_14G132400	Prupe.7G055200.1														missing_expression_record		discordant
TD	Pbre1_14G133800	Pbre1_14G134000	Prupe.7G054200.1	21.4773335	0.106231	28.2336225	0.5026717325204114	0.9141516859097544	0.5442938043056773	0.2657251886989955	0.6432624821647701	0.266914945574301	Neofunctionalization(Child)	Neofunctionalization(Child)	Neofunctionalization(Child)	Neofunctionalization(Child)	classified	Conservation	discordant
TD	Pbre1_14G136000	Pbre1_14G136200	Prupe.7G053100.1	119.15468683333332	14.5912615	413.0701916666667	0.5941079977259561	0.9767261467215947	0.523375598732852	0.246011722704268	0.6732979014657577	0.254581135091098	Neofunctionalization(Child)	Neofunctionalization(Child)	Conservation	Neofunctionalization(Child)	classified	Specialization	discordant
TD	Pbre1_14G169200	Pbre1_14G169400	Prupe.7G022800.1	67.13005983333333	52.80773633333333	149.76657533333332	0.2795697002467311	0.477184356573311	0.4024285913317319	0.1684943872462418	0.2154409748024144	0.1865310994116099	Conservation	Conservation	Conservation	Conservation	classified	Conservation	Conservation
TD	Pbre1_14G201400	Pbre1_14G201600	Prupe.5G104100.1	0.0521578333333333	0.0	0.4928183333333333	0.8594144854981771		0.8568812374931027								all_zero_expression_profile	Conservation	discordant
TD	Pbre1_14G209800	Pbre1_14G210000	Prupe.5G107100.1	68.90283633333334	52.66137416666667	75.89120183333333	0.1836738922249458	0.2927890425925377	0.268366528805824	0.0446116900566692	0.0694854657386675	0.0394116257938252	Conservation	Conservation	Conservation	Conservation	classified	Conservation	Conservation
TD	Pbre1_14G240000	Pbre1_14G240200	Prupe.5G125500.1	3.0040248333333333	14.851540333333334	6.5442	0.9313308775095664	0.5008725319966713	0.8038610862464125	0.879285712169141	0.3666220356450453	0.4475805969024036	Neofunctionalization(Parent)	Neofunctionalization(Parent)	Neofunctionalization(Parent)	Neofunctionalization(Parent)	classified	Conservation	discordant
TD	Pbre1_14G244800	Pbre1_14G245000	Prupe.5G127200.1	2.700617333333333	0.0131921666666666	2.976956	0.9995735603456144	0.8792308315772409	0.9990858055319372	0.0053837592476237	1.2022474335769235	0.0040089468138052	Neofunctionalization(Child)	Neofunctionalization(Child)	Neofunctionalization(Child)	Neofunctionalization(Child)	classified	Specialization	discordant
TD	Pbre1_14G260400	Pbre1_14G260600	Prupe.5G134500.1	3.444657333333333	0.3237803333333333	1.4786318333333333	0.9634129660874782	0.8820630822671648	0.9648342283467845	0.1877305496674385	0.3849781278492727	0.1983637703849104	Conservation	Neofunctionalization(Parent)	Specialization	discordant	classified	Conservation	discordant
TD	Pbre1_14G264200	Pbre1_14G264400	Prupe.5G137400.1	59.11387466666667	0.0367323333333333	19.2256455	0.4121500682665225	0.8531604334038887	0.7055241599063601	0.4477778925056215	0.8465282959467273	0.4479494588544349	Specialization	Specialization	Specialization	Specialization	classified	Subfunctionalization	discordant
TD	Pbre1_14G268200	Pbre1_14G268400	Prupe.5G139900.1	90.59896516666666	0.1599371666666666	181.54872916666667	0.525837893327498	0.9410218004976494	0.7843153846172486	0.3367149851851477	0.91023272974186	0.3372369115465284	Neofunctionalization(Child)	Neofunctionalization(Child)	Neofunctionalization(Child)	Neofunctionalization(Child)	classified	Conservation	discordant
TD	Pbre1_14G294400	Pbre1_14G294600	Prupe.5G153200.1	0.0	0.0094908333333333	0.2034006666666666		0.8220422792287525	0.9067858996290388								all_zero_expression_profile	Specialization	discordant
TD	Pbre1_14G303200	Pbre1_14G303400	Prupe.5G158100.1	0.0023201666666666	29.137472833333334	46.664701666666666	1.0	0.2730138996081469	0.4869463578608604	1.0204644598804586	0.1930185553578594	0.1930515561706774	Neofunctionalization(Parent)	Neofunctionalization(Parent)	Neofunctionalization(Parent)	Neofunctionalization(Parent)	classified	Subfunctionalization	discordant
TD	Pbre1_14G311000	Pbre1_14G311200	Prupe.5G163200.1	0.394233	16.067983333333334	0.2574513333333333	0.9942730559139588	0.9780096997436925	0.993039590502674	1.3606896335810563	1.320936204175298	1.321827963856738	Specialization	Specialization	Specialization	Specialization	classified	Conservation	discordant
TD	Pbre1_14G332200	Pbre1_14G332400	Prupe.5G172600.1	0.1686945	30.291767166666663	11.885424	0.7210875952816931	0.6143860998436972	0.5978425699476404	0.4710696905819864	0.3095369598203984	0.3103172685048358	Neofunctionalization(Parent)	Specialization	Neofunctionalization(Parent)	discordant	classified	Neofunctionalization(Parent)	discordant
TD	Pbre1_14G333800	Pbre1_14G334000	Prupe.5G173700.1	0.286061	0.9597611666666668	50.73494183333333	0.970408087509907	0.7403721517532462	0.8354192819299003	1.000118298980413	0.6181063227517327	0.6931390460119004	Specialization	Specialization	Specialization	Specialization	classified	Specialization	Specialization
TD	Pbre1_14G334800	Pbre1_14G335000	Prupe.5G174200.1	0.3889821666666667	29.016043	3.9758276666666665	0.9828796373346927	0.9090413978145548	0.8680987485197121	0.3820960015908048	0.7566481317886101	0.7457104695909405	Neofunctionalization(Child)	Specialization	Specialization	discordant	classified	Neofunctionalization(Parent)	discordant
TD	Pbre1_14G354600	Pbre1_14G354800	Prupe.5G185400.1	0.0109668333333333	0.1265158333333333	0.2067083333333333	0.8910243467236401	0.8676808647096292	0.9807287002750062	0.8578587631545861	0.4630603127045841	0.4635344080948238	Specialization	Specialization	Specialization	Specialization	classified	Subfunctionalization	discordant
TD	Pbre1_14G371200	Pbre1_14G371400	Prupe.5G195600.1	86.28489733333333	19.133611166666668	109.32515466666666	0.5300434442839961	0.905425756815481	0.4130658217592469	0.2080507614488925	0.4761388504176131	0.2218012694228736	Neofunctionalization(Child)	Conservation	Conservation	discordant	classified	Neofunctionalization(Child)	discordant
TD	Pbre1_14G373000	Pbre1_14G373200	Prupe.5G197500.1	2.143562833333333	4.626691666666667	49.63142633333333	0.5589114724615661	0.5465474718573805	0.5354372499390337	0.3207593577240752	0.3134271462445049	0.2994854949614747	Conservation	Neofunctionalization(Parent)	Neofunctionalization(Parent)	discordant	classified	Conservation	discordant
TD	Pbre1_14G380000	Pbre1_14G380200	Prupe.5G201200.1	7.275267	9.936808666666666	7.175287166666666	0.3165619431281059	0.2138422024515645	0.4704306532265205	0.1985431076944094	0.2086531832301664	0.201197552947659	Conservation	Conservation	Conservation	Conservation	classified	Neofunctionalization(Parent)	discordant
TD	Pbre1_14G445200	Pbre1_14G445400	Prupe.5G240500.1	1.067323	38.36204466666667	98.380988	0.3924090253326741	0.3658166883835962	0.4671985626768292	0.2903885153817747	0.1444301850849856	0.1473359244102732	Conservation	Neofunctionalization(Parent)	Neofunctionalization(Parent)	discordant	classified	Neofunctionalization(Parent)	discordant
TD	Pbre1_14G448600	Pbre1_14G448800	Prupe.5G241800.1	6.8527345	0.3057776666666666	103.10788416666666	0.6817857419010761	0.9613579190264232	0.4589464961890799	0.3027512454924914	0.6584982590583579	0.2978732156997379	Neofunctionalization(Child)	Neofunctionalization(Child)	Neofunctionalization(Child)	Neofunctionalization(Child)	classified	Neofunctionalization(Child)	Neofunctionalization(Child)
TD	Pbre1_15G013000	Pbre1_15G013200	Prupe.1G360900.1	0.5487296666666667	23.2777405	25.395145666666668	0.8642142091862363	0.8045287635775391	0.7798432521274846	0.7856730196446818	0.13288100724678	0.1248455084482337	Neofunctionalization(Parent)	Neofunctionalization(Parent)	Specialization	Neofunctionalization(Parent)	classified	Neofunctionalization(Parent)	Neofunctionalization(Parent)
TD	Pbre1_15G027000	Pbre1_15G027200	Prupe.1G369300.1	14.991351833333333	27.252692666666665	46.89478583333334	0.4694948192735272	0.3183812555857295	0.3788191428384768	0.1309855079722436	0.1717283144192129	0.1459385144034058	Conservation	Conservation	Conservation	Conservation	classified	Neofunctionalization(Child)	discordant
TD	Pbre1_15G030000	Pbre1_15G030200	Prupe.1G370300.1	1.0515405	0.2115921666666666	2.2874615	0.8462503788126211	0.9437808655990476	0.8440016906637775	0.7051013529385617	0.9049043185893192	0.7367931289627798	Specialization	Specialization	Specialization	Specialization	classified	Neofunctionalization(Parent)	discordant
TD	Pbre1_15G034600	Pbre1_15G034800	Prupe.1G372000.1	5.175887333333334	0.0	17.183557166666667	0.5890009113245055		0.6766180217967225								all_zero_expression_profile	Neofunctionalization(Child)	discordant
TD	Pbre1_15G036200	Pbre1_15G036400	Prupe.1G372700.1	108.22317066666668	19.69306283333333	1672.3495433333333	0.4709474327091687	0.637426492710226	0.6518473357576884	0.2139054108828412	0.4975752766319609	0.2389416220773329	Neofunctionalization(Child)	Neofunctionalization(Child)	Neofunctionalization(Child)	Neofunctionalization(Child)	classified	Subfunctionalization	discordant
TD	Pbre1_15G041400	Pbre1_15G041600	Prupe.1G375700.1	171.51387983333333	1.383785	7.069145333333333	0.8943829901624365	0.8610847585068022	0.8794203775957892	0.8115742712816436	0.7719404578515766	0.8112080790334807	Specialization	Specialization	Specialization	Specialization	classified	Neofunctionalization(Child)	discordant
TD	Pbre1_15G093600	Pbre1_15G093800	Prupe.1G404900.1	19.949325166666664	10.657358333333333	7.784219	0.9999326935436906	0.9957966148763336	0.8436285594556789	0.8498753361223597	0.5515908321143098	0.3673044565042654	Subfunctionalization	Specialization	Specialization	discordant	classified	Neofunctionalization(Child)	discordant
TD	Pbre1_15G102000	Pbre1_15G102200	Prupe.1G408900.1	0.7412798333333334	0.103866	4.882488333333334	0.9515997921285296	1.0	0.3594879391467239	0.8412191454324758	0.8477577913334065	0.7528339863561933	Specialization	Specialization	Specialization	Specialization	classified	Neofunctionalization(Child)	discordant
TD	Pbre1_15G104200	Pbre1_15G104000	Prupe.1G409800.1	5.8050516666666665	2.4302038333333336	17.392987166666668	0.7996247104187632	0.7872182870174762	0.9142536268312204	0.3290613698427123	0.2827735480441671	0.2585298674734115	Conservation	Specialization	Specialization	discordant	classified	Subfunctionalization	discordant
TD	Pbre1_15G108800	Pbre1_15G109000	Prupe.1G411700.1	3.9035775	5.46121	61.19045033333333	0.5895355951857649	0.7666594525368114	0.4610225994006002	0.3408509068027548	0.4064254178444417	0.2690330018107547	Neofunctionalization(Child)	Conservation	Conservation	discordant	classified	Subfunctionalization	discordant
TD	Pbre1_15G117600	Pbre1_15G117800	Prupe.1G417800.1	0.0243318333333333	0.0385918333333333	0.021337	0.9065065085188724	0.944931703018286	0.9079357112710598	0.9779877788388032	1.002758895730085	0.9259395729181704	Specialization	Conservation	Conservation	discordant	classified	Neofunctionalization(Child)	discordant
TD	Pbre1_15G134200	Pbre1_15G134400	Prupe.1G426100.1	94.0180115	57.33191666666667	44.86697266666667	0.3733247888491272	0.8226813677002026	0.8165166601042602	0.4889747017965585	0.5819477986723014	0.4752170569124971	Specialization	Conservation	Conservation	discordant	classified	Neofunctionalization(Child)	discordant
TD	Pbre1_15G146200	Pbre1_15G146400	Prupe.1G433100.1														missing_expression_record		discordant
TD	Pbre1_15G148000	Pbre1_15G148200	Prupe.1G434100.1	0.2422038333333333	2.2587491666666666	22.56260533333333	0.6844295359158752	0.8737270686499927	0.7755713789749279	0.7833388583127936	0.7220832336227636	0.6986994571460693	Specialization	Specialization	Specialization	Specialization	classified	Neofunctionalization(Parent)	discordant
TD	Pbre1_15G149600	Pbre1_15G149800	Prupe.1G434800.1														missing_expression_record		discordant
TD	Pbre1_15G152600	Pbre1_15G152800	Prupe.1G436200.1	0.0	1.988591166666667	2.005639166666666		0.9112992920369828	0.6694847022886226								all_zero_expression_profile	Neofunctionalization(Parent)	discordant
TD	Pbre1_15G167400	Pbre1_15G167600	Prupe.1G447100.1	3.4425975	9.705407	22.92554833333333	0.7658359454955099	0.8027741071148407	0.8884204578256825	0.7403316965063909	0.805711056791792	0.7631171143356953	Specialization	Specialization	Specialization	Specialization	classified	Conservation	discordant
TD	Pbre1_15G179000	Pbre1_15G179200	Prupe.1G453500.1	212.02535	19.024847666666663	520.5868228333334	0.8600820951086243	0.767228079149481	0.8287020469686551	0.0971939607968708	0.5473334516563275	0.0994108393356537	Neofunctionalization(Child)	Specialization	Specialization	discordant	classified	Conservation	discordant
TD	Pbre1_15G185400	Pbre1_15G185600	Prupe.1G456600.1	1.0867878333333334	0.491765	1.0009321666666666	0.7419924338842858	0.8423878382849683	0.9325731977970304	0.4453615226028307	0.2260908202798011	0.3639505315374894	Neofunctionalization(Parent)	Neofunctionalization(Parent)	Specialization	Neofunctionalization(Parent)	classified	Neofunctionalization(Parent)	Neofunctionalization(Parent)
TD	Pbre1_15G202600	Pbre1_15G202800	Prupe.1G466200.1	22.45559516666667	23.72629483333333	51.64565383333333	0.182437170955767	0.2202092645841565	0.330838024557028	0.0894361992607274	0.0651571856600093	0.0744033451315363	Conservation	Conservation	Conservation	Conservation	classified	Neofunctionalization(Child)	discordant
TD	Pbre1_15G206000	Pbre1_15G206200	Prupe.1G468400.1	4.9355745	49.18297433333333	42.187108333333335	0.7436509331375417	0.5162129129256364	0.5988113085895586	0.450308761118493	0.0750567841548556	0.0785670349289328	Neofunctionalization(Parent)	Neofunctionalization(Parent)	Conservation	Neofunctionalization(Parent)	classified	Subfunctionalization	discordant
TD	Pbre1_15G235600	Pbre1_15G235800	Prupe.1G487700.1	11.991918166666666	9.235289833333333	6.8404636666666665	0.554563960136661	0.8342369419392306	0.3404972485315991	0.1210973177752648	0.449409813911038	0.1936293383653087	Neofunctionalization(Child)	Conservation	Conservation	discordant	classified	Neofunctionalization(Child)	discordant
TD	Pbre1_15G243200	Pbre1_15G243400	Prupe.4G279700.1	4.241263666666667	3.8052531666666662	13.265918166666667	0.5377399196780459	0.6643769503164669	0.4410797622500547	0.2504670555905084	0.3377254475880037	0.290090499150446	Conservation	Neofunctionalization(Child)	Conservation	discordant	classified	Conservation	discordant
TD	Pbre1_15G245800	Pbre1_15G246000	Prupe.4G281300.1	7.8528945	12.5252605	7.425437166666667	0.7922908111949598	0.9950427252712464	0.8594468320406579	0.5268987560244943	0.540480108123309	0.44261660460141	Specialization	Specialization	Specialization	Specialization	classified	Neofunctionalization(Child)	discordant
TD	Pbre1_15G246200	Pbre1_15G246400	Prupe.4G281700.1	15.860446666666666	0.2954951666666667	33.934664166666664	0.4759200078493052	0.8169969303087189	0.4175546151207559	0.1297979526794963	0.5357727275838983	0.1313455679473037	Neofunctionalization(Child)	Neofunctionalization(Child)	Neofunctionalization(Child)	Neofunctionalization(Child)	classified	Neofunctionalization(Child)	Neofunctionalization(Child)
TD	Pbre1_15G260600	Pbre1_15G260800	Prupe.7G267900.1	5.30753	2.9657638333333334	593.8716416666666	0.6595858817036873	0.7384962535495385	0.4505901571476162	0.4756366931203352	0.5497644384716328	0.5014431555665142	Specialization	Specialization	Specialization	Specialization	classified	Neofunctionalization(Child)	discordant
TD	Pbre1_15G262400	Pbre1_15G262600	Prupe.7G266900.1	89.75937083333334	157.97613266666667	281.589693	0.52134947558235	0.4958218490564151	0.5631633373102215	0.215625114857743	0.2189234916061729	0.2043837565313673	Conservation	Conservation	Conservation	Conservation	classified	Neofunctionalization(Parent)	discordant
TD	Pbre1_15G265800	Pbre1_15G266000	Prupe.7G265400.1	0.0586196666666666	6.321125	8.597400166666667	0.8346982545971967	0.8834175636088482	0.7445199220875878	0.5381134017671744	0.3585754171843068	0.35801300798952	Neofunctionalization(Parent)	Specialization	Neofunctionalization(Parent)	discordant	classified	Neofunctionalization(Child)	discordant
TD	Pbre1_15G267400	Pbre1_15G267600	Prupe.7G264800.1	2.881252	18.85703383333333	4.180895333333333	0.5126284235852083	0.481202036266571	0.4119811022771163	0.3254807881564684	0.3012759988830049	0.3023344846486417	Conservation	Conservation	Conservation	Conservation	classified	Subfunctionalization	discordant
TD	Pbre1_15G275600	Pbre1_15G275800	Prupe.7G260600.1	35.848914	69.30340333333334	371.63694383333336	0.501017740551178	0.6688419132281676	0.6989951908948633	0.3098986312322337	0.3041222643276384	0.3002646841977167	Conservation	Conservation	Conservation	Conservation	classified	Neofunctionalization(Child)	discordant
TD	Pbre1_15G279400	Pbre1_15G279600	Prupe.7G258600.1	0.8764756666666667	0.2963293333333333	17.508558	0.9163841890177392	0.7560431877428313	0.6298780087557784	0.5833754570767848	0.4581264562164944	0.5303775954474401	Specialization	Specialization	Specialization	Specialization	classified	Neofunctionalization(Child)	discordant
TD	Pbre1_15G284200	Pbre1_15G284000	Prupe.7G254000.1														missing_expression_record		discordant
TD	Pbre1_15G284200	Pbre1_15G284400	Prupe.7G254000.1														missing_expression_record		discordant
TD	Pbre1_15G288200	Pbre1_15G288400	Prupe.7G256500.1	0.0	4.350285166666667	20.203054833333333		0.8875617758207579	0.7122716392308641								all_zero_expression_profile	Neofunctionalization(Child)	discordant
TD	Pbre1_15G296000	Pbre1_15G296200	Prupe.7G249500.1														missing_expression_record		discordant
TD	Pbre1_15G310200	Pbre1_15G310400	Prupe.7G242400.1	0.4079781666666667	1.7298021666666668	1.3052981666666668	0.9983948970095288	0.8588527562705712	0.9755778124379434	0.1184194889083107	1.1011338747990098	0.8746329079135479	Neofunctionalization(Child)	Neofunctionalization(Child)	Neofunctionalization(Child)	Neofunctionalization(Child)	classified	Neofunctionalization(Parent)	discordant
TD	Pbre1_15G347400	Pbre1_15G347600	Prupe.7G224300.1	0.3963753333333333	2.6482791666666667	7.303220333333334	0.9978420351358874	0.9975942521196672	0.9663248594921156	0.1852970056164747	0.1861448208723894	0.1860117125198319	Conservation	Specialization	Specialization	discordant	classified	Subfunctionalization	discordant
TD	Pbre1_15G352600	Pbre1_15G352800	Prupe.7G221000.1	0.2685685	9.7331555	27.680407666666667	0.9911703529759384	0.6710766906167336	0.3431997134755112	0.8501878946969449	0.3870460135606263	0.3901374396287415	Neofunctionalization(Parent)	Specialization	Neofunctionalization(Parent)	discordant	classified	Conservation	discordant
TD	Pbre1_15G384600	Pbre1_15G384800	Prupe.7G202700.1	9.503795166666666	0.0188013333333333	7.328608833333334	0.9939724701052396	1.0	0.7254022434451415	1.031753411496325	1.1092440022709196	1.0300566190584517	Specialization	Specialization	Specialization	Specialization	classified	Conservation	discordant
TD	Pbre1_15G430800	Pbre1_15G431000	Prupe.7G172300.1	0.0	0.1983106666666666	5.0942015		0.9119318628881043	0.7069776103393177								all_zero_expression_profile	Specialization	discordant
TD	Pbre1_15G449200	Pbre1_15G449400	Prupe.7G162100.1														missing_expression_record		discordant
TD	Pbre1_15G458400	Pbre1_15G458600	Prupe.7G157300.1	46.316087	78.23447416666667	165.4236065	0.3849758282478859	0.2092129504237145	0.7830512153212172	0.281438961148375	0.3145235694344559	0.2996197686898704	Conservation	Conservation	Conservation	Conservation	classified	Conservation	Conservation
TD	Pbre1_15G493600	Pbre1_15G493800	Prupe.7G136800.1	14.110521333333333	14.167648833333333	13.520378833333334	0.9332637815828028	0.9076278844572536	0.2766332204103642	0.6227850034818461	0.5704584628034151	0.5943858808645581	Specialization	Specialization	Neofunctionalization(Child)	Specialization	classified	Conservation	discordant
TD	Pbre1_15G513800	Pbre1_15G514000	Prupe.6G228700.1	8.135488	8.158622833333332	21.970684833333333	0.4257838943684272	0.4270602829743212	0.5733132218564154	0.2142567408760436	0.1135958644169433	0.1598244651956056	Conservation	Conservation	Conservation	Conservation	classified	Subfunctionalization	discordant
TD	Pbre1_15G570000	Pbre1_15G570200	Prupe.6G189000.1	7.932262666666666	19.553982166666668	41.033085166666666	0.3335977612493896	0.6189010189028465	0.5091890228517837	0.2308497890204431	0.2161345135455016	0.182641427276694	Conservation	Conservation	Conservation	Conservation	classified	Subfunctionalization	discordant
TD	Pbre1_15G574800	Pbre1_15G575000	Prupe.6G185700.1	1.1997938333333331	2.289795166666667	8.4413925	0.8155626166527373	0.849663561508861	0.8676344952657541	0.5986812482920923	0.691302101619971	0.5813705849664433	Specialization	Specialization	Specialization	Specialization	classified	Conservation	discordant
TD	Pbre1_15G584400	Pbre1_15G584600	Prupe.6G179700.1	4.7130015	41.53905016666667	69.8556325	0.5651732370699379	0.6327058668804909	0.4496745450513967	0.2670730303859883	0.297961979535681	0.2524612369375467	Conservation	Neofunctionalization(Parent)	Neofunctionalization(Parent)	discordant	classified	Conservation	discordant
TD	Pbre1_15G672200	Pbre1_15G672400	Prupe.1G522600.1	4.4611358333333335	14.114255833333331	53.5359895	0.4089574580072518	0.5231961244721457	0.6457352761303633	0.3198835170466732	0.3411170877377579	0.3241596622042459	Conservation	Conservation	Conservation	Conservation	classified	Conservation	Conservation
TD	Pbre1_15G705000	Pbre1_15G705200	Prupe.1G540200.1	1.9806183333333331	3.8504875	87.40469833333333	0.5682123972469466	0.7497362490099351	0.3060570956074409	0.194711361617557	0.3331738011225016	0.2519325055118698	Conservation	Specialization	Conservation	discordant	classified	Conservation	discordant
TD	Pbre1_15G714800	Pbre1_15G715000	Prupe.1G546100.1	0.399698	1.2679295	7.7491085	0.9315888348365456	0.786313041080888	0.804819705871291	0.6600242720234862	0.4465162128470676	0.4870464112757978	Specialization	Specialization	Specialization	Specialization	classified	Specialization	Specialization
TD	Pbre1_15G729000	Pbre1_15G729200	Prupe.1G552100.1	2.4113146666666667	16.587877666666667	9.409787666666666	0.6631842385397964	0.6719135729102951	0.9182056180616208	0.6837190268795561	0.7184849490714729	0.7122613367781648	Specialization	Neofunctionalization(Parent)	Neofunctionalization(Parent)	discordant	classified	Specialization	discordant
TD	Pbre1_15G746600	Pbre1_15G746800	Prupe.1G566700.1	5.9893608333333335	42.577624666666665	13.872410333333336	0.5972486007680953	0.7454890563642802	0.7800258424406319	0.3389742636045519	0.1107580554017001	0.1302788718247317	Conservation	Neofunctionalization(Parent)	Neofunctionalization(Parent)	discordant	classified	Subfunctionalization	discordant
TD	Pbre1_15G748800	Pbre1_15G749000	Prupe.1G567800.1	10.778193	10.224801166666667	9.1308265	0.535809729553853	0.1493860167837777	0.5393762952698957	0.3261791196665373	0.1556919774438903	0.2328763770944025	Conservation	Conservation	Conservation	Conservation	classified	Subfunctionalization	discordant
TD	Pbre1_15G752400	Pbre1_15G752600	Prupe.1G570300.1	0.0530125	1.4614151666666666	2.200733	1.0	0.9222534789224748	0.7912332008688974	1.0299659537319752	0.8136383678648352	0.7941570307643591	Specialization	Specialization	Specialization	Specialization	classified	Subfunctionalization	discordant
TD	Pbre1_15G758600	Pbre1_15G758800	Prupe.1G575200.1	7.126215999999999	4.719328666666667	0.7690341666666667	0.9711568905961744	0.961365121627344	0.8145359600084208	0.9444994712821624	0.9124404359828986	0.9313195230968424	Specialization	Specialization	Specialization	Specialization	classified	Specialization	Specialization
TD	Pbre1_15G759000	Pbre1_15G759200	Prupe.1G575700.1	15.9740885	2.692610666666667	34.832953	0.5757841422410229	0.4443737153887223	0.453440465200971	0.2394003860164515	0.2235711089634996	0.2353164347553951	Conservation	Neofunctionalization(Child)	Conservation	discordant	classified	Specialization	discordant
TD	Pbre1_15G778000	Pbre1_15G778200	Prupe.1G584100.1	8.759235499999999	0.9417185	10.866131666666668	0.9390944043152072	0.9425175386031548	0.920209034740591	0.2321842576005814	0.079028399983147	0.213099268539318	Conservation	Neofunctionalization(Child)	Neofunctionalization(Child)	discordant	classified	Subfunctionalization	discordant
TD	Pbre1_16G023200	Pbre1_16G023400	Prupe.1G339000.1	71.9729785	28.025397833333336	79.560184	0.9983519495915866	0.9714045228771	0.8203229497555304	0.9894712137446448	0.8945831462807412	0.9613709020559424	Specialization	Specialization	Specialization	Specialization	classified	Conservation	discordant
TD	Pbre1_16G032200	Pbre1_16G032400	Prupe.1G334700.1	0.2504338333333333	0.0221635	7.2034865	0.99114429098521	0.842456913935418	0.9662965476402224	0.1219657887218374	0.5195697458565408	0.0997893696705148	Neofunctionalization(Child)	Specialization	Specialization	discordant	classified	Specialization	discordant
TD	Pbre1_16G037400	Pbre1_16G037600	Prupe.1G332200.1	0.7610491666666667	12.864029833333332	79.61869983333334	0.694809855107418	0.6939603955300331	0.4182540384649119	0.4806268232793301	0.4124295108955958	0.4138212862944994	Specialization	Specialization	Specialization	Specialization	classified	Conservation	discordant
TD	Pbre1_16G040000	Pbre1_16G040200	Prupe.1G331100.1	7.121319000000001	24.382139666666667	77.56275600000001	0.9461909317130578	0.8964219227179997	0.8562906538589804	0.3523487353421827	0.2655410321384674	0.2733030555327344	Conservation	Specialization	Neofunctionalization(Parent)	discordant	classified	Conservation	discordant
TD	Pbre1_16G040600	Pbre1_16G040800	Prupe.1G330900.1	8.299431666666667	0.0324628333333333	25.1041745	0.8445043624907431	0.8988651999814474	0.6647021719313895	0.5941061115532468	0.8380659812809853	0.5928502831417821	Specialization	Specialization	Specialization	Specialization	classified	Specialization	Specialization
TD	Pbre1_16G041000	Pbre1_16G041200	Prupe.1G330800.1	29.448016666666668	5.310540333333334	49.224586333333335	0.994924262297997	0.9050527578787844	0.9978997346326288	0.0217800377401909	1.044218070485443	0.1774973328035953	Neofunctionalization(Child)	Specialization	Conservation	discordant	classified	Specialization	discordant
TD	Pbre1_16G097200	Pbre1_16G097400	Prupe.1G295300.1														missing_expression_record		discordant
TD	Pbre1_16G116400	Pbre1_16G116600	Prupe.1G282500.1														missing_expression_record		discordant
TD	Pbre1_16G121400	Pbre1_16G121600	Prupe.1G280200.1	0.0	0.0	46.99621483333333			0.7107737867583349								all_zero_expression_profile	Specialization	discordant
TD	Pbre1_16G130200	Pbre1_16G130400	Prupe.1G275800.1	1.701285333333333	0.997252	0.9584098333333332	0.981476156509274	0.9994929613240174	0.8585628424304229	0.3886249756292422	0.4892292077663828	0.4256684519943302	Neofunctionalization(Child)	Specialization	Specialization	discordant	classified	Subfunctionalization	discordant
TD	Pbre1_16G131400	Pbre1_16G131600	Prupe.1G275300.1	0.3119953333333333	0.0526499999999999	100.65367016666669	0.9499290987627852	0.9812129900891357	0.6994071095855607	0.5667498545069551	1.0714286989331077	0.522173354472423	Specialization	Specialization	Specialization	Specialization	classified	Subfunctionalization	discordant
TD	Pbre1_16G149400	Pbre1_16G149600	Prupe.1G263400.1	6.755567	5.4347085	0.3138019999999999	0.5909219830234316	0.4854238254578732	0.9854800008203388	0.9862369895679164	1.0158047652851567	0.9966568478110952	Specialization	Specialization	Specialization	Specialization	classified	Conservation	discordant
TD	Pbre1_16G162200	Pbre1_16G162000	Prupe.1G255800.1														missing_expression_record		discordant
TD	Pbre1_16G172600	Pbre1_16G172800	Prupe.1G249900.1	5.7176155	23.12238	47.824436166666665	0.7186783810915489	0.8371378490217266	0.8676899085390085	0.634065034313008	0.6185983471409843	0.6057227755753333	Specialization	Neofunctionalization(Parent)	Neofunctionalization(Parent)	discordant	classified	Conservation	discordant
TD	Pbre1_16G178200	Pbre1_16G178000	Prupe.1G246700.1	2.187586	45.05850733333333	5.040951333333333	0.8824165877276077	0.8156366401065289	0.7745336684467515	0.3613108651947781	0.3700509224102595	0.368584427098913	Conservation	Specialization	Specialization	discordant	classified	Conservation	discordant
TD	Pbre1_16G182400	Pbre1_16G182600	Prupe.1G243700.1	1.604216833333333	10.771996166666666	25.142218166666662	0.4231003581698028	0.982036157082138	0.678160595364708	0.3541003063974569	0.9639016155759722	0.8616091591716362	Neofunctionalization(Child)	Specialization	Neofunctionalization(Child)	discordant	classified	Conservation	discordant
TD	Pbre1_16G184400	Pbre1_16G184600	Prupe.1G242500.1	10.206495	0.1096605	39.56100433333333	0.358027399904596	0.8928277310924371	0.2585718140241079	0.0855266088164678	0.5399269753925572	0.0882080517266268	Neofunctionalization(Child)	Neofunctionalization(Child)	Neofunctionalization(Child)	Neofunctionalization(Child)	classified	Conservation	discordant
TD	Pbre1_16G185600	Pbre1_16G185800	Prupe.1G241800.1	3.3981646666666667	0.0	102.22283466666669	0.3755147677729565		0.5488163617402531								all_zero_expression_profile	Subfunctionalization	discordant
TD	Pbre1_16G201200	Pbre1_16G201400	Prupe.1G232500.1	7.278400166666667	4.058343166666667	12.658406833333332	0.7839182894291921	0.7163920071212345	0.304020482716042	0.4356161850481191	0.459803207386173	0.3627232002751783	Subfunctionalization	Neofunctionalization(Child)	Conservation	discordant	classified	Conservation	discordant
TD	Pbre1_16G234800	Pbre1_16G235000	Prupe.1G211900.1	0.4751736666666666	3.4418333333333333	5.110413	0.6870293752771952	0.4188204836156003	0.9183874936680192	0.8268133328190085	0.6839637868185767	0.6948228603793047	Specialization	Specialization	Specialization	Specialization	classified	Subfunctionalization	discordant
TD	Pbre1_16G262800	Pbre1_16G263000	Prupe.1G115900.1	0.4654815	2.280876333333333	3.3583435	0.8430803657006152	0.548708720999405	0.6828326364214077	0.6335316311545318	0.3829144334874286	0.4095763135652766	Neofunctionalization(Parent)	Specialization	Specialization	discordant	classified	Subfunctionalization	discordant
TD	Pbre1_16G269800	Pbre1_16G270000	Prupe.1G122600.1	9.085423166666668	97.37934766666666	151.77947516666666	0.5142742186662695	0.2895540051594467	0.3651046159584385	0.3085680831412154	0.1671671016189286	0.1787191563817889	Conservation	Conservation	Conservation	Conservation	classified	Subfunctionalization	discordant
TD	Pbre1_16G286200	Pbre1_16G286400	Prupe.1G134500.1	20.294617666666667	13.814682333333334	34.1976495	0.996574588663672	0.99378520646882	0.783132565123735	1.0005692399831123	0.9872227476660488	0.9951439863492684	Specialization	Specialization	Specialization	Specialization	classified	Subfunctionalization	discordant
TD	Pbre1_16G287600	Pbre1_16G287800	Prupe.1G137000.1	50.47608433333333	2.7379125	141.2756658333333	0.7805009128428164	0.7432503193638109	0.6016748416210455	0.4713947512276459	0.3675402852905104	0.4543868564297208	Neofunctionalization(Parent)	Neofunctionalization(Child)	Conservation	discordant	classified	Subfunctionalization	discordant
TD	Pbre1_16G304000	Pbre1_16G304200	Prupe.1G146600.1	0.0025074999999999	4.215393499999999	38.563519	1.0	0.9548736864457414	0.7397347432365098	0.8960452490020623	0.4400410267210543	0.4394096476653939	Specialization	Specialization	Specialization	Specialization	classified	Subfunctionalization	discordant
TD	Pbre1_16G313400	Pbre1_16G313600	Prupe.1G151900.1	18.098154	0.979577	52.69861183333333	0.4183393696862036	0.4744384654413208	0.6893435390763786	0.3414529220979362	0.2081753274660447	0.3306579390292964	Conservation	Neofunctionalization(Child)	Neofunctionalization(Child)	discordant	classified	Conservation	discordant
TD	Pbre1_16G347400	Pbre1_16G347600	Prupe.1G026800.1	20.64876733333333	23.880724666666666	36.481816333333335	0.3101142806453385	0.5179559081014411	0.2011595381788418	0.0527048485628453	0.1183881674083631	0.0771521604898664	Conservation	Conservation	Conservation	Conservation	classified	Conservation	Conservation
TD	Pbre1_16G359200	Pbre1_16G359000	Prupe.1G036700.1	0.866672	14.001092666666668	7.128070833333333	0.974584761676871	0.5841420298106246	0.9958349804699445	0.1262562680101797	0.94834315543656	0.8988182785248308	Neofunctionalization(Child)	Neofunctionalization(Child)	Neofunctionalization(Child)	Neofunctionalization(Child)	classified	Subfunctionalization	discordant
TD	Pbre1_16G390600	Pbre1_16G390800	Prupe.1G060200.1														missing_expression_record		discordant
TD	Pbre1_16G412800	Pbre1_16G413000	Prupe.1G072000.1	12.0754	43.232658666666666	81.33308016666668	0.7168719787161316	0.4098644931488714	0.6974463930809522	0.20068913171036	0.1923595152345095	0.166351867854878	Conservation	Conservation	Conservation	Conservation	classified	Subfunctionalization	discordant
TD	Pbre1_16G482600	Pbre1_16G482800	Prupe.6G211700.1	2.4718353333333334	5.523394	3.4803065	0.8077226028937146	0.3786681087318467	0.8716555429074055	0.7515226381525426	0.5733876922649124	0.6080827937739298	Specialization	Specialization	Specialization	Specialization	classified	Conservation	discordant
TD	Pbre1_17G030000	Pbre1_17G030200	Prupe.3G300300.1	14.790795	6.415613333333333	8.402382	0.4775520147412496	0.3124567093091716	0.4530648882600346	0.2188339315216373	0.1722209362644098	0.1896022211595117	Conservation	Conservation	Conservation	Conservation	classified	Subfunctionalization	discordant
TD	Pbre1_17G051400	Pbre1_17G051600	Prupe.3G289200.1	31.823910833333333	0.1004261666666666	215.51971283333333	0.9789248382809368	0.7827167590027702	0.9161959849127256	1.1368074380946112	0.314505825690925	1.134099408104151	Neofunctionalization(Parent)	Neofunctionalization(Child)	Specialization	discordant	classified	Neofunctionalization(Child)	discordant
TD	Pbre1_17G093400	Pbre1_17G093600	Prupe.3G264200.1	4.259993	0.268239	28.822696666666666	0.7329395900405233	0.7914203643222618	0.5110531620037864	0.1895496045711393	0.2539849542341588	0.1897674018617526	Conservation	Neofunctionalization(Child)	Neofunctionalization(Child)	discordant	classified	Neofunctionalization(Child)	discordant
TD	Pbre1_17G099200	Pbre1_17G099400	Prupe.3G261300.1	189.491869	0.1515493333333333	8.2963865	0.5682608061313003	0.9780919435038592	0.8745391939179011	0.6493898084567912	1.0193756084449694	0.6494254865045109	Specialization	Neofunctionalization(Child)	Neofunctionalization(Child)	discordant	classified	Conservation	discordant
TD	Pbre1_17G099600	Pbre1_17G099800	Prupe.3G261200.1	3.3671033333333336	0.0	4.767970666666667	0.9173340728332828		0.5432740268421865								all_zero_expression_profile	Neofunctionalization(Child)	discordant
TD	Pbre1_17G112200	Pbre1_17G112400	Prupe.3G254600.1	11.299672	20.5290825	21.140284	0.4796710742408158	0.4005039231288915	0.3778002303087778	0.2277657149133033	0.1839082267836692	0.1814064808663922	Conservation	Conservation	Conservation	Conservation	classified	Conservation	Conservation
TD	Pbre1_17G123800	Pbre1_17G124000	Prupe.3G247600.1	0.1689615	0.3517198333333333	0.5873885	1.0	0.99785354835527	1.0	0.0	0.0150165437100534	0.0101436635285741	Conservation	Conservation	Conservation	Conservation	classified	Neofunctionalization(Parent)	discordant
TD	Pbre1_17G131200	Pbre1_17G131400	Prupe.3G243400.1	0.3521581666666666	1.2716005	1.3721611666666669	0.9805334837333266	0.9751064026087836	0.9611759196018556	0.0983514988015333	0.0732923646724454	0.0786174331253102	Conservation	Specialization	Neofunctionalization(Parent)	discordant	classified	Neofunctionalization(Parent)	discordant
TD	Pbre1_17G137000	Pbre1_17G137200	Prupe.3G240000.1														missing_expression_record		discordant
TD	Pbre1_17G138400	Pbre1_17G138600	Prupe.3G239500.1	0.0	5.674665833333333	3.821580833333333		0.5889312145496418	0.8857967485467944								all_zero_expression_profile	Neofunctionalization(Parent)	discordant
TD	Pbre1_17G159400	Pbre1_17G159600	Prupe.3G224800.1	0.7561578333333333	0.7174155	16.542909833333333	0.6970908633411315	0.7710280792949082	0.9524288020969912	0.4638041509815503	0.3896320719491724	0.4260552828307662	Neofunctionalization(Parent)	Specialization	Specialization	discordant	classified	Neofunctionalization(Child)	discordant
TD	Pbre1_17G159800	Pbre1_17G160000	Prupe.3G223900.1	3.8713258333333336	3.606236	6.298314833333333	0.3015887768773534	0.924638208835066	0.7204256384074836	0.3412866714260102	0.7077911016449104	0.410632111166175	Neofunctionalization(Child)	Neofunctionalization(Child)	Neofunctionalization(Child)	Neofunctionalization(Child)	classified	Neofunctionalization(Parent)	discordant
TD	Pbre1_17G163400	Pbre1_17G163600	Prupe.3G222200.1	1.0006493333333333	0.0742781666666666	7.097937666666667	0.9350368821015064	1.0	0.9576697765359204	0.9658581482408284	1.2988644029145728	0.988797815044	Specialization	Specialization	Specialization	Specialization	classified	Subfunctionalization	discordant
TD	Pbre1_17G168200	Pbre1_17G168400	Prupe.3G220000.1	0.9053801666666668	21.74945883333333	15.583381833333334	0.502368639034257	0.2306171192967855	0.4387832847587669	0.1731530580470237	0.1774271454431953	0.1729639052707944	Conservation	Neofunctionalization(Parent)	Neofunctionalization(Parent)	discordant	classified	Subfunctionalization	discordant
TD	Pbre1_17G170600	Pbre1_17G170800	Prupe.3G218500.1	10.169214666666663	0.0377266666666666	28.03296283333333	0.852716731000425	0.6705958019060982	0.7937346803855567	0.1483449586755925	0.5752140414555176	0.1466407172465798	Neofunctionalization(Child)	Neofunctionalization(Child)	Neofunctionalization(Child)	Neofunctionalization(Child)	classified	Subfunctionalization	discordant
TD	Pbre1_17G186800	Pbre1_17G187000	Prupe.3G209900.1	100.5275665	65.52439566666666	8955.762022666668	0.948364819743374	0.9500829383941992	0.9728263395000074	1.0271107845395144	1.0318627319161815	1.0289837979268055	Specialization	Conservation	Conservation	discordant	classified	Neofunctionalization(Parent)	discordant
TD	Pbre1_17G199800	Pbre1_17G200000	Prupe.3G201300.1	0.409805	2.3286555	38.950489833333336	0.8909845192522792	0.9525380951381524	0.966392752368811	0.3139027563600997	0.1005289684272274	0.1235989205742541	Conservation	Specialization	Specialization	discordant	classified	Neofunctionalization(Child)	discordant
TD	Pbre1_17G204000	Pbre1_17G204200	Prupe.3G198500.1	0.0593778333333333	1.8128043333333328	24.41531966666667	0.8602791061356626	0.7722474318999506	0.8762535031607411	0.3640958785090901	0.4743200947928229	0.4701548234395507	Neofunctionalization(Child)	Specialization	Specialization	discordant	classified	Neofunctionalization(Parent)	discordant
TD	Pbre1_17G218600	Pbre1_17G218800	Prupe.3G192000.1	50.264053	0.3458171666666667	101.9999825	0.481326753143647	0.5495530515225089	0.4274434221974894	0.2880255693420903	0.3364089724909606	0.2876649588564181	Conservation	Neofunctionalization(Child)	Neofunctionalization(Child)	discordant	classified	Neofunctionalization(Child)	discordant
TD	Pbre1_17G225800	Pbre1_17G226000	Prupe.3G187800.1	1.7958235	12.067124166666666	110.22855483333332	0.7716917077669315	0.954481642230378	0.5346880181518336	0.4126187782308862	0.5676381345471131	0.517636408303309	Specialization	Specialization	Specialization	Specialization	classified	Neofunctionalization(Child)	discordant
TD	Pbre1_17G244400	Pbre1_17G244600	Prupe.3G174600.1	0.3636401666666666	17.530463833333332	34.864831833333334	0.960941948596582	0.8201340629807055	0.7927018394665858	1.0194113190846583	0.7453084459986896	0.7499136164837832	Specialization	Specialization	Neofunctionalization(Parent)	Specialization	classified	Specialization	Specialization
TD	Pbre1_17G276000	Pbre1_17G276200	Prupe.3G031100.1	0.6774211666666667	0.2531758333333333	100.50220283333334	0.394625655495462	0.6491846850603554	0.417378924489364	0.1599602022508046	0.3551026202568936	0.1573051314262708	Conservation	Specialization	Specialization	discordant	classified	Specialization	discordant
TD	Pbre1_17G281400	Pbre1_17G281600	Prupe.3G028800.1	0.0	5.347511333333333	0.0		1.0									all_zero_expression_profile	Conservation	discordant
TD	Pbre1_17G299600	Pbre1_17G299800	Prupe.3G039500.1	0.0	0.2252256666666666	0.635493		0.8098305040702988	0.8723802699090466								all_zero_expression_profile	Neofunctionalization(Parent)	discordant
TD	Pbre1_17G328400	Pbre1_17G328600	Prupe.3G056600.1	6.957861833333333	10.950563333333331	79.41947533333334	0.7377620976548445	0.5025869244322811	0.5101937725280177	0.2808156225758387	0.3456971926773348	0.1761313886710886	Conservation	Neofunctionalization(Parent)	Neofunctionalization(Parent)	discordant	classified	Subfunctionalization	discordant
TD	Pbre1_17G361600	Pbre1_17G361800	Prupe.3G078400.1	22.270887833333333	0.5995291666666667	11.503228	0.8667905774615503	0.7673367789146781	0.7704191342870443	0.7242622000510401	0.5538106632108182	0.7196548844363791	Specialization	Specialization	Neofunctionalization(Child)	Specialization	classified	Subfunctionalization	discordant
TD	Pbre1_17G378600	Pbre1_17G378800	Prupe.3G088100.1	16.813839833333333	20.017559	57.37265816666667	0.70261357157465	0.4761575042396536	0.6169165074625665	0.216659119361279	0.2826536660178967	0.186768881773572	Conservation	Conservation	Conservation	Conservation	classified	Neofunctionalization(Child)	discordant
TD	Pbre1_17G384800	Pbre1_17G385000	Prupe.3G092100.1	21.000207	32.75046283333333	103.5803605	0.5218702988011834	0.4050625714118812	0.5316825475835386	0.2502291112331111	0.2233613926237469	0.2249489558734264	Conservation	Conservation	Conservation	Conservation	classified	Conservation	Conservation
TD	Pbre1_17G398200	Pbre1_17G398400	Prupe.3G097000.1	0.1700631666666666	23.437932166666663	20.672132166666668	0.9450668139066868	0.6517843296750951	0.7575197605716033	0.8064658418933949	0.3895896205873896	0.3921242369663011	Neofunctionalization(Parent)	Neofunctionalization(Parent)	Neofunctionalization(Parent)	Neofunctionalization(Parent)	classified	Neofunctionalization(Child)	discordant
TD	Pbre1_17G401400	Pbre1_17G401600	Prupe.3G100000.1	0.435068	1.8548963333333333	0.6819911666666667	0.9279817682485548	0.934149466035756	0.5556268035636253	0.5269988017566614	0.5130050575213136	0.5132494608719933	Specialization	Specialization	Specialization	Specialization	classified	Neofunctionalization(Child)	discordant
TD	Pbre1_17G404600	Pbre1_17G404800	Prupe.3G102000.1	3.685975	1.6007248333333333	1.7622761666666666	0.4002098215811369	0.6281639842732948	0.6341027569787472	0.1783923144904921	0.3102930125529974	0.2099751301082438	Conservation	Conservation	Conservation	Conservation	classified	Conservation	Conservation
TD	Pbre1_17G429800	Pbre1_17G430000	Prupe.3G131500.1	2.225565	1.1196944999999998	17.2431435	0.9963622139644044	0.9432757928235942	0.9859145715449212	0.0638113684399776	0.2283189804260069	0.0366727730704927	Conservation	Specialization	Specialization	discordant	classified	Neofunctionalization(Child)	discordant
TD	Pbre1_17G445800	Pbre1_17G446000	Prupe.3G148500.1	0.1043366666666666	0.1602066666666666	5.974624666666666	0.6379825474916508	0.7654184797965528	0.7656655264216139	0.5913613012852441	0.4978921244207072	0.4972617957936106	Specialization	Specialization	Specialization	Specialization	classified	Neofunctionalization(Parent)	discordant
TD	Pbre1_17G448800	Pbre1_17G449000	Prupe.3G150300.1	0.0498233333333333	5.589764833333334	13.661010833333332	0.9283314476296932	0.1308644741984493	0.6391964531595035	0.4576864499054281	0.2502179283051225	0.245171360899731	Neofunctionalization(Parent)	Neofunctionalization(Parent)	Neofunctionalization(Parent)	Neofunctionalization(Parent)	classified	Conservation	discordant
TD	Pbre1_17G476000	Pbre1_17G476200	Prupe.3G166400.1	0.6411531666666667	0.2411685	0.2302953333333333	0.5884372948233076	0.6933825125515541	0.6585745072685241	0.2236147103624624	0.2525164117461378	0.1910559963429909	Conservation	Neofunctionalization(Parent)	Neofunctionalization(Parent)	discordant	classified	Conservation	discordant
TD	Pbre1_17G476600	Pbre1_17G476800	Prupe.3G017700.1	1.0126868333333332	19.19531083333333	7.203410166666667	0.7717375683199246	0.9519824207331844	0.9289377927336347	0.6035134054825362	0.9978714889679084	0.9773098281491048	Specialization	Specialization	Neofunctionalization(Parent)	Specialization	classified	Neofunctionalization(Child)	discordant
PD	Pbre1_01G046200	Pbre1_01G046600	Prupe.6G161400.1	63.7414755	0.0	200.36442416666665	0.4854207496163411		0.5177549590936403								all_zero_expression_profile	Subfunctionalization	discordant
PD	Pbre1_01G080800	Pbre1_01G081400	Prupe.6G185700.1	14.267396833333333	0.7507126666666667	8.4413925	0.6762461422929082	0.9531095248992478	0.8676344952657541	0.5384259684958301	0.9160863293928692	0.5415627955816842	Specialization	Neofunctionalization(Child)	Neofunctionalization(Child)	discordant	classified	Subfunctionalization	discordant
PD	Pbre1_01G118800	Pbre1_01G119200	Prupe.2G159500.1	0.0	10.3420695	22.333695833333334		0.2234526379600728	0.6067463707689557								all_zero_expression_profile	Neofunctionalization(Parent)	discordant
PD	Pbre1_01G134000	Pbre1_01G132800	Prupe.2G164900.1	0.6319543333333333	34.99848183333333	1.132424	0.356076764282018	0.9980986432154668	0.7719507159045629	0.4895895842684357	0.955777591518441	0.940334185253784	Specialization	Specialization	Specialization	Specialization	classified	Subfunctionalization	discordant
PD	Pbre1_01G137400	Pbre1_01G138000	Prupe.2G167300.1	6.278369333333333	6.6635816666666665	18.823474666666662	0.5465740346280817	0.3658841819731716	0.7171213362273343	0.4128237860934078	0.3543420032048008	0.3595729372826164	Neofunctionalization(Parent)	Conservation	Conservation	discordant	classified	Subfunctionalization	discordant
PD	Pbre1_01G138600	Pbre1_01G139000	Prupe.2G167900.1	38.68984283333333	10.153371166666666	5.9521543333333335	0.3143988970494263	0.2512520988360517	0.5741795475641528	0.197057921195664	0.173041271940884	0.1901231252125719	Conservation	Conservation	Conservation	Conservation	classified	Neofunctionalization(Child)	discordant
PD	Pbre1_01G141200	Pbre1_01G142200	Prupe.2G170000.1	0.8739453333333334	3.8051251666666666	15.414201166666668	0.6522853683987329	0.4796548956851232	0.370898313552584	0.3129735467318203	0.2190205055874533	0.1849232670994981	Conservation	Neofunctionalization(Parent)	Neofunctionalization(Parent)	discordant	classified	Neofunctionalization(Child)	discordant
PD	Pbre1_01G145600	Pbre1_01G146000	Prupe.2G171100.1	4.470214833333333	0.062815	13.847248166666668	0.6615899636520434	0.874551946566039	0.5056483029860424	0.2420249280157003	0.6747828599116853	0.2353583128802724	Neofunctionalization(Child)	Neofunctionalization(Child)	Neofunctionalization(Child)	Neofunctionalization(Child)	classified	Neofunctionalization(Child)	Neofunctionalization(Child)
PD	Pbre1_01G146400	Pbre1_01G147000	Prupe.2G171300.1	9.495538666666668	9.984045	67.6718455	0.3542965443759086	0.3163429353998322	0.223132807430051	0.1764228949152908	0.1460467536292857	0.1436343335216831	Conservation	Conservation	Conservation	Conservation	classified	Neofunctionalization(Parent)	discordant
PD	Pbre1_01G146600	Pbre1_01G147200	Prupe.2G171400.1	0.841514	0.2247455	42.0904255	0.8293164750631561	0.9893460222936824	0.6155402986490841	0.4137345192409857	0.7267890564514908	0.4561932561963664	Specialization	Specialization	Specialization	Specialization	classified	Subfunctionalization	discordant
PD	Pbre1_01G155400	Pbre1_01G155800	Prupe.2G176900.1	3.5316405	0.5111416666666667	50.0016085	0.9135734157393725	0.6086329922570904	0.9936616479216768	0.3607228743775352	0.7368995558465469	0.4049463327912788	Neofunctionalization(Child)	Specialization	Specialization	discordant	classified	Subfunctionalization	discordant
PD	Pbre1_01G155600	Pbre1_01G156200	Prupe.2G177000.1	0.3790393333333333	2.0000511666666667	1.662931333333333	0.756324547884274	0.527210526419066	0.6035414767411623	0.4585864968668933	0.2219533408793388	0.2412000035738935	Neofunctionalization(Parent)	Specialization	Specialization	discordant	classified	Conservation	discordant
PD	Pbre1_01G200400	Pbre1_01G199200	Prupe.2G203500.1	0.0203776666666666	0.8028671666666667	0.4899443333333333	0.8293734275061384	0.9877880868979312	0.7192924620091605	0.6961861367095882	0.9900656643725184	0.9669802579690936	Specialization	Specialization	Specialization	Specialization	classified	Subfunctionalization	discordant
PD	Pbre1_01G232600	Pbre1_01G233000	Prupe.2G220700.1	12.042641333333334	6.261301	27.572754333333336	0.5940201633639735	0.7197543893043044	0.7761678458738284	0.2258858091370659	0.1987800570834755	0.2085608268300596	Conservation	Conservation	Conservation	Conservation	classified	Conservation	Conservation
PD	Pbre1_01G236200	Pbre1_01G236800	Prupe.2G224300.1	2.0675088333333336	1.6670523333333334	7.322985666666667	0.2677311996080053	0.3020169868058457	0.5789252578663897	0.1575727988683881	0.1409640872886296	0.1426974907005608	Conservation	Neofunctionalization(Child)	Conservation	discordant	classified	Subfunctionalization	discordant
PD	Pbre1_01G298600	Pbre1_01G299000	Prupe.2G260000.1	0.0	2.395896833333333	1.3013008333333334		0.9713015468673836	0.8743227209581358								all_zero_expression_profile	Conservation	discordant
PD	Pbre1_01G304800	Pbre1_01G306200	Prupe.2G263500.1	0.0	1.6861913333333334	15.260265		0.3603709517662284	0.7785382380147856								all_zero_expression_profile	Conservation	discordant
PD	Pbre1_01G323600	Pbre1_01G325200	Prupe.2G274000.1	8.7687015	1.6879255	75.55478183333334	0.6090778941570523	0.4348117828168828	0.3477576046281522	0.2091004430522932	0.1633889938378062	0.1966879968538274	Conservation	Neofunctionalization(Child)	Conservation	discordant	classified	Conservation	discordant
PD	Pbre1_01G323800	Pbre1_01G325400	Prupe.2G274100.1	0.4662211666666666	1.0543295	2.571023	0.797048295254023	0.8685584992970072	0.6752928619242763	0.4657933445361015	0.507013896723046	0.4787777840345832	Specialization	Specialization	Subfunctionalization	Specialization	classified		discordant
PD	Pbre1_01G325600	Pbre1_01G324000	Prupe.2G274500.1	4.411912166666666	3.289061833333333	89.119372	0.5724120133618779	0.5660470852334859	0.6803187973913767	0.4218954738186201	0.3968866387727414	0.4104128295129935	Specialization	Specialization	Conservation	Specialization	classified	Specialization	Specialization
PD	Pbre1_01G325600	Pbre1_01G326200	Prupe.2G274500.1	4.411912166666666	9.586877	89.119372	0.5724120133618779	0.5382301692428856	0.6803187973913767	0.4218954738186201	0.4326068219222431	0.4276319947823541	Specialization	Neofunctionalization(Parent)	Conservation	discordant	classified	Subfunctionalization	discordant
PD	Pbre1_01G353000	Pbre1_01G353400	Prupe.2G288800.1	29.818770833333332	64.27533016666666	1837.159353666667	0.9956515654349816	0.9490573539046292	0.799404436569806	1.082797410116652	0.8974078783437686	0.9549317949737414	Specialization	Specialization	Specialization	Specialization	classified	Subfunctionalization	discordant
PD	Pbre1_01G368800	Pbre1_01G369400	Prupe.2G295900.1	8.339852666666667	37.47192183333333	78.08069633333334	0.8241977938128227	0.4747777846752393	0.6527250975931579	0.615157122087346	0.1622169232959273	0.1837018651240736	Neofunctionalization(Parent)	Neofunctionalization(Parent)	Neofunctionalization(Parent)	Neofunctionalization(Parent)	classified	Specialization	discordant
PD	Pbre1_01G382400	Pbre1_01G382800	Prupe.2G303000.1	122.40673983333332	0.0	27.293280166666666	0.5386311854750657		0.6956634207070851								all_zero_expression_profile	Specialization	discordant
PD	Pbre1_01G386800	Pbre1_01G387600	Prupe.2G304900.1	1.6530848333333332	0.2697873333333333	3.2388573333333333	0.4785557744944221	0.9434914718953256	0.8994813915827577	0.4909245655451611	0.9879301908259148	0.5275058239430498	Specialization	Specialization	Specialization	Specialization	classified	Neofunctionalization(Child)	discordant
PD	Pbre1_01G426400	Pbre1_01G426800	Prupe.2G325300.1	0.5425365	28.48086333333333	111.596582	0.7489621631732637	0.1736002896752381	0.3181330631773624	0.458874836823912	0.1240213994038646	0.1212427557622673	Neofunctionalization(Parent)	Neofunctionalization(Parent)	Neofunctionalization(Parent)	Neofunctionalization(Parent)	classified	Conservation	discordant
PD	Pbre1_01G431800	Pbre1_01G432400	Prupe.2G328200.1	46.906070166666666	15.895645333333333	34.51599866666667	0.7256842194107135	0.7479727255247026	0.5194885668662822	0.2886023324418168	0.3194786498542095	0.2963299481235778	Conservation	Conservation	Conservation	Conservation	classified	Conservation	Conservation
PD	Pbre1_01G432000	Pbre1_01G432600	Prupe.2G328300.1	161.16904766666667	0.999185	9.858538833333334	0.6019894804886644	0.7964557415317842	0.2572066324091017	0.3144031484386271	0.4112754729904434	0.3132628547370884	Neofunctionalization(Child)	Neofunctionalization(Child)	Neofunctionalization(Child)	Neofunctionalization(Child)	classified	Subfunctionalization	discordant
PD	Pbre1_01G432200	Pbre1_01G432800	Prupe.2G328400.1	1.6556616666666666	42.634343666666666	89.51506066666667	0.5537601430657324	0.6812781130131735	0.2781186840245391	0.1567225443753106	0.282322525804386	0.2672792251882329	Conservation	Neofunctionalization(Parent)	Conservation	discordant	classified	Subfunctionalization	discordant
PD	Pbre1_02G015400	Pbre1_02G015800	Prupe.7G264800.1	1.445999	2.5060731666666665	4.180895333333333	0.5526892029364772	0.9031992005008912	0.4119811022771163	0.3649821987682525	0.6847421229832453	0.5522970292534787	Neofunctionalization(Child)	Specialization	Specialization	discordant	classified	Conservation	discordant
PD	Pbre1_02G015600	Pbre1_02G016000	Prupe.7G264700.1	16.980472666666667	58.58101416666667	53.14693416666667	0.496657112179205	0.6743335671008921	0.4315482439262	0.0888004287931103	0.3399406495596078	0.2571508088481983	Conservation	Conservation	Conservation	Conservation	classified	Conservation	Conservation
PD	Pbre1_02G020400	Pbre1_02G020800	Prupe.7G261400.1	0.0	0.0	12.563522166666669			0.6223526766669621								all_zero_expression_profile		discordant
PD	Pbre1_02G038200	Pbre1_02G038600	Prupe.7G257000.1	36.38997016666666	0.5953036666666667	14.316199333333332	0.2741548900194417	0.9003215914287033	0.5329646580870231	0.2622075036056466	0.712432310074264	0.2658546572180285	Neofunctionalization(Child)	Neofunctionalization(Child)	Neofunctionalization(Child)	Neofunctionalization(Child)	classified	Subfunctionalization	discordant
PD	Pbre1_02G060800	Pbre1_02G062400	Prupe.7G242300.1	0.4547421666666666	1.1148563333333334	1.0476193333333332	0.5130082498341346	0.2935064882266011	0.4754593709836378	0.207267781976147	0.2194436998810938	0.200327945456184	Conservation	Specialization	Specialization	discordant	classified	Neofunctionalization(Parent)	discordant
PD	Pbre1_02G093600	Pbre1_02G092400	Prupe.7G227300.1	14.933103666666668	129.1402503333333	63.44377716666667	0.0939542312209427	0.7303182859395383	0.6595310435950064	0.2452467990898243	0.2893930715224569	0.2629877494503054	Conservation	Conservation	Conservation	Conservation	classified	Subfunctionalization	discordant
PD	Pbre1_02G151200	Pbre1_02G151800	Prupe.7G193900.1	27.05701533333333	6.814632333333333	76.19440733333333	0.4354826062172302	0.9812467526644968	0.819139585586206	0.4620204688656876	0.9987094096153142	0.5002682516080731	Specialization	Neofunctionalization(Child)	Neofunctionalization(Child)	discordant	classified	Subfunctionalization	discordant
PD	Pbre1_02G151200	Pbre1_02G152200	Prupe.7G193900.1	27.05701533333333	5.3155965	76.19440733333333	0.4354826062172302	0.7236361170558638	0.819139585586206	0.4620204688656876	0.4778491729989089	0.4300348399924463	Specialization	Neofunctionalization(Child)	Neofunctionalization(Child)	discordant	classified	Subfunctionalization	discordant
PD	Pbre1_02G164800	Pbre1_02G165200	Prupe.7G187600.1	50.98349483333333	0.1484713333333333	255.7396313333333	0.3902495421178759	0.9211504841680872	0.5671453251228044	0.2298522361371485	0.634471350740684	0.2291539907512295	Neofunctionalization(Child)	Neofunctionalization(Child)	Neofunctionalization(Child)	Neofunctionalization(Child)	classified	Subfunctionalization	discordant
PD	Pbre1_02G172800	Pbre1_02G173200	Prupe.7G182100.1	53.53617716666667	10.0576375	72.96951016666667	0.3467219860026806	0.5675395486749719	0.3721611616126802	0.1283877148601187	0.1197242644839715	0.117450571304244	Conservation	Conservation	Conservation	Conservation	classified	Conservation	Conservation
PD	Pbre1_02G200600	Pbre1_02G201000	Prupe.7G168200.1	0.2301153333333333	139.8397775	43.374085666666666	0.9534747107904318	0.9908936655812578	0.7658048666750921	0.4791348199690009	1.0929232716881347	1.091039605791286	Specialization	Specialization	Specialization	Specialization	classified	Conservation	discordant
PD	Pbre1_02G218200	Pbre1_02G218800	Prupe.7G158500.1	17.553137833333334	0.59747	9.846406166666666	1.0	0.8556836894888928	0.9984062101538462	0.0107780448519771	0.5294006405921106	0.0130233450658317	Neofunctionalization(Child)	Neofunctionalization(Child)	Neofunctionalization(Child)	Neofunctionalization(Child)	classified	Conservation	discordant
PD	Pbre1_02G241200	Pbre1_02G241600	Prupe.7G146300.1	0.0	0.0	19.045632333333334			0.8015437565972402								all_zero_expression_profile	Specialization	discordant
PD	Pbre1_02G245000	Pbre1_02G245400	Prupe.7G144300.1	4.646012833333334	3.1837193333333333	3.335364	0.4320241147508624	0.3879639389176361	0.5846949660719828	0.2371012359372535	0.2263554433186162	0.226101556118366	Conservation	Conservation	Conservation	Conservation	classified	Subfunctionalization	discordant
PD	Pbre1_02G271200	Pbre1_02G271600	Prupe.6G230400.1	701.5199745	59.37009883333333	689.146288	0.5477947003413293	0.7711893263083391	0.4220112958156067	0.2478517596589649	0.4169392456205475	0.2566498431806246	Neofunctionalization(Child)	Conservation	Conservation	discordant	classified	Conservation	discordant
PD	Pbre1_02G271400	Pbre1_02G272200	Prupe.6G230300.1														missing_expression_record		discordant
PD	Pbre1_02G273000	Pbre1_02G271800	Prupe.6G229800.1	89.71349083333332	7.290424333333333	31.582145166666667	0.6817813685084699	0.3889253404173695	0.2560500179805575	0.3636451248810872	0.1403402322335218	0.3424767561221001	Conservation	Conservation	Conservation	Conservation	classified	Specialization	discordant
PD	Pbre1_02G279400	Pbre1_02G279800	Prupe.6G225000.1	48.812189333333336	0.0046326666666666	129.47740933333333	0.5034748756705145	1.0	0.7869578117994054	0.3261601455062389	1.0271419467382856	0.3261924467577674	Neofunctionalization(Child)	Specialization	Neofunctionalization(Child)	discordant	classified	Specialization	discordant
PD	Pbre1_02G375800	Pbre1_02G377000	Prupe.2G104100.1	0.2175041666666667	0.0	19.2730475	1.0		0.5725296072991234								all_zero_expression_profile	Conservation	discordant
PD	Pbre1_02G377200	Pbre1_02G376000	Prupe.2G103400.1	1.0732761666666668	1.214906	5.676897833333333	1.0	0.9915006038798476	0.9117954623087222	0.3580781186869367	0.3146206446382353	0.3349065198301743	Conservation	Specialization	Specialization	discordant	classified	Subfunctionalization	discordant
PD	Pbre1_02G377400	Pbre1_02G376200	Prupe.2G103300.1	1.5199481666666663	2.1725256666666666	15.807870833333332	0.9395523145721308	0.9480705398020168	0.8044407897995036	0.4080857641359277	0.3730266650580435	0.3775912752998595	Neofunctionalization(Parent)	Specialization	Subfunctionalization	discordant	classified	Conservation	discordant
PD	Pbre1_02G377800	Pbre1_02G376400	Prupe.2G102800.1	0.1525448333333333	0.2793206666666666	1.1991268333333334	0.4386082688628233	0.5783284214352882	0.6928740266399762	0.3551083872934681	0.382717321011347	0.3649620131696639	Conservation	Specialization	Specialization	discordant	classified	Conservation	discordant
PD	Pbre1_02G377200	Pbre1_02G378000	Prupe.2G103400.1	1.0732761666666668	0.5242273333333334	5.676897833333333	1.0	0.9980784039190724	0.9117954623087222	0.3580781186869367	0.3482102991714375	0.3548323538656365	Conservation	Specialization	Specialization	discordant	classified	Subfunctionalization	discordant
PD	Pbre1_02G377400	Pbre1_02G378400	Prupe.2G103300.1	1.5199481666666663	0.1274981666666666	15.807870833333332	0.9395523145721308	0.9728371709061104	0.8044407897995036	0.4080857641359277	0.4461867482564744	0.4080456178415991	Specialization	Specialization	Specialization	Specialization	classified	Subfunctionalization	discordant
PD	Pbre1_02G379400	Pbre1_02G380200	Prupe.2G103400.1	0.0847656666666666	0.3698723333333333	5.676897833333333	0.9727609247836936	0.9919095187840696	0.9117954623087222	0.2662831079321334	0.3218713638724043	0.3093004205902325	Conservation	Specialization	Specialization	discordant	classified	Specialization	discordant
PD	Pbre1_02G384800	Pbre1_02G385400	Prupe.2G097500.1														missing_expression_record		discordant
PD	Pbre1_02G395800	Pbre1_02G396600	Prupe.2G088300.1	7.243828333333333	60.032029	26.051853166666668	0.3389658013890706	0.8381068558438372	0.9070719504266818	0.5073962970529821	0.8573565873752451	0.8132843721044271	Specialization	Conservation	Conservation	discordant	classified	Neofunctionalization(Child)	discordant
PD	Pbre1_02G412400	Pbre1_02G412800	Prupe.2G065900.1	0.1123774999999999	5.824368333333333	49.09691133333333	0.7935910263519541	0.7898062067232361	0.6733519892756564	0.6677908508013467	0.3406500085891253	0.3357402587411049	Neofunctionalization(Parent)	Neofunctionalization(Parent)	Neofunctionalization(Parent)	Neofunctionalization(Parent)	classified	Neofunctionalization(Parent)	Neofunctionalization(Parent)
PD	Pbre1_02G419800	Pbre1_02G420800	Prupe.2G061100.1	0.0588166666666666	0.1105723333333333	82.7385265	0.8012632126050088	0.8322183293788944	0.4744008575622596	0.3020574512867817	0.531635349222605	0.419070127514989	Neofunctionalization(Child)	Specialization	Specialization	discordant	classified	Subfunctionalization	discordant
PD	Pbre1_02G421200	Pbre1_02G422400	Prupe.2G061000.1	39.42734166666666	13.630999666666668	33.57728783333333	0.3832661148847253	0.5342044049348947	0.2562508894621628	0.1713449606179914	0.2005708282383736	0.1691969761263562	Conservation	Conservation	Conservation	Conservation	classified	Neofunctionalization(Child)	discordant
PD	Pbre1_02G422000	Pbre1_02G422800	Prupe.2G060200.1	0.2860216666666667	5.696587666666667	2.3909985	0.8835346282966103	0.674919959901026	0.6689647730864989	0.5286820559551845	0.4682012344322471	0.4483155658160009	Specialization	Specialization	Specialization	Specialization	classified	Specialization	Specialization
PD	Pbre1_02G436800	Pbre1_02G437600	Prupe.2G047500.1	6.664384166666666	15.228582666666666	6.514409833333334	0.98266440342823	0.9696518378694144	0.922922122862598	0.2805173916213036	0.215291207416003	0.2346309284185468	Conservation	Specialization	Specialization	discordant	classified	Neofunctionalization(Parent)	discordant
PD	Pbre1_02G437000	Pbre1_02G438000	Prupe.2G047400.1	20.234327333333333	1.5629803333333334	13.444870833333333	0.7770292821935062	0.8992363753454111	0.9185721391625474	0.315737729797958	0.2739359712015122	0.2882699718067076	Conservation	Neofunctionalization(Child)	Neofunctionalization(Child)	discordant	classified	Conservation	discordant
PD	Pbre1_02G478600	Pbre1_02G480000	Prupe.2G023300.1	4.949063	23.728983166666666	21.2129075	0.4300666377735742	0.4638679610626441	0.2756642598208286	0.1796578886647212	0.1810108408457466	0.1547179871152026	Conservation	Conservation	Conservation	Conservation	classified	Subfunctionalization	discordant
PD	Pbre1_03G048600	Pbre1_03G049200	Prupe.6G028200.1	0.1724028333333333	0.0357111666666666	11.935531666666666	0.9578963259077568	1.0	0.8547262025055125	0.3708369766705428	0.5504419002641455	0.3993238717814151	Neofunctionalization(Child)	Specialization	Specialization	discordant	classified	Neofunctionalization(Child)	discordant
PD	Pbre1_03G057600	Pbre1_03G058000	Prupe.6G033200.1	10.728175	0.2135814999999999	7.0929400000000005	0.3237892285195365	0.819152499305315	0.4999903447261726	0.2138964306346386	0.5256941489828701	0.2147807799230274	Neofunctionalization(Child)	Neofunctionalization(Child)	Neofunctionalization(Child)	Neofunctionalization(Child)	classified	Neofunctionalization(Parent)	discordant
PD	Pbre1_03G063600	Pbre1_03G064200	Prupe.6G036500.1	4.4869251666666665	0.2188315	23.7517075	0.94386497286048	0.7291608916971328	0.717410533879468	0.4489452236951769	0.3053302744008089	0.4292356273202989	Neofunctionalization(Parent)	Specialization	Specialization	discordant	classified	Neofunctionalization(Parent)	discordant
PD	Pbre1_03G084600	Pbre1_03G085000	Prupe.6G046800.1	0.0	0.0071993333333333	64.016345		1.0	0.7650250797539188								all_zero_expression_profile	Subfunctionalization	discordant
PD	Pbre1_03G113600	Pbre1_03G114400	Prupe.6G061500.1	51.45162366666666	7.450135666666667	75.52110716666667	0.7565132450602745	0.8659703183790395	0.7530936674798154	0.202456489032058	0.2478362337125435	0.1973491336490263	Conservation	Conservation	Conservation	Conservation	classified	Subfunctionalization	discordant
PD	Pbre1_03G113800	Pbre1_03G114600	Prupe.6G061600.1	7.987648166666666	6.5720655	75.1940215	0.3621296076225647	0.5536270908722538	0.3500969733191177	0.1599046013999553	0.1963835132921602	0.1574179277752134	Conservation	Conservation	Conservation	Conservation	classified	Neofunctionalization(Child)	discordant
PD	Pbre1_03G114200	Pbre1_03G114800	Prupe.6G061700.1														missing_expression_record		discordant
PD	Pbre1_03G138000	Pbre1_03G139600	Prupe.6G077800.1	1091.277308	156.04956816666666	963.8263408333332	0.9285907868609864	0.8142993747084736	0.5578553628400277	0.8009400150252363	0.4297035920556279	0.7017303370447668	Specialization	Neofunctionalization(Child)	Neofunctionalization(Child)	discordant	classified		discordant
PD	Pbre1_03G152800	Pbre1_03G153200	Prupe.6G085800.1	9.4189075	2.4281865	52.935809	0.510319997017386	0.5393287546092769	0.535223829830199	0.2728939201924178	0.3724227810042511	0.2924700755071919	Conservation	Neofunctionalization(Child)	Neofunctionalization(Child)	discordant	classified	Neofunctionalization(Child)	discordant
PD	Pbre1_03G162000	Pbre1_03G162600	Prupe.6G090400.1	21.66859	1.244389	39.08195666666667	0.876842414197936	0.6018467735539336	0.4889929148604518	0.4133662742554295	0.2470637903869481	0.3787772827034757	Neofunctionalization(Parent)	Neofunctionalization(Child)	Neofunctionalization(Child)	discordant	classified	Subfunctionalization	discordant
PD	Pbre1_03G170400	Pbre1_03G171200	Prupe.6G095200.1	280.6827471666667	172.59504766666666	566.2316385	0.7121606754268754	0.7977031594356185	0.506545521898216	0.3715425225450284	0.4679746819055229	0.4070217555519116	Neofunctionalization(Child)	Conservation	Conservation	discordant	classified	Subfunctionalization	discordant
PD	Pbre1_03G195800	Pbre1_03G196200	Prupe.6G110900.1	1.2756461666666667	0.0076591666666666	6.394173	0.9252915638676872	1.0	0.8752196614279434	0.2606995260464285	0.4380377440028356	0.26079017477387	Neofunctionalization(Child)	Specialization	Specialization	discordant	classified	Subfunctionalization	discordant
PD	Pbre1_03G222400	Pbre1_03G222800	Prupe.6G127300.1	12.0949545	3.6383121666666662	2.7328123333333334	0.4690139361803553	0.350459019430201	0.728007610888983	0.1792923810339995	0.3351481903979205	0.2150702541382908	Conservation	Specialization	Conservation	discordant	classified	Specialization	discordant
PD	Pbre1_03G235600	Pbre1_03G236200	Prupe.6G137300.1	29.92532583333333	5.3619565	16.879252	0.8381957640852502	0.9563789540513667	0.6986362901777986	0.3788593856727393	0.5178770598589891	0.2505255191603507	Neofunctionalization(Child)	Specialization	Specialization	discordant	classified	Neofunctionalization(Parent)	discordant
PD	Pbre1_03G238600	Pbre1_03G239200	Prupe.6G139200.1	148.940373	210.177823	106.1314985	0.6540071953819184	0.562788096235062	0.6357097605919166	0.2851044924766455	0.2056220260540344	0.2353561837148148	Conservation	Conservation	Conservation	Conservation	classified	Conservation	Conservation
PD	Pbre1_03G279200	Pbre1_03G279800	Prupe.4G255700.1	10.609437666666668	6.664548	11.470811833333334	0.5379456746585588	0.5471211092477285	0.4385067157858877	0.1456117819917186	0.2288693758408584	0.1088095280194777	Conservation	Conservation	Conservation	Conservation	classified	Conservation	Conservation
PD	Pbre1_03G296600	Pbre1_03G297600	Prupe.4G243400.1	9.280629833333334	4.679307333333333	22.616472166666668	0.4072756705383383	0.4775090237889889	0.6184587120562474	0.2728439980611865	0.21436232453457	0.2507139415756715	Conservation	Conservation	Conservation	Conservation	classified	Neofunctionalization(Child)	discordant
PD	Pbre1_03G408200	Pbre1_03G408800	Prupe.4G159700.1	52.32811566666666	47.68771766666666	275.0289563333333	0.9385716633510596	0.9821797269063528	0.9185667735566	0.7126437807851812	0.976197553597286	0.8374919800762402	Specialization	Specialization	Specialization	Specialization	classified	Conservation	discordant
PD	Pbre1_03G426200	Pbre1_03G426800	Prupe.8G235100.1	10.8329675	1.3423866666666666	43.298342833333336	0.4408545136723506	0.9664581865418688	0.4884466483417776	0.1140750370994177	0.8020928946160136	0.1436897480693751	Neofunctionalization(Child)	Neofunctionalization(Child)	Neofunctionalization(Child)	Neofunctionalization(Child)	classified	Specialization	discordant
PD	Pbre1_03G426200	Pbre1_03G427000	Prupe.8G235100.1	10.8329675	1.2663186666666666	43.298342833333336	0.4408545136723506	0.5456951703339337	0.4884466483417776	0.1140750370994177	0.2793909125828007	0.1091449664589654	Conservation	Neofunctionalization(Child)	Neofunctionalization(Child)	discordant	classified	Subfunctionalization	discordant
PD	Pbre1_04G018200	Pbre1_04G016400	Prupe.1G010400.1	494.5494771666667	439.85837633333335	842.3341508333333	0.4941704724117408	0.5313480844588906	0.6537763245768341	0.2671747364997769	0.2803516001941266	0.2703626657750121	Conservation	Conservation	Conservation	Conservation	classified	Neofunctionalization(Child)	discordant
PD	Pbre1_04G041600	Pbre1_04G042000	Prupe.1G176800.1														missing_expression_record		discordant
PD	Pbre1_04G041600	Pbre1_04G042200	Prupe.1G176800.1														missing_expression_record		discordant
PD	Pbre1_04G043600	Pbre1_04G044000	Prupe.1G176900.1	0.8307506666666666	17.595754333333332	143.71741699999998	0.6919709665895628	0.4301414168932561	0.3703249620412182	0.3722629011703945	0.121180775310037	0.1141728105507053	Conservation	Neofunctionalization(Parent)	Neofunctionalization(Parent)	discordant	classified	Subfunctionalization	discordant
PD	Pbre1_04G065600	Pbre1_04G066200	Prupe.1G194700.1	1.6054508333333333	7.3875905	28.326183333333333	0.52767555181604	0.6037963683875927	0.67653546186262	0.2611518411253871	0.1340730215904511	0.1498051261003329	Conservation	Neofunctionalization(Parent)	Conservation	discordant	classified	Neofunctionalization(Parent)	discordant
PD	Pbre1_04G158200	Pbre1_04G158600	Prupe.6G232300.1	58.8683705	0.0	3.9933871666666665	0.8238501505397158		0.5775905754559945								all_zero_expression_profile	Conservation	discordant
PD	Pbre1_04G183000	Pbre1_04G183400	Prupe.6G244400.1	3.297334333333333	1.8836428333333333	27.563051166666668	0.4849898326842744	0.6835946235040983	0.5400553153276355	0.1518076754285789	0.2677267540832853	0.1458976349292125	Conservation	Neofunctionalization(Child)	Neofunctionalization(Child)	discordant	classified	Neofunctionalization(Child)	discordant
PD	Pbre1_04G184200	Pbre1_04G185200	Prupe.6G244700.1	3.0809835	4.636395	317.67912183333334	0.9847712314694412	0.6368123981414935	0.959547339020158	0.1123717995923926	0.919994354170635	0.510798626177857	Neofunctionalization(Child)	Subfunctionalization	Subfunctionalization	discordant	classified	Subfunctionalization	discordant
PD	Pbre1_04G197600	Pbre1_04G199400	Prupe.6G250900.1	0.3457871666666666	0.0168578333333333	0.5415801666666666	0.9573231804850092	0.858615859729652	0.5558477060055484	0.7381727599622366	0.5632651234562044	0.7278842362556901	Specialization	Specialization	Specialization	Specialization	classified	Neofunctionalization(Child)	discordant
PD	Pbre1_04G206000	Pbre1_04G206600	Prupe.6G254400.1	7.849341666666667	25.5339565	5.230739	0.9938293057654888	0.9951893724487488	0.9485093471109586	1.2563267347988183	1.2590563929963223	1.258396520257141	Specialization	Specialization	Specialization	Specialization	classified	Neofunctionalization(Parent)	discordant
PD	Pbre1_04G217000	Pbre1_04G215800	Prupe.6G260200.1	5.061045	3.576766166666667	17.66297266666667	0.7236810721300063	0.6689518834547604	0.763052177904477	0.5363422204965741	0.4784799363032928	0.5087956818817053	Specialization	Specialization	Specialization	Specialization	classified	Neofunctionalization(Child)	discordant
PD	Pbre1_04G222000	Pbre1_04G222400	Prupe.6G263000.1	0.0038188333333333	0.0	6.3563686666666666	1.0		0.5460440281838401								all_zero_expression_profile	Subfunctionalization	discordant
PD	Pbre1_04G226800	Pbre1_04G227200	Prupe.6G264900.1	0.501798	10.261327166666666	484.15535216666666	0.9806890824859416	0.9751559562507744	0.9999677422715184	0.1166035872363322	0.1417640675222126	0.138496604528814	Conservation	Neofunctionalization(Child)	Neofunctionalization(Child)	discordant	classified	Neofunctionalization(Parent)	discordant
PD	Pbre1_04G256600	Pbre1_04G256200	Prupe.6G281400.1	0.2110611666666666	1.3367745	4.141617833333333	0.9757028729519558	0.9082117753244564	0.4845390815417688	0.679574244275286	0.6594020581231086	0.5500013658398364	Specialization	Specialization	Specialization	Specialization	classified	Neofunctionalization(Child)	discordant
PD	Pbre1_04G263200	Pbre1_04G263600	Prupe.6G284300.1	4.933722833333333	0.3079513333333333	15.296031333333334	0.9279970850205256	0.7894452079373139	0.8126059985332615	0.3062778064572479	0.6397051319755875	0.2626157950557076	Neofunctionalization(Child)	Specialization	Neofunctionalization(Child)	discordant	classified	Subfunctionalization	discordant
PD	Pbre1_04G272600	Pbre1_04G274400	Prupe.6G289400.1	23.0520395	0.0	109.802231	0.8764799979116912		0.9220812472932554								all_zero_expression_profile	Subfunctionalization	discordant
PD	Pbre1_04G293400	Pbre1_04G294800	Prupe.6G301000.1	10.556765333333331	4.128161	25.93372133333333	0.3510283297750976	0.4056479282724975	0.44189814269529	0.1213577818895015	0.1222641378157665	0.1148530810220969	Conservation	Conservation	Conservation	Conservation	classified	Neofunctionalization(Parent)	discordant
PD	Pbre1_04G306000	Pbre1_04G307000	Prupe.6G306900.1	6.0505495	6.700870999999999	33.344554	0.238741883005123	0.3169074428436628	0.4987387380945532	0.114711809714936	0.1364586281985661	0.1247892148489651	Conservation	Conservation	Conservation	Conservation	classified		discordant
PD	Pbre1_04G309000	Pbre1_04G310000	Prupe.6G309100.1	1.8356115	0.566331	37.844258	0.5663280153687623	0.5399386361848374	0.3823837199169858	0.1278007478879621	0.3198056793328425	0.0909902873317618	Conservation	Specialization	Neofunctionalization(Child)	discordant	classified	Neofunctionalization(Parent)	discordant
PD	Pbre1_04G309200	Pbre1_04G310200	Prupe.6G309300.1														missing_expression_record		discordant
PD	Pbre1_04G334800	Pbre1_04G335400	Prupe.6G322700.1	2.174453833333333	13.4450135	20.61567433333333	0.9279359719468026	0.4187030221693158	0.3846919433997372	0.5908130557977541	0.0646652057171428	0.1307623756499641	Neofunctionalization(Parent)	Neofunctionalization(Parent)	Neofunctionalization(Parent)	Neofunctionalization(Parent)	classified	Conservation	discordant
PD	Pbre1_04G335800	Pbre1_04G336600	Prupe.6G322900.1	1.0479699999999998	0.0459705	31.6072725	0.7956467762871684	0.9016759051456074	0.3684846690874448	0.3307707489405173	0.6795990593868804	0.3194654337118603	Neofunctionalization(Child)	Specialization	Specialization	discordant	classified	Subfunctionalization	discordant
PD	Pbre1_04G336200	Pbre1_04G336800	Prupe.6G323100.1	0.0284965	1.8582886666666667	26.1320505	0.8074231396229882	0.8512205151080672	0.6322742308010876	0.3954283636858562	0.3375444714045848	0.3270253823331633	Neofunctionalization(Parent)	Specialization	Specialization	discordant	classified		discordant
PD	Pbre1_04G336400	Pbre1_04G337000	Prupe.6G323200.1	0.0870335	0.5914561666666667	2.0639925	0.5417399360901545	0.5676762205296839	0.6888812488611326	0.3140768392436144	0.3061659910154998	0.280912204661833	Conservation	Specialization	Specialization	discordant	classified		discordant
PD	Pbre1_04G340200	Pbre1_04G340800	Prupe.6G326000.1	0.0776068333333333	1.070978	5.076828833333333	0.8531111831249278	0.8601620688971303	0.9235625245340632	0.2274758574797425	0.6960264879472575	0.6557454194959934	Neofunctionalization(Child)	Specialization	Specialization	discordant	classified	Conservation	discordant
PD	Pbre1_04G342200	Pbre1_04G342600	Prupe.6G326900.1	0.7072998333333333	0.0069846666666666	0.6370618333333333	0.7737379398735115	1.0	0.6595869818628584	0.4324467284202637	0.7281051976913687	0.4312414757165181	Specialization	Specialization	Specialization	Specialization	classified	Conservation	discordant
PD	Pbre1_04G342400	Pbre1_04G342800	Prupe.6G327000.1	0.1519633333333333	61.90952116666666	53.156223833333335	0.7953651024701112	0.3827065408306048	0.482646539007246	0.3627972525510812	0.148828889161159	0.1487939014284869	Conservation	Neofunctionalization(Parent)	Neofunctionalization(Parent)	discordant	classified	Subfunctionalization	discordant
PD	Pbre1_04G351800	Pbre1_04G352400	Prupe.6G331700.1	0.0058086666666666	0.017018	3.8175216666666665	1.0	0.9012988532646852	0.8042327930794609	1.1624397652078726	0.3762909970053093	0.3923483143988036	Neofunctionalization(Parent)	Specialization	Specialization	discordant	classified	Conservation	discordant
PD	Pbre1_04G365800	Pbre1_04G366200	Prupe.6G339200.1														missing_expression_record		discordant
PD	Pbre1_04G396000	Pbre1_04G397600	Prupe.6G356300.1	5.0195055	8.851719833333334	85.25281	0.6394346331187731	0.5541320494692235	0.7002955217399037	0.2761591570976244	0.3004732530522573	0.2756241857290899	Conservation	Neofunctionalization(Parent)	Neofunctionalization(Parent)	discordant	classified	Subfunctionalization	discordant
PD	Pbre1_04G397000	Pbre1_04G397400	Prupe.6G356800.1														missing_expression_record		discordant
PD	Pbre1_05G049200	Pbre1_05G049800	Prupe.8G039200.1	0.3065868333333333	1.2151131666666666	0.2078783333333333	0.8181074580820888	0.9965962194413585	0.9746020472980238	0.8729639672023116	0.1162610677540715	0.0845137844299323	Neofunctionalization(Parent)	Neofunctionalization(Parent)	Neofunctionalization(Parent)	Neofunctionalization(Parent)	classified	Conservation	discordant
PD	Pbre1_05G088200	Pbre1_05G089000	Prupe.8G078600.1	0.3908878333333333	9.946669333333332	3.8471235	0.7142611274612344	0.8003707016090432	0.9474415380997134	0.9009837626298536	0.8804938064260379	0.8775475539233711	Specialization	Specialization	Specialization	Specialization	classified	Conservation	discordant
PD	Pbre1_05G108400	Pbre1_05G109000	Prupe.8G091600.1	63.14006666666667	0.288401	235.27391583333332	0.5884209023870407	0.7378781566465838	0.6619369945042195	0.3777974206898112	0.4690548021730673	0.3772158429121161	Neofunctionalization(Child)	Neofunctionalization(Child)	Neofunctionalization(Child)	Neofunctionalization(Child)	classified	Conservation	discordant
PD	Pbre1_05G116400	Pbre1_05G116800	Prupe.8G096100.1	0.0229411666666666	0.0767228333333333	4.358233833333333	1.0	0.9736600404163572	0.7839049983300127	0.659390396568941	0.5704511005338068	0.5887445596545049	Specialization	Specialization	Specialization	Specialization	classified	Conservation	discordant
PD	Pbre1_05G123000	Pbre1_05G123400	Prupe.8G100500.1	0.9692781666666668	1.789167	22.38722466666667	0.4446452286617341	0.4499910397176306	0.2699028421681359	0.1378644358444686	0.1410860552370754	0.1377183734043668	Conservation	Neofunctionalization(Parent)	Conservation	discordant	classified		discordant
PD	Pbre1_05G123200	Pbre1_05G123600	Prupe.8G100700.1	1.3240896666666666	5.358173333333333	15.824585666666666	0.7884983122011	0.5613331391781076	0.8400516163195506	0.7035429658737526	0.464229804476841	0.5068356551174166	Specialization	Specialization	Neofunctionalization(Parent)	Specialization	classified	Subfunctionalization	discordant
PD	Pbre1_05G130200	Pbre1_05G130600	Prupe.8G107300.1	77.17119466666666	74.81761133333333	721.8566156666667	0.8579247170462772	0.7962626807746659	0.9487218123958272	0.2629281865805457	0.3571358457819894	0.3085782839949186	Conservation	Neofunctionalization(Parent)	Neofunctionalization(Parent)	discordant	classified	Subfunctionalization	discordant
PD	Pbre1_05G145000	Pbre1_05G145600	Prupe.8G122100.1	44.31483933333333	0.1754095	89.80736	0.8738287503585701	0.837190133926263	0.5216408811872818	0.4033884005204672	0.3696433696742537	0.4031294883317659	Neofunctionalization(Parent)	Neofunctionalization(Child)	Neofunctionalization(Child)	discordant	classified	Subfunctionalization	discordant
PD	Pbre1_05G168600	Pbre1_05G169000	Prupe.8G136100.1														missing_expression_record		discordant
PD	Pbre1_05G197600	Pbre1_05G198600	Prupe.8G152400.1	0.0	0.0	0.0129758333333333			0.8737622828888097								all_zero_expression_profile	Subfunctionalization	discordant
PD	Pbre1_05G198000	Pbre1_05G199000	Prupe.8G153100.1														missing_expression_record		discordant
PD	Pbre1_05G227000	Pbre1_05G227800	Prupe.8G169500.1														missing_expression_record		discordant
PD	Pbre1_05G227200	Pbre1_05G228000	Prupe.8G169600.1														missing_expression_record		discordant
PD	Pbre1_05G242800	Pbre1_05G243200	Prupe.8G176900.1	21.188473166666668	0.0078386666666666	17.19083	0.7072306095332631	0.8548743349844067	0.6050630359614071	0.325984714487547	0.708678584321838	0.3259148980712622	Neofunctionalization(Child)	Neofunctionalization(Child)	Neofunctionalization(Child)	Neofunctionalization(Child)	classified	Subfunctionalization	discordant
PD	Pbre1_05G245800	Pbre1_05G246400	Prupe.8G178500.1	0.2269904999999999	0.2381063333333333	2.5197586666666667	0.6819736792058119	0.8582340649232746	0.3265322464397147	0.2809546548092472	0.4732782883191445	0.1374050618809053	Neofunctionalization(Child)	Specialization	Specialization	discordant	classified	Neofunctionalization(Child)	discordant
PD	Pbre1_05G252400	Pbre1_05G252800	Prupe.8G180100.1	0.2837111666666667	20.91709833333333	94.01085383333331	0.5012327080169123	0.3001857271537658	0.2085351785199198	0.3054685401069195	0.1098115919972265	0.1111293553147241	Conservation	Neofunctionalization(Parent)	Neofunctionalization(Parent)	discordant	classified	Conservation	discordant
PD	Pbre1_05G263800	Pbre1_05G264800	Prupe.8G183800.1	0.0	0.9645978333333332	4.7271135		0.5955074475496355	0.4631482289495879								all_zero_expression_profile	Conservation	discordant
PD	Pbre1_05G268000	Pbre1_05G268800	Prupe.8G185500.1	29.727688333333333	0.0	15.887087666666666	0.6027648765692598		0.585284928878216								all_zero_expression_profile	Subfunctionalization	discordant
PD	Pbre1_05G268200	Pbre1_05G269000	Prupe.8G185600.1														missing_expression_record		discordant
PD	Pbre1_05G271800	Pbre1_05G272200	Prupe.8G188300.1	2.4991168333333333	9.969114833333334	5.057752166666666	0.3877314395370599	0.6448800673924578	0.8421485112817244	0.4795486591210933	0.568060252784146	0.5424239648466993	Specialization	Conservation	Conservation	discordant	classified	Specialization	discordant
PD	Pbre1_05G273600	Pbre1_05G274000	Prupe.8G189300.1	0.0	0.6487765	6.3133295		0.2859277366452276	0.6005853790532314								all_zero_expression_profile	Neofunctionalization(Parent)	discordant
PD	Pbre1_05G298200	Pbre1_05G299400	Prupe.8G202300.1	3.792335	3.8036551666666663	5.962060166666666	0.4039103330672005	0.3113918914946335	0.8492990193226232	0.5710560264750592	0.4357927638936088	0.4980725783080127	Specialization	Conservation	Conservation	discordant	classified	Conservation	discordant
PD	Pbre1_05G302800	Pbre1_05G304000	Prupe.8G204300.1	18.0899225	0.3387288333333333	32.927519833333335	0.2952236582271501	0.9691909424071284	0.5683696872622177	0.1663733040019012	0.8291202397790558	0.1709647791999199	Neofunctionalization(Child)	Neofunctionalization(Child)	Neofunctionalization(Child)	Neofunctionalization(Child)	classified		discordant
PD	Pbre1_05G307000	Pbre1_05G308000	Prupe.8G206400.1	0.013543	95.7767385	229.69338033333327	1.0	0.7252007463181656	0.8836239773256949	1.1225758543423847	0.5547886231490065	0.5548569249853822	Specialization	Neofunctionalization(Parent)	Neofunctionalization(Parent)	discordant	classified	Subfunctionalization	discordant
PD	Pbre1_05G307200	Pbre1_05G308200	Prupe.8G206500.1	0.0	14.203774	24.43750333333333		0.4165044172307232	0.2938548690964228								all_zero_expression_profile	Subfunctionalization	discordant
PD	Pbre1_05G329800	Pbre1_05G330200	Prupe.8G216900.1	0.0	3.5040881666666666	9.577382		0.9133907196357928	0.7937210193899589								all_zero_expression_profile	Conservation	discordant
PD	Pbre1_05G350000	Pbre1_05G351000	Prupe.8G228700.1	5.893594333333334	22.1120915	36.20077833333333	0.6403450461849199	0.2782312551554087	0.4306675735054409	0.2694889597159537	0.1905092319191169	0.1951117060846963	Conservation	Conservation	Conservation	Conservation	classified	Specialization	discordant
PD	Pbre1_05G358000	Pbre1_05G358400	Prupe.8G232900.1	0.0296806666666666	0.0	35.0314745	1.0		0.5518513243194155								all_zero_expression_profile	Conservation	discordant
PD	Pbre1_05G375800	Pbre1_05G376200	Prupe.4G139500.1	3.3069355	1.520454	3.083623333333333	0.593254851234912	0.8303081891665229	0.735877089736373	0.3375468792306557	0.3882774992793846	0.3111221151231393	Conservation	Neofunctionalization(Child)	Neofunctionalization(Child)	discordant	classified	Conservation	discordant
PD	Pbre1_05G377600	Pbre1_05G378000	Prupe.4G138700.1	22.679812833333333	163.412004	148.64952516666668	0.884161903592898	0.3531675602392939	0.4415744104977117	0.613187521882513	0.1792008926807256	0.2202331625367185	Neofunctionalization(Parent)	Neofunctionalization(Parent)	Neofunctionalization(Parent)	Neofunctionalization(Parent)	classified	Specialization	discordant
PD	Pbre1_05G394000	Pbre1_05G394800	Prupe.4G128200.1	12.481435166666667	173.25290866666666	186.37270583333333	0.8291316247369387	0.5422035571053768	0.3302284404854916	0.4898131319342246	0.2176785325266673	0.2351917197201836	Neofunctionalization(Parent)	Conservation	Conservation	discordant	classified	Subfunctionalization	discordant
PD	Pbre1_05G429600	Pbre1_05G428200	Prupe.4G106400.1	0.0305093333333333	23.92678283333333	33.960937	0.9759302781041912	0.5059925890558956	0.2107160633411665	0.8500092432645273	0.137463456032685	0.1373609895403483	Neofunctionalization(Parent)	Neofunctionalization(Parent)	Neofunctionalization(Parent)	Neofunctionalization(Parent)	classified	Specialization	discordant
PD	Pbre1_05G432400	Pbre1_05G433000	Prupe.4G104100.1	0.0056275	0.1783625	2.4083883333333334	1.0	0.4042864843764521	0.5941835824984681	0.841097061069329	0.2883799489891138	0.274416154693364	Neofunctionalization(Parent)	Specialization	Specialization	discordant	classified		discordant
PD	Pbre1_05G437400	Pbre1_05G437800	Prupe.4G102500.1	9.753038166666666	9.161012166666666	61.39617916666666	0.372800410502445	0.4013923383397711	0.4585100127707658	0.0828144136474894	0.0980658354844387	0.0884410013614327	Conservation	Conservation	Conservation	Conservation	classified	Specialization	discordant
PD	Pbre1_05G458000	Pbre1_05G458400	Prupe.4G088300.1	0.0	44.914325833333336	49.36722133333333		0.4689468304718026	0.3280652749730214								all_zero_expression_profile	Subfunctionalization	discordant
PD	Pbre1_05G462200	Pbre1_05G462600	Prupe.4G086500.1	0.1690281666666666	0.0270188333333333	8.606824	0.9809558366945824	0.7157698224233464	0.8048279590586599	0.4909627133391741	0.2283919672362561	0.4046384470712174	Neofunctionalization(Parent)	Specialization	Specialization	discordant	classified	Subfunctionalization	discordant
PD	Pbre1_05G462400	Pbre1_05G463200	Prupe.4G086400.1	0.0	21.956546	20.793672		0.3124926408366517	0.4382157185178432								all_zero_expression_profile	Specialization	discordant
PD	Pbre1_05G540200	Pbre1_05G540600	Prupe.4G039100.1														missing_expression_record		discordant
PD	Pbre1_05G540400	Pbre1_05G540800	Prupe.4G039000.1	2.5314316666666667	1.6160591666666666	2.1833975	0.8453196943488157	0.9226979676272598	0.3456628173712295	0.4837751059087042	0.6743972611711302	0.5507944029099622	Specialization	Specialization	Specialization	Specialization	classified	Subfunctionalization	discordant
PD	Pbre1_05G541400	Pbre1_05G541800	Prupe.4G038700.1	59.13453666666667	181.0740535	101.06154233333334	0.4073506853501271	0.3768126049276757	0.588863542450379	0.3111032042377173	0.2845016121242535	0.2855682609918284	Conservation	Conservation	Conservation	Conservation	classified	Subfunctionalization	discordant
PD	Pbre1_05G574600	Pbre1_05G575200	Prupe.4G018500.1	2.558823333333333	53.71288533333333	212.24359866666668	0.9196566332698924	0.8343901662931117	0.8112687868609807	0.3458977885524666	0.1699173994367371	0.1739473794134022	Conservation	Neofunctionalization(Parent)	Neofunctionalization(Parent)	discordant	classified	Subfunctionalization	discordant
PD	Pbre1_05G582200	Pbre1_05G583200	Prupe.4G014600.1	49.79418616666666	0.2452905	97.66442883333332	0.4662168805786953	0.8283716578856664	0.7714131357833207	0.244615354895493	0.1819139561318542	0.2427191763291833	Conservation	Neofunctionalization(Child)	Neofunctionalization(Child)	discordant	classified	Subfunctionalization	discordant
PD	Pbre1_05G582400	Pbre1_05G583400	Prupe.4G014500.1														missing_expression_record		discordant
PD	Pbre1_05G591400	Pbre1_05G591800	Prupe.4G008900.1	0.1635655	71.53317966666667	154.150274	0.846373537280761	0.7896927617675582	0.678501939519391	0.6236498489245001	0.5325631873963446	0.5316684405288316	Specialization	Neofunctionalization(Parent)	Neofunctionalization(Parent)	discordant	classified	Conservation	discordant
PD	Pbre1_06G008600	Pbre1_06G009000	Prupe.5G005600.1	12.706250166666669	0.6603093333333333	30.514915666666667	0.4267923900449096	0.6706850815811889	0.7333381684414279	0.2201192384304454	0.3448191833122555	0.2179691152725504	Conservation	Neofunctionalization(Child)	Neofunctionalization(Child)	discordant	classified	Subfunctionalization	discordant
PD	Pbre1_06G014000	Pbre1_06G014600	Prupe.5G009300.1	54.11677366666667	4.063679	59.32760816666666	0.4825124477325603	0.5928464066935604	0.4980713813556946	0.1407266371365051	0.2060283127499695	0.1233082256943575	Conservation	Conservation	Conservation	Conservation	classified	Subfunctionalization	discordant
PD	Pbre1_06G028200	Pbre1_06G028600	Prupe.5G019700.1	0.0061668333333333	4.0385678333333335	4.3140141666666665	1.0	0.6594320506725698	0.6587331377440597	1.0730239916352358	0.202809418918833	0.2034045301328521	Neofunctionalization(Parent)	Specialization	Neofunctionalization(Parent)	discordant	classified	Neofunctionalization(Parent)	discordant
PD	Pbre1_06G030000	Pbre1_06G030600	Prupe.5G018500.1	5.7163685	0.0	8.524250333333333	0.7529413367177743		0.6917012610196982								all_zero_expression_profile	Neofunctionalization(Child)	discordant
PD	Pbre1_06G070400	Pbre1_06G071400	Prupe.5G048100.1	7.3400765	0.8010265	9.945036833333331	0.9982926502688636	1.0	0.9993986014533782	0.0102972510769692	0.003672998819833	0.0091769222458431	Conservation	Conservation	Conservation	Conservation	classified	Subfunctionalization	discordant
PD	Pbre1_06G075200	Pbre1_06G075800	Prupe.5G051000.1	0.1655556666666666	7.984839	182.97939033333333	0.8274170831653272	0.885524305257098	0.9779637555829142	0.5071209103175645	0.3194156663187831	0.3198875648895882	Neofunctionalization(Parent)	Specialization	Neofunctionalization(Parent)	discordant	classified	Neofunctionalization(Parent)	discordant
PD	Pbre1_06G105600	Pbre1_06G106000	Prupe.5G072800.1	33.39665516666666	8.269617833333333	3496.078226	0.9957399449951276	0.9978762624559112	0.704904728113436	0.9923918880029352	1.001257315159498	0.9941082424529673	Specialization	Specialization	Specialization	Specialization	classified	Neofunctionalization(Parent)	discordant
PD	Pbre1_06G171800	Pbre1_06G171200	Prupe.5G108600.1	61.34572166666667	5.688708166666666	6.6150245000000005	0.8682661511169737	0.9601863060297472	0.9941147272110642	1.0045141778354658	1.2217833941018823	1.021978727194044	Specialization	Specialization	Specialization	Specialization	classified	Neofunctionalization(Child)	discordant
PD	Pbre1_06G188600	Pbre1_06G189400	Prupe.5G117400.1	0.1109079999999999	0.0478126666666666	0.0381191666666666	0.7524248630434125	1.0	0.904135620407741	0.8343944942600738	0.397083921632515	0.4957102643714137	Specialization	Conservation	Conservation	discordant	classified	Conservation	discordant
PD	Pbre1_06G230600	Pbre1_06G231000	Prupe.5G141200.1	0.042938	0.9078455	1.386254	0.8783449550218805	0.8891825330570804	0.7368335824336395	0.601733979456843	0.4583080297430359	0.4624715841903461	Specialization	Specialization	Specialization	Specialization	classified	Neofunctionalization(Parent)	discordant
PD	Pbre1_06G282400	Pbre1_06G281200	Prupe.5G167700.1	1.4531436666666666	1.0015203333333331	0.4381231666666667	0.8879315951264445	0.9755866456411796	0.6760911201682095	0.6720700767056608	0.9636221484870524	0.7906075768033691	Specialization	Specialization	Specialization	Specialization	classified		discordant
PD	Pbre1_06G311000	Pbre1_06G311400	Prupe.5G183200.1	52.32322833333333	10.359522333333334	51.63563633333334	0.7980865481017044	0.8584566805184182	0.5734054788271615	0.2325643415132817	0.3666020967824365	0.1754800675366154	Conservation	Neofunctionalization(Child)	Neofunctionalization(Child)	discordant	classified	Neofunctionalization(Parent)	discordant
PD	Pbre1_06G311200	Pbre1_06G311600	Prupe.5G183300.1	8.954837833333332	7.302862	14.244064166666668	0.6694754302592187	0.6136680627851896	0.5263185429899006	0.233247754581834	0.1879473736720071	0.1913986031909745	Conservation	Conservation	Conservation	Conservation	classified	Neofunctionalization(Child)	discordant
PD	Pbre1_06G318200	Pbre1_06G318600	Prupe.5G186100.1														missing_expression_record		discordant
PD	Pbre1_06G344000	Pbre1_06G344400	Prupe.5G203600.1	6.543456333333333	0.031479	295.1928101666667	0.8480161339342468	0.7320325565837886	0.7915065394956559	0.8579513517248376	0.6596291738753027	0.8556077703677679	Specialization	Specialization	Specialization	Specialization	classified	Neofunctionalization(Parent)	discordant
PD	Pbre1_07G001000	Pbre1_07G000600	Prupe.2G001300.1	0.0	3.3035846666666666	8.263200333333334		0.7634763184649452	0.8312936209795077								all_zero_expression_profile	Conservation	discordant
PD	Pbre1_07G015600	Pbre1_07G016200	Prupe.2G012200.1	185.47490866666664	234.46564616666663	693.9585343333333	0.3011151875716507	0.2470703588989931	0.301090066822187	0.1698885964088128	0.1659580991963222	0.1650019322748763	Conservation	Conservation	Conservation	Conservation	classified	Neofunctionalization(Parent)	discordant
PD	Pbre1_07G015800	Pbre1_07G016600	Prupe.2G012300.1	0.0	2.719603166666667	8.084661166666667		0.4997038113130216	0.6691589082665741								all_zero_expression_profile	Neofunctionalization(Child)	discordant
PD	Pbre1_07G027400	Pbre1_07G027800	Prupe.2G020700.1	4.973222000000001	2.777489	1.0441686666666667	0.8706510758107777	0.725702689972265	0.7463535293120952	0.5117941387911492	0.5860888385487388	0.414450581751516	Specialization	Specialization	Specialization	Specialization	classified	Subfunctionalization	discordant
PD	Pbre1_07G035800	Pbre1_07G036200	Prupe.2G028600.1	33.610834	0.931549	99.5795635	0.9242214567367248	0.7672051861407636	0.7950027116188062	0.3486086904298875	0.3666795342578823	0.343289927148281	Conservation	Specialization	Specialization	discordant	classified	Subfunctionalization	discordant
PD	Pbre1_07G042800	Pbre1_07G043600	Prupe.2G031500.1	5.183461666666666	1.1556631666666666	4.257422666666667	0.3292463239565843	0.3964889450264207	0.4748445550184251	0.1000351008172418	0.2184250721928466	0.1147561610345193	Conservation	Neofunctionalization(Child)	Conservation	discordant	classified	Subfunctionalization	discordant
PD	Pbre1_07G048400	Pbre1_07G049200	Prupe.2G035500.1	11.013885333333333	10.577844666666667	12.900347833333331	0.1735428393911152	0.3492732732998402	0.7022440887371968	0.2450517009996619	0.2638572382687357	0.2484950144853534	Conservation	Conservation	Conservation	Conservation	classified	Neofunctionalization(Child)	discordant
PD	Pbre1_07G048800	Pbre1_07G049600	Prupe.2G036100.1	2.392952333333333	0.9327635	8.224631833333333	0.6641129349060415	0.5499233951012357	0.7368697421863214	0.2654156375707424	0.3148083751314631	0.2771823324394414	Conservation	Specialization	Neofunctionalization(Child)	discordant	classified	Neofunctionalization(Child)	discordant
PD	Pbre1_07G068200	Pbre1_07G069800	Prupe.2G051800.1	0.7060458333333334	0.004926	4.440778	0.7864452463571031	1.0	0.730845583677977	0.2923260184753322	0.667098909985153	0.2924396457533427	Neofunctionalization(Child)	Specialization	Specialization	discordant	classified	Neofunctionalization(Child)	discordant
PD	Pbre1_07G097000	Pbre1_07G097400	Prupe.2G086100.1	3.4245795	35.36615283333333	15.658326833333334	0.6841029721326162	0.8571996383452104	0.9608534194271564	0.5390349903963148	0.9299562009318748	0.8862989570819727	Specialization	Neofunctionalization(Child)	Neofunctionalization(Child)	discordant	classified	Neofunctionalization(Child)	discordant
PD	Pbre1_07G134600	Pbre1_07G135200	Prupe.2G112600.1	26.97125266666667	48.675179666666665	11.004543666666668	0.9820778536427724	0.9432776410638226	0.9005400322081349	1.1135317059348586	0.9915964540105758	1.0331443266580391	Specialization	Specialization	Specialization	Specialization	classified	Specialization	Specialization
PD	Pbre1_07G140000	Pbre1_07G140600	Prupe.2G115700.1	0.8005095	0.014927	8.941327166666667	0.2964360157120068	0.910389652384802	0.7038641755109435	0.2990475952144195	0.7937966176010066	0.3026780897490781	Neofunctionalization(Child)	Specialization	Specialization	discordant	classified	Neofunctionalization(Child)	discordant
PD	Pbre1_07G158200	Pbre1_07G159800	Prupe.2G128200.1	8.984576166666667	0.7892573333333334	11.657759666666667	0.6001179011437581	0.7028172378187155	0.3761580539931005	0.1970384094500086	0.2946430965368502	0.2044849056099279	Conservation	Specialization	Neofunctionalization(Child)	discordant	classified	Conservation	discordant
PD	Pbre1_07G159600	Pbre1_07G160400	Prupe.2G129300.1	1.0334291666666666	1.4499879999999998	4.387864666666666	0.9989426987948058	0.9615712420747474	0.9994876067934884	0.0064414216729898	0.2151933265742457	0.1264934797421493	Conservation	Neofunctionalization(Child)	Neofunctionalization(Child)	discordant	classified	Neofunctionalization(Parent)	discordant
PD	Pbre1_07G172000	Pbre1_07G172400	Prupe.2G135700.1	2.3712388333333334	2.6897771666666666	6.0594065	0.5924555671658427	0.6510681248920073	0.6459457881964532	0.1901900385751921	0.1407172825109054	0.1564777790798689	Conservation	Specialization	Specialization	discordant	classified	Specialization	discordant
PD	Pbre1_07G186800	Pbre1_07G187400	Prupe.2G143800.1	24.184316666666668	16.880703333333333	8.3332355	0.6420974958616544	0.5822612498496962	0.4509773287650404	0.2920744671199183	0.1027283199549813	0.1692006763036145	Conservation	Conservation	Conservation	Conservation	classified	Subfunctionalization	discordant
PD	Pbre1_07G312400	Pbre1_07G313000	Prupe.2G222200.1	26.9007775	2.4032726666666666	26.611443666666663	0.6854774960768794	0.7208289005287798	0.4853553529456377	0.1438749416686088	0.2108626462111683	0.14871894548191	Conservation	Conservation	Conservation	Conservation	classified	Subfunctionalization	discordant
PD	Pbre1_07G333000	Pbre1_07G333600	Prupe.2G235400.1	0.7898803333333334	1.7849596666666667	273.54459	0.8070198219712518	0.901992866866966	0.7484482185464265	0.6631904213512182	0.7077192963947174	0.6829755328228058	Specialization	Specialization	Specialization	Specialization	classified	Neofunctionalization(Parent)	discordant
PD	Pbre1_07G359800	Pbre1_07G358600	Prupe.2G248600.1	2.7797121666666667	1.7832376666666667	14.134585833333333	0.3034639815105239	0.3001789226209073	0.5849312516696676	0.1858862934083003	0.2359094830761914	0.1995760075137051	Conservation	Conservation	Conservation	Conservation	classified	Neofunctionalization(Parent)	discordant
PD	Pbre1_07G389800	Pbre1_07G390400	Prupe.2G267200.1	1.1285795	4.837900666666666	35.30363333333333	0.3773147554746143	0.6868388105475635	0.4380414724293556	0.2240652334120181	0.3236050252120532	0.2847626293289069	Conservation	Neofunctionalization(Parent)	Conservation	discordant	classified	Neofunctionalization(Child)	discordant
PD	Pbre1_07G407400	Pbre1_07G407800	Prupe.2G276800.1	3.5308973333333333	2.0837125	1.481303	0.991769301277035	0.8932990054270065	0.8922675976385694	0.4055410886128637	0.2150016369972824	0.3042620159722137	Neofunctionalization(Parent)	Specialization	Specialization	discordant	classified	Neofunctionalization(Parent)	discordant
PD	Pbre1_07G490800	Pbre1_07G491600	Prupe.2G319700.1	0.008831	0.4754736666666667	72.25221166666667	1.0	0.9397693734552798	0.9552167971404956	1.2689175536161632	0.1665998935041077	0.167188453649723	Neofunctionalization(Parent)	Specialization	Specialization	discordant	classified	Subfunctionalization	discordant
PD	Pbre1_08G030800	Pbre1_08G031600	Prupe.1G369500.1	11.856586666666669	55.254226333333335	5.118426333333333	0.647504002497044	0.5547224349896572	0.7126064100852931	0.4236293682579929	0.5087799373654183	0.4875695452244172	Specialization	Specialization	Conservation	Specialization	classified	Conservation	discordant
PD	Pbre1_08G032600	Pbre1_08G031400	Prupe.1G369900.1	0.091748	8.694092166666666	23.227841666666663	0.9887495658814476	0.4565858521367729	0.4248795192449409	0.7866003862121265	0.1046378409729113	0.1061693562968081	Neofunctionalization(Parent)	Neofunctionalization(Parent)	Neofunctionalization(Parent)	Neofunctionalization(Parent)	classified		discordant
PD	Pbre1_08G033600	Pbre1_08G034000	Prupe.1G370300.1	0.5105605	1.6961525	2.2874615	0.9202234476661564	0.9807990229891554	0.8440016906637775	0.8686061265815933	1.0800395901045905	0.9293656440108056	Specialization	Specialization	Specialization	Specialization	classified	Conservation	discordant
PD	Pbre1_08G035600	Pbre1_08G036400	Prupe.1G371000.1	4.186173	6.810417	20.208954833333333	0.3571589618879852	0.4672307114465416	0.2976242722005416	0.2448230980270031	0.1661082462025876	0.1879758673199173	Conservation	Neofunctionalization(Parent)	Conservation	discordant	classified	Subfunctionalization	discordant
PD	Pbre1_08G056200	Pbre1_08G056800	Prupe.1G382600.1	9.362546333333333	0.7440646666666667	11.732545666666669	0.7435428472807152	0.5142577146982473	0.4290324052096594	0.361386103916457	0.3134289487218023	0.3437899881792497	Conservation	Specialization	Neofunctionalization(Child)	discordant	classified	Subfunctionalization	discordant
PD	Pbre1_08G056400	Pbre1_08G057000	Prupe.1G382400.1	12.882349833333334	13.504244833333336	43.68686683333333	0.6792072862374331	0.4531049751309133	0.3048504626116188	0.2990416056811762	0.1308826391596396	0.2099505817981831	Conservation	Conservation	Conservation	Conservation	classified	Neofunctionalization(Parent)	discordant
PD	Pbre1_08G073200	Pbre1_08G073600	Prupe.1G389500.1	22.958476166666667	14.664108666666667	32.06476	0.5858995843067583	0.3403773073171342	0.5564798074837018	0.3903130773012432	0.277028144902259	0.3427374097002461	Conservation	Conservation	Conservation	Conservation	classified	Subfunctionalization	discordant
PD	Pbre1_08G104200	Pbre1_08G104600	Prupe.1G411600.1	1.5761188333333334	52.321217	56.30197133333333	0.9535608823033128	0.4015177270857838	0.819824150629896	0.3732794571371093	0.3591902748160377	0.3432110318818677	Conservation	Neofunctionalization(Parent)	Neofunctionalization(Parent)	discordant	classified	Conservation	discordant
PD	Pbre1_08G128000	Pbre1_08G128400	Prupe.1G417800.1	0.0174228333333333	0.0018018333333333	0.021337	1.0	1.0	0.9079357112710598	0.3948726817868164	0.3948726817868164	0.3948726817868164	Specialization	Conservation	Conservation	discordant	classified	Subfunctionalization	discordant
PD	Pbre1_08G132600	Pbre1_08G133400	Prupe.1G420400.1	0.15822	5.283089833333333	9.811469333333331	0.9062820227222096	0.4434440871654636	0.5343791114534323	0.6496265689424298	0.2180697729371213	0.2286737845805854	Neofunctionalization(Parent)	Neofunctionalization(Parent)	Neofunctionalization(Parent)	Neofunctionalization(Parent)	classified	Neofunctionalization(Child)	discordant
PD	Pbre1_08G137800	Pbre1_08G138400	Prupe.1G422900.1	0.1946053333333333	0.2979603333333333	27.275186	0.729447228485475	0.6916769501106063	0.4940916107986295	0.5376759085974031	0.4619236450734911	0.4769119615774543	Specialization	Specialization	Specialization	Specialization	classified	Conservation	discordant
PD	Pbre1_08G145800	Pbre1_08G146200	Prupe.1G426700.1	0.364134	0.7692078333333333	1230.11353	0.6828462341437319	0.8570950408863489	0.977363626304722	1.0288321486709562	1.0509361330172078	1.0277148329729473	Specialization	Specialization	Specialization	Specialization	classified	Specialization	Specialization
PD	Pbre1_08G146000	Pbre1_08G146400	Prupe.1G426800.1	0.0	28.156862666666665	57.31293983333333		0.3465167920035636	0.503975364671605								all_zero_expression_profile	Subfunctionalization	discordant
PD	Pbre1_08G152800	Pbre1_08G153200	Prupe.1G430600.1	10.170884333333332	10.830980833333332	4.763850833333334	0.5812461907921986	0.5921990888675416	0.5197036962637986	0.2550898941619533	0.2672115954331563	0.2580701549674872	Conservation	Specialization	Conservation	discordant	classified	Neofunctionalization(Parent)	discordant
PD	Pbre1_08G161200	Pbre1_08G162200	Prupe.1G434700.1	35.60968166666667	15.028614666666666	31.494177	0.2980396138328846	0.5239124619112744	0.2973075659827157	0.08449970177223	0.1532283297953366	0.0973491425367845	Conservation	Conservation	Conservation	Conservation	classified	Conservation	Conservation
PD	Pbre1_08G173000	Pbre1_08G173400	Prupe.1G440300.1	3.001349333333333	6.348829	15.2167955	0.6603370687690473	0.4342426619981027	0.5143490766489287	0.3715020586235089	0.3251869970029507	0.3266503636140255	Conservation	Neofunctionalization(Parent)	Neofunctionalization(Parent)	discordant	classified	Subfunctionalization	discordant
PD	Pbre1_08G179200	Pbre1_08G179800	Prupe.1G442500.1	3.404837333333333	13.800904333333332	5.7546705	0.9921962558547408	0.9952619170865346	0.5500954866601013	0.9063719016570204	0.9221711414120553	0.9190400747889168	Specialization	Specialization	Specialization	Specialization	classified	Neofunctionalization(Child)	discordant
PD	Pbre1_08G183000	Pbre1_08G183400	Prupe.1G444000.1	11.619485333333332	0.0	197.9219425	0.7633306929704559		0.8120868170595006								all_zero_expression_profile	Conservation	discordant
PD	Pbre1_08G202400	Pbre1_08G202800	Prupe.1G454200.1	0.9534021666666668	0.951458	3.1566091666666667	0.99828199445915	0.9976989678081226	0.93679612091006	0.2676174473934858	0.2648550481918678	0.2662335732551265	Conservation	Specialization	Specialization	discordant	classified	Specialization	discordant
PD	Pbre1_08G202600	Pbre1_08G203000	Prupe.1G454500.1														missing_expression_record		discordant
PD	Pbre1_08G204400	Pbre1_08G205000	Prupe.1G455100.1	2.484247	34.444136666666665	73.25584733333334	0.4073965773720503	0.8415982520752427	0.5468276868208656	0.2189142476861367	0.3442069086164341	0.3130781429346618	Conservation	Neofunctionalization(Parent)	Conservation	discordant	classified	Subfunctionalization	discordant
PD	Pbre1_08G257200	Pbre1_08G257600	Prupe.1G485400.1	6.544246333333334	1.2802501666666668	0.0186086666666666	0.9800608932359732	0.9802255681046012	1.0	1.2862018978783414	0.1252029701779089	1.0962329253036098	Neofunctionalization(Parent)	Specialization	Specialization	discordant	classified	Neofunctionalization(Parent)	discordant
PD	Pbre1_08G257400	Pbre1_08G257800	Prupe.1G485800.1	1.885883	40.6826465	66.36766516666667	0.7935011472557649	0.2151153735560792	0.3986325459788477	0.3756348547429776	0.1716465852746489	0.1640889343897188	Conservation	Neofunctionalization(Parent)	Neofunctionalization(Parent)	discordant	classified		discordant
PD	Pbre1_08G332800	Pbre1_08G333400	Prupe.1G531100.1	0.3353203333333333	0.7927218333333333	6.3496421666666665	0.930609239042019	0.924696708485043	0.8641983146741354	0.6540983717751092	0.6176083310104643	0.6282456387469977	Specialization	Specialization	Specialization	Specialization	classified	Conservation	discordant
PD	Pbre1_08G356600	Pbre1_08G357200	Prupe.1G546100.1	0.3919385	0.3459676666666667	7.7491085	0.8723100333175873	0.7207081068163478	0.804819705871291	0.6914847153300427	0.1087429736493797	0.3898237571615346	Neofunctionalization(Parent)	Specialization	Specialization	discordant	classified	Subfunctionalization	discordant
PD	Pbre1_08G374000	Pbre1_08G374400	Prupe.1G559800.1	0.0	0.3223501666666666	0.0223028333333333		0.7616028088595128	0.6512548183383908								all_zero_expression_profile	Subfunctionalization	discordant
PD	Pbre1_08G377000	Pbre1_08G377400	Prupe.1G561200.1	0.1252991666666666	0.0	0.0675666666666666	0.9604329316091696		0.8941104567593363								all_zero_expression_profile	Specialization	discordant
PD	Pbre1_09G022200	Pbre1_09G022600	Prupe.3G304300.1	11.6747935	16.14735333333333	19.448341166666665	0.5422407591643069	0.5095555360131151	0.5458806205426082	0.2507156778512919	0.1160957598702537	0.1623265001093358	Conservation	Conservation	Conservation	Conservation	classified	Subfunctionalization	discordant
PD	Pbre1_09G022400	Pbre1_09G022800	Prupe.3G304200.1	26.78699883333333	7.658341833333333	37.663752	0.6401433099705558	0.7181930824137419	0.8840819303534218	0.4342832046875407	0.4613566300843257	0.4387484231099307	Specialization	Conservation	Neofunctionalization(Parent)	discordant	classified	Subfunctionalization	discordant
PD	Pbre1_09G024000	Pbre1_09G024400	Prupe.3G303500.1	0.1724361666666666	0.100335	1.436673833333333	0.6678525688833112	0.8764943750184724	0.8693027175162994	0.5929227927095876	0.8746326034879586	0.6887235853090685	Specialization	Specialization	Specialization	Specialization	classified	Subfunctionalization	discordant
PD	Pbre1_09G024200	Pbre1_09G024600	Prupe.3G303400.1	4.940830333333333	3.011019	23.010421666666662	0.4602853461302757	0.6119175303035851	0.6698115006284977	0.2329369250818234	0.2877714637358162	0.2336097576730753	Conservation	Neofunctionalization(Child)	Conservation	discordant	classified	Conservation	discordant
PD	Pbre1_09G036200	Pbre1_09G036600	Prupe.3G295600.1	0.188399	0.0	0.7493076666666667	0.987870218070348		0.8509791317808515								all_zero_expression_profile	Conservation	discordant
PD	Pbre1_09G064400	Pbre1_09G065000	Prupe.3G279400.1	0.6815346666666666	4.1273585	14.0352955	0.2813813398929567	0.4249814884245538	0.8420056596433986	0.4890128643891754	0.4966990588361815	0.4927829946024716	Specialization	Neofunctionalization(Parent)	Conservation	discordant	classified	Subfunctionalization	discordant
PD	Pbre1_09G073600	Pbre1_09G074200	Prupe.3G272900.1	0.5170018333333333	0.2993591666666667	1.7549711666666667	0.4450654420318424	0.2881999086248032	0.2653313911789977	0.1426140990129136	0.1450601602653417	0.0838366916163216	Conservation	Specialization	Specialization	discordant	classified		discordant
PD	Pbre1_09G073600	Pbre1_09G074400	Prupe.3G272900.1	0.5170018333333333	0.4553235	1.7549711666666667	0.4450654420318424	0.7418362666563806	0.2653313911789977	0.1426140990129136	0.3331114054077236	0.1796684133706297	Conservation	Specialization	Specialization	discordant	classified	Neofunctionalization(Child)	discordant
PD	Pbre1_09G076000	Pbre1_09G076400	Prupe.3G272100.1	8.965505666666667	21.2817055	28.8657745	0.5840462785422884	0.3172618714719314	0.5228280847825111	0.2336055734595672	0.2611896146642543	0.2174655144572672	Conservation	Conservation	Conservation	Conservation	classified	Conservation	Conservation
PD	Pbre1_09G098600	Pbre1_09G099400	Prupe.3G261400.1	0.0	2.2157003333333334	5.1782465		0.3010710372315518	0.4435064150855191								all_zero_expression_profile	Neofunctionalization(Parent)	discordant
PD	Pbre1_09G100000	Pbre1_09G098800	Prupe.3G261300.1	0.0136068333333333	0.0	8.2963865	1.0		0.8745391939179011								all_zero_expression_profile	Specialization	discordant
PD	Pbre1_09G109400	Pbre1_09G109800	Prupe.3G255700.1	0.9013725	1.6296696666666666	0.0288033333333333	0.5786505423071996	0.3589344343375695	0.8813144258607017	0.520437636183047	0.4665931560892252	0.4781267914436085	Specialization	Specialization	Specialization	Specialization	classified	Specialization	Specialization
PD	Pbre1_09G137400	Pbre1_09G137800	Prupe.3G240000.1														missing_expression_record		discordant
PD	Pbre1_09G139200	Pbre1_09G139600	Prupe.3G239500.1	0.9667506666666668	0.6228341666666667	3.821580833333333	0.9971163646411544	0.9922790960345204	0.8857967485467944	1.0711393680290284	1.068317430608296	0.8320828337879353	Specialization	Specialization	Specialization	Specialization	classified	Subfunctionalization	discordant
PD	Pbre1_09G157600	Pbre1_09G158000	Prupe.3G230300.1	0.0537811666666666	0.0491806666666666	317.1511533333333	0.836922436441989	0.7844706677556538	0.5978427653911418	0.2702837017129473	0.3212961884416521	0.2192097256801495	Conservation	Specialization	Specialization	discordant	classified	Conservation	discordant
PD	Pbre1_09G174000	Pbre1_09G174400	Prupe.3G217800.1	10.500567833333331	0.0	17.773463500000002	0.6386229595604959		0.6260276728633587								all_zero_expression_profile	Neofunctionalization(Child)	discordant
PD	Pbre1_09G174000	Pbre1_09G174600	Prupe.3G217800.1	10.500567833333331	0.025693	17.773463500000002	0.6386229595604959	0.8732902405425452	0.6260276728633587	0.1846491680444594	0.7191162593142767	0.1851391347344498	Neofunctionalization(Child)	Neofunctionalization(Child)	Neofunctionalization(Child)	Neofunctionalization(Child)	classified	Conservation	discordant
PD	Pbre1_09G198400	Pbre1_09G199000	Prupe.3G205800.1	0.0475048333333333	0.0121195	0.0136333333333333	1.0	0.8554513148542998	1.0	0.0	1.2300206006669965	0.2500193098419045	Neofunctionalization(Child)	Conservation	Conservation	discordant	classified	Subfunctionalization	discordant
PD	Pbre1_09G232200	Pbre1_09G232600	Prupe.3G186800.1	0.0697461666666666	0.2506681666666667	96.00105216666668	0.7266900412825879	0.6827576008212549	0.7901072537728586	0.5707056234754043	0.621165677842242	0.5962631965143608	Specialization	Specialization	Specialization	Specialization	classified	Specialization	Specialization
PD	Pbre1_09G258200	Pbre1_09G258800	Prupe.3G170800.1	0.5157758333333333	0.0	52.56739816666666	0.478126184547379		0.6817295463155789								all_zero_expression_profile	Conservation	discordant
PD	Pbre1_09G264200	Pbre1_09G264600	Prupe.3G168500.1	5.896096333333333	5.726332833333333	25.44063883333333	0.3265072663946347	0.7274452643190816	0.3938918296434769	0.1916300966182774	0.3479735695296444	0.2128999925284709	Conservation	Neofunctionalization(Child)	Neofunctionalization(Child)	discordant	classified	Specialization	discordant
PD	Pbre1_09G398800	Pbre1_09G399200	Prupe.3G113400.1	1.4877335	6.809566833333333	14.939591666666669	0.9196929321578088	0.8053391275990981	0.8095978913877223	0.3574714510123933	0.287276381697862	0.2385867486856513	Conservation	Specialization	Specialization	discordant	classified	Conservation	discordant
PD	Pbre1_09G399000	Pbre1_09G399400	Prupe.3G113500.1	0.2814885	0.0025716666666666	120.92201466666668	0.9048925364815078	1.0	0.8836033748131967	0.7779236634693697	1.191332173307309	0.7816257207602171	Specialization	Specialization	Specialization	Specialization	classified	Conservation	discordant
PD	Pbre1_09G424800	Pbre1_09G425200	Prupe.3G155800.1	0.043161	0.0308113333333333	1.6565368333333332	0.932405412526931	0.8822946114782131	0.6236818079950412	0.7509469522242934	0.8339107945700901	0.5811653440551805	Specialization	Specialization	Specialization	Specialization	classified	Subfunctionalization	discordant
PD	Pbre1_09G440600	Pbre1_09G441000	Prupe.3G151000.1	5.796173666666666	10.2642245	20.30737866666667	0.981149463276582	0.8380573938357381	0.9727212351048582	1.2674923688281647	0.5555636140722687	0.6944222947348548	Specialization	Specialization	Specialization	Specialization	classified	Conservation	discordant
PD	Pbre1_09G459800	Pbre1_09G460400	Prupe.3G016700.1	0.029218	2.2081335	13.385415666666669	0.8123091212667383	0.7726505466616713	0.7808389922139515	0.5766269998918482	0.6726758261974137	0.6702123209187418	Specialization	Specialization	Specialization	Specialization	classified	Subfunctionalization	discordant
PD	Pbre1_09G467800	Pbre1_09G468400	Prupe.3G013100.1	1.6312483333333334	1.0207253333333333	0.7872558333333334	0.600474903991662	0.9609074998662894	0.9035194835559196	0.6338236575406928	0.95283908665243	0.687421579266113	Specialization	Specialization	Specialization	Specialization	classified	Subfunctionalization	discordant
PD	Pbre1_10G041400	Pbre1_10G041800	Prupe.8G034100.1	3.2544271666666664	0.5551429999999999	4059.490699666667	0.9017567906375776	0.7981546416565276	0.7611573714666621	0.8117658607795468	0.6955967533123144	0.7877638821222771	Specialization	Specialization	Specialization	Specialization	classified	Conservation	discordant
PD	Pbre1_10G056600	Pbre1_10G057400	Prupe.8G045100.1	4.1852805	15.983064166666669	29.0742545	0.7863237518761209	0.6552715140915084	0.5902089266998178	0.1941238223476564	0.2712825866997191	0.2138391892804212	Conservation	Neofunctionalization(Parent)	Conservation	discordant	classified	Conservation	discordant
PD	Pbre1_10G069000	Pbre1_10G070200	Prupe.8G056100.1	18.39070733333333	2.9011826666666667	33.135155833333336	0.9556996944736356	0.8771585210243626	0.6795807609652591	0.6657539726039442	0.4880491723237852	0.6399291142293914	Specialization	Neofunctionalization(Child)	Conservation	discordant	classified	Conservation	discordant
PD	Pbre1_10G069000	Pbre1_10G070400	Prupe.8G056100.1	18.39070733333333	2.9544916666666667	33.135155833333336	0.9556996944736356	0.9196956759611522	0.6795807609652591	0.6657539726039442	0.5534101897499245	0.6500750524658105	Specialization	Neofunctionalization(Child)	Conservation	discordant	classified	Subfunctionalization	discordant
PD	Pbre1_10G072600	Pbre1_10G073000	Prupe.8G058900.1														missing_expression_record		discordant
PD	Pbre1_10G072800	Pbre1_10G073200	Prupe.8G059200.1	1.6250923333333334	14.7194245	31.990055666666667	0.8193168355274729	0.5168770189395749	0.3573973298181198	0.5293257022531499	0.1769502126837994	0.1901582505602259	Neofunctionalization(Parent)	Neofunctionalization(Parent)	Neofunctionalization(Parent)	Neofunctionalization(Parent)	classified	Neofunctionalization(Parent)	Neofunctionalization(Parent)
PD	Pbre1_10G079800	Pbre1_10G080400	Prupe.8G066500.1	4.3724615	1.1396906666666666	1.3590261666666668	0.9418525243178342	0.8439825837323565	0.9656587129439168	1.038315968940874	0.8582246250842179	0.9963968473048564	Specialization	Specialization	Specialization	Specialization	classified	Neofunctionalization(Parent)	discordant
PD	Pbre1_10G086600	Pbre1_10G087000	Prupe.8G073700.1	0.1779938333333333	4.469398833333333	5.447798833333334	0.7310377685758072	0.6219686210900979	0.6006769769263667	0.3596293445074357	0.4549847219803508	0.4432491067147503	Neofunctionalization(Child)	Neofunctionalization(Parent)	Neofunctionalization(Parent)	discordant	classified	Neofunctionalization(Parent)	discordant
PD	Pbre1_10G142000	Pbre1_10G142400	Prupe.8G111400.1	7.097373	41.31962983333333	28.17491233333333	0.8660718585286175	0.9637386608646036	0.8730819943270992	0.7662331289710198	0.9883062490843402	0.9528456241069518	Specialization	Specialization	Neofunctionalization(Parent)	Specialization	classified	Neofunctionalization(Child)	discordant
PD	Pbre1_10G147800	Pbre1_10G148400	Prupe.8G115900.1	33.9057045	20.790047333333334	35.0063095	0.810541605852747	0.309718940108323	0.521383323354889	0.4480807334279025	0.1690417345093901	0.3237676852622046	Neofunctionalization(Parent)	Conservation	Conservation	discordant	classified	Neofunctionalization(Child)	discordant
PD	Pbre1_10G173600	Pbre1_10G172400	Prupe.8G136000.1	112.45829966666666	35.27874533333333	88.8324005	0.5996986909117117	0.6815570120628129	0.5262550014951797	0.2868876606154553	0.3686089000363544	0.3041970881102597	Conservation	Conservation	Conservation	Conservation	classified	Neofunctionalization(Child)	discordant
PD	Pbre1_10G175000	Pbre1_10G175400	Prupe.8G137300.1	3.106022	2.6277555	19.545846	0.7133565015708869	0.4040903205288385	0.5242100783016862	0.3053101805343318	0.218032197942506	0.1600192207864697	Conservation	Neofunctionalization(Parent)	Neofunctionalization(Parent)	discordant	classified	Conservation	discordant
PD	Pbre1_10G188800	Pbre1_10G189400	Prupe.8G146200.1	19.75424083333333	15.873765166666669	33.17528683333333	0.3415025861118926	0.3819394336424612	0.1936847832931177	0.1581423555829124	0.17847327985699	0.1622336518942976	Conservation	Conservation	Conservation	Conservation	classified	Neofunctionalization(Child)	discordant
PD	Pbre1_10G198800	Pbre1_10G199600	Prupe.8G152700.1														missing_expression_record		discordant
PD	Pbre1_10G199000	Pbre1_10G199800	Prupe.8G153900.1	2.545341833333333	0.0	13.333713333333334	0.9179914119882056		0.8934015395824482								all_zero_expression_profile	Subfunctionalization	discordant
PD	Pbre1_10G199200	Pbre1_10G200200	Prupe.8G154900.1														missing_expression_record		discordant
PD	Pbre1_10G204800	Pbre1_10G205200	Prupe.8G157700.1														missing_expression_record		discordant
PD	Pbre1_10G229400	Pbre1_10G230000	Prupe.8G170600.1	0.0583471666666666	9.568231833333334	38.192154	1.0	0.996325460891262	0.4570054703348264	0.8736218651243683	0.8524471255933905	0.8525752214581431	Specialization	Specialization	Specialization	Specialization	classified	Neofunctionalization(Parent)	discordant
PD	Pbre1_10G234600	Pbre1_10G235000	Prupe.8G174300.1	16.227543999999998	0.0	17.648206	0.8952045298372404		0.8315872656518526								all_zero_expression_profile	Subfunctionalization	discordant
PD	Pbre1_10G238800	Pbre1_10G237600	Prupe.8G176300.1	1.6171576666666667	0.3550111666666666	41.702132	0.7276132824024624	0.7563270870456792	0.7920955118706894	0.5940557824163428	0.5055340240847029	0.56505227563973	Specialization	Specialization	Specialization	Specialization	classified	Conservation	discordant
PD	Pbre1_10G255600	Pbre1_10G256000	Prupe.8G183500.1	4.457220833333333	0.318656	19.70306083333333	0.4451518893553963	0.9632815329271924	0.7998685897745075	0.3119311713612183	0.4784412826020797	0.2732816524228546	Neofunctionalization(Child)	Specialization	Neofunctionalization(Child)	discordant	classified	Neofunctionalization(Parent)	discordant
PD	Pbre1_10G255800	Pbre1_10G256200	Prupe.8G183600.1	2.592791833333333	4.1515535	9.747962833333334	0.9984749032985965	0.8577634748657104	1.0	0.0089549746581402	0.5587062229618085	0.3461236093069811	Neofunctionalization(Child)	Neofunctionalization(Child)	Neofunctionalization(Child)	Neofunctionalization(Child)	classified	Subfunctionalization	discordant
PD	Pbre1_10G266200	Pbre1_10G264800	Prupe.8G188300.1	3.4650046666666667	4.409093666666667	5.057752166666666	0.3529607424926714	0.0784682475770931	0.8421485112817244	0.4872593483929626	0.4432181719934516	0.458798925755208	Specialization	Conservation	Conservation	discordant	classified	Specialization	discordant
PD	Pbre1_10G281200	Pbre1_10G282200	Prupe.8G196700.1	0.0244638333333333	13.215924166666667	44.81438716666667	0.8979307506302412	0.4219314140616177	0.3196555730150984	0.5012893458453651	0.1911873450587264	0.1903302833238055	Neofunctionalization(Parent)	Neofunctionalization(Parent)	Neofunctionalization(Parent)	Neofunctionalization(Parent)	classified	Neofunctionalization(Child)	discordant
PD	Pbre1_10G296600	Pbre1_10G297600	Prupe.8G206400.1	2.9237266666666666	22.50568733333333	229.69338033333327	0.572234301885334	0.5892933315722291	0.8836239773256949	0.5439277130002306	0.3565673334612019	0.3685178542965766	Neofunctionalization(Parent)	Conservation	Conservation	discordant	classified	Neofunctionalization(Parent)	discordant
PD	Pbre1_10G296800	Pbre1_10G297800	Prupe.8G206500.1	0.0153336666666666	14.156173	24.43750333333333	0.8390946179193473	0.2091030833554895	0.2938548690964228	0.5679732403334607	0.118835533983754	0.1184024012312344	Neofunctionalization(Parent)	Neofunctionalization(Parent)	Neofunctionalization(Parent)	Neofunctionalization(Parent)	classified	Conservation	discordant
PD	Pbre1_10G307800	Pbre1_10G308200	Prupe.8G213400.1	22.30514133333333	13.636635833333331	21.73264633333333	0.5993513861888496	0.6904322236891757	0.2990708736504378	0.1331459865675132	0.2771367491907009	0.1201391104045889	Conservation	Conservation	Conservation	Conservation	classified	Subfunctionalization	discordant
PD	Pbre1_10G314200	Pbre1_10G314600	Prupe.8G216900.1	0.092234	13.3973895	9.577382	0.8745361997935726	0.8763067187960033	0.7937210193899589	0.5401129196375175	0.4239857844305114	0.4187766080222016	Specialization	Specialization	Neofunctionalization(Parent)	Specialization	classified	Neofunctionalization(Child)	discordant
PD	Pbre1_10G331800	Pbre1_10G332200	Prupe.8G227600.1	6.202724833333333	1.8358386666666664	17.269633166666665	0.6666946815559714	0.626100598046768	0.8077537213414843	0.4285599596464068	0.3237619781423956	0.4028141881403446	Neofunctionalization(Parent)	Neofunctionalization(Child)	Neofunctionalization(Child)	discordant	classified	Specialization	discordant
PD	Pbre1_10G332000	Pbre1_10G332400	Prupe.8G227700.1	1.723215333333333	6.217571666666666	28.535212	0.4797402986426284	0.2505416278804899	0.6990152889618754	0.3068149381255738	0.2651259050975313	0.2713109842263301	Conservation	Neofunctionalization(Parent)	Conservation	discordant	classified	Conservation	discordant
PD	Pbre1_10G348600	Pbre1_10G349000	Prupe.4G144400.1	0.0322166666666666	1.106269	4.490178333333334	0.955238999683444	0.6125306065190944	0.9007129392299207	1.0384229403392835	0.5125498136221763	0.521428072053121	Specialization	Specialization	Specialization	Specialization	classified	Neofunctionalization(Parent)	discordant
PD	Pbre1_10G365800	Pbre1_10G366800	Prupe.4G132800.1	6.227762833333333	0.041262	18.702218	0.2908589991915032	0.9111380766807458	0.8211808199588241	0.4256257683622627	0.8351413973764024	0.4271405524163335	Specialization	Neofunctionalization(Child)	Neofunctionalization(Child)	discordant	classified	Neofunctionalization(Child)	discordant
PD	Pbre1_10G372200	Pbre1_10G372800	Prupe.4G129200.1	8.345482333333333	25.20437	45.505943333333335	0.6401798923277828	0.6869531517284841	0.4047253185824195	0.1325092643459516	0.2281091081663003	0.1871299261992784	Conservation	Conservation	Conservation	Conservation	classified	Neofunctionalization(Child)	discordant
PD	Pbre1_10G372600	Pbre1_10G373000	Prupe.4G128800.1	14.235374833333331	0.4697576666666666	0.303524	0.922558037837624	0.9486749810182934	0.806522013903518	0.6806832349867624	0.3689651507697683	0.6514836480541699	Neofunctionalization(Parent)	Specialization	Specialization	discordant	classified	Neofunctionalization(Child)	discordant
PD	Pbre1_10G376200	Pbre1_10G376600	Prupe.4G127500.1	1.7484693333333332	0.0291923333333333	26.395592166666667	0.4451917272540857	0.9525968614489316	0.3229041030934783	0.121159950283077	0.6980593874846941	0.118796595618364	Neofunctionalization(Child)	Specialization	Specialization	discordant	classified	Specialization	discordant
PD	Pbre1_10G376400	Pbre1_10G377200	Prupe.4G127100.1	0.1005286666666666	0.6470876666666666	0.0910089999999999	0.9711491071479388	0.9861069915137518	0.9459173987492556	0.2157850216395235	1.2140558229935408	1.0590312288177923	Neofunctionalization(Child)	Neofunctionalization(Child)	Specialization	Neofunctionalization(Child)	classified	Subfunctionalization	discordant
PD	Pbre1_10G378200	Pbre1_10G378600	Prupe.4G126700.1	8.984387	13.1904025	91.46922783333332	0.484452308498953	0.5760279771245622	0.3510696972526751	0.190497042030571	0.3111729750500791	0.2376206334262558	Conservation	Conservation	Conservation	Conservation	classified	Neofunctionalization(Child)	discordant
PD	Pbre1_10G424600	Pbre1_10G425400	Prupe.4G091800.1	2.017656	35.14994216666666	32.32807783333333	0.9042385170412504	0.5192151108670023	0.4687196653117181	0.5895818546968447	0.2299564306707384	0.2162167131453057	Neofunctionalization(Parent)	Neofunctionalization(Parent)	Neofunctionalization(Parent)	Neofunctionalization(Parent)	classified	Neofunctionalization(Parent)	Neofunctionalization(Parent)
PD	Pbre1_10G443600	Pbre1_10G444000	Prupe.4G082500.1	14.054714666666667	31.973924166666663	44.97345033333334	0.8993371181211073	0.917799515897722	0.7923895533055655	0.2304154476897097	0.248521649691658	0.2402614726037663	Conservation	Specialization	Specialization	discordant	classified	Neofunctionalization(Parent)	discordant
PD	Pbre1_10G461600	Pbre1_10G462200	Prupe.4G072300.1	0.2080578333333333	1.71428	33.27979833333333	0.9947781614571304	0.999414176004618	0.6029056703507691	1.0788546687255591	1.1021748011853385	1.0996236375440598	Specialization	Specialization	Specialization	Specialization	classified	Neofunctionalization(Parent)	discordant
PD	Pbre1_10G491000	Pbre1_10G492000	Prupe.4G055000.1	38.33849983333333	1.893496	32.675181	0.3852706909815244	0.3489510374264572	0.4026494180145734	0.1125951326135628	0.0689120974752623	0.107838220838895	Conservation	Neofunctionalization(Child)	Conservation	discordant	classified	Neofunctionalization(Parent)	discordant
PD	Pbre1_10G491400	Pbre1_10G492200	Prupe.4G054900.1	0.0121435	2.5787163333333334	98.73294616666666	1.0	0.7110240123606906	0.5751510192548801	1.0688117196957354	0.3603366373664241	0.3599250496194665	Neofunctionalization(Parent)	Specialization	Neofunctionalization(Parent)	discordant	classified	Neofunctionalization(Parent)	discordant
PD	Pbre1_10G512600	Pbre1_10G513200	Prupe.4G044200.1	7.920521666666667	1.850077333333333	65.8893315	0.3410785044472286	0.1292020911519615	0.4491988514946638	0.1408333145435084	0.1396441337687358	0.1351782894586587	Conservation	Conservation	Conservation	Conservation	classified	Neofunctionalization(Parent)	discordant
PD	Pbre1_10G531200	Pbre1_10G531600	Prupe.4G034300.1	1.872407333333333	5.959576	2.2789786666666667	0.955812212362817	0.9492288571859476	0.7082401474933733	0.4846596840315693	0.4731623158997176	0.4750448817640133	Specialization	Specialization	Specialization	Specialization	classified	Neofunctionalization(Child)	discordant
PD	Pbre1_10G536800	Pbre1_10G537400	Prupe.4G030500.1	0.4825856666666667	0.456579	15.833341	0.5731778570817787	0.706758792047209	0.3539589115446214	0.3392134587923878	0.4009979785566459	0.3351069434973804	Neofunctionalization(Child)	Specialization	Specialization	discordant	classified	Neofunctionalization(Child)	discordant
PD	Pbre1_10G572400	Pbre1_10G572800	Prupe.4G012000.1	1.1583663333333334	1.3188505	4.789170833333333	0.647308269146048	0.5423033959077559	0.5279827303288368	0.3086594751280959	0.3215185861137375	0.3072653107833629	Conservation	Specialization	Neofunctionalization(Parent)	discordant	classified	Neofunctionalization(Child)	discordant
PD	Pbre1_10G573000	Pbre1_10G573400	Prupe.4G011900.1	1.8998706666666667	2.074744	12.018785666666666	0.999291044188116	0.9993810181033832	0.9700128631356152	0.1703303093312874	0.169880321524025	0.1700827744644736	Conservation	Specialization	Specialization	discordant	classified	Neofunctionalization(Parent)	discordant
PD	Pbre1_11G019000	Pbre1_11G017400	Prupe.6G011600.1	0.1711071666666666	2.595384833333333	13.661080166666668	0.9114302940527506	0.7685843853474529	0.9214178776816996	0.7648279752764308	0.5825536133843751	0.5917989391154419	Specialization	Specialization	Specialization	Specialization	classified	Neofunctionalization(Parent)	discordant
PD	Pbre1_11G032800	Pbre1_11G031400	Prupe.6G017800.1	1.609054166666667	0.014048	43.706755666666666	0.5819960395050885	1.0	0.3386760893155998	0.2078567425564613	0.9132100272705186	0.2025032251535039	Neofunctionalization(Child)	Specialization	Specialization	discordant	classified	Conservation	discordant
PD	Pbre1_11G061000	Pbre1_11G061600	Prupe.6G032700.1	3.2229688333333333	3.301991833333333	48.48980183333333	0.8918997595462926	0.9629867877847212	0.6670263749562998	0.5930799758971124	0.788208265037234	0.5329969019561345	Specialization	Specialization	Specialization	Specialization	classified	Neofunctionalization(Child)	discordant
PD	Pbre1_11G061200	Pbre1_11G062000	Prupe.6G032800.1	0.0459323333333333	0.2395995	2.2942076666666664	1.0	0.784820322359852	0.7779675723006964	1.1236739679766896	0.2648521162356979	0.3724007156812108	Neofunctionalization(Parent)	Specialization	Specialization	discordant	classified	Conservation	discordant
PD	Pbre1_11G061400	Pbre1_11G062200	Prupe.6G032900.1	0.0629556666666666	27.8614725	45.94322033333333	0.6938983868374511	0.6556423848057487	0.474259304844751	0.5130821237365136	0.2895013275352098	0.2888910096412774	Neofunctionalization(Parent)	Neofunctionalization(Parent)	Neofunctionalization(Parent)	Neofunctionalization(Parent)	classified	Neofunctionalization(Parent)	Neofunctionalization(Parent)
PD	Pbre1_11G082000	Pbre1_11G082600	Prupe.6G048400.1	1.2197755	8.649669666666666	11.0790985	0.9972062513534194	0.9999117496153456	0.6176580651963294	0.9330909630522264	0.9477596924738848	0.945943969126379	Specialization	Specialization	Specialization	Specialization	classified	Conservation	discordant
PD	Pbre1_11G096400	Pbre1_11G096800	Prupe.6G053100.1	8.524177	6.6905133333333335	19.285471333333334	0.4365624708925334	0.4749512155826929	0.6678903739324988	0.2187382702020238	0.4054710758934544	0.2914518948363261	Neofunctionalization(Child)	Conservation	Conservation	discordant	classified	Conservation	discordant
PD	Pbre1_11G113200	Pbre1_11G114000	Prupe.6G059400.1	3.617305333333333	3.134563	15.0797245	0.2640680237727872	0.3108152422125207	0.7447752190985378	0.3802329368565383	0.3390364490333882	0.3574591607729989	Conservation	Conservation	Conservation	Conservation	classified	Specialization	discordant
PD	Pbre1_11G115200	Pbre1_11G116000	Prupe.6G060100.1	2.695626	10.358149333333332	28.908501666666663	0.9431865811614656	0.9372595305989436	0.8597504273618618	0.2880818209719616	0.3041527813746685	0.2995575974207715	Conservation	Neofunctionalization(Parent)	Neofunctionalization(Parent)	discordant	classified	Subfunctionalization	discordant
PD	Pbre1_11G118600	Pbre1_11G119000	Prupe.6G061500.1	0.3491095	37.03944916666666	75.52110716666667	0.9615365480889916	0.7805337451502268	0.7530936674798154	0.4752541592777207	0.467171162123389	0.4623326033461543	Specialization	Neofunctionalization(Parent)	Neofunctionalization(Parent)	discordant	classified	Conservation	discordant
PD	Pbre1_11G132600	Pbre1_11G133000	Prupe.6G067600.1	2.1553068333333334	1.3667621666666667	0.9894836666666668	0.4932947150833867	0.8030809895370747	0.4553409815688519	0.2178826356867412	0.5592064828067944	0.3057157734941148	Neofunctionalization(Child)	Specialization	Specialization	discordant	classified	Subfunctionalization	discordant
PD	Pbre1_11G163800	Pbre1_11G162400	Prupe.6G083500.1	263.49667216666666	186.39717116666668	113.76950683333334	0.2687914265859947	0.3186438258612991	0.6481160582793974	0.2499748310649132	0.2557891566173113	0.2456738643608507	Conservation	Conservation	Conservation	Conservation	classified	Conservation	Conservation
PD	Pbre1_11G168600	Pbre1_11G169400	Prupe.6G086100.1	2.4038766666666667	0.0167938333333333	8.117007833333334	0.5978786490398815	0.8095743650347753	0.5764175644905344	0.132467157735358	0.6869430321469866	0.1317570575862942	Neofunctionalization(Child)	Specialization	Neofunctionalization(Child)	discordant	classified	Conservation	discordant
PD	Pbre1_11G189400	Pbre1_11G187600	Prupe.6G093900.1	3.7104441666666665	1.3464665	3.6707055	0.7091638783008829	0.8617298683125453	0.902988177843522	0.4333585598922287	0.8342569547771166	0.5117866193112066	Specialization	Specialization	Specialization	Specialization	classified	Specialization	Specialization
PD	Pbre1_11G191600	Pbre1_11G190200	Prupe.6G094600.1	0.1471133333333333	2.5265511666666667	9.490242666666669	0.928318379784238	0.8569320378681968	0.59563491657051	0.6109574922655342	0.5209921415386453	0.5240644218176925	Specialization	Specialization	Specialization	Specialization	classified	Specialization	Specialization
PD	Pbre1_11G192400	Pbre1_11G192800	Prupe.6G094800.1	6.765134833333334	0.3094973333333333	1.0008481666666666	0.4363236120966262	0.7600669026263546	0.4341458748749368	0.1979489643914679	0.2535103304179325	0.1848300496864047	Conservation	Specialization	Neofunctionalization(Child)	discordant	classified	Subfunctionalization	discordant
PD	Pbre1_11G222400	Pbre1_11G222800	Prupe.6G113600.1	61.18269933333333	0.4931101666666666	74.0458	0.4428240077769442	0.7736526333460862	0.6338614587546813	0.2283070388803382	0.3071691716702915	0.2255555659690387	Conservation	Neofunctionalization(Child)	Neofunctionalization(Child)	discordant	classified	Subfunctionalization	discordant
PD	Pbre1_11G274400	Pbre1_11G275000	Prupe.6G150900.1	5.048028333333333	0.2780588333333333	11.307663166666666	0.9208757896863224	0.984602741989834	0.6327303865671958	0.6559979236763306	0.9083433956250968	0.6681970687641945	Specialization	Specialization	Specialization	Specialization	classified	Specialization	Specialization
PD	Pbre1_11G274400	Pbre1_11G275200	Prupe.6G150900.1	5.048028333333333	0.0196988333333333	11.307663166666666	0.9208757896863224	0.9362970069499448	0.6327303865671958	0.6559979236763306	0.7536546423462303	0.6560868386251183	Specialization	Specialization	Specialization	Specialization	classified	Specialization	Specialization
PD	Pbre1_11G283800	Pbre1_11G285200	Prupe.6G155800.1	1.1686396666666667	0.0	28.14108416666667	0.5745009585200345		0.5272324183385297								all_zero_expression_profile	Subfunctionalization	discordant
PD	Pbre1_11G284200	Pbre1_11G285000	Prupe.6G156800.1	28.606101666666667	35.901952666666666	67.855632	0.5125149366429986	0.4766202581452108	0.4856514858128229	0.1721713196730367	0.1872177143985026	0.1786244518774844	Conservation	Conservation	Conservation	Conservation	classified	Subfunctionalization	discordant
PD	Pbre1_11G297200	Pbre1_11G295400	Prupe.4G259400.1	1.6968125	2.104174	36.6022005	0.9591905666636508	0.9514450295774464	0.8057346310155629	0.6299491427826597	0.6198439264580403	0.6232243510456632	Specialization	Specialization	Specialization	Specialization	classified	Conservation	discordant
PD	Pbre1_11G323600	Pbre1_11G324000	Prupe.4G237500.1	0.1580035	2.4129056666666666	11.129682166666669	0.7904903423951897	0.550176500093698	0.6802151898955866	0.4416077320666193	0.4150420460489402	0.402244205476553	Specialization	Specialization	Neofunctionalization(Parent)	Specialization	classified	Conservation	discordant
PD	Pbre1_11G334400	Pbre1_11G335600	Prupe.4G227500.1	1.4881988333333334	6.338653833333334	32.139702166666666	0.8165836750791862	0.3138941845576783	0.5079301943300785	0.4745371124997689	0.1852906634336757	0.2191022545140024	Neofunctionalization(Parent)	Neofunctionalization(Parent)	Neofunctionalization(Parent)	Neofunctionalization(Parent)	classified	Conservation	discordant
PD	Pbre1_11G345000	Pbre1_11G345400	Prupe.4G219200.1	0.271048	0.3121168333333333	26.742943333333333	0.5795943280701018	0.4286221519235007	0.4579091797270189	0.3173079298527168	0.3279672226980662	0.3176581302484658	Conservation	Specialization	Specialization	discordant	classified	Subfunctionalization	discordant
PD	Pbre1_11G355000	Pbre1_11G355600	Prupe.4G213500.1	53.28672583333333	17.7743605	273.2370725	0.4730869908396035	0.4652894073345218	0.3464778155887107	0.1375666628902032	0.0995050172204658	0.121763551608959	Conservation	Conservation	Conservation	Conservation	classified	Conservation	Conservation
PD	Pbre1_11G356200	Pbre1_11G356800	Prupe.4G212700.1	0.037787	78.75446166666667	137.81041583333334	0.6777194194885972	0.411279196862982	0.2930084723092518	0.3803585332908383	0.1572984671747707	0.1573172935653618	Conservation	Neofunctionalization(Parent)	Neofunctionalization(Parent)	discordant	classified	Neofunctionalization(Parent)	discordant
PD	Pbre1_11G398800	Pbre1_11G400400	Prupe.4G185200.1	19.644131666666667	0.4316228333333333	34.71708616666667	0.2474128056670573	0.4664112536576937	0.4278392610596279	0.1574116312849123	0.1668515670896495	0.1555693141808679	Conservation	Neofunctionalization(Child)	Neofunctionalization(Child)	discordant	classified	Subfunctionalization	discordant
PD	Pbre1_11G400000	Pbre1_11G401000	Prupe.4G184700.1	10.939705833333331	97.31215233333332	77.59518583333333	0.8080592505669231	0.7333331023468803	0.6991082287653752	0.4979699439674816	0.4234376256809863	0.4298423572742793	Specialization	Conservation	Conservation	discordant	classified	Neofunctionalization(Parent)	discordant
PD	Pbre1_11G412600	Pbre1_11G413000	Prupe.4G177700.1	0.704814	14.343493833333332	5.72331	0.9431529463211982	0.6762385266802088	0.5298076858334839	0.7551014285095425	0.3665571781127134	0.3659302710303252	Neofunctionalization(Parent)	Specialization	Specialization	discordant	classified	Subfunctionalization	discordant
PD	Pbre1_11G419400	Pbre1_11G419800	Prupe.4G173600.1	0.0526845	0.0156906666666666	0.2685483333333333	0.8689892405560355	1.0	0.8440034996708011	0.7757038352835006	1.038616733568749	0.8210939125888022	Specialization	Conservation	Specialization	discordant	classified	Subfunctionalization	discordant
PD	Pbre1_11G423200	Pbre1_11G423800	Prupe.4G171500.1	0.1124583333333333	4.472818999999999	16.774363833333332	1.0	0.3426401859828553	0.6065074955521018	0.9707267191757148	0.2085523438145825	0.2114407933521712	Neofunctionalization(Parent)	Neofunctionalization(Parent)	Neofunctionalization(Parent)	Neofunctionalization(Parent)	classified	Subfunctionalization	discordant
PD	Pbre1_11G444400	Pbre1_11G442800	Prupe.4G157100.1	2.4575068333333334	1.072574666666667	0.2463783333333333	0.6167540445393773	0.8649362056393531	0.7812900877629028	0.6538499048935553	0.7644365374630283	0.6544876253835752	Specialization	Specialization	Specialization	Specialization	classified	Subfunctionalization	discordant
PD	Pbre1_11G445000	Pbre1_11G443800	Prupe.4G156900.1	20.139450666666665	1.8275816666666669	92.76752216666668	0.8775092918101433	0.5508604045205091	0.6945741404385626	0.3284560036096969	0.4026778308016996	0.3001985976439915	Neofunctionalization(Child)	Conservation	Conservation	discordant	classified	Subfunctionalization	discordant
PD	Pbre1_11G474200	Pbre1_11G475600	Prupe.8G241100.1	1.7776066666666668	0.0799163333333333	5.679007	0.9334318064378668	0.7206290333061739	0.8699350521442207	0.782292971217288	0.7654076549403983	0.7636263122364252	Specialization	Specialization	Specialization	Specialization	classified	Subfunctionalization	discordant
PD	Pbre1_11G478400	Pbre1_11G478800	Prupe.8G242400.1	3.0703481666666668	0.2215188333333333	2.5033238333333334	1.0	0.9538465384950172	0.992576488745782	0.0400915584201886	0.1954789470026899	0.0280784028899008	Conservation	Conservation	Conservation	Conservation	classified	Conservation	Conservation
PD	Pbre1_11G485400	Pbre1_11G485800	Prupe.8G246000.1	22.92619	318.6052495	50.365085	0.2195377697320611	0.3649246191761233	0.6777365872252915	0.2497245150103395	0.3451205725274879	0.3383926793788279	Conservation	Conservation	Conservation	Conservation	classified	Specialization	discordant
PD	Pbre1_11G492000	Pbre1_11G490800	Prupe.8G249600.1	39.32348283333333	6.389904	69.046992	0.385252339537424	0.3161841356818352	0.3679133824166653	0.1863661114461644	0.1760738120087087	0.1720546753220003	Conservation	Conservation	Conservation	Conservation	classified	Conservation	Conservation
PD	Pbre1_11G517000	Pbre1_11G517600	Prupe.8G260100.1	4.595841	0.4444993333333333	339.2121453333333	0.9861986019776694	0.9898131327977908	0.6937360273941986	0.9810090163671198	0.9958810320099276	0.9823107111854849	Specialization	Specialization	Specialization	Specialization	classified	Subfunctionalization	discordant
PD	Pbre1_12G034400	Pbre1_12G035000	Prupe.7G115700.1	16.207871	53.711851333333335	159.432166	0.6106777332728299	0.3656028754820432	0.6088743063908595	0.3158171792815901	0.1842843526164157	0.1993177577275244	Conservation	Conservation	Conservation	Conservation	classified		discordant
PD	Pbre1_12G037000	Pbre1_12G037400	Prupe.7G115200.1	35.114987666666664	0.5246181666666667	8.136589666666667	0.9612920574688244	0.6292857162283323	0.7321571635231122	0.8500581306762522	0.3883677478988704	0.8408500278442281	Neofunctionalization(Parent)	Specialization	Specialization	discordant	classified	Subfunctionalization	discordant
PD	Pbre1_12G069400	Pbre1_12G070200	Prupe.7G094800.1	1.4240611666666667	0.0076035	25.58002933333333	0.4576357966822681	1.0	0.4575623965169518	0.175556966206148	0.8129937023100342	0.1752195193662769	Neofunctionalization(Child)	Specialization	Neofunctionalization(Child)	discordant	classified	Subfunctionalization	discordant
PD	Pbre1_12G072400	Pbre1_12G072800	Prupe.7G093900.1	0.0	0.0	0.0628601666666666			0.8819421078152342								all_zero_expression_profile	Subfunctionalization	discordant
PD	Pbre1_12G177400	Pbre1_12G177800	Prupe.7G122600.1	32.0474135	0.0425395	66.443973	0.6136043874836792	0.7489157520810138	0.7078962711959937	0.0892405018458245	0.59352721500808	0.0894349359815194	Neofunctionalization(Child)	Neofunctionalization(Child)	Neofunctionalization(Child)	Neofunctionalization(Child)	classified	Subfunctionalization	discordant
PD	Pbre1_12G177400	Pbre1_12G178000	Prupe.7G122600.1	32.0474135	0.0731643333333333	66.443973	0.6136043874836792	0.8386470646340258	0.7078962711959937	0.0892405018458245	0.4519765490056315	0.0887797545395975	Neofunctionalization(Child)	Neofunctionalization(Child)	Neofunctionalization(Child)	Neofunctionalization(Child)	classified	Subfunctionalization	discordant
PD	Pbre1_12G182400	Pbre1_12G183400	Prupe.7G124700.1	2.2266298333333334	10.503230833333332	23.01911233333333	0.4083049356426006	0.3380352496689124	0.3007803889125046	0.1976177516525938	0.0827855568698633	0.0794392711507608	Conservation	Conservation	Conservation	Conservation	classified	Conservation	Conservation
PD	Pbre1_12G257400	Pbre1_12G258800	Prupe.6G262300.1	3.3266345	0.0	33.84169283333333	0.603065836852368		0.6160083226155628								all_zero_expression_profile	Subfunctionalization	discordant
PD	Pbre1_12G265400	Pbre1_12G265800	Prupe.6G267700.1	0.4690168333333333	0.187139	100.47963583333332	0.9961458902668228	0.8464522710849348	0.978126859622216	1.2749310397907518	0.6900252185441361	1.108081941559007	Specialization	Specialization	Specialization	Specialization	classified	Subfunctionalization	discordant
PD	Pbre1_12G283600	Pbre1_12G284000	Prupe.6G278400.1	0.0	5.2819666666666665	32.1960545		0.959297946394163	0.96170090097905								all_zero_expression_profile	Specialization	discordant
PD	Pbre1_12G286200	Pbre1_12G286600	Prupe.6G279300.1														missing_expression_record		discordant
PD	Pbre1_12G295200	Pbre1_12G296400	Prupe.6G283000.1														missing_expression_record		discordant
PD	Pbre1_12G307400	Pbre1_12G307800	Prupe.6G289400.1	8.1161955	1.326084	109.802231	0.8667922164301295	0.9905196670905944	0.9220812472932554	0.4156201511923276	1.1723434875758798	0.5111905267911784	Specialization	Specialization	Specialization	Specialization	classified	Conservation	discordant
PD	Pbre1_12G329400	Pbre1_12G329800	Prupe.6G303000.1	0.0	1.4021728333333332	11.776721333333333		1.0	0.6600964906855042								all_zero_expression_profile	Neofunctionalization(Parent)	discordant
PD	Pbre1_12G376400	Pbre1_12G376800	Prupe.6G331800.1	16.752189	0.9164926666666666	33.70868433333333	0.695054306343879	0.9455393369069478	0.503969170405449	0.2115283783692384	0.6821566604908399	0.1869514752117258	Neofunctionalization(Child)	Neofunctionalization(Child)	Neofunctionalization(Child)	Neofunctionalization(Child)	classified	Conservation	discordant
PD	Pbre1_12G380200	Pbre1_12G380600	Prupe.6G333600.1	20.978306166666663	14.546366166666669	15.101750833333334	0.7104906040091755	0.3557878165032866	0.2503970080284025	0.3299768825809078	0.1361496602225154	0.1819391132152925	Conservation	Conservation	Conservation	Conservation	classified	Neofunctionalization(Child)	discordant
PD	Pbre1_12G382800	Pbre1_12G382400	Prupe.6G334200.1	0.3341803333333333	0.2238806666666666	1.9919975	0.7699814273888108	0.5779379041912008	0.8904085992538662	0.2713986383789185	0.5946052663153887	0.3820848905215371	Neofunctionalization(Child)	Specialization	Specialization	discordant	classified	Neofunctionalization(Parent)	discordant
PD	Pbre1_12G385200	Pbre1_12G385600	Prupe.6G335700.1														missing_expression_record		discordant
PD	Pbre1_12G385400	Pbre1_12G386200	Prupe.6G335800.1	0.0393075	35.10062216666667	86.91819100000001	1.0	0.4236475385436866	0.6107302945056191	1.0155212037907606	0.2374996762440986	0.2375267467356936	Neofunctionalization(Parent)	Neofunctionalization(Parent)	Neofunctionalization(Parent)	Neofunctionalization(Parent)	classified	Neofunctionalization(Parent)	Neofunctionalization(Parent)
PD	Pbre1_12G388000	Pbre1_12G388400	Prupe.6G336800.1	19.829218166666667	0.5103131666666666	103.53016283333332	0.6477688177595416	0.9944049342079864	0.7519581639880597	0.3222175445382629	0.8410536689594533	0.3193725385745479	Neofunctionalization(Child)	Neofunctionalization(Child)	Neofunctionalization(Child)	Neofunctionalization(Child)	classified	Conservation	discordant
PD	Pbre1_12G388000	Pbre1_12G388600	Prupe.6G336800.1	19.829218166666667	0.0	103.53016283333332	0.6477688177595416		0.7519581639880597								all_zero_expression_profile	Neofunctionalization(Child)	discordant
PD	Pbre1_12G411800	Pbre1_12G412200	Prupe.6G350400.1	1.0233586666666663	21.092455666666662	58.004063	0.9277335331087118	0.2327507368073339	0.3655287129848591	0.7315722824331801	0.1182056695798416	0.1340056594532823	Neofunctionalization(Parent)	Neofunctionalization(Parent)	Neofunctionalization(Parent)	Neofunctionalization(Parent)	classified		discordant
PD	Pbre1_12G422000	Pbre1_12G423200	Prupe.6G356300.1	14.3492095	2.9687976666666667	85.25281	0.5213348793456518	0.6855022716966526	0.7002955217399037	0.2774621041255035	0.4992162146054446	0.2932635485559762	Neofunctionalization(Child)	Neofunctionalization(Child)	Conservation	Neofunctionalization(Child)	classified	Neofunctionalization(Child)	Neofunctionalization(Child)
PD	Pbre1_12G428000	Pbre1_12G428400	Prupe.6G359000.1	7.551273	14.156253333333334	21.5419125	0.4168178086004145	0.6289867981106535	0.2682117450046536	0.1902532628508198	0.3221876658996747	0.1587702618943187	Conservation	Neofunctionalization(Child)	Neofunctionalization(Child)	discordant	classified	Subfunctionalization	discordant
PD	Pbre1_13G069200	Pbre1_13G069800	Prupe.1G310900.1	8.2404695	0.0723868333333333	30.863258	0.8443581085345846	0.7458104794223299	0.8415387352236963	0.4653841651100924	0.5317106695317281	0.4609434425676786	Specialization	Specialization	Specialization	Specialization	classified	Subfunctionalization	discordant
PD	Pbre1_13G069400	Pbre1_13G070000	Prupe.1G310800.1	5.422992166666667	2.0028816666666667	30.294997833333333	0.426444495981074	0.3953115322058458	0.3274674648953475	0.2003485378600357	0.1767588904499081	0.1861068816385261	Conservation	Neofunctionalization(Child)	Conservation	discordant	classified	Neofunctionalization(Parent)	discordant
PD	Pbre1_13G069600	Pbre1_13G070400	Prupe.1G310500.1														missing_expression_record		discordant
PD	Pbre1_13G071800	Pbre1_13G072200	Prupe.1G309800.1														missing_expression_record		discordant
PD	Pbre1_13G096600	Pbre1_13G097000	Prupe.1G294200.1	0.8237273333333334	8.885494666666666	56.302029833333336	0.900071062508913	0.4579089955603685	0.3725595489480495	0.4945989881886904	0.140971199218675	0.091169881002785	Neofunctionalization(Parent)	Neofunctionalization(Parent)	Neofunctionalization(Parent)	Neofunctionalization(Parent)	classified	Neofunctionalization(Child)	discordant
PD	Pbre1_13G156600	Pbre1_13G157000	Prupe.1G255200.1	194.76879183333327	7.536542833333333	42.849038166666666	0.6459331078063253	0.9647146944487572	0.4196401437412019	0.4426368684888943	0.6601317106125248	0.4138989288966572	Specialization	Neofunctionalization(Child)	Neofunctionalization(Child)	discordant	classified	Specialization	discordant
PD	Pbre1_13G194800	Pbre1_13G195400	Prupe.1G232600.1	0.6424973333333334	4.8783655	5.764240333333333	0.69609468492062	0.438374707025342	0.8277624428244337	0.7778121979874536	0.5699670753097459	0.592174876852284	Specialization	Specialization	Specialization	Specialization	classified	Neofunctionalization(Child)	discordant
PD	Pbre1_13G195200	Pbre1_13G195600	Prupe.1G232400.1	11.321673833333334	30.290568666666665	14.567179333333334	0.5011829371880825	0.4437647516729893	0.6139757899390359	0.3772927253217339	0.3011759884180376	0.3028818838847457	Conservation	Conservation	Conservation	Conservation	classified	Neofunctionalization(Child)	discordant
PD	Pbre1_13G195800	Pbre1_13G196600	Prupe.1G232300.1	0.0	18.687525666666662	9.574775833333334		0.493967976068554	0.5133322269097474								all_zero_expression_profile	Neofunctionalization(Parent)	discordant
PD	Pbre1_13G201800	Pbre1_13G202200	Prupe.1G226900.1	0.2938801666666666	1.4267856666666667	2.9611816666666666	0.705279312719983	0.8824187434476505	0.7003626268526099	0.190463155382281	0.754251074599921	0.6295681144344603	Neofunctionalization(Child)	Specialization	Specialization	discordant	classified	Neofunctionalization(Child)	discordant
PD	Pbre1_13G277800	Pbre1_13G278200	Prupe.1G124100.1	16.594078500000002	34.597619333333334	6.303345333333334	0.8953661321402355	0.6610520872920994	0.9416149390825244	0.9872724650648712	0.848412423953721	0.8817373628298395	Specialization	Specialization	Specialization	Specialization	classified	Neofunctionalization(Child)	discordant
PD	Pbre1_13G350000	Pbre1_13G350400	Prupe.1G032000.1	45.518360666666666	10.567721	54.3286645	0.9804055299001904	0.9418786663362718	0.9992889835417754	0.1011456232432357	0.2650929788576141	0.1316379035231289	Conservation	Specialization	Specialization	discordant	classified	Neofunctionalization(Child)	discordant
PD	Pbre1_13G352800	Pbre1_13G353800	Prupe.1G033200.1	31.887949166666665	20.80625733333333	62.82057983333333	0.4225406558373006	0.5068951877375776	0.3270866785640883	0.065561497686247	0.0810953456560434	0.064953783485604	Conservation	Conservation	Conservation	Conservation	classified	Conservation	Conservation
PD	Pbre1_13G429400	Pbre1_13G429800	Prupe.1G086600.1	19.3681645	25.593749666666668	66.708958	0.6831492695355801	0.5370167191811315	0.725024322917684	0.0965561622771866	0.1578983070996452	0.1186936121860209	Conservation	Conservation	Conservation	Conservation	classified	Conservation	Conservation
PD	Pbre1_13G463200	Pbre1_13G464200	Prupe.1G098900.1	43.51493516666667	24.83332983333333	114.91367533333332	0.541993554329723	0.7297779544915253	0.870423384830052	0.5171093637932188	0.4274797870199306	0.4777900947747353	Specialization	Neofunctionalization(Child)	Neofunctionalization(Child)	discordant	classified	Conservation	discordant
PD	Pbre1_13G465200	Pbre1_13G466000	Prupe.1G098200.1	64.77776633333333	58.57756866666666	270.5806573333333	0.753583894026893	0.7275974430358676	0.4727991875050767	0.2465179598638629	0.2360674573777446	0.2335593110136766	Conservation	Conservation	Conservation	Conservation	classified	Neofunctionalization(Child)	discordant
PD	Pbre1_13G484800	Pbre1_13G485400	Prupe.1G006100.1	9.2374845	3.5589241666666664	10.085840833333332	0.3100877205306278	0.3171945669555668	0.4366524494368557	0.1663289767603161	0.1319405544590015	0.1555234689097958	Conservation	Conservation	Conservation	Conservation	classified	Neofunctionalization(Child)	discordant
PD	Pbre1_14G009600	Pbre1_14G010000	Prupe.7G008300.1	0.0950078333333333	0.0282691666666666	2.0342801666666666	0.7784112591891372	0.8031144337978076	0.5817593473606952	0.326380492704723	0.2776890868915782	0.2808286952044437	Conservation	Specialization	Specialization	discordant	classified	Specialization	discordant
PD	Pbre1_14G015200	Pbre1_14G015600	Prupe.7G015100.1	5.0073110000000005	7.622651333333334	7.917236000000001	0.4710119182949309	0.5698703282671371	0.6872001848105583	0.3053669935959893	0.3866038671326131	0.3366264974804645	Conservation	Neofunctionalization(Parent)	Conservation	discordant	classified	Neofunctionalization(Child)	discordant
PD	Pbre1_14G023000	Pbre1_14G023400	Prupe.7G119400.1	13.5220175	0.2713848333333333	11.882095833333334	0.5080101735985394	0.8379850174692441	0.9043003193184044	0.5940883348201541	0.694340983425386	0.591922721056577	Specialization	Specialization	Neofunctionalization(Child)	Specialization	classified	Neofunctionalization(Child)	discordant
PD	Pbre1_14G023200	Pbre1_14G023600	Prupe.7G119300.1														missing_expression_record		discordant
PD	Pbre1_14G080600	Pbre1_14G081400	Prupe.7G087600.1	49.67175983333333	0.0360965	71.04603949999999	0.5118187626398484	0.8999231030350054	0.3436465326267866	0.188382368074944	0.6458038128201637	0.1885132258270474	Neofunctionalization(Child)	Neofunctionalization(Child)	Neofunctionalization(Child)	Neofunctionalization(Child)	classified	Conservation	discordant
PD	Pbre1_14G080600	Pbre1_14G081600	Prupe.7G087600.1	49.67175983333333	0.0480768333333333	71.04603949999999	0.5118187626398484	0.8044062892132999	0.3436465326267866	0.188382368074944	0.5224221915119602	0.1878306516683099	Neofunctionalization(Child)	Neofunctionalization(Child)	Neofunctionalization(Child)	Neofunctionalization(Child)	classified	Neofunctionalization(Parent)	discordant
PD	Pbre1_14G098600	Pbre1_14G099000	Prupe.7G079300.1	8.322419	0.5425551666666667	17.664985333333334	0.797452336615027	0.8192176683752367	0.7298491082307192	0.27113701068711	0.2669018325336866	0.2626575494045348	Conservation	Specialization	Neofunctionalization(Child)	discordant	classified	Neofunctionalization(Parent)	discordant
PD	Pbre1_14G107600	Pbre1_14G108000	Prupe.7G072600.1	589.807521	150.8282335	211.37091683333333	0.8165042375443375	0.7970134646628775	0.8287305436134907	0.3093280572631406	0.538576886651733	0.3457528051861853	Neofunctionalization(Child)	Conservation	Conservation	discordant	classified	Conservation	discordant
PD	Pbre1_14G107800	Pbre1_14G108200	Prupe.7G072500.1	0.085515	4.324632833333333	44.16228566666667	0.8203270682255439	0.5703082281371626	0.4982614994768616	0.4144564422055816	0.172369471270654	0.1717288063837986	Neofunctionalization(Parent)	Neofunctionalization(Parent)	Neofunctionalization(Parent)	Neofunctionalization(Parent)	classified	Conservation	discordant
PD	Pbre1_14G148400	Pbre1_14G148800	Prupe.7G045000.1	0.0	290.6769341666667	426.110156		0.9933092988902528	0.5650521042101637								all_zero_expression_profile	Subfunctionalization	discordant
PD	Pbre1_14G159000	Pbre1_14G160000	Prupe.7G034500.1	7.092934166666667	11.855674833333332	39.441719	0.3449242996413343	0.1881781757633464	0.2804146712310006	0.1000822754741932	0.0996269750108228	0.0919223586854593	Conservation	Conservation	Conservation	Conservation	classified	Subfunctionalization	discordant
PD	Pbre1_14G199800	Pbre1_14G200200	Prupe.5G103800.1	0.0240706666666666	0.5757950000000001	66.28999166666667	0.93193258593808	0.5279736229107195	0.5739686305421989	0.7802591458005406	0.3930328537010781	0.4022517415157174	Specialization	Specialization	Specialization	Specialization	classified	Neofunctionalization(Child)	discordant
PD	Pbre1_14G201400	Pbre1_14G201800	Prupe.5G104100.1	0.0521578333333333	0.0560333333333333	0.4928183333333333	0.8594144854981771	1.0	0.8568812374931027	0.1608471400712046	1.0129714472362603	0.5832385274421084	Neofunctionalization(Child)	Specialization	Specialization	discordant	classified	Subfunctionalization	discordant
PD	Pbre1_14G279000	Pbre1_14G279400	Prupe.5G146600.1	0.5525613333333333	1.620217	28.44870733333333	0.9247020323702848	0.5057888881112989	0.5923492367130653	0.7332870197034917	0.2556460834570335	0.2863773442485454	Neofunctionalization(Parent)	Subfunctionalization	Neofunctionalization(Parent)	discordant	classified		discordant
PD	Pbre1_14G307600	Pbre1_14G308400	Prupe.5G161700.1	0.2139201666666666	5.1473881666666665	121.44777916666666	0.8628846984725657	0.8459659647657123	0.8697720549617658	0.1812653876374247	0.249945694251567	0.2449200538643156	Conservation	Specialization	Specialization	discordant	classified	Neofunctionalization(Child)	discordant
PD	Pbre1_14G317200	Pbre1_14G317600	Prupe.5G165400.1	0.8974551666666667	0.1549933333333333	2.4041308333333333	0.9420858798735512	0.8979148732974498	0.6375507259797925	0.5559732145800496	0.4579532980690138	0.5392213115340728	Specialization	Specialization	Specialization	Specialization	classified		discordant
PD	Pbre1_14G317400	Pbre1_14G317800	Prupe.5G165500.1	13.340777666666666	24.451370333333333	152.98281916666664	0.4908170951669043	0.5360264978919796	0.9400222478429772	0.5866113294072135	0.6266814930122225	0.6124542153925535	Specialization	Specialization	Specialization	Specialization	classified		discordant
PD	Pbre1_14G321400	Pbre1_14G321800	Prupe.5G167400.1														missing_expression_record		discordant
PD	Pbre1_14G324600	Pbre1_14G325000	Prupe.5G168500.1	11.119753666666666	16.704367333333334	30.47450033333333	0.3883037477972731	0.230216541409111	0.5338409656487831	0.2199073307869694	0.2448716223092981	0.2230237505751341	Conservation	Conservation	Conservation	Conservation	classified	Neofunctionalization(Child)	discordant
PD	Pbre1_14G364800	Pbre1_14G365400	Prupe.5G193000.1	0.3698523333333333	0.4586678333333333	1.6208758333333333	0.3822642635781746	0.5011920586976863	0.7691110096007081	0.3810363750690378	0.4014944403714358	0.3825800318500735	Neofunctionalization(Child)	Specialization	Specialization	discordant	classified	Subfunctionalization	discordant
PD	Pbre1_14G364800	Pbre1_14G365600	Prupe.5G193000.1	0.3698523333333333	0.3589466666666667	1.6208758333333333	0.3822642635781746	0.6511700682699095	0.7691110096007081	0.3810363750690378	0.3846102943772624	0.3631447723731866	Conservation	Specialization	Specialization	discordant	classified	Neofunctionalization(Child)	discordant
PD	Pbre1_14G364800	Pbre1_14G365800	Prupe.5G193000.1	0.3698523333333333	1.231431	1.6208758333333333	0.3822642635781746	0.3441407306544869	0.7691110096007081	0.3810363750690378	0.3838682929439765	0.3826090986278075	Conservation	Specialization	Specialization	discordant	classified	Neofunctionalization(Child)	discordant
PD	Pbre1_14G365000	Pbre1_14G366000	Prupe.5G193100.1	3.2857358333333333	2.176909333333333	64.5844165	0.7997776837615964	0.6438692676434202	0.5671335784268193	0.2248265781078252	0.1678520998656439	0.1838302168654786	Conservation	Specialization	Conservation	discordant	classified	Specialization	discordant
PD	Pbre1_14G377000	Pbre1_14G377400	Prupe.5G199900.1	0.9094465	1.9387075	5.495292166666667	0.6480015052631101	0.8301816830925342	0.7577654082964941	0.4068207451286302	0.5746260681670307	0.4688360737819911	Specialization	Specialization	Specialization	Specialization	classified	Subfunctionalization	discordant
PD	Pbre1_14G406600	Pbre1_14G407000	Prupe.5G218500.1	7.305248499999999	0.0527105	7.190501666666667	0.5738729185250387	0.9446980093317618	0.9678849418033888	0.6646287843932805	0.1791690645727174	0.6606895375439971	Neofunctionalization(Parent)	Specialization	Specialization	discordant	classified	Subfunctionalization	discordant
PD	Pbre1_14G406600	Pbre1_14G407600	Prupe.5G218500.1	7.305248499999999	0.0	7.190501666666667	0.5738729185250387		0.9678849418033888								all_zero_expression_profile	Subfunctionalization	discordant
PD	Pbre1_14G406800	Pbre1_14G407800	Prupe.5G218600.1	0.3657748333333333	71.45043383333334	28.953610333333334	1.0	0.8448679293427988	0.90373402241289	0.4050715169698792	0.2008910308982487	0.1992275236940713	Neofunctionalization(Parent)	Specialization	Specialization	discordant	classified	Subfunctionalization	discordant
PD	Pbre1_14G412000	Pbre1_14G412800	Prupe.5G220000.1	0.0058481666666666	27.672415666666662	96.93642916666668	1.0	0.4911138706385075	0.3513871069280325	1.0154517013007622	0.1403254559045514	0.1403748631385242	Neofunctionalization(Parent)	Neofunctionalization(Parent)	Neofunctionalization(Parent)	Neofunctionalization(Parent)	classified	Conservation	discordant
PD	Pbre1_14G445600	Pbre1_14G446000	Prupe.5G240600.1	1.320627	0.0	3.656842833333333	0.7594364687360913		0.6269509434612741								all_zero_expression_profile	Conservation	discordant
PD	Pbre1_14G445800	Pbre1_14G446200	Prupe.5G240700.1	0.1221553333333333	2.5553305	10.762696333333334	0.9909817213239812	0.9991541461542962	0.9984495992895316	0.0524814853069288	0.0054514355358857	0.0037460136652577	Conservation	Neofunctionalization(Parent)	Conservation	discordant	classified	Conservation	discordant
PD	Pbre1_15G030400	Pbre1_15G030800	Prupe.1G370400.1	1.504878333333333	13.2545265	17.0020015	0.1958903797298025	0.5825987952910006	0.5039543701641185	0.1752130929190697	0.1853930028768198	0.1738835472381559	Conservation	Conservation	Conservation	Conservation	classified	Conservation	Conservation
PD	Pbre1_15G030600	Pbre1_15G031000	Prupe.1G370500.1	0.2856015	0.3128553333333333	11.361627333333333	0.8013717893394963	0.8158660516590064	0.7252140357441172	0.4990938154531916	0.4256561646419213	0.4509664338875636	Specialization	Specialization	Specialization	Specialization	classified	Conservation	discordant
PD	Pbre1_15G066000	Pbre1_15G066600	Prupe.1G388500.1	0.105939	0.1897008333333333	4.706959166666667	0.8442612491605104	0.971734923280248	0.8968623554027225	0.7644808102683152	0.3020141159028967	0.2952007281265664	Neofunctionalization(Parent)	Specialization	Specialization	discordant	classified	Conservation	discordant
PD	Pbre1_15G066000	Pbre1_15G066800	Prupe.1G388500.1	0.105939	0.1457811666666666	4.706959166666667	0.8442612491605104	0.9744268391435984	0.8968623554027225	0.7644808102683152	0.2727265410632248	0.2747790856306272	Neofunctionalization(Parent)	Specialization	Specialization	discordant	classified	Conservation	discordant
PD	Pbre1_15G077800	Pbre1_15G078200	Prupe.1G395700.1														missing_expression_record		discordant
PD	Pbre1_15G082200	Pbre1_15G082800	Prupe.1G398900.1	10.9816175	0.0739533333333333	38.19478766666667	0.2025935861742413	0.5763159744184412	0.3167931934156194	0.0838828246634929	0.2783104029774012	0.0823462201499258	Conservation	Neofunctionalization(Child)	Neofunctionalization(Child)	discordant	classified	Subfunctionalization	discordant
PD	Pbre1_15G082600	Pbre1_15G083000	Prupe.1G399200.1														missing_expression_record		discordant
PD	Pbre1_15G086600	Pbre1_15G087800	Prupe.1G401300.1	4.322380833333333	0.0	4.990214	0.9564781440033684		0.6043696978817737								all_zero_expression_profile	Conservation	discordant
PD	Pbre1_15G086800	Pbre1_15G088000	Prupe.1G401400.1														missing_expression_record		discordant
PD	Pbre1_15G087200	Pbre1_15G088200	Prupe.1G401500.1	41.987491166666665	2.83619	111.36879633333334	0.931965618435058	0.7938975597899605	0.6743434368671046	0.4853883498000892	0.388325276023037	0.4593630417400934	Neofunctionalization(Parent)	Neofunctionalization(Child)	Specialization	discordant	classified	Subfunctionalization	discordant
PD	Pbre1_15G087400	Pbre1_15G088400	Prupe.1G401600.1	0.6494683333333333	0.0236553333333333	6.834725833333334	0.7568674676873881	0.875168215315604	0.6427715597186079	0.4682984968166881	0.5340998502612517	0.4448071164712888	Specialization	Specialization	Specialization	Specialization	classified	Conservation	discordant
PD	Pbre1_15G089800	Pbre1_15G090400	Prupe.1G402500.1	8.175317333333332	11.159907	31.12199133333333	0.3177981672496227	0.3993965054131457	0.4651012367288754	0.1130921949099267	0.1023617126320158	0.0846268296980216	Conservation	Conservation	Conservation	Conservation	classified	Subfunctionalization	discordant
PD	Pbre1_15G104200	Pbre1_15G104600	Prupe.1G409800.1	5.8050516666666665	0.1960171666666666	17.392987166666668	0.7996247104187632	0.7039402924640114	0.9142536268312204	0.3290613698427123	0.3990005527908359	0.3231134110144376	Neofunctionalization(Child)	Specialization	Specialization	discordant	classified	Conservation	discordant
PD	Pbre1_15G106000	Pbre1_15G106800	Prupe.1G410800.1	17.467946166666668	15.805083666666668	59.61068483333334	0.3828002262105269	0.4879622444035071	0.5732778915688587	0.2510087984109588	0.2066045929036971	0.2020747832978928	Conservation	Conservation	Conservation	Conservation	classified	Conservation	Conservation
PD	Pbre1_15G127200	Pbre1_15G127800	Prupe.1G422800.1	2.585866	1.1301046666666668	3.0129758333333334	0.9358699710167132	0.5320397645806008	0.809109668667082	0.7511776659128099	0.3881852250435904	0.6196115613085096	Neofunctionalization(Parent)	Specialization	Subfunctionalization	discordant	classified	Subfunctionalization	discordant
PD	Pbre1_15G146200	Pbre1_15G146600	Prupe.1G433100.1														missing_expression_record		discordant
PD	Pbre1_15G171800	Pbre1_15G172600	Prupe.1G450000.1	0.3963028333333332	0.617905	1.103214666666667	0.9625982614824974	0.8750584818130107	0.7542909163875635	0.7764397933778875	0.5779800679464788	0.6485033596542197	Specialization	Specialization	Specialization	Specialization	classified	Subfunctionalization	discordant
PD	Pbre1_15G257600	Pbre1_15G258000	Prupe.7G269000.1	17.983917666666667	13.138183833333333	20.168315166666662	0.6250033971123639	0.9769368846868144	0.7226752308297881	0.4432838738804918	0.5390279965618614	0.2416494017831898	Subfunctionalization	Specialization	Neofunctionalization(Child)	discordant	classified	Conservation	discordant
PD	Pbre1_15G298000	Pbre1_15G298800	Prupe.7G248700.1	1.4053256666666667	0.2413695	1.172807333333333	0.6306686405215297	0.4488150380463818	0.7056830498985281	0.2341248606512892	0.4116046100155385	0.2508895969473078	Neofunctionalization(Child)	Specialization	Specialization	discordant	classified	Neofunctionalization(Child)	discordant
PD	Pbre1_15G307200	Pbre1_15G307800	Prupe.7G243800.1	0.3429105	2.5283151666666663	4.972896833333333	0.9197373179707118	0.99852044945802	0.971010149154626	0.2263449090546711	0.1448207744471101	0.1027256059325822	Conservation	Specialization	Specialization	discordant	classified	Subfunctionalization	discordant
PD	Pbre1_15G311200	Pbre1_15G311600	Prupe.7G241900.1	0.7745161666666667	4.013588	0.8075115	0.7570105173250361	0.6632861784678639	0.960860504934989	0.9199274163846152	0.5952948476248848	0.6473100367564218	Specialization	Specialization	Specialization	Specialization	classified	Subfunctionalization	discordant
PD	Pbre1_15G351600	Pbre1_15G352000	Prupe.7G221200.1	5.724269333333333	5.817101833333333	15.856931833333334	0.6277653851834629	0.432744646293714	0.266178455181315	0.2844593706243492	0.1817377865156101	0.2164416109895501	Conservation	Neofunctionalization(Parent)	Conservation	discordant	classified	Conservation	discordant
PD	Pbre1_15G351600	Pbre1_15G352200	Prupe.7G221200.1	5.724269333333333	12.1831945	15.856931833333334	0.6277653851834629	0.3632986918638341	0.266178455181315	0.2844593706243492	0.1652660019735008	0.1963336212472724	Conservation	Neofunctionalization(Parent)	Conservation	discordant	classified	Conservation	discordant
PD	Pbre1_15G384600	Pbre1_15G385000	Prupe.7G202700.1	9.503795166666666	0.2126831666666666	7.328608833333334	0.9939724701052396	0.8115937573714607	0.7254022434451415	1.031753411496325	0.8148293586212967	1.0221076883486564	Specialization	Specialization	Specialization	Specialization	classified	Conservation	discordant
PD	Pbre1_15G415800	Pbre1_15G416200	Prupe.7G182300.1	8.059218166666666	0.1188358333333333	1.4729743333333334	0.536849737528984	0.8998722484483552	0.9993889405040968	1.0192690790971153	0.42554306689514	1.00991651768465	Specialization	Specialization	Specialization	Specialization	classified	Conservation	discordant
PD	Pbre1_15G465600	Pbre1_15G466000	Prupe.7G153900.1	0.1466086666666666	2.7104735	0.4084903333333333	0.9517526704200708	0.687787197326376	0.941927189314206	0.0470643417928325	0.7662990391293503	0.7255053608160149	Neofunctionalization(Child)	Specialization	Neofunctionalization(Child)	discordant	classified	Conservation	discordant
PD	Pbre1_15G530800	Pbre1_15G531200	Prupe.6G218500.1	0.900274	6.356725666666667	3.6248648333333335	0.8819918208463331	0.9725391660333872	1.0	1.2382398675571886	0.1483167686252244	0.2817292055134738	Neofunctionalization(Parent)	Specialization	Specialization	discordant	classified	Conservation	discordant
PD	Pbre1_15G613600	Pbre1_15G614200	Prupe.1G490800.1	5.047539833333333	6.280103	10.251692	0.9276293698570608	0.6982487196763704	0.7160217415935441	0.6970317496011389	0.3609385091041345	0.5014506311615575	Neofunctionalization(Parent)	Specialization	Neofunctionalization(Parent)	discordant	classified	Conservation	discordant
PD	Pbre1_15G629600	Pbre1_15G630000	Prupe.1G500400.1	22.30026683333333	5.924296	11.197677	0.9995036215611104	0.9966472616687284	0.988407293318552	0.062985758943473	0.0512463090484657	0.0602856463503099	Conservation	Specialization	Specialization	discordant	classified	Conservation	discordant
PD	Pbre1_15G662400	Pbre1_15G662800	Prupe.1G516400.1	0.0338405	11.665240333333331	0.6627171666666667	0.8131114117490139	0.7294208159596948	0.9322929956460532	0.9490452362678626	0.7718981813302211	0.7721358198944581	Specialization	Specialization	Specialization	Specialization	classified	Conservation	discordant
PD	Pbre1_15G675400	Pbre1_15G676200	Prupe.1G523800.1	0.0421088333333333	3.702640166666667	16.2231815	0.9528860589877888	0.6915877492275698	0.8843138037075736	1.0122102227900387	0.7142262225827047	0.7121605450575731	Specialization	Specialization	Neofunctionalization(Parent)	Specialization	classified	Subfunctionalization	discordant
PD	Pbre1_15G694200	Pbre1_15G694600	Prupe.1G533000.1	43.00163	1.9972668333333328	5.8693550000000005	0.978782920740822	0.8261946634891324	0.8957807487095284	1.1284244624109792	0.7204597617282872	1.0918596138026333	Specialization	Specialization	Specialization	Specialization	classified	Specialization	Specialization
PD	Pbre1_15G694800	Pbre1_15G695400	Prupe.1G533100.1	0.0725711666666666	0.0239436666666666	0.9639371666666668	0.8885725218411273	0.8073575030405727	0.724965144180916	0.5856560471980821	0.4044588408782411	0.532709742260984	Specialization	Specialization	Specialization	Specialization	classified	Specialization	Specialization
PD	Pbre1_15G695200	Pbre1_15G695800	Prupe.1G533200.1	0.0637591666666666	7.172788000000001	17.842535333333334	0.6534421053383529	0.2568591701943086	0.407374339688159	0.3812196605580868	0.1782092938889065	0.1779370569030903	Conservation	Neofunctionalization(Parent)	Neofunctionalization(Parent)	discordant	classified	Subfunctionalization	discordant
PD	Pbre1_15G733000	Pbre1_15G733800	Prupe.1G558600.1	3.475162833333333	10.967533333333334	1.246016	0.986714631974418	0.8646269903331273	0.9854990189632672	1.2717591104530404	1.169365062381141	1.0850162229511318	Specialization	Specialization	Specialization	Specialization	classified	Conservation	discordant
PD	Pbre1_15G744600	Pbre1_15G745200	Prupe.1G566100.1	4.252763	0.2221405	17.662681	0.2298336504286489	0.7974427201942651	0.3868746532647693	0.1319626241022934	0.4892289991527576	0.1386574065737865	Neofunctionalization(Child)	Neofunctionalization(Child)	Neofunctionalization(Child)	Neofunctionalization(Child)	classified	Conservation	discordant
PD	Pbre1_15G763000	Pbre1_15G763800	Prupe.1G576700.1	3.526413333333333	56.875139833333336	14.418461666666667	0.6970802531940729	0.43156723711597	0.6191082151609123	0.4410017516620825	0.2848498629103889	0.2867164125599315	Neofunctionalization(Parent)	Conservation	Conservation	discordant	classified	Conservation	discordant
PD	Pbre1_15G766000	Pbre1_15G766400	Prupe.1G578800.1	21.1857135	23.980429666666662	21.297187666666662	0.2209696448810418	0.5109642171375854	0.5646658439378458	0.270738419196997	0.2967667079050402	0.2741955984310216	Conservation	Conservation	Conservation	Conservation	classified	Conservation	Conservation
PD	Pbre1_16G077800	Pbre1_16G078400	Prupe.1G309300.1	39.933892666666665	0.4965838333333333	82.19040983333333	0.9472142834505196	0.9857900471376452	0.8114946411399157	0.4419791840756216	1.07416841435888	0.4389625880916342	Specialization	Neofunctionalization(Child)	Specialization	discordant	classified	Subfunctionalization	discordant
PD	Pbre1_16G124200	Pbre1_16G124800	Prupe.1G278500.1	0.0606568333333333	0.029351	1.5441266666666666	1.0	0.8777035559378488	0.5289214115107627	0.9075343494699596	0.5601044190273948	0.7707526073318778	Specialization	Specialization	Specialization	Specialization	classified	Specialization	Specialization
PD	Pbre1_16G145000	Pbre1_16G145400	Prupe.1G265600.1	4.926991	7.731336166666667	99.73151916666669	0.8777463394023352	0.8931746971872231	0.7731886657674936	0.6617492314832795	0.6650716399434208	0.659145124542827	Specialization	Specialization	Specialization	Specialization	classified	Conservation	discordant
PD	Pbre1_16G145200	Pbre1_16G145600	Prupe.1G265500.1	0.2446291666666666	2.203509	68.48232266666666	1.0	0.716773105779145	0.4624036739552813	0.9735709519065204	0.4476582866743477	0.4845415524972614	Specialization	Specialization	Specialization	Specialization	classified	Neofunctionalization(Parent)	discordant
PD	Pbre1_16G241800	Pbre1_16G242200	Prupe.1G207900.1	2.1934881666666666	0.4582126666666666	0.5473365	0.7636062348176527	0.9785022973346406	0.596532470646822	0.2179617519498923	0.8070955018237194	0.2093692542014007	Neofunctionalization(Child)	Specialization	Specialization	discordant	classified		discordant
PD	Pbre1_16G325600	Pbre1_16G326000	Prupe.1G011800.1	19.7395005	2.050766666666666	32.6078775	0.5632661905521988	0.4869802297904765	0.4367954651324656	0.2779621202395257	0.2016182184883375	0.2644999220477793	Conservation	Neofunctionalization(Child)	Conservation	discordant	classified	Specialization	discordant
PD	Pbre1_16G325800	Pbre1_16G326200	Prupe.1G011900.1	4.3655555	0.6232828333333333	1.4952258333333337	0.8589837368048773	0.74922282853048	0.978598687068871	0.9998176315804396	0.7084965037132318	0.9633039905770808	Specialization	Specialization	Specialization	Specialization	classified	Subfunctionalization	discordant
PD	Pbre1_16G391400	Pbre1_16G391800	Prupe.1G061300.1														missing_expression_record		discordant
PD	Pbre1_16G422800	Pbre1_16G423600	Prupe.1G077600.1														missing_expression_record		discordant
PD	Pbre1_16G488400	Pbre1_16G488800	Prupe.5G018900.1	0.1101053333333333	0.2487601666666666	34.24159983333333	0.8626140780045862	0.9078505234497872	0.2573002908907636	0.5650659302085831	0.6520817719582638	0.5679936283902896	Specialization	Specialization	Specialization	Specialization	classified	Subfunctionalization	discordant
PD	Pbre1_17G047200	Pbre1_17G046800	Prupe.3G291000.1	1.902224	1.8125876666666667	1.2654793333333332	0.633773572315721	0.3694949437097535	0.8676293593170028	0.6705507547790607	0.644236223349427	0.6458532893029632	Specialization	Specialization	Specialization	Specialization	classified	Neofunctionalization(Parent)	discordant
PD	Pbre1_17G069800	Pbre1_17G070200	Prupe.3G276800.1	2.152365333333333	4.335152	11.621407	0.6320222701662852	0.7362357786633147	0.2774177094904322	0.2527700505174874	0.3117630755215982	0.2577083384470246	Conservation	Neofunctionalization(Parent)	Conservation	discordant	classified	Subfunctionalization	discordant
PD	Pbre1_17G075000	Pbre1_17G075600	Prupe.3G273800.1														missing_expression_record		discordant
PD	Pbre1_17G083400	Pbre1_17G084200	Prupe.3G269000.1	0.9735441666666668	13.230816666666666	44.94615216666666	0.81401783195042	0.2838205165373	0.3547353697147318	0.4347787042340743	0.1292940464500794	0.1450811290024045	Neofunctionalization(Parent)	Neofunctionalization(Parent)	Neofunctionalization(Parent)	Neofunctionalization(Parent)	classified	Subfunctionalization	discordant
PD	Pbre1_17G087200	Pbre1_17G087800	Prupe.3G267000.1														missing_expression_record		discordant
PD	Pbre1_17G087400	Pbre1_17G088000	Prupe.3G266800.1	0.0057145	0.0295813333333333	0.4756851666666666	1.0	0.9590197209870676	0.9020311518804244	1.12336510859616	0.2334843021459021	0.1300894868470073	Neofunctionalization(Parent)	Specialization	Specialization	discordant	classified	Neofunctionalization(Child)	discordant
PD	Pbre1_17G099600	Pbre1_17G100000	Prupe.3G261200.1	3.3671033333333336	0.0	4.767970666666667	0.9173340728332828		0.5432740268421865								all_zero_expression_profile	Neofunctionalization(Child)	discordant
PD	Pbre1_17G099600	Pbre1_17G100200	Prupe.3G261200.1	3.3671033333333336	0.0117893333333333	4.767970666666667	0.9173340728332828	1.0	0.5432740268421865	0.4741819701551508	0.921427421847727	0.4712403737374301	Specialization	Specialization	Specialization	Specialization	classified	Conservation	discordant
PD	Pbre1_17G100600	Pbre1_17G101200	Prupe.3G260500.1	0.0	0.0	0.0273976666666666			1.0								all_zero_expression_profile	Subfunctionalization	discordant
PD	Pbre1_17G101600	Pbre1_17G102000	Prupe.3G259900.1	6.8937550000000005	0.0125066666666666	6.186894166666667	0.4462839021664914	1.0	0.6085403976591043	0.2847719405411992	0.9725185371869204	0.2854543120152326	Neofunctionalization(Child)	Neofunctionalization(Child)	Neofunctionalization(Child)	Neofunctionalization(Child)	classified	Subfunctionalization	discordant
PD	Pbre1_17G117600	Pbre1_17G116000	Prupe.3G250800.1	24.87554833333333	1.0034223333333332	46.0867035	0.2988524402945542	0.996793057824461	0.2939752515075116	0.1176680341146952	0.8679319466904731	0.1037338135636705	Neofunctionalization(Child)	Neofunctionalization(Child)	Neofunctionalization(Child)	Neofunctionalization(Child)	classified	Subfunctionalization	discordant
PD	Pbre1_17G210200	Pbre1_17G210800	Prupe.3G194100.1	1.5581315	0.5729921666666666	10.078485833333334	0.5226624480338727	0.6760036732065494	0.8560624167594202	0.384647133322086	0.282326614118446	0.3568706192968039	Conservation	Specialization	Neofunctionalization(Child)	discordant	classified	Subfunctionalization	discordant
PD	Pbre1_17G210200	Pbre1_17G211000	Prupe.3G194100.1	1.5581315	0.9323011666666668	10.078485833333334	0.5226624480338727	0.6114319143484993	0.8560624167594202	0.384647133322086	0.4151626543233049	0.3921073952541563	Neofunctionalization(Child)	Specialization	Neofunctionalization(Child)	discordant	classified	Subfunctionalization	discordant
PD	Pbre1_17G210400	Pbre1_17G211200	Prupe.3G194000.1	101.515456	4.111564166666667	48.78007916666667	0.5387650927704044	0.7887238334228316	0.8643118181219425	0.4736708655899811	0.3517892940650935	0.4642733859118263	Neofunctionalization(Parent)	Neofunctionalization(Child)	Neofunctionalization(Child)	discordant	classified	Subfunctionalization	discordant
PD	Pbre1_17G211400	Pbre1_17G211800	Prupe.3G193900.1	0.7026635	0.0900381666666666	0.4742248333333333	0.7630383275983583	0.8494216286547716	0.8806998604565826	0.6380732640030896	0.7210746970366607	0.5993057912897105	Specialization	Specialization	Specialization	Specialization	classified	Subfunctionalization	discordant
PD	Pbre1_17G214200	Pbre1_17G215000	Prupe.3G192700.1	13.015356333333331	4.265925	40.63713533333333	0.4909111306425287	0.5370065927507717	0.4748461709117779	0.2808867865593273	0.339342972236431	0.290933581631345	Conservation	Neofunctionalization(Child)	Conservation	discordant	classified	Specialization	discordant
PD	Pbre1_17G214800	Pbre1_17G215600	Prupe.3G192600.1	0.2178728333333333	7.419214166666666	100.62143333333331	0.9343826735927324	0.7363250031039934	0.7496779564856977	0.3893744367733999	0.4246443559398912	0.4017744293684151	Neofunctionalization(Child)	Neofunctionalization(Parent)	Neofunctionalization(Parent)	discordant	classified	Neofunctionalization(Child)	discordant
PD	Pbre1_17G217000	Pbre1_17G215400	Prupe.3G192700.1	0.20359	29.93900633333333	40.63713533333333	0.6482493840153392	0.530089290082904	0.4748461709117779	0.3176378792140129	0.2679323282554927	0.2680149260168011	Conservation	Neofunctionalization(Parent)	Neofunctionalization(Parent)	discordant	classified	Neofunctionalization(Parent)	discordant
PD	Pbre1_17G217200	Pbre1_17G215800	Prupe.3G192600.1	15.0498675	8.825588833333333	100.62143333333331	0.7918781454020352	0.7656776068144451	0.7496779564856977	0.3989404852937236	0.4729782972157256	0.420926967880644	Specialization	Conservation	Conservation	discordant	classified	Conservation	discordant
PD	Pbre1_17G280000	Pbre1_17G280400	Prupe.3G029700.1														missing_expression_record		discordant
PD	Pbre1_17G280200	Pbre1_17G280800	Prupe.3G029500.1	7.312396666666666	3.5305161666666667	11.7977575	0.7659890675181678	0.5282985178273728	0.7966724795614243	0.0725038792859213	0.3211242052854135	0.1513042800798704	Conservation	Neofunctionalization(Child)	Conservation	discordant	classified	Neofunctionalization(Child)	discordant
PD	Pbre1_17G283200	Pbre1_17G283800	Prupe.3G027700.1	0.0019761666666666	3.3521756666666667	1.559361166666667	1.0	0.9995810474908836	0.8691575939459325	1.1792063793467535	0.4474366700864641	0.4469068022895254	Specialization	Specialization	Specialization	Specialization	classified	Neofunctionalization(Parent)	discordant
PD	Pbre1_17G365000	Pbre1_17G365800	Prupe.3G080200.1	0.6716178333333334	0.0537961666666666	11.525326333333334	0.549806581629813	0.568051843802923	0.584986254187189	0.4376388989564786	0.1838782377252279	0.406413853948703	Neofunctionalization(Parent)	Specialization	Specialization	discordant	classified	Specialization	discordant
PD	Pbre1_17G365200	Pbre1_17G366000	Prupe.3G080300.1	0.1476043333333333	1.1264811666666668	1.3285203333333333	0.9650931072394344	0.472917806281368	0.6878049846202483	0.9240376117205866	0.3762086306965527	0.4036205929754988	Neofunctionalization(Parent)	Specialization	Specialization	discordant	classified	Conservation	discordant
PD	Pbre1_17G372400	Pbre1_17G372800	Prupe.3G084200.1	30.101519	0.0718516666666666	32.188495833333334	0.9255593321153248	0.929301732717563	0.7041934183747847	0.8221494176934537	0.8129136468106736	0.8220952869427565	Specialization	Neofunctionalization(Child)	Neofunctionalization(Child)	discordant	classified	Neofunctionalization(Child)	discordant
PD	Pbre1_17G389400	Pbre1_17G390000	Prupe.3G093800.1														missing_expression_record		discordant
PD	Pbre1_17G415600	Pbre1_17G416000	Prupe.3G121900.1	0.0033813333333333	1.4103295	0.0	1.0	0.4524755300353356									all_zero_expression_profile	Neofunctionalization(Parent)	discordant
PD	Pbre1_17G415800	Pbre1_17G416200	Prupe.3G122300.1	0.0	49.13601683333333	162.9864581666667		0.580504262582925	0.4774646265443893								all_zero_expression_profile	Neofunctionalization(Parent)	discordant
PD	Pbre1_17G417400	Pbre1_17G418000	Prupe.3G122900.1	17.501305666666667	13.832364833333331	61.533651500000005	0.2980252779743124	0.2968826176959961	0.3507981794559568	0.1747528439252195	0.1272364624091967	0.1501140594768886	Conservation	Conservation	Conservation	Conservation	classified	Conservation	Conservation
PD	Pbre1_17G444600	Pbre1_17G445200	Prupe.3G148000.1	0.0548655	13.952951666666667	29.368444	0.8710619270065699	0.461322448982473	0.4774267994505249	0.4226391620436461	0.1800520960340253	0.1799047129727112	Neofunctionalization(Parent)	Neofunctionalization(Parent)	Neofunctionalization(Parent)	Neofunctionalization(Parent)	classified	Neofunctionalization(Child)	discordant
PD	Pbre1_17G461400	Pbre1_17G462000	Prupe.3G162100.1	0.0275058333333333	0.8254043333333333	2.365687666666666	0.8307900535800178	0.8888223832571688	0.9762934114234816	1.1371442849107822	0.3439672396055315	0.3683564321680862	Neofunctionalization(Parent)	Specialization	Specialization	discordant	classified	Conservation	discordant
PD	Pbre1_17G468600	Pbre1_17G469200	Prupe.3G113600.1	22.682419166666666	2.551778	22.950595166666663	0.4590058779372876	0.9673471099572004	0.6371568574956541	0.2572573177750197	0.7958004746682066	0.2837179902094815	Neofunctionalization(Child)	Neofunctionalization(Child)	Neofunctionalization(Child)	Neofunctionalization(Child)	classified	Neofunctionalization(Parent)	discordant
PD	Pbre1_17G470200	Pbre1_17G470600	Prupe.3G115200.1	1.7412976666666666	65.27503683333333	177.369733	0.5653931751643038	0.4669018550507897	0.3671470386422223	0.3048369886325767	0.1326013754606921	0.1322576557590328	Conservation	Neofunctionalization(Parent)	Conservation	discordant	classified	Neofunctionalization(Parent)	discordant
PD	Pbre1_17G471400	Pbre1_17G471800	Prupe.3G116300.1	7.361166666666666	5.969195666666667	84.76808833333334	0.9448779999918556	0.5813748887097708	0.7915231766974804	0.3846599035508719	0.4058320769794402	0.2608590988257385	Neofunctionalization(Child)	Specialization	Conservation	discordant	classified	Neofunctionalization(Parent)	discordant
PD	Pbre1_17G471600	Pbre1_17G472000	Prupe.3G116500.1	0.0	108.82465433333334	209.41872216666667		0.2576527878448355	0.1769263718398251								all_zero_expression_profile	Subfunctionalization	discordant
PD	Pbre1_17G479800	Pbre1_17G480200	Prupe.3G015300.1	0.0065611666666666	0.0090413333333333	1.943982	0.801346835443038	0.7432324337978361	0.7683805480070998	0.3003038250075994	0.4317192479552984	0.3434831243598057	Neofunctionalization(Child)	Specialization	Specialization	discordant	classified	Neofunctionalization(Child)	discordant
PD	Pbre1_17G485400	Pbre1_17G486200	Prupe.3G010900.1	20.215848166666667	5.403289166666667	20.1808525	0.3094115405920846	0.5996016819068525	0.4698945115094838	0.1662055956030812	0.2696120943282578	0.1395503013378471	Conservation	Neofunctionalization(Child)	Neofunctionalization(Child)	discordant	classified	Neofunctionalization(Parent)	discordant
TRD	Pbre1_15G390800	Pbre1_01G022200	Prupe.7G199400.1	17.639719666666668	0.6665543333333332	55.64434583333333	0.4977385048884553	0.9958199860062068	0.5015764293760362	0.2963562616228625	0.8793350692871629	0.2836081839335317	Neofunctionalization(Child)	Neofunctionalization(Child)	Neofunctionalization(Child)	Neofunctionalization(Child)	classified	Conservation	discordant
TRD	Pbre1_09G435000	Pbre1_01G022800	Prupe.3G147500.1	0.2882021666666666	0.0041128333333333	3.132719	0.815722331915896	0.8290288634996994	0.6074564477834447	0.581859420664638	0.7291624404220334	0.5811808435672048	Specialization	Specialization	Specialization	Specialization	classified	Subfunctionalization	discordant
TRD	Pbre1_12G210600	Pbre1_01G029200	Prupe.6G240600.1	250.178372	20.3336205	261.14744233333334	0.3338907928760421	0.3637020058701121	0.3476640600175274	0.1636027008530171	0.1577656298211115	0.1537275573781094	Conservation	Conservation	Conservation	Conservation	classified	Neofunctionalization(Parent)	discordant
TRD	Pbre1_02G237800	Pbre1_01G029400	Prupe.7G148500.1	8.7958195	11.0994685	10.362353333333331	0.7283834563537305	0.2030822699346875	0.4909427213883782	0.2754396809629292	0.1928915328932008	0.1801412412819555	Conservation	Conservation	Conservation	Conservation	classified	Conservation	Conservation
TRD	Pbre1_01G236200	Pbre1_01G031000	Prupe.2G224300.1	2.0675088333333336	0.7928185	7.322985666666667	0.2677311996080053	0.5539009115097977	0.5789252578663897	0.1575727988683881	0.2535379019429956	0.1617319337792718	Conservation	Neofunctionalization(Child)	Neofunctionalization(Child)	discordant	classified	Neofunctionalization(Child)	discordant
TRD	Pbre1_14G069000	Pbre1_01G033200	Prupe.7G094800.1	13.280071666666666	0.0	25.58002933333333	0.1293994619078944		0.4575623965169518								all_zero_expression_profile	Subfunctionalization	discordant
TRD	Pbre1_12G068200	Pbre1_01G033400	Prupe.7G096000.1	0.7769696666666667	3.337742	15.272070333333334	0.7765846339271401	0.7088219362736232	0.5771953775429781	0.2832806293342492	0.3075728253354342	0.2496747912191051	Conservation	Specialization	Specialization	discordant	classified	Subfunctionalization	discordant
TRD	Pbre1_12G068800	Pbre1_01G034000	Prupe.7G095100.1	1.7499366666666667	2.191729	2.503836833333333	0.6224553631223303	0.8383015398427028	0.5520165077478195	0.4529835922885234	0.6167294879210973	0.5365516939908658	Specialization	Specialization	Specialization	Specialization	classified	Subfunctionalization	discordant
TRD	Pbre1_12G069000	Pbre1_01G034200	Prupe.7G095000.1	4.848590833333334	1.2441325	13.694756333333334	0.3048825616906698	0.3598056413312691	0.549832767080902	0.2174312119985654	0.187412546781221	0.1960129722510266	Conservation	Neofunctionalization(Child)	Neofunctionalization(Child)	discordant	classified	Subfunctionalization	discordant
TRD	Pbre1_15G238000	Pbre1_01G035200	Prupe.4G272100.1	46.97373566666667	11.182372333333332	164.98734833333333	0.5677559484387678	0.4425776361142022	0.7460712245523003	0.4368884761180536	0.4085211553460427	0.4170626656560708	Specialization	Conservation	Conservation	discordant	classified	Conservation	discordant
TRD	Pbre1_15G621600	Pbre1_01G037400	Prupe.1G494100.1	146.01248766666666	0.0285433333333333	343.4803586666667	0.6228399417773046	0.70612085994838	0.3245197305656294	0.3008431024220441	0.3171636757119287	0.3007954540799235	Conservation	Neofunctionalization(Child)	Neofunctionalization(Child)	discordant	classified	Conservation	discordant
TRD	Pbre1_15G633400	Pbre1_01G041400	Prupe.1G501500.1														missing_expression_record		discordant
TRD	Pbre1_15G609000	Pbre1_01G042400	Prupe.6G163700.1	0.335228	1.3358665	10.321070333333331	0.9325596578028164	0.8792547610377243	0.9869006602555492	0.2460015805425994	1.0914173856477205	0.908286810729871	Neofunctionalization(Child)	Specialization	Specialization	discordant	classified	Subfunctionalization	discordant
TRD	Pbre1_15G606000	Pbre1_01G047200	Prupe.6G161300.1	5.196217833333333	16.212232166666666	37.7578345	0.6923225141031895	0.613769240694627	0.7390448100958558	0.2721285163365269	0.3793877074602951	0.3100451872323368	Conservation	Conservation	Conservation	Conservation	classified	Subfunctionalization	discordant
TRD	Pbre1_15G606000	Pbre1_01G047400	Prupe.6G161300.1	5.196217833333333	9.392251833333331	37.7578345	0.6923225141031895	0.6010305459109649	0.7390448100958558	0.2721285163365269	0.3386649835346522	0.2561775251118388	Conservation	Conservation	Conservation	Conservation	classified	Specialization	discordant
TRD	Pbre1_12G331000	Pbre1_01G051800	Prupe.6G303500.1	34.074879333333335	1.0270981666666668	22.23990866666667	0.7248179967459738	0.4564349572478898	0.5169797913944116	0.2438645513097497	0.2132808956727365	0.2350145745443481	Conservation	Neofunctionalization(Child)	Neofunctionalization(Child)	discordant	classified	Conservation	discordant
TRD	Pbre1_15G600800	Pbre1_01G054000	Prupe.6G167500.1	1.395466	0.924892	3.2008663333333334	0.1828143308466973	0.5385309022598065	0.7056760315705157	0.3211815305615187	0.4399912063951646	0.3452904165684283	Neofunctionalization(Child)	Specialization	Neofunctionalization(Child)	discordant	classified	Conservation	discordant
TRD	Pbre1_06G182200	Pbre1_01G055400	Prupe.5G115000.1	10.987175333333331	2.781737833333333	6.170998833333333	0.9183747583873456	0.7097856931281143	0.6501956634705615	0.4628353583696818	0.3985755295583233	0.3587331880898349	Subfunctionalization	Specialization	Specialization	discordant	classified	Conservation	discordant
TRD	Pbre1_13G073800	Pbre1_01G059000	Prupe.1G309100.1	20.6906635	0.0	44.10829533333333	0.2282616883908783		0.6927329850032938								all_zero_expression_profile	Subfunctionalization	discordant
TRD	Pbre1_11G282600	Pbre1_01G059200	Prupe.6G155300.1	12.075490333333333	4.782168166666667	3.3050505	0.4555357251021362	0.2014693113644819	0.7614723644460584	0.295654054210452	0.3694593749412588	0.306083705560548	Conservation	Specialization	Conservation	discordant	classified	Specialization	discordant
TRD	Pbre1_15G595600	Pbre1_01G060200	Prupe.6G174100.1	7.249064666666666	4.1884845	13.896104333333334	0.2645776743733906	0.3975879655949121	0.3606571038307063	0.1363671258195646	0.0697687077555721	0.1087921891010407	Conservation	Conservation	Conservation	Conservation	classified	Subfunctionalization	discordant
TRD	Pbre1_10G196200	Pbre1_01G060600	Prupe.8G151100.1	4.507722	1.2848975	8.455958666666668	0.8119848804216954	0.5087737151669477	0.6839288508791108	0.4583461309124684	0.435861222519347	0.3749785419055514	Subfunctionalization	Specialization	Neofunctionalization(Parent)	discordant	classified	Subfunctionalization	discordant
TRD	Pbre1_04G339800	Pbre1_01G061000	Prupe.6G324900.1	19.71429883333333	1.3453136666666667	21.31666183333333	0.4596992578516821	0.4214683810944837	0.508213746639745	0.257269687001851	0.2438151609659487	0.2556094389832507	Conservation	Neofunctionalization(Child)	Conservation	discordant	classified	Conservation	discordant
TRD	Pbre1_03G205600	Pbre1_01G068000	Prupe.6G115400.1	3.245971	0.0	68.34882	0.9238908823350114		0.6621238373498146								all_zero_expression_profile	Conservation	discordant
TRD	Pbre1_09G171600	Pbre1_01G075800	Prupe.3G219400.1	4.556921	6.772990666666667	12.422335666666669	0.7465181328304289	0.4412495109368569	0.1702970387307304	0.3138420108223813	0.1761817264764429	0.1722844681664274	Conservation	Conservation	Conservation	Conservation	classified	Subfunctionalization	discordant
TRD	Pbre1_09G171600	Pbre1_01G076000	Prupe.3G219400.1	4.556921	8.791302	12.422335666666669	0.7465181328304289	0.3429600058492359	0.1702970387307304	0.3138420108223813	0.1645751912310961	0.1802558521097465	Conservation	Conservation	Conservation	Conservation	classified	Neofunctionalization(Child)	discordant
TRD	Pbre1_07G157200	Pbre1_01G084000	Prupe.2G127800.1	26.388585166666665	0.2313193333333333	71.08432933333333	0.1154609724652806	0.5291153986518656	0.4468542549551396	0.2040948229620768	0.2219878098616902	0.203204296795222	Conservation	Neofunctionalization(Child)	Neofunctionalization(Child)	discordant	classified	Neofunctionalization(Child)	discordant
TRD	Pbre1_02G087800	Pbre1_01G093400	Prupe.7G229100.1	0.9637425	0.0	229.284812	0.7596086598404526		0.7398122769669232								all_zero_expression_profile	Specialization	discordant
TRD	Pbre1_04G340000	Pbre1_01G107400	Prupe.6G325100.1	21.243203	0.094677	31.4900175	0.604662632771183	0.8459360323609065	0.6360237523595822	0.1372349553181135	0.5553672583344912	0.1363615474103497	Neofunctionalization(Child)	Neofunctionalization(Child)	Neofunctionalization(Child)	Neofunctionalization(Child)	classified	Subfunctionalization	discordant
TRD	Pbre1_07G341600	Pbre1_01G111400	Prupe.2G239900.1	12.9170375	0.0	36.902881	0.58633685370556		0.5705271048659488								all_zero_expression_profile	Subfunctionalization	discordant
TRD	Pbre1_09G074800	Pbre1_01G116600	Prupe.3G272600.1	14.917115	1.0373415	73.7790085	0.3673647878267367	0.4601928903479942	0.4630919509484118	0.2294050739497807	0.1749422200754399	0.2181689051172371	Conservation	Neofunctionalization(Child)	Neofunctionalization(Child)	discordant	classified	Conservation	discordant
TRD	Pbre1_07G206600	Pbre1_01G117400	Prupe.2G154000.1	7.777111666666666	0.0100411666666666	4.724786833333334	0.5125284665216027	1.0	0.757746746717857	0.2332386635805901	1.0497858482982203	0.2337062373700273	Neofunctionalization(Child)	Neofunctionalization(Child)	Neofunctionalization(Child)	Neofunctionalization(Child)	classified	Subfunctionalization	discordant
TRD	Pbre1_07G211000	Pbre1_01G122000	Prupe.2G157100.1	0.9034183333333332	0.015908	0.6001395	0.2553352416554476	0.9439630891386572	0.6489287982553469	0.2699301715108003	0.8535091537642582	0.2776479634574954	Neofunctionalization(Child)	Specialization	Specialization	discordant	classified	Conservation	discordant
TRD	Pbre1_14G054000	Pbre1_01G125800	Prupe.7G101500.1	4.340689833333333	0.0	27.250482833333333	0.335435853327628		0.6164154013634577								all_zero_expression_profile	Conservation	discordant
TRD	Pbre1_09G008000	Pbre1_01G135400	Prupe.3G312000.1	42.41078133333333	0.0069323333333333	97.84271583333332	0.5772012599608546	1.0	0.1492718713815887	0.1983490286878904	0.900650706809383	0.1982595541804175	Neofunctionalization(Child)	Neofunctionalization(Child)	Neofunctionalization(Child)	Neofunctionalization(Child)	classified	Subfunctionalization	discordant
TRD	Pbre1_03G416800	Pbre1_01G146800	Prupe.4G154500.1	48.420982333333335	2.7421241666666667	87.008241	0.3425075363696772	0.4621003757278255	0.2384066802670729	0.1559575425115419	0.093992594154411	0.1459756661202009	Conservation	Conservation	Conservation	Conservation	classified	Conservation	Conservation
TRD	Pbre1_06G067200	Pbre1_01G164000	Prupe.5G046200.1	36.537118666666665	0.0	74.72999616666667	0.4543610022227399		0.584260804219864								all_zero_expression_profile	Specialization	discordant
TRD	Pbre1_07G244800	Pbre1_01G165000	Prupe.2G183300.1	1.4515328333333333	1.1371506666666666	3.706696833333333	0.7484021893364867	0.7941050106695429	0.9256739635688368	0.6738773826287582	0.3489362528634026	0.5265054673580948	Neofunctionalization(Parent)	Specialization	Specialization	discordant	classified	Subfunctionalization	discordant
TRD	Pbre1_05G020600	Pbre1_01G165600	Prupe.8G018000.1	35.039626166666665	6.534192	62.895545	0.1901006955861348	0.3584733707920881	0.3486640020789951	0.1098342782598668	0.1676375481096298	0.1040506170440045	Conservation	Conservation	Conservation	Conservation	classified	Subfunctionalization	discordant
TRD	Pbre1_10G337000	Pbre1_01G170200	Prupe.8G230400.1	136.044152	0.0	150.14385666666666	0.5436223759848902		0.5928823422601971								all_zero_expression_profile	Subfunctionalization	discordant
TRD	Pbre1_04G270600	Pbre1_01G171200	Prupe.6G288300.1	4.700297833333333	24.369375666666667	16.48779366666667	0.4649501298961939	0.278312223020117	0.5100018825087179	0.2783623310953727	0.1323271521559331	0.1370097549116573	Conservation	Conservation	Conservation	Conservation	classified	Specialization	discordant
TRD	Pbre1_09G283400	Pbre1_01G185000	Prupe.3G027000.1	48.8506935	0.0	52.80845883333333	0.4365136226854396		0.4791599130962625								all_zero_expression_profile	Conservation	discordant
TRD	Pbre1_16G018800	Pbre1_01G185600	Prupe.1G341200.1	22.376641166666666	2.136905833333333	32.61365033333333	0.1065756607992837	0.6031513063215821	0.5585004227666669	0.1525232146652	0.1544953655806195	0.1424127380393308	Conservation	Conservation	Conservation	Conservation	classified	Subfunctionalization	discordant
TRD	Pbre1_02G089400	Pbre1_01G196400	Prupe.7G228100.1	129.9517125	0.0	312.52586883333333	0.635558668552495		0.7551832778868137								all_zero_expression_profile	Conservation	discordant
TRD	Pbre1_05G500800	Pbre1_01G199400	Prupe.4G062700.1	0.0494869999999999	0.0292318333333333	0.3046303333333333	0.7061506220477678	0.7470683176882255	0.4805990475065927	0.3972433787298479	0.5033804047235795	0.3525643985892252	Subfunctionalization	Conservation	Specialization	discordant	classified	Specialization	discordant
TRD	Pbre1_01G202000	Pbre1_01G200000	Prupe.2G203700.1	52.825927	1.9051438333333333	77.3037645	0.9252899307187644	0.7015603732477169	0.7842754430242328	0.8018888722789795	0.4832600369168651	0.7895996707711611	Specialization	Neofunctionalization(Child)	Neofunctionalization(Child)	discordant	classified	Conservation	discordant
TRD	Pbre1_13G152200	Pbre1_01G204400	Prupe.1G258300.1	7.151771666666667	0.354742	16.0832115	0.8228283171525159	0.795049542624922	0.7130083814668057	0.1628411340078887	0.521989641797253	0.1431112285974582	Neofunctionalization(Child)	Neofunctionalization(Child)	Neofunctionalization(Child)	Neofunctionalization(Child)	classified	Conservation	discordant
TRD	Pbre1_01G163800	Pbre1_01G212600	Prupe.2G183000.1	0.4889638333333333	0.2722493333333333	0.7074671666666666	0.5053561851904906	0.7272819877645751	0.719144706211534	0.4653505340356728	0.5428414346586493	0.4312846174968421	Specialization	Specialization	Specialization	Specialization	classified	Subfunctionalization	discordant
TRD	Pbre1_13G239200	Pbre1_01G216200	Prupe.1G105600.1	9.210062833333334	3.3700166666666664	7.918965166666666	0.3251029077622364	0.3141401934117679	0.569576986871503	0.1326587439794463	0.1901285043423509	0.1463815929931765	Conservation	Conservation	Conservation	Conservation	classified	Conservation	Conservation
TRD	Pbre1_07G432400	Pbre1_01G219200	Prupe.2G290700.1	0.4088138333333333	0.0	0.0	0.6923706057592712										all_zero_expression_profile	Conservation	discordant
TRD	Pbre1_14G294400	Pbre1_01G243000	Prupe.5G153200.1	0.0	0.0022145	0.2034006666666666		1.0	0.9067858996290388								all_zero_expression_profile	Neofunctionalization(Parent)	discordant
TRD	Pbre1_08G062600	Pbre1_01G250400	Prupe.1G383000.1	2.0022836666666666	1.4010948333333333	4.5330885	0.93146738697361	0.9200464293183396	0.8869960731421509	0.1170652210943691	0.1043045241142585	0.1061828623408014	Conservation	Specialization	Specialization	discordant	classified	Neofunctionalization(Child)	discordant
TRD	Pbre1_02G001800	Pbre1_01G250600	Prupe.7G271200.1	37.4462615	0.0114051666666666	27.42186633333333	0.3686355486634594	1.0	0.2944580581734773	0.0880470292788191	0.8655040299606188	0.0881081234323893	Neofunctionalization(Child)	Neofunctionalization(Child)	Neofunctionalization(Child)	Neofunctionalization(Child)	classified	Subfunctionalization	discordant
TRD	Pbre1_13G199200	Pbre1_01G269400	Prupe.1G229200.1	2.1019811666666666	0.0	7.414184833333334	0.802522517071089		0.7018686012429572								all_zero_expression_profile	Conservation	discordant
TRD	Pbre1_03G206400	Pbre1_01G289600	Prupe.6G116000.1	15.531133833333334	0.5497623333333334	17.5952375	0.5284364250736096	0.8417438110283084	0.3471391335221822	0.1937192284301579	0.4441863895691668	0.1821934038257331	Neofunctionalization(Child)	Neofunctionalization(Child)	Neofunctionalization(Child)	Neofunctionalization(Child)	classified	Conservation	discordant
TRD	Pbre1_07G368600	Pbre1_01G290400	Prupe.2G253600.1	0.0029641666666666	0.0038635	0.0247296666666666	1.0	1.0	0.9243863250085912	0.3879846842761162	1.265637749411936	0.6931398054510859	Neofunctionalization(Child)	Conservation	Conservation	discordant	classified	Neofunctionalization(Child)	discordant
TRD	Pbre1_07G376400	Pbre1_01G298200	Prupe.2G259700.1	1.5597905	3.840237166666667	1.4666816666666669	0.3814279004391668	0.3884755500212818	0.6462449340581997	0.3379888693824462	0.2674531248387228	0.2748525678568548	Conservation	Specialization	Specialization	discordant	classified	Conservation	discordant
TRD	Pbre1_05G459600	Pbre1_01G302800	Prupe.4G087700.1	0.9114193333333334	0.0472488333333333	8.782529	0.901315252267302	0.868388515548693	0.6969890654308201	0.7053039906060268	0.6868836475867212	0.6758909317753268	Specialization	Specialization	Specialization	Specialization	classified	Neofunctionalization(Child)	discordant
TRD	Pbre1_10G449800	Pbre1_01G304200	Prupe.4G079500.1	256.6825513333333	0.5637323333333334	642.5165791666667	0.5314942599463732	1.0	0.5611437233807328	0.2016264878802335	0.858106019640872	0.2022076928926385	Neofunctionalization(Child)	Neofunctionalization(Child)	Neofunctionalization(Child)	Neofunctionalization(Child)	classified	Neofunctionalization(Parent)	discordant
TRD	Pbre1_07G376400	Pbre1_01G305800	Prupe.2G259700.1	1.5597905	1.118896	1.4666816666666669	0.3814279004391668	0.4231997218347566	0.6462449340581997	0.3379888693824462	0.1875841847146151	0.2559188985682565	Conservation	Neofunctionalization(Parent)	Specialization	discordant	classified	Neofunctionalization(Parent)	discordant
TRD	Pbre1_02G104400	Pbre1_01G324600	Prupe.7G219900.1	52.2456605	4.901384833333333	55.55615366666667	0.8726455554802456	0.3825565436692369	0.880080194713894	0.7249046035275337	0.6283380131654105	0.7050258641892558	Specialization	Conservation	Conservation	discordant	classified	Neofunctionalization(Parent)	discordant
TRD	Pbre1_07G432400	Pbre1_01G328400	Prupe.2G290700.1	0.4088138333333333	0.9223201666666668	0.0	0.6923706057592712	0.3513757753735979									all_zero_expression_profile	Neofunctionalization(Child)	discordant
TRD	Pbre1_15G437200	Pbre1_01G328600	Prupe.7G168400.1	33.693531666666665	0.083778	116.5484865	0.6522787829313886	0.6624762739866653	0.2842742867873324	0.2548048672058307	0.3187548380405455	0.2546716407308515	Conservation	Neofunctionalization(Child)	Neofunctionalization(Child)	discordant	classified	Neofunctionalization(Child)	discordant
TRD	Pbre1_07G432400	Pbre1_01G333000	Prupe.2G290700.1	0.4088138333333333	0.0	0.0	0.6923706057592712										all_zero_expression_profile	Neofunctionalization(Parent)	discordant
TRD	Pbre1_05G424800	Pbre1_01G342800	Prupe.4G108700.1	1.6734143333333331	0.0	5.554906333333333	0.5540206568275393		0.5886595442070984								all_zero_expression_profile	Subfunctionalization	discordant
TRD	Pbre1_06G311000	Pbre1_01G347000	Prupe.5G183200.1	52.32322833333333	0.0043528333333333	51.63563633333334	0.7980865481017044	1.0	0.5734054788271615	0.2325643415132817	0.9492211356759488	0.2325580115944926	Neofunctionalization(Child)	Neofunctionalization(Child)	Neofunctionalization(Child)	Neofunctionalization(Child)	classified	Subfunctionalization	discordant
TRD	Pbre1_17G085800	Pbre1_01G347600	Prupe.3G268100.1	0.7277881666666667	0.0185038333333333	8.265949833333334	0.7506236808334817	1.0	0.7579436482580577	0.3730360604275052	0.6141621055865412	0.3660182410142215	Neofunctionalization(Child)	Specialization	Specialization	discordant	classified	Subfunctionalization	discordant
TRD	Pbre1_08G098800	Pbre1_01G348200	Prupe.1G391800.1														missing_expression_record		discordant
TRD	Pbre1_02G498800	Pbre1_01G358000	Prupe.2G012300.1	2.2171196666666666	0.0	8.084661166666667	0.6876846846708065		0.6691589082665741								all_zero_expression_profile	Neofunctionalization(Child)	discordant
TRD	Pbre1_07G439800	Pbre1_01G365600	Prupe.2G294300.1	0.231599	0.3486298333333333	0.653331	0.9226345440845514	0.8148211914920258	0.5151864071004242	0.6347389401052798	0.5540749944143388	0.4170193508621291	Specialization	Specialization	Specialization	Specialization	classified	Neofunctionalization(Child)	discordant
TRD	Pbre1_07G439800	Pbre1_01G365800	Prupe.2G294300.1	0.231599	0.4351216666666667	0.653331	0.9226345440845514	0.7294578833868478	0.5151864071004242	0.6347389401052798	0.4763653108631318	0.3502002244996287	Subfunctionalization	Specialization	Specialization	discordant	classified	Subfunctionalization	discordant
TRD	Pbre1_07G439800	Pbre1_01G366000	Prupe.2G294300.1	0.231599	0.5652228333333333	0.653331	0.9226345440845514	0.6271390202702702	0.5151864071004242	0.6347389401052798	0.4460993282824248	0.3328821701704207	Subfunctionalization	Specialization	Specialization	discordant	classified	Subfunctionalization	discordant
TRD	Pbre1_07G453000	Pbre1_01G377200	Prupe.2G300700.1	0.2743853333333333	0.7909360000000001	2.942211	0.6092941398085772	0.3800436965294174	0.4484773946360153	0.1951111824078085	0.2713911779554253	0.2207210202669329	Conservation	Specialization	Specialization	discordant	classified	Conservation	discordant
TRD	Pbre1_12G061600	Pbre1_01G382600	Prupe.7G098700.1	140.86776166666667	0.5761775	34.356021	0.5881354079696351	0.5088945419288418	0.5257997733566658	0.1962437632005355	0.1652998903340487	0.1951135371843976	Conservation	Neofunctionalization(Child)	Neofunctionalization(Child)	discordant	classified	Conservation	discordant
TRD	Pbre1_01G424800	Pbre1_01G406200	Prupe.2G324300.1	26.682454166666663	1.1852785	39.9875645	0.6142968091459489	0.8248951495992305	0.5777754831876465	0.2843813868824785	0.5041499420147602	0.2619676671287737	Neofunctionalization(Child)	Neofunctionalization(Child)	Neofunctionalization(Child)	Neofunctionalization(Child)	classified	Neofunctionalization(Child)	Neofunctionalization(Child)
TRD	Pbre1_07G264200	Pbre1_01G407600	Prupe.2G193400.1	7.825469	0.7588186666666666	4.287332500000001	0.5306147418312983	0.9451887852915176	0.6071663426023337	0.1533829283831615	0.5356757712927198	0.1529773177241442	Neofunctionalization(Child)	Neofunctionalization(Child)	Neofunctionalization(Child)	Neofunctionalization(Child)	classified	Specialization	discordant
TRD	Pbre1_05G243800	Pbre1_01G418400	Prupe.8G177400.1	22.894692666666668	5.900981666666667	61.44621333333333	0.4071834060688019	0.3809486576096355	0.4695086690313298	0.1808001387001328	0.1643890212572563	0.1556502202171759	Conservation	Conservation	Conservation	Conservation	classified	Neofunctionalization(Child)	discordant
TRD	Pbre1_15G255000	Pbre1_02G004200	Prupe.7G270100.1	49.98767083333333	2.1136133333333333	28.1673765	0.3753554658087404	0.9351360631311876	0.6579187423672512	0.2439713733832895	0.5667238017565276	0.240217739438648	Neofunctionalization(Child)	Neofunctionalization(Child)	Neofunctionalization(Child)	Neofunctionalization(Child)	classified	Neofunctionalization(Child)	Neofunctionalization(Child)
TRD	Pbre1_15G263800	Pbre1_02G012400	Prupe.7G266300.1														missing_expression_record		discordant
TRD	Pbre1_15G263800	Pbre1_02G012600	Prupe.7G266300.1														missing_expression_record		discordant
TRD	Pbre1_08G018800	Pbre1_02G032600	Prupe.1G362200.1	89.05260866666667	0.0951151666666666	143.34950466666666	0.2860859932995114	0.7616778930713755	0.3552926529210638	0.0623566230934476	0.459931651761894	0.0625421174532405	Neofunctionalization(Child)	Neofunctionalization(Child)	Neofunctionalization(Child)	Neofunctionalization(Child)	classified	Subfunctionalization	discordant
TRD	Pbre1_09G312200	Pbre1_02G034600	Prupe.3G044400.1	4.921103666666666	4.648172333333333	27.61886383333333	0.4543256020216578	0.7801618472675553	0.6351846900532843	0.2969203389899459	0.406051922034499	0.2696665817408255	Neofunctionalization(Child)	Neofunctionalization(Child)	Neofunctionalization(Child)	Neofunctionalization(Child)	classified	Conservation	discordant
TRD	Pbre1_02G060600	Pbre1_02G036200	Prupe.7G242500.1	9.623327	0.0	13.7961335	0.3763827674455874		0.7306186300514635								all_zero_expression_profile	Neofunctionalization(Parent)	discordant
TRD	Pbre1_06G365600	Pbre1_02G063400	Prupe.5G216500.1	0.3315231666666666	0.0113793333333333	30.16334916666667	0.8015446327966547	1.0	0.9491843280588548	0.4065728807547279	1.2118576605754232	0.4090972076312477	Specialization	Specialization	Specialization	Specialization	classified	Conservation	discordant
TRD	Pbre1_15G316800	Pbre1_02G066800	Prupe.7G239300.1														missing_expression_record		discordant
TRD	Pbre1_15G325800	Pbre1_02G075200	Prupe.7G235200.1	15.999019333333331	3.4074413333333333	34.222191	0.2764523880821382	0.5498902553247035	0.6538535794118854	0.2447577798830466	0.4347564842601428	0.263649388051544	Neofunctionalization(Child)	Neofunctionalization(Child)	Neofunctionalization(Child)	Neofunctionalization(Child)	classified	Neofunctionalization(Parent)	discordant
TRD	Pbre1_15G331200	Pbre1_02G081600	Prupe.7G232300.1	11.876003166666669	0.5332846666666666	17.664873666666665	0.1557642841027918	0.3325448711779354	0.4918548527915793	0.1460391113548072	0.2464210998872563	0.1487530180679978	Conservation	Neofunctionalization(Child)	Neofunctionalization(Child)	discordant	classified	Neofunctionalization(Parent)	discordant
TRD	Pbre1_15G331200	Pbre1_02G081800	Prupe.7G232300.1	11.876003166666669	0.6230718333333334	17.664873666666665	0.1557642841027918	0.3952324418693512	0.4918548527915793	0.1460391113548072	0.2193231690128378	0.1471398873863862	Conservation	Neofunctionalization(Child)	Neofunctionalization(Child)	discordant	classified	Subfunctionalization	discordant
TRD	Pbre1_12G387200	Pbre1_02G086400	Prupe.6G336200.1	23.323488166666667	0.0403551666666666	44.8869	0.1543993370783381	0.7948615410357233	0.3863716817126853	0.0886210941878303	0.4231436833610443	0.0884724604796232	Neofunctionalization(Child)	Neofunctionalization(Child)	Neofunctionalization(Child)	Neofunctionalization(Child)	classified	Neofunctionalization(Child)	Neofunctionalization(Child)
TRD	Pbre1_15G348600	Pbre1_02G098200	Prupe.7G223700.1	96.91473016666669	0.0925161666666666	25.94563266666667	0.4818026535569338	0.7306606804653679	0.837363325041214	0.441738500130003	0.6456990320240547	0.4417685655423928	Specialization	Neofunctionalization(Child)	Neofunctionalization(Child)	discordant	classified	Neofunctionalization(Parent)	discordant
TRD	Pbre1_05G069600	Pbre1_02G104000	Prupe.8G058100.1	0.485311	0.0	0.2246798333333333	0.845913468553918		0.7193714402859358								all_zero_expression_profile	Conservation	discordant
TRD	Pbre1_02G273200	Pbre1_02G127200	Prupe.6G229700.1	19.946864	0.0	33.674708333333335	0.5238014233251622		0.728549585696381								all_zero_expression_profile	Neofunctionalization(Child)	discordant
TRD	Pbre1_07G384800	Pbre1_02G127800	Prupe.2G264600.1	22.069959	0.0	16.393171666666667	0.5811300683155719		0.3294079357957689								all_zero_expression_profile	Neofunctionalization(Child)	discordant
TRD	Pbre1_06G341600	Pbre1_02G135200	Prupe.5G201700.1	12.0185615	0.3054528333333333	20.77312983333333	0.218842145501546	0.9590014306979386	0.4564572627414595	0.0980534532757014	0.7349862147409594	0.1027079940711934	Neofunctionalization(Child)	Neofunctionalization(Child)	Neofunctionalization(Child)	Neofunctionalization(Child)	classified	Neofunctionalization(Parent)	discordant
TRD	Pbre1_05G075800	Pbre1_02G138400	Prupe.8G060400.1	20.103575166666666	0.4522221666666667	14.2975385	0.5311104140591336	0.9357620182850108	0.5471676371356167	0.1311305314976024	0.7946613730931507	0.1289521724746404	Neofunctionalization(Child)	Neofunctionalization(Child)	Neofunctionalization(Child)	Neofunctionalization(Child)	classified	Neofunctionalization(Parent)	discordant
TRD	Pbre1_09G306000	Pbre1_02G141000	Prupe.3G040200.1	15.877988166666668	0.1040268333333333	37.42013533333333	0.3233667589036408	0.9189888007203556	0.3695734314760934	0.136368122437671	0.5322170646737007	0.1328697154433076	Neofunctionalization(Child)	Neofunctionalization(Child)	Neofunctionalization(Child)	Neofunctionalization(Child)	classified	Neofunctionalization(Child)	Neofunctionalization(Child)
TRD	Pbre1_09G204200	Pbre1_02G144200	Prupe.3G202500.1	0.8400065	16.3207255	23.645870166666665	0.916187412840224	0.5379386671253293	0.9244508325786456	0.9562858962030498	0.5840561668778814	0.5938167891502621	Specialization	Specialization	Neofunctionalization(Parent)	Specialization	classified	Subfunctionalization	discordant
TRD	Pbre1_16G291800	Pbre1_02G145400	Prupe.1G139300.1	6.6941115	0.5278728333333333	8.626646333333333	0.1919650431226176	0.5649191721106687	0.5123907192189504	0.1880191553234991	0.3395601932646351	0.1934701222477851	Conservation	Neofunctionalization(Child)	Neofunctionalization(Child)	discordant	classified	Specialization	discordant
TRD	Pbre1_02G126600	Pbre1_02G145800	Prupe.7G208200.1	5.721657333333333	14.953936333333331	54.28134816666667	0.7085780468586556	0.5034578213827963	0.5067435554566423	0.1483321796488076	0.2253206872728314	0.1445889080679839	Conservation	Conservation	Conservation	Conservation	classified	Subfunctionalization	discordant
TRD	Pbre1_04G223200	Pbre1_02G155800	Prupe.6G263600.1	0.1425181666666666	0.3775783333333333	0.6857973333333334	0.5815523588419508	0.8684373172850284	0.941569786885941	0.5195354630614735	0.7452435858957213	0.6173997212523482	Specialization	Specialization	Specialization	Specialization	classified	Subfunctionalization	discordant
TRD	Pbre1_15G407800	Pbre1_02G163800	Prupe.7G188300.1														missing_expression_record		discordant
TRD	Pbre1_04G273000	Pbre1_02G175800	Prupe.6G290200.1														missing_expression_record		discordant
TRD	Pbre1_16G103400	Pbre1_02G189600	Prupe.1G290900.1	14.223730666666668	0.0154695	14.215411	0.3987498067110669	0.8827853725222147	0.481049440224791	0.1995473767568248	0.5820635901259644	0.1995559672733586	Neofunctionalization(Child)	Neofunctionalization(Child)	Neofunctionalization(Child)	Neofunctionalization(Child)	classified	Subfunctionalization	discordant
TRD	Pbre1_05G291800	Pbre1_02G192000	Prupe.8G199400.1	12.337086833333334	22.43663583333333	24.4233295	0.409227336086379	0.739625982017312	0.4161653905192851	0.1792140377179757	0.3586699484887154	0.2434128943474734	Conservation	Conservation	Conservation	Conservation	classified	Conservation	Conservation
TRD	Pbre1_05G281200	Pbre1_02G195000	Prupe.8G192500.1	64.91207633333333	1.368692	85.46596916666667	0.8088534857681345	0.6980607975746981	0.4968392123007356	0.3725790777088424	0.3021249431801268	0.3675234868043007	Conservation	Neofunctionalization(Child)	Neofunctionalization(Child)	discordant	classified	Conservation	discordant
TRD	Pbre1_15G474800	Pbre1_02G238200	Prupe.7G148400.1	2.138872	2.6554846666666667	2.021511333333333	0.4674650599479933	0.5864116330217428	0.4685718627583412	0.1337949300446996	0.2775241747543274	0.1964002998830553	Conservation	Specialization	Conservation	discordant	classified	Subfunctionalization	discordant
TRD	Pbre1_16G029400	Pbre1_02G238800	Prupe.1G336000.1														missing_expression_record		discordant
TRD	Pbre1_13G053200	Pbre1_02G256200	Prupe.1G321000.1	34.6859545	0.0	91.5315795	0.4719204325494353		0.6102232551794011								all_zero_expression_profile	Conservation	discordant
TRD	Pbre1_10G594000	Pbre1_02G259400	Prupe.4G000200.1	59.73868433333333	0.0	44.115021	0.1094754278430921		0.2527525195369923								all_zero_expression_profile	Subfunctionalization	discordant
TRD	Pbre1_17G016000	Pbre1_02G275400	Prupe.3G308100.1	29.969629	3.630421166666667	53.25809383333333	0.6014258902851538	0.9527114911560906	0.5447844536202601	0.3947595722745792	0.5872657738086551	0.3314981690737309	Subfunctionalization	Neofunctionalization(Child)	Neofunctionalization(Child)	discordant	classified	Conservation	discordant
TRD	Pbre1_02G047200	Pbre1_02G285400	Prupe.7G249000.1	25.457021166666667	0.0171936666666666	14.640231833333331	0.3059346870794494	0.9084954576922536	0.4909109526933535	0.2323168266579059	0.6811731846438268	0.232291031898058	Neofunctionalization(Child)	Neofunctionalization(Child)	Neofunctionalization(Child)	Neofunctionalization(Child)	classified	Subfunctionalization	discordant
TRD	Pbre1_11G316600	Pbre1_02G298400	Prupe.4G243500.1														missing_expression_record		discordant
TRD	Pbre1_11G317000	Pbre1_02G298800	Prupe.4G243400.1	14.4595975	0.0	22.616472166666668	0.2858632818642964		0.6184587120562474								all_zero_expression_profile	Subfunctionalization	discordant
TRD	Pbre1_09G074800	Pbre1_02G303600	Prupe.3G272600.1	14.917115	0.0	73.7790085	0.3673647878267367		0.4630919509484118								all_zero_expression_profile	Conservation	discordant
TRD	Pbre1_16G374000	Pbre1_02G312400	Prupe.1G045900.1	67.07377116666666	0.0	91.2480445	0.4090133465056136		0.4590645889878236								all_zero_expression_profile	Specialization	discordant
TRD	Pbre1_16G021200	Pbre1_02G320600	Prupe.1G340200.1	52.5306195	0.015695	94.14874516666669	0.321472041277784	0.738732825549215	0.4765221779549526	0.1990222068313226	0.4864710692576954	0.1989914151250522	Neofunctionalization(Child)	Neofunctionalization(Child)	Neofunctionalization(Child)	Neofunctionalization(Child)	classified	Conservation	discordant
TRD	Pbre1_15G670800	Pbre1_02G325000	Prupe.1G521900.1	99.39795333333332	0.0	236.571004	0.4454386131776978		0.4304213159476149								all_zero_expression_profile	Subfunctionalization	discordant
TRD	Pbre1_08G058000	Pbre1_02G329600	Prupe.1G381900.1	8.3265215	0.0	9.7018135	0.999563264168348		0.6416861628359382								all_zero_expression_profile	Conservation	discordant
TRD	Pbre1_08G058000	Pbre1_02G329800	Prupe.1G381900.1	8.3265215	0.0	9.7018135	0.999563264168348		0.6416861628359382								all_zero_expression_profile	Conservation	discordant
TRD	Pbre1_02G069000	Pbre1_02G332800	Prupe.7G238300.1	17.881056333333333	0.0	18.38500033333333	0.5417473923849249		0.6084117402728622								all_zero_expression_profile	Conservation	discordant
TRD	Pbre1_10G317600	Pbre1_02G335600	Prupe.8G219200.1	14.9937955	0.0	13.887427166666669	0.6008148693237559		0.7623006366123083								all_zero_expression_profile	Neofunctionalization(Child)	discordant
TRD	Pbre1_02G292800	Pbre1_02G337400	Prupe.6G217700.1	7.8073935	8.499215	21.962823	0.5743241403117121	0.4821934309846879	0.5253800354437121	0.4200603628819218	0.3008939157669153	0.2972441469673799	Neofunctionalization(Parent)	Neofunctionalization(Child)	Conservation	discordant	classified	Conservation	discordant
TRD	Pbre1_12G061600	Pbre1_02G343800	Prupe.7G098700.1	140.86776166666667	0.0	34.356021	0.5881354079696351		0.5257997733566658								all_zero_expression_profile	Subfunctionalization	discordant
TRD	Pbre1_02G314400	Pbre1_02G347800	Prupe.2G147700.1	123.16234416666668	0.0	73.8535545	0.9008296537884718		0.9063220695550088								all_zero_expression_profile	Subfunctionalization	discordant
TRD	Pbre1_02G199400	Pbre1_02G350800	Prupe.7G168600.1	9.348972333333332	0.1007208333333333	7.897059833333333	0.4213298288861196	0.7823614984053269	0.5757491131744239	0.2360381543845782	0.4975073900461236	0.2346467254767569	Neofunctionalization(Child)	Neofunctionalization(Child)	Neofunctionalization(Child)	Neofunctionalization(Child)	classified	Subfunctionalization	discordant
TRD	Pbre1_07G152600	Pbre1_02G351600	Prupe.2G122600.1	0.0301358333333333	1.753159	0.0904691666666666	0.7100130074250718	0.5711708146419382	0.8577307951801151	0.4526272220172004	0.6103600827165927	0.6047921718801506	Specialization	Neofunctionalization(Child)	Neofunctionalization(Child)	discordant	classified	Subfunctionalization	discordant
TRD	Pbre1_02G102800	Pbre1_02G354800	Prupe.7G221100.1	883.1409398333333	0.6749253333333334	307.9785998333333	0.8411439741116553	0.4963829212374258	0.7209351096840254	0.4878201176492364	0.4755710641567554	0.4877163699515474	Specialization	Neofunctionalization(Child)	Neofunctionalization(Child)	discordant	classified	Conservation	discordant
TRD	Pbre1_02G087800	Pbre1_02G361000	Prupe.7G229100.1	0.9637425	0.0	229.284812	0.7596086598404526		0.7398122769669232								all_zero_expression_profile	Conservation	discordant
TRD	Pbre1_07G430800	Pbre1_02G368800	Prupe.2G289800.1														missing_expression_record		discordant
TRD	Pbre1_14G064000	Pbre1_02G370200	Prupe.7G097600.1	17.696341166666667	0.0	52.26197416666667	0.6469332253084843		0.6700690348601417								all_zero_expression_profile	Subfunctionalization	discordant
TRD	Pbre1_14G221800	Pbre1_02G373200	Prupe.5G113400.1	10.0918195	0.0347836666666666	21.072986	0.2593986285136773	1.0	0.4789230477762986	0.1777686136166623	0.8355900990876737	0.1759389477611695	Neofunctionalization(Child)	Neofunctionalization(Child)	Neofunctionalization(Child)	Neofunctionalization(Child)	classified	Subfunctionalization	discordant
TRD	Pbre1_07G122000	Pbre1_02G376800	Prupe.2G102700.1	23.105352166666663	6.437433666666666	39.52225383333334	0.5136961084469365	0.6902657976175339	0.5273434907599819	0.1043174767255655	0.2283762396996986	0.1156945303773195	Conservation	Neofunctionalization(Child)	Conservation	discordant	classified	Subfunctionalization	discordant
TRD	Pbre1_02G375600	Pbre1_02G379200	Prupe.2G104200.1														missing_expression_record		discordant
TRD	Pbre1_05G212800	Pbre1_02G381600	Prupe.8G162300.1	28.7310205	0.4583381666666666	28.109062666666667	0.3607403683735963	0.5813208098987627	0.4453049092659877	0.1552104746022128	0.1970960704687348	0.153847565475468	Conservation	Neofunctionalization(Child)	Neofunctionalization(Child)	discordant	classified	Conservation	discordant
TRD	Pbre1_06G325400	Pbre1_02G383400	Prupe.5G190000.1	25.0105285	0.0	99.8017265	0.8005733059992057		0.6846928973610042								all_zero_expression_profile	Subfunctionalization	discordant
TRD	Pbre1_05G284000	Pbre1_02G397800	Prupe.8G193800.1														missing_expression_record		discordant
TRD	Pbre1_06G156200	Pbre1_02G399400	Prupe.5G101600.1	78.06940733333333	0.0595685	421.4512053333333	0.3938901219082226	0.920948153700212	0.9002772752042152	0.5905642096573289	0.9567547590918816	0.590713468144488	Specialization	Neofunctionalization(Child)	Neofunctionalization(Child)	discordant	classified	Conservation	discordant
TRD	Pbre1_15G001000	Pbre1_02G403200	Prupe.1G353700.1	4.960086	0.4695425	3.2121701666666667	0.603871642329187	0.6855155701001483	0.8484916326034826	0.2675837732424409	0.2214418787857018	0.2613683094458983	Conservation	Specialization	Specialization	discordant	classified	Specialization	discordant
TRD	Pbre1_13G109200	Pbre1_02G407200	Prupe.1G285900.1	8.583779166666666	4.209233666666667	5.573060333333333	0.3659851175750114	0.4862577482758333	0.644626665869441	0.2341453693287244	0.358043213647622	0.2688861253533471	Conservation	Specialization	Specialization	discordant	classified	Specialization	discordant
TRD	Pbre1_11G483800	Pbre1_02G413400	Prupe.8G244900.1	6.0367975	0.006328	24.212396666666667	0.3221639232460229	1.0	0.6226781418593654	0.2279132715381303	1.013544191401168	0.2283009706472543	Neofunctionalization(Child)	Neofunctionalization(Child)	Neofunctionalization(Child)	Neofunctionalization(Child)	classified	Conservation	discordant
TRD	Pbre1_15G497000	Pbre1_02G413800	Prupe.7G134900.1	0.5102285	0.0120251666666666	3.945365333333333	0.8526145220397374	1.0	0.524957382434548	0.4053444769295772	0.9846580451410584	0.392627421771714	Specialization	Specialization	Specialization	Specialization	classified	Subfunctionalization	discordant
TRD	Pbre1_02G412400	Pbre1_02G417400	Prupe.2G065900.1	0.1123774999999999	0.0	49.09691133333333	0.7935910263519541		0.6733519892756564								all_zero_expression_profile	Conservation	discordant
TRD	Pbre1_03G263800	Pbre1_02G417600	Prupe.4G263600.1	0.2468695	19.430853	2.4584576666666664	0.9025835896776888	0.3640309150139709	0.9084439263244428	0.0367562783954969	0.6293760217882945	0.6215263907108162	Neofunctionalization(Child)	Specialization	Specialization	discordant	classified	Subfunctionalization	discordant
TRD	Pbre1_05G060000	Pbre1_02G420600	Prupe.8G047100.1	11.948366666666669	3.177388	13.113808666666667	0.9998633329166738	0.9208207208263296	0.9999327708973048	0.0004248001440604	1.189462030241863	0.2500905856921921	Neofunctionalization(Child)	Neofunctionalization(Child)	Neofunctionalization(Child)	Neofunctionalization(Child)	classified	Conservation	discordant
TRD	Pbre1_14G409200	Pbre1_02G429600	Prupe.5G219000.1														missing_expression_record		discordant
TRD	Pbre1_11G157400	Pbre1_02G433800	Prupe.6G079900.1	17.487139666666668	1.8201296666666664	43.24028633333333	0.3593774113065807	0.6802052757309806	0.5248578327572495	0.1059993636927225	0.2059785777777219	0.0967867267672585	Conservation	Neofunctionalization(Child)	Neofunctionalization(Child)	discordant	classified	Subfunctionalization	discordant
TRD	Pbre1_10G352400	Pbre1_02G436000	Prupe.4G141500.1														missing_expression_record		discordant
TRD	Pbre1_04G232800	Pbre1_02G445400	Prupe.6G268000.1	0.1536176666666666	12.2426605	0.5464698333333333	0.9581738135717732	0.4376373866732813	0.694320000987048	0.6821271380564264	0.3549401009624613	0.3477562837847746	Neofunctionalization(Parent)	Specialization	Specialization	discordant	classified	Neofunctionalization(Child)	discordant
TRD	Pbre1_07G058800	Pbre1_02G446000	Prupe.2G042500.1	0.0593305	4.056842333333333	7.351198	0.8964596638727116	0.9136868688650892	0.825033862595521	0.1672729226157977	0.8383092257798267	0.8245865326444863	Neofunctionalization(Child)	Specialization	Specialization	discordant	classified	Conservation	discordant
TRD	Pbre1_02G387400	Pbre1_02G452800	Prupe.2G095400.1	7.0213555	0.3068506666666666	23.430165	0.2492252975506027	0.9064107593342072	0.3971552265566251	0.1194993546188642	0.6279645038314545	0.1152789763408175	Neofunctionalization(Child)	Neofunctionalization(Child)	Neofunctionalization(Child)	Neofunctionalization(Child)	classified	Conservation	discordant
TRD	Pbre1_12G196000	Pbre1_02G460800	Prupe.6G232600.1	25.7226045	0.0	42.04724233333334	0.4422667147975623		0.3455180370770932								all_zero_expression_profile	Neofunctionalization(Child)	discordant
TRD	Pbre1_07G040600	Pbre1_02G467000	Prupe.2G030100.1	14.312178833333332	4.767942166666667	12.693114666666666	0.2708176917468202	0.5019682158420098	0.5594908133370506	0.1827389752376431	0.0513781975936075	0.1482157888873888	Conservation	Conservation	Conservation	Conservation	classified	Neofunctionalization(Child)	discordant
TRD	Pbre1_07G040600	Pbre1_02G467200	Prupe.2G030100.1	14.312178833333332	2.6852135	12.693114666666666	0.2708176917468202	0.5926526997946832	0.5594908133370506	0.1827389752376431	0.0909219518403757	0.1548032941541266	Conservation	Conservation	Conservation	Conservation	classified	Neofunctionalization(Parent)	discordant
TRD	Pbre1_12G084200	Pbre1_02G467800	Prupe.7G086900.1	5.2495598333333335	3.783564333333333	3.5992911666666667	0.3684053336881768	0.6802621928597193	0.6708342348483605	0.304835886721099	0.4070955717375288	0.3312255488343102	Neofunctionalization(Child)	Conservation	Conservation	discordant	classified	Subfunctionalization	discordant
TRD	Pbre1_05G153800	Pbre1_02G470000	Prupe.8G126500.1	2.432278333333333	0.8280323333333334	2.637305	0.3522238216899441	0.5539539840224286	0.7549635985337041	0.3793998372558192	0.3787270049707058	0.3670610321468606	Conservation	Specialization	Neofunctionalization(Child)	discordant	classified	Subfunctionalization	discordant
TRD	Pbre1_05G153800	Pbre1_02G470200	Prupe.8G126500.1	2.432278333333333	0.932744	2.637305	0.3522238216899441	0.6930622038824267	0.7549635985337041	0.3793998372558192	0.2421699543704378	0.3273265356333987	Conservation	Specialization	Neofunctionalization(Child)	discordant	classified	Neofunctionalization(Child)	discordant
TRD	Pbre1_05G153800	Pbre1_02G470400	Prupe.8G126500.1	2.432278333333333	0.9892238333333334	2.637305	0.3522238216899441	0.6275636985445913	0.7549635985337041	0.3793998372558192	0.3171531488958715	0.3482174904201469	Conservation	Specialization	Neofunctionalization(Child)	discordant	classified	Subfunctionalization	discordant
TRD	Pbre1_07G034800	Pbre1_02G473000	Prupe.2G027000.1	4.49604	1.079759666666667	5.341498166666667	0.2636640966483318	0.7498411412399426	0.4274262684078126	0.2283855118551726	0.4487668104387306	0.2496939168518825	Neofunctionalization(Child)	Neofunctionalization(Child)	Neofunctionalization(Child)	Neofunctionalization(Child)	classified	Neofunctionalization(Child)	Neofunctionalization(Child)
TRD	Pbre1_17G446600	Pbre1_02G474000	Prupe.3G148900.1														missing_expression_record		discordant
TRD	Pbre1_01G108000	Pbre1_02G475600	Prupe.6G208400.1	0.0054448333333333	0.0	2.8844925	1.0		0.7176814370549925								all_zero_expression_profile	Subfunctionalization	discordant
TRD	Pbre1_15G547800	Pbre1_02G475800	Prupe.6G208400.1	0.3605973333333333	0.0	2.8844925	0.9327476697390948		0.7176814370549925								all_zero_expression_profile	Subfunctionalization	discordant
TRD	Pbre1_02G506000	Pbre1_02G484000	Prupe.2G007500.1	116.86752116666666	42.31502866666666	256.3848983333333	0.4948323668289801	0.478344303691976	0.604606501921663	0.242222534878865	0.2972658604288074	0.2463996269076039	Conservation	Conservation	Conservation	Conservation	classified	Neofunctionalization(Child)	discordant
TRD	Pbre1_07G025200	Pbre1_02G484400	Prupe.2G020100.1	31.541668166666668	17.758898333333335	16.68642	0.8639619126548359	0.3397996277239047	0.7878109634929411	0.7477956095363117	0.416218536837486	0.5923269769139772	Specialization	Neofunctionalization(Parent)	Neofunctionalization(Parent)	discordant	classified	Neofunctionalization(Child)	discordant
TRD	Pbre1_15G539000	Pbre1_02G484800	Prupe.6G213300.1	23.109962	0.0155706666666666	77.58064683333333	0.4334864907161661	0.8279262415866822	0.3923367769318121	0.1749099222834587	0.5029422888036049	0.1746149546376571	Neofunctionalization(Child)	Neofunctionalization(Child)	Neofunctionalization(Child)	Neofunctionalization(Child)	classified	Subfunctionalization	discordant
TRD	Pbre1_02G458800	Pbre1_02G485000	Prupe.2G035500.1	7.612586833333333	8.905369499999999	12.900347833333331	0.3198911201639846	0.3524823401493047	0.7022440887371968	0.2735350345148665	0.2730475717448214	0.2606667330687582	Conservation	Conservation	Conservation	Conservation	classified	Subfunctionalization	discordant
TRD	Pbre1_15G539000	Pbre1_02G487600	Prupe.6G213300.1	23.109962	0.6124235	77.58064683333333	0.4334864907161661	0.9924526937780842	0.3923367769318121	0.1749099222834587	1.0242954000852489	0.1790872077703203	Neofunctionalization(Child)	Neofunctionalization(Child)	Neofunctionalization(Child)	Neofunctionalization(Child)	classified	Neofunctionalization(Child)	Neofunctionalization(Child)
TRD	Pbre1_15G539000	Pbre1_02G487800	Prupe.6G213300.1	23.109962	0.3455445	77.58064683333333	0.4334864907161661	0.6277169592580325	0.3923367769318121	0.1749099222834587	0.3806992610349302	0.1743171751721978	Conservation	Neofunctionalization(Child)	Neofunctionalization(Child)	discordant	classified	Subfunctionalization	discordant
TRD	Pbre1_16G102400	Pbre1_03G000400	Prupe.1G299800.1	7.398081666666667	0.1011481666666666	10.802447333333332	0.3807353109186652	0.7860083427413717	0.5916754535414089	0.2130100983411738	0.263966836029391	0.207424916468894	Conservation	Neofunctionalization(Child)	Neofunctionalization(Child)	discordant	classified	Neofunctionalization(Parent)	discordant
TRD	Pbre1_11G001000	Pbre1_03G000800	Prupe.6G000600.1	69.03005633333333	54.503897333333335	70.413543	0.432175185230309	0.4746385845737217	0.4248284427960213	0.0776531254710819	0.1115848353127348	0.0879804662971741	Conservation	Conservation	Conservation	Conservation	classified	Specialization	discordant
TRD	Pbre1_05G592800	Pbre1_03G001800	Prupe.4G008500.1	120.61735016666668	0.0	45.44571316666666	0.5434688507127658		0.3802176518494292								all_zero_expression_profile	Neofunctionalization(Child)	discordant
TRD	Pbre1_17G031400	Pbre1_03G004200	Prupe.3G299300.1	21.348497666666667	0.6565508333333333	43.47916416666666	0.3785946978628557	0.6772840513652392	0.6220361953467481	0.1299018618963056	0.3026794141560254	0.1311268124975583	Conservation	Neofunctionalization(Child)	Neofunctionalization(Child)	discordant	classified	Neofunctionalization(Child)	discordant
TRD	Pbre1_14G068200	Pbre1_03G009800	Prupe.7G095200.1	16.18583466666667	0.0530841666666666	63.43313133333333	0.412708185122476	1.0	0.7164698681540875	0.4176067270163921	1.0566043386028243	0.417759880256407	Specialization	Neofunctionalization(Child)	Neofunctionalization(Child)	discordant	classified	Conservation	discordant
TRD	Pbre1_12G353800	Pbre1_03G016000	Prupe.6G318700.1	68.13599783333333	0.0	204.69646666666668	0.4001689772606739		0.6304894709158411								all_zero_expression_profile	Conservation	discordant
TRD	Pbre1_11G021400	Pbre1_03G020200	Prupe.6G012300.1	2.0662653333333334	6.932673333333334	7.8256565	0.2912814979762426	0.4293745909136467	0.5887797180929262	0.3173772781629675	0.2056547515679716	0.2232446445066187	Conservation	Neofunctionalization(Parent)	Conservation	discordant	classified	Subfunctionalization	discordant
TRD	Pbre1_08G216000	Pbre1_03G026000	Prupe.1G460700.1	193.98435633333332	7.722603833333333	293.5302668333333	0.9192103030086508	0.5521045970311869	0.7050897761476906	0.642928645969147	0.4400814657485549	0.6226041895027024	Specialization	Conservation	Conservation	discordant	classified	Specialization	discordant
TRD	Pbre1_09G046200	Pbre1_03G041200	Prupe.3G291100.1	12.225825833333332	3.4759801666666665	77.60770116666666	0.4458565650279865	0.6940555923417492	0.6922987260562969	0.3488083724651398	0.2678943154188085	0.2836301921382853	Conservation	Neofunctionalization(Child)	Neofunctionalization(Child)	discordant	classified	Neofunctionalization(Parent)	discordant
TRD	Pbre1_11G051400	Pbre1_03G045800	Prupe.6G026900.1	9.8669715	0.6837766666666667	13.116908666666667	0.3642865945406167	0.6160463216267227	0.3620722794615195	0.1305714553310901	0.2456961939032121	0.1280203455721769	Conservation	Neofunctionalization(Child)	Neofunctionalization(Child)	discordant	classified	Neofunctionalization(Parent)	discordant
TRD	Pbre1_13G414400	Pbre1_03G050200	Prupe.1G079600.1	2.1042035	5.572178166666666	3.887498333333333	0.3093152006016338	0.6390731009573218	0.721925294262025	0.307537456836554	0.367070287310735	0.3400927414401898	Conservation	Neofunctionalization(Parent)	Conservation	discordant	classified	Neofunctionalization(Child)	discordant
TRD	Pbre1_16G372600	Pbre1_03G059000	Prupe.1G045300.1	49.1096285	3.706190833333333	207.82926433333333	0.273209076064929	0.5033471512200195	0.6666356219994204	0.2592553418739411	0.4182850286542371	0.2666697885703181	Neofunctionalization(Child)	Conservation	Conservation	discordant	classified	Neofunctionalization(Child)	discordant
TRD	Pbre1_08G102000	Pbre1_03G068400	Prupe.1G412500.1	2.3352851666666665	0.0243841666666666	13.333779166666666	0.9291890792837936	1.0	0.460721399052757	0.7214132479017401	0.8468715564797926	0.7122987277100474	Specialization	Specialization	Specialization	Specialization	classified	Neofunctionalization(Parent)	discordant
TRD	Pbre1_03G125400	Pbre1_03G070600	Prupe.6G068500.1	51.695289333333335	10.616230333333332	119.5646055	0.2094613492014499	0.7283834014046459	0.4792562960167725	0.1646688862203706	0.2890606802252808	0.1526537352324045	Conservation	Conservation	Conservation	Conservation	classified	Neofunctionalization(Child)	discordant
TRD	Pbre1_11G135200	Pbre1_03G070800	Prupe.6G068500.1	27.79318783333333	0.4020983333333333	119.5646055	0.1783453101877138	0.702540813328316	0.4792562960167725	0.1278093049044175	0.358310491067993	0.1260497758948655	Conservation	Neofunctionalization(Child)	Neofunctionalization(Child)	discordant	classified	Conservation	discordant
TRD	Pbre1_01G389000	Pbre1_03G080400	Prupe.2G305900.1	13.940408833333333	0.1132816666666666	31.321819833333333	0.3575004585565134	0.9231794309964588	0.5743856293356678	0.1476408257686035	0.5363137944018956	0.1452742413876879	Neofunctionalization(Child)	Neofunctionalization(Child)	Neofunctionalization(Child)	Neofunctionalization(Child)	classified	Subfunctionalization	discordant
TRD	Pbre1_11G081200	Pbre1_03G081400	Prupe.6G048900.1	10.9595475	13.947017333333331	65.14216983333333	0.4038961666308308	0.5876705202891603	0.6291865547709599	0.1781610876393886	0.275834428493781	0.2285398561843209	Conservation	Conservation	Conservation	Conservation	classified	Subfunctionalization	discordant
TRD	Pbre1_14G026600	Pbre1_03G095400	Prupe.7G117200.1	0.6259454999999999	0.0146974999999999	8.239688833333332	0.7757001669781032	0.880170459697162	0.890219861034174	0.8376439541563854	0.9394248249115316	0.8325014223394375	Specialization	Specialization	Specialization	Specialization	classified	Subfunctionalization	discordant
TRD	Pbre1_11G109200	Pbre1_03G106000	Prupe.6G057800.1	0.20385	0.6365906666666667	0.4368025	1.0	0.975891100582342	0.84225180234689	0.5259710159070725	0.4222399814465526	0.4464100465202288	Specialization	Conservation	Specialization	discordant	classified	Subfunctionalization	discordant
TRD	Pbre1_05G283600	Pbre1_03G112200	Prupe.8G193700.1	4.053058833333333	0.0081788333333333	14.399571833333336	0.545756119188602	1.0	0.9621538037417622	0.8711652955877339	1.2766543649415747	0.8713091807040944	Specialization	Specialization	Neofunctionalization(Child)	Specialization	classified	Conservation	discordant
TRD	Pbre1_09G044400	Pbre1_03G121800	Prupe.3G291600.1	28.19936883333333	0.3772288333333333	67.99561833333333	0.4725528945314595	0.9472648976636184	0.5182521947970568	0.3206102990937375	0.8038119798851492	0.3230811280283775	Neofunctionalization(Child)	Neofunctionalization(Child)	Neofunctionalization(Child)	Neofunctionalization(Child)	classified	Neofunctionalization(Child)	Neofunctionalization(Child)
TRD	Pbre1_15G221800	Pbre1_03G125000	Prupe.1G481900.1	4.965901166666667	0.0952333333333333	3.8350875	0.2891022253636394	0.5616926204785629	0.294093613308843	0.1300963038362139	0.339022973821516	0.1314771557486622	Conservation	Neofunctionalization(Child)	Neofunctionalization(Child)	discordant	classified	Conservation	discordant
TRD	Pbre1_09G491800	Pbre1_03G143600	Prupe.3G001400.1	33.15944533333333	16.149459166666666	20.8666205	0.5135598081026691	0.6535700734273592	0.7096658200681065	0.2044922924863409	0.2058556856976266	0.1575704489640208	Conservation	Conservation	Conservation	Conservation	classified	Neofunctionalization(Parent)	discordant
TRD	Pbre1_13G158000	Pbre1_03G148800	Prupe.1G254100.1	26.58039983333333	0.0	28.2068455	0.5016095559990862		0.2624680803399489								all_zero_expression_profile	Specialization	discordant
TRD	Pbre1_14G004400	Pbre1_03G150000	Prupe.7G003500.1	1.2023773333333334	1.484071666666667	3.555376333333333	0.7469233964931495	0.526855970462923	0.8285125854816039	0.2597931425290636	0.4393219299667898	0.3207620229906266	Neofunctionalization(Child)	Specialization	Specialization	discordant	classified	Conservation	discordant
TRD	Pbre1_07G507800	Pbre1_03G154400	Prupe.2G327500.1	0.9854296666666666	8.806588833333334	30.174757333333336	0.9116912589356244	0.9145222990364286	0.904059426848811	0.1227145778225681	0.6789885607283759	0.6029389736172203	Neofunctionalization(Child)	Specialization	Specialization	discordant	classified	Conservation	discordant
TRD	Pbre1_13G388600	Pbre1_03G162400	Prupe.1G056300.1	5.25837	1.6600388333333334	26.243002666666666	0.6460810153975236	0.4772003780821222	0.6205080963355416	0.2839006638412028	0.3748190046878906	0.2561515222640483	Conservation	Neofunctionalization(Child)	Conservation	discordant	classified	Subfunctionalization	discordant
TRD	Pbre1_12G177400	Pbre1_03G163000	Prupe.7G122600.1	32.0474135	0.0	66.443973	0.6136043874836792		0.7078962711959937								all_zero_expression_profile	Subfunctionalization	discordant
TRD	Pbre1_11G070400	Pbre1_03G169800	Prupe.6G038100.1	8.498000666666668	0.0	8.880019166666667	0.7084514757348307		0.7521158487516644								all_zero_expression_profile	Subfunctionalization	discordant
TRD	Pbre1_14G437000	Pbre1_03G176400	Prupe.5G235400.1	37.10249016666667	1.2357225	45.4901695	0.2819240524600238	0.9157741115802632	0.4338520242095008	0.1326198351221616	0.6445165582612595	0.1375962968195165	Neofunctionalization(Child)	Neofunctionalization(Child)	Neofunctionalization(Child)	Neofunctionalization(Child)	classified	Conservation	discordant
TRD	Pbre1_13G029600	Pbre1_03G186200	Prupe.1G335600.1	0.0	7.218051833333333	0.2019271666666666		0.743220108464933	0.8813265489972764								all_zero_expression_profile	Subfunctionalization	discordant
TRD	Pbre1_02G087600	Pbre1_03G187200	Prupe.7G229200.1	8.9541955	1.2369568333333334	22.41970833333333	0.2820579775269379	0.7719892295767955	0.524557979407889	0.2682985086176913	0.4548147396702899	0.2609027500895979	Neofunctionalization(Child)	Neofunctionalization(Child)	Neofunctionalization(Child)	Neofunctionalization(Child)	classified	Specialization	discordant
TRD	Pbre1_13G032400	Pbre1_03G190600	Prupe.1G334200.1	18.57004283333333	0.0	32.439778833333335	0.3755802048103548		0.4218054719914528								all_zero_expression_profile	Conservation	discordant
TRD	Pbre1_11G226400	Pbre1_03G192600	Prupe.6G115400.1	24.402373166666667	0.0410853333333333	68.34882	0.3876980681077779	0.9896000034140324	0.6621238373498146	0.161039545107143	0.6446619453901637	0.1599365905323314	Neofunctionalization(Child)	Neofunctionalization(Child)	Neofunctionalization(Child)	Neofunctionalization(Child)	classified	Subfunctionalization	discordant
TRD	Pbre1_15G302000	Pbre1_03G197800	Prupe.7G247300.1	27.087850666666665	13.175593166666667	61.637289	0.3411743003362705	0.2899969322593363	0.6736084432341821	0.3353225111868117	0.2419105845535104	0.2973568538103632	Conservation	Conservation	Conservation	Conservation	classified	Subfunctionalization	discordant
TRD	Pbre1_11G222000	Pbre1_03G201200	Prupe.6G113300.1	0.0664943333333333	3.9347675	3.7835241666666666	0.8559362522314305	0.7478139794836003	0.9934886150876066	0.4440744900043625	0.7438118563518225	0.7383221459442904	Specialization	Specialization	Specialization	Specialization	classified	Conservation	discordant
TRD	Pbre1_04G355400	Pbre1_03G201600	Prupe.6G333700.1	7.531196666666666	0.0166325	21.48458816666667	0.3359118257626403	0.9166323560729752	0.341048840715212	0.107569460960292	0.7512809433400542	0.1082445858277748	Neofunctionalization(Child)	Neofunctionalization(Child)	Neofunctionalization(Child)	Neofunctionalization(Child)	classified	Conservation	discordant
TRD	Pbre1_11G119400	Pbre1_03G208800	Prupe.6G061700.1														missing_expression_record		discordant
TRD	Pbre1_02G255800	Pbre1_03G209200	Prupe.7G137400.1	7.511036	0.0093478333333333	12.596848333333332	0.641599382746376	1.0	0.8881898900309706	0.3663849263587551	1.0751317461473422	0.3671716519942997	Neofunctionalization(Child)	Neofunctionalization(Child)	Neofunctionalization(Child)	Neofunctionalization(Child)	classified	Specialization	discordant
TRD	Pbre1_09G405800	Pbre1_03G209400	Prupe.3G121600.1	3.2960558333333334	1.2083991666666667	10.668675	0.5410300163473502	0.7096964916130546	0.798517327631011	0.4541559091534149	0.122055266986052	0.3541466263780605	Neofunctionalization(Parent)	Specialization	Neofunctionalization(Child)	discordant	classified	Specialization	discordant
TRD	Pbre1_01G027000	Pbre1_03G216600	Prupe.4G277800.1	21.058388166666667	0.0	72.36117250000001	0.1838469564104051		0.3304700306519568								all_zero_expression_profile	Subfunctionalization	discordant
TRD	Pbre1_11G250000	Pbre1_03G227600	Prupe.6G130400.1	45.82061766666666	0.0610985	7.957808333333333	0.5386935525054054	0.8213900263876768	0.5470909100854102	0.2383514546466197	0.6460892885124346	0.2387644045546125	Neofunctionalization(Child)	Neofunctionalization(Child)	Neofunctionalization(Child)	Neofunctionalization(Child)	classified	Subfunctionalization	discordant
TRD	Pbre1_15G014000	Pbre1_03G227800	Prupe.1G361400.1	38.526227166666665	0.0	373.89922516666667	0.2411902458950333		0.3153847493623572								all_zero_expression_profile	Conservation	discordant
TRD	Pbre1_10G105200	Pbre1_03G229000	Prupe.8G087700.1	5.196761166666667	0.0	6.903365	0.5434059030694796		0.8756847223658244								all_zero_expression_profile	Subfunctionalization	discordant
TRD	Pbre1_05G106200	Pbre1_03G229200	Prupe.8G091100.1	21.494950666666668	19.70305	38.01059933333333	0.0862199520720268	0.4243891968891275	0.3249142530403723	0.1149061880774742	0.1793572799733876	0.1379276606795378	Conservation	Conservation	Conservation	Conservation	classified	Conservation	Conservation
TRD	Pbre1_05G573000	Pbre1_03G234600	Prupe.4G019600.1	4.5660165	0.0	7.743497	0.6121348776074003		0.9190320101407586								all_zero_expression_profile	Conservation	discordant
TRD	Pbre1_02G044800	Pbre1_03G239000	Prupe.7G250100.1	17.286922666666666	0.0	20.59233	0.5549382332342008		0.6084073075695473								all_zero_expression_profile	Neofunctionalization(Child)	discordant
TRD	Pbre1_10G572400	Pbre1_03G240600	Prupe.4G012000.1	1.1583663333333334	6.910358666666666	4.789170833333333	0.647308269146048	0.5625992793103023	0.5279827303288368	0.3086594751280959	0.3186118020134578	0.3120888066587398	Conservation	Neofunctionalization(Parent)	Neofunctionalization(Parent)	discordant	classified	Conservation	discordant
TRD	Pbre1_11G264600	Pbre1_03G244000	Prupe.6G143700.1	1.8314186666666663	1.8599756666666667	2.2567425	0.652895627078214	0.1905636364787576	0.2895563383643628	0.2355650496530479	0.0922256128657636	0.1455537175564041	Conservation	Neofunctionalization(Parent)	Conservation	discordant	classified	Subfunctionalization	discordant
TRD	Pbre1_10G514400	Pbre1_03G246600	Prupe.4G043800.1	5.213957166666667	14.790999	15.660635666666668	0.7139623479304039	0.4020667000749821	0.5771778692493161	0.1814203739558942	0.314204081062572	0.2121435475201552	Conservation	Neofunctionalization(Parent)	Neofunctionalization(Parent)	discordant	classified	Subfunctionalization	discordant
TRD	Pbre1_07G250400	Pbre1_03G251800	Prupe.2G185400.1	2.579976	23.15166633333333	23.727829666666665	0.6366989670171077	0.4602920608318862	0.8272964433713001	0.4879518096207717	0.3444537874455362	0.348425598398717	Neofunctionalization(Parent)	Conservation	Conservation	discordant	classified	Subfunctionalization	discordant
TRD	Pbre1_11G275400	Pbre1_03G252400	Prupe.6G151400.1	7.0161565	0.3213668333333333	4.1328375	0.2964418038307642	0.6656295380726979	0.8013364708273107	0.3920742698433463	0.248757012074877	0.3817946615858023	Conservation	Neofunctionalization(Child)	Neofunctionalization(Child)	discordant	classified	Subfunctionalization	discordant
TRD	Pbre1_07G151000	Pbre1_03G253200	Prupe.2G121700.1	0.0018203333333333	0.0027648333333333	0.0	1.0	1.0									all_zero_expression_profile	Subfunctionalization	discordant
TRD	Pbre1_03G215400	Pbre1_03G264400	Prupe.6G122400.1	86.6408595	33.453502	318.734108	0.5120393871541861	0.3179065538944535	0.6458197852456042	0.1447930788865807	0.256068592882209	0.1736240893849409	Conservation	Conservation	Conservation	Conservation	classified	Subfunctionalization	discordant
TRD	Pbre1_16G429000	Pbre1_03G277800	Prupe.1G082400.1	62.008316666666666	0.0098458333333333	113.93624316666669	0.2925194090039905	0.8387512994557573	0.6089013440121277	0.2645539447720345	0.497414560147347	0.2644820993352021	Neofunctionalization(Child)	Neofunctionalization(Child)	Neofunctionalization(Child)	Neofunctionalization(Child)	classified	Subfunctionalization	discordant
TRD	Pbre1_01G152400	Pbre1_03G279000	Prupe.2G174400.1	92.9299285	0.0	251.791227	0.6432117837399471		0.5054485058875956								all_zero_expression_profile	Subfunctionalization	discordant
TRD	Pbre1_11G314200	Pbre1_03G291000	Prupe.4G245700.1	27.196288166666665	0.1036528333333333	15.540706333333333	0.3894014025070984	0.8678991282523663	0.3816323428351762	0.2676301611728464	0.5627349904976676	0.2678689720510831	Neofunctionalization(Child)	Neofunctionalization(Child)	Neofunctionalization(Child)	Neofunctionalization(Child)	classified	Conservation	discordant
TRD	Pbre1_17G390800	Pbre1_03G291600	Prupe.3G093900.1	8.565503666666666	11.837918333333333	48.4633425	0.1696867963874799	0.381029732960558	0.6346244272591276	0.2543395853826674	0.2805171027751803	0.2661376866320738	Conservation	Conservation	Conservation	Conservation	classified	Subfunctionalization	discordant
TRD	Pbre1_12G007200	Pbre1_03G295000	Prupe.7G004100.1	15.990654666666666	3.6187458333333336	2.6164566666666667	0.4929834203883398	0.4353457834620026	0.7874081038763755	0.3112247592917808	0.4069740572411179	0.3179368971899163	Neofunctionalization(Child)	Specialization	Specialization	discordant	classified	Subfunctionalization	discordant
TRD	Pbre1_11G317400	Pbre1_03G296200	Prupe.4G243300.1	29.422068	30.253542	7.627530166666667	0.6912094085403744	0.422363975788406	0.8189148630109895	0.2522051303451585	0.4091154297044241	0.3265583586943543	Neofunctionalization(Child)	Conservation	Conservation	discordant	classified	Specialization	discordant
TRD	Pbre1_08G398800	Pbre1_03G296400	Prupe.1G577500.1	40.417676666666665	20.226926	87.8456695	0.1445212675934931	0.3312799730425372	0.5071940801199419	0.1531060151976242	0.2121244681923537	0.1671706867329633	Conservation	Conservation	Conservation	Conservation	classified	Subfunctionalization	discordant
TRD	Pbre1_06G287000	Pbre1_03G298200	Prupe.5G170200.1	9.491186	21.77283183333333	22.54164783333333	0.3796158722331432	0.2993077078497548	0.6463824223140857	0.2659164880574458	0.3048457481628037	0.2903204732768669	Conservation	Conservation	Conservation	Conservation	classified	Specialization	discordant
TRD	Pbre1_06G386200	Pbre1_03G302200	Prupe.5G226800.1	11.900427	0.7056635	8.848783	0.3345029124932021	0.6862973385981823	0.562929339386857	0.1754633641665775	0.330415149243468	0.172094429353082	Conservation	Neofunctionalization(Child)	Neofunctionalization(Child)	discordant	classified	Subfunctionalization	discordant
TRD	Pbre1_10G514200	Pbre1_03G302400	Prupe.4G043900.1	11.605782166666666	0.0	23.342685666666664	0.2872997598146673		0.5785958303049246								all_zero_expression_profile	Specialization	discordant
TRD	Pbre1_03G288600	Pbre1_03G302800	Prupe.4G247500.1														missing_expression_record		discordant
TRD	Pbre1_08G245600	Pbre1_03G304000	Prupe.1G479300.1	12.263004833333332	0.0261896666666666	86.58958200000001	0.5354432476542768	0.7223260833219339	0.3310675144014748	0.136189476242057	0.5100906603653782	0.1358280265151444	Neofunctionalization(Child)	Neofunctionalization(Child)	Neofunctionalization(Child)	Neofunctionalization(Child)	classified	Subfunctionalization	discordant
TRD	Pbre1_11G433800	Pbre1_03G306400	Prupe.4G164300.1	0.0	0.0054458333333333	0.0		1.0									all_zero_expression_profile	Conservation	discordant
TRD	Pbre1_03G405600	Pbre1_03G307200	Prupe.4G162000.1	1.4079465	1.3524121666666666	1.7541201666666668	0.9874896105438138	0.9951093218940604	0.959421668647538	0.172210132395069	0.2055922503333338	0.1882734959369767	Conservation	Specialization	Specialization	discordant	classified	Conservation	discordant
TRD	Pbre1_02G014400	Pbre1_03G310200	Prupe.7G265400.1	6.510655166666667	0.0	8.597400166666667	0.9329956152052924		0.7445199220875878								all_zero_expression_profile	Neofunctionalization(Child)	discordant
TRD	Pbre1_01G092400	Pbre1_03G319800	Prupe.6G192700.1	322.5795755	0.1002346666666666	938.3929011666668	0.4185261924344113	0.797046566164154	0.3442239881522885	0.0989662230614523	0.5601032824042597	0.0990240384225048	Neofunctionalization(Child)	Neofunctionalization(Child)	Neofunctionalization(Child)	Neofunctionalization(Child)	classified	Neofunctionalization(Child)	Neofunctionalization(Child)
TRD	Pbre1_12G045800	Pbre1_03G320400	Prupe.7G109900.1	24.17791833333333	0.6134631666666667	26.763828333333333	0.5766090879982921	0.4535082755837322	0.7041282229428907	0.1442204651343083	0.2850896566975524	0.1455460626875457	Conservation	Neofunctionalization(Child)	Neofunctionalization(Child)	discordant	classified	Conservation	discordant
TRD	Pbre1_11G344600	Pbre1_03G322200	Prupe.4G220400.1	0.1869463333333333	0.0	1.394921	0.7465741768181149		0.9623048027089132								all_zero_expression_profile	Conservation	discordant
TRD	Pbre1_08G297200	Pbre1_03G331000	Prupe.1G511000.1	375.578966	1.4109143333333334	114.70979966666668	0.5926307690593509	0.5401893582901247	0.6622743578818534	0.203060349767011	0.3827268918133598	0.2032345411155077	Conservation	Neofunctionalization(Child)	Conservation	discordant	classified	Specialization	discordant
TRD	Pbre1_03G318600	Pbre1_03G334600	Prupe.4G222700.1	12.342373166666668	8.048643166666666	36.73383116666667	0.6202436888271736	0.5166604476529555	0.2648936274700829	0.2115899856478594	0.3313658362075302	0.1835518783882217	Conservation	Neofunctionalization(Child)	Conservation	discordant	classified	Specialization	discordant
TRD	Pbre1_11G361400	Pbre1_03G335400	Prupe.4G211300.1	2.719451	0.2663014999999999	2.907554166666667	0.1763190865316749	0.6707927465430157	0.6474710592822895	0.365812747815264	0.4158925269845362	0.3588128577458072	Neofunctionalization(Child)	Specialization	Specialization	discordant	classified	Subfunctionalization	discordant
TRD	Pbre1_11G361400	Pbre1_03G335600	Prupe.4G211300.1	2.719451	0.287799	2.907554166666667	0.1763190865316749	0.7097420231303313	0.6474710592822895	0.365812747815264	0.5154806331589747	0.3691445969241553	Neofunctionalization(Child)	Specialization	Specialization	discordant	classified	Subfunctionalization	discordant
TRD	Pbre1_11G362200	Pbre1_03G336800	Prupe.4G210400.1	23.322211666666664	21.993120166666667	33.5198335	0.4819378307034423	0.2758886140859513	0.53149947602787	0.0709476537642923	0.2167879372889411	0.1148435634808774	Conservation	Conservation	Conservation	Conservation	classified	Conservation	Conservation
TRD	Pbre1_10G259200	Pbre1_03G339400	Prupe.8G185500.1	15.502066333333334	0.0178428333333333	15.887087666666666	0.6734386898681681	1.0	0.585284928878216	0.2847756269862764	0.9616265931001032	0.284399163913689	Neofunctionalization(Child)	Neofunctionalization(Child)	Neofunctionalization(Child)	Neofunctionalization(Child)	classified	Conservation	discordant
TRD	Pbre1_03G288600	Pbre1_03G340400	Prupe.4G247500.1														missing_expression_record		discordant
TRD	Pbre1_03G288600	Pbre1_03G340600	Prupe.4G247500.1														missing_expression_record		discordant
TRD	Pbre1_11G368000	Pbre1_03G341800	Prupe.4G205900.1	0.0	0.0	0.0451116666666666			0.9079331851436218								all_zero_expression_profile	Neofunctionalization(Parent)	discordant
TRD	Pbre1_14G354600	Pbre1_03G344600	Prupe.5G185400.1	0.0109668333333333	13.443028666666669	0.2067083333333333	0.8910243467236401	0.8200479958184547	0.9807287002750062	0.8578587631545861	0.4581304645179897	0.458126579504666	Specialization	Specialization	Specialization	Specialization	classified	Neofunctionalization(Child)	discordant
TRD	Pbre1_10G225400	Pbre1_03G350600	Prupe.8G168500.1	100.3372855	1.9140481666666669	151.7668865	0.7761583546878861	0.495438934669618	0.3203339795108152	0.3195799650943579	0.2698642405105715	0.3123693916664967	Conservation	Neofunctionalization(Child)	Conservation	discordant	classified	Subfunctionalization	discordant
TRD	Pbre1_10G225400	Pbre1_03G352600	Prupe.8G168500.1	100.3372855	0.4779515	151.7668865	0.7761583546878861	0.5517624334432301	0.3203339795108152	0.3195799650943579	0.2647738897885019	0.3181830357850029	Conservation	Neofunctionalization(Child)	Neofunctionalization(Child)	discordant	classified	Subfunctionalization	discordant
TRD	Pbre1_10G352400	Pbre1_03G358600	Prupe.4G141500.1														missing_expression_record		discordant
TRD	Pbre1_02G023800	Pbre1_03G362800	Prupe.7G260100.1	21.992992	0.0	40.957303	0.492120878941377		0.4540534510632031								all_zero_expression_profile	Specialization	discordant
TRD	Pbre1_17G107800	Pbre1_03G366800	Prupe.3G257100.1	1.1276256666666666	0.2007676666666666	11.033671	0.8981375848433324	0.8941677372181231	0.9627812906313068	0.8822857836425239	1.031330391476374	0.8580154185264673	Specialization	Specialization	Specialization	Specialization	classified	Subfunctionalization	discordant
TRD	Pbre1_03G405600	Pbre1_03G376000	Prupe.4G162000.1	1.4079465	1.3728273333333334	1.7541201666666668	0.9874896105438138	1.0	0.959421668647538	0.172210132395069	0.232324565129225	0.2013273703412254	Conservation	Specialization	Specialization	discordant	classified	Neofunctionalization(Parent)	discordant
TRD	Pbre1_14G064000	Pbre1_03G384200	Prupe.7G097600.1	17.696341166666667	0.0633335	52.26197416666667	0.6469332253084843	0.9614579900377584	0.6700690348601417	0.5297209564795472	0.9744616063115654	0.5289876837181986	Specialization	Neofunctionalization(Child)	Neofunctionalization(Child)	discordant	classified	Specialization	discordant
TRD	Pbre1_03G223400	Pbre1_03G386600	Prupe.6G127600.1	0.0507428333333333	2.122983833333333	0.3030761666666666	0.7872105320245133	0.807937856846058	0.4727742807553568	0.4057485869380081	0.4355280108354037	0.4247699701833558	Specialization	Neofunctionalization(Child)	Specialization	discordant	classified	Neofunctionalization(Parent)	discordant
TRD	Pbre1_11G418200	Pbre1_03G392200	Prupe.4G174300.1	17.767968833333335	0.1249956666666666	13.749169333333333	0.5453543723638206	0.945049453622038	0.9342535395339058	0.647702387268065	0.1169218379423059	0.6429135106584869	Neofunctionalization(Parent)	Neofunctionalization(Child)	Neofunctionalization(Child)	discordant	classified	Neofunctionalization(Child)	discordant
TRD	Pbre1_12G092200	Pbre1_03G397400	Prupe.7G082200.1	41.49352433333333	0.0525723333333333	47.10765883333333	0.4692559969287526	0.7016013714755213	0.3201801532025948	0.1174210168236854	0.4899641028154989	0.1173024706467808	Neofunctionalization(Child)	Neofunctionalization(Child)	Neofunctionalization(Child)	Neofunctionalization(Child)	classified	Neofunctionalization(Child)	Neofunctionalization(Child)
TRD	Pbre1_11G425000	Pbre1_03G398000	Prupe.4G171000.1	22.02820683333333	0.2594485	12.533095833333332	0.4818779415320754	0.8125952683440947	0.4591327048025809	0.1630628683232242	0.5483176323997825	0.1621281124130244	Neofunctionalization(Child)	Neofunctionalization(Child)	Neofunctionalization(Child)	Neofunctionalization(Child)	classified	Subfunctionalization	discordant
TRD	Pbre1_15G397200	Pbre1_03G406200	Prupe.7G194500.1	0.0039868333333333	0.0099723333333333	0.0167755	0.8884069297902826	0.8307910650376403	0.9450079801383224	1.0234615946688908	0.9836147448968492	0.9188909877289017	Specialization	Conservation	Conservation	discordant	classified	Conservation	discordant
TRD	Pbre1_15G397200	Pbre1_03G406400	Prupe.7G194500.1	0.0039868333333333	0.0104855	0.0167755	0.8884069297902826	1.0	0.9450079801383224	1.0234615946688908	1.2890680760970907	1.0886097283036775	Specialization	Conservation	Conservation	discordant	classified	Conservation	discordant
TRD	Pbre1_11G438000	Pbre1_03G409000	Prupe.4G159600.1	0.0461286666666666	8.409946166666666	0.2964336666666666	1.0	1.0	1.0	0.0	0.0	0.0	Conservation	Neofunctionalization(Parent)	Neofunctionalization(Parent)	discordant	classified	Neofunctionalization(Child)	discordant
TRD	Pbre1_11G226400	Pbre1_03G419400	Prupe.6G115400.1	24.402373166666667	11.058640166666668	68.34882	0.3876980681077779	0.5708297851630608	0.6621238373498146	0.161039545107143	0.3503699827642483	0.1816238319283674	Conservation	Neofunctionalization(Child)	Neofunctionalization(Child)	discordant	classified	Neofunctionalization(Child)	discordant
TRD	Pbre1_11G458000	Pbre1_03G423400	Prupe.8G233700.1	0.0050305	0.0	0.0370946666666666	1.0		1.0								all_zero_expression_profile	Neofunctionalization(Parent)	discordant
TRD	Pbre1_11G458000	Pbre1_03G423600	Prupe.8G233700.1	0.0050305	0.0	0.0370946666666666	1.0		1.0								all_zero_expression_profile	Subfunctionalization	discordant
TRD	Pbre1_11G458200	Pbre1_03G424000	Prupe.8G233800.1	54.68739016666667	5.684894666666667	45.0600685	0.5125323534709396	0.8465799840787083	0.6515788514959698	0.209912415788279	0.6300551322026431	0.232755312887968	Neofunctionalization(Child)	Neofunctionalization(Child)	Neofunctionalization(Child)	Neofunctionalization(Child)	classified	Conservation	discordant
TRD	Pbre1_11G466000	Pbre1_03G431400	Prupe.8G237400.1														missing_expression_record		discordant
TRD	Pbre1_17G203600	Pbre1_03G438000	Prupe.3G198800.1	9.9200305	0.0153941666666666	13.739020166666666	0.3562797323833004	1.0	0.2498037804000331	0.1255546685883486	0.8936602008925291	0.125369175158145	Neofunctionalization(Child)	Neofunctionalization(Child)	Neofunctionalization(Child)	Neofunctionalization(Child)	classified	Neofunctionalization(Child)	Neofunctionalization(Child)
TRD	Pbre1_10G472600	Pbre1_03G438200	Prupe.4G066000.1	6.566431833333334	0.7202321666666667	37.90339	0.5793221498623551	0.94178972265982	0.7744135376040503	0.4139037693514928	0.906725924271414	0.4211235035851963	Specialization	Neofunctionalization(Child)	Neofunctionalization(Child)	discordant	classified	Subfunctionalization	discordant
TRD	Pbre1_08G256800	Pbre1_03G440200	Prupe.1G485100.1	34.3574925	0.036856	48.97274066666667	0.6197500850446515	0.8248848629805856	0.2818169638524957	0.2209105428092126	0.6038540412708576	0.2209025520048867	Neofunctionalization(Child)	Neofunctionalization(Child)	Neofunctionalization(Child)	Neofunctionalization(Child)	classified	Neofunctionalization(Parent)	discordant
TRD	Pbre1_11G482000	Pbre1_03G443600	Prupe.8G243800.1	9.444505	6.403369	13.593106833333334	0.2079897163038004	0.2972053468079736	0.3241936723978743	0.1403478130948056	0.1019944272742389	0.1211573889177516	Conservation	Conservation	Conservation	Conservation	classified	Neofunctionalization(Parent)	discordant
TRD	Pbre1_01G371200	Pbre1_03G450200	Prupe.2G297300.1	37.11178616666667	0.8959336666666666	38.1197955	0.4013076710982165	0.8369549911747732	0.7153545043380898	0.2066625221788605	0.6194036292280967	0.2112307624060703	Neofunctionalization(Child)	Neofunctionalization(Child)	Neofunctionalization(Child)	Neofunctionalization(Child)	classified	Neofunctionalization(Parent)	discordant
TRD	Pbre1_16G372600	Pbre1_03G450600	Prupe.1G045300.1	49.1096285	2.049824833333333	207.82926433333333	0.273209076064929	0.6927565633836276	0.6666356219994204	0.2592553418739411	0.4555113009384813	0.2659537530277844	Neofunctionalization(Child)	Neofunctionalization(Child)	Neofunctionalization(Child)	Neofunctionalization(Child)	classified	Neofunctionalization(Parent)	discordant
TRD	Pbre1_11G498600	Pbre1_03G457200	Prupe.8G253400.1	7.416665666666667	13.209174	24.604879333333333	0.3506849440563732	0.4652370836320676	0.4912830726886794	0.1563793808671777	0.178620107708646	0.1407303511287894	Conservation	Conservation	Conservation	Conservation	classified	Neofunctionalization(Parent)	discordant
TRD	Pbre1_13G383200	Pbre1_03G461000	Prupe.1G053800.1	159.61189183333337	0.6414358333333333	295.1264556666667	0.8418050016962877	0.6147189563953178	0.7388846461161729	0.1745549658352678	0.5577728599847996	0.1730345232313848	Neofunctionalization(Child)	Neofunctionalization(Child)	Neofunctionalization(Child)	Neofunctionalization(Child)	classified	Subfunctionalization	discordant
TRD	Pbre1_10G173400	Pbre1_03G461200	Prupe.8G135900.1	39.115129	3.2000336666666667	30.703030833333333	0.3608792986291261	0.8819378725180649	0.3617136013308234	0.2064197949677475	0.5711717101622923	0.204707018992362	Neofunctionalization(Child)	Neofunctionalization(Child)	Conservation	Neofunctionalization(Child)	classified	Neofunctionalization(Child)	Neofunctionalization(Child)
TRD	Pbre1_11G510800	Pbre1_03G478200	Prupe.8G264300.1	970.0887216666666	0.0185496666666666	660.2326151666666	0.5508640002074101	1.0	0.6716845713187815	0.4447613291892899	0.8781450457158849	0.4447484425628637	Specialization	Neofunctionalization(Child)	Neofunctionalization(Child)	discordant	classified	Neofunctionalization(Parent)	discordant
TRD	Pbre1_11G510800	Pbre1_03G478400	Prupe.8G264300.1	970.0887216666666	0.1554178333333333	660.2326151666666	0.5508640002074101	0.7958755782836218	0.6716845713187815	0.4447613291892899	0.3841723829895728	0.4447341246888315	Neofunctionalization(Parent)	Neofunctionalization(Child)	Neofunctionalization(Child)	discordant	classified	Neofunctionalization(Child)	discordant
TRD	Pbre1_10G515000	Pbre1_03G481000	Prupe.4G043300.1	15.950150833333334	54.22821666666667	36.535147333333335	0.3471745768818413	0.5175183313120545	0.3218529600969086	0.1449720332638895	0.1151198810235257	0.0629800404727998	Conservation	Conservation	Conservation	Conservation	classified	Neofunctionalization(Child)	discordant
TRD	Pbre1_10G399000	Pbre1_03G491400	Prupe.4G113400.1	18.60853683333333	0.1368586666666666	32.861696	0.4632127571484738	0.6708015131888458	0.4996498643168283	0.1385064232765905	0.3619011218205418	0.1374507992599286	Conservation	Neofunctionalization(Child)	Neofunctionalization(Child)	discordant	classified	Subfunctionalization	discordant
TRD	Pbre1_17G046600	Pbre1_04G004000	Prupe.3G291100.1	22.3746	33.041807166666665	77.60770116666666	0.5131448016411144	0.3019969984405615	0.6922987260562969	0.3945640644413076	0.2195584563952161	0.2597928617424515	Neofunctionalization(Parent)	Conservation	Conservation	discordant	classified	Neofunctionalization(Child)	discordant
TRD	Pbre1_04G276200	Pbre1_04G029000	Prupe.6G291700.1	30.1128505	15.2139175	64.08915633333334	0.0905188129711902	0.6507050313529297	0.4956213315646761	0.1512264462549949	0.3603996034073663	0.2117676426563759	Conservation	Conservation	Conservation	Conservation	classified	Neofunctionalization(Parent)	discordant
TRD	Pbre1_06G353400	Pbre1_04G038200	Prupe.5G208200.1	209.289007	1.1337143333333333	489.976979	0.6833483347994133	0.470445098797336	0.366298119375401	0.2508398190793323	0.1741327887620693	0.2502854124913233	Conservation	Neofunctionalization(Child)	Conservation	discordant	classified	Neofunctionalization(Child)	discordant
TRD	Pbre1_10G273400	Pbre1_04G038800	Prupe.8G191900.1	102.493949	0.522907	36.495746	0.9827350364738308	0.8334982378386334	0.4385930605627954	0.9418357959636576	0.4024106822504896	0.9378120341970702	Specialization	Specialization	Specialization	Specialization	classified	Subfunctionalization	discordant
TRD	Pbre1_08G075600	Pbre1_04G043000	Prupe.1G414100.1	43.51973683333333	74.02595566666666	220.77607283333333	0.2516549686941102	0.9931585215303564	0.7060522790325362	0.267866684346856	0.9120827624748484	0.6240658526813263	Neofunctionalization(Child)	Neofunctionalization(Child)	Neofunctionalization(Child)	Neofunctionalization(Child)	classified	Subfunctionalization	discordant
TRD	Pbre1_11G107400	Pbre1_04G045800	Prupe.6G057300.1	0.2713705	0.029196	0.0676923333333333	0.8713396122823024	0.7849254208774153	0.9777032204391708	0.9690828650415296	1.0353651800060688	0.9541336145704256	Specialization	Conservation	Neofunctionalization(Parent)	discordant	classified	Conservation	discordant
TRD	Pbre1_06G153200	Pbre1_04G052600	Prupe.5G100500.1	3.4307791666666665	142.673922	65.1741815	0.3831335547128601	0.3407521221477589	0.5493177722067941	0.3198757483513167	0.2055551109245956	0.2074812534151457	Conservation	Conservation	Conservation	Conservation	classified	Subfunctionalization	discordant
TRD	Pbre1_12G224000	Pbre1_04G059200	Prupe.6G246300.1	2.5310531666666667	6.394141333333334	85.83009116666666	0.7538422057700217	0.4917386753660787	0.3855924840409436	0.4495447437047562	0.1443357237538577	0.1339722500945028	Neofunctionalization(Parent)	Neofunctionalization(Parent)	Neofunctionalization(Parent)	Neofunctionalization(Parent)	classified	Subfunctionalization	discordant
TRD	Pbre1_16G343200	Pbre1_04G059800	Prupe.1G023000.1	83.58153566666667	0.0465776666666666	344.45895566666667	0.8266284309080818	0.953253782210038	0.6498591673289695	0.2449427215815044	0.9086676315495136	0.2448457204827001	Neofunctionalization(Child)	Neofunctionalization(Child)	Neofunctionalization(Child)	Neofunctionalization(Child)	classified	Conservation	discordant
TRD	Pbre1_08G284600	Pbre1_04G076400	Prupe.1G503300.1	254.3112478333333	25.734348166666667	270.7387635	0.5525107559488731	0.3300896327280728	0.2814637570999416	0.1787003280455194	0.0819874592699053	0.1653228749599588	Conservation	Conservation	Conservation	Conservation	classified	Subfunctionalization	discordant
TRD	Pbre1_09G464200	Pbre1_04G078000	Prupe.3G015100.1	18.485776	31.70294433333333	102.392528	0.3983427184950205	0.3976144872899512	0.4690982242228364	0.0869324007909476	0.1762199403823745	0.1297698119995236	Conservation	Conservation	Conservation	Conservation	classified	Subfunctionalization	discordant
TRD	Pbre1_06G085200	Pbre1_04G083200	Prupe.5G060100.1	0.5027543333333333	0.0580693333333333	1.4668976666666669	0.6298916397112534	0.8286454280933248	0.2287681035876401	0.2474447700084331	0.4871778138601325	0.2574673290017919	Neofunctionalization(Child)	Specialization	Specialization	discordant	classified	Conservation	discordant
TRD	Pbre1_06G083600	Pbre1_04G085000	Prupe.5G059000.1	0.0280311666666666	0.1629435	0.8086451666666666	0.9125991114149008	0.7357812192105069	0.526358720741747	0.570569071572426	0.435682933103776	0.3921507329812128	Specialization	Specialization	Specialization	Specialization	classified	Conservation	discordant
TRD	Pbre1_04G088800	Pbre1_04G085200	Prupe.5G052300.1	9.657005666666668	0.6790651666666666	22.014771166666662	0.5691787347099393	0.721438811064579	0.6593779892683636	0.3559155646501419	0.4052894999207089	0.3488206654392478	Neofunctionalization(Child)	Neofunctionalization(Child)	Neofunctionalization(Child)	Neofunctionalization(Child)	classified	Subfunctionalization	discordant
TRD	Pbre1_05G243800	Pbre1_04G091200	Prupe.8G177400.1	22.894692666666668	18.933871	61.44621333333333	0.4071834060688019	0.4468327448331525	0.4695086690313298	0.1808001387001328	0.1490996466129938	0.1299537811718053	Conservation	Conservation	Conservation	Conservation	classified	Subfunctionalization	discordant
TRD	Pbre1_15G124600	Pbre1_04G094000	Prupe.1G421500.1	0.006521	0.0222165	0.1588501666666666	0.8014464704084752	0.953136285349186	0.6719954573153842	0.4307128883917809	0.524934256639258	0.4330733849091117	Specialization	Conservation	Conservation	discordant	classified	Subfunctionalization	discordant
TRD	Pbre1_03G261000	Pbre1_04G094200	Prupe.4G269700.1	0.0	17.770787666666667	46.176143		0.4179429326815649	0.54556641195016								all_zero_expression_profile	Subfunctionalization	discordant
TRD	Pbre1_06G242000	Pbre1_04G094600	Prupe.5G146700.1	62.33851816666667	0.0496373333333333	26.0510425	0.6514143163014701	0.78460744522086	0.6060187162738867	0.2675466262722972	0.4949760556860713	0.2671802405149743	Neofunctionalization(Child)	Neofunctionalization(Child)	Neofunctionalization(Child)	Neofunctionalization(Child)	classified	Subfunctionalization	discordant
TRD	Pbre1_15G723200	Pbre1_04G094800	Prupe.1G551000.1	4.797109666666667	0.7188328333333334	2.7733798333333333	0.2475262042609504	0.3725379485526598	0.5557214192320901	0.2903504987037298	0.2708411362870105	0.2838050324481553	Conservation	Specialization	Neofunctionalization(Child)	discordant	classified	Subfunctionalization	discordant
TRD	Pbre1_11G317400	Pbre1_04G095000	Prupe.4G243300.1	29.422068	0.7157101666666666	7.627530166666667	0.6912094085403744	0.9806042213494268	0.8189148630109895	0.2522051303451585	0.9153972981408268	0.2469828546923387	Neofunctionalization(Child)	Neofunctionalization(Child)	Neofunctionalization(Child)	Neofunctionalization(Child)	classified	Conservation	discordant
TRD	Pbre1_06G075000	Pbre1_04G095600	Prupe.5G050700.1	10.623124833333334	12.819973666666666	25.279931333333334	0.5769106655749192	0.2845507324114992	0.4317561313427078	0.2726924871331755	0.1651263829375276	0.2072256873987006	Conservation	Conservation	Conservation	Conservation	classified	Conservation	Conservation
TRD	Pbre1_07G136400	Pbre1_04G106000	Prupe.2G113900.1	12.487797333333331	0.0	5.934605666666667	0.3767755706866786		0.5948866135725532								all_zero_expression_profile	Subfunctionalization	discordant
TRD	Pbre1_07G136600	Pbre1_04G106200	Prupe.2G114000.1	84.2052755	81.66042116666667	250.54720833333332	0.6764997726538056	0.7569518504199904	0.6453699265900383	0.172591018721819	0.444767902108383	0.2897933345378787	Neofunctionalization(Child)	Conservation	Conservation	discordant	classified	Subfunctionalization	discordant
TRD	Pbre1_03G109600	Pbre1_04G113400	Prupe.6G059700.1														missing_expression_record		discordant
TRD	Pbre1_04G124600	Pbre1_04G118000	Prupe.5G082600.1	16.0565625	0.0154608333333333	7.853913666666666	0.4585464352737777	0.9478252596096342	0.3125467799429299	0.1780415405193855	0.6649855971245883	0.1781008073956896	Neofunctionalization(Child)	Neofunctionalization(Child)	Neofunctionalization(Child)	Neofunctionalization(Child)	classified	Neofunctionalization(Child)	Neofunctionalization(Child)
TRD	Pbre1_07G500000	Pbre1_04G126000	Prupe.2G323200.1	105.82017616666668	0.0229376666666666	627.6134021666667	0.3924177845863374	1.0	0.553013597697713	0.1530763000614864	0.9149459441422136	0.1531700553000989	Neofunctionalization(Child)	Neofunctionalization(Child)	Neofunctionalization(Child)	Neofunctionalization(Child)	classified	Neofunctionalization(Child)	Neofunctionalization(Child)
TRD	Pbre1_13G304400	Pbre1_04G128800	Prupe.1G148100.1	0.0	0.0846088333333333	44.6393785		0.8854222437041444	0.3813524912069588								all_zero_expression_profile	Conservation	discordant
TRD	Pbre1_02G424200	Pbre1_04G131400	Prupe.2G058600.1	3.573268333333333	2.450275	10.042705166666666	0.5017057385263833	0.2866830030592684	0.6958335390231344	0.3534560195718018	0.3014235503644146	0.3188727876352854	Conservation	Conservation	Conservation	Conservation	classified	Subfunctionalization	discordant
TRD	Pbre1_07G353800	Pbre1_04G132600	Prupe.2G246100.1	33.841545	0.0	78.66776616666667	0.2224668307914089		0.3133175142872703								all_zero_expression_profile	Subfunctionalization	discordant
TRD	Pbre1_06G109400	Pbre1_04G139000	Prupe.5G075100.1	20.9134265	2.086438	40.32362833333333	0.6398976599204349	0.5065251941194424	0.4076029277996251	0.2042930672398372	0.2023357690424702	0.1978674686872105	Conservation	Conservation	Conservation	Conservation	classified	Subfunctionalization	discordant
TRD	Pbre1_05G172600	Pbre1_04G139200	Prupe.8G138300.1	19.589479	2.433919	51.318250166666665	0.659967590301791	0.7550908287440266	0.6129634751291653	0.3118974923691437	0.4192494297477131	0.3231876186723678	Neofunctionalization(Child)	Neofunctionalization(Child)	Conservation	Neofunctionalization(Child)	classified	Neofunctionalization(Child)	Neofunctionalization(Child)
TRD	Pbre1_05G040400	Pbre1_04G141400	Prupe.8G031200.1	40.8990455	0.0	85.02611166666667	0.8172048876214688		0.6520542897060488								all_zero_expression_profile	Conservation	discordant
TRD	Pbre1_16G018800	Pbre1_04G141800	Prupe.1G341200.1	22.376641166666666	0.0	32.61365033333333	0.1065756607992837		0.5585004227666669								all_zero_expression_profile	Conservation	discordant
TRD	Pbre1_07G196000	Pbre1_04G142400	Prupe.2G147100.1	2.808231	0.0920488333333333	15.052509833333334	0.3270865334850928	0.7470724996617147	0.8276117914320628	0.3492813314003508	0.5122479745224288	0.3495855269907586	Neofunctionalization(Child)	Neofunctionalization(Child)	Neofunctionalization(Child)	Neofunctionalization(Child)	classified	Subfunctionalization	discordant
TRD	Pbre1_06G104600	Pbre1_04G143400	Prupe.5G072500.1	0.1486748333333333	2.702432166666666	68.83057699999999	0.8254656755207819	0.7206953653640428	0.9930780969866064	1.1863476330844611	1.1286009957244356	1.1304324348407278	Specialization	Specialization	Specialization	Specialization	classified	Subfunctionalization	discordant
TRD	Pbre1_06G104800	Pbre1_04G143600	Prupe.5G072600.1	15.545403166666668	6.843317333333333	28.904178666666667	0.6512161231310346	0.4854363903767931	0.6746157664554523	0.3206411676996815	0.1317915213506917	0.254810268221792	Conservation	Conservation	Conservation	Conservation	classified	Conservation	Conservation
TRD	Pbre1_15G236000	Pbre1_04G149200	Prupe.1G488500.1	27.44608016666667	0.0	30.667416	0.2809016598736046		0.5125117047626755								all_zero_expression_profile	Conservation	discordant
TRD	Pbre1_10G244800	Pbre1_04G162600	Prupe.8G179300.1	138.5281375	4.5489413333333335	223.18535166666663	0.9904680512894308	0.6743093552338616	0.8607408772831464	0.935441800243592	0.6235095586805517	0.919754252303458	Specialization	Neofunctionalization(Child)	Conservation	discordant	classified	Subfunctionalization	discordant
TRD	Pbre1_06G172600	Pbre1_04G173600	Prupe.5G110000.1	5.2633765	0.0	7.768698	0.9306736910394602		0.961420593063367								all_zero_expression_profile	Specialization	discordant
TRD	Pbre1_08G083200	Pbre1_04G176000	Prupe.1G399300.1	11.017964	33.151331	86.4977265	0.8076198727045572	0.4057179700811283	0.5070948133094804	0.2693438892484572	0.2085587487847716	0.1510930264171351	Conservation	Conservation	Conservation	Conservation	classified	Specialization	discordant
TRD	Pbre1_08G088400	Pbre1_04G178800	Prupe.1G396200.1	36.4617455	15.7152115	94.99965566666668	0.4001129609025113	0.565799690168161	0.4101015654395566	0.109830410682769	0.1103301824637368	0.0928436295117906	Conservation	Conservation	Conservation	Conservation	classified	Subfunctionalization	discordant
TRD	Pbre1_12G219200	Pbre1_04G184000	Prupe.6G244600.1	0.805015	0.0171111666666666	4.923684833333333	0.5510359718223189	0.9303700396564856	0.8854877657726101	0.574382913243239	0.937241070283498	0.5739625406279478	Specialization	Specialization	Specialization	Specialization	classified	Subfunctionalization	discordant
TRD	Pbre1_04G201400	Pbre1_04G198800	Prupe.6G252300.1	0.1209225	0.0257231666666666	1.1838473333333333	0.6748968661793443	0.649614863419157	0.9491357239854562	0.5822860391762014	0.59267118372785	0.5788927403259314	Specialization	Specialization	Specialization	Specialization	classified	Specialization	Specialization
TRD	Pbre1_12G244400	Pbre1_04G209600	Prupe.6G256600.1	10.786835333333332	2.940631333333333	8.847386	0.3748631970198136	0.5462165496575135	0.3496944522954981	0.1213775469552023	0.2242400663027633	0.1332613021967164	Conservation	Conservation	Conservation	Conservation	classified	Conservation	Conservation
TRD	Pbre1_10G515000	Pbre1_04G217400	Prupe.4G043300.1	15.950150833333334	2.0944185	36.535147333333335	0.3471745768818413	0.492656387729669	0.3218529600969086	0.1449720332638895	0.1692079964103189	0.1363187937668337	Conservation	Conservation	Conservation	Conservation	classified	Subfunctionalization	discordant
TRD	Pbre1_15G141400	Pbre1_04G218600	Prupe.1G430600.1	21.216645666666665	0.0	4.763850833333334	0.492963328587537		0.5197036962637986								all_zero_expression_profile	Subfunctionalization	discordant
TRD	Pbre1_04G204000	Pbre1_04G231000	Prupe.6G253500.1	54.35557933333333	2.653387166666666	100.48781016666666	0.6781122844182684	0.6164780399337907	0.6971296435478169	0.4458661184368298	0.3011027498078216	0.4382449199197115	Neofunctionalization(Parent)	Conservation	Conservation	discordant	classified	Neofunctionalization(Child)	discordant
TRD	Pbre1_12G274800	Pbre1_04G241200	Prupe.6G272700.1	10.797600833333334	0.0	48.5024725	0.0897505230942501		0.2711781351541825								all_zero_expression_profile	Conservation	discordant
TRD	Pbre1_05G105400	Pbre1_04G247600	Prupe.8G090700.1	65.15459716666666	35.152124666666666	209.4364015	0.1780839757293639	0.2412550517440966	0.3651040857812888	0.125463766679947	0.1005575850281615	0.11594781666729	Conservation	Conservation	Conservation	Conservation	classified	Conservation	Conservation
TRD	Pbre1_05G305200	Pbre1_04G248400	Prupe.8G204900.1	5.641487166666667	0.4507675	17.983880166666665	0.8491456086869544	0.7179657500737415	0.4994233988391493	0.5302338738684721	0.2056721180970685	0.4827575077863671	Neofunctionalization(Parent)	Specialization	Neofunctionalization(Child)	discordant	classified	Conservation	discordant
TRD	Pbre1_12G282400	Pbre1_04G249200	Prupe.6G277600.1	14.398523333333332	0.2040813333333333	18.824244666666665	0.1862834425097173	0.6525140114416528	0.472957564444647	0.121338775139312	0.361117762856472	0.120632911947524	Conservation	Neofunctionalization(Child)	Neofunctionalization(Child)	discordant	classified	Subfunctionalization	discordant
TRD	Pbre1_08G132200	Pbre1_04G258600	Prupe.1G420200.1	13.901267833333334	1.8374951666666663	59.8567395	0.2633082742484309	0.7068115652880318	0.6854806561327098	0.2130887241606948	0.5180154775388462	0.2436050433123171	Neofunctionalization(Child)	Neofunctionalization(Child)	Neofunctionalization(Child)	Neofunctionalization(Child)	classified	Neofunctionalization(Child)	Neofunctionalization(Child)
TRD	Pbre1_12G296000	Pbre1_04G261600	Prupe.6G283400.1	35.4127025	11.499858666666666	45.97158133333333	0.6232381849399292	0.2874107023704203	0.5800566508758713	0.1819232543155628	0.2442574618832532	0.1617034419390561	Conservation	Conservation	Conservation	Conservation	classified	Neofunctionalization(Child)	discordant
TRD	Pbre1_16G029600	Pbre1_04G272000	Prupe.1G335900.1	8.124519	0.0121516666666666	17.721738833333333	0.1434653527149021	1.0	0.2020260862166923	0.0787564818629693	0.8971815181559873	0.0785385587993696	Neofunctionalization(Child)	Neofunctionalization(Child)	Neofunctionalization(Child)	Neofunctionalization(Child)	classified	Subfunctionalization	discordant
TRD	Pbre1_15G786800	Pbre1_04G272200	Prupe.1G587900.1	80.29869016666666	0.0	208.702711	0.4421835617857638		0.5540685405567884								all_zero_expression_profile	Conservation	discordant
TRD	Pbre1_10G563200	Pbre1_04G276800	Prupe.4G016400.1	17.594707500000002	0.0666486666666666	16.241377833333335	0.8104686995124339	0.9438527267835868	0.515818295519657	0.3036853903709042	0.5463825139828177	0.3041534388467372	Neofunctionalization(Child)	Neofunctionalization(Child)	Neofunctionalization(Child)	Neofunctionalization(Child)	classified	Neofunctionalization(Child)	Neofunctionalization(Child)
TRD	Pbre1_12G317000	Pbre1_04G282600	Prupe.6G295600.1	6.5201755	0.0	25.687759	0.909994651873036		0.8296014445986799								all_zero_expression_profile	Subfunctionalization	discordant
TRD	Pbre1_13G029600	Pbre1_04G286600	Prupe.1G335600.1	0.0	0.0	0.2019271666666666			0.8813265489972764								all_zero_expression_profile	Subfunctionalization	discordant
TRD	Pbre1_05G075800	Pbre1_04G301000	Prupe.8G060400.1	20.103575166666666	0.6500138333333333	14.2975385	0.5311104140591336	0.9800353007628946	0.5471676371356167	0.1311305314976024	0.9385219813623488	0.1283642742639579	Neofunctionalization(Child)	Neofunctionalization(Child)	Neofunctionalization(Child)	Neofunctionalization(Child)	classified	Neofunctionalization(Parent)	discordant
TRD	Pbre1_15G067400	Pbre1_04G306800	Prupe.1G389200.1	68.74366016666667	2.7202563333333334	200.3011398333333	0.6204937641942507	0.7368706329448322	0.2961015728754727	0.195109544510209	0.4073098620765899	0.1789330527621284	Neofunctionalization(Child)	Neofunctionalization(Child)	Neofunctionalization(Child)	Neofunctionalization(Child)	classified	Subfunctionalization	discordant
TRD	Pbre1_12G346000	Pbre1_04G318400	Prupe.6G313600.1	6.9458605	1.0984388333333333	9.286786333333334	0.1039021719090228	0.4682428467615639	0.6972533986161654	0.2604891095900203	0.2689363711806318	0.2532954787994771	Conservation	Neofunctionalization(Child)	Neofunctionalization(Child)	discordant	classified	Neofunctionalization(Child)	discordant
TRD	Pbre1_12G353000	Pbre1_04G326200	Prupe.6G317800.1	41.05090133333333	0.2052398333333333	32.725839	0.8923758290995035	0.948627692332816	0.7768876283401223	0.3104180859640984	0.4369705773693321	0.3109003502982751	Neofunctionalization(Child)	Neofunctionalization(Child)	Neofunctionalization(Child)	Neofunctionalization(Child)	classified	Subfunctionalization	discordant
TRD	Pbre1_12G363400	Pbre1_04G338600	Prupe.6G323900.1	8.748602666666667	2.9054766666666665	8.639530666666667	0.4198013638861345	0.5536705250370799	0.5621306387795312	0.1845701005599375	0.272939652522058	0.204851703509413	Conservation	Conservation	Conservation	Conservation	classified	Neofunctionalization(Child)	discordant
TRD	Pbre1_12G369600	Pbre1_04G343800	Prupe.6G327400.1	0.108215	0.106998	0.0570633333333333	0.7723290739033066	0.9620601087427868	0.9857212147763368	0.5759589027703315	1.26328048452414	0.9106322359253516	Specialization	Conservation	Neofunctionalization(Child)	discordant	classified	Neofunctionalization(Parent)	discordant
TRD	Pbre1_04G357600	Pbre1_04G345800	Prupe.6G334800.1	44.8234965	6.384320333333333	56.913869166666665	0.2478579767838073	0.5983272155707692	0.4598813487055116	0.0833176046548591	0.0879077902829664	0.0704605367524345	Conservation	Conservation	Conservation	Conservation	classified	Neofunctionalization(Child)	discordant
TRD	Pbre1_10G129600	Pbre1_04G358800	Prupe.8G100700.1	0.0021969999999999	0.0333213333333333	15.824585666666666	1.0	0.9505717083881754	0.8400516163195506	0.506364701564535	0.9236716015456412	0.847725707334102	Specialization	Specialization	Specialization	Specialization	classified	Neofunctionalization(Child)	discordant
TRD	Pbre1_11G205600	Pbre1_04G361200	Prupe.6G102400.1	68.66813716666667	0.369027	97.17526766666668	0.3622879569008823	0.6076858771238752	0.5940362785183262	0.1667515027747166	0.5029151152023975	0.1680512594188765	Neofunctionalization(Child)	Neofunctionalization(Child)	Neofunctionalization(Child)	Neofunctionalization(Child)	classified	Specialization	discordant
TRD	Pbre1_12G385200	Pbre1_04G363000	Prupe.6G335700.1														missing_expression_record		discordant
TRD	Pbre1_02G113200	Pbre1_04G368000	Prupe.7G215100.1	11.5340325	23.902674666666663	13.894352666666666	0.5068819148610133	0.3952331033504438	0.4333010250811545	0.1803504091701483	0.2456119661714638	0.2145933848183652	Conservation	Conservation	Conservation	Conservation	classified	Conservation	Conservation
TRD	Pbre1_12G409600	Pbre1_04G374200	Prupe.6G349400.1	25.6829685	0.3357098333333333	35.351662833333336	0.32898201195126	0.9107152987370912	0.336789296576802	0.1058214394316688	0.6072793925408724	0.1111425101043553	Neofunctionalization(Child)	Neofunctionalization(Child)	Neofunctionalization(Child)	Neofunctionalization(Child)	classified	Neofunctionalization(Child)	Neofunctionalization(Child)
TRD	Pbre1_12G405400	Pbre1_04G381200	Prupe.6G346900.1	2.787994166666667	1.554455	7.725107	0.7577254965518618	0.5477594535482821	0.847239387722609	0.6451109614798326	0.4875559655522549	0.566968020074946	Specialization	Specialization	Specialization	Specialization	classified	Subfunctionalization	discordant
TRD	Pbre1_12G417600	Pbre1_04G392000	Prupe.6G353600.1	13.819253	8.187793000000001	21.90648983333333	0.2999914194978209	0.434040023387254	0.6178004132481064	0.2213792924132272	0.1399524410781731	0.164542221262186	Conservation	Conservation	Conservation	Conservation	classified	Conservation	Conservation
TRD	Pbre1_07G395800	Pbre1_04G393600	Prupe.2G270400.1	1.216476	0.0	3.3717083333333333	0.9120674293867832		0.9986071512193724								all_zero_expression_profile	Subfunctionalization	discordant
TRD	Pbre1_06G119800	Pbre1_04G408800	Prupe.5G081100.1	1.3875388333333334	15.928312166666666	1.8894263333333328	0.6458212765390927	0.3819435607073026	0.6206748989194913	0.4466459749437625	0.3265721487103288	0.3324322063446499	Neofunctionalization(Parent)	Specialization	Neofunctionalization(Parent)	discordant	classified	Subfunctionalization	discordant
TRD	Pbre1_10G002800	Pbre1_05G002800	Prupe.8G002200.1	15.717540833333333	11.170168166666668	10.768653166666668	0.223355470758942	0.2064125748144353	0.3572541780123437	0.1437587130321979	0.1414963160800548	0.1398396902651442	Conservation	Conservation	Conservation	Conservation	classified	Neofunctionalization(Child)	discordant
TRD	Pbre1_10G005800	Pbre1_05G005000	Prupe.8G004600.1	1.9301811666666664	0.8168465	1.488533	0.4362158641805342	0.6360745391355775	0.8574966439748681	0.567959833480186	0.5191022948501542	0.5462355622991351	Specialization	Specialization	Specialization	Specialization	classified	Neofunctionalization(Child)	discordant
TRD	Pbre1_10G007800	Pbre1_05G007000	Prupe.8G006400.1	3.2636045	0.0	1.4598648333333333	0.4344834218640813		0.7014663425897864								all_zero_expression_profile	Subfunctionalization	discordant
TRD	Pbre1_16G027400	Pbre1_05G007400	Prupe.1G337000.1	169.0960555	2.1433185	237.376202	0.4934630685920431	0.4253200998295813	0.4647766329547703	0.2124688611037424	0.306665745722793	0.2097725491954875	Conservation	Neofunctionalization(Child)	Conservation	discordant	classified	Neofunctionalization(Parent)	discordant
TRD	Pbre1_16G068400	Pbre1_05G024600	Prupe.1G314900.1	4.0009435	0.0478344999999999	7.926880666666666	0.8244205941704422	0.932832833764638	0.9719354157331064	0.7727019822092205	1.159167661523158	0.7771518705279302	Specialization	Specialization	Specialization	Specialization	classified	Neofunctionalization(Parent)	discordant
TRD	Pbre1_05G197600	Pbre1_05G026000	Prupe.8G152400.1	0.0	0.0	0.0129758333333333			0.8737622828888097								all_zero_expression_profile	Neofunctionalization(Child)	discordant
TRD	Pbre1_04G333200	Pbre1_05G027000	Prupe.6G322000.1	15.154163833333332	0.0	64.70921133333334	0.959238837646463		0.8863401971157682								all_zero_expression_profile	Subfunctionalization	discordant
TRD	Pbre1_10G026400	Pbre1_05G028200	Prupe.8G024200.1	27.893361	8.987705666666667	12.175363166666669	0.3679071513377311	0.6716836354309601	0.4249423100549941	0.1077324764959888	0.1860202365551447	0.0715639121863395	Conservation	Conservation	Conservation	Conservation	classified	Neofunctionalization(Parent)	discordant
TRD	Pbre1_17G387000	Pbre1_05G032000	Prupe.3G092800.1	57.721393166666665	63.15333033333333	55.718879666666666	0.6142543609403278	0.3512218138154604	0.6825897947699566	0.1336105561114511	0.2817066147597871	0.1951177623975501	Conservation	Conservation	Conservation	Conservation	classified	Subfunctionalization	discordant
TRD	Pbre1_02G419200	Pbre1_05G034600	Prupe.2G061400.1	7.203870666666667	0.8397588333333333	5.4537975	0.7470396132623027	0.7574978450367341	0.6196859743280781	0.3856800520970496	0.3643464388291135	0.3618081625191787	Conservation	Neofunctionalization(Child)	Neofunctionalization(Child)	discordant	classified	Subfunctionalization	discordant
TRD	Pbre1_11G072400	Pbre1_05G047600	Prupe.6G039300.1	87.26846883333333	54.733729833333335	123.31789516666666	0.2662820521245126	0.465063775061194	0.1387874549059977	0.0674531659368218	0.1068650211353785	0.0786248510314096	Conservation	Conservation	Conservation	Conservation	classified	Subfunctionalization	discordant
TRD	Pbre1_11G333800	Pbre1_05G048400	Prupe.4G227900.1	14.325824	3.066816166666667	42.61413783333333	0.572076202114524	0.965044951477125	0.5172144627792571	0.1026026751286896	0.6206790506772808	0.1581391084136062	Neofunctionalization(Child)	Neofunctionalization(Child)	Neofunctionalization(Child)	Neofunctionalization(Child)	classified		discordant
TRD	Pbre1_16G374600	Pbre1_05G049400	Prupe.1G046200.1	6.068159	0.0592995	1.7619766666666663	0.9213451784040976	0.9109080715666998	0.940426823309646	0.1226655341801258	0.1468997375630319	0.1218384229814465	Conservation	Specialization	Specialization	discordant	classified	Neofunctionalization(Child)	discordant
TRD	Pbre1_08G201800	Pbre1_05G049600	Prupe.1G453900.1	2.6554426666666666	0.0	3.1955180000000003	0.3652099922324552		0.7288448396231075								all_zero_expression_profile	Neofunctionalization(Child)	discordant
TRD	Pbre1_05G057000	Pbre1_05G052000	Prupe.8G044900.1														missing_expression_record		discordant
TRD	Pbre1_10G051800	Pbre1_05G052800	Prupe.8G042000.1	12.254167166666669	5.5334485	5.881896	0.8154040442545041	0.7004045811043553	0.7926658472978922	0.1981618967663564	0.2892159169515145	0.159494933395895	Conservation	Neofunctionalization(Child)	Neofunctionalization(Child)	discordant	classified	Subfunctionalization	discordant
TRD	Pbre1_07G145600	Pbre1_05G054400	Prupe.2G118700.1	37.291832166666666	55.454839166666666	57.3240755	0.5064588771924365	0.4492541538491252	0.3471108101821659	0.2401964024752886	0.1374308700779346	0.0950824659560197	Conservation	Conservation	Conservation	Conservation	classified	Conservation	Conservation
TRD	Pbre1_10G058400	Pbre1_05G058200	Prupe.8G045600.1	2.2342935	2.3367805	12.777338166666668	0.5537537640320391	0.6794261565588553	0.5984821613551534	0.2902223519914702	0.4488946611639226	0.3312292369741164	Neofunctionalization(Child)	Neofunctionalization(Parent)	Conservation	discordant	classified	Specialization	discordant
TRD	Pbre1_08G073200	Pbre1_05G060200	Prupe.1G389500.1	22.958476166666667	0.2904528333333333	32.06476	0.5858995843067583	0.613614561409707	0.5564798074837018	0.3903130773012432	0.315902010232091	0.3876270906818158	Conservation	Neofunctionalization(Child)	Neofunctionalization(Child)	discordant	classified	Neofunctionalization(Child)	discordant
TRD	Pbre1_15G054000	Pbre1_05G062000	Prupe.1G381400.1	0.8672525	0.0	1.7424786666666667	0.9060525544995974		0.6370217520657597								all_zero_expression_profile	Subfunctionalization	discordant
TRD	Pbre1_10G070800	Pbre1_05G068600	Prupe.8G057200.1	6.050694666666667	1.7840146666666667	11.693545333333333	0.2381107378367103	0.4099067898446104	0.4974206010049226	0.1205775202532116	0.1357583391977831	0.1119896306224809	Conservation	Conservation	Conservation	Conservation	classified	Subfunctionalization	discordant
TRD	Pbre1_10G445400	Pbre1_05G074800	Prupe.4G081800.1	2.8142408333333333	0.0	2.460424333333333	0.6559552003722026		0.566042258707632								all_zero_expression_profile	Subfunctionalization	discordant
TRD	Pbre1_02G363000	Pbre1_05G075000	Prupe.2G114600.1	5.244307	5.0139015	5.5802235	0.3845132414245303	0.4351547663615556	0.5818683094378448	0.2387357420206099	0.2600787704477636	0.2371461286088203	Conservation	Conservation	Conservation	Conservation	classified	Subfunctionalization	discordant
TRD	Pbre1_10G592000	Pbre1_05G075600	Prupe.4G001400.1	0.6840671666666667	2.5940275	2.965786833333333	0.4673874861220687	0.6128837160701952	0.4869379163434228	0.0912325568077901	0.2164687900000639	0.1638387703062283	Conservation	Neofunctionalization(Parent)	Neofunctionalization(Parent)	discordant	classified	Conservation	discordant
TRD	Pbre1_13G341400	Pbre1_05G079000	Prupe.1G024200.1	23.357929166666665	0.0	45.14215033333333	0.4760804660169942		0.4932812563172014								all_zero_expression_profile	Subfunctionalization	discordant
TRD	Pbre1_15G080400	Pbre1_05G082000	Prupe.1G397300.1	7.433827	0.0	14.521786833333334	0.327343321327927		0.6146053382203384								all_zero_expression_profile	Conservation	discordant
TRD	Pbre1_12G364400	Pbre1_05G090200	Prupe.6G324000.1	1.9771951666666667	0.0	22.21384933333333	0.5381544577831981		0.664389528455725								all_zero_expression_profile	Subfunctionalization	discordant
TRD	Pbre1_16G162800	Pbre1_05G100200	Prupe.1G255500.1														missing_expression_record		discordant
TRD	Pbre1_15G110200	Pbre1_05G106600	Prupe.1G412200.1	20.548830833333334	0.0881821666666666	52.087726833333335	0.2267705042428668	0.5779876912586775	0.3470173597075517	0.1551546120817246	0.2821656631823578	0.1551415920298572	Conservation	Neofunctionalization(Child)	Neofunctionalization(Child)	discordant	classified	Specialization	discordant
TRD	Pbre1_11G006200	Pbre1_05G112400	Prupe.6G003200.1	69.830924	0.5535795	162.6073483333333	0.6532840280290986	0.7238841517474783	0.4582298007125523	0.3038427614588558	0.4236670176528526	0.3037080578960872	Neofunctionalization(Child)	Neofunctionalization(Child)	Neofunctionalization(Child)	Neofunctionalization(Child)	classified	Specialization	discordant
TRD	Pbre1_13G219600	Pbre1_05G113000	Prupe.1G217600.1	12.826539833333332	0.1277266666666666	11.699572333333332	0.4770186852967716	0.6659419153643793	0.3186194061989687	0.2261353159103775	0.2679163657604979	0.2229388669040125	Conservation	Neofunctionalization(Child)	Neofunctionalization(Child)	discordant	classified	Conservation	discordant
TRD	Pbre1_11G403800	Pbre1_05G116000	Prupe.4G182900.1	3.2682245	0.0	19.5236015	0.5684108255605983		0.4807226777306381								all_zero_expression_profile	Subfunctionalization	discordant
TRD	Pbre1_02G105000	Pbre1_05G116600	Prupe.7G219600.1	62.008668	0.7315938333333334	40.982473	0.2472026572876369	0.5219694500609362	0.4240121801403129	0.206429820194086	0.352743648701836	0.2077022010866268	Conservation	Neofunctionalization(Child)	Neofunctionalization(Child)	discordant	classified	Specialization	discordant
TRD	Pbre1_06G067200	Pbre1_05G125600	Prupe.5G046200.1	36.537118666666665	0.2679358333333333	74.72999616666667	0.4543610022227399	0.7585294521488397	0.584260804219864	0.3275343296987484	0.4387192164052061	0.3262709541124337	Neofunctionalization(Child)	Neofunctionalization(Child)	Neofunctionalization(Child)	Neofunctionalization(Child)	classified	Specialization	discordant
TRD	Pbre1_10G137400	Pbre1_05G127000	Prupe.8G107000.1	9.389742833333331	12.8722755	13.784574833333334	0.4910639905885349	0.4156788466972456	0.5562203074117549	0.1689090145066376	0.0998193344466661	0.1057275803649714	Conservation	Conservation	Conservation	Conservation	classified	Subfunctionalization	discordant
TRD	Pbre1_10G136800	Pbre1_05G127600	Prupe.8G106600.1	66.05606483333332	9.483974833333331	55.008994	0.5409800140815799	0.5908438570249874	0.329587068854585	0.1210049545636442	0.1795117690213421	0.1260112560353628	Conservation	Conservation	Conservation	Conservation	classified	Subfunctionalization	discordant
TRD	Pbre1_10G135800	Pbre1_05G128000	Prupe.8G105800.1	128.8079685	65.13360366666667	371.74331516666666	0.2995388637901781	0.3739208879070679	0.5537933041236667	0.2762141494583641	0.2942371074566409	0.2786479464447497	Conservation	Conservation	Conservation	Conservation	classified	Conservation	Conservation
TRD	Pbre1_07G062800	Pbre1_05G128400	Prupe.2G040800.1	38.300300166666666	6.160064	48.98087516666667	0.2957777302148874	0.458185137484202	0.3229704550653938	0.099111469607644	0.0914019782609915	0.0924425637468061	Conservation	Conservation	Conservation	Conservation	classified	Subfunctionalization	discordant
TRD	Pbre1_05G363200	Pbre1_05G129000	Prupe.4G148700.1	18.734697666666666	0.0298936666666666	59.32098366666666	0.1080238229701346	1.0	0.3670825931023146	0.1600670811174933	0.9322041033159476	0.1602769514826654	Neofunctionalization(Child)	Neofunctionalization(Child)	Neofunctionalization(Child)	Neofunctionalization(Child)	classified	Subfunctionalization	discordant
TRD	Pbre1_15G314800	Pbre1_05G130400	Prupe.7G240500.1	13.312529333333334	0.0	11.704268	0.3603397843799366		0.4183987290588879								all_zero_expression_profile	Subfunctionalization	discordant
TRD	Pbre1_01G341000	Pbre1_05G132200	Prupe.2G282400.1	2.406479833333333	3.7773938333333335	14.336646	0.8538337709695266	0.6341213328895727	0.9293936787977298	0.7055244470942736	0.6711471777953172	0.616093462927132	Specialization	Specialization	Conservation	Specialization	classified	Conservation	discordant
TRD	Pbre1_05G198000	Pbre1_05G141000	Prupe.8G153100.1														missing_expression_record		discordant
TRD	Pbre1_04G275000	Pbre1_05G151600	Prupe.6G290800.1	22.57587833333333	0.4250998333333333	56.93021866666667	0.8793933178865071	0.7132351762438215	0.6396484487493479	0.7247105616211325	0.3479443740574514	0.7132452225737327	Neofunctionalization(Parent)	Neofunctionalization(Child)	Neofunctionalization(Child)	discordant	classified	Specialization	discordant
TRD	Pbre1_17G209200	Pbre1_05G156000	Prupe.3G195000.1	20.457289666666668	0.3402423333333333	51.80710833333333	0.696519880675482	0.9964377041963296	0.5856574572265872	0.3611203238513177	0.8686323324481039	0.3570312596622219	Neofunctionalization(Child)	Neofunctionalization(Child)	Neofunctionalization(Child)	Neofunctionalization(Child)	classified	Subfunctionalization	discordant
TRD	Pbre1_10G472600	Pbre1_05G160600	Prupe.4G066000.1	6.566431833333334	0.2282536666666666	37.90339	0.5793221498623551	1.0	0.7744135376040503	0.4139037693514928	0.6357109184000571	0.397434959881344	Specialization	Neofunctionalization(Child)	Neofunctionalization(Child)	discordant	classified	Conservation	discordant
TRD	Pbre1_10G169400	Pbre1_05G165800	Prupe.8G134200.1	12.967620666666669	0.0796863333333333	21.733687	0.3489024630296155	1.0	0.6461154166252887	0.1718988738701005	1.0694865410468324	0.1739958983935461	Neofunctionalization(Child)	Neofunctionalization(Child)	Neofunctionalization(Child)	Neofunctionalization(Child)	classified	Subfunctionalization	discordant
TRD	Pbre1_04G164000	Pbre1_05G174800	Prupe.6G235000.1	22.54606233333333	0.0	32.488736833333334	0.3158383523825668		0.345607557831959								all_zero_expression_profile	Subfunctionalization	discordant
TRD	Pbre1_12G061600	Pbre1_05G186000	Prupe.7G098700.1	140.86776166666667	0.6630936666666667	34.356021	0.5881354079696351	0.6516911381658916	0.5257997733566658	0.1962437632005355	0.3807890454631048	0.1951457191813776	Conservation	Neofunctionalization(Child)	Neofunctionalization(Child)	discordant	classified	Conservation	discordant
TRD	Pbre1_11G394800	Pbre1_05G189600	Prupe.4G187300.1	12.962554333333332	2.336256	124.31401916666668	0.6897600737602764	0.5558964217019271	0.7909891106743154	0.5289953028877697	0.5423649671046246	0.505171502305115	Specialization	Subfunctionalization	Neofunctionalization(Child)	discordant	classified	Conservation	discordant
TRD	Pbre1_15G706400	Pbre1_05G193400	Prupe.1G541400.1	20.7094275	0.275343	67.39817316666667	0.3408409495401235	0.657421034049576	0.2585294970598795	0.0595200854540224	0.4038885466275697	0.0618783624110407	Neofunctionalization(Child)	Neofunctionalization(Child)	Neofunctionalization(Child)	Neofunctionalization(Child)	classified	Subfunctionalization	discordant
TRD	Pbre1_03G451000	Pbre1_05G198400	Prupe.8G248800.1														missing_expression_record		discordant
TRD	Pbre1_12G396200	Pbre1_05G209200	Prupe.6G341500.1	15.629627333333334	0.6910253333333333	90.58698683333334	0.8630657689707469	0.5815608676326255	0.8144474243938307	0.1969219724750086	0.5978211121214412	0.1845787662941033	Neofunctionalization(Child)	Neofunctionalization(Child)	Neofunctionalization(Child)	Neofunctionalization(Child)	classified	Subfunctionalization	discordant
TRD	Pbre1_17G459000	Pbre1_05G214000	Prupe.3G160800.1	118.1851755	0.0169393333333333	80.06786233333334	0.4168518475047779	1.0	0.3491048039613858	0.1917441418386075	0.9002884809212395	0.1916963346280094	Neofunctionalization(Child)	Neofunctionalization(Child)	Neofunctionalization(Child)	Neofunctionalization(Child)	classified	Subfunctionalization	discordant
TRD	Pbre1_05G323600	Pbre1_05G214200	Prupe.8G213600.1	16.646342	0.0	33.3096505	0.5684420432942435		0.3155738302692877								all_zero_expression_profile	Subfunctionalization	discordant
TRD	Pbre1_13G244000	Pbre1_05G236000	Prupe.1G106700.1	8.164311666666666	0.0	14.853228	0.4329116027164953		0.3889318260148139								all_zero_expression_profile	Conservation	discordant
TRD	Pbre1_10G234600	Pbre1_05G237000	Prupe.8G174300.1	16.227543999999998	9.072925833333334	17.648206	0.8952045298372404	0.6355042405448936	0.8315872656518526	0.2589770195397172	0.5458401318063062	0.2598375475992053	Neofunctionalization(Child)	Neofunctionalization(Child)	Conservation	Neofunctionalization(Child)	classified	Subfunctionalization	discordant
TRD	Pbre1_10G234600	Pbre1_05G237200	Prupe.8G174300.1	16.227543999999998	14.064175833333334	17.648206	0.8952045298372404	0.561694437119776	0.8315872656518526	0.2589770195397172	0.5186391857962944	0.2844825294271947	Neofunctionalization(Child)	Conservation	Conservation	discordant	classified	Specialization	discordant
TRD	Pbre1_15G294200	Pbre1_05G241200	Prupe.7G250400.1	5.921209166666666	0.3407793333333333	7.7942085	0.7206042418535388	0.9371731416514184	0.3730791632981737	0.3260649334545345	0.5918603024945898	0.2942977727046908	Neofunctionalization(Child)	Neofunctionalization(Child)	Neofunctionalization(Child)	Neofunctionalization(Child)	classified	Specialization	discordant
TRD	Pbre1_10G243200	Pbre1_05G246600	Prupe.8G178500.1	1.2460531666666663	0.148685	2.5197586666666667	0.5672723841328908	0.7516325448500643	0.3265322464397147	0.2574066946373661	0.3599303628806699	0.2564387854333128	Conservation	Specialization	Neofunctionalization(Child)	discordant	classified	Conservation	discordant
TRD	Pbre1_13G240800	Pbre1_05G248600	Prupe.1G104800.1	8.448098333333334	0.4042785	22.7779875	0.2762328643172672	0.376680888327716	0.3688521093791904	0.1318633919042643	0.1310503453289162	0.1273507666341455	Conservation	Neofunctionalization(Child)	Neofunctionalization(Child)	discordant	classified	Conservation	discordant
TRD	Pbre1_14G413200	Pbre1_05G254200	Prupe.5G220200.1	8.0001945	0.2073545	19.56591833333333	0.3778955356702454	0.6281124811822706	0.4573729429740554	0.1519274631816277	0.2169593843371646	0.1454359576327075	Conservation	Neofunctionalization(Child)	Neofunctionalization(Child)	discordant	classified	Conservation	discordant
TRD	Pbre1_10G254800	Pbre1_05G260800	Prupe.8G183100.1	7.673115166666667	0.0953011666666666	6.307748666666667	0.6788902854588654	0.6903135807751275	0.6070811723146571	0.2206500420612677	0.5648355204875721	0.2227210708160911	Neofunctionalization(Child)	Specialization	Neofunctionalization(Child)	discordant	classified	Subfunctionalization	discordant
TRD	Pbre1_10G256800	Pbre1_05G262200	Prupe.8G183800.1	5.623027	5.082221333333333	4.7271135	0.6465917239303478	0.4957818727848361	0.4631482289495879	0.2582099121963901	0.1698420898962903	0.1237580890051448	Conservation	Specialization	Conservation	discordant	classified	Subfunctionalization	discordant
TRD	Pbre1_10G256600	Pbre1_05G264400	Prupe.8G183700.1	33.12295233333333	0.6894478333333334	99.96886066666666	0.1981463982850432	0.4763601854281466	0.524998097308403	0.1612538731303325	0.078984349663264	0.1582593124590653	Conservation	Neofunctionalization(Child)	Neofunctionalization(Child)	discordant	classified	Subfunctionalization	discordant
TRD	Pbre1_15G593200	Pbre1_05G271400	Prupe.6G172500.1	28.038716166666667	0.2407521666666666	35.09572416666666	0.1790130541682529	0.9191472028713028	0.3655818305140948	0.1673993803425115	0.6051933066495018	0.1656887794109177	Neofunctionalization(Child)	Neofunctionalization(Child)	Neofunctionalization(Child)	Neofunctionalization(Child)	classified	Neofunctionalization(Child)	Neofunctionalization(Child)
TRD	Pbre1_10G270200	Pbre1_05G277400	Prupe.8G190300.1	16.2479805	0.1350423333333333	11.517241833333332	0.2975108198758557	0.8322485039248569	0.7309522713808564	0.269473069443481	0.7082579050297326	0.2686067572768457	Neofunctionalization(Child)	Neofunctionalization(Child)	Neofunctionalization(Child)	Neofunctionalization(Child)	classified	Conservation	discordant
TRD	Pbre1_16G335800	Pbre1_05G281400	Prupe.1G017400.1	98.36210183333333	0.0	142.00862766666668	0.2191803986121506		0.4600113622173388								all_zero_expression_profile	Conservation	discordant
TRD	Pbre1_10G275000	Pbre1_05G282000	Prupe.8G192800.1	0.0970253333333333	0.0	0.48123	0.960725691433175		0.6554835789652345								all_zero_expression_profile	Conservation	discordant
TRD	Pbre1_12G027400	Pbre1_05G282200	Prupe.7G025100.1	15.325487666666668	0.0	5.0427335	0.3640401042521094		0.1169789999226833								all_zero_expression_profile	Subfunctionalization	discordant
TRD	Pbre1_06G388200	Pbre1_05G289000	Prupe.1G320700.1	4.085673833333333	0.074896	387.622109	0.618484608751656	0.9357870661625932	0.4217251095317766	0.2649724683858402	0.7351266267588483	0.2653789696079371	Neofunctionalization(Child)	Neofunctionalization(Child)	Neofunctionalization(Child)	Neofunctionalization(Child)	classified	Conservation	discordant
TRD	Pbre1_06G182200	Pbre1_05G290400	Prupe.5G115000.1	10.987175333333331	6.497830833333333	6.170998833333333	0.9183747583873456	0.3492807986512254	0.6501956634705615	0.4628353583696818	0.2981513410871884	0.2858313694340527	Neofunctionalization(Parent)	Specialization	Specialization	discordant	classified	Conservation	discordant
TRD	Pbre1_05G548200	Pbre1_05G300800	Prupe.4G034100.1	0.7336345	2.6056358333333334	1.8900711666666663	0.5563866294498926	0.9128843963109048	0.6611859686516117	0.3489691375938638	0.4093854179343518	0.27047343701414	Neofunctionalization(Child)	Subfunctionalization	Specialization	discordant	classified	Neofunctionalization(Parent)	discordant
TRD	Pbre1_03G127400	Pbre1_05G307600	Prupe.6G071100.1	23.760443666666667	0.0	52.36580883333333	0.3481307223254689		0.5142424208031964								all_zero_expression_profile	Subfunctionalization	discordant
TRD	Pbre1_01G317400	Pbre1_05G307800	Prupe.2G269600.1	28.08200683333333	0.0	57.84465333333333	0.2715898331474451		0.562661679751046								all_zero_expression_profile	Neofunctionalization(Child)	discordant
TRD	Pbre1_05G141400	Pbre1_05G310800	Prupe.8G116300.1	0.1860118333333333	0.0	2.8080421666666666	0.7703941075370637		0.6541150546702951								all_zero_expression_profile	Subfunctionalization	discordant
TRD	Pbre1_10G305400	Pbre1_05G314800	Prupe.8G211000.1	0.2904451666666666	0.0	0.486533	0.7079049396695591		0.7079656458924491								all_zero_expression_profile	Neofunctionalization(Child)	discordant
TRD	Pbre1_10G302000	Pbre1_05G315200	Prupe.8G209600.1	0.9842201666666668	0.2667266666666666	26.9199235	0.7197327077592093	0.6387508000385773	0.9528707459990752	0.9439978111139185	0.757549967380444	0.8977435883304753	Specialization	Specialization	Specialization	Specialization	classified	Subfunctionalization	discordant
TRD	Pbre1_01G046200	Pbre1_05G321200	Prupe.6G161400.1	63.7414755	0.2192583333333333	200.36442416666665	0.4854207496163411	0.9809275131596696	0.5177549590936403	0.3482273776973716	0.9182999417064672	0.3476565392648263	Neofunctionalization(Child)	Neofunctionalization(Child)	Neofunctionalization(Child)	Neofunctionalization(Child)	classified	Neofunctionalization(Child)	Neofunctionalization(Child)
TRD	Pbre1_12G174000	Pbre1_05G322600	Prupe.7G121300.1	28.5578425	6.994223833333333	27.502844166666662	0.3222141474667669	0.5223698630557261	0.2100641469085655	0.0735935837189074	0.2223168916014537	0.0953041071778317	Conservation	Neofunctionalization(Child)	Conservation	discordant	classified	Neofunctionalization(Child)	discordant
TRD	Pbre1_10G300600	Pbre1_05G331800	Prupe.8G208900.1	118.81733283333334	0.3780903333333333	277.90582866666665	0.1232115123435193	0.9152330250768548	0.4438485693449261	0.1502679541329785	0.5530472574286202	0.1497419679127346	Neofunctionalization(Child)	Neofunctionalization(Child)	Neofunctionalization(Child)	Neofunctionalization(Child)	classified	Subfunctionalization	discordant
TRD	Pbre1_10G322400	Pbre1_05G338800	Prupe.8G222100.1	6.070373666666667	0.5268853333333333	5.882523833333334	0.4188570707956744	0.7028050758890553	0.4957098236458157	0.2473698103588408	0.236874337113295	0.2141409572753592	Conservation	Neofunctionalization(Child)	Neofunctionalization(Child)	discordant	classified	Neofunctionalization(Child)	discordant
TRD	Pbre1_01G354200	Pbre1_05G350800	Prupe.2G288900.1	30.1693345	2.6933025	41.432936	0.3703698874383155	0.4169296798678845	0.220760717868846	0.1134604631000232	0.2120002355251568	0.102535776278051	Conservation	Neofunctionalization(Child)	Conservation	discordant	classified	Subfunctionalization	discordant
TRD	Pbre1_02G505200	Pbre1_05G351400	Prupe.2G008000.1	10.085440333333334	15.293815166666665	35.35508	0.6289242297832691	0.915889932428302	0.830894885955208	0.5500847385306319	0.8092888363542563	0.6282459885513246	Specialization	Neofunctionalization(Child)	Neofunctionalization(Child)	discordant	classified	Conservation	discordant
TRD	Pbre1_10G330000	Pbre1_05G355200	Prupe.8G226000.1	0.144782	9.351287	3.781082333333333	0.8367326968674336	0.4824260330699798	0.6554310662778482	0.5339188922275752	0.462015347262996	0.4586122121267729	Specialization	Specialization	Specialization	Specialization	classified	Specialization	Specialization
TRD	Pbre1_11G148000	Pbre1_05G357000	Prupe.6G075400.1														missing_expression_record		discordant
TRD	Pbre1_02G103000	Pbre1_05G360000	Prupe.7G221000.1	108.57331083333334	0.0	27.680407666666667	0.6217662148591467		0.3431997134755112								all_zero_expression_profile	Neofunctionalization(Child)	discordant
TRD	Pbre1_15G020600	Pbre1_05G362600	Prupe.1G364800.1	64.18584383333334	2.2126236666666665	265.92403716666666	0.8288013077480609	0.476273904795133	0.6564294026558246	0.4621179643552919	0.2981547893586612	0.4506752049596517	Neofunctionalization(Parent)	Conservation	Conservation	discordant	classified	Neofunctionalization(Child)	discordant
TRD	Pbre1_05G371000	Pbre1_05G367200	Prupe.4G142400.1	1.0845318333333334	0.6615275	1.364477	0.6180210524056347	0.951690439853748	0.9094610406133254	0.6353346944869251	0.162101911944964	0.3447105099353466	Neofunctionalization(Parent)	Specialization	Specialization	discordant	classified	Conservation	discordant
TRD	Pbre1_08G106000	Pbre1_05G370800	Prupe.1G411100.1	22.878826	0.0573985	16.142660166666666	0.8436141004587302	0.787461817659108	0.5845217802970126	0.5378761345910873	0.4512622224889017	0.5373116837367993	Specialization	Neofunctionalization(Child)	Neofunctionalization(Child)	discordant	classified	Conservation	discordant
TRD	Pbre1_14G058600	Pbre1_05G372400	Prupe.7G099500.1	8.139823666666667	0.0	1.6366403333333337	0.8881496336955873		0.9923939707025546								all_zero_expression_profile	Conservation	discordant
TRD	Pbre1_10G352400	Pbre1_05G372600	Prupe.4G141500.1														missing_expression_record		discordant
TRD	Pbre1_10G371000	Pbre1_05G391800	Prupe.4G129900.1	3.967258833333333	1.8060478333333332	2.9736421666666666	0.1437203229159618	0.4789820448927583	0.4823547180679005	0.1335411517446672	0.2095361279672048	0.1490368898054947	Conservation	Conservation	Conservation	Conservation	classified	Neofunctionalization(Parent)	discordant
TRD	Pbre1_10G375000	Pbre1_05G394600	Prupe.4G128300.1	4.729666166666667	1.6237108333333332	2.814013	0.4024620032600753	0.9595842267654792	0.2710728332972965	0.1037508658867482	0.6912757881818712	0.2243428863484808	Neofunctionalization(Child)	Neofunctionalization(Child)	Neofunctionalization(Child)	Neofunctionalization(Child)	classified	Neofunctionalization(Child)	Neofunctionalization(Child)
TRD	Pbre1_08G329600	Pbre1_05G423800	Prupe.1G528600.1	8.191773666666666	0.244826	29.344175166666663	0.4458910497872643	0.919623685159842	0.4940301629650491	0.242340087541098	0.4947206616702745	0.2352608550302209	Neofunctionalization(Child)	Neofunctionalization(Child)	Neofunctionalization(Child)	Neofunctionalization(Child)	classified	Subfunctionalization	discordant
TRD	Pbre1_17G196200	Pbre1_05G429000	Prupe.3G203100.1	8.920224833333334	10.306491833333334	21.308912166666666	0.7892919870062381	0.1674926476014666	0.3341336605995703	0.2998450804191706	0.1469357601318834	0.1585740712391266	Conservation	Conservation	Conservation	Conservation	classified	Conservation	Conservation
TRD	Pbre1_07G359600	Pbre1_05G429400	Prupe.2G248500.1	50.037413666666666	11.572149	200.2219355	0.5477938187670298	0.2040088443426675	0.3473762390145916	0.0815039731377938	0.1138294712932078	0.0607844795349143	Conservation	Conservation	Conservation	Conservation	classified	Neofunctionalization(Child)	discordant
TRD	Pbre1_09G446800	Pbre1_05G430200	Prupe.3G160400.1	0.1951088333333333	0.2177466666666666	5.130047	0.9508793098311606	0.9796316849452318	0.9303249095100732	0.0780792361417214	0.2016757065874963	0.1373431366060117	Conservation	Specialization	Specialization	discordant	classified	Conservation	discordant
TRD	Pbre1_10G410600	Pbre1_05G430600	Prupe.4G106000.1	10.903135833333334	0.4757194999999999	11.094347666666668	0.5305328694666906	0.3747356642871393	0.3816722908235015	0.1205406684961524	0.1279062842817251	0.1157493666115576	Conservation	Neofunctionalization(Child)	Neofunctionalization(Child)	discordant	classified	Neofunctionalization(Child)	discordant
TRD	Pbre1_05G243800	Pbre1_05G435600	Prupe.8G177400.1	22.894692666666668	0.0427458333333333	61.44621333333333	0.4071834060688019	0.939275185524042	0.4695086690313298	0.1808001387001328	0.7119965143637856	0.1813666920370035	Neofunctionalization(Child)	Neofunctionalization(Child)	Neofunctionalization(Child)	Neofunctionalization(Child)	classified	Neofunctionalization(Parent)	discordant
TRD	Pbre1_16G015000	Pbre1_05G436600	Prupe.1G343400.1	7.785599166666667	0.0614698333333333	20.711473166666668	0.7319332993657889	0.9463653649764292	0.5407432689083833	0.3528621557324025	0.7851702675800746	0.3507008971238622	Neofunctionalization(Child)	Neofunctionalization(Child)	Neofunctionalization(Child)	Neofunctionalization(Child)	classified	Subfunctionalization	discordant
TRD	Pbre1_15G778400	Pbre1_05G438400	Prupe.1G585000.1	31.507089333333333	4.59782	16.643331	0.580142354182773	0.4097073327523647	0.4879293054746271	0.1273635436373717	0.1553776099524289	0.1125350364669299	Conservation	Conservation	Conservation	Conservation	classified	Subfunctionalization	discordant
TRD	Pbre1_05G375800	Pbre1_05G440800	Prupe.4G139500.1	3.3069355	3.7224721666666665	3.083623333333333	0.593254851234912	0.8414208637944587	0.735877089736373	0.3375468792306557	0.6307314868361589	0.4902677516438546	Neofunctionalization(Child)	Neofunctionalization(Child)	Conservation	Neofunctionalization(Child)	classified	Subfunctionalization	discordant
TRD	Pbre1_11G421600	Pbre1_05G451800	Prupe.4G172800.1	103.02211533333332	0.0	265.7756395	0.200440468567949		0.354985537431972								all_zero_expression_profile	Neofunctionalization(Child)	discordant
TRD	Pbre1_15G146200	Pbre1_05G458200	Prupe.1G433100.1														missing_expression_record		discordant
TRD	Pbre1_10G437800	Pbre1_05G464000	Prupe.4G086000.1	12.923007833333331	0.9634218333333332	15.687879666666667	0.7062097282763666	0.5841877564760878	0.4980120331063309	0.2677843969553642	0.3261106975210507	0.2455694312349516	Conservation	Neofunctionalization(Child)	Neofunctionalization(Child)	discordant	classified	Conservation	discordant
TRD	Pbre1_10G437800	Pbre1_05G464200	Prupe.4G086000.1	12.923007833333331	2.4144515	15.687879666666667	0.7062097282763666	0.5307912869464955	0.4980120331063309	0.2677843969553642	0.3439310128507631	0.236961316622588	Conservation	Neofunctionalization(Child)	Conservation	discordant	classified	Subfunctionalization	discordant
TRD	Pbre1_10G438800	Pbre1_05G465400	Prupe.4G085500.1	2.4728263333333333	1.2773955	5.496891333333333	0.5711304086879785	0.3880986607034088	0.5950188682014057	0.2865015281508374	0.1902659018090428	0.2361469566050997	Conservation	Conservation	Conservation	Conservation	classified	Subfunctionalization	discordant
TRD	Pbre1_10G545400	Pbre1_05G480000	Prupe.4G026000.1														missing_expression_record		discordant
TRD	Pbre1_10G353400	Pbre1_05G502600	Prupe.4G141000.1	36.015593833333334	0.0070995	71.97519083333333	0.48414636432914	1.0	0.6497973836619496	0.3112243228766677	0.9225918204810752	0.3111974667470182	Neofunctionalization(Child)	Neofunctionalization(Child)	Neofunctionalization(Child)	Neofunctionalization(Child)	classified	Conservation	discordant
TRD	Pbre1_16G368000	Pbre1_05G502800	Prupe.1G041700.1	63.55534333333333	0.0122438333333333	76.44156966666667	0.6351685102983577	0.9641182892370924	0.6225198349075726	0.1776699155417325	0.7952804148907854	0.1776246550923802	Neofunctionalization(Child)	Neofunctionalization(Child)	Neofunctionalization(Child)	Neofunctionalization(Child)	classified	Neofunctionalization(Child)	Neofunctionalization(Child)
TRD	Pbre1_10G497800	Pbre1_05G519000	Prupe.4G051600.1														missing_expression_record		discordant
TRD	Pbre1_08G131600	Pbre1_05G519600	Prupe.1G419800.1	16.048745833333335	0.1507721666666666	20.437117	0.2324612026060478	0.8572613353287174	0.4550300040959689	0.181548835314151	0.5730722806522616	0.1824832384301922	Neofunctionalization(Child)	Neofunctionalization(Child)	Neofunctionalization(Child)	Neofunctionalization(Child)	classified	Conservation	discordant
TRD	Pbre1_16G427600	Pbre1_05G548800	Prupe.1G081500.1	38.43981433333333	0.06179	51.194958166666666	0.6564414299496233	0.9811122689661076	0.3676918252161701	0.2908117117198825	0.7451475596924167	0.2899444864957453	Neofunctionalization(Child)	Neofunctionalization(Child)	Neofunctionalization(Child)	Neofunctionalization(Child)	classified	Neofunctionalization(Child)	Neofunctionalization(Child)
TRD	Pbre1_10G563200	Pbre1_05G579200	Prupe.4G016400.1	17.594707500000002	5.161265333333334	16.241377833333335	0.8104686995124339	0.6945930223116913	0.515818295519657	0.3036853903709042	0.2619587316333724	0.2877245918640587	Conservation	Conservation	Conservation	Conservation	classified	Neofunctionalization(Parent)	discordant
TRD	Pbre1_10G584000	Pbre1_05G596000	Prupe.4G006600.1	8.075023666666667	21.012452166666662	21.96872283333333	0.2685831817182158	0.5576163499812941	0.3828871610174719	0.0923524906136822	0.2327359116508129	0.1671538341248417	Conservation	Conservation	Conservation	Conservation	classified	Subfunctionalization	discordant
TRD	Pbre1_06G079200	Pbre1_05G603200	Prupe.5G055100.1	18.1913385	0.0	14.824098	0.3056878785378507		0.7184002703836697								all_zero_expression_profile	Subfunctionalization	discordant
TRD	Pbre1_10G592200	Pbre1_05G603800	Prupe.4G001300.1	47.649677	3.3658745	73.44220083333333	0.4547495162649023	0.4127022189284812	0.3727290893427124	0.145430639032225	0.2079742838748987	0.1445656494963961	Conservation	Conservation	Conservation	Conservation	classified	Subfunctionalization	discordant
TRD	Pbre1_10G223000	Pbre1_06G002600	Prupe.8G167000.1	25.715958333333333	5.7013515	46.44869683333334	0.2296708172912266	0.6393462064659036	0.4062349897445646	0.1332326451728352	0.2745358940089684	0.1406794869134616	Conservation	Conservation	Conservation	Conservation	classified	Conservation	Conservation
TRD	Pbre1_03G209800	Pbre1_06G004400	Prupe.6G118600.1	20.84079433333333	34.922877	63.811024833333335	0.6286099806525776	0.6083441924280478	0.447661708501065	0.3143975149544221	0.298945026859255	0.3013358421071557	Conservation	Conservation	Conservation	Conservation	classified	Conservation	Conservation
TRD	Pbre1_15G240800	Pbre1_06G014800	Prupe.4G273700.1														missing_expression_record		discordant
TRD	Pbre1_12G066400	Pbre1_06G017800	Prupe.7G097000.1	25.6343915	0.0452553333333333	12.153451	0.4966038067712305	0.8010988688115177	0.511065696978034	0.2140334062247839	0.5436730008154727	0.2137560867975501	Neofunctionalization(Child)	Neofunctionalization(Child)	Neofunctionalization(Child)	Neofunctionalization(Child)	classified	Conservation	discordant
TRD	Pbre1_16G131400	Pbre1_06G020600	Prupe.1G275300.1	0.3119953333333333	0.0	100.65367016666669	0.9499290987627852		0.6994071095855607								all_zero_expression_profile	Subfunctionalization	discordant
TRD	Pbre1_11G198400	Pbre1_06G022400	Prupe.6G098200.1	96.71644133333334	0.0116823333333333	90.95427983333332	0.4624869626664705	1.0	0.5863779837428289	0.3190655983322097	0.7530701691263976	0.3189826376869695	Neofunctionalization(Child)	Neofunctionalization(Child)	Neofunctionalization(Child)	Neofunctionalization(Child)	classified	Subfunctionalization	discordant
TRD	Pbre1_05G514200	Pbre1_06G023000	Prupe.4G054600.1	1.7562326666666666	0.0	11.761982333333334	0.4711192640497256		0.4617418522710504								all_zero_expression_profile	Specialization	discordant
TRD	Pbre1_09G018800	Pbre1_06G025600	Prupe.3G306000.1														missing_expression_record		discordant
TRD	Pbre1_09G136400	Pbre1_06G030200	Prupe.3G240300.1	95.3677145	0.0	182.211259	0.1950806965745887		0.3619342746172373								all_zero_expression_profile	Conservation	discordant
TRD	Pbre1_13G039400	Pbre1_06G032200	Prupe.1G330800.1	0.8259895	0.0	49.224586333333335	0.8951719569397237		0.9978997346326288								all_zero_expression_profile	Conservation	discordant
TRD	Pbre1_16G041000	Pbre1_06G032400	Prupe.1G330800.1	29.448016666666668	0.0	49.224586333333335	0.994924262297997		0.9978997346326288								all_zero_expression_profile	Conservation	discordant
TRD	Pbre1_15G443200	Pbre1_06G032800	Prupe.7G165600.1	12.1540945	2.147863666666667	126.14570416666666	0.2857632846874188	0.5999206082941283	0.7563148174155125	0.3288557933973188	0.504821465301562	0.3519426228755621	Neofunctionalization(Child)	Neofunctionalization(Child)	Neofunctionalization(Child)	Neofunctionalization(Child)	classified	Specialization	discordant
TRD	Pbre1_13G146000	Pbre1_06G034200	Prupe.1G262100.1	87.58323266666666	0.0	163.31087666666667	0.3348711270529147		0.3427989239020037								all_zero_expression_profile	Subfunctionalization	discordant
TRD	Pbre1_13G145600	Pbre1_06G036600	Prupe.1G262400.1	15.754188	0.2066455	7.654333833333333	0.8837376620424063	0.7261339076363317	0.2360691580350302	0.4957354998945833	0.3816961426762096	0.485284382205976	Neofunctionalization(Parent)	Neofunctionalization(Child)	Neofunctionalization(Child)	discordant	classified	Subfunctionalization	discordant
TRD	Pbre1_17G473200	Pbre1_06G036800	Prupe.3G117700.1	15.671452666666667	0.0264841666666666	25.799138166666665	0.7645157916126578	1.0	0.4469185558509547	0.3394968996008065	1.000263679854075	0.3394686860072685	Neofunctionalization(Child)	Neofunctionalization(Child)	Neofunctionalization(Child)	Neofunctionalization(Child)	classified	Conservation	discordant
TRD	Pbre1_16G022000	Pbre1_06G037000	Prupe.1G339800.1														missing_expression_record		discordant
TRD	Pbre1_09G343400	Pbre1_06G037800	Prupe.3G060700.1	17.102014666666665	0.4562196666666667	51.58872733333333	0.4664053966756494	0.6353402520354887	0.726622072450265	0.4246227667058217	0.2670880780818571	0.4171422772086761	Neofunctionalization(Parent)	Neofunctionalization(Child)	Neofunctionalization(Child)	discordant	classified	Conservation	discordant
TRD	Pbre1_11G330800	Pbre1_06G040200	Prupe.4G231300.1	48.50903133333333	119.82404283333334	67.90232416666666	0.4963484831559843	0.5328538228085222	0.471868213372485	0.2511349438938354	0.1830268619359195	0.1839196522460601	Conservation	Conservation	Conservation	Conservation	classified	Conservation	Conservation
TRD	Pbre1_06G070400	Pbre1_06G046200	Prupe.5G048100.1	7.3400765	0.2396795	9.945036833333331	0.9982926502688636	0.7142878855429011	0.9993986014533782	0.0102972510769692	0.9551238296731492	0.0352866831972782	Neofunctionalization(Child)	Neofunctionalization(Child)	Neofunctionalization(Child)	Neofunctionalization(Child)	classified	Subfunctionalization	discordant
TRD	Pbre1_15G067400	Pbre1_06G049400	Prupe.1G389200.1	68.74366016666667	0.1487241666666666	200.3011398333333	0.6204937641942507	0.8981313027093405	0.2961015728754727	0.195109544510209	0.5661895417089622	0.1945497751277349	Neofunctionalization(Child)	Neofunctionalization(Child)	Neofunctionalization(Child)	Neofunctionalization(Child)	classified	Neofunctionalization(Child)	Neofunctionalization(Child)
TRD	Pbre1_13G152200	Pbre1_06G052600	Prupe.1G258300.1	7.151771666666667	0.0	16.0832115	0.8228283171525159		0.7130083814668057								all_zero_expression_profile	Neofunctionalization(Child)	discordant
TRD	Pbre1_12G058800	Pbre1_06G055000	Prupe.7G100600.1	1.775790166666667	0.0	3.258490333333333	0.8129849519951646		0.8542644295204692								all_zero_expression_profile	Subfunctionalization	discordant
TRD	Pbre1_15G294000	Pbre1_06G056200	Prupe.7G250500.1	7.8051425	13.682525	9.584814666666666	0.3109373497550945	0.3607404301505404	0.3042600415621408	0.0984596549292071	0.2238634016354257	0.1658608785581057	Conservation	Conservation	Conservation	Conservation	classified	Neofunctionalization(Parent)	discordant
TRD	Pbre1_13G033600	Pbre1_06G058200	Prupe.1G333300.1	8.942430166666666	0.0	7.924997666666667	0.4059979550088631		0.5777848991949084								all_zero_expression_profile	Subfunctionalization	discordant
TRD	Pbre1_13G264800	Pbre1_06G074600	Prupe.1G123000.1	33.87125666666667	0.0	98.25937833333332	0.5740585701375662		0.3213207766779984								all_zero_expression_profile	Subfunctionalization	discordant
TRD	Pbre1_04G093200	Pbre1_06G080400	Prupe.5G056900.1	19.85742383333333	0.0	20.52778883333333	0.5470526530386323		0.4793226436167061								all_zero_expression_profile	Conservation	discordant
TRD	Pbre1_17G243200	Pbre1_06G088000	Prupe.3G175300.1	16.558062666666668	0.0	19.239717166666665	0.2656657637599541		0.3487289944003257								all_zero_expression_profile	Subfunctionalization	discordant
TRD	Pbre1_03G462400	Pbre1_06G090000	Prupe.8G255500.1	24.2161095	0.2886208333333333	99.47981666666666	0.2451265816358501	0.6493693928587895	0.3032943207754445	0.1622450208331111	0.371800062373624	0.1616465668926779	Conservation	Neofunctionalization(Child)	Neofunctionalization(Child)	discordant	classified	Conservation	discordant
TRD	Pbre1_09G490800	Pbre1_06G100000	Prupe.3G001700.1	18.08299633333333	0.0	61.533465666666665	0.3984280178639371		0.6406186937876119								all_zero_expression_profile	Conservation	discordant
TRD	Pbre1_11G225200	Pbre1_06G113000	Prupe.6G114700.1	12.421461166666669	0.0	29.4134555	0.2774206194765633		0.5375049190468384								all_zero_expression_profile	Subfunctionalization	discordant
TRD	Pbre1_04G134400	Pbre1_06G114600	Prupe.5G076600.1	29.0654455	0.0068993333333333	52.0940485	0.8037151695821526	0.8037522733799177	0.7419585394053201	0.3443763575726326	0.6444612572437353	0.3442780730816857	Neofunctionalization(Child)	Neofunctionalization(Child)	Neofunctionalization(Child)	Neofunctionalization(Child)	classified	Conservation	discordant
TRD	Pbre1_15G116800	Pbre1_06G116400	Prupe.1G417200.1	0.4631726666666667	0.0	0.3516716666666666	0.743886824999405		0.933255881718996								all_zero_expression_profile	Conservation	discordant
TRD	Pbre1_04G130400	Pbre1_06G116800	Prupe.5G079200.1	72.15938216666667	11.094155	96.67859483333334	0.3661812317990572	0.6987257461776151	0.6640686977312023	0.1818593959399138	0.1327303299171119	0.1634588283410488	Conservation	Conservation	Conservation	Conservation	classified	Conservation	Conservation
TRD	Pbre1_04G118400	Pbre1_06G128000	Prupe.5G087400.1	188.1870185	13.735279166666666	233.978561	0.9690186167574232	0.8957472394311832	0.9334136865948934	1.0507163443589005	0.957952656892988	1.0425322388266265	Specialization	Neofunctionalization(Child)	Neofunctionalization(Child)	discordant	classified	Specialization	discordant
TRD	Pbre1_04G118800	Pbre1_06G128600	Prupe.5G087200.1	1.0621053333333332	2.3391135	0.6889995	0.7586572376982365	0.8364574740770931	0.940921708977909	0.4405457749625571	0.3211093723748063	0.3559296364857647	Neofunctionalization(Parent)	Specialization	Specialization	discordant	classified	Conservation	discordant
TRD	Pbre1_04G119000	Pbre1_06G128800	Prupe.5G087100.1	0.0456431666666666	0.0	0.4099651666666666	1.0		0.994337272889552								all_zero_expression_profile	Subfunctionalization	discordant
TRD	Pbre1_04G115800	Pbre1_06G131200	Prupe.5G089300.1	1.6958216666666668	0.6882568333333333	7.993659833333333	0.545799764486295	0.7590377411680285	0.6789678074245468	0.3359789643609641	0.4246781072324408	0.3548705629785747	Neofunctionalization(Child)	Specialization	Neofunctionalization(Child)	discordant	classified	Subfunctionalization	discordant
TRD	Pbre1_08G018800	Pbre1_06G131800	Prupe.1G362200.1	89.05260866666667	0.0	143.34950466666666	0.2860859932995114		0.3552926529210638								all_zero_expression_profile	Subfunctionalization	discordant
TRD	Pbre1_13G025800	Pbre1_06G137200	Prupe.1G338000.1	0.7494093333333333	0.0843631666666666	2.7446456666666665	0.8396152224685458	0.9511570056977676	0.6944057694920301	0.4902787673948653	0.9302910567849576	0.464354758221185	Specialization	Specialization	Specialization	Specialization	classified	Conservation	discordant
TRD	Pbre1_10G431000	Pbre1_06G140600	Prupe.4G088900.1	16.989080166666668	0.0272376666666666	21.435607	0.2413104699427176	1.0	0.2222432264740543	0.059911387825302	0.9026445039516064	0.0606792280459241	Neofunctionalization(Child)	Neofunctionalization(Child)	Neofunctionalization(Child)	Neofunctionalization(Child)	classified		discordant
TRD	Pbre1_17G294200	Pbre1_06G141800	Prupe.3G021500.1	108.07034616666668	0.0	101.325115	0.6259646040260448		0.4361382957889669								all_zero_expression_profile	Conservation	discordant
TRD	Pbre1_14G189400	Pbre1_06G142600	Prupe.5G097700.1	158.127411	548.5994503333334	625.1173373333334	0.4713521339357161	0.6722858710782014	0.7120022110347213	0.3626194855393232	0.3095616890560396	0.3070553180028603	Conservation	Conservation	Conservation	Conservation	classified	Conservation	Conservation
TRD	Pbre1_14G189200	Pbre1_06G143600	Prupe.5G097500.1	7.413251166666667	13.1725935	32.242056833333336	0.275348268384387	0.523221870888844	0.6959433020332546	0.2974416825511321	0.1589446549660245	0.200970368781925	Conservation	Conservation	Conservation	Conservation	classified	Conservation	Conservation
TRD	Pbre1_14G189000	Pbre1_06G143800	Prupe.5G097400.1	18.69768033333333	5.2329675	17.450843833333334	0.2164491927066358	0.1599346435539596	0.3908328890664282	0.1791626437093949	0.1880660433087958	0.17826671264954	Conservation	Conservation	Conservation	Conservation	classified	Conservation	Conservation
TRD	Pbre1_14G189000	Pbre1_06G144000	Prupe.5G097400.1	18.69768033333333	3.739723666666667	17.450843833333334	0.2164491927066358	0.3120202714949317	0.3908328890664282	0.1791626437093949	0.2657765515041562	0.1781434387274817	Conservation	Conservation	Conservation	Conservation	classified	Conservation	Conservation
TRD	Pbre1_09G289600	Pbre1_06G144200	Prupe.3G030500.1	16.662077	4.971772166666667	14.251301333333334	0.9236405912906304	0.9445912217018024	0.6390151264779085	0.5791307247848942	0.6448677446111972	0.594070082780822	Specialization	Neofunctionalization(Child)	Neofunctionalization(Child)	discordant	classified	Specialization	discordant
TRD	Pbre1_06G166000	Pbre1_06G146600	Prupe.5G106800.1														missing_expression_record		discordant
TRD	Pbre1_01G329000	Pbre1_06G153600	Prupe.2G275100.1	41.331718333333335	0.0350816666666666	31.2215815	0.4866812710001293	1.0	0.4019495735383768	0.2678615680681747	0.9755663854807696	0.2682619905682223	Neofunctionalization(Child)	Neofunctionalization(Child)	Neofunctionalization(Child)	Neofunctionalization(Child)	classified	Specialization	discordant
TRD	Pbre1_10G174400	Pbre1_06G162000	Prupe.8G136900.1	0.0	0.0175791666666666	10.819423333333331		1.0	0.5798067419899616								all_zero_expression_profile	Neofunctionalization(Child)	discordant
TRD	Pbre1_09G204200	Pbre1_06G164600	Prupe.3G202500.1	0.8400065	2.687840833333333	23.645870166666665	0.916187412840224	0.68419988757783	0.9244508325786456	0.9562858962030498	0.4089311297564955	0.4842948988299446	Specialization	Specialization	Neofunctionalization(Parent)	Specialization	classified	Neofunctionalization(Child)	discordant
TRD	Pbre1_15G486200	Pbre1_06G166600	Prupe.7G142000.1														missing_expression_record		discordant
TRD	Pbre1_15G486200	Pbre1_06G166800	Prupe.7G142000.1														missing_expression_record		discordant
TRD	Pbre1_15G486400	Pbre1_06G167000	Prupe.7G141900.1	3.1016536666666665	12.478279166666669	0.8963351666666667	0.4989571520137362	0.5439191636900313	0.6141408760634879	0.3817043759750562	0.3727297290428293	0.3622616107022644	Conservation	Specialization	Specialization	discordant	classified	Neofunctionalization(Parent)	discordant
TRD	Pbre1_08G111600	Pbre1_06G167600	Prupe.1G408200.1	28.333181166666662	0.6363321666666667	33.475291666666664	0.4090973139567648	0.3834357783252917	0.3194506033409642	0.1216987357231662	0.2261368871133041	0.119722128650072	Conservation	Neofunctionalization(Child)	Neofunctionalization(Child)	discordant	classified	Neofunctionalization(Parent)	discordant
TRD	Pbre1_12G137400	Pbre1_06G178400	Prupe.7G050300.1	16.083285500000002	0.0	10.4090115	0.3210715836041927		0.5895949779401095								all_zero_expression_profile	Neofunctionalization(Child)	discordant
TRD	Pbre1_03G416800	Pbre1_06G185600	Prupe.4G154500.1	48.420982333333335	0.3596769999999999	87.008241	0.3425075363696772	0.6778518017587517	0.2384066802670729	0.1559575425115419	0.3238911593605158	0.1556966204093522	Conservation	Neofunctionalization(Child)	Neofunctionalization(Child)	discordant	classified	Subfunctionalization	discordant
TRD	Pbre1_06G412800	Pbre1_06G189000	Prupe.5G242300.1	76.7708325	0.3979439999999999	13.777290166666669	0.7584762073189669	0.7274825007371756	0.9357116682765646	0.3944194898035932	0.414877781552716	0.3943664210351908	Specialization	Specialization	Specialization	Specialization	classified	Conservation	discordant
TRD	Pbre1_16G029400	Pbre1_06G189200	Prupe.1G336000.1														missing_expression_record		discordant
TRD	Pbre1_12G099200	Pbre1_06G192200	Prupe.7G075800.1	21.6600755	0.4334931666666666	17.366720166666667	0.439972083282418	0.6521205648660718	0.6108382417273491	0.3239556922062898	0.4070778571685243	0.3207284685721161	Neofunctionalization(Child)	Neofunctionalization(Child)	Neofunctionalization(Child)	Neofunctionalization(Child)	classified	Neofunctionalization(Parent)	discordant
TRD	Pbre1_12G282200	Pbre1_06G199400	Prupe.6G277500.1	234.48932433333331	0.282156	346.0445476666667	0.68456526789501	0.8272872176478359	0.6536892169882003	0.286717013751353	0.6335183640213676	0.2861614176573671	Neofunctionalization(Child)	Neofunctionalization(Child)	Neofunctionalization(Child)	Neofunctionalization(Child)	classified	Neofunctionalization(Child)	Neofunctionalization(Child)
TRD	Pbre1_03G103000	Pbre1_06G199600	Prupe.6G056900.1	0.3855648333333333	0.3861255	9.256757666666669	0.7993337207117255	0.941332630677514	0.4968099808447807	0.6010297596566484	0.5833401204365402	0.3351240554004238	Subfunctionalization	Specialization	Specialization	discordant	classified	Neofunctionalization(Child)	discordant
TRD	Pbre1_15G130200	Pbre1_06G219600	Prupe.1G423800.1														missing_expression_record		discordant
TRD	Pbre1_14G264200	Pbre1_06G221600	Prupe.5G137400.1	59.11387466666667	0.3025695	19.2256455	0.4121500682665225	0.7538956970038014	0.7055241599063601	0.4477778925056215	0.4051804665708853	0.4464200017174795	Specialization	Specialization	Specialization	Specialization	classified	Neofunctionalization(Parent)	discordant
TRD	Pbre1_10G007400	Pbre1_06G243000	Prupe.8G006100.1	13.806041833333332	0.0	51.67069933333333	0.3089577943233288		0.1736302115714394								all_zero_expression_profile	Neofunctionalization(Child)	discordant
TRD	Pbre1_16G084400	Pbre1_06G243200	Prupe.1G306300.1	24.96899883333333	26.535847	28.305564	0.91391846120076	0.4599893336079913	0.7856340077152077	0.3060146364120445	0.3948527569314367	0.1836394938688257	Neofunctionalization(Child)	Conservation	Conservation	discordant	classified	Subfunctionalization	discordant
TRD	Pbre1_07G229400	Pbre1_06G246000	Prupe.2G171400.1	35.920708166666664	0.8598156666666668	42.0904255	0.4020680033319075	0.9754088294136456	0.6155402986490841	0.309690661614699	0.998821084315884	0.3087444330969954	Neofunctionalization(Child)	Neofunctionalization(Child)	Neofunctionalization(Child)	Neofunctionalization(Child)	classified		discordant
TRD	Pbre1_02G020400	Pbre1_06G255800	Prupe.7G261400.1	0.0	0.0783761666666666	12.563522166666669		0.6391085507090803	0.6223526766669621								all_zero_expression_profile	Neofunctionalization(Parent)	discordant
TRD	Pbre1_15G052400	Pbre1_06G256000	Prupe.1G382700.1														missing_expression_record		discordant
TRD	Pbre1_04G265600	Pbre1_06G256400	Prupe.6G285000.1	2.5770993333333334	0.0	4.9613293333333335	0.3679108597923032		0.7822276513085711								all_zero_expression_profile	Neofunctionalization(Child)	discordant
TRD	Pbre1_03G416800	Pbre1_06G259200	Prupe.4G154500.1	48.420982333333335	0.0518506666666666	87.008241	0.3425075363696772	0.9318045845222804	0.2384066802670729	0.1559575425115419	0.630441263717184	0.1554110953069137	Neofunctionalization(Child)	Neofunctionalization(Child)	Neofunctionalization(Child)	Neofunctionalization(Child)	classified	Neofunctionalization(Child)	Neofunctionalization(Child)
TRD	Pbre1_14G306800	Pbre1_06G269200	Prupe.5G161000.1	10.040346333333334	131.27177366666666	242.30356316666663	0.907130952455901	0.610546156833376	0.5071795527321713	0.6057163919309828	0.288470872916565	0.3016667193799734	Neofunctionalization(Parent)	Conservation	Conservation	discordant	classified	Neofunctionalization(Parent)	discordant
TRD	Pbre1_14G306400	Pbre1_06G269600	Prupe.5G160800.1	143.10113533333333	74.50690116666667	84.39080233333333	0.4166360547995317	0.5237683293617856	0.3443719906174489	0.206721767849239	0.1664719647615131	0.1869578222825406	Conservation	Conservation	Conservation	Conservation	classified	Conservation	Conservation
TRD	Pbre1_14G317000	Pbre1_06G276400	Prupe.5G165300.1	0.8764661666666667	0.222773	3.470232666666667	0.5101113454266383	0.5516155790229397	0.8750270675562815	0.5154576014530459	0.4776866136690907	0.5060479709271029	Specialization	Specialization	Specialization	Specialization	classified	Neofunctionalization(Child)	discordant
TRD	Pbre1_06G275000	Pbre1_06G307000	Prupe.5G164300.1	143.85097133333335	2.704796833333333	31.135424166666667	0.6648564929930418	0.9436701920059212	0.7981983654589772	0.4262844864213276	0.3310509642936051	0.4133653312646211	Neofunctionalization(Parent)	Neofunctionalization(Child)	Neofunctionalization(Child)	discordant	classified	Conservation	discordant
TRD	Pbre1_14G352000	Pbre1_06G314000	Prupe.5G184000.1	3.9408871666666654	0.0071113333333333	15.011847	0.9958955320506536	1.0	0.7220749582490505	0.6337695904770569	0.6558300923348638	0.6338091109492132	Specialization	Specialization	Specialization	Specialization	classified	Subfunctionalization	discordant
TRD	Pbre1_10G550800	Pbre1_06G323600	Prupe.4G023400.1	20.76420333333333	0.0074665	69.72168166666667	0.5011280435950379	1.0	0.4905514869262944	0.1073719384387098	0.7938403359173445	0.1070722158989005	Neofunctionalization(Child)	Neofunctionalization(Child)	Neofunctionalization(Child)	Neofunctionalization(Child)	classified	Specialization	discordant
TRD	Pbre1_14G364800	Pbre1_06G328400	Prupe.5G193000.1	0.3698523333333333	0.7324815	1.6208758333333333	0.3822642635781746	0.2303470430353663	0.7691110096007081	0.3810363750690378	0.3040201819625186	0.3222019534026527	Conservation	Specialization	Specialization	discordant	classified	Neofunctionalization(Child)	discordant
TRD	Pbre1_14G364800	Pbre1_06G328600	Prupe.5G193000.1	0.3698523333333333	1.5452683333333332	1.6208758333333333	0.3822642635781746	0.2695792709758639	0.7691110096007081	0.3810363750690378	0.3616698148093671	0.361086496122287	Conservation	Specialization	Specialization	discordant	classified	Conservation	discordant
TRD	Pbre1_14G368800	Pbre1_06G331200	Prupe.5G194300.1	87.1614385	1.661925833333333	132.2782645	0.7111722548022297	0.7443646305713814	0.8537826511594524	0.526414201122737	0.6553686841193148	0.5271469183697349	Specialization	Neofunctionalization(Child)	Neofunctionalization(Child)	discordant	classified	Neofunctionalization(Child)	discordant
TRD	Pbre1_14G368800	Pbre1_06G331400	Prupe.5G194300.1	87.1614385	0.8758318333333334	132.2782645	0.7111722548022297	0.6378886183214394	0.8537826511594524	0.526414201122737	0.611685416207864	0.5260289392987009	Specialization	Neofunctionalization(Child)	Neofunctionalization(Child)	discordant	classified	Neofunctionalization(Parent)	discordant
TRD	Pbre1_15G363200	Pbre1_06G342800	Prupe.7G215100.1	8.067410166666667	4.48275	13.894352666666666	0.3371450064418488	0.4084751850430017	0.4333010250811545	0.149790566935712	0.1319583123910007	0.1403981824101847	Conservation	Conservation	Conservation	Conservation	classified	Neofunctionalization(Child)	discordant
TRD	Pbre1_09G320200	Pbre1_06G347200	Prupe.3G047800.1														missing_expression_record		discordant
TRD	Pbre1_14G388200	Pbre1_06G350600	Prupe.5G206500.1	30.4635925	0.0066281666666666	13.4964105	0.4812237362614546	1.0	0.6132857224522166	0.1381274004385695	1.027332525030664	0.1383117355965397	Neofunctionalization(Child)	Neofunctionalization(Child)	Neofunctionalization(Child)	Neofunctionalization(Child)	classified	Neofunctionalization(Parent)	discordant
TRD	Pbre1_09G411800	Pbre1_06G357000	Prupe.3G134800.1	18.9226185	0.0097658333333333	116.35590433333334	0.1720428274326629	1.0	0.4476913348294152	0.1412752795809249	0.8084020279819365	0.1409297357418327	Neofunctionalization(Child)	Neofunctionalization(Child)	Neofunctionalization(Child)	Neofunctionalization(Child)	classified	Conservation	discordant
TRD	Pbre1_14G354600	Pbre1_06G378800	Prupe.5G185400.1	0.0109668333333333	1.1117608333333333	0.2067083333333333	0.8910243467236401	0.7966046909630776	0.9807287002750062	0.8578587631545861	0.5614737778815763	0.5601335438582685	Specialization	Specialization	Specialization	Specialization	classified	Neofunctionalization(Parent)	discordant
TRD	Pbre1_04G232800	Pbre1_06G379600	Prupe.6G268000.1	0.1536176666666666	3.771700333333333	0.5464698333333333	0.9581738135717732	0.5890081852733118	0.694320000987048	0.6821271380564264	0.3239938624150101	0.3035449144493485	Neofunctionalization(Parent)	Specialization	Specialization	discordant	classified	Conservation	discordant
TRD	Pbre1_05G223000	Pbre1_06G390600	Prupe.8G167300.1	20.333372	2.089804	77.27326783333334	0.4358823935049124	0.542477942234888	0.4119451247574582	0.1787930717453867	0.2470923021723292	0.1827137771903412	Conservation	Conservation	Conservation	Conservation	classified	Neofunctionalization(Child)	discordant
TRD	Pbre1_08G281800	Pbre1_06G396200	Prupe.1G501700.1	72.39654716666666	0.0	8.814698166666666	0.426208273553409		0.5074972697973166								all_zero_expression_profile	Conservation	discordant
TRD	Pbre1_06G388400	Pbre1_06G396800	Prupe.5G228400.1	4.780950333333333	1.8320166666666664	1.267555166666667	0.9595013243452104	0.9605511108284066	0.9852796628317486	1.237048432282592	1.206432012451392	1.2274361960211964	Specialization	Specialization	Specialization	Specialization	classified	Neofunctionalization(Child)	discordant
TRD	Pbre1_16G084400	Pbre1_06G402200	Prupe.1G306300.1	24.96899883333333	1.7703175	28.305564	0.91391846120076	0.7322030561656426	0.7856340077152077	0.3060146364120445	0.1400960335250576	0.28761541310148	Conservation	Neofunctionalization(Child)	Conservation	discordant	classified	Subfunctionalization	discordant
TRD	Pbre1_13G191400	Pbre1_06G402400	Prupe.1G234000.1	322.23446466666667	0.0086028333333333	1717.5886931666666	0.2270464203108273	1.0	0.3704675982966507	0.1891823616323768	0.8424186821999549	0.1891760909642058	Neofunctionalization(Child)	Neofunctionalization(Child)	Neofunctionalization(Child)	Neofunctionalization(Child)	classified	Conservation	discordant
TRD	Pbre1_11G117000	Pbre1_06G402600	Prupe.6G060600.1	24.219674666666663	0.2475445	67.93491733333333	0.8901628364135453	0.9345362547564876	0.8360726113030811	0.1496458205486157	0.2606086218257386	0.1506684245364216	Conservation	Neofunctionalization(Child)	Neofunctionalization(Child)	discordant	classified	Neofunctionalization(Child)	discordant
TRD	Pbre1_11G352800	Pbre1_06G416200	Prupe.4G214800.1	2.803579333333333	6.3329580000000005	5.620458833333333	0.4987913758073404	0.3896855356373432	0.6111161781486582	0.1429463731122341	0.2759690928823601	0.2314182065322754	Conservation	Conservation	Conservation	Conservation	classified	Neofunctionalization(Child)	discordant
TRD	Pbre1_16G208000	Pbre1_06G417600	Prupe.1G227200.1	6.562152333333333	0.0	11.455389833333331	0.3379908594823292		0.5267812826686802								all_zero_expression_profile	Neofunctionalization(Child)	discordant
TRD	Pbre1_08G127600	Pbre1_07G000200	Prupe.1G417600.1	10.283335833333334	0.0	23.4071045	0.301768184185519		0.2407132754903274								all_zero_expression_profile	Subfunctionalization	discordant
TRD	Pbre1_10G338600	Pbre1_07G001800	Prupe.8G231500.1	16.703083499999998	1.4538068333333334	23.701539166666667	0.4926268836861311	0.4860181670476194	0.4003694311976355	0.2154794605392543	0.1052442719488609	0.2038728981368983	Conservation	Neofunctionalization(Child)	Conservation	discordant	classified	Subfunctionalization	discordant
TRD	Pbre1_09G082800	Pbre1_07G003000	Prupe.3G269300.1	17.254015666666668	1.066731	47.30283583333333	0.886281269720285	0.6438555171636258	0.9622417029925826	0.8140282508268086	0.8825368192716652	0.8059275575898156	Specialization	Subfunctionalization	Subfunctionalization	discordant	classified	Subfunctionalization	discordant
TRD	Pbre1_05G014800	Pbre1_07G010400	Prupe.8G012700.1														missing_expression_record		discordant
TRD	Pbre1_13G131600	Pbre1_07G019200	Prupe.1G270800.1	8.657804333333333	27.122403166666665	81.892915	0.5116329283248158	0.3254023856685328	0.8271359228353182	0.2857632931907975	0.4240847431465568	0.3841542606853402	Neofunctionalization(Child)	Conservation	Conservation	discordant	classified	Subfunctionalization	discordant
TRD	Pbre1_02G494200	Pbre1_07G020200	Prupe.2G015000.1	15.236812666666667	1.9459681666666664	11.029555333333333	0.576740919368555	0.4329399096869856	0.4315544945104385	0.2508764773350023	0.2173535607752806	0.2328286162625737	Conservation	Conservation	Conservation	Conservation	classified	Conservation	Conservation
TRD	Pbre1_07G335000	Pbre1_07G020400	Prupe.2G236300.1	11.840438666666667	1.913309666666667	14.659677166666668	0.5758856655059982	0.7847226696295937	0.4279484344918559	0.1543318333319321	0.2910210369130942	0.1610043923791155	Conservation	Neofunctionalization(Child)	Conservation	discordant	classified	Subfunctionalization	discordant
TRD	Pbre1_09G285400	Pbre1_07G022000	Prupe.3G028100.1	31.54315983333333	0.4453716666666666	119.6439405	0.6030248725128093	0.7501561355812368	0.547054152790372	0.1626394256973943	0.5382652029101563	0.1625153855075182	Neofunctionalization(Child)	Neofunctionalization(Child)	Neofunctionalization(Child)	Neofunctionalization(Child)	classified	Subfunctionalization	discordant
TRD	Pbre1_13G440600	Pbre1_07G022400	Prupe.1G095200.1	27.922978666666666	10.129389666666668	26.6802865	0.3537289223532383	0.8257474656148622	0.4729312480715547	0.1333516281914561	0.3078580723580006	0.0720143377308608	Conservation	Neofunctionalization(Child)	Conservation	discordant	classified	Conservation	discordant
TRD	Pbre1_02G483200	Pbre1_07G027000	Prupe.2G020600.1	3.112474166666667	1.886122	3.3743131666666666	0.5426492528579155	0.8598030857435569	0.6578074546162764	0.3087801054534971	0.722019139167325	0.4073049665466284	Neofunctionalization(Child)	Specialization	Neofunctionalization(Child)	discordant	classified	Specialization	discordant
TRD	Pbre1_01G434000	Pbre1_07G039000	Prupe.2G329300.1	6.433078166666666	10.199645166666668	14.781729666666669	0.65785819367478	0.4910084111107945	0.378039637060032	0.2853015315072058	0.1468432235977185	0.1721637517236798	Conservation	Conservation	Conservation	Conservation	classified	Conservation	Conservation
TRD	Pbre1_07G512000	Pbre1_07G039400	Prupe.2G329400.1	10.385324833333334	8.7090395	26.05861383333333	0.1996911516612457	0.384034401755597	0.3619539047449057	0.0816244015698629	0.175195949849602	0.1168544148668153	Conservation	Conservation	Conservation	Conservation	classified	Conservation	Conservation
TRD	Pbre1_02G460000	Pbre1_07G046600	Prupe.2G034600.1	6.1379605	2.006330333333333	4.459353	0.314615182206699	0.3740417638536725	0.8570972363294622	0.4236796661222766	0.4360846053875907	0.4223983523277188	Specialization	Specialization	Conservation	Specialization	classified	Subfunctionalization	discordant
TRD	Pbre1_17G138400	Pbre1_07G050000	Prupe.3G239500.1	0.0	5.056353	3.821580833333333		0.4166254577660949	0.8857967485467944								all_zero_expression_profile	Specialization	discordant
TRD	Pbre1_12G129200	Pbre1_07G051400	Prupe.7G058200.1	3.1637688333333336	4.348883333333333	12.013176666666666	0.5977027012234503	0.5836383650175743	0.8736509873193781	0.4459739832734735	0.5404665660518251	0.4789119966725213	Specialization	Neofunctionalization(Parent)	Conservation	discordant	classified	Specialization	discordant
TRD	Pbre1_04G354200	Pbre1_07G056800	Prupe.6G332800.1	74.55443933333333	0.0	196.05462383333327	0.7390274304237063		0.6376281076490381								all_zero_expression_profile	Neofunctionalization(Child)	discordant
TRD	Pbre1_02G424600	Pbre1_07G075600	Prupe.2G058400.1	109.29561666666666	92.469567	159.32696033333332	0.4690499636480446	0.5359193619294906	0.3330802149751428	0.2208067654831576	0.2708829622220748	0.2336604719784314	Conservation	Conservation	Conservation	Conservation	classified	Subfunctionalization	discordant
TRD	Pbre1_04G166400	Pbre1_07G082400	Prupe.6G236600.1	16.5610465	7.748462833333333	37.53148983333333	0.3245717987472283	0.4884354634837963	0.5082092758056105	0.1578184526388514	0.2303716504650547	0.1752981071555313	Conservation	Conservation	Conservation	Conservation	classified	Conservation	Conservation
TRD	Pbre1_17G076400	Pbre1_07G084200	Prupe.3G273200.1	0.1084648333333333	0.0	0.0	0.9929760827346196										all_zero_expression_profile	Conservation	discordant
TRD	Pbre1_06G207800	Pbre1_07G085400	Prupe.5G128600.1	22.871031	1.0336195	44.216597	0.2470017918086544	0.4805299170286223	0.5082136383066885	0.2092231090110831	0.2060114310204697	0.2069026598368019	Conservation	Neofunctionalization(Child)	Neofunctionalization(Child)	discordant	classified	Subfunctionalization	discordant
TRD	Pbre1_13G242000	Pbre1_07G092600	Prupe.1G105700.1	11.978724333333332	18.711071	47.9113245	0.4034269808994962	0.4456714106040931	0.4010669960286657	0.0601154596664689	0.2283147950599244	0.1432327727162766	Conservation	Conservation	Conservation	Conservation	classified	Conservation	Conservation
TRD	Pbre1_02G255800	Pbre1_07G098800	Prupe.7G137400.1	7.511036	14.091270166666666	12.596848333333332	0.641599382746376	0.3780874874905138	0.8881898900309706	0.3663849263587551	0.4922330167068847	0.4186823337560376	Neofunctionalization(Child)	Conservation	Conservation	discordant	classified	Conservation	discordant
TRD	Pbre1_05G309400	Pbre1_07G099200	Prupe.8G207100.1	29.562940166666667	0.0	84.9594025	0.7646052417655559		0.6914326612091536								all_zero_expression_profile	Neofunctionalization(Child)	discordant
TRD	Pbre1_02G255800	Pbre1_07G102000	Prupe.7G137400.1	7.511036	13.447097333333334	12.596848333333332	0.641599382746376	0.4938867101666248	0.8881898900309706	0.3663849263587551	0.4438418636182586	0.3837123186995068	Neofunctionalization(Child)	Conservation	Conservation	discordant	classified	Specialization	discordant
TRD	Pbre1_05G309400	Pbre1_07G102400	Prupe.8G207100.1	29.562940166666667	0.0	84.9594025	0.7646052417655559		0.6914326612091536								all_zero_expression_profile	Subfunctionalization	discordant
TRD	Pbre1_17G195000	Pbre1_07G105200	Prupe.3G204300.1	0.032189	0.0	0.3671358333333333	0.7276107082146046		0.6863993993888968								all_zero_expression_profile	Subfunctionalization	discordant
TRD	Pbre1_07G466000	Pbre1_07G111600	Prupe.2G308200.1	16.323921833333333	1.5293093333333334	96.968626	0.6113659726566694	0.4697992473466542	0.7233707626500674	0.2437798092961403	0.4702765531607015	0.2474623186505628	Neofunctionalization(Child)	Neofunctionalization(Child)	Neofunctionalization(Child)	Neofunctionalization(Child)	classified	Conservation	discordant
TRD	Pbre1_02G387400	Pbre1_07G112600	Prupe.2G095400.1	7.0213555	0.2353093333333333	23.430165	0.2492252975506027	0.6182399551685916	0.3971552265566251	0.1194993546188642	0.3748894108661386	0.1258514103070254	Conservation	Neofunctionalization(Child)	Neofunctionalization(Child)	discordant	classified	Conservation	discordant
TRD	Pbre1_07G499400	Pbre1_07G112800	Prupe.2G323000.1	34.297747333333334	11.548114333333334	17.891915833333332	0.3224431525003995	0.4776600913966528	0.1547632508445147	0.0802505346924107	0.1952117760847485	0.0752803433195991	Conservation	Conservation	Conservation	Conservation	classified	Conservation	Conservation
TRD	Pbre1_02G386800	Pbre1_07G115800	Prupe.2G096300.1														missing_expression_record		discordant
TRD	Pbre1_16G070600	Pbre1_07G116400	Prupe.1G313700.1	20.323093	0.0	23.478466	0.5179163984620214		0.3544877752089378								all_zero_expression_profile	Conservation	discordant
TRD	Pbre1_02G372600	Pbre1_07G125600	Prupe.2G106500.1	2.3274293333333333	0.9623076666666668	4.226952333333333	0.5834669195566567	0.7492635524116097	0.5277731525547001	0.1279131009959323	0.3564915640834595	0.1838922392161447	Conservation	Neofunctionalization(Child)	Neofunctionalization(Child)	discordant	classified	Subfunctionalization	discordant
TRD	Pbre1_02G370800	Pbre1_07G126600	Prupe.2G107600.1	0.2711635	35.00775066666667	12.554176333333334	0.8804204670787005	0.9342368091043166	0.9116091462155628	0.8044443276268325	0.7228047515090833	0.7227553732455076	Specialization	Specialization	Specialization	Specialization	classified	Specialization	Specialization
TRD	Pbre1_08G201800	Pbre1_07G129400	Prupe.1G453900.1	2.6554426666666666	0.0671128333333333	3.1955180000000003	0.3652099922324552	0.8482310084562164	0.7288448396231075	0.2675502943477488	0.5942608244570563	0.2686831514296123	Neofunctionalization(Child)	Specialization	Neofunctionalization(Child)	discordant	classified	Specialization	discordant
TRD	Pbre1_08G201800	Pbre1_07G129600	Prupe.1G453900.1	2.6554426666666666	0.1496231666666666	3.1955180000000003	0.3652099922324552	0.7125010860593423	0.7288448396231075	0.2675502943477488	0.3542066044950362	0.2682365961135241	Conservation	Specialization	Neofunctionalization(Child)	discordant	classified	Conservation	discordant
TRD	Pbre1_16G374600	Pbre1_07G129800	Prupe.1G046200.1	6.068159	0.0285388333333333	1.7619766666666663	0.9213451784040976	0.6274867096860477	0.940426823309646	0.1226655341801258	0.5964517058979023	0.1226107120574987	Neofunctionalization(Child)	Specialization	Specialization	discordant	classified	Conservation	discordant
TRD	Pbre1_12G229400	Pbre1_07G133600	Prupe.6G249100.1	50.82374083333333	29.02697333333333	78.199386	0.316399201172635	0.3484774868890827	0.4113787908005639	0.1687475189081249	0.2224410527325568	0.1837167870585429	Conservation	Conservation	Conservation	Conservation	classified	Neofunctionalization(Child)	discordant
TRD	Pbre1_07G098200	Pbre1_07G136800	Prupe.2G086600.1	0.0	15.926997166666666	14.270316666666666		0.3303322592395161	0.603858845652092								all_zero_expression_profile	Subfunctionalization	discordant
TRD	Pbre1_09G439400	Pbre1_07G142200	Prupe.3G150500.1	9.237484166666666	0.0	58.93005516666666	0.2148110109211741		0.2651162871248934								all_zero_expression_profile	Subfunctionalization	discordant
TRD	Pbre1_08G132200	Pbre1_07G147800	Prupe.1G420200.1	13.901267833333334	0.755429	59.8567395	0.2633082742484309	0.6768584782456896	0.6854806561327098	0.2130887241606948	0.4487354773639716	0.2217738449091241	Neofunctionalization(Child)	Neofunctionalization(Child)	Neofunctionalization(Child)	Neofunctionalization(Child)	classified	Subfunctionalization	discordant
TRD	Pbre1_14G193400	Pbre1_07G148000	Prupe.5G100000.1	4.223021833333333	0.6387981666666667	18.063828666666662	0.3709560965315172	0.5547194524999053	0.3243408589505555	0.1053253872871538	0.2447445352571784	0.1068800228656636	Conservation	Neofunctionalization(Child)	Neofunctionalization(Child)	discordant	classified	Conservation	discordant
TRD	Pbre1_15G364200	Pbre1_07G150600	Prupe.7G214600.1	92.27424066666669	0.186448	362.59511	0.6256350080506425	0.7721870817239666	0.4429547439160366	0.2629875209480485	0.3977027886888594	0.262446519333783	Neofunctionalization(Child)	Neofunctionalization(Child)	Neofunctionalization(Child)	Neofunctionalization(Child)	classified	Conservation	discordant
TRD	Pbre1_02G346600	Pbre1_07G155800	Prupe.2G127400.1	45.599601	6.091114166666666	28.817328666666665	0.4239355296953697	0.4977161791564585	0.7655844020595097	0.2999382517646103	0.4831039266315829	0.3147064918049471	Neofunctionalization(Child)	Conservation	Conservation	discordant	classified	Subfunctionalization	discordant
TRD	Pbre1_07G193200	Pbre1_07G164000	Prupe.5G081500.1	0.0182008333333333	0.0950986666666666	24.337818833333333	0.9467064062717448	0.9900892482691134	0.6375856806433604	0.8694274567465999	0.7320464776510509	0.6009769386788865	Specialization	Specialization	Specialization	Specialization	classified	Conservation	discordant
TRD	Pbre1_10G123400	Pbre1_07G164800	Prupe.8G096700.1	0.09147	16.320826166666667	37.4279865	0.848964136545928	0.3660958036057462	0.5423966836596683	0.5733547725041155	0.1773688075125909	0.1780263482061062	Neofunctionalization(Parent)	Neofunctionalization(Parent)	Neofunctionalization(Parent)	Neofunctionalization(Parent)	classified	Neofunctionalization(Parent)	Neofunctionalization(Parent)
TRD	Pbre1_05G118200	Pbre1_07G165000	Prupe.8G096600.1	2.9388281666666667	0.0208788333333333	16.6910345	0.6152510863123812	0.809571152527582	0.4779366837883508	0.1495817754868363	0.7188256707357413	0.1494639866217201	Neofunctionalization(Child)	Neofunctionalization(Child)	Neofunctionalization(Child)	Neofunctionalization(Child)	classified	Conservation	discordant
TRD	Pbre1_02G010800	Pbre1_07G165400	Prupe.7G266900.1	148.1119855	0.0	281.589693	0.5287936844158702		0.5631633373102215								all_zero_expression_profile	Neofunctionalization(Child)	discordant
TRD	Pbre1_11G429800	Pbre1_07G172200	Prupe.4G166400.1	82.3906245	0.1789693333333333	116.24476383333334	0.4395493503371849	0.6811355125510378	0.5388486742003553	0.2328449855969713	0.3745804712109629	0.2327377016528601	Conservation	Neofunctionalization(Child)	Neofunctionalization(Child)	discordant	classified	Specialization	discordant
TRD	Pbre1_13G361600	Pbre1_07G173800	Prupe.1G039300.1	100.2174755	0.7576923333333333	650.6107948333333	0.4241918522842244	0.8900270995503636	0.6622915292489925	0.2542277204053071	0.316619261008039	0.2503904035975191	Conservation	Neofunctionalization(Child)	Neofunctionalization(Child)	discordant	classified	Neofunctionalization(Child)	discordant
TRD	Pbre1_17G024600	Pbre1_07G175000	Prupe.3G303400.1	29.80749433333333	0.0	23.010421666666662	0.8335652792786508		0.6698115006284977								all_zero_expression_profile	Conservation	discordant
TRD	Pbre1_05G217600	Pbre1_07G179600	Prupe.8G164700.1	27.086472166666667	0.0838075	58.484586166666666	0.2577458994592234	1.0	0.4074341736967357	0.1116835949462243	1.0374645814823518	0.1130521909264021	Neofunctionalization(Child)	Neofunctionalization(Child)	Neofunctionalization(Child)	Neofunctionalization(Child)	classified	Conservation	discordant
TRD	Pbre1_14G295000	Pbre1_07G181400	Prupe.5G153500.1	36.857818	0.0	56.15807016666667	0.3783606864594288		0.6879790245928117								all_zero_expression_profile	Conservation	discordant
TRD	Pbre1_15G219000	Pbre1_07G184200	Prupe.1G480300.1	2.863402333333333	0.0144241666666666	5.318231833333334	0.3062199712363754	0.9411467368546989	0.4169420796020192	0.158389180324169	0.7470771698902446	0.1583352836916768	Neofunctionalization(Child)	Neofunctionalization(Child)	Neofunctionalization(Child)	Neofunctionalization(Child)	classified	Subfunctionalization	discordant
TRD	Pbre1_08G125200	Pbre1_07G187800	Prupe.1G416400.1	3.2542323333333334	0.7584921666666666	9.080155666666666	0.9937707126205606	0.7235325126198182	0.9789257705276664	0.0934076906574478	1.0237187307022555	0.1579865165248958	Neofunctionalization(Child)	Specialization	Specialization	discordant	classified	Subfunctionalization	discordant
TRD	Pbre1_02G315600	Pbre1_07G196200	Prupe.2G147100.1	10.1477595	1.941361	15.052509833333334	0.5322069341108497	0.4197802448065353	0.8276117914320628	0.4817483368352038	0.3256271080848154	0.4535487942481621	Neofunctionalization(Parent)	Neofunctionalization(Child)	Neofunctionalization(Child)	discordant	classified	Neofunctionalization(Child)	discordant
TRD	Pbre1_06G286000	Pbre1_07G198800	Prupe.5G169700.1	14.3271455	0.0	3.286006833333333	0.8812207509603663		0.5327472491026068								all_zero_expression_profile	Subfunctionalization	discordant
TRD	Pbre1_01G120600	Pbre1_07G209200	Prupe.2G157700.1	21.2629615	0.0704985	20.705665	0.4413125166177646	0.9284672516834748	0.5163376166747291	0.1603018077734159	0.697625682010547	0.1618675026631	Neofunctionalization(Child)	Neofunctionalization(Child)	Neofunctionalization(Child)	Neofunctionalization(Child)	classified	Subfunctionalization	discordant
TRD	Pbre1_02G283000	Pbre1_07G212600	Prupe.6G223100.1	33.7085335	0.0	27.479816166666662	0.779667646168591		0.68820894016001								all_zero_expression_profile	Neofunctionalization(Child)	discordant
TRD	Pbre1_06G311000	Pbre1_07G222400	Prupe.5G183200.1	52.32322833333333	0.0	51.63563633333334	0.7980865481017044		0.5734054788271615								all_zero_expression_profile	Neofunctionalization(Child)	discordant
TRD	Pbre1_01G148200	Pbre1_07G228400	Prupe.2G172000.1	0.6762846666666666	0.0796736666666666	6.938334333333334	0.5444884929904654	0.5227188042361776	0.3674469192490625	0.283234228231022	0.1546662079732016	0.2445447893526469	Conservation	Specialization	Specialization	discordant	classified	Neofunctionalization(Child)	discordant
TRD	Pbre1_15G252600	Pbre1_07G229200	Prupe.7G271500.1	268.8238885	0.0078003333333333	191.3659008333333	0.4881530576421851	1.0	0.3038233121192456	0.2299074797382495	0.856602361303819	0.2298905896308686	Neofunctionalization(Child)	Neofunctionalization(Child)	Neofunctionalization(Child)	Neofunctionalization(Child)	classified	Conservation	discordant
TRD	Pbre1_11G206200	Pbre1_07G232600	Prupe.6G102800.1	8.787520166666667	0.0	21.676554166666666	0.570091047768852		0.4765344775859								all_zero_expression_profile	Conservation	discordant
TRD	Pbre1_16G288200	Pbre1_07G236000	Prupe.1G137300.1	3.6207586666666662	0.0	4.943110333333333	0.8552214436528967		0.9466044164844254								all_zero_expression_profile	Neofunctionalization(Child)	discordant
TRD	Pbre1_07G157200	Pbre1_07G241000	Prupe.2G127800.1	26.388585166666665	0.2018253333333333	71.08432933333333	0.1154609724652806	0.5621717569414634	0.4468542549551396	0.2040948229620768	0.2338103879747468	0.2022492131778017	Conservation	Neofunctionalization(Child)	Neofunctionalization(Child)	discordant	classified	Neofunctionalization(Parent)	discordant
TRD	Pbre1_01G166600	Pbre1_07G247200	Prupe.2G183800.1	7.024023833333333	0.980832	16.373851833333333	0.7187939586147538	0.9411292323338604	0.6136544885852159	0.1680868286857595	0.5260840794257826	0.0975825184595449	Neofunctionalization(Child)	Specialization	Neofunctionalization(Child)	discordant	classified	Neofunctionalization(Parent)	discordant
TRD	Pbre1_04G270600	Pbre1_07G251600	Prupe.6G288300.1	4.700297833333333	2.2208135	16.48779366666667	0.4649501298961939	0.3972835108512275	0.5100018825087179	0.2783623310953727	0.2737424635944335	0.2669552799863343	Conservation	Conservation	Conservation	Conservation	classified	Conservation	Conservation
TRD	Pbre1_14G145400	Pbre1_07G257400	Prupe.7G047300.1	179.1431545	235.4126643333333	472.94165583333336	0.672894377154027	0.6018387632340977	0.4755848374859818	0.1725451321475019	0.2462269392892025	0.1581037927815816	Conservation	Conservation	Conservation	Conservation	classified	Conservation	Conservation
TRD	Pbre1_12G143600	Pbre1_07G257600	Prupe.7G047400.1	17.398046166666667	0.0	12.5391915	0.656951077216105		0.5182926806063237								all_zero_expression_profile	Conservation	discordant
TRD	Pbre1_12G142000	Pbre1_07G257800	Prupe.7G048100.1	1.6678203333333337	0.3492266666666667	8.206359333333333	0.8217175224364801	0.8905354073006327	0.90156887372851	0.2861319363337546	0.0372978974884827	0.242851371751106	Conservation	Neofunctionalization(Child)	Neofunctionalization(Child)	discordant	classified	Neofunctionalization(Child)	discordant
TRD	Pbre1_15G194000	Pbre1_07G266200	Prupe.1G461400.1	4.594173666666666	16.968259333333332	15.394911166666668	0.8777970539486019	0.5219971914804888	0.8735913603159435	0.7807615662317487	0.6514870024539074	0.642734874732832	Specialization	Specialization	Conservation	Specialization	classified	Neofunctionalization(Child)	discordant
TRD	Pbre1_09G133800	Pbre1_07G267000	Prupe.3G242000.1	8.096162333333334	0.0	28.27706333333333	0.5226696092914102		0.4502531232975602								all_zero_expression_profile	Neofunctionalization(Child)	discordant
TRD	Pbre1_17G036800	Pbre1_07G273200	Prupe.3G295800.1	29.8700335	14.774819666666666	192.483398	0.7905946315050852	0.5598122641896743	0.8043733844227836	0.0745598105188341	0.2632380194729436	0.1275486409349343	Conservation	Conservation	Conservation	Conservation	classified	Subfunctionalization	discordant
TRD	Pbre1_15G565600	Pbre1_07G274000	Prupe.6G192700.1	285.4909375	0.0	938.3929011666668	0.3232327614411468		0.3442239881522885								all_zero_expression_profile	Conservation	discordant
TRD	Pbre1_06G029000	Pbre1_07G280200	Prupe.5G019400.1	2.142707666666667	0.0	7.177323333333334	0.6639382356583496		0.7260132562160905								all_zero_expression_profile	Subfunctionalization	discordant
TRD	Pbre1_15G539000	Pbre1_07G287000	Prupe.6G213300.1	23.109962	0.4380568333333333	77.58064683333333	0.4334864907161661	0.9719289461672892	0.3923367769318121	0.1749099222834587	0.9272503693957848	0.1763356051475227	Neofunctionalization(Child)	Neofunctionalization(Child)	Neofunctionalization(Child)	Neofunctionalization(Child)	classified	Subfunctionalization	discordant
TRD	Pbre1_08G201800	Pbre1_07G288400	Prupe.1G453900.1	2.6554426666666666	0.0225541666666666	3.1955180000000003	0.3652099922324552	0.5423642327785202	0.7288448396231075	0.2675502943477488	0.4664169766786337	0.2683352022893406	Neofunctionalization(Child)	Specialization	Neofunctionalization(Child)	discordant	classified	Neofunctionalization(Child)	discordant
TRD	Pbre1_16G374600	Pbre1_07G288600	Prupe.1G046200.1	6.068159	0.1374253333333333	1.7619766666666663	0.9213451784040976	0.9027200571087608	0.940426823309646	0.1226655341801258	0.274258546530772	0.1224357821001799	Conservation	Specialization	Specialization	discordant	classified	Subfunctionalization	discordant
TRD	Pbre1_09G149200	Pbre1_07G289600	Prupe.3G233900.1	2.6730626666666666	0.0	2.934273	0.8602052301278057		0.9122987696376958								all_zero_expression_profile	Subfunctionalization	discordant
TRD	Pbre1_09G276400	Pbre1_07G290000	Prupe.3G023000.1	8.0405925	0.0	4.363239	0.6523968245896571		0.7244340201970954								all_zero_expression_profile	Neofunctionalization(Parent)	discordant
TRD	Pbre1_06G079200	Pbre1_07G306600	Prupe.5G055100.1	18.1913385	0.0	14.824098	0.3056878785378507		0.7184002703836697								all_zero_expression_profile	Neofunctionalization(Child)	discordant
TRD	Pbre1_01G280200	Pbre1_07G328800	Prupe.2G248400.1	3.2494665	0.2331191666666666	2.773644833333333	0.964870405740516	0.7727229266042575	0.7071991772571903	0.7319636630145646	0.4471138043928759	0.7083753774502661	Specialization	Specialization	Specialization	Specialization	classified	Neofunctionalization(Child)	discordant
TRD	Pbre1_04G267600	Pbre1_07G333200	Prupe.6G286400.1	1.1068013333333333	0.0	4.213412	0.5074845141510418		0.3279018756141528								all_zero_expression_profile	Conservation	discordant
TRD	Pbre1_17G382000	Pbre1_07G334600	Prupe.3G090200.1	2.5885985	0.0	23.499141166666668	0.7590690183604953		0.5807341958688982								all_zero_expression_profile	Conservation	discordant
TRD	Pbre1_01G266600	Pbre1_07G338000	Prupe.2G241200.1	4.111214833333333	0.2940695	10.518601666666664	0.302798053727098	0.7340495232662698	0.7054711006125545	0.2840814979969689	0.4292741543511648	0.2835400530829289	Neofunctionalization(Child)	Neofunctionalization(Child)	Neofunctionalization(Child)	Neofunctionalization(Child)	classified	Subfunctionalization	discordant
TRD	Pbre1_07G492200	Pbre1_07G350200	Prupe.2G319800.1	7.710635666666667	0.2259551666666666	10.830733	0.4607867897223642	0.8926919384763246	0.9203847775176348	0.4959336336060961	0.7269172859208909	0.4978675069107106	Specialization	Neofunctionalization(Child)	Neofunctionalization(Child)	discordant	classified	Subfunctionalization	discordant
TRD	Pbre1_12G417600	Pbre1_07G367600	Prupe.6G353600.1	13.819253	1.9584885	21.90648983333333	0.2999914194978209	0.8018655947140072	0.6178004132481064	0.2213792924132272	0.2337724581165823	0.1766604049872792	Conservation	Neofunctionalization(Child)	Neofunctionalization(Child)	discordant	classified	Subfunctionalization	discordant
TRD	Pbre1_01G293200	Pbre1_07G371600	Prupe.2G256400.1	14.9143215	1.3972061666666666	29.271601166666667	0.1493947914661005	0.4952778731662127	0.4338666717384635	0.1298582745908931	0.2755685666402687	0.1320402045088086	Conservation	Neofunctionalization(Child)	Neofunctionalization(Child)	discordant	classified	Subfunctionalization	discordant
TRD	Pbre1_11G007400	Pbre1_07G377200	Prupe.6G003900.1	0.9106841666666666	0.3850955	137.646116	0.7000489510745447	0.5198335624523486	0.4394568891184202	0.4173141270961997	0.1046879497150393	0.2841089387165347	Neofunctionalization(Parent)	Specialization	Specialization	discordant	classified	Specialization	discordant
TRD	Pbre1_01G310200	Pbre1_07G386800	Prupe.2G265500.1	11.226091833333331	0.0418858333333333	10.000799166666669	0.1490279610168643	0.8191360223079313	0.3801737728762767	0.1120091956491737	0.4965694233536317	0.112092339152062	Neofunctionalization(Child)	Neofunctionalization(Child)	Neofunctionalization(Child)	Neofunctionalization(Child)	classified	Subfunctionalization	discordant
TRD	Pbre1_01G310200	Pbre1_07G387000	Prupe.2G265500.1	11.226091833333331	0.0	10.000799166666669	0.1490279610168643		0.3801737728762767								all_zero_expression_profile	Subfunctionalization	discordant
TRD	Pbre1_12G263200	Pbre1_07G401800	Prupe.6G265500.1	1.1785673333333333	2.079178833333333	12.173542	0.8620124619510914	0.791038601796207	0.4273403838372619	0.6539819334224767	0.5486194635524062	0.5317082694473477	Specialization	Specialization	Specialization	Specialization	classified	Subfunctionalization	discordant
TRD	Pbre1_01G333200	Pbre1_07G409000	Prupe.2G277200.1	15.609665666666666	118.74332816666669	80.99978816666666	0.5450047922814372	0.7318963717758992	0.9061055865368044	0.6856930003031867	0.6138428464066193	0.6180681872586037	Specialization	Conservation	Conservation	discordant	classified	Subfunctionalization	discordant
TRD	Pbre1_01G341400	Pbre1_07G417800	Prupe.2G282700.1	4.644182666666667	1.1521511666666666	9.083672666666669	0.4884805876392153	0.9703171546454504	0.803139392372311	0.4207547902761385	0.9301524581595012	0.453760343658079	Specialization	Neofunctionalization(Child)	Neofunctionalization(Child)	discordant	classified	Conservation	discordant
TRD	Pbre1_01G352000	Pbre1_07G426400	Prupe.2G288100.1	0.5992845	0.6922501666666666	1.5808043333333333	0.3386331514318156	0.5982652775172056	0.850580706101485	0.5059532326657433	0.4755156074077832	0.4739766911992027	Specialization	Specialization	Specialization	Specialization	classified	Conservation	discordant
TRD	Pbre1_01G352400	Pbre1_07G427000	Prupe.2G288400.1	0.0283623333333333	0.0121211666666666	0.1669508333333333	0.967520269947199	0.8638689251958496	0.9576468368073996	0.197117171323594	0.7373752359761656	0.2611075869102511	Neofunctionalization(Child)	Conservation	Specialization	discordant	classified	Subfunctionalization	discordant
TRD	Pbre1_13G092400	Pbre1_07G431200	Prupe.1G298700.1	11.8383825	0.0	12.958776	0.4789610687289464		0.6716541715164666								all_zero_expression_profile	Subfunctionalization	discordant
TRD	Pbre1_01G358200	Pbre1_07G432800	Prupe.2G290800.1	5.2321775	0.0208496666666666	0.4787831666666666	0.9923936327081094	0.7114885973133396	0.7088429500550537	0.8572397052912533	0.6433390726169353	0.8535727262654761	Specialization	Specialization	Specialization	Specialization	classified	Specialization	Specialization
TRD	Pbre1_01G360200	Pbre1_07G434200	Prupe.2G291500.1	1.614183666666667	0.0	4.8970918333333335	0.535937536961012		0.4375142840126881								all_zero_expression_profile	Specialization	discordant
TRD	Pbre1_01G363800	Pbre1_07G438400	Prupe.2G293600.1														missing_expression_record		discordant
TRD	Pbre1_07G498800	Pbre1_07G442600	Prupe.2G322700.1	25.587701	4.733954333333333	54.5124565	0.3374419073584208	0.8508269735937504	0.4544735605273642	0.1661764011961472	0.4465046081750529	0.1670838459335504	Neofunctionalization(Child)	Neofunctionalization(Child)	Conservation	Neofunctionalization(Child)	classified	Subfunctionalization	discordant
TRD	Pbre1_07G448200	Pbre1_07G442800	Prupe.2G298500.1	13.2985415	5.963756333333333	27.93690833333333	0.1629103744512115	0.8408884620267489	0.4236165897832032	0.1186917969565447	0.475803563492095	0.1645980442706231	Neofunctionalization(Child)	Neofunctionalization(Child)	Conservation	Neofunctionalization(Child)	classified	Subfunctionalization	discordant
TRD	Pbre1_07G448200	Pbre1_07G443000	Prupe.2G298500.1	13.2985415	7.931200833333333	27.93690833333333	0.1629103744512115	0.8177894176307495	0.4236165897832032	0.1186917969565447	0.4383772891249231	0.1748147131693366	Neofunctionalization(Child)	Conservation	Conservation	discordant	classified	Subfunctionalization	discordant
TRD	Pbre1_07G448200	Pbre1_07G443200	Prupe.2G298500.1	13.2985415	5.544622333333334	27.93690833333333	0.1629103744512115	0.8103975316703853	0.4236165897832032	0.1186917969565447	0.4274254327645158	0.14449223580917	Neofunctionalization(Child)	Neofunctionalization(Child)	Conservation	Neofunctionalization(Child)	classified	Specialization	discordant
TRD	Pbre1_04G136600	Pbre1_07G450600	Prupe.5G076000.1	20.799489333333334	1.0754306666666666	36.49623983333333	0.4807971614072851	0.4343395857003432	0.6102181453473484	0.1851268943681944	0.3666669210238855	0.1871322607058724	Conservation	Neofunctionalization(Child)	Neofunctionalization(Child)	discordant	classified	Conservation	discordant
TRD	Pbre1_13G463000	Pbre1_07G457400	Prupe.1G099000.1	106.52171416666668	0.0047086666666666	152.3438415	0.5173668126242641	1.0	0.4281829492295512	0.1283921630543946	0.9907935334698816	0.1283969677848822	Neofunctionalization(Child)	Neofunctionalization(Child)	Neofunctionalization(Child)	Neofunctionalization(Child)	classified	Subfunctionalization	discordant
TRD	Pbre1_16G330800	Pbre1_07G470800	Prupe.1G014100.1	13.156691666666667	0.120449	57.36308683333333	0.7190800544070878	0.8549447821125558	0.1914492710326754	0.244428799808026	0.5741911695191813	0.2397904968888025	Neofunctionalization(Child)	Neofunctionalization(Child)	Neofunctionalization(Child)	Neofunctionalization(Child)	classified	Conservation	discordant
TRD	Pbre1_13G324000	Pbre1_07G471000	Prupe.1G014100.1	35.74858333333333	0.1237798333333333	57.36308683333333	0.5584562355821718	0.8738709542848737	0.1914492710326754	0.1892609512578877	0.5145689163407232	0.1879157107952818	Neofunctionalization(Child)	Neofunctionalization(Child)	Neofunctionalization(Child)	Neofunctionalization(Child)	classified	Conservation	discordant
TRD	Pbre1_13G324000	Pbre1_07G471200	Prupe.1G014100.1	35.74858333333333	0.0984201666666666	57.36308683333333	0.5584562355821718	0.860284304024668	0.1914492710326754	0.1892609512578877	0.5170407335531829	0.1878172643220987	Neofunctionalization(Child)	Neofunctionalization(Child)	Neofunctionalization(Child)	Neofunctionalization(Child)	classified	Conservation	discordant
TRD	Pbre1_16G377400	Pbre1_07G472600	Prupe.1G048100.1	6.973936	1.4515296666666668	8.989886666666667	0.4200628574267074	0.8843995306494735	0.6755930653940483	0.2543357976800004	0.7103340425530204	0.2834195350979608	Neofunctionalization(Child)	Neofunctionalization(Child)	Neofunctionalization(Child)	Neofunctionalization(Child)	classified	Subfunctionalization	discordant
TRD	Pbre1_16G353200	Pbre1_07G475600	Prupe.1G031300.1	0.2043403333333333	5.615856666666667	2.0183283333333333	0.5812275097026864	0.517541697988493	0.917989847143598	0.830332516090588	0.6119924483661984	0.6183891876795634	Specialization	Specialization	Specialization	Specialization	classified	Neofunctionalization(Parent)	discordant
TRD	Pbre1_03G101800	Pbre1_07G475800	Prupe.6G056400.1	19.282403833333333	0.0	14.062182833333337	0.5854523721486763		0.4411814004082648								all_zero_expression_profile	Neofunctionalization(Child)	discordant
TRD	Pbre1_01G403200	Pbre1_07G477400	Prupe.2G313100.1	27.943303	0.330223	37.221959	0.4750279280594808	0.7988885784736478	0.7461169233903391	0.2761934080019585	0.568993522988938	0.2771958458332634	Neofunctionalization(Child)	Neofunctionalization(Child)	Neofunctionalization(Child)	Neofunctionalization(Child)	classified	Subfunctionalization	discordant
TRD	Pbre1_01G403400	Pbre1_07G477800	Prupe.2G313200.1	7.7969755	1.815923	10.9095255	0.3137087979957502	0.5712551712357818	0.4069906463592037	0.1884992630003738	0.1648040153483371	0.1643525639154164	Conservation	Neofunctionalization(Child)	Conservation	discordant	classified	Subfunctionalization	discordant
TRD	Pbre1_12G437800	Pbre1_07G491000	Prupe.6G364600.1	48.383836333333335	9.022347666666668	74.496942	0.1712408168560669	0.559910897998037	0.2728703767312522	0.0776049688976889	0.2305286945551139	0.0932701717517274	Conservation	Conservation	Conservation	Conservation	classified	Subfunctionalization	discordant
TRD	Pbre1_15G218200	Pbre1_08G001000	Prupe.1G479900.1	51.26989516666666	0.172138	161.90099	0.4930885824300166	0.797898445636199	0.3476036819399726	0.1558234256453577	0.3913502470581091	0.154858727450364	Conservation	Neofunctionalization(Child)	Neofunctionalization(Child)	discordant	classified	Subfunctionalization	discordant
TRD	Pbre1_15G002200	Pbre1_08G004200	Prupe.1G354600.1	0.3127463333333333	10.356994666666669	11.196600666666669	0.4744279745805146	0.4015194549585593	0.4461215203612355	0.1998889490749911	0.1483715266244961	0.1464057367154102	Conservation	Neofunctionalization(Parent)	Neofunctionalization(Parent)	discordant	classified	Conservation	discordant
TRD	Pbre1_15G034400	Pbre1_08G039800	Prupe.1G371900.1														missing_expression_record		discordant
TRD	Pbre1_15G035400	Pbre1_08G040600	Prupe.1G372200.1	13.576979166666666	0.964729	11.450997166666667	0.3811733818922058	0.5687168592312105	0.6060622964784289	0.235839656183921	0.270371435025166	0.2361201544101559	Conservation	Neofunctionalization(Child)	Neofunctionalization(Child)	discordant	classified	Subfunctionalization	discordant
TRD	Pbre1_15G038600	Pbre1_08G044600	Prupe.1G373900.1	28.817011166666667	0.0	45.471748833333336	0.5647115054955839		0.4456876903299068								all_zero_expression_profile	Subfunctionalization	discordant
TRD	Pbre1_15G038800	Pbre1_08G048000	Prupe.1G374000.1	2.895003833333333	0.0193381666666666	4.3931515	0.6791119365075176	0.9693237507331088	0.992762032338559	0.70520903807513	1.197529465695847	0.7074597410809792	Specialization	Specialization	Specialization	Specialization	classified	Neofunctionalization(Parent)	discordant
TRD	Pbre1_15G046000	Pbre1_08G051800	Prupe.1G377700.1	5.926064666666667	3.1546271666666668	14.763421333333334	0.8890048232327551	0.5739768496201	0.7635938331219961	0.7801446396261714	0.3902539576515748	0.5777473656551426	Neofunctionalization(Parent)	Subfunctionalization	Neofunctionalization(Child)	discordant	classified	Specialization	discordant
TRD	Pbre1_13G310000	Pbre1_08G067400	Prupe.1G151200.1	8.581664	0.2546523333333333	27.677722	0.3290325559916878	0.9408531972849112	0.2921479173923279	0.0826170492905378	0.7006741034353804	0.078562029960945	Neofunctionalization(Child)	Neofunctionalization(Child)	Neofunctionalization(Child)	Neofunctionalization(Child)	classified	Conservation	discordant
TRD	Pbre1_14G167600	Pbre1_08G072000	Prupe.7G021100.1	29.8654945	0.0266013333333333	20.40896683333333	0.4107242514667802	1.0	0.6522397843989671	0.3616687913378634	0.7040568768190123	0.3609747119541213	Neofunctionalization(Child)	Neofunctionalization(Child)	Neofunctionalization(Child)	Neofunctionalization(Child)	classified	Conservation	discordant
TRD	Pbre1_14G380800	Pbre1_08G073800	Prupe.5G201600.1	23.436901833333334	2.2031341666666666	30.019471333333332	0.3257624532915984	0.4885341105266911	0.5199071097276254	0.2191235191259885	0.3251538467135424	0.2148237122455158	Conservation	Neofunctionalization(Child)	Neofunctionalization(Child)	discordant	classified	Subfunctionalization	discordant
TRD	Pbre1_06G341600	Pbre1_08G074000	Prupe.5G201700.1	12.0185615	12.459842833333331	20.77312983333333	0.218842145501546	0.3692803533603261	0.4564572627414595	0.0980534532757014	0.1478076370677203	0.1137598370251893	Conservation	Conservation	Conservation	Conservation	classified	Specialization	discordant
TRD	Pbre1_05G292200	Pbre1_08G084600	Prupe.8G199600.1	101.72458016666668	0.18836	49.37181183333333	0.1405424795529149	0.8057654741307138	0.5314329961367648	0.2247245650587871	0.3908331948338633	0.2241953695794446	Conservation	Neofunctionalization(Child)	Neofunctionalization(Child)	discordant	classified	Specialization	discordant
TRD	Pbre1_15G106000	Pbre1_08G105600	Prupe.1G410800.1	17.467946166666668	27.184252666666666	59.61068483333334	0.3828002262105269	0.2734947134322619	0.5732778915688587	0.2510087984109588	0.1944330527642403	0.2099568457196302	Conservation	Conservation	Conservation	Conservation	classified	Subfunctionalization	discordant
TRD	Pbre1_15G101200	Pbre1_08G111000	Prupe.1G408500.1	20.6181475	39.50629933333333	19.100089666666666	0.5555676479958017	0.7353079075414892	0.4451636989202663	0.208433767895782	0.2593528268271178	0.1517249501347283	Conservation	Conservation	Conservation	Conservation	classified	Subfunctionalization	discordant
TRD	Pbre1_09G270800	Pbre1_08G112000	Prupe.3G019200.1	10.328999333333334	1.0620691666666666	47.06823833333333	0.3072701795680039	0.5073175848567658	0.5205932052928449	0.1348043017616103	0.2510671354266956	0.1304506628051041	Conservation	Neofunctionalization(Child)	Neofunctionalization(Child)	discordant	classified	Conservation	discordant
TRD	Pbre1_14G039400	Pbre1_08G112800	Prupe.7G110600.1	70.85542866666667	0.150846	51.30001833333333	0.3368821508458891	0.6874225181015271	0.2611771004889075	0.1336331147860043	0.3829351065619036	0.1336984115510064	Conservation	Neofunctionalization(Child)	Neofunctionalization(Child)	discordant	classified	Conservation	discordant
TRD	Pbre1_15G099000	Pbre1_08G114200	Prupe.1G407400.1	17.25560683333333	0.0	19.8419565	0.3689328684240955		0.7277078078597436								all_zero_expression_profile	Subfunctionalization	discordant
TRD	Pbre1_15G115000	Pbre1_08G124800	Prupe.1G416200.1	34.548723	27.182389666666666	105.9891325	0.5690819268572744	0.4128877289907808	0.3261698424157104	0.1530003314267016	0.1336761627666965	0.1389497760557892	Conservation	Conservation	Conservation	Conservation	classified	Subfunctionalization	discordant
TRD	Pbre1_15G116800	Pbre1_08G126800	Prupe.1G417200.1	0.4631726666666667	0.0074164999999999	0.3516716666666666	0.743886824999405	1.0	0.933255881718996	0.3885453996458328	1.2142004369602029	0.3980166722535243	Neofunctionalization(Child)	Neofunctionalization(Child)	Specialization	Neofunctionalization(Child)	classified	Neofunctionalization(Child)	Neofunctionalization(Child)
TRD	Pbre1_08G254600	Pbre1_08G132800	Prupe.1G484000.1														missing_expression_record		discordant
TRD	Pbre1_09G087800	Pbre1_08G133000	Prupe.3G266700.1	7.800555666666667	0.0042596666666666	48.5524815	0.2664935547766695	1.0	0.4756998146229405	0.1558049593801179	0.9368843245070312	0.1558189636876149	Neofunctionalization(Child)	Neofunctionalization(Child)	Neofunctionalization(Child)	Neofunctionalization(Child)	classified	Conservation	discordant
TRD	Pbre1_01G322600	Pbre1_08G136800	Prupe.2G273300.1	1.852072	0.0	9.5719505	0.7961969422700721		0.698586182429769								all_zero_expression_profile	Conservation	discordant
TRD	Pbre1_15G132200	Pbre1_08G142800	Prupe.1G425000.1	0.6146346666666667	0.8607226666666666	12.741474166666666	0.6711955789189918	0.3949386071504567	0.4731279767618023	0.456660811689061	0.1362816065799985	0.2358339892306945	Neofunctionalization(Parent)	Specialization	Specialization	discordant	classified	Conservation	discordant
TRD	Pbre1_08G158600	Pbre1_08G161600	Prupe.1G433000.1	14.540184333333334	1.7731185	20.8667025	0.3916042999545538	0.6443086445547139	0.8226494370463702	0.5060836818192924	0.3710181943664437	0.4758870296265045	Neofunctionalization(Parent)	Neofunctionalization(Child)	Neofunctionalization(Child)	discordant	classified	Subfunctionalization	discordant
TRD	Pbre1_15G147600	Pbre1_08G171000	Prupe.1G433800.1	9.3374965	0.0259743333333333	7.124614333333334	0.4432531791482776	0.8240099398062704	0.5325959068662502	0.2607834940513586	0.513235532580853	0.2605659504416487	Neofunctionalization(Child)	Neofunctionalization(Child)	Neofunctionalization(Child)	Neofunctionalization(Child)	classified	Conservation	discordant
TRD	Pbre1_13G402800	Pbre1_08G171400	Prupe.1G071300.1	1.2116971666666667	0.6588468333333334	1.3405453333333333	0.9420167642300166	0.936902043443218	0.5744957173497496	0.5724874789275619	0.5572637412008581	0.5670837838065086	Specialization	Specialization	Specialization	Specialization	classified	Neofunctionalization(Parent)	discordant
TRD	Pbre1_08G186000	Pbre1_08G176200	Prupe.1G444800.1	0.9086543333333332	0.0502713333333333	1.384731333333333	0.8658384430753088	0.8348108238997518	0.932371746244344	0.3012550707442321	0.8769529413938416	0.323712936881075	Neofunctionalization(Child)	Specialization	Specialization	discordant	classified	Neofunctionalization(Child)	discordant
TRD	Pbre1_11G042800	Pbre1_08G176400	Prupe.6G022800.1	10.168218833333333	0.0	16.638242333333334	0.7816968830821739		0.6509643745536792								all_zero_expression_profile	Neofunctionalization(Child)	discordant
TRD	Pbre1_08G185800	Pbre1_08G177000	Prupe.1G444700.1	37.14994266666667	0.1362243333333333	4.1371105	0.9469523048633424	0.7297731267205348	0.7281254580180315	0.8595372359217244	0.3935514039616292	0.8575921851750764	Specialization	Specialization	Specialization	Specialization	classified	Neofunctionalization(Parent)	discordant
TRD	Pbre1_08G185400	Pbre1_08G177200	Prupe.1G444600.1	11.8115215	1.7917731666666668	46.579530166666665	0.3717323756928806	0.8817373384875993	0.6882257527314564	0.1864253288644974	0.7088411929870857	0.2416334443673611	Neofunctionalization(Child)	Neofunctionalization(Child)	Neofunctionalization(Child)	Neofunctionalization(Child)	classified	Neofunctionalization(Child)	Neofunctionalization(Child)
TRD	Pbre1_04G204000	Pbre1_08G179400	Prupe.6G253500.1	54.35557933333333	6.782918166666667	100.48781016666666	0.6781122844182684	0.5016994877986821	0.6971296435478169	0.4458661184368298	0.1988198151082055	0.4160836222613855	Neofunctionalization(Parent)	Conservation	Conservation	discordant	classified	Neofunctionalization(Parent)	discordant
TRD	Pbre1_08G181800	Pbre1_08G184000	Prupe.1G443500.1	7.107549333333333	0.0	6.50181	0.3524825956568139		0.5991022313902936								all_zero_expression_profile	Subfunctionalization	discordant
TRD	Pbre1_14G006800	Pbre1_08G186200	Prupe.7G005900.1	51.014483166666665	10.063614	75.73186866666667	0.1589013602530811	0.363806198726481	0.2378534960266169	0.0979851752517571	0.1357037732835246	0.0945756091691024	Conservation	Conservation	Conservation	Conservation	classified	Specialization	discordant
TRD	Pbre1_15G167800	Pbre1_08G190400	Prupe.1G447200.1	11.054589666666669	2.9125746666666665	13.067522166666668	0.3367599928002097	0.5044639335486554	0.4801028448996353	0.1955966997526465	0.2865939337590056	0.1914983572702541	Conservation	Neofunctionalization(Child)	Neofunctionalization(Child)	discordant	classified	Subfunctionalization	discordant
TRD	Pbre1_07G222800	Pbre1_08G200800	Prupe.2G175700.1														missing_expression_record		discordant
TRD	Pbre1_09G406200	Pbre1_08G206400	Prupe.3G121900.1	0.00303	0.0447556666666666	0.0	1.0	1.0									all_zero_expression_profile	Subfunctionalization	discordant
TRD	Pbre1_05G199400	Pbre1_08G222200	Prupe.8G153900.1	0.4693746666666666	0.0070208333333333	13.333713333333334	0.9742289306239984	1.0	0.8934015395824482	1.1076406807993575	0.4621609404425679	1.0893431922915775	Specialization	Specialization	Specialization	Specialization	classified	Neofunctionalization(Child)	discordant
TRD	Pbre1_08G219200	Pbre1_08G224200	Prupe.1G463700.1	10.372720166666667	0.6176881666666667	10.975012666666666	0.3770081167479822	0.7055359764757523	0.4876888710790278	0.1808685099733547	0.4010826689765847	0.1701606423070141	Neofunctionalization(Child)	Neofunctionalization(Child)	Neofunctionalization(Child)	Neofunctionalization(Child)	classified	Neofunctionalization(Child)	Neofunctionalization(Child)
TRD	Pbre1_04G138600	Pbre1_08G227200	Prupe.5G075200.1	12.941536	0.0	25.405695	0.2594337746266708		0.624494089285961								all_zero_expression_profile	Conservation	discordant
TRD	Pbre1_04G138600	Pbre1_08G227400	Prupe.5G075200.1	12.941536	0.0	25.405695	0.2594337746266708		0.624494089285961								all_zero_expression_profile	Specialization	discordant
TRD	Pbre1_06G109400	Pbre1_08G227600	Prupe.5G075100.1	20.9134265	30.62536483333333	40.32362833333333	0.6398976599204349	0.293625165617989	0.4076029277996251	0.2042930672398372	0.1458243856773244	0.1428418752928999	Conservation	Conservation	Conservation	Conservation	classified	Neofunctionalization(Parent)	discordant
TRD	Pbre1_10G293800	Pbre1_08G228400	Prupe.8G204500.1	286.1023838333333	0.1358826666666666	179.76670516666667	0.4436197319091389	0.832299033049502	0.6377255647395431	0.2596461230167088	0.5385382819634034	0.2596730451531568	Neofunctionalization(Child)	Neofunctionalization(Child)	Neofunctionalization(Child)	Neofunctionalization(Child)	classified	Neofunctionalization(Child)	Neofunctionalization(Child)
TRD	Pbre1_02G205200	Pbre1_08G230800	Prupe.7G166200.1	240.26220116666667	2.7248113333333333	198.7135883333333	0.4148144355410611	0.9639850796482804	0.3370900751582811	0.1386926841315753	0.8312191732167271	0.1415352509642036	Neofunctionalization(Child)	Neofunctionalization(Child)	Neofunctionalization(Child)	Neofunctionalization(Child)	classified	Neofunctionalization(Child)	Neofunctionalization(Child)
TRD	Pbre1_05G497000	Pbre1_08G231200	Prupe.4G066000.1	20.5714975	0.0	37.90339	0.6643614055310488		0.7744135376040503								all_zero_expression_profile	Conservation	discordant
TRD	Pbre1_05G568800	Pbre1_08G232000	Prupe.4G022300.1	16.3035815	0.0	15.8922865	0.2344040013088947		0.4986046012465227								all_zero_expression_profile	Neofunctionalization(Child)	discordant
TRD	Pbre1_08G213400	Pbre1_08G233000	Prupe.1G459500.1	16.569444333333333	1.6675231666666666	26.757000666666663	0.4918982631231759	0.5438837933023303	0.5798508508537895	0.4776865192735371	0.4156144522003933	0.4710471025376831	Specialization	Neofunctionalization(Child)	Neofunctionalization(Child)	discordant	classified	Neofunctionalization(Parent)	discordant
TRD	Pbre1_15G208000	Pbre1_08G235800	Prupe.1G471700.1	12.591321833333334	0.0504886666666666	37.3573405	0.4422001173092301	0.7885529568359003	0.6752874896422709	0.3094439929062837	0.6322651865158254	0.3104503594559779	Neofunctionalization(Child)	Neofunctionalization(Child)	Neofunctionalization(Child)	Neofunctionalization(Child)	classified	Neofunctionalization(Parent)	discordant
TRD	Pbre1_15G208600	Pbre1_08G237200	Prupe.1G472100.1	3.779675833333333	0.2228241666666666	1.8609198333333332	0.7319185934970114	0.8000762787915047	0.617928835267963	0.2254687963362646	0.2903677105080753	0.2143137581265159	Conservation	Specialization	Specialization	discordant	classified	Neofunctionalization(Parent)	discordant
TRD	Pbre1_15G758600	Pbre1_08G239600	Prupe.1G575200.1	7.126215999999999	6.6687095	0.7690341666666667	0.9711568905961744	0.5605214341092146	0.8145359600084208	0.9444994712821624	0.5315199441625312	0.6286473058550326	Specialization	Specialization	Specialization	Specialization	classified	Conservation	discordant
TRD	Pbre1_15G212400	Pbre1_08G240800	Prupe.1G473500.1														missing_expression_record		discordant
TRD	Pbre1_15G217400	Pbre1_08G246600	Prupe.1G479400.1														missing_expression_record		discordant
TRD	Pbre1_03G459800	Pbre1_08G249400	Prupe.8G254400.1	16.069583166666668	0.0	24.690495666666667	0.3153090103370777		0.4249231033887038								all_zero_expression_profile	Neofunctionalization(Child)	discordant
TRD	Pbre1_15G228200	Pbre1_08G256400	Prupe.1G484900.1	23.02655683333333	1.0092186666666667	15.283318	0.4065520130005257	0.3908973628354412	0.4003855244346994	0.1777814925820647	0.1748613540758334	0.1764717665807565	Conservation	Neofunctionalization(Child)	Conservation	discordant	classified	Subfunctionalization	discordant
TRD	Pbre1_15G237000	Pbre1_08G260400	Prupe.1G489000.1	15.264847333333334	0.0	28.406317166666668	0.2395201810531479		0.5368120919117998								all_zero_expression_profile	Neofunctionalization(Child)	discordant
TRD	Pbre1_02G340800	Pbre1_08G265400	Prupe.2G133100.1	57.7957645	0.0471535	149.56133333333332	0.5830196156405563	0.6573612336491618	0.582077463132469	0.252495664654402	0.3349464138276901	0.2521739879364673	Conservation	Neofunctionalization(Child)	Neofunctionalization(Child)	discordant	classified	Neofunctionalization(Child)	discordant
TRD	Pbre1_15G625600	Pbre1_08G273000	Prupe.1G498000.1	34.416001333333334	1.2631188333333334	12.680954833333333	0.8484783828794189	0.909029022756988	0.7197572444574105	0.200672306178954	0.3176489738030068	0.2031053630103483	Conservation	Specialization	Specialization	discordant	classified	Neofunctionalization(Parent)	discordant
TRD	Pbre1_15G625600	Pbre1_08G273200	Prupe.1G498000.1	34.416001333333334	1.4072545	12.680954833333333	0.8484783828794189	0.8303318662237755	0.7197572444574105	0.200672306178954	0.1615220651407579	0.1981469864186957	Conservation	Specialization	Specialization	discordant	classified	Neofunctionalization(Parent)	discordant
TRD	Pbre1_15G626800	Pbre1_08G274400	Prupe.1G499400.1	5.942802833333333	0.7330960000000001	6.135178166666667	0.4026041123896326	1.0	0.625160633344962	0.3266525037154794	1.0602567920931745	0.3709190408720177	Neofunctionalization(Child)	Neofunctionalization(Child)	Neofunctionalization(Child)	Neofunctionalization(Child)	classified	Neofunctionalization(Child)	Neofunctionalization(Child)
TRD	Pbre1_15G626800	Pbre1_08G274600	Prupe.1G499400.1	5.942802833333333	0.1633501666666666	6.135178166666667	0.4026041123896326	1.0	0.625160633344962	0.3266525037154794	1.0602567920931745	0.3352411901513746	Neofunctionalization(Child)	Neofunctionalization(Child)	Neofunctionalization(Child)	Neofunctionalization(Child)	classified	Neofunctionalization(Child)	Neofunctionalization(Child)
TRD	Pbre1_15G626800	Pbre1_08G274800	Prupe.1G499400.1	5.942802833333333	0.1997666666666666	6.135178166666667	0.4026041123896326	0.993072611038314	0.625160633344962	0.3266525037154794	1.0196431982387637	0.3359337689405576	Neofunctionalization(Child)	Neofunctionalization(Child)	Neofunctionalization(Child)	Neofunctionalization(Child)	classified	Neofunctionalization(Child)	Neofunctionalization(Child)
TRD	Pbre1_15G628000	Pbre1_08G277000	Prupe.1G499900.1	6.899794333333333	2.311634833333333	6.4999395	0.4418125030676374	0.4540139523363748	0.5208371369710099	0.1897912633717214	0.1896446173206654	0.1706572552377181	Conservation	Conservation	Conservation	Conservation	classified	Neofunctionalization(Parent)	discordant
TRD	Pbre1_15G628000	Pbre1_08G277200	Prupe.1G499900.1	6.899794333333333	2.7947826666666664	6.4999395	0.4418125030676374	0.3890622736893113	0.5208371369710099	0.1897912633717214	0.175609688233289	0.1769634292358466	Conservation	Neofunctionalization(Child)	Conservation	discordant	classified	Subfunctionalization	discordant
TRD	Pbre1_09G336000	Pbre1_08G278400	Prupe.3G057200.1	69.95411783333333	0.0	132.19480416666667	0.7273725605767678		0.6530165637776842								all_zero_expression_profile	Subfunctionalization	discordant
TRD	Pbre1_17G330600	Pbre1_08G278600	Prupe.3G057300.1	42.8817085	9.83754	100.393502	0.5552957190552428	0.6380221927251852	0.7909573129368532	0.426462766337203	0.2846981415940009	0.3887857441938713	Neofunctionalization(Parent)	Neofunctionalization(Child)	Conservation	discordant	classified	Neofunctionalization(Child)	discordant
TRD	Pbre1_11G119400	Pbre1_08G279600	Prupe.6G061700.1														missing_expression_record		discordant
TRD	Pbre1_15G635600	Pbre1_08G286400	Prupe.1G502900.1	24.219070666666667	0.0	18.924311166666666	0.6322111192895505		0.4348029089195644								all_zero_expression_profile	Neofunctionalization(Child)	discordant
TRD	Pbre1_17G387000	Pbre1_08G287800	Prupe.3G092800.1	57.721393166666665	17.638082999999998	55.718879666666666	0.6142543609403278	0.5230035935118476	0.6825897947699566	0.1336105561114511	0.353034172511852	0.1697242240862429	Conservation	Conservation	Conservation	Conservation	classified	Conservation	Conservation
TRD	Pbre1_07G370800	Pbre1_08G294000	Prupe.2G256100.1	34.735087666666665	0.8481525000000001	67.10492433333333	0.6940612036314521	0.9496897507824478	0.6036888660248968	0.1812281655497475	0.7925768115463492	0.1845017251453001	Neofunctionalization(Child)	Neofunctionalization(Child)	Neofunctionalization(Child)	Neofunctionalization(Child)	classified	Subfunctionalization	discordant
TRD	Pbre1_15G197600	Pbre1_08G294400	Prupe.1G463000.1	5.728726833333333	0.0470086666666666	6.198377833333334	0.3569211905456567	0.9375063982652556	0.308542885574906	0.0922982651280848	0.7440129381737182	0.0887736492224714	Neofunctionalization(Child)	Neofunctionalization(Child)	Neofunctionalization(Child)	Neofunctionalization(Child)	classified	Subfunctionalization	discordant
TRD	Pbre1_17G106600	Pbre1_08G297800	Prupe.3G257500.1	0.1294728333333333	0.0	0.1639526666666666	0.6924839857186256		0.9214314740217906								all_zero_expression_profile	Subfunctionalization	discordant
TRD	Pbre1_15G652600	Pbre1_08G299400	Prupe.1G511800.1	7.257107166666667	20.270374166666667	63.77780483333333	0.9077789795575484	0.9436609040754108	0.6478727323332942	0.7386178084468555	0.5036788446950675	0.4148933994482702	Specialization	Neofunctionalization(Parent)	Neofunctionalization(Parent)	discordant	classified	Subfunctionalization	discordant
TRD	Pbre1_02G052200	Pbre1_08G301400	Prupe.7G246700.1	5.429250333333334	0.174871	20.035450666666662	0.1722423905699525	0.6819864920907637	0.602593014004011	0.259333424189444	0.4125131489889713	0.256683356747845	Neofunctionalization(Child)	Neofunctionalization(Child)	Neofunctionalization(Child)	Neofunctionalization(Child)	classified	Conservation	discordant
TRD	Pbre1_12G006600	Pbre1_08G313600	Prupe.7G003700.1	20.387717666666667	0.0923456666666666	16.139262666666667	0.3687706121197556	0.8620469655382739	0.5777055461667314	0.3025138805754269	0.6626097394838629	0.3029134609302897	Neofunctionalization(Child)	Neofunctionalization(Child)	Neofunctionalization(Child)	Neofunctionalization(Child)	classified	Conservation	discordant
TRD	Pbre1_12G385200	Pbre1_08G318000	Prupe.6G335700.1														missing_expression_record		discordant
TRD	Pbre1_07G382400	Pbre1_08G319200	Prupe.2G263500.1	2.147273666666667	0.0061433333333333	15.260265	0.8725576413938899	1.0	0.7785382380147856	0.6440992385512048	1.1070641916966657	0.6430631250410509	Specialization	Specialization	Neofunctionalization(Child)	Specialization	classified	Subfunctionalization	discordant
TRD	Pbre1_04G254600	Pbre1_08G321200	Prupe.6G280400.1	7.9068805	0.043272	55.93525483333334	0.6218369002618848	0.8968881157660629	0.4958615906982986	0.3037490332907461	0.5982858064971743	0.3026620557829662	Neofunctionalization(Child)	Neofunctionalization(Child)	Neofunctionalization(Child)	Neofunctionalization(Child)	classified	Subfunctionalization	discordant
TRD	Pbre1_14G059000	Pbre1_08G321800	Prupe.7G099300.1	233.93497216666665	117.30631783333334	40.2728385	0.6412872435982037	0.1393643347614148	0.5319823318158672	0.2657958119342371	0.1718807841538104	0.2074797927375274	Conservation	Conservation	Conservation	Conservation	classified	Subfunctionalization	discordant
TRD	Pbre1_15G681200	Pbre1_08G324200	Prupe.1G525900.1	3.072506833333333	1.974008	13.5018935	0.5924823524507359	0.6414244091450583	0.6761840484137214	0.4178426399932666	0.4020289063406708	0.4077897945512843	Specialization	Neofunctionalization(Child)	Conservation	discordant	classified	Conservation	discordant
TRD	Pbre1_05G598400	Pbre1_08G325200	Prupe.4G004600.1														missing_expression_record		discordant
TRD	Pbre1_15G698800	Pbre1_08G339600	Prupe.1G535400.1	12.600297666666666	13.8424185	14.122554833333334	0.2695548429695514	0.4166392167308098	0.5189796895030412	0.1954514450353629	0.2657923932839611	0.2181667918772654	Conservation	Conservation	Conservation	Conservation	classified	Conservation	Conservation
TRD	Pbre1_12G359000	Pbre1_08G343600	Prupe.6G321700.1	3.4740776666666666	0.2064211666666666	25.350600333333333	0.9595415980620712	0.6781732881950077	0.9806329626113388	1.165236188851254	0.9712271561471872	1.13571134753258	Specialization	Specialization	Specialization	Specialization	classified	Conservation	discordant
TRD	Pbre1_13G243600	Pbre1_08G344800	Prupe.1G106500.1	45.35456283333333	4.6675995	81.877062	0.400082397039856	0.1910897889331339	0.4921075990965863	0.0675524815246199	0.1759439682520192	0.0661336349631961	Conservation	Conservation	Conservation	Conservation	classified	Subfunctionalization	discordant
TRD	Pbre1_15G125600	Pbre1_08G350200	Prupe.1G422100.1	4.9110895	0.0	18.907289833333333	0.3234194111494402		0.2799861824058671								all_zero_expression_profile	Specialization	discordant
TRD	Pbre1_10G364800	Pbre1_08G351200	Prupe.4G132400.1	4.226144333333333	0.0	1.2620518333333333	0.5175534118809096		0.6705192292497443								all_zero_expression_profile	Subfunctionalization	discordant
TRD	Pbre1_12G390200	Pbre1_08G353200	Prupe.6G337600.1	17.694904333333334	0.0	39.01308366666667	0.1702294009000478		0.4045265542531026								all_zero_expression_profile	Subfunctionalization	discordant
TRD	Pbre1_03G464400	Pbre1_08G353600	Prupe.8G256500.1	55.9429735	0.0	64.43527366666666	0.4171684898238537		0.404781202630396								all_zero_expression_profile	Subfunctionalization	discordant
TRD	Pbre1_17G099600	Pbre1_08G359000	Prupe.3G261200.1	3.3671033333333336	0.0	4.767970666666667	0.9173340728332828		0.5432740268421865								all_zero_expression_profile	Conservation	discordant
TRD	Pbre1_15G415800	Pbre1_08G359600	Prupe.7G182300.1	8.059218166666666	0.0	1.4729743333333334	0.536849737528984		0.9993889405040968								all_zero_expression_profile	Conservation	discordant
TRD	Pbre1_10G153400	Pbre1_08G380800	Prupe.8G120800.1	3.676695833333333	2.303980666666667	143.03624283333335	0.7061966678164776	0.7449694076257763	0.64635390952247	0.2103805857934748	0.2674714833140248	0.2039372786385385	Conservation	Subfunctionalization	Neofunctionalization(Parent)	discordant	classified	Conservation	discordant
TRD	Pbre1_09G037000	Pbre1_08G382200	Prupe.3G295400.1	45.12052666666667	4.073875833333333	141.686806	0.3595669759125244	0.6824687400024856	0.3363624855339689	0.1098688779034032	0.4162192156488173	0.1299263816416695	Neofunctionalization(Child)	Neofunctionalization(Child)	Neofunctionalization(Child)	Neofunctionalization(Child)	classified	Neofunctionalization(Child)	Neofunctionalization(Child)
TRD	Pbre1_02G377600	Pbre1_08G383000	Prupe.2G103200.1	4.841514666666667	14.370262333333333	34.243042	0.3124063968022404	0.2750809946398693	0.5679103253215967	0.257107462442639	0.2207978185588691	0.2218292996422772	Conservation	Conservation	Conservation	Conservation	classified	Conservation	Conservation
TRD	Pbre1_09G101200	Pbre1_08G386000	Prupe.3G260300.1	52.55812516666667	8.456123	77.81631566666667	0.2769801703909843	0.3256829985245598	0.6444801062300654	0.2260633055325389	0.2347702822083128	0.2250249650314937	Conservation	Conservation	Conservation	Conservation	classified	Subfunctionalization	discordant
TRD	Pbre1_06G070400	Pbre1_08G390600	Prupe.5G048100.1	7.3400765	6.115749666666667	9.945036833333331	0.9982926502688636	0.985935517318736	0.9993986014533782	0.0102972510769692	0.0696631414987508	0.0349705297378958	Conservation	Conservation	Neofunctionalization(Child)	Conservation	classified	Subfunctionalization	discordant
TRD	Pbre1_15G757200	Pbre1_08G393800	Prupe.1G573400.1	73.81689283333333	89.70454466666666	200.12868116666667	0.221950147257994	0.4801140759418166	0.4065476859422782	0.1770638638076689	0.2510159567390767	0.2124999043266932	Conservation	Conservation	Conservation	Conservation	classified	Subfunctionalization	discordant
TRD	Pbre1_07G239000	Pbre1_08G403600	Prupe.2G162600.1	8.7195945	7.670225833333333	22.507224166666667	0.400294721607996	0.2878886194564158	0.2614499453817568	0.1664144801886684	0.1210729920622248	0.1394886480548567	Conservation	Conservation	Conservation	Conservation	classified	Conservation	Conservation
TRD	Pbre1_15G772600	Pbre1_08G407800	Prupe.1G581600.1														missing_expression_record		discordant
TRD	Pbre1_08G415600	Pbre1_08G408800	Prupe.1G588000.1	0.31304	1.0978095	3.383700333333333	0.5771980144506083	0.5688355928110662	0.5734395901566616	0.1017485267220046	0.2440559210120098	0.2096270171236223	Conservation	Specialization	Specialization	discordant	classified	Subfunctionalization	discordant
TRD	Pbre1_17G002200	Pbre1_09G002400	Prupe.3G314900.1	3.7253491666666663	2.4887271666666666	8.5657855	0.7830358506124835	0.5848687656500482	0.7254726845197468	0.1103677569333599	0.3581429271369969	0.1021560497368464	Conservation	Neofunctionalization(Parent)	Conservation	discordant	classified	Conservation	discordant
TRD	Pbre1_17G003000	Pbre1_09G003200	Prupe.3G314500.1	16.041042	0.8552153333333333	12.787815333333333	0.827446736743729	0.6536124638695049	0.3608432024561724	0.4154716773400886	0.1953191180466926	0.3949621778188865	Neofunctionalization(Parent)	Neofunctionalization(Child)	Neofunctionalization(Child)	discordant	classified	Subfunctionalization	discordant
TRD	Pbre1_13G229400	Pbre1_09G017600	Prupe.1G211500.1	0.9855006666666666	0.0041411666666666	8.514544666666668	0.947443621193878	1.0	0.7701202356126257	0.8238002364315004	0.8773347693140284	0.8201998890490804	Specialization	Specialization	Specialization	Specialization	classified	Conservation	discordant
TRD	Pbre1_16G129400	Pbre1_09G025200	Prupe.1G276500.1	6.201082166666667	2.7805136666666668	11.691640166666668	0.7534820938563257	0.4423969528912906	0.7504656711995296	0.0483742107922667	0.4550651703286231	0.1396120312297321	Neofunctionalization(Child)	Neofunctionalization(Child)	Neofunctionalization(Child)	Neofunctionalization(Child)	classified	Conservation	discordant
TRD	Pbre1_06G109400	Pbre1_09G039600	Prupe.5G075100.1	20.9134265	5.853019833333334	40.32362833333333	0.6398976599204349	0.4687129501901667	0.4076029277996251	0.2042930672398372	0.1432349123431178	0.1753457278761828	Conservation	Conservation	Conservation	Conservation	classified	Specialization	discordant
TRD	Pbre1_04G138600	Pbre1_09G039800	Prupe.5G075200.1	12.941536	0.0661411666666666	25.405695	0.2594337746266708	0.9371256156248656	0.624494089285961	0.1890948012625918	0.7461588050412971	0.1886551335949066	Neofunctionalization(Child)	Neofunctionalization(Child)	Neofunctionalization(Child)	Neofunctionalization(Child)	classified	Specialization	discordant
TRD	Pbre1_15G766000	Pbre1_09G044800	Prupe.1G578800.1	21.1857135	14.6839815	21.297187666666662	0.2209696448810418	0.4676259096863004	0.5646658439378458	0.270738419196997	0.3203326794574987	0.278569292567546	Conservation	Conservation	Conservation	Conservation	classified	Subfunctionalization	discordant
TRD	Pbre1_12G266600	Pbre1_09G073800	Prupe.6G268000.1	0.257074	37.25551883333333	0.5464698333333333	0.942017040037733	0.8864067635534173	0.694320000987048	0.6374794765160565	0.5477767924975745	0.5433774920853929	Specialization	Specialization	Specialization	Specialization	classified	Specialization	Specialization
TRD	Pbre1_15G447200	Pbre1_09G075200	Prupe.7G163100.1	30.20168583333333	0.0	21.5808685	0.6819670340450299		0.4424239830442729								all_zero_expression_profile	Specialization	discordant
TRD	Pbre1_16G158400	Pbre1_09G085600	Prupe.1G258300.1	2.2359283333333333	0.0	16.0832115	0.5207234102236024		0.7130083814668057								all_zero_expression_profile	Conservation	discordant
TRD	Pbre1_13G152200	Pbre1_09G085800	Prupe.1G258300.1	7.151771666666667	0.0	16.0832115	0.8228283171525159		0.7130083814668057								all_zero_expression_profile	Subfunctionalization	discordant
TRD	Pbre1_13G011800	Pbre1_09G091800	Prupe.1G346100.1	89.594715	10.700998833333331	147.224921	0.2612553237524271	0.4010570820052043	0.5135830959471981	0.1315852453566391	0.1724242977285382	0.1343811710167524	Conservation	Conservation	Conservation	Conservation	classified	Subfunctionalization	discordant
TRD	Pbre1_05G327800	Pbre1_09G098400	Prupe.8G215800.1	83.97699166666666	6.349859	158.053067	0.425156237422399	0.5767803825083069	0.4182304768875909	0.1857177331867923	0.2514978204465091	0.1848772097309936	Conservation	Conservation	Conservation	Conservation	classified	Conservation	Conservation
TRD	Pbre1_17G099000	Pbre1_09G099800	Prupe.3G261400.1	4.191106	0.0	5.1782465	0.634596656096819		0.4435064150855191								all_zero_expression_profile	Subfunctionalization	discordant
TRD	Pbre1_05G457200	Pbre1_09G100400	Prupe.4G088800.1	12.6088075	0.0	28.99466933333333	0.5457585952975087		0.4170715364769415								all_zero_expression_profile	Subfunctionalization	discordant
TRD	Pbre1_12G426000	Pbre1_09G105800	Prupe.6G358100.1	23.201941833333333	2.007053	21.9226825	0.4131255110970682	0.4481659310537292	0.4381919431049054	0.1763103593612234	0.2326502281969452	0.1801606365321583	Conservation	Conservation	Conservation	Conservation	classified	Conservation	Conservation
TRD	Pbre1_04G056400	Pbre1_09G109000	Prupe.1G186600.1	48.183466333333335	16.193049833333333	38.57964833333333	0.4427088650859312	0.2105805476485702	0.4774503102874777	0.1440507578105234	0.1360375831813464	0.1265326725464092	Conservation	Conservation	Conservation	Conservation	classified	Conservation	Conservation
TRD	Pbre1_15G009800	Pbre1_09G113400	Prupe.1G359200.1	237.90679033333333	0.2224416666666666	197.96079733333332	0.2229505526814659	0.7332355260695993	0.4792070139084341	0.1869049510689751	0.5070895632005732	0.187025434427407	Neofunctionalization(Child)	Neofunctionalization(Child)	Neofunctionalization(Child)	Neofunctionalization(Child)	classified		discordant
TRD	Pbre1_17G127600	Pbre1_09G128600	Prupe.3G245900.1	1.030011	0.29139	0.9593768333333332	0.6038871352404561	0.6784429717599574	0.5105076929526684	0.3149818358301447	0.3252329660285791	0.3109515521131841	Conservation	Specialization	Specialization	discordant	classified	Conservation	discordant
TRD	Pbre1_12G039600	Pbre1_09G133600	Prupe.7G114200.1	0.8709131666666666	9.6120565	22.064171666666667	0.5793872114415068	0.3896561918252033	0.3741080161163221	0.2764342756548224	0.2659948626296625	0.2572713101040026	Conservation	Neofunctionalization(Parent)	Neofunctionalization(Parent)	discordant	classified	Specialization	discordant
TRD	Pbre1_05G398800	Pbre1_09G137200	Prupe.4G125000.1	18.922569666666668	18.1517485	30.028213166666667	0.3274099183848639	0.625821271952774	0.4259734940936583	0.0566984256378384	0.1855518355704876	0.0863814375719292	Conservation	Conservation	Conservation	Conservation	classified	Neofunctionalization(Child)	discordant
TRD	Pbre1_05G035200	Pbre1_09G142400	Prupe.8G027900.1	43.83906733333333	0.0736541666666666	43.41464366666666	0.6282367290288958	0.9515348978421472	0.1890898031237299	0.3133058259961166	0.7843808929458009	0.313905351924256	Neofunctionalization(Child)	Neofunctionalization(Child)	Neofunctionalization(Child)	Neofunctionalization(Child)	classified	Neofunctionalization(Child)	Neofunctionalization(Child)
TRD	Pbre1_09G137400	Pbre1_09G144800	Prupe.3G240000.1														missing_expression_record		discordant
TRD	Pbre1_09G137400	Pbre1_09G145000	Prupe.3G240000.1														missing_expression_record		discordant
TRD	Pbre1_17G146600	Pbre1_09G149000	Prupe.3G234000.1	4.105203666666667	0.0091965	6.750782	0.3383805821676716	0.8095733389938442	0.3322012764161879	0.1236181919340719	0.5432785772147102	0.1225673297697917	Neofunctionalization(Child)	Neofunctionalization(Child)	Neofunctionalization(Child)	Neofunctionalization(Child)	classified	Neofunctionalization(Child)	Neofunctionalization(Child)
TRD	Pbre1_17G379000	Pbre1_09G164800	Prupe.3G088200.1	37.817445	0.0	60.69757666666667	0.5006784635374506		0.6079571332146382								all_zero_expression_profile	Neofunctionalization(Parent)	discordant
TRD	Pbre1_17G499800	Pbre1_09G171200	Prupe.3G004400.1	52.593299	0.0654711666666666	15.083342833333331	0.5087760191998122	0.940417827206016	0.4092269525517684	0.3057921357932325	0.7207871027147719	0.3058241471828803	Neofunctionalization(Child)	Neofunctionalization(Child)	Neofunctionalization(Child)	Neofunctionalization(Child)	classified	Conservation	discordant
TRD	Pbre1_17G169600	Pbre1_09G172200	Prupe.3G219100.1	0.0705235	0.0	0.567038	0.8225780124605869		0.603568880372911								all_zero_expression_profile	Neofunctionalization(Parent)	discordant
TRD	Pbre1_17G173200	Pbre1_09G175200	Prupe.3G217600.1	13.909601	8.992039666666667	34.264502666666665	0.8597831477272019	0.95612023320719	0.7013328703068619	0.2787574183567767	0.5300625051412151	0.3459327039896103	Neofunctionalization(Child)	Specialization	Specialization	discordant	classified	Neofunctionalization(Child)	discordant
TRD	Pbre1_17G178200	Pbre1_09G180800	Prupe.3G214600.1	174.54461	30.99434083333333	169.86028816666666	0.5401877757697675	0.8639781971653878	0.5397220117510703	0.2602599718919597	0.5628778218753325	0.2539172865743487	Neofunctionalization(Child)	Neofunctionalization(Child)	Conservation	Neofunctionalization(Child)	classified	Subfunctionalization	discordant
TRD	Pbre1_07G264600	Pbre1_09G193000	Prupe.2G193700.1	15.358252333333333	0.1964196666666666	40.75928666666667	0.5571856007140963	0.5698960892450897	0.6756962319981012	0.3439343366666046	0.3780605632615166	0.3411721486041976	Conservation	Neofunctionalization(Child)	Neofunctionalization(Child)	discordant	classified	Subfunctionalization	discordant
TRD	Pbre1_09G171600	Pbre1_09G197000	Prupe.3G219400.1	4.556921	24.556058666666665	12.422335666666669	0.7465181328304289	0.172802025834592	0.1702970387307304	0.3138420108223813	0.0820095210610139	0.057930169272955	Conservation	Conservation	Conservation	Conservation	classified	Subfunctionalization	discordant
TRD	Pbre1_17G195000	Pbre1_09G201800	Prupe.3G204300.1	0.032189	0.0	0.3671358333333333	0.7276107082146046		0.6863993993888968								all_zero_expression_profile	Neofunctionalization(Child)	discordant
TRD	Pbre1_17G198000	Pbre1_09G204600	Prupe.3G202400.1	0.2075686666666666	0.0510893333333333	0.6494288333333333	0.9662938300401672	1.0	0.8509738779466021	0.319084779482195	1.1057147191742245	0.2367304952657313	Neofunctionalization(Child)	Neofunctionalization(Child)	Specialization	Neofunctionalization(Child)	classified	Neofunctionalization(Child)	Neofunctionalization(Child)
TRD	Pbre1_17G379000	Pbre1_09G215200	Prupe.3G088200.1	37.817445	0.0253158333333333	60.69757666666667	0.5006784635374506	1.0	0.6079571332146382	0.2730393158394833	0.8907532399111666	0.2730856520424685	Neofunctionalization(Child)	Neofunctionalization(Child)	Neofunctionalization(Child)	Neofunctionalization(Child)	classified	Neofunctionalization(Child)	Neofunctionalization(Child)
TRD	Pbre1_09G164400	Pbre1_09G215600	Prupe.3G223500.1	4.482783833333333	4.924112833333334	6.3440761666666665	0.916217823504782	0.8579437371789005	0.6611284300110656	0.6804761387404834	0.2683430074412246	0.332752570470353	Neofunctionalization(Parent)	Subfunctionalization	Neofunctionalization(Parent)	discordant	classified	Neofunctionalization(Child)	discordant
TRD	Pbre1_09G164200	Pbre1_09G216000	Prupe.3G223700.1	4.879264333333333	6.249942666666667	20.497134	0.4350278879340248	0.4344699109721168	0.304075431369685	0.168826041544367	0.1374368063424158	0.1286203251864363	Conservation	Conservation	Conservation	Conservation	classified	Subfunctionalization	discordant
TRD	Pbre1_12G356200	Pbre1_09G219600	Prupe.6G320600.1														missing_expression_record		discordant
TRD	Pbre1_17G228000	Pbre1_09G233200	Prupe.3G186800.1	126.44933266666666	33.231368333333336	96.00105216666668	0.4037095303856633	0.7286197063673236	0.7901072537728586	0.2742364670120895	0.1892875833908822	0.2408824971871379	Conservation	Conservation	Conservation	Conservation	classified	Specialization	discordant
TRD	Pbre1_17G240400	Pbre1_09G247200	Prupe.3G177700.1	1589.632087	9.425731166666669	167.6465075	0.5105199781514657	0.6218666105922483	0.4120965454609379	0.220327540495503	0.316921217978808	0.2206244354011913	Conservation	Conservation	Conservation	Conservation	classified	Specialization	discordant
TRD	Pbre1_17G107800	Pbre1_09G256200	Prupe.3G257100.1	1.1276256666666666	0.0	11.033671	0.8981375848433324		0.9627812906313068								all_zero_expression_profile	Neofunctionalization(Child)	discordant
TRD	Pbre1_17G250000	Pbre1_09G257400	Prupe.3G171100.1														missing_expression_record		discordant
TRD	Pbre1_11G119400	Pbre1_09G257600	Prupe.6G061700.1														missing_expression_record		discordant
TRD	Pbre1_09G426400	Pbre1_09G261200	Prupe.3G155900.1	0.6402933333333333	0.5845830000000001	42.1403575	1.0	0.7302658301844721	0.6522717617987274	0.937382775645571	0.5929706578408279	0.5475108766850402	Specialization	Specialization	Specialization	Specialization	classified	Conservation	discordant
TRD	Pbre1_03G160400	Pbre1_09G263200	Prupe.6G089600.1	8.3122885	0.0085656666666666	6.731363666666667	0.4611283239052884	1.0	0.3538140161230932	0.1381942176654131	0.9329048382167258	0.1382288029937467	Neofunctionalization(Child)	Neofunctionalization(Child)	Neofunctionalization(Child)	Neofunctionalization(Child)	classified	Conservation	discordant
TRD	Pbre1_03G160400	Pbre1_09G263400	Prupe.6G089600.1	8.3122885	0.0	6.731363666666667	0.4611283239052884		0.3538140161230932								all_zero_expression_profile	Conservation	discordant
TRD	Pbre1_03G160400	Pbre1_09G263600	Prupe.6G089600.1	8.3122885	0.0	6.731363666666667	0.4611283239052884		0.3538140161230932								all_zero_expression_profile	Neofunctionalization(Parent)	discordant
TRD	Pbre1_03G160400	Pbre1_09G263800	Prupe.6G089600.1	8.3122885	0.0	6.731363666666667	0.4611283239052884		0.3538140161230932								all_zero_expression_profile	Conservation	discordant
TRD	Pbre1_03G160400	Pbre1_09G264000	Prupe.6G089600.1	8.3122885	0.0	6.731363666666667	0.4611283239052884		0.3538140161230932								all_zero_expression_profile	Conservation	discordant
TRD	Pbre1_05G455600	Pbre1_09G269400	Prupe.4G089700.1	26.917483333333333	0.0777768333333333	44.73097833333333	0.3250087293307191	0.962759178153922	0.3078166440747454	0.0946989834208577	0.8366962744063883	0.0959020647067595	Neofunctionalization(Child)	Neofunctionalization(Child)	Neofunctionalization(Child)	Neofunctionalization(Child)	classified	Neofunctionalization(Child)	Neofunctionalization(Child)
TRD	Pbre1_10G368200	Pbre1_09G282000	Prupe.4G134000.1	0.0117426666666666	5.143036	0.112287	0.8500732573443592	0.4929682706323832	0.7008542322652344	0.8277541719392932	0.3809132816440178	0.381374524300972	Neofunctionalization(Parent)	Neofunctionalization(Child)	Neofunctionalization(Child)	discordant	classified	Neofunctionalization(Parent)	discordant
TRD	Pbre1_17G271000	Pbre1_09G286400	Prupe.3G035200.1														missing_expression_record		discordant
TRD	Pbre1_17G271200	Pbre1_09G286600	Prupe.3G035100.1														missing_expression_record		discordant
TRD	Pbre1_17G271200	Pbre1_09G286800	Prupe.3G035100.1														missing_expression_record		discordant
TRD	Pbre1_06G038800	Pbre1_09G293600	Prupe.5G024600.1	137.851604	0.7054153333333333	379.7412851666666	0.9413028696021402	0.618522281320345	0.8076859674511212	0.4446994474531395	0.6741650725908472	0.4421245786952262	Specialization	Specialization	Neofunctionalization(Child)	Specialization	classified	Subfunctionalization	discordant
TRD	Pbre1_16G172400	Pbre1_09G294600	Prupe.1G250100.1	230.54288616666668	20.638356166666668	314.584072	0.7737185677351233	0.9331247162446242	0.5633996798877563	0.342647992133652	0.7290725676727109	0.3165276849310687	Neofunctionalization(Child)	Conservation	Conservation	discordant	classified	Neofunctionalization(Child)	discordant
TRD	Pbre1_14G216000	Pbre1_09G309000	Prupe.5G110500.1	4.485943166666667	0.0	40.23787316666667	0.2408735373813193		0.3251385945357299								all_zero_expression_profile	Neofunctionalization(Child)	discordant
TRD	Pbre1_17G271200	Pbre1_09G319400	Prupe.3G035100.1														missing_expression_record		discordant
TRD	Pbre1_07G454000	Pbre1_09G325800	Prupe.2G301300.1	43.58377983333333	0.1037176666666666	58.50392683333333	0.863368743124514	0.9389196083202578	0.9722347585270086	0.941708527686544	1.1690779168270735	0.942199039157298	Specialization	Specialization	Specialization	Specialization	classified	Subfunctionalization	discordant
TRD	Pbre1_07G320200	Pbre1_09G331000	Prupe.2G227100.1	19.171101666666665	4.036514	168.90649333333334	0.590161902392544	1.0	0.699939795490295	0.3832787100543269	0.7145668037970132	0.3176012008224541	Neofunctionalization(Child)	Neofunctionalization(Child)	Neofunctionalization(Child)	Neofunctionalization(Child)	classified	Neofunctionalization(Child)	Neofunctionalization(Child)
TRD	Pbre1_13G258800	Pbre1_09G340200	Prupe.1G117200.1	102.79593266666666	0.0	255.29371883333332	0.6946747826844561		0.5134788271737324								all_zero_expression_profile	Neofunctionalization(Child)	discordant
TRD	Pbre1_06G016400	Pbre1_09G342800	Prupe.5G010400.1	4.5103081666666665	0.0	29.069510333333334	0.6783191148378094		0.908831692359492								all_zero_expression_profile	Subfunctionalization	discordant
TRD	Pbre1_17G359000	Pbre1_09G349000	Prupe.3G077300.1	0.9238308333333332	0.3262211666666667	5.2825405000000005	0.8561529283064819	0.4897465903915901	0.9239204682767712	0.6615497561357555	0.5702623012271202	0.6105529545957061	Specialization	Specialization	Specialization	Specialization	classified	Neofunctionalization(Child)	discordant
TRD	Pbre1_17G359000	Pbre1_09G349200	Prupe.3G077300.1	0.9238308333333332	0.2454603333333333	5.2825405000000005	0.8561529283064819	0.7474217616835066	0.9239204682767712	0.6615497561357555	0.7537854801994447	0.6472502760083424	Specialization	Specialization	Specialization	Specialization	classified	Neofunctionalization(Child)	discordant
TRD	Pbre1_17G354400	Pbre1_09G359200	Prupe.3G073700.1	5.471776666666667	13.915382	24.094936166666667	0.4594041989336132	0.4138492069713249	0.8913306249554033	0.4365732433772677	0.5326331502001268	0.4947759926600127	Specialization	Conservation	Conservation	discordant	classified	Neofunctionalization(Child)	discordant
TRD	Pbre1_17G359000	Pbre1_09G362200	Prupe.3G077300.1	0.9238308333333332	0.0	5.2825405000000005	0.8561529283064819		0.9239204682767712								all_zero_expression_profile	Subfunctionalization	discordant
TRD	Pbre1_16G288200	Pbre1_09G362800	Prupe.1G137300.1	3.6207586666666662	0.0	4.943110333333333	0.8552214436528967		0.9466044164844254								all_zero_expression_profile	Neofunctionalization(Child)	discordant
TRD	Pbre1_15G219000	Pbre1_09G364000	Prupe.1G480300.1	2.863402333333333	0.0312743333333333	5.318231833333334	0.3062199712363754	1.0	0.4169420796020192	0.158389180324169	0.9728477356232574	0.1605945726952135	Neofunctionalization(Child)	Neofunctionalization(Child)	Neofunctionalization(Child)	Neofunctionalization(Child)	classified	Neofunctionalization(Child)	Neofunctionalization(Child)
TRD	Pbre1_09G131600	Pbre1_09G367600	Prupe.3G243600.1	5.0070681666666665	0.0	12.276005666666666	0.4977926066809769		0.5847152139359567								all_zero_expression_profile	Subfunctionalization	discordant
TRD	Pbre1_17G395800	Pbre1_09G374200	Prupe.3G095900.1	1.2342806666666666	0.5025893333333333	0.0576461666666666	0.790783335783065	0.9877547458119806	0.9182448394401994	0.5812466842089505	0.3095372376496982	0.4177761840816422	Neofunctionalization(Parent)	Specialization	Specialization	discordant	classified	Subfunctionalization	discordant
TRD	Pbre1_17G394600	Pbre1_09G374400	Prupe.3G095300.1	8.4724465	4.761340833333334	27.321222	0.4637880188509691	0.3729183591105934	0.3096142450786349	0.1540300511779741	0.1927553245348586	0.1271675738226782	Conservation	Conservation	Conservation	Conservation	classified	Conservation	Conservation
TRD	Pbre1_17G394600	Pbre1_09G374600	Prupe.3G095300.1	8.4724465	4.716263166666667	27.321222	0.4637880188509691	0.3892539452401625	0.3096142450786349	0.1540300511779741	0.1887223902625271	0.1205170715584587	Conservation	Conservation	Conservation	Conservation	classified	Subfunctionalization	discordant
TRD	Pbre1_17G385600	Pbre1_09G375000	Prupe.3G092400.1	25.1191585	16.270419166666667	33.74673083333333	0.7034306065257011	0.4170919846704112	0.086587022890689	0.3375957294456919	0.1737434802210012	0.2700089082997454	Conservation	Conservation	Conservation	Conservation	classified	Conservation	Conservation
TRD	Pbre1_17G384400	Pbre1_09G375200	Prupe.3G091900.1	91.01948683333332	32.40451383333333	149.719359	0.6313072388815263	0.3752011816227417	0.7124381986637551	0.3859850476817243	0.3151339949554107	0.3625392450605337	Conservation	Conservation	Conservation	Conservation	classified	Conservation	Conservation
TRD	Pbre1_17G398200	Pbre1_09G382200	Prupe.3G097000.1	0.1700631666666666	9.369409833333334	20.672132166666668	0.9450668139066868	0.4764044664694609	0.7575197605716033	0.8064658418933949	0.3894716171914846	0.3930977147827449	Neofunctionalization(Parent)	Neofunctionalization(Parent)	Neofunctionalization(Parent)	Neofunctionalization(Parent)	classified	Subfunctionalization	discordant
TRD	Pbre1_15G559200	Pbre1_09G382400	Prupe.6G196200.1	10.877362666666668	0.0	61.77482916666667	0.5904640153018672		0.4687592428771646								all_zero_expression_profile	Subfunctionalization	discordant
TRD	Pbre1_16G287400	Pbre1_09G383000	Prupe.1G136700.1														missing_expression_record		discordant
TRD	Pbre1_17G459000	Pbre1_09G383400	Prupe.3G160800.1	118.1851755	0.0	80.06786233333334	0.4168518475047779		0.3491048039613858								all_zero_expression_profile	Specialization	discordant
TRD	Pbre1_02G492000	Pbre1_09G384400	Prupe.2G017500.1	2.1283456666666667	3.604803833333333	18.035875	0.837890447608198	0.2436283522362981	0.9715111397800994	0.7267793957460192	0.7323323568229538	0.6865537517107587	Specialization	Specialization	Specialization	Specialization	classified	Specialization	Specialization
TRD	Pbre1_08G331000	Pbre1_09G386800	Prupe.1G529700.1	1.5068596666666667	1.164871166666667	16.5330415	0.9015277740867844	0.90502571075986	0.9085348196635342	0.0202529332379005	0.0102041015383752	0.015869231798171	Conservation	Specialization	Specialization	discordant	classified	Subfunctionalization	discordant
TRD	Pbre1_09G459800	Pbre1_09G389000	Prupe.3G016700.1	0.029218	0.0	13.385415666666669	0.8123091212667383		0.7808389922139515								all_zero_expression_profile	Subfunctionalization	discordant
TRD	Pbre1_17G403600	Pbre1_09G390200	Prupe.3G100800.1	180.80878816666663	44.97476133333333	7.4944395	0.5398482509155	0.8543900192891993	0.8228528272490214	0.2505041317639552	0.7194251238284042	0.3277719226496906	Neofunctionalization(Child)	Specialization	Specialization	discordant	classified	Specialization	discordant
TRD	Pbre1_09G246600	Pbre1_09G390600	Prupe.3G177900.1	48.8181095	0.0	131.529098	0.3793563741343519		0.6029558359957956								all_zero_expression_profile	Subfunctionalization	discordant
TRD	Pbre1_17G032200	Pbre1_09G390800	Prupe.3G299100.1														missing_expression_record		discordant
TRD	Pbre1_12G017600	Pbre1_09G392800	Prupe.7G011400.1	8.848579	0.0	3.928267333333333	0.3928435534330639		0.7501899844691752								all_zero_expression_profile	Subfunctionalization	discordant
TRD	Pbre1_12G017400	Pbre1_09G393000	Prupe.7G011300.1	0.0223968333333333	0.0	0.3011745	0.9484067250805062		0.6926412432352755								all_zero_expression_profile	Subfunctionalization	discordant
TRD	Pbre1_06G230200	Pbre1_09G401400	Prupe.5G140900.1	0.1141811666666666	6.074348666666666	14.965485333333332	0.923960601890932	0.965922819786042	0.9391562779560374	0.9888470410115048	1.129472826411234	1.1167307777875424	Specialization	Specialization	Specialization	Specialization	classified	Conservation	discordant
TRD	Pbre1_15G565600	Pbre1_09G411600	Prupe.6G192700.1	285.4909375	0.4904944999999999	938.3929011666668	0.3232327614411468	0.9585952101569968	0.3442239881522885	0.0848164994603836	0.6759524040180265	0.0847974479205396	Neofunctionalization(Child)	Neofunctionalization(Child)	Neofunctionalization(Child)	Neofunctionalization(Child)	classified	Conservation	discordant
TRD	Pbre1_17G055600	Pbre1_09G418800	Prupe.3G286600.1	41.83239966666667	0.0	206.990045	0.6541905245729944		0.8126600636856154								all_zero_expression_profile	Neofunctionalization(Child)	discordant
TRD	Pbre1_10G563200	Pbre1_09G420400	Prupe.4G016400.1	17.594707500000002	0.1429683333333333	16.241377833333335	0.8104686995124339	0.9446982650220164	0.515818295519657	0.3036853903709042	0.5943971836021991	0.3055166854326949	Neofunctionalization(Child)	Neofunctionalization(Child)	Neofunctionalization(Child)	Neofunctionalization(Child)	classified	Subfunctionalization	discordant
TRD	Pbre1_02G169800	Pbre1_09G423600	Prupe.7G183800.1	16.978045333333334	1.0898605	80.44780783333333	0.4120446056685097	0.8075748351258276	0.4722059370449726	0.1984674584793788	0.4239144192042188	0.2067299943180834	Neofunctionalization(Child)	Neofunctionalization(Child)	Neofunctionalization(Child)	Neofunctionalization(Child)	classified	Neofunctionalization(Child)	Neofunctionalization(Child)
TRD	Pbre1_03G323800	Pbre1_09G426000	Prupe.4G218100.1	11.449657833333331	0.203556	10.942	0.3639483893690244	0.5289546990467294	0.357865841789426	0.1398037294090027	0.3066190141661033	0.1408957592202182	Conservation	Neofunctionalization(Child)	Neofunctionalization(Child)	discordant	classified	Subfunctionalization	discordant
TRD	Pbre1_17G438800	Pbre1_09G429400	Prupe.3G157200.1	1687.610566	134.6522535	4921.722798	0.9829486054035864	0.999697239473505	0.916341230059536	0.3361544543838394	0.409887317032221	0.3413341652150729	Neofunctionalization(Child)	Specialization	Specialization	discordant	classified	Subfunctionalization	discordant
TRD	Pbre1_11G023800	Pbre1_09G431800	Prupe.6G014200.1	35.209427166666664	0.9291838333333332	34.644856833333336	0.3259029225050228	0.6639151357279298	0.4221283743834106	0.1971644836156593	0.2889013824423881	0.1954476525443562	Conservation	Neofunctionalization(Child)	Neofunctionalization(Child)	discordant	classified	Subfunctionalization	discordant
TRD	Pbre1_03G321400	Pbre1_09G437400	Prupe.4G220800.1	60.27083	4.813541	228.217329	0.5413328002431801	0.4210587183921058	0.8255860873892222	0.2606741713189721	0.4611668315607791	0.2746221547227225	Neofunctionalization(Child)	Conservation	Conservation	discordant	classified	Subfunctionalization	discordant
TRD	Pbre1_15G644800	Pbre1_09G438600	Prupe.1G507700.1	2.843532166666667	0.0236019999999999	7.337113833333333	0.4827666037274611	1.0	0.7254579935189402	0.3028146627917052	0.9198675087520528	0.3000378893488089	Neofunctionalization(Child)	Neofunctionalization(Child)	Neofunctionalization(Child)	Neofunctionalization(Child)	classified	Conservation	discordant
TRD	Pbre1_16G155400	Pbre1_09G451200	Prupe.1G260400.1	1.2779425	0.0	70.093435	0.8330948677625027		0.953352693480598								all_zero_expression_profile	Conservation	discordant
TRD	Pbre1_05G119600	Pbre1_09G451800	Prupe.8G097400.1	33.994163	0.0	28.371869666666665	0.4053949932184985		0.4083704909342027								all_zero_expression_profile	Subfunctionalization	discordant
TRD	Pbre1_14G178000	Pbre1_09G454600	Prupe.7G121500.1	0.0040736666666666	2.350255	0.3831425	1.0	0.8555784317305342	0.7800775416820791	1.178195363833764	0.7665988277171218	0.7672407456240723	Specialization	Specialization	Specialization	Specialization	classified	Conservation	discordant
TRD	Pbre1_13G018800	Pbre1_09G461600	Prupe.1G342300.1	2.712008833333333	1.348384	0.9016161666666668	0.570700706161076	0.5097769955354743	0.82169567453656	0.5078318304026919	0.3202191032670009	0.4350942193435223	Neofunctionalization(Parent)	Specialization	Specialization	discordant	classified	Conservation	discordant
TRD	Pbre1_06G413200	Pbre1_09G463600	Prupe.5G242500.1	0.0345901666666666	0.0131761666666666	0.7157953333333333	0.9841835169577446	0.8117043222003929	0.8706836954088033	1.1370445143602288	0.9340822451268358	0.9583960856703212	Specialization	Specialization	Specialization	Specialization	classified	Specialization	Specialization
TRD	Pbre1_01G055800	Pbre1_09G463800	Prupe.6G165900.1	13.005523	0.257915	11.510002833333331	0.5652132807367428	0.8348330249943366	0.5579757685649173	0.1421083993022253	0.5398304680324293	0.1379342952986941	Neofunctionalization(Child)	Neofunctionalization(Child)	Neofunctionalization(Child)	Neofunctionalization(Child)	classified	Subfunctionalization	discordant
TRD	Pbre1_01G055800	Pbre1_09G464000	Prupe.6G165900.1	13.005523	0.4779846666666666	11.510002833333331	0.5652132807367428	0.656198596272338	0.5579757685649173	0.1421083993022253	0.2091433962538794	0.1395963763176512	Conservation	Neofunctionalization(Child)	Neofunctionalization(Child)	discordant	classified	Conservation	discordant
TRD	Pbre1_07G145600	Pbre1_09G468000	Prupe.2G118700.1	37.291832166666666	5.124516	57.3240755	0.5064588771924365	0.3202879891231575	0.3471108101821659	0.2401964024752886	0.0930045979065395	0.2188693863218961	Conservation	Conservation	Conservation	Conservation	classified	Subfunctionalization	discordant
TRD	Pbre1_05G455400	Pbre1_09G470000	Prupe.4G089800.1	16.597408166666668	0.2330325	21.03776	0.1717850410183478	0.9181839711773452	0.4013666031869839	0.1457923777185147	0.6986789639392474	0.1497311061650936	Neofunctionalization(Child)	Neofunctionalization(Child)	Neofunctionalization(Child)	Neofunctionalization(Child)	classified	Subfunctionalization	discordant
TRD	Pbre1_02G348800	Pbre1_09G473200	Prupe.2G125600.1	3.4184755	1.9962245	1.7996496666666668	0.1637641734468413	0.2765957692859224	0.65261981278488	0.2649621696925654	0.3333615950240319	0.2862468600826702	Conservation	Specialization	Conservation	discordant	classified	Conservation	discordant
TRD	Pbre1_06G067400	Pbre1_09G474000	Prupe.5G046300.1	13.731799	0.0485908333333333	13.640832166666666	0.371334900831951	0.9131479003502696	0.4700517349595037	0.2321129290971469	0.577461236104826	0.2309331777522643	Neofunctionalization(Child)	Neofunctionalization(Child)	Neofunctionalization(Child)	Neofunctionalization(Child)	classified	Subfunctionalization	discordant
TRD	Pbre1_06G067600	Pbre1_09G474200	Prupe.5G046400.1	7.4007335	10.086588666666666	19.7605165	0.4175213957611837	0.4136651297157231	0.324274155738999	0.2434747439057642	0.2513345878291964	0.2363849032292042	Conservation	Conservation	Conservation	Conservation	classified	Conservation	Conservation
TRD	Pbre1_14G339800	Pbre1_09G478200	Prupe.5G176800.1	0.9156226666666668	43.73966466666667	12.473781833333334	0.8116190445892517	0.5290058395143729	0.593559638842259	0.2232301180883417	0.4723789268386282	0.4603660963193257	Neofunctionalization(Child)	Neofunctionalization(Parent)	Neofunctionalization(Parent)	discordant	classified	Conservation	discordant
TRD	Pbre1_03G098800	Pbre1_09G481800	Prupe.6G054800.1	867.6348541666666	3.0050478333333333	257.15845633333333	0.806853318329009	0.7771663868340668	0.978552436483851	0.555280305260923	0.8352488937174867	0.5555111467185981	Specialization	Neofunctionalization(Child)	Neofunctionalization(Child)	discordant	classified	Subfunctionalization	discordant
TRD	Pbre1_17G503200	Pbre1_09G487200	Prupe.3G003300.1	5.357750333333334	0.0595961666666666	55.81789233333333	0.5905646487895941	0.8497399328037301	0.8193649560272185	0.3825617892497095	0.876544161171614	0.3849173092693848	Neofunctionalization(Child)	Neofunctionalization(Child)	Neofunctionalization(Child)	Neofunctionalization(Child)	classified	Subfunctionalization	discordant
TRD	Pbre1_17G504200	Pbre1_09G489800	Prupe.3G002700.1	25.824302166666666	8.741027833333334	32.082002833333334	0.7321000128747693	0.4332036555977483	0.4378655462258071	0.240425275035159	0.2517592546064484	0.1893475519193258	Conservation	Conservation	Conservation	Conservation	classified	Conservation	Conservation
TRD	Pbre1_11G171600	Pbre1_09G491000	Prupe.6G086700.1	22.393687	0.0	28.641344	0.8118806270426424		0.5031060691406052								all_zero_expression_profile	Neofunctionalization(Child)	discordant
TRD	Pbre1_09G135000	Pbre1_10G006800	Prupe.3G241300.1	5.645546	0.6255563333333334	10.112636666666669	0.5912619221018213	0.8364170201182869	0.5045547637526806	0.3351335417607411	0.5049830011356715	0.3289527378671352	Neofunctionalization(Child)	Neofunctionalization(Child)	Neofunctionalization(Child)	Neofunctionalization(Child)	classified	Conservation	discordant
TRD	Pbre1_08G156000	Pbre1_10G007000	Prupe.1G431800.1	3.2179755	0.0	11.297688833333334	0.8084765631653698		0.5679061814450531								all_zero_expression_profile	Neofunctionalization(Child)	discordant
TRD	Pbre1_05G018400	Pbre1_10G017000	Prupe.8G016800.1	21.6341495	7.332518833333333	27.96584683333333	0.3687574680129385	0.5355782259297048	0.701715587400631	0.2992724206888427	0.4310365109290355	0.3103851089425355	Neofunctionalization(Child)	Conservation	Conservation	discordant	classified	Neofunctionalization(Child)	discordant
TRD	Pbre1_15G477000	Pbre1_10G026200	Prupe.7G147100.1	16.030634833333334	0.0678431666666666	26.873604	0.4527968106920557	0.809865053959248	0.2935875789694873	0.2462963395910914	0.3675877207992107	0.244485846243785	Conservation	Neofunctionalization(Child)	Neofunctionalization(Child)	discordant	classified	Conservation	discordant
TRD	Pbre1_05G224400	Pbre1_10G027000	Prupe.8G168100.1	0.7167546666666667	0.0124101666666666	3.3407686666666665	0.9582769850611036	1.0	0.9598560570069268	0.1201409946897055	1.2725800348541203	0.1165051209359132	Neofunctionalization(Child)	Specialization	Specialization	discordant	classified	Subfunctionalization	discordant
TRD	Pbre1_02G383600	Pbre1_10G028400	Prupe.2G099200.1	12.924646166666664	19.9107165	17.435376	0.65596151315171	0.6223544692445286	0.4506237611400244	0.2332333158034701	0.1977608745207502	0.0746490896411168	Conservation	Conservation	Conservation	Conservation	classified	Subfunctionalization	discordant
TRD	Pbre1_02G383600	Pbre1_10G037400	Prupe.2G099200.1	12.924646166666664	3.114689333333333	17.435376	0.65596151315171	0.5269675423023643	0.4506237611400244	0.2332333158034701	0.2255854269160404	0.1727424156573201	Conservation	Conservation	Conservation	Conservation	classified	Conservation	Conservation
TRD	Pbre1_11G403800	Pbre1_10G038200	Prupe.4G182900.1	3.2682245	0.0	19.5236015	0.5684108255605983		0.4807226777306381								all_zero_expression_profile	Subfunctionalization	discordant
TRD	Pbre1_17G043600	Pbre1_10G042400	Prupe.3G292700.1	1.0871871666666666	0.0	2.039858166666667	0.5143298470594418		0.5914703972522779								all_zero_expression_profile	Subfunctionalization	discordant
TRD	Pbre1_12G266600	Pbre1_10G042800	Prupe.6G268000.1	0.257074	0.0	0.5464698333333333	0.942017040037733		0.694320000987048								all_zero_expression_profile	Subfunctionalization	discordant
TRD	Pbre1_16G205400	Pbre1_10G044000	Prupe.1G229300.1	71.73016933333334	164.79143916666666	251.084988	0.3140563303879072	0.1994104482803223	0.2272952468696771	0.1089959841360793	0.0784265122881551	0.0838289862587784	Conservation	Conservation	Conservation	Conservation	classified	Neofunctionalization(Parent)	discordant
TRD	Pbre1_10G124600	Pbre1_10G044400	Prupe.8G097200.1	10.583598	10.848304166666669	16.2847125	0.5128604633044201	0.6591344166351389	0.5236186687035304	0.3627715158472483	0.3045362410076755	0.320240296659028	Conservation	Conservation	Conservation	Conservation	classified	Subfunctionalization	discordant
TRD	Pbre1_02G189400	Pbre1_10G052400	Prupe.7G172700.1	249.17252883333333	52.999885	328.4160305	0.165077444444103	0.328000316114282	0.2344256145423066	0.0976395536819905	0.1469706997600426	0.0999665303078937	Conservation	Conservation	Conservation	Conservation	classified	Neofunctionalization(Child)	discordant
TRD	Pbre1_01G284000	Pbre1_10G055600	Prupe.2G250300.1														missing_expression_record		discordant
TRD	Pbre1_15G762200	Pbre1_10G061400	Prupe.1G576600.1	12.694171833333334	0.1860186666666666	28.0267895	0.3477496386763175	0.5877557961255853	0.6861188069103699	0.3417385197035408	0.363992804596264	0.3410648878038267	Conservation	Neofunctionalization(Child)	Neofunctionalization(Child)	discordant	classified	Subfunctionalization	discordant
TRD	Pbre1_16G106400	Pbre1_10G068600	Prupe.1G289000.1	18.11144283333333	0.0	49.06265066666667	0.798159576217483		0.4831072732455482								all_zero_expression_profile	Conservation	discordant
TRD	Pbre1_16G300800	Pbre1_10G071200	Prupe.1G144200.1	32.400556	1.3751141666666666	51.49499716666666	0.517056286278347	0.5686443547526229	0.7084654208299932	0.2424074640441837	0.4167452030530557	0.245244737482433	Neofunctionalization(Child)	Neofunctionalization(Child)	Conservation	Neofunctionalization(Child)	classified	Subfunctionalization	discordant
TRD	Pbre1_09G414600	Pbre1_10G072400	Prupe.3G140300.1	1.4476773333333333	0.033398	6.883543	0.8741989078654729	1.0	0.9346675742943495	0.7561235445553246	1.1679873127793423	0.7650117398536771	Specialization	Specialization	Specialization	Specialization	classified	Neofunctionalization(Parent)	discordant
TRD	Pbre1_03G376200	Pbre1_10G078200	Prupe.4G184700.1	2.265612	0.0096596666666666	77.59518583333333	0.3434237725487601	0.8017590270381696	0.6991082287653752	0.3314490471204709	0.4301376720379614	0.3308118893274363	Neofunctionalization(Child)	Neofunctionalization(Child)	Neofunctionalization(Child)	Neofunctionalization(Child)	classified	Specialization	discordant
TRD	Pbre1_10G140600	Pbre1_10G078800	Prupe.8G110100.1	1.5548096666666666	3.7076486666666666	3.855357	0.9898816413581568	0.997092801671206	0.8487692955918023	1.002938818553258	1.029548431480723	1.021541250696868	Specialization	Specialization	Specialization	Specialization	classified	Conservation	discordant
TRD	Pbre1_13G322200	Pbre1_10G080800	Prupe.1G013200.1	17.522876166666666	0.853831	23.6409235	0.4237859267698146	0.8037481214144444	0.4209826422501715	0.2420675866331252	0.4758163235924425	0.2404834556016966	Neofunctionalization(Child)	Neofunctionalization(Child)	Neofunctionalization(Child)	Neofunctionalization(Child)	classified	Neofunctionalization(Child)	Neofunctionalization(Child)
TRD	Pbre1_13G092400	Pbre1_10G081000	Prupe.1G298700.1	11.8383825	0.0	12.958776	0.4789610687289464		0.6716541715164666								all_zero_expression_profile	Neofunctionalization(Child)	discordant
TRD	Pbre1_08G182000	Pbre1_10G094000	Prupe.1G443600.1	3.036039166666667	2.7808523333333333	6.919042166666667	0.2499608979672941	0.3686337135286313	0.6335732361778774	0.2774115433964614	0.2618997868771912	0.260179118778971	Conservation	Conservation	Conservation	Conservation	classified	Conservation	Conservation
TRD	Pbre1_10G515200	Pbre1_10G096200	Prupe.4G043200.1	5.872893333333334	0.0	30.507906166666665	0.3458837553777118		0.8496344107352065								all_zero_expression_profile	Neofunctionalization(Child)	discordant
TRD	Pbre1_10G515200	Pbre1_10G096400	Prupe.4G043200.1	5.872893333333334	0.0	30.507906166666665	0.3458837553777118		0.8496344107352065								all_zero_expression_profile	Specialization	discordant
TRD	Pbre1_03G395400	Pbre1_10G103000	Prupe.4G172200.1	8.600871	1.0552611666666667	4.727380833333333	0.3148018193097234	0.4478729754466951	0.5003381352585435	0.2188232993461584	0.1554433965387372	0.2046093372075599	Conservation	Neofunctionalization(Child)	Conservation	discordant	classified	Conservation	discordant
TRD	Pbre1_03G395400	Pbre1_10G103200	Prupe.4G172200.1	8.600871	1.0156541666666667	4.727380833333333	0.3148018193097234	0.509757302062485	0.5003381352585435	0.2188232993461584	0.0991277452192471	0.1923308916334243	Conservation	Neofunctionalization(Child)	Neofunctionalization(Child)	discordant	classified	Neofunctionalization(Child)	discordant
TRD	Pbre1_02G174600	Pbre1_10G104200	Prupe.7G181700.1	12.511818166666666	0.7705538333333333	24.74425433333333	0.2240458057196047	0.5154501566892193	0.3504228314535913	0.1303676383644388	0.2055450171259185	0.118343553742781	Conservation	Neofunctionalization(Child)	Neofunctionalization(Child)	discordant	classified	Subfunctionalization	discordant
TRD	Pbre1_03G314400	Pbre1_10G108200	Prupe.4G225000.1	9.090436833333332	0.0055686666666666	50.282609666666666	0.3912450328238798	1.0	0.5351117246007673	0.2764319723333285	1.0112489100716977	0.2763992711774136	Neofunctionalization(Child)	Neofunctionalization(Child)	Neofunctionalization(Child)	Neofunctionalization(Child)	classified	Conservation	discordant
TRD	Pbre1_03G329600	Pbre1_10G110400	Prupe.4G213900.1	8.509337333333335	0.1071436666666666	549.2349985	0.8964352684307455	0.7027155394141922	0.5736070840752481	0.4428709217003789	0.5938774870116507	0.4363513878990552	Specialization	Specialization	Neofunctionalization(Child)	Specialization	classified		discordant
TRD	Pbre1_07G443800	Pbre1_10G116400	Prupe.2G295900.1	83.0318865	2.4671363333333334	78.08069633333334	0.4443599974472816	0.4337851932331267	0.6527250975931579	0.2788604223092495	0.4200379919006075	0.2804860254260517	Neofunctionalization(Child)	Neofunctionalization(Child)	Neofunctionalization(Child)	Neofunctionalization(Child)	classified	Neofunctionalization(Child)	Neofunctionalization(Child)
TRD	Pbre1_13G200800	Pbre1_10G117200	Prupe.1G227300.1	18.395790666666667	0.1183963333333333	21.2896515	0.527202809400335	0.8266954641358526	0.5145810591189148	0.3050120082328551	0.5484028320105256	0.3041934267882096	Neofunctionalization(Child)	Neofunctionalization(Child)	Neofunctionalization(Child)	Neofunctionalization(Child)	classified	Specialization	discordant
TRD	Pbre1_03G394600	Pbre1_10G117800	Prupe.4G172700.1	13.242427666666666	6.258353333333334	16.293043	0.3112080901927087	0.6659511145585956	0.1872269492770991	0.070256538317935	0.3539795010165941	0.1004734584916368	Conservation	Neofunctionalization(Child)	Conservation	discordant	classified	Neofunctionalization(Parent)	discordant
TRD	Pbre1_16G169400	Pbre1_10G120800	Prupe.1G251800.1	19.751815666666666	0.0231891666666666	37.87134383333333	0.5351781481645099	1.0	0.4728182252641961	0.2991963367439433	1.0677693398736228	0.2992504699674438	Neofunctionalization(Child)	Neofunctionalization(Child)	Neofunctionalization(Child)	Neofunctionalization(Child)	classified	Subfunctionalization	discordant
TRD	Pbre1_10G125600	Pbre1_10G122600	Prupe.8G098000.1	122.38669783333332	31.396455666666668	180.34054483333333	0.4905872006156563	0.863689931816148	0.5161956060531016	0.1409076375082945	0.4051794651254958	0.140564828127073	Neofunctionalization(Child)	Conservation	Conservation	discordant	classified	Neofunctionalization(Child)	discordant
TRD	Pbre1_13G323000	Pbre1_10G130400	Prupe.1G013700.1	202.023812	0.0	280.19209516666666	0.3956072031215442		0.6736030300905662								all_zero_expression_profile	Neofunctionalization(Child)	discordant
TRD	Pbre1_07G127200	Pbre1_10G132000	Prupe.2G107900.1	16.776540833333332	0.0	33.19269933333334	0.1869725973327772		0.7525624254850897								all_zero_expression_profile	Neofunctionalization(Child)	discordant
TRD	Pbre1_01G370000	Pbre1_10G134800	Prupe.2G296200.1	0.9614545	0.0280998333333333	15.733916666666667	0.9045904333262752	0.9004015992892048	0.5510338475890066	0.5448031652412278	0.6751129395243841	0.5248154440262872	Specialization	Specialization	Specialization	Specialization	classified	Subfunctionalization	discordant
TRD	Pbre1_10G356400	Pbre1_10G136000	Prupe.4G139500.1	0.0545851666666666	0.0	3.083623333333333	0.6625504611244215		0.735877089736373								all_zero_expression_profile	Neofunctionalization(Parent)	discordant
TRD	Pbre1_17G136000	Pbre1_10G137000	Prupe.3G240400.1	10.9927835	0.0	23.029978666666665	0.2272998500394755		0.3505353666978941								all_zero_expression_profile	Conservation	discordant
TRD	Pbre1_03G386200	Pbre1_10G144800	Prupe.4G177700.1	5.839482666666667	0.0872678333333333	5.72331	0.7896270452239671	0.909234835822056	0.5298076858334839	0.3107960807403219	0.7102040722952948	0.3061213757756332	Neofunctionalization(Child)	Specialization	Neofunctionalization(Child)	discordant	classified	Conservation	discordant
TRD	Pbre1_08G112200	Pbre1_10G153200	Prupe.1G407900.1	18.455849666666666	39.3525065	90.15506316666666	0.5133128907647564	0.4743896560554065	0.4233696707670032	0.2279634950226738	0.0841382598633677	0.0784704971093092	Conservation	Conservation	Conservation	Conservation	classified	Conservation	Conservation
TRD	Pbre1_08G125200	Pbre1_10G156000	Prupe.1G416400.1	3.2542323333333334	24.468214166666662	9.080155666666666	0.9937707126205606	0.4351776593894707	0.9789257705276664	0.0934076906574478	0.936728143258825	0.8197670569621678	Neofunctionalization(Child)	Specialization	Specialization	discordant	classified	Specialization	discordant
TRD	Pbre1_05G149600	Pbre1_10G159400	Prupe.8G123800.1	20.74438083333333	2.986756333333333	26.058166666666665	0.5191012568555877	0.2248146210291433	0.3855233414562727	0.1539234717535011	0.1481954924417912	0.148057424081124	Conservation	Conservation	Conservation	Conservation	classified	Subfunctionalization	discordant
TRD	Pbre1_10G562800	Pbre1_10G160800	Prupe.4G016700.1	27.565943166666667	0.4084563333333333	67.58063883333334	0.2166929726035684	0.6101493557521399	0.3665117909829979	0.1339022687970011	0.3518635103796174	0.1347598544699961	Conservation	Neofunctionalization(Child)	Neofunctionalization(Child)	discordant	classified	Subfunctionalization	discordant
TRD	Pbre1_02G246800	Pbre1_10G166800	Prupe.7G142700.1	2.1347915	62.4620325	4.080719833333333	0.6525648091301106	0.9797303943912212	0.9146704932299802	0.3789377660458277	1.0758158789337082	1.0468746301036016	Neofunctionalization(Child)	Specialization	Specialization	discordant	classified	Subfunctionalization	discordant
TRD	Pbre1_05G163200	Pbre1_10G167800	Prupe.8G131700.1	78.9035665	6.92439	75.090726	0.5033214949450415	0.3225244376295934	0.2720442787996585	0.1995004878760469	0.089342600931161	0.1828725530070075	Conservation	Conservation	Conservation	Conservation	classified	Subfunctionalization	discordant
TRD	Pbre1_16G288200	Pbre1_10G168400	Prupe.1G137300.1	3.6207586666666662	0.0230246666666666	4.943110333333333	0.8552214436528967	0.9189543281456616	0.9466044164844254	0.9303733794492072	1.0785972115814026	0.9288118632061516	Specialization	Specialization	Specialization	Specialization	classified	Subfunctionalization	discordant
TRD	Pbre1_16G099800	Pbre1_10G172600	Prupe.1G293400.1	45.1695815	7.8009135	59.9991405	0.3625256805665917	0.5949252975377894	0.6852483975874791	0.2076644803334019	0.4260388160404426	0.2247209297141641	Neofunctionalization(Child)	Conservation	Conservation	discordant	classified	Conservation	discordant
TRD	Pbre1_05G172200	Pbre1_10G176800	Prupe.8G138100.1	1.8739138333333332	0.0	1.401622	0.2763315928179917		0.4092500941454903								all_zero_expression_profile	Subfunctionalization	discordant
TRD	Pbre1_05G177400	Pbre1_10G180600	Prupe.8G140600.1	0.6039948333333334	0.252707	1.543915	0.8618392500306763	0.7285588360122318	0.9208615499214202	0.7156113803260923	0.4989389855341746	0.6498908146521964	Specialization	Specialization	Specialization	Specialization	classified	Subfunctionalization	discordant
TRD	Pbre1_04G164000	Pbre1_10G188200	Prupe.6G235000.1	22.54606233333333	0.0	32.488736833333334	0.3158383523825668		0.345607557831959								all_zero_expression_profile	Subfunctionalization	discordant
TRD	Pbre1_07G193800	Pbre1_10G190400	Prupe.2G146800.1	30.299012	0.0295463333333333	32.14423933333333	0.5008536094320923	1.0	0.3717025739327811	0.2224429636761721	0.8353796664171954	0.2218587506063463	Neofunctionalization(Child)	Neofunctionalization(Child)	Neofunctionalization(Child)	Neofunctionalization(Child)	classified	Neofunctionalization(Parent)	discordant
TRD	Pbre1_13G343200	Pbre1_10G191000	Prupe.1G026500.1	2.0245025	0.0	2.8593591666666667	0.6824759068483346		0.3199755938546577								all_zero_expression_profile	Subfunctionalization	discordant
TRD	Pbre1_16G291000	Pbre1_10G191200	Prupe.1G138800.1	0.299603	3.091387666666667	3.2735000000000003	0.6361050987182624	0.944090795674206	0.9636327412879664	0.7686648061020819	1.0629903965175382	1.011915013371826	Specialization	Specialization	Specialization	Specialization	classified	Conservation	discordant
TRD	Pbre1_15G686000	Pbre1_10G195200	Prupe.1G528500.1	3.2202085	0.0243331666666666	14.672921333333331	0.4541216664205659	1.0	0.8581186100772097	0.5070031268876412	1.1262256376924635	0.506063494105641	Specialization	Specialization	Neofunctionalization(Child)	Specialization	classified	Subfunctionalization	discordant
TRD	Pbre1_09G473800	Pbre1_10G200600	Prupe.3G010700.1	5.8464263333333335	0.0	1.9400338333333331	0.6785219205215708		0.6833337882934977								all_zero_expression_profile	Specialization	discordant
TRD	Pbre1_05G210000	Pbre1_10G210800	Prupe.8G161000.1	6.8423	0.936024	7.014726333333333	0.3349752042154519	0.5643307704235763	0.8064366068443803	0.3274343217928152	0.3143868718385735	0.3109380243840371	Conservation	Neofunctionalization(Child)	Neofunctionalization(Child)	discordant	classified	Subfunctionalization	discordant
TRD	Pbre1_05G210000	Pbre1_10G211000	Prupe.8G161000.1	6.8423	0.307955	7.014726333333333	0.3349752042154519	0.8553282694503099	0.8064366068443803	0.3274343217928152	0.6431138808798802	0.3252363148785191	Neofunctionalization(Child)	Neofunctionalization(Child)	Neofunctionalization(Child)	Neofunctionalization(Child)	classified	Subfunctionalization	discordant
TRD	Pbre1_05G210000	Pbre1_10G211200	Prupe.8G161000.1	6.8423	0.32626	7.014726333333333	0.3349752042154519	0.977087329553898	0.8064366068443803	0.3274343217928152	0.9481444263009408	0.3269056797725743	Neofunctionalization(Child)	Neofunctionalization(Child)	Neofunctionalization(Child)	Neofunctionalization(Child)	classified	Subfunctionalization	discordant
TRD	Pbre1_05G219000	Pbre1_10G220000	Prupe.8G165500.1	13.664612	0.6767165	28.99374	0.2878046397894248	0.800054274351429	0.6945215517168737	0.3016105264869408	0.4599870443090827	0.303216047086243	Neofunctionalization(Child)	Neofunctionalization(Child)	Neofunctionalization(Child)	Neofunctionalization(Child)	classified	Conservation	discordant
TRD	Pbre1_05G224000	Pbre1_10G224200	Prupe.8G167900.1	23.456143666666662	7.671758833333333	50.73740216666667	0.6313630205842369	0.5482993833907394	0.5795768197265543	0.072327046357578	0.3022908406265669	0.0778649403466135	Conservation	Conservation	Conservation	Conservation	classified	Subfunctionalization	discordant
TRD	Pbre1_05G227000	Pbre1_10G227200	Prupe.8G169500.1														missing_expression_record		discordant
TRD	Pbre1_05G227000	Pbre1_10G227400	Prupe.8G169500.1														missing_expression_record		discordant
TRD	Pbre1_05G229600	Pbre1_10G229000	Prupe.8G170300.1	0.497492	0.6312854999999999	1.5904195	0.6182808900737831	0.651613216138387	0.7113371874938389	0.4126902977423832	0.2152433348511422	0.2920377096527699	Neofunctionalization(Parent)	Specialization	Neofunctionalization(Parent)	discordant	classified	Subfunctionalization	discordant
TRD	Pbre1_05G230200	Pbre1_10G230600	Prupe.8G170700.1	11.199109	2.540249	22.4432905	0.1981751172671919	0.3951624712110007	0.3364319385094245	0.0629208185765754	0.1023388504760765	0.0616605750190172	Conservation	Conservation	Conservation	Conservation	classified	Conservation	Conservation
TRD	Pbre1_15G228600	Pbre1_10G235200	Prupe.1G485100.1	38.78546866666667	1.0832103333333334	48.97274066666667	0.6272586986018363	0.2043435466092899	0.2818169638524957	0.2834798730428599	0.1120262940971855	0.2765652969555881	Conservation	Neofunctionalization(Child)	Conservation	discordant	classified	Subfunctionalization	discordant
TRD	Pbre1_05G240800	Pbre1_10G237400	Prupe.8G176300.1	19.478797	0.0	41.702132	0.844144938962201		0.7920955118706894								all_zero_expression_profile	Subfunctionalization	discordant
TRD	Pbre1_10G238800	Pbre1_10G246000	Prupe.8G176300.1	1.6171576666666667	0.21441	41.702132	0.7276132824024624	0.722297499271263	0.7920955118706894	0.5940557824163428	0.4126425770925444	0.5656385588071974	Specialization	Specialization	Specialization	Specialization	classified	Subfunctionalization	discordant
TRD	Pbre1_05G592800	Pbre1_10G262800	Prupe.4G008500.1	120.61735016666668	0.0	45.44571316666666	0.5434688507127658		0.3802176518494292								all_zero_expression_profile	Subfunctionalization	discordant
TRD	Pbre1_10G263600	Pbre1_10G265600	Prupe.8G188000.1	1.018715	0.7350423333333334	1.446275166666667	0.5030777940129332	0.5308692736480848	0.6608401551684663	0.3875529912385871	0.391094148923661	0.3842833444963384	Conservation	Specialization	Neofunctionalization(Child)	discordant	classified	Subfunctionalization	discordant
TRD	Pbre1_05G272600	Pbre1_10G266800	Prupe.8G188700.1	2.3417383333333333	0.2786688333333333	6.490407333333334	0.2512251819414174	0.7069117343478133	0.3796646273322215	0.1443230206064865	0.3114612898691684	0.1400431365017202	Conservation	Neofunctionalization(Child)	Neofunctionalization(Child)	discordant	classified	Conservation	discordant
TRD	Pbre1_10G186800	Pbre1_10G268200	Prupe.8G144400.1	8.2172425	0.0	12.8466225	0.4564439397264117		0.387907973474168								all_zero_expression_profile	Conservation	discordant
TRD	Pbre1_08G316800	Pbre1_10G270400	Prupe.6G192700.1	123.57822233333331	0.2822356666666666	938.3929011666668	0.1736294938676048	0.9689263501472342	0.3442239881522885	0.1548054942900416	0.7020807189726487	0.1539391008049572	Neofunctionalization(Child)	Neofunctionalization(Child)	Neofunctionalization(Child)	Neofunctionalization(Child)	classified	Specialization	discordant
TRD	Pbre1_17G031400	Pbre1_10G270600	Prupe.3G299300.1	21.348497666666667	0.0	43.47916416666666	0.3785946978628557		0.6220361953467481								all_zero_expression_profile	Conservation	discordant
TRD	Pbre1_05G287400	Pbre1_10G282000	Prupe.8G196600.1	1.2422543333333331	9.179763	10.607156	0.6362292274056613	0.4699685361304987	0.6667683033348484	0.5485909054272687	0.2326392637147941	0.2656094039590455	Neofunctionalization(Parent)	Neofunctionalization(Parent)	Neofunctionalization(Parent)	Neofunctionalization(Parent)	classified	Specialization	discordant
TRD	Pbre1_07G403000	Pbre1_10G282400	Prupe.2G274500.1	37.93580083333333	4.833326166666667	89.119372	0.6716899594615728	0.3225744973176457	0.6803187973913767	0.3386174757704251	0.2629419418846553	0.3115283390858271	Conservation	Conservation	Conservation	Conservation	classified	Conservation	Conservation
TRD	Pbre1_07G403000	Pbre1_10G282600	Prupe.2G274500.1	37.93580083333333	5.749666	89.119372	0.6716899594615728	0.2120239092647327	0.6803187973913767	0.3386174757704251	0.241302666609062	0.3146915824147118	Conservation	Conservation	Conservation	Conservation	classified	Subfunctionalization	discordant
TRD	Pbre1_01G328200	Pbre1_10G282800	Prupe.2G274700.1	0.0057351666666666	0.0	0.0167798333333333	1.0		1.0								all_zero_expression_profile	Subfunctionalization	discordant
TRD	Pbre1_17G038400	Pbre1_10G304000	Prupe.3G294600.1	3.8381791666666665	0.0	49.17713883333334	0.4147459449358968		0.7571541575986712								all_zero_expression_profile	Conservation	discordant
TRD	Pbre1_10G368200	Pbre1_10G315000	Prupe.4G134000.1	0.0117426666666666	0.0	0.112287	0.8500732573443592		0.7008542322652344								all_zero_expression_profile	Subfunctionalization	discordant
TRD	Pbre1_05G337200	Pbre1_10G321000	Prupe.8G221300.1	8.267355333333333	2.980650333333333	8.24338	0.5812853150947447	0.4287959443862405	0.3499113264221482	0.2374276954299614	0.0977573136636619	0.1757021683521286	Conservation	Conservation	Conservation	Conservation	classified	Subfunctionalization	discordant
TRD	Pbre1_03G142400	Pbre1_10G326800	Prupe.6G079100.1	123.84444083333334	25.050694666666665	96.83735916666669	0.8638309413837941	0.4029804839831756	0.3055127199232054	0.4386750635367827	0.1991101411196766	0.375342701395371	Neofunctionalization(Parent)	Conservation	Conservation	discordant	classified	Conservation	discordant
TRD	Pbre1_05G344800	Pbre1_10G328800	Prupe.8G225300.1	3.478926	0.4578148333333333	10.336034833333333	0.4741827819377756	0.4816158673328617	0.3648917871539658	0.1875151156583182	0.2674733274424089	0.18605950471352	Conservation	Neofunctionalization(Child)	Neofunctionalization(Child)	discordant	classified	Conservation	discordant
TRD	Pbre1_16G057200	Pbre1_10G334000	Prupe.1G321400.1	14.703330833333332	4.1783185000000005	18.27991983333333	0.5035955615142622	0.5894516004120669	0.6074822601798512	0.3120440016938013	0.3544224993521807	0.3039980280931582	Conservation	Neofunctionalization(Child)	Neofunctionalization(Child)	discordant	classified	Subfunctionalization	discordant
TRD	Pbre1_04G275000	Pbre1_10G334800	Prupe.6G290800.1	22.57587833333333	0.0389331666666666	56.93021866666667	0.8793933178865071	1.0	0.6396484487493479	0.7247105616211325	1.0296554415148484	0.7239862580878742	Specialization	Neofunctionalization(Child)	Neofunctionalization(Child)	discordant	classified	Subfunctionalization	discordant
TRD	Pbre1_08G094800	Pbre1_10G339800	Prupe.1G393800.1	3.5211551666666665	0.0670438333333333	5.764164166666666	0.5697217228935377	1.0	0.5958224295408283	0.1458143639887051	1.0617096807912456	0.1531322965776204	Neofunctionalization(Child)	Specialization	Specialization	discordant	classified	Neofunctionalization(Child)	discordant
TRD	Pbre1_16G335000	Pbre1_10G343600	Prupe.1G016800.1	18.971313833333333	9.133078166666667	14.245324666666669	0.6400195138356076	0.4801449497538959	0.5302779439899614	0.3124790210160171	0.2715399456289536	0.2831006915749508	Conservation	Conservation	Conservation	Conservation	classified	Neofunctionalization(Child)	discordant
TRD	Pbre1_15G319400	Pbre1_10G347400	Prupe.7G237800.1	135.06614166666668	0.0136188333333333	224.0080275	0.7068322588870022	1.0	0.3737389816024731	0.2875402575627982	0.9693304968560044	0.2875052411804085	Neofunctionalization(Child)	Neofunctionalization(Child)	Neofunctionalization(Child)	Neofunctionalization(Child)	classified	Conservation	discordant
TRD	Pbre1_05G351600	Pbre1_10G350400	Prupe.8G229200.1														missing_expression_record		discordant
TRD	Pbre1_05G378600	Pbre1_10G358200	Prupe.4G138300.1	226.106021	1.7293398333333334	3.887933333333333	0.9999934780680334	1.0	0.99945102559588	0.0031539054612349	0.0031927060992952	0.0031541992282036	Conservation	Conservation	Conservation	Conservation	classified	Conservation	Conservation
TRD	Pbre1_05G384200	Pbre1_10G363200	Prupe.4G134800.1	0.8020373333333334	1.032735	1.428839	0.4715021012219787	0.4044823860868091	0.4423482603596732	0.1356010257423108	0.1923745739034366	0.1529326848727743	Conservation	Specialization	Neofunctionalization(Parent)	discordant	classified	Subfunctionalization	discordant
TRD	Pbre1_05G386200	Pbre1_10G365600	Prupe.4G132700.1	11.782430333333334	0.0	11.685658	0.3832108662308237		0.5806081915453405								all_zero_expression_profile	Neofunctionalization(Child)	discordant
TRD	Pbre1_05G392400	Pbre1_10G371800	Prupe.4G129400.1	2.945780333333333	0.4831296666666667	4.578360333333333	0.6466196068314198	0.4848730052806022	0.6809553690381784	0.4005907497627095	0.2950006804683274	0.3604730205353443	Neofunctionalization(Parent)	Neofunctionalization(Child)	Neofunctionalization(Child)	discordant	classified	Subfunctionalization	discordant
TRD	Pbre1_05G397600	Pbre1_10G378400	Prupe.4G126200.1	21.4500025	40.824203833333335	42.78283233333333	0.6459606695403095	0.73624694953832	0.6608500194890193	0.3579099820384198	0.561921260610762	0.4739472503904406	Neofunctionalization(Child)	Conservation	Conservation	discordant	classified	Neofunctionalization(Parent)	discordant
TRD	Pbre1_17G380000	Pbre1_10G399400	Prupe.3G088700.1	55.2535625	0.0	101.73946033333334	0.2425835978922082		0.7062189255009109								all_zero_expression_profile	Neofunctionalization(Child)	discordant
TRD	Pbre1_05G419200	Pbre1_10G400800	Prupe.4G112300.1	8.707360166666668	0.6667333333333333	9.6159035	0.2585313664381091	0.6119065260087735	0.5190768616700489	0.1822733477632945	0.1808478402736036	0.1679545486801115	Conservation	Neofunctionalization(Child)	Neofunctionalization(Child)	discordant	classified	Specialization	discordant
TRD	Pbre1_05G420000	Pbre1_10G401800	Prupe.4G111800.1	1.2617196666666666	0.3302056666666667	3.5048351666666666	0.4942323397685701	0.4640084697753466	0.6412811921170447	0.2910594702667051	0.2926785505674522	0.2781184916276177	Conservation	Specialization	Neofunctionalization(Child)	discordant	classified	Neofunctionalization(Child)	discordant
TRD	Pbre1_09G306000	Pbre1_10G415400	Prupe.3G040200.1	15.877988166666668	7.4872825	37.42013533333333	0.3233667589036408	0.6138393898063675	0.3695734314760934	0.136368122437671	0.1912687951377145	0.1400537597490007	Conservation	Conservation	Conservation	Conservation	classified	Neofunctionalization(Parent)	discordant
TRD	Pbre1_05G452400	Pbre1_10G426600	Prupe.4G091400.1	4.359045666666667	0.0900593333333333	6.102464333333334	0.5664178577497749	0.9427629527543124	0.7428404513214317	0.2589875426338404	0.8109097377613037	0.2588106177320409	Neofunctionalization(Child)	Neofunctionalization(Child)	Neofunctionalization(Child)	Neofunctionalization(Child)	classified	Neofunctionalization(Child)	Neofunctionalization(Child)
TRD	Pbre1_05G014800	Pbre1_10G432200	Prupe.8G012700.1														missing_expression_record		discordant
TRD	Pbre1_07G499000	Pbre1_10G434000	Prupe.2G322800.1	0.16562	0.1179679999999999	0.3366018333333333	0.9373126437389304	0.9803162070057172	0.7113550773816653	0.7785728470181436	0.8167304899352397	0.5349201405295092	Specialization	Conservation	Specialization	discordant	classified	Neofunctionalization(Child)	discordant
TRD	Pbre1_10G581600	Pbre1_10G439800	Prupe.4G007900.1	2.934774	5.158636333333334	35.53253516666667	0.3621181628085526	0.632777280023516	0.5425299556109862	0.1361289040654053	0.2240280098409606	0.1765249910380187	Conservation	Conservation	Conservation	Conservation	classified	Subfunctionalization	discordant
TRD	Pbre1_16G014600	Pbre1_10G440400	Prupe.1G343600.1	2.2923560000000003	5.5294091666666665	6.975211833333334	0.8640186431900568	0.8462393183354624	0.7706197620536248	0.6548823535151921	0.3897458981343332	0.3284299707884543	Neofunctionalization(Parent)	Specialization	Subfunctionalization	discordant	classified	Neofunctionalization(Parent)	discordant
TRD	Pbre1_05G472800	Pbre1_10G446600	Prupe.4G081000.1	26.340318166666663	0.029819	2.4174081666666667	0.7341030062698708	0.8748171102972583	0.9356623690654358	0.759289651113697	0.5818121419923641	0.7587153030194126	Specialization	Specialization	Specialization	Specialization	classified	Conservation	discordant
TRD	Pbre1_05G478200	Pbre1_10G451400	Prupe.4G078300.1	0.8975513333333333	0.4594283333333333	15.132831833333334	0.9646288669571378	0.5640316118903344	0.7796340338360909	0.9287703048725992	0.5419026595463485	0.7424203542882712	Specialization	Specialization	Specialization	Specialization	classified	Subfunctionalization	discordant
TRD	Pbre1_05G486400	Pbre1_10G459400	Prupe.4G073400.1	0.8962853333333334	0.258385	0.3747671666666666	0.6470349801495698	0.5285940105238085	0.5682048962228897	0.4155114259508599	0.3463131808392997	0.3865348701819478	Neofunctionalization(Parent)	Neofunctionalization(Parent)	Specialization	Neofunctionalization(Parent)	classified	Neofunctionalization(Parent)	Neofunctionalization(Parent)
TRD	Pbre1_09G154200	Pbre1_10G476400	Prupe.3G231800.1	0.0	0.0	0.0											all_zero_expression_profile	Conservation	discordant
TRD	Pbre1_01G313000	Pbre1_10G491800	Prupe.2G266800.1	22.230034166666663	1.330248	42.88742233333333	0.3830104847439172	0.4235170164485444	0.2230918276173172	0.1289479971255956	0.1139069683617167	0.1171467859047721	Conservation	Neofunctionalization(Child)	Neofunctionalization(Child)	discordant	classified	Specialization	discordant
TRD	Pbre1_03G081600	Pbre1_10G499000	Prupe.6G049000.1	0.0	1.69661	51.31754816666667		0.3285574747525766	0.4459724280926207								all_zero_expression_profile	Specialization	discordant
TRD	Pbre1_05G526400	Pbre1_10G505600	Prupe.4G047800.1	0.0271885	6.754305	389.5654565	0.7929611377955211	0.7681837712559916	0.9956317625946396	1.1202687608600257	1.1268896512346296	1.1263202837841866	Specialization	Specialization	Specialization	Specialization	classified	Conservation	discordant
TRD	Pbre1_05G195000	Pbre1_10G517400	Prupe.8G150500.1	12.889957666666668	0.0	47.62186233333333	0.4494271598401257		0.4139739631492493								all_zero_expression_profile	Conservation	discordant
TRD	Pbre1_10G535800	Pbre1_10G533200	Prupe.4G031100.1	12.241323833333333	5.282069666666667	19.933915	0.6135517728519007	0.715718014748157	0.2906254968244671	0.2926822378021187	0.4035766582282945	0.2067189460334081	Neofunctionalization(Child)	Conservation	Conservation	discordant	classified	Neofunctionalization(Child)	discordant
TRD	Pbre1_17G440400	Pbre1_10G543200	Prupe.3G143600.1														missing_expression_record		discordant
TRD	Pbre1_02G162400	Pbre1_10G548800	Prupe.7G188800.1	9.079775333333334	21.952580333333334	70.59046533333333	0.8427587913643325	0.6686118458639896	0.9437541510015665	0.9180012101706484	0.4549837794721909	0.5817589989154536	Specialization	Neofunctionalization(Parent)	Neofunctionalization(Parent)	discordant	classified	Conservation	discordant
TRD	Pbre1_07G320200	Pbre1_10G551200	Prupe.2G227100.1	19.171101666666665	0.6700086666666667	168.90649333333334	0.590161902392544	0.8395795687293596	0.699939795490295	0.3832787100543269	0.5245470660036043	0.3854447979753929	Neofunctionalization(Child)	Neofunctionalization(Child)	Neofunctionalization(Child)	Neofunctionalization(Child)	classified	Subfunctionalization	discordant
TRD	Pbre1_13G412400	Pbre1_10G570800	Prupe.1G077400.1	47.11967033333333	0.0115598333333333	34.03093066666666	0.6271386880760085	0.8285500066943365	0.4191166101455081	0.267860750733705	0.5293088426362506	0.2677233783179262	Neofunctionalization(Child)	Neofunctionalization(Child)	Neofunctionalization(Child)	Neofunctionalization(Child)	classified	Subfunctionalization	discordant
TRD	Pbre1_13G412400	Pbre1_10G571200	Prupe.1G077400.1	47.11967033333333	0.0139056666666666	34.03093066666666	0.6271386880760085	0.8307903354279139	0.4191166101455081	0.267860750733705	0.6389773594991186	0.2677588323401734	Neofunctionalization(Child)	Neofunctionalization(Child)	Neofunctionalization(Child)	Neofunctionalization(Child)	classified	Neofunctionalization(Child)	Neofunctionalization(Child)
TRD	Pbre1_05G595000	Pbre1_10G583400	Prupe.4G007000.1	11.987611166666667	0.794482	37.39855416666666	0.9395254833880544	0.7527461417968528	0.6991655170073304	0.5782288131143544	0.2845978622258454	0.5371792231004385	Neofunctionalization(Parent)	Specialization	Specialization	discordant	classified	Neofunctionalization(Child)	discordant
TRD	Pbre1_14G321000	Pbre1_10G592400	Prupe.5G167200.1	18.846839666666664	0.8056288333333333	52.452792	0.4982045919638336	0.6886614285676506	0.3619449304101813	0.1149573518532701	0.3997195025614526	0.1093875373093042	Neofunctionalization(Child)	Neofunctionalization(Child)	Neofunctionalization(Child)	Neofunctionalization(Child)	classified	Neofunctionalization(Child)	Neofunctionalization(Child)
TRD	Pbre1_16G129000	Pbre1_11G001800	Prupe.1G276700.1	252.6987735	0.0	97.9440705	0.6059249156564152		0.4952329709951502								all_zero_expression_profile	Neofunctionalization(Parent)	discordant
TRD	Pbre1_12G048000	Pbre1_11G004000	Prupe.7G109000.1	10.325015166666669	0.2927678333333333	20.81291166666667	0.2352855134122758	0.8250980149439442	0.6835707620194331	0.2966095517388362	0.6778230359806153	0.3029328819402014	Neofunctionalization(Child)	Neofunctionalization(Child)	Neofunctionalization(Child)	Neofunctionalization(Child)	classified	Subfunctionalization	discordant
TRD	Pbre1_03G012200	Pbre1_11G012200	Prupe.6G005900.1	16.4979845	109.68736683333331	16.405970166666666	0.7027488063571535	0.8926891078423254	0.7864856609054849	0.561520799369643	0.7818591813328386	0.7153183741035902	Specialization	Neofunctionalization(Parent)	Neofunctionalization(Parent)	discordant	classified	Neofunctionalization(Parent)	discordant
TRD	Pbre1_11G378400	Pbre1_11G019200	Prupe.4G197400.1	9.203667333333334	0.0	22.563549	0.4026558883285158		0.3005044216415983								all_zero_expression_profile	Subfunctionalization	discordant
TRD	Pbre1_15G377200	Pbre1_11G020000	Prupe.7G206300.1	3.230119833333333	0.0	6.2494995	0.8076332742173202		0.6674142260507712								all_zero_expression_profile	Specialization	discordant
TRD	Pbre1_05G531200	Pbre1_11G020600	Prupe.4G044100.1	109.445958	0.1232925	618.3621608333333	0.7995443723600404	0.8081048507788846	0.7491242177524796	0.5980192004540174	0.6386413833982941	0.5979439377037183	Specialization	Specialization	Specialization	Specialization	classified	Neofunctionalization(Child)	discordant
TRD	Pbre1_11G205600	Pbre1_11G025000	Prupe.6G102400.1	68.66813716666667	0.4394148333333333	97.17526766666668	0.3622879569008823	0.8920511128371945	0.5940362785183262	0.1667515027747166	0.65335692610868	0.1683037669227081	Neofunctionalization(Child)	Neofunctionalization(Child)	Neofunctionalization(Child)	Neofunctionalization(Child)	classified	Neofunctionalization(Child)	Neofunctionalization(Child)
TRD	Pbre1_04G370800	Pbre1_11G032000	Prupe.6G341500.1	38.8981115	0.0630375	90.58698683333334	0.7943600429623813	1.0	0.8144474243938307	0.0977457204388757	0.5522183515524351	0.0975908477376332	Neofunctionalization(Child)	Neofunctionalization(Child)	Neofunctionalization(Child)	Neofunctionalization(Child)	classified	Conservation	discordant
TRD	Pbre1_11G464600	Pbre1_11G049000	Prupe.8G236500.1	57.61660483333333	2.117955	52.380439	0.3736841841704323	0.994474849683898	0.4251274791820399	0.1756575917307797	0.8150230312507739	0.1504419847560311	Neofunctionalization(Child)	Neofunctionalization(Child)	Neofunctionalization(Child)	Neofunctionalization(Child)	classified	Subfunctionalization	discordant
TRD	Pbre1_04G088800	Pbre1_11G052400	Prupe.5G052300.1	9.657005666666668	1.6637411666666668	22.014771166666662	0.5691787347099393	0.8634723366555328	0.6593779892683636	0.3559155646501419	0.299864457989719	0.2878217072802002	Conservation	Neofunctionalization(Child)	Neofunctionalization(Child)	discordant	classified	Neofunctionalization(Parent)	discordant
TRD	Pbre1_09G325000	Pbre1_11G054400	Prupe.3G050700.1	43.08771483333334	31.329471166666668	32.661438833333335	0.244226220737742	0.5240008890484155	0.4644089854512468	0.156108451888052	0.1539674096233936	0.1404044746804751	Conservation	Conservation	Conservation	Conservation	classified	Specialization	discordant
TRD	Pbre1_10G289600	Pbre1_11G058600	Prupe.8G202000.1	0.2178336666666666	0.4200616666666666	0.9361701666666666	0.3912766918502843	0.982848216816626	0.933058535619824	0.5567309516046502	1.1713678088317625	0.8926176922241416	Specialization	Specialization	Specialization	Specialization	classified	Neofunctionalization(Child)	discordant
TRD	Pbre1_08G041400	Pbre1_11G089400	Prupe.1G372600.1	21.56859633333333	0.0291533333333333	56.56747633333333	0.9048865446723428	0.8326483466865477	0.9122122590921882	0.1034104963610014	0.9321142373987826	0.1039306318817308	Neofunctionalization(Child)	Neofunctionalization(Child)	Neofunctionalization(Child)	Neofunctionalization(Child)	classified	Subfunctionalization	discordant
TRD	Pbre1_09G008000	Pbre1_11G097400	Prupe.3G312000.1	42.41078133333333	7.024653166666667	97.84271583333332	0.5772012599608546	0.3862259185071693	0.1492718713815887	0.1983490286878904	0.1617950298644363	0.1523405887440071	Conservation	Conservation	Conservation	Conservation	classified	Subfunctionalization	discordant
TRD	Pbre1_13G343800	Pbre1_11G100000	Prupe.1G027100.1	3.1516425000000003	58.18412583333334	10.045497	0.508350551549859	0.7504523362056411	0.6559572174441436	0.3575458967029318	0.1956097515998145	0.1771214753352175	Conservation	Conservation	Conservation	Conservation	classified	Conservation	Conservation
TRD	Pbre1_13G343400	Pbre1_11G100200	Prupe.1G026900.1	1.6529078333333334	39.6199275	54.8395875	0.9402166998530092	0.7764035251694716	0.8472239411690679	0.3731570818076624	0.2644344892879738	0.2604490838848254	Conservation	Neofunctionalization(Parent)	Neofunctionalization(Parent)	discordant	classified	Subfunctionalization	discordant
TRD	Pbre1_04G311800	Pbre1_11G101000	Prupe.6G309400.1	15.339283833333331	5.249199166666667	13.220815	0.5199634119687595	0.7308378191087479	0.7135378331335254	0.6419302991528201	0.727016343708236	0.6410316955399524	Specialization	Specialization	Specialization	Specialization	classified	Conservation	discordant
TRD	Pbre1_03G095000	Pbre1_11G103000	Prupe.6G053100.1	15.029776166666666	0.0125948333333333	19.285471333333334	0.2214392208725847	1.0	0.6678903739324988	0.2419301900512637	0.9304486692566946	0.2419311452212379	Neofunctionalization(Child)	Neofunctionalization(Child)	Neofunctionalization(Child)	Neofunctionalization(Child)	classified	Subfunctionalization	discordant
TRD	Pbre1_01G344600	Pbre1_11G110800	Prupe.2G284500.1	0.0	87.253482	13.028135833333334		0.9604536779610432	0.4124313902182032								all_zero_expression_profile	Subfunctionalization	discordant
TRD	Pbre1_03G121000	Pbre1_11G125800	Prupe.6G065800.1	16.559581666666666	3.909137	13.519912	0.6481961929795965	0.5666265702642758	0.8492847991986763	0.4997321667728088	0.3866288330641177	0.4753260509466817	Neofunctionalization(Parent)	Neofunctionalization(Child)	Conservation	discordant	classified	Subfunctionalization	discordant
TRD	Pbre1_11G180000	Pbre1_11G127400	Prupe.6G090300.1	9.813442666666669	7.456273833333333	9.7152785	0.3263039671560427	0.7779182935452721	0.3709506387721147	0.0871555202430034	0.2727419250881343	0.1267637919736318	Conservation	Conservation	Conservation	Conservation	classified	Specialization	discordant
TRD	Pbre1_03G157400	Pbre1_11G134400	Prupe.6G088400.1														missing_expression_record		discordant
TRD	Pbre1_15G330000	Pbre1_11G136000	Prupe.7G232900.1	33.097889333333335	2.7204215	129.58878416666667	0.4036165493179368	0.515661420604288	0.2824960266963899	0.0605321845772369	0.1837181004421675	0.0644749840291859	Conservation	Conservation	Conservation	Conservation	classified	Conservation	Conservation
TRD	Pbre1_05G363800	Pbre1_11G145000	Prupe.4G148400.1	15.666111166666669	0.0079113333333333	25.60408233333333	0.1382239980616252	1.0	0.2820636102585503	0.1334816023523861	0.9771676847109422	0.1336781617849964	Neofunctionalization(Child)	Neofunctionalization(Child)	Neofunctionalization(Child)	Neofunctionalization(Child)	classified	Conservation	discordant
TRD	Pbre1_13G207800	Pbre1_11G148800	Prupe.1G224200.1	336.44097916666664	0.1645171666666666	260.1170411666667	0.3441497346603312	0.9755178526554696	0.3422914968903495	0.1106746988774482	0.7917998432785792	0.1108698552929107	Neofunctionalization(Child)	Neofunctionalization(Child)	Neofunctionalization(Child)	Neofunctionalization(Child)	classified	Conservation	discordant
TRD	Pbre1_16G070600	Pbre1_11G151200	Prupe.1G313700.1	20.323093	0.0147666666666666	23.478466	0.5179163984620214	1.0	0.3544877752089378	0.2326344779311872	0.8483824857716087	0.2325278535186785	Neofunctionalization(Child)	Neofunctionalization(Child)	Neofunctionalization(Child)	Neofunctionalization(Child)	classified	Specialization	discordant
TRD	Pbre1_12G014800	Pbre1_11G153000	Prupe.7G009400.1														missing_expression_record		discordant
TRD	Pbre1_10G151400	Pbre1_11G156400	Prupe.8G118000.1	0.0769623333333333	0.1481336666666666	0.7610156666666666	1.0	0.7661152808796787	0.665144440826233	1.0978346266699697	0.5274114360700378	0.7090873363017355	Specialization	Specialization	Specialization	Specialization	classified	Subfunctionalization	discordant
TRD	Pbre1_03G134400	Pbre1_11G162800	Prupe.6G074600.1	2.1152765	15.490987166666669	5.044338	0.7141670690820393	0.4388030199102076	0.5114756045085498	0.2301528415282415	0.259667593762888	0.2283169269019097	Conservation	Neofunctionalization(Parent)	Neofunctionalization(Parent)	discordant	classified	Specialization	discordant
TRD	Pbre1_11G133600	Pbre1_11G163200	Prupe.6G068000.1	195.59586966666663	8.3654625	111.16750783333332	0.3971935507518792	0.4224226863415848	0.2465153713388907	0.1429974287418519	0.1167831821897638	0.1410933211149157	Conservation	Conservation	Conservation	Conservation	classified	Conservation	Conservation
TRD	Pbre1_10G352400	Pbre1_11G172800	Prupe.4G141500.1														missing_expression_record		discordant
TRD	Pbre1_03G405600	Pbre1_11G179200	Prupe.4G162000.1	1.4079465	6.177378833333333	1.7541201666666668	0.9874896105438138	0.9992270156196484	0.959421668647538	0.172210132395069	0.2280357377670018	0.2173902764054293	Conservation	Specialization	Specialization	discordant	classified	Subfunctionalization	discordant
TRD	Pbre1_14G251200	Pbre1_11G180400	Prupe.5G130400.1	0.1671703333333333	1.4383008333333334	0.9462025	0.9156237640324404	0.9995016702376156	0.7401851014923777	0.5494680846160984	0.7954299303155834	0.7651437203074976	Specialization	Specialization	Specialization	Specialization	classified	Conservation	discordant
TRD	Pbre1_17G140200	Pbre1_11G183000	Prupe.3G238500.1														missing_expression_record		discordant
TRD	Pbre1_03G165400	Pbre1_11G185000	Prupe.6G092200.1	0.4910051666666666	0.0288914999999999	1.695942	0.6761903830561996	0.9704290822407629	0.8957876084817651	0.5270430701265993	0.2391423730448974	0.4859355236831374	Neofunctionalization(Parent)	Specialization	Specialization	discordant	classified	Subfunctionalization	discordant
TRD	Pbre1_03G165400	Pbre1_11G185200	Prupe.6G092200.1	0.4910051666666666	0.0981016666666666	1.695942	0.6761903830561996	0.9091186732162448	0.8957876084817651	0.5270430701265993	0.1290434633203562	0.4383567040984977	Neofunctionalization(Parent)	Specialization	Specialization	discordant	classified	Conservation	discordant
TRD	Pbre1_07G395200	Pbre1_11G195600	Prupe.2G269800.1	10.3117025	0.2605771666666666	417.72262366666666	0.9255061569904116	0.933558681957653	0.6626750740750097	0.8468091425940403	0.8890045219449729	0.8331960860772364	Specialization	Specialization	Specialization	Specialization	classified	Specialization	Specialization
TRD	Pbre1_16G329600	Pbre1_11G214800	Prupe.1G013500.1	188.82608233333332	0.1696026666666666	370.39506416666666	0.5076023892949533	0.6092643494666571	0.4850800748893104	0.1901140222552613	0.3591948035374975	0.1902213122580756	Conservation	Neofunctionalization(Child)	Neofunctionalization(Child)	discordant	classified	Subfunctionalization	discordant
TRD	Pbre1_03G197000	Pbre1_11G220400	Prupe.6G112300.1	5.494351833333333	0.03806	13.1511825	0.460843065668063	0.8108848637688073	0.624178098178731	0.2999494145351536	0.7300888365448782	0.3017536637107622	Neofunctionalization(Child)	Neofunctionalization(Child)	Neofunctionalization(Child)	Neofunctionalization(Child)	classified	Subfunctionalization	discordant
TRD	Pbre1_11G206200	Pbre1_11G223200	Prupe.6G102800.1	8.787520166666667	0.0300633333333333	21.676554166666666	0.570091047768852	0.9063099880329216	0.4765344775859	0.254255317261828	0.6121338637721485	0.2534339764127634	Neofunctionalization(Child)	Neofunctionalization(Child)	Neofunctionalization(Child)	Neofunctionalization(Child)	classified	Subfunctionalization	discordant
TRD	Pbre1_02G442800	Pbre1_11G226000	Prupe.2G043400.1														missing_expression_record		discordant
TRD	Pbre1_12G333800	Pbre1_11G240400	Prupe.6G305400.1	7.9616215	1.757442	16.408598833333333	0.5395129526779846	0.3863163917709141	0.477154793676554	0.1527980402242697	0.28259301028976	0.1404219202415137	Conservation	Conservation	Conservation	Conservation	classified	Conservation	Conservation
TRD	Pbre1_03G221000	Pbre1_11G241800	Prupe.6G126500.1	18.2772285	4.0961145	16.6499135	0.2617950894618813	0.5653884543744327	0.3525781184523807	0.0831816000954339	0.2760257436093027	0.1110964288216991	Conservation	Neofunctionalization(Child)	Conservation	discordant	classified	Conservation	discordant
TRD	Pbre1_03G221000	Pbre1_11G242000	Prupe.6G126500.1	18.2772285	4.909094666666666	16.6499135	0.2617950894618813	0.644547666495531	0.3525781184523807	0.0831816000954339	0.3258825813734248	0.1228519798729364	Conservation	Neofunctionalization(Child)	Neofunctionalization(Child)	discordant	classified	Conservation	discordant
TRD	Pbre1_03G221000	Pbre1_11G242200	Prupe.6G126500.1	18.2772285	2.9182183333333334	16.6499135	0.2617950894618813	0.5552566969320093	0.3525781184523807	0.0831816000954339	0.26386724275965	0.1056420436973131	Conservation	Neofunctionalization(Child)	Neofunctionalization(Child)	discordant	classified	Conservation	discordant
TRD	Pbre1_11G314200	Pbre1_11G244800	Prupe.4G245700.1	27.196288166666665	3.821916666666666	15.540706333333333	0.3894014025070984	0.2431764963106498	0.3816323428351762	0.2676301611728464	0.154185284028069	0.247656219141072	Conservation	Conservation	Conservation	Conservation	classified	Subfunctionalization	discordant
TRD	Pbre1_13G340400	Pbre1_11G248800	Prupe.1G023700.1	47.957739833333335	2.7206601666666668	77.7399185	0.4131016141639196	0.4316232233539274	0.4068452654820181	0.1952640087047742	0.2335277346774632	0.1906798029544027	Conservation	Neofunctionalization(Child)	Conservation	discordant	classified	Subfunctionalization	discordant
TRD	Pbre1_05G119600	Pbre1_11G255200	Prupe.8G097400.1	33.994163	0.0	28.371869666666665	0.4053949932184985		0.4083704909342027								all_zero_expression_profile	Specialization	discordant
TRD	Pbre1_16G106400	Pbre1_11G256400	Prupe.1G289000.1	18.11144283333333	0.0640881666666666	49.06265066666667	0.798159576217483	0.7948424008387025	0.4831072732455482	0.3044384411546441	0.4695363740832608	0.3021915414243978	Neofunctionalization(Child)	Neofunctionalization(Child)	Neofunctionalization(Child)	Neofunctionalization(Child)	classified	Specialization	discordant
TRD	Pbre1_15G003000	Pbre1_11G257200	Prupe.1G354900.1	50.22041933333333	9.850087	53.1185085	0.6280254665111726	0.7004881016429275	0.6733081843268859	0.4974094473848963	0.3401321620810421	0.4557739261798687	Neofunctionalization(Parent)	Conservation	Conservation	discordant	classified	Subfunctionalization	discordant
TRD	Pbre1_03G244200	Pbre1_11G265000	Prupe.6G143800.1	9.392811166666666	0.1808771666666666	14.523105666666666	0.4468479281253055	0.607102663840388	0.5365391921023628	0.2663754690569996	0.1776182550468565	0.2615542087551153	Conservation	Neofunctionalization(Child)	Neofunctionalization(Child)	discordant	classified	Specialization	discordant
TRD	Pbre1_02G315600	Pbre1_11G265200	Prupe.2G147100.1	10.1477595	0.0	15.052509833333334	0.5322069341108497		0.8276117914320628								all_zero_expression_profile	Specialization	discordant
TRD	Pbre1_04G293400	Pbre1_11G274800	Prupe.6G301000.1	10.556765333333331	0.0	25.93372133333333	0.3510283297750976		0.44189814269529								all_zero_expression_profile	Subfunctionalization	discordant
TRD	Pbre1_15G746400	Pbre1_11G276800	Prupe.1G566600.1	34.393629833333335	0.0	58.37440333333333	0.6506780677402922		0.5959478074599959								all_zero_expression_profile	Subfunctionalization	discordant
TRD	Pbre1_11G403800	Pbre1_11G279800	Prupe.4G182900.1	3.2682245	0.0197321666666666	19.5236015	0.5684108255605983	0.8332651860112132	0.4807226777306381	0.3010350909520616	0.6169731530160916	0.3013158400621089	Neofunctionalization(Child)	Specialization	Specialization	discordant	classified	Conservation	discordant
TRD	Pbre1_03G258400	Pbre1_11G283600	Prupe.6G155700.1	42.6086875	0.7399918333333333	41.55982883333333	0.3868254767034991	0.6751331539230389	0.3818138512864099	0.1761400800057027	0.3454935295795102	0.1709471437172576	Conservation	Neofunctionalization(Child)	Neofunctionalization(Child)	discordant	classified	Conservation	discordant
TRD	Pbre1_09G414600	Pbre1_11G286200	Prupe.3G140300.1	1.4476773333333333	11.536663833333334	6.883543	0.8741989078654729	0.4147131280098463	0.9346675742943495	0.7561235445553246	0.6198621410949703	0.6114225525914944	Specialization	Specialization	Specialization	Specialization	classified	Conservation	discordant
TRD	Pbre1_11G233000	Pbre1_11G287400	Prupe.6G119300.1	1.4264123333333334	0.0	0.0992435	0.825627562923609		0.9485665666637813								all_zero_expression_profile	Subfunctionalization	discordant
TRD	Pbre1_03G275400	Pbre1_11G299400	Prupe.4G257100.1	16.781185833333332	1.8276111666666663	21.33889033333333	0.7068991168422285	0.6470192164892723	0.596446149144809	0.2072812822079481	0.4268037884760153	0.2078725087830147	Neofunctionalization(Child)	Neofunctionalization(Child)	Neofunctionalization(Child)	Neofunctionalization(Child)	classified	Conservation	discordant
TRD	Pbre1_13G463000	Pbre1_11G314000	Prupe.1G099000.1	106.52171416666668	0.0	152.3438415	0.5173668126242641		0.4281829492295512								all_zero_expression_profile	Neofunctionalization(Child)	discordant
TRD	Pbre1_03G294800	Pbre1_11G315800	Prupe.4G243700.1	11.411681666666668	3.926837833333333	11.615789333333334	0.3686466174816618	0.3749799050182741	0.6814505348103362	0.1786929622103289	0.2603437472809633	0.1934433567753496	Conservation	Conservation	Conservation	Conservation	classified	Conservation	Conservation
TRD	Pbre1_09G243200	Pbre1_11G316800	Prupe.3G179600.1	19.24404416666667	0.0037045	65.77709033333333	0.9059511196555704	1.0	0.8088632565228379	0.3096286883067773	1.1468149097383284	0.3096201510725505	Neofunctionalization(Child)	Specialization	Neofunctionalization(Child)	discordant	classified	Specialization	discordant
TRD	Pbre1_12G238600	Pbre1_11G318000	Prupe.6G253500.1	41.94831333333333	4.2761743333333335	100.48781016666666	0.4486928236951453	0.6849518050292036	0.6971296435478169	0.3433649297688895	0.4068023390930294	0.3429466382327252	Neofunctionalization(Child)	Conservation	Conservation	discordant	classified	Specialization	discordant
TRD	Pbre1_14G413200	Pbre1_11G320200	Prupe.5G220200.1	8.0001945	0.4252595	19.56591833333333	0.3778955356702454	0.5645793591895487	0.4573729429740554	0.1519274631816277	0.2665239480606164	0.1453469638530127	Conservation	Neofunctionalization(Child)	Neofunctionalization(Child)	discordant	classified	Neofunctionalization(Child)	discordant
TRD	Pbre1_03G307400	Pbre1_11G325600	Prupe.4G236100.1	3.968281	3.6647341666666655	8.056773833333333	0.2366194242501181	0.7913813112612441	0.6065349406192947	0.2074814950149302	0.3481705309425843	0.2305774046020819	Conservation	Conservation	Conservation	Conservation	classified	Neofunctionalization(Child)	discordant
TRD	Pbre1_03G311000	Pbre1_11G329800	Prupe.4G231800.1	1.5410956666666666	0.4967923333333333	2.937289166666667	0.5644241198652218	0.6060823304375548	0.7251173044450997	0.2134914164641838	0.4694553841788618	0.2499034255043186	Neofunctionalization(Child)	Specialization	Neofunctionalization(Child)	discordant	classified	Subfunctionalization	discordant
TRD	Pbre1_11G472000	Pbre1_11G337800	Prupe.8G239900.1	0.6952943333333333	0.3760768333333333	0.4472005	0.9276779160317078	0.7471390898070918	0.8772940695394903	0.2327762530147121	0.6739918047979984	0.2821811760593421	Neofunctionalization(Child)	Neofunctionalization(Child)	Specialization	Neofunctionalization(Child)	classified	Neofunctionalization(Parent)	discordant
TRD	Pbre1_04G355400	Pbre1_11G347400	Prupe.6G333700.1	7.531196666666666	0.0639683333333333	21.48458816666667	0.3359118257626403	1.0	0.341048840715212	0.107569460960292	0.8481685539376437	0.1075270345532061	Neofunctionalization(Child)	Neofunctionalization(Child)	Neofunctionalization(Child)	Neofunctionalization(Child)	classified	Specialization	discordant
TRD	Pbre1_07G168600	Pbre1_11G347600	Prupe.2G134500.1	17.366622	0.0	42.77012333333334	0.3356027717856037		0.4904710554111698								all_zero_expression_profile	Conservation	discordant
TRD	Pbre1_03G326800	Pbre1_11G350800	Prupe.4G216100.1	0.4945923333333333	2.2270035	44.327491	0.5013163501948273	0.5473175928454164	0.4876555188006994	0.1791768555309562	0.2438104636387701	0.1721948109038213	Conservation	Specialization	Subfunctionalization	discordant	classified	Neofunctionalization(Parent)	discordant
TRD	Pbre1_15G758600	Pbre1_11G353600	Prupe.1G575200.1	7.126215999999999	0.9193978333333332	0.7690341666666667	0.9711568905961744	0.75806715209643	0.8145359600084208	0.9444994712821624	0.5946511033061697	0.8951136508623002	Specialization	Specialization	Specialization	Specialization	classified	Neofunctionalization(Parent)	discordant
TRD	Pbre1_03G329800	Pbre1_11G354600	Prupe.4G213800.1	46.58872933333333	0.962425	71.64005333333333	0.3937635503059954	0.3621919636703929	0.4962400452296088	0.2393975410801817	0.2259647050621266	0.23840576473494	Conservation	Neofunctionalization(Child)	Neofunctionalization(Child)	discordant	classified	Neofunctionalization(Child)	discordant
TRD	Pbre1_10G556600	Pbre1_11G360000	Prupe.4G019600.1	5.660141333333334	0.0	7.743497	0.8730591536843055		0.9190320101407586								all_zero_expression_profile	Specialization	discordant
TRD	Pbre1_13G018800	Pbre1_11G366800	Prupe.1G342300.1	2.712008833333333	0.0	0.9016161666666668	0.570700706161076		0.82169567453656								all_zero_expression_profile	Subfunctionalization	discordant
TRD	Pbre1_16G358000	Pbre1_11G368400	Prupe.1G035100.1	73.43661216666666	3.7602086666666654	146.80570516666666	0.2267780403131355	0.6084473798439369	0.7501544225941095	0.3316478907490258	0.449317920362527	0.335666775672871	Neofunctionalization(Child)	Conservation	Conservation	discordant	classified	Neofunctionalization(Child)	discordant
TRD	Pbre1_01G340200	Pbre1_11G376000	Prupe.2G281900.1	63.36040283333333	0.0131761666666666	165.05990916666667	0.5193763700314599	0.820219537386208	0.8364351133419188	0.4816351879907362	0.8044082783937276	0.4816414842166627	Specialization	Neofunctionalization(Child)	Neofunctionalization(Child)	discordant	classified	Conservation	discordant
TRD	Pbre1_03G023000	Pbre1_11G389600	Prupe.6G014100.1	29.9849105	0.268999	48.7962455	0.3222436662465872	0.9883224095137232	0.4615272863898856	0.1371231787544806	0.9018316166119842	0.1387937718142045	Neofunctionalization(Child)	Neofunctionalization(Child)	Neofunctionalization(Child)	Neofunctionalization(Child)	classified	Neofunctionalization(Child)	Neofunctionalization(Child)
TRD	Pbre1_03G370000	Pbre1_11G391600	Prupe.4G188600.1	4.661109833333334	0.5961025	3.730481666666667	0.4315375166189216	0.2539069226709836	0.3302880247808709	0.1403224300662175	0.0632410980038345	0.1305059494078057	Conservation	Neofunctionalization(Child)	Neofunctionalization(Child)	discordant	classified	Neofunctionalization(Parent)	discordant
TRD	Pbre1_01G151800	Pbre1_11G393800	Prupe.2G174200.1	4.1591015	15.084947	21.747671333333333	0.5394370342997831	0.2871811432402983	0.4752004757415839	0.1366691471727707	0.1315951461428924	0.1036952166627177	Conservation	Conservation	Conservation	Conservation	classified	Neofunctionalization(Parent)	discordant
TRD	Pbre1_05G005600	Pbre1_11G399600	Prupe.8G005700.1	1.749343	0.1154861666666666	1.0912943333333334	0.4386889797647317	0.711307567529445	0.4808043241153347	0.2848093482954377	0.4041761628320723	0.2784348462611736	Neofunctionalization(Child)	Specialization	Specialization	discordant	classified	Neofunctionalization(Child)	discordant
TRD	Pbre1_04G382400	Pbre1_11G404000	Prupe.6G348500.1	25.60177533333333	0.0384841666666666	63.79995383333333	0.6397656865762542	1.0	0.607783541509894	0.3583852408735418	0.9832111396787117	0.359091697532744	Neofunctionalization(Child)	Neofunctionalization(Child)	Neofunctionalization(Child)	Neofunctionalization(Child)	classified	Neofunctionalization(Child)	Neofunctionalization(Child)
TRD	Pbre1_04G123800	Pbre1_11G414600	Prupe.5G083300.1	64.983668	0.0152608333333333	40.401044	0.3252839576356047	1.0	0.5330233219263275	0.1029235330767343	0.9919447173847016	0.103029922185721	Neofunctionalization(Child)	Neofunctionalization(Child)	Neofunctionalization(Child)	Neofunctionalization(Child)	classified	Conservation	discordant
TRD	Pbre1_11G409000	Pbre1_11G415200	Prupe.4G180500.1	5.108829333333333	8.421844499999999	6.005769666666667	0.5072416838652929	0.4175461834271171	0.4635366454949516	0.3041081537705373	0.2182273405602374	0.2465437177988714	Conservation	Specialization	Specialization	discordant	classified	Neofunctionalization(Child)	discordant
TRD	Pbre1_15G429800	Pbre1_11G420200	Prupe.7G172800.1														missing_expression_record		discordant
TRD	Pbre1_12G353800	Pbre1_11G430200	Prupe.6G318700.1	68.13599783333333	0.0798525	204.69646666666668	0.4001689772606739	0.962990939918526	0.6304894709158411	0.2073394314433398	0.750943424149089	0.2075456967473325	Neofunctionalization(Child)	Neofunctionalization(Child)	Neofunctionalization(Child)	Neofunctionalization(Child)	classified	Conservation	discordant
TRD	Pbre1_13G414000	Pbre1_11G444600	Prupe.1G079000.1	1.1294428333333333	0.0	1.242269	0.4059853480068075		0.3487591328405383								all_zero_expression_profile	Subfunctionalization	discordant
TRD	Pbre1_06G242400	Pbre1_11G451000	Prupe.5G146900.1	0.6452168333333334	0.0	3.077634	0.8456929089178503		0.9443604586249184								all_zero_expression_profile	Conservation	discordant
TRD	Pbre1_09G076000	Pbre1_11G456400	Prupe.3G272100.1	8.965505666666667	10.147036833333331	28.8657745	0.5840462785422884	0.4892872364356347	0.5228280847825111	0.2336055734595672	0.2332902609923895	0.2314913863385507	Conservation	Conservation	Conservation	Conservation	classified	Neofunctionalization(Child)	discordant
TRD	Pbre1_04G102800	Pbre1_11G457800	Prupe.5G064700.1	19.081348666666667	0.3344601666666666	11.136043666666668	0.8402886391666848	0.9169635471356952	0.5045278943164666	0.3073792676663071	0.4663001796769936	0.3100094552353228	Neofunctionalization(Child)	Neofunctionalization(Child)	Neofunctionalization(Child)	Neofunctionalization(Child)	classified	Neofunctionalization(Parent)	discordant
TRD	Pbre1_03G424600	Pbre1_11G459000	Prupe.8G234100.1	4.2681716666666665	11.101411	22.1890205	0.3917115894989227	0.4286254526689556	0.4127483686307355	0.2239289812450201	0.1236398323726705	0.1342721606386181	Conservation	Conservation	Conservation	Conservation	classified	Neofunctionalization(Child)	discordant
TRD	Pbre1_03G390000	Pbre1_11G460800	Prupe.4G175900.1	48.03184466666667	0.0367845	79.6285325	0.4414331624719564	1.0	0.3994172133163142	0.2672956591856121	0.9068914665838888	0.2668395862805772	Neofunctionalization(Child)	Neofunctionalization(Child)	Neofunctionalization(Child)	Neofunctionalization(Child)	classified	Neofunctionalization(Parent)	discordant
TRD	Pbre1_11G494000	Pbre1_11G461000	Prupe.8G250900.1	24.770003666666668	0.182927	16.706208	0.3595006624827013	0.8817281691631591	0.5956695010006634	0.2171514376402008	0.5774528327326159	0.2170049036809364	Neofunctionalization(Child)	Neofunctionalization(Child)	Neofunctionalization(Child)	Neofunctionalization(Child)	classified	Neofunctionalization(Parent)	discordant
TRD	Pbre1_03G434000	Pbre1_11G469400	Prupe.8G238700.1	0.1445988333333333	0.0148706666666666	0.1144505	0.9734622871459176	1.0	0.8149127430968349	1.0914491456372464	1.22505095275841	1.1038755741583473	Specialization	Conservation	Neofunctionalization(Parent)	discordant	classified	Subfunctionalization	discordant
TRD	Pbre1_11G459800	Pbre1_11G475400	Prupe.8G234500.1	10.238095166666668	0.0089261666666666	19.845597	0.6977443676030959	1.0	0.4000349214192487	0.3637998709718824	1.0026526976576395	0.3636768956222895	Neofunctionalization(Child)	Neofunctionalization(Child)	Neofunctionalization(Child)	Neofunctionalization(Child)	classified	Subfunctionalization	discordant
TRD	Pbre1_03G425000	Pbre1_11G476600	Prupe.8G234500.1	6.8593391666666665	0.5983608333333333	19.845597	0.1997614604695157	0.721421087430616	0.4000349214192487	0.1544201274995277	0.3837735272739068	0.157522310061667	Conservation	Neofunctionalization(Child)	Neofunctionalization(Child)	discordant	classified	Neofunctionalization(Child)	discordant
TRD	Pbre1_03G483600	Pbre1_11G522000	Prupe.8G266800.1	41.3803495	25.497334833333333	55.235141500000005	0.5563029530363737	0.3861439288396263	0.4477913554105245	0.2128102771569422	0.1779809383014172	0.1453368935819247	Conservation	Conservation	Conservation	Conservation	classified	Neofunctionalization(Parent)	discordant
TRD	Pbre1_11G519200	Pbre1_11G523400	Prupe.8G259800.1	37.80066	2.4707266666666667	89.31238516666667	0.6830159515856995	0.292797233416979	0.6175144496820535	0.3160609950137302	0.2709080934620551	0.3032612309983333	Conservation	Neofunctionalization(Child)	Conservation	discordant	classified	Subfunctionalization	discordant
TRD	Pbre1_03G486200	Pbre1_11G524600	Prupe.8G271300.1	4.5496495	0.3887875	4.792116	0.3811962684269404	0.240597424977431	0.7151854793877038	0.3292225333580491	0.3319974575525711	0.3286359633909769	Conservation	Neofunctionalization(Child)	Neofunctionalization(Child)	discordant	classified	Subfunctionalization	discordant
TRD	Pbre1_07G382400	Pbre1_11G529400	Prupe.2G263500.1	2.147273666666667	0.0	15.260265	0.8725576413938899		0.7785382380147856								all_zero_expression_profile	Neofunctionalization(Child)	discordant
TRD	Pbre1_05G259000	Pbre1_12G001200	Prupe.8G182300.1	397.2188433333333	1.9283388333333331	492.7702561666667	0.4169707120511061	0.5520428512945386	0.7538714182097742	0.2837790294929742	0.1626143618536668	0.2831118016214471	Conservation	Neofunctionalization(Child)	Conservation	discordant	classified	Specialization	discordant
TRD	Pbre1_14G004400	Pbre1_12G006200	Prupe.7G003500.1	1.2023773333333334	0.0211811666666666	3.555376333333333	0.7469233964931495	1.0	0.8285125854816039	0.2597931425290636	1.1240103225196068	0.2594787951582437	Neofunctionalization(Child)	Specialization	Specialization	discordant	classified	Conservation	discordant
TRD	Pbre1_16G102400	Pbre1_12G012200	Prupe.1G299800.1	7.398081666666667	3.558978333333333	10.802447333333332	0.3807353109186652	0.4063875155976054	0.5916754535414089	0.2130100983411738	0.173439304048205	0.1896867759783699	Conservation	Conservation	Conservation	Conservation	classified	Conservation	Conservation
TRD	Pbre1_16G059800	Pbre1_12G015600	Prupe.1G320100.1	14.254820833333332	0.2217996666666666	19.020455666666667	0.5179497965506311	0.7900967623201396	0.4831019583373616	0.2342762008781781	0.4603125034621075	0.2331684131072467	Neofunctionalization(Child)	Neofunctionalization(Child)	Neofunctionalization(Child)	Neofunctionalization(Child)	classified	Neofunctionalization(Parent)	discordant
TRD	Pbre1_03G329400	Pbre1_12G020000	Prupe.4G214000.1	93.409897	15.581730333333333	34.850022	0.2099933846690878	0.3768262886921542	0.4164655446280485	0.1968052488481561	0.2242862732065925	0.198338359452783	Conservation	Conservation	Conservation	Conservation	classified	Conservation	Conservation
TRD	Pbre1_07G222800	Pbre1_12G025000	Prupe.2G175700.1														missing_expression_record		discordant
TRD	Pbre1_14G028800	Pbre1_12G033800	Prupe.7G116000.1	0.3244505	0.0857474999999999	2.270303	0.7248536755624765	1.0	0.8726275665835808	0.6386359434304634	0.4328811888159184	0.4402696627219014	Specialization	Specialization	Specialization	Specialization	classified	Subfunctionalization	discordant
TRD	Pbre1_15G407400	Pbre1_12G047800	Prupe.7G188500.1	6.7302435	0.0	17.639313833333333	0.6526383827309997		0.5930908295490591								all_zero_expression_profile	Subfunctionalization	discordant
TRD	Pbre1_09G037800	Pbre1_12G049200	Prupe.3G295000.1	75.52061933333333	2.1928541666666668	216.74013083333332	0.2984994372432071	0.6086418285410196	0.7717724023127952	0.3275802201664012	0.5399419705512968	0.3298516210241218	Neofunctionalization(Child)	Neofunctionalization(Child)	Conservation	Neofunctionalization(Child)	classified	Conservation	discordant
TRD	Pbre1_05G210200	Pbre1_12G065000	Prupe.8G161100.1	672.3226246666667	1.5458411666666667	1545.1851805	0.4590587778802746	0.5424258655386461	0.5354731251123374	0.2592886547666352	0.3933871422462282	0.2593135901091085	Neofunctionalization(Child)	Neofunctionalization(Child)	Neofunctionalization(Child)	Neofunctionalization(Child)	classified	Subfunctionalization	discordant
TRD	Pbre1_14G069000	Pbre1_12G070600	Prupe.7G094800.1	13.280071666666666	4.2743365	25.58002933333333	0.1293994619078944	0.5001595965673845	0.4575623965169518	0.1686176628019858	0.1253413111404901	0.1438627912458167	Conservation	Conservation	Conservation	Conservation	classified	Subfunctionalization	discordant
TRD	Pbre1_12G105400	Pbre1_12G079800	Prupe.7G072500.1	40.169353666666666	0.006691	44.16228566666667	0.5316667752057805	1.0	0.4982614994768616	0.1038135256537636	0.8691663667008669	0.1037246252936115	Neofunctionalization(Child)	Neofunctionalization(Child)	Neofunctionalization(Child)	Neofunctionalization(Child)	classified	Conservation	discordant
TRD	Pbre1_17G253400	Pbre1_12G085000	Prupe.3G168900.1	47.236818166666666	0.0	33.032580333333335	0.2818488411926085		0.4500822459451444								all_zero_expression_profile	Conservation	discordant
TRD	Pbre1_09G033000	Pbre1_12G087400	Prupe.3G297900.1	323.61528266666664	0.0	324.6108243333333	0.6041645281691224		0.6017693430108813								all_zero_expression_profile	Conservation	discordant
TRD	Pbre1_14G088200	Pbre1_12G088200	Prupe.7G084900.1	0.0219768333333333	0.0605453333333333	0.6159156666666668	0.8378688637143838	0.7671365418300108	0.8882631365393652	0.372706798430746	0.8360286829002628	0.6996281462200155	Neofunctionalization(Child)	Specialization	Specialization	discordant	classified	Subfunctionalization	discordant
TRD	Pbre1_14G089200	Pbre1_12G089200	Prupe.7G084500.1	3.491060833333333	0.8839253333333333	3.9624465	0.3161766890072963	0.4286079152909691	0.822897542139092	0.4638767860325903	0.465720906286021	0.4616491277870559	Specialization	Specialization	Specialization	Specialization	classified	Conservation	discordant
TRD	Pbre1_05G195800	Pbre1_12G090400	Prupe.8G151100.1	11.023242	0.0040871666666666	8.455958666666668	0.491515566166128	1.0	0.6839288508791108	0.4177563616357903	1.0918355741820849	0.4177872061021569	Specialization	Neofunctionalization(Child)	Neofunctionalization(Child)	discordant	classified	Subfunctionalization	discordant
TRD	Pbre1_16G040600	Pbre1_12G093200	Prupe.1G330900.1	8.299431666666667	0.0	25.1041745	0.8445043624907431		0.6647021719313895								all_zero_expression_profile	Specialization	discordant
TRD	Pbre1_17G179600	Pbre1_12G102200	Prupe.3G213900.1	14.627525666666669	0.1064533333333333	61.03355766666667	0.2409400464826088	0.8591502770951569	0.5827197946874924	0.1621165833535028	0.5033174964560954	0.1616473968296893	Neofunctionalization(Child)	Neofunctionalization(Child)	Neofunctionalization(Child)	Neofunctionalization(Child)	classified	Subfunctionalization	discordant
TRD	Pbre1_14G105000	Pbre1_12G103000	Prupe.7G074000.1	0.2151829999999999	0.0224203333333333	0.300284	0.8690485162143664	0.7931281663516069	0.5306097579099109	0.376171307363901	0.3945888878459352	0.3690829801280065	Neofunctionalization(Child)	Conservation	Specialization	discordant	classified	Subfunctionalization	discordant
TRD	Pbre1_04G148400	Pbre1_12G110600	Prupe.7G125300.1	36.3376285	3.6726266666666665	56.16811766666667	0.241048515890103	0.6048341412202761	0.3899852605161232	0.1999159173977097	0.188827605155712	0.1888936237356615	Conservation	Neofunctionalization(Child)	Conservation	discordant	classified	Conservation	discordant
TRD	Pbre1_12G185600	Pbre1_12G110800	Prupe.7G125200.1	28.096601	6.259627500000001	61.53364066666667	0.595886359214343	0.5673574941014704	0.6318047415672885	0.3295089190276097	0.3645313126326736	0.3014748216605916	Conservation	Neofunctionalization(Child)	Conservation	discordant	classified	Conservation	discordant
TRD	Pbre1_12G107800	Pbre1_12G111800	Prupe.7G069500.1	7.956984999999999	0.0	34.24084833333333	0.4495474711791151		0.6615750938944275								all_zero_expression_profile	Subfunctionalization	discordant
TRD	Pbre1_02G140400	Pbre1_12G116000	Prupe.7G200800.1	58.33202216666667	0.0120575	292.37524183333335	0.7915111983157045	0.9343382784958872	0.7713646596388006	0.1128806645750561	0.82344555838797	0.1128051404556095	Neofunctionalization(Child)	Neofunctionalization(Child)	Neofunctionalization(Child)	Neofunctionalization(Child)	classified	Subfunctionalization	discordant
TRD	Pbre1_14G119200	Pbre1_12G117000	Prupe.7G066400.1	2.164788833333333	0.1862036666666666	8.866260666666667	0.2424600193590859	0.7063922098807979	0.8742781969750142	0.4618640212989459	0.5500691256643876	0.4622467283777578	Specialization	Specialization	Specialization	Specialization	classified	Neofunctionalization(Child)	discordant
TRD	Pbre1_13G191400	Pbre1_12G122400	Prupe.1G234000.1	322.23446466666667	0.0	1717.5886931666666	0.2270464203108273		0.3704675982966507								all_zero_expression_profile		discordant
TRD	Pbre1_12G048000	Pbre1_12G132400	Prupe.7G109000.1	10.325015166666669	0.0	20.81291166666667	0.2352855134122758		0.6835707620194331								all_zero_expression_profile	Conservation	discordant
TRD	Pbre1_04G040200	Pbre1_12G140600	Prupe.1G175900.1	8.222317166666667	0.3785536666666667	11.769680666666666	0.3959163180216379	0.7335917278171757	0.5568223941902236	0.1800163705063316	0.3003277326368314	0.1712653791125924	Conservation	Neofunctionalization(Child)	Neofunctionalization(Child)	discordant	classified	Subfunctionalization	discordant
TRD	Pbre1_14G048000	Pbre1_12G141400	Prupe.7G104600.1	9.050992333333332	0.0665238333333333	3.2893165	0.7702348824337455	0.9858835709764288	0.842103486951925	0.6609874995245105	0.9284219388668576	0.6586016396476655	Specialization	Neofunctionalization(Child)	Specialization	discordant	classified	Subfunctionalization	discordant
TRD	Pbre1_13G001200	Pbre1_12G142400	Prupe.1G352000.1	29.4898395	14.576699666666666	44.12697216666667	0.4306311478722676	0.6562463281866785	0.4550701556092413	0.1044219840830588	0.2517639545447933	0.109281889718221	Conservation	Conservation	Conservation	Conservation	classified	Conservation	Conservation
TRD	Pbre1_12G231400	Pbre1_12G143400	Prupe.6G250000.1	133.68986016666668	0.0	50.34676183333333	0.583968051674547		0.3970205632974629								all_zero_expression_profile	Conservation	discordant
TRD	Pbre1_15G437200	Pbre1_12G144400	Prupe.7G168400.1	33.693531666666665	0.0	116.5484865	0.6522787829313886		0.2842742867873324								all_zero_expression_profile	Conservation	discordant
TRD	Pbre1_14G151600	Pbre1_12G148000	Prupe.7G041000.1	1.7589271666666666	0.694631	3.0848595	0.7905513702004962	0.8356709401186404	0.8318020727642768	0.7059372576038266	0.7609461651371136	0.7107792297330893	Specialization	Specialization	Specialization	Specialization	classified	Subfunctionalization	discordant
TRD	Pbre1_04G302200	Pbre1_12G148600	Prupe.6G305400.1	9.333832666666666	3.146529333333333	16.408598833333333	0.4232958288501871	0.4181946631174689	0.477154793676554	0.1129237956790135	0.1376827478355812	0.1145793032288136	Conservation	Conservation	Conservation	Conservation	classified	Subfunctionalization	discordant
TRD	Pbre1_10G563200	Pbre1_12G158000	Prupe.4G016400.1	17.594707500000002	0.0215591666666666	16.241377833333335	0.8104686995124339	0.9193760779251772	0.515818295519657	0.3036853903709042	0.7818633388516791	0.3034044056207106	Neofunctionalization(Child)	Neofunctionalization(Child)	Neofunctionalization(Child)	Neofunctionalization(Child)	classified	Subfunctionalization	discordant
TRD	Pbre1_10G514200	Pbre1_12G167000	Prupe.4G043900.1	11.605782166666666	7.466346333333333	23.342685666666664	0.2872997598146673	0.3180627417003043	0.5785958303049246	0.2320443080025565	0.2020578522558586	0.2140605347586401	Conservation	Conservation	Conservation	Conservation	classified	Subfunctionalization	discordant
TRD	Pbre1_12G171200	Pbre1_12G168200	Prupe.7G119700.1	8.1555535	2.576035666666667	7.075650833333333	0.6593652862156066	0.45562767258281	0.6555391804842152	0.4454935913081019	0.3382881827083028	0.3990926042673367	Neofunctionalization(Parent)	Neofunctionalization(Child)	Conservation	discordant	classified	Subfunctionalization	discordant
TRD	Pbre1_13G306400	Pbre1_12G168800	Prupe.1G148900.1	3.3771155	0.0	10.245393666666669	0.7458404706583239		0.5913267443296769								all_zero_expression_profile	Conservation	discordant
TRD	Pbre1_13G306400	Pbre1_12G169000	Prupe.1G148900.1	3.3771155	0.0	10.245393666666669	0.7458404706583239		0.5913267443296769								all_zero_expression_profile	Subfunctionalization	discordant
TRD	Pbre1_13G306600	Pbre1_12G169200	Prupe.1G149000.1	13.3972605	0.999696	28.91610916666667	0.5574522937668561	0.318669609246204	0.3808713435439649	0.199421069542644	0.1294133088036236	0.188616511371401	Conservation	Neofunctionalization(Child)	Neofunctionalization(Child)	discordant	classified	Specialization	discordant
TRD	Pbre1_01G050000	Pbre1_12G170600	Prupe.6G159600.1	18.02418666666667	0.0	39.861156	0.5767615385216065		0.7212513880774916								all_zero_expression_profile	Subfunctionalization	discordant
TRD	Pbre1_14G175400	Pbre1_12G172200	Prupe.7G120600.1	19.591588	0.0	20.461109333333333	0.5566525526451742		0.3232138369866787								all_zero_expression_profile	Subfunctionalization	discordant
TRD	Pbre1_10G578400	Pbre1_12G173000	Prupe.4G009400.1	46.50880183333333	49.113654	4.729080166666667	0.9978575396871447	0.7375059587820022	0.8128222912552048	1.1389504928255652	0.5287896861260324	0.8162228322776053	Specialization	Specialization	Neofunctionalization(Parent)	Specialization	classified	Specialization	Specialization
TRD	Pbre1_10G579400	Pbre1_12G173200	Prupe.4G009300.1	6.393738666666667	0.2776581666666667	6.549334833333333	0.7731938209147582	0.5345108245167965	0.6344213863394288	0.4876330588472921	0.5151052103673922	0.4784321212621433	Specialization	Neofunctionalization(Child)	Neofunctionalization(Child)	discordant	classified	Conservation	discordant
TRD	Pbre1_14G180000	Pbre1_12G176800	Prupe.7G122300.1	36.29751933333333	1.5833038333333334	49.881701	0.4222172505325703	0.3732497806895399	0.3200360758793055	0.0703191082815805	0.2128578277333789	0.0731002567964712	Conservation	Neofunctionalization(Child)	Conservation	discordant	classified	Conservation	discordant
TRD	Pbre1_11G161000	Pbre1_12G183800	Prupe.6G082100.1														missing_expression_record		discordant
TRD	Pbre1_04G064200	Pbre1_12G188800	Prupe.1G192700.1														missing_expression_record		discordant
TRD	Pbre1_12G287200	Pbre1_12G190800	Prupe.6G279600.1	16.590188166666668	0.0	33.874284333333335	0.5270276594309102		0.5692491069294159								all_zero_expression_profile	Subfunctionalization	discordant
TRD	Pbre1_12G286000	Pbre1_12G191400	Prupe.6G279200.1	17.066436333333332	0.939104	104.11029633333334	0.4431640736371383	0.5027999985151803	0.5856232361497252	0.3246281836030552	0.2648906508015979	0.3157777430153383	Conservation	Neofunctionalization(Child)	Neofunctionalization(Child)	discordant	classified	Neofunctionalization(Child)	discordant
TRD	Pbre1_04G162000	Pbre1_12G198400	Prupe.6G234100.1	1.679229	3.9767506666666663	18.089933	0.8746089598869909	0.8297823993488279	0.7870435833092244	0.1690537694049861	0.1610549391508501	0.1539155859396604	Conservation	Neofunctionalization(Parent)	Neofunctionalization(Parent)	discordant	classified	Conservation	discordant
TRD	Pbre1_14G319200	Pbre1_12G211000	Prupe.5G166300.1	14.164364666666668	0.0	28.366164166666668	0.6287279191823808		0.4412120082957237								all_zero_expression_profile	Neofunctionalization(Child)	discordant
TRD	Pbre1_15G472800	Pbre1_12G212000	Prupe.7G149400.1	193.6274963333333	13.877505	102.89852166666668	0.8398369899826589	0.8727589265812821	0.4308741253605734	0.4462888988233781	0.507356033386364	0.4502879131646005	Specialization	Conservation	Conservation	discordant	classified	Neofunctionalization(Child)	discordant
TRD	Pbre1_02G353000	Pbre1_12G222200	Prupe.2G121800.1														missing_expression_record		discordant
TRD	Pbre1_03G416800	Pbre1_12G231800	Prupe.4G154500.1	48.420982333333335	0.0	87.008241	0.3425075363696772		0.2384066802670729								all_zero_expression_profile	Conservation	discordant
TRD	Pbre1_15G054000	Pbre1_12G239400	Prupe.1G381400.1	0.8672525	0.0	1.7424786666666667	0.9060525544995974		0.6370217520657597								all_zero_expression_profile	Neofunctionalization(Child)	discordant
TRD	Pbre1_16G015000	Pbre1_12G242400	Prupe.1G343400.1	7.785599166666667	3.4187035	20.711473166666668	0.7319332993657889	0.4007983748079649	0.5407432689083833	0.3528621557324025	0.3606335842541062	0.2979577255291878	Conservation	Neofunctionalization(Child)	Conservation	discordant	classified	Conservation	discordant
TRD	Pbre1_04G218800	Pbre1_12G254400	Prupe.6G260800.1	7.528445166666667	4.905050833333333	10.677932166666666	0.7869417463920351	0.9399282790955096	0.3088708996541476	0.3840574365489691	0.6684931631535674	0.4909546202009074	Neofunctionalization(Child)	Neofunctionalization(Child)	Neofunctionalization(Child)	Neofunctionalization(Child)	classified	Conservation	discordant
TRD	Pbre1_15G047200	Pbre1_12G254800	Prupe.1G378300.1														missing_expression_record		discordant
TRD	Pbre1_04G223000	Pbre1_12G259400	Prupe.6G263500.1	0.0275348333333333	0.2806635	0.0176956666666666	0.8699351693687755	0.938587159424047	0.8011644941963112	0.3837434668469323	0.91489231484348	0.8354106674850471	Neofunctionalization(Child)	Neofunctionalization(Child)	Neofunctionalization(Child)	Neofunctionalization(Child)	classified	Subfunctionalization	discordant
TRD	Pbre1_16G142200	Pbre1_12G265600	Prupe.1G267700.1	17.901708166666666	0.8295296666666667	45.9169155	0.5272960533081412	0.8810927165578211	0.5252211649125187	0.235742667571026	0.63489435934637	0.2269698196698168	Neofunctionalization(Child)	Neofunctionalization(Child)	Neofunctionalization(Child)	Neofunctionalization(Child)	classified	Neofunctionalization(Child)	Neofunctionalization(Child)
TRD	Pbre1_11G528600	Pbre1_12G270400	Prupe.8G269200.1	5.7099355	0.1064915	9.4549995	0.9095845061838176	0.906659902625351	0.6242109415963314	0.5404387845325948	0.5575816753579016	0.5238922617501833	Specialization	Specialization	Specialization	Specialization	classified	Subfunctionalization	discordant
TRD	Pbre1_11G528600	Pbre1_12G270600	Prupe.8G269200.1	5.7099355	0.0703278333333333	9.4549995	0.9095845061838176	0.9453873492267496	0.6242109415963314	0.5404387845325948	0.6855840897282444	0.5291023739592147	Specialization	Specialization	Specialization	Specialization	classified	Subfunctionalization	discordant
TRD	Pbre1_02G375600	Pbre1_12G273400	Prupe.2G104200.1														missing_expression_record		discordant
TRD	Pbre1_16G205600	Pbre1_12G278400	Prupe.1G229200.1	3.056548166666667	0.008476	7.414184833333334	0.8571839523343845	1.0	0.7018686012429572	0.5852728655907332	1.0388762011392347	0.5864857254743482	Specialization	Neofunctionalization(Child)	Specialization	discordant	classified	Conservation	discordant
TRD	Pbre1_12G009600	Pbre1_12G284400	Prupe.7G005900.1	49.26367483333333	0.0097008333333333	75.73186866666667	0.3663745467750026	1.0	0.2378534960266169	0.1367824152371584	0.9591813154201964	0.1368451326834649	Neofunctionalization(Child)	Neofunctionalization(Child)	Neofunctionalization(Child)	Neofunctionalization(Child)	classified	Neofunctionalization(Child)	Neofunctionalization(Child)
TRD	Pbre1_15G005400	Pbre1_12G291200	Prupe.1G356300.1	6.571796666666667	0.5646596666666667	10.1501805	0.4508235220800817	0.4240745978615982	0.5945419373657316	0.3032160083071761	0.16416832494122	0.2842241430223235	Conservation	Neofunctionalization(Child)	Neofunctionalization(Child)	discordant	classified	Neofunctionalization(Child)	discordant
TRD	Pbre1_04G029200	Pbre1_12G292000	Prupe.1G169100.1														missing_expression_record		discordant
TRD	Pbre1_06G182200	Pbre1_12G292400	Prupe.5G115000.1	10.987175333333331	0.0	6.170998833333333	0.9183747583873456		0.6501956634705615								all_zero_expression_profile	Neofunctionalization(Child)	discordant
TRD	Pbre1_09G171600	Pbre1_12G295800	Prupe.3G219400.1	4.556921	9.580299666666669	12.422335666666669	0.7465181328304289	0.2977406393126969	0.1702970387307304	0.3138420108223813	0.0729318599239032	0.0978775475650758	Conservation	Conservation	Conservation	Conservation	classified	Subfunctionalization	discordant
TRD	Pbre1_16G208000	Pbre1_12G296600	Prupe.1G227200.1	6.562152333333333	0.0	11.455389833333331	0.3379908594823292		0.5267812826686802								all_zero_expression_profile	Conservation	discordant
TRD	Pbre1_04G261800	Pbre1_12G297000	Prupe.6G283600.1	1.8013711666666667	0.0	2.15025	0.8755412048461861		0.9143463176989708								all_zero_expression_profile	Conservation	discordant
TRD	Pbre1_06G201400	Pbre1_12G303600	Prupe.5G125200.1	64.13280983333333	0.0	50.495273833333336	0.8241258997449827		0.3910253538493909								all_zero_expression_profile	Neofunctionalization(Parent)	discordant
TRD	Pbre1_05G217600	Pbre1_12G307600	Prupe.8G164700.1	27.086472166666667	0.0	58.484586166666666	0.2577458994592234		0.4074341736967357								all_zero_expression_profile	Conservation	discordant
TRD	Pbre1_06G330400	Pbre1_12G310800	Prupe.5G193900.1														missing_expression_record		discordant
TRD	Pbre1_14G368000	Pbre1_12G311000	Prupe.5G193900.1														missing_expression_record		discordant
TRD	Pbre1_12G007200	Pbre1_12G317600	Prupe.7G004100.1	15.990654666666666	4.8377915	2.6164566666666667	0.4929834203883398	0.5937479916827864	0.7874081038763755	0.3112247592917808	0.6311587090424265	0.3736954250091233	Neofunctionalization(Child)	Specialization	Specialization	discordant	classified	Subfunctionalization	discordant
TRD	Pbre1_05G087200	Pbre1_12G336200	Prupe.8G077700.1	32.285516333333334	0.0876108333333333	56.57593233333333	0.3182171328385714	0.9563139156475704	0.3711976734831453	0.1642987796324348	0.6832768808974388	0.1639421557532495	Neofunctionalization(Child)	Neofunctionalization(Child)	Neofunctionalization(Child)	Neofunctionalization(Child)	classified	Conservation	discordant
TRD	Pbre1_02G205600	Pbre1_12G345200	Prupe.7G165800.1														missing_expression_record		discordant
TRD	Pbre1_04G322400	Pbre1_12G349200	Prupe.6G315600.1	6.742277666666666	3.788020166666666	8.893910166666666	0.8253841513333102	0.4489764351419529	0.628647925621123	0.4410718695528469	0.2636230152321043	0.3425625656103098	Neofunctionalization(Parent)	Neofunctionalization(Child)	Neofunctionalization(Child)	discordant	classified	Conservation	discordant
TRD	Pbre1_04G322400	Pbre1_12G349400	Prupe.6G315600.1	6.742277666666666	4.394199833333333	8.893910166666666	0.8253841513333102	0.7209484839537578	0.628647925621123	0.4410718695528469	0.3207684287953046	0.3927377552407513	Neofunctionalization(Parent)	Conservation	Conservation	discordant	classified	Neofunctionalization(Child)	discordant
TRD	Pbre1_04G188800	Pbre1_12G358400	Prupe.6G246300.1	63.399975	3.0368983333333333	85.83009116666666	0.2885548391539456	0.7168834625942677	0.3855924840409436	0.1605465315633978	0.2096220737834454	0.1471223981297239	Conservation	Conservation	Conservation	Conservation	classified	Specialization	discordant
TRD	Pbre1_04G337200	Pbre1_12G362000	Prupe.6G323300.1	1.83515	1.6173441666666668	2.4793158333333336	0.8136523604577967	0.7569566449095668	0.8773648923417865	0.3304327011874774	0.202889937384919	0.2282938990530724	Conservation	Specialization	Neofunctionalization(Parent)	discordant	classified	Subfunctionalization	discordant
TRD	Pbre1_15G758600	Pbre1_12G363200	Prupe.1G575200.1	7.126215999999999	1.7701821666666668	0.7690341666666667	0.9711568905961744	0.9812570821544332	0.8145359600084208	0.9444994712821624	0.963509831544242	0.947847496972523	Specialization	Specialization	Specialization	Specialization	classified	Subfunctionalization	discordant
TRD	Pbre1_12G337200	Pbre1_12G363800	Prupe.6G306900.1	19.644415	0.7848738333333334	33.344554	0.3605879947475898	0.4587050438984845	0.4987387380945532	0.0668034154727706	0.1476141859269872	0.0678465463904258	Conservation	Neofunctionalization(Child)	Neofunctionalization(Child)	discordant	classified	Neofunctionalization(Child)	discordant
TRD	Pbre1_12G048000	Pbre1_12G372800	Prupe.7G109000.1	10.325015166666669	0.0383471666666666	20.81291166666667	0.2352855134122758	0.972568847241168	0.6835707620194331	0.2966095517388362	0.8854879830104337	0.2964571172630049	Neofunctionalization(Child)	Neofunctionalization(Child)	Neofunctionalization(Child)	Neofunctionalization(Child)	classified	Conservation	discordant
TRD	Pbre1_01G344600	Pbre1_12G377200	Prupe.2G284500.1	0.0	1.4012033333333334	13.028135833333334		0.8879664421459568	0.4124313902182032								all_zero_expression_profile	Neofunctionalization(Parent)	discordant
TRD	Pbre1_13G168000	Pbre1_12G381200	Prupe.1G248600.1	5.609453833333333	0.0	6.7686115	0.7453225808630526		0.927689336139786								all_zero_expression_profile	Neofunctionalization(Child)	discordant
TRD	Pbre1_12G099200	Pbre1_12G386400	Prupe.7G075800.1	21.6600755	1.8910016666666667	17.366720166666667	0.439972083282418	0.8052104794151859	0.6108382417273491	0.3239556922062898	0.4376956271823182	0.321642685636563	Neofunctionalization(Child)	Neofunctionalization(Child)	Conservation	Neofunctionalization(Child)	classified	Neofunctionalization(Parent)	discordant
TRD	Pbre1_15G152200	Pbre1_12G398600	Prupe.1G436000.1	41.9367725	0.0	30.190537166666665	0.270071292814397		0.3463121674059876								all_zero_expression_profile	Subfunctionalization	discordant
TRD	Pbre1_02G259800	Pbre1_12G408400	Prupe.7G135600.1	0.2273211666666666	1.7664688333333334	17.902396666666668	1.0	0.7562515046224094	0.999292477374541	0.0039642375058947	1.0947788806490268	0.9695271877527012	Neofunctionalization(Child)	Neofunctionalization(Child)	Neofunctionalization(Child)	Neofunctionalization(Child)	classified	Specialization	discordant
TRD	Pbre1_15G762200	Pbre1_12G410600	Prupe.1G576600.1	12.694171833333334	2.7754616666666667	28.0267895	0.3477496386763175	0.4052852861451532	0.6861188069103699	0.3417385197035408	0.3215041759779935	0.3342000221043344	Conservation	Neofunctionalization(Child)	Conservation	discordant	classified	Subfunctionalization	discordant
TRD	Pbre1_04G386400	Pbre1_12G413000	Prupe.6G350700.1	18.19709583333333	0.0	42.053838166666665	0.4581191249260082		0.7889203755070843								all_zero_expression_profile	Neofunctionalization(Parent)	discordant
TRD	Pbre1_04G388600	Pbre1_12G415000	Prupe.6G352100.1	1.3793258333333331	0.4143556666666667	0.726193	0.8487588293538376	0.6985565621309592	0.6980501620592905	0.6373482110122273	0.3431105623089854	0.5674297739235364	Neofunctionalization(Parent)	Specialization	Specialization	discordant	classified	Neofunctionalization(Child)	discordant
TRD	Pbre1_04G388600	Pbre1_12G415400	Prupe.6G352100.1	1.3793258333333331	0.2540826666666667	0.726193	0.8487588293538376	0.802465787716956	0.6980501620592905	0.6373482110122273	0.5657609703402245	0.6258639936030932	Specialization	Specialization	Specialization	Specialization	classified	Neofunctionalization(Parent)	discordant
TRD	Pbre1_04G394200	Pbre1_12G419800	Prupe.6G355400.1														missing_expression_record		discordant
TRD	Pbre1_04G397000	Pbre1_12G423000	Prupe.6G356800.1														missing_expression_record		discordant
TRD	Pbre1_04G401600	Pbre1_12G427400	Prupe.6G358500.1	2.896921	0.0	2.033643333333333	0.9950067654801416		0.7461223742811136								all_zero_expression_profile	Neofunctionalization(Child)	discordant
TRD	Pbre1_10G514200	Pbre1_12G439800	Prupe.4G043900.1	11.605782166666666	28.705159666666667	23.342685666666664	0.2872997598146673	0.4036983090761959	0.5785958303049246	0.2320443080025565	0.166040302561435	0.1726792194051199	Conservation	Conservation	Conservation	Conservation	classified	Conservation	Conservation
TRD	Pbre1_16G002400	Pbre1_13G003000	Prupe.1G350800.1	0.364608	0.0	5.516406	0.7512365033893454		0.7119039352060936								all_zero_expression_profile	Conservation	discordant
TRD	Pbre1_06G397000	Pbre1_13G010600	Prupe.5G233900.1	8.9326905	7.069650333333334	10.447646	0.3127919854851594	0.4050042230382692	0.5245781015624885	0.1636623890453328	0.1541124200360156	0.1514418019665938	Conservation	Conservation	Conservation	Conservation	classified	Conservation	Conservation
TRD	Pbre1_08G120400	Pbre1_13G019400	Prupe.1G404000.1	9.226934166666666	0.0219848333333333	23.263642	0.6901295356698434	1.0	0.8927226221811477	0.6940465452541295	1.0633458569583407	0.6943534333446401	Specialization	Specialization	Specialization	Specialization	classified	Conservation	discordant
TRD	Pbre1_16G021800	Pbre1_13G022800	Prupe.1G339900.1	0.0453816666666666	0.1306696666666666	0.6453353333333334	0.9343278922051692	0.4615690355879763	0.7827386677313694	0.3941484771479979	0.5663523547459852	0.371872662224958	Subfunctionalization	Specialization	Specialization	discordant	classified	Subfunctionalization	discordant
TRD	Pbre1_10G399800	Pbre1_13G039200	Prupe.4G112700.1	66.86000233333334	0.0	109.32691066666666	0.4423815085646146		0.5872630786723037								all_zero_expression_profile	Conservation	discordant
TRD	Pbre1_16G058000	Pbre1_13G053400	Prupe.1G320800.1	24.3812675	5.368300666666666	116.156613	0.588486793132154	0.4066032881456548	0.6135597955850962	0.2232130334171834	0.3427241500371741	0.2415922440841074	Conservation	Conservation	Conservation	Conservation	classified	Subfunctionalization	discordant
TRD	Pbre1_13G032000	Pbre1_13G067600	Prupe.1G334400.1	35.8293785	0.2059875	117.95627533333334	0.7458201130390487	0.8542044961739155	0.7434388842562512	0.2211664249695232	0.2379279681697017	0.2186867481426739	Conservation	Neofunctionalization(Child)	Neofunctionalization(Child)	discordant	classified	Neofunctionalization(Child)	discordant
TRD	Pbre1_09G453600	Pbre1_13G082000	Prupe.3G164800.1	0.0154536666666666	0.2646475	0.0960431666666666	0.8474448669201522	0.931072063680244	0.7911128298098039	0.3905017401312435	0.3928133423831013	0.3559575558342144	Neofunctionalization(Child)	Neofunctionalization(Child)	Neofunctionalization(Child)	Neofunctionalization(Child)	classified	Conservation	discordant
TRD	Pbre1_15G408800	Pbre1_13G093800	Prupe.7G187800.1	27.362567666666667	21.0393355	13.886576166666668	0.3478449158920988	0.3796654516247105	0.1855343092414018	0.0887260836865561	0.1574960341153538	0.0966899559767657	Conservation	Conservation	Conservation	Conservation	classified	Conservation	Conservation
TRD	Pbre1_13G152200	Pbre1_13G096400	Prupe.1G258300.1	7.151771666666667	0.0489076666666666	16.0832115	0.8228283171525159	0.8237751209974679	0.7130083814668057	0.1628411340078887	0.655860549282195	0.1597500207093051	Neofunctionalization(Child)	Neofunctionalization(Child)	Neofunctionalization(Child)	Neofunctionalization(Child)	classified	Subfunctionalization	discordant
TRD	Pbre1_16G103400	Pbre1_13G102400	Prupe.1G290900.1	14.223730666666668	3.220783	14.215411	0.3987498067110669	0.2236725591621994	0.481049440224791	0.1995473767568248	0.2389310513093255	0.2022624780248516	Conservation	Conservation	Conservation	Conservation	classified	Subfunctionalization	discordant
TRD	Pbre1_13G079200	Pbre1_13G104000	Prupe.1G305600.1	11.8689835	1.1011266666666666	34.790375	0.6059549235326687	0.8815316344523273	0.5759931978790214	0.3867239986591709	0.5525819915832205	0.3484594358745327	Neofunctionalization(Child)	Neofunctionalization(Child)	Neofunctionalization(Child)	Neofunctionalization(Child)	classified	Specialization	discordant
TRD	Pbre1_17G494800	Pbre1_13G111800	Prupe.3G007400.1	46.6095485	0.7647586666666667	57.950637666666665	0.0963457031081196	0.9158244095302563	0.2259596380548423	0.0711041207219627	0.576705060802586	0.0669334650548521	Neofunctionalization(Child)	Neofunctionalization(Child)	Neofunctionalization(Child)	Neofunctionalization(Child)	classified	Conservation	discordant
TRD	Pbre1_16G139600	Pbre1_13G133600	Prupe.1G269600.1														missing_expression_record		discordant
TRD	Pbre1_16G147800	Pbre1_13G142400	Prupe.1G264300.1														missing_expression_record		discordant
TRD	Pbre1_16G148000	Pbre1_13G143200	Prupe.1G264100.1	1.5017221666666667	0.0	1.713572	0.7408960399798021		0.7011224636847844								all_zero_expression_profile	Subfunctionalization	discordant
TRD	Pbre1_16G150800	Pbre1_13G144600	Prupe.1G262800.1	7.288404166666667	1.503364	21.334304166666666	0.472703693998999	0.6533856222141491	0.8041815236787242	0.3108379811159439	0.4288720374448041	0.3234813009200664	Neofunctionalization(Child)	Specialization	Neofunctionalization(Child)	discordant	classified	Conservation	discordant
TRD	Pbre1_10G179400	Pbre1_13G152800	Prupe.8G139600.1	0.9178663333333332	0.1093028333333333	0.1926485	0.9959713288338978	0.877032101428399	0.9673374126929812	0.1471816928283708	0.3250538765272238	0.1150202176336621	Conservation	Neofunctionalization(Parent)	Neofunctionalization(Child)	discordant	classified	Subfunctionalization	discordant
TRD	Pbre1_16G170800	Pbre1_13G163600	Prupe.1G251100.1	1.8670046666666664	0.397026	5.448767166666666	0.6283052011746202	0.4708061472342496	0.4345287610702352	0.180618327480847	0.2255599470096067	0.1509827421910326	Conservation	Neofunctionalization(Child)	Neofunctionalization(Child)	discordant	classified	Subfunctionalization	discordant
TRD	Pbre1_11G182200	Pbre1_13G172400	Prupe.6G091300.1	25.941216666666666	0.1282898333333333	67.6943955	0.3483433280474804	0.8619436923435027	0.3550923112068872	0.1458936603752344	0.5912959208710679	0.146455270077538	Neofunctionalization(Child)	Neofunctionalization(Child)	Neofunctionalization(Child)	Neofunctionalization(Child)	classified	Subfunctionalization	discordant
TRD	Pbre1_03G464400	Pbre1_13G173800	Prupe.8G256500.1	55.9429735	0.0	64.43527366666666	0.4171684898238537		0.404781202630396								all_zero_expression_profile	Subfunctionalization	discordant
TRD	Pbre1_13G359000	Pbre1_13G176800	Prupe.1G037400.1	24.791291333333334	0.0520513333333333	167.34239599999998	0.8136553737916176	0.9142431021625652	0.8962147559917497	0.1769134961898431	0.7221835669583317	0.177319987193895	Neofunctionalization(Child)	Neofunctionalization(Child)	Neofunctionalization(Child)	Neofunctionalization(Child)	classified	Subfunctionalization	discordant
TRD	Pbre1_07G448600	Pbre1_13G180800	Prupe.2G298600.1	25.497796333333334	0.040363	62.93646366666666	0.6120921800772023	0.8551816440872233	0.904087536238805	0.6851192173698137	0.9754860580519013	0.6849576122482103	Specialization	Specialization	Specialization	Specialization	classified	Conservation	discordant
TRD	Pbre1_04G355400	Pbre1_13G188400	Prupe.6G333700.1	7.531196666666666	0.6717168333333333	21.48458816666667	0.3359118257626403	0.893938575857506	0.341048840715212	0.107569460960292	0.5999312305631372	0.1296354176483524	Neofunctionalization(Child)	Neofunctionalization(Child)	Neofunctionalization(Child)	Neofunctionalization(Child)	classified	Conservation	discordant
TRD	Pbre1_05G056400	Pbre1_13G196400	Prupe.8G044500.1	43.605401	0.0	9.4381495	0.3330764285854045		0.5405288821484807								all_zero_expression_profile	Neofunctionalization(Child)	discordant
TRD	Pbre1_05G328800	Pbre1_13G198600	Prupe.8G216400.1	15.381962666666666	0.0	33.09291416666667	0.7029764775986939		0.7071424969592857								all_zero_expression_profile	Subfunctionalization	discordant
TRD	Pbre1_13G486000	Pbre1_13G201600	Prupe.1G002900.1	3.765321	18.123861	117.06058216666666	0.9676457828990768	0.9526602161401092	0.6487829331940025	0.6705225874111561	0.8024492865532202	0.641030522348538	Specialization	Specialization	Specialization	Specialization	classified	Conservation	discordant
TRD	Pbre1_03G439000	Pbre1_13G213200	Prupe.8G241500.1	23.9385065	0.6339871666666667	107.93226783333331	0.6105358515797221	0.6022424220043355	0.6231398663622967	0.3273839924100905	0.2126925137700467	0.3201209185477149	Conservation	Neofunctionalization(Child)	Neofunctionalization(Child)	discordant	classified	Subfunctionalization	discordant
TRD	Pbre1_16G335000	Pbre1_13G226200	Prupe.1G016800.1	18.971313833333333	0.1230033333333333	14.245324666666669	0.6400195138356076	0.9894922994205492	0.5302779439899614	0.3124790210160171	0.922765560760514	0.3108583230451859	Neofunctionalization(Child)	Neofunctionalization(Child)	Neofunctionalization(Child)	Neofunctionalization(Child)	classified	Subfunctionalization	discordant
TRD	Pbre1_04G056400	Pbre1_13G227400	Prupe.1G186600.1	48.183466333333335	0.0	38.57964833333333	0.4427088650859312		0.4774503102874777								all_zero_expression_profile	Conservation	discordant
TRD	Pbre1_16G257000	Pbre1_13G252000	Prupe.1G112700.1	20.146817833333333	8.196281666666668	22.422570333333333	0.1959892029781387	0.3164428668948846	0.2768526617279965	0.1137297671154286	0.0840004500254807	0.1008570477154777	Conservation	Conservation	Conservation	Conservation	classified	Neofunctionalization(Child)	discordant
TRD	Pbre1_16G265000	Pbre1_13G256600	Prupe.1G117500.1	3.512180333333333	0.0	8.3701275	0.6324759416572565		0.4604305754136525								all_zero_expression_profile	Subfunctionalization	discordant
TRD	Pbre1_16G265000	Pbre1_13G256800	Prupe.1G117500.1	3.512180333333333	0.5735478333333334	8.3701275	0.6324759416572565	0.9180471250538194	0.4604305754136525	0.2251829362365669	0.6507261662134156	0.2381533164713427	Neofunctionalization(Child)	Specialization	Specialization	discordant	classified	Conservation	discordant
TRD	Pbre1_16G261200	Pbre1_13G263400	Prupe.1G115000.1	35.8964055	0.0	33.747514833333334	0.2302192682622898		0.6924672673364111								all_zero_expression_profile	Conservation	discordant
TRD	Pbre1_02G386400	Pbre1_13G278800	Prupe.2G096600.1	1.999033	0.3714809999999999	12.670369333333332	0.6238429673758988	0.9865520941517166	0.5619937709344935	0.3361963368537433	0.8133803502333644	0.2645647089472314	Neofunctionalization(Child)	Subfunctionalization	Neofunctionalization(Child)	discordant	classified	Subfunctionalization	discordant
TRD	Pbre1_16G282400	Pbre1_13G279200	Prupe.1G132500.1	61.6777065	1.1253848333333334	26.1647555	0.4933852688759675	0.8422553306920495	0.4705147716679212	0.21752637626172	0.4953703582390023	0.2135477620892224	Neofunctionalization(Child)	Neofunctionalization(Child)	Neofunctionalization(Child)	Neofunctionalization(Child)	classified	Conservation	discordant
TRD	Pbre1_16G070600	Pbre1_13G279800	Prupe.1G313700.1	20.323093	0.0	23.478466	0.5179163984620214		0.3544877752089378								all_zero_expression_profile	Specialization	discordant
TRD	Pbre1_13G079200	Pbre1_13G288800	Prupe.1G305600.1	11.8689835	0.0	34.790375	0.6059549235326687		0.5759931978790214								all_zero_expression_profile	Specialization	discordant
TRD	Pbre1_12G336000	Pbre1_13G300000	Prupe.6G306800.1	36.9629335	0.0438949999999999	69.070719	0.5032117907341215	1.0	0.3198980449811685	0.1384892291859836	1.0018886713041275	0.1386057581838158	Neofunctionalization(Child)	Neofunctionalization(Child)	Neofunctionalization(Child)	Neofunctionalization(Child)	classified	Conservation	discordant
TRD	Pbre1_16G306200	Pbre1_13G303600	Prupe.1G147800.1	8.159498666666668	0.2481788333333333	11.975001166666669	0.2221605886331766	0.6527619649623126	0.2674080025990564	0.1036806535582021	0.2668497429580603	0.0992862381565141	Conservation	Neofunctionalization(Child)	Neofunctionalization(Child)	discordant	classified	Specialization	discordant
TRD	Pbre1_16G307200	Pbre1_13G304200	Prupe.1G148200.1	321.96934783333336	46.196693833333335	551.7769246666667	0.2667156776153119	0.4068781433851763	0.2332590524338265	0.037531098885502	0.1180746620630106	0.0220192258535603	Conservation	Conservation	Conservation	Conservation	classified	Subfunctionalization	discordant
TRD	Pbre1_17G044200	Pbre1_13G327400	Prupe.3G292400.1	101.81181983333332	3.2856393333333336	116.016203	0.2925707343145673	0.6344899459341615	0.3924693551133219	0.180026518480343	0.2497716042054273	0.1714754296368444	Conservation	Conservation	Conservation	Conservation	classified	Conservation	Conservation
TRD	Pbre1_13G108400	Pbre1_13G328200	Prupe.1G286500.1	25.86099683333333	5.327665	45.271767833333335	0.6170386906117674	0.2191152303688353	0.6850320275977323	0.4136464281420209	0.2302803722382696	0.37783377257278	Neofunctionalization(Parent)	Conservation	Conservation	discordant	classified	Conservation	discordant
TRD	Pbre1_05G309400	Pbre1_13G331400	Prupe.8G207100.1	29.562940166666667	0.0	84.9594025	0.7646052417655559		0.6914326612091536								all_zero_expression_profile	Subfunctionalization	discordant
TRD	Pbre1_14G161800	Pbre1_13G336000	Prupe.7G032400.1	6.543546333333333	0.048367	28.31931583333333	0.5374680662746616	0.8241125841110298	0.846438085614073	0.4740647091614869	0.7027724040363756	0.4737867054211983	Specialization	Neofunctionalization(Child)	Neofunctionalization(Child)	discordant	classified	Subfunctionalization	discordant
TRD	Pbre1_16G400400	Pbre1_13G338600	Prupe.1G065700.1	24.466078166666662	0.0	103.53993333333332	0.4304629461223822		0.4926820352819979								all_zero_expression_profile	Neofunctionalization(Child)	discordant
TRD	Pbre1_09G106000	Pbre1_13G339200	Prupe.3G257100.1	1.0951406666666663	0.0	11.033671	0.8138109785842496		0.9627812906313068								all_zero_expression_profile	Neofunctionalization(Child)	discordant
TRD	Pbre1_16G354600	Pbre1_13G345600	Prupe.1G033600.1	1.5035208333333334	0.563529	2.6787005	0.6561982205673098	0.6751176500265842	0.953183784539168	0.6558639216975911	0.6579145031313883	0.6476120972672396	Specialization	Specialization	Specialization	Specialization	classified	Neofunctionalization(Child)	discordant
TRD	Pbre1_07G231000	Pbre1_13G346200	Prupe.2G170600.1	0.997136	0.0	4.766368666666667	0.4359740481148105		0.6066416306341448								all_zero_expression_profile	Conservation	discordant
TRD	Pbre1_17G147600	Pbre1_13G347800	Prupe.3G233500.1	32.405638499999995	0.0343528333333333	34.47026783333333	0.6802359809931525	1.0	0.6253758387059571	0.0930037526024729	0.9665947844659144	0.0920860650678347	Neofunctionalization(Child)	Neofunctionalization(Child)	Neofunctionalization(Child)	Neofunctionalization(Child)	classified	Subfunctionalization	discordant
TRD	Pbre1_13G258800	Pbre1_13G349000	Prupe.1G117200.1	102.79593266666666	0.0	255.29371883333332	0.6946747826844561		0.5134788271737324								all_zero_expression_profile	Conservation	discordant
TRD	Pbre1_07G406400	Pbre1_13G352400	Prupe.2G276400.1	0.8650935	0.3445661666666667	7.399626	0.7526768620614025	0.4906913830577443	0.894680183161263	0.4707248560292605	0.6195324852590396	0.4690008443756594	Specialization	Specialization	Specialization	Specialization	classified	Conservation	discordant
TRD	Pbre1_01G263600	Pbre1_13G354800	Prupe.2G239700.1	320.74075566666664	0.0	199.36652716666663	0.5747888167349554		0.6160536417151555								all_zero_expression_profile	Neofunctionalization(Child)	discordant
TRD	Pbre1_05G256000	Pbre1_13G359800	Prupe.8G181200.1	22.604154166666667	12.913793	111.46912466666666	0.3969019316495513	0.3394062014194294	0.481080699776617	0.1617055320866345	0.1424462700350007	0.1305495358580085	Conservation	Conservation	Conservation	Conservation	classified	Conservation	Conservation
TRD	Pbre1_15G365400	Pbre1_13G377400	Prupe.7G213700.1	43.45705233333334	26.189806333333333	43.559181	0.4906245800074457	0.3618004674034438	0.6064616098618976	0.2680892263946164	0.2821844749270188	0.261701821997256	Conservation	Conservation	Conservation	Conservation	classified	Neofunctionalization(Child)	discordant
TRD	Pbre1_09G046200	Pbre1_13G377600	Prupe.3G291100.1	12.225825833333332	26.822085666666663	77.60770116666666	0.4458565650279865	0.372106319374817	0.6922987260562969	0.3488083724651398	0.1923439557232828	0.2342600039922346	Conservation	Conservation	Conservation	Conservation	classified	Neofunctionalization(Parent)	discordant
TRD	Pbre1_16G381600	Pbre1_13G379200	Prupe.1G050600.1	10.741627833333334	0.515728	37.87148633333334	0.6570409865192351	0.4219742256182419	0.5561327647356631	0.2180201320664838	0.139481022496942	0.2108006902240418	Conservation	Neofunctionalization(Child)	Neofunctionalization(Child)	discordant	classified	Neofunctionalization(Parent)	discordant
TRD	Pbre1_02G179600	Pbre1_13G396400	Prupe.7G178400.1	6.536911	0.1282211666666666	9.2188885	0.5322577102879713	1.0	0.6219237097073815	0.2398392222208835	1.0334851250485972	0.2410142871360513	Neofunctionalization(Child)	Neofunctionalization(Child)	Neofunctionalization(Child)	Neofunctionalization(Child)	classified	Neofunctionalization(Parent)	discordant
TRD	Pbre1_07G402200	Pbre1_13G397600	Prupe.2G273700.1	35.831897833333336	0.0373296666666666	24.27556	0.39636066505576	0.9012989437746718	0.5407393474999966	0.2056957026805815	0.7240511544104676	0.2061814629908344	Neofunctionalization(Child)	Neofunctionalization(Child)	Neofunctionalization(Child)	Neofunctionalization(Child)	classified	Neofunctionalization(Child)	Neofunctionalization(Child)
TRD	Pbre1_15G292000	Pbre1_13G406800	Prupe.7G251900.1	23.171757666666664	0.5547421666666666	13.282021833333332	0.4855526365858768	0.5800816884514953	0.5516744254440441	0.1777655549990262	0.3516900815097525	0.1771957708971846	Conservation	Neofunctionalization(Child)	Neofunctionalization(Child)	discordant	classified	Neofunctionalization(Child)	discordant
TRD	Pbre1_15G447200	Pbre1_13G418000	Prupe.7G163100.1	30.20168583333333	0.0129903333333333	21.5808685	0.6819670340450299	1.0	0.4424239830442729	0.4452132827869802	0.8366153665389272	0.4450223344066099	Specialization	Neofunctionalization(Child)	Neofunctionalization(Child)	discordant	classified	Neofunctionalization(Parent)	discordant
TRD	Pbre1_14G306400	Pbre1_13G419000	Prupe.5G160800.1	143.10113533333333	0.5059348333333333	84.39080233333333	0.4166360547995317	0.8459095004942858	0.3443719906174489	0.206721767849239	0.4559919166769579	0.2060868575530535	Neofunctionalization(Child)	Neofunctionalization(Child)	Neofunctionalization(Child)	Neofunctionalization(Child)	classified	Specialization	discordant
TRD	Pbre1_16G287000	Pbre1_13G422800	Prupe.1G136500.1	16.3068605	0.0662261666666666	15.202060333333334	0.698375929344444	0.8842112373837718	0.6719591305445498	0.0824509836546467	0.6899909353165719	0.0807467449781857	Neofunctionalization(Child)	Neofunctionalization(Child)	Neofunctionalization(Child)	Neofunctionalization(Child)	classified	Conservation	discordant
TRD	Pbre1_01G179400	Pbre1_13G425200	Prupe.2G191400.1	0.0248401666666666	0.0347511666666666	0.106239	0.7439172544639442	0.9540770532697218	0.7788247498290348	0.6614734721293313	0.6178835489392223	0.5589761734414502	Specialization	Conservation	Conservation	discordant	classified	Neofunctionalization(Parent)	discordant
TRD	Pbre1_13G414400	Pbre1_13G427600	Prupe.1G079600.1	2.1042035	6.4141065	3.887498333333333	0.3093152006016338	0.4176781991691882	0.721925294262025	0.307537456836554	0.3339931771692245	0.317650788478986	Conservation	Neofunctionalization(Parent)	Conservation	discordant	classified	Neofunctionalization(Parent)	discordant
TRD	Pbre1_04G063800	Pbre1_13G428200	Prupe.1G192200.1	0.0374356666666666	0.0	0.0184426666666666	0.9481044527557068		1.0								all_zero_expression_profile	Neofunctionalization(Child)	discordant
TRD	Pbre1_02G386400	Pbre1_13G428400	Prupe.2G096600.1	1.999033	10.151578	12.670369333333332	0.6238429673758988	0.4842788255959919	0.5619937709344935	0.3361963368537433	0.2112758627694829	0.2206407978659371	Conservation	Neofunctionalization(Parent)	Conservation	discordant	classified	Conservation	discordant
TRD	Pbre1_12G418000	Pbre1_13G430800	Prupe.6G354100.1	11.014410333333334	0.0103703333333333	74.0202905	0.9115149080654998	1.0	0.7214884785243829	0.5244644168383736	1.143374678670494	0.5242891076603823	Specialization	Specialization	Specialization	Specialization	classified	Subfunctionalization	discordant
TRD	Pbre1_05G429600	Pbre1_13G445800	Prupe.4G106400.1	0.0305093333333333	0.0466241666666666	33.960937	0.9759302781041912	0.9914070859477816	0.2107160633411665	0.8500092432645273	0.9173631469748216	0.8897395804207745	Specialization	Specialization	Specialization	Specialization	classified	Conservation	discordant
TRD	Pbre1_10G409600	Pbre1_13G446000	Prupe.4G106200.1	0.3071603333333333	1.2239495	14.324546333333334	0.9700540003693184	0.5918311201692409	0.5187166164532888	0.8914777107225245	0.2633695309010002	0.3227282308497752	Neofunctionalization(Parent)	Specialization	Specialization	discordant	classified	Neofunctionalization(Parent)	discordant
TRD	Pbre1_07G283600	Pbre1_13G446400	Prupe.2G206100.1	71.82636550000001	1.4766683333333337	16.490849666666666	0.8118797543572921	0.2055184683205796	0.7042590963004749	0.5360562383137396	0.2858697365209283	0.5291691322674689	Neofunctionalization(Parent)	Neofunctionalization(Child)	Conservation	discordant	classified	Neofunctionalization(Child)	discordant
TRD	Pbre1_04G058800	Pbre1_13G446800	Prupe.1G189000.1	87.75474083333333	50.20428566666666	229.44477316666664	0.3168911918697462	0.3861021183342704	0.6199854104912099	0.13728858293079	0.1745366371244668	0.1462842526332673	Conservation	Conservation	Conservation	Conservation	classified	Conservation	Conservation
TRD	Pbre1_16G438400	Pbre1_13G447200	Prupe.1G101600.1	0.0	0.104735	1.6334445		0.7370197780176305	0.8780022318183439								all_zero_expression_profile	Neofunctionalization(Parent)	discordant
TRD	Pbre1_04G081800	Pbre1_13G448600	Prupe.1G207600.1	186.89309516666663	3.241112833333333	199.96456266666667	0.3347321600984742	0.7877136106484317	0.3273695916028535	0.1662209234387162	0.4463645508845258	0.1684262332645001	Neofunctionalization(Child)	Conservation	Conservation	discordant	classified	Subfunctionalization	discordant
TRD	Pbre1_04G072400	Pbre1_13G453000	Prupe.1G198600.1	7.539558333333334	7.897095	6.87088	0.2983669699957257	0.4030052372903008	0.447285728031802	0.2191741867010903	0.1499788512342463	0.1759665336354124	Conservation	Conservation	Conservation	Conservation	classified	Conservation	Conservation
TRD	Pbre1_04G074000	Pbre1_13G454000	Prupe.1G199800.1	23.745238166666667	29.6204765	21.819300166666665	0.3920987116522217	0.2354055136771077	0.4313369245157396	0.2182444067376544	0.1554734152739038	0.1778515909649068	Conservation	Conservation	Conservation	Conservation	classified	Neofunctionalization(Parent)	discordant
TRD	Pbre1_04G068000	Pbre1_13G456000	Prupe.1G196500.1	3.2097675	5.7698425	13.6348955	0.4295630393899426	0.5713687131183152	0.6555805962007141	0.3219714437643423	0.2995296845233186	0.2665735074115714	Conservation	Conservation	Conservation	Conservation	classified	Neofunctionalization(Parent)	discordant
TRD	Pbre1_07G437000	Pbre1_13G460400	Prupe.2G293000.1	160.15757366666668	54.367721	287.35491533333334	0.3409101646494893	0.4363610966250648	0.3716516355191077	0.1025265739111854	0.1431376038962188	0.1085813056414286	Conservation	Conservation	Conservation	Conservation	classified	Neofunctionalization(Parent)	discordant
TRD	Pbre1_15G732000	Pbre1_13G462400	Prupe.1G558100.1	97.102367	1.2953121666666667	179.7336	0.4738133396153305	0.3650720018993525	0.6809718205874238	0.3555889381369209	0.2591289347740688	0.353899291970329	Conservation	Neofunctionalization(Child)	Conservation	discordant	classified	Neofunctionalization(Parent)	discordant
TRD	Pbre1_17G267400	Pbre1_13G467200	Prupe.3G037300.1	14.491487833333334	0.3192959999999999	23.671907166666667	0.4571807607357392	0.4648355759877048	0.3011759837523531	0.1377466634915925	0.2585145582767082	0.1357363120821733	Conservation	Neofunctionalization(Child)	Neofunctionalization(Child)	discordant	classified	Subfunctionalization	discordant
TRD	Pbre1_03G346600	Pbre1_13G468000	Prupe.4G204500.1	24.434126666666668	29.20940483333333	77.58373416666666	0.321290280392502	0.2827445829418785	0.5096486937512206	0.1983370994330839	0.2441007551410168	0.2058830663894566	Conservation	Conservation	Conservation	Conservation	classified	Subfunctionalization	discordant
TRD	Pbre1_11G402400	Pbre1_13G469800	Prupe.4G182100.1	53.39874866666667	45.1923635	25.78155233333333	0.3742899513216541	0.190162283986418	0.5306891753518845	0.2017896696197146	0.1688785620285035	0.1739336076133835	Conservation	Conservation	Conservation	Conservation	classified	Subfunctionalization	discordant
TRD	Pbre1_04G022600	Pbre1_13G483000	Prupe.1G163200.1	20.188547	0.027915	32.25483083333333	0.2741538013521812	1.0	0.3202532354774142	0.1054922901441616	0.8602002202535816	0.1051971399643183	Neofunctionalization(Child)	Neofunctionalization(Child)	Neofunctionalization(Child)	Neofunctionalization(Child)	classified	Conservation	discordant
TRD	Pbre1_05G592800	Pbre1_13G488400	Prupe.4G008500.1	120.61735016666668	0.0816465	45.44571316666666	0.5434688507127658	0.7904689452806608	0.3802176518494292	0.1864991185056435	0.5121308061659501	0.1861800365479196	Neofunctionalization(Child)	Neofunctionalization(Child)	Neofunctionalization(Child)	Neofunctionalization(Child)	classified	Neofunctionalization(Child)	Neofunctionalization(Child)
TRD	Pbre1_07G342800	Pbre1_13G489000	Prupe.2G240700.1	20.636525666666667	0.1853635	47.324983333333336	0.7742930739567866	0.7723696554906183	0.6759694393463432	0.469288087189194	0.5678269270741938	0.4693277982506399	Specialization	Neofunctionalization(Child)	Neofunctionalization(Child)	discordant	classified	Neofunctionalization(Child)	discordant
TRD	Pbre1_10G352400	Pbre1_14G020000	Prupe.4G141500.1														missing_expression_record		discordant
TRD	Pbre1_12G338800	Pbre1_14G021200	Prupe.6G309100.1	38.23727683333333	27.1816005	37.844258	0.4868166230314329	0.403226386486073	0.3823837199169858	0.215049186093492	0.2346197222348421	0.2156792134651731	Conservation	Conservation	Conservation	Conservation	classified	Specialization	discordant
TRD	Pbre1_05G537800	Pbre1_14G030800	Prupe.4G040100.1	4.065960166666667	2.4422746666666666	1.5592638333333335	0.8280983475779393	0.8064310612690686	0.836288665004053	0.4809510610638304	0.6410590201752655	0.4322288341583777	Specialization	Specialization	Specialization	Specialization	classified	Subfunctionalization	discordant
TRD	Pbre1_12G039400	Pbre1_14G033000	Prupe.7G114300.1	0.0115195	0.0041483333333333	0.5599231666666666	0.8212767123287671	1.0	0.7777102216948462	0.5797078432279514	1.1489290217785255	0.570707467703747	Specialization	Specialization	Specialization	Specialization	classified	Neofunctionalization(Child)	discordant
TRD	Pbre1_03G193600	Pbre1_14G056200	Prupe.6G108800.1	5.001422	0.0	256.494081	0.6162014077218485		0.5152780173661736								all_zero_expression_profile	Subfunctionalization	discordant
TRD	Pbre1_12G086800	Pbre1_14G087000	Prupe.7G085700.1	7.957894333333333	0.0	10.323623	0.39829532231985		0.7754996862082216								all_zero_expression_profile	Subfunctionalization	discordant
TRD	Pbre1_14G159000	Pbre1_14G088000	Prupe.7G034500.1	7.092934166666667	1.713585	39.441719	0.3449242996413343	0.5528643505801966	0.2804146712310006	0.1000822754741932	0.2274042672421681	0.0997488866392352	Conservation	Neofunctionalization(Child)	Conservation	discordant	classified	Subfunctionalization	discordant
TRD	Pbre1_12G136600	Pbre1_14G090800	Prupe.7G050500.1	7.945123333333333	0.0754008333333333	5.2864285	0.3146126118847529	0.720909668537541	0.891641109494552	0.5255717619679324	0.6307727524682306	0.5257415405906195	Specialization	Specialization	Neofunctionalization(Child)	Specialization	classified	Subfunctionalization	discordant
TRD	Pbre1_04G165400	Pbre1_14G092400	Prupe.6G235900.1	158.2097095	0.0	302.24619666666666	0.5565969362195464		0.8709614273542311								all_zero_expression_profile	Conservation	discordant
TRD	Pbre1_12G105000	Pbre1_14G099200	Prupe.7G072800.1	1.3511766666666667	0.5537375	1.0859058333333331	0.4802383976256122	0.7888210003663259	0.6897087030381256	0.3018001200816292	0.4147206043316556	0.290033983541293	Neofunctionalization(Child)	Specialization	Neofunctionalization(Child)	discordant	classified	Conservation	discordant
TRD	Pbre1_07G367200	Pbre1_14G106400	Prupe.2G253000.1	0.0115896666666666	0.5112516666666667	0.0013861666666666	0.7829805097451275	0.9087519861530656	1.0	0.6444501211692212	1.1656199689641933	1.149715848099813	Specialization	Neofunctionalization(Child)	Neofunctionalization(Child)	discordant	classified	Subfunctionalization	discordant
TRD	Pbre1_12G123000	Pbre1_14G107400	Prupe.7G061400.1	0.1235646666666666	0.1892903333333333	0.0	0.8878175720201865	0.7702464265781234									all_zero_expression_profile	Subfunctionalization	discordant
TRD	Pbre1_16G354600	Pbre1_14G109200	Prupe.1G033600.1	1.5035208333333334	0.0	2.6787005	0.6561982205673098		0.953183784539168								all_zero_expression_profile	Conservation	discordant
TRD	Pbre1_11G507600	Pbre1_14G110200	Prupe.8G259000.1	38.121114	0.0	53.476629	0.2846304714737677		0.3447880068414343								all_zero_expression_profile	Subfunctionalization	discordant
TRD	Pbre1_17G152200	Pbre1_14G113200	Prupe.3G231000.1	14.558648	15.457868666666666	31.197414833333333	0.3931416956192605	0.4399325465954818	0.3178458017020247	0.0985566448825348	0.1745325359073519	0.0856876624975417	Conservation	Conservation	Conservation	Conservation	classified	Subfunctionalization	discordant
TRD	Pbre1_17G151400	Pbre1_14G113400	Prupe.3G231200.1	1.135391	1.2845408333333332	1.4563745	0.6477432963640624	0.2296747430110978	0.6234826850116004	0.4502585145880164	0.2786738784660532	0.3573915761481136	Neofunctionalization(Parent)	Specialization	Specialization	discordant	classified	Subfunctionalization	discordant
TRD	Pbre1_17G151200	Pbre1_14G113600	Prupe.3G231300.1														missing_expression_record		discordant
TRD	Pbre1_12G114600	Pbre1_14G116600	Prupe.7G067700.1	9.325856	14.985504	6.4213965	0.6481497107859816	0.3817001135078738	0.6208277190618157	0.3337019497108686	0.2044133132468042	0.2021629147331386	Conservation	Conservation	Conservation	Conservation	classified	Specialization	discordant
TRD	Pbre1_12G116400	Pbre1_14G118800	Prupe.7G066800.1	11.837433	6.069340166666667	13.321161666666669	0.4085851254947067	0.2162267030826627	0.5675006207125086	0.2322032335492617	0.1724887914023793	0.2042389561506752	Conservation	Conservation	Conservation	Conservation	classified	Subfunctionalization	discordant
TRD	Pbre1_12G116400	Pbre1_14G119000	Prupe.7G066800.1	11.837433	19.303372166666662	13.321161666666669	0.4085851254947067	0.2111134420167166	0.5675006207125086	0.2322032335492617	0.1426329862891934	0.1711355302228393	Conservation	Conservation	Conservation	Conservation	classified	Subfunctionalization	discordant
TRD	Pbre1_12G124800	Pbre1_14G121000	Prupe.7G059600.1														missing_expression_record		discordant
TRD	Pbre1_12G120400	Pbre1_14G123200	Prupe.7G064000.1	0.7932866666666667	13.845768833333333	236.699028	0.6545202418130247	0.4816095290281041	0.4249755910238882	0.3251145826817453	0.2427622695421791	0.2450626767267353	Conservation	Neofunctionalization(Parent)	Neofunctionalization(Parent)	discordant	classified	Subfunctionalization	discordant
TRD	Pbre1_12G125800	Pbre1_14G127400	Prupe.7G058600.1	9.734546166666666	0.2608698333333333	6.507546666666666	0.5552416380760976	0.7437597101457725	0.7186219062016637	0.340233867495739	0.2498699400282191	0.3298686479495632	Conservation	Neofunctionalization(Child)	Neofunctionalization(Child)	discordant	classified	Subfunctionalization	discordant
TRD	Pbre1_08G408400	Pbre1_14G127600	Prupe.1G583600.1	12.041890333333331	0.0805856666666666	15.362213333333331	0.6905488735063752	0.6082415430557596	0.3741893958832966	0.2896842868931313	0.2802818782071974	0.2870402255663812	Conservation	Neofunctionalization(Child)	Neofunctionalization(Child)	discordant	classified	Conservation	discordant
TRD	Pbre1_15G777000	Pbre1_14G127800	Prupe.1G583600.1	8.916187666666668	0.1211603333333333	15.362213333333331	0.1961475138210705	0.7949948327107517	0.3741893958832966	0.1319877848758469	0.3689661619151839	0.1268952814005363	Conservation	Neofunctionalization(Child)	Neofunctionalization(Child)	discordant	classified	Subfunctionalization	discordant
TRD	Pbre1_14G123000	Pbre1_14G129000	Prupe.7G064000.1	15.3566295	23.73161916666667	236.699028	0.5913782851384444	0.6080399264336706	0.4249755910238882	0.3228574054447372	0.3394323207439471	0.3284629437220581	Conservation	Conservation	Conservation	Conservation	classified		discordant
TRD	Pbre1_12G129000	Pbre1_14G131400	Prupe.7G058100.1	24.181519166666668	9.894439333333333	28.87099483333333	0.5231913497458605	0.5130410809552962	0.3542125691048042	0.1688051150544418	0.1110245585620549	0.1476615758113152	Conservation	Conservation	Conservation	Conservation	classified	Subfunctionalization	discordant
TRD	Pbre1_08G125200	Pbre1_14G134400	Prupe.1G416400.1	3.2542323333333334	5.510867666666667	9.080155666666666	0.9937707126205606	0.4933484985165005	0.9789257705276664	0.0934076906574478	0.9905135872492276	0.6010711176893476	Neofunctionalization(Child)	Specialization	Specialization	discordant	classified	Specialization	discordant
TRD	Pbre1_12G131800	Pbre1_14G135200	Prupe.7G053900.1	5.065702	0.2799081666666667	3.165795	0.7915692438762354	0.6172019988201408	0.5721023635946525	0.4379970785850177	0.3700233979492067	0.4140263031361766	Neofunctionalization(Parent)	Neofunctionalization(Child)	Neofunctionalization(Child)	discordant	classified	Subfunctionalization	discordant
TRD	Pbre1_16G169400	Pbre1_14G140200	Prupe.1G251800.1	19.751815666666666	0.0	37.87134383333333	0.5351781481645099		0.4728182252641961								all_zero_expression_profile	Subfunctionalization	discordant
TRD	Pbre1_12G136600	Pbre1_14G140600	Prupe.7G050500.1	7.945123333333333	6.897506	5.2864285	0.3146126118847529	0.8466708284654745	0.891641109494552	0.5255717619679324	0.8530494858325526	0.6598087633406579	Specialization	Specialization	Conservation	Specialization	classified	Subfunctionalization	discordant
TRD	Pbre1_12G137400	Pbre1_14G141000	Prupe.7G050300.1	16.083285500000002	5.067861166666667	10.4090115	0.3210715836041927	0.4238588021425126	0.5895949779401095	0.1268284740481834	0.2390963525522793	0.1382313940804193	Conservation	Conservation	Conservation	Conservation	classified	Subfunctionalization	discordant
TRD	Pbre1_08G249600	Pbre1_14G143600	Prupe.1G481500.1	51.70936866666666	0.1718855	104.3401285	0.3490165317200309	0.5268411605365361	0.4000136027166178	0.187379655858195	0.3435606335063885	0.1872519754091485	Conservation	Neofunctionalization(Child)	Neofunctionalization(Child)	discordant	classified	Conservation	discordant
TRD	Pbre1_12G145000	Pbre1_14G147000	Prupe.7G046200.1	44.614439833333336	20.7023585	110.13219416666666	0.2512481335024655	0.3364764697006421	0.7450009319555593	0.3391650455218329	0.3458111955648469	0.3394142596209902	Conservation	Conservation	Conservation	Conservation	classified	Conservation	Conservation
TRD	Pbre1_03G326200	Pbre1_14G152000	Prupe.4G216600.1	8.897912833333333	0.0	32.38748433333333	0.6486768445104352		0.642029849443458								all_zero_expression_profile	Subfunctionalization	discordant
TRD	Pbre1_14G148400	Pbre1_14G152200	Prupe.7G045000.1	0.0	4.7654845	426.110156		0.9487153996444846	0.5650521042101637								all_zero_expression_profile	Subfunctionalization	discordant
TRD	Pbre1_05G164000	Pbre1_14G153400	Prupe.8G132000.1	34.180391666666665	0.0	61.101393	0.3095727281073402		0.5339062081742016								all_zero_expression_profile	Specialization	discordant
TRD	Pbre1_15G650000	Pbre1_14G154000	Prupe.1G511000.1	164.18630966666666	0.0282531666666666	114.70979966666668	0.5719730099663067	1.0	0.6622743578818534	0.264537000698611	0.7237932464142658	0.2645012899225669	Neofunctionalization(Child)	Neofunctionalization(Child)	Neofunctionalization(Child)	Neofunctionalization(Child)	classified	Specialization	discordant
TRD	Pbre1_08G382600	Pbre1_14G158200	Prupe.1G564500.1	2.7109906666666665	0.0317165	12.709991333333331	0.6530182376641587	0.8570756672012687	0.2773597031675645	0.2220856090421089	0.6117098490261568	0.2171941097527445	Neofunctionalization(Child)	Neofunctionalization(Child)	Neofunctionalization(Child)	Neofunctionalization(Child)	classified	Conservation	discordant
TRD	Pbre1_12G404800	Pbre1_14G165000	Prupe.6G346700.1	18.831687	0.1447718333333333	19.612155833333333	0.3259634523315648	0.8210698744724244	0.517515826530387	0.2526808680973304	0.5240606800549494	0.251978235490052	Neofunctionalization(Child)	Neofunctionalization(Child)	Neofunctionalization(Child)	Neofunctionalization(Child)	classified	Conservation	discordant
TRD	Pbre1_12G171200	Pbre1_14G172600	Prupe.7G119700.1	8.1555535	4.393103166666666	7.075650833333333	0.6593652862156066	0.2950120914573214	0.6555391804842152	0.4454935913081019	0.2245621312795148	0.3603171240231057	Neofunctionalization(Parent)	Conservation	Conservation	discordant	classified	Subfunctionalization	discordant
TRD	Pbre1_15G043200	Pbre1_14G187600	Prupe.1G376200.1	81.07473583333334	0.5857543333333334	93.87698066666668	0.7156095806672895	0.7023274815294697	0.909821788409382	0.3773118718474413	0.8291884592582234	0.3801494519859478	Neofunctionalization(Child)	Neofunctionalization(Child)	Neofunctionalization(Child)	Neofunctionalization(Child)	classified	Specialization	discordant
TRD	Pbre1_13G181000	Pbre1_14G189600	Prupe.1G241300.1	7.3672775	0.0	26.02029433333333	0.8282097838240172		0.4998906057812767								all_zero_expression_profile	Conservation	discordant
TRD	Pbre1_06G148200	Pbre1_14G190000	Prupe.5G098200.1	0.1853638333333333	0.0523141666666666	3.075183833333333	0.8020876229184146	0.9432528046002396	0.9377513687636349	0.6920474680138143	1.0565923878225734	0.6803103254068634	Specialization	Specialization	Specialization	Specialization	classified	Conservation	discordant
TRD	Pbre1_06G148200	Pbre1_14G190200	Prupe.5G098200.1	0.1853638333333333	0.045757	3.075183833333333	0.8020876229184146	0.8223709276975029	0.9377513687636349	0.6920474680138143	0.4962163100162628	0.5980105745312989	Specialization	Specialization	Specialization	Specialization	classified	Conservation	discordant
TRD	Pbre1_06G152000	Pbre1_14G193800	Prupe.5G100100.1	2.5310213333333333	0.0146546666666666	4.172166166666667	0.4752918898850002	1.0	0.8575386915795795	0.4033608472376843	0.993842911046196	0.4033893364609994	Specialization	Specialization	Specialization	Specialization	classified	Subfunctionalization	discordant
TRD	Pbre1_15G180200	Pbre1_14G194800	Prupe.1G454100.1	4.162638833333333	0.0	11.07914	0.926820547703526		0.9790815753424204								all_zero_expression_profile	Conservation	discordant
TRD	Pbre1_16G162800	Pbre1_14G195400	Prupe.1G255500.1														missing_expression_record		discordant
TRD	Pbre1_10G309600	Pbre1_14G197600	Prupe.8G214700.1	44.727190666666665	0.0	93.00793583333332	0.3369004149734573		0.2975327040271504								all_zero_expression_profile	Conservation	discordant
TRD	Pbre1_13G225600	Pbre1_14G203600	Prupe.1G213500.1	10.659881333333333	12.706496	71.83186266666667	0.6646877860956963	0.3737864405414915	0.28605249380878	0.2742779109879482	0.1585015827904635	0.12173320551123	Conservation	Conservation	Conservation	Conservation	classified	Conservation	Conservation
TRD	Pbre1_10G530600	Pbre1_14G206000	Prupe.4G034600.1	21.33837233333333	0.0110706666666666	6.919182166666666	0.6202767076748944	1.0	0.8512776594302849	0.3947326300093272	1.171760171745978	0.3949670483259146	Specialization	Specialization	Specialization	Specialization	classified	Conservation	discordant
TRD	Pbre1_04G411200	Pbre1_14G210400	Prupe.6G363300.1	29.30901083333333	0.2314443333333333	102.9078205	0.2648507677777942	0.7047120736298286	0.409012479474031	0.1689219676581234	0.2688009198977195	0.1686238761385949	Conservation	Neofunctionalization(Child)	Neofunctionalization(Child)	discordant	classified	Conservation	discordant
TRD	Pbre1_06G175000	Pbre1_14G217000	Prupe.5G110900.1	13.470362166666666	2.751121	15.430184333333331	0.4695543018271948	0.5919704286519398	0.6928708562147199	0.3797788944313919	0.3602837838772706	0.3616334879338813	Conservation	Neofunctionalization(Child)	Conservation	discordant	classified	Neofunctionalization(Child)	discordant
TRD	Pbre1_06G175000	Pbre1_14G217200	Prupe.5G110900.1	13.470362166666666	1.8804396666666667	15.430184333333331	0.4695543018271948	0.3906659985961912	0.6928708562147199	0.3797788944313919	0.3222258269552344	0.3699880570422548	Conservation	Neofunctionalization(Child)	Neofunctionalization(Child)	discordant	classified	Neofunctionalization(Child)	discordant
TRD	Pbre1_15G539000	Pbre1_14G217600	Prupe.6G213300.1	23.109962	0.149271	77.58064683333333	0.4334864907161661	0.5186461566551032	0.3923367769318121	0.1749099222834587	0.3467954763115495	0.175071010944068	Conservation	Neofunctionalization(Child)	Neofunctionalization(Child)	discordant	classified	Subfunctionalization	discordant
TRD	Pbre1_06G178200	Pbre1_14G221400	Prupe.5G113200.1	12.7086055	6.345167	22.365558166666663	0.1973751119382059	0.3639353561378036	0.365518270863186	0.1124358687319675	0.0411691150550952	0.0761712831921349	Conservation	Conservation	Conservation	Conservation	classified	Subfunctionalization	discordant
TRD	Pbre1_12G226000	Pbre1_14G232000	Prupe.6G247200.1														missing_expression_record		discordant
TRD	Pbre1_05G367800	Pbre1_14G245600	Prupe.4G143900.1	11.6868385	0.0	32.094323333333335	0.7466585632753062		0.3273000458905647								all_zero_expression_profile	Neofunctionalization(Child)	discordant
TRD	Pbre1_06G209200	Pbre1_14G249400	Prupe.5G129300.1	37.52060683333333	38.1681035	38.41084566666667	0.3275536779109868	0.4010258964622968	0.1868696475778855	0.1392938843405613	0.1951828537084358	0.1645278502280547	Conservation	Conservation	Conservation	Conservation	classified	Neofunctionalization(Child)	discordant
TRD	Pbre1_10G473600	Pbre1_14G251000	Prupe.4G065400.1	0.4642135	0.0	1.3306646666666666	0.5965329603842733		0.4619060583607245								all_zero_expression_profile	Neofunctionalization(Parent)	discordant
TRD	Pbre1_13G323000	Pbre1_14G252800	Prupe.1G013700.1	202.023812	0.0	280.19209516666666	0.3956072031215442		0.6736030300905662								all_zero_expression_profile	Neofunctionalization(Child)	discordant
TRD	Pbre1_06G038800	Pbre1_14G254000	Prupe.5G024600.1	137.851604	0.5687901666666667	379.7412851666666	0.9413028696021402	0.7652326621296937	0.8076859674511212	0.4446994474531395	0.6444984609361736	0.4414713258728273	Specialization	Specialization	Neofunctionalization(Child)	Specialization	classified	Neofunctionalization(Parent)	discordant
TRD	Pbre1_13G079400	Pbre1_14G255800	Prupe.1G305500.1	40.58313483333333	1.4219213333333334	28.9998145	0.7843084267649527	0.7073056147571635	0.823778108617317	0.3142688777964821	0.6215113477957489	0.3130292701576916	Neofunctionalization(Child)	Specialization	Neofunctionalization(Child)	discordant	classified	Neofunctionalization(Child)	discordant
TRD	Pbre1_06G223600	Pbre1_14G264000	Prupe.5G137300.1	17.329641666666667	6.453948333333334	7.689651	0.3511887868071209	0.4379942898309283	0.6899762801676168	0.2286019184857904	0.1871410603436896	0.2012515654858308	Conservation	Conservation	Conservation	Conservation	classified	Neofunctionalization(Parent)	discordant
TRD	Pbre1_15G131400	Pbre1_14G274000	Prupe.1G424500.1	19.018816333333334	0.0	20.125246666666666	0.8178265472587203		0.5810505158592394								all_zero_expression_profile	Subfunctionalization	discordant
TRD	Pbre1_08G170800	Pbre1_14G282600	Prupe.1G439400.1	72.989097	0.0196461666666666	241.66932366666663	0.3246298757541313	0.8246792116407171	0.4045297015016533	0.1670863950743034	0.628617110645291	0.1671312247959569	Neofunctionalization(Child)	Neofunctionalization(Child)	Neofunctionalization(Child)	Neofunctionalization(Child)	classified	Neofunctionalization(Child)	Neofunctionalization(Child)
TRD	Pbre1_16G223000	Pbre1_14G291600	Prupe.1G218700.1														missing_expression_record		discordant
TRD	Pbre1_06G257800	Pbre1_14G297800	Prupe.5G154600.1	1.9104806666666667	0.0591866666666666	0.028052	0.9717273393579364	1.0	0.784896539817989	0.4958762137867945	1.112744281530032	0.4732894808127191	Specialization	Neofunctionalization(Parent)	Neofunctionalization(Parent)	discordant	classified	Subfunctionalization	discordant
TRD	Pbre1_06G270800	Pbre1_14G308000	Prupe.5G161700.1	155.9181033333333	0.3691346666666666	121.44777916666666	0.9674445451489088	0.9888464055730314	0.8697720549617658	0.3150581528274044	0.4124564556259774	0.3152832846611998	Neofunctionalization(Child)	Neofunctionalization(Child)	Neofunctionalization(Child)	Neofunctionalization(Child)	classified	Neofunctionalization(Child)	Neofunctionalization(Child)
TRD	Pbre1_06G270800	Pbre1_14G308200	Prupe.5G161700.1	155.9181033333333	0.3736101666666666	121.44777916666666	0.9674445451489088	0.963502194951348	0.8697720549617658	0.3150581528274044	0.3363819070707249	0.3150744921587941	Conservation	Neofunctionalization(Child)	Neofunctionalization(Child)	discordant	classified	Neofunctionalization(Child)	discordant
TRD	Pbre1_06G273600	Pbre1_14G310600	Prupe.5G163400.1	9.382474666666669	3.345989	23.511064	0.4197913395288217	0.2112157638612357	0.477164232398758	0.0955041998184067	0.2586661501106866	0.1242175235888808	Conservation	Conservation	Conservation	Conservation	classified	Neofunctionalization(Parent)	discordant
TRD	Pbre1_02G386400	Pbre1_14G311600	Prupe.2G096600.1	1.999033	19.034220333333334	12.670369333333332	0.6238429673758988	0.5047306098205512	0.5619937709344935	0.3361963368537433	0.2219798793059232	0.2269837244000156	Conservation	Neofunctionalization(Parent)	Conservation	discordant	classified	Neofunctionalization(Parent)	discordant
TRD	Pbre1_12G356200	Pbre1_14G314800	Prupe.6G320600.1														missing_expression_record		discordant
TRD	Pbre1_10G349600	Pbre1_14G320600	Prupe.4G144100.1	2.3244341666666664	0.0	12.302313	0.4485744357750552		0.4686755911430675								all_zero_expression_profile	Neofunctionalization(Child)	discordant
TRD	Pbre1_14G064000	Pbre1_14G320800	Prupe.7G097600.1	17.696341166666667	0.0	52.26197416666667	0.6469332253084843		0.6700690348601417								all_zero_expression_profile	Neofunctionalization(Child)	discordant
TRD	Pbre1_08G099600	Pbre1_14G321600	Prupe.1G391300.1	20.03323583333333	0.0	88.898939	0.9985804342410808		0.700111486122045								all_zero_expression_profile	Conservation	discordant
TRD	Pbre1_05G592800	Pbre1_14G332000	Prupe.4G008500.1	120.61735016666668	0.019489	45.44571316666666	0.5434688507127658	1.0	0.3802176518494292	0.1864991185056435	0.8922238828378217	0.1864146239510516	Neofunctionalization(Child)	Neofunctionalization(Child)	Neofunctionalization(Child)	Neofunctionalization(Child)	classified	Subfunctionalization	discordant
TRD	Pbre1_14G342400	Pbre1_14G346000	Prupe.5G178300.1	75.469488	2.9154863333333334	32.937881833333336	0.7733215898134865	0.6441318423892053	0.3710541070463463	0.3794790386814274	0.2867597757547572	0.3752833934118629	Conservation	Conservation	Conservation	Conservation	classified	Neofunctionalization(Child)	discordant
TRD	Pbre1_14G342200	Pbre1_14G346200	Prupe.5G178100.1	16.0213985	0.1799676666666666	56.2820695	0.709803664999225	0.7884517096614978	0.7225156636972752	0.2479574146179413	0.5767385883650845	0.2505617939373893	Neofunctionalization(Child)	Specialization	Specialization	discordant	classified	Conservation	discordant
TRD	Pbre1_04G164000	Pbre1_14G347600	Prupe.6G235000.1	22.54606233333333	0.147042	32.488736833333334	0.3158383523825668	0.5936662405673994	0.345607557831959	0.1614377214366011	0.2786366973440933	0.1611774471387775	Conservation	Neofunctionalization(Child)	Neofunctionalization(Child)	discordant	classified	Neofunctionalization(Parent)	discordant
TRD	Pbre1_06G327600	Pbre1_14G364200	Prupe.5G192400.1	0.0	0.2603846666666666	0.339431		0.6437928554644946	0.4648792056049465								all_zero_expression_profile	Neofunctionalization(Parent)	discordant
TRD	Pbre1_14G385800	Pbre1_14G366200	Prupe.5G205300.1	104.54885266666666	0.0	234.0328655	0.4109167699260011		0.6363204165241575								all_zero_expression_profile	Subfunctionalization	discordant
TRD	Pbre1_06G330600	Pbre1_14G368400	Prupe.5G194000.1	2.9407635	0.0540965	1.3120201666666669	0.6188351295415803	0.8653772996489636	0.5548012962786901	0.3541428670285097	0.6828159391985229	0.3498975599580385	Neofunctionalization(Child)	Specialization	Neofunctionalization(Child)	discordant	classified	Neofunctionalization(Parent)	discordant
TRD	Pbre1_10G472600	Pbre1_14G370800	Prupe.4G066000.1	6.566431833333334	0.0207406666666666	37.90339	0.5793221498623551	1.0	0.7744135376040503	0.4139037693514928	1.1283494911771437	0.4143238470673789	Specialization	Neofunctionalization(Child)	Neofunctionalization(Child)	discordant	classified	Neofunctionalization(Parent)	discordant
TRD	Pbre1_06G341600	Pbre1_14G381200	Prupe.5G201700.1	12.0185615	3.510237666666667	20.77312983333333	0.218842145501546	0.4908443633351628	0.4564572627414595	0.0980534532757014	0.1680417128718726	0.0943289289774448	Conservation	Conservation	Conservation	Conservation	classified	Neofunctionalization(Parent)	discordant
TRD	Pbre1_06G345600	Pbre1_14G384400	Prupe.5G204600.1	31.37239733333333	14.325329833333331	36.67090783333333	0.3684766929971095	0.1832203397148836	0.3773107957019611	0.1954590772767004	0.1087607014554338	0.1580550140550607	Conservation	Conservation	Conservation	Conservation	classified	Neofunctionalization(Parent)	discordant
TRD	Pbre1_06G345600	Pbre1_14G384600	Prupe.5G204600.1	31.37239733333333	25.238836166666665	36.67090783333333	0.3684766929971095	0.3862845821490955	0.3773107957019611	0.1954590772767004	0.1722992871438601	0.1126263629334912	Conservation	Conservation	Conservation	Conservation	classified	Subfunctionalization	discordant
TRD	Pbre1_06G363200	Pbre1_14G399400	Prupe.5G214300.1	11.015127666666666	4.301977833333333	19.214792666666668	0.4676735991802117	0.2888728750141195	0.390021439827776	0.1163458534299221	0.0839682547300597	0.0791326730275772	Conservation	Conservation	Conservation	Conservation	classified	Subfunctionalization	discordant
TRD	Pbre1_06G363800	Pbre1_14G400600	Prupe.5G214700.1	10.902394333333334	5.143421	39.13028766666667	0.6425538482095592	0.4662584873080456	0.5593265452135772	0.2652202205566792	0.2447320972495823	0.2541626415954867	Conservation	Conservation	Conservation	Conservation	classified	Subfunctionalization	discordant
TRD	Pbre1_06G366400	Pbre1_14G403400	Prupe.5G217000.1	16.027918	9.878187	27.182612	0.2712351005160299	0.6047421770820335	0.550094116320819	0.132034853101741	0.1521568061457739	0.109632381747136	Conservation	Conservation	Conservation	Conservation	classified	Neofunctionalization(Child)	discordant
TRD	Pbre1_06G366800	Pbre1_14G404200	Prupe.5G217300.1	4.0727065	4.6707833333333335	6.929472333333333	0.5673009432524779	0.4762436475334687	0.4587498822208639	0.2390799492314355	0.2624320313063573	0.1324643472003723	Conservation	Conservation	Conservation	Conservation	classified	Subfunctionalization	discordant
TRD	Pbre1_06G366800	Pbre1_14G404400	Prupe.5G217300.1	4.0727065	8.771455	6.929472333333333	0.5673009432524779	0.4744070447221731	0.4587498822208639	0.2390799492314355	0.2929763351435675	0.1821915117786067	Conservation	Conservation	Conservation	Conservation	classified	Neofunctionalization(Child)	discordant
TRD	Pbre1_06G369000	Pbre1_14G411800	Prupe.5G218400.1	5.710195499999999	0.0	19.446808333333333	0.9450890076523134		0.917227926650554								all_zero_expression_profile	Neofunctionalization(Child)	discordant
TRD	Pbre1_14G406600	Pbre1_14G412200	Prupe.5G218500.1	7.305248499999999	0.0	7.190501666666667	0.5738729185250387		0.9678849418033888								all_zero_expression_profile	Neofunctionalization(Child)	discordant
TRD	Pbre1_08G111200	Pbre1_14G429800	Prupe.1G408400.1														missing_expression_record		discordant
TRD	Pbre1_06G401000	Pbre1_14G438800	Prupe.5G236500.1	0.6057353333333333	0.0	5.457262833333334	0.7165886787634373		0.8385679493913532								all_zero_expression_profile	Specialization	discordant
TRD	Pbre1_02G386400	Pbre1_14G439800	Prupe.2G096600.1	1.999033	0.0720085	12.670369333333332	0.6238429673758988	0.7199086600698938	0.5619937709344935	0.3361963368537433	0.3765337706600676	0.3302380338276156	Conservation	Specialization	Neofunctionalization(Child)	discordant	classified	Subfunctionalization	discordant
TRD	Pbre1_06G303800	Pbre1_14G443200	Prupe.5G178900.1	38.29621933333333	0.0	26.529275166666665	0.452065044605151		0.5300153878010181								all_zero_expression_profile	Subfunctionalization	discordant
TRD	Pbre1_06G415400	Pbre1_14G452000	Prupe.5G243700.1	70.58567166666667	84.14800583333333	185.4142206666667	0.2188062432298281	0.2095854062354599	0.3459025225074928	0.1296108159213635	0.107786247446934	0.1171183954352728	Conservation	Conservation	Conservation	Conservation	classified	Subfunctionalization	discordant
TRD	Pbre1_08G005000	Pbre1_15G002600	Prupe.1G354700.1	35.343111	0.0386006666666666	61.569820666666665	0.5833500858680084	1.0	0.5777844064691544	0.1157510571542611	0.9983682911433586	0.1156831162392997	Neofunctionalization(Child)	Neofunctionalization(Child)	Neofunctionalization(Child)	Neofunctionalization(Child)	classified	Subfunctionalization	discordant
TRD	Pbre1_09G204800	Pbre1_15G005000	Prupe.3G202300.1	23.102881166666663	0.0	23.53628683333333	0.5737322902080707		0.70138738322008								all_zero_expression_profile	Conservation	discordant
TRD	Pbre1_08G017600	Pbre1_15G014200	Prupe.1G361300.1	14.831294333333334	0.0	8.585764000000001	0.6079153045460325		0.948117243703192								all_zero_expression_profile	Conservation	discordant
TRD	Pbre1_08G018000	Pbre1_15G014600	Prupe.1G361500.1	5.594424833333333	2.463683833333333	5.915377166666668	0.415545504323824	0.8411993354151168	0.516224896611859	0.2696332860754254	0.5252727099777595	0.3000165419900188	Neofunctionalization(Child)	Neofunctionalization(Child)	Conservation	Neofunctionalization(Child)	classified	Conservation	discordant
TRD	Pbre1_06G363800	Pbre1_15G027600	Prupe.5G214700.1	10.902394333333334	0.0626	39.13028766666667	0.6425538482095592	0.7952804267011475	0.5593265452135772	0.2652202205566792	0.5538042500188161	0.2636152046847725	Neofunctionalization(Child)	Neofunctionalization(Child)	Neofunctionalization(Child)	Neofunctionalization(Child)	classified	Subfunctionalization	discordant
TRD	Pbre1_11G148000	Pbre1_15G032800	Prupe.6G075400.1														missing_expression_record		discordant
TRD	Pbre1_05G075800	Pbre1_15G035000	Prupe.8G060400.1	20.103575166666666	0.0	14.2975385	0.5311104140591336		0.5471676371356167								all_zero_expression_profile	Subfunctionalization	discordant
TRD	Pbre1_12G408600	Pbre1_15G045800	Prupe.6G348600.1	43.90170283333333	3.0859880000000004	44.886369	0.86987773066261	0.9876376436793308	0.8044194042558142	0.1655461407244126	0.9987126110146606	0.1368327617487904	Neofunctionalization(Child)	Neofunctionalization(Child)	Neofunctionalization(Child)	Neofunctionalization(Child)	classified		discordant
TRD	Pbre1_08G058000	Pbre1_15G053000	Prupe.1G381900.1	8.3265215	1.3706895	9.7018135	0.999563264168348	0.579937730922037	0.6416861628359382	0.9755319989108322	0.3810549427086802	0.8594899208114116	Neofunctionalization(Parent)	Specialization	Neofunctionalization(Parent)	discordant	classified	Subfunctionalization	discordant
TRD	Pbre1_15G744600	Pbre1_15G057200	Prupe.1G566100.1	4.252763	0.1226753333333333	17.662681	0.2298336504286489	0.9809333188489692	0.3868746532647693	0.1319626241022934	0.8481831686833357	0.1430325479982934	Neofunctionalization(Child)	Neofunctionalization(Child)	Neofunctionalization(Child)	Neofunctionalization(Child)	classified	Conservation	discordant
TRD	Pbre1_11G198400	Pbre1_15G057400	Prupe.6G098200.1	96.71644133333334	0.0	90.95427983333332	0.4624869626664705		0.5863779837428289								all_zero_expression_profile	Conservation	discordant
TRD	Pbre1_15G099000	Pbre1_15G057600	Prupe.1G407400.1	17.25560683333333	0.0	19.8419565	0.3689328684240955		0.7277078078597436								all_zero_expression_profile	Subfunctionalization	discordant
TRD	Pbre1_16G051800	Pbre1_15G059800	Prupe.1G323900.1	60.96898733333333	16.726482999999998	36.4148155	0.6790978725809829	0.5231549996454212	0.5348606146306899	0.2960301058441635	0.3304732695968537	0.2832258549170362	Conservation	Conservation	Conservation	Conservation	classified	Specialization	discordant
TRD	Pbre1_01G302000	Pbre1_15G060000	Prupe.2G261900.1	16.269586166666667	0.1600046666666666	20.680641166666668	0.2956401371452796	0.8430585273991065	0.2662137477174852	0.0713337925199082	0.6074183844023869	0.0699902293606014	Neofunctionalization(Child)	Neofunctionalization(Child)	Neofunctionalization(Child)	Neofunctionalization(Child)	classified	Conservation	discordant
TRD	Pbre1_02G018600	Pbre1_15G064400	Prupe.7G262800.1	8.916033	10.093267666666666	31.53126583333333	0.500645883086873	0.7885691314849146	0.4144255745657839	0.1775299066601288	0.3432079474193458	0.1647084467772057	Conservation	Conservation	Conservation	Conservation	classified	Conservation	Conservation
TRD	Pbre1_15G065200	Pbre1_15G075800	Prupe.1G387900.1	4.315858333333333	16.924058	112.10687783333331	0.3252532469232451	0.5455539403132597	0.6198281623680765	0.1722539824407026	0.2703574558601601	0.2457814335468176	Conservation	Conservation	Conservation	Conservation	classified	Conservation	Conservation
TRD	Pbre1_06G348800	Pbre1_15G082400	Prupe.5G205400.1	13.758015	0.0	26.348588166666666	0.3213288285003881		0.6257786219837234								all_zero_expression_profile	Neofunctionalization(Child)	discordant
TRD	Pbre1_08G120400	Pbre1_15G092400	Prupe.1G404000.1	9.226934166666666	5.374312333333333	23.263642	0.6901295356698434	0.9168910164434496	0.8927226221811477	0.6940465452541295	0.7948455024811767	0.7086084446451593	Specialization	Specialization	Specialization	Specialization	classified	Subfunctionalization	discordant
TRD	Pbre1_08G117400	Pbre1_15G096800	Prupe.1G406200.1	0.0105359999999999	0.0	2.2052005	1.0		0.9126367104825072								all_zero_expression_profile	Conservation	discordant
TRD	Pbre1_04G411200	Pbre1_15G099200	Prupe.6G363300.1	29.30901083333333	0.0	102.9078205	0.2648507677777942		0.409012479474031								all_zero_expression_profile	Neofunctionalization(Child)	discordant
TRD	Pbre1_15G086200	Pbre1_15G100200	Prupe.1G401200.1	35.91910083333333	0.0472454999999999	53.56633766666666	0.5525763686561853	1.0	0.4635700797454934	0.1447430842514413	1.0247734159009	0.1453291826440052	Neofunctionalization(Child)	Neofunctionalization(Child)	Neofunctionalization(Child)	Neofunctionalization(Child)	classified	Subfunctionalization	discordant
TRD	Pbre1_08G109800	Pbre1_15G102600	Prupe.1G409000.1	0.0256173333333333	0.3467426666666666	31.77306533333333	0.8546753538530666	1.0	0.3096682234527436	0.5034422353191944	0.8594938324404383	0.8138585024674696	Specialization	Specialization	Specialization	Specialization	classified	Conservation	discordant
TRD	Pbre1_08G106000	Pbre1_15G107400	Prupe.1G411100.1	22.878826	0.4386703333333333	16.142660166666666	0.8436141004587302	0.7565406755116293	0.5845217802970126	0.5378761345910873	0.3449004384959883	0.5275326178244777	Neofunctionalization(Parent)	Neofunctionalization(Child)	Neofunctionalization(Child)	discordant	classified	Subfunctionalization	discordant
TRD	Pbre1_15G062400	Pbre1_15G110000	Prupe.1G386100.1	9.055649833333334	0.0284111666666666	13.946142	0.5512864065571128	1.0	0.4238176362910815	0.2206981087620295	0.9088396146481074	0.2221181994267399	Neofunctionalization(Child)	Neofunctionalization(Child)	Neofunctionalization(Child)	Neofunctionalization(Child)	classified	Subfunctionalization	discordant
TRD	Pbre1_14G420400	Pbre1_15G122400	Prupe.5G224200.1	0.6347295	0.0208213333333333	8.843041166666666	0.947734304672084	0.8052453629095965	0.9552332522876136	0.9538554207051042	0.7240877518715443	0.9456461141109432	Specialization	Specialization	Specialization	Specialization	classified	Conservation	discordant
TRD	Pbre1_08G216600	Pbre1_15G192400	Prupe.1G460800.1	38.851393	9.074525666666666	60.10671433333333	0.1798353458142277	0.5512805789048174	0.4003024452689127	0.1375105488896891	0.2868251269690711	0.1471585793876931	Conservation	Conservation	Conservation	Conservation	classified	Neofunctionalization(Child)	discordant
TRD	Pbre1_06G074800	Pbre1_15G202000	Prupe.5G050400.1	21.22791233333333	23.65527	102.201498	0.6733445574598603	0.6735000849668351	0.750382955264735	0.4459006978288199	0.3140656717767277	0.3066434007754188	Neofunctionalization(Parent)	Conservation	Conservation	discordant	classified	Conservation	discordant
TRD	Pbre1_13G093400	Pbre1_15G205600	Prupe.1G298100.1	0.0287203333333333	0.0344391666666666	0.119908	1.0	0.6696635269358108	0.957462323034991	0.2194646442296334	0.5554252617076854	0.2050571047410701	Neofunctionalization(Child)	Conservation	Specialization	discordant	classified	Conservation	discordant
TRD	Pbre1_15G220400	Pbre1_15G214200	Prupe.1G481100.1	3.7460635	0.3545596666666666	9.201120333333334	0.5934156923906481	0.7742904283494474	0.3226406635461694	0.2980089630037854	0.4381911430309275	0.2940693662430176	Neofunctionalization(Child)	Specialization	Neofunctionalization(Child)	discordant	classified	Conservation	discordant
TRD	Pbre1_08G242600	Pbre1_15G215000	Prupe.1G474900.1	0.3581519999999999	0.2088746666666666	0.5601401666666667	0.9416028613634764	0.8678193061368378	0.8811406804424964	0.8996700927392379	0.8212602191711252	0.8634833069038541	Specialization	Specialization	Specialization	Specialization	classified	Subfunctionalization	discordant
TRD	Pbre1_09G034800	Pbre1_15G229000	Prupe.3G296400.1	20.28201033333333	8.030782333333333	14.344134333333333	0.4513187247495845	0.2154878223947958	0.4629067847971152	0.2174438949453269	0.1783004118137786	0.1940558208713469	Conservation	Conservation	Conservation	Conservation	classified	Subfunctionalization	discordant
TRD	Pbre1_15G089600	Pbre1_15G233400	Prupe.1G402400.1	151.3635425	0.1462858333333333	160.74333933333332	0.5394445033285844	0.6452513454494891	0.5046024878943545	0.2039247669625205	0.3904319090319281	0.2039190747032835	Conservation	Neofunctionalization(Child)	Neofunctionalization(Child)	discordant	classified	Conservation	discordant
TRD	Pbre1_10G014400	Pbre1_15G237800	Prupe.8G014100.1														missing_expression_record		discordant
TRD	Pbre1_08G415200	Pbre1_15G250200	Prupe.1G587800.1	20.579745	44.48481966666667	21.556786	0.7984949943999796	0.966475924380379	0.9175693163798124	0.3006497713213718	1.0273738806649084	0.7568459168523208	Neofunctionalization(Child)	Neofunctionalization(Child)	Neofunctionalization(Child)	Neofunctionalization(Child)	classified	Subfunctionalization	discordant
TRD	Pbre1_02G335800	Pbre1_15G257800	Prupe.2G136200.1	5.469836833333334	0.4321731666666666	18.387515	0.5128264394250058	0.6667962814072419	0.3411136809560477	0.1754162745326881	0.2317463974324659	0.1758112546561007	Conservation	Neofunctionalization(Child)	Neofunctionalization(Child)	discordant	classified	Specialization	discordant
TRD	Pbre1_02G013800	Pbre1_15G265000	Prupe.7G265700.1	3.3447348333333333	0.0601735	10.721791333333334	0.5310493541047808	0.8982183530945823	0.6667903431242572	0.2597126688452778	0.6850598956224982	0.2617404848214653	Neofunctionalization(Child)	Neofunctionalization(Child)	Neofunctionalization(Child)	Neofunctionalization(Child)	classified	Conservation	discordant
TRD	Pbre1_02G014800	Pbre1_15G266400	Prupe.7G265300.1	76.91607	2.453665	69.08885183333334	0.6548939589551102	0.4970951801188857	0.5141808964556093	0.1450549841707391	0.3428391682518045	0.1400015644150107	Conservation	Neofunctionalization(Child)	Conservation	discordant	classified	Specialization	discordant
TRD	Pbre1_12G356200	Pbre1_15G273400	Prupe.6G320600.1														missing_expression_record		discordant
TRD	Pbre1_02G039000	Pbre1_15G289600	Prupe.7G257300.1	0.0882865	0.0468686666666666	0.2125386666666666	0.978867283383706	0.8245450540060615	0.9270426870380636	0.2153977127030905	0.7368300017143438	0.2099911704931599	Neofunctionalization(Child)	Conservation	Specialization	discordant	classified	Subfunctionalization	discordant
TRD	Pbre1_02G047000	Pbre1_15G292600	Prupe.7G249100.1	38.791713666666666	0.0	10.019267833333334	0.4639821109448146		0.4164797480665368								all_zero_expression_profile	Conservation	discordant
TRD	Pbre1_04G164000	Pbre1_15G295800	Prupe.6G235000.1	22.54606233333333	0.0	32.488736833333334	0.3158383523825668		0.345607557831959								all_zero_expression_profile	Conservation	discordant
TRD	Pbre1_06G159000	Pbre1_15G305000	Prupe.5G104000.1	30.020159666666668	1.0237391666666666	41.59400266666667	0.241878225721321	0.5830273213560184	0.4827134642900537	0.1705977478213592	0.160789203052239	0.1670392310684432	Conservation	Neofunctionalization(Child)	Neofunctionalization(Child)	discordant	classified	Conservation	discordant
TRD	Pbre1_02G063200	Pbre1_15G313400	Prupe.7G240900.1														missing_expression_record		discordant
TRD	Pbre1_04G165400	Pbre1_15G320000	Prupe.6G235900.1	158.2097095	2.6599233333333334	302.24619666666666	0.5565969362195464	0.8088035465578868	0.8709614273542311	0.3561932536695412	0.6800814620671134	0.3603004046343809	Neofunctionalization(Child)	Neofunctionalization(Child)	Neofunctionalization(Child)	Neofunctionalization(Child)	classified	Neofunctionalization(Child)	Neofunctionalization(Child)
TRD	Pbre1_11G384600	Pbre1_15G320200	Prupe.4G192200.1	33.318092166666666	0.0190846666666666	36.075340833333335	0.3504292422408058	0.8149049941146795	0.4713889707846232	0.1478439012863331	0.5840861159483206	0.1479305218494656	Neofunctionalization(Child)	Neofunctionalization(Child)	Neofunctionalization(Child)	Neofunctionalization(Child)	classified	Conservation	discordant
TRD	Pbre1_02G072800	Pbre1_15G323800	Prupe.7G236200.1	0.7392375	0.3829493333333333	1.7226586666666666	0.8599750391163724	0.673107016079471	0.8129378085609822	0.1290947671668379	0.2366445518569079	0.112385592850496	Conservation	Specialization	Specialization	discordant	classified	Neofunctionalization(Child)	discordant
TRD	Pbre1_02G072800	Pbre1_15G324000	Prupe.7G236200.1	0.7392375	0.818755	1.7226586666666666	0.8599750391163724	0.5978133864194111	0.8129378085609822	0.1290947671668379	0.2944453884689766	0.1522143898932011	Conservation	Specialization	Specialization	discordant	classified	Neofunctionalization(Parent)	discordant
TRD	Pbre1_15G268800	Pbre1_15G326200	Prupe.7G264100.1	98.7878435	0.0	169.502665	0.2374952046447609		0.4847806769596361								all_zero_expression_profile	Specialization	discordant
TRD	Pbre1_02G016800	Pbre1_15G326400	Prupe.7G264100.1	59.50361866666666	0.0047894999999999	169.502665	0.424235394126272	1.0	0.4847806769596361	0.1401510635510522	0.7963626956074795	0.1401239335736024	Neofunctionalization(Child)	Neofunctionalization(Child)	Neofunctionalization(Child)	Neofunctionalization(Child)	classified	Subfunctionalization	discordant
TRD	Pbre1_03G472400	Pbre1_15G337200	Prupe.8G261000.1	7.364400166666667	0.0111826666666666	63.02130983333333	0.4074965738787602	0.9018750555407448	0.3531909131963815	0.2015877786573103	0.7041408383666102	0.2018859820645684	Neofunctionalization(Child)	Neofunctionalization(Child)	Neofunctionalization(Child)	Neofunctionalization(Child)	classified	Neofunctionalization(Child)	Neofunctionalization(Child)
TRD	Pbre1_02G088600	Pbre1_15G337800	Prupe.7G228800.1	0.0218111666666666	0.5736135	2.4457306666666665	0.9698920382613588	0.4080033137156763	0.7269380517507976	0.8048564763068541	0.327310509944117	0.3231712763141712	Neofunctionalization(Parent)	Specialization	Specialization	discordant	classified	Neofunctionalization(Child)	discordant
TRD	Pbre1_02G088600	Pbre1_15G338000	Prupe.7G228800.1	0.0218111666666666	0.875747	2.4457306666666665	0.9698920382613588	0.3142447032764376	0.7269380517507976	0.8048564763068541	0.3132143706400753	0.3130473978249841	Neofunctionalization(Parent)	Specialization	Specialization	discordant	classified	Conservation	discordant
TRD	Pbre1_02G088600	Pbre1_15G338200	Prupe.7G228800.1	0.0218111666666666	0.3026913333333333	2.4457306666666665	0.9698920382613588	0.6042994528923235	0.7269380517507976	0.8048564763068541	0.3856417004571054	0.3761903832877477	Neofunctionalization(Parent)	Specialization	Specialization	discordant	classified	Neofunctionalization(Child)	discordant
TRD	Pbre1_04G347200	Pbre1_15G339000	Prupe.6G329200.1	19.741778166666663	1.8488531666666668	29.751500333333333	0.2967915349447437	0.6059985842216753	0.4360090698483607	0.142472036227778	0.2683549159841492	0.1305770509073306	Conservation	Neofunctionalization(Child)	Neofunctionalization(Child)	discordant	classified	Neofunctionalization(Parent)	discordant
TRD	Pbre1_07G320200	Pbre1_15G351800	Prupe.2G227100.1	19.171101666666665	66.62234233333334	168.90649333333334	0.590161902392544	0.6543021206085335	0.699939795490295	0.3832787100543269	0.5790234586745943	0.532638553284286	Neofunctionalization(Child)	Conservation	Conservation	discordant	classified	Neofunctionalization(Parent)	discordant
TRD	Pbre1_12G104600	Pbre1_15G362000	Prupe.7G072900.1	60.10730983333333	19.51624783333333	198.2728355	0.4262991064669817	0.6716411658120132	0.677090155803846	0.2924604898676303	0.4013816918620823	0.3125798269940325	Neofunctionalization(Child)	Conservation	Conservation	discordant	classified	Neofunctionalization(Parent)	discordant
TRD	Pbre1_07G454000	Pbre1_15G372600	Prupe.2G301300.1	43.58377983333333	0.0102236666666666	58.50392683333333	0.863368743124514	1.0	0.9722347585270086	0.941708527686544	1.3329619622237323	0.9416625833348504	Specialization	Specialization	Specialization	Specialization	classified	Specialization	Specialization
TRD	Pbre1_17G181800	Pbre1_15G374200	Prupe.3G212700.1	7.882893166666666	0.4754726666666666	8.339884666666666	0.3249176858645408	1.0	0.733908113426948	0.2590494251310737	0.8857571694804842	0.2541010729975368	Neofunctionalization(Child)	Specialization	Neofunctionalization(Child)	discordant	classified	Neofunctionalization(Child)	discordant
TRD	Pbre1_17G015400	Pbre1_15G376400	Prupe.3G308300.1	47.38072416666667	0.9025241666666668	13.113092166666666	0.6444473258255984	0.586903754392182	0.720944405939741	0.4615845297575664	0.3397018562151268	0.4574736052238038	Neofunctionalization(Parent)	Neofunctionalization(Child)	Neofunctionalization(Child)	discordant	classified	Subfunctionalization	discordant
TRD	Pbre1_16G277600	Pbre1_15G378800	Prupe.1G130000.1	4.495739833333333	3.377003166666667	27.690005	0.3689128105935241	0.6180833961933063	0.5212019275181559	0.1389960349872532	0.3202697432524758	0.2054743377255717	Conservation	Neofunctionalization(Child)	Conservation	discordant	classified	Neofunctionalization(Parent)	discordant
TRD	Pbre1_15G404200	Pbre1_15G385600	Prupe.7G190800.1	3.880337333333333	10.137257333333332	15.739581166666667	0.593317878355435	0.5395876952443205	0.77906523474613	0.2273862655487021	0.3319133545009666	0.2731939497334157	Conservation	Conservation	Conservation	Conservation	classified	Subfunctionalization	discordant
TRD	Pbre1_02G148600	Pbre1_15G395800	Prupe.7G195600.1	0.0979965	0.0451526666666666	0.4445321666666667	0.9195332064509668	0.9027832936555824	0.9298098371682636	0.1249784907442989	0.1336029828585893	0.0934500017269342	Conservation	Specialization	Specialization	discordant	classified	Subfunctionalization	discordant
TRD	Pbre1_02G199400	Pbre1_15G436600	Prupe.7G168600.1	9.348972333333332	4.463333666666666	7.897059833333333	0.4213298288861196	0.4599232730070436	0.5757491131744239	0.2360381543845782	0.2408918644356864	0.2287134513333341	Conservation	Conservation	Conservation	Conservation	classified	Neofunctionalization(Child)	discordant
TRD	Pbre1_17G031400	Pbre1_15G447400	Prupe.3G299300.1	21.348497666666667	0.6049638333333334	43.47916416666666	0.3785946978628557	0.8904355056735562	0.6220361953467481	0.1299018618963056	0.3899664667935734	0.1215922032858476	Conservation	Neofunctionalization(Child)	Neofunctionalization(Child)	discordant	classified	Conservation	discordant
TRD	Pbre1_02G211000	Pbre1_15G447800	Prupe.7G163000.1	0.6752325	2.1698095	1.1988215	0.5736276733410328	0.36839674918062	0.5827669014601187	0.1889642693046849	0.2761964038908798	0.227687747759846	Conservation	Specialization	Neofunctionalization(Parent)	discordant	classified	Conservation	discordant
TRD	Pbre1_03G355800	Pbre1_15G451400	Prupe.4G201200.1	11.039722833333334	25.695815666666668	9.120527666666668	0.4827528925307515	0.5320260343438286	0.8621847664638513	0.5191630867061993	0.4628554813179627	0.4689236952355553	Specialization	Specialization	Conservation	Specialization	classified	Neofunctionalization(Child)	discordant
TRD	Pbre1_10G180000	Pbre1_15G455400	Prupe.8G140300.1	14.501313166666668	0.7241345	54.47473316666667	0.2599600022191579	0.5258377749330851	0.3736839224522643	0.1424408595360249	0.1428499620877772	0.1321663468522107	Conservation	Neofunctionalization(Child)	Neofunctionalization(Child)	discordant	classified	Neofunctionalization(Child)	discordant
TRD	Pbre1_16G158400	Pbre1_15G456400	Prupe.1G258300.1	2.2359283333333333	0.0	16.0832115	0.5207234102236024		0.7130083814668057								all_zero_expression_profile	Specialization	discordant
TRD	Pbre1_02G121600	Pbre1_15G460200	Prupe.7G211200.1	9.819632333333333	0.0272595	39.62889183333333	0.7085355194812236	1.0	0.4476990044910885	0.3099166265551294	0.9548851929564734	0.3116269119888002	Neofunctionalization(Child)	Neofunctionalization(Child)	Neofunctionalization(Child)	Neofunctionalization(Child)	classified	Specialization	discordant
TRD	Pbre1_04G252000	Pbre1_15G460800	Prupe.6G279300.1														missing_expression_record		discordant
TRD	Pbre1_03G367200	Pbre1_15G477400	Prupe.4G190400.1	9.036496833333333	2.412044333333333	11.837437833333334	0.7034070334071292	0.2852978810612043	0.5892497677589085	0.2721502584617374	0.2134948657836984	0.2116793693040924	Conservation	Conservation	Conservation	Conservation	classified	Neofunctionalization(Child)	discordant
TRD	Pbre1_12G224000	Pbre1_15G477600	Prupe.6G246300.1	2.5310531666666667	2.111190166666667	85.83009116666666	0.7538422057700217	0.2836245007447683	0.3855924840409436	0.4495447437047562	0.1191502453689924	0.2292159875452167	Neofunctionalization(Parent)	Neofunctionalization(Parent)	Neofunctionalization(Parent)	Neofunctionalization(Parent)	classified	Neofunctionalization(Child)	discordant
TRD	Pbre1_16G374000	Pbre1_15G482200	Prupe.1G045900.1	67.07377116666666	0.0119858333333333	91.2480445	0.4090133465056136	1.0	0.4590645889878236	0.1823862010726392	0.8069798780845565	0.1822642872824817	Neofunctionalization(Child)	Neofunctionalization(Child)	Neofunctionalization(Child)	Neofunctionalization(Child)	classified	Neofunctionalization(Parent)	discordant
TRD	Pbre1_11G212400	Pbre1_15G483200	Prupe.6G106800.1	44.903874	12.4133335	190.6261028333333	0.4444457419188749	0.3719200747228718	0.4899270575697985	0.268889707159804	0.2157056473705183	0.2399581966353483	Conservation	Conservation	Conservation	Conservation	classified	Neofunctionalization(Parent)	discordant
TRD	Pbre1_10G014400	Pbre1_15G484000	Prupe.8G014100.1														missing_expression_record		discordant
TRD	Pbre1_07G334800	Pbre1_15G489600	Prupe.2G236100.1	15.1626595	9.674219666666668	69.78312416666667	0.6398241925425452	0.5376816943845368	0.4838516040292645	0.1942007656118673	0.1982172104053052	0.1811304784584304	Conservation	Conservation	Conservation	Conservation	classified	Subfunctionalization	discordant
TRD	Pbre1_10G300600	Pbre1_15G490800	Prupe.8G208900.1	118.81733283333334	0.0	277.90582866666665	0.1232115123435193		0.4438485693449261								all_zero_expression_profile	Neofunctionalization(Parent)	discordant
TRD	Pbre1_08G382600	Pbre1_15G498400	Prupe.1G564500.1	2.7109906666666665	0.0	12.709991333333331	0.6530182376641587		0.2773597031675645								all_zero_expression_profile	Conservation	discordant
TRD	Pbre1_02G288000	Pbre1_15G527800	Prupe.6G220500.1	38.1093685	7.242487833333334	51.42109983333334	0.0821838313028764	0.3239397596943875	0.3420723495445944	0.1081640692912668	0.1527579130816778	0.1135231272379457	Conservation	Conservation	Conservation	Conservation	classified	Neofunctionalization(Parent)	discordant
TRD	Pbre1_02G288000	Pbre1_15G528000	Prupe.6G220500.1	38.1093685	6.819865333333333	51.42109983333334	0.0821838313028764	0.3051552560045661	0.3420723495445944	0.1081640692912668	0.1919343617097917	0.1160831797771076	Conservation	Conservation	Conservation	Conservation	classified	Neofunctionalization(Child)	discordant
TRD	Pbre1_13G170000	Pbre1_15G540600	Prupe.1G247400.1	3.308639	0.0104138333333333	36.67826016666667	0.8851380906713768	1.0	0.1855829790007606	0.5345721986317927	0.9137652453215124	0.5356238256892708	Specialization	Specialization	Specialization	Specialization	classified	Neofunctionalization(Child)	discordant
TRD	Pbre1_14G352600	Pbre1_15G545200	Prupe.5G184400.1	10.3280515	0.0	14.811103833333334	0.9529575873969772		0.5355774701287284								all_zero_expression_profile	Conservation	discordant
TRD	Pbre1_02G282000	Pbre1_15G547600	Prupe.6G223600.1	31.132422	0.0	17.641667833333333	0.566488796180711		0.6264589919154564								all_zero_expression_profile	Conservation	discordant
TRD	Pbre1_04G024800	Pbre1_15G553400	Prupe.1G165200.1	308.64790166666666	0.139538	601.6780605	0.6909040457743465	0.7896695460393309	0.7859448283330978	0.4326446619279738	0.3216389107483891	0.4325616330973962	Neofunctionalization(Parent)	Neofunctionalization(Child)	Neofunctionalization(Child)	discordant	classified	Neofunctionalization(Child)	discordant
TRD	Pbre1_04G392400	Pbre1_15G564200	Prupe.6G354100.1	1.4150888333333334	0.0	74.0202905	0.902062203681915		0.7214884785243829								all_zero_expression_profile	Subfunctionalization	discordant
TRD	Pbre1_16G029400	Pbre1_15G568000	Prupe.1G336000.1														missing_expression_record		discordant
TRD	Pbre1_11G178200	Pbre1_15G577000	Prupe.6G089700.1	18.04904433333333	0.0268315	9.870896833333331	0.6236338954318066	0.806744427480916	0.5163718340774416	0.2760713322722493	0.6305869534992695	0.2760985563763069	Neofunctionalization(Child)	Neofunctionalization(Child)	Neofunctionalization(Child)	Neofunctionalization(Child)	classified	Conservation	discordant
TRD	Pbre1_01G075600	Pbre1_15G579800	Prupe.6G181600.1														missing_expression_record		discordant
TRD	Pbre1_17G021000	Pbre1_15G585400	Prupe.3G305600.1														missing_expression_record		discordant
TRD	Pbre1_07G157200	Pbre1_15G585800	Prupe.2G127800.1	26.388585166666665	0.0775666666666666	71.08432933333333	0.1154609724652806	0.8924977783063591	0.4468542549551396	0.2040948229620768	0.7170744395421819	0.2052066629591241	Neofunctionalization(Child)	Neofunctionalization(Child)	Neofunctionalization(Child)	Neofunctionalization(Child)	classified	Conservation	discordant
TRD	Pbre1_14G306400	Pbre1_15G593400	Prupe.5G160800.1	143.10113533333333	0.0	84.39080233333333	0.4166360547995317		0.3443719906174489								all_zero_expression_profile	Neofunctionalization(Child)	discordant
TRD	Pbre1_05G187400	Pbre1_15G595200	Prupe.8G145900.1	17.777640666666667	0.0	92.054794	0.4770873053597624		0.6817052864170954								all_zero_expression_profile	Subfunctionalization	discordant
TRD	Pbre1_15G007000	Pbre1_15G599400	Prupe.1G357500.1	49.76803316666667	72.08868666666666	56.18385533333333	0.1837082145075753	0.1389628055949622	0.2166208723329043	0.1045449386215812	0.0858046596221014	0.0893923383319644	Conservation	Conservation	Conservation	Conservation	classified	Neofunctionalization(Parent)	discordant
TRD	Pbre1_15G007200	Pbre1_15G599800	Prupe.1G357600.1	0.2405363333333333	0.0	15.3909855	0.858431364659968		0.7692506899582295								all_zero_expression_profile	Subfunctionalization	discordant
TRD	Pbre1_12G174000	Pbre1_15G600000	Prupe.7G121300.1	28.5578425	0.0071946666666666	27.502844166666662	0.3222141474667669	1.0	0.2100641469085655	0.0735935837189074	0.908573149874256	0.0736197077883202	Neofunctionalization(Child)	Neofunctionalization(Child)	Neofunctionalization(Child)	Neofunctionalization(Child)	classified	Subfunctionalization	discordant
TRD	Pbre1_16G288200	Pbre1_15G604200	Prupe.1G137300.1	3.6207586666666662	0.0583483333333333	4.943110333333333	0.8552214436528967	0.9322345022754216	0.9466044164844254	0.9303733794492072	0.2545672483428121	0.9165578088363392	Neofunctionalization(Parent)	Specialization	Specialization	discordant	classified	Conservation	discordant
TRD	Pbre1_08G129200	Pbre1_15G607000	Prupe.1G418400.1	8.024544833333334	0.0258063333333333	23.187470166666667	0.3933277636562571	0.4965586170865229	0.5304368817737706	0.2222013476648822	0.3701438575845984	0.2225661232921797	Conservation	Neofunctionalization(Child)	Neofunctionalization(Child)	discordant	classified	Conservation	discordant
TRD	Pbre1_04G118600	Pbre1_15G609800	Prupe.5G087300.1	8.1665265	0.0	29.116742833333333	0.2292951085638144		0.4391865998421371								all_zero_expression_profile	Conservation	discordant
TRD	Pbre1_11G178200	Pbre1_15G610400	Prupe.6G089700.1	18.04904433333333	7.415945333333333	9.870896833333331	0.6236338954318066	0.4265915686457188	0.5163718340774416	0.2760713322722493	0.2071960347603021	0.2204672683605481	Conservation	Conservation	Conservation	Conservation	classified	Subfunctionalization	discordant
TRD	Pbre1_03G152600	Pbre1_15G622600	Prupe.6G085700.1	13.882950833333332	0.0	4.925457	0.4588039257245903		0.6680120961564875								all_zero_expression_profile	Neofunctionalization(Parent)	discordant
TRD	Pbre1_09G049000	Pbre1_15G625000	Prupe.3G288200.1	17.679296666666666	24.198421666666665	35.387991666666665	0.5571934658007016	0.4553024946223896	0.3683018371568394	0.2965370909313514	0.1022856182008574	0.1396940325644625	Conservation	Conservation	Conservation	Conservation	classified	Subfunctionalization	discordant
TRD	Pbre1_03G425000	Pbre1_15G625200	Prupe.8G234500.1	6.8593391666666665	0.7782708333333334	19.845597	0.1997614604695157	0.5478354988935358	0.4000349214192487	0.1544201274995277	0.1796544860094426	0.1409744578352925	Conservation	Neofunctionalization(Child)	Neofunctionalization(Child)	discordant	classified	Subfunctionalization	discordant
TRD	Pbre1_02G001600	Pbre1_15G627000	Prupe.7G271300.1	27.4288265	0.0113336666666666	429.46984183333336	0.5814278914888347	1.0	0.7373099594567976	0.4455714537111959	1.0124050732267729	0.4455401890345867	Specialization	Neofunctionalization(Child)	Neofunctionalization(Child)	discordant	classified	Subfunctionalization	discordant
TRD	Pbre1_15G370000	Pbre1_15G631000	Prupe.7G211100.1	20.38610633333333	3.0417490000000003	46.12412316666666	0.1666183023079379	0.9709182359022662	0.7326701970452728	0.334569456125635	0.5009805029012353	0.2365167314698877	Neofunctionalization(Child)	Neofunctionalization(Child)	Neofunctionalization(Child)	Neofunctionalization(Child)	classified	Subfunctionalization	discordant
TRD	Pbre1_09G008000	Pbre1_15G631200	Prupe.3G312000.1	42.41078133333333	0.6928401666666667	97.84271583333332	0.5772012599608546	0.7490075443122569	0.1492718713815887	0.1983490286878904	0.2918007372003105	0.1946935321369341	Conservation	Neofunctionalization(Child)	Neofunctionalization(Child)	discordant	classified	Specialization	discordant
TRD	Pbre1_02G273200	Pbre1_15G634400	Prupe.6G229700.1	19.946864	0.0068228333333333	33.674708333333335	0.5238014233251622	1.0	0.728549585696381	0.4198341141360629	0.6885693145769761	0.4195997486626656	Specialization	Neofunctionalization(Child)	Neofunctionalization(Child)	discordant	classified	Subfunctionalization	discordant
TRD	Pbre1_08G285000	Pbre1_15G637800	Prupe.1G503500.1	0.4015293333333333	0.0492495	1.1956156666666666	0.542536602671688	0.9633496574341396	0.5131915170651519	0.3138678143242789	0.7169897077816554	0.2759649798298562	Neofunctionalization(Child)	Specialization	Specialization	discordant	classified	Subfunctionalization	discordant
TRD	Pbre1_08G293600	Pbre1_15G646200	Prupe.1G508600.1	13.599404666666668	0.0	17.921399333333333	0.4528352480878704		0.5029505700439625								all_zero_expression_profile	Subfunctionalization	discordant
TRD	Pbre1_15G472800	Pbre1_15G647000	Prupe.7G149400.1	193.6274963333333	7.000170166666667	102.89852166666668	0.8398369899826589	0.8943774383266844	0.4308741253605734	0.4462888988233781	0.5519335175233991	0.4496735673167792	Specialization	Neofunctionalization(Child)	Neofunctionalization(Child)	discordant	classified	Conservation	discordant
TRD	Pbre1_04G000200	Pbre1_15G647600	Prupe.1G000100.1	17.056919333333333	0.3323333333333333	19.938056333333336	0.360937144063048	0.373500622775985	0.5016803189584286	0.2116042429567121	0.2826453075076774	0.2124752096575698	Conservation	Neofunctionalization(Child)	Neofunctionalization(Child)	discordant	classified	Conservation	discordant
TRD	Pbre1_06G227000	Pbre1_15G647800	Prupe.5G139200.1														missing_expression_record		discordant
TRD	Pbre1_09G045600	Pbre1_15G656200	Prupe.3G291200.1														missing_expression_record		discordant
TRD	Pbre1_02G143600	Pbre1_15G670600	Prupe.7G198600.1														missing_expression_record		discordant
TRD	Pbre1_04G223200	Pbre1_15G671000	Prupe.6G263600.1	0.1425181666666666	0.184976	0.6857973333333334	0.5815523588419508	0.7662218887038904	0.941569786885941	0.5195354630614735	0.5334079169432563	0.4946376038302355	Specialization	Specialization	Specialization	Specialization	classified	Subfunctionalization	discordant
TRD	Pbre1_14G355200	Pbre1_15G674000	Prupe.5G185600.1	4.252466666666667	3.459318833333333	0.7738400000000001	0.8534661096637942	0.8191100007991825	0.9705339006923956	0.8651235469302633	0.676249369519586	0.7782631815443593	Specialization	Specialization	Specialization	Specialization	classified	Neofunctionalization(Child)	discordant
TRD	Pbre1_02G143600	Pbre1_15G677400	Prupe.7G198600.1														missing_expression_record		discordant
TRD	Pbre1_08G325400	Pbre1_15G682200	Prupe.1G526500.1														missing_expression_record		discordant
TRD	Pbre1_08G325400	Pbre1_15G682400	Prupe.1G526500.1														missing_expression_record		discordant
TRD	Pbre1_16G018800	Pbre1_15G687000	Prupe.1G341200.1	22.376641166666666	5.1410155	32.61365033333333	0.1065756607992837	0.2888063180158571	0.5585004227666669	0.1525232146652	0.167991192545779	0.1427888474288348	Conservation	Conservation	Conservation	Conservation	classified	Subfunctionalization	discordant
TRD	Pbre1_05G202400	Pbre1_15G694400	Prupe.8G156300.1	54.744052833333335	3.754697	61.560960666666666	0.3666318009439725	0.4219746860623458	0.2699211682611019	0.1503196211724529	0.1039620449383824	0.1358021931610981	Conservation	Conservation	Conservation	Conservation	classified	Subfunctionalization	discordant
TRD	Pbre1_11G107400	Pbre1_15G706200	Prupe.6G057300.1	0.2713705	0.051474	0.0676923333333333	0.8713396122823024	0.7398595043169273	0.9777032204391708	0.9690828650415296	1.024705111881018	0.9523702725566848	Specialization	Conservation	Neofunctionalization(Parent)	discordant	classified	Subfunctionalization	discordant
TRD	Pbre1_07G424200	Pbre1_15G708200	Prupe.2G287100.1	52.934736	0.8316201666666666	59.731169666666666	0.4958437502722824	0.7849915746083815	0.5786529906888455	0.2125844725708157	0.4111746963479876	0.2103168521695	Neofunctionalization(Child)	Neofunctionalization(Child)	Neofunctionalization(Child)	Neofunctionalization(Child)	classified	Subfunctionalization	discordant
TRD	Pbre1_08G353000	Pbre1_15G710000	Prupe.1G543200.1	21.874880166666667	6.9187175	11.924635166666668	0.447652118624673	0.5244004040678244	0.573807815695193	0.2472377094685303	0.2757789296632201	0.241781793186778	Conservation	Conservation	Conservation	Conservation	classified	Subfunctionalization	discordant
TRD	Pbre1_05G075800	Pbre1_15G711000	Prupe.8G060400.1	20.103575166666666	0.3063223333333333	14.2975385	0.5311104140591336	0.9568130515897691	0.5471676371356167	0.1311305314976024	0.8375895455213828	0.1284745897337403	Neofunctionalization(Child)	Neofunctionalization(Child)	Neofunctionalization(Child)	Neofunctionalization(Child)	classified	Conservation	discordant
TRD	Pbre1_15G726800	Pbre1_15G713000	Prupe.1G554200.1	0.266182	0.7552253333333333	1.6708655	0.4543625680757639	0.3385254168492554	0.6940452160940488	0.3429933540422148	0.3261614743627715	0.3255049691208654	Conservation	Specialization	Specialization	discordant	classified	Subfunctionalization	discordant
TRD	Pbre1_15G727000	Pbre1_15G713200	Prupe.1G554000.1	1.2204716666666666	0.011209	0.0208015	0.8160147032605162	0.913964912280702	0.8761362309438858	0.3443525752545986	0.1155006741936599	0.3414654073487905	Conservation	Neofunctionalization(Parent)	Neofunctionalization(Parent)	discordant	classified	Neofunctionalization(Parent)	discordant
TRD	Pbre1_07G215800	Pbre1_15G715600	Prupe.2G181400.1	3.8087756666666666	26.918922666666667	37.47744616666667	0.8955595422040353	0.999410724307906	0.9516208915401771	0.2858067578544684	0.2337312691903558	0.1985304779709396	Conservation	Specialization	Specialization	discordant	classified	Conservation	discordant
TRD	Pbre1_02G130800	Pbre1_15G719000	Prupe.7G205600.1	3.5031981666666665	4.2415575	19.294501666666665	0.961024625418365	0.9890598308025664	0.8988476090654336	0.2059890851209753	1.1672653351792568	0.6121872341406625	Neofunctionalization(Child)	Specialization	Specialization	discordant	classified	Conservation	discordant
TRD	Pbre1_09G335600	Pbre1_15G734600	Prupe.3G056900.1	43.3075545	2.1455581666666665	21.024491333333334	0.1570869085322682	0.6024657772051029	0.5763182739434131	0.1681008843089237	0.2166357140601045	0.1664761210105152	Conservation	Conservation	Conservation	Conservation	classified	Subfunctionalization	discordant
TRD	Pbre1_09G335400	Pbre1_15G734800	Prupe.3G056800.1	3.1287911666666663	0.0	7.628141833333333	0.2755451737174142		0.4295387317589515								all_zero_expression_profile	Specialization	discordant
TRD	Pbre1_15G262400	Pbre1_15G749200	Prupe.7G266900.1	89.75937083333334	270.7315445	281.589693	0.52134947558235	0.5286809021350946	0.5631633373102215	0.215625114857743	0.2259005376270135	0.2221238568179439	Conservation	Conservation	Conservation	Conservation	classified	Subfunctionalization	discordant
TRD	Pbre1_15G650000	Pbre1_15G761800	Prupe.1G511000.1	164.18630966666666	55.9123225	114.70979966666668	0.5719730099663067	0.6653684767535787	0.6622743578818534	0.264537000698611	0.2102249961609591	0.2478888293458722	Conservation	Conservation	Conservation	Conservation	classified	Specialization	discordant
TRD	Pbre1_07G363000	Pbre1_15G766200	Prupe.2G250300.1														missing_expression_record		discordant
TRD	Pbre1_09G076000	Pbre1_15G771600	Prupe.3G272100.1	8.965505666666667	16.94443366666667	28.8657745	0.5840462785422884	0.4905044910570882	0.5228280847825111	0.2336055734595672	0.30001210360548	0.2432739195288952	Conservation	Conservation	Conservation	Conservation	classified	Subfunctionalization	discordant
TRD	Pbre1_08G404000	Pbre1_15G772200	Prupe.1G581000.1	5.735704333333333	0.7912758333333334	5.947738166666666	0.9873572368164544	0.9793703745097572	0.7433395278932748	0.6359232555019051	1.0498309771434748	0.5673125786037664	Specialization	Specialization	Specialization	Specialization	classified	Conservation	discordant
TRD	Pbre1_03G033600	Pbre1_15G773600	Prupe.6G022700.1	11.048858333333332	0.0247811666666666	30.48072	0.4056591906640093	0.9170803641933613	0.4345869946687489	0.1659054547505581	0.6040574897676756	0.1651514647437604	Neofunctionalization(Child)	Neofunctionalization(Child)	Neofunctionalization(Child)	Neofunctionalization(Child)	classified	Conservation	discordant
TRD	Pbre1_01G039000	Pbre1_15G777600	Prupe.4G271200.1	53.99446283333334	37.949524	175.1342528333333	0.9576980106720516	0.6023201608154293	0.8463615176339347	0.4375604932646416	0.3605599734031904	0.3017553308422081	Neofunctionalization(Parent)	Conservation	Conservation	discordant	classified	Conservation	discordant
TRD	Pbre1_12G038600	Pbre1_15G779200	Prupe.7G114700.1	269.125927	0.1416163333333333	275.3101301666667	0.5044437311939178	0.427750865680866	0.5741034162420151	0.2418862662750819	0.2717540345892451	0.2418102683015346	Conservation	Neofunctionalization(Child)	Neofunctionalization(Child)	discordant	classified	Conservation	discordant
TRD	Pbre1_08G410800	Pbre1_15G780200	Prupe.1G585300.1	17.510998	0.6813008333333334	31.5154475	0.2336854640583854	0.7829104505404414	0.4324154016794475	0.14426037234723	0.3354854809408473	0.1367709910815606	Conservation	Neofunctionalization(Child)	Neofunctionalization(Child)	discordant	classified	Subfunctionalization	discordant
TRD	Pbre1_07G468600	Pbre1_15G781400	Prupe.2G309300.1	26.404164666666667	4.534965166666667	33.71504383333333	0.7966199126809672	0.8445539326601533	0.4119319978723087	0.314242045796947	0.3517070402718535	0.238523990002958	Conservation	Conservation	Conservation	Conservation	classified	Conservation	Conservation
TRD	Pbre1_12G282200	Pbre1_15G783200	Prupe.6G277500.1	234.48932433333331	0.0	346.0445476666667	0.68456526789501		0.6536892169882003								all_zero_expression_profile	Conservation	discordant
TRD	Pbre1_05G579600	Pbre1_15G783600	Prupe.4G016200.1	53.473869666666666	23.356193833333336	131.60344383333333	0.6340260100578093	0.3976141219338028	0.7534350264754324	0.3461919912660913	0.3570409105448761	0.3439772090080382	Conservation	Conservation	Conservation	Conservation	classified	Conservation	Conservation
TRD	Pbre1_15G243600	Pbre1_15G784200	Prupe.4G279800.1	16.922470999999998	0.7431563333333333	34.782688	0.923273932675936	0.9648224566822152	0.9129981552122536	0.1041698769592009	0.2045327200661649	0.1060366176270378	Conservation	Specialization	Specialization	discordant	classified	Conservation	discordant
TRD	Pbre1_15G243200	Pbre1_15G784400	Prupe.4G279700.1	4.241263666666667	3.3602333333333334	13.265918166666667	0.5377399196780459	0.5548104247203092	0.4410797622500547	0.2504670555905084	0.2793017540519655	0.2626834218559675	Conservation	Neofunctionalization(Child)	Conservation	discordant	classified	Neofunctionalization(Child)	discordant
TRD	Pbre1_10G089200	Pbre1_15G784600	Prupe.8G076400.1	22.813699166666662	2.399954333333333	20.6494025	0.2246615308072296	0.6899533599518989	0.3088165410162332	0.2074370230290806	0.3696928218672453	0.1973375142306563	Conservation	Neofunctionalization(Child)	Neofunctionalization(Child)	discordant	classified	Subfunctionalization	discordant
TRD	Pbre1_09G046200	Pbre1_15G786400	Prupe.3G291100.1	12.225825833333332	23.640847	77.60770116666666	0.4458565650279865	0.2921839802709411	0.6922987260562969	0.3488083724651398	0.245432680423562	0.2648384514731383	Conservation	Conservation	Conservation	Conservation	classified	Neofunctionalization(Child)	discordant
TRD	Pbre1_13G019000	Pbre1_16G016800	Prupe.1G342100.1	5.412827500000001	3.4072098333333334	7.8780615	0.7288829158838158	0.8240731888581214	0.8966844807850978	0.3236986244336474	0.2752576694400055	0.2928414361813212	Conservation	Specialization	Specialization	discordant	classified	Neofunctionalization(Parent)	discordant
TRD	Pbre1_13G000800	Pbre1_16G024600	Prupe.1G352200.1	15.784306333333332	2.3834633333333333	46.25584933333334	0.8483079390739791	0.8979872688514302	0.6444842343595374	0.606420631715352	0.5416646138300284	0.5271140084973297	Specialization	Neofunctionalization(Child)	Neofunctionalization(Child)	discordant	classified	Conservation	discordant
TRD	Pbre1_10G470800	Pbre1_16G031600	Prupe.4G067400.1														missing_expression_record		discordant
TRD	Pbre1_10G006600	Pbre1_16G032800	Prupe.8G005800.1	12.629654166666668	0.0	3.733304	0.6025624920937687		0.3391498692285358								all_zero_expression_profile	Neofunctionalization(Parent)	discordant
TRD	Pbre1_13G033600	Pbre1_16G035200	Prupe.1G333300.1	8.942430166666666	2.2362836666666666	7.924997666666667	0.4059979550088631	0.3400915427425909	0.5777848991949084	0.1526921548047028	0.2310861801331386	0.1575825104158795	Conservation	Neofunctionalization(Child)	Conservation	discordant	classified	Neofunctionalization(Child)	discordant
TRD	Pbre1_02G505200	Pbre1_16G036000	Prupe.2G008000.1	10.085440333333334	0.1935255	35.35508	0.6289242297832691	0.7167188660830043	0.830894885955208	0.5500847385306319	0.393214494736449	0.5423371576216165	Specialization	Neofunctionalization(Child)	Neofunctionalization(Child)	discordant	classified	Neofunctionalization(Parent)	discordant
TRD	Pbre1_13G035200	Pbre1_16G037200	Prupe.1G332300.1	5.454616	0.2512824999999999	13.484753833333334	0.5672938045525189	0.8954016138090986	0.4840472307381983	0.1885719720601308	0.6286018280503439	0.1922137770059558	Neofunctionalization(Child)	Neofunctionalization(Child)	Neofunctionalization(Child)	Neofunctionalization(Child)	classified	Neofunctionalization(Parent)	discordant
TRD	Pbre1_13G049800	Pbre1_16G054200	Prupe.1G322900.1	0.9065815	13.284537	0.726266	0.5905300309805657	0.6260098332097541	0.3683310494352601	0.2377736854407812	0.2535538191106903	0.2293519182880364	Conservation	Specialization	Specialization	discordant	classified	Subfunctionalization	discordant
TRD	Pbre1_13G062000	Pbre1_16G067200	Prupe.1G315000.1	1.5997478333333337	17.30917666666667	35.9194735	0.6396285903357475	0.969959743476744	0.6530128956790304	0.4271808850569368	0.7135151002413601	0.6721234130939581	Specialization	Specialization	Specialization	Specialization	classified	Subfunctionalization	discordant
TRD	Pbre1_13G332800	Pbre1_16G083600	Prupe.1G019500.1	283.3937815	0.0261653333333333	515.9787653333333	0.447080059130929	0.9133194550965996	0.6388061435531494	0.2425574919577176	0.6494187204097798	0.2425352428423726	Neofunctionalization(Child)	Neofunctionalization(Child)	Neofunctionalization(Child)	Neofunctionalization(Child)	classified	Neofunctionalization(Child)	Neofunctionalization(Child)
TRD	Pbre1_13G094600	Pbre1_16G095600	Prupe.1G297100.1	0.5312725	1.3036718333333333	0.7636631666666667	0.2721940698611916	0.5421170424821484	0.4568894143557882	0.1941945118491946	0.2825212451890868	0.2522580657519788	Conservation	Specialization	Specialization	discordant	classified	Subfunctionalization	discordant
TRD	Pbre1_16G213000	Pbre1_16G124600	Prupe.1G224300.1	57.189933833333335	0.1895845	55.49086283333333	0.5803367330368137	0.569493075552279	0.4796626600228945	0.212095190834965	0.4540252623448657	0.2125788746769768	Neofunctionalization(Child)	Neofunctionalization(Child)	Neofunctionalization(Child)	Neofunctionalization(Child)	classified	Neofunctionalization(Child)	Neofunctionalization(Child)
TRD	Pbre1_13G121000	Pbre1_16G127600	Prupe.1G277400.1	0.1221163333333333	0.0	3.5066368333333333	0.7820307530825815		0.5139517287242931								all_zero_expression_profile	Subfunctionalization	discordant
TRD	Pbre1_13G142000	Pbre1_16G147400	Prupe.1G264500.1	1.8776565	1.0993956666666669	5.245139333333333	0.3786653786919158	0.5410719360608305	0.701218021130709	0.4452900507820577	0.4101732081185394	0.419243499365747	Specialization	Specialization	Specialization	Specialization	classified	Specialization	Specialization
TRD	Pbre1_13G157200	Pbre1_16G164000	Prupe.1G254900.1														missing_expression_record		discordant
TRD	Pbre1_09G107600	Pbre1_16G167600	Prupe.3G256400.1														missing_expression_record		discordant
TRD	Pbre1_09G240400	Pbre1_16G180000	Prupe.3G183000.1	0.0	0.0	0.108287			0.958557413600892								all_zero_expression_profile	Conservation	discordant
TRD	Pbre1_13G181200	Pbre1_16G187200	Prupe.1G240900.1	0.0049021666666666	0.0	0.03802	1.0		0.7772306494806193								all_zero_expression_profile	Conservation	discordant
TRD	Pbre1_13G186400	Pbre1_16G193600	Prupe.1G237600.1	45.511215666666665	15.769301333333331	78.66942083333333	0.7655390537675528	0.4016717541745443	0.7369617768854272	0.1559105055663655	0.3955523067904372	0.1659739617575827	Neofunctionalization(Child)	Conservation	Conservation	discordant	classified	Neofunctionalization(Child)	discordant
TRD	Pbre1_13G186800	Pbre1_16G194000	Prupe.1G237400.1	3.204489166666667	0.0278395	2.2605228333333334	0.943176890036206	0.9248517493575804	0.8018676483819119	0.8846156107280996	0.4642220828675439	0.876582771194398	Specialization	Specialization	Specialization	Specialization	classified	Conservation	discordant
TRD	Pbre1_11G072200	Pbre1_16G194400	Prupe.6G039200.1	134.79176633333333	1.932381833333333	149.94688266666665	0.8210372486558939	0.9397263401377526	0.919248039936422	0.215909688595668	1.0381264336250633	0.2219580851292044	Neofunctionalization(Child)	Neofunctionalization(Child)	Neofunctionalization(Child)	Neofunctionalization(Child)	classified	Specialization	discordant
TRD	Pbre1_13G188000	Pbre1_16G195000	Prupe.1G236400.1														missing_expression_record		discordant
TRD	Pbre1_15G078600	Pbre1_16G201600	Prupe.1G396100.1	170.95950583333334	6.5661535	430.7588463333333	0.2633617398116931	0.492078512113052	0.6337593314263702	0.2284578522446053	0.2330296080058652	0.2267915540305443	Conservation	Neofunctionalization(Child)	Conservation	discordant	classified	Neofunctionalization(Child)	discordant
TRD	Pbre1_10G204200	Pbre1_16G202400	Prupe.8G157400.1	15.723121166666669	0.0453763333333333	61.4095875	0.5707091158023584	0.747665290457638	0.5748123372415828	0.3087080263877508	0.5506549599972799	0.30853556564605	Neofunctionalization(Child)	Neofunctionalization(Child)	Neofunctionalization(Child)	Neofunctionalization(Child)	classified	Neofunctionalization(Child)	Neofunctionalization(Child)
TRD	Pbre1_12G177200	Pbre1_16G202800	Prupe.7G122500.1	5.346381833333333	0.0597465	9.993691166666666	0.5942907731011878	0.8748003102505137	0.7189291743644803	0.3385235115726885	0.5423600091038949	0.3393056012838754	Neofunctionalization(Child)	Neofunctionalization(Child)	Neofunctionalization(Child)	Neofunctionalization(Child)	classified	Neofunctionalization(Parent)	discordant
TRD	Pbre1_15G365600	Pbre1_16G203000	Prupe.7G213600.1	28.3789325	0.0	71.02295933333333	0.4994781166615634		0.3323203808313833								all_zero_expression_profile	Neofunctionalization(Parent)	discordant
TRD	Pbre1_13G310000	Pbre1_16G223400	Prupe.1G151200.1	8.581664	0.9722676666666666	27.677722	0.3290325559916878	0.7192248068404246	0.2921479173923279	0.0826170492905378	0.3266426304517245	0.0804464735469477	Conservation	Neofunctionalization(Child)	Neofunctionalization(Child)	discordant	classified	Neofunctionalization(Child)	discordant
TRD	Pbre1_10G113400	Pbre1_16G228000	Prupe.8G091800.1	18.648662166666668	4.581617333333333	5.737989	0.2157488577381499	0.3292466825731053	0.2956721256184957	0.1509018271736301	0.1511545354922416	0.1487828415105443	Conservation	Conservation	Conservation	Conservation	classified	Neofunctionalization(Parent)	discordant
TRD	Pbre1_13G222800	Pbre1_16G229200	Prupe.1G215300.1	22.0993105	68.65366566666667	74.19881133333334	0.2656380966031397	0.4229278597878282	0.4578072270095145	0.10784898821754	0.1813168042100303	0.159389310991463	Conservation	Conservation	Conservation	Conservation	classified	Neofunctionalization(Child)	discordant
TRD	Pbre1_03G479600	Pbre1_16G243400	Prupe.8G265100.1	191.9621388333333	0.442768	730.0448443333333	0.4214320826522265	0.8686372583015061	0.4814730816911421	0.1417254216204881	0.4865277199587536	0.1422808446416129	Neofunctionalization(Child)	Neofunctionalization(Child)	Neofunctionalization(Child)	Neofunctionalization(Child)	classified	Conservation	discordant
TRD	Pbre1_13G247200	Pbre1_16G251200	Prupe.1G109000.1	0.0237723333333333	0.2201383333333333	0.057912	1.0	0.640718479202085	0.8980893380021027	0.4134720850382932	0.6354854187949991	0.5444823933279194	Specialization	Conservation	Conservation	discordant	classified	Neofunctionalization(Parent)	discordant
TRD	Pbre1_04G231200	Pbre1_16G253800	Prupe.6G267700.1	66.07631766666667	2.8499105	100.47963583333332	0.990358438147838	1.0	0.978126859622216	1.237531819216091	1.29646224848202	1.23996685625973	Specialization	Specialization	Specialization	Specialization	classified	Neofunctionalization(Child)	discordant
TRD	Pbre1_03G403800	Pbre1_16G254000	Prupe.4G164900.1	0.7161536666666667	0.0983181666666666	12.413554166666668	0.9184722139414148	0.7563126146995998	0.5981678869212484	0.4996662043730135	0.4660526374488749	0.4470627789448386	Specialization	Specialization	Specialization	Specialization	classified	Specialization	Specialization
TRD	Pbre1_13G255200	Pbre1_16G260800	Prupe.1G114700.1	0.2246788333333333	0.1064486666666666	0.0559115	0.696049360563138	0.9785652498756212	0.8060906016626743	0.6943558219852544	1.0828744970623816	0.7592097682019472	Specialization	Conservation	Specialization	discordant	classified	Subfunctionalization	discordant
TRD	Pbre1_05G596600	Pbre1_16G265400	Prupe.4G006300.1	0.5228285	0.0089711666666666	0.7093166666666667	0.8040145494756017	1.0	0.8710438342844379	0.5269569583817761	0.4623500907253535	0.5115862300027585	Specialization	Specialization	Specialization	Specialization	classified	Neofunctionalization(Child)	discordant
TRD	Pbre1_03G023000	Pbre1_16G280400	Prupe.6G014100.1	29.9849105	0.0	48.7962455	0.3222436662465872		0.4615272863898856								all_zero_expression_profile	Neofunctionalization(Child)	discordant
TRD	Pbre1_13G339400	Pbre1_16G289200	Prupe.1G023000.1	20.368576333333333	0.0691368333333333	344.45895566666667	0.8008806190891189	0.862906109314307	0.6498591673289695	0.3711615193704444	0.6253354377085358	0.3717440754966082	Neofunctionalization(Child)	Neofunctionalization(Child)	Neofunctionalization(Child)	Neofunctionalization(Child)	classified	Neofunctionalization(Child)	Neofunctionalization(Child)
TRD	Pbre1_16G171200	Pbre1_16G295200	Prupe.1G250900.1	72.69368966666667	2.517552	293.5467895	0.2133166021460643	1.0	0.3033885837408867	0.1303301976607385	1.0103310369360816	0.1568234712723147	Neofunctionalization(Child)	Neofunctionalization(Child)	Neofunctionalization(Child)	Neofunctionalization(Child)	classified	Neofunctionalization(Parent)	discordant
TRD	Pbre1_07G359600	Pbre1_16G298600	Prupe.2G248500.1	50.037413666666666	0.0551326666666666	200.2219355	0.5477938187670298	0.9000018137957303	0.3473762390145916	0.0815039731377938	0.6545362769543731	0.08107109662815	Neofunctionalization(Child)	Neofunctionalization(Child)	Neofunctionalization(Child)	Neofunctionalization(Child)	classified	Neofunctionalization(Parent)	discordant
TRD	Pbre1_12G327400	Pbre1_16G301800	Prupe.6G301800.1	3.2046205	0.0032961666666666	17.676313333333333	0.6024463443286282	1.0	0.7571970589715	0.4024809820526599	1.031387361874919	0.4023040823772593	Specialization	Neofunctionalization(Child)	Neofunctionalization(Child)	discordant	classified	Neofunctionalization(Child)	discordant
TRD	Pbre1_10G442000	Pbre1_16G305600	Prupe.4G083400.1	19.89634883333333	18.333473166666668	61.1215775	0.3991952044858665	0.5224357878063703	0.422674113897432	0.2334674267529192	0.2700330862419171	0.2255867040173543	Conservation	Conservation	Conservation	Conservation	classified	Conservation	Conservation
TRD	Pbre1_13G309000	Pbre1_16G310400	Prupe.1G150200.1														missing_expression_record		discordant
TRD	Pbre1_13G309000	Pbre1_16G310600	Prupe.1G150200.1														missing_expression_record		discordant
TRD	Pbre1_06G214000	Pbre1_16G321400	Prupe.5G131800.1														missing_expression_record		discordant
TRD	Pbre1_05G166000	Pbre1_16G324400	Prupe.8G134300.1	36.12988816666667	0.0	153.484974	0.5315196226796192		0.440460739392803								all_zero_expression_profile	Conservation	discordant
TRD	Pbre1_13G325400	Pbre1_16G331800	Prupe.1G015100.1	3.0548193333333336	0.0	3.3568425	0.2527224470251633		0.4174558428683909								all_zero_expression_profile	Subfunctionalization	discordant
TRD	Pbre1_13G325400	Pbre1_16G332000	Prupe.1G015100.1	3.0548193333333336	0.0	3.3568425	0.2527224470251633		0.4174558428683909								all_zero_expression_profile	Subfunctionalization	discordant
TRD	Pbre1_13G334600	Pbre1_16G339800	Prupe.1G020600.1	7.766564333333333	0.4895858333333333	6.6672835	0.740443311382309	0.6093108225769803	0.846947623877265	0.2774459708599882	0.2985245044608584	0.2749917002145765	Conservation	Specialization	Specialization	discordant	classified	Conservation	discordant
TRD	Pbre1_05G169600	Pbre1_16G340000	Prupe.8G136900.1	11.521389166666667	0.0	10.819423333333331	0.4625497968229351		0.5798067419899616								all_zero_expression_profile	Neofunctionalization(Child)	discordant
TRD	Pbre1_13G340000	Pbre1_16G343800	Prupe.1G023500.1	0.0730131666666666	0.3454465	3.040715666666667	0.969246895534574	0.8733314945862031	0.8512136113969717	0.8096870797729693	0.6232070679164345	0.6499812914588516	Specialization	Specialization	Specialization	Specialization	classified	Conservation	discordant
TRD	Pbre1_13G343600	Pbre1_16G348000	Prupe.1G027000.1	89.00896983333334	6.642290333333333	62.24347983333333	0.8428337048196269	0.8502773408848785	0.6129688866775853	0.3513147945766194	0.4746660466941344	0.3236160314004186	Neofunctionalization(Child)	Neofunctionalization(Child)	Neofunctionalization(Child)	Neofunctionalization(Child)	classified	Conservation	discordant
TRD	Pbre1_13G046600	Pbre1_16G351800	Prupe.1G324900.1	177.3451295	0.0	36.64733983333333	0.8036889637636009		0.6346103252199853								all_zero_expression_profile	Subfunctionalization	discordant
TRD	Pbre1_12G226400	Pbre1_16G358200	Prupe.6G247300.1	34.104200166666665	0.0	82.528694	0.727652884616672		0.5077100383493157								all_zero_expression_profile	Subfunctionalization	discordant
TRD	Pbre1_13G359200	Pbre1_16G360600	Prupe.1G037500.1	18.180505	4.326298166666667	66.2913275	0.2672569998566465	0.356597425518545	0.8335530469296433	0.3848463109930579	0.3931410757381811	0.383480662113231	Neofunctionalization(Child)	Conservation	Conservation	discordant	classified	Subfunctionalization	discordant
TRD	Pbre1_07G222800	Pbre1_16G361400	Prupe.2G175700.1														missing_expression_record		discordant
TRD	Pbre1_10G484600	Pbre1_16G365400	Prupe.4G059200.1	5.742394333333333	0.8936951666666666	15.114297333333331	0.6710246359206904	0.6840787269601161	0.950191809491478	0.5870256729714978	0.7310556216073978	0.6026795241980303	Specialization	Specialization	Specialization	Specialization	classified	Subfunctionalization	discordant
TRD	Pbre1_16G057200	Pbre1_16G369200	Prupe.1G321400.1	14.703330833333332	0.0	18.27991983333333	0.5035955615142622		0.6074822601798512								all_zero_expression_profile	Specialization	discordant
TRD	Pbre1_13G367400	Pbre1_16G369600	Prupe.1G042400.1	13.420989	0.0	2.5468365	0.6269583626477824		0.8278768159581495								all_zero_expression_profile	Conservation	discordant
TRD	Pbre1_05G244400	Pbre1_16G370000	Prupe.8G177700.1	24.691416333333333	0.0	26.21989033333333	0.3168739967305228		0.4139679361330788								all_zero_expression_profile	Conservation	discordant
TRD	Pbre1_01G239400	Pbre1_16G370400	Prupe.2G225600.1	183.44678966666663	0.5581788333333333	209.2827265	0.4455133388268947	0.8594544577293968	0.3409307857550628	0.1792937739062142	0.4514931787101338	0.1794969281391789	Neofunctionalization(Child)	Neofunctionalization(Child)	Neofunctionalization(Child)	Neofunctionalization(Child)	classified	Subfunctionalization	discordant
TRD	Pbre1_04G188800	Pbre1_16G376400	Prupe.6G246300.1	63.399975	0.0	85.83009116666666	0.2885548391539456		0.3855924840409436								all_zero_expression_profile	Conservation	discordant
TRD	Pbre1_13G380400	Pbre1_16G381800	Prupe.1G051200.1	10.240051	5.505773	11.269517833333332	0.4098891702758803	0.4983688889087121	0.2986627659480165	0.131281906887741	0.1765574622178011	0.1271495167412701	Conservation	Conservation	Conservation	Conservation	classified	Conservation	Conservation
TRD	Pbre1_13G386800	Pbre1_16G388800	Prupe.1G057600.1	16.642015333333333	0.4552756666666666	7.237957	0.4234506005941315	0.6639721905259016	0.5329838292005773	0.1650000593154693	0.2223468075553252	0.1630145426700019	Conservation	Specialization	Specialization	discordant	classified	Conservation	discordant
TRD	Pbre1_02G277200	Pbre1_16G392800	Prupe.6G225900.1	193.59870966666668	0.0148661666666666	68.405986	0.4801068042051946	1.0	0.4817740665063288	0.2534397328708881	0.9865669877773268	0.2534233424179501	Neofunctionalization(Child)	Neofunctionalization(Child)	Neofunctionalization(Child)	Neofunctionalization(Child)	classified	Subfunctionalization	discordant
TRD	Pbre1_02G225600	Pbre1_16G394400	Prupe.7G155200.1	2.8736748333333333	0.0	25.070352	0.3014018862063862		0.7790691447156024								all_zero_expression_profile	Neofunctionalization(Child)	discordant
TRD	Pbre1_13G392000	Pbre1_16G395400	Prupe.1G063300.1														missing_expression_record		discordant
TRD	Pbre1_15G080400	Pbre1_16G395600	Prupe.1G397300.1	7.433827	0.0	14.521786833333334	0.327343321327927		0.6146053382203384								all_zero_expression_profile	Conservation	discordant
TRD	Pbre1_02G315600	Pbre1_16G399000	Prupe.2G147100.1	10.1477595	0.0255691666666666	15.052509833333334	0.5322069341108497	0.8367672128042429	0.8276117914320628	0.4817483368352038	0.788003265126737	0.4818845510664457	Specialization	Neofunctionalization(Child)	Neofunctionalization(Child)	discordant	classified	Subfunctionalization	discordant
TRD	Pbre1_11G119400	Pbre1_16G399600	Prupe.6G061700.1														missing_expression_record		discordant
TRD	Pbre1_09G487400	Pbre1_16G403000	Prupe.3G003200.1	8.086514333333334	0.0410143333333333	51.21775866666667	0.4956794009271745	0.9541217671067947	0.6478622785512067	0.2739009369071116	0.7019372972145863	0.2716786818717108	Neofunctionalization(Child)	Neofunctionalization(Child)	Neofunctionalization(Child)	Neofunctionalization(Child)	classified	Subfunctionalization	discordant
TRD	Pbre1_07G484800	Pbre1_16G403200	Prupe.2G316400.1	280.45790266666666	1.4438428333333333	198.45260666666667	0.5821354751866858	0.76950449115224	0.5509234103881842	0.2083583716378133	0.3213310414376804	0.208447670568189	Conservation	Neofunctionalization(Child)	Neofunctionalization(Child)	discordant	classified	Subfunctionalization	discordant
TRD	Pbre1_16G413800	Pbre1_16G407000	Prupe.1G072300.1	0.0915445	0.0	0.0	0.9333001536784502										all_zero_expression_profile	Conservation	discordant
TRD	Pbre1_05G059200	Pbre1_16G408600	Prupe.8G045900.1	19.056488666666667	0.2459686666666666	34.980852	0.4135426821471489	1.0	0.1489755427688256	0.1511927159401435	0.9215812514073988	0.1472195394831399	Neofunctionalization(Child)	Neofunctionalization(Child)	Neofunctionalization(Child)	Neofunctionalization(Child)	classified	Conservation	discordant
TRD	Pbre1_16G018800	Pbre1_16G413400	Prupe.1G341200.1	22.376641166666666	0.0	32.61365033333333	0.1065756607992837		0.5585004227666669								all_zero_expression_profile	Subfunctionalization	discordant
TRD	Pbre1_09G271600	Pbre1_16G414200	Prupe.3G020000.1	10.908259833333332	0.0	28.24226833333333	0.2972594155994624		0.53879571257662								all_zero_expression_profile	Conservation	discordant
TRD	Pbre1_02G206200	Pbre1_16G415600	Prupe.7G165600.1	52.71849683333333	0.2143641666666666	126.14570416666666	0.3138640389095151	0.9429290678221868	0.7563148174155125	0.3767324615297739	0.7752306532004732	0.3769982826572886	Neofunctionalization(Child)	Neofunctionalization(Child)	Neofunctionalization(Child)	Neofunctionalization(Child)	classified	Subfunctionalization	discordant
TRD	Pbre1_13G412000	Pbre1_16G421400	Prupe.1G077100.1	4.003378166666667	1.132181833333333	2.513704333333333	0.3128962100189162	0.3291696071060244	0.5837990860490723	0.1217455760344585	0.210550783948255	0.1385841229810085	Conservation	Neofunctionalization(Child)	Conservation	discordant	classified	Specialization	discordant
TRD	Pbre1_13G412000	Pbre1_16G421600	Prupe.1G077100.1	4.003378166666667	0.8837968333333333	2.513704333333333	0.3128962100189162	0.4703898546567024	0.5837990860490723	0.1217455760344585	0.2576637254637196	0.1422009221276657	Conservation	Neofunctionalization(Child)	Neofunctionalization(Child)	discordant	classified	Subfunctionalization	discordant
TRD	Pbre1_13G412400	Pbre1_16G422200	Prupe.1G077400.1	47.11967033333333	5.371983666666667	34.03093066666666	0.6271386880760085	0.5350371030701814	0.4191166101455081	0.267860750733705	0.1522335306302166	0.2399037488910793	Conservation	Conservation	Conservation	Conservation	classified	Conservation	Conservation
TRD	Pbre1_13G412400	Pbre1_16G422400	Prupe.1G077400.1	47.11967033333333	3.900966166666666	34.03093066666666	0.6271386880760085	0.573799742331582	0.4191166101455081	0.267860750733705	0.1446894896600167	0.2443732294981411	Conservation	Conservation	Conservation	Conservation	classified	Specialization	discordant
TRD	Pbre1_11G108400	Pbre1_16G424000	Prupe.6G057400.1	48.60248566666667	0.0	66.809482	0.1945239215126759		0.3435453244590757								all_zero_expression_profile	Specialization	discordant
TRD	Pbre1_03G410000	Pbre1_16G426800	Prupe.4G157700.1	4.603058666666667	0.08528	3.600788666666667	0.990144133688443	0.9028605939536126	0.7738382559521114	0.8063411109846776	0.8346720502109252	0.7910196792912573	Specialization	Specialization	Specialization	Specialization	classified	Subfunctionalization	discordant
TRD	Pbre1_05G259000	Pbre1_16G433600	Prupe.8G182300.1	397.2188433333333	0.0	492.7702561666667	0.4169707120511061		0.7538714182097742								all_zero_expression_profile	Specialization	discordant
TRD	Pbre1_01G113600	Pbre1_16G435000	Prupe.6G210900.1	8.377898	0.053037	117.51408133333334	0.4859132861621427	0.8213896490184414	0.9185178529488264	0.581702284955941	0.7185078118930969	0.5817122249299034	Specialization	Neofunctionalization(Child)	Neofunctionalization(Child)	discordant	classified	Subfunctionalization	discordant
TRD	Pbre1_06G040800	Pbre1_16G435600	Prupe.5G025900.1	50.932202	0.3412366666666667	124.11341433333332	0.4938088876610894	0.6259567411012809	0.5668736537635701	0.3107525806144363	0.2792914173810819	0.3089117469458662	Conservation	Neofunctionalization(Child)	Neofunctionalization(Child)	discordant	classified	Conservation	discordant
TRD	Pbre1_16G481000	Pbre1_16G436000	Prupe.6G211100.1	29.346097166666667	0.2586905	11.848604	0.2550228912373998	1.0	0.3517420629319271	0.1850670423163766	0.9817388300508753	0.1855269316914589	Neofunctionalization(Child)	Neofunctionalization(Child)	Neofunctionalization(Child)	Neofunctionalization(Child)	classified	Conservation	discordant
TRD	Pbre1_13G486800	Pbre1_16G438000	Prupe.1G002500.1	106.58587166666668	0.0	327.6482963333333	0.8376655519146737		0.5809502429172033								all_zero_expression_profile	Subfunctionalization	discordant
TRD	Pbre1_11G157600	Pbre1_16G440400	Prupe.6G080000.1	6.921614666666667	0.0	17.356967333333333	0.4718710888309042		0.4954631086208073								all_zero_expression_profile	Neofunctionalization(Child)	discordant
TRD	Pbre1_01G204800	Pbre1_16G441400	Prupe.2G206100.1	6.264842166666667	0.0	16.490849666666666	0.5819712916048492		0.7042590963004749								all_zero_expression_profile	Neofunctionalization(Child)	discordant
TRD	Pbre1_07G494800	Pbre1_16G442400	Prupe.2G321000.1	133.55297416666667	0.0771858333333333	549.9486488333333	0.2897864856806144	0.7385715210904145	0.6072765171119004	0.2253618784924163	0.225471002554117	0.2251914874738374	Conservation	Neofunctionalization(Child)	Neofunctionalization(Child)	discordant	classified	Conservation	discordant
TRD	Pbre1_13G030600	Pbre1_16G443200	Prupe.1G335200.1	0.026819	0.0	56.44066166666666	0.8079284635251692		0.6778293479842035								all_zero_expression_profile	Neofunctionalization(Child)	discordant
TRD	Pbre1_04G362600	Pbre1_16G446800	Prupe.6G337200.1	22.992600666666668	2.898744833333333	21.931297166666667	0.4735491807763276	0.6938220569996523	0.3898424454351942	0.1340808097101245	0.256547128713631	0.1143159877638602	Conservation	Neofunctionalization(Child)	Conservation	discordant	classified	Conservation	discordant
TRD	Pbre1_04G362600	Pbre1_16G447000	Prupe.6G337200.1	22.992600666666668	3.676068666666666	21.931297166666667	0.4735491807763276	0.66703579113055	0.3898424454351942	0.1340808097101245	0.2312972815753564	0.1161003746255016	Conservation	Neofunctionalization(Child)	Neofunctionalization(Child)	discordant	classified	Conservation	discordant
TRD	Pbre1_11G403800	Pbre1_16G450400	Prupe.4G182900.1	3.2682245	0.0	19.5236015	0.5684108255605983		0.4807226777306381								all_zero_expression_profile	Neofunctionalization(Parent)	discordant
TRD	Pbre1_17G469000	Pbre1_16G451800	Prupe.3G113800.1	9.194549333333333	7.963347333333334	310.4656003333333	0.7557659545676152	0.6262678446687162	0.668548334032459	0.4565894620083705	0.2313806828130462	0.2219296436665042	Neofunctionalization(Parent)	Conservation	Conservation	discordant	classified	Subfunctionalization	discordant
TRD	Pbre1_16G018800	Pbre1_16G454400	Prupe.1G341200.1	22.376641166666666	5.8441095	32.61365033333333	0.1065756607992837	0.4794936207387045	0.5585004227666669	0.1525232146652	0.2190077611905641	0.1542631252887752	Conservation	Conservation	Conservation	Conservation	classified	Subfunctionalization	discordant
TRD	Pbre1_06G066800	Pbre1_16G458600	Prupe.5G045100.1	65.09959616666667	1.5583238333333334	28.452578166666665	0.5444705771152538	0.3709830781984953	0.7887354338929831	0.4868998324176026	0.3730987456112207	0.4831790593248298	Neofunctionalization(Parent)	Neofunctionalization(Child)	Conservation	discordant	classified	Neofunctionalization(Parent)	discordant
TRD	Pbre1_03G261800	Pbre1_16G460600	Prupe.4G270300.1	16.655878833333333	4.180703666666667	26.04977183333333	0.2662232372097647	0.6213354704329818	0.4179976441659986	0.1831521667949396	0.2597826209240352	0.174972599032137	Conservation	Conservation	Conservation	Conservation	classified	Neofunctionalization(Child)	discordant
TRD	Pbre1_13G018800	Pbre1_16G460800	Prupe.1G342300.1	2.712008833333333	0.873812	0.9016161666666668	0.570700706161076	0.7773908669703916	0.82169567453656	0.5078318304026919	0.5548812964888314	0.49415446810762	Specialization	Specialization	Specialization	Specialization	classified	Neofunctionalization(Parent)	discordant
TRD	Pbre1_06G061800	Pbre1_16G461200	Prupe.5G031800.1	17.539734	17.256715833333335	9.881148	0.7201121871054597	0.506536302024615	0.6090469307551848	0.3181506792908061	0.1886953402713514	0.249481014867303	Conservation	Conservation	Conservation	Conservation	classified	Neofunctionalization(Parent)	discordant
TRD	Pbre1_16G466000	Pbre1_16G463400	Prupe.5G034200.1	0.0243935	2.9713196666666666	2.2301861666666665	1.0	0.2741413254879761	0.6493523846442221	0.932286627325636	0.3219728056458463	0.322267470242939	Neofunctionalization(Parent)	Specialization	Neofunctionalization(Parent)	discordant	classified	Subfunctionalization	discordant
TRD	Pbre1_07G377000	Pbre1_16G469000	Prupe.2G260200.1	0.7653958333333333	0.0	4.219257333333333	0.791999598429611		0.6086343601632522								all_zero_expression_profile	Subfunctionalization	discordant
TRD	Pbre1_11G330800	Pbre1_16G469200	Prupe.4G231300.1	48.50903133333333	0.0	67.90232416666666	0.4963484831559843		0.471868213372485								all_zero_expression_profile	Neofunctionalization(Child)	discordant
TRD	Pbre1_06G046600	Pbre1_16G476000	Prupe.5G043100.1	42.4355685	0.0	21.293329166666663	0.7965475144028794		0.7330354203996929								all_zero_expression_profile	Neofunctionalization(Child)	discordant
TRD	Pbre1_13G486800	Pbre1_16G476400	Prupe.1G002500.1	106.58587166666668	0.6959861666666667	327.6482963333333	0.8376655519146737	0.9965213522828216	0.5809502429172033	0.297186720613759	0.8278701355906634	0.293999057855792	Neofunctionalization(Child)	Neofunctionalization(Child)	Neofunctionalization(Child)	Neofunctionalization(Child)	classified	Conservation	discordant
TRD	Pbre1_07G264600	Pbre1_16G476800	Prupe.2G193700.1	15.358252333333333	0.0971126666666666	40.75928666666667	0.5571856007140963	0.7710997508345387	0.6756962319981012	0.3439343366666046	0.6505454880530999	0.3443518738041325	Neofunctionalization(Child)	Neofunctionalization(Child)	Neofunctionalization(Child)	Neofunctionalization(Child)	classified	Neofunctionalization(Child)	Neofunctionalization(Child)
TRD	Pbre1_06G043400	Pbre1_16G478400	Prupe.5G029000.1	3.6058026666666665	0.0	8.146864333333333	0.7850695496283382		0.7440175963146173								all_zero_expression_profile	Neofunctionalization(Child)	discordant
TRD	Pbre1_06G042200	Pbre1_16G479000	Prupe.5G029700.1	8.336143	3.4386281666666667	43.81328716666667	0.2921376120503159	0.4074008125846122	0.2621780463347963	0.0857877250189368	0.1879104564820773	0.0903860883956961	Conservation	Conservation	Conservation	Conservation	classified	Neofunctionalization(Parent)	discordant
TRD	Pbre1_05G156200	Pbre1_16G490000	Prupe.8G127600.1	35.158011	0.1525991666666666	71.32574916666667	0.7063109612527315	0.8736568031308586	0.6636665709184634	0.2965587487562813	0.579649461975583	0.2956129342918339	Neofunctionalization(Child)	Neofunctionalization(Child)	Neofunctionalization(Child)	Neofunctionalization(Child)	classified	Neofunctionalization(Child)	Neofunctionalization(Child)
TRD	Pbre1_08G257200	Pbre1_16G491200	Prupe.1G485400.1	6.544246333333334	0.0	0.0186086666666666	0.9800608932359732		1.0								all_zero_expression_profile	Conservation	discordant
TRD	Pbre1_15G109800	Pbre1_16G492600	Prupe.1G412100.1	81.61142666666667	0.0	228.1085235	0.9447388934506136		0.883683954368597								all_zero_expression_profile	Conservation	discordant
TRD	Pbre1_06G016200	Pbre1_16G496200	Prupe.5G010800.1	19.528279166666668	1.8075965	33.036590833333335	0.3216148163458063	0.5156575441651798	0.2969429750207256	0.1415569259094586	0.1525211989297777	0.1199134425551677	Conservation	Neofunctionalization(Child)	Neofunctionalization(Child)	discordant	classified	Neofunctionalization(Child)	discordant
TRD	Pbre1_06G003600	Pbre1_16G502200	Prupe.5G002400.1	19.32521183333333	5.517382666666666	48.627682	0.7892281642843313	0.5093938412183299	0.6321243244172752	0.5806046215610015	0.3619789332373328	0.5089991980395392	Neofunctionalization(Parent)	Conservation	Conservation	discordant	classified	Neofunctionalization(Parent)	discordant
TRD	Pbre1_04G248800	Pbre1_16G504600	Prupe.6G277500.1	207.64366716666663	0.4049691666666666	346.0445476666667	0.7094958700391109	0.5503107649403136	0.6536892169882003	0.3033986383077018	0.4367872661435613	0.302884583896968	Neofunctionalization(Child)	Neofunctionalization(Child)	Neofunctionalization(Child)	Neofunctionalization(Child)	classified	Neofunctionalization(Parent)	discordant
TRD	Pbre1_14G007600	Pbre1_17G014800	Prupe.7G006200.1	25.092854166666665	3.840742166666667	28.96785733333333	0.1981763413654207	0.5170727999301794	0.3237023355322307	0.1212988066400067	0.2736925782533785	0.1314502388226506	Conservation	Conservation	Conservation	Conservation	classified	Subfunctionalization	discordant
TRD	Pbre1_08G281800	Pbre1_17G015800	Prupe.1G501700.1	72.39654716666666	0.0	8.814698166666666	0.426208273553409		0.5074972697973166								all_zero_expression_profile	Neofunctionalization(Child)	discordant
TRD	Pbre1_09G032800	Pbre1_17G033800	Prupe.3G298100.1	16.958149333333335	4.473781166666667	14.960819166666669	0.4048933775847203	0.3764905134086076	0.4041130367143939	0.1190214279048906	0.2096335425931706	0.1286897434928606	Conservation	Conservation	Conservation	Conservation	classified	Subfunctionalization	discordant
TRD	Pbre1_09G039200	Pbre1_17G039200	Prupe.3G294300.1														missing_expression_record		discordant
TRD	Pbre1_09G063400	Pbre1_17G040600	Prupe.3G280100.1	28.6630505	0.0	6.724962666666666	0.9458411739646694		0.5871910679754677								all_zero_expression_profile	Neofunctionalization(Child)	discordant
TRD	Pbre1_07G472000	Pbre1_17G041000	Prupe.2G310800.1	24.93715783333333	0.0129923333333333	188.570214	0.3356751461877162	1.0	0.8905947215044108	0.4781573945826252	1.10987948390473	0.4782245376443449	Specialization	Neofunctionalization(Child)	Neofunctionalization(Child)	discordant	classified	Neofunctionalization(Parent)	discordant
TRD	Pbre1_01G393800	Pbre1_17G049200	Prupe.2G308300.1	0.3886175	0.0032976666666666	1.7205136666666667	0.9503176303730128	1.0	0.825988976490353	0.9420205319441418	1.02172554995301	0.9367332457586552	Specialization	Specialization	Specialization	Specialization	classified	Subfunctionalization	discordant
TRD	Pbre1_09G047200	Pbre1_17G049600	Prupe.3G290300.1	7.939998333333333	2.9985791666666666	8.694569333333334	0.2693584041407699	0.4299030373746769	0.5590533226597791	0.1541975436639999	0.2444632205168516	0.1701810072211861	Conservation	Conservation	Conservation	Conservation	classified	Neofunctionalization(Parent)	discordant
TRD	Pbre1_07G504800	Pbre1_17G068800	Prupe.2G325300.1	20.560544666666665	0.9436311666666666	111.596582	0.304536802609637	0.863210488574334	0.3181330631773624	0.143570831638231	0.5238551062780441	0.1417029774202143	Neofunctionalization(Child)	Neofunctionalization(Child)	Neofunctionalization(Child)	Neofunctionalization(Child)	classified	Subfunctionalization	discordant
TRD	Pbre1_11G473800	Pbre1_17G071400	Prupe.8G240900.1	6.598808666666667	16.654824333333334	7.679191666666667	0.4311804084159389	0.5634689087303647	0.5596376957928297	0.2522625743605906	0.3382247793891486	0.2979532572139194	Conservation	Conservation	Conservation	Conservation	classified	Subfunctionalization	discordant
TRD	Pbre1_12G014800	Pbre1_17G075800	Prupe.7G009400.1														missing_expression_record		discordant
TRD	Pbre1_05G568800	Pbre1_17G082400	Prupe.4G022300.1	16.3035815	0.0	15.8922865	0.2344040013088947		0.4986046012465227								all_zero_expression_profile	Subfunctionalization	discordant
TRD	Pbre1_15G276800	Pbre1_17G090200	Prupe.7G260100.1	37.143045666666666	0.0	40.957303	0.4039038733094972		0.4540534510632031								all_zero_expression_profile	Neofunctionalization(Parent)	discordant
TRD	Pbre1_09G091000	Pbre1_17G091800	Prupe.3G264700.1														missing_expression_record		discordant
TRD	Pbre1_10G174200	Pbre1_17G100800	Prupe.8G136800.1	1.6283653333333334	0.0	2.6208286666666667	0.8183970412876915		0.904947748920876								all_zero_expression_profile	Subfunctionalization	discordant
TRD	Pbre1_09G204200	Pbre1_17G102800	Prupe.3G202500.1	0.8400065	28.766356666666667	23.645870166666665	0.916187412840224	0.3450044912516323	0.9244508325786456	0.9562858962030498	0.7402847588759426	0.7409377847909271	Specialization	Specialization	Neofunctionalization(Parent)	Specialization	classified	Neofunctionalization(Parent)	discordant
TRD	Pbre1_05G048200	Pbre1_17G107400	Prupe.8G038700.1	14.805436666666669	2.122747	20.700211166666666	0.7484251454656713	0.8092830418814566	0.495969814078408	0.2034673366026452	0.3684533244133572	0.215533536798714	Conservation	Neofunctionalization(Child)	Neofunctionalization(Child)	discordant	classified	Conservation	discordant
TRD	Pbre1_02G174600	Pbre1_17G108000	Prupe.7G181700.1	12.511818166666666	1.470329166666667	24.74425433333333	0.2240458057196047	0.6116745781610744	0.3504228314535913	0.1303676383644388	0.3066036246992137	0.1381186360745712	Conservation	Neofunctionalization(Child)	Neofunctionalization(Child)	discordant	classified	Subfunctionalization	discordant
TRD	Pbre1_17G117400	Pbre1_17G112800	Prupe.3G251100.1	31.550450166666668	24.781837666666664	30.655917166666665	0.8944600054297542	0.9955573905933316	0.7593505352294613	0.2772464094500529	0.5931842102277005	0.4073217792536344	Neofunctionalization(Child)	Neofunctionalization(Child)	Neofunctionalization(Child)	Neofunctionalization(Child)	classified	Neofunctionalization(Child)	Neofunctionalization(Child)
TRD	Pbre1_01G279200	Pbre1_17G124800	Prupe.2G247900.1	1.3877535	9.2467105	5.8215855	0.6762687077867919	0.6391091522485395	0.9021003878548396	0.6770174610029489	0.3598878832760907	0.3902740822227655	Neofunctionalization(Parent)	Specialization	Specialization	discordant	classified	Neofunctionalization(Parent)	discordant
TRD	Pbre1_06G066400	Pbre1_17G125400	Prupe.5G044300.1	245.6619793333333	95.92313083333332	346.5368148333333	0.6719224417683068	0.6796809743505567	0.7008995033067386	0.5122901067903408	0.5822440468663722	0.4938154650606519	Specialization	Conservation	Conservation	discordant	classified	Subfunctionalization	discordant
TRD	Pbre1_17G290600	Pbre1_17G136600	Prupe.3G023700.1	5.3938235	0.0106913333333333	26.0067625	0.6138288854668493	0.9333610441433204	0.706723312139068	0.5528568080320657	0.9615032200694624	0.5527329955583998	Specialization	Specialization	Neofunctionalization(Child)	Specialization	classified	Subfunctionalization	discordant
TRD	Pbre1_09G138600	Pbre1_17G137800	Prupe.3G239800.1	6.432500666666667	4.4043025	30.2972365	0.2725130579910579	0.4009903181457137	0.3859219041599377	0.1578830505241871	0.1471903669572919	0.1428848361058587	Conservation	Conservation	Conservation	Conservation	classified	Subfunctionalization	discordant
TRD	Pbre1_09G143600	Pbre1_17G142200	Prupe.3G237700.1	12.536305166666668	0.5728738333333333	16.367993	0.2833145581267782	0.4702034984017588	0.389630269890252	0.1700565949181627	0.1673495259933183	0.1632092860704464	Conservation	Neofunctionalization(Child)	Neofunctionalization(Child)	discordant	classified	Conservation	discordant
TRD	Pbre1_02G386400	Pbre1_17G152600	Prupe.2G096600.1	1.999033	9.046735666666669	12.670369333333332	0.6238429673758988	0.6148828815310722	0.5619937709344935	0.3361963368537433	0.2130063136445161	0.2266627757766637	Conservation	Neofunctionalization(Parent)	Conservation	discordant	classified	Subfunctionalization	discordant
TRD	Pbre1_05G528600	Pbre1_17G152800	Prupe.4G045900.1	5.009983833333333	13.739084333333333	6.527938	0.2301628708949357	0.4876066624969348	0.2958040991850087	0.0700169356993113	0.1367886496655032	0.1091097493933111	Conservation	Conservation	Conservation	Conservation	classified	Subfunctionalization	discordant
TRD	Pbre1_03G041400	Pbre1_17G159200	Prupe.6G025300.1	40.95852466666667	0.0	30.806280166666667	0.3100780734002727		0.3819143214900181								all_zero_expression_profile	Subfunctionalization	discordant
TRD	Pbre1_07G341400	Pbre1_17G164800	Prupe.2G239700.1	347.48379366666666	0.1342605	199.36652716666663	0.5620013543920018	1.0	0.6160536417151555	0.2488196237607885	1.070910279360438	0.248764307006299	Neofunctionalization(Child)	Neofunctionalization(Child)	Neofunctionalization(Child)	Neofunctionalization(Child)	classified	Subfunctionalization	discordant
TRD	Pbre1_11G198400	Pbre1_17G166400	Prupe.6G098200.1	96.71644133333334	0.0	90.95427983333332	0.4624869626664705		0.5863779837428289								all_zero_expression_profile	Specialization	discordant
TRD	Pbre1_12G057000	Pbre1_17G173400	Prupe.7G101500.1	91.2257605	0.0	27.250482833333333	0.1914011226946942		0.6164154013634577								all_zero_expression_profile	Conservation	discordant
TRD	Pbre1_17G495200	Pbre1_17G179400	Prupe.3G007100.1	17.655721166666666	0.0299363333333333	48.191224	0.3253196771089252	1.0	0.4481441282071781	0.1244279893019615	0.9382809820273648	0.1243834083698334	Neofunctionalization(Child)	Neofunctionalization(Child)	Neofunctionalization(Child)	Neofunctionalization(Child)	classified	Subfunctionalization	discordant
TRD	Pbre1_16G013000	Pbre1_17G181000	Prupe.1G344300.1	21.738113666666667	1.6153283333333333	37.11398733333333	0.4616125061449173	0.5584542220389397	0.485663318472967	0.2759302533789993	0.1680843992113896	0.2536734391450227	Conservation	Neofunctionalization(Child)	Neofunctionalization(Child)	discordant	classified	Subfunctionalization	discordant
TRD	Pbre1_09G194000	Pbre1_17G189600	Prupe.3G208000.1	2.8778535	1.041206	4.7907831666666665	0.4447029737725634	0.5363852580478969	0.5745857443872862	0.2041299805966045	0.1744239120431689	0.1551197974784886	Conservation	Specialization	Neofunctionalization(Child)	discordant	classified	Specialization	discordant
TRD	Pbre1_16G142200	Pbre1_17G201600	Prupe.1G267700.1	17.901708166666666	3.0128478333333333	45.9169155	0.5272960533081412	0.7685375732939004	0.5252211649125187	0.235742667571026	0.4491992824735589	0.2213067668247671	Neofunctionalization(Child)	Neofunctionalization(Child)	Conservation	Neofunctionalization(Child)	classified	Subfunctionalization	discordant
TRD	Pbre1_09G224000	Pbre1_17G218000	Prupe.3G192300.1	7.065661833333333	3.650094	7.857168333333334	0.3435945499009943	0.6717006747583636	0.3950173148164986	0.2346285221302106	0.4821202623912948	0.3127064376362807	Neofunctionalization(Child)	Neofunctionalization(Child)	Neofunctionalization(Child)	Neofunctionalization(Child)	classified	Subfunctionalization	discordant
TRD	Pbre1_16G087000	Pbre1_17G221000	Prupe.1G304800.1	0.8964798333333334	0.1813584999999999	6.735166166666667	0.9055718993557632	0.9889681333738014	0.8204863121120199	0.755671713118617	1.0952853118076251	0.7039397097649747	Specialization	Specialization	Specialization	Specialization	classified	Conservation	discordant
TRD	Pbre1_05G452400	Pbre1_17G224200	Prupe.4G091400.1	4.359045666666667	0.109972	6.102464333333334	0.5664178577497749	0.7637445536829996	0.7428404513214317	0.2589875426338404	0.6302916422061138	0.2577066459130567	Neofunctionalization(Child)	Neofunctionalization(Child)	Neofunctionalization(Child)	Neofunctionalization(Child)	classified	Conservation	discordant
TRD	Pbre1_09G230600	Pbre1_17G226400	Prupe.3G187700.1	0.4135729999999999	0.2302726666666666	1.146209	0.5571803825668871	0.3853465253127984	0.6164596095421494	0.3229280425477855	0.2595497174352203	0.2720746673567772	Conservation	Specialization	Specialization	discordant	classified	Conservation	discordant
TRD	Pbre1_16G471600	Pbre1_17G227000	Prupe.5G039100.1	21.950355666666667	0.1289265	63.398181666666666	0.4289733762439482	1.0	0.3913817830139176	0.1746267188575858	0.9298830228341662	0.1722273395795757	Neofunctionalization(Child)	Neofunctionalization(Child)	Neofunctionalization(Child)	Neofunctionalization(Child)	classified	Conservation	discordant
TRD	Pbre1_10G442000	Pbre1_17G229200	Prupe.4G083400.1	19.89634883333333	0.8034271666666667	61.1215775	0.3991952044858665	0.7144672857660852	0.422674113897432	0.2334674267529192	0.2975654466306625	0.2176524230067145	Conservation	Neofunctionalization(Child)	Neofunctionalization(Child)	discordant	classified	Neofunctionalization(Child)	discordant
TRD	Pbre1_09G235400	Pbre1_17G230200	Prupe.3G185700.1	1.4510393333333331	0.0364965	2.8239780000000003	0.7627740246800493	1.0	0.6627337438750883	0.4677733765529824	0.9948768657865914	0.4782705237949005	Specialization	Specialization	Neofunctionalization(Child)	Specialization	classified	Conservation	discordant
TRD	Pbre1_09G242400	Pbre1_17G236000	Prupe.3G180100.1	10.530504333333331	0.032001	8.0881905	0.9179529147665784	0.9540765028722198	0.5378188201818868	0.4667102407453488	0.7262565810079146	0.4643430121659588	Specialization	Specialization	Neofunctionalization(Child)	Specialization	classified	Subfunctionalization	discordant
TRD	Pbre1_10G318600	Pbre1_17G239000	Prupe.8G220100.1	0.2491565	0.0	1.1896038333333334	0.8610057994183574		0.7255970146525685								all_zero_expression_profile	Subfunctionalization	discordant
TRD	Pbre1_09G246800	Pbre1_17G240200	Prupe.3G177800.1	3.9535406666666666	28.30069783333333	5.296646666666667	0.3553552458252008	0.917431184645456	0.6967830730994227	0.2029540594939597	0.7818141683987669	0.7023779991255708	Neofunctionalization(Child)	Conservation	Conservation	discordant	classified	Conservation	discordant
TRD	Pbre1_05G548200	Pbre1_17G242800	Prupe.4G034100.1	0.7336345	1.3909626666666666	1.8900711666666663	0.5563866294498926	0.9678171331406678	0.6611859686516117	0.3489691375938638	0.9935474266758206	0.7123332047771246	Neofunctionalization(Child)	Specialization	Specialization	discordant	classified	Conservation	discordant
TRD	Pbre1_09G252400	Pbre1_17G246600	Prupe.3G173600.1	0.9702088333333334	0.0	0.4955925	0.9544522627394236		0.8954948718434483								all_zero_expression_profile	Conservation	discordant
TRD	Pbre1_14G189400	Pbre1_17G250600	Prupe.5G097700.1	158.127411	0.1537453333333333	625.1173373333334	0.4713521339357161	0.7276278259979005	0.7120022110347213	0.3626194855393232	0.4996516162326409	0.3624869252575468	Neofunctionalization(Child)	Neofunctionalization(Child)	Neofunctionalization(Child)	Neofunctionalization(Child)	classified	Subfunctionalization	discordant
TRD	Pbre1_16G484000	Pbre1_17G261600	Prupe.5G024900.1	38.41201766666666	0.4614623333333333	28.06754	0.4257038506729078	0.9483991738022997	0.6604091195583079	0.3273865603006582	0.7538674321002573	0.3283308133249526	Neofunctionalization(Child)	Neofunctionalization(Child)	Neofunctionalization(Child)	Neofunctionalization(Child)	classified	Subfunctionalization	discordant
TRD	Pbre1_02G176800	Pbre1_17G262000	Prupe.7G180700.1	28.71332633333333	0.0	260.18193716666667	0.6322028406080138		0.4096824353990963								all_zero_expression_profile	Specialization	discordant
TRD	Pbre1_08G043200	Pbre1_17G264600	Prupe.1G373800.1	0.0099696666666666	0.043241	11.297484166666669	1.0	0.9573286566117152	0.5476809247286631	0.960300714894514	0.7260753106981629	0.5837869406731244	Specialization	Specialization	Specialization	Specialization	classified	Specialization	Specialization
TRD	Pbre1_08G044000	Pbre1_17G264800	Prupe.1G374300.1	14.249294333333332	2.9986966666666666	11.888249333333334	0.2003218889075778	0.4243997801510922	0.4685703761936381	0.1570992024932285	0.2295928468209778	0.167841329954266	Conservation	Neofunctionalization(Child)	Conservation	discordant	classified	Conservation	discordant
TRD	Pbre1_08G043800	Pbre1_17G265000	Prupe.1G374200.1	3.0024635	2.173342	5.856544	0.8837197988458045	0.8355442952358926	0.8263311672706036	0.1980897325837463	0.1966760943537114	0.1903283185143662	Conservation	Specialization	Specialization	discordant	classified	Conservation	discordant
TRD	Pbre1_15G039000	Pbre1_17G265200	Prupe.1G374100.1	24.164521333333333	0.0	12.9178625	0.5768394276290647		0.3242524915817384								all_zero_expression_profile	Conservation	discordant
TRD	Pbre1_08G043600	Pbre1_17G265400	Prupe.1G374100.1	0.0	0.0	12.9178625			0.3242524915817384								all_zero_expression_profile	Specialization	discordant
TRD	Pbre1_17G107800	Pbre1_17G273400	Prupe.3G257100.1	1.1276256666666666	0.1908863333333333	11.033671	0.8981375848433324	1.0	0.9627812906313068	0.8822857836425239	1.309428829041626	0.861103569744306	Specialization	Specialization	Specialization	Specialization	classified	Conservation	discordant
TRD	Pbre1_15G398800	Pbre1_17G280600	Prupe.7G193700.1	1.7879285	4.0481995	17.8127005	0.8556974355526192	0.5764102765541125	0.8843518656056697	0.398437572186945	0.6708534587823841	0.5107999763018869	Specialization	Specialization	Specialization	Specialization	classified	Subfunctionalization	discordant
TRD	Pbre1_09G285400	Pbre1_17G282800	Prupe.3G028100.1	31.54315983333333	0.8905415	119.6439405	0.6030248725128093	0.7977097704989619	0.547054152790372	0.1626394256973943	0.5833624402514075	0.1636851227882188	Neofunctionalization(Child)	Neofunctionalization(Child)	Neofunctionalization(Child)	Neofunctionalization(Child)	classified	Conservation	discordant
TRD	Pbre1_01G312800	Pbre1_17G283600	Prupe.2G266700.1	172.72403616666665	49.44339383333333	111.56411916666666	0.3033554359809383	0.4036815630456086	0.6610760841480234	0.2959071594579972	0.3769577859081298	0.3105883176000655	Conservation	Conservation	Conservation	Conservation	classified	Conservation	Conservation
TRD	Pbre1_09G303000	Pbre1_17G297600	Prupe.3G038800.1	21.366143666666662	4.46364	17.648035333333333	0.577913556400941	0.3606280753439684	0.3462089493149257	0.1103836526184878	0.1492684820686708	0.1063036300253317	Conservation	Conservation	Conservation	Conservation	classified	Subfunctionalization	discordant
TRD	Pbre1_15G434000	Pbre1_17G300200	Prupe.7G170600.1	22.066819	0.0	7.607848333333333	0.3643249897482192		0.3912628495973685								all_zero_expression_profile	Subfunctionalization	discordant
TRD	Pbre1_01G135000	Pbre1_17G301400	Prupe.2G165500.1	22.349668666666663	2.0554045	37.66242366666667	0.7507539045835053	0.5916754366385459	0.7351158061841152	0.4769902818333152	0.3524035134350551	0.4634966010904391	Neofunctionalization(Parent)	Neofunctionalization(Child)	Conservation	discordant	classified	Conservation	discordant
TRD	Pbre1_08G152800	Pbre1_17G308400	Prupe.1G430600.1	10.170884333333332	0.0	4.763850833333334	0.5812461907921986		0.5197036962637986								all_zero_expression_profile	Neofunctionalization(Child)	discordant
TRD	Pbre1_17G413800	Pbre1_17G310000	Prupe.3G118500.1	44.58341683333333	0.0102788333333333	72.79811966666666	0.7553610101553943	0.8758573568444012	0.7826808699155969	0.1516810463413026	0.7968008648522893	0.1516225370327391	Neofunctionalization(Child)	Neofunctionalization(Child)	Neofunctionalization(Child)	Neofunctionalization(Child)	classified	Conservation	discordant
TRD	Pbre1_09G325000	Pbre1_17G310400	Prupe.3G050700.1	43.08771483333334	0.054493	32.661438833333335	0.244226220737742	0.9249379558666408	0.4644089854512468	0.156108451888052	0.6658631835602837	0.1563327657147711	Neofunctionalization(Child)	Neofunctionalization(Child)	Neofunctionalization(Child)	Neofunctionalization(Child)	classified	Subfunctionalization	discordant
TRD	Pbre1_09G325400	Pbre1_17G315400	Prupe.3G050900.1	0.8105388333333333	0.0576495	6.5195045	0.9203608971367836	0.8209867141487468	0.8810074813589871	0.784718120461703	0.6837884292056412	0.7451438281658488	Specialization	Specialization	Specialization	Specialization	classified	Neofunctionalization(Parent)	discordant
TRD	Pbre1_09G406200	Pbre1_17G319200	Prupe.3G121900.1	0.00303	0.0	0.0	1.0										all_zero_expression_profile	Conservation	discordant
TRD	Pbre1_09G046200	Pbre1_17G320600	Prupe.3G291100.1	12.225825833333332	9.613197333333334	77.60770116666666	0.4458565650279865	0.2287200334294776	0.6922987260562969	0.3488083724651398	0.2890153682163505	0.3021411330998224	Conservation	Conservation	Conservation	Conservation	classified	Conservation	Conservation
TRD	Pbre1_13G449200	Pbre1_17G321800	Prupe.1G203200.1	3.408131666666667	31.260226666666668	65.15869983333333	0.5544780330397375	0.5371655484007971	0.4860740007573471	0.2565671941826741	0.2264503452923072	0.2282128394966763	Conservation	Conservation	Conservation	Conservation	classified	Neofunctionalization(Parent)	discordant
TRD	Pbre1_11G212400	Pbre1_17G322200	Prupe.6G106800.1	44.903874	4.634462666666667	190.6261028333333	0.4444457419188749	0.391438783568922	0.4899270575697985	0.268889707159804	0.2051086116341071	0.2531044956136088	Conservation	Conservation	Conservation	Conservation	classified	Neofunctionalization(Parent)	discordant
TRD	Pbre1_04G080600	Pbre1_17G322600	Prupe.1G206800.1	0.953557	14.571855	121.8767645	0.6683108611064903	0.4840256417542529	0.4586318216670622	0.2181031497812945	0.1379290612445308	0.1330690258849331	Conservation	Neofunctionalization(Parent)	Neofunctionalization(Parent)	discordant	classified	Neofunctionalization(Child)	discordant
TRD	Pbre1_04G081200	Pbre1_17G323000	Prupe.1G207200.1	85.0524085	4.545863166666667	69.12641316666667	0.3143387208060258	0.2154017233876383	0.5963427179709123	0.1838248725286757	0.3281619918293552	0.1884873571020439	Conservation	Conservation	Conservation	Conservation	classified	Neofunctionalization(Child)	discordant
TRD	Pbre1_04G081400	Pbre1_17G323200	Prupe.1G207400.1	2.135364666666667	0.1045076666666666	5.493691166666667	0.6758156200725469	0.936823350912132	0.8723085507134355	0.5334960993900489	0.8006799549199517	0.5394971003538725	Specialization	Specialization	Neofunctionalization(Child)	Specialization	classified	Conservation	discordant
TRD	Pbre1_08G018800	Pbre1_17G326600	Prupe.1G362200.1	89.05260866666667	1.5702948333333333	143.34950466666666	0.2860859932995114	0.5005251386901415	0.3552926529210638	0.0623566230934476	0.2676281954330138	0.0642176853610418	Conservation	Neofunctionalization(Child)	Conservation	discordant	classified	Neofunctionalization(Parent)	discordant
TRD	Pbre1_08G224000	Pbre1_17G333000	Prupe.1G463900.1	13.005993666666669	0.0374216666666666	19.9996245	0.6091071790340015	0.9744878947817746	0.7925520477419804	0.2627174852274879	0.4651459512456119	0.2614853063271114	Neofunctionalization(Child)	Neofunctionalization(Child)	Neofunctionalization(Child)	Neofunctionalization(Child)	classified	Neofunctionalization(Child)	Neofunctionalization(Child)
TRD	Pbre1_17G283200	Pbre1_17G334600	Prupe.3G027700.1	0.0019761666666666	2.6492521666666664	1.559361166666667	1.0	0.9311712100845678	0.8691575939459325	1.1792063793467535	0.8964419122863998	0.8960807592998549	Specialization	Specialization	Specialization	Specialization	classified	Subfunctionalization	discordant
TRD	Pbre1_01G358600	Pbre1_17G339000	Prupe.2G291000.1	3.4002851666666665	7.0949915	5.082061666666667	0.376082593216013	0.5089892458177527	0.6235555389615637	0.2160176631760854	0.2866655978337789	0.2534416100421378	Conservation	Conservation	Conservation	Conservation	classified	Subfunctionalization	discordant
TRD	Pbre1_16G287400	Pbre1_17G362800	Prupe.1G136700.1														missing_expression_record		discordant
TRD	Pbre1_17G320400	Pbre1_17G369600	Prupe.3G052500.1	7.832194666666667	0.0	17.980075	0.3479162617169481		0.3638628584245833								all_zero_expression_profile	Neofunctionalization(Parent)	discordant
TRD	Pbre1_15G125600	Pbre1_17G371800	Prupe.1G422100.1	4.9110895	0.8144846666666667	18.907289833333333	0.3234194111494402	0.7019706516898362	0.2799861824058671	0.1644341211813255	0.2742777170145974	0.15378501245183	Conservation	Neofunctionalization(Child)	Neofunctionalization(Child)	discordant	classified	Subfunctionalization	discordant
TRD	Pbre1_03G081600	Pbre1_17G372600	Prupe.6G049000.1	0.0	0.1588051666666666	51.31754816666667		0.9111718710925126	0.4459724280926207								all_zero_expression_profile	Neofunctionalization(Parent)	discordant
TRD	Pbre1_04G411600	Pbre1_17G373000	Prupe.6G363600.1	5.281665666666667	4.1069755	8.743061666666666	0.3959903021544622	0.7122814003873549	0.6755855809744615	0.2519473012357494	0.3728537617522656	0.2526155320022138	Conservation	Neofunctionalization(Child)	Neofunctionalization(Child)	discordant	classified	Neofunctionalization(Child)	discordant
TRD	Pbre1_16G070600	Pbre1_17G393000	Prupe.1G313700.1	20.323093	0.0	23.478466	0.5179163984620214		0.3544877752089378								all_zero_expression_profile	Neofunctionalization(Child)	discordant
TRD	Pbre1_13G486800	Pbre1_17G394000	Prupe.1G002500.1	106.58587166666668	0.0227131666666666	327.6482963333333	0.8376655519146737	0.9260090272123204	0.5809502429172033	0.297186720613759	0.8435422271849814	0.2971090599484993	Neofunctionalization(Child)	Neofunctionalization(Child)	Neofunctionalization(Child)	Neofunctionalization(Child)	classified	Neofunctionalization(Child)	Neofunctionalization(Child)
TRD	Pbre1_15G156800	Pbre1_17G395000	Prupe.1G439500.1	0.0	0.0275066666666666	2.039277666666667		0.9008112395196012	0.9423616872359007								all_zero_expression_profile	Neofunctionalization(Parent)	discordant
TRD	Pbre1_07G220600	Pbre1_17G396200	Prupe.2G176900.1	0.1663601666666666	0.7746438333333333	50.0016085	0.96214638981922	0.5347560831608033	0.9936616479216768	0.191115075686324	1.0504596217619493	0.8916589420136417	Neofunctionalization(Child)	Specialization	Specialization	discordant	classified	Conservation	discordant
TRD	Pbre1_04G160400	Pbre1_17G409200	Prupe.6G233700.1	152.74144783333332	0.0	208.97293733333333	0.4938100273895299		0.2673102271025126								all_zero_expression_profile	Conservation	discordant
TRD	Pbre1_12G197200	Pbre1_17G409400	Prupe.6G233700.1	117.686528	0.0	208.97293733333333	0.4520268658385643		0.2673102271025126								all_zero_expression_profile	Conservation	discordant
TRD	Pbre1_07G264600	Pbre1_17G413200	Prupe.2G193700.1	15.358252333333333	0.0	40.75928666666667	0.5571856007140963		0.6756962319981012								all_zero_expression_profile	Conservation	discordant
TRD	Pbre1_04G164000	Pbre1_17G419800	Prupe.6G235000.1	22.54606233333333	0.0	32.488736833333334	0.3158383523825668		0.345607557831959								all_zero_expression_profile	Conservation	discordant
TRD	Pbre1_12G440600	Pbre1_17G426400	Prupe.6G366000.1	19.5546965	1.6629405	26.880430666666665	0.477375166362422	0.2450915153374144	0.3965029106748791	0.1759777487215945	0.1702648357919674	0.1732265020467265	Conservation	Neofunctionalization(Child)	Conservation	discordant	classified	Neofunctionalization(Child)	discordant
TRD	Pbre1_04G415400	Pbre1_17G426600	Prupe.6G366000.1	20.559279	0.0	26.880430666666665	0.352547610842069		0.3965029106748791								all_zero_expression_profile	Neofunctionalization(Parent)	discordant
TRD	Pbre1_12G440000	Pbre1_17G427000	Prupe.6G365700.1	0.0524321666666666	0.0287941666666666	0.4571674999999999	0.8594982195235467	0.8610822846269286	0.9916987983783974	1.133762926339356	0.4963406848358082	0.8760891733283085	Specialization	Specialization	Specialization	Specialization	classified	Subfunctionalization	discordant
TRD	Pbre1_12G439600	Pbre1_17G427200	Prupe.6G365600.1	0.2903041666666666	0.5452423333333334	0.100148	0.5654796446766153	0.9012966818949828	0.8974989931534434	0.4180654913788468	0.9411660428445768	0.7410862738193194	Specialization	Neofunctionalization(Child)	Specialization	discordant	classified	Subfunctionalization	discordant
TRD	Pbre1_04G415200	Pbre1_17G427600	Prupe.6G365500.1	15.2047925	0.0	9.743064	0.3890151973941101		0.6754836657006902								all_zero_expression_profile	Neofunctionalization(Child)	discordant
TRD	Pbre1_05G056600	Pbre1_17G429000	Prupe.8G044700.1	0.0	0.6243813333333333	0.0		0.9452850246111494									all_zero_expression_profile	Conservation	discordant
TRD	Pbre1_02G294800	Pbre1_17G437400	Prupe.6G216400.1	3.2033331666666665	2.037253166666667	7.661524333333333	0.9419733468656372	0.925409083332547	0.9261346617965353	0.8064998831345959	0.3342173484797666	0.4501195862933505	Neofunctionalization(Parent)	Specialization	Subfunctionalization	discordant	classified	Neofunctionalization(Child)	discordant
TRD	Pbre1_09G438400	Pbre1_17G448400	Prupe.3G150000.1	225.19534683333333	52.627972	141.34830266666663	0.5960188807004466	0.4050159289950005	0.5646976056130812	0.1775295350272687	0.1233856131796179	0.1629783776198946	Conservation	Conservation	Conservation	Conservation	classified	Neofunctionalization(Child)	discordant
TRD	Pbre1_02G505200	Pbre1_17G455000	Prupe.2G008000.1	10.085440333333334	0.0454391666666666	35.35508	0.6289242297832691	0.8834775844754426	0.830894885955208	0.5500847385306319	0.7959801039696388	0.5493808736974976	Specialization	Neofunctionalization(Child)	Neofunctionalization(Child)	discordant	classified	Neofunctionalization(Parent)	discordant
TRD	Pbre1_06G261000	Pbre1_17G460400	Prupe.5G156400.1	25.677283166666665	36.6955545	35.68251566666667	0.747246400117103	0.7412914777975836	0.6657703696681769	0.4392773296103253	0.4890819702151657	0.4669575843853858	Specialization	Conservation	Conservation	discordant	classified	Conservation	discordant
TRD	Pbre1_17G481000	Pbre1_17G460800	Prupe.3G014700.1	0.0	0.4251088333333333	8.5005225		0.9855758043472412	0.5049428810595289								all_zero_expression_profile	Conservation	discordant
TRD	Pbre1_02G016400	Pbre1_17G461000	Prupe.7G264500.1	8.850966	6.355296166666667	13.045549	0.246893962732237	0.2445718651177743	0.7416006465460445	0.3562774195496369	0.4004262390101686	0.3725893349086651	Neofunctionalization(Child)	Specialization	Specialization	discordant	classified	Neofunctionalization(Child)	discordant
TRD	Pbre1_10G129600	Pbre1_17G466000	Prupe.8G100700.1	0.0021969999999999	0.0	15.824585666666666	1.0		0.8400516163195506								all_zero_expression_profile	Neofunctionalization(Child)	discordant
TRD	Pbre1_14G170800	Pbre1_17G469800	Prupe.7G024000.1	0.0028231666666666	0.0	0.0157368333333333	1.0		0.8612091855041264								all_zero_expression_profile	Neofunctionalization(Child)	discordant
TRD	Pbre1_12G311200	Pbre1_17G478800	Prupe.6G292000.1	57.35273166666666	0.705643	59.051379	0.5289797810723845	0.603918725238708	0.7697826232666033	0.3569058971850919	0.4746494463853957	0.3579704642397077	Neofunctionalization(Child)	Neofunctionalization(Child)	Neofunctionalization(Child)	Neofunctionalization(Child)	classified	Neofunctionalization(Child)	Neofunctionalization(Child)
TRD	Pbre1_09G473800	Pbre1_17G488400	Prupe.3G010700.1	5.8464263333333335	0.7445885	1.9400338333333331	0.6785219205215708	0.9000158132704563	0.6833337882934977	0.2416987758005209	0.7532927660845234	0.2779606251094074	Neofunctionalization(Child)	Specialization	Specialization	discordant	classified	Subfunctionalization	discordant
TRD	Pbre1_17G492800	Pbre1_17G488600	Prupe.3G010600.1	1.6944273333333333	0.329177	2.268288666666667	0.4816847183475001	0.982283144283872	0.5792021792667691	0.2235516205561166	0.886842456781662	0.2759204870836461	Neofunctionalization(Child)	Specialization	Specialization	discordant	classified	Subfunctionalization	discordant
TRD	Pbre1_09G473800	Pbre1_17G492600	Prupe.3G010700.1	5.8464263333333335	2.0426848333333334	1.9400338333333331	0.6785219205215708	0.7341636038145337	0.6833337882934977	0.2416987758005209	0.4819770350964417	0.2855629292576497	Neofunctionalization(Child)	Specialization	Specialization	discordant	classified	Subfunctionalization	discordant
TRD	Pbre1_16G372600	Pbre1_17G503000	Prupe.1G045300.1	49.1096285	3.5766505	207.82926433333333	0.273209076064929	0.4585618868683322	0.6666356219994204	0.2592553418739411	0.4662396070901408	0.2695728991070277	Neofunctionalization(Child)	Neofunctionalization(Child)	Conservation	Neofunctionalization(Child)	classified	Subfunctionalization	discordant
TRD	Pbre1_09G492200	Pbre1_17G507400	Prupe.3G001200.1	8.926539333333332	2.757317833333333	22.95644683333333	0.4186517889387321	0.4938737096444785	0.5676599208148754	0.2733985249288573	0.2736526707267341	0.2314667733295355	Conservation	Neofunctionalization(Child)	Neofunctionalization(Child)	discordant	classified	Subfunctionalization	discordant
TRD	Pbre1_09G490400	Pbre1_17G508800	Prupe.3G002000.1	12.026363666666668	3.2378831666666668	9.408892	0.6113245539402559	0.3776110194278839	0.6639994253883316	0.3846483449990749	0.3527208803034693	0.3743310278755101	Conservation	Specialization	Conservation	discordant	classified	Conservation	discordant
TRD	Pbre1_01G264000	Pbre1_01G111400	Prupe.2G239900.1	6.442083333333334	0.0	36.902881	0.282612574135359		0.5705271048659488								all_zero_expression_profile	Subfunctionalization	discordant
TRD	Pbre1_05G475800	Pbre1_01G304200	Prupe.4G079500.1	126.705536	0.5637323333333334	642.5165791666667	0.4190013096617583	1.0	0.5611437233807328	0.1807747182242809	0.858106019640872	0.1812532098545462	Neofunctionalization(Child)	Neofunctionalization(Child)	Neofunctionalization(Child)	Neofunctionalization(Child)	classified	Subfunctionalization	discordant
TRD	Pbre1_07G502800	Pbre1_01G406200	Prupe.2G324300.1	55.885287000000005	1.1852785	39.9875645	0.6963560660063809	0.8248951495992305	0.5777754831876465	0.2705802866030595	0.5041499420147602	0.2580338152268285	Neofunctionalization(Child)	Neofunctionalization(Child)	Neofunctionalization(Child)	Neofunctionalization(Child)	classified	Conservation	discordant
TRD	Pbre1_17G306400	Pbre1_02G034600	Prupe.3G044400.1	2.623294833333333	4.648172333333333	27.61886383333333	0.4259741607302505	0.7801618472675553	0.6351846900532843	0.3187191322463145	0.406051922034499	0.2759994918849364	Neofunctionalization(Child)	Neofunctionalization(Child)	Neofunctionalization(Child)	Neofunctionalization(Child)	classified	Specialization	discordant
TRD	Pbre1_04G361000	Pbre1_02G086400	Prupe.6G336200.1	12.128455833333334	0.0403551666666666	44.8869	0.2500068373490928	0.7948615410357233	0.3863716817126853	0.1200092726512944	0.4231436833610443	0.1197616756973833	Neofunctionalization(Child)	Neofunctionalization(Child)	Neofunctionalization(Child)	Neofunctionalization(Child)	classified	Specialization	discordant
TRD	Pbre1_16G057600	Pbre1_02G256200	Prupe.1G321000.1	39.039800666666665	0.0	91.5315795	0.4163361950947427		0.6102232551794011								all_zero_expression_profile	Specialization	discordant
TRD	Pbre1_10G277400	Pbre1_02G397800	Prupe.8G193800.1														missing_expression_record		discordant
TRD	Pbre1_14G011600	Pbre1_03G050000	Prupe.7G009900.1	14.2374995	0.0044328333333333	25.113448	0.324578844782213	1.0	0.5853566207381109	0.2728778237656573	0.9328676597298868	0.2728281065889528	Neofunctionalization(Child)	Neofunctionalization(Child)	Neofunctionalization(Child)	Neofunctionalization(Child)	classified	Subfunctionalization	discordant
TRD	Pbre1_15G110600	Pbre1_03G068400	Prupe.1G412500.1	34.08083833333333	0.0243841666666666	13.333779166666666	0.5198760374188028	1.0	0.460721399052757	0.168643599369081	0.8468715564797926	0.1679810455845815	Neofunctionalization(Child)	Neofunctionalization(Child)	Neofunctionalization(Child)	Neofunctionalization(Child)	classified	Specialization	discordant
TRD	Pbre1_16G165200	Pbre1_03G148800	Prupe.1G254100.1	17.359029166666666	0.0	28.2068455	0.339708683088858		0.2624680803399489								all_zero_expression_profile	Subfunctionalization	discordant
TRD	Pbre1_10G556600	Pbre1_03G234600	Prupe.4G019600.1	5.660141333333334	0.0	7.743497	0.8730591536843055		0.9190320101407586								all_zero_expression_profile	Subfunctionalization	discordant
TRD	Pbre1_14G326800	Pbre1_03G298200	Prupe.5G170200.1	2.799688333333333	21.77283183333333	22.54164783333333	0.3725813164810103	0.2993077078497548	0.6463824223140857	0.3109236934337485	0.3048457481628037	0.3010563217921447	Conservation	Neofunctionalization(Parent)	Conservation	discordant	classified	Conservation	discordant
TRD	Pbre1_08G316800	Pbre1_03G319800	Prupe.6G192700.1	123.57822233333331	0.1002346666666666	938.3929011666668	0.1736294938676048	0.797046566164154	0.3442239881522885	0.1548054942900416	0.5601032824042597	0.1549264780059681	Neofunctionalization(Child)	Neofunctionalization(Child)	Neofunctionalization(Child)	Neofunctionalization(Child)	classified	Subfunctionalization	discordant
TRD	Pbre1_15G565600	Pbre1_03G319800	Prupe.6G192700.1	285.4909375	0.1002346666666666	938.3929011666668	0.3232327614411468	0.797046566164154	0.3442239881522885	0.0848164994603836	0.5601032824042597	0.0848599560132922	Neofunctionalization(Child)	Neofunctionalization(Child)	Neofunctionalization(Child)	Neofunctionalization(Child)	classified	Subfunctionalization	discordant
TRD	Pbre1_15G671600	Pbre1_03G319800	Prupe.6G192700.1	366.4292358333333	0.1002346666666666	938.3929011666668	0.6523851796347139	0.797046566164154	0.3442239881522885	0.2224994029707918	0.5601032824042597	0.2224036697008576	Neofunctionalization(Child)	Neofunctionalization(Child)	Neofunctionalization(Child)	Neofunctionalization(Child)	classified	Subfunctionalization	discordant
TRD	Pbre1_15G650000	Pbre1_03G331000	Prupe.1G511000.1	164.18630966666666	1.4109143333333334	114.70979966666668	0.5719730099663067	0.5401893582901247	0.6622743578818534	0.264537000698611	0.3827268918133598	0.2641288645545092	Conservation	Neofunctionalization(Child)	Conservation	discordant	classified	Neofunctionalization(Child)	discordant
TRD	Pbre1_05G225000	Pbre1_03G350600	Prupe.8G168500.1	66.15070183333333	1.9140481666666669	151.7668865	0.7269973627909911	0.495438934669618	0.3203339795108152	0.2514401845686151	0.2698642405105715	0.2428150931365029	Conservation	Neofunctionalization(Child)	Conservation	discordant	classified	Conservation	discordant
TRD	Pbre1_05G225000	Pbre1_03G352600	Prupe.8G168500.1	66.15070183333333	0.4779515	151.7668865	0.7269973627909911	0.5517624334432301	0.3203339795108152	0.2514401845686151	0.2647738897885019	0.2497772532036664	Conservation	Neofunctionalization(Child)	Neofunctionalization(Child)	discordant	classified	Conservation	discordant
TRD	Pbre1_09G046200	Pbre1_04G004000	Prupe.3G291100.1	12.225825833333332	33.041807166666665	77.60770116666666	0.4458565650279865	0.3019969984405615	0.6922987260562969	0.3488083724651398	0.2195584563952161	0.2333457518970257	Conservation	Conservation	Conservation	Conservation	classified	Subfunctionalization	discordant
TRD	Pbre1_14G390600	Pbre1_04G038200	Prupe.5G208200.1	78.2369865	1.1337143333333333	489.976979	0.2838254804165862	0.470445098797336	0.366298119375401	0.205466316247241	0.1741327887620693	0.2037889213871959	Conservation	Neofunctionalization(Child)	Conservation	discordant	classified	Subfunctionalization	discordant
TRD	Pbre1_15G112200	Pbre1_04G043000	Prupe.1G414100.1	60.553406	74.02595566666666	220.77607283333333	0.3670848809340531	0.9931585215303564	0.7060522790325362	0.3032614897469708	0.9120827624748484	0.5501245168157192	Neofunctionalization(Child)	Neofunctionalization(Child)	Neofunctionalization(Child)	Neofunctionalization(Child)	classified	Conservation	discordant
TRD	Pbre1_02G315600	Pbre1_04G142400	Prupe.2G147100.1	10.1477595	0.0920488333333333	15.052509833333334	0.5322069341108497	0.7470724996617147	0.8276117914320628	0.4817483368352038	0.5122479745224288	0.4805098670575417	Specialization	Neofunctionalization(Child)	Neofunctionalization(Child)	discordant	classified	Conservation	discordant
TRD	Pbre1_04G384000	Pbre1_04G374200	Prupe.6G349400.1	24.619585166666667	0.3357098333333333	35.351662833333336	0.4865083197540857	0.9107152987370912	0.336789296576802	0.0730774186629491	0.6072793925408724	0.074327876634077	Neofunctionalization(Child)	Neofunctionalization(Child)	Neofunctionalization(Child)	Neofunctionalization(Child)	classified	Conservation	discordant
TRD	Pbre1_13G027200	Pbre1_05G007400	Prupe.1G337000.1	213.213009	2.1433185	237.376202	0.5665710596568093	0.4253200998295813	0.4647766329547703	0.2112236826104592	0.306665745722793	0.2109616968385551	Conservation	Neofunctionalization(Child)	Conservation	discordant	classified	Subfunctionalization	discordant
TRD	Pbre1_12G359200	Pbre1_05G027000	Prupe.6G322000.1	19.89544533333333	0.0	64.70921133333334	0.9589673331217792		0.8863401971157682								all_zero_expression_profile	Conservation	discordant
TRD	Pbre1_10G345600	Pbre1_05G129000	Prupe.4G148700.1	38.35069133333333	0.0298936666666666	59.32098366666666	0.2612966404979436	1.0	0.3670825931023146	0.1365176665282209	0.9322041033159476	0.1365740377510686	Neofunctionalization(Child)	Neofunctionalization(Child)	Neofunctionalization(Child)	Neofunctionalization(Child)	classified	Specialization	discordant
TRD	Pbre1_04G370800	Pbre1_05G209200	Prupe.6G341500.1	38.8981115	0.6910253333333333	90.58698683333334	0.7943600429623813	0.5815608676326255	0.8144474243938307	0.0977457204388757	0.5978211121214412	0.1016118900051951	Neofunctionalization(Child)	Neofunctionalization(Child)	Neofunctionalization(Child)	Neofunctionalization(Child)	classified	Conservation	discordant
TRD	Pbre1_09G484200	Pbre1_05G245000	Prupe.3G004600.1	147.27331283333334	0.1249401666666666	536.1254925000001	0.264172579207462	0.8249966858843687	0.5597858074456823	0.1367248009837984	0.6150702656285431	0.1367169795174357	Neofunctionalization(Child)	Neofunctionalization(Child)	Neofunctionalization(Child)	Neofunctionalization(Child)	classified	Subfunctionalization	discordant
TRD	Pbre1_17G499000	Pbre1_05G245000	Prupe.3G004600.1	76.97740033333334	0.1249401666666666	536.1254925000001	0.5294949265355283	0.8249966858843687	0.5597858074456823	0.2462232223360019	0.6150702656285431	0.2458465291484075	Neofunctionalization(Child)	Neofunctionalization(Child)	Neofunctionalization(Child)	Neofunctionalization(Child)	classified	Subfunctionalization	discordant
TRD	Pbre1_05G262000	Pbre1_05G264400	Prupe.8G183700.1	76.99122916666667	0.6894478333333334	99.96886066666666	0.4854413679113615	0.4763601854281466	0.524998097308403	0.2322459055640696	0.078984349663264	0.2302406159774255	Conservation	Neofunctionalization(Child)	Neofunctionalization(Child)	discordant	classified	Subfunctionalization	discordant
TRD	Pbre1_05G313200	Pbre1_05G331800	Prupe.8G208900.1	141.7147091666667	0.3780903333333333	277.90582866666665	0.3925005743173268	0.9152330250768548	0.4438485693449261	0.2304714316529949	0.5530472574286202	0.2297286969572737	Neofunctionalization(Child)	Neofunctionalization(Child)	Neofunctionalization(Child)	Neofunctionalization(Child)	classified	Subfunctionalization	discordant
TRD	Pbre1_07G428800	Pbre1_05G350800	Prupe.2G288900.1	24.974288166666668	2.6933025	41.432936	0.2603510192205551	0.4169296798678845	0.220760717868846	0.0670399739600543	0.2120002355251568	0.0619159020664832	Conservation	Neofunctionalization(Child)	Conservation	discordant	classified	Subfunctionalization	discordant
TRD	Pbre1_08G023200	Pbre1_05G362600	Prupe.1G364800.1	46.67428816666666	2.2126236666666665	265.92403716666666	0.9081932661357284	0.476273904795133	0.6564294026558246	0.5841251317224107	0.2981547893586612	0.5604564746970713	Neofunctionalization(Parent)	Conservation	Conservation	discordant	classified	Conservation	discordant
TRD	Pbre1_15G686200	Pbre1_05G423800	Prupe.1G528600.1	7.624292666666666	0.244826	29.344175166666663	0.3905076580656098	0.919623685159842	0.4940301629650491	0.2405278140882672	0.4947206616702745	0.2344788320938025	Neofunctionalization(Child)	Neofunctionalization(Child)	Neofunctionalization(Child)	Neofunctionalization(Child)	classified	Conservation	discordant
TRD	Pbre1_17G136200	Pbre1_06G030200	Prupe.3G240300.1	103.141173	0.0	182.211259	0.2679248333394634		0.3619342746172373								all_zero_expression_profile	Subfunctionalization	discordant
TRD	Pbre1_17G337400	Pbre1_06G037800	Prupe.3G060700.1	12.553873333333334	0.4562196666666667	51.58872733333333	0.7346635132394337	0.6353402520354887	0.726622072450265	0.4981317523571806	0.2670880780818571	0.4844061018807319	Neofunctionalization(Parent)	Neofunctionalization(Child)	Neofunctionalization(Child)	discordant	classified	Subfunctionalization	discordant
TRD	Pbre1_06G070400	Pbre1_06G135800	Prupe.5G048100.1	7.3400765	2.3784731666666667	9.945036833333331	0.9982926502688636	0.71218803618347	0.9993986014533782	0.0102972510769692	1.0946273836740832	0.2719975197190235	Neofunctionalization(Child)	Neofunctionalization(Child)	Neofunctionalization(Child)	Neofunctionalization(Child)	classified	Specialization	discordant
TRD	Pbre1_07G403800	Pbre1_06G153600	Prupe.2G275100.1	25.537655	0.0350816666666666	31.2215815	0.4375449259837142	1.0	0.4019495735383768	0.2197664061220596	0.9755663854807696	0.2205155727037886	Neofunctionalization(Child)	Neofunctionalization(Child)	Neofunctionalization(Child)	Neofunctionalization(Child)	classified	Neofunctionalization(Child)	Neofunctionalization(Child)
TRD	Pbre1_11G450600	Pbre1_06G185600	Prupe.4G154500.1	38.800717	0.3596769999999999	87.008241	0.6338737222497924	0.6778518017587517	0.2384066802670729	0.2713491658413748	0.3238911593605158	0.2706588366742105	Conservation	Neofunctionalization(Child)	Neofunctionalization(Child)	discordant	classified	Conservation	discordant
TRD	Pbre1_04G248800	Pbre1_06G199400	Prupe.6G277500.1	207.64366716666663	0.282156	346.0445476666667	0.7094958700391109	0.8272872176478359	0.6536892169882003	0.3033986383077018	0.6335183640213676	0.3033667735907998	Neofunctionalization(Child)	Neofunctionalization(Child)	Neofunctionalization(Child)	Neofunctionalization(Child)	classified	Conservation	discordant
TRD	Pbre1_12G266600	Pbre1_06G379600	Prupe.6G268000.1	0.257074	3.771700333333333	0.5464698333333333	0.942017040037733	0.5890081852733118	0.694320000987048	0.6374794765160565	0.3239938624150101	0.2979572613063109	Neofunctionalization(Parent)	Specialization	Specialization	discordant	classified	Neofunctionalization(Child)	discordant
TRD	Pbre1_10G223600	Pbre1_06G390600	Prupe.8G167300.1	57.163491666666665	2.089804	77.27326783333334	0.2463052578276202	0.542477942234888	0.4119451247574582	0.1475615242743766	0.2470923021723292	0.1500518154274735	Conservation	Conservation	Conservation	Conservation	classified	Neofunctionalization(Child)	discordant
TRD	Pbre1_17G082800	Pbre1_07G003000	Prupe.3G269300.1	6.567388666666667	1.066731	47.30283583333333	0.8608775009040837	0.6438555171636258	0.9622417029925826	0.7609383905673417	0.8825368192716652	0.753481094907972	Specialization	Specialization	Specialization	Specialization	classified	Subfunctionalization	discordant
TRD	Pbre1_07G432400	Pbre1_07G082200	Prupe.2G290700.1	0.4088138333333333	0.011526	0.0	0.6923706057592712	1.0									all_zero_expression_profile	Neofunctionalization(Child)	discordant
TRD	Pbre1_10G218200	Pbre1_07G179600	Prupe.8G164700.1	40.62993866666667	0.0838075	58.484586166666666	0.291932064212919	1.0	0.4074341736967357	0.1789727373665138	1.0374645814823518	0.1796781550656976	Neofunctionalization(Child)	Neofunctionalization(Child)	Neofunctionalization(Child)	Neofunctionalization(Child)	classified	Conservation	discordant
TRD	Pbre1_01G092400	Pbre1_07G274000	Prupe.6G192700.1	322.5795755	0.0	938.3929011666668	0.4185261924344113		0.3442239881522885								all_zero_expression_profile	Neofunctionalization(Parent)	discordant
TRD	Pbre1_08G316800	Pbre1_07G274000	Prupe.6G192700.1	123.57822233333331	0.0	938.3929011666668	0.1736294938676048		0.3442239881522885								all_zero_expression_profile	Subfunctionalization	discordant
TRD	Pbre1_04G413200	Pbre1_07G491000	Prupe.6G364600.1	47.32205866666666	9.022347666666668	74.496942	0.295711352741454	0.559910897998037	0.2728703767312522	0.0824114382949474	0.2305286945551139	0.0953798677286412	Conservation	Conservation	Conservation	Conservation	classified	Neofunctionalization(Parent)	discordant
TRD	Pbre1_17G262600	Pbre1_08G112000	Prupe.3G019200.1	8.300094833333333	1.0620691666666666	47.06823833333333	0.5769787002335365	0.5073175848567658	0.5205932052928449	0.2627911440397734	0.2510671354266956	0.2349344573023156	Conservation	Neofunctionalization(Child)	Neofunctionalization(Child)	discordant	classified	Neofunctionalization(Parent)	discordant
TRD	Pbre1_12G009600	Pbre1_08G186200	Prupe.7G005900.1	49.26367483333333	10.063614	75.73186866666667	0.3663745467750026	0.363806198726481	0.2378534960266169	0.1367824152371584	0.1357037732835246	0.1156586606472738	Conservation	Conservation	Conservation	Conservation	classified	Specialization	discordant
TRD	Pbre1_13G033000	Pbre1_08G253600	Prupe.1G333700.1	18.854343333333333	0.0149338333333333	78.473139	0.2568319990288691	1.0	0.6604649523884696	0.2110721837124134	1.0060526740406428	0.21147670914422	Neofunctionalization(Child)	Neofunctionalization(Child)	Neofunctionalization(Child)	Neofunctionalization(Child)	classified	Subfunctionalization	discordant
TRD	Pbre1_17G037200	Pbre1_08G382200	Prupe.3G295400.1	41.435112333333336	4.073875833333333	141.686806	0.3282212472465282	0.6824687400024856	0.3363624855339689	0.0968727657777206	0.4162192156488173	0.120030627668451	Neofunctionalization(Child)	Neofunctionalization(Child)	Neofunctionalization(Child)	Neofunctionalization(Child)	classified	Neofunctionalization(Parent)	discordant
TRD	Pbre1_16G235800	Pbre1_09G017600	Prupe.1G211500.1	0.6320486666666667	0.0041411666666666	8.514544666666668	0.9760343954442572	1.0	0.7701202356126257	0.9118588184452948	0.8773347693140284	0.9054085996504492	Specialization	Specialization	Specialization	Specialization	classified	Neofunctionalization(Parent)	discordant
TRD	Pbre1_16G009800	Pbre1_09G091800	Prupe.1G346100.1	54.12674016666666	10.700998833333331	147.224921	0.25351300124584	0.4010570820052043	0.5135830959471981	0.1014801002382495	0.1724242977285382	0.109987790779652	Conservation	Conservation	Conservation	Conservation	classified	Subfunctionalization	discordant
TRD	Pbre1_10G034400	Pbre1_09G142400	Prupe.8G027900.1	38.851042	0.0736541666666666	43.41464366666666	0.4674257233682334	0.9515348978421472	0.1890898031237299	0.2342097418042233	0.7843808929458009	0.2347602406439884	Neofunctionalization(Child)	Neofunctionalization(Child)	Neofunctionalization(Child)	Neofunctionalization(Child)	classified	Neofunctionalization(Child)	Neofunctionalization(Child)
TRD	Pbre1_04G248800	Pbre1_09G157200	Prupe.6G277500.1	207.64366716666663	0.0531986666666666	346.0445476666667	0.7094958700391109	1.0	0.6536892169882003	0.3033986383077018	1.0759781495223455	0.303325196765175	Neofunctionalization(Child)	Neofunctionalization(Child)	Neofunctionalization(Child)	Neofunctionalization(Child)	classified	Neofunctionalization(Child)	Neofunctionalization(Child)
TRD	Pbre1_12G282200	Pbre1_09G157200	Prupe.6G277500.1	234.48932433333331	0.0531986666666666	346.0445476666667	0.68456526789501	1.0	0.6536892169882003	0.286717013751353	1.0759781495223455	0.2866811441488749	Neofunctionalization(Child)	Neofunctionalization(Child)	Neofunctionalization(Child)	Neofunctionalization(Child)	classified	Conservation	discordant
TRD	Pbre1_09G370600	Pbre1_09G164800	Prupe.3G088200.1	11.455355666666668	0.0	60.69757666666667	0.5176828083990609		0.6079571332146382								all_zero_expression_profile	Neofunctionalization(Child)	discordant
TRD	Pbre1_09G370600	Pbre1_09G215200	Prupe.3G088200.1	11.455355666666668	0.0253158333333333	60.69757666666667	0.5176828083990609	1.0	0.6079571332146382	0.2696654610165878	0.8907532399111666	0.2701066285591106	Neofunctionalization(Child)	Neofunctionalization(Child)	Neofunctionalization(Child)	Neofunctionalization(Child)	classified	Conservation	discordant
TRD	Pbre1_06G174000	Pbre1_09G309000	Prupe.5G110500.1	38.447992	0.0	40.23787316666667	0.3823019780747654		0.3251385945357299								all_zero_expression_profile	Conservation	discordant
TRD	Pbre1_01G378400	Pbre1_09G325800	Prupe.2G301300.1	6.255502333333333	0.1037176666666666	58.50392683333333	0.8027603241609171	0.9389196083202578	0.9722347585270086	0.7380281227141714	1.1690779168270735	0.7446673068816687	Specialization	Specialization	Specialization	Specialization	classified	Neofunctionalization(Child)	discordant
TRD	Pbre1_16G264800	Pbre1_09G340200	Prupe.1G117200.1	279.8268405	0.0	255.29371883333332	0.5797710611680518		0.5134788271737324								all_zero_expression_profile	Conservation	discordant
TRD	Pbre1_17G130800	Pbre1_09G367600	Prupe.3G243600.1	4.270229333333333	0.0	12.276005666666666	0.1637348517051551		0.5847152139359567								all_zero_expression_profile	Conservation	discordant
TRD	Pbre1_07G023000	Pbre1_09G384400	Prupe.2G017500.1	1.3697011666666667	3.604803833333333	18.035875	0.8402494202024323	0.2436283522362981	0.9715111397800994	0.7145111327468503	0.7323323568229538	0.6877516508856726	Specialization	Specialization	Specialization	Specialization	classified	Conservation	discordant
TRD	Pbre1_01G092400	Pbre1_09G411600	Prupe.6G192700.1	322.5795755	0.4904944999999999	938.3929011666668	0.4185261924344113	0.9585952101569968	0.3442239881522885	0.0989662230614523	0.6759524040180265	0.0987340897542845	Neofunctionalization(Child)	Neofunctionalization(Child)	Neofunctionalization(Child)	Neofunctionalization(Child)	classified	Subfunctionalization	discordant
TRD	Pbre1_08G316800	Pbre1_09G411600	Prupe.6G192700.1	123.57822233333331	0.4904944999999999	938.3929011666668	0.1736294938676048	0.9585952101569968	0.3442239881522885	0.1548054942900416	0.6759524040180265	0.1535343684203822	Neofunctionalization(Child)	Neofunctionalization(Child)	Neofunctionalization(Child)	Neofunctionalization(Child)	classified	Subfunctionalization	discordant
TRD	Pbre1_15G671600	Pbre1_09G411600	Prupe.6G192700.1	366.4292358333333	0.4904944999999999	938.3929011666668	0.6523851796347139	0.9585952101569968	0.3442239881522885	0.2224994029707918	0.6759524040180265	0.2229431710554759	Neofunctionalization(Child)	Neofunctionalization(Child)	Neofunctionalization(Child)	Neofunctionalization(Child)	classified	Subfunctionalization	discordant
TRD	Pbre1_02G181000	Pbre1_09G455200	Prupe.7G177900.1	105.579716	0.0	258.38066200000003	0.6112449806624525		0.550437709705244								all_zero_expression_profile	Subfunctionalization	discordant
TRD	Pbre1_15G421800	Pbre1_09G455200	Prupe.7G177900.1	150.08150283333333	0.0	258.38066200000003	0.544519549735415		0.550437709705244								all_zero_expression_profile	Conservation	discordant
TRD	Pbre1_12G353800	Pbre1_10G014800	Prupe.6G318700.1	68.13599783333333	0.0	204.69646666666668	0.4001689772606739		0.6304894709158411								all_zero_expression_profile	Neofunctionalization(Child)	discordant
TRD	Pbre1_05G578400	Pbre1_10G160800	Prupe.4G016700.1	26.777405	0.4084563333333333	67.58063883333334	0.3369316407575131	0.6101493557521399	0.3665117909829979	0.2031754741595882	0.3518635103796174	0.2017113401436756	Conservation	Neofunctionalization(Child)	Neofunctionalization(Child)	discordant	classified	Neofunctionalization(Child)	discordant
TRD	Pbre1_01G092400	Pbre1_10G270400	Prupe.6G192700.1	322.5795755	0.2822356666666666	938.3929011666668	0.4185261924344113	0.9689263501472342	0.3442239881522885	0.0989662230614523	0.7020807189726487	0.098850873938127	Neofunctionalization(Child)	Neofunctionalization(Child)	Neofunctionalization(Child)	Neofunctionalization(Child)	classified	Neofunctionalization(Child)	Neofunctionalization(Child)
TRD	Pbre1_15G565600	Pbre1_10G270400	Prupe.6G192700.1	285.4909375	0.2822356666666666	938.3929011666668	0.3232327614411468	0.9689263501472342	0.3442239881522885	0.0848164994603836	0.7020807189726487	0.0847727846410627	Neofunctionalization(Child)	Neofunctionalization(Child)	Neofunctionalization(Child)	Neofunctionalization(Child)	classified	Conservation	discordant
TRD	Pbre1_15G671600	Pbre1_10G270400	Prupe.6G192700.1	366.4292358333333	0.2822356666666666	938.3929011666668	0.6523851796347139	0.9689263501472342	0.3442239881522885	0.2224994029707918	0.7020807189726487	0.2227358766619898	Neofunctionalization(Child)	Neofunctionalization(Child)	Neofunctionalization(Child)	Neofunctionalization(Child)	classified	Subfunctionalization	discordant
TRD	Pbre1_09G030400	Pbre1_10G270600	Prupe.3G299300.1	13.6343135	0.0	43.47916416666666	0.4592362903934517		0.6220361953467481								all_zero_expression_profile	Subfunctionalization	discordant
TRD	Pbre1_02G069800	Pbre1_10G347400	Prupe.7G237800.1	120.94317166666669	0.0136188333333333	224.0080275	0.6490383855908715	1.0	0.3737389816024731	0.229501743332317	0.9693304968560044	0.2294652980646957	Neofunctionalization(Child)	Neofunctionalization(Child)	Neofunctionalization(Child)	Neofunctionalization(Child)	classified	Neofunctionalization(Child)	Neofunctionalization(Child)
TRD	Pbre1_08G239400	Pbre1_10G347400	Prupe.7G237800.1	310.5614145	0.0136188333333333	224.0080275	0.6801243889138487	1.0	0.3737389816024731	0.2279194476944169	0.9693304968560044	0.2279091957803669	Neofunctionalization(Child)	Neofunctionalization(Child)	Neofunctionalization(Child)	Neofunctionalization(Child)	classified	Neofunctionalization(Child)	Neofunctionalization(Child)
TRD	Pbre1_15G211200	Pbre1_10G347400	Prupe.7G237800.1	177.06203216666665	0.0136188333333333	224.0080275	0.7141872455869793	1.0	0.3737389816024731	0.2717482638536954	0.9693304968560044	0.2717306026194112	Neofunctionalization(Child)	Neofunctionalization(Child)	Neofunctionalization(Child)	Neofunctionalization(Child)	classified	Neofunctionalization(Parent)	discordant
TRD	Pbre1_13G016400	Pbre1_10G440400	Prupe.1G343600.1	1.1288225	5.5294091666666665	6.975211833333334	0.9191101683053446	0.8462393183354624	0.7706197620536248	0.7693675950042719	0.3897458981343332	0.3500274988177723	Neofunctionalization(Parent)	Specialization	Specialization	discordant	classified	Neofunctionalization(Parent)	discordant
TRD	Pbre1_06G280400	Pbre1_10G592400	Prupe.5G167200.1	35.41316166666667	0.8056288333333333	52.452792	0.4740996381652028	0.6886614285676506	0.3619449304101813	0.071560839613535	0.3997195025614526	0.0685712412407276	Neofunctionalization(Child)	Neofunctionalization(Child)	Neofunctionalization(Child)	Neofunctionalization(Child)	classified	Subfunctionalization	discordant
TRD	Pbre1_03G360000	Pbre1_11G019200	Prupe.4G197400.1	12.636643666666666	0.0	22.563549	0.1889777168656412		0.3005044216415983								all_zero_expression_profile	Subfunctionalization	discordant
TRD	Pbre1_12G396200	Pbre1_11G032000	Prupe.6G341500.1	15.629627333333334	0.0630375	90.58698683333334	0.8630657689707469	1.0	0.8144474243938307	0.1969219724750086	0.5522183515524351	0.1975617938690438	Neofunctionalization(Child)	Neofunctionalization(Child)	Neofunctionalization(Child)	Neofunctionalization(Child)	classified	Subfunctionalization	discordant
TRD	Pbre1_13G322600	Pbre1_11G214800	Prupe.1G013500.1	79.9742165	0.1696026666666666	370.39506416666666	0.5777640733678393	0.6092643494666571	0.4850800748893104	0.1988032460488654	0.3591948035374975	0.1990833110063459	Conservation	Neofunctionalization(Child)	Neofunctionalization(Child)	discordant	classified	Subfunctionalization	discordant
TRD	Pbre1_05G573000	Pbre1_11G360000	Prupe.4G019600.1	4.5660165	0.0	7.743497	0.6121348776074003		0.9190320101407586								all_zero_expression_profile	Subfunctionalization	discordant
TRD	Pbre1_11G354000	Pbre1_12G020000	Prupe.4G214000.1	150.40065183333334	15.581730333333333	34.850022	0.150381200785338	0.3768262886921542	0.4164655446280485	0.1498064505282605	0.2242862732065925	0.1517162190521169	Conservation	Conservation	Conservation	Conservation	classified	Conservation	Conservation
TRD	Pbre1_10G211400	Pbre1_12G065000	Prupe.8G161100.1	502.849839	1.5458411666666667	1545.1851805	0.4119964475865998	0.5424258655386461	0.5354731251123374	0.195189072305302	0.3933871422462282	0.1952504255330533	Neofunctionalization(Child)	Neofunctionalization(Child)	Neofunctionalization(Child)	Neofunctionalization(Child)	classified	Subfunctionalization	discordant
TRD	Pbre1_04G195000	Pbre1_12G143400	Prupe.6G250000.1	30.889023666666667	0.0	50.34676183333333	0.5825072988484934		0.3970205632974629								all_zero_expression_profile	Subfunctionalization	discordant
TRD	Pbre1_14G006800	Pbre1_12G284400	Prupe.7G005900.1	51.014483166666665	0.0097008333333333	75.73186866666667	0.1589013602530811	1.0	0.2378534960266169	0.0979851752517571	0.9591813154201964	0.0981078203949126	Neofunctionalization(Child)	Neofunctionalization(Child)	Neofunctionalization(Child)	Neofunctionalization(Child)	classified	Specialization	discordant
TRD	Pbre1_08G008000	Pbre1_12G291200	Prupe.1G356300.1	16.341358666666665	0.5646596666666667	10.1501805	0.3313145991734265	0.4240745978615982	0.5945419373657316	0.1887993668941815	0.16416832494122	0.1843947401046499	Conservation	Neofunctionalization(Child)	Neofunctionalization(Child)	discordant	classified	Subfunctionalization	discordant
TRD	Pbre1_14G239800	Pbre1_12G303600	Prupe.5G125200.1	35.52540616666667	0.0	50.495273833333336	0.5571537385071246		0.3910253538493909								all_zero_expression_profile	Conservation	discordant
TRD	Pbre1_14G368000	Pbre1_12G310800	Prupe.5G193900.1														missing_expression_record		discordant
TRD	Pbre1_05G418400	Pbre1_13G039200	Prupe.4G112700.1	102.28288316666666	0.0	109.32691066666666	0.8188476966763082		0.5872630786723037								all_zero_expression_profile	Subfunctionalization	discordant
TRD	Pbre1_16G033200	Pbre1_13G067600	Prupe.1G334400.1	9.993830333333332	0.2059875	117.95627533333334	0.4380460665671406	0.8542044961739155	0.7434388842562512	0.4437978264335109	0.2379279681697017	0.4344307890254809	Neofunctionalization(Parent)	Neofunctionalization(Child)	Neofunctionalization(Child)	discordant	classified	Specialization	discordant
TRD	Pbre1_16G158400	Pbre1_13G096400	Prupe.1G258300.1	2.2359283333333333	0.0489076666666666	16.0832115	0.5207234102236024	0.8237751209974679	0.7130083814668057	0.2320956883445428	0.655860549282195	0.240672658703801	Neofunctionalization(Child)	Specialization	Neofunctionalization(Child)	discordant	classified	Subfunctionalization	discordant
TRD	Pbre1_11G477400	Pbre1_13G213200	Prupe.8G241500.1	8.075234833333333	0.6339871666666667	107.93226783333331	0.324290094644408	0.6022424220043355	0.6231398663622967	0.2673947941275639	0.2126925137700467	0.2483743849172421	Conservation	Neofunctionalization(Child)	Neofunctionalization(Child)	discordant	classified	Subfunctionalization	discordant
TRD	Pbre1_16G111000	Pbre1_13G328200	Prupe.1G286500.1	28.39101383333333	5.327665	45.271767833333335	0.7899671105622483	0.2191152303688353	0.6850320275977323	0.4758222366421976	0.2302803722382696	0.4282373195189943	Neofunctionalization(Parent)	Conservation	Conservation	discordant	classified	Subfunctionalization	discordant
TRD	Pbre1_01G143600	Pbre1_13G346200	Prupe.2G170600.1	5.5924365	0.0	4.766368666666667	0.1621711977663926		0.6066416306341448								all_zero_expression_profile	Subfunctionalization	discordant
TRD	Pbre1_17G046600	Pbre1_13G377600	Prupe.3G291100.1	22.3746	26.822085666666663	77.60770116666666	0.5131448016411144	0.372106319374817	0.6922987260562969	0.3945640644413076	0.1923439557232828	0.2748258269261688	Neofunctionalization(Parent)	Conservation	Conservation	discordant	classified	Conservation	discordant
TRD	Pbre1_13G284600	Pbre1_13G422800	Prupe.1G136500.1	6.799968166666667	0.0662261666666666	15.202060333333334	0.82687038724359	0.8842112373837718	0.6719591305445498	0.1794822456626716	0.6899909353165719	0.1725671383949733	Neofunctionalization(Child)	Neofunctionalization(Child)	Neofunctionalization(Child)	Neofunctionalization(Child)	classified	Conservation	discordant
TRD	Pbre1_04G392400	Pbre1_13G430800	Prupe.6G354100.1	1.4150888333333334	0.0103703333333333	74.0202905	0.902062203681915	1.0	0.7214884785243829	0.5603676186745767	1.143374678670494	0.5597352997759891	Specialization	Specialization	Specialization	Specialization	classified	Subfunctionalization	discordant
TRD	Pbre1_15G743800	Pbre1_14G158200	Prupe.1G564500.1	8.462806666666667	0.0317165	12.709991333333331	0.5816626856238587	0.8570756672012687	0.2773597031675645	0.2259802171108504	0.6117098490261568	0.2241447753485559	Neofunctionalization(Child)	Neofunctionalization(Child)	Neofunctionalization(Child)	Neofunctionalization(Child)	classified	Neofunctionalization(Child)	Neofunctionalization(Child)
TRD	Pbre1_05G324400	Pbre1_14G197600	Prupe.8G214700.1	51.963265666666665	0.0	93.00793583333332	0.4275069479990687		0.2975327040271504								all_zero_expression_profile	Subfunctionalization	discordant
TRD	Pbre1_05G497000	Pbre1_14G370800	Prupe.4G066000.1	20.5714975	0.0207406666666666	37.90339	0.6643614055310488	1.0	0.7744135376040503	0.505586124806555	1.1283494911771437	0.5060998564704693	Specialization	Neofunctionalization(Child)	Neofunctionalization(Child)	discordant	classified	Subfunctionalization	discordant
TRD	Pbre1_08G069200	Pbre1_15G075800	Prupe.1G387900.1	17.809914166666665	16.924058	112.10687783333331	0.6171592397518513	0.5455539403132597	0.6198281623680765	0.1276154893557829	0.2703574558601601	0.1451529863893603	Conservation	Conservation	Conservation	Conservation	classified	Subfunctionalization	discordant
TRD	Pbre1_12G203000	Pbre1_15G320000	Prupe.6G235900.1	99.22314483333334	2.6599233333333334	302.24619666666666	0.5790332883599072	0.8088035465578868	0.8709614273542311	0.3271093958732308	0.6800814620671134	0.3345920904380083	Neofunctionalization(Child)	Neofunctionalization(Child)	Neofunctionalization(Child)	Neofunctionalization(Child)	classified	Subfunctionalization	discordant
TRD	Pbre1_02G016800	Pbre1_15G326200	Prupe.7G264100.1	59.50361866666666	0.0	169.502665	0.424235394126272		0.4847806769596361								all_zero_expression_profile	Conservation	discordant
TRD	Pbre1_15G268800	Pbre1_15G326400	Prupe.7G264100.1	98.7878435	0.0047894999999999	169.502665	0.2374952046447609	1.0	0.4847806769596361	0.1649582040958755	0.7963626956074795	0.1649226283132161	Neofunctionalization(Child)	Neofunctionalization(Child)	Neofunctionalization(Child)	Neofunctionalization(Child)	classified	Conservation	discordant
TRD	Pbre1_13G273800	Pbre1_15G378800	Prupe.1G130000.1	20.2463535	3.377003166666667	27.690005	0.2370413390564254	0.6180833961933063	0.5212019275181559	0.1846659100781748	0.3202697432524758	0.1887662906372552	Conservation	Neofunctionalization(Child)	Conservation	discordant	classified	Subfunctionalization	discordant
TRD	Pbre1_05G313200	Pbre1_15G490800	Prupe.8G208900.1	141.7147091666667	0.0	277.90582866666665	0.3925005743173268		0.4438485693449261								all_zero_expression_profile	Subfunctionalization	discordant
TRD	Pbre1_15G743800	Pbre1_15G498400	Prupe.1G564500.1	8.462806666666667	0.0	12.709991333333331	0.5816626856238587		0.2773597031675645								all_zero_expression_profile	Conservation	discordant
TRD	Pbre1_12G418000	Pbre1_15G564200	Prupe.6G354100.1	11.014410333333334	0.0	74.0202905	0.9115149080654998		0.7214884785243829								all_zero_expression_profile	Specialization	discordant
TRD	Pbre1_15G253000	Pbre1_15G627000	Prupe.7G271300.1	246.392804	0.0113336666666666	429.46984183333336	0.3814796160269865	1.0	0.7373099594567976	0.3456679223672769	1.0124050732267729	0.3456756775674861	Neofunctionalization(Child)	Neofunctionalization(Child)	Neofunctionalization(Child)	Neofunctionalization(Child)	classified	Conservation	discordant
TRD	Pbre1_14G032000	Pbre1_15G779200	Prupe.7G114700.1	148.91808566666666	0.1416163333333333	275.3101301666667	0.4029484702398648	0.427750865680866	0.5741034162420151	0.2393412727172659	0.2717540345892451	0.239278806935187	Conservation	Neofunctionalization(Child)	Neofunctionalization(Child)	discordant	classified	Conservation	discordant
TRD	Pbre1_04G248800	Pbre1_15G783200	Prupe.6G277500.1	207.64366716666663	0.0	346.0445476666667	0.7094958700391109		0.6536892169882003								all_zero_expression_profile	Subfunctionalization	discordant
TRD	Pbre1_16G338200	Pbre1_16G083600	Prupe.1G019500.1	114.57634183333334	0.0261653333333333	515.9787653333333	0.4125901596330049	0.9133194550965996	0.6388061435531494	0.1850878992187767	0.6494187204097798	0.1850349317018797	Neofunctionalization(Child)	Neofunctionalization(Child)	Neofunctionalization(Child)	Neofunctionalization(Child)	classified	Specialization	discordant
TRD	Pbre1_10G169600	Pbre1_16G324400	Prupe.8G134300.1	13.0282615	0.0	153.484974	0.5803167718899928		0.440460739392803								all_zero_expression_profile	Subfunctionalization	discordant
TRD	Pbre1_15G518200	Pbre1_16G392800	Prupe.6G225900.1	32.20332333333334	0.0148661666666666	68.405986	0.3910479010152473	1.0	0.4817740665063288	0.2580350324474041	0.9865669877773268	0.2581428353250782	Neofunctionalization(Child)	Neofunctionalization(Child)	Neofunctionalization(Child)	Neofunctionalization(Child)	classified	Subfunctionalization	discordant
TRD	Pbre1_01G410200	Pbre1_16G403200	Prupe.2G316400.1	197.47304166666663	1.4438428333333333	198.45260666666667	0.5985237646487898	0.76950449115224	0.5509234103881842	0.2319337403854045	0.3213310414376804	0.2317205879799647	Conservation	Neofunctionalization(Child)	Neofunctionalization(Child)	discordant	classified	Conservation	discordant
TRD	Pbre1_14G054000	Pbre1_17G173400	Prupe.7G101500.1	4.340689833333333	0.0	27.250482833333333	0.335435853327628		0.6164154013634577								all_zero_expression_profile	Neofunctionalization(Child)	discordant
TRD	Pbre1_01G155400	Pbre1_17G396200	Prupe.2G176900.1	3.5316405	0.7746438333333333	50.0016085	0.9135734157393725	0.5347560831608033	0.9936616479216768	0.3607228743775352	1.0504596217619493	0.4655340443236474	Neofunctionalization(Child)	Specialization	Specialization	discordant	classified	Subfunctionalization	discordant
TRD	Pbre1_12G197200	Pbre1_17G409200	Prupe.6G233700.1	117.686528	0.0	208.97293733333333	0.4520268658385643		0.2673102271025126								all_zero_expression_profile	Conservation	discordant
TRD	Pbre1_04G160400	Pbre1_17G409400	Prupe.6G233700.1	152.74144783333332	0.0	208.97293733333333	0.4938100273895299		0.2673102271025126								all_zero_expression_profile	Neofunctionalization(Child)	discordant
