duplication_type	parent	child	ancestor	parent_mean_TPM	child_mean_TPM	ancestor_mean_TPM	parent_tau	child_tau	ancestor_tau	E_P_A	E_C_A	E_PC_A	CDROM_class	binary_TPM1_class	binary_TPM0.5_class	two_method_agreement	analysis_status
TD	Pbre1_01G053000	Pbre1_01G053200	Prupe.6G168100.1	18.8523165	36.842279166666664	11.660157333333334	0.4254065097507523	0.646061390939151	0.6184477827644164	0.2744777853277595	0.31008770504162037	0.28331552470927635	Conservation	Conservation	Conservation	Conservation	classified
TD	Pbre1_01G108000	Pbre1_01G108200	Prupe.6G208400.1	0.005444833333333333	2.8320555	2.8844925	1.0	0.9476830303458221	0.7176814370549925	1.1149887158412184	0.9491891975870993	0.9479294879322028	Specialization	Specialization	Specialization	Specialization	classified
TD	Pbre1_01G113200	Pbre1_01G113400	Prupe.6G210700.1	16.326802333333333	10.288459166666666	11.971323833333333	0.6547138402814111	0.5510368040577733	0.44708655136268344	0.27400167399053743	0.2552179508274183	0.2629260019947878	Conservation	Conservation	Conservation	Conservation	classified
TD	Pbre1_01G113600	Pbre1_01G113800	Prupe.6G210900.1	8.377898	0.0	117.51408133333334	0.48591328616214274	NA	0.9185178529488265	NA	NA	NA	NA	NA	NA	NA	all_zero_expression_profile
TD	Pbre1_01G115400	Pbre1_01G115600	Prupe.6G211700.1	0.9255691666666667	10.501929166666667	3.4803065	0.5411217060030207	0.5287112227494836	0.8716555429074055	0.5113676820852688	0.5694402367469601	0.5609554963910529	Specialization	Specialization	Specialization	Specialization	classified
TD	Pbre1_01G135600	Pbre1_01G135800	Prupe.2G165900.1	0.0	0.09874266666666667	0.224702	NA	0.6713565507580016	0.9697941620920167	NA	NA	NA	NA	NA	NA	NA	all_zero_expression_profile
TD	Pbre1_01G152000	Pbre1_01G152200	Prupe.2G174300.1	44.85412216666667	0.30860583333333336	2.450424	0.9999917239410241	0.9334990896595399	0.9968801913085151	0.020668793498868538	1.1236091718172245	0.01285404154090237	Neofunctionalization(Child)	Neofunctionalization(Child)	Neofunctionalization(Child)	Neofunctionalization(Child)	classified
TD	Pbre1_01G175000	Pbre1_01G175200	Prupe.2G189100.1	NA	NA	NA	NA	NA	NA	NA	NA	NA	NA	NA	NA	NA	missing_expression_record
TD	Pbre1_01G186000	Pbre1_01G186200	Prupe.2G195300.1	3.2156468333333335	0.12463199999999999	9.7732795	0.9945200171955026	0.9493662867571278	0.9733587020447281	0.136190999217149	0.17553880504689523	0.1320680158561886	Conservation	Specialization	Specialization	discordant	classified
TD	Pbre1_01G188200	Pbre1_01G188400	Prupe.2G196600.1	0.8305648333333334	0.23148400000000002	1.0423971666666667	0.934732669409447	0.9422306109779489	0.9994748319293851	0.34117680142032536	0.30557852443670347	0.33334650353689965	Conservation	Neofunctionalization(Parent)	Neofunctionalization(Parent)	discordant	classified
TD	Pbre1_01G191200	Pbre1_01G191400	Prupe.2G198700.1	4.362407	13.411175166666666	37.93001966666667	0.9982639695352447	0.7556969692585919	0.8750304681982037	0.4143133171843665	0.5923909963225398	0.3675955164311235	Subfunctionalization	Neofunctionalization(Parent)	Neofunctionalization(Parent)	discordant	classified
TD	Pbre1_01G222000	Pbre1_01G222200	Prupe.2G214400.1	52.15242933333333	2.4129051666666665	104.34792566666667	0.6854485477613877	0.6866448664773867	0.2919813162848868	0.20034291296906748	0.4372055014970932	0.18432940914541895	Neofunctionalization(Child)	Neofunctionalization(Child)	Neofunctionalization(Child)	Neofunctionalization(Child)	classified
TD	Pbre1_01G227800	Pbre1_01G228000	Prupe.2G218000.1	0.19297866666666666	0.2075795	1.4349275	0.9562538944744775	0.7242548558986994	0.8386666756200158	0.8617516214837591	0.7728322481596547	0.7633154028518118	Specialization	Specialization	Specialization	Specialization	classified
TD	Pbre1_01G242200	Pbre1_01G242400	Prupe.2G227500.1	11.167723166666667	24.745118166666668	37.65436666666667	0.6290536889270923	0.4989308072990177	0.48718978229486004	0.36983650526377176	0.11519173264552802	0.15338754408932112	Conservation	Conservation	Conservation	Conservation	classified
TD	Pbre1_01G249400	Pbre1_01G249600	Prupe.2G231700.1	13.634090500000001	36.140987	45.825050833333336	0.49916390527878046	0.5051389108234525	0.7109811554187225	0.2907864970454507	0.20988657042771136	0.21547098609055446	Conservation	Conservation	Conservation	Conservation	classified
TD	Pbre1_01G253400	Pbre1_01G253600	Prupe.2G234200.1	0.7838878333333333	0.8544605	0.3555775	0.6547139099152158	0.7161057311133764	0.7836897769625539	0.5105356504828488	0.5211612894030386	0.514096987052516	Specialization	Specialization	Specialization	Specialization	classified
TD	Pbre1_01G260400	Pbre1_01G260600	Prupe.2G238700.1	25.471503000000002	6.5294585000000005	5.559367	0.4964730276369386	0.44726067489887467	0.5249404322633857	0.311582683816162	0.34283289136373524	0.3093999091026408	Conservation	Conservation	Conservation	Conservation	classified
TD	Pbre1_01G293600	Pbre1_01G293400	Prupe.2G256600.1	0.006642166666666667	10.602192833333334	36.214368666666665	1.0	0.7518759429308064	0.7974207167012572	1.1091115521762418	0.22134854548051566	0.22162954525414352	Neofunctionalization(Parent)	Neofunctionalization(Parent)	Neofunctionalization(Parent)	Neofunctionalization(Parent)	classified
TD	Pbre1_01G294600	Pbre1_01G294800	Prupe.2G257400.1	0.8203463333333333	3.0422365	11.051228833333333	0.9456713663152696	0.9513758564433861	0.9535371551418514	1.0329865142296946	1.0468288592068913	1.0438288452677016	Specialization	Specialization	Specialization	Specialization	classified
TD	Pbre1_01G310800	Pbre1_01G311000	Prupe.2G265800.1	5.365671	1.833558	6.1122985	0.8969123809271864	0.8602984653393271	0.6117000240140176	0.3674742745137896	0.3654410511215176	0.3586228969223285	Conservation	Neofunctionalization(Child)	Specialization	discordant	classified
TD	Pbre1_01G336400	Pbre1_01G336600	Prupe.2G279700.1	0.0	59.267171	148.79454466666667	NA	0.9385218043514065	0.7803067439304774	NA	NA	NA	NA	NA	NA	NA	all_zero_expression_profile
TD	Pbre1_01G337000	Pbre1_01G337200	Prupe.2G280000.1	NA	NA	NA	NA	NA	NA	NA	NA	NA	NA	NA	NA	NA	missing_expression_record
TD	Pbre1_01G342200	Pbre1_01G342400	Prupe.2G283100.1	13.2247115	2.5775205	10.682814	0.40468956732915756	0.6852744224360655	0.47407318649343544	0.18945096662522726	0.33800757908546913	0.1886585660773028	Conservation	Conservation	Conservation	Conservation	classified
TD	Pbre1_01G345000	Pbre1_01G345200	Prupe.2G285300.1	3.471900666666667	4.0468045	4.2310035	0.9242082012278594	0.6601351995091578	0.6537703926842389	0.543967929027562	0.3312323859909766	0.3817221618939653	Neofunctionalization(Parent)	Specialization	Specialization	discordant	classified
TD	Pbre1_01G350400	Pbre1_01G350600	Prupe.2G287500.1	14.053873833333334	3.7917871666666665	27.727636	0.9239449628579974	0.9014309467815934	0.6910571518463224	0.49612142878979537	0.49230482186254276	0.4916941406764972	Specialization	Specialization	Specialization	Specialization	classified
TD	Pbre1_01G364800	Pbre1_01G365000	Prupe.2G294100.1	254.47423833333332	21.290657666666668	147.17056633333334	0.9199354994768086	0.5379120238516382	0.44410350830172785	0.7186960665213752	0.39595268233188613	0.6814540478871398	Specialization	Specialization	Specialization	Specialization	classified
TD	Pbre1_01G379000	Pbre1_01G379200	Prupe.2G301600.1	69.839726	480.2033896666667	372.45157216666666	0.9351134398654232	0.8287798905008001	0.5248515730349642	0.5990303477080804	0.35014659852459645	0.38169201351834353	Neofunctionalization(Parent)	Conservation	Conservation	discordant	classified
TD	Pbre1_01G380200	Pbre1_01G380400	Prupe.2G301900.1	11.703598833333334	0.3389265	3.8349761666666664	0.34507803725230035	0.8000269460135634	0.8385109512146209	0.44215714644206877	0.5083873938640173	0.4361382849697693	Specialization	Specialization	Neofunctionalization(Child)	Specialization	classified
TD	Pbre1_01G386400	Pbre1_01G386600	Prupe.2G304800.1	0.10579983333333334	0.08015699999999999	0.317308	0.7821821604401968	1.0	0.9548140578486694	0.6156948534157093	0.21024426787524592	0.28986521804017723	Neofunctionalization(Parent)	Specialization	Specialization	discordant	classified
TD	Pbre1_01G409600	Pbre1_01G409800	Prupe.2G316300.1	102.64653583333333	252.77440983333335	209.78684866666666	0.4262226927973344	0.6769814777902242	0.7139157035245883	0.328042024760424	0.4930367940993577	0.42583670550235775	Neofunctionalization(Child)	Conservation	Conservation	discordant	classified
TD	Pbre1_01G415000	Pbre1_01G415200	Prupe.2G319700.1	0.22561833333333334	349.16685133333334	72.25221166666667	0.5827849474867264	0.7581345436534302	0.9552167971404957	0.6466252001329899	0.4871294259408433	0.487167902001743	Specialization	Neofunctionalization(Parent)	Neofunctionalization(Parent)	discordant	classified
TD	Pbre1_01G415600	Pbre1_01G415800	Prupe.2G319900.1	86.15513566666667	99.87801316666668	59.974001666666666	0.6593751730531667	0.5190908065715498	0.48647570256147893	0.42861641154598984	0.19150002910715158	0.29653682822884236	Neofunctionalization(Parent)	Conservation	Conservation	discordant	classified
TD	Pbre1_01G418000	Pbre1_01G418200	Prupe.2G321300.1	10.122182166666667	0.6251776666666666	33.2349495	0.5808371464927606	0.511544052329807	0.6221842300910457	0.2761715091358267	0.2031833029627776	0.2676194759066394	Conservation	Neofunctionalization(Child)	Neofunctionalization(Child)	discordant	classified
TD	Pbre1_01G423000	Pbre1_01G423200	Prupe.2G323600.1	21.225355333333333	1.0379726666666667	47.98377683333333	0.8468083260041859	0.7106766519124615	0.641479572701873	0.3012084952759965	0.2716438338505778	0.2971839227571357	Conservation	Specialization	Neofunctionalization(Child)	discordant	classified
TD	Pbre1_01G425600	Pbre1_01G425800	Prupe.2G325000.1	4.74269	0.019038833333333335	3.0716696666666667	0.9613234305746572	0.8530297967985906	0.9706853694982349	1.1549601135113738	0.7186486537789901	1.1516277571871882	Specialization	Specialization	Specialization	Specialization	classified
TD	Pbre1_01G426000	Pbre1_01G426200	Prupe.2G325200.1	15.7906985	1.7262151666666665	4.300917	0.7608973287665709	0.8249828554959089	0.997860179539438	1.1563386698924827	0.5307914286413687	1.0869843978711544	Specialization	Specialization	Specialization	Specialization	classified
TD	Pbre1_02G022800	Pbre1_02G023000	Prupe.7G260600.1	149.9876925	89.61400083333334	371.63694383333336	0.5329351580709265	0.6061103825674151	0.6989951908948633	0.3570339690526853	0.3142787138306943	0.32855579888128017	Conservation	Conservation	Conservation	Conservation	classified
TD	Pbre1_02G044200	Pbre1_02G044400	Prupe.7G250300.1	54.06061366666666	10.134673333333334	101.18939633333333	0.7133984703804446	0.6135071128901616	0.4821897964563687	0.1674456942182501	0.3126413981270696	0.12650838050453636	Conservation	Conservation	Conservation	Conservation	classified
TD	Pbre1_02G047200	Pbre1_02G047400	Prupe.7G249000.1	25.457021166666667	0.0	14.640231833333333	0.3059346870794494	NA	0.4909109526933535	NA	NA	NA	NA	NA	NA	NA	all_zero_expression_profile
TD	Pbre1_02G054600	Pbre1_02G054800	Prupe.7G245600.1	48.6116115	1.099708	23.212915666666667	0.4826992970693523	0.8257228445129161	0.44039254763032487	0.3143762720496001	0.49344436079068604	0.3124859593781841	Neofunctionalization(Child)	Neofunctionalization(Child)	Neofunctionalization(Child)	Neofunctionalization(Child)	classified
TD	Pbre1_02G067000	Pbre1_02G067200	Prupe.7G239200.1	0.16075383333333335	4.685459333333333	178.19022333333334	1.0	0.9805105872569726	0.9329541003564646	0.318227442918467	0.24605575402553387	0.24790095044625132	Conservation	Specialization	Specialization	discordant	classified
TD	Pbre1_02G078800	Pbre1_02G079000	Prupe.7G233700.1	13.600349666666666	3.988252	111.6763615	0.323327295620187	0.565703473182268	0.2841679582820868	0.20933597623277742	0.2652085276306047	0.15878716580110255	Conservation	Conservation	Conservation	Conservation	classified
TD	Pbre1_02G084800	Pbre1_02G085000	Prupe.7G230700.1	0.0	0.41452249999999996	2.139426	NA	0.9164628984993414	0.38181171521448143	NA	NA	NA	NA	NA	NA	NA	all_zero_expression_profile
TD	Pbre1_02G087800	Pbre1_02G088000	Prupe.7G229100.1	0.9637425000000001	18.116115999999998	229.28481200000002	0.7596086598404526	0.46951481439752774	0.7398122769669232	0.5390474313085145	0.4768198124249293	0.4747578701141452	Specialization	Specialization	Specialization	Specialization	classified
TD	Pbre1_02G096600	Pbre1_02G096800	Prupe.7G224300.1	0.7277176666666667	2.865670833333333	7.303220333333334	0.9836459494680719	1.0	0.9663248594921156	0.15918882496436	0.1971111438786177	0.18647173567541653	Conservation	Specialization	Specialization	discordant	classified
TD	Pbre1_02G122200	Pbre1_02G122400	Prupe.7G211000.1	0.436142	10.228184666666667	45.11553983333333	0.910645892144537	0.5595927297013146	0.548409781674996	0.4459518830348828	0.26902640212955614	0.24791991568852134	Neofunctionalization(Parent)	Neofunctionalization(Parent)	Neofunctionalization(Parent)	Neofunctionalization(Parent)	classified
TD	Pbre1_02G126600	Pbre1_02G126800	Prupe.7G208200.1	5.721657333333333	17.838638333333336	54.28134816666667	0.7085780468586556	0.843105175303287	0.5067435554566423	0.1483321796488076	0.31704973455648283	0.26901222753089643	Conservation	Conservation	Conservation	Conservation	classified
TD	Pbre1_02G131000	Pbre1_02G131200	Prupe.7G205500.1	3.6172501666666665	7.722138	2.6548918333333336	0.9978501148575665	0.6164035510173929	0.8669507492502166	1.1296512443458406	0.5703215501222982	0.7173823137551011	Specialization	Specialization	Specialization	Specialization	classified
TD	Pbre1_02G148000	Pbre1_02G148200	Prupe.7G195700.1	0.06318966666666667	99.661731	77.025243	0.9431314363143631	0.5858320837016341	0.7639213590630337	0.875793749539305	0.21061763832454575	0.21074510456746356	Neofunctionalization(Parent)	Neofunctionalization(Parent)	Neofunctionalization(Parent)	Neofunctionalization(Parent)	classified
TD	Pbre1_02G155200	Pbre1_02G155400	Prupe.7G192300.1	7.213814666666667	11.450084333333333	734.4942691666666	0.6235293671079787	0.9772360058995384	0.8190045216622976	0.5256617506761703	1.0200961339938033	0.7782884709816357	Specialization	Neofunctionalization(Child)	Neofunctionalization(Child)	discordant	classified
TD	Pbre1_02G157800	Pbre1_02G158000	Prupe.7G191400.1	0.14829516666666667	0.0	0.0	0.8863137669663317	NA	NA	NA	NA	NA	NA	NA	NA	NA	all_zero_expression_profile
TD	Pbre1_02G162400	Pbre1_02G162600	Prupe.7G188800.1	9.079775333333334	0.014707	70.59046533333333	0.8427587913643325	1.0	0.9437541510015663	0.9180012101706483	1.2323795507699666	0.9175255315626873	Specialization	Specialization	Specialization	Specialization	classified
TD	Pbre1_02G178800	Pbre1_02G179000	Prupe.7G178500.1	28.047089500000002	46.171872	306.85557316666666	0.6042809879398454	0.9368685762595484	0.594654848761448	0.38536452901264745	0.6138864604903733	0.47485090025388377	Neofunctionalization(Child)	Conservation	Conservation	discordant	classified
TD	Pbre1_02G190800	Pbre1_02G191000	Prupe.7G172300.1	0.25749266666666665	0.0032133333333333332	5.0942015	0.9803477428843793	1.0	0.7069776103393177	0.6362359928245022	1.022165580820062	0.6258914490137168	Specialization	Specialization	Specialization	Specialization	classified
TD	Pbre1_02G194200	Pbre1_02G194400	Prupe.7G170500.1	0.37013766666666664	0.15069216666666668	13.9546125	0.9779751264671186	0.9622007958613107	0.7157253795722689	1.02096770948575	1.0095788718288967	1.0143772977080268	Specialization	Specialization	Specialization	Specialization	classified
TD	Pbre1_02G213600	Pbre1_02G213800	Prupe.7G161200.1	88.34148333333333	283.6618315	34.4601685	0.9588107364787349	0.7751276402168559	0.8386105019281616	0.832299913489547	0.522180705324845	0.5112401816448618	Specialization	Specialization	Conservation	Specialization	classified
TD	Pbre1_02G223800	Pbre1_02G224000	Prupe.7G155900.1	0.286829	0.2114835	7.419662666666667	0.588733850129199	0.5493949772860118	0.9294723909678441	0.6257620059872678	0.5157717214417883	0.5693664243560936	Specialization	Specialization	Specialization	Specialization	classified
TD	Pbre1_02G237200	Pbre1_02G237400	Prupe.7G148800.1	57.66014666666667	70.09130283333333	189.54910333333333	0.3012361297064994	0.4432080389700846	0.4123541298209078	0.19209905074936956	0.1074464077105611	0.12385664068996495	Conservation	Conservation	Conservation	Conservation	classified
TD	Pbre1_02G288200	Pbre1_02G288400	Prupe.6G220400.1	0.23860783333333332	0.0	22.828807166666667	1.0	NA	0.348748587893209	NA	NA	NA	NA	NA	NA	NA	all_zero_expression_profile
TD	Pbre1_02G311800	Pbre1_02G312000	Prupe.2G149200.1	0.0	0.0	12.947399333333333	NA	NA	0.5835353335162468	NA	NA	NA	NA	NA	NA	NA	all_zero_expression_profile
TD	Pbre1_02G318600	Pbre1_02G318800	Prupe.2G145200.1	NA	NA	NA	NA	NA	NA	NA	NA	NA	NA	NA	NA	NA	missing_expression_record
TD	Pbre1_02G321600	Pbre1_02G321800	Prupe.2G143700.1	6.851122	40.95107483333334	94.12495566666666	0.7208128201562314	0.5363320353072355	0.4499594197640839	0.26583444143363394	0.1919598627993832	0.18615912262808937	Conservation	Conservation	Conservation	Conservation	classified
TD	Pbre1_02G348000	Pbre1_02G348200	Prupe.2G125900.1	0.0	48.34067616666667	51.60963066666667	NA	0.18910588268958137	0.4497462999660584	NA	NA	NA	NA	NA	NA	NA	all_zero_expression_profile
TD	Pbre1_02G350200	Pbre1_02G350400	Prupe.2G123200.1	NA	NA	NA	NA	NA	NA	NA	NA	NA	NA	NA	NA	NA	missing_expression_record
TD	Pbre1_02G373800	Pbre1_02G374000	Prupe.2G106200.1	2.4565516666666665	0.019519166666666667	34.00651316666667	0.9645421028093407	1.0	0.809218020451086	0.9913089904025914	1.154069428674682	0.992567560250225	Specialization	Specialization	Specialization	Specialization	classified
TD	Pbre1_02G374800	Pbre1_02G375000	Prupe.2G105100.1	NA	NA	NA	NA	NA	NA	NA	NA	NA	NA	NA	NA	NA	missing_expression_record
TD	Pbre1_02G381800	Pbre1_02G382000	Prupe.2G101300.1	15.175706166666666	5.362247833333334	39.32912	0.17340316798339486	0.8439969137202683	0.44794696208774953	0.2519981174061981	0.6464340922810731	0.33757290787250543	Neofunctionalization(Child)	Neofunctionalization(Child)	Neofunctionalization(Child)	Neofunctionalization(Child)	classified
TD	Pbre1_02G383000	Pbre1_02G383200	Prupe.2G099900.1	0.10511266666666666	22.871341666666666	61.91795283333334	0.8654442832400144	0.5326514834089832	0.6300626108857084	0.6268633005629721	0.3280699120931916	0.3276303259222897	Neofunctionalization(Parent)	Neofunctionalization(Parent)	Neofunctionalization(Parent)	Neofunctionalization(Parent)	classified
TD	Pbre1_02G385600	Pbre1_02G385800	Prupe.2G097200.1	0.23908366666666667	0.025948	1.6882295	0.7559277907709262	0.8679116495845909	0.968030720758909	0.984210773464318	1.0515862650378809	0.9809625895693377	Specialization	Specialization	Specialization	Specialization	classified
TD	Pbre1_02G424600	Pbre1_02G424800	Prupe.2G058400.1	109.29561666666666	0.05886583333333333	159.32696033333332	0.46904996364804463	0.8839672867509553	0.33308021497514284	0.22080676548315767	0.556261886359813	0.22064403480621186	Neofunctionalization(Child)	Neofunctionalization(Child)	Neofunctionalization(Child)	Neofunctionalization(Child)	classified
TD	Pbre1_02G426600	Pbre1_02G426800	Prupe.2G056300.1	43.158255499999996	18.095889166666666	44.446860666666666	0.7885479851276076	0.563752156577606	0.3748853243191156	0.44457843899743965	0.18704363141758437	0.34524745560451736	Neofunctionalization(Parent)	Conservation	Conservation	discordant	classified
TD	Pbre1_02G443200	Pbre1_02G443400	Prupe.2G043200.1	17.0841435	2.8633815	6.4154365	0.4270338536707231	0.3567776293628845	0.48727970636958984	0.36708552140030887	0.33369121942459734	0.35731260547813243	Conservation	Specialization	Specialization	discordant	classified
TD	Pbre1_02G454600	Pbre1_02G454800	Prupe.2G038300.1	NA	NA	NA	NA	NA	NA	NA	NA	NA	NA	NA	NA	NA	missing_expression_record
TD	Pbre1_02G471600	Pbre1_02G471400	Prupe.2G028300.1	0.0	0.054504833333333336	0.0	NA	0.8225710213338104	NA	NA	NA	NA	NA	NA	NA	NA	all_zero_expression_profile
TD	Pbre1_02G477400	Pbre1_02G477600	Prupe.2G024200.1	58.99274866666667	12.274999833333334	119.04285016666667	0.3914717007836356	0.9403613595299852	0.5584094798119318	0.20490664929508695	0.6885676295437901	0.23264513898299438	Neofunctionalization(Child)	Neofunctionalization(Child)	Conservation	Neofunctionalization(Child)	classified
TD	Pbre1_02G507400	Pbre1_02G507600	Prupe.2G005300.1	0.055286	0.5680743333333333	48.3545845	0.7326166288588618	0.460286167555379	0.6860707293242992	0.400725558690668	0.41951712942679	0.40236912480378917	Specialization	Specialization	Specialization	Specialization	classified
TD	Pbre1_03G004400	Pbre1_03G004600	Prupe.6G002200.1	6.223216666666667	181.06914566666669	206.89428566666666	0.5909978696758308	0.46796908214336363	0.5718853533118504	0.320150450213582	0.3188828691863251	0.3173168766782177	Conservation	Conservation	Conservation	Conservation	classified
TD	Pbre1_03G008600	Pbre1_03G008800	Prupe.6G004500.1	26.050716833333333	34.532301833333335	57.060793000000004	0.3449766008744356	0.35967352746941783	0.40919573210004445	0.09340190155902553	0.10934500191107402	0.10102088037731567	Conservation	Conservation	Conservation	Conservation	classified
TD	Pbre1_03G012400	Pbre1_03G012600	Prupe.6G006000.1	0.21028266666666665	1.2915081666666668	3.5644188333333333	0.8158191539895011	0.9196590346079077	0.9990505634666131	0.5550530612339958	0.3197218271228093	0.3445765339359643	Neofunctionalization(Parent)	Neofunctionalization(Parent)	Neofunctionalization(Child)	Neofunctionalization(Parent)	classified
TD	Pbre1_03G016400	Pbre1_03G016600	Prupe.6G010100.1	1.0978201666666667	3.1334101666666667	21.7970855	0.35708288571086716	0.5764780796791726	0.563549380596727	0.26951147196163056	0.37666888531806697	0.3331747697985601	Conservation	Specialization	Conservation	discordant	classified
TD	Pbre1_03G017000	Pbre1_03G017200	Prupe.6G010200.1	6.992316333333333	10.443238833333334	78.60118483333333	0.9848341560119251	0.8657534209308052	0.9849486938569484	1.2728006275387473	0.9999250080277043	1.099486857204981	Specialization	Specialization	Neofunctionalization(Parent)	Specialization	classified
TD	Pbre1_03G017400	Pbre1_03G017600	Prupe.6G010300.1	0.10690066666666666	6.5774946666666665	51.951774666666665	0.963217329991177	0.6596548017681823	0.9032926696993492	0.28336262317672783	0.39581061803180095	0.38613439555096085	Neofunctionalization(Child)	Specialization	Specialization	discordant	classified
TD	Pbre1_03G025600	Pbre1_03G025800	Prupe.6G015500.1	0.059585	1.2948876666666667	1.4014788333333332	1.0	0.7798672438360312	0.7171095621962686	1.0362828670750086	0.5231836027730521	0.514951572022655	Specialization	Specialization	Specialization	Specialization	classified
TD	Pbre1_03G026200	Pbre1_03G026400	Prupe.6G018000.1	0.11536683333333332	29.839206833333332	20.193665	1.0	0.5095328420463099	0.7082385832487244	0.6699695383662602	0.30187152478786367	0.29853661524037217	Neofunctionalization(Parent)	Neofunctionalization(Parent)	Neofunctionalization(Parent)	Neofunctionalization(Parent)	classified
TD	Pbre1_03G030600	Pbre1_03G030800	Prupe.6G020400.1	0.882874	0.8914926666666666	0.20731833333333333	0.9607117875298051	0.9515867993931962	0.6987901999141758	0.5168940553812948	0.5048537130877142	0.5050845494059678	Specialization	Specialization	Specialization	Specialization	classified
TD	Pbre1_03G067400	Pbre1_03G067600	Prupe.6G038100.1	0.06422266666666666	5.279824	8.880019166666667	0.818703832890525	0.944593924059389	0.7521158487516644	0.49736026669122724	0.7714116212853751	0.7614759995370171	Specialization	Specialization	Specialization	Specialization	classified
TD	Pbre1_03G074400	Pbre1_03G074600	Prupe.6G040400.1	302.5519835	1.3313923333333333	273.80050266666666	0.5771386536075095	0.4511699716342107	0.7488103063093962	0.38221969651959176	0.27579684745063704	0.3816774794728122	Conservation	Neofunctionalization(Child)	Conservation	discordant	classified
TD	Pbre1_03G089400	Pbre1_03G089600	Prupe.6G049300.1	NA	NA	NA	NA	NA	NA	NA	NA	NA	NA	NA	NA	NA	missing_expression_record
TD	Pbre1_03G131400	Pbre1_03G131600	Prupe.6G073400.1	22.7056845	0.3248951666666667	36.00245666666667	0.3654219108278693	0.978949797475359	0.4151119161317105	0.0969535420695284	0.8531258053334211	0.09055914009827894	Neofunctionalization(Child)	Neofunctionalization(Child)	Neofunctionalization(Child)	Neofunctionalization(Child)	classified
TD	Pbre1_03G164200	Pbre1_03G164400	Prupe.6G091600.1	256.7931665	0.0301075	1552.7787991666667	0.5773650899973852	1.0	0.4997758120498544	0.1042194027526749	0.8726830269277442	0.10420596235749811	Neofunctionalization(Child)	Neofunctionalization(Child)	Neofunctionalization(Child)	Neofunctionalization(Child)	classified
TD	Pbre1_03G186600	Pbre1_03G186800	Prupe.6G105000.1	45.1070945	6.419626999999999	0.2664188333333333	0.9999244963136433	0.724368961962618	0.9940260966877578	0.040674666633448604	0.8404802061224339	0.08002972084032009	Neofunctionalization(Child)	Neofunctionalization(Child)	Neofunctionalization(Child)	Neofunctionalization(Child)	classified
TD	Pbre1_03G208400	Pbre1_03G208600	Prupe.6G118000.1	NA	NA	NA	NA	NA	NA	NA	NA	NA	NA	NA	NA	NA	missing_expression_record
TD	Pbre1_03G283200	Pbre1_03G283400	Prupe.4G251700.1	0.0	10.725537166666667	29.737450666666668	NA	0.9479341456785024	0.9971371672124502	NA	NA	NA	NA	NA	NA	NA	all_zero_expression_profile
TD	Pbre1_03G292600	Pbre1_03G292800	Prupe.4G244500.1	0.06081633333333333	0.896272	0.9132975	0.7960054250048436	0.4209548230078881	0.6911672737149266	0.4381033900632155	0.3305844560596767	0.32935508185486095	Neofunctionalization(Parent)	Specialization	Specialization	discordant	classified
TD	Pbre1_03G332000	Pbre1_03G332200	Prupe.4G212200.1	31.2846835	12.391496166666666	32.93207316666667	0.628310667428541	0.14430890897687718	0.44527020026524655	0.13115145794144978	0.19617214328747776	0.0758356217225422	Conservation	Conservation	Conservation	Conservation	classified
TD	Pbre1_03G338000	Pbre1_03G338200	Prupe.4G209700.1	NA	NA	NA	NA	NA	NA	NA	NA	NA	NA	NA	NA	NA	missing_expression_record
TD	Pbre1_03G346800	Pbre1_03G347000	Prupe.4G204400.1	NA	NA	NA	NA	NA	NA	NA	NA	NA	NA	NA	NA	NA	missing_expression_record
TD	Pbre1_03G354200	Pbre1_03G354400	Prupe.4G201800.1	0.0	0.04282283333333334	0.2508998333333333	NA	1.0	0.969726705157749	NA	NA	NA	NA	NA	NA	NA	all_zero_expression_profile
TD	Pbre1_03G370200	Pbre1_03G370400	Prupe.4G188200.1	3.1840683333333333	1.1862988333333333	222.64877349999998	0.9988918445782282	1.0	0.9996410330135699	0.00681942379307841	0.00235020075332768	0.004834398880848675	Conservation	Specialization	Specialization	discordant	classified
TD	Pbre1_03G370600	Pbre1_03G370800	Prupe.4G188100.1	1.0666858333333333	3.6100683333333334	9.484478	1.0	0.9949255738779892	0.9985105316704279	0.008664546160656721	0.02021797233313048	0.013643723520057039	Conservation	Conservation	Conservation	Conservation	classified
TD	Pbre1_03G378000	Pbre1_03G378200	Prupe.4G183900.1	0.045602000000000004	8.377554333333334	10.032029666666666	0.8619820621154843	0.6358620500021746	0.8151496279461462	0.6695324519422401	0.3284879536519088	0.3281656984233987	Neofunctionalization(Parent)	Specialization	Specialization	discordant	classified
TD	Pbre1_03G386200	Pbre1_03G386400	Prupe.4G177700.1	5.839482666666667	13.190515833333333	5.72331	0.7896270452239671	0.7523612754591638	0.5298076858334839	0.31079608074032194	0.35840911868211894	0.333981777716645	Conservation	Neofunctionalization(Parent)	Conservation	discordant	classified
TD	Pbre1_03G403800	Pbre1_03G404000	Prupe.4G164900.1	0.7161536666666667	9.137712833333334	12.413554166666668	0.9184722139414147	0.7248330215894553	0.5981678869212484	0.4996662043730135	0.400359382641686	0.3606766227157665	Subfunctionalization	Neofunctionalization(Parent)	Neofunctionalization(Parent)	discordant	classified
TD	Pbre1_03G416000	Pbre1_03G416200	Prupe.4G155200.1	36.17862183333333	42.354956	22.999511000000002	0.8893087961614807	0.9067592275958718	0.8480515489963212	0.277315215654846	0.30372133708398297	0.2906341895826255	Conservation	Specialization	Conservation	discordant	classified
TD	Pbre1_03G420000	Pbre1_03G420200	Prupe.4G151900.1	0.0	0.0	0.0	NA	NA	NA	NA	NA	NA	NA	NA	NA	NA	all_zero_expression_profile
TD	Pbre1_03G435000	Pbre1_03G435200	Prupe.8G239200.1	36.619462166666665	7.2150015	27.8084385	0.31801280774843466	0.7435552337328322	0.4261847739942858	0.11787195514960107	0.365022077150575	0.13773560863513473	Conservation	Conservation	Conservation	Conservation	classified
TD	Pbre1_03G435400	Pbre1_03G435600	Prupe.8G239300.1	8.3828925	0.0	1.1921701666666666	0.6007404521049384	NA	0.6001387903519321	NA	NA	NA	NA	NA	NA	NA	all_zero_expression_profile
TD	Pbre1_03G445600	Pbre1_03G445800	Prupe.8G245700.1	0.2999023333333333	0.06534183333333334	14.481910166666665	0.9949033993864476	0.9533649974836436	0.612052822738429	0.7731959729020141	0.6291405148194446	0.7454567752152227	Specialization	Specialization	Specialization	Specialization	classified
TD	Pbre1_03G455800	Pbre1_03G456000	Prupe.8G252300.1	3.1665324999999998	0.0068875	2.8519088333333333	0.6753972998383327	1.0	0.6905721273431766	0.4696383029115599	0.7273606598563814	0.4679462941401043	Specialization	Specialization	Specialization	Specialization	classified
TD	Pbre1_03G460600	Pbre1_03G460800	Prupe.8G254800.1	2.4209418333333335	6.5590106666666665	4.490422	0.8724906382178066	0.7789760084970665	0.714598824985542	0.542223564722975	0.567849885940797	0.5491711997949157	Specialization	Specialization	Specialization	Specialization	classified
TD	Pbre1_03G462800	Pbre1_03G463000	Prupe.8G257300.1	NA	NA	NA	NA	NA	NA	NA	NA	NA	NA	NA	NA	NA	missing_expression_record
TD	Pbre1_03G463800	Pbre1_03G463600	Prupe.8G256900.1	4.548285166666667	12.203670833333334	122.71110283333333	0.8714216593935781	0.7925579331317139	0.8607128947590683	0.652525609647796	0.5404184456565417	0.5699677934300419	Specialization	Neofunctionalization(Parent)	Neofunctionalization(Parent)	discordant	classified
TD	Pbre1_03G463800	Pbre1_03G464000	Prupe.8G256900.1	4.548285166666667	210.24185916666667	122.71110283333333	0.8714216593935781	0.8838857460260243	0.8607128947590683	0.652525609647796	0.6784581466640126	0.6779024151203155	Specialization	Specialization	Specialization	Specialization	classified
TD	Pbre1_03G471000	Pbre1_03G471200	Prupe.8G260100.1	601.3761555	39.01377933333333	339.21214533333335	0.3144893120586886	0.40929665718343566	0.6937360273941986	0.3127330640420953	0.37657021101437843	0.3152560358842426	Conservation	Conservation	Conservation	Conservation	classified
TD	Pbre1_03G482400	Pbre1_03G482600	Prupe.8G266300.1	2.120912	2.6231208333333336	2.2306085	0.9745507436892051	0.9991373436926793	0.9481899078415754	0.18970449672391976	0.2752025750554567	0.23283633938029583	Conservation	Specialization	Specialization	discordant	classified
TD	Pbre1_04G004600	Pbre1_04G004800	Prupe.1G002800.1	4.462618166666667	44.6351205	31.775561833333335	0.6611840637055749	0.41654082601579445	0.5171532581492906	0.16304712568636182	0.21254306713260415	0.1832230261975559	Conservation	Neofunctionalization(Parent)	Neofunctionalization(Parent)	discordant	classified
TD	Pbre1_04G005000	Pbre1_04G005200	Prupe.1G002900.1	91.95979983333334	26.3048575	117.06058216666666	0.6851074676960247	0.9138468652894683	0.6487829331940025	0.39821978022875726	0.5770648311738661	0.41157376196746026	Specialization	Neofunctionalization(Child)	Conservation	discordant	classified
TD	Pbre1_04G013400	Pbre1_04G013600	Prupe.1G008600.1	0.0	0.10085916666666667	0.0236415	NA	1.0	1.0	NA	NA	NA	NA	NA	NA	NA	all_zero_expression_profile
TD	Pbre1_04G014400	Pbre1_04G014600	Prupe.1G008900.1	1.2365758333333332	15.4151965	0.562801	0.884944818829964	0.5876521217196209	0.8579396593989441	0.16821572565398946	0.5052047828542254	0.4711130450269126	Neofunctionalization(Child)	Neofunctionalization(Child)	Specialization	Neofunctionalization(Child)	classified
TD	Pbre1_04G023000	Pbre1_04G023200	Prupe.1G163500.1	12.582817333333333	12.571827166666667	62.38296	0.8256832849279829	0.9851487622883841	0.8921428242783987	0.7084430244713195	0.4192261654447957	0.40583852961421807	Specialization	Neofunctionalization(Child)	Neofunctionalization(Child)	discordant	classified
TD	Pbre1_04G023400	Pbre1_04G023600	Prupe.1G164200.1	17.878037833333334	23.457809333333334	25.001185166666666	0.38605748128696094	0.4431674657231223	0.43490951078939394	0.12821728225013101	0.16398326885518555	0.14749407778549106	Conservation	Conservation	Conservation	Conservation	classified
TD	Pbre1_04G029200	Pbre1_04G029400	Prupe.1G169100.1	NA	NA	NA	NA	NA	NA	NA	NA	NA	NA	NA	NA	NA	missing_expression_record
TD	Pbre1_04G035000	Pbre1_04G035200	Prupe.1G172700.1	24.6365665	18.4848395	34.447769666666666	0.36468588710668604	0.3177811944730672	0.7434840329663418	0.3494994580892325	0.3206788068012025	0.336247663584969	Conservation	Conservation	Conservation	Conservation	classified
TD	Pbre1_04G051000	Pbre1_04G051200	Prupe.1G181100.1	54.6079585	56.32313416666667	36.793754166666666	0.6007536893200305	0.3961612436695452	0.7744821322125717	0.5122259978733887	0.4332111977441169	0.4649791025561924	Specialization	Conservation	Conservation	discordant	classified
TD	Pbre1_04G056800	Pbre1_04G057000	Prupe.1G186800.1	18.646058166666666	9.305947166666666	9.818302166666667	0.37433155242025506	0.5508412452766969	0.29106346375197106	0.12126891585032758	0.17581265446631456	0.1297426719922904	Conservation	Conservation	Conservation	Conservation	classified
TD	Pbre1_04G065000	Pbre1_04G065200	Prupe.1G194400.1	NA	NA	NA	NA	NA	NA	NA	NA	NA	NA	NA	NA	NA	missing_expression_record
TD	Pbre1_04G098000	Pbre1_04G098200	Prupe.5G062200.1	0.0747145	0.0	0.7273611666666666	0.8474650246537854	NA	0.3981540242345181	NA	NA	NA	NA	NA	NA	NA	all_zero_expression_profile
TD	Pbre1_04G102800	Pbre1_04G103000	Prupe.5G064700.1	19.081348666666667	70.55301783333333	11.136043666666668	0.8402886391666848	0.5119927471892295	0.5045278943164666	0.3073792676663071	0.29992673857133956	0.1911071396500124	Conservation	Conservation	Conservation	Conservation	classified
TD	Pbre1_04G180200	Pbre1_04G180400	Prupe.6G243000.1	0.0	0.25693499999999997	57.906665833333335	NA	0.7823366616680687	0.4845400845617869	NA	NA	NA	NA	NA	NA	NA	all_zero_expression_profile
TD	Pbre1_04G206800	Pbre1_04G207000	Prupe.6G254700.1	0.3058571666666667	592.2091638333334	1.301579	0.793953138984431	0.707416396606892	0.6105803796842582	0.6479597286554605	0.5843772996133337	0.5843997548812999	Specialization	Specialization	Specialization	Specialization	classified
TD	Pbre1_04G207200	Pbre1_04G207400	Prupe.6G255100.1	622.8804223333333	154.115144	8571.830090333333	0.44625715729296855	0.6012080906399497	0.5612347814931747	0.4550647558343678	0.3673832547840717	0.4279392087193027	Neofunctionalization(Parent)	Conservation	Conservation	discordant	classified
TD	Pbre1_04G231200	Pbre1_04G231400	Prupe.6G267700.1	66.07631766666667	0.5221438333333334	100.47963583333333	0.9903584381478379	0.9492968521494953	0.978126859622216	1.237531819216091	1.0810848144917031	1.2362821926004621	Specialization	Specialization	Specialization	Specialization	classified
TD	Pbre1_04G232200	Pbre1_04G232400	Prupe.6G267800.1	0.1427615	0.0	34.3098355	0.9023983406526209	NA	0.7492459769337249	NA	NA	NA	NA	NA	NA	NA	all_zero_expression_profile
TD	Pbre1_04G235000	Pbre1_04G235200	Prupe.6G269300.1	0.12052316666666667	0.0	3.174813166666667	0.5833449875498857	NA	0.7699303088059525	NA	NA	NA	NA	NA	NA	NA	all_zero_expression_profile
TD	Pbre1_04G243000	Pbre1_04G243200	Prupe.6G274400.1	0.40013933333333335	0.5707405	1.798263	0.9959124446233367	1.0	0.9977894846232005	0.01945779339846559	0.014539775075887556	0.01077372132924887	Conservation	Conservation	Conservation	Conservation	classified
TD	Pbre1_04G247800	Pbre1_04G248000	Prupe.6G277200.1	0.10175583333333334	17.976787333333334	36.9543795	0.9603037940890105	0.4860504993757287	0.6002775760945596	0.7838698802288936	0.27239600846175965	0.27094630937952197	Neofunctionalization(Parent)	Neofunctionalization(Parent)	Neofunctionalization(Parent)	Neofunctionalization(Parent)	classified
TD	Pbre1_04G259800	Pbre1_04G260000	Prupe.6G282800.1	1.0396318333333334	0.19046	23.76268566666667	0.9510723442803183	0.9421663477852785	0.9987117923607405	0.2735242988250602	0.2704956458219729	0.2647001806142274	Conservation	Specialization	Specialization	discordant	classified
TD	Pbre1_04G260600	Pbre1_04G260800	Prupe.6G283100.1	0.3201366666666667	0.09518583333333333	3.7863875	0.6859678278299173	0.7461253586159213	0.841735879792895	0.5639533095442893	0.1662850329609476	0.4494955351670021	Neofunctionalization(Parent)	Specialization	Specialization	discordant	classified
TD	Pbre1_04G298000	Pbre1_04G298200	Prupe.6G303000.1	0.013538166666666665	4.191088	11.776721333333333	1.0	0.7416783450025562	0.6600964906855042	0.995413126434173	0.5389345706188524	0.5383962277994909	Specialization	Specialization	Specialization	Specialization	classified
TD	Pbre1_04G299600	Pbre1_04G299800	Prupe.6G303600.1	50.91719883333333	1174.0346415	617.228787	0.9365893722484223	0.41528886933818165	0.6712491099991084	0.6572950683264416	0.2917660495476786	0.2861134317990452	Neofunctionalization(Parent)	Conservation	Conservation	discordant	classified
TD	Pbre1_04G329800	Pbre1_04G330000	Prupe.6G320300.1	51.46052483333333	58.906905333333334	142.31591916666667	0.3005058408623858	0.27623494921691216	0.2800366996070527	0.0846603710358882	0.04284569390284746	0.06059872454561901	Conservation	Conservation	Conservation	Conservation	classified
TD	Pbre1_04G348000	Pbre1_04G348200	Prupe.6G329600.1	4.141211166666666	0.012624666666666666	7.650904499999999	0.9597126814628695	1.0	0.9686390110411413	1.0668901263694517	1.249512778496384	1.067436290576986	Specialization	Specialization	Neofunctionalization(Child)	Specialization	classified
TD	Pbre1_04G370400	Pbre1_04G370600	Prupe.6G341400.1	105.8352155	108.79004450000001	58.92936533333333	0.7943552781159671	0.8571040448019012	0.9654904986714069	0.5781683194350371	0.7502633657944374	0.6650925396509055	Specialization	Conservation	Conservation	discordant	classified
TD	Pbre1_04G403400	Pbre1_04G403600	Prupe.6G359500.1	0.8564506666666666	8.2365295	19.765222833333333	0.9304402381117246	0.9725037684581949	0.9807328591060779	0.22604965744833577	1.1414963882700526	1.0433457023582249	Neofunctionalization(Child)	Specialization	Subfunctionalization	discordant	classified
TD	Pbre1_05G032800	Pbre1_05G033000	Prupe.8G026200.1	4.5387683333333335	3.116133333333333	10.240148166666668	0.6942385305016625	0.8190201395562273	0.6904051411272848	0.45828704100295153	0.5933379137578954	0.5111026251041982	Specialization	Neofunctionalization(Child)	Conservation	discordant	classified
TD	Pbre1_05G041800	Pbre1_05G042000	Prupe.8G032800.1	0.0531745	0.03901266666666667	0.06845716666666667	0.6936485264009903	1.0	0.9837563077635835	1.0752585970073743	0.1062322309898391	0.5842489207986789	Neofunctionalization(Parent)	Conservation	Conservation	discordant	classified
TD	Pbre1_05G047200	Pbre1_05G047400	Prupe.8G038100.1	NA	NA	NA	NA	NA	NA	NA	NA	NA	NA	NA	NA	NA	missing_expression_record
TD	Pbre1_05G063800	Pbre1_05G064000	Prupe.8G051900.1	15.3541915	4.142643666666666	18.573298	0.8789824570512327	0.6049503873194548	0.6923152260119514	0.5823219255782213	0.4539809318922591	0.5349864498474205	Specialization	Specialization	Conservation	Specialization	classified
TD	Pbre1_05G073200	Pbre1_05G073400	Prupe.8G062700.1	6.110567333333333	2.0782611666666666	7.654311	0.7433967393757906	0.6534476618516233	0.751360064051973	0.5130364665292925	0.5246111180249828	0.5119749415538507	Specialization	Specialization	Specialization	Specialization	classified
TD	Pbre1_05G098000	Pbre1_05G098200	Prupe.8G086600.1	2.461640666666667	0.6052685	0.31446766666666665	0.96917089200139	0.9952261493543182	0.9630615544483897	0.14017707984062583	0.17873786400214078	0.13765121543877432	Conservation	Neofunctionalization(Parent)	Neofunctionalization(Parent)	discordant	classified
TD	Pbre1_05G099800	Pbre1_05G100000	Prupe.8G087100.1	0.078861	10.027453166666668	6.5472624999999995	1.0	0.7035215435440005	0.602861988624553	1.1281077883476105	0.4597624955903866	0.45983745666270376	Specialization	Specialization	Neofunctionalization(Parent)	Specialization	classified
TD	Pbre1_05G126200	Pbre1_05G126400	Prupe.8G104400.1	29.038150666666667	29.44449733333333	39.746611	0.3771320327658706	0.3772626478409796	0.4491524073352636	0.1361982500783633	0.15338335710389223	0.14206358932615257	Conservation	Conservation	Conservation	Conservation	classified
TD	Pbre1_05G185400	Pbre1_05G185600	Prupe.8G144800.1	0.0	4.571753833333333	2.9554138333333335	NA	0.5623171738566185	0.8889581574868671	NA	NA	NA	NA	NA	NA	NA	all_zero_expression_profile
TD	Pbre1_05G200800	Pbre1_05G201000	Prupe.8G155300.1	0.0	37.55089	2.711113	NA	0.963337529799739	0.7194745457819077	NA	NA	NA	NA	NA	NA	NA	all_zero_expression_profile
TD	Pbre1_05G205200	Pbre1_05G205400	Prupe.8G157700.1	NA	NA	NA	NA	NA	NA	NA	NA	NA	NA	NA	NA	NA	missing_expression_record
TD	Pbre1_05G221800	Pbre1_05G222000	Prupe.8G166800.1	0.013445666666666667	0.0023868333333333333	0.8910495	0.908157580580979	1.0	0.996624829222468	1.2319071259914345	1.3936923345271712	1.247507467998537	Specialization	Specialization	Specialization	Specialization	classified
TD	Pbre1_05G231000	Pbre1_05G231200	Prupe.8G171000.1	0.11247449999999999	7.2247145	12.898556	0.7685080099873081	0.998730783776085	0.9747128522672647	0.5624506575237286	0.13395264191157452	0.12689359513250406	Neofunctionalization(Parent)	Specialization	Specialization	discordant	classified
TD	Pbre1_05G248200	Pbre1_05G248400	Prupe.8G179600.1	30.726686833333332	2.2787053333333334	58.73681033333333	0.5134291563796088	0.39990941199430835	0.40348071431662175	0.20632116540817758	0.14927161711571138	0.19273827279953895	Conservation	Conservation	Conservation	Conservation	classified
TD	Pbre1_05G327000	Pbre1_05G327200	Prupe.8G215500.1	5.0467941666666665	21.8304905	43.871185499999996	0.311674221498789	0.4378748987361679	0.45154120425591476	0.24523962485215392	0.17955501318424238	0.17973976119598126	Conservation	Conservation	Conservation	Conservation	classified
TD	Pbre1_05G371000	Pbre1_05G371200	Prupe.4G142400.1	1.0845318333333334	1.5581451666666668	1.364477	0.6180210524056347	0.9192261418514693	0.9094610406133254	0.6353346944869251	0.872993667245808	0.7585836414789995	Specialization	Specialization	Specialization	Specialization	classified
TD	Pbre1_05G389200	Pbre1_05G389400	Prupe.4G131400.1	0.0	0.0	0.040453166666666665	NA	NA	0.8204105250811276	NA	NA	NA	NA	NA	NA	NA	all_zero_expression_profile
TD	Pbre1_05G416800	Pbre1_05G417000	Prupe.4G113400.1	5.053940166666667	11.199053666666666	32.861696	0.48615765288004453	0.40916185728967225	0.4996498643168283	0.26703904641116033	0.21678510394368397	0.21623585754609403	Conservation	Conservation	Conservation	Conservation	classified
TD	Pbre1_05G420200	Pbre1_05G420400	Prupe.4G111700.1	20.508644	1.0878591666666666	60.930483833333334	0.8683243575842686	0.7070997621644806	0.5469849460129923	0.6001680548935796	0.19861612362610268	0.569403346994467	Neofunctionalization(Parent)	Specialization	Specialization	discordant	classified
TD	Pbre1_05G422200	Pbre1_05G422400	Prupe.4G110500.1	1.165836	22.646183166666667	12.848167499999999	0.7500193951168049	0.8693717684935398	0.7509188645434914	0.5001004522957277	0.4673975481267146	0.45857499893904097	Specialization	Neofunctionalization(Parent)	Neofunctionalization(Parent)	discordant	classified
TD	Pbre1_05G435000	Pbre1_05G435200	Prupe.4G103000.1	7.749659666666666	10.289883	98.45281966666667	0.6833450002488941	0.6019058727282106	0.713681277731393	0.3943602582864644	0.37955893734355517	0.37980527188403945	Neofunctionalization(Parent)	Neofunctionalization(Parent)	Neofunctionalization(Parent)	Neofunctionalization(Parent)	classified
TD	Pbre1_05G440000	Pbre1_05G440200	Prupe.4G101600.1	69.79547466666666	162.2722816666667	572.776243	0.34931724422995336	0.600837635202254	0.5660616648271046	0.14056270960622458	0.2946341768910633	0.24666312446159627	Conservation	Conservation	Conservation	Conservation	classified
TD	Pbre1_05G443800	Pbre1_05G444000	Prupe.4G099500.1	NA	NA	NA	NA	NA	NA	NA	NA	NA	NA	NA	NA	NA	missing_expression_record
TD	Pbre1_05G448800	Pbre1_05G449000	Prupe.4G095700.1	19.348990166666667	0.176894	147.043049	0.6432851239124492	0.9427672963596242	0.4407346909950913	0.3746465102078853	0.782699767745884	0.3703204574707902	Neofunctionalization(Child)	Neofunctionalization(Child)	Neofunctionalization(Child)	Neofunctionalization(Child)	classified
TD	Pbre1_05G470400	Pbre1_05G470600	Prupe.4G082500.1	8.845027833333333	14.812143833333332	44.97345033333334	0.6277015928814369	0.9243398404653099	0.7923895533055655	0.2861783678855087	0.2612802894769652	0.15455506278109293	Conservation	Specialization	Specialization	discordant	classified
TD	Pbre1_05G473800	Pbre1_05G474000	Prupe.4G080300.1	0.025342166666666666	2.644052	0.633263	0.9128257913424491	0.3587668094854283	0.8977385147766597	0.0444577955123286	0.6289869636221027	0.6227128039445	Neofunctionalization(Child)	Specialization	Specialization	discordant	classified
TD	Pbre1_05G480200	Pbre1_05G480400	Prupe.4G077200.1	0.0	0.0	0.0745575	NA	NA	0.7369770426646242	NA	NA	NA	NA	NA	NA	NA	all_zero_expression_profile
TD	Pbre1_05G487400	Pbre1_05G487600	Prupe.4G072700.1	0.022486166666666668	0.022016	0.6485618333333333	1.0	0.9600392377699867	1.0	0.0	0.23550955324221276	0.11651069403019079	Conservation	Specialization	Specialization	discordant	classified
TD	Pbre1_05G488400	Pbre1_05G488600	Prupe.4G072300.1	130.90136683333333	3.31595	33.27979833333333	0.3737721483151032	0.7793688026735092	0.6029056703507691	0.2729033149080977	0.35793090325156496	0.27030050547774237	Conservation	Neofunctionalization(Child)	Neofunctionalization(Child)	discordant	classified
TD	Pbre1_05G513400	Pbre1_05G513600	Prupe.4G054800.1	0.8118696666666666	0.0024885	5.229807166666666	0.7274055180770699	1.0	0.7956339875850675	0.5610724444548193	1.0310154474616606	0.5618539556662803	Specialization	Specialization	Specialization	Specialization	classified
TD	Pbre1_05G515000	Pbre1_05G515200	Prupe.4G054200.1	0.2531258333333333	8.224833833333333	22.459203	0.9532259256942351	0.778101828527373	0.907183098467599	0.9140381448220355	0.7397141525899973	0.7361847443977315	Specialization	Specialization	Specialization	Specialization	classified
TD	Pbre1_05G536000	Pbre1_05G536200	Prupe.4G041000.1	3.591905833333333	30.641256833333333	9.74938	0.9540375668619474	0.7406691708963893	0.573808300147523	0.5740242946602916	0.27170752776363616	0.2127276438673744	Neofunctionalization(Parent)	Neofunctionalization(Parent)	Neofunctionalization(Parent)	Neofunctionalization(Parent)	classified
TD	Pbre1_05G557000	Pbre1_05G557200	Prupe.4G029700.1	29.57108566666667	33.537905333333335	77.46952983333334	0.8796436255556784	0.8867124008358843	0.8593740408569696	0.6647009624461586	0.15203364154971347	0.3577266985520235	Neofunctionalization(Parent)	Conservation	Conservation	discordant	classified
TD	Pbre1_05G594600	Pbre1_05G594800	Prupe.4G007200.1	NA	NA	NA	NA	NA	NA	NA	NA	NA	NA	NA	NA	NA	missing_expression_record
TD	Pbre1_06G029600	Pbre1_06G029800	Prupe.5G019100.1	5.725226666666667	6.636644	29.6111745	0.4139142875547878	0.7903135048645036	0.6341977674245391	0.23838111180393848	0.2719719312342783	0.2212747425118364	Conservation	Conservation	Conservation	Conservation	classified
TD	Pbre1_06G041600	Pbre1_06G041800	Prupe.5G029900.1	49.35317366666666	29.422407	166.45788033333332	0.5149199894313365	0.5902485782395301	0.3506229223000151	0.18988204371126716	0.1535496311175163	0.1252945703174848	Conservation	Conservation	Conservation	Conservation	classified
TD	Pbre1_06G042400	Pbre1_06G042600	Prupe.5G029600.1	45.1991095	31.349831666666667	27.513309333333332	0.40174901355412435	0.43716943324345053	0.41595266986919344	0.11587376834387864	0.2415291822093563	0.16075628675052864	Conservation	Conservation	Conservation	Conservation	classified
TD	Pbre1_06G050000	Pbre1_06G050200	Prupe.5G041400.1	0.2694431666666667	9.1801325	0.2768818333333333	1.0	0.8980315427487252	0.5844836273906825	1.0257450487992033	0.5021542131558964	0.496304280896271	Specialization	Specialization	Specialization	Specialization	classified
TD	Pbre1_06G054000	Pbre1_06G054200	Prupe.5G038300.1	6.239493166666667	0.33148466666666665	54.77249716666667	0.41459200572655935	0.44625173855208466	0.5021204509563308	0.24394289950198533	0.24763643754518236	0.23884516726883587	Conservation	Neofunctionalization(Child)	Neofunctionalization(Child)	discordant	classified
TD	Pbre1_06G056400	Pbre1_06G056600	Prupe.5G036500.1	9.185839166666668	5.277187166666667	62.230071	0.1769540554933625	0.4848063097081807	0.5950262523600924	0.17202761967964791	0.23864533533829937	0.19056994157382737	Conservation	Conservation	Conservation	Conservation	classified
TD	Pbre1_06G072200	Pbre1_06G072400	Prupe.5G048600.1	NA	NA	NA	NA	NA	NA	NA	NA	NA	NA	NA	NA	NA	missing_expression_record
TD	Pbre1_06G077400	Pbre1_06G077600	Prupe.5G053500.1	49.70873183333333	3.5969293333333336	31.5166685	0.9239912851907075	0.21972395752780444	0.41326920222651875	0.7301327122962809	0.19875326824916834	0.6842724462808728	Neofunctionalization(Parent)	Conservation	Conservation	discordant	classified
TD	Pbre1_06G105000	Pbre1_06G105200	Prupe.5G072700.1	0.0	82.58994733333333	29.913713666666666	NA	0.8746540391857446	0.684102005487713	NA	NA	NA	NA	NA	NA	NA	all_zero_expression_profile
TD	Pbre1_06G115600	Pbre1_06G115800	Prupe.5G077600.1	42.62886016666666	0.6371691666666667	182.253028	0.7501111990989882	0.9400720561219147	0.9202691340724197	0.33822878803527956	0.19506437084712697	0.3329791055302519	Conservation	Neofunctionalization(Child)	Specialization	discordant	classified
TD	Pbre1_06G141400	Pbre1_06G141600	Prupe.5G096000.1	0.0	0.099256	2.518394	NA	1.0	0.8744801259393344	NA	NA	NA	NA	NA	NA	NA	all_zero_expression_profile
TD	Pbre1_06G177400	Pbre1_06G177600	Prupe.5G112700.1	0.0	0.4561135	1.7596643333333335	NA	0.5920533420415126	0.7937329823994336	NA	NA	NA	NA	NA	NA	NA	all_zero_expression_profile
TD	Pbre1_06G180800	Pbre1_06G181000	Prupe.5G114500.1	0.199074	2.8598728333333336	24.307653833333333	0.974514082911727	0.8927654780524797	0.903451080067051	0.8765546104706796	0.7584044320081345	0.7631841000219952	Specialization	Specialization	Specialization	Specialization	classified
TD	Pbre1_06G182200	Pbre1_06G182400	Prupe.5G115000.1	10.987175333333333	0.06586883333333333	6.170998833333333	0.9183747583873455	0.9427132701421801	0.6501956634705615	0.4628353583696818	0.5309165042334147	0.4631976425946412	Specialization	Specialization	Specialization	Specialization	classified
TD	Pbre1_06G186800	Pbre1_06G187000	Prupe.5G116400.1	25.80684983333333	11.425365166666667	12.9935285	0.9453300048400772	0.3943097047377542	0.5677986220714599	0.5713401773862028	0.4166021736408443	0.37139559826402163	Subfunctionalization	Specialization	Specialization	discordant	classified
TD	Pbre1_06G206400	Pbre1_06G206600	Prupe.5G128000.1	4.116559166666667	5.879055833333333	57.961988166666664	0.6503117225644139	0.3107709162786694	0.7891455143603343	0.18319966074670677	0.3465279347394909	0.261495680073845	Conservation	Neofunctionalization(Parent)	Neofunctionalization(Parent)	discordant	classified
TD	Pbre1_06G216000	Pbre1_06G216200	Prupe.5G133000.1	0.0	0.025266333333333335	0.5565125	NA	1.0	0.8623523772831657	NA	NA	NA	NA	NA	NA	NA	all_zero_expression_profile
TD	Pbre1_06G216400	Pbre1_06G216600	Prupe.5G133100.1	178.74273333333335	80.77100733333333	28.131303333333335	0.6854792713275659	0.7593204167595479	0.5932797068438063	0.4570066548665407	0.3971166437380573	0.4106480653382084	Specialization	Conservation	Conservation	discordant	classified
TD	Pbre1_06G217600	Pbre1_06G217800	Prupe.5G134100.1	34.3208295	3.5544465	5.846310833333334	0.4936717699808805	0.6256376771411424	0.9869916609871613	0.9650990693890961	0.6982837663509956	0.937823790107433	Specialization	Specialization	Specialization	Specialization	classified
TD	Pbre1_06G222400	Pbre1_06G222600	Prupe.5G136500.1	1.6365129999999999	12.876718666666667	0.6630473333333333	0.8556366042861487	0.9003581105588008	0.9482696195523215	0.945112993417658	0.19482693747347965	0.27683734161116086	Neofunctionalization(Parent)	Specialization	Specialization	discordant	classified
TD	Pbre1_06G227800	Pbre1_06G228000	Prupe.5G139900.1	90.86609833333333	72.83475466666667	181.54872916666667	0.6388006766055703	0.9400359969948747	0.7843153846172486	0.31376033990396546	0.6735245209733223	0.44655833195889605	Neofunctionalization(Child)	Neofunctionalization(Child)	Neofunctionalization(Child)	Neofunctionalization(Child)	classified
TD	Pbre1_06G233000	Pbre1_06G233200	Prupe.5G142600.1	20.8668445	1.312582	14.252419833333333	0.7596453156139683	0.891563949191713	0.48656756812112506	0.48605106921235236	0.6140913665303225	0.4621555772065167	Specialization	Neofunctionalization(Child)	Neofunctionalization(Child)	discordant	classified
TD	Pbre1_06G253800	Pbre1_06G254000	Prupe.5G153100.1	14.230856833333334	36.61134766666667	39.61109033333334	0.40196230868179644	0.4882755390075107	0.8167277029463758	0.42900205953267107	0.451358221698398	0.4426900476296478	Specialization	Conservation	Conservation	discordant	classified
TD	Pbre1_06G307800	Pbre1_06G308000	Prupe.5G181000.1	0.012543666666666667	11.687788833333334	6.1984305	1.0	0.9399674630857013	0.9431474005891909	1.2572717920760568	0.9097679285296532	0.9092875719307535	Specialization	Specialization	Specialization	Specialization	classified
TD	Pbre1_06G313600	Pbre1_06G313800	Prupe.5G184000.1	5.581578833333333	8.235648333333334	15.011847000000001	0.9261931073732763	0.887103729960559	0.7220749582490505	0.38343088222386124	0.29877642680976985	0.33187646621826833	Conservation	Specialization	Neofunctionalization(Child)	discordant	classified
TD	Pbre1_06G314400	Pbre1_06G314600	Prupe.5G184300.1	0.009358	30.36010816666667	12.241200333333333	1.0	0.7171695203001118	0.5486761460289123	0.9110688886333285	0.35594972234083644	0.35591221139910223	Neofunctionalization(Parent)	Neofunctionalization(Parent)	Neofunctionalization(Parent)	Neofunctionalization(Parent)	classified
TD	Pbre1_06G326400	Pbre1_06G326600	Prupe.5G191500.1	0.24947266666666665	0.020080666666666667	8.082766000000001	0.9744407491738383	0.8041983541663245	0.9568899053553593	1.1505348888836693	0.48408947788864487	1.0770406575367748	Specialization	Specialization	Specialization	Specialization	classified
TD	Pbre1_06G334800	Pbre1_06G335000	Prupe.5G196100.1	0.0	0.7132545	4.326019	NA	0.9746812150236848	0.9967001515460719	NA	NA	NA	NA	NA	NA	NA	all_zero_expression_profile
TD	Pbre1_06G353800	Pbre1_06G354000	Prupe.5G208400.1	16.121631666666666	6.029966	71.57409716666666	0.799014160514238	0.761269135012606	0.7342359086540553	0.28002915993579536	0.2063158070356199	0.2434544166457756	Conservation	Specialization	Specialization	discordant	classified
TD	Pbre1_06G360400	Pbre1_06G360600	Prupe.5G212000.1	1.432865	6.599780666666667	10.163218833333334	0.5093691796841582	0.5355950585757017	0.25040031419053965	0.18340883198282754	0.18447902862480592	0.14967493885169367	Conservation	Neofunctionalization(Parent)	Neofunctionalization(Parent)	discordant	classified
TD	Pbre1_06G371400	Pbre1_06G371600	Prupe.5G219700.1	107.392623	72.22557966666666	31.036944166666668	0.7130295899170158	0.9679150388950735	0.8482010951612441	0.34495722166810344	0.3383805695018538	0.21466708956382058	Conservation	Specialization	Specialization	discordant	classified
TD	Pbre1_06G381400	Pbre1_06G381600	Prupe.5G223900.1	6.327456833333334	0.6206561666666667	6.972774333333334	0.6908375481068926	0.9056412469671405	0.7472724957949726	0.1933517607696141	0.6270633467235001	0.21020254955628587	Neofunctionalization(Child)	Specialization	Neofunctionalization(Child)	discordant	classified
TD	Pbre1_06G409000	Pbre1_06G409200	Prupe.5G240800.1	0.4909286666666667	0.9407616666666667	11.701619166666667	0.829473117488303	0.9862417027438886	0.7495274189163708	0.7069122317115859	0.9789276623999712	0.8584850221839087	Specialization	Specialization	Specialization	Specialization	classified
TD	Pbre1_06G411200	Pbre1_06G411400	Prupe.5G241800.1	31.61619333333333	4.737960666666667	103.10788416666666	0.7775542129432113	0.9757055042790123	0.45894649618907996	0.37867075803756955	0.7148914995982819	0.32983318228240016	Neofunctionalization(Child)	Neofunctionalization(Child)	Neofunctionalization(Child)	Neofunctionalization(Child)	classified
TD	Pbre1_07G007200	Pbre1_07G007400	Prupe.2G005300.1	346.357973	1.0161366666666667	48.3545845	0.9877964202787807	1.0	0.6860707293242992	0.7689447348022374	0.8216511070528453	0.769094380608811	Specialization	Specialization	Specialization	Specialization	classified
TD	Pbre1_07G029400	Pbre1_07G029600	Prupe.2G023200.1	21.947398166666666	11.7556225	127.77158383333334	0.6395383572411473	0.8194168445289252	0.7429879558383711	0.3926242514569613	0.5698475224517904	0.45173662728367364	Specialization	Specialization	Neofunctionalization(Child)	Specialization	classified
TD	Pbre1_07G040000	Pbre1_07G040200	Prupe.2G029900.1	34.9566985	43.1507165	15.817203	0.5228631916446675	0.4551910895061619	0.684974669916046	0.45931183004946957	0.42726223816523157	0.4343955133691195	Specialization	Conservation	Conservation	discordant	classified
TD	Pbre1_07G047600	Pbre1_07G047800	Prupe.2G035000.1	NA	NA	NA	NA	NA	NA	NA	NA	NA	NA	NA	NA	NA	missing_expression_record
TD	Pbre1_07G068400	Pbre1_07G068600	Prupe.2G052500.1	0.5476066666666667	102.41812866666666	32.9654535	0.9526295402177263	0.5368675017592455	0.5252648539513926	0.7443393861955621	0.36790987110188317	0.3661671218240608	Neofunctionalization(Parent)	Neofunctionalization(Parent)	Neofunctionalization(Parent)	Neofunctionalization(Parent)	classified
TD	Pbre1_07G080600	Pbre1_07G080800	Prupe.2G064600.1	0.0021323333333333333	0.8832926666666667	0.13184066666666666	1.0	0.8600516296303662	0.805655119468387	1.060585660589332	0.2576964673469372	0.25742196371204573	Neofunctionalization(Parent)	Neofunctionalization(Child)	Neofunctionalization(Child)	discordant	classified
TD	Pbre1_07G082600	Pbre1_07G082800	Prupe.2G067300.1	7.590386666666666	4.454684833333333	44.15710333333333	0.5859780659456165	0.27013420168695773	0.3005029175819759	0.1630401598026966	0.08800370266696918	0.11499629076073277	Conservation	Conservation	Conservation	Conservation	classified
TD	Pbre1_07G091200	Pbre1_07G091400	Prupe.2G079000.1	59.0613075	36.17957333333333	75.49830899999999	0.37251099943354826	0.6791703345667075	0.6450251003127347	0.20023878500419612	0.44628693865267566	0.2627821609271389	Neofunctionalization(Child)	Conservation	Conservation	discordant	classified
TD	Pbre1_07G095600	Pbre1_07G095800	Prupe.2G084900.1	0.12333483333333334	0.3513458333333333	20.5309185	0.7047340822466059	1.0	0.8921970303139753	0.7064035229584901	1.222567403909312	0.9943621055392045	Specialization	Specialization	Specialization	Specialization	classified
TD	Pbre1_07G105400	Pbre1_07G105600	Prupe.2G090300.1	2.3249365	0.1131675	0.6659286666666667	0.8560184241070845	0.9858683620469446	0.9952183802478348	0.8484292271339495	0.08197063628358617	0.8100432770446512	Neofunctionalization(Parent)	Specialization	Neofunctionalization(Parent)	discordant	classified
TD	Pbre1_07G114800	Pbre1_07G115000	Prupe.2G097200.1	10.402413333333334	0.06476766666666667	1.6882295	0.6883287105730991	0.9573790347755509	0.968030720758909	1.0165072251685443	1.194908848953528	1.014957571202444	Specialization	Specialization	Specialization	Specialization	classified
TD	Pbre1_07G116800	Pbre1_07G117000	Prupe.2G098600.1	16.461383166666668	0.7515833333333333	3.3957736666666665	0.7915196370173622	0.7512582581118317	0.9544280178509561	0.4903359174437489	0.8164426136893135	0.5019180707756137	Specialization	Specialization	Specialization	Specialization	classified
TD	Pbre1_07G118600	Pbre1_07G118800	Prupe.2G099900.1	21.517707833333333	21.220220666666666	61.91795283333334	0.5579253737504147	0.49742208678479705	0.6300626108857084	0.36328640230453946	0.2266483338677092	0.28772060298971325	Conservation	Conservation	Conservation	Conservation	classified
TD	Pbre1_07G146600	Pbre1_07G146800	Prupe.2G119500.1	4.936191833333334	2.8998796666666666	11.8062915	0.9132587085593199	0.5585117592623317	0.9512013757132619	0.22969652312097227	0.8097092016032882	0.4059286889279397	Neofunctionalization(Child)	Neofunctionalization(Child)	Specialization	Neofunctionalization(Child)	classified
TD	Pbre1_07G151400	Pbre1_07G151600	Prupe.2G122000.1	NA	NA	NA	NA	NA	NA	NA	NA	NA	NA	NA	NA	NA	missing_expression_record
TD	Pbre1_07G153400	Pbre1_07G153600	Prupe.2G123200.1	NA	NA	NA	NA	NA	NA	NA	NA	NA	NA	NA	NA	NA	missing_expression_record
TD	Pbre1_07G236200	Pbre1_07G236400	Prupe.2G165600.1	NA	NA	NA	NA	NA	NA	NA	NA	NA	NA	NA	NA	NA	missing_expression_record
TD	Pbre1_07G243200	Pbre1_07G243400	Prupe.2G182700.1	1.1321071666666667	0.18001566666666666	3.0392665	0.9048673592995348	0.8947675560497881	0.8481520049177995	0.771238227231071	0.8229236462969556	0.7763762806656969	Specialization	Specialization	Specialization	Specialization	classified
TD	Pbre1_07G254600	Pbre1_07G254800	Prupe.2G188300.1	0.4544495	0.135037	4.2611645000000005	0.9013869472868039	0.7393665467073732	0.7025912853528653	0.4239712865517511	0.3523782928078277	0.3919764497635287	Neofunctionalization(Parent)	Specialization	Specialization	discordant	classified
TD	Pbre1_07G267600	Pbre1_07G267800	Prupe.2G195600.1	40.25651716666667	43.513647	68.39598783333334	0.47726535692643524	0.20493093794835526	0.6170923671324443	0.2644527124962517	0.22684076421645047	0.2356277385769682	Conservation	Conservation	Conservation	Conservation	classified
TD	Pbre1_07G269400	Pbre1_07G269600	Prupe.2G196400.1	0.0	0.6942138333333333	5.672695	NA	0.9583300552002794	0.9347407527772938	NA	NA	NA	NA	NA	NA	NA	all_zero_expression_profile
TD	Pbre1_07G292000	Pbre1_07G292200	Prupe.2G210700.1	NA	NA	NA	NA	NA	NA	NA	NA	NA	NA	NA	NA	NA	missing_expression_record
TD	Pbre1_07G295800	Pbre1_07G296000	Prupe.2G212800.1	23.5840225	14.372597666666667	18.983688833333332	0.6639713268269056	0.9225239667550996	0.618631703624503	0.23459172622092317	0.9074692734190465	0.41184119962563565	Neofunctionalization(Child)	Specialization	Specialization	discordant	classified
TD	Pbre1_07G321600	Pbre1_07G321800	Prupe.2G228400.1	NA	NA	NA	NA	NA	NA	NA	NA	NA	NA	NA	NA	NA	missing_expression_record
TD	Pbre1_07G325800	Pbre1_07G326000	Prupe.2G230500.1	11.582806833333333	5.916281333333333	4.636992333333334	0.9867084276788625	0.8721065152383642	0.8657494966020751	1.1229098220165896	0.6315387361124987	0.8275764151137859	Specialization	Specialization	Specialization	Specialization	classified
TD	Pbre1_07G330200	Pbre1_07G330400	Prupe.2G233100.1	0.0	0.0	2.279562	NA	NA	0.9923152349418405	NA	NA	NA	NA	NA	NA	NA	all_zero_expression_profile
TD	Pbre1_07G344400	Pbre1_07G344600	Prupe.2G241500.1	3.839793166666667	1.5722355	8.036434	0.6677671281833178	0.5975210863177876	0.41178479598047646	0.1884471927511425	0.31071894818158047	0.1497433661633114	Conservation	Neofunctionalization(Child)	Neofunctionalization(Child)	discordant	classified
TD	Pbre1_07G373400	Pbre1_07G373600	Prupe.2G257400.1	2.4239285	1.8380853333333336	11.051228833333333	0.9972853358571199	0.9931463496658479	0.9535371551418514	1.1666469836785613	1.1508826665736611	1.1597674525954955	Specialization	Specialization	Specialization	Specialization	classified
TD	Pbre1_07G395800	Pbre1_07G396000	Prupe.2G270400.1	1.216476	1.7266653333333333	3.3717083333333333	0.9120674293867831	0.7178883119469788	0.9986071512193725	1.1566076547611441	1.1024567598760266	1.05122304983665	Specialization	Specialization	Specialization	Specialization	classified
TD	Pbre1_07G403400	Pbre1_07G403600	Prupe.2G274900.1	6.501957666666667	25.568329	7.174708833333334	0.8662663125250012	0.64875757172441	0.8207011559788603	0.6646570251144203	0.37552417712205216	0.43087531967895604	Neofunctionalization(Parent)	Specialization	Neofunctionalization(Parent)	discordant	classified
TD	Pbre1_07G404200	Pbre1_07G404400	Prupe.2G275300.1	19.934795833333332	0.142765	10.481669666666667	0.8161887136088518	0.9543264404738003	0.7297097639299233	0.6187551785000319	0.7225055805476036	0.6156952881736073	Specialization	Specialization	Neofunctionalization(Child)	Specialization	classified
TD	Pbre1_07G412200	Pbre1_07G412400	Prupe.2G279700.1	1.0852083333333333	2.913753166666667	148.79454466666667	0.8366990710543802	0.9376013055606025	0.7803067439304774	0.22420065511349677	0.35492639395319403	0.3032183842065556	Conservation	Specialization	Specialization	discordant	classified
TD	Pbre1_07G427600	Pbre1_07G427800	Prupe.2G288800.1	130.27858916666668	435.066843	1837.1593536666667	0.9773944408936547	0.5277291007527667	0.799404436569806	1.0062322718395371	0.5027579487218818	0.5866545007691643	Specialization	Neofunctionalization(Parent)	Conservation	discordant	classified
TD	Pbre1_07G446400	Pbre1_07G446600	Prupe.2G298000.1	3.3821570000000003	7.644248666666667	116.04030116666667	0.7394092537400834	0.85353510696427	0.574194158086528	0.5381352753151852	0.4078060637952108	0.35383885361633743	Subfunctionalization	Neofunctionalization(Parent)	Conservation	discordant	classified
TD	Pbre1_07G478800	Pbre1_07G479000	Prupe.2G313800.1	1.2793863333333333	9.777202833333334	2.1407496666666668	0.9477180455137099	0.8840966773784833	0.9716668456190675	0.19816234039277297	0.42341180930719885	0.3962972486222045	Neofunctionalization(Child)	Specialization	Specialization	discordant	classified
TD	Pbre1_07G481400	Pbre1_07G481600	Prupe.2G314900.1	10.899907	39.0734565	49.856093333333334	0.5051780876159846	0.7302554838877727	0.37435390186577916	0.10664555992797246	0.29480693916845413	0.24632683881898326	Conservation	Conservation	Conservation	Conservation	classified
TD	Pbre1_07G492800	Pbre1_07G493000	Prupe.2G319900.1	56.826772166666665	1.387879	59.974001666666666	0.2769143075336468	0.6511587932481635	0.48647570256147893	0.17940973470542446	0.36945157432439696	0.17988595745943012	Conservation	Neofunctionalization(Child)	Neofunctionalization(Child)	discordant	classified
TD	Pbre1_07G494400	Pbre1_07G494600	Prupe.2G320700.1	0.023777833333333335	0.4164811666666667	11.458344499999999	0.8402340154581331	0.5842520073084879	0.5069317743295441	0.635951883390908	0.3093691706836978	0.2979404767790143	Neofunctionalization(Parent)	Specialization	Specialization	discordant	classified
TD	Pbre1_07G496000	Pbre1_07G496200	Prupe.2G321700.1	3.8698736666666664	0.7557588333333334	29.348568	0.8147139281977216	0.7219255384930051	0.9899466257677604	1.1475064883662918	1.0234761411143543	1.1164708297684236	Specialization	Specialization	Specialization	Specialization	classified
TD	Pbre1_08G012800	Pbre1_08G013000	Prupe.1G358700.1	28.007134666666666	0.07829866666666667	8.859374666666668	0.42365273094091566	0.8735991551507318	0.7346791328821638	0.38613636292791853	0.32000957588042217	0.3848629739480892	Conservation	Neofunctionalization(Child)	Neofunctionalization(Child)	discordant	classified
TD	Pbre1_08G030200	Pbre1_08G030400	Prupe.1G369300.1	22.706304166666666	11.123715833333334	46.89478583333334	0.23132849828847996	0.4257662826082102	0.3788191428384768	0.12537584854205688	0.1766544643328322	0.12744426029326394	Conservation	Conservation	Conservation	Conservation	classified
TD	Pbre1_08G050800	Pbre1_08G051000	Prupe.1G377300.1	0.8101410000000001	42.232464666666665	101.30439116666666	0.9830062290033126	0.8793425480968706	0.9530307740668607	0.14750468112525608	0.7866104804760372	0.7710503288091711	Neofunctionalization(Child)	Specialization	Specialization	discordant	classified
TD	Pbre1_08G058000	Pbre1_08G058200	Prupe.1G381900.1	8.3265215	0.18816966666666668	9.7018135	0.9995632641683481	0.9838353958630698	0.6416861628359382	0.9755319989108322	0.8948445438786473	0.9737016263490745	Specialization	Specialization	Specialization	Specialization	classified
TD	Pbre1_08G070400	Pbre1_08G070600	Prupe.1G388500.1	1.5698168333333333	0.5191566666666667	4.706959166666667	0.9235155721165503	0.9575372156407467	0.8968623554027225	0.7812997349222912	0.26641908546813076	0.5804089147055768	Neofunctionalization(Parent)	Specialization	Specialization	discordant	classified
TD	Pbre1_08G072200	Pbre1_08G072400	Prupe.1G389200.1	21.972683	0.07155183333333333	200.30113983333334	0.6690043758894912	0.9553372219261927	0.2961015728754727	0.33498102925839424	0.8329119945467927	0.3349257000575779	Neofunctionalization(Child)	Neofunctionalization(Child)	Neofunctionalization(Child)	Neofunctionalization(Child)	classified
TD	Pbre1_08G078600	Pbre1_08G078800	Prupe.1G402000.1	NA	NA	NA	NA	NA	NA	NA	NA	NA	NA	NA	NA	NA	missing_expression_record
TD	Pbre1_08G094000	Pbre1_08G094200	Prupe.1G393900.1	113.24479550000001	9.820964333333333	216.20067616666665	0.260749118312877	0.8278241227322087	0.3315449904214505	0.12384839043142765	0.46751987372851356	0.13190575117802145	Neofunctionalization(Child)	Neofunctionalization(Child)	Conservation	Neofunctionalization(Child)	classified
TD	Pbre1_08G109000	Pbre1_08G109200	Prupe.1G409200.1	0.15663766666666668	0.2814685	7.7740849999999995	1.0	1.0	0.4708353427453803	1.0080830245797598	1.0080830245797598	1.0080830245797598	Specialization	Specialization	Specialization	Specialization	classified
TD	Pbre1_08G112200	Pbre1_08G112400	Prupe.1G407900.1	18.455849666666666	25.156506999999998	90.15506316666666	0.5133128907647564	0.4933732181600209	0.42336967076700327	0.22796349502267382	0.11679136296731685	0.12329155972968298	Conservation	Conservation	Conservation	Conservation	classified
TD	Pbre1_08G116200	Pbre1_08G116400	Prupe.1G406700.1	1.2123893333333333	1.4586731666666666	1.3939916666666667	0.21833803966816126	0.6023498907579409	0.515162318308955	0.21723878387449386	0.3318307602282251	0.26607921513165056	Conservation	Specialization	Conservation	discordant	classified
TD	Pbre1_08G139200	Pbre1_08G139400	Prupe.1G423100.1	1.6265683333333334	1.3477021666666666	15.178801833333335	0.8424603948743451	0.9571821560311289	0.48168354708181604	0.4543442856869928	0.6542778593420642	0.5263661683796165	Specialization	Specialization	Specialization	Specialization	classified
TD	Pbre1_08G139800	Pbre1_08G140000	Prupe.1G423400.1	27.736872666666667	105.078216	146.52216049999998	0.6217090150818956	0.6840384336514785	0.826341052948518	0.5927412966399004	0.5716874584134957	0.5694185920251733	Specialization	Neofunctionalization(Parent)	Conservation	discordant	classified
TD	Pbre1_08G145400	Pbre1_08G145600	Prupe.1G426600.1	0.0	9.954720666666667	17.5348825	NA	0.7432410841281687	0.7215557931143545	NA	NA	NA	NA	NA	NA	NA	all_zero_expression_profile
TD	Pbre1_08G150000	Pbre1_08G150200	Prupe.1G429100.1	7.076460166666666	1.0784625	8.312376666666667	0.7876472066434829	0.9914486795560871	0.9644871531915629	0.44454514220424624	0.12980974337415327	0.3687739059688359	Neofunctionalization(Parent)	Neofunctionalization(Child)	Neofunctionalization(Child)	discordant	classified
TD	Pbre1_08G150800	Pbre1_08G151000	Prupe.1G429400.1	NA	NA	NA	NA	NA	NA	NA	NA	NA	NA	NA	NA	NA	missing_expression_record
TD	Pbre1_08G165400	Pbre1_08G165600	Prupe.1G436200.1	0.01577483333333333	7.5404115	2.0056391666666666	1.0	0.964083679499305	0.6694847022886226	0.731755697806245	0.5594199238678415	0.5597761114856649	Specialization	Neofunctionalization(Parent)	Neofunctionalization(Parent)	discordant	classified
TD	Pbre1_08G182400	Pbre1_08G182600	Prupe.1G443700.1	NA	NA	NA	NA	NA	NA	NA	NA	NA	NA	NA	NA	NA	missing_expression_record
TD	Pbre1_08G188400	Pbre1_08G188600	Prupe.7G221700.1	0.21258933333333332	1.6236356666666667	39.65271033333333	1.0	0.9990362757587675	0.6591874593530381	0.9186671822713807	0.9136088096616809	0.9141933012348542	Specialization	Specialization	Specialization	Specialization	classified
TD	Pbre1_08G198200	Pbre1_08G198400	Prupe.1G452000.1	1.471557	19.0487875	11.32755	0.5877177993922489	0.3271191333688771	0.8820864467055116	0.4603981847227856	0.5003800222772637	0.4954718489903466	Specialization	Neofunctionalization(Parent)	Neofunctionalization(Parent)	discordant	classified
TD	Pbre1_08G219800	Pbre1_08G220000	Prupe.1G463400.1	0.016552666666666667	56.94907216666667	281.04721416666666	1.0	0.46179606668511947	0.4367124772346493	0.8131881666205074	0.17057773340109045	0.17056564263300075	Neofunctionalization(Parent)	Neofunctionalization(Parent)	Neofunctionalization(Parent)	Neofunctionalization(Parent)	classified
TD	Pbre1_08G232600	Pbre1_08G232800	Prupe.1G469000.1	0.014975833333333334	0.6280186666666667	1.0641998333333333	0.9132302487752725	0.7118953196841663	0.892171344094225	0.6758631746478322	0.7200069395897386	0.7138047737946377	Specialization	Specialization	Specialization	Specialization	classified
TD	Pbre1_08G287000	Pbre1_08G287200	Prupe.1G504600.1	0.0	0.0060518333333333335	0.0	NA	1.0	NA	NA	NA	NA	NA	NA	NA	NA	all_zero_expression_profile
TD	Pbre1_08G289800	Pbre1_08G290000	Prupe.1G506300.1	4.116354666666667	13.482653833333334	3.2614311666666667	0.7851637954578208	0.799380712393448	0.6117466179376126	0.2593444806699931	0.22348611895042367	0.22675776588478475	Conservation	Specialization	Specialization	discordant	classified
TD	Pbre1_08G301600	Pbre1_08G301800	Prupe.1G512300.1	8.190846333333333	9.811608833333333	5.910961666666667	0.6949628624364055	0.6808852937561076	0.7543043786806163	0.2729047127523614	0.1982116649408577	0.18998847014732342	Conservation	Specialization	Specialization	discordant	classified
TD	Pbre1_08G320000	Pbre1_08G320200	Prupe.1G523700.1	7.938627833333333	34.355993	16.561063166666667	0.9788455945429494	0.8341634339732533	0.8543189201415948	0.8009391124878656	0.5092556898870797	0.5533022093343282	Specialization	Specialization	Specialization	Specialization	classified
TD	Pbre1_08G329600	Pbre1_08G329800	Prupe.1G528600.1	8.191773666666666	3.7627094999999997	29.344175166666666	0.4458910497872643	0.8045797709545288	0.49403016296504915	0.24234008754109804	0.32148362932855135	0.2244077819054312	Conservation	Neofunctionalization(Child)	Conservation	discordant	classified
TD	Pbre1_08G350800	Pbre1_08G351000	Prupe.1G542300.1	3.5522348333333333	17.568286	77.35368066666666	0.9191794526522165	0.8139235136871369	0.5994987418085325	0.41906266876316217	0.3443364578300073	0.3044214322748919	Neofunctionalization(Parent)	Neofunctionalization(Parent)	Neofunctionalization(Parent)	Neofunctionalization(Parent)	classified
TD	Pbre1_08G363400	Pbre1_08G363600	Prupe.1G556800.1	13.001681666666666	64.70276466666667	38.73979533333333	0.6877795578054153	0.4356657009204204	0.5323096778092793	0.17288044660602422	0.24732795081759384	0.2243384087286763	Conservation	Conservation	Conservation	Conservation	classified
TD	Pbre1_08G363800	Pbre1_08G364000	Prupe.1G556500.1	4.390316666666667	18.603221333333334	3.372421	0.9694341645037726	0.7756293356561195	0.5584417457958877	0.6813215193047365	0.3006235322012817	0.2600659579414174	Neofunctionalization(Parent)	Specialization	Neofunctionalization(Child)	discordant	classified
TD	Pbre1_08G384600	Pbre1_08G384800	Prupe.1G567800.1	8.235756	2.5114545	9.1308265	0.5359276142879777	0.23165651812230884	0.5393762952698957	0.30462488412847855	0.229712447816554	0.28420238156344924	Conservation	Conservation	Conservation	Conservation	classified
TD	Pbre1_08G396000	Pbre1_08G396200	Prupe.1G575700.1	34.79329583333333	1.3712498333333334	34.832953	0.42782716596174436	0.48751961973330593	0.453440465200971	0.0486896622302056	0.21670704632936919	0.048442370103287356	Conservation	Neofunctionalization(Child)	Conservation	discordant	classified
TD	Pbre1_09G020800	Pbre1_09G021000	Prupe.3G305200.1	1.5439561666666666	10.219856	8.508688666666666	0.9654867680050468	0.9998802430209984	0.9759806820478065	0.09273766577523544	0.12187134844558838	0.10006811071607076	Conservation	Specialization	Specialization	discordant	classified
TD	Pbre1_09G036200	Pbre1_09G036400	Prupe.3G295600.1	0.188399	0.009422	0.7493076666666667	0.9878702180703481	1.0	0.8509791317808515	0.934993127777612	0.9866158642766226	0.937358122641242	Specialization	Specialization	Specialization	Specialization	classified
TD	Pbre1_09G058800	Pbre1_09G059000	Prupe.3G282800.1	32.00932783333333	31.486053	50.25943216666667	0.3835926867480614	0.48144447082005587	0.6545064174275266	0.25014115689599037	0.26264606470399404	0.25087085067558823	Conservation	Conservation	Conservation	Conservation	classified
TD	Pbre1_09G062600	Pbre1_09G062800	Prupe.3G280300.1	0.06131916666666667	13.291714833333334	2.1862636666666666	0.577965070079632	0.8762745501734471	0.6740437871096525	0.5084939597939888	0.5734171456131137	0.5724163113487623	Specialization	Specialization	Neofunctionalization(Parent)	Specialization	classified
TD	Pbre1_09G076800	Pbre1_09G077000	Prupe.3G271900.1	2.6920113333333333	2.7899503333333335	26.187978833333332	0.7958483046318111	0.9916552068767451	0.9529329829073789	0.3675315824733211	1.2463269936690256	0.7874029396986715	Neofunctionalization(Child)	Specialization	Specialization	discordant	classified
TD	Pbre1_09G093800	Pbre1_09G094000	Prupe.3G263500.1	0.5491558333333334	0.1506385	149.800582	0.8786802322519744	0.9279747787876964	0.6235783438866036	0.5528426741318867	0.6082344344888978	0.5623661386695418	Specialization	Specialization	Specialization	Specialization	classified
TD	Pbre1_09G097600	Pbre1_09G097800	Prupe.3G261600.1	1.1289208333333334	0.6297233333333333	38.698900333333334	0.9910930755790911	0.9770671210673854	0.8590672771513148	0.9107905649562413	0.376749789311774	0.46335874199085936	Neofunctionalization(Parent)	Specialization	Specialization	discordant	classified
TD	Pbre1_09G100800	Pbre1_09G101000	Prupe.3G260400.1	0.5050898333333333	1.2374633333333334	0.7829323333333333	0.6919000981648784	0.4186120033171824	0.5332059624885291	0.35055354730528826	0.24675106178022138	0.23173735606243243	Conservation	Specialization	Neofunctionalization(Parent)	discordant	classified
TD	Pbre1_09G113200	Pbre1_09G113000	Prupe.3G253600.1	0.20198416666666666	27.4411915	0.7932661666666666	0.8728851256332948	0.4903496178036585	0.9994235467195176	0.4567880722600492	0.9315468194218087	0.9277799916964499	Specialization	Specialization	Neofunctionalization(Child)	Specialization	classified
TD	Pbre1_09G124800	Pbre1_09G125000	Prupe.3G247600.1	0.34343016666666665	0.320388	0.5873885	0.9779174204298242	1.0	1.0	0.120830656973304	0.0	0.062512439017991	Conservation	Conservation	Conservation	Conservation	classified
TD	Pbre1_09G133800	Pbre1_09G134000	Prupe.3G242000.1	8.096162333333334	0.202512	28.27706333333333	0.5226696092914102	0.9547154918773246	0.4502531232975602	0.14004540872609456	0.793091730813468	0.14542645584999497	Neofunctionalization(Child)	Neofunctionalization(Child)	Neofunctionalization(Child)	Neofunctionalization(Child)	classified
TD	Pbre1_09G137400	Pbre1_09G137600	Prupe.3G240000.1	NA	NA	NA	NA	NA	NA	NA	NA	NA	NA	NA	NA	NA	missing_expression_record
TD	Pbre1_09G154200	Pbre1_09G154400	Prupe.3G231800.1	0.0	0.0	0.0	NA	NA	NA	NA	NA	NA	NA	NA	NA	NA	all_zero_expression_profile
TD	Pbre1_09G167200	Pbre1_09G167400	Prupe.3G222100.1	29.46828766666667	10.389579666666666	25.1649675	0.4084622637683057	0.39261269006716715	0.4650780572657232	0.21858786743187647	0.16531167801189411	0.2007268662210645	Conservation	Conservation	Conservation	Conservation	classified
TD	Pbre1_09G177400	Pbre1_09G177600	Prupe.3G216700.1	5.5914355	0.2337503333333333	3.6936508333333333	0.8076801395617202	0.9869112815311979	0.7870982460543186	0.5795711405064614	0.5355055237585084	0.5370189422733306	Specialization	Specialization	Specialization	Specialization	classified
TD	Pbre1_09G198000	Pbre1_09G198200	Prupe.3G205900.1	0.19382016666666665	1.4417326666666666	15.0944225	0.7638078448655795	0.9204238632679953	0.7873716073832554	0.7915057773990166	0.8947095593128677	0.8723418396552665	Specialization	Specialization	Specialization	Specialization	classified
TD	Pbre1_09G207400	Pbre1_09G207600	Prupe.3G200900.1	NA	NA	NA	NA	NA	NA	NA	NA	NA	NA	NA	NA	NA	missing_expression_record
TD	Pbre1_09G208800	Pbre1_09G209000	Prupe.3G200400.1	3.4562014999999997	26.645451	43.69515366666667	0.8151660033387079	0.46504417659309916	0.5937794152636057	0.413711637195853	0.3282039528727175	0.30359402034055627	Neofunctionalization(Parent)	Neofunctionalization(Parent)	Neofunctionalization(Parent)	Neofunctionalization(Parent)	classified
TD	Pbre1_09G217400	Pbre1_09G217600	Prupe.3G196500.1	0.018264333333333334	15.241980166666668	1.5018263333333333	1.0	0.8128435136143668	0.902821967729435	0.974521673008993	0.5912308006577356	0.5915453107713918	Specialization	Specialization	Specialization	Specialization	classified
TD	Pbre1_09G221200	Pbre1_09G221400	Prupe.3G193500.1	NA	NA	NA	NA	NA	NA	NA	NA	NA	NA	NA	NA	NA	missing_expression_record
TD	Pbre1_09G226400	Pbre1_09G226600	Prupe.3G191000.1	0.5300993333333334	1.4943873333333333	5.318116166666666	0.7986315648669045	0.6988329814782831	0.9232580372495496	0.9867096386200711	0.7845556611574963	0.8363768737924544	Specialization	Specialization	Specialization	Specialization	classified
TD	Pbre1_09G228400	Pbre1_09G228600	Prupe.3G188400.1	NA	NA	NA	NA	NA	NA	NA	NA	NA	NA	NA	NA	NA	missing_expression_record
TD	Pbre1_09G241800	Pbre1_09G242000	Prupe.3G180700.1	NA	NA	NA	NA	NA	NA	NA	NA	NA	NA	NA	NA	NA	missing_expression_record
TD	Pbre1_09G249800	Pbre1_09G250000	Prupe.3G175400.1	0.0042165	0.0	0.41298816666666666	1.0	NA	0.6678993231519816	NA	NA	NA	NA	NA	NA	NA	all_zero_expression_profile
TD	Pbre1_09G256600	Pbre1_09G256800	Prupe.3G171200.1	2.1364573333333334	1.7195811666666667	3.765534	0.8536544989406651	0.8959246334218373	0.5139956319347891	0.5278131324470562	0.6099866864312552	0.5641166352496254	Specialization	Specialization	Specialization	Specialization	classified
TD	Pbre1_09G278600	Pbre1_09G278800	Prupe.3G024300.1	NA	NA	NA	NA	NA	NA	NA	NA	NA	NA	NA	NA	NA	missing_expression_record
TD	Pbre1_09G281000	Pbre1_09G281200	Prupe.3G026100.1	6.345020166666667	16.394543833333334	24.67369766666667	0.6072856305911258	0.5109068401667096	0.449407855223236	0.20865825353779263	0.19424927330682096	0.16731897007784807	Conservation	Neofunctionalization(Parent)	Conservation	discordant	classified
TD	Pbre1_09G296400	Pbre1_09G296600	Prupe.3G035100.1	NA	NA	NA	NA	NA	NA	NA	NA	NA	NA	NA	NA	NA	missing_expression_record
TD	Pbre1_09G305600	Pbre1_09G305800	Prupe.3G040000.1	5.0498525	10.619903666666668	6.0421955	0.7200473218650333	0.999401479355102	0.8934641020806258	0.3925696594047887	1.043714141837358	0.8264735233658064	Specialization	Specialization	Specialization	Specialization	classified
TD	Pbre1_09G306000	Pbre1_09G306200	Prupe.3G040200.1	15.877988166666668	11.390582833333333	37.420135333333334	0.32336675890364086	0.2798030469967151	0.36957343147609345	0.13636812243767102	0.11961613852193015	0.10822199693023951	Conservation	Conservation	Conservation	Conservation	classified
TD	Pbre1_09G314800	Pbre1_09G315000	Prupe.3G045500.1	237.52569333333332	0.023140666666666667	332.1299558333333	0.27703876911894787	1.0	0.5917162887691882	0.27787398002448266	1.0462944477424854	0.2778816665937205	Neofunctionalization(Child)	Neofunctionalization(Child)	Neofunctionalization(Child)	Neofunctionalization(Child)	classified
TD	Pbre1_09G336800	Pbre1_09G337000	Prupe.3G057400.1	0.7036191666666667	0.7238765	3.576705666666667	0.7648248126388684	0.8984465682377568	0.9465678205341834	0.5391341904118282	0.7464247437801463	0.6417904937152847	Specialization	Specialization	Specialization	Specialization	classified
TD	Pbre1_09G354800	Pbre1_09G355000	Prupe.3G069900.1	414.67791116666666	696.8280856666667	1118.3631318333332	0.46226256178566966	0.5073873155859492	0.6158155000849901	0.27068396621993507	0.36840239629883503	0.33064420559646024	Conservation	Conservation	Conservation	Conservation	classified
TD	Pbre1_09G355800	Pbre1_09G356000	Prupe.3G071300.1	34.6585655	39.79573383333334	167.7335455	0.31770749825653466	0.3655464330318977	0.32296884691507693	0.166218994387678	0.16501426899744348	0.16513715792088682	Conservation	Conservation	Conservation	Conservation	classified
TD	Pbre1_09G402000	Pbre1_09G402200	Prupe.3G117500.1	0.17341416666666667	2.8257630000000002	9.548938833333333	0.9662448679281314	0.47496559154637163	0.6753902241701579	0.5241260486601038	0.1623679795626716	0.135019888811771	Neofunctionalization(Parent)	Specialization	Neofunctionalization(Parent)	discordant	classified
TD	Pbre1_09G435200	Pbre1_09G435400	Prupe.3G147800.1	111.2073975	98.49869050000001	516.4408438333334	0.9791589470526396	0.6030819350021923	0.7799520715691288	0.4829106519596806	0.3082988273017603	0.15559802486324847	Neofunctionalization(Parent)	Conservation	Conservation	discordant	classified
TD	Pbre1_09G462400	Pbre1_09G462600	Prupe.3G015900.1	7.749380833333333	16.2459285	108.96128833333333	0.6965467657447955	0.8632106552579678	0.6781550909265848	0.36821976846804255	0.37763057582233533	0.35176048036922275	Conservation	Specialization	Neofunctionalization(Child)	discordant	classified
TD	Pbre1_09G463200	Pbre1_09G463400	Prupe.3G015300.1	0.12885033333333334	0.10152733333333333	1.943982	0.6750587340603229	0.8615501718184418	0.7683805480070998	0.48974013142453876	0.5732509743298939	0.37192022921210943	Subfunctionalization	Specialization	Specialization	discordant	classified
TD	Pbre1_09G469200	Pbre1_09G469400	Prupe.3G012100.1	0.06158933333333333	10.090896	4.3598205	0.8258658918103492	0.5705046152137833	0.6221893079416017	0.5302454138059965	0.4452028822914392	0.44444462985061706	Specialization	Specialization	Specialization	Specialization	classified
TD	Pbre1_09G492800	Pbre1_09G493000	Prupe.3G000300.1	3.9703285	4.3666876666666665	17.638887666666665	0.454670408232864	0.3572781308132854	0.4295685402748169	0.1532321824838153	0.15612749967432615	0.1379122487718214	Conservation	Conservation	Conservation	Conservation	classified
TD	Pbre1_10G014400	Pbre1_10G014600	Prupe.8G014100.1	NA	NA	NA	NA	NA	NA	NA	NA	NA	NA	NA	NA	NA	missing_expression_record
TD	Pbre1_10G015200	Pbre1_10G015400	Prupe.8G014200.1	0.11964583333333334	0.192853	101.99724883333333	0.7022810313867145	0.9773906184619973	0.6929257543447607	0.36034360534251936	0.6056681270280474	0.365221977849903	Neofunctionalization(Child)	Specialization	Specialization	discordant	classified
TD	Pbre1_10G019000	Pbre1_10G019200	Prupe.8G018100.1	62.218395666666666	320.1684256666667	201.00828116666668	0.9974988850949961	0.9988274211184909	0.7241361265297215	1.0945966496306794	1.152560888187207	1.0197231223971848	Specialization	Specialization	Neofunctionalization(Parent)	Specialization	classified
TD	Pbre1_10G025400	Pbre1_10G025600	Prupe.8G022700.1	0.3002866666666667	2.4741756666666666	0.18559983333333335	0.8017906733369358	0.5687928850949986	0.9679699960932412	0.8010300916247061	0.6529922170796046	0.6416140411433712	Specialization	Neofunctionalization(Child)	Specialization	discordant	classified
TD	Pbre1_10G031200	Pbre1_10G031400	Prupe.8G024700.1	23.681005833333334	6.307168833333333	34.79907983333333	0.2746078134939805	0.9004664286128984	0.38688651998420376	0.068451906453633	0.5857352119112359	0.14430042082407826	Neofunctionalization(Child)	Neofunctionalization(Child)	Neofunctionalization(Child)	Neofunctionalization(Child)	classified
TD	Pbre1_10G032600	Pbre1_10G032800	Prupe.8G025400.1	98.36939466666666	14.539424499999999	365.84547533333335	0.9865841008931661	0.7958116431796631	0.8971601076196002	0.4070512607835845	0.795036172859753	0.3644926144904959	Subfunctionalization	Specialization	Specialization	discordant	classified
TD	Pbre1_10G045800	Pbre1_10G046000	Prupe.8G038100.1	NA	NA	NA	NA	NA	NA	NA	NA	NA	NA	NA	NA	NA	missing_expression_record
TD	Pbre1_10G059800	Pbre1_10G060000	Prupe.8G046000.1	54.135322333333335	19.637991	14.526001166666667	0.8582165543790236	0.9679002955722975	0.704536450614159	0.278914923316873	0.6253952520609828	0.3558069145200879	Neofunctionalization(Child)	Neofunctionalization(Parent)	Specialization	discordant	classified
TD	Pbre1_10G064600	Pbre1_10G064800	Prupe.8G051900.1	16.301336833333334	12.108335666666667	18.573298	0.5541912603822325	0.39804455372181496	0.6923152260119514	0.34924620990308747	0.3314331317636467	0.33372528117927136	Conservation	Specialization	Conservation	discordant	classified
TD	Pbre1_10G066600	Pbre1_10G066800	Prupe.8G053500.1	1.5175238333333334	0.0	51.51045716666667	0.587754337680624	NA	0.23082623807235164	NA	NA	NA	NA	NA	NA	NA	all_zero_expression_profile
TD	Pbre1_10G101400	Pbre1_10G101600	Prupe.8G085900.1	NA	NA	NA	NA	NA	NA	NA	NA	NA	NA	NA	NA	NA	missing_expression_record
TD	Pbre1_10G118400	Pbre1_10G118600	Prupe.8G094500.1	6.843163333333333	134.98609983333333	326.9811638333333	0.46284097481559117	0.42744711401299557	0.5964700734228761	0.3730057568025655	0.22538476936813245	0.22750395837355397	Conservation	Conservation	Conservation	Conservation	classified
TD	Pbre1_10G127400	Pbre1_10G127600	Prupe.8G099700.1	77.99151333333333	28.6063205	109.04071466666667	0.8844133387208309	0.7925945810815668	0.9857492501653597	1.069135200722491	0.5013950229812421	0.8874644692971	Specialization	Neofunctionalization(Child)	Neofunctionalization(Child)	discordant	classified
TD	Pbre1_10G171000	Pbre1_10G171200	Prupe.8G135100.1	5.1371590000000005	10.840219166666666	105.63695616666666	0.9768576745766611	0.9639110273281617	0.749291579709342	1.0263115055951704	1.003023740130147	1.009655102410767	Specialization	Subfunctionalization	Subfunctionalization	discordant	classified
TD	Pbre1_10G194800	Pbre1_10G195000	Prupe.8G150600.1	1.7940943333333335	2.8397805	22.85941233333333	0.9542047804473835	0.9450850003018374	0.4903670804642803	0.6770717207272803	0.7983429496965162	0.5462724303149649	Specialization	Specialization	Specialization	Specialization	classified
TD	Pbre1_10G195600	Pbre1_10G195800	Prupe.8G150900.1	151.56177416666665	216.38464083333332	399.8563311666667	0.5618782049173747	0.5908394632606007	0.6881027602576617	0.2972122095771014	0.3577007444205773	0.33065801046305504	Conservation	Conservation	Conservation	Conservation	classified
TD	Pbre1_10G201800	Pbre1_10G202000	Prupe.8G156000.1	34.15762866666667	3.6598906666666666	69.206781	0.28163350098031303	0.9914956451814521	0.3605695099109904	0.23534442002022252	0.9675837332250093	0.2866300703845133	Neofunctionalization(Child)	Neofunctionalization(Child)	Neofunctionalization(Child)	Neofunctionalization(Child)	classified
TD	Pbre1_10G209600	Pbre1_10G209800	Prupe.8G160800.1	68.081752	49.5207475	163.01946283333334	0.17700448762367688	0.41974892744013526	0.3658388147653839	0.12218138724544907	0.11399060352007997	0.10716553457905398	Conservation	Conservation	Conservation	Conservation	classified
TD	Pbre1_10G212200	Pbre1_10G212400	Prupe.8G161600.1	9.253151666666666	11.876700166666666	49.117853	0.5969315465848568	0.5836687201903235	0.8550497157977368	0.47571511167178604	0.4703758680680533	0.4720419273859181	Specialization	Conservation	Conservation	discordant	classified
TD	Pbre1_10G234600	Pbre1_10G234800	Prupe.8G174300.1	16.227543999999998	0.005074166666666667	17.648206	0.8952045298372404	1.0	0.8315872656518526	0.25897701953971725	1.1676158025740302	0.2589029713081632	Neofunctionalization(Child)	Neofunctionalization(Child)	Neofunctionalization(Child)	Neofunctionalization(Child)	classified
TD	Pbre1_10G296200	Pbre1_10G296400	Prupe.8G206300.1	0.22195733333333334	1.0257896666666666	0.42736599999999997	0.8313098077431519	0.6436623849595339	0.8835425713162648	0.6214253611222396	0.55756116975075	0.534312396886374	Specialization	Specialization	Specialization	Specialization	classified
TD	Pbre1_10G318000	Pbre1_10G318200	Prupe.8G219700.1	2.2477248333333333	4.368116333333333	9.687071833333334	0.7331210634289478	0.7440782547401865	0.9676182591473393	0.4975519998025461	0.6523040114014709	0.5858181116227573	Specialization	Specialization	Specialization	Specialization	classified
TD	Pbre1_10G328000	Pbre1_10G328200	Prupe.8G225100.1	15.366974833333332	0.007216166666666667	0.7523058333333333	1.0	0.8217115897077454	0.9894868285712354	0.058475510146651866	1.168972575502401	0.05791956383785551	Neofunctionalization(Child)	Neofunctionalization(Child)	Neofunctionalization(Child)	Neofunctionalization(Child)	classified
TD	Pbre1_10G338800	Pbre1_10G339000	Prupe.8G231600.1	110.42493066666667	0.011587333333333333	413.7282595	0.8142792216042102	1.0	0.7998727754226472	0.4200781229587406	0.6490190438326054	0.4199744330360001	Specialization	Neofunctionalization(Child)	Neofunctionalization(Child)	discordant	classified
TD	Pbre1_10G352400	Pbre1_10G352600	Prupe.4G141500.1	NA	NA	NA	NA	NA	NA	NA	NA	NA	NA	NA	NA	NA	missing_expression_record
TD	Pbre1_10G357200	Pbre1_10G357400	Prupe.4G138700.1	62.38079233333333	145.905448	148.64952516666668	0.46841728660223386	0.29790993257592235	0.4415744104977117	0.2193392552106633	0.15530237911482556	0.16319141543439644	Conservation	Conservation	Conservation	Conservation	classified
TD	Pbre1_10G369800	Pbre1_10G370000	Prupe.4G131000.1	4.818968333333333	12.830139833333334	17.938102999999998	0.9310994870545324	0.3055483920292891	0.7283705723646934	0.44698852785828885	0.3848104566431014	0.3054941765756929	Neofunctionalization(Parent)	Neofunctionalization(Parent)	Neofunctionalization(Parent)	Neofunctionalization(Parent)	classified
TD	Pbre1_10G381400	Pbre1_10G381600	Prupe.4G124500.1	2.5408811666666664	6.796473333333333	40.32426383333333	0.5404756878261328	0.5341930726843305	0.28925898092863334	0.2632005540570637	0.20045347058180116	0.2128977330905658	Conservation	Neofunctionalization(Parent)	Neofunctionalization(Parent)	discordant	classified
TD	Pbre1_10G382400	Pbre1_10G382600	Prupe.4G123900.1	4.851613166666667	0.24532899999999996	14.958750666666667	0.9878294310573615	0.9193698292453452	0.4332492137926887	0.7636779799073213	0.7246912186953758	0.7207271345828166	Specialization	Specialization	Specialization	Specialization	classified
TD	Pbre1_10G386800	Pbre1_10G387000	Prupe.4G120600.1	17.567052833333335	0.014489833333333334	34.270854	0.9067065390454475	1.0	0.4434225347285404	0.7576087548607684	0.8630296512887246	0.7569590386160528	Specialization	Neofunctionalization(Child)	Neofunctionalization(Child)	discordant	classified
TD	Pbre1_10G402800	Pbre1_10G403000	Prupe.4G111600.1	1.168248	2.4169915	1.908915	0.46539682473142063	0.6843108803425991	0.34841217972024385	0.2097655639591756	0.33997643982627246	0.28591855681307804	Conservation	Specialization	Specialization	discordant	classified
TD	Pbre1_10G409600	Pbre1_10G409800	Prupe.4G106200.1	0.3071603333333333	0.19903983333333333	14.324546333333334	0.9700540003693184	0.9511978758134191	0.5187166164532888	0.8914777107225245	0.82031784334632	0.8630853052073266	Specialization	Specialization	Specialization	Specialization	classified
TD	Pbre1_10G417000	Pbre1_10G417200	Prupe.4G101600.1	179.3573515	198.82207416666665	572.776243	0.37093653840963264	0.505109416135771	0.5660616648271046	0.19789388976050212	0.26133413599747063	0.22989237760560627	Conservation	Conservation	Conservation	Conservation	classified
TD	Pbre1_10G420600	Pbre1_10G420800	Prupe.4G096600.1	7.90016	7.551508666666666	21.590831666666666	0.6545731960603952	0.862809268362293	0.668279610121212	0.4685750039334976	0.6269853109909451	0.5320224976043406	Specialization	Neofunctionalization(Child)	Conservation	discordant	classified
TD	Pbre1_10G424200	Pbre1_10G424400	Prupe.4G093200.1	NA	NA	NA	NA	NA	NA	NA	NA	NA	NA	NA	NA	NA	missing_expression_record
TD	Pbre1_10G436800	Pbre1_10G437000	Prupe.4G086300.1	76.39588966666666	0.1012985	70.77245633333334	0.45335364828893426	0.8297885170611667	0.6138271582306256	0.15237872745301217	0.6049596445024055	0.1522451549080428	Neofunctionalization(Child)	Neofunctionalization(Child)	Neofunctionalization(Child)	Neofunctionalization(Child)	classified
TD	Pbre1_10G437200	Pbre1_10G437400	Prupe.4G086200.1	0.012025666666666665	0.05700116666666666	0.0496735	1.0	0.9779016683009825	0.8963923538070523	1.2225541562850792	0.31949000547730816	0.28763110590215923	Neofunctionalization(Parent)	Conservation	Conservation	discordant	classified
TD	Pbre1_10G460200	Pbre1_10G460400	Prupe.4G073000.1	0.7891185000000001	0.30387749999999997	6.4547419999999995	0.7344145212535289	0.8902238457290913	0.7126450325935594	0.19166242343247716	0.5033279522963768	0.1326436981265823	Neofunctionalization(Child)	Neofunctionalization(Child)	Specialization	Neofunctionalization(Child)	classified
TD	Pbre1_10G465400	Pbre1_10G465600	Prupe.4G070300.1	1.9834225	68.1890595	35.106803	0.5728182698783956	0.3967607991089682	0.7698383433490081	0.30642364488910606	0.3678183919219817	0.3651434755800884	Conservation	Neofunctionalization(Parent)	Neofunctionalization(Parent)	discordant	classified
TD	Pbre1_10G466600	Pbre1_10G466800	Prupe.4G069900.1	NA	NA	NA	NA	NA	NA	NA	NA	NA	NA	NA	NA	NA	missing_expression_record
TD	Pbre1_10G482600	Pbre1_10G482800	Prupe.4G059600.1	0.09555616666666666	0.11413733333333333	5.786390166666666	0.9105250402653727	0.7167920860542814	0.9386498572555041	1.055795635231399	0.45173007716758445	0.7055462783975557	Specialization	Specialization	Specialization	Specialization	classified
TD	Pbre1_10G488200	Pbre1_10G488400	Prupe.4G056800.1	7.0191765	1.7915948333333334	2.8939008333333334	0.9987272930211326	0.9309481704054898	0.9992776916744669	0.005699749603530994	0.3514175060640213	0.07410198722526157	Conservation	Neofunctionalization(Child)	Neofunctionalization(Child)	discordant	classified
TD	Pbre1_10G503200	Pbre1_10G503400	Prupe.4G049000.1	NA	NA	NA	NA	NA	NA	NA	NA	NA	NA	NA	NA	NA	missing_expression_record
TD	Pbre1_10G518600	Pbre1_10G518800	Prupe.4G041100.1	NA	NA	NA	NA	NA	NA	NA	NA	NA	NA	NA	NA	NA	missing_expression_record
TD	Pbre1_10G569800	Pbre1_10G570000	Prupe.4G013200.1	0.08972283333333333	0.0	0.041314833333333335	0.9843507834422589	NA	0.7129929961395272	NA	NA	NA	NA	NA	NA	NA	all_zero_expression_profile
TD	Pbre1_10G578400	Pbre1_10G578600	Prupe.4G009400.1	46.50880183333333	142.64197233333334	4.729080166666667	0.9978575396871447	0.5749597074994435	0.8128222912552048	1.1389504928255652	0.28808388073802577	0.48083090641580695	Neofunctionalization(Parent)	Specialization	Neofunctionalization(Parent)	discordant	classified
TD	Pbre1_11G007400	Pbre1_11G007600	Prupe.6G003900.1	0.9106841666666666	96.65418650000001	137.646116	0.7000489510745447	0.3191140731130081	0.4394568891184202	0.41731412709619975	0.18496119130737543	0.1837615648691117	Neofunctionalization(Parent)	Neofunctionalization(Parent)	Neofunctionalization(Parent)	Neofunctionalization(Parent)	classified
TD	Pbre1_11G010800	Pbre1_11G011000	Prupe.6G005300.1	33.282723833333336	35.703815166666665	74.52577316666667	0.7208619714222883	0.7407293743840666	0.6781430188283963	0.2591420075867548	0.2813214896068116	0.2695701446937431	Conservation	Conservation	Conservation	Conservation	classified
TD	Pbre1_11G027400	Pbre1_11G027600	Prupe.6G015500.1	2.8628386666666668	6.697708333333333	1.4014788333333332	0.8503776441578909	0.6029786996973017	0.7171095621962686	0.6651863341203706	0.5186818365921242	0.533525262593766	Specialization	Specialization	Specialization	Specialization	classified
TD	Pbre1_11G032800	Pbre1_11G033000	Prupe.6G017800.1	1.6090541666666667	23.694416666666665	43.706755666666666	0.5819960395050885	0.43619125292002725	0.33867608931559984	0.20785674255646133	0.13790518947391428	0.12283112051917097	Conservation	Neofunctionalization(Parent)	Neofunctionalization(Parent)	discordant	classified
TD	Pbre1_11G043600	Pbre1_11G043800	Prupe.6G023300.1	118.11624533333334	134.2610475	413.91700333333335	0.26615986826890764	0.15794839884968007	0.7032140251126116	0.25200279936089626	0.2650838324163619	0.2571979200657243	Conservation	Conservation	Conservation	Conservation	classified
TD	Pbre1_11G051800	Pbre1_11G052000	Prupe.6G027100.1	22.468791666666668	4.966499499999999	9.210415	0.5832782659315197	0.8739316127321736	0.6231363569153217	0.3314901405478617	0.5260915877735586	0.34910129278898455	Neofunctionalization(Child)	Conservation	Conservation	discordant	classified
TD	Pbre1_11G089000	Pbre1_11G089200	Prupe.6G049300.1	NA	NA	NA	NA	NA	NA	NA	NA	NA	NA	NA	NA	NA	missing_expression_record
TD	Pbre1_11G093600	Pbre1_11G093800	Prupe.6G051500.1	107.35473933333333	82.89511283333333	58.16297933333333	0.6427784840084572	0.42040733265648145	0.511715980626042	0.30353215052093463	0.2738239204657588	0.2819558853141922	Conservation	Conservation	Conservation	Conservation	classified
TD	Pbre1_11G096000	Pbre1_11G096200	Prupe.6G052800.1	1.1211156666666666	8.275355	1.4599306666666667	0.7014447789955438	0.8085317649835924	0.8089353585431704	0.5962525544914101	0.7081156889852913	0.6921769221389392	Specialization	Specialization	Specialization	Specialization	classified
TD	Pbre1_11G096400	Pbre1_11G096600	Prupe.6G053100.1	8.524177	4.4807265	19.285471333333334	0.4365624708925334	0.4924464854661858	0.6678903739324988	0.2187382702020238	0.41974363535682985	0.2802697456998645	Neofunctionalization(Child)	Neofunctionalization(Child)	Conservation	Neofunctionalization(Child)	classified
TD	Pbre1_11G107400	Pbre1_11G107600	Prupe.6G057300.1	0.2713705	0.11265216666666666	0.06769233333333334	0.8713396122823024	0.8387684480275339	0.9777032204391707	0.9690828650415296	0.9941496560523674	0.9737725529305604	Specialization	Conservation	Neofunctionalization(Parent)	discordant	classified
TD	Pbre1_11G117800	Pbre1_11G117600	Prupe.6G061000.1	1.5165681666666666	3.8504885	19.187604333333333	0.9726711772300657	0.6754641808488114	0.5686028830436505	0.6315244941576922	0.11881328068557093	0.15250324667133403	Neofunctionalization(Parent)	Neofunctionalization(Parent)	Neofunctionalization(Parent)	Neofunctionalization(Parent)	classified
TD	Pbre1_11G130400	Pbre1_11G130600	Prupe.6G066900.1	19.114578	3.62356	23.6407885	0.7969456599483135	0.862738713002083	0.863062550705061	0.30341222029558085	0.09753503444580182	0.26538944882186327	Conservation	Specialization	Neofunctionalization(Child)	discordant	classified
TD	Pbre1_11G144200	Pbre1_11G144400	Prupe.6G073400.1	19.063839666666667	8.394292	36.00245666666667	0.8332515786307868	0.704348710496781	0.4151119161317105	0.3299226594075625	0.1746969884664654	0.2764273319690187	Conservation	Conservation	Conservation	Conservation	classified
TD	Pbre1_11G153200	Pbre1_11G153400	Prupe.6G077800.1	128.006349	4945.121361833333	963.8263408333333	0.8946736237237513	0.8235266674490187	0.5578553628400277	0.46760001719918776	0.6403228622978717	0.6323330840178696	Specialization	Neofunctionalization(Parent)	Neofunctionalization(Parent)	discordant	classified
TD	Pbre1_11G159200	Pbre1_11G159400	Prupe.6G081000.1	3.676589666666667	0.0	1.6213545	0.9914535871230576	NA	0.9858318901354837	NA	NA	NA	NA	NA	NA	NA	all_zero_expression_profile
TD	Pbre1_11G168800	Pbre1_11G169000	Prupe.6G086200.1	3.7883398333333336	1.1816613333333335	3.530327166666667	0.8712274700621159	0.9913403807039896	0.9998714212734725	0.4421708597204677	1.380155556961892	0.6137006759287913	Specialization	Specialization	Specialization	Specialization	classified
TD	Pbre1_11G177800	Pbre1_11G178000	Prupe.6G089500.1	12.152423	0.005708833333333333	7.661529833333334	0.43602764127448773	1.0	0.4859448937507567	0.17027925647683081	0.9998621872814145	0.1704591504425754	Neofunctionalization(Child)	Neofunctionalization(Child)	Neofunctionalization(Child)	Neofunctionalization(Child)	classified
TD	Pbre1_11G181200	Pbre1_11G181400	Prupe.6G090700.1	0.13771066666666668	7.881949333333333	2.9500075000000003	0.7317543118959308	0.6286655021719053	0.8190970276839362	0.6227257540796435	0.506254837740783	0.5061566045045196	Specialization	Specialization	Specialization	Specialization	classified
TD	Pbre1_11G183800	Pbre1_11G184000	Prupe.6G091800.1	0.2934448333333333	1.5125913333333334	2.529698	0.6384341455401981	0.7724980457392405	0.6456795919451792	0.25648173965745885	0.2061374082664033	0.1733633063162643	Conservation	Neofunctionalization(Parent)	Neofunctionalization(Parent)	discordant	classified
TD	Pbre1_11G187200	Pbre1_11G187400	Prupe.6G093100.1	0.0	0.07336133333333333	2.6635855	NA	0.9688812345432684	0.9794045771149223	NA	NA	NA	NA	NA	NA	NA	all_zero_expression_profile
TD	Pbre1_11G189800	Pbre1_11G190000	Prupe.6G094200.1	0.033556333333333334	5.160474333333333	13.9360185	1.0	0.584350723197137	0.5291402972723857	0.7807746433179971	0.2562569624150477	0.25587368026129165	Neofunctionalization(Parent)	Neofunctionalization(Parent)	Neofunctionalization(Parent)	Neofunctionalization(Parent)	classified
TD	Pbre1_11G225600	Pbre1_11G225800	Prupe.6G115100.1	3.6463886666666667	0.004196833333333334	4.122747	0.9894777418284579	0.8774767851424912	0.6142260307944488	0.7010133318750107	0.5528938579998393	0.6997107802842311	Specialization	Specialization	Specialization	Specialization	classified
TD	Pbre1_11G226400	Pbre1_11G226600	Prupe.6G115400.1	24.402373166666667	0.012590166666666666	68.34882	0.38769806810777796	0.9548484455117803	0.6621238373498146	0.16103954510714308	0.7571824478687338	0.1611280939674921	Neofunctionalization(Child)	Neofunctionalization(Child)	Neofunctionalization(Child)	Neofunctionalization(Child)	classified
TD	Pbre1_11G271200	Pbre1_11G271400	Prupe.6G149100.1	8.890949666666668	26.321720833333334	3.777491	0.9729247280543689	0.7021038849767447	0.5831562471806173	0.8444935291823858	0.4372706722076353	0.4985468555449114	Specialization	Specialization	Neofunctionalization(Parent)	Specialization	classified
TD	Pbre1_11G351800	Pbre1_11G352000	Prupe.4G215500.1	0.1986705	0.14449016666666667	2.4985395	0.844931661089044	0.9108283314126181	0.917078677343439	0.8684253972626306	0.9803844002589149	0.9139766922796521	Specialization	Specialization	Specialization	Specialization	classified
TD	Pbre1_11G368800	Pbre1_11G369000	Prupe.4G205600.1	1.7241885	17.581552666666667	40.889829999999996	0.8109998962178164	0.2620136170292981	0.2686034813965357	0.4004901414510358	0.12974197984895514	0.10681447782082883	Neofunctionalization(Parent)	Neofunctionalization(Parent)	Neofunctionalization(Parent)	Neofunctionalization(Parent)	classified
TD	Pbre1_11G390200	Pbre1_11G390400	Prupe.4G189400.1	7.434470166666666	1.1884385	2.5100695	0.677792347666873	0.8087700720775983	0.6263415085657869	0.32221294445568965	0.4149183462737258	0.32852133569321984	Neofunctionalization(Child)	Specialization	Specialization	discordant	classified
TD	Pbre1_11G396000	Pbre1_11G396200	Prupe.4G186400.1	13.0670315	0.510915	0.36526516666666664	0.5726803101689203	0.9086732591970647	0.9736156160002645	0.7272179795291718	0.3017617439369815	0.7068648415024702	Neofunctionalization(Parent)	Neofunctionalization(Parent)	Specialization	Neofunctionalization(Parent)	classified
TD	Pbre1_11G408600	Pbre1_11G408800	Prupe.4G180600.1	173.66795083333332	0.15834700000000002	188.80576383333334	0.3210402401715323	0.8550625190606892	0.3247255024633458	0.17055800033561025	0.5358330975901567	0.17065203778463697	Neofunctionalization(Child)	Neofunctionalization(Child)	Neofunctionalization(Child)	Neofunctionalization(Child)	classified
TD	Pbre1_11G411200	Pbre1_11G411400	Prupe.4G178700.1	0.28979583333333336	0.9653986666666666	60.0086945	0.8374988142655064	0.8983426110658899	0.8074980203188129	0.3912962883437965	0.6165860020697049	0.5641187929638892	Neofunctionalization(Child)	Specialization	Specialization	discordant	classified
TD	Pbre1_11G411600	Pbre1_11G411800	Prupe.4G178100.1	1.3223816666666668	5.378701333333333	7.602689333333333	0.8264810281517748	0.8265992192327006	0.8279438793643271	0.6853872103132675	0.5710174214526329	0.5848937285234481	Specialization	Specialization	Specialization	Specialization	classified
TD	Pbre1_11G448200	Pbre1_11G448400	Prupe.4G155400.1	18.019162	0.0	25.618746666666667	0.3287954238842672	NA	0.8248328344344644	NA	NA	NA	NA	NA	NA	NA	all_zero_expression_profile
TD	Pbre1_11G495600	Pbre1_11G495800	Prupe.8G252000.1	0.0	0.0075045	0.010828833333333333	NA	0.8272445051533589	0.8989760934025204	NA	NA	NA	NA	NA	NA	NA	all_zero_expression_profile
TD	Pbre1_11G507600	Pbre1_11G507800	Prupe.8G259000.1	38.121114	2.4256741666666666	53.476629	0.2846304714737677	0.8688812468354812	0.3447880068414343	0.09321840126447939	0.486772402404429	0.10934063552094513	Neofunctionalization(Child)	Neofunctionalization(Child)	Neofunctionalization(Child)	Neofunctionalization(Child)	classified
TD	Pbre1_11G509600	Pbre1_11G509800	Prupe.8G264900.1	42.75874	46.09498716666667	208.41589733333333	0.6440719609119239	0.728654826566461	0.3968992812225246	0.41437014926458227	0.468442660173081	0.39560865299856934	Specialization	Conservation	Conservation	discordant	classified
TD	Pbre1_12G008400	Pbre1_12G008600	Prupe.7G004600.1	16.6260825	66.82822366666667	66.89867149999999	0.4373330995914665	0.8573385973225569	0.4896709944300093	0.25530055162243687	0.5526508354101413	0.47773194246184797	Neofunctionalization(Child)	Conservation	Conservation	discordant	classified
TD	Pbre1_12G013200	Pbre1_12G013400	Prupe.7G008300.1	2.4935483333333335	0.8305726666666666	2.0342801666666666	0.5181818078245108	0.7878274584792966	0.5817593473606952	0.18410389242899267	0.3509478705215232	0.218706956877528	Conservation	Neofunctionalization(Child)	Neofunctionalization(Child)	discordant	classified
TD	Pbre1_12G053800	Pbre1_12G054000	Prupe.7G102900.1	1.450308	3.1518125	0.13448083333333333	0.9875912507644786	0.9461116673005749	0.7211492868142988	0.7365121997156969	0.6233017362434853	0.6555413679884295	Specialization	Specialization	Specialization	Specialization	classified
TD	Pbre1_12G055800	Pbre1_12G056000	Prupe.7G102000.1	3.1098221666666666	2.5165463333333333	1.6685776666666665	0.9150948218958332	0.9707105639757228	0.943400028449976	0.14828225064140277	0.11587332244107118	0.08625721961617853	Conservation	Neofunctionalization(Parent)	Specialization	discordant	classified
TD	Pbre1_12G057400	Pbre1_12G057600	Prupe.7G101300.1	0.562212	1.5297045	4.9483025	1.0	1.0	1.0	0.0	0.0	0.0	Conservation	Conservation	Conservation	Conservation	classified
TD	Pbre1_12G082800	Pbre1_12G083000	Prupe.7G087600.1	46.026435	6.348733833333333	71.04603949999999	0.325272927955667	0.8362562424097512	0.3436465326267866	0.17921925575634906	0.6431161875834336	0.22773348775655944	Neofunctionalization(Child)	Neofunctionalization(Child)	Conservation	Neofunctionalization(Child)	classified
TD	Pbre1_12G095800	Pbre1_12G096000	Prupe.7G077800.1	NA	NA	NA	NA	NA	NA	NA	NA	NA	NA	NA	NA	NA	missing_expression_record
TD	Pbre1_12G104000	Pbre1_12G104200	Prupe.7G073300.1	2.898998166666667	5.8115925	16.8247955	0.9126171778837019	0.9190830858025221	0.9023499118781387	0.03525412195382174	0.054913427066689634	0.04366005852911862	Conservation	Neofunctionalization(Parent)	Neofunctionalization(Parent)	discordant	classified
TD	Pbre1_12G221600	Pbre1_12G221800	Prupe.6G245600.1	0.0059331666666666665	11.262110333333332	13.641896666666666	1.0	0.8022214559074822	0.9313078830328253	0.2938667767925342	0.8457415918300257	0.8452024133930304	Neofunctionalization(Child)	Specialization	Specialization	discordant	classified
TD	Pbre1_12G258600	Pbre1_12G258400	Prupe.6G263100.1	0.06369333333333334	0.786525	0.5097613333333333	1.0	0.9009636155448353	0.9272484226953516	0.335453695567702	0.9114644982066602	0.8317707605188658	Neofunctionalization(Child)	Specialization	Specialization	discordant	classified
TD	Pbre1_12G266000	Pbre1_12G266200	Prupe.6G267800.1	0.0	44.524387000000004	34.3098355	NA	0.7705593732867952	0.7492459769337249	NA	NA	NA	NA	NA	NA	NA	all_zero_expression_profile
TD	Pbre1_12G282800	Pbre1_12G283000	Prupe.6G277900.1	52.863653166666666	95.614977	102.58004783333334	0.15044812248637723	0.9195789042838165	0.3432953440737704	0.06158492774444278	0.6011458173750107	0.39633628633417356	Neofunctionalization(Child)	Conservation	Conservation	discordant	classified
TD	Pbre1_12G294600	Pbre1_12G294800	Prupe.6G282800.1	0.2315585	0.5225478333333333	23.76268566666667	0.8950003896598545	0.9839614873389593	0.9987117923607405	0.37913030784663593	0.08316735934453881	0.17162718913782285	Conservation	Neofunctionalization(Parent)	Specialization	discordant	classified
TD	Pbre1_12G305800	Pbre1_12G306000	Prupe.6G288100.1	15.605781666666667	6.662065833333333	42.348640333333336	0.34427927760792576	0.6058206319061595	0.7040937835798913	0.28516597066891497	0.34045968259078574	0.287215071648677	Conservation	Conservation	Conservation	Conservation	classified
TD	Pbre1_12G312000	Pbre1_12G312200	Prupe.6G292600.1	NA	NA	NA	NA	NA	NA	NA	NA	NA	NA	NA	NA	NA	missing_expression_record
TD	Pbre1_12G331200	Pbre1_12G331400	Prupe.6G303600.1	1176.4133776666667	652.1745099999999	617.228787	0.7733934509313579	0.6075956186171713	0.6712491099991084	0.21626189590544886	0.33049163825338723	0.21444382944372417	Conservation	Conservation	Conservation	Conservation	classified
TD	Pbre1_12G341600	Pbre1_12G341800	Prupe.6G310800.1	0.05298533333333333	39.555015	38.588883	0.951144231484272	0.37857788845899776	0.5558606463739093	0.8256600883258308	0.11163940920066136	0.112263484093003	Neofunctionalization(Parent)	Neofunctionalization(Parent)	Neofunctionalization(Parent)	Neofunctionalization(Parent)	classified
TD	Pbre1_12G359200	Pbre1_12G359400	Prupe.6G322000.1	19.895445333333335	0.441957	64.70921133333334	0.9589673331217791	0.7660877334223496	0.8863401971157682	0.9799402420531422	0.4263094660245023	0.9675036486751679	Specialization	Specialization	Specialization	Specialization	classified
TD	Pbre1_12G368600	Pbre1_12G368800	Prupe.6G327000.1	30.814413833333333	0.19641433333333333	53.156223833333335	0.4611665103573926	0.8842517870730584	0.482646539007246	0.1925932247589864	0.6056491419724156	0.19498414077428494	Neofunctionalization(Child)	Neofunctionalization(Child)	Neofunctionalization(Child)	Neofunctionalization(Child)	classified
TD	Pbre1_12G370000	Pbre1_12G370200	Prupe.6G327700.1	42.43308866666667	24.939065666666668	28.258604833333333	0.8485495219700677	0.4243464904160774	0.24122769515133627	0.494555832234664	0.25690228362156076	0.38175878313950395	Neofunctionalization(Parent)	Conservation	Conservation	discordant	classified
TD	Pbre1_12G378400	Pbre1_12G378600	Prupe.6G332600.1	0.245597	3.7930813333333333	22.8805295	0.8921028300516823	0.728057253195753	0.2958016012793373	0.5806602987186564	0.34245469216885704	0.3273406406135154	Neofunctionalization(Parent)	Neofunctionalization(Parent)	Neofunctionalization(Parent)	Neofunctionalization(Parent)	classified
TD	Pbre1_12G379800	Pbre1_12G380000	Prupe.6G333400.1	1.3755465	3.015849333333333	1.1205238333333334	0.7617175651161704	0.5522467914102546	0.6526418242604859	0.44990947593566605	0.39273791517960505	0.36716252116971737	Subfunctionalization	Specialization	Specialization	discordant	classified
TD	Pbre1_12G389800	Pbre1_12G390000	Prupe.6G337400.1	NA	NA	NA	NA	NA	NA	NA	NA	NA	NA	NA	NA	NA	missing_expression_record
TD	Pbre1_12G397000	Pbre1_12G397200	Prupe.6G341900.1	0.0539635	18.1040265	13.1374865	0.9403999262365401	0.46720097377179826	0.9372990885860378	0.2464840797642772	0.5804116913293909	0.5786496298583589	Neofunctionalization(Child)	Neofunctionalization(Parent)	Neofunctionalization(Parent)	discordant	classified
TD	Pbre1_12G420400	Pbre1_12G420600	Prupe.6G355800.1	2.0852383333333333	0.6818971666666667	13.811071333333333	0.8286259558412226	0.624155208789291	0.6677267712890608	0.4112171727514941	0.43588550131307296	0.4005173145544978	Specialization	Specialization	Specialization	Specialization	classified
TD	Pbre1_12G434000	Pbre1_12G434200	Prupe.6G362400.1	0.004502	0.13929249999999999	15.909213833333334	1.0	0.9006811857359278	0.7511537742469347	1.1441740958983058	0.7464040656918128	0.7344693499694517	Specialization	Specialization	Specialization	Specialization	classified
TD	Pbre1_13G019800	Pbre1_13G019600	Prupe.1G341600.1	10.675978833333334	5.282168833333333	72.76278733333334	0.9302978859356023	0.9003482682929965	0.7499246498540746	0.6472946539207204	0.5828521197429144	0.6254436080300567	Specialization	Specialization	Specialization	Specialization	classified
TD	Pbre1_13G035800	Pbre1_13G036000	Prupe.1G331900.1	3.2968941666666667	12.626349	73.26844766666666	0.9473296289916817	0.830670325117987	0.8972122786225107	0.9515000458656323	0.8067663664823858	0.8276983405307397	Specialization	Specialization	Neofunctionalization(Parent)	Specialization	classified
TD	Pbre1_13G038600	Pbre1_13G038800	Prupe.1G330900.1	14.076933666666667	0.9620595000000001	25.1041745	0.6739499323313514	0.9985914134138826	0.6647021719313895	0.5567681911330983	1.0711326176876144	0.5741546547657673	Specialization	Specialization	Specialization	Specialization	classified
TD	Pbre1_13G048800	Pbre1_13G049000	Prupe.1G323200.1	50.23251883333333	2.8128203333333333	27.747001166666667	0.6370789711071148	0.9885338374363121	0.737754421502801	0.3611793997364091	1.0321197722121915	0.35570463555099424	Neofunctionalization(Child)	Neofunctionalization(Child)	Neofunctionalization(Child)	Neofunctionalization(Child)	classified
TD	Pbre1_13G062000	Pbre1_13G062200	Prupe.1G315000.1	1.5997478333333335	0.19726749999999998	35.9194735	0.6396285903357475	0.8865544171117896	0.6530128956790304	0.4271808850569368	0.5578960375944053	0.43114956839617985	Specialization	Specialization	Specialization	Specialization	classified
TD	Pbre1_13G070600	Pbre1_13G070800	Prupe.1G310300.1	1.5321558333333334	8.017657166666666	6.500270166666667	0.8274489739678484	0.9885903938201839	0.9081625924740055	0.747375920231895	0.9482126081665814	0.9019332651936425	Specialization	Specialization	Specialization	Specialization	classified
TD	Pbre1_13G073200	Pbre1_13G073400	Prupe.1G309300.1	0.024715166666666667	327.74094049999997	82.19040983333333	0.771877300613497	0.8316961659565527	0.8114946411399157	0.6329941050960768	0.673391003692129	0.6733669329465501	Specialization	Specialization	Specialization	Specialization	classified
TD	Pbre1_13G088200	Pbre1_13G088400	Prupe.1G301000.1	70.58697983333333	3.7888571666666664	27.767628166666665	0.9593738829626792	0.9853992042460351	0.9802138528271762	0.12779502755102792	0.07729349929464298	0.12149128954905655	Conservation	Specialization	Specialization	discordant	classified
TD	Pbre1_13G113000	Pbre1_13G113200	Prupe.1G282500.1	NA	NA	NA	NA	NA	NA	NA	NA	NA	NA	NA	NA	NA	missing_expression_record
TD	Pbre1_13G125600	Pbre1_13G125800	Prupe.1G275100.1	0.019125	2.2231193333333334	5.192377666666666	0.854049654049654	0.7732564054492788	0.8484318908620212	0.29207635921717995	0.2362295881214028	0.23621741796929338	Conservation	Specialization	Specialization	discordant	classified
TD	Pbre1_13G133800	Pbre1_13G134000	Prupe.1G269400.1	0.08851016666666667	0.14590516666666667	0.07875116666666666	0.9492179900076501	0.9013047409454595	0.7335153172542477	0.8165391489835542	0.6927414378929265	0.6313250586328206	Specialization	Conservation	Neofunctionalization(Child)	discordant	classified
TD	Pbre1_13G139400	Pbre1_13G139600	Prupe.1G265600.1	8.970325166666667	0.17485466666666666	99.73151916666667	0.9384382628303726	0.8196096489160741	0.7731886657674936	0.8015634167506211	0.6062786643976225	0.797204365100003	Specialization	Specialization	Specialization	Specialization	classified
TD	Pbre1_13G156000	Pbre1_13G156200	Prupe.1G255500.1	NA	NA	NA	NA	NA	NA	NA	NA	NA	NA	NA	NA	NA	missing_expression_record
TD	Pbre1_13G159200	Pbre1_13G159400	Prupe.1G253400.1	0.0	0.0260385	5.0170580000000005	NA	0.7553408282339548	0.8882797782464837	NA	NA	NA	NA	NA	NA	NA	all_zero_expression_profile
TD	Pbre1_13G160400	Pbre1_13G160600	Prupe.1G252800.1	0.019214333333333333	19.7823785	15.565754833333333	0.9092811841989132	0.8516866778953982	0.5536635203553592	0.6557879776218044	0.33742471971508575	0.33676406809542686	Neofunctionalization(Parent)	Neofunctionalization(Parent)	Neofunctionalization(Parent)	Neofunctionalization(Parent)	classified
TD	Pbre1_13G169200	Pbre1_13G169400	Prupe.1G247700.1	0.010023166666666666	0.4072456666666667	4.485255833333333	1.0	0.3378839385733565	0.8999763484254311	0.44600883039523104	0.5227792329196811	0.5046683974518211	Specialization	Specialization	Specialization	Specialization	classified
TD	Pbre1_13G170600	Pbre1_13G170800	Prupe.1G247000.1	32.427058333333335	0.4092055	43.221008833333336	0.5205287825888443	0.7827960040577946	0.550798260799796	0.3271674379110782	0.4678034679235131	0.3262086117865842	Neofunctionalization(Child)	Neofunctionalization(Child)	Neofunctionalization(Child)	Neofunctionalization(Child)	classified
TD	Pbre1_13G179800	Pbre1_13G180000	Prupe.1G241800.1	257.29733650000003	4.575762500000001	102.22283466666667	0.6354758574937334	0.9747818085526323	0.5488163617402531	0.1840979438971385	0.951641216041066	0.1938817141753316	Neofunctionalization(Child)	Neofunctionalization(Child)	Neofunctionalization(Child)	Neofunctionalization(Child)	classified
TD	Pbre1_13G213600	Pbre1_13G213800	Prupe.1G221200.1	0.754146	4.065177	0.0144265	0.7276037316673905	0.5531995406564276	0.7658700504049953	0.735902996171473	0.6207133326905035	0.6362369309037229	Specialization	Specialization	Specialization	Specialization	classified
TD	Pbre1_13G223000	Pbre1_13G223200	Prupe.1G215000.1	4.1357566666666665	0.0852465	6.218037666666667	0.22986859880755475	0.9080182674468389	0.4134214683321729	0.12217052618918967	0.5050189941312583	0.11191089445789497	Neofunctionalization(Child)	Neofunctionalization(Child)	Neofunctionalization(Child)	Neofunctionalization(Child)	classified
TD	Pbre1_13G236200	Pbre1_13G236400	Prupe.1G207900.1	1.5642841666666667	1.3809253333333333	0.5473365	0.7994540437379546	0.9618890011111585	0.596532470646822	0.4959640010624856	0.746807927053781	0.4797144189753464	Specialization	Specialization	Specialization	Specialization	classified
TD	Pbre1_13G252600	Pbre1_13G252800	Prupe.1G113100.1	0.0	0.0	49.38731533333333	NA	NA	0.9350609601908616	NA	NA	NA	NA	NA	NA	NA	all_zero_expression_profile
TD	Pbre1_13G264000	Pbre1_13G264200	Prupe.1G122600.1	25.644666333333333	125.63915566666667	151.77947516666666	0.39956361681888175	0.41138151792837574	0.3651046159584385	0.16891332942383114	0.14827210889568218	0.136255945409356	Conservation	Conservation	Conservation	Conservation	classified
TD	Pbre1_13G272400	Pbre1_13G272600	Prupe.1G129400.1	4.581916166666667	33.73248666666667	33.540575	0.17802133176011464	0.1799003830585325	0.37148028274006334	0.10928857564766861	0.1282000507602097	0.12519454950850212	Conservation	Conservation	Conservation	Conservation	classified
TD	Pbre1_13G287200	Pbre1_13G287400	Prupe.1G138000.1	NA	NA	NA	NA	NA	NA	NA	NA	NA	NA	NA	NA	NA	missing_expression_record
TD	Pbre1_13G402200	Pbre1_13G402400	Prupe.1G070800.1	NA	NA	NA	NA	NA	NA	NA	NA	NA	NA	NA	NA	NA	missing_expression_record
TD	Pbre1_13G409200	Pbre1_13G409400	Prupe.1G075600.1	333.5366011666667	44.85896266666667	174.86413383333334	0.5285837517360148	0.38022046384372954	0.34176717336633966	0.1860038899531488	0.18527839183231967	0.1831435794749534	Conservation	Conservation	Conservation	Conservation	classified
TD	Pbre1_13G435600	Pbre1_13G435800	Prupe.1G092000.1	8.083442166666666	10.427521333333333	3.9088046666666667	0.5758842073614174	0.9312408840522324	0.8800782561088306	0.41252371607487187	0.26222988663292396	0.23724696679049648	Neofunctionalization(Parent)	Neofunctionalization(Parent)	Specialization	Neofunctionalization(Parent)	classified
TD	Pbre1_13G486000	Pbre1_13G486200	Prupe.1G002900.1	3.7653209999999997	13.103263833333333	117.06058216666666	0.9676457828990769	0.9024666617178433	0.6487829331940025	0.6705225874111561	0.5622664700839278	0.5793169989742368	Specialization	Specialization	Specialization	Specialization	classified
TD	Pbre1_14G030400	Pbre1_14G030600	Prupe.7G115200.1	43.38558016666667	11.874312833333333	8.136589666666667	0.4989204567069107	0.7096717628540448	0.7321571635231122	0.3706937922462796	0.36821156147581807	0.3325271541763029	Conservation	Conservation	Conservation	Conservation	classified
TD	Pbre1_14G036800	Pbre1_14G037000	Prupe.7G112400.1	0.5808331666666666	15.8253865	85.49488333333333	0.8226077003211897	0.3064068919896769	0.506677652000796	0.5622857998671261	0.17498814989609815	0.18177304463785782	Neofunctionalization(Parent)	Neofunctionalization(Parent)	Neofunctionalization(Parent)	Neofunctionalization(Parent)	classified
TD	Pbre1_14G051200	Pbre1_14G051400	Prupe.7G102600.1	3.4500188333333335	0.34032416666666665	18.0308065	0.2102738275275294	0.5579475779319192	0.2836241222745485	0.1551132950752607	0.25976551822173594	0.14550745505198057	Conservation	Neofunctionalization(Child)	Neofunctionalization(Child)	discordant	classified
TD	Pbre1_14G052400	Pbre1_14G052600	Prupe.7G102000.1	0.065851	0.030932666666666667	1.6685776666666665	0.9548894196470114	1.0	0.943400028449976	0.08739442809108956	1.2473352125072181	0.36914754464393323	Neofunctionalization(Child)	Specialization	Specialization	discordant	classified
TD	Pbre1_14G080600	Pbre1_14G080800	Prupe.7G087600.1	49.67175983333333	0.0092595	71.04603949999999	0.5118187626398484	1.0	0.3436465326267866	0.188382368074944	0.8476155615579485	0.18824648464823512	Neofunctionalization(Child)	Neofunctionalization(Child)	Neofunctionalization(Child)	Neofunctionalization(Child)	classified
TD	Pbre1_14G093000	Pbre1_14G093200	Prupe.7G082300.1	NA	NA	NA	NA	NA	NA	NA	NA	NA	NA	NA	NA	NA	missing_expression_record
TD	Pbre1_14G097600	Pbre1_14G097800	Prupe.7G078000.1	0.005813833333333333	0.0019683333333333332	5.1688725	0.8756276734238423	1.0	0.8299031965462508	0.8216233030122875	1.1182363942788063	0.8746647884145559	Specialization	Specialization	Specialization	Specialization	classified
TD	Pbre1_14G099800	Pbre1_14G100000	Prupe.7G081300.1	0.0084305	0.0	0.0	0.819990984899707	NA	NA	NA	NA	NA	NA	NA	NA	NA	all_zero_expression_profile
TD	Pbre1_14G112200	Pbre1_14G112400	Prupe.7G069100.1	NA	NA	NA	NA	NA	NA	NA	NA	NA	NA	NA	NA	NA	missing_expression_record
TD	Pbre1_14G114800	Pbre1_14G115000	Prupe.7G068100.1	NA	NA	NA	NA	NA	NA	NA	NA	NA	NA	NA	NA	NA	missing_expression_record
TD	Pbre1_14G128200	Pbre1_14G128400	Prupe.7G055600.1	0.06875433333333333	0.0314435	2.1879418333333334	1.0	1.0	0.9992725270514524	0.0044390735096407515	0.0044390735096407515	0.0044390735096407515	Conservation	Specialization	Specialization	discordant	classified
TD	Pbre1_14G132200	Pbre1_14G132400	Prupe.7G055200.1	NA	NA	NA	NA	NA	NA	NA	NA	NA	NA	NA	NA	NA	missing_expression_record
TD	Pbre1_14G133800	Pbre1_14G134000	Prupe.7G054200.1	21.4773335	0.106231	28.2336225	0.5026717325204114	0.9141516859097545	0.5442938043056773	0.26572518869899553	0.6432624821647701	0.266914945574301	Neofunctionalization(Child)	Neofunctionalization(Child)	Neofunctionalization(Child)	Neofunctionalization(Child)	classified
TD	Pbre1_14G136000	Pbre1_14G136200	Prupe.7G053100.1	119.15468683333333	14.5912615	413.0701916666667	0.5941079977259561	0.9767261467215947	0.523375598732852	0.246011722704268	0.6732979014657577	0.25458113509109803	Neofunctionalization(Child)	Neofunctionalization(Child)	Conservation	Neofunctionalization(Child)	classified
TD	Pbre1_14G169200	Pbre1_14G169400	Prupe.7G022800.1	67.13005983333333	52.80773633333333	149.76657533333332	0.2795697002467311	0.47718435657331104	0.4024285913317319	0.16849438724624186	0.21544097480241445	0.18653109941160995	Conservation	Conservation	Conservation	Conservation	classified
TD	Pbre1_14G201400	Pbre1_14G201600	Prupe.5G104100.1	0.052157833333333334	0.0	0.49281833333333336	0.8594144854981771	NA	0.8568812374931027	NA	NA	NA	NA	NA	NA	NA	all_zero_expression_profile
TD	Pbre1_14G209800	Pbre1_14G210000	Prupe.5G107100.1	68.90283633333334	52.66137416666667	75.89120183333333	0.18367389222494584	0.29278904259253774	0.26836652880582407	0.04461169005666926	0.0694854657386675	0.039411625793825275	Conservation	Conservation	Conservation	Conservation	classified
TD	Pbre1_14G240000	Pbre1_14G240200	Prupe.5G125500.1	3.0040248333333333	14.851540333333334	6.5442	0.9313308775095663	0.5008725319966713	0.8038610862464125	0.879285712169141	0.36662203564504536	0.4475805969024036	Neofunctionalization(Parent)	Neofunctionalization(Parent)	Neofunctionalization(Parent)	Neofunctionalization(Parent)	classified
TD	Pbre1_14G244800	Pbre1_14G245000	Prupe.5G127200.1	2.700617333333333	0.013192166666666666	2.976956	0.9995735603456145	0.8792308315772409	0.9990858055319372	0.005383759247623788	1.2022474335769235	0.004008946813805281	Neofunctionalization(Child)	Neofunctionalization(Child)	Neofunctionalization(Child)	Neofunctionalization(Child)	classified
TD	Pbre1_14G260400	Pbre1_14G260600	Prupe.5G134500.1	3.4446573333333332	0.3237803333333333	1.4786318333333333	0.9634129660874782	0.8820630822671648	0.9648342283467845	0.18773054966743857	0.38497812784927277	0.19836377038491046	Conservation	Neofunctionalization(Parent)	Specialization	discordant	classified
TD	Pbre1_14G264200	Pbre1_14G264400	Prupe.5G137400.1	59.11387466666667	0.03673233333333333	19.2256455	0.4121500682665225	0.8531604334038887	0.7055241599063601	0.4477778925056215	0.8465282959467273	0.4479494588544349	Specialization	Specialization	Specialization	Specialization	classified
TD	Pbre1_14G268200	Pbre1_14G268400	Prupe.5G139900.1	90.59896516666666	0.15993716666666666	181.54872916666667	0.525837893327498	0.9410218004976494	0.7843153846172486	0.3367149851851477	0.9102327297418599	0.33723691154652846	Neofunctionalization(Child)	Neofunctionalization(Child)	Neofunctionalization(Child)	Neofunctionalization(Child)	classified
TD	Pbre1_14G294400	Pbre1_14G294600	Prupe.5G153200.1	0.0	0.009490833333333334	0.20340066666666665	NA	0.8220422792287525	0.9067858996290388	NA	NA	NA	NA	NA	NA	NA	all_zero_expression_profile
TD	Pbre1_14G303200	Pbre1_14G303400	Prupe.5G158100.1	0.0023201666666666666	29.137472833333334	46.664701666666666	1.0	0.2730138996081469	0.48694635786086043	1.0204644598804586	0.19301855535785942	0.19305155617067746	Neofunctionalization(Parent)	Neofunctionalization(Parent)	Neofunctionalization(Parent)	Neofunctionalization(Parent)	classified
TD	Pbre1_14G311000	Pbre1_14G311200	Prupe.5G163200.1	0.394233	16.067983333333334	0.2574513333333333	0.9942730559139589	0.9780096997436925	0.9930395905026739	1.3606896335810565	1.3209362041752981	1.321827963856738	Specialization	Specialization	Specialization	Specialization	classified
TD	Pbre1_14G332200	Pbre1_14G332400	Prupe.5G172600.1	0.1686945	30.291767166666666	11.885424	0.7210875952816931	0.6143860998436972	0.5978425699476404	0.47106969058198644	0.30953695982039847	0.3103172685048358	Neofunctionalization(Parent)	Specialization	Neofunctionalization(Parent)	discordant	classified
TD	Pbre1_14G333800	Pbre1_14G334000	Prupe.5G173700.1	0.286061	0.9597611666666667	50.73494183333333	0.970408087509907	0.7403721517532462	0.8354192819299003	1.000118298980413	0.6181063227517327	0.6931390460119004	Specialization	Specialization	Specialization	Specialization	classified
TD	Pbre1_14G334800	Pbre1_14G335000	Prupe.5G174200.1	0.3889821666666667	29.016043	3.9758276666666665	0.9828796373346929	0.9090413978145548	0.8680987485197121	0.3820960015908048	0.7566481317886101	0.7457104695909405	Neofunctionalization(Child)	Specialization	Specialization	discordant	classified
TD	Pbre1_14G354600	Pbre1_14G354800	Prupe.5G185400.1	0.010966833333333334	0.12651583333333333	0.20670833333333333	0.8910243467236401	0.8676808647096292	0.9807287002750062	0.8578587631545861	0.4630603127045841	0.4635344080948238	Specialization	Specialization	Specialization	Specialization	classified
TD	Pbre1_14G371200	Pbre1_14G371400	Prupe.5G195600.1	86.28489733333333	19.133611166666668	109.32515466666666	0.5300434442839961	0.905425756815481	0.4130658217592469	0.20805076144889253	0.4761388504176131	0.2218012694228736	Neofunctionalization(Child)	Conservation	Conservation	discordant	classified
TD	Pbre1_14G373000	Pbre1_14G373200	Prupe.5G197500.1	2.143562833333333	4.626691666666667	49.63142633333333	0.5589114724615661	0.5465474718573805	0.5354372499390337	0.3207593577240752	0.3134271462445049	0.29948549496147475	Conservation	Neofunctionalization(Parent)	Neofunctionalization(Parent)	discordant	classified
TD	Pbre1_14G380000	Pbre1_14G380200	Prupe.5G201200.1	7.275267	9.936808666666666	7.175287166666666	0.3165619431281059	0.21384220245156457	0.4704306532265205	0.19854310769440947	0.20865318323016646	0.20119755294765904	Conservation	Conservation	Conservation	Conservation	classified
TD	Pbre1_14G445200	Pbre1_14G445400	Prupe.5G240500.1	1.067323	38.36204466666667	98.380988	0.39240902533267413	0.3658166883835962	0.4671985626768292	0.29038851538177474	0.1444301850849856	0.14733592441027324	Conservation	Neofunctionalization(Parent)	Neofunctionalization(Parent)	discordant	classified
TD	Pbre1_14G448600	Pbre1_14G448800	Prupe.5G241800.1	6.8527345	0.30577766666666667	103.10788416666666	0.6817857419010761	0.9613579190264232	0.45894649618907996	0.30275124549249144	0.6584982590583579	0.29787321569973796	Neofunctionalization(Child)	Neofunctionalization(Child)	Neofunctionalization(Child)	Neofunctionalization(Child)	classified
TD	Pbre1_15G013000	Pbre1_15G013200	Prupe.1G360900.1	0.5487296666666667	23.2777405	25.395145666666668	0.8642142091862363	0.8045287635775391	0.7798432521274846	0.7856730196446818	0.13288100724678004	0.1248455084482337	Neofunctionalization(Parent)	Neofunctionalization(Parent)	Specialization	Neofunctionalization(Parent)	classified
TD	Pbre1_15G027000	Pbre1_15G027200	Prupe.1G369300.1	14.991351833333333	27.252692666666665	46.89478583333334	0.4694948192735272	0.3183812555857295	0.3788191428384768	0.13098550797224368	0.17172831441921294	0.14593851440340583	Conservation	Conservation	Conservation	Conservation	classified
TD	Pbre1_15G030000	Pbre1_15G030200	Prupe.1G370300.1	1.0515405	0.21159216666666666	2.2874615	0.8462503788126211	0.9437808655990475	0.8440016906637775	0.7051013529385617	0.9049043185893193	0.7367931289627798	Specialization	Specialization	Specialization	Specialization	classified
TD	Pbre1_15G034600	Pbre1_15G034800	Prupe.1G372000.1	5.175887333333334	0.0	17.183557166666667	0.5890009113245055	NA	0.6766180217967225	NA	NA	NA	NA	NA	NA	NA	all_zero_expression_profile
TD	Pbre1_15G036200	Pbre1_15G036400	Prupe.1G372700.1	108.22317066666668	19.693062833333332	1672.3495433333333	0.4709474327091687	0.637426492710226	0.6518473357576884	0.21390541088284123	0.4975752766319609	0.23894162207733297	Neofunctionalization(Child)	Neofunctionalization(Child)	Neofunctionalization(Child)	Neofunctionalization(Child)	classified
TD	Pbre1_15G041400	Pbre1_15G041600	Prupe.1G375700.1	171.51387983333333	1.383785	7.069145333333333	0.8943829901624365	0.8610847585068022	0.8794203775957892	0.8115742712816436	0.7719404578515766	0.8112080790334807	Specialization	Specialization	Specialization	Specialization	classified
TD	Pbre1_15G093600	Pbre1_15G093800	Prupe.1G404900.1	19.949325166666664	10.657358333333333	7.784219	0.9999326935436906	0.9957966148763336	0.8436285594556789	0.8498753361223597	0.5515908321143098	0.36730445650426546	Subfunctionalization	Specialization	Specialization	discordant	classified
TD	Pbre1_15G102000	Pbre1_15G102200	Prupe.1G408900.1	0.7412798333333334	0.103866	4.882488333333334	0.9515997921285295	1.0	0.35948793914672394	0.8412191454324758	0.8477577913334065	0.7528339863561933	Specialization	Specialization	Specialization	Specialization	classified
TD	Pbre1_15G104200	Pbre1_15G104000	Prupe.1G409800.1	5.8050516666666665	2.4302038333333336	17.392987166666668	0.7996247104187632	0.7872182870174762	0.9142536268312205	0.32906136984271234	0.2827735480441671	0.2585298674734115	Conservation	Specialization	Specialization	discordant	classified
TD	Pbre1_15G108800	Pbre1_15G109000	Prupe.1G411700.1	3.9035775	5.46121	61.19045033333333	0.5895355951857649	0.7666594525368114	0.46102259940060025	0.3408509068027548	0.4064254178444417	0.2690330018107547	Neofunctionalization(Child)	Conservation	Conservation	discordant	classified
TD	Pbre1_15G117600	Pbre1_15G117800	Prupe.1G417800.1	0.024331833333333334	0.03859183333333333	0.021337	0.9065065085188723	0.944931703018286	0.9079357112710598	0.9779877788388032	1.002758895730085	0.9259395729181705	Specialization	Conservation	Conservation	discordant	classified
TD	Pbre1_15G134200	Pbre1_15G134400	Prupe.1G426100.1	94.0180115	57.33191666666667	44.86697266666667	0.37332478884912723	0.8226813677002026	0.8165166601042602	0.48897470179655855	0.5819477986723014	0.4752170569124971	Specialization	Conservation	Conservation	discordant	classified
TD	Pbre1_15G146200	Pbre1_15G146400	Prupe.1G433100.1	NA	NA	NA	NA	NA	NA	NA	NA	NA	NA	NA	NA	NA	missing_expression_record
TD	Pbre1_15G148000	Pbre1_15G148200	Prupe.1G434100.1	0.24220383333333334	2.2587491666666666	22.562605333333334	0.6844295359158752	0.8737270686499927	0.7755713789749279	0.7833388583127936	0.7220832336227636	0.6986994571460693	Specialization	Specialization	Specialization	Specialization	classified
TD	Pbre1_15G149600	Pbre1_15G149800	Prupe.1G434800.1	NA	NA	NA	NA	NA	NA	NA	NA	NA	NA	NA	NA	NA	missing_expression_record
TD	Pbre1_15G152600	Pbre1_15G152800	Prupe.1G436200.1	0.0	1.9885911666666667	2.0056391666666666	NA	0.9112992920369827	0.6694847022886226	NA	NA	NA	NA	NA	NA	NA	all_zero_expression_profile
TD	Pbre1_15G167400	Pbre1_15G167600	Prupe.1G447100.1	3.4425974999999998	9.705407	22.92554833333333	0.7658359454955099	0.8027741071148407	0.8884204578256825	0.7403316965063909	0.805711056791792	0.7631171143356953	Specialization	Specialization	Specialization	Specialization	classified
TD	Pbre1_15G179000	Pbre1_15G179200	Prupe.1G453500.1	212.02535	19.024847666666666	520.5868228333334	0.8600820951086243	0.767228079149481	0.8287020469686551	0.09719396079687082	0.5473334516563275	0.09941083933565374	Neofunctionalization(Child)	Specialization	Specialization	discordant	classified
TD	Pbre1_15G185400	Pbre1_15G185600	Prupe.1G456600.1	1.0867878333333334	0.491765	1.0009321666666666	0.7419924338842858	0.8423878382849683	0.9325731977970303	0.4453615226028307	0.22609082027980118	0.3639505315374894	Neofunctionalization(Parent)	Neofunctionalization(Parent)	Specialization	Neofunctionalization(Parent)	classified
TD	Pbre1_15G202600	Pbre1_15G202800	Prupe.1G466200.1	22.45559516666667	23.726294833333334	51.645653833333334	0.182437170955767	0.22020926458415654	0.33083802455702804	0.08943619926072746	0.06515718566000939	0.07440334513153633	Conservation	Conservation	Conservation	Conservation	classified
TD	Pbre1_15G206000	Pbre1_15G206200	Prupe.1G468400.1	4.9355745	49.182974333333334	42.187108333333335	0.7436509331375417	0.5162129129256364	0.5988113085895586	0.45030876111849305	0.07505678415485569	0.0785670349289328	Neofunctionalization(Parent)	Neofunctionalization(Parent)	Conservation	Neofunctionalization(Parent)	classified
TD	Pbre1_15G235600	Pbre1_15G235800	Prupe.1G487700.1	11.991918166666666	9.235289833333333	6.8404636666666665	0.554563960136661	0.8342369419392306	0.3404972485315991	0.1210973177752648	0.449409813911038	0.19362933836530874	Neofunctionalization(Child)	Conservation	Conservation	discordant	classified
TD	Pbre1_15G243200	Pbre1_15G243400	Prupe.4G279700.1	4.241263666666667	3.8052531666666667	13.265918166666667	0.5377399196780459	0.6643769503164669	0.44107976225005474	0.2504670555905084	0.33772544758800377	0.290090499150446	Conservation	Neofunctionalization(Child)	Conservation	discordant	classified
TD	Pbre1_15G245800	Pbre1_15G246000	Prupe.4G281300.1	7.8528945	12.5252605	7.425437166666667	0.7922908111949598	0.9950427252712464	0.8594468320406579	0.5268987560244943	0.540480108123309	0.44261660460141006	Specialization	Specialization	Specialization	Specialization	classified
TD	Pbre1_15G246200	Pbre1_15G246400	Prupe.4G281700.1	15.860446666666666	0.2954951666666667	33.934664166666664	0.4759200078493052	0.8169969303087189	0.4175546151207559	0.12979795267949637	0.5357727275838983	0.13134556794730373	Neofunctionalization(Child)	Neofunctionalization(Child)	Neofunctionalization(Child)	Neofunctionalization(Child)	classified
TD	Pbre1_15G260600	Pbre1_15G260800	Prupe.7G267900.1	5.30753	2.9657638333333334	593.8716416666666	0.6595858817036873	0.7384962535495385	0.4505901571476162	0.4756366931203352	0.5497644384716328	0.5014431555665142	Specialization	Specialization	Specialization	Specialization	classified
TD	Pbre1_15G262400	Pbre1_15G262600	Prupe.7G266900.1	89.75937083333334	157.97613266666667	281.589693	0.52134947558235	0.49582184905641513	0.5631633373102215	0.215625114857743	0.21892349160617292	0.20438375653136737	Conservation	Conservation	Conservation	Conservation	classified
TD	Pbre1_15G265800	Pbre1_15G266000	Prupe.7G265400.1	0.05861966666666667	6.321125	8.597400166666667	0.8346982545971967	0.8834175636088482	0.7445199220875878	0.5381134017671744	0.3585754171843068	0.35801300798952	Neofunctionalization(Parent)	Specialization	Neofunctionalization(Parent)	discordant	classified
TD	Pbre1_15G267400	Pbre1_15G267600	Prupe.7G264800.1	2.881252	18.857033833333332	4.180895333333333	0.5126284235852083	0.48120203626657104	0.4119811022771163	0.3254807881564684	0.30127599888300494	0.30233448464864177	Conservation	Conservation	Conservation	Conservation	classified
TD	Pbre1_15G275600	Pbre1_15G275800	Prupe.7G260600.1	35.848914	69.30340333333334	371.63694383333336	0.501017740551178	0.6688419132281676	0.6989951908948633	0.30989863123223377	0.30412226432763845	0.3002646841977167	Conservation	Conservation	Conservation	Conservation	classified
TD	Pbre1_15G279400	Pbre1_15G279600	Prupe.7G258600.1	0.8764756666666667	0.29632933333333333	17.508558	0.9163841890177391	0.7560431877428313	0.6298780087557784	0.5833754570767848	0.45812645621649445	0.5303775954474401	Specialization	Specialization	Specialization	Specialization	classified
TD	Pbre1_15G284200	Pbre1_15G284000	Prupe.7G254000.1	NA	NA	NA	NA	NA	NA	NA	NA	NA	NA	NA	NA	NA	missing_expression_record
TD	Pbre1_15G284200	Pbre1_15G284400	Prupe.7G254000.1	NA	NA	NA	NA	NA	NA	NA	NA	NA	NA	NA	NA	NA	missing_expression_record
TD	Pbre1_15G288200	Pbre1_15G288400	Prupe.7G256500.1	0.0	4.350285166666667	20.203054833333333	NA	0.8875617758207579	0.7122716392308641	NA	NA	NA	NA	NA	NA	NA	all_zero_expression_profile
TD	Pbre1_15G296000	Pbre1_15G296200	Prupe.7G249500.1	NA	NA	NA	NA	NA	NA	NA	NA	NA	NA	NA	NA	NA	missing_expression_record
TD	Pbre1_15G310200	Pbre1_15G310400	Prupe.7G242400.1	0.4079781666666667	1.7298021666666668	1.3052981666666668	0.9983948970095289	0.8588527562705712	0.9755778124379434	0.1184194889083107	1.1011338747990098	0.8746329079135479	Neofunctionalization(Child)	Neofunctionalization(Child)	Neofunctionalization(Child)	Neofunctionalization(Child)	classified
TD	Pbre1_15G347400	Pbre1_15G347600	Prupe.7G224300.1	0.39637533333333336	2.6482791666666667	7.303220333333334	0.9978420351358874	0.9975942521196671	0.9663248594921156	0.18529700561647477	0.1861448208723894	0.18601171251983198	Conservation	Specialization	Specialization	discordant	classified
TD	Pbre1_15G352600	Pbre1_15G352800	Prupe.7G221000.1	0.2685685	9.7331555	27.680407666666667	0.9911703529759383	0.6710766906167336	0.34319971347551126	0.8501878946969449	0.38704601356062635	0.39013743962874153	Neofunctionalization(Parent)	Specialization	Neofunctionalization(Parent)	discordant	classified
TD	Pbre1_15G384600	Pbre1_15G384800	Prupe.7G202700.1	9.503795166666666	0.018801333333333333	7.328608833333334	0.9939724701052395	1.0	0.7254022434451415	1.031753411496325	1.1092440022709196	1.0300566190584517	Specialization	Specialization	Specialization	Specialization	classified
TD	Pbre1_15G430800	Pbre1_15G431000	Prupe.7G172300.1	0.0	0.19831066666666666	5.0942015	NA	0.9119318628881043	0.7069776103393177	NA	NA	NA	NA	NA	NA	NA	all_zero_expression_profile
TD	Pbre1_15G449200	Pbre1_15G449400	Prupe.7G162100.1	NA	NA	NA	NA	NA	NA	NA	NA	NA	NA	NA	NA	NA	missing_expression_record
TD	Pbre1_15G458400	Pbre1_15G458600	Prupe.7G157300.1	46.316087	78.23447416666667	165.4236065	0.3849758282478859	0.20921295042371457	0.7830512153212172	0.281438961148375	0.3145235694344559	0.2996197686898704	Conservation	Conservation	Conservation	Conservation	classified
TD	Pbre1_15G493600	Pbre1_15G493800	Prupe.7G136800.1	14.110521333333333	14.167648833333333	13.520378833333334	0.9332637815828029	0.9076278844572535	0.27663322041036426	0.6227850034818461	0.5704584628034151	0.5943858808645581	Specialization	Specialization	Neofunctionalization(Child)	Specialization	classified
TD	Pbre1_15G513800	Pbre1_15G514000	Prupe.6G228700.1	8.135488	8.158622833333332	21.970684833333333	0.4257838943684272	0.4270602829743212	0.5733132218564154	0.21425674087604366	0.11359586441694336	0.1598244651956056	Conservation	Conservation	Conservation	Conservation	classified
TD	Pbre1_15G570000	Pbre1_15G570200	Prupe.6G189000.1	7.9322626666666665	19.553982166666668	41.033085166666666	0.3335977612493896	0.6189010189028465	0.5091890228517837	0.23084978902044317	0.21613451354550162	0.18264142727669408	Conservation	Conservation	Conservation	Conservation	classified
TD	Pbre1_15G574800	Pbre1_15G575000	Prupe.6G185700.1	1.1997938333333333	2.289795166666667	8.4413925	0.8155626166527373	0.849663561508861	0.8676344952657541	0.5986812482920923	0.691302101619971	0.5813705849664433	Specialization	Specialization	Specialization	Specialization	classified
TD	Pbre1_15G584400	Pbre1_15G584600	Prupe.6G179700.1	4.7130015	41.53905016666667	69.8556325	0.5651732370699379	0.6327058668804909	0.4496745450513967	0.26707303038598834	0.297961979535681	0.25246123693754674	Conservation	Neofunctionalization(Parent)	Neofunctionalization(Parent)	discordant	classified
TD	Pbre1_15G672200	Pbre1_15G672400	Prupe.1G522600.1	4.4611358333333335	14.114255833333333	53.5359895	0.4089574580072518	0.5231961244721457	0.6457352761303633	0.3198835170466732	0.34111708773775795	0.3241596622042459	Conservation	Conservation	Conservation	Conservation	classified
TD	Pbre1_15G705000	Pbre1_15G705200	Prupe.1G540200.1	1.9806183333333334	3.8504875	87.40469833333333	0.5682123972469466	0.7497362490099351	0.30605709560744093	0.19471136161755706	0.33317380112250167	0.25193250551186985	Conservation	Specialization	Conservation	discordant	classified
TD	Pbre1_15G714800	Pbre1_15G715000	Prupe.1G546100.1	0.399698	1.2679295	7.7491085	0.9315888348365455	0.786313041080888	0.804819705871291	0.6600242720234862	0.4465162128470676	0.48704641127579784	Specialization	Specialization	Specialization	Specialization	classified
TD	Pbre1_15G729000	Pbre1_15G729200	Prupe.1G552100.1	2.4113146666666667	16.587877666666667	9.409787666666666	0.6631842385397964	0.6719135729102951	0.9182056180616207	0.6837190268795561	0.7184849490714729	0.7122613367781648	Specialization	Neofunctionalization(Parent)	Neofunctionalization(Parent)	discordant	classified
TD	Pbre1_15G746600	Pbre1_15G746800	Prupe.1G566700.1	5.9893608333333335	42.577624666666665	13.872410333333335	0.5972486007680953	0.7454890563642802	0.7800258424406319	0.33897426360455196	0.11075805540170013	0.13027887182473177	Conservation	Neofunctionalization(Parent)	Neofunctionalization(Parent)	discordant	classified
TD	Pbre1_15G748800	Pbre1_15G749000	Prupe.1G567800.1	10.778193	10.224801166666667	9.1308265	0.535809729553853	0.14938601678377778	0.5393762952698957	0.3261791196665373	0.1556919774438903	0.23287637709440254	Conservation	Conservation	Conservation	Conservation	classified
TD	Pbre1_15G752400	Pbre1_15G752600	Prupe.1G570300.1	0.0530125	1.4614151666666666	2.200733	1.0	0.9222534789224749	0.7912332008688974	1.0299659537319752	0.8136383678648352	0.7941570307643591	Specialization	Specialization	Specialization	Specialization	classified
TD	Pbre1_15G758600	Pbre1_15G758800	Prupe.1G575200.1	7.126215999999999	4.719328666666667	0.7690341666666667	0.9711568905961745	0.9613651216273439	0.8145359600084208	0.9444994712821624	0.9124404359828986	0.9313195230968425	Specialization	Specialization	Specialization	Specialization	classified
TD	Pbre1_15G759000	Pbre1_15G759200	Prupe.1G575700.1	15.9740885	2.692610666666667	34.832953	0.5757841422410229	0.44437371538872233	0.453440465200971	0.23940038601645153	0.22357110896349963	0.2353164347553951	Conservation	Neofunctionalization(Child)	Conservation	discordant	classified
TD	Pbre1_15G778000	Pbre1_15G778200	Prupe.1G584100.1	8.759235499999999	0.9417185	10.866131666666668	0.9390944043152072	0.9425175386031548	0.920209034740591	0.23218425760058148	0.07902839998314708	0.21309926853931802	Conservation	Neofunctionalization(Child)	Neofunctionalization(Child)	discordant	classified
TD	Pbre1_16G023200	Pbre1_16G023400	Prupe.1G339000.1	71.9729785	28.025397833333336	79.560184	0.9983519495915866	0.9714045228770999	0.8203229497555304	0.9894712137446448	0.8945831462807412	0.9613709020559424	Specialization	Specialization	Specialization	Specialization	classified
TD	Pbre1_16G032200	Pbre1_16G032400	Prupe.1G334700.1	0.2504338333333333	0.0221635	7.2034865	0.9911442909852101	0.842456913935418	0.9662965476402224	0.12196578872183747	0.5195697458565408	0.0997893696705148	Neofunctionalization(Child)	Specialization	Specialization	discordant	classified
TD	Pbre1_16G037400	Pbre1_16G037600	Prupe.1G332200.1	0.7610491666666667	12.864029833333333	79.61869983333334	0.694809855107418	0.6939603955300331	0.41825403846491194	0.48062682327933015	0.4124295108955958	0.41382128629449944	Specialization	Specialization	Specialization	Specialization	classified
TD	Pbre1_16G040000	Pbre1_16G040200	Prupe.1G331100.1	7.121319000000001	24.382139666666667	77.56275600000001	0.9461909317130578	0.8964219227179997	0.8562906538589804	0.3523487353421827	0.2655410321384674	0.2733030555327344	Conservation	Specialization	Neofunctionalization(Parent)	discordant	classified
TD	Pbre1_16G040600	Pbre1_16G040800	Prupe.1G330900.1	8.299431666666667	0.03246283333333334	25.1041745	0.8445043624907431	0.8988651999814474	0.6647021719313895	0.5941061115532468	0.8380659812809853	0.5928502831417821	Specialization	Specialization	Specialization	Specialization	classified
TD	Pbre1_16G041000	Pbre1_16G041200	Prupe.1G330800.1	29.448016666666668	5.310540333333334	49.224586333333335	0.994924262297997	0.9050527578787844	0.9978997346326288	0.021780037740190904	1.044218070485443	0.17749733280359534	Neofunctionalization(Child)	Specialization	Conservation	discordant	classified
TD	Pbre1_16G097200	Pbre1_16G097400	Prupe.1G295300.1	NA	NA	NA	NA	NA	NA	NA	NA	NA	NA	NA	NA	NA	missing_expression_record
TD	Pbre1_16G116400	Pbre1_16G116600	Prupe.1G282500.1	NA	NA	NA	NA	NA	NA	NA	NA	NA	NA	NA	NA	NA	missing_expression_record
TD	Pbre1_16G121400	Pbre1_16G121600	Prupe.1G280200.1	0.0	0.0	46.99621483333333	NA	NA	0.7107737867583349	NA	NA	NA	NA	NA	NA	NA	all_zero_expression_profile
TD	Pbre1_16G130200	Pbre1_16G130400	Prupe.1G275800.1	1.7012853333333333	0.997252	0.9584098333333333	0.9814761565092741	0.9994929613240174	0.8585628424304229	0.38862497562924225	0.4892292077663828	0.42566845199433023	Neofunctionalization(Child)	Specialization	Specialization	discordant	classified
TD	Pbre1_16G131400	Pbre1_16G131600	Prupe.1G275300.1	0.31199533333333335	0.052649999999999995	100.65367016666667	0.9499290987627852	0.9812129900891355	0.6994071095855607	0.5667498545069551	1.0714286989331077	0.522173354472423	Specialization	Specialization	Specialization	Specialization	classified
TD	Pbre1_16G149400	Pbre1_16G149600	Prupe.1G263400.1	6.755567	5.4347085	0.31380199999999997	0.5909219830234316	0.48542382545787327	0.9854800008203389	0.9862369895679165	1.0158047652851567	0.9966568478110952	Specialization	Specialization	Specialization	Specialization	classified
TD	Pbre1_16G162200	Pbre1_16G162000	Prupe.1G255800.1	NA	NA	NA	NA	NA	NA	NA	NA	NA	NA	NA	NA	NA	missing_expression_record
TD	Pbre1_16G172600	Pbre1_16G172800	Prupe.1G249900.1	5.7176155	23.12238	47.824436166666665	0.7186783810915489	0.8371378490217266	0.8676899085390085	0.634065034313008	0.6185983471409843	0.6057227755753333	Specialization	Neofunctionalization(Parent)	Neofunctionalization(Parent)	discordant	classified
TD	Pbre1_16G178200	Pbre1_16G178000	Prupe.1G246700.1	2.187586	45.05850733333333	5.040951333333333	0.8824165877276077	0.8156366401065289	0.7745336684467515	0.3613108651947781	0.3700509224102595	0.368584427098913	Conservation	Specialization	Specialization	discordant	classified
TD	Pbre1_16G182400	Pbre1_16G182600	Prupe.1G243700.1	1.6042168333333333	10.771996166666666	25.142218166666666	0.4231003581698028	0.982036157082138	0.678160595364708	0.35410030639745693	0.9639016155759722	0.8616091591716362	Neofunctionalization(Child)	Specialization	Neofunctionalization(Child)	discordant	classified
TD	Pbre1_16G184400	Pbre1_16G184600	Prupe.1G242500.1	10.206495	0.1096605	39.56100433333333	0.358027399904596	0.8928277310924371	0.2585718140241079	0.08552660881646787	0.5399269753925572	0.0882080517266268	Neofunctionalization(Child)	Neofunctionalization(Child)	Neofunctionalization(Child)	Neofunctionalization(Child)	classified
TD	Pbre1_16G185600	Pbre1_16G185800	Prupe.1G241800.1	3.3981646666666667	0.0	102.22283466666667	0.37551476777295656	NA	0.5488163617402531	NA	NA	NA	NA	NA	NA	NA	all_zero_expression_profile
TD	Pbre1_16G201200	Pbre1_16G201400	Prupe.1G232500.1	7.278400166666667	4.058343166666667	12.658406833333332	0.7839182894291921	0.7163920071212345	0.30402048271604204	0.43561618504811916	0.45980320738617303	0.3627232002751783	Subfunctionalization	Neofunctionalization(Child)	Conservation	discordant	classified
TD	Pbre1_16G234800	Pbre1_16G235000	Prupe.1G211900.1	0.47517366666666666	3.4418333333333333	5.110413	0.6870293752771952	0.41882048361560037	0.9183874936680191	0.8268133328190085	0.6839637868185767	0.6948228603793047	Specialization	Specialization	Specialization	Specialization	classified
TD	Pbre1_16G262800	Pbre1_16G263000	Prupe.1G115900.1	0.4654815	2.2808763333333335	3.3583435	0.8430803657006152	0.548708720999405	0.6828326364214077	0.6335316311545318	0.38291443348742865	0.4095763135652766	Neofunctionalization(Parent)	Specialization	Specialization	discordant	classified
TD	Pbre1_16G269800	Pbre1_16G270000	Prupe.1G122600.1	9.085423166666667	97.37934766666666	151.77947516666666	0.5142742186662695	0.28955400515944674	0.3651046159584385	0.3085680831412154	0.16716710161892864	0.17871915638178892	Conservation	Conservation	Conservation	Conservation	classified
TD	Pbre1_16G286200	Pbre1_16G286400	Prupe.1G134500.1	20.294617666666667	13.814682333333334	34.1976495	0.996574588663672	0.9937852064688201	0.783132565123735	1.0005692399831125	0.9872227476660488	0.9951439863492684	Specialization	Specialization	Specialization	Specialization	classified
TD	Pbre1_16G287600	Pbre1_16G287800	Prupe.1G137000.1	50.47608433333333	2.7379125	141.27566583333333	0.7805009128428164	0.7432503193638109	0.6016748416210455	0.47139475122764596	0.3675402852905104	0.4543868564297208	Neofunctionalization(Parent)	Neofunctionalization(Child)	Conservation	discordant	classified
TD	Pbre1_16G304000	Pbre1_16G304200	Prupe.1G146600.1	0.0025074999999999997	4.215393499999999	38.563519	1.0	0.9548736864457414	0.7397347432365098	0.8960452490020623	0.44004102672105433	0.4394096476653939	Specialization	Specialization	Specialization	Specialization	classified
TD	Pbre1_16G313400	Pbre1_16G313600	Prupe.1G151900.1	18.098154	0.979577	52.69861183333333	0.4183393696862036	0.47443846544132084	0.6893435390763786	0.3414529220979362	0.20817532746604478	0.3306579390292964	Conservation	Neofunctionalization(Child)	Neofunctionalization(Child)	discordant	classified
TD	Pbre1_16G347400	Pbre1_16G347600	Prupe.1G026800.1	20.648767333333332	23.880724666666666	36.481816333333335	0.3101142806453385	0.5179559081014411	0.20115953817884188	0.05270484856284531	0.11838816740836312	0.07715216048986648	Conservation	Conservation	Conservation	Conservation	classified
TD	Pbre1_16G359200	Pbre1_16G359000	Prupe.1G036700.1	0.866672	14.001092666666667	7.128070833333333	0.974584761676871	0.5841420298106246	0.9958349804699443	0.1262562680101797	0.9483431554365601	0.8988182785248308	Neofunctionalization(Child)	Neofunctionalization(Child)	Neofunctionalization(Child)	Neofunctionalization(Child)	classified
TD	Pbre1_16G390600	Pbre1_16G390800	Prupe.1G060200.1	NA	NA	NA	NA	NA	NA	NA	NA	NA	NA	NA	NA	NA	missing_expression_record
TD	Pbre1_16G412800	Pbre1_16G413000	Prupe.1G072000.1	12.0754	43.232658666666666	81.33308016666668	0.7168719787161316	0.40986449314887147	0.6974463930809522	0.20068913171036	0.19235951523450956	0.166351867854878	Conservation	Conservation	Conservation	Conservation	classified
TD	Pbre1_16G482600	Pbre1_16G482800	Prupe.6G211700.1	2.4718353333333334	5.523394	3.4803065	0.8077226028937146	0.37866810873184675	0.8716555429074055	0.7515226381525426	0.5733876922649124	0.6080827937739298	Specialization	Specialization	Specialization	Specialization	classified
TD	Pbre1_17G030000	Pbre1_17G030200	Prupe.3G300300.1	14.790795	6.415613333333333	8.402382	0.47755201474124964	0.3124567093091716	0.4530648882600346	0.21883393152163738	0.17222093626440985	0.18960222115951175	Conservation	Conservation	Conservation	Conservation	classified
TD	Pbre1_17G051400	Pbre1_17G051600	Prupe.3G289200.1	31.823910833333333	0.10042616666666666	215.51971283333333	0.9789248382809369	0.7827167590027702	0.9161959849127255	1.1368074380946112	0.314505825690925	1.1340994081041513	Neofunctionalization(Parent)	Neofunctionalization(Child)	Specialization	discordant	classified
TD	Pbre1_17G093400	Pbre1_17G093600	Prupe.3G264200.1	4.259993	0.268239	28.822696666666666	0.7329395900405233	0.7914203643222618	0.5110531620037864	0.1895496045711393	0.25398495423415884	0.18976740186175267	Conservation	Neofunctionalization(Child)	Neofunctionalization(Child)	discordant	classified
TD	Pbre1_17G099200	Pbre1_17G099400	Prupe.3G261300.1	189.49186899999998	0.1515493333333333	8.2963865	0.5682608061313003	0.9780919435038591	0.8745391939179011	0.6493898084567912	1.0193756084449694	0.6494254865045109	Specialization	Neofunctionalization(Child)	Neofunctionalization(Child)	discordant	classified
TD	Pbre1_17G099600	Pbre1_17G099800	Prupe.3G261200.1	3.3671033333333336	0.0	4.767970666666667	0.9173340728332828	NA	0.5432740268421865	NA	NA	NA	NA	NA	NA	NA	all_zero_expression_profile
TD	Pbre1_17G112200	Pbre1_17G112400	Prupe.3G254600.1	11.299672	20.5290825	21.140284	0.4796710742408158	0.4005039231288915	0.37780023030877785	0.22776571491330339	0.18390822678366922	0.18140648086639227	Conservation	Conservation	Conservation	Conservation	classified
TD	Pbre1_17G123800	Pbre1_17G124000	Prupe.3G247600.1	0.1689615	0.35171983333333334	0.5873885	1.0	0.99785354835527	1.0	0.0	0.015016543710053433	0.010143663528574185	Conservation	Conservation	Conservation	Conservation	classified
TD	Pbre1_17G131200	Pbre1_17G131400	Prupe.3G243400.1	0.35215816666666666	1.2716005000000001	1.3721611666666667	0.9805334837333266	0.9751064026087836	0.9611759196018557	0.09835149880153339	0.07329236467244542	0.07861743312531028	Conservation	Specialization	Neofunctionalization(Parent)	discordant	classified
TD	Pbre1_17G137000	Pbre1_17G137200	Prupe.3G240000.1	NA	NA	NA	NA	NA	NA	NA	NA	NA	NA	NA	NA	NA	missing_expression_record
TD	Pbre1_17G138400	Pbre1_17G138600	Prupe.3G239500.1	0.0	5.674665833333333	3.821580833333333	NA	0.5889312145496418	0.8857967485467944	NA	NA	NA	NA	NA	NA	NA	all_zero_expression_profile
TD	Pbre1_17G159400	Pbre1_17G159600	Prupe.3G224800.1	0.7561578333333333	0.7174155	16.542909833333333	0.6970908633411315	0.7710280792949082	0.9524288020969912	0.4638041509815503	0.38963207194917243	0.42605528283076627	Neofunctionalization(Parent)	Specialization	Specialization	discordant	classified
TD	Pbre1_17G159800	Pbre1_17G160000	Prupe.3G223900.1	3.8713258333333336	3.606236	6.298314833333333	0.30158877687735347	0.9246382088350659	0.7204256384074836	0.3412866714260102	0.7077911016449104	0.41063211116617504	Neofunctionalization(Child)	Neofunctionalization(Child)	Neofunctionalization(Child)	Neofunctionalization(Child)	classified
TD	Pbre1_17G163400	Pbre1_17G163600	Prupe.3G222200.1	1.0006493333333333	0.07427816666666666	7.097937666666667	0.9350368821015064	1.0	0.9576697765359203	0.9658581482408283	1.2988644029145728	0.988797815044	Specialization	Specialization	Specialization	Specialization	classified
TD	Pbre1_17G168200	Pbre1_17G168400	Prupe.3G220000.1	0.9053801666666667	21.749458833333332	15.583381833333334	0.502368639034257	0.2306171192967855	0.4387832847587669	0.17315305804702374	0.1774271454431953	0.17296390527079442	Conservation	Neofunctionalization(Parent)	Neofunctionalization(Parent)	discordant	classified
TD	Pbre1_17G170600	Pbre1_17G170800	Prupe.3G218500.1	10.169214666666665	0.037726666666666665	28.032962833333332	0.852716731000425	0.6705958019060982	0.7937346803855567	0.14834495867559258	0.5752140414555176	0.14664071724657982	Neofunctionalization(Child)	Neofunctionalization(Child)	Neofunctionalization(Child)	Neofunctionalization(Child)	classified
TD	Pbre1_17G186800	Pbre1_17G187000	Prupe.3G209900.1	100.5275665	65.52439566666666	8955.762022666668	0.948364819743374	0.9500829383941991	0.9728263395000074	1.0271107845395144	1.0318627319161815	1.0289837979268057	Specialization	Conservation	Conservation	discordant	classified
TD	Pbre1_17G199800	Pbre1_17G200000	Prupe.3G201300.1	0.40980500000000003	2.3286555	38.950489833333336	0.8909845192522792	0.9525380951381525	0.966392752368811	0.31390275636009973	0.10052896842722747	0.1235989205742541	Conservation	Specialization	Specialization	discordant	classified
TD	Pbre1_17G204000	Pbre1_17G204200	Prupe.3G198500.1	0.05937783333333334	1.8128043333333332	24.41531966666667	0.8602791061356626	0.7722474318999506	0.8762535031607411	0.3640958785090901	0.47432009479282294	0.4701548234395507	Neofunctionalization(Child)	Specialization	Specialization	discordant	classified
TD	Pbre1_17G218600	Pbre1_17G218800	Prupe.3G192000.1	50.264053000000004	0.3458171666666667	101.9999825	0.481326753143647	0.5495530515225089	0.4274434221974894	0.2880255693420903	0.3364089724909606	0.2876649588564181	Conservation	Neofunctionalization(Child)	Neofunctionalization(Child)	discordant	classified
TD	Pbre1_17G225800	Pbre1_17G226000	Prupe.3G187800.1	1.7958235	12.067124166666666	110.22855483333333	0.7716917077669315	0.9544816422303779	0.5346880181518336	0.4126187782308862	0.5676381345471131	0.517636408303309	Specialization	Specialization	Specialization	Specialization	classified
TD	Pbre1_17G244400	Pbre1_17G244600	Prupe.3G174600.1	0.36364016666666665	17.530463833333332	34.864831833333334	0.9609419485965821	0.8201340629807055	0.7927018394665858	1.0194113190846583	0.7453084459986896	0.7499136164837832	Specialization	Specialization	Neofunctionalization(Parent)	Specialization	classified
TD	Pbre1_17G276000	Pbre1_17G276200	Prupe.3G031100.1	0.6774211666666667	0.2531758333333333	100.50220283333334	0.394625655495462	0.6491846850603554	0.417378924489364	0.15996020225080468	0.3551026202568936	0.15730513142627084	Conservation	Specialization	Specialization	discordant	classified
TD	Pbre1_17G281400	Pbre1_17G281600	Prupe.3G028800.1	0.0	5.347511333333333	0.0	NA	1.0	NA	NA	NA	NA	NA	NA	NA	NA	all_zero_expression_profile
TD	Pbre1_17G299600	Pbre1_17G299800	Prupe.3G039500.1	0.0	0.22522566666666666	0.635493	NA	0.8098305040702988	0.8723802699090466	NA	NA	NA	NA	NA	NA	NA	all_zero_expression_profile
TD	Pbre1_17G328400	Pbre1_17G328600	Prupe.3G056600.1	6.957861833333333	10.950563333333333	79.41947533333334	0.7377620976548445	0.5025869244322811	0.5101937725280177	0.28081562257583875	0.34569719267733484	0.17613138867108863	Conservation	Neofunctionalization(Parent)	Neofunctionalization(Parent)	discordant	classified
TD	Pbre1_17G361600	Pbre1_17G361800	Prupe.3G078400.1	22.270887833333333	0.5995291666666667	11.503228	0.8667905774615503	0.7673367789146781	0.7704191342870443	0.7242622000510401	0.5538106632108182	0.7196548844363791	Specialization	Specialization	Neofunctionalization(Child)	Specialization	classified
TD	Pbre1_17G378600	Pbre1_17G378800	Prupe.3G088100.1	16.813839833333333	20.017559	57.37265816666667	0.70261357157465	0.47615750423965364	0.6169165074625665	0.216659119361279	0.2826536660178967	0.186768881773572	Conservation	Conservation	Conservation	Conservation	classified
TD	Pbre1_17G384800	Pbre1_17G385000	Prupe.3G092100.1	21.000207	32.75046283333333	103.5803605	0.5218702988011834	0.40506257141188123	0.5316825475835386	0.25022911123311115	0.22336139262374693	0.2249489558734264	Conservation	Conservation	Conservation	Conservation	classified
TD	Pbre1_17G398200	Pbre1_17G398400	Prupe.3G097000.1	0.17006316666666665	23.437932166666666	20.672132166666668	0.9450668139066867	0.6517843296750951	0.7575197605716033	0.8064658418933949	0.38958962058738966	0.3921242369663011	Neofunctionalization(Parent)	Neofunctionalization(Parent)	Neofunctionalization(Parent)	Neofunctionalization(Parent)	classified
TD	Pbre1_17G401400	Pbre1_17G401600	Prupe.3G100000.1	0.435068	1.8548963333333333	0.6819911666666667	0.9279817682485547	0.934149466035756	0.5556268035636253	0.5269988017566614	0.5130050575213136	0.5132494608719933	Specialization	Specialization	Specialization	Specialization	classified
TD	Pbre1_17G404600	Pbre1_17G404800	Prupe.3G102000.1	3.685975	1.6007248333333333	1.7622761666666666	0.4002098215811369	0.6281639842732948	0.6341027569787472	0.17839231449049214	0.31029301255299746	0.2099751301082438	Conservation	Conservation	Conservation	Conservation	classified
TD	Pbre1_17G429800	Pbre1_17G430000	Prupe.3G131500.1	2.225565	1.1196944999999998	17.2431435	0.9963622139644045	0.9432757928235942	0.9859145715449211	0.0638113684399776	0.2283189804260069	0.03667277307049274	Conservation	Specialization	Specialization	discordant	classified
TD	Pbre1_17G445800	Pbre1_17G446000	Prupe.3G148500.1	0.10433666666666667	0.16020666666666666	5.974624666666666	0.6379825474916508	0.7654184797965528	0.7656655264216139	0.5913613012852441	0.4978921244207072	0.4972617957936106	Specialization	Specialization	Specialization	Specialization	classified
TD	Pbre1_17G448800	Pbre1_17G449000	Prupe.3G150300.1	0.04982333333333333	5.589764833333334	13.661010833333332	0.9283314476296933	0.13086447419844938	0.6391964531595035	0.45768644990542817	0.2502179283051225	0.24517136089973104	Neofunctionalization(Parent)	Neofunctionalization(Parent)	Neofunctionalization(Parent)	Neofunctionalization(Parent)	classified
TD	Pbre1_17G476000	Pbre1_17G476200	Prupe.3G166400.1	0.6411531666666667	0.2411685	0.23029533333333332	0.5884372948233076	0.6933825125515541	0.6585745072685241	0.22361471036246242	0.25251641174613787	0.19105599634299092	Conservation	Neofunctionalization(Parent)	Neofunctionalization(Parent)	discordant	classified
TD	Pbre1_17G476600	Pbre1_17G476800	Prupe.3G017700.1	1.0126868333333332	19.195310833333334	7.203410166666667	0.7717375683199246	0.9519824207331844	0.9289377927336349	0.6035134054825362	0.9978714889679083	0.9773098281491049	Specialization	Specialization	Neofunctionalization(Parent)	Specialization	classified
PD	Pbre1_01G046200	Pbre1_01G046600	Prupe.6G161400.1	63.7414755	0.0	200.36442416666665	0.4854207496163411	NA	0.5177549590936403	NA	NA	NA	NA	NA	NA	NA	all_zero_expression_profile
PD	Pbre1_01G080800	Pbre1_01G081400	Prupe.6G185700.1	14.267396833333333	0.7507126666666667	8.4413925	0.6762461422929082	0.9531095248992478	0.8676344952657541	0.5384259684958301	0.9160863293928692	0.5415627955816842	Specialization	Neofunctionalization(Child)	Neofunctionalization(Child)	discordant	classified
PD	Pbre1_01G118800	Pbre1_01G119200	Prupe.2G159500.1	0.0	10.342069500000001	22.333695833333334	NA	0.2234526379600728	0.6067463707689557	NA	NA	NA	NA	NA	NA	NA	all_zero_expression_profile
PD	Pbre1_01G134000	Pbre1_01G132800	Prupe.2G164900.1	0.6319543333333333	34.99848183333333	1.132424	0.35607676428201807	0.9980986432154669	0.7719507159045629	0.4895895842684357	0.955777591518441	0.9403341852537839	Specialization	Specialization	Specialization	Specialization	classified
PD	Pbre1_01G137400	Pbre1_01G138000	Prupe.2G167300.1	6.278369333333333	6.6635816666666665	18.823474666666666	0.5465740346280817	0.36588418197317163	0.7171213362273343	0.41282378609340786	0.3543420032048008	0.3595729372826164	Neofunctionalization(Parent)	Conservation	Conservation	discordant	classified
PD	Pbre1_01G138600	Pbre1_01G139000	Prupe.2G167900.1	38.68984283333333	10.153371166666666	5.9521543333333335	0.31439889704942636	0.2512520988360517	0.5741795475641528	0.197057921195664	0.17304127194088403	0.19012312521257196	Conservation	Conservation	Conservation	Conservation	classified
PD	Pbre1_01G141200	Pbre1_01G142200	Prupe.2G170000.1	0.8739453333333334	3.8051251666666666	15.414201166666667	0.6522853683987329	0.47965489568512326	0.37089831355258407	0.3129735467318203	0.21902050558745337	0.1849232670994981	Conservation	Neofunctionalization(Parent)	Neofunctionalization(Parent)	discordant	classified
PD	Pbre1_01G145600	Pbre1_01G146000	Prupe.2G171100.1	4.470214833333333	0.062815	13.847248166666667	0.6615899636520434	0.874551946566039	0.5056483029860424	0.24202492801570036	0.6747828599116853	0.23535831288027245	Neofunctionalization(Child)	Neofunctionalization(Child)	Neofunctionalization(Child)	Neofunctionalization(Child)	classified
PD	Pbre1_01G146400	Pbre1_01G147000	Prupe.2G171300.1	9.495538666666667	9.984045	67.6718455	0.35429654437590863	0.3163429353998322	0.223132807430051	0.1764228949152908	0.14604675362928576	0.14363433352168314	Conservation	Conservation	Conservation	Conservation	classified
PD	Pbre1_01G146600	Pbre1_01G147200	Prupe.2G171400.1	0.841514	0.2247455	42.0904255	0.8293164750631561	0.9893460222936825	0.6155402986490841	0.4137345192409857	0.7267890564514908	0.4561932561963664	Specialization	Specialization	Specialization	Specialization	classified
PD	Pbre1_01G155400	Pbre1_01G155800	Prupe.2G176900.1	3.5316405	0.5111416666666667	50.0016085	0.9135734157393725	0.6086329922570904	0.9936616479216769	0.3607228743775352	0.7368995558465469	0.40494633279127884	Neofunctionalization(Child)	Specialization	Specialization	discordant	classified
PD	Pbre1_01G155600	Pbre1_01G156200	Prupe.2G177000.1	0.37903933333333334	2.0000511666666667	1.6629313333333333	0.756324547884274	0.527210526419066	0.6035414767411623	0.45858649686689335	0.22195334087933885	0.24120000357389357	Neofunctionalization(Parent)	Specialization	Specialization	discordant	classified
PD	Pbre1_01G200400	Pbre1_01G199200	Prupe.2G203500.1	0.020377666666666665	0.8028671666666667	0.4899443333333333	0.8293734275061384	0.9877880868979313	0.7192924620091605	0.6961861367095882	0.9900656643725185	0.9669802579690937	Specialization	Specialization	Specialization	Specialization	classified
PD	Pbre1_01G232600	Pbre1_01G233000	Prupe.2G220700.1	12.042641333333334	6.261301	27.572754333333336	0.5940201633639735	0.7197543893043044	0.7761678458738284	0.2258858091370659	0.19878005708347557	0.2085608268300596	Conservation	Conservation	Conservation	Conservation	classified
PD	Pbre1_01G236200	Pbre1_01G236800	Prupe.2G224300.1	2.0675088333333336	1.6670523333333334	7.322985666666667	0.26773119960800534	0.30201698680584577	0.5789252578663897	0.15757279886838813	0.14096408728862964	0.14269749070056084	Conservation	Neofunctionalization(Child)	Conservation	discordant	classified
PD	Pbre1_01G298600	Pbre1_01G299000	Prupe.2G260000.1	0.0	2.3958968333333335	1.3013008333333334	NA	0.9713015468673836	0.8743227209581358	NA	NA	NA	NA	NA	NA	NA	all_zero_expression_profile
PD	Pbre1_01G304800	Pbre1_01G306200	Prupe.2G263500.1	0.0	1.6861913333333334	15.260265	NA	0.36037095176622846	0.7785382380147856	NA	NA	NA	NA	NA	NA	NA	all_zero_expression_profile
PD	Pbre1_01G323600	Pbre1_01G325200	Prupe.2G274000.1	8.7687015	1.6879255	75.55478183333334	0.6090778941570523	0.4348117828168828	0.3477576046281522	0.20910044305229322	0.1633889938378062	0.19668799685382743	Conservation	Neofunctionalization(Child)	Conservation	discordant	classified
PD	Pbre1_01G323800	Pbre1_01G325400	Prupe.2G274100.1	0.46622116666666663	1.0543295000000001	2.571023	0.797048295254023	0.8685584992970072	0.6752928619242763	0.4657933445361015	0.507013896723046	0.4787777840345832	Specialization	Specialization	Subfunctionalization	Specialization	classified
PD	Pbre1_01G325600	Pbre1_01G324000	Prupe.2G274500.1	4.411912166666666	3.2890618333333332	89.119372	0.5724120133618779	0.5660470852334859	0.6803187973913767	0.4218954738186201	0.3968866387727414	0.41041282951299357	Specialization	Specialization	Conservation	Specialization	classified
PD	Pbre1_01G325600	Pbre1_01G326200	Prupe.2G274500.1	4.411912166666666	9.586877	89.119372	0.5724120133618779	0.5382301692428856	0.6803187973913767	0.4218954738186201	0.4326068219222431	0.4276319947823541	Specialization	Neofunctionalization(Parent)	Conservation	discordant	classified
PD	Pbre1_01G353000	Pbre1_01G353400	Prupe.2G288800.1	29.818770833333335	64.27533016666666	1837.1593536666667	0.9956515654349815	0.9490573539046293	0.799404436569806	1.082797410116652	0.8974078783437686	0.9549317949737414	Specialization	Specialization	Specialization	Specialization	classified
PD	Pbre1_01G368800	Pbre1_01G369400	Prupe.2G295900.1	8.339852666666667	37.47192183333333	78.08069633333334	0.8241977938128227	0.47477778467523934	0.6527250975931579	0.615157122087346	0.16221692329592735	0.18370186512407366	Neofunctionalization(Parent)	Neofunctionalization(Parent)	Neofunctionalization(Parent)	Neofunctionalization(Parent)	classified
PD	Pbre1_01G382400	Pbre1_01G382800	Prupe.2G303000.1	122.40673983333333	0.0	27.293280166666666	0.5386311854750657	NA	0.6956634207070851	NA	NA	NA	NA	NA	NA	NA	all_zero_expression_profile
PD	Pbre1_01G386800	Pbre1_01G387600	Prupe.2G304900.1	1.6530848333333332	0.2697873333333333	3.2388573333333333	0.47855577449442216	0.9434914718953256	0.8994813915827577	0.4909245655451611	0.9879301908259149	0.5275058239430498	Specialization	Specialization	Specialization	Specialization	classified
PD	Pbre1_01G426400	Pbre1_01G426800	Prupe.2G325300.1	0.5425365	28.480863333333332	111.596582	0.7489621631732637	0.17360028967523816	0.31813306317736245	0.45887483682391206	0.12402139940386468	0.12124275576226735	Neofunctionalization(Parent)	Neofunctionalization(Parent)	Neofunctionalization(Parent)	Neofunctionalization(Parent)	classified
PD	Pbre1_01G431800	Pbre1_01G432400	Prupe.2G328200.1	46.906070166666666	15.895645333333333	34.51599866666667	0.7256842194107135	0.7479727255247026	0.5194885668662822	0.2886023324418168	0.31947864985420954	0.2963299481235778	Conservation	Conservation	Conservation	Conservation	classified
PD	Pbre1_01G432000	Pbre1_01G432600	Prupe.2G328300.1	161.16904766666667	0.999185	9.858538833333334	0.6019894804886644	0.7964557415317842	0.2572066324091017	0.3144031484386271	0.4112754729904434	0.3132628547370884	Neofunctionalization(Child)	Neofunctionalization(Child)	Neofunctionalization(Child)	Neofunctionalization(Child)	classified
PD	Pbre1_01G432200	Pbre1_01G432800	Prupe.2G328400.1	1.6556616666666666	42.634343666666666	89.51506066666667	0.5537601430657324	0.6812781130131735	0.27811868402453915	0.1567225443753106	0.28232252580438605	0.2672792251882329	Conservation	Neofunctionalization(Parent)	Conservation	discordant	classified
PD	Pbre1_02G015400	Pbre1_02G015800	Prupe.7G264800.1	1.445999	2.5060731666666665	4.180895333333333	0.5526892029364772	0.9031992005008911	0.4119811022771163	0.36498219876825255	0.6847421229832453	0.5522970292534787	Neofunctionalization(Child)	Specialization	Specialization	discordant	classified
PD	Pbre1_02G015600	Pbre1_02G016000	Prupe.7G264700.1	16.980472666666667	58.58101416666667	53.14693416666667	0.49665711217920505	0.6743335671008921	0.43154824392620006	0.08880042879311033	0.33994064955960784	0.2571508088481983	Conservation	Conservation	Conservation	Conservation	classified
PD	Pbre1_02G020400	Pbre1_02G020800	Prupe.7G261400.1	0.0	0.0	12.563522166666667	NA	NA	0.6223526766669621	NA	NA	NA	NA	NA	NA	NA	all_zero_expression_profile
PD	Pbre1_02G038200	Pbre1_02G038600	Prupe.7G257000.1	36.389970166666664	0.5953036666666667	14.316199333333333	0.2741548900194417	0.9003215914287033	0.5329646580870231	0.26220750360564665	0.712432310074264	0.2658546572180285	Neofunctionalization(Child)	Neofunctionalization(Child)	Neofunctionalization(Child)	Neofunctionalization(Child)	classified
PD	Pbre1_02G060800	Pbre1_02G062400	Prupe.7G242300.1	0.45474216666666667	1.1148563333333334	1.0476193333333332	0.5130082498341346	0.2935064882266011	0.4754593709836378	0.20726778197614706	0.2194436998810938	0.20032794545618401	Conservation	Specialization	Specialization	discordant	classified
PD	Pbre1_02G093600	Pbre1_02G092400	Prupe.7G227300.1	14.933103666666668	129.1402503333333	63.44377716666667	0.09395423122094274	0.7303182859395383	0.6595310435950064	0.24524679908982439	0.28939307152245697	0.2629877494503054	Conservation	Conservation	Conservation	Conservation	classified
PD	Pbre1_02G151200	Pbre1_02G151800	Prupe.7G193900.1	27.057015333333332	6.814632333333333	76.19440733333333	0.43548260621723023	0.9812467526644969	0.819139585586206	0.4620204688656876	0.9987094096153142	0.5002682516080731	Specialization	Neofunctionalization(Child)	Neofunctionalization(Child)	discordant	classified
PD	Pbre1_02G151200	Pbre1_02G152200	Prupe.7G193900.1	27.057015333333332	5.3155965	76.19440733333333	0.43548260621723023	0.7236361170558638	0.819139585586206	0.4620204688656876	0.47784917299890894	0.4300348399924463	Specialization	Neofunctionalization(Child)	Neofunctionalization(Child)	discordant	classified
PD	Pbre1_02G164800	Pbre1_02G165200	Prupe.7G187600.1	50.98349483333333	0.14847133333333334	255.73963133333334	0.3902495421178759	0.9211504841680871	0.5671453251228044	0.22985223613714859	0.634471350740684	0.22915399075122955	Neofunctionalization(Child)	Neofunctionalization(Child)	Neofunctionalization(Child)	Neofunctionalization(Child)	classified
PD	Pbre1_02G172800	Pbre1_02G173200	Prupe.7G182100.1	53.53617716666667	10.0576375	72.96951016666667	0.3467219860026806	0.5675395486749719	0.3721611616126802	0.12838771486011877	0.11972426448397153	0.11745057130424405	Conservation	Conservation	Conservation	Conservation	classified
PD	Pbre1_02G200600	Pbre1_02G201000	Prupe.7G168200.1	0.23011533333333334	139.8397775	43.374085666666666	0.9534747107904318	0.9908936655812578	0.7658048666750921	0.4791348199690009	1.0929232716881347	1.0910396057912861	Specialization	Specialization	Specialization	Specialization	classified
PD	Pbre1_02G218200	Pbre1_02G218800	Prupe.7G158500.1	17.553137833333334	0.59747	9.846406166666666	1.0	0.8556836894888928	0.9984062101538462	0.01077804485197716	0.5294006405921106	0.013023345065831783	Neofunctionalization(Child)	Neofunctionalization(Child)	Neofunctionalization(Child)	Neofunctionalization(Child)	classified
PD	Pbre1_02G241200	Pbre1_02G241600	Prupe.7G146300.1	0.0	0.0	19.045632333333334	NA	NA	0.8015437565972402	NA	NA	NA	NA	NA	NA	NA	all_zero_expression_profile
PD	Pbre1_02G245000	Pbre1_02G245400	Prupe.7G144300.1	4.646012833333334	3.1837193333333333	3.3353639999999998	0.43202411475086244	0.38796393891763614	0.5846949660719828	0.2371012359372535	0.22635544331861626	0.22610155611836605	Conservation	Conservation	Conservation	Conservation	classified
PD	Pbre1_02G271200	Pbre1_02G271600	Prupe.6G230400.1	701.5199745	59.37009883333333	689.146288	0.5477947003413293	0.7711893263083391	0.42201129581560676	0.24785175965896492	0.4169392456205475	0.2566498431806246	Neofunctionalization(Child)	Conservation	Conservation	discordant	classified
PD	Pbre1_02G271400	Pbre1_02G272200	Prupe.6G230300.1	NA	NA	NA	NA	NA	NA	NA	NA	NA	NA	NA	NA	NA	missing_expression_record
PD	Pbre1_02G273000	Pbre1_02G271800	Prupe.6G229800.1	89.71349083333332	7.290424333333333	31.582145166666667	0.6817813685084699	0.3889253404173695	0.2560500179805575	0.3636451248810872	0.14034023223352188	0.3424767561221001	Conservation	Conservation	Conservation	Conservation	classified
PD	Pbre1_02G279400	Pbre1_02G279800	Prupe.6G225000.1	48.812189333333336	0.004632666666666667	129.47740933333333	0.5034748756705145	1.0	0.7869578117994054	0.3261601455062389	1.0271419467382856	0.3261924467577674	Neofunctionalization(Child)	Specialization	Neofunctionalization(Child)	discordant	classified
PD	Pbre1_02G375800	Pbre1_02G377000	Prupe.2G104100.1	0.2175041666666667	0.0	19.2730475	1.0	NA	0.5725296072991234	NA	NA	NA	NA	NA	NA	NA	all_zero_expression_profile
PD	Pbre1_02G377200	Pbre1_02G376000	Prupe.2G103400.1	1.0732761666666668	1.214906	5.676897833333333	1.0	0.9915006038798475	0.9117954623087222	0.3580781186869367	0.3146206446382353	0.33490651983017433	Conservation	Specialization	Specialization	discordant	classified
PD	Pbre1_02G377400	Pbre1_02G376200	Prupe.2G103300.1	1.5199481666666665	2.1725256666666666	15.807870833333332	0.9395523145721307	0.9480705398020168	0.8044407897995036	0.4080857641359277	0.37302666505804355	0.37759127529985953	Neofunctionalization(Parent)	Specialization	Subfunctionalization	discordant	classified
PD	Pbre1_02G377800	Pbre1_02G376400	Prupe.2G102800.1	0.15254483333333332	0.27932066666666666	1.1991268333333334	0.43860826886282334	0.5783284214352882	0.6928740266399762	0.35510838729346816	0.382717321011347	0.3649620131696639	Conservation	Specialization	Specialization	discordant	classified
PD	Pbre1_02G377200	Pbre1_02G378000	Prupe.2G103400.1	1.0732761666666668	0.5242273333333334	5.676897833333333	1.0	0.9980784039190725	0.9117954623087222	0.3580781186869367	0.3482102991714375	0.3548323538656365	Conservation	Specialization	Specialization	discordant	classified
PD	Pbre1_02G377400	Pbre1_02G378400	Prupe.2G103300.1	1.5199481666666665	0.12749816666666666	15.807870833333332	0.9395523145721307	0.9728371709061105	0.8044407897995036	0.4080857641359277	0.4461867482564744	0.4080456178415991	Specialization	Specialization	Specialization	Specialization	classified
PD	Pbre1_02G379400	Pbre1_02G380200	Prupe.2G103400.1	0.08476566666666667	0.3698723333333333	5.676897833333333	0.9727609247836936	0.9919095187840696	0.9117954623087222	0.26628310793213344	0.3218713638724043	0.3093004205902325	Conservation	Specialization	Specialization	discordant	classified
PD	Pbre1_02G384800	Pbre1_02G385400	Prupe.2G097500.1	NA	NA	NA	NA	NA	NA	NA	NA	NA	NA	NA	NA	NA	missing_expression_record
PD	Pbre1_02G395800	Pbre1_02G396600	Prupe.2G088300.1	7.243828333333333	60.032028999999994	26.051853166666668	0.3389658013890706	0.8381068558438372	0.9070719504266818	0.5073962970529821	0.8573565873752451	0.8132843721044271	Specialization	Conservation	Conservation	discordant	classified
PD	Pbre1_02G412400	Pbre1_02G412800	Prupe.2G065900.1	0.11237749999999999	5.824368333333333	49.09691133333333	0.7935910263519541	0.7898062067232361	0.6733519892756564	0.6677908508013467	0.3406500085891253	0.3357402587411049	Neofunctionalization(Parent)	Neofunctionalization(Parent)	Neofunctionalization(Parent)	Neofunctionalization(Parent)	classified
PD	Pbre1_02G419800	Pbre1_02G420800	Prupe.2G061100.1	0.05881666666666666	0.11057233333333333	82.7385265	0.8012632126050088	0.8322183293788944	0.4744008575622596	0.30205745128678174	0.531635349222605	0.419070127514989	Neofunctionalization(Child)	Specialization	Specialization	discordant	classified
PD	Pbre1_02G421200	Pbre1_02G422400	Prupe.2G061000.1	39.42734166666666	13.630999666666668	33.57728783333333	0.38326611488472534	0.5342044049348947	0.25625088946216285	0.17134496061799145	0.20057082823837363	0.16919697612635629	Conservation	Conservation	Conservation	Conservation	classified
PD	Pbre1_02G422000	Pbre1_02G422800	Prupe.2G060200.1	0.2860216666666667	5.696587666666667	2.3909985	0.8835346282966103	0.674919959901026	0.6689647730864989	0.5286820559551845	0.4682012344322471	0.4483155658160009	Specialization	Specialization	Specialization	Specialization	classified
PD	Pbre1_02G436800	Pbre1_02G437600	Prupe.2G047500.1	6.664384166666666	15.228582666666666	6.514409833333334	0.9826644034282299	0.9696518378694143	0.9229221228625979	0.2805173916213036	0.21529120741600302	0.23463092841854688	Conservation	Specialization	Specialization	discordant	classified
PD	Pbre1_02G437000	Pbre1_02G438000	Prupe.2G047400.1	20.234327333333333	1.5629803333333334	13.444870833333333	0.7770292821935062	0.8992363753454111	0.9185721391625474	0.31573772979795806	0.27393597120151225	0.28826997180670766	Conservation	Neofunctionalization(Child)	Neofunctionalization(Child)	discordant	classified
PD	Pbre1_02G478600	Pbre1_02G480000	Prupe.2G023300.1	4.949063	23.728983166666666	21.2129075	0.4300666377735742	0.46386796106264416	0.27566425982082865	0.17965788866472124	0.18101084084574667	0.15471798711520265	Conservation	Conservation	Conservation	Conservation	classified
PD	Pbre1_03G048600	Pbre1_03G049200	Prupe.6G028200.1	0.17240283333333334	0.03571116666666667	11.935531666666666	0.9578963259077569	1.0	0.8547262025055125	0.3708369766705428	0.5504419002641455	0.3993238717814151	Neofunctionalization(Child)	Specialization	Specialization	discordant	classified
PD	Pbre1_03G057600	Pbre1_03G058000	Prupe.6G033200.1	10.728175	0.21358149999999998	7.0929400000000005	0.32378922851953656	0.819152499305315	0.4999903447261726	0.2138964306346386	0.5256941489828701	0.21478077992302744	Neofunctionalization(Child)	Neofunctionalization(Child)	Neofunctionalization(Child)	Neofunctionalization(Child)	classified
PD	Pbre1_03G063600	Pbre1_03G064200	Prupe.6G036500.1	4.4869251666666665	0.2188315	23.7517075	0.94386497286048	0.7291608916971328	0.717410533879468	0.4489452236951769	0.3053302744008089	0.42923562732029896	Neofunctionalization(Parent)	Specialization	Specialization	discordant	classified
PD	Pbre1_03G084600	Pbre1_03G085000	Prupe.6G046800.1	0.0	0.007199333333333333	64.016345	NA	1.0	0.7650250797539188	NA	NA	NA	NA	NA	NA	NA	all_zero_expression_profile
PD	Pbre1_03G113600	Pbre1_03G114400	Prupe.6G061500.1	51.45162366666666	7.450135666666667	75.52110716666667	0.7565132450602745	0.8659703183790395	0.7530936674798154	0.20245648903205804	0.24783623371254354	0.19734913364902637	Conservation	Conservation	Conservation	Conservation	classified
PD	Pbre1_03G113800	Pbre1_03G114600	Prupe.6G061600.1	7.987648166666666	6.5720655	75.1940215	0.36212960762256474	0.5536270908722538	0.3500969733191177	0.15990460139995533	0.1963835132921602	0.1574179277752134	Conservation	Conservation	Conservation	Conservation	classified
PD	Pbre1_03G114200	Pbre1_03G114800	Prupe.6G061700.1	NA	NA	NA	NA	NA	NA	NA	NA	NA	NA	NA	NA	NA	missing_expression_record
PD	Pbre1_03G138000	Pbre1_03G139600	Prupe.6G077800.1	1091.277308	156.04956816666666	963.8263408333333	0.9285907868609863	0.8142993747084736	0.5578553628400277	0.8009400150252363	0.4297035920556279	0.7017303370447668	Specialization	Neofunctionalization(Child)	Neofunctionalization(Child)	discordant	classified
PD	Pbre1_03G152800	Pbre1_03G153200	Prupe.6G085800.1	9.4189075	2.4281865	52.935809	0.510319997017386	0.5393287546092769	0.535223829830199	0.2728939201924178	0.3724227810042511	0.2924700755071919	Conservation	Neofunctionalization(Child)	Neofunctionalization(Child)	discordant	classified
PD	Pbre1_03G162000	Pbre1_03G162600	Prupe.6G090400.1	21.668590000000002	1.244389	39.08195666666667	0.876842414197936	0.6018467735539336	0.4889929148604518	0.4133662742554295	0.2470637903869481	0.37877728270347577	Neofunctionalization(Parent)	Neofunctionalization(Child)	Neofunctionalization(Child)	discordant	classified
PD	Pbre1_03G170400	Pbre1_03G171200	Prupe.6G095200.1	280.6827471666667	172.59504766666666	566.2316385	0.7121606754268754	0.7977031594356185	0.506545521898216	0.3715425225450284	0.4679746819055229	0.4070217555519116	Neofunctionalization(Child)	Conservation	Conservation	discordant	classified
PD	Pbre1_03G195800	Pbre1_03G196200	Prupe.6G110900.1	1.2756461666666667	0.007659166666666667	6.394173	0.9252915638676871	1.0	0.8752196614279434	0.2606995260464285	0.4380377440028356	0.26079017477387006	Neofunctionalization(Child)	Specialization	Specialization	discordant	classified
PD	Pbre1_03G222400	Pbre1_03G222800	Prupe.6G127300.1	12.0949545	3.6383121666666667	2.7328123333333334	0.46901393618035536	0.350459019430201	0.728007610888983	0.17929238103399953	0.33514819039792054	0.21507025413829087	Conservation	Specialization	Conservation	discordant	classified
PD	Pbre1_03G235600	Pbre1_03G236200	Prupe.6G137300.1	29.925325833333332	5.3619565	16.879252	0.8381957640852502	0.9563789540513667	0.6986362901777986	0.37885938567273936	0.5178770598589891	0.2505255191603507	Neofunctionalization(Child)	Specialization	Specialization	discordant	classified
PD	Pbre1_03G238600	Pbre1_03G239200	Prupe.6G139200.1	148.940373	210.177823	106.13149849999999	0.6540071953819184	0.562788096235062	0.6357097605919166	0.28510449247664554	0.20562202605403448	0.2353561837148148	Conservation	Conservation	Conservation	Conservation	classified
PD	Pbre1_03G279200	Pbre1_03G279800	Prupe.4G255700.1	10.609437666666667	6.664548	11.470811833333334	0.5379456746585588	0.5471211092477285	0.43850671578588774	0.14561178199171865	0.22886937584085842	0.10880952801947773	Conservation	Conservation	Conservation	Conservation	classified
PD	Pbre1_03G296600	Pbre1_03G297600	Prupe.4G243400.1	9.280629833333334	4.679307333333333	22.616472166666668	0.40727567053833835	0.47750902378898896	0.6184587120562474	0.27284399806118653	0.21436232453457005	0.25071394157567156	Conservation	Conservation	Conservation	Conservation	classified
PD	Pbre1_03G408200	Pbre1_03G408800	Prupe.4G159700.1	52.32811566666666	47.687717666666664	275.0289563333333	0.9385716633510597	0.9821797269063527	0.9185667735566001	0.7126437807851812	0.976197553597286	0.8374919800762402	Specialization	Specialization	Specialization	Specialization	classified
PD	Pbre1_03G426200	Pbre1_03G426800	Prupe.8G235100.1	10.8329675	1.3423866666666666	43.298342833333336	0.4408545136723506	0.9664581865418687	0.4884466483417776	0.11407503709941778	0.8020928946160136	0.14368974806937515	Neofunctionalization(Child)	Neofunctionalization(Child)	Neofunctionalization(Child)	Neofunctionalization(Child)	classified
PD	Pbre1_03G426200	Pbre1_03G427000	Prupe.8G235100.1	10.8329675	1.2663186666666666	43.298342833333336	0.4408545136723506	0.5456951703339337	0.4884466483417776	0.11407503709941778	0.27939091258280074	0.10914496645896545	Conservation	Neofunctionalization(Child)	Neofunctionalization(Child)	discordant	classified
PD	Pbre1_04G018200	Pbre1_04G016400	Prupe.1G010400.1	494.5494771666667	439.85837633333335	842.3341508333333	0.49417047241174084	0.5313480844588906	0.6537763245768341	0.26717473649977697	0.2803516001941266	0.27036266577501217	Conservation	Conservation	Conservation	Conservation	classified
PD	Pbre1_04G041600	Pbre1_04G042000	Prupe.1G176800.1	NA	NA	NA	NA	NA	NA	NA	NA	NA	NA	NA	NA	NA	missing_expression_record
PD	Pbre1_04G041600	Pbre1_04G042200	Prupe.1G176800.1	NA	NA	NA	NA	NA	NA	NA	NA	NA	NA	NA	NA	NA	missing_expression_record
PD	Pbre1_04G043600	Pbre1_04G044000	Prupe.1G176900.1	0.8307506666666666	17.595754333333332	143.71741699999998	0.6919709665895628	0.4301414168932561	0.37032496204121823	0.37226290117039457	0.12118077531003701	0.11417281055070538	Conservation	Neofunctionalization(Parent)	Neofunctionalization(Parent)	discordant	classified
PD	Pbre1_04G065600	Pbre1_04G066200	Prupe.1G194700.1	1.6054508333333333	7.3875905	28.326183333333333	0.52767555181604	0.6037963683875927	0.67653546186262	0.26115184112538714	0.1340730215904511	0.14980512610033292	Conservation	Neofunctionalization(Parent)	Conservation	discordant	classified
PD	Pbre1_04G158200	Pbre1_04G158600	Prupe.6G232300.1	58.8683705	0.0	3.9933871666666665	0.8238501505397158	NA	0.5775905754559945	NA	NA	NA	NA	NA	NA	NA	all_zero_expression_profile
PD	Pbre1_04G183000	Pbre1_04G183400	Prupe.6G244400.1	3.297334333333333	1.8836428333333333	27.563051166666668	0.4849898326842744	0.6835946235040983	0.5400553153276355	0.15180767542857895	0.26772675408328533	0.1458976349292125	Conservation	Neofunctionalization(Child)	Neofunctionalization(Child)	discordant	classified
PD	Pbre1_04G184200	Pbre1_04G185200	Prupe.6G244700.1	3.0809835	4.636395	317.67912183333334	0.9847712314694412	0.6368123981414935	0.9595473390201581	0.11237179959239263	0.919994354170635	0.510798626177857	Neofunctionalization(Child)	Subfunctionalization	Subfunctionalization	discordant	classified
PD	Pbre1_04G197600	Pbre1_04G199400	Prupe.6G250900.1	0.34578716666666665	0.016857833333333332	0.5415801666666666	0.9573231804850092	0.858615859729652	0.5558477060055484	0.7381727599622366	0.5632651234562044	0.7278842362556901	Specialization	Specialization	Specialization	Specialization	classified
PD	Pbre1_04G206000	Pbre1_04G206600	Prupe.6G254400.1	7.849341666666667	25.533956500000002	5.230739	0.9938293057654889	0.9951893724487487	0.9485093471109586	1.2563267347988185	1.2590563929963225	1.258396520257141	Specialization	Specialization	Specialization	Specialization	classified
PD	Pbre1_04G217000	Pbre1_04G215800	Prupe.6G260200.1	5.061045	3.576766166666667	17.66297266666667	0.7236810721300063	0.6689518834547604	0.763052177904477	0.5363422204965741	0.4784799363032928	0.5087956818817053	Specialization	Specialization	Specialization	Specialization	classified
PD	Pbre1_04G222000	Pbre1_04G222400	Prupe.6G263000.1	0.0038188333333333334	0.0	6.3563686666666666	1.0	NA	0.5460440281838401	NA	NA	NA	NA	NA	NA	NA	all_zero_expression_profile
PD	Pbre1_04G226800	Pbre1_04G227200	Prupe.6G264900.1	0.501798	10.261327166666666	484.15535216666666	0.9806890824859416	0.9751559562507743	0.9999677422715184	0.11660358723633228	0.14176406752221263	0.13849660452881404	Conservation	Neofunctionalization(Child)	Neofunctionalization(Child)	discordant	classified
PD	Pbre1_04G256600	Pbre1_04G256200	Prupe.6G281400.1	0.21106116666666666	1.3367745	4.141617833333333	0.9757028729519558	0.9082117753244564	0.48453908154176883	0.679574244275286	0.6594020581231086	0.5500013658398364	Specialization	Specialization	Specialization	Specialization	classified
PD	Pbre1_04G263200	Pbre1_04G263600	Prupe.6G284300.1	4.933722833333333	0.30795133333333335	15.296031333333334	0.9279970850205256	0.7894452079373139	0.8126059985332615	0.30627780645724795	0.6397051319755875	0.2626157950557076	Neofunctionalization(Child)	Specialization	Neofunctionalization(Child)	discordant	classified
PD	Pbre1_04G272600	Pbre1_04G274400	Prupe.6G289400.1	23.0520395	0.0	109.802231	0.8764799979116912	NA	0.9220812472932554	NA	NA	NA	NA	NA	NA	NA	all_zero_expression_profile
PD	Pbre1_04G293400	Pbre1_04G294800	Prupe.6G301000.1	10.556765333333333	4.128161	25.933721333333335	0.3510283297750976	0.4056479282724975	0.44189814269529004	0.12135778188950151	0.12226413781576657	0.11485308102209695	Conservation	Conservation	Conservation	Conservation	classified
PD	Pbre1_04G306000	Pbre1_04G307000	Prupe.6G306900.1	6.0505495	6.700870999999999	33.344554	0.23874188300512306	0.3169074428436628	0.49873873809455327	0.11471180971493602	0.13645862819856616	0.12478921484896512	Conservation	Conservation	Conservation	Conservation	classified
PD	Pbre1_04G309000	Pbre1_04G310000	Prupe.6G309100.1	1.8356115	0.566331	37.844258	0.5663280153687623	0.5399386361848374	0.38238371991698583	0.1278007478879621	0.3198056793328425	0.09099028733176187	Conservation	Specialization	Neofunctionalization(Child)	discordant	classified
PD	Pbre1_04G309200	Pbre1_04G310200	Prupe.6G309300.1	NA	NA	NA	NA	NA	NA	NA	NA	NA	NA	NA	NA	NA	missing_expression_record
PD	Pbre1_04G334800	Pbre1_04G335400	Prupe.6G322700.1	2.174453833333333	13.4450135	20.615674333333335	0.9279359719468026	0.4187030221693158	0.3846919433997372	0.5908130557977541	0.06466520571714289	0.13076237564996415	Neofunctionalization(Parent)	Neofunctionalization(Parent)	Neofunctionalization(Parent)	Neofunctionalization(Parent)	classified
PD	Pbre1_04G335800	Pbre1_04G336600	Prupe.6G322900.1	1.0479699999999998	0.0459705	31.6072725	0.7956467762871684	0.9016759051456074	0.3684846690874448	0.33077074894051733	0.6795990593868804	0.3194654337118603	Neofunctionalization(Child)	Specialization	Specialization	discordant	classified
PD	Pbre1_04G336200	Pbre1_04G336800	Prupe.6G323100.1	0.0284965	1.8582886666666667	26.1320505	0.8074231396229882	0.8512205151080672	0.6322742308010876	0.3954283636858562	0.3375444714045848	0.32702538233316336	Neofunctionalization(Parent)	Specialization	Specialization	discordant	classified
PD	Pbre1_04G336400	Pbre1_04G337000	Prupe.6G323200.1	0.0870335	0.5914561666666667	2.0639925	0.5417399360901545	0.5676762205296839	0.6888812488611326	0.31407683924361446	0.30616599101549985	0.280912204661833	Conservation	Specialization	Specialization	discordant	classified
PD	Pbre1_04G340200	Pbre1_04G340800	Prupe.6G326000.1	0.07760683333333333	1.070978	5.076828833333333	0.8531111831249278	0.8601620688971303	0.9235625245340632	0.22747585747974253	0.6960264879472575	0.6557454194959934	Neofunctionalization(Child)	Specialization	Specialization	discordant	classified
PD	Pbre1_04G342200	Pbre1_04G342600	Prupe.6G326900.1	0.7072998333333333	0.006984666666666667	0.6370618333333333	0.7737379398735115	1.0	0.6595869818628584	0.43244672842026377	0.7281051976913687	0.43124147571651816	Specialization	Specialization	Specialization	Specialization	classified
PD	Pbre1_04G342400	Pbre1_04G342800	Prupe.6G327000.1	0.15196333333333334	61.909521166666664	53.156223833333335	0.7953651024701112	0.38270654083060485	0.482646539007246	0.3627972525510812	0.148828889161159	0.1487939014284869	Conservation	Neofunctionalization(Parent)	Neofunctionalization(Parent)	discordant	classified
PD	Pbre1_04G351800	Pbre1_04G352400	Prupe.6G331700.1	0.005808666666666667	0.017018	3.8175216666666665	1.0	0.9012988532646853	0.8042327930794609	1.1624397652078726	0.3762909970053093	0.3923483143988036	Neofunctionalization(Parent)	Specialization	Specialization	discordant	classified
PD	Pbre1_04G365800	Pbre1_04G366200	Prupe.6G339200.1	NA	NA	NA	NA	NA	NA	NA	NA	NA	NA	NA	NA	NA	missing_expression_record
PD	Pbre1_04G396000	Pbre1_04G397600	Prupe.6G356300.1	5.0195055	8.851719833333334	85.25281	0.6394346331187731	0.5541320494692235	0.7002955217399037	0.27615915709762445	0.3004732530522573	0.2756241857290899	Conservation	Neofunctionalization(Parent)	Neofunctionalization(Parent)	discordant	classified
PD	Pbre1_04G397000	Pbre1_04G397400	Prupe.6G356800.1	NA	NA	NA	NA	NA	NA	NA	NA	NA	NA	NA	NA	NA	missing_expression_record
PD	Pbre1_05G049200	Pbre1_05G049800	Prupe.8G039200.1	0.3065868333333333	1.2151131666666666	0.20787833333333333	0.8181074580820888	0.9965962194413585	0.9746020472980238	0.8729639672023116	0.11626106775407155	0.08451378442993235	Neofunctionalization(Parent)	Neofunctionalization(Parent)	Neofunctionalization(Parent)	Neofunctionalization(Parent)	classified
PD	Pbre1_05G088200	Pbre1_05G089000	Prupe.8G078600.1	0.3908878333333333	9.946669333333332	3.8471235	0.7142611274612344	0.8003707016090432	0.9474415380997134	0.9009837626298536	0.8804938064260379	0.8775475539233711	Specialization	Specialization	Specialization	Specialization	classified
PD	Pbre1_05G108400	Pbre1_05G109000	Prupe.8G091600.1	63.14006666666667	0.288401	235.27391583333335	0.5884209023870407	0.7378781566465838	0.6619369945042195	0.37779742068981126	0.46905480217306733	0.37721584291211613	Neofunctionalization(Child)	Neofunctionalization(Child)	Neofunctionalization(Child)	Neofunctionalization(Child)	classified
PD	Pbre1_05G116400	Pbre1_05G116800	Prupe.8G096100.1	0.022941166666666665	0.07672283333333334	4.358233833333333	1.0	0.9736600404163573	0.7839049983300127	0.659390396568941	0.5704511005338068	0.5887445596545049	Specialization	Specialization	Specialization	Specialization	classified
PD	Pbre1_05G123000	Pbre1_05G123400	Prupe.8G100500.1	0.9692781666666667	1.789167	22.38722466666667	0.4446452286617341	0.4499910397176306	0.2699028421681359	0.1378644358444686	0.14108605523707546	0.13771837340436688	Conservation	Neofunctionalization(Parent)	Conservation	discordant	classified
PD	Pbre1_05G123200	Pbre1_05G123600	Prupe.8G100700.1	1.3240896666666666	5.358173333333333	15.824585666666666	0.7884983122011	0.5613331391781076	0.8400516163195506	0.7035429658737526	0.46422980447684103	0.5068356551174166	Specialization	Specialization	Neofunctionalization(Parent)	Specialization	classified
PD	Pbre1_05G130200	Pbre1_05G130600	Prupe.8G107300.1	77.17119466666666	74.81761133333333	721.8566156666667	0.8579247170462772	0.7962626807746659	0.9487218123958272	0.26292818658054573	0.3571358457819894	0.3085782839949186	Conservation	Neofunctionalization(Parent)	Neofunctionalization(Parent)	discordant	classified
PD	Pbre1_05G145000	Pbre1_05G145600	Prupe.8G122100.1	44.31483933333333	0.1754095	89.80736	0.8738287503585701	0.837190133926263	0.5216408811872818	0.4033884005204672	0.36964336967425376	0.4031294883317659	Neofunctionalization(Parent)	Neofunctionalization(Child)	Neofunctionalization(Child)	discordant	classified
PD	Pbre1_05G168600	Pbre1_05G169000	Prupe.8G136100.1	NA	NA	NA	NA	NA	NA	NA	NA	NA	NA	NA	NA	NA	missing_expression_record
PD	Pbre1_05G197600	Pbre1_05G198600	Prupe.8G152400.1	0.0	0.0	0.012975833333333334	NA	NA	0.8737622828888097	NA	NA	NA	NA	NA	NA	NA	all_zero_expression_profile
PD	Pbre1_05G198000	Pbre1_05G199000	Prupe.8G153100.1	NA	NA	NA	NA	NA	NA	NA	NA	NA	NA	NA	NA	NA	missing_expression_record
PD	Pbre1_05G227000	Pbre1_05G227800	Prupe.8G169500.1	NA	NA	NA	NA	NA	NA	NA	NA	NA	NA	NA	NA	NA	missing_expression_record
PD	Pbre1_05G227200	Pbre1_05G228000	Prupe.8G169600.1	NA	NA	NA	NA	NA	NA	NA	NA	NA	NA	NA	NA	NA	missing_expression_record
PD	Pbre1_05G242800	Pbre1_05G243200	Prupe.8G176900.1	21.188473166666668	0.007838666666666667	17.19083	0.7072306095332631	0.8548743349844067	0.6050630359614071	0.325984714487547	0.708678584321838	0.3259148980712622	Neofunctionalization(Child)	Neofunctionalization(Child)	Neofunctionalization(Child)	Neofunctionalization(Child)	classified
PD	Pbre1_05G245800	Pbre1_05G246400	Prupe.8G178500.1	0.22699049999999998	0.23810633333333334	2.5197586666666667	0.6819736792058119	0.8582340649232746	0.3265322464397147	0.28095465480924725	0.47327828831914454	0.13740506188090532	Neofunctionalization(Child)	Specialization	Specialization	discordant	classified
PD	Pbre1_05G252400	Pbre1_05G252800	Prupe.8G180100.1	0.2837111666666667	20.917098333333332	94.01085383333333	0.5012327080169123	0.30018572715376585	0.2085351785199198	0.3054685401069195	0.1098115919972265	0.1111293553147241	Conservation	Neofunctionalization(Parent)	Neofunctionalization(Parent)	discordant	classified
PD	Pbre1_05G263800	Pbre1_05G264800	Prupe.8G183800.1	0.0	0.9645978333333333	4.7271135	NA	0.5955074475496355	0.46314822894958796	NA	NA	NA	NA	NA	NA	NA	all_zero_expression_profile
PD	Pbre1_05G268000	Pbre1_05G268800	Prupe.8G185500.1	29.727688333333333	0.0	15.887087666666666	0.6027648765692598	NA	0.585284928878216	NA	NA	NA	NA	NA	NA	NA	all_zero_expression_profile
PD	Pbre1_05G268200	Pbre1_05G269000	Prupe.8G185600.1	NA	NA	NA	NA	NA	NA	NA	NA	NA	NA	NA	NA	NA	missing_expression_record
PD	Pbre1_05G271800	Pbre1_05G272200	Prupe.8G188300.1	2.4991168333333333	9.969114833333334	5.057752166666666	0.38773143953705996	0.6448800673924578	0.8421485112817244	0.47954865912109335	0.568060252784146	0.5424239648466993	Specialization	Conservation	Conservation	discordant	classified
PD	Pbre1_05G273600	Pbre1_05G274000	Prupe.8G189300.1	0.0	0.6487765	6.3133295	NA	0.28592773664522764	0.6005853790532314	NA	NA	NA	NA	NA	NA	NA	all_zero_expression_profile
PD	Pbre1_05G298200	Pbre1_05G299400	Prupe.8G202300.1	3.792335	3.8036551666666667	5.962060166666666	0.40391033306720053	0.3113918914946335	0.8492990193226232	0.5710560264750592	0.4357927638936088	0.49807257830801277	Specialization	Conservation	Conservation	discordant	classified
PD	Pbre1_05G302800	Pbre1_05G304000	Prupe.8G204300.1	18.0899225	0.3387288333333333	32.927519833333335	0.29522365822715013	0.9691909424071283	0.5683696872622177	0.16637330400190126	0.8291202397790558	0.17096477919991993	Neofunctionalization(Child)	Neofunctionalization(Child)	Neofunctionalization(Child)	Neofunctionalization(Child)	classified
PD	Pbre1_05G307000	Pbre1_05G308000	Prupe.8G206400.1	0.013543	95.77673850000001	229.69338033333332	1.0	0.7252007463181656	0.8836239773256949	1.1225758543423847	0.5547886231490065	0.5548569249853822	Specialization	Neofunctionalization(Parent)	Neofunctionalization(Parent)	discordant	classified
PD	Pbre1_05G307200	Pbre1_05G308200	Prupe.8G206500.1	0.0	14.203774000000001	24.437503333333332	NA	0.41650441723072323	0.2938548690964228	NA	NA	NA	NA	NA	NA	NA	all_zero_expression_profile
PD	Pbre1_05G329800	Pbre1_05G330200	Prupe.8G216900.1	0.0	3.5040881666666666	9.577382	NA	0.9133907196357928	0.7937210193899589	NA	NA	NA	NA	NA	NA	NA	all_zero_expression_profile
PD	Pbre1_05G350000	Pbre1_05G351000	Prupe.8G228700.1	5.893594333333334	22.112091500000002	36.20077833333333	0.6403450461849199	0.2782312551554087	0.43066757350544094	0.2694889597159537	0.19050923191911695	0.1951117060846963	Conservation	Conservation	Conservation	Conservation	classified
PD	Pbre1_05G358000	Pbre1_05G358400	Prupe.8G232900.1	0.029680666666666664	0.0	35.0314745	1.0	NA	0.5518513243194155	NA	NA	NA	NA	NA	NA	NA	all_zero_expression_profile
PD	Pbre1_05G375800	Pbre1_05G376200	Prupe.4G139500.1	3.3069355	1.520454	3.083623333333333	0.593254851234912	0.8303081891665229	0.735877089736373	0.33754687923065574	0.3882774992793846	0.31112211512313936	Conservation	Neofunctionalization(Child)	Neofunctionalization(Child)	discordant	classified
PD	Pbre1_05G377600	Pbre1_05G378000	Prupe.4G138700.1	22.679812833333333	163.412004	148.64952516666668	0.884161903592898	0.35316756023929397	0.4415744104977117	0.613187521882513	0.17920089268072562	0.2202331625367185	Neofunctionalization(Parent)	Neofunctionalization(Parent)	Neofunctionalization(Parent)	Neofunctionalization(Parent)	classified
PD	Pbre1_05G394000	Pbre1_05G394800	Prupe.4G128200.1	12.481435166666667	173.25290866666666	186.37270583333333	0.8291316247369387	0.5422035571053768	0.3302284404854916	0.4898131319342246	0.2176785325266673	0.23519171972018368	Neofunctionalization(Parent)	Conservation	Conservation	discordant	classified
PD	Pbre1_05G429600	Pbre1_05G428200	Prupe.4G106400.1	0.030509333333333336	23.926782833333334	33.960937	0.9759302781041912	0.5059925890558956	0.21071606334116658	0.8500092432645273	0.13746345603268503	0.13736098954034834	Neofunctionalization(Parent)	Neofunctionalization(Parent)	Neofunctionalization(Parent)	Neofunctionalization(Parent)	classified
PD	Pbre1_05G432400	Pbre1_05G433000	Prupe.4G104100.1	0.0056275000000000006	0.1783625	2.4083883333333334	1.0	0.4042864843764521	0.5941835824984681	0.841097061069329	0.28837994898911384	0.27441615469336406	Neofunctionalization(Parent)	Specialization	Specialization	discordant	classified
PD	Pbre1_05G437400	Pbre1_05G437800	Prupe.4G102500.1	9.753038166666666	9.161012166666666	61.39617916666666	0.372800410502445	0.40139233833977117	0.45851001277076586	0.08281441364748944	0.0980658354844387	0.08844100136143271	Conservation	Conservation	Conservation	Conservation	classified
PD	Pbre1_05G458000	Pbre1_05G458400	Prupe.4G088300.1	0.0	44.914325833333336	49.36722133333333	NA	0.46894683047180263	0.3280652749730214	NA	NA	NA	NA	NA	NA	NA	all_zero_expression_profile
PD	Pbre1_05G462200	Pbre1_05G462600	Prupe.4G086500.1	0.16902816666666667	0.027018833333333332	8.606824	0.9809558366945825	0.7157698224233464	0.8048279590586599	0.4909627133391741	0.22839196723625613	0.4046384470712174	Neofunctionalization(Parent)	Specialization	Specialization	discordant	classified
PD	Pbre1_05G462400	Pbre1_05G463200	Prupe.4G086400.1	0.0	21.956546	20.793672	NA	0.3124926408366517	0.4382157185178432	NA	NA	NA	NA	NA	NA	NA	all_zero_expression_profile
PD	Pbre1_05G540200	Pbre1_05G540600	Prupe.4G039100.1	NA	NA	NA	NA	NA	NA	NA	NA	NA	NA	NA	NA	NA	missing_expression_record
PD	Pbre1_05G540400	Pbre1_05G540800	Prupe.4G039000.1	2.5314316666666667	1.6160591666666666	2.1833975	0.8453196943488157	0.9226979676272598	0.34566281737122956	0.48377510590870426	0.6743972611711302	0.5507944029099622	Specialization	Specialization	Specialization	Specialization	classified
PD	Pbre1_05G541400	Pbre1_05G541800	Prupe.4G038700.1	59.13453666666667	181.07405350000002	101.06154233333334	0.4073506853501271	0.37681260492767576	0.588863542450379	0.31110320423771737	0.2845016121242535	0.2855682609918284	Conservation	Conservation	Conservation	Conservation	classified
PD	Pbre1_05G574600	Pbre1_05G575200	Prupe.4G018500.1	2.5588233333333332	53.71288533333333	212.24359866666668	0.9196566332698923	0.8343901662931117	0.8112687868609807	0.34589778855246667	0.16991739943673717	0.1739473794134022	Conservation	Neofunctionalization(Parent)	Neofunctionalization(Parent)	discordant	classified
PD	Pbre1_05G582200	Pbre1_05G583200	Prupe.4G014600.1	49.79418616666666	0.2452905	97.66442883333333	0.4662168805786953	0.8283716578856664	0.7714131357833207	0.24461535489549305	0.18191395613185427	0.2427191763291833	Conservation	Neofunctionalization(Child)	Neofunctionalization(Child)	discordant	classified
PD	Pbre1_05G582400	Pbre1_05G583400	Prupe.4G014500.1	NA	NA	NA	NA	NA	NA	NA	NA	NA	NA	NA	NA	NA	missing_expression_record
PD	Pbre1_05G591400	Pbre1_05G591800	Prupe.4G008900.1	0.1635655	71.53317966666667	154.150274	0.846373537280761	0.7896927617675582	0.678501939519391	0.6236498489245001	0.5325631873963446	0.5316684405288316	Specialization	Neofunctionalization(Parent)	Neofunctionalization(Parent)	discordant	classified
PD	Pbre1_06G008600	Pbre1_06G009000	Prupe.5G005600.1	12.706250166666667	0.6603093333333333	30.514915666666667	0.42679239004490965	0.6706850815811889	0.7333381684414279	0.22011923843044545	0.34481918331225553	0.21796911527255045	Conservation	Neofunctionalization(Child)	Neofunctionalization(Child)	discordant	classified
PD	Pbre1_06G014000	Pbre1_06G014600	Prupe.5G009300.1	54.11677366666667	4.063679	59.327608166666664	0.48251244773256036	0.5928464066935604	0.4980713813556946	0.1407266371365051	0.2060283127499695	0.12330822569435755	Conservation	Conservation	Conservation	Conservation	classified
PD	Pbre1_06G028200	Pbre1_06G028600	Prupe.5G019700.1	0.006166833333333333	4.0385678333333335	4.3140141666666665	1.0	0.6594320506725698	0.6587331377440597	1.0730239916352358	0.20280941891883306	0.20340453013285215	Neofunctionalization(Parent)	Specialization	Neofunctionalization(Parent)	discordant	classified
PD	Pbre1_06G030000	Pbre1_06G030600	Prupe.5G018500.1	5.7163685	0.0	8.524250333333333	0.7529413367177743	NA	0.6917012610196982	NA	NA	NA	NA	NA	NA	NA	all_zero_expression_profile
PD	Pbre1_06G070400	Pbre1_06G071400	Prupe.5G048100.1	7.3400765	0.8010265	9.945036833333333	0.9982926502688636	1.0	0.9993986014533782	0.010297251076969225	0.0036729988198330892	0.00917692224584317	Conservation	Conservation	Conservation	Conservation	classified
PD	Pbre1_06G075200	Pbre1_06G075800	Prupe.5G051000.1	0.16555566666666666	7.984839	182.97939033333333	0.8274170831653272	0.885524305257098	0.9779637555829142	0.5071209103175645	0.31941566631878315	0.31988756488958825	Neofunctionalization(Parent)	Specialization	Neofunctionalization(Parent)	discordant	classified
PD	Pbre1_06G105600	Pbre1_06G106000	Prupe.5G072800.1	33.39665516666666	8.269617833333333	3496.0782259999996	0.9957399449951275	0.9978762624559112	0.704904728113436	0.9923918880029352	1.0012573151594981	0.9941082424529673	Specialization	Specialization	Specialization	Specialization	classified
PD	Pbre1_06G171800	Pbre1_06G171200	Prupe.5G108600.1	61.34572166666667	5.688708166666666	6.6150245000000005	0.8682661511169737	0.9601863060297472	0.9941147272110642	1.0045141778354658	1.2217833941018825	1.0219787271940441	Specialization	Specialization	Specialization	Specialization	classified
PD	Pbre1_06G188600	Pbre1_06G189400	Prupe.5G117400.1	0.11090799999999999	0.04781266666666667	0.03811916666666666	0.7524248630434125	1.0	0.904135620407741	0.8343944942600738	0.397083921632515	0.49571026437141374	Specialization	Conservation	Conservation	discordant	classified
PD	Pbre1_06G230600	Pbre1_06G231000	Prupe.5G141200.1	0.042938	0.9078455	1.386254	0.8783449550218805	0.8891825330570804	0.7368335824336395	0.601733979456843	0.45830802974303597	0.4624715841903461	Specialization	Specialization	Specialization	Specialization	classified
PD	Pbre1_06G282400	Pbre1_06G281200	Prupe.5G167700.1	1.4531436666666666	1.0015203333333333	0.4381231666666667	0.8879315951264445	0.9755866456411795	0.6760911201682095	0.6720700767056608	0.9636221484870524	0.7906075768033691	Specialization	Specialization	Specialization	Specialization	classified
PD	Pbre1_06G311000	Pbre1_06G311400	Prupe.5G183200.1	52.32322833333333	10.359522333333334	51.63563633333334	0.7980865481017044	0.8584566805184182	0.5734054788271615	0.23256434151328176	0.3666020967824365	0.1754800675366154	Conservation	Neofunctionalization(Child)	Neofunctionalization(Child)	discordant	classified
PD	Pbre1_06G311200	Pbre1_06G311600	Prupe.5G183300.1	8.954837833333332	7.302862	14.244064166666668	0.6694754302592187	0.6136680627851896	0.5263185429899006	0.233247754581834	0.18794737367200712	0.19139860319097454	Conservation	Conservation	Conservation	Conservation	classified
PD	Pbre1_06G318200	Pbre1_06G318600	Prupe.5G186100.1	NA	NA	NA	NA	NA	NA	NA	NA	NA	NA	NA	NA	NA	missing_expression_record
PD	Pbre1_06G344000	Pbre1_06G344400	Prupe.5G203600.1	6.543456333333333	0.031479	295.1928101666667	0.8480161339342468	0.7320325565837886	0.7915065394956559	0.8579513517248376	0.6596291738753027	0.8556077703677679	Specialization	Specialization	Specialization	Specialization	classified
PD	Pbre1_07G001000	Pbre1_07G000600	Prupe.2G001300.1	0.0	3.3035846666666666	8.263200333333334	NA	0.7634763184649452	0.8312936209795077	NA	NA	NA	NA	NA	NA	NA	all_zero_expression_profile
PD	Pbre1_07G015600	Pbre1_07G016200	Prupe.2G012200.1	185.47490866666666	234.46564616666666	693.9585343333333	0.3011151875716507	0.2470703588989931	0.30109006682218703	0.1698885964088128	0.1659580991963222	0.1650019322748763	Conservation	Conservation	Conservation	Conservation	classified
PD	Pbre1_07G015800	Pbre1_07G016600	Prupe.2G012300.1	0.0	2.719603166666667	8.084661166666667	NA	0.4997038113130216	0.6691589082665741	NA	NA	NA	NA	NA	NA	NA	all_zero_expression_profile
PD	Pbre1_07G027400	Pbre1_07G027800	Prupe.2G020700.1	4.973222000000001	2.777489	1.0441686666666667	0.8706510758107777	0.725702689972265	0.7463535293120952	0.5117941387911492	0.5860888385487388	0.41445058175151606	Specialization	Specialization	Specialization	Specialization	classified
PD	Pbre1_07G035800	Pbre1_07G036200	Prupe.2G028600.1	33.610834	0.931549	99.57956349999999	0.9242214567367248	0.7672051861407636	0.7950027116188062	0.3486086904298875	0.36667953425788236	0.343289927148281	Conservation	Specialization	Specialization	discordant	classified
PD	Pbre1_07G042800	Pbre1_07G043600	Prupe.2G031500.1	5.183461666666666	1.1556631666666666	4.257422666666667	0.3292463239565843	0.3964889450264207	0.47484455501842515	0.10003510081724185	0.2184250721928466	0.11475616103451934	Conservation	Neofunctionalization(Child)	Conservation	discordant	classified
PD	Pbre1_07G048400	Pbre1_07G049200	Prupe.2G035500.1	11.013885333333333	10.577844666666667	12.900347833333333	0.17354283939111523	0.3492732732998402	0.7022440887371968	0.2450517009996619	0.2638572382687357	0.24849501448535344	Conservation	Conservation	Conservation	Conservation	classified
PD	Pbre1_07G048800	Pbre1_07G049600	Prupe.2G036100.1	2.392952333333333	0.9327635	8.224631833333333	0.6641129349060415	0.5499233951012357	0.7368697421863214	0.26541563757074244	0.31480837513146315	0.27718233243944146	Conservation	Specialization	Neofunctionalization(Child)	discordant	classified
PD	Pbre1_07G068200	Pbre1_07G069800	Prupe.2G051800.1	0.7060458333333334	0.004926	4.440778	0.7864452463571031	1.0	0.730845583677977	0.29232601847533224	0.667098909985153	0.29243964575334275	Neofunctionalization(Child)	Specialization	Specialization	discordant	classified
PD	Pbre1_07G097000	Pbre1_07G097400	Prupe.2G086100.1	3.4245795	35.36615283333333	15.658326833333334	0.6841029721326162	0.8571996383452104	0.9608534194271563	0.5390349903963148	0.9299562009318749	0.8862989570819727	Specialization	Neofunctionalization(Child)	Neofunctionalization(Child)	discordant	classified
PD	Pbre1_07G134600	Pbre1_07G135200	Prupe.2G112600.1	26.97125266666667	48.675179666666665	11.004543666666667	0.9820778536427724	0.9432776410638226	0.9005400322081349	1.1135317059348586	0.9915964540105758	1.0331443266580391	Specialization	Specialization	Specialization	Specialization	classified
PD	Pbre1_07G140000	Pbre1_07G140600	Prupe.2G115700.1	0.8005095	0.014927000000000001	8.941327166666667	0.29643601571200684	0.910389652384802	0.7038641755109435	0.2990475952144195	0.7937966176010066	0.30267808974907817	Neofunctionalization(Child)	Specialization	Specialization	discordant	classified
PD	Pbre1_07G158200	Pbre1_07G159800	Prupe.2G128200.1	8.984576166666667	0.7892573333333334	11.657759666666667	0.6001179011437581	0.7028172378187155	0.37615805399310054	0.19703840945000864	0.2946430965368502	0.20448490560992796	Conservation	Specialization	Neofunctionalization(Child)	discordant	classified
PD	Pbre1_07G159600	Pbre1_07G160400	Prupe.2G129300.1	1.0334291666666666	1.4499879999999998	4.387864666666666	0.9989426987948058	0.9615712420747474	0.9994876067934884	0.006441421672989855	0.2151933265742457	0.1264934797421493	Conservation	Neofunctionalization(Child)	Neofunctionalization(Child)	discordant	classified
PD	Pbre1_07G172000	Pbre1_07G172400	Prupe.2G135700.1	2.3712388333333334	2.6897771666666666	6.0594065	0.5924555671658427	0.6510681248920073	0.6459457881964532	0.19019003857519212	0.14071728251090546	0.15647777907986898	Conservation	Specialization	Specialization	discordant	classified
PD	Pbre1_07G186800	Pbre1_07G187400	Prupe.2G143800.1	24.184316666666668	16.880703333333333	8.3332355	0.6420974958616544	0.5822612498496962	0.4509773287650404	0.2920744671199183	0.10272831995498137	0.16920067630361454	Conservation	Conservation	Conservation	Conservation	classified
PD	Pbre1_07G312400	Pbre1_07G313000	Prupe.2G222200.1	26.9007775	2.4032726666666666	26.611443666666666	0.6854774960768794	0.7208289005287798	0.4853553529456377	0.14387494166860884	0.21086264621116835	0.14871894548191003	Conservation	Conservation	Conservation	Conservation	classified
PD	Pbre1_07G333000	Pbre1_07G333600	Prupe.2G235400.1	0.7898803333333334	1.7849596666666667	273.54458999999997	0.8070198219712518	0.9019928668669659	0.7484482185464265	0.6631904213512182	0.7077192963947174	0.6829755328228058	Specialization	Specialization	Specialization	Specialization	classified
PD	Pbre1_07G359800	Pbre1_07G358600	Prupe.2G248600.1	2.7797121666666667	1.7832376666666667	14.134585833333333	0.30346398151052395	0.30017892262090734	0.5849312516696676	0.18588629340830032	0.23590948307619147	0.1995760075137051	Conservation	Conservation	Conservation	Conservation	classified
PD	Pbre1_07G389800	Pbre1_07G390400	Prupe.2G267200.1	1.1285795	4.837900666666666	35.30363333333333	0.37731475547461435	0.6868388105475635	0.43804147242935565	0.2240652334120181	0.32360502521205325	0.28476262932890695	Conservation	Neofunctionalization(Parent)	Conservation	discordant	classified
PD	Pbre1_07G407400	Pbre1_07G407800	Prupe.2G276800.1	3.5308973333333333	2.0837125	1.481303	0.991769301277035	0.8932990054270065	0.8922675976385694	0.40554108861286375	0.21500163699728245	0.30426201597221375	Neofunctionalization(Parent)	Specialization	Specialization	discordant	classified
PD	Pbre1_07G490800	Pbre1_07G491600	Prupe.2G319700.1	0.008831	0.4754736666666667	72.25221166666667	1.0	0.9397693734552798	0.9552167971404957	1.2689175536161632	0.16659989350410778	0.16718845364972307	Neofunctionalization(Parent)	Specialization	Specialization	discordant	classified
PD	Pbre1_08G030800	Pbre1_08G031600	Prupe.1G369500.1	11.856586666666667	55.254226333333335	5.118426333333333	0.647504002497044	0.5547224349896572	0.7126064100852931	0.42362936825799297	0.5087799373654183	0.48756954522441726	Specialization	Specialization	Conservation	Specialization	classified
PD	Pbre1_08G032600	Pbre1_08G031400	Prupe.1G369900.1	0.09174800000000001	8.694092166666666	23.227841666666666	0.9887495658814476	0.4565858521367729	0.4248795192449409	0.7866003862121265	0.10463784097291132	0.10616935629680818	Neofunctionalization(Parent)	Neofunctionalization(Parent)	Neofunctionalization(Parent)	Neofunctionalization(Parent)	classified
PD	Pbre1_08G033600	Pbre1_08G034000	Prupe.1G370300.1	0.5105605	1.6961525	2.2874615	0.9202234476661564	0.9807990229891554	0.8440016906637775	0.8686061265815933	1.0800395901045905	0.9293656440108056	Specialization	Specialization	Specialization	Specialization	classified
PD	Pbre1_08G035600	Pbre1_08G036400	Prupe.1G371000.1	4.186173	6.810417	20.208954833333333	0.35715896188798524	0.46723071144654166	0.29762427220054166	0.2448230980270031	0.16610824620258766	0.18797586731991736	Conservation	Neofunctionalization(Parent)	Conservation	discordant	classified
PD	Pbre1_08G056200	Pbre1_08G056800	Prupe.1G382600.1	9.362546333333333	0.7440646666666667	11.732545666666667	0.7435428472807152	0.5142577146982473	0.42903240520965946	0.361386103916457	0.3134289487218023	0.3437899881792497	Conservation	Specialization	Neofunctionalization(Child)	discordant	classified
PD	Pbre1_08G056400	Pbre1_08G057000	Prupe.1G382400.1	12.882349833333334	13.504244833333335	43.68686683333333	0.6792072862374331	0.45310497513091336	0.30485046261161886	0.2990416056811762	0.1308826391596396	0.20995058179818318	Conservation	Conservation	Conservation	Conservation	classified
PD	Pbre1_08G073200	Pbre1_08G073600	Prupe.1G389500.1	22.958476166666667	14.664108666666667	32.06476	0.5858995843067583	0.3403773073171342	0.5564798074837018	0.39031307730124326	0.277028144902259	0.34273740970024613	Conservation	Conservation	Conservation	Conservation	classified
PD	Pbre1_08G104200	Pbre1_08G104600	Prupe.1G411600.1	1.5761188333333334	52.321217	56.301971333333334	0.9535608823033128	0.40151772708578387	0.819824150629896	0.3732794571371093	0.35919027481603777	0.3432110318818677	Conservation	Neofunctionalization(Parent)	Neofunctionalization(Parent)	discordant	classified
PD	Pbre1_08G128000	Pbre1_08G128400	Prupe.1G417800.1	0.017422833333333335	0.0018018333333333332	0.021337	1.0	1.0	0.9079357112710598	0.3948726817868164	0.3948726817868164	0.3948726817868164	Specialization	Conservation	Conservation	discordant	classified
PD	Pbre1_08G132600	Pbre1_08G133400	Prupe.1G420400.1	0.15822	5.283089833333333	9.811469333333333	0.9062820227222097	0.4434440871654636	0.5343791114534323	0.6496265689424298	0.21806977293712135	0.22867378458058546	Neofunctionalization(Parent)	Neofunctionalization(Parent)	Neofunctionalization(Parent)	Neofunctionalization(Parent)	classified
PD	Pbre1_08G137800	Pbre1_08G138400	Prupe.1G422900.1	0.19460533333333332	0.2979603333333333	27.275186	0.729447228485475	0.6916769501106063	0.4940916107986295	0.5376759085974031	0.4619236450734911	0.4769119615774543	Specialization	Specialization	Specialization	Specialization	classified
PD	Pbre1_08G145800	Pbre1_08G146200	Prupe.1G426700.1	0.364134	0.7692078333333333	1230.11353	0.6828462341437319	0.8570950408863489	0.977363626304722	1.0288321486709562	1.0509361330172078	1.0277148329729473	Specialization	Specialization	Specialization	Specialization	classified
PD	Pbre1_08G146000	Pbre1_08G146400	Prupe.1G426800.1	0.0	28.156862666666665	57.31293983333333	NA	0.3465167920035636	0.503975364671605	NA	NA	NA	NA	NA	NA	NA	all_zero_expression_profile
PD	Pbre1_08G152800	Pbre1_08G153200	Prupe.1G430600.1	10.170884333333333	10.830980833333333	4.763850833333334	0.5812461907921986	0.5921990888675416	0.5197036962637986	0.2550898941619533	0.26721159543315637	0.2580701549674872	Conservation	Specialization	Conservation	discordant	classified
PD	Pbre1_08G161200	Pbre1_08G162200	Prupe.1G434700.1	35.60968166666667	15.028614666666666	31.494177	0.2980396138328846	0.5239124619112744	0.2973075659827157	0.08449970177223008	0.15322832979533665	0.09734914253678452	Conservation	Conservation	Conservation	Conservation	classified
PD	Pbre1_08G173000	Pbre1_08G173400	Prupe.1G440300.1	3.001349333333333	6.348829	15.2167955	0.6603370687690473	0.4342426619981027	0.5143490766489287	0.3715020586235089	0.3251869970029507	0.32665036361402555	Conservation	Neofunctionalization(Parent)	Neofunctionalization(Parent)	discordant	classified
PD	Pbre1_08G179200	Pbre1_08G179800	Prupe.1G442500.1	3.404837333333333	13.800904333333333	5.7546705	0.9921962558547408	0.9952619170865346	0.5500954866601013	0.9063719016570203	0.9221711414120553	0.9190400747889168	Specialization	Specialization	Specialization	Specialization	classified
PD	Pbre1_08G183000	Pbre1_08G183400	Prupe.1G444000.1	11.619485333333333	0.0	197.9219425	0.7633306929704559	NA	0.8120868170595006	NA	NA	NA	NA	NA	NA	NA	all_zero_expression_profile
PD	Pbre1_08G202400	Pbre1_08G202800	Prupe.1G454200.1	0.9534021666666668	0.951458	3.1566091666666667	0.9982819944591501	0.9976989678081226	0.9367961209100601	0.2676174473934858	0.26485504819186784	0.2662335732551265	Conservation	Specialization	Specialization	discordant	classified
PD	Pbre1_08G202600	Pbre1_08G203000	Prupe.1G454500.1	NA	NA	NA	NA	NA	NA	NA	NA	NA	NA	NA	NA	NA	missing_expression_record
PD	Pbre1_08G204400	Pbre1_08G205000	Prupe.1G455100.1	2.484247	34.444136666666665	73.25584733333334	0.4073965773720503	0.8415982520752427	0.5468276868208656	0.21891424768613676	0.34420690861643416	0.31307814293466185	Conservation	Neofunctionalization(Parent)	Conservation	discordant	classified
PD	Pbre1_08G257200	Pbre1_08G257600	Prupe.1G485400.1	6.544246333333334	1.2802501666666668	0.018608666666666666	0.9800608932359731	0.9802255681046013	1.0	1.2862018978783414	0.12520297017790896	1.0962329253036098	Neofunctionalization(Parent)	Specialization	Specialization	discordant	classified
PD	Pbre1_08G257400	Pbre1_08G257800	Prupe.1G485800.1	1.885883	40.6826465	66.36766516666667	0.7935011472557649	0.2151153735560792	0.3986325459788477	0.3756348547429776	0.1716465852746489	0.1640889343897188	Conservation	Neofunctionalization(Parent)	Neofunctionalization(Parent)	discordant	classified
PD	Pbre1_08G332800	Pbre1_08G333400	Prupe.1G531100.1	0.33532033333333333	0.7927218333333333	6.3496421666666665	0.930609239042019	0.924696708485043	0.8641983146741354	0.6540983717751092	0.6176083310104643	0.6282456387469977	Specialization	Specialization	Specialization	Specialization	classified
PD	Pbre1_08G356600	Pbre1_08G357200	Prupe.1G546100.1	0.3919385	0.3459676666666667	7.7491085	0.8723100333175873	0.7207081068163478	0.804819705871291	0.6914847153300427	0.10874297364937979	0.38982375716153467	Neofunctionalization(Parent)	Specialization	Specialization	discordant	classified
PD	Pbre1_08G374000	Pbre1_08G374400	Prupe.1G559800.1	0.0	0.32235016666666666	0.022302833333333334	NA	0.7616028088595128	0.6512548183383908	NA	NA	NA	NA	NA	NA	NA	all_zero_expression_profile
PD	Pbre1_08G377000	Pbre1_08G377400	Prupe.1G561200.1	0.12529916666666666	0.0	0.06756666666666666	0.9604329316091696	NA	0.8941104567593363	NA	NA	NA	NA	NA	NA	NA	all_zero_expression_profile
PD	Pbre1_09G022200	Pbre1_09G022600	Prupe.3G304300.1	11.6747935	16.14735333333333	19.448341166666665	0.5422407591643069	0.5095555360131151	0.5458806205426082	0.25071567785129195	0.11609575987025374	0.16232650010933583	Conservation	Conservation	Conservation	Conservation	classified
PD	Pbre1_09G022400	Pbre1_09G022800	Prupe.3G304200.1	26.786998833333335	7.658341833333333	37.663752	0.6401433099705558	0.7181930824137419	0.8840819303534218	0.4342832046875407	0.46135663008432576	0.43874842310993073	Specialization	Conservation	Neofunctionalization(Parent)	discordant	classified
PD	Pbre1_09G024000	Pbre1_09G024400	Prupe.3G303500.1	0.17243616666666667	0.100335	1.4366738333333333	0.6678525688833112	0.8764943750184724	0.8693027175162994	0.5929227927095876	0.8746326034879586	0.6887235853090685	Specialization	Specialization	Specialization	Specialization	classified
PD	Pbre1_09G024200	Pbre1_09G024600	Prupe.3G303400.1	4.940830333333333	3.011019	23.010421666666666	0.4602853461302757	0.6119175303035851	0.6698115006284977	0.23293692508182348	0.2877714637358162	0.2336097576730753	Conservation	Neofunctionalization(Child)	Conservation	discordant	classified
PD	Pbre1_09G036200	Pbre1_09G036600	Prupe.3G295600.1	0.188399	0.0	0.7493076666666667	0.9878702180703481	NA	0.8509791317808515	NA	NA	NA	NA	NA	NA	NA	all_zero_expression_profile
PD	Pbre1_09G064400	Pbre1_09G065000	Prupe.3G279400.1	0.6815346666666666	4.1273585	14.0352955	0.2813813398929567	0.4249814884245538	0.8420056596433986	0.48901286438917546	0.4966990588361815	0.49278299460247166	Specialization	Neofunctionalization(Parent)	Conservation	discordant	classified
PD	Pbre1_09G073600	Pbre1_09G074200	Prupe.3G272900.1	0.5170018333333333	0.2993591666666667	1.7549711666666667	0.44506544203184245	0.28819990862480327	0.26533139117899773	0.14261409901291366	0.14506016026534174	0.08383669161632167	Conservation	Specialization	Specialization	discordant	classified
PD	Pbre1_09G073600	Pbre1_09G074400	Prupe.3G272900.1	0.5170018333333333	0.4553235	1.7549711666666667	0.44506544203184245	0.7418362666563806	0.26533139117899773	0.14261409901291366	0.3331114054077236	0.17966841337062978	Conservation	Specialization	Specialization	discordant	classified
PD	Pbre1_09G076000	Pbre1_09G076400	Prupe.3G272100.1	8.965505666666667	21.2817055	28.8657745	0.5840462785422884	0.31726187147193147	0.5228280847825111	0.23360557345956723	0.2611896146642543	0.21746551445726722	Conservation	Conservation	Conservation	Conservation	classified
PD	Pbre1_09G098600	Pbre1_09G099400	Prupe.3G261400.1	0.0	2.2157003333333334	5.1782465	NA	0.3010710372315518	0.44350641508551913	NA	NA	NA	NA	NA	NA	NA	all_zero_expression_profile
PD	Pbre1_09G100000	Pbre1_09G098800	Prupe.3G261300.1	0.013606833333333334	0.0	8.2963865	1.0	NA	0.8745391939179011	NA	NA	NA	NA	NA	NA	NA	all_zero_expression_profile
PD	Pbre1_09G109400	Pbre1_09G109800	Prupe.3G255700.1	0.9013725	1.6296696666666666	0.028803333333333334	0.5786505423071996	0.35893443433756955	0.8813144258607017	0.520437636183047	0.4665931560892252	0.47812679144360853	Specialization	Specialization	Specialization	Specialization	classified
PD	Pbre1_09G137400	Pbre1_09G137800	Prupe.3G240000.1	NA	NA	NA	NA	NA	NA	NA	NA	NA	NA	NA	NA	NA	missing_expression_record
PD	Pbre1_09G139200	Pbre1_09G139600	Prupe.3G239500.1	0.9667506666666668	0.6228341666666667	3.821580833333333	0.9971163646411545	0.9922790960345205	0.8857967485467944	1.0711393680290284	1.0683174306082959	0.8320828337879353	Specialization	Specialization	Specialization	Specialization	classified
PD	Pbre1_09G157600	Pbre1_09G158000	Prupe.3G230300.1	0.053781166666666665	0.049180666666666664	317.1511533333333	0.836922436441989	0.7844706677556538	0.5978427653911418	0.2702837017129473	0.3212961884416521	0.21920972568014954	Conservation	Specialization	Specialization	discordant	classified
PD	Pbre1_09G174000	Pbre1_09G174400	Prupe.3G217800.1	10.500567833333333	0.0	17.773463500000002	0.6386229595604959	NA	0.6260276728633587	NA	NA	NA	NA	NA	NA	NA	all_zero_expression_profile
PD	Pbre1_09G174000	Pbre1_09G174600	Prupe.3G217800.1	10.500567833333333	0.025693	17.773463500000002	0.6386229595604959	0.8732902405425452	0.6260276728633587	0.18464916804445944	0.7191162593142767	0.18513913473444987	Neofunctionalization(Child)	Neofunctionalization(Child)	Neofunctionalization(Child)	Neofunctionalization(Child)	classified
PD	Pbre1_09G198400	Pbre1_09G199000	Prupe.3G205800.1	0.04750483333333333	0.0121195	0.013633333333333332	1.0	0.8554513148542998	1.0	0.0	1.2300206006669963	0.25001930984190457	Neofunctionalization(Child)	Conservation	Conservation	discordant	classified
PD	Pbre1_09G232200	Pbre1_09G232600	Prupe.3G186800.1	0.06974616666666666	0.2506681666666667	96.00105216666667	0.7266900412825879	0.6827576008212549	0.7901072537728586	0.5707056234754043	0.621165677842242	0.5962631965143608	Specialization	Specialization	Specialization	Specialization	classified
PD	Pbre1_09G258200	Pbre1_09G258800	Prupe.3G170800.1	0.5157758333333333	0.0	52.56739816666666	0.47812618454737904	NA	0.6817295463155789	NA	NA	NA	NA	NA	NA	NA	all_zero_expression_profile
PD	Pbre1_09G264200	Pbre1_09G264600	Prupe.3G168500.1	5.896096333333333	5.726332833333333	25.440638833333335	0.3265072663946347	0.7274452643190816	0.3938918296434769	0.19163009661827748	0.3479735695296444	0.21289999252847092	Conservation	Neofunctionalization(Child)	Neofunctionalization(Child)	discordant	classified
PD	Pbre1_09G398800	Pbre1_09G399200	Prupe.3G113400.1	1.4877335	6.809566833333333	14.939591666666667	0.9196929321578089	0.8053391275990981	0.8095978913877223	0.35747145101239336	0.287276381697862	0.23858674868565133	Conservation	Specialization	Specialization	discordant	classified
PD	Pbre1_09G399000	Pbre1_09G399400	Prupe.3G113500.1	0.28148850000000003	0.0025716666666666665	120.92201466666667	0.9048925364815078	1.0	0.8836033748131967	0.7779236634693697	1.191332173307309	0.7816257207602171	Specialization	Specialization	Specialization	Specialization	classified
PD	Pbre1_09G424800	Pbre1_09G425200	Prupe.3G155800.1	0.043161	0.030811333333333333	1.6565368333333332	0.932405412526931	0.8822946114782131	0.6236818079950412	0.7509469522242934	0.8339107945700901	0.5811653440551805	Specialization	Specialization	Specialization	Specialization	classified
PD	Pbre1_09G440600	Pbre1_09G441000	Prupe.3G151000.1	5.796173666666666	10.2642245	20.30737866666667	0.981149463276582	0.8380573938357381	0.9727212351048582	1.2674923688281647	0.5555636140722687	0.6944222947348548	Specialization	Specialization	Specialization	Specialization	classified
PD	Pbre1_09G459800	Pbre1_09G460400	Prupe.3G016700.1	0.029218	2.2081335	13.385415666666667	0.8123091212667383	0.7726505466616713	0.7808389922139515	0.5766269998918482	0.6726758261974137	0.6702123209187418	Specialization	Specialization	Specialization	Specialization	classified
PD	Pbre1_09G467800	Pbre1_09G468400	Prupe.3G013100.1	1.6312483333333334	1.0207253333333333	0.7872558333333334	0.600474903991662	0.9609074998662894	0.9035194835559196	0.6338236575406928	0.9528390866524301	0.687421579266113	Specialization	Specialization	Specialization	Specialization	classified
PD	Pbre1_10G041400	Pbre1_10G041800	Prupe.8G034100.1	3.2544271666666664	0.5551429999999999	4059.490699666667	0.9017567906375776	0.7981546416565276	0.7611573714666621	0.8117658607795468	0.6955967533123144	0.7877638821222771	Specialization	Specialization	Specialization	Specialization	classified
PD	Pbre1_10G056600	Pbre1_10G057400	Prupe.8G045100.1	4.1852805	15.983064166666667	29.074254500000002	0.7863237518761209	0.6552715140915084	0.5902089266998178	0.19412382234765646	0.2712825866997191	0.21383918928042128	Conservation	Neofunctionalization(Parent)	Conservation	discordant	classified
PD	Pbre1_10G069000	Pbre1_10G070200	Prupe.8G056100.1	18.39070733333333	2.9011826666666667	33.135155833333336	0.9556996944736357	0.8771585210243626	0.6795807609652591	0.6657539726039442	0.48804917232378525	0.6399291142293914	Specialization	Neofunctionalization(Child)	Conservation	discordant	classified
PD	Pbre1_10G069000	Pbre1_10G070400	Prupe.8G056100.1	18.39070733333333	2.9544916666666667	33.135155833333336	0.9556996944736357	0.9196956759611522	0.6795807609652591	0.6657539726039442	0.5534101897499245	0.6500750524658105	Specialization	Neofunctionalization(Child)	Conservation	discordant	classified
PD	Pbre1_10G072600	Pbre1_10G073000	Prupe.8G058900.1	NA	NA	NA	NA	NA	NA	NA	NA	NA	NA	NA	NA	NA	missing_expression_record
PD	Pbre1_10G072800	Pbre1_10G073200	Prupe.8G059200.1	1.6250923333333334	14.7194245	31.990055666666667	0.8193168355274729	0.5168770189395749	0.3573973298181198	0.5293257022531499	0.17695021268379946	0.19015825056022592	Neofunctionalization(Parent)	Neofunctionalization(Parent)	Neofunctionalization(Parent)	Neofunctionalization(Parent)	classified
PD	Pbre1_10G079800	Pbre1_10G080400	Prupe.8G066500.1	4.3724615	1.1396906666666666	1.3590261666666668	0.9418525243178342	0.8439825837323565	0.9656587129439169	1.038315968940874	0.8582246250842179	0.9963968473048564	Specialization	Specialization	Specialization	Specialization	classified
PD	Pbre1_10G086600	Pbre1_10G087000	Prupe.8G073700.1	0.17799383333333332	4.469398833333333	5.447798833333334	0.7310377685758072	0.6219686210900979	0.6006769769263667	0.3596293445074357	0.45498472198035084	0.4432491067147503	Neofunctionalization(Child)	Neofunctionalization(Parent)	Neofunctionalization(Parent)	discordant	classified
PD	Pbre1_10G142000	Pbre1_10G142400	Prupe.8G111400.1	7.097373	41.31962983333333	28.174912333333335	0.8660718585286175	0.9637386608646035	0.8730819943270992	0.7662331289710198	0.9883062490843402	0.9528456241069518	Specialization	Specialization	Neofunctionalization(Parent)	Specialization	classified
PD	Pbre1_10G147800	Pbre1_10G148400	Prupe.8G115900.1	33.9057045	20.790047333333334	35.0063095	0.810541605852747	0.309718940108323	0.521383323354889	0.44808073342790256	0.16904173450939014	0.3237676852622046	Neofunctionalization(Parent)	Conservation	Conservation	discordant	classified
PD	Pbre1_10G173600	Pbre1_10G172400	Prupe.8G136000.1	112.45829966666666	35.27874533333333	88.8324005	0.5996986909117117	0.6815570120628129	0.5262550014951797	0.28688766061545534	0.36860890003635444	0.30419708811025975	Conservation	Conservation	Conservation	Conservation	classified
PD	Pbre1_10G175000	Pbre1_10G175400	Prupe.8G137300.1	3.106022	2.6277555	19.545846	0.7133565015708869	0.40409032052883853	0.5242100783016862	0.30531018053433184	0.21803219794250608	0.1600192207864697	Conservation	Neofunctionalization(Parent)	Neofunctionalization(Parent)	discordant	classified
PD	Pbre1_10G188800	Pbre1_10G189400	Prupe.8G146200.1	19.754240833333334	15.873765166666667	33.17528683333333	0.34150258611189266	0.3819394336424612	0.1936847832931177	0.15814235558291243	0.17847327985699005	0.16223365189429761	Conservation	Conservation	Conservation	Conservation	classified
PD	Pbre1_10G198800	Pbre1_10G199600	Prupe.8G152700.1	NA	NA	NA	NA	NA	NA	NA	NA	NA	NA	NA	NA	NA	missing_expression_record
PD	Pbre1_10G199000	Pbre1_10G199800	Prupe.8G153900.1	2.545341833333333	0.0	13.333713333333334	0.9179914119882057	NA	0.8934015395824482	NA	NA	NA	NA	NA	NA	NA	all_zero_expression_profile
PD	Pbre1_10G199200	Pbre1_10G200200	Prupe.8G154900.1	NA	NA	NA	NA	NA	NA	NA	NA	NA	NA	NA	NA	NA	missing_expression_record
PD	Pbre1_10G204800	Pbre1_10G205200	Prupe.8G157700.1	NA	NA	NA	NA	NA	NA	NA	NA	NA	NA	NA	NA	NA	missing_expression_record
PD	Pbre1_10G229400	Pbre1_10G230000	Prupe.8G170600.1	0.058347166666666665	9.568231833333334	38.192154	1.0	0.9963254608912621	0.4570054703348264	0.8736218651243683	0.8524471255933905	0.8525752214581431	Specialization	Specialization	Specialization	Specialization	classified
PD	Pbre1_10G234600	Pbre1_10G235000	Prupe.8G174300.1	16.227543999999998	0.0	17.648206	0.8952045298372404	NA	0.8315872656518526	NA	NA	NA	NA	NA	NA	NA	all_zero_expression_profile
PD	Pbre1_10G238800	Pbre1_10G237600	Prupe.8G176300.1	1.6171576666666667	0.35501116666666666	41.702132	0.7276132824024624	0.7563270870456792	0.7920955118706894	0.5940557824163428	0.5055340240847029	0.56505227563973	Specialization	Specialization	Specialization	Specialization	classified
PD	Pbre1_10G255600	Pbre1_10G256000	Prupe.8G183500.1	4.457220833333333	0.318656	19.703060833333332	0.44515188935539635	0.9632815329271924	0.7998685897745075	0.31193117136121834	0.47844128260207974	0.2732816524228546	Neofunctionalization(Child)	Specialization	Neofunctionalization(Child)	discordant	classified
PD	Pbre1_10G255800	Pbre1_10G256200	Prupe.8G183600.1	2.5927918333333335	4.1515535	9.747962833333334	0.9984749032985965	0.8577634748657104	1.0	0.008954974658140201	0.5587062229618085	0.34612360930698116	Neofunctionalization(Child)	Neofunctionalization(Child)	Neofunctionalization(Child)	Neofunctionalization(Child)	classified
PD	Pbre1_10G266200	Pbre1_10G264800	Prupe.8G188300.1	3.4650046666666667	4.409093666666667	5.057752166666666	0.35296074249267145	0.07846824757709314	0.8421485112817244	0.4872593483929626	0.4432181719934516	0.458798925755208	Specialization	Conservation	Conservation	discordant	classified
PD	Pbre1_10G281200	Pbre1_10G282200	Prupe.8G196700.1	0.02446383333333333	13.215924166666667	44.81438716666667	0.8979307506302412	0.4219314140616177	0.3196555730150984	0.5012893458453651	0.19118734505872648	0.19033028332380553	Neofunctionalization(Parent)	Neofunctionalization(Parent)	Neofunctionalization(Parent)	Neofunctionalization(Parent)	classified
PD	Pbre1_10G296600	Pbre1_10G297600	Prupe.8G206400.1	2.9237266666666666	22.505687333333334	229.69338033333332	0.572234301885334	0.5892933315722291	0.8836239773256949	0.5439277130002306	0.3565673334612019	0.36851785429657663	Neofunctionalization(Parent)	Conservation	Conservation	discordant	classified
PD	Pbre1_10G296800	Pbre1_10G297800	Prupe.8G206500.1	0.015333666666666667	14.156172999999999	24.437503333333332	0.8390946179193473	0.20910308335548952	0.2938548690964228	0.5679732403334607	0.11883553398375404	0.11840240123123448	Neofunctionalization(Parent)	Neofunctionalization(Parent)	Neofunctionalization(Parent)	Neofunctionalization(Parent)	classified
PD	Pbre1_10G307800	Pbre1_10G308200	Prupe.8G213400.1	22.30514133333333	13.636635833333333	21.732646333333335	0.5993513861888496	0.6904322236891757	0.2990708736504378	0.13314598656751325	0.27713674919070097	0.12013911040458897	Conservation	Conservation	Conservation	Conservation	classified
PD	Pbre1_10G314200	Pbre1_10G314600	Prupe.8G216900.1	0.092234	13.3973895	9.577382	0.8745361997935726	0.8763067187960033	0.7937210193899589	0.5401129196375175	0.42398578443051144	0.4187766080222016	Specialization	Specialization	Neofunctionalization(Parent)	Specialization	classified
PD	Pbre1_10G331800	Pbre1_10G332200	Prupe.8G227600.1	6.202724833333333	1.8358386666666666	17.269633166666665	0.6666946815559714	0.626100598046768	0.8077537213414843	0.42855995964640686	0.32376197814239566	0.40281418814034464	Neofunctionalization(Parent)	Neofunctionalization(Child)	Neofunctionalization(Child)	discordant	classified
PD	Pbre1_10G332000	Pbre1_10G332400	Prupe.8G227700.1	1.7232153333333333	6.217571666666666	28.535211999999998	0.47974029864262846	0.25054162788048995	0.6990152889618754	0.30681493812557387	0.26512590509753137	0.27131098422633015	Conservation	Neofunctionalization(Parent)	Conservation	discordant	classified
PD	Pbre1_10G348600	Pbre1_10G349000	Prupe.4G144400.1	0.03221666666666667	1.106269	4.490178333333334	0.9552389996834441	0.6125306065190944	0.9007129392299207	1.0384229403392835	0.5125498136221763	0.521428072053121	Specialization	Specialization	Specialization	Specialization	classified
PD	Pbre1_10G365800	Pbre1_10G366800	Prupe.4G132800.1	6.227762833333333	0.041262	18.702218	0.2908589991915032	0.9111380766807458	0.8211808199588241	0.4256257683622627	0.8351413973764024	0.42714055241633353	Specialization	Neofunctionalization(Child)	Neofunctionalization(Child)	discordant	classified
PD	Pbre1_10G372200	Pbre1_10G372800	Prupe.4G129200.1	8.345482333333333	25.20437	45.505943333333335	0.6401798923277828	0.6869531517284841	0.40472531858241956	0.13250926434595167	0.22810910816630034	0.18712992619927846	Conservation	Conservation	Conservation	Conservation	classified
PD	Pbre1_10G372600	Pbre1_10G373000	Prupe.4G128800.1	14.235374833333333	0.46975766666666663	0.303524	0.9225580378376241	0.9486749810182934	0.806522013903518	0.6806832349867624	0.3689651507697683	0.6514836480541699	Neofunctionalization(Parent)	Specialization	Specialization	discordant	classified
PD	Pbre1_10G376200	Pbre1_10G376600	Prupe.4G127500.1	1.7484693333333332	0.029192333333333334	26.395592166666667	0.44519172725408573	0.9525968614489315	0.32290410309347833	0.121159950283077	0.6980593874846941	0.11879659561836403	Neofunctionalization(Child)	Specialization	Specialization	discordant	classified
PD	Pbre1_10G376400	Pbre1_10G377200	Prupe.4G127100.1	0.10052866666666667	0.6470876666666666	0.09100899999999999	0.9711491071479387	0.9861069915137518	0.9459173987492555	0.2157850216395235	1.2140558229935408	1.0590312288177923	Neofunctionalization(Child)	Neofunctionalization(Child)	Specialization	Neofunctionalization(Child)	classified
PD	Pbre1_10G378200	Pbre1_10G378600	Prupe.4G126700.1	8.984387	13.1904025	91.46922783333333	0.48445230849895304	0.5760279771245622	0.3510696972526751	0.190497042030571	0.3111729750500791	0.2376206334262558	Conservation	Conservation	Conservation	Conservation	classified
PD	Pbre1_10G424600	Pbre1_10G425400	Prupe.4G091800.1	2.017656	35.14994216666666	32.32807783333333	0.9042385170412505	0.5192151108670023	0.46871966531171816	0.5895818546968447	0.22995643067073848	0.21621671314530577	Neofunctionalization(Parent)	Neofunctionalization(Parent)	Neofunctionalization(Parent)	Neofunctionalization(Parent)	classified
PD	Pbre1_10G443600	Pbre1_10G444000	Prupe.4G082500.1	14.054714666666667	31.973924166666666	44.97345033333334	0.8993371181211073	0.9177995158977221	0.7923895533055655	0.23041544768970976	0.248521649691658	0.24026147260376635	Conservation	Specialization	Specialization	discordant	classified
PD	Pbre1_10G461600	Pbre1_10G462200	Prupe.4G072300.1	0.20805783333333333	1.71428	33.27979833333333	0.9947781614571303	0.999414176004618	0.6029056703507691	1.0788546687255591	1.1021748011853383	1.0996236375440598	Specialization	Specialization	Specialization	Specialization	classified
PD	Pbre1_10G491000	Pbre1_10G492000	Prupe.4G055000.1	38.33849983333333	1.893496	32.675181	0.3852706909815244	0.3489510374264572	0.40264941801457343	0.1125951326135628	0.06891209747526239	0.10783822083889505	Conservation	Neofunctionalization(Child)	Conservation	discordant	classified
PD	Pbre1_10G491400	Pbre1_10G492200	Prupe.4G054900.1	0.0121435	2.5787163333333334	98.73294616666666	1.0	0.7110240123606906	0.5751510192548801	1.0688117196957354	0.36033663736642413	0.3599250496194665	Neofunctionalization(Parent)	Specialization	Neofunctionalization(Parent)	discordant	classified
PD	Pbre1_10G512600	Pbre1_10G513200	Prupe.4G044200.1	7.920521666666667	1.8500773333333331	65.8893315	0.3410785044472286	0.12920209115196152	0.4491988514946638	0.1408333145435084	0.1396441337687358	0.13517828945865878	Conservation	Conservation	Conservation	Conservation	classified
PD	Pbre1_10G531200	Pbre1_10G531600	Prupe.4G034300.1	1.8724073333333335	5.959576	2.2789786666666667	0.955812212362817	0.9492288571859475	0.7082401474933733	0.48465968403156934	0.47316231589971763	0.4750448817640133	Specialization	Specialization	Specialization	Specialization	classified
PD	Pbre1_10G536800	Pbre1_10G537400	Prupe.4G030500.1	0.4825856666666667	0.456579	15.833341	0.5731778570817787	0.706758792047209	0.3539589115446214	0.3392134587923878	0.4009979785566459	0.33510694349738046	Neofunctionalization(Child)	Specialization	Specialization	discordant	classified
PD	Pbre1_10G572400	Pbre1_10G572800	Prupe.4G012000.1	1.1583663333333334	1.3188505	4.789170833333333	0.647308269146048	0.5423033959077559	0.5279827303288368	0.3086594751280959	0.32151858611373757	0.30726531078336294	Conservation	Specialization	Neofunctionalization(Parent)	discordant	classified
PD	Pbre1_10G573000	Pbre1_10G573400	Prupe.4G011900.1	1.8998706666666667	2.074744	12.018785666666666	0.9992910441881161	0.9993810181033833	0.9700128631356151	0.1703303093312874	0.169880321524025	0.17008277446447367	Conservation	Specialization	Specialization	discordant	classified
PD	Pbre1_11G019000	Pbre1_11G017400	Prupe.6G011600.1	0.17110716666666667	2.595384833333333	13.661080166666668	0.9114302940527506	0.7685843853474529	0.9214178776816997	0.7648279752764308	0.5825536133843751	0.5917989391154419	Specialization	Specialization	Specialization	Specialization	classified
PD	Pbre1_11G032800	Pbre1_11G031400	Prupe.6G017800.1	1.6090541666666667	0.014048	43.706755666666666	0.5819960395050885	1.0	0.33867608931559984	0.20785674255646133	0.9132100272705186	0.2025032251535039	Neofunctionalization(Child)	Specialization	Specialization	discordant	classified
PD	Pbre1_11G061000	Pbre1_11G061600	Prupe.6G032700.1	3.2229688333333333	3.301991833333333	48.48980183333333	0.8918997595462926	0.9629867877847212	0.6670263749562998	0.5930799758971124	0.788208265037234	0.5329969019561345	Specialization	Specialization	Specialization	Specialization	classified
PD	Pbre1_11G061200	Pbre1_11G062000	Prupe.6G032800.1	0.04593233333333333	0.2395995	2.2942076666666664	1.0	0.784820322359852	0.7779675723006964	1.1236739679766896	0.2648521162356979	0.3724007156812108	Neofunctionalization(Parent)	Specialization	Specialization	discordant	classified
PD	Pbre1_11G061400	Pbre1_11G062200	Prupe.6G032900.1	0.06295566666666666	27.861472499999998	45.94322033333333	0.6938983868374511	0.6556423848057487	0.47425930484475104	0.5130821237365136	0.2895013275352098	0.28889100964127745	Neofunctionalization(Parent)	Neofunctionalization(Parent)	Neofunctionalization(Parent)	Neofunctionalization(Parent)	classified
PD	Pbre1_11G082000	Pbre1_11G082600	Prupe.6G048400.1	1.2197755	8.649669666666666	11.0790985	0.9972062513534194	0.9999117496153456	0.6176580651963294	0.9330909630522263	0.9477596924738849	0.945943969126379	Specialization	Specialization	Specialization	Specialization	classified
PD	Pbre1_11G096400	Pbre1_11G096800	Prupe.6G053100.1	8.524177	6.6905133333333335	19.285471333333334	0.4365624708925334	0.47495121558269293	0.6678903739324988	0.2187382702020238	0.4054710758934544	0.29145189483632616	Neofunctionalization(Child)	Conservation	Conservation	discordant	classified
PD	Pbre1_11G113200	Pbre1_11G114000	Prupe.6G059400.1	3.6173053333333334	3.134563	15.0797245	0.26406802377278726	0.3108152422125207	0.7447752190985378	0.38023293685653836	0.33903644903338825	0.3574591607729989	Conservation	Conservation	Conservation	Conservation	classified
PD	Pbre1_11G115200	Pbre1_11G116000	Prupe.6G060100.1	2.695626	10.358149333333333	28.908501666666666	0.9431865811614655	0.9372595305989435	0.8597504273618618	0.2880818209719616	0.3041527813746685	0.2995575974207715	Conservation	Neofunctionalization(Parent)	Neofunctionalization(Parent)	discordant	classified
PD	Pbre1_11G118600	Pbre1_11G119000	Prupe.6G061500.1	0.3491095	37.039449166666664	75.52110716666667	0.9615365480889917	0.7805337451502268	0.7530936674798154	0.47525415927772074	0.467171162123389	0.46233260334615434	Specialization	Neofunctionalization(Parent)	Neofunctionalization(Parent)	discordant	classified
PD	Pbre1_11G132600	Pbre1_11G133000	Prupe.6G067600.1	2.1553068333333334	1.3667621666666667	0.9894836666666667	0.4932947150833867	0.8030809895370747	0.45534098156885194	0.21788263568674127	0.5592064828067944	0.30571577349411483	Neofunctionalization(Child)	Specialization	Specialization	discordant	classified
PD	Pbre1_11G163800	Pbre1_11G162400	Prupe.6G083500.1	263.49667216666666	186.39717116666668	113.76950683333334	0.26879142658599475	0.31864382586129913	0.6481160582793974	0.24997483106491325	0.25578915661731133	0.24567386436085076	Conservation	Conservation	Conservation	Conservation	classified
PD	Pbre1_11G168600	Pbre1_11G169400	Prupe.6G086100.1	2.4038766666666667	0.016793833333333334	8.117007833333334	0.5978786490398815	0.8095743650347753	0.5764175644905344	0.132467157735358	0.6869430321469866	0.1317570575862942	Neofunctionalization(Child)	Specialization	Neofunctionalization(Child)	discordant	classified
PD	Pbre1_11G189400	Pbre1_11G187600	Prupe.6G093900.1	3.7104441666666665	1.3464665	3.6707055	0.7091638783008829	0.8617298683125453	0.902988177843522	0.43335855989222877	0.8342569547771166	0.5117866193112066	Specialization	Specialization	Specialization	Specialization	classified
PD	Pbre1_11G191600	Pbre1_11G190200	Prupe.6G094600.1	0.14711333333333332	2.5265511666666667	9.490242666666667	0.928318379784238	0.8569320378681968	0.59563491657051	0.6109574922655342	0.5209921415386453	0.5240644218176925	Specialization	Specialization	Specialization	Specialization	classified
PD	Pbre1_11G192400	Pbre1_11G192800	Prupe.6G094800.1	6.765134833333334	0.30949733333333335	1.0008481666666666	0.4363236120966262	0.7600669026263546	0.4341458748749368	0.19794896439146795	0.2535103304179325	0.18483004968640476	Conservation	Specialization	Neofunctionalization(Child)	discordant	classified
PD	Pbre1_11G222400	Pbre1_11G222800	Prupe.6G113600.1	61.18269933333333	0.4931101666666666	74.0458	0.4428240077769442	0.7736526333460862	0.6338614587546813	0.22830703888033824	0.3071691716702915	0.22555556596903872	Conservation	Neofunctionalization(Child)	Neofunctionalization(Child)	discordant	classified
PD	Pbre1_11G274400	Pbre1_11G275000	Prupe.6G150900.1	5.048028333333333	0.2780588333333333	11.307663166666666	0.9208757896863224	0.9846027419898341	0.6327303865671958	0.6559979236763306	0.9083433956250969	0.6681970687641945	Specialization	Specialization	Specialization	Specialization	classified
PD	Pbre1_11G274400	Pbre1_11G275200	Prupe.6G150900.1	5.048028333333333	0.019698833333333332	11.307663166666666	0.9208757896863224	0.9362970069499447	0.6327303865671958	0.6559979236763306	0.7536546423462303	0.6560868386251183	Specialization	Specialization	Specialization	Specialization	classified
PD	Pbre1_11G283800	Pbre1_11G285200	Prupe.6G155800.1	1.1686396666666667	0.0	28.14108416666667	0.5745009585200345	NA	0.5272324183385297	NA	NA	NA	NA	NA	NA	NA	all_zero_expression_profile
PD	Pbre1_11G284200	Pbre1_11G285000	Prupe.6G156800.1	28.606101666666667	35.901952666666666	67.855632	0.5125149366429986	0.47662025814521086	0.48565148581282297	0.1721713196730367	0.18721771439850263	0.1786244518774844	Conservation	Conservation	Conservation	Conservation	classified
PD	Pbre1_11G297200	Pbre1_11G295400	Prupe.4G259400.1	1.6968125	2.104174	36.6022005	0.9591905666636509	0.9514450295774463	0.8057346310155629	0.6299491427826597	0.6198439264580403	0.6232243510456632	Specialization	Specialization	Specialization	Specialization	classified
PD	Pbre1_11G323600	Pbre1_11G324000	Prupe.4G237500.1	0.1580035	2.4129056666666666	11.129682166666667	0.7904903423951897	0.550176500093698	0.6802151898955866	0.44160773206661935	0.41504204604894024	0.402244205476553	Specialization	Specialization	Neofunctionalization(Parent)	Specialization	classified
PD	Pbre1_11G334400	Pbre1_11G335600	Prupe.4G227500.1	1.4881988333333334	6.338653833333334	32.139702166666666	0.8165836750791862	0.31389418455767837	0.5079301943300785	0.47453711249976893	0.18529066343367576	0.21910225451400248	Neofunctionalization(Parent)	Neofunctionalization(Parent)	Neofunctionalization(Parent)	Neofunctionalization(Parent)	classified
PD	Pbre1_11G345000	Pbre1_11G345400	Prupe.4G219200.1	0.271048	0.31211683333333334	26.742943333333333	0.5795943280701018	0.4286221519235007	0.45790917972701894	0.3173079298527168	0.3279672226980662	0.31765813024846584	Conservation	Specialization	Specialization	discordant	classified
PD	Pbre1_11G355000	Pbre1_11G355600	Prupe.4G213500.1	53.28672583333333	17.7743605	273.2370725	0.4730869908396035	0.46528940733452184	0.34647781558871077	0.1375666628902032	0.09950501722046586	0.121763551608959	Conservation	Conservation	Conservation	Conservation	classified
PD	Pbre1_11G356200	Pbre1_11G356800	Prupe.4G212700.1	0.037787	78.75446166666667	137.81041583333334	0.6777194194885972	0.411279196862982	0.2930084723092518	0.38035853329083835	0.15729846717477072	0.1573172935653618	Conservation	Neofunctionalization(Parent)	Neofunctionalization(Parent)	discordant	classified
PD	Pbre1_11G398800	Pbre1_11G400400	Prupe.4G185200.1	19.644131666666667	0.4316228333333333	34.71708616666667	0.2474128056670573	0.4664112536576937	0.42783926105962794	0.15741163128491234	0.16685156708964952	0.15556931418086795	Conservation	Neofunctionalization(Child)	Neofunctionalization(Child)	discordant	classified
PD	Pbre1_11G400000	Pbre1_11G401000	Prupe.4G184700.1	10.939705833333333	97.31215233333333	77.59518583333333	0.8080592505669231	0.7333331023468803	0.6991082287653752	0.4979699439674816	0.4234376256809863	0.42984235727427933	Specialization	Conservation	Conservation	discordant	classified
PD	Pbre1_11G412600	Pbre1_11G413000	Prupe.4G177700.1	0.704814	14.343493833333333	5.72331	0.9431529463211982	0.6762385266802088	0.5298076858334839	0.7551014285095425	0.3665571781127134	0.3659302710303252	Neofunctionalization(Parent)	Specialization	Specialization	discordant	classified
PD	Pbre1_11G419400	Pbre1_11G419800	Prupe.4G173600.1	0.0526845	0.01569066666666667	0.26854833333333333	0.8689892405560355	1.0	0.8440034996708011	0.7757038352835006	1.038616733568749	0.8210939125888022	Specialization	Conservation	Specialization	discordant	classified
PD	Pbre1_11G423200	Pbre1_11G423800	Prupe.4G171500.1	0.11245833333333333	4.472818999999999	16.774363833333332	1.0	0.34264018598285534	0.6065074955521018	0.9707267191757148	0.20855234381458254	0.21144079335217122	Neofunctionalization(Parent)	Neofunctionalization(Parent)	Neofunctionalization(Parent)	Neofunctionalization(Parent)	classified
PD	Pbre1_11G444400	Pbre1_11G442800	Prupe.4G157100.1	2.4575068333333334	1.0725746666666667	0.24637833333333334	0.6167540445393773	0.8649362056393531	0.7812900877629028	0.6538499048935553	0.7644365374630283	0.6544876253835752	Specialization	Specialization	Specialization	Specialization	classified
PD	Pbre1_11G445000	Pbre1_11G443800	Prupe.4G156900.1	20.139450666666665	1.8275816666666667	92.76752216666667	0.8775092918101433	0.5508604045205091	0.6945741404385626	0.32845600360969696	0.4026778308016996	0.3001985976439915	Neofunctionalization(Child)	Conservation	Conservation	discordant	classified
PD	Pbre1_11G474200	Pbre1_11G475600	Prupe.8G241100.1	1.7776066666666668	0.07991633333333334	5.679007	0.9334318064378667	0.7206290333061739	0.8699350521442207	0.782292971217288	0.7654076549403983	0.7636263122364252	Specialization	Specialization	Specialization	Specialization	classified
PD	Pbre1_11G478400	Pbre1_11G478800	Prupe.8G242400.1	3.0703481666666668	0.22151883333333333	2.5033238333333334	1.0	0.9538465384950172	0.9925764887457819	0.04009155842018869	0.19547894700268992	0.02807840288990087	Conservation	Conservation	Conservation	Conservation	classified
PD	Pbre1_11G485400	Pbre1_11G485800	Prupe.8G246000.1	22.92619	318.6052495	50.365085	0.21953776973206116	0.36492461917612334	0.6777365872252915	0.24972451501033957	0.34512057252748796	0.33839267937882794	Conservation	Conservation	Conservation	Conservation	classified
PD	Pbre1_11G492000	Pbre1_11G490800	Prupe.8G249600.1	39.32348283333333	6.389904	69.046992	0.38525233953742405	0.31618413568183523	0.3679133824166653	0.18636611144616447	0.17607381200870878	0.17205467532200033	Conservation	Conservation	Conservation	Conservation	classified
PD	Pbre1_11G517000	Pbre1_11G517600	Prupe.8G260100.1	4.595841	0.44449933333333336	339.21214533333335	0.9861986019776694	0.9898131327977907	0.6937360273941986	0.9810090163671198	0.9958810320099275	0.9823107111854849	Specialization	Specialization	Specialization	Specialization	classified
PD	Pbre1_12G034400	Pbre1_12G035000	Prupe.7G115700.1	16.207871	53.711851333333335	159.432166	0.6106777332728299	0.3656028754820432	0.6088743063908595	0.3158171792815901	0.18428435261641574	0.19931775772752444	Conservation	Conservation	Conservation	Conservation	classified
PD	Pbre1_12G037000	Pbre1_12G037400	Prupe.7G115200.1	35.114987666666664	0.5246181666666667	8.136589666666667	0.9612920574688243	0.6292857162283323	0.7321571635231122	0.8500581306762522	0.38836774789887046	0.8408500278442281	Neofunctionalization(Parent)	Specialization	Specialization	discordant	classified
PD	Pbre1_12G069400	Pbre1_12G070200	Prupe.7G094800.1	1.4240611666666667	0.0076035	25.580029333333332	0.4576357966822681	1.0	0.45756239651695185	0.17555696620614805	0.8129937023100342	0.17521951936627692	Neofunctionalization(Child)	Specialization	Neofunctionalization(Child)	discordant	classified
PD	Pbre1_12G072400	Pbre1_12G072800	Prupe.7G093900.1	0.0	0.0	0.06286016666666666	NA	NA	0.8819421078152342	NA	NA	NA	NA	NA	NA	NA	all_zero_expression_profile
PD	Pbre1_12G177400	Pbre1_12G177800	Prupe.7G122600.1	32.0474135	0.0425395	66.443973	0.6136043874836792	0.7489157520810138	0.7078962711959937	0.08924050184582454	0.59352721500808	0.08943493598151948	Neofunctionalization(Child)	Neofunctionalization(Child)	Neofunctionalization(Child)	Neofunctionalization(Child)	classified
PD	Pbre1_12G177400	Pbre1_12G178000	Prupe.7G122600.1	32.0474135	0.07316433333333333	66.443973	0.6136043874836792	0.8386470646340258	0.7078962711959937	0.08924050184582454	0.45197654900563156	0.0887797545395975	Neofunctionalization(Child)	Neofunctionalization(Child)	Neofunctionalization(Child)	Neofunctionalization(Child)	classified
PD	Pbre1_12G182400	Pbre1_12G183400	Prupe.7G124700.1	2.2266298333333334	10.503230833333333	23.019112333333332	0.4083049356426006	0.33803524966891246	0.3007803889125046	0.19761775165259382	0.08278555686986333	0.0794392711507608	Conservation	Conservation	Conservation	Conservation	classified
PD	Pbre1_12G257400	Pbre1_12G258800	Prupe.6G262300.1	3.3266345	0.0	33.84169283333333	0.603065836852368	NA	0.6160083226155628	NA	NA	NA	NA	NA	NA	NA	all_zero_expression_profile
PD	Pbre1_12G265400	Pbre1_12G265800	Prupe.6G267700.1	0.4690168333333333	0.187139	100.47963583333333	0.9961458902668227	0.8464522710849348	0.978126859622216	1.2749310397907518	0.6900252185441361	1.108081941559007	Specialization	Specialization	Specialization	Specialization	classified
PD	Pbre1_12G283600	Pbre1_12G284000	Prupe.6G278400.1	0.0	5.2819666666666665	32.1960545	NA	0.959297946394163	0.96170090097905	NA	NA	NA	NA	NA	NA	NA	all_zero_expression_profile
PD	Pbre1_12G286200	Pbre1_12G286600	Prupe.6G279300.1	NA	NA	NA	NA	NA	NA	NA	NA	NA	NA	NA	NA	NA	missing_expression_record
PD	Pbre1_12G295200	Pbre1_12G296400	Prupe.6G283000.1	NA	NA	NA	NA	NA	NA	NA	NA	NA	NA	NA	NA	NA	missing_expression_record
PD	Pbre1_12G307400	Pbre1_12G307800	Prupe.6G289400.1	8.1161955	1.326084	109.802231	0.8667922164301295	0.9905196670905945	0.9220812472932554	0.41562015119232765	1.1723434875758798	0.5111905267911784	Specialization	Specialization	Specialization	Specialization	classified
PD	Pbre1_12G329400	Pbre1_12G329800	Prupe.6G303000.1	0.0	1.4021728333333332	11.776721333333333	NA	1.0	0.6600964906855042	NA	NA	NA	NA	NA	NA	NA	all_zero_expression_profile
PD	Pbre1_12G376400	Pbre1_12G376800	Prupe.6G331800.1	16.752189	0.9164926666666666	33.70868433333333	0.695054306343879	0.9455393369069478	0.503969170405449	0.21152837836923846	0.6821566604908399	0.18695147521172584	Neofunctionalization(Child)	Neofunctionalization(Child)	Neofunctionalization(Child)	Neofunctionalization(Child)	classified
PD	Pbre1_12G380200	Pbre1_12G380600	Prupe.6G333600.1	20.978306166666666	14.546366166666667	15.101750833333334	0.7104906040091755	0.3557878165032866	0.25039700802840253	0.32997688258090785	0.1361496602225154	0.1819391132152925	Conservation	Conservation	Conservation	Conservation	classified
PD	Pbre1_12G382800	Pbre1_12G382400	Prupe.6G334200.1	0.33418033333333336	0.22388066666666667	1.9919975	0.7699814273888108	0.5779379041912008	0.8904085992538662	0.2713986383789185	0.5946052663153887	0.3820848905215371	Neofunctionalization(Child)	Specialization	Specialization	discordant	classified
PD	Pbre1_12G385200	Pbre1_12G385600	Prupe.6G335700.1	NA	NA	NA	NA	NA	NA	NA	NA	NA	NA	NA	NA	NA	missing_expression_record
PD	Pbre1_12G385400	Pbre1_12G386200	Prupe.6G335800.1	0.0393075	35.10062216666667	86.91819100000001	1.0	0.4236475385436866	0.6107302945056191	1.0155212037907606	0.2374996762440986	0.23752674673569366	Neofunctionalization(Parent)	Neofunctionalization(Parent)	Neofunctionalization(Parent)	Neofunctionalization(Parent)	classified
PD	Pbre1_12G388000	Pbre1_12G388400	Prupe.6G336800.1	19.829218166666667	0.5103131666666666	103.53016283333332	0.6477688177595416	0.9944049342079863	0.7519581639880597	0.3222175445382629	0.8410536689594533	0.31937253857454795	Neofunctionalization(Child)	Neofunctionalization(Child)	Neofunctionalization(Child)	Neofunctionalization(Child)	classified
PD	Pbre1_12G388000	Pbre1_12G388600	Prupe.6G336800.1	19.829218166666667	0.0	103.53016283333332	0.6477688177595416	NA	0.7519581639880597	NA	NA	NA	NA	NA	NA	NA	all_zero_expression_profile
PD	Pbre1_12G411800	Pbre1_12G412200	Prupe.6G350400.1	1.0233586666666665	21.092455666666666	58.004062999999995	0.9277335331087118	0.23275073680733396	0.3655287129848591	0.7315722824331801	0.11820566957984166	0.13400565945328238	Neofunctionalization(Parent)	Neofunctionalization(Parent)	Neofunctionalization(Parent)	Neofunctionalization(Parent)	classified
PD	Pbre1_12G422000	Pbre1_12G423200	Prupe.6G356300.1	14.3492095	2.9687976666666667	85.25281	0.5213348793456518	0.6855022716966526	0.7002955217399037	0.2774621041255035	0.49921621460544463	0.2932635485559762	Neofunctionalization(Child)	Neofunctionalization(Child)	Conservation	Neofunctionalization(Child)	classified
PD	Pbre1_12G428000	Pbre1_12G428400	Prupe.6G359000.1	7.551273	14.156253333333334	21.541912500000002	0.4168178086004145	0.6289867981106535	0.26821174500465367	0.19025326285081987	0.3221876658996747	0.1587702618943187	Conservation	Neofunctionalization(Child)	Neofunctionalization(Child)	discordant	classified
PD	Pbre1_13G069200	Pbre1_13G069800	Prupe.1G310900.1	8.2404695	0.07238683333333333	30.863258000000002	0.8443581085345846	0.7458104794223299	0.8415387352236963	0.4653841651100924	0.5317106695317281	0.46094344256767866	Specialization	Specialization	Specialization	Specialization	classified
PD	Pbre1_13G069400	Pbre1_13G070000	Prupe.1G310800.1	5.422992166666667	2.0028816666666667	30.294997833333333	0.42644449598107403	0.3953115322058458	0.32746746489534756	0.20034853786003576	0.17675889044990817	0.1861068816385261	Conservation	Neofunctionalization(Child)	Conservation	discordant	classified
PD	Pbre1_13G069600	Pbre1_13G070400	Prupe.1G310500.1	NA	NA	NA	NA	NA	NA	NA	NA	NA	NA	NA	NA	NA	missing_expression_record
PD	Pbre1_13G071800	Pbre1_13G072200	Prupe.1G309800.1	NA	NA	NA	NA	NA	NA	NA	NA	NA	NA	NA	NA	NA	missing_expression_record
PD	Pbre1_13G096600	Pbre1_13G097000	Prupe.1G294200.1	0.8237273333333334	8.885494666666666	56.302029833333336	0.900071062508913	0.45790899556036857	0.3725595489480495	0.49459898818869047	0.14097119921867504	0.09116988100278509	Neofunctionalization(Parent)	Neofunctionalization(Parent)	Neofunctionalization(Parent)	Neofunctionalization(Parent)	classified
PD	Pbre1_13G156600	Pbre1_13G157000	Prupe.1G255200.1	194.76879183333332	7.536542833333333	42.849038166666666	0.6459331078063253	0.9647146944487573	0.41964014374120195	0.44263686848889433	0.6601317106125248	0.41389892889665725	Specialization	Neofunctionalization(Child)	Neofunctionalization(Child)	discordant	classified
PD	Pbre1_13G194800	Pbre1_13G195400	Prupe.1G232600.1	0.6424973333333334	4.8783655	5.764240333333333	0.69609468492062	0.43837470702534204	0.8277624428244337	0.7778121979874536	0.5699670753097459	0.592174876852284	Specialization	Specialization	Specialization	Specialization	classified
PD	Pbre1_13G195200	Pbre1_13G195600	Prupe.1G232400.1	11.321673833333334	30.290568666666665	14.567179333333334	0.5011829371880825	0.4437647516729893	0.6139757899390359	0.37729272532173397	0.3011759884180376	0.30288188388474574	Conservation	Conservation	Conservation	Conservation	classified
PD	Pbre1_13G195800	Pbre1_13G196600	Prupe.1G232300.1	0.0	18.687525666666666	9.574775833333334	NA	0.493967976068554	0.5133322269097474	NA	NA	NA	NA	NA	NA	NA	all_zero_expression_profile
PD	Pbre1_13G201800	Pbre1_13G202200	Prupe.1G226900.1	0.29388016666666666	1.4267856666666667	2.9611816666666666	0.705279312719983	0.8824187434476505	0.7003626268526099	0.19046315538228104	0.754251074599921	0.6295681144344603	Neofunctionalization(Child)	Specialization	Specialization	discordant	classified
PD	Pbre1_13G277800	Pbre1_13G278200	Prupe.1G124100.1	16.594078500000002	34.597619333333334	6.303345333333334	0.8953661321402355	0.6610520872920994	0.9416149390825244	0.9872724650648712	0.848412423953721	0.8817373628298395	Specialization	Specialization	Specialization	Specialization	classified
PD	Pbre1_13G350000	Pbre1_13G350400	Prupe.1G032000.1	45.518360666666666	10.567721	54.328664499999995	0.9804055299001903	0.9418786663362718	0.9992889835417754	0.10114562324323573	0.2650929788576141	0.13163790352312893	Conservation	Specialization	Specialization	discordant	classified
PD	Pbre1_13G352800	Pbre1_13G353800	Prupe.1G033200.1	31.887949166666665	20.806257333333335	62.82057983333333	0.4225406558373006	0.5068951877375776	0.32708667856408835	0.06556149768624706	0.08109534565604343	0.06495378348560402	Conservation	Conservation	Conservation	Conservation	classified
PD	Pbre1_13G429400	Pbre1_13G429800	Prupe.1G086600.1	19.3681645	25.593749666666668	66.708958	0.6831492695355801	0.5370167191811315	0.725024322917684	0.09655616227718662	0.15789830709964528	0.1186936121860209	Conservation	Conservation	Conservation	Conservation	classified
PD	Pbre1_13G463200	Pbre1_13G464200	Prupe.1G098900.1	43.51493516666667	24.833329833333334	114.91367533333333	0.541993554329723	0.7297779544915253	0.870423384830052	0.5171093637932188	0.42747978701993067	0.4777900947747353	Specialization	Neofunctionalization(Child)	Neofunctionalization(Child)	discordant	classified
PD	Pbre1_13G465200	Pbre1_13G466000	Prupe.1G098200.1	64.77776633333333	58.577568666666664	270.5806573333333	0.753583894026893	0.7275974430358676	0.4727991875050767	0.2465179598638629	0.23606745737774465	0.2335593110136766	Conservation	Conservation	Conservation	Conservation	classified
PD	Pbre1_13G484800	Pbre1_13G485400	Prupe.1G006100.1	9.2374845	3.5589241666666664	10.085840833333332	0.31008772053062783	0.31719456695556686	0.43665244943685577	0.1663289767603161	0.13194055445900152	0.15552346890979582	Conservation	Conservation	Conservation	Conservation	classified
PD	Pbre1_14G009600	Pbre1_14G010000	Prupe.7G008300.1	0.09500783333333333	0.028269166666666665	2.0342801666666666	0.7784112591891372	0.8031144337978076	0.5817593473606952	0.326380492704723	0.27768908689157823	0.2808286952044437	Conservation	Specialization	Specialization	discordant	classified
PD	Pbre1_14G015200	Pbre1_14G015600	Prupe.7G015100.1	5.0073110000000005	7.622651333333334	7.917236000000001	0.47101191829493094	0.5698703282671371	0.6872001848105583	0.3053669935959893	0.3866038671326131	0.3366264974804645	Conservation	Neofunctionalization(Parent)	Conservation	discordant	classified
PD	Pbre1_14G023000	Pbre1_14G023400	Prupe.7G119400.1	13.5220175	0.27138483333333335	11.882095833333334	0.5080101735985394	0.8379850174692441	0.9043003193184045	0.5940883348201541	0.694340983425386	0.591922721056577	Specialization	Specialization	Neofunctionalization(Child)	Specialization	classified
PD	Pbre1_14G023200	Pbre1_14G023600	Prupe.7G119300.1	NA	NA	NA	NA	NA	NA	NA	NA	NA	NA	NA	NA	NA	missing_expression_record
PD	Pbre1_14G080600	Pbre1_14G081400	Prupe.7G087600.1	49.67175983333333	0.036096500000000004	71.04603949999999	0.5118187626398484	0.8999231030350054	0.3436465326267866	0.188382368074944	0.6458038128201637	0.18851322582704746	Neofunctionalization(Child)	Neofunctionalization(Child)	Neofunctionalization(Child)	Neofunctionalization(Child)	classified
PD	Pbre1_14G080600	Pbre1_14G081600	Prupe.7G087600.1	49.67175983333333	0.04807683333333333	71.04603949999999	0.5118187626398484	0.8044062892132999	0.3436465326267866	0.188382368074944	0.5224221915119602	0.18783065166830998	Neofunctionalization(Child)	Neofunctionalization(Child)	Neofunctionalization(Child)	Neofunctionalization(Child)	classified
PD	Pbre1_14G098600	Pbre1_14G099000	Prupe.7G079300.1	8.322419	0.5425551666666667	17.664985333333334	0.797452336615027	0.8192176683752367	0.7298491082307192	0.27113701068711	0.26690183253368666	0.2626575494045348	Conservation	Specialization	Neofunctionalization(Child)	discordant	classified
PD	Pbre1_14G107600	Pbre1_14G108000	Prupe.7G072600.1	589.807521	150.8282335	211.37091683333333	0.8165042375443375	0.7970134646628775	0.8287305436134907	0.30932805726314067	0.538576886651733	0.34575280518618534	Neofunctionalization(Child)	Conservation	Conservation	discordant	classified
PD	Pbre1_14G107800	Pbre1_14G108200	Prupe.7G072500.1	0.08551500000000001	4.324632833333333	44.16228566666667	0.8203270682255439	0.5703082281371626	0.4982614994768616	0.41445644220558164	0.17236947127065402	0.17172880638379867	Neofunctionalization(Parent)	Neofunctionalization(Parent)	Neofunctionalization(Parent)	Neofunctionalization(Parent)	classified
PD	Pbre1_14G148400	Pbre1_14G148800	Prupe.7G045000.1	0.0	290.6769341666667	426.110156	NA	0.9933092988902527	0.5650521042101637	NA	NA	NA	NA	NA	NA	NA	all_zero_expression_profile
PD	Pbre1_14G159000	Pbre1_14G160000	Prupe.7G034500.1	7.092934166666667	11.855674833333333	39.441719	0.3449242996413343	0.18817817576334642	0.2804146712310006	0.10008227547419325	0.09962697501082285	0.0919223586854593	Conservation	Conservation	Conservation	Conservation	classified
PD	Pbre1_14G199800	Pbre1_14G200200	Prupe.5G103800.1	0.024070666666666667	0.5757950000000001	66.28999166666667	0.93193258593808	0.5279736229107195	0.5739686305421989	0.7802591458005406	0.3930328537010781	0.40225174151571746	Specialization	Specialization	Specialization	Specialization	classified
PD	Pbre1_14G201400	Pbre1_14G201800	Prupe.5G104100.1	0.052157833333333334	0.05603333333333333	0.49281833333333336	0.8594144854981771	1.0	0.8568812374931027	0.16084714007120463	1.0129714472362605	0.5832385274421084	Neofunctionalization(Child)	Specialization	Specialization	discordant	classified
PD	Pbre1_14G279000	Pbre1_14G279400	Prupe.5G146600.1	0.5525613333333333	1.620217	28.448707333333335	0.9247020323702848	0.5057888881112989	0.5923492367130653	0.7332870197034917	0.25564608345703355	0.2863773442485454	Neofunctionalization(Parent)	Subfunctionalization	Neofunctionalization(Parent)	discordant	classified
PD	Pbre1_14G307600	Pbre1_14G308400	Prupe.5G161700.1	0.21392016666666666	5.1473881666666665	121.44777916666666	0.8628846984725657	0.8459659647657123	0.8697720549617658	0.18126538763742472	0.24994569425156704	0.24492005386431567	Conservation	Specialization	Specialization	discordant	classified
PD	Pbre1_14G317200	Pbre1_14G317600	Prupe.5G165400.1	0.8974551666666667	0.15499333333333332	2.4041308333333333	0.9420858798735511	0.8979148732974498	0.6375507259797925	0.5559732145800496	0.4579532980690138	0.5392213115340728	Specialization	Specialization	Specialization	Specialization	classified
PD	Pbre1_14G317400	Pbre1_14G317800	Prupe.5G165500.1	13.340777666666666	24.451370333333333	152.98281916666664	0.4908170951669043	0.5360264978919796	0.9400222478429772	0.5866113294072135	0.6266814930122225	0.6124542153925535	Specialization	Specialization	Specialization	Specialization	classified
PD	Pbre1_14G321400	Pbre1_14G321800	Prupe.5G167400.1	NA	NA	NA	NA	NA	NA	NA	NA	NA	NA	NA	NA	NA	missing_expression_record
PD	Pbre1_14G324600	Pbre1_14G325000	Prupe.5G168500.1	11.119753666666666	16.704367333333334	30.474500333333335	0.38830374779727317	0.23021654140911108	0.5338409656487831	0.21990733078696942	0.2448716223092981	0.22302375057513416	Conservation	Conservation	Conservation	Conservation	classified
PD	Pbre1_14G364800	Pbre1_14G365400	Prupe.5G193000.1	0.36985233333333334	0.45866783333333333	1.6208758333333333	0.38226426357817467	0.5011920586976863	0.7691110096007081	0.38103637506903787	0.40149444037143583	0.3825800318500735	Neofunctionalization(Child)	Specialization	Specialization	discordant	classified
PD	Pbre1_14G364800	Pbre1_14G365600	Prupe.5G193000.1	0.36985233333333334	0.3589466666666667	1.6208758333333333	0.38226426357817467	0.6511700682699095	0.7691110096007081	0.38103637506903787	0.3846102943772624	0.36314477237318665	Conservation	Specialization	Specialization	discordant	classified
PD	Pbre1_14G364800	Pbre1_14G365800	Prupe.5G193000.1	0.36985233333333334	1.231431	1.6208758333333333	0.38226426357817467	0.3441407306544869	0.7691110096007081	0.38103637506903787	0.3838682929439765	0.38260909862780756	Conservation	Specialization	Specialization	discordant	classified
PD	Pbre1_14G365000	Pbre1_14G366000	Prupe.5G193100.1	3.2857358333333333	2.176909333333333	64.5844165	0.7997776837615964	0.6438692676434202	0.5671335784268193	0.2248265781078252	0.1678520998656439	0.18383021686547862	Conservation	Specialization	Conservation	discordant	classified
PD	Pbre1_14G377000	Pbre1_14G377400	Prupe.5G199900.1	0.9094465	1.9387075	5.495292166666667	0.6480015052631101	0.8301816830925342	0.7577654082964941	0.40682074512863026	0.5746260681670307	0.46883607378199116	Specialization	Specialization	Specialization	Specialization	classified
PD	Pbre1_14G406600	Pbre1_14G407000	Prupe.5G218500.1	7.305248499999999	0.0527105	7.190501666666667	0.5738729185250387	0.9446980093317618	0.9678849418033888	0.6646287843932805	0.17916906457271745	0.6606895375439971	Neofunctionalization(Parent)	Specialization	Specialization	discordant	classified
PD	Pbre1_14G406600	Pbre1_14G407600	Prupe.5G218500.1	7.305248499999999	0.0	7.190501666666667	0.5738729185250387	NA	0.9678849418033888	NA	NA	NA	NA	NA	NA	NA	all_zero_expression_profile
PD	Pbre1_14G406800	Pbre1_14G407800	Prupe.5G218600.1	0.3657748333333333	71.45043383333334	28.953610333333334	1.0	0.8448679293427988	0.90373402241289	0.40507151696987925	0.20089103089824875	0.19922752369407137	Neofunctionalization(Parent)	Specialization	Specialization	discordant	classified
PD	Pbre1_14G412000	Pbre1_14G412800	Prupe.5G220000.1	0.005848166666666667	27.672415666666666	96.93642916666667	1.0	0.49111387063850753	0.35138710692803254	1.0154517013007622	0.1403254559045514	0.14037486313852426	Neofunctionalization(Parent)	Neofunctionalization(Parent)	Neofunctionalization(Parent)	Neofunctionalization(Parent)	classified
PD	Pbre1_14G445600	Pbre1_14G446000	Prupe.5G240600.1	1.320627	0.0	3.656842833333333	0.7594364687360913	NA	0.6269509434612741	NA	NA	NA	NA	NA	NA	NA	all_zero_expression_profile
PD	Pbre1_14G445800	Pbre1_14G446200	Prupe.5G240700.1	0.12215533333333332	2.5553304999999997	10.762696333333334	0.9909817213239813	0.9991541461542962	0.9984495992895317	0.05248148530692883	0.005451435535885785	0.0037460136652577945	Conservation	Neofunctionalization(Parent)	Conservation	discordant	classified
PD	Pbre1_15G030400	Pbre1_15G030800	Prupe.1G370400.1	1.5048783333333333	13.2545265	17.0020015	0.19589037972980258	0.5825987952910006	0.5039543701641185	0.17521309291906972	0.18539300287681984	0.17388354723815594	Conservation	Conservation	Conservation	Conservation	classified
PD	Pbre1_15G030600	Pbre1_15G031000	Prupe.1G370500.1	0.2856015	0.3128553333333333	11.361627333333333	0.8013717893394963	0.8158660516590064	0.7252140357441172	0.49909381545319165	0.42565616464192135	0.45096643388756363	Specialization	Specialization	Specialization	Specialization	classified
PD	Pbre1_15G066000	Pbre1_15G066600	Prupe.1G388500.1	0.105939	0.18970083333333332	4.706959166666667	0.8442612491605104	0.9717349232802481	0.8968623554027225	0.7644808102683152	0.3020141159028967	0.29520072812656645	Neofunctionalization(Parent)	Specialization	Specialization	discordant	classified
PD	Pbre1_15G066000	Pbre1_15G066800	Prupe.1G388500.1	0.105939	0.14578116666666666	4.706959166666667	0.8442612491605104	0.9744268391435984	0.8968623554027225	0.7644808102683152	0.27272654106322486	0.2747790856306272	Neofunctionalization(Parent)	Specialization	Specialization	discordant	classified
PD	Pbre1_15G077800	Pbre1_15G078200	Prupe.1G395700.1	NA	NA	NA	NA	NA	NA	NA	NA	NA	NA	NA	NA	NA	missing_expression_record
PD	Pbre1_15G082200	Pbre1_15G082800	Prupe.1G398900.1	10.9816175	0.07395333333333333	38.19478766666667	0.2025935861742413	0.5763159744184412	0.31679319341561946	0.08388282466349292	0.2783104029774012	0.08234622014992585	Conservation	Neofunctionalization(Child)	Neofunctionalization(Child)	discordant	classified
PD	Pbre1_15G082600	Pbre1_15G083000	Prupe.1G399200.1	NA	NA	NA	NA	NA	NA	NA	NA	NA	NA	NA	NA	NA	missing_expression_record
PD	Pbre1_15G086600	Pbre1_15G087800	Prupe.1G401300.1	4.322380833333333	0.0	4.990214	0.9564781440033684	NA	0.6043696978817737	NA	NA	NA	NA	NA	NA	NA	all_zero_expression_profile
PD	Pbre1_15G086800	Pbre1_15G088000	Prupe.1G401400.1	NA	NA	NA	NA	NA	NA	NA	NA	NA	NA	NA	NA	NA	missing_expression_record
PD	Pbre1_15G087200	Pbre1_15G088200	Prupe.1G401500.1	41.987491166666665	2.83619	111.36879633333334	0.9319656184350581	0.7938975597899605	0.6743434368671046	0.4853883498000892	0.388325276023037	0.4593630417400934	Neofunctionalization(Parent)	Neofunctionalization(Child)	Specialization	discordant	classified
PD	Pbre1_15G087400	Pbre1_15G088400	Prupe.1G401600.1	0.6494683333333333	0.023655333333333334	6.834725833333334	0.7568674676873881	0.875168215315604	0.6427715597186079	0.46829849681668817	0.5340998502612517	0.44480711647128884	Specialization	Specialization	Specialization	Specialization	classified
PD	Pbre1_15G089800	Pbre1_15G090400	Prupe.1G402500.1	8.175317333333332	11.159907	31.121991333333334	0.3177981672496227	0.39939650541314575	0.4651012367288754	0.11309219490992674	0.10236171263201586	0.08462682969802163	Conservation	Conservation	Conservation	Conservation	classified
PD	Pbre1_15G104200	Pbre1_15G104600	Prupe.1G409800.1	5.8050516666666665	0.19601716666666666	17.392987166666668	0.7996247104187632	0.7039402924640114	0.9142536268312205	0.32906136984271234	0.3990005527908359	0.3231134110144376	Neofunctionalization(Child)	Specialization	Specialization	discordant	classified
PD	Pbre1_15G106000	Pbre1_15G106800	Prupe.1G410800.1	17.467946166666668	15.805083666666667	59.61068483333334	0.3828002262105269	0.4879622444035071	0.5732778915688587	0.2510087984109588	0.20660459290369715	0.2020747832978928	Conservation	Conservation	Conservation	Conservation	classified
PD	Pbre1_15G127200	Pbre1_15G127800	Prupe.1G422800.1	2.585866	1.1301046666666668	3.0129758333333334	0.9358699710167132	0.5320397645806008	0.809109668667082	0.7511776659128099	0.3881852250435904	0.6196115613085096	Neofunctionalization(Parent)	Specialization	Subfunctionalization	discordant	classified
PD	Pbre1_15G146200	Pbre1_15G146600	Prupe.1G433100.1	NA	NA	NA	NA	NA	NA	NA	NA	NA	NA	NA	NA	NA	missing_expression_record
PD	Pbre1_15G171800	Pbre1_15G172600	Prupe.1G450000.1	0.39630283333333327	0.617905	1.1032146666666667	0.9625982614824974	0.8750584818130107	0.7542909163875635	0.7764397933778875	0.5779800679464788	0.6485033596542197	Specialization	Specialization	Specialization	Specialization	classified
PD	Pbre1_15G257600	Pbre1_15G258000	Prupe.7G269000.1	17.983917666666667	13.138183833333333	20.168315166666666	0.6250033971123639	0.9769368846868145	0.7226752308297881	0.4432838738804918	0.5390279965618614	0.24164940178318983	Subfunctionalization	Specialization	Neofunctionalization(Child)	discordant	classified
PD	Pbre1_15G298000	Pbre1_15G298800	Prupe.7G248700.1	1.4053256666666667	0.24136950000000001	1.1728073333333333	0.6306686405215297	0.4488150380463818	0.7056830498985281	0.23412486065128923	0.4116046100155385	0.2508895969473078	Neofunctionalization(Child)	Specialization	Specialization	discordant	classified
PD	Pbre1_15G307200	Pbre1_15G307800	Prupe.7G243800.1	0.3429105	2.5283151666666663	4.972896833333333	0.9197373179707118	0.99852044945802	0.9710101491546259	0.22634490905467117	0.14482077444711014	0.10272560593258222	Conservation	Specialization	Specialization	discordant	classified
PD	Pbre1_15G311200	Pbre1_15G311600	Prupe.7G241900.1	0.7745161666666667	4.0135879999999995	0.8075115	0.7570105173250361	0.6632861784678639	0.960860504934989	0.9199274163846151	0.5952948476248848	0.6473100367564218	Specialization	Specialization	Specialization	Specialization	classified
PD	Pbre1_15G351600	Pbre1_15G352000	Prupe.7G221200.1	5.724269333333333	5.817101833333333	15.856931833333334	0.6277653851834629	0.432744646293714	0.266178455181315	0.28445937062434923	0.18173778651561012	0.21644161098955012	Conservation	Neofunctionalization(Parent)	Conservation	discordant	classified
PD	Pbre1_15G351600	Pbre1_15G352200	Prupe.7G221200.1	5.724269333333333	12.183194499999999	15.856931833333334	0.6277653851834629	0.3632986918638341	0.266178455181315	0.28445937062434923	0.1652660019735008	0.19633362124727244	Conservation	Neofunctionalization(Parent)	Conservation	discordant	classified
PD	Pbre1_15G384600	Pbre1_15G385000	Prupe.7G202700.1	9.503795166666666	0.21268316666666665	7.328608833333334	0.9939724701052395	0.8115937573714607	0.7254022434451415	1.031753411496325	0.8148293586212967	1.0221076883486564	Specialization	Specialization	Specialization	Specialization	classified
PD	Pbre1_15G415800	Pbre1_15G416200	Prupe.7G182300.1	8.059218166666666	0.11883583333333333	1.4729743333333334	0.536849737528984	0.8998722484483552	0.9993889405040968	1.0192690790971153	0.42554306689514	1.0099165176846499	Specialization	Specialization	Specialization	Specialization	classified
PD	Pbre1_15G465600	Pbre1_15G466000	Prupe.7G153900.1	0.14660866666666666	2.7104735	0.40849033333333334	0.9517526704200708	0.687787197326376	0.941927189314206	0.04706434179283257	0.7662990391293503	0.7255053608160149	Neofunctionalization(Child)	Specialization	Neofunctionalization(Child)	discordant	classified
PD	Pbre1_15G530800	Pbre1_15G531200	Prupe.6G218500.1	0.900274	6.356725666666667	3.6248648333333335	0.8819918208463331	0.9725391660333873	1.0	1.2382398675571886	0.14831676862522444	0.28172920551347386	Neofunctionalization(Parent)	Specialization	Specialization	discordant	classified
PD	Pbre1_15G613600	Pbre1_15G614200	Prupe.1G490800.1	5.0475398333333334	6.280103	10.251692	0.9276293698570608	0.6982487196763704	0.7160217415935441	0.6970317496011389	0.36093850910413455	0.5014506311615575	Neofunctionalization(Parent)	Specialization	Neofunctionalization(Parent)	discordant	classified
PD	Pbre1_15G629600	Pbre1_15G630000	Prupe.1G500400.1	22.300266833333332	5.924296	11.197677	0.9995036215611105	0.9966472616687284	0.9884072933185521	0.06298575894347304	0.05124630904846572	0.060285646350309995	Conservation	Specialization	Specialization	discordant	classified
PD	Pbre1_15G662400	Pbre1_15G662800	Prupe.1G516400.1	0.0338405	11.665240333333333	0.6627171666666667	0.8131114117490139	0.7294208159596948	0.9322929956460533	0.9490452362678626	0.7718981813302211	0.7721358198944581	Specialization	Specialization	Specialization	Specialization	classified
PD	Pbre1_15G675400	Pbre1_15G676200	Prupe.1G523800.1	0.04210883333333333	3.702640166666667	16.2231815	0.9528860589877887	0.6915877492275698	0.8843138037075736	1.0122102227900387	0.7142262225827047	0.7121605450575731	Specialization	Specialization	Neofunctionalization(Parent)	Specialization	classified
PD	Pbre1_15G694200	Pbre1_15G694600	Prupe.1G533000.1	43.00163	1.9972668333333332	5.8693550000000005	0.9787829207408221	0.8261946634891324	0.8957807487095284	1.1284244624109792	0.7204597617282872	1.0918596138026333	Specialization	Specialization	Specialization	Specialization	classified
PD	Pbre1_15G694800	Pbre1_15G695400	Prupe.1G533100.1	0.07257116666666667	0.02394366666666667	0.9639371666666667	0.8885725218411273	0.8073575030405727	0.724965144180916	0.5856560471980821	0.40445884087824113	0.532709742260984	Specialization	Specialization	Specialization	Specialization	classified
PD	Pbre1_15G695200	Pbre1_15G695800	Prupe.1G533200.1	0.06375916666666667	7.172788000000001	17.842535333333334	0.6534421053383529	0.25685917019430865	0.407374339688159	0.3812196605580868	0.17820929388890652	0.17793705690309036	Conservation	Neofunctionalization(Parent)	Neofunctionalization(Parent)	discordant	classified
PD	Pbre1_15G733000	Pbre1_15G733800	Prupe.1G558600.1	3.4751628333333335	10.967533333333334	1.246016	0.986714631974418	0.8646269903331273	0.9854990189632671	1.2717591104530404	1.169365062381141	1.0850162229511318	Specialization	Specialization	Specialization	Specialization	classified
PD	Pbre1_15G744600	Pbre1_15G745200	Prupe.1G566100.1	4.252763	0.2221405	17.662681	0.22983365042864898	0.7974427201942651	0.3868746532647693	0.1319626241022934	0.48922899915275764	0.1386574065737865	Neofunctionalization(Child)	Neofunctionalization(Child)	Neofunctionalization(Child)	Neofunctionalization(Child)	classified
PD	Pbre1_15G763000	Pbre1_15G763800	Prupe.1G576700.1	3.526413333333333	56.875139833333336	14.418461666666667	0.6970802531940729	0.43156723711597006	0.6191082151609123	0.44100175166208255	0.2848498629103889	0.2867164125599315	Neofunctionalization(Parent)	Conservation	Conservation	discordant	classified
PD	Pbre1_15G766000	Pbre1_15G766400	Prupe.1G578800.1	21.1857135	23.980429666666666	21.297187666666666	0.22096964488104182	0.5109642171375854	0.5646658439378458	0.270738419196997	0.2967667079050402	0.27419559843102165	Conservation	Conservation	Conservation	Conservation	classified
PD	Pbre1_16G077800	Pbre1_16G078400	Prupe.1G309300.1	39.933892666666665	0.49658383333333334	82.19040983333333	0.9472142834505197	0.9857900471376453	0.8114946411399157	0.44197918407562165	1.07416841435888	0.43896258809163424	Specialization	Neofunctionalization(Child)	Specialization	discordant	classified
PD	Pbre1_16G124200	Pbre1_16G124800	Prupe.1G278500.1	0.06065683333333333	0.029351	1.5441266666666666	1.0	0.8777035559378488	0.5289214115107627	0.9075343494699597	0.5601044190273948	0.7707526073318778	Specialization	Specialization	Specialization	Specialization	classified
PD	Pbre1_16G145000	Pbre1_16G145400	Prupe.1G265600.1	4.926991	7.731336166666667	99.73151916666667	0.8777463394023352	0.8931746971872231	0.7731886657674936	0.6617492314832795	0.6650716399434208	0.659145124542827	Specialization	Specialization	Specialization	Specialization	classified
PD	Pbre1_16G145200	Pbre1_16G145600	Prupe.1G265500.1	0.24462916666666668	2.203509	68.48232266666666	1.0	0.716773105779145	0.46240367395528137	0.9735709519065203	0.4476582866743477	0.4845415524972614	Specialization	Specialization	Specialization	Specialization	classified
PD	Pbre1_16G241800	Pbre1_16G242200	Prupe.1G207900.1	2.1934881666666666	0.45821266666666666	0.5473365	0.7636062348176527	0.9785022973346406	0.596532470646822	0.2179617519498923	0.8070955018237194	0.2093692542014007	Neofunctionalization(Child)	Specialization	Specialization	discordant	classified
PD	Pbre1_16G325600	Pbre1_16G326000	Prupe.1G011800.1	19.7395005	2.0507666666666666	32.6078775	0.5632661905521988	0.48698022979047656	0.4367954651324656	0.2779621202395257	0.20161821848833758	0.26449992204777933	Conservation	Neofunctionalization(Child)	Conservation	discordant	classified
PD	Pbre1_16G325800	Pbre1_16G326200	Prupe.1G011900.1	4.3655555	0.6232828333333333	1.4952258333333335	0.8589837368048773	0.74922282853048	0.978598687068871	0.9998176315804397	0.7084965037132318	0.9633039905770807	Specialization	Specialization	Specialization	Specialization	classified
PD	Pbre1_16G391400	Pbre1_16G391800	Prupe.1G061300.1	NA	NA	NA	NA	NA	NA	NA	NA	NA	NA	NA	NA	NA	missing_expression_record
PD	Pbre1_16G422800	Pbre1_16G423600	Prupe.1G077600.1	NA	NA	NA	NA	NA	NA	NA	NA	NA	NA	NA	NA	NA	missing_expression_record
PD	Pbre1_16G488400	Pbre1_16G488800	Prupe.5G018900.1	0.11010533333333333	0.24876016666666667	34.24159983333333	0.8626140780045862	0.9078505234497871	0.25730029089076367	0.5650659302085831	0.6520817719582638	0.5679936283902896	Specialization	Specialization	Specialization	Specialization	classified
PD	Pbre1_17G047200	Pbre1_17G046800	Prupe.3G291000.1	1.9022240000000001	1.8125876666666667	1.2654793333333332	0.633773572315721	0.36949494370975355	0.8676293593170028	0.6705507547790607	0.644236223349427	0.6458532893029632	Specialization	Specialization	Specialization	Specialization	classified
PD	Pbre1_17G069800	Pbre1_17G070200	Prupe.3G276800.1	2.1523653333333335	4.335152	11.621407	0.6320222701662852	0.7362357786633147	0.27741770949043226	0.25277005051748747	0.3117630755215982	0.2577083384470246	Conservation	Neofunctionalization(Parent)	Conservation	discordant	classified
PD	Pbre1_17G075000	Pbre1_17G075600	Prupe.3G273800.1	NA	NA	NA	NA	NA	NA	NA	NA	NA	NA	NA	NA	NA	missing_expression_record
PD	Pbre1_17G083400	Pbre1_17G084200	Prupe.3G269000.1	0.9735441666666667	13.230816666666666	44.946152166666664	0.81401783195042	0.2838205165373	0.35473536971473185	0.43477870423407433	0.12929404645007944	0.14508112900240452	Neofunctionalization(Parent)	Neofunctionalization(Parent)	Neofunctionalization(Parent)	Neofunctionalization(Parent)	classified
PD	Pbre1_17G087200	Pbre1_17G087800	Prupe.3G267000.1	NA	NA	NA	NA	NA	NA	NA	NA	NA	NA	NA	NA	NA	missing_expression_record
PD	Pbre1_17G087400	Pbre1_17G088000	Prupe.3G266800.1	0.0057145	0.02958133333333333	0.47568516666666666	1.0	0.9590197209870677	0.9020311518804245	1.12336510859616	0.2334843021459021	0.13008948684700733	Neofunctionalization(Parent)	Specialization	Specialization	discordant	classified
PD	Pbre1_17G099600	Pbre1_17G100000	Prupe.3G261200.1	3.3671033333333336	0.0	4.767970666666667	0.9173340728332828	NA	0.5432740268421865	NA	NA	NA	NA	NA	NA	NA	all_zero_expression_profile
PD	Pbre1_17G099600	Pbre1_17G100200	Prupe.3G261200.1	3.3671033333333336	0.011789333333333332	4.767970666666667	0.9173340728332828	1.0	0.5432740268421865	0.4741819701551508	0.921427421847727	0.4712403737374301	Specialization	Specialization	Specialization	Specialization	classified
PD	Pbre1_17G100600	Pbre1_17G101200	Prupe.3G260500.1	0.0	0.0	0.027397666666666667	NA	NA	1.0	NA	NA	NA	NA	NA	NA	NA	all_zero_expression_profile
PD	Pbre1_17G101600	Pbre1_17G102000	Prupe.3G259900.1	6.8937550000000005	0.012506666666666666	6.186894166666667	0.4462839021664914	1.0	0.6085403976591043	0.28477194054119925	0.9725185371869203	0.28545431201523264	Neofunctionalization(Child)	Neofunctionalization(Child)	Neofunctionalization(Child)	Neofunctionalization(Child)	classified
PD	Pbre1_17G117600	Pbre1_17G116000	Prupe.3G250800.1	24.875548333333334	1.0034223333333332	46.0867035	0.29885244029455427	0.996793057824461	0.29397525150751164	0.11766803411469529	0.8679319466904731	0.10373381356367058	Neofunctionalization(Child)	Neofunctionalization(Child)	Neofunctionalization(Child)	Neofunctionalization(Child)	classified
PD	Pbre1_17G210200	Pbre1_17G210800	Prupe.3G194100.1	1.5581315	0.5729921666666666	10.078485833333334	0.5226624480338727	0.6760036732065494	0.8560624167594202	0.384647133322086	0.28232661411844606	0.3568706192968039	Conservation	Specialization	Neofunctionalization(Child)	discordant	classified
PD	Pbre1_17G210200	Pbre1_17G211000	Prupe.3G194100.1	1.5581315	0.9323011666666667	10.078485833333334	0.5226624480338727	0.6114319143484993	0.8560624167594202	0.384647133322086	0.4151626543233049	0.39210739525415633	Neofunctionalization(Child)	Specialization	Neofunctionalization(Child)	discordant	classified
PD	Pbre1_17G210400	Pbre1_17G211200	Prupe.3G194000.1	101.515456	4.111564166666667	48.78007916666667	0.5387650927704044	0.7887238334228316	0.8643118181219425	0.4736708655899811	0.3517892940650935	0.4642733859118263	Neofunctionalization(Parent)	Neofunctionalization(Child)	Neofunctionalization(Child)	discordant	classified
PD	Pbre1_17G211400	Pbre1_17G211800	Prupe.3G193900.1	0.7026635	0.09003816666666667	0.4742248333333333	0.7630383275983583	0.8494216286547716	0.8806998604565826	0.6380732640030896	0.7210746970366607	0.5993057912897105	Specialization	Specialization	Specialization	Specialization	classified
PD	Pbre1_17G214200	Pbre1_17G215000	Prupe.3G192700.1	13.015356333333333	4.265925	40.63713533333333	0.4909111306425287	0.5370065927507717	0.47484617091177794	0.28088678655932736	0.339342972236431	0.29093358163134503	Conservation	Neofunctionalization(Child)	Conservation	discordant	classified
PD	Pbre1_17G214800	Pbre1_17G215600	Prupe.3G192600.1	0.21787283333333332	7.419214166666666	100.62143333333333	0.9343826735927323	0.7363250031039934	0.7496779564856977	0.3893744367733999	0.4246443559398912	0.4017744293684151	Neofunctionalization(Child)	Neofunctionalization(Parent)	Neofunctionalization(Parent)	discordant	classified
PD	Pbre1_17G217000	Pbre1_17G215400	Prupe.3G192700.1	0.20359	29.93900633333333	40.63713533333333	0.6482493840153392	0.530089290082904	0.47484617091177794	0.31763787921401293	0.26793232825549274	0.26801492601680116	Conservation	Neofunctionalization(Parent)	Neofunctionalization(Parent)	discordant	classified
PD	Pbre1_17G217200	Pbre1_17G215800	Prupe.3G192600.1	15.0498675	8.825588833333333	100.62143333333333	0.7918781454020352	0.7656776068144451	0.7496779564856977	0.39894048529372367	0.47297829721572565	0.420926967880644	Specialization	Conservation	Conservation	discordant	classified
PD	Pbre1_17G280000	Pbre1_17G280400	Prupe.3G029700.1	NA	NA	NA	NA	NA	NA	NA	NA	NA	NA	NA	NA	NA	missing_expression_record
PD	Pbre1_17G280200	Pbre1_17G280800	Prupe.3G029500.1	7.312396666666666	3.5305161666666667	11.7977575	0.7659890675181678	0.5282985178273728	0.7966724795614243	0.07250387928592132	0.3211242052854135	0.1513042800798704	Conservation	Neofunctionalization(Child)	Conservation	discordant	classified
PD	Pbre1_17G283200	Pbre1_17G283800	Prupe.3G027700.1	0.0019761666666666664	3.3521756666666667	1.5593611666666667	1.0	0.9995810474908836	0.8691575939459325	1.1792063793467535	0.4474366700864641	0.4469068022895254	Specialization	Specialization	Specialization	Specialization	classified
PD	Pbre1_17G365000	Pbre1_17G365800	Prupe.3G080200.1	0.6716178333333334	0.053796166666666666	11.525326333333334	0.549806581629813	0.568051843802923	0.584986254187189	0.4376388989564786	0.18387823772522796	0.406413853948703	Neofunctionalization(Parent)	Specialization	Specialization	discordant	classified
PD	Pbre1_17G365200	Pbre1_17G366000	Prupe.3G080300.1	0.14760433333333334	1.1264811666666668	1.3285203333333333	0.9650931072394343	0.472917806281368	0.6878049846202483	0.9240376117205866	0.37620863069655275	0.40362059297549885	Neofunctionalization(Parent)	Specialization	Specialization	discordant	classified
PD	Pbre1_17G372400	Pbre1_17G372800	Prupe.3G084200.1	30.101519	0.07185166666666666	32.188495833333334	0.9255593321153249	0.929301732717563	0.7041934183747847	0.8221494176934537	0.8129136468106736	0.8220952869427565	Specialization	Neofunctionalization(Child)	Neofunctionalization(Child)	discordant	classified
PD	Pbre1_17G389400	Pbre1_17G390000	Prupe.3G093800.1	NA	NA	NA	NA	NA	NA	NA	NA	NA	NA	NA	NA	NA	missing_expression_record
PD	Pbre1_17G415600	Pbre1_17G416000	Prupe.3G121900.1	0.0033813333333333334	1.4103295	0.0	1.0	0.45247553003533564	NA	NA	NA	NA	NA	NA	NA	NA	all_zero_expression_profile
PD	Pbre1_17G415800	Pbre1_17G416200	Prupe.3G122300.1	0.0	49.13601683333333	162.98645816666667	NA	0.580504262582925	0.4774646265443893	NA	NA	NA	NA	NA	NA	NA	all_zero_expression_profile
PD	Pbre1_17G417400	Pbre1_17G418000	Prupe.3G122900.1	17.501305666666667	13.832364833333333	61.533651500000005	0.2980252779743124	0.2968826176959961	0.3507981794559568	0.1747528439252195	0.12723646240919675	0.1501140594768886	Conservation	Conservation	Conservation	Conservation	classified
PD	Pbre1_17G444600	Pbre1_17G445200	Prupe.3G148000.1	0.0548655	13.952951666666667	29.368444	0.8710619270065699	0.461322448982473	0.47742679945052496	0.4226391620436461	0.1800520960340253	0.17990471297271124	Neofunctionalization(Parent)	Neofunctionalization(Parent)	Neofunctionalization(Parent)	Neofunctionalization(Parent)	classified
PD	Pbre1_17G461400	Pbre1_17G462000	Prupe.3G162100.1	0.027505833333333334	0.8254043333333333	2.3656876666666666	0.8307900535800178	0.8888223832571688	0.9762934114234817	1.1371442849107822	0.3439672396055315	0.3683564321680862	Neofunctionalization(Parent)	Specialization	Specialization	discordant	classified
PD	Pbre1_17G468600	Pbre1_17G469200	Prupe.3G113600.1	22.682419166666666	2.551778	22.950595166666666	0.45900587793728764	0.9673471099572005	0.6371568574956541	0.2572573177750197	0.7958004746682066	0.2837179902094815	Neofunctionalization(Child)	Neofunctionalization(Child)	Neofunctionalization(Child)	Neofunctionalization(Child)	classified
PD	Pbre1_17G470200	Pbre1_17G470600	Prupe.3G115200.1	1.7412976666666666	65.27503683333333	177.369733	0.5653931751643038	0.46690185505078974	0.3671470386422223	0.30483698863257674	0.1326013754606921	0.13225765575903284	Conservation	Neofunctionalization(Parent)	Conservation	discordant	classified
PD	Pbre1_17G471400	Pbre1_17G471800	Prupe.3G116300.1	7.361166666666666	5.969195666666667	84.76808833333334	0.9448779999918555	0.5813748887097708	0.7915231766974804	0.38465990355087193	0.4058320769794402	0.2608590988257385	Neofunctionalization(Child)	Specialization	Conservation	discordant	classified
PD	Pbre1_17G471600	Pbre1_17G472000	Prupe.3G116500.1	0.0	108.82465433333334	209.41872216666667	NA	0.25765278784483553	0.1769263718398251	NA	NA	NA	NA	NA	NA	NA	all_zero_expression_profile
PD	Pbre1_17G479800	Pbre1_17G480200	Prupe.3G015300.1	0.0065611666666666665	0.009041333333333334	1.943982	0.801346835443038	0.7432324337978361	0.7683805480070998	0.30030382500759945	0.4317192479552984	0.3434831243598057	Neofunctionalization(Child)	Specialization	Specialization	discordant	classified
PD	Pbre1_17G485400	Pbre1_17G486200	Prupe.3G010900.1	20.215848166666667	5.403289166666667	20.1808525	0.30941154059208464	0.5996016819068525	0.46989451150948386	0.16620559560308126	0.26961209432825783	0.1395503013378471	Conservation	Neofunctionalization(Child)	Neofunctionalization(Child)	discordant	classified
TRD	Pbre1_15G390800	Pbre1_01G022200	Prupe.7G199400.1	17.639719666666668	0.6665543333333332	55.64434583333333	0.49773850488845534	0.9958199860062067	0.5015764293760362	0.2963562616228625	0.8793350692871629	0.2836081839335317	Neofunctionalization(Child)	Neofunctionalization(Child)	Neofunctionalization(Child)	Neofunctionalization(Child)	classified
TRD	Pbre1_09G435000	Pbre1_01G022800	Prupe.3G147500.1	0.28820216666666665	0.004112833333333333	3.132719	0.815722331915896	0.8290288634996994	0.6074564477834447	0.581859420664638	0.7291624404220334	0.5811808435672048	Specialization	Specialization	Specialization	Specialization	classified
TRD	Pbre1_12G210600	Pbre1_01G029200	Prupe.6G240600.1	250.17837200000002	20.333620500000002	261.14744233333334	0.3338907928760421	0.3637020058701121	0.3476640600175274	0.16360270085301712	0.15776562982111156	0.15372755737810948	Conservation	Conservation	Conservation	Conservation	classified
TRD	Pbre1_02G237800	Pbre1_01G029400	Prupe.7G148500.1	8.7958195	11.0994685	10.362353333333333	0.7283834563537305	0.20308226993468753	0.49094272138837824	0.27543968096292926	0.19289153289320082	0.18014124128195558	Conservation	Conservation	Conservation	Conservation	classified
TRD	Pbre1_01G236200	Pbre1_01G031000	Prupe.2G224300.1	2.0675088333333336	0.7928185	7.322985666666667	0.26773119960800534	0.5539009115097977	0.5789252578663897	0.15757279886838813	0.25353790194299564	0.16173193377927184	Conservation	Neofunctionalization(Child)	Neofunctionalization(Child)	discordant	classified
TRD	Pbre1_14G069000	Pbre1_01G033200	Prupe.7G094800.1	13.280071666666666	0.0	25.580029333333332	0.12939946190789448	NA	0.45756239651695185	NA	NA	NA	NA	NA	NA	NA	all_zero_expression_profile
TRD	Pbre1_12G068200	Pbre1_01G033400	Prupe.7G096000.1	0.7769696666666667	3.337742	15.272070333333334	0.7765846339271401	0.7088219362736232	0.5771953775429781	0.2832806293342492	0.3075728253354342	0.24967479121910516	Conservation	Specialization	Specialization	discordant	classified
TRD	Pbre1_12G068800	Pbre1_01G034000	Prupe.7G095100.1	1.7499366666666667	2.191729	2.503836833333333	0.6224553631223303	0.8383015398427028	0.5520165077478195	0.4529835922885234	0.6167294879210973	0.5365516939908658	Specialization	Specialization	Specialization	Specialization	classified
TRD	Pbre1_12G069000	Pbre1_01G034200	Prupe.7G095000.1	4.848590833333334	1.2441325	13.694756333333334	0.30488256169066985	0.3598056413312691	0.549832767080902	0.21743121199856547	0.18741254678122105	0.19601297225102662	Conservation	Neofunctionalization(Child)	Neofunctionalization(Child)	discordant	classified
TRD	Pbre1_15G238000	Pbre1_01G035200	Prupe.4G272100.1	46.97373566666667	11.182372333333333	164.98734833333333	0.5677559484387678	0.4425776361142022	0.7460712245523003	0.43688847611805365	0.4085211553460427	0.41706266565607086	Specialization	Conservation	Conservation	discordant	classified
TRD	Pbre1_15G621600	Pbre1_01G037400	Prupe.1G494100.1	146.01248766666666	0.028543333333333334	343.4803586666667	0.6228399417773046	0.70612085994838	0.32451973056562944	0.30084310242204415	0.3171636757119287	0.3007954540799235	Conservation	Neofunctionalization(Child)	Neofunctionalization(Child)	discordant	classified
TRD	Pbre1_15G633400	Pbre1_01G041400	Prupe.1G501500.1	NA	NA	NA	NA	NA	NA	NA	NA	NA	NA	NA	NA	NA	missing_expression_record
TRD	Pbre1_15G609000	Pbre1_01G042400	Prupe.6G163700.1	0.335228	1.3358665	10.321070333333333	0.9325596578028165	0.8792547610377243	0.9869006602555492	0.24600158054259946	1.0914173856477205	0.908286810729871	Neofunctionalization(Child)	Specialization	Specialization	discordant	classified
TRD	Pbre1_15G606000	Pbre1_01G047200	Prupe.6G161300.1	5.196217833333333	16.212232166666666	37.7578345	0.6923225141031895	0.613769240694627	0.7390448100958558	0.2721285163365269	0.3793877074602951	0.3100451872323368	Conservation	Conservation	Conservation	Conservation	classified
TRD	Pbre1_15G606000	Pbre1_01G047400	Prupe.6G161300.1	5.196217833333333	9.392251833333333	37.7578345	0.6923225141031895	0.6010305459109649	0.7390448100958558	0.2721285163365269	0.3386649835346522	0.25617752511183883	Conservation	Conservation	Conservation	Conservation	classified
TRD	Pbre1_12G331000	Pbre1_01G051800	Prupe.6G303500.1	34.074879333333335	1.0270981666666668	22.23990866666667	0.7248179967459738	0.4564349572478898	0.5169797913944116	0.24386455130974977	0.21328089567273653	0.23501457454434815	Conservation	Neofunctionalization(Child)	Neofunctionalization(Child)	discordant	classified
TRD	Pbre1_15G600800	Pbre1_01G054000	Prupe.6G167500.1	1.3954659999999999	0.9248919999999999	3.2008663333333334	0.18281433084669738	0.5385309022598065	0.7056760315705157	0.32118153056151877	0.4399912063951646	0.3452904165684283	Neofunctionalization(Child)	Specialization	Neofunctionalization(Child)	discordant	classified
TRD	Pbre1_06G182200	Pbre1_01G055400	Prupe.5G115000.1	10.987175333333333	2.781737833333333	6.170998833333333	0.9183747583873455	0.7097856931281143	0.6501956634705615	0.4628353583696818	0.39857552955832337	0.35873318808983495	Subfunctionalization	Specialization	Specialization	discordant	classified
TRD	Pbre1_13G073800	Pbre1_01G059000	Prupe.1G309100.1	20.6906635	0.0	44.10829533333333	0.2282616883908783	NA	0.6927329850032938	NA	NA	NA	NA	NA	NA	NA	all_zero_expression_profile
TRD	Pbre1_11G282600	Pbre1_01G059200	Prupe.6G155300.1	12.075490333333333	4.782168166666667	3.3050505	0.45553572510213625	0.20146931136448193	0.7614723644460584	0.295654054210452	0.3694593749412588	0.306083705560548	Conservation	Specialization	Conservation	discordant	classified
TRD	Pbre1_15G595600	Pbre1_01G060200	Prupe.6G174100.1	7.2490646666666665	4.1884845	13.896104333333334	0.2645776743733906	0.39758796559491216	0.36065710383070637	0.13636712581956464	0.06976870775557212	0.10879218910104074	Conservation	Conservation	Conservation	Conservation	classified
TRD	Pbre1_10G196200	Pbre1_01G060600	Prupe.8G151100.1	4.507722	1.2848975	8.455958666666668	0.8119848804216954	0.5087737151669477	0.6839288508791108	0.4583461309124684	0.435861222519347	0.3749785419055514	Subfunctionalization	Specialization	Neofunctionalization(Parent)	discordant	classified
TRD	Pbre1_04G339800	Pbre1_01G061000	Prupe.6G324900.1	19.714298833333334	1.3453136666666667	21.316661833333335	0.45969925785168214	0.42146838109448376	0.508213746639745	0.257269687001851	0.24381516096594877	0.2556094389832507	Conservation	Neofunctionalization(Child)	Conservation	discordant	classified
TRD	Pbre1_03G205600	Pbre1_01G068000	Prupe.6G115400.1	3.245971	0.0	68.34882	0.9238908823350114	NA	0.6621238373498146	NA	NA	NA	NA	NA	NA	NA	all_zero_expression_profile
TRD	Pbre1_09G171600	Pbre1_01G075800	Prupe.3G219400.1	4.556921	6.772990666666667	12.422335666666667	0.7465181328304289	0.44124951093685694	0.17029703873073046	0.3138420108223813	0.17618172647644295	0.17228446816642742	Conservation	Conservation	Conservation	Conservation	classified
TRD	Pbre1_09G171600	Pbre1_01G076000	Prupe.3G219400.1	4.556921	8.791302	12.422335666666667	0.7465181328304289	0.34296000584923597	0.17029703873073046	0.3138420108223813	0.16457519123109615	0.18025585210974657	Conservation	Conservation	Conservation	Conservation	classified
TRD	Pbre1_07G157200	Pbre1_01G084000	Prupe.2G127800.1	26.388585166666665	0.23131933333333332	71.08432933333333	0.11546097246528067	0.5291153986518656	0.4468542549551396	0.20409482296207687	0.22198780986169028	0.20320429679522203	Conservation	Neofunctionalization(Child)	Neofunctionalization(Child)	discordant	classified
TRD	Pbre1_02G087800	Pbre1_01G093400	Prupe.7G229100.1	0.9637425000000001	0.0	229.28481200000002	0.7596086598404526	NA	0.7398122769669232	NA	NA	NA	NA	NA	NA	NA	all_zero_expression_profile
TRD	Pbre1_04G340000	Pbre1_01G107400	Prupe.6G325100.1	21.243203	0.094677	31.4900175	0.604662632771183	0.8459360323609065	0.6360237523595822	0.13723495531811356	0.5553672583344912	0.1363615474103497	Neofunctionalization(Child)	Neofunctionalization(Child)	Neofunctionalization(Child)	Neofunctionalization(Child)	classified
TRD	Pbre1_07G341600	Pbre1_01G111400	Prupe.2G239900.1	12.9170375	0.0	36.902881	0.58633685370556	NA	0.5705271048659488	NA	NA	NA	NA	NA	NA	NA	all_zero_expression_profile
TRD	Pbre1_09G074800	Pbre1_01G116600	Prupe.3G272600.1	14.917114999999999	1.0373415	73.7790085	0.3673647878267367	0.46019289034799427	0.4630919509484118	0.22940507394978077	0.17494222007543997	0.2181689051172371	Conservation	Neofunctionalization(Child)	Neofunctionalization(Child)	discordant	classified
TRD	Pbre1_07G206600	Pbre1_01G117400	Prupe.2G154000.1	7.777111666666666	0.010041166666666667	4.724786833333334	0.5125284665216027	1.0	0.757746746717857	0.2332386635805901	1.0497858482982205	0.23370623737002735	Neofunctionalization(Child)	Neofunctionalization(Child)	Neofunctionalization(Child)	Neofunctionalization(Child)	classified
TRD	Pbre1_07G211000	Pbre1_01G122000	Prupe.2G157100.1	0.9034183333333333	0.015908	0.6001395	0.25533524165544763	0.9439630891386571	0.6489287982553469	0.2699301715108003	0.8535091537642582	0.2776479634574954	Neofunctionalization(Child)	Specialization	Specialization	discordant	classified
TRD	Pbre1_14G054000	Pbre1_01G125800	Prupe.7G101500.1	4.340689833333333	0.0	27.250482833333333	0.33543585332762804	NA	0.6164154013634577	NA	NA	NA	NA	NA	NA	NA	all_zero_expression_profile
TRD	Pbre1_09G008000	Pbre1_01G135400	Prupe.3G312000.1	42.41078133333333	0.006932333333333333	97.84271583333333	0.5772012599608546	1.0	0.14927187138158873	0.19834902868789048	0.900650706809383	0.19825955418041757	Neofunctionalization(Child)	Neofunctionalization(Child)	Neofunctionalization(Child)	Neofunctionalization(Child)	classified
TRD	Pbre1_03G416800	Pbre1_01G146800	Prupe.4G154500.1	48.420982333333335	2.7421241666666667	87.008241	0.3425075363696772	0.46210037572782553	0.23840668026707293	0.15595754251154192	0.09399259415441108	0.1459756661202009	Conservation	Conservation	Conservation	Conservation	classified
TRD	Pbre1_06G067200	Pbre1_01G164000	Prupe.5G046200.1	36.537118666666665	0.0	74.72999616666667	0.45436100222273995	NA	0.584260804219864	NA	NA	NA	NA	NA	NA	NA	all_zero_expression_profile
TRD	Pbre1_07G244800	Pbre1_01G165000	Prupe.2G183300.1	1.4515328333333333	1.1371506666666666	3.706696833333333	0.7484021893364867	0.7941050106695429	0.9256739635688367	0.6738773826287582	0.3489362528634026	0.5265054673580948	Neofunctionalization(Parent)	Specialization	Specialization	discordant	classified
TRD	Pbre1_05G020600	Pbre1_01G165600	Prupe.8G018000.1	35.039626166666665	6.534192	62.895545	0.1901006955861348	0.3584733707920881	0.3486640020789951	0.10983427825986684	0.1676375481096298	0.10405061704400459	Conservation	Conservation	Conservation	Conservation	classified
TRD	Pbre1_10G337000	Pbre1_01G170200	Prupe.8G230400.1	136.044152	0.0	150.14385666666666	0.5436223759848902	NA	0.5928823422601971	NA	NA	NA	NA	NA	NA	NA	all_zero_expression_profile
TRD	Pbre1_04G270600	Pbre1_01G171200	Prupe.6G288300.1	4.700297833333333	24.369375666666667	16.48779366666667	0.4649501298961939	0.27831222302011704	0.5100018825087179	0.27836233109537273	0.1323271521559331	0.13700975491165737	Conservation	Conservation	Conservation	Conservation	classified
TRD	Pbre1_09G283400	Pbre1_01G185000	Prupe.3G027000.1	48.8506935	0.0	52.80845883333333	0.43651362268543964	NA	0.47915991309626255	NA	NA	NA	NA	NA	NA	NA	all_zero_expression_profile
TRD	Pbre1_16G018800	Pbre1_01G185600	Prupe.1G341200.1	22.376641166666666	2.1369058333333335	32.61365033333333	0.10657566079928375	0.6031513063215821	0.5585004227666669	0.1525232146652	0.15449536558061958	0.14241273803933086	Conservation	Conservation	Conservation	Conservation	classified
TRD	Pbre1_02G089400	Pbre1_01G196400	Prupe.7G228100.1	129.95171249999999	0.0	312.52586883333333	0.635558668552495	NA	0.7551832778868137	NA	NA	NA	NA	NA	NA	NA	all_zero_expression_profile
TRD	Pbre1_05G500800	Pbre1_01G199400	Prupe.4G062700.1	0.049486999999999996	0.029231833333333335	0.30463033333333334	0.7061506220477678	0.7470683176882255	0.48059904750659277	0.3972433787298479	0.5033804047235795	0.3525643985892252	Subfunctionalization	Conservation	Specialization	discordant	classified
TRD	Pbre1_01G202000	Pbre1_01G200000	Prupe.2G203700.1	52.825927	1.9051438333333333	77.3037645	0.9252899307187643	0.7015603732477169	0.7842754430242328	0.8018888722789795	0.48326003691686514	0.7895996707711611	Specialization	Neofunctionalization(Child)	Neofunctionalization(Child)	discordant	classified
TRD	Pbre1_13G152200	Pbre1_01G204400	Prupe.1G258300.1	7.151771666666667	0.354742	16.0832115	0.8228283171525159	0.795049542624922	0.7130083814668057	0.1628411340078887	0.521989641797253	0.14311122859745823	Neofunctionalization(Child)	Neofunctionalization(Child)	Neofunctionalization(Child)	Neofunctionalization(Child)	classified
TRD	Pbre1_01G163800	Pbre1_01G212600	Prupe.2G183000.1	0.4889638333333333	0.27224933333333334	0.7074671666666666	0.5053561851904906	0.7272819877645751	0.719144706211534	0.46535053403567284	0.5428414346586493	0.43128461749684216	Specialization	Specialization	Specialization	Specialization	classified
TRD	Pbre1_13G239200	Pbre1_01G216200	Prupe.1G105600.1	9.210062833333334	3.3700166666666664	7.918965166666666	0.32510290776223644	0.3141401934117679	0.569576986871503	0.13265874397944633	0.1901285043423509	0.14638159299317655	Conservation	Conservation	Conservation	Conservation	classified
TRD	Pbre1_07G432400	Pbre1_01G219200	Prupe.2G290700.1	0.4088138333333333	0.0	0.0	0.6923706057592712	NA	NA	NA	NA	NA	NA	NA	NA	NA	all_zero_expression_profile
TRD	Pbre1_14G294400	Pbre1_01G243000	Prupe.5G153200.1	0.0	0.0022145	0.20340066666666665	NA	1.0	0.9067858996290388	NA	NA	NA	NA	NA	NA	NA	all_zero_expression_profile
TRD	Pbre1_08G062600	Pbre1_01G250400	Prupe.1G383000.1	2.0022836666666666	1.4010948333333333	4.5330885	0.9314673869736101	0.9200464293183396	0.8869960731421509	0.11706522109436912	0.1043045241142585	0.10618286234080147	Conservation	Specialization	Specialization	discordant	classified
TRD	Pbre1_02G001800	Pbre1_01G250600	Prupe.7G271200.1	37.4462615	0.011405166666666668	27.421866333333334	0.3686355486634594	1.0	0.29445805817347737	0.08804702927881917	0.8655040299606188	0.08810812343238937	Neofunctionalization(Child)	Neofunctionalization(Child)	Neofunctionalization(Child)	Neofunctionalization(Child)	classified
TRD	Pbre1_13G199200	Pbre1_01G269400	Prupe.1G229200.1	2.1019811666666666	0.0	7.414184833333334	0.802522517071089	NA	0.7018686012429572	NA	NA	NA	NA	NA	NA	NA	all_zero_expression_profile
TRD	Pbre1_03G206400	Pbre1_01G289600	Prupe.6G116000.1	15.531133833333334	0.5497623333333334	17.5952375	0.5284364250736096	0.8417438110283084	0.34713913352218223	0.19371922843015796	0.44418638956916684	0.18219340382573312	Neofunctionalization(Child)	Neofunctionalization(Child)	Neofunctionalization(Child)	Neofunctionalization(Child)	classified
TRD	Pbre1_07G368600	Pbre1_01G290400	Prupe.2G253600.1	0.0029641666666666666	0.0038635	0.024729666666666667	1.0	1.0	0.9243863250085911	0.38798468427611627	1.265637749411936	0.6931398054510859	Neofunctionalization(Child)	Conservation	Conservation	discordant	classified
TRD	Pbre1_07G376400	Pbre1_01G298200	Prupe.2G259700.1	1.5597905	3.840237166666667	1.4666816666666667	0.38142790043916686	0.3884755500212818	0.6462449340581997	0.33798886938244627	0.2674531248387228	0.27485256785685486	Conservation	Specialization	Specialization	discordant	classified
TRD	Pbre1_05G459600	Pbre1_01G302800	Prupe.4G087700.1	0.9114193333333334	0.04724883333333333	8.782529	0.9013152522673019	0.868388515548693	0.6969890654308201	0.7053039906060268	0.6868836475867212	0.6758909317753268	Specialization	Specialization	Specialization	Specialization	classified
TRD	Pbre1_10G449800	Pbre1_01G304200	Prupe.4G079500.1	256.6825513333333	0.5637323333333334	642.5165791666667	0.5314942599463732	1.0	0.5611437233807328	0.20162648788023352	0.858106019640872	0.2022076928926385	Neofunctionalization(Child)	Neofunctionalization(Child)	Neofunctionalization(Child)	Neofunctionalization(Child)	classified
TRD	Pbre1_07G376400	Pbre1_01G305800	Prupe.2G259700.1	1.5597905	1.118896	1.4666816666666667	0.38142790043916686	0.4231997218347566	0.6462449340581997	0.33798886938244627	0.1875841847146151	0.2559188985682565	Conservation	Neofunctionalization(Parent)	Specialization	discordant	classified
TRD	Pbre1_02G104400	Pbre1_01G324600	Prupe.7G219900.1	52.2456605	4.901384833333333	55.55615366666667	0.8726455554802456	0.38255654366923697	0.880080194713894	0.7249046035275337	0.6283380131654105	0.7050258641892558	Specialization	Conservation	Conservation	discordant	classified
TRD	Pbre1_07G432400	Pbre1_01G328400	Prupe.2G290700.1	0.4088138333333333	0.9223201666666667	0.0	0.6923706057592712	0.3513757753735979	NA	NA	NA	NA	NA	NA	NA	NA	all_zero_expression_profile
TRD	Pbre1_15G437200	Pbre1_01G328600	Prupe.7G168400.1	33.693531666666665	0.083778	116.5484865	0.6522787829313886	0.6624762739866653	0.28427428678733246	0.25480486720583073	0.3187548380405455	0.2546716407308515	Conservation	Neofunctionalization(Child)	Neofunctionalization(Child)	discordant	classified
TRD	Pbre1_07G432400	Pbre1_01G333000	Prupe.2G290700.1	0.4088138333333333	0.0	0.0	0.6923706057592712	NA	NA	NA	NA	NA	NA	NA	NA	NA	all_zero_expression_profile
TRD	Pbre1_05G424800	Pbre1_01G342800	Prupe.4G108700.1	1.6734143333333333	0.0	5.554906333333333	0.5540206568275393	NA	0.5886595442070984	NA	NA	NA	NA	NA	NA	NA	all_zero_expression_profile
TRD	Pbre1_06G311000	Pbre1_01G347000	Prupe.5G183200.1	52.32322833333333	0.0043528333333333336	51.63563633333334	0.7980865481017044	1.0	0.5734054788271615	0.23256434151328176	0.9492211356759487	0.2325580115944926	Neofunctionalization(Child)	Neofunctionalization(Child)	Neofunctionalization(Child)	Neofunctionalization(Child)	classified
TRD	Pbre1_17G085800	Pbre1_01G347600	Prupe.3G268100.1	0.7277881666666667	0.018503833333333334	8.265949833333334	0.7506236808334817	1.0	0.7579436482580577	0.3730360604275052	0.6141621055865412	0.3660182410142215	Neofunctionalization(Child)	Specialization	Specialization	discordant	classified
TRD	Pbre1_08G098800	Pbre1_01G348200	Prupe.1G391800.1	NA	NA	NA	NA	NA	NA	NA	NA	NA	NA	NA	NA	NA	missing_expression_record
TRD	Pbre1_02G498800	Pbre1_01G358000	Prupe.2G012300.1	2.2171196666666666	0.0	8.084661166666667	0.6876846846708065	NA	0.6691589082665741	NA	NA	NA	NA	NA	NA	NA	all_zero_expression_profile
TRD	Pbre1_07G439800	Pbre1_01G365600	Prupe.2G294300.1	0.231599	0.3486298333333333	0.653331	0.9226345440845514	0.8148211914920258	0.5151864071004242	0.6347389401052798	0.5540749944143388	0.4170193508621291	Specialization	Specialization	Specialization	Specialization	classified
TRD	Pbre1_07G439800	Pbre1_01G365800	Prupe.2G294300.1	0.231599	0.4351216666666667	0.653331	0.9226345440845514	0.7294578833868478	0.5151864071004242	0.6347389401052798	0.4763653108631318	0.3502002244996287	Subfunctionalization	Specialization	Specialization	discordant	classified
TRD	Pbre1_07G439800	Pbre1_01G366000	Prupe.2G294300.1	0.231599	0.5652228333333333	0.653331	0.9226345440845514	0.6271390202702702	0.5151864071004242	0.6347389401052798	0.4460993282824248	0.3328821701704207	Subfunctionalization	Specialization	Specialization	discordant	classified
TRD	Pbre1_07G453000	Pbre1_01G377200	Prupe.2G300700.1	0.2743853333333333	0.7909360000000001	2.942211	0.6092941398085772	0.3800436965294174	0.4484773946360153	0.1951111824078085	0.27139117795542533	0.2207210202669329	Conservation	Specialization	Specialization	discordant	classified
TRD	Pbre1_12G061600	Pbre1_01G382600	Prupe.7G098700.1	140.86776166666667	0.5761775	34.356021	0.5881354079696351	0.5088945419288418	0.5257997733566658	0.19624376320053558	0.16529989033404874	0.19511353718439767	Conservation	Neofunctionalization(Child)	Neofunctionalization(Child)	discordant	classified
TRD	Pbre1_01G424800	Pbre1_01G406200	Prupe.2G324300.1	26.682454166666666	1.1852785000000001	39.9875645	0.6142968091459489	0.8248951495992305	0.5777754831876465	0.2843813868824785	0.5041499420147602	0.26196766712877373	Neofunctionalization(Child)	Neofunctionalization(Child)	Neofunctionalization(Child)	Neofunctionalization(Child)	classified
TRD	Pbre1_07G264200	Pbre1_01G407600	Prupe.2G193400.1	7.825469	0.7588186666666666	4.287332500000001	0.5306147418312983	0.9451887852915176	0.6071663426023337	0.15338292838316153	0.5356757712927198	0.15297731772414422	Neofunctionalization(Child)	Neofunctionalization(Child)	Neofunctionalization(Child)	Neofunctionalization(Child)	classified
TRD	Pbre1_05G243800	Pbre1_01G418400	Prupe.8G177400.1	22.894692666666668	5.900981666666667	61.44621333333333	0.4071834060688019	0.3809486576096355	0.4695086690313298	0.18080013870013284	0.16438902125725638	0.15565022021717595	Conservation	Conservation	Conservation	Conservation	classified
TRD	Pbre1_15G255000	Pbre1_02G004200	Prupe.7G270100.1	49.98767083333333	2.1136133333333333	28.1673765	0.37535546580874046	0.9351360631311877	0.6579187423672512	0.2439713733832895	0.5667238017565276	0.24021773943864805	Neofunctionalization(Child)	Neofunctionalization(Child)	Neofunctionalization(Child)	Neofunctionalization(Child)	classified
TRD	Pbre1_15G263800	Pbre1_02G012400	Prupe.7G266300.1	NA	NA	NA	NA	NA	NA	NA	NA	NA	NA	NA	NA	NA	missing_expression_record
TRD	Pbre1_15G263800	Pbre1_02G012600	Prupe.7G266300.1	NA	NA	NA	NA	NA	NA	NA	NA	NA	NA	NA	NA	NA	missing_expression_record
TRD	Pbre1_08G018800	Pbre1_02G032600	Prupe.1G362200.1	89.05260866666667	0.09511516666666667	143.34950466666666	0.28608599329951145	0.7616778930713755	0.3552926529210638	0.062356623093447666	0.45993165176189404	0.06254211745324054	Neofunctionalization(Child)	Neofunctionalization(Child)	Neofunctionalization(Child)	Neofunctionalization(Child)	classified
TRD	Pbre1_09G312200	Pbre1_02G034600	Prupe.3G044400.1	4.921103666666666	4.648172333333333	27.618863833333332	0.45432560202165784	0.7801618472675553	0.6351846900532843	0.29692033898994596	0.406051922034499	0.26966658174082553	Neofunctionalization(Child)	Neofunctionalization(Child)	Neofunctionalization(Child)	Neofunctionalization(Child)	classified
TRD	Pbre1_02G060600	Pbre1_02G036200	Prupe.7G242500.1	9.623327	0.0	13.7961335	0.3763827674455874	NA	0.7306186300514635	NA	NA	NA	NA	NA	NA	NA	all_zero_expression_profile
TRD	Pbre1_06G365600	Pbre1_02G063400	Prupe.5G216500.1	0.33152316666666665	0.011379333333333333	30.16334916666667	0.8015446327966547	1.0	0.9491843280588549	0.4065728807547279	1.2118576605754232	0.4090972076312477	Specialization	Specialization	Specialization	Specialization	classified
TRD	Pbre1_15G316800	Pbre1_02G066800	Prupe.7G239300.1	NA	NA	NA	NA	NA	NA	NA	NA	NA	NA	NA	NA	NA	missing_expression_record
TRD	Pbre1_15G325800	Pbre1_02G075200	Prupe.7G235200.1	15.999019333333333	3.4074413333333333	34.222191	0.27645238808213823	0.5498902553247035	0.6538535794118854	0.2447577798830466	0.43475648426014285	0.263649388051544	Neofunctionalization(Child)	Neofunctionalization(Child)	Neofunctionalization(Child)	Neofunctionalization(Child)	classified
TRD	Pbre1_15G331200	Pbre1_02G081600	Prupe.7G232300.1	11.876003166666667	0.5332846666666666	17.664873666666665	0.15576428410279183	0.3325448711779354	0.4918548527915793	0.1460391113548072	0.24642109988725633	0.14875301806799784	Conservation	Neofunctionalization(Child)	Neofunctionalization(Child)	discordant	classified
TRD	Pbre1_15G331200	Pbre1_02G081800	Prupe.7G232300.1	11.876003166666667	0.6230718333333334	17.664873666666665	0.15576428410279183	0.39523244186935125	0.4918548527915793	0.1460391113548072	0.2193231690128378	0.1471398873863862	Conservation	Neofunctionalization(Child)	Neofunctionalization(Child)	discordant	classified
TRD	Pbre1_12G387200	Pbre1_02G086400	Prupe.6G336200.1	23.323488166666667	0.040355166666666664	44.8869	0.1543993370783381	0.7948615410357233	0.3863716817126853	0.08862109418783032	0.4231436833610443	0.08847246047962327	Neofunctionalization(Child)	Neofunctionalization(Child)	Neofunctionalization(Child)	Neofunctionalization(Child)	classified
TRD	Pbre1_15G348600	Pbre1_02G098200	Prupe.7G223700.1	96.91473016666667	0.09251616666666666	25.94563266666667	0.48180265355693386	0.7306606804653679	0.837363325041214	0.441738500130003	0.6456990320240547	0.4417685655423928	Specialization	Neofunctionalization(Child)	Neofunctionalization(Child)	discordant	classified
TRD	Pbre1_05G069600	Pbre1_02G104000	Prupe.8G058100.1	0.485311	0.0	0.22467983333333336	0.845913468553918	NA	0.7193714402859358	NA	NA	NA	NA	NA	NA	NA	all_zero_expression_profile
TRD	Pbre1_02G273200	Pbre1_02G127200	Prupe.6G229700.1	19.946864	0.0	33.674708333333335	0.5238014233251622	NA	0.728549585696381	NA	NA	NA	NA	NA	NA	NA	all_zero_expression_profile
TRD	Pbre1_07G384800	Pbre1_02G127800	Prupe.2G264600.1	22.069959	0.0	16.393171666666667	0.5811300683155719	NA	0.32940793579576894	NA	NA	NA	NA	NA	NA	NA	all_zero_expression_profile
TRD	Pbre1_06G341600	Pbre1_02G135200	Prupe.5G201700.1	12.0185615	0.30545283333333334	20.773129833333332	0.21884214550154604	0.9590014306979386	0.4564572627414595	0.09805345327570145	0.7349862147409594	0.1027079940711934	Neofunctionalization(Child)	Neofunctionalization(Child)	Neofunctionalization(Child)	Neofunctionalization(Child)	classified
TRD	Pbre1_05G075800	Pbre1_02G138400	Prupe.8G060400.1	20.103575166666666	0.4522221666666667	14.2975385	0.5311104140591336	0.9357620182850109	0.5471676371356167	0.13113053149760248	0.7946613730931507	0.12895217247464047	Neofunctionalization(Child)	Neofunctionalization(Child)	Neofunctionalization(Child)	Neofunctionalization(Child)	classified
TRD	Pbre1_09G306000	Pbre1_02G141000	Prupe.3G040200.1	15.877988166666668	0.10402683333333333	37.420135333333334	0.32336675890364086	0.9189888007203557	0.36957343147609345	0.13636812243767102	0.5322170646737007	0.13286971544330764	Neofunctionalization(Child)	Neofunctionalization(Child)	Neofunctionalization(Child)	Neofunctionalization(Child)	classified
TRD	Pbre1_09G204200	Pbre1_02G144200	Prupe.3G202500.1	0.8400065	16.3207255	23.645870166666665	0.9161874128402241	0.5379386671253293	0.9244508325786456	0.9562858962030498	0.5840561668778814	0.5938167891502621	Specialization	Specialization	Neofunctionalization(Parent)	Specialization	classified
TRD	Pbre1_16G291800	Pbre1_02G145400	Prupe.1G139300.1	6.6941115	0.5278728333333333	8.626646333333333	0.19196504312261767	0.5649191721106687	0.5123907192189504	0.18801915532349917	0.33956019326463516	0.19347012224778515	Conservation	Neofunctionalization(Child)	Neofunctionalization(Child)	discordant	classified
TRD	Pbre1_02G126600	Pbre1_02G145800	Prupe.7G208200.1	5.721657333333333	14.953936333333333	54.28134816666667	0.7085780468586556	0.5034578213827963	0.5067435554566423	0.1483321796488076	0.22532068727283144	0.14458890806798394	Conservation	Conservation	Conservation	Conservation	classified
TRD	Pbre1_04G223200	Pbre1_02G155800	Prupe.6G263600.1	0.14251816666666667	0.37757833333333335	0.6857973333333334	0.5815523588419508	0.8684373172850284	0.941569786885941	0.5195354630614735	0.7452435858957213	0.6173997212523482	Specialization	Specialization	Specialization	Specialization	classified
TRD	Pbre1_15G407800	Pbre1_02G163800	Prupe.7G188300.1	NA	NA	NA	NA	NA	NA	NA	NA	NA	NA	NA	NA	NA	missing_expression_record
TRD	Pbre1_04G273000	Pbre1_02G175800	Prupe.6G290200.1	NA	NA	NA	NA	NA	NA	NA	NA	NA	NA	NA	NA	NA	missing_expression_record
TRD	Pbre1_16G103400	Pbre1_02G189600	Prupe.1G290900.1	14.223730666666667	0.0154695	14.215411	0.39874980671106697	0.8827853725222147	0.481049440224791	0.19954737675682482	0.5820635901259644	0.1995559672733586	Neofunctionalization(Child)	Neofunctionalization(Child)	Neofunctionalization(Child)	Neofunctionalization(Child)	classified
TRD	Pbre1_05G291800	Pbre1_02G192000	Prupe.8G199400.1	12.337086833333334	22.436635833333334	24.4233295	0.40922733608637907	0.739625982017312	0.41616539051928514	0.17921403771797578	0.3586699484887154	0.2434128943474734	Conservation	Conservation	Conservation	Conservation	classified
TRD	Pbre1_05G281200	Pbre1_02G195000	Prupe.8G192500.1	64.91207633333333	1.368692	85.46596916666667	0.8088534857681345	0.6980607975746981	0.4968392123007356	0.37257907770884247	0.3021249431801268	0.3675234868043007	Conservation	Neofunctionalization(Child)	Neofunctionalization(Child)	discordant	classified
TRD	Pbre1_15G474800	Pbre1_02G238200	Prupe.7G148400.1	2.138872	2.6554846666666667	2.021511333333333	0.46746505994799337	0.5864116330217428	0.46857186275834123	0.13379493004469967	0.27752417475432745	0.19640029988305538	Conservation	Specialization	Conservation	discordant	classified
TRD	Pbre1_16G029400	Pbre1_02G238800	Prupe.1G336000.1	NA	NA	NA	NA	NA	NA	NA	NA	NA	NA	NA	NA	NA	missing_expression_record
TRD	Pbre1_13G053200	Pbre1_02G256200	Prupe.1G321000.1	34.6859545	0.0	91.5315795	0.4719204325494353	NA	0.6102232551794011	NA	NA	NA	NA	NA	NA	NA	all_zero_expression_profile
TRD	Pbre1_10G594000	Pbre1_02G259400	Prupe.4G000200.1	59.73868433333333	0.0	44.115021	0.10947542784309217	NA	0.25275251953699235	NA	NA	NA	NA	NA	NA	NA	all_zero_expression_profile
TRD	Pbre1_17G016000	Pbre1_02G275400	Prupe.3G308100.1	29.969629	3.630421166666667	53.258093833333334	0.6014258902851538	0.9527114911560906	0.5447844536202601	0.39475957227457925	0.5872657738086551	0.3314981690737309	Subfunctionalization	Neofunctionalization(Child)	Neofunctionalization(Child)	discordant	classified
TRD	Pbre1_02G047200	Pbre1_02G285400	Prupe.7G249000.1	25.457021166666667	0.017193666666666666	14.640231833333333	0.3059346870794494	0.9084954576922535	0.4909109526933535	0.23231682665790593	0.6811731846438268	0.23229103189805803	Neofunctionalization(Child)	Neofunctionalization(Child)	Neofunctionalization(Child)	Neofunctionalization(Child)	classified
TRD	Pbre1_11G316600	Pbre1_02G298400	Prupe.4G243500.1	NA	NA	NA	NA	NA	NA	NA	NA	NA	NA	NA	NA	NA	missing_expression_record
TRD	Pbre1_11G317000	Pbre1_02G298800	Prupe.4G243400.1	14.4595975	0.0	22.616472166666668	0.28586328186429644	NA	0.6184587120562474	NA	NA	NA	NA	NA	NA	NA	all_zero_expression_profile
TRD	Pbre1_09G074800	Pbre1_02G303600	Prupe.3G272600.1	14.917114999999999	0.0	73.7790085	0.3673647878267367	NA	0.4630919509484118	NA	NA	NA	NA	NA	NA	NA	all_zero_expression_profile
TRD	Pbre1_16G374000	Pbre1_02G312400	Prupe.1G045900.1	67.07377116666666	0.0	91.24804449999999	0.40901334650561366	NA	0.45906458898782365	NA	NA	NA	NA	NA	NA	NA	all_zero_expression_profile
TRD	Pbre1_16G021200	Pbre1_02G320600	Prupe.1G340200.1	52.5306195	0.015695	94.14874516666667	0.32147204127778406	0.738732825549215	0.47652217795495266	0.19902220683132266	0.48647106925769545	0.19899141512505228	Neofunctionalization(Child)	Neofunctionalization(Child)	Neofunctionalization(Child)	Neofunctionalization(Child)	classified
TRD	Pbre1_15G670800	Pbre1_02G325000	Prupe.1G521900.1	99.39795333333333	0.0	236.571004	0.44543861317769784	NA	0.43042131594761496	NA	NA	NA	NA	NA	NA	NA	all_zero_expression_profile
TRD	Pbre1_08G058000	Pbre1_02G329600	Prupe.1G381900.1	8.3265215	0.0	9.7018135	0.9995632641683481	NA	0.6416861628359382	NA	NA	NA	NA	NA	NA	NA	all_zero_expression_profile
TRD	Pbre1_08G058000	Pbre1_02G329800	Prupe.1G381900.1	8.3265215	0.0	9.7018135	0.9995632641683481	NA	0.6416861628359382	NA	NA	NA	NA	NA	NA	NA	all_zero_expression_profile
TRD	Pbre1_02G069000	Pbre1_02G332800	Prupe.7G238300.1	17.881056333333333	0.0	18.385000333333334	0.5417473923849249	NA	0.6084117402728622	NA	NA	NA	NA	NA	NA	NA	all_zero_expression_profile
TRD	Pbre1_10G317600	Pbre1_02G335600	Prupe.8G219200.1	14.9937955	0.0	13.887427166666667	0.6008148693237559	NA	0.7623006366123083	NA	NA	NA	NA	NA	NA	NA	all_zero_expression_profile
TRD	Pbre1_02G292800	Pbre1_02G337400	Prupe.6G217700.1	7.8073935	8.499215	21.962823	0.5743241403117121	0.4821934309846879	0.5253800354437121	0.4200603628819218	0.3008939157669153	0.2972441469673799	Neofunctionalization(Parent)	Neofunctionalization(Child)	Conservation	discordant	classified
TRD	Pbre1_12G061600	Pbre1_02G343800	Prupe.7G098700.1	140.86776166666667	0.0	34.356021	0.5881354079696351	NA	0.5257997733566658	NA	NA	NA	NA	NA	NA	NA	all_zero_expression_profile
TRD	Pbre1_02G314400	Pbre1_02G347800	Prupe.2G147700.1	123.16234416666667	0.0	73.8535545	0.9008296537884718	NA	0.9063220695550089	NA	NA	NA	NA	NA	NA	NA	all_zero_expression_profile
TRD	Pbre1_02G199400	Pbre1_02G350800	Prupe.7G168600.1	9.348972333333332	0.10072083333333333	7.8970598333333335	0.42132982888611964	0.7823614984053269	0.5757491131744239	0.23603815438457826	0.4975073900461236	0.23464672547675694	Neofunctionalization(Child)	Neofunctionalization(Child)	Neofunctionalization(Child)	Neofunctionalization(Child)	classified
TRD	Pbre1_07G152600	Pbre1_02G351600	Prupe.2G122600.1	0.030135833333333334	1.7531590000000001	0.09046916666666667	0.7100130074250718	0.5711708146419382	0.8577307951801151	0.45262722201720046	0.6103600827165927	0.6047921718801506	Specialization	Neofunctionalization(Child)	Neofunctionalization(Child)	discordant	classified
TRD	Pbre1_02G102800	Pbre1_02G354800	Prupe.7G221100.1	883.1409398333333	0.6749253333333334	307.9785998333333	0.8411439741116553	0.49638292123742583	0.7209351096840254	0.4878201176492364	0.4755710641567554	0.4877163699515474	Specialization	Neofunctionalization(Child)	Neofunctionalization(Child)	discordant	classified
TRD	Pbre1_02G087800	Pbre1_02G361000	Prupe.7G229100.1	0.9637425000000001	0.0	229.28481200000002	0.7596086598404526	NA	0.7398122769669232	NA	NA	NA	NA	NA	NA	NA	all_zero_expression_profile
TRD	Pbre1_07G430800	Pbre1_02G368800	Prupe.2G289800.1	NA	NA	NA	NA	NA	NA	NA	NA	NA	NA	NA	NA	NA	missing_expression_record
TRD	Pbre1_14G064000	Pbre1_02G370200	Prupe.7G097600.1	17.696341166666667	0.0	52.26197416666667	0.6469332253084843	NA	0.6700690348601417	NA	NA	NA	NA	NA	NA	NA	all_zero_expression_profile
TRD	Pbre1_14G221800	Pbre1_02G373200	Prupe.5G113400.1	10.0918195	0.034783666666666664	21.072986	0.25939862851367734	1.0	0.4789230477762986	0.17776861361666238	0.8355900990876737	0.1759389477611695	Neofunctionalization(Child)	Neofunctionalization(Child)	Neofunctionalization(Child)	Neofunctionalization(Child)	classified
TRD	Pbre1_07G122000	Pbre1_02G376800	Prupe.2G102700.1	23.105352166666666	6.437433666666666	39.52225383333334	0.5136961084469365	0.6902657976175339	0.5273434907599819	0.10431747672556556	0.22837623969969867	0.11569453037731954	Conservation	Neofunctionalization(Child)	Conservation	discordant	classified
TRD	Pbre1_02G375600	Pbre1_02G379200	Prupe.2G104200.1	NA	NA	NA	NA	NA	NA	NA	NA	NA	NA	NA	NA	NA	missing_expression_record
TRD	Pbre1_05G212800	Pbre1_02G381600	Prupe.8G162300.1	28.7310205	0.45833816666666666	28.109062666666667	0.36074036837359635	0.5813208098987627	0.4453049092659877	0.15521047460221282	0.19709607046873487	0.15384756547546807	Conservation	Neofunctionalization(Child)	Neofunctionalization(Child)	discordant	classified
TRD	Pbre1_06G325400	Pbre1_02G383400	Prupe.5G190000.1	25.0105285	0.0	99.8017265	0.8005733059992057	NA	0.6846928973610042	NA	NA	NA	NA	NA	NA	NA	all_zero_expression_profile
TRD	Pbre1_05G284000	Pbre1_02G397800	Prupe.8G193800.1	NA	NA	NA	NA	NA	NA	NA	NA	NA	NA	NA	NA	NA	missing_expression_record
TRD	Pbre1_06G156200	Pbre1_02G399400	Prupe.5G101600.1	78.06940733333333	0.0595685	421.4512053333333	0.3938901219082226	0.920948153700212	0.9002772752042152	0.5905642096573289	0.9567547590918817	0.590713468144488	Specialization	Neofunctionalization(Child)	Neofunctionalization(Child)	discordant	classified
TRD	Pbre1_15G001000	Pbre1_02G403200	Prupe.1G353700.1	4.960086	0.4695425	3.2121701666666667	0.603871642329187	0.6855155701001483	0.8484916326034826	0.2675837732424409	0.22144187878570185	0.26136830944589834	Conservation	Specialization	Specialization	discordant	classified
TRD	Pbre1_13G109200	Pbre1_02G407200	Prupe.1G285900.1	8.583779166666666	4.209233666666667	5.573060333333333	0.36598511757501145	0.4862577482758333	0.644626665869441	0.2341453693287244	0.35804321364762204	0.26888612535334716	Conservation	Specialization	Specialization	discordant	classified
TRD	Pbre1_11G483800	Pbre1_02G413400	Prupe.8G244900.1	6.0367975	0.006328	24.212396666666667	0.32216392324602294	1.0	0.6226781418593654	0.22791327153813035	1.013544191401168	0.22830097064725435	Neofunctionalization(Child)	Neofunctionalization(Child)	Neofunctionalization(Child)	Neofunctionalization(Child)	classified
TRD	Pbre1_15G497000	Pbre1_02G413800	Prupe.7G134900.1	0.5102285	0.012025166666666668	3.945365333333333	0.8526145220397374	1.0	0.524957382434548	0.40534447692957726	0.9846580451410583	0.39262742177171406	Specialization	Specialization	Specialization	Specialization	classified
TRD	Pbre1_02G412400	Pbre1_02G417400	Prupe.2G065900.1	0.11237749999999999	0.0	49.09691133333333	0.7935910263519541	NA	0.6733519892756564	NA	NA	NA	NA	NA	NA	NA	all_zero_expression_profile
TRD	Pbre1_03G263800	Pbre1_02G417600	Prupe.4G263600.1	0.24686950000000002	19.430853	2.4584576666666664	0.9025835896776888	0.3640309150139709	0.9084439263244427	0.03675627839549699	0.6293760217882945	0.6215263907108162	Neofunctionalization(Child)	Specialization	Specialization	discordant	classified
TRD	Pbre1_05G060000	Pbre1_02G420600	Prupe.8G047100.1	11.948366666666667	3.177388	13.113808666666667	0.9998633329166738	0.9208207208263296	0.9999327708973047	0.00042480014406049793	1.189462030241863	0.25009058569219217	Neofunctionalization(Child)	Neofunctionalization(Child)	Neofunctionalization(Child)	Neofunctionalization(Child)	classified
TRD	Pbre1_14G409200	Pbre1_02G429600	Prupe.5G219000.1	NA	NA	NA	NA	NA	NA	NA	NA	NA	NA	NA	NA	NA	missing_expression_record
TRD	Pbre1_11G157400	Pbre1_02G433800	Prupe.6G079900.1	17.487139666666668	1.8201296666666666	43.24028633333333	0.35937741130658074	0.6802052757309806	0.5248578327572495	0.1059993636927225	0.20597857777772197	0.09678672676725851	Conservation	Neofunctionalization(Child)	Neofunctionalization(Child)	discordant	classified
TRD	Pbre1_10G352400	Pbre1_02G436000	Prupe.4G141500.1	NA	NA	NA	NA	NA	NA	NA	NA	NA	NA	NA	NA	NA	missing_expression_record
TRD	Pbre1_04G232800	Pbre1_02G445400	Prupe.6G268000.1	0.15361766666666665	12.242660500000001	0.5464698333333333	0.9581738135717733	0.4376373866732813	0.694320000987048	0.6821271380564264	0.3549401009624613	0.34775628378477463	Neofunctionalization(Parent)	Specialization	Specialization	discordant	classified
TRD	Pbre1_07G058800	Pbre1_02G446000	Prupe.2G042500.1	0.0593305	4.056842333333333	7.351198	0.8964596638727116	0.9136868688650892	0.825033862595521	0.16727292261579774	0.8383092257798267	0.8245865326444863	Neofunctionalization(Child)	Specialization	Specialization	discordant	classified
TRD	Pbre1_02G387400	Pbre1_02G452800	Prupe.2G095400.1	7.0213555	0.30685066666666666	23.430165	0.24922529755060277	0.9064107593342072	0.39715522655662516	0.1194993546188642	0.6279645038314545	0.11527897634081756	Neofunctionalization(Child)	Neofunctionalization(Child)	Neofunctionalization(Child)	Neofunctionalization(Child)	classified
TRD	Pbre1_12G196000	Pbre1_02G460800	Prupe.6G232600.1	25.7226045	0.0	42.04724233333334	0.44226671479756235	NA	0.3455180370770932	NA	NA	NA	NA	NA	NA	NA	all_zero_expression_profile
TRD	Pbre1_07G040600	Pbre1_02G467000	Prupe.2G030100.1	14.312178833333332	4.767942166666667	12.693114666666666	0.2708176917468202	0.5019682158420098	0.5594908133370506	0.1827389752376431	0.051378197593607594	0.14821578888738882	Conservation	Conservation	Conservation	Conservation	classified
TRD	Pbre1_07G040600	Pbre1_02G467200	Prupe.2G030100.1	14.312178833333332	2.6852134999999997	12.693114666666666	0.2708176917468202	0.5926526997946832	0.5594908133370506	0.1827389752376431	0.09092195184037571	0.15480329415412666	Conservation	Conservation	Conservation	Conservation	classified
TRD	Pbre1_12G084200	Pbre1_02G467800	Prupe.7G086900.1	5.2495598333333335	3.783564333333333	3.5992911666666667	0.36840533368817685	0.6802621928597193	0.6708342348483605	0.30483588672109907	0.4070955717375288	0.33122554883431027	Neofunctionalization(Child)	Conservation	Conservation	discordant	classified
TRD	Pbre1_05G153800	Pbre1_02G470000	Prupe.8G126500.1	2.4322783333333335	0.8280323333333334	2.637305	0.3522238216899441	0.5539539840224286	0.7549635985337041	0.37939983725581927	0.3787270049707058	0.3670610321468606	Conservation	Specialization	Neofunctionalization(Child)	discordant	classified
TRD	Pbre1_05G153800	Pbre1_02G470200	Prupe.8G126500.1	2.4322783333333335	0.932744	2.637305	0.3522238216899441	0.6930622038824267	0.7549635985337041	0.37939983725581927	0.24216995437043784	0.32732653563339875	Conservation	Specialization	Neofunctionalization(Child)	discordant	classified
TRD	Pbre1_05G153800	Pbre1_02G470400	Prupe.8G126500.1	2.4322783333333335	0.9892238333333334	2.637305	0.3522238216899441	0.6275636985445913	0.7549635985337041	0.37939983725581927	0.31715314889587154	0.34821749042014694	Conservation	Specialization	Neofunctionalization(Child)	discordant	classified
TRD	Pbre1_07G034800	Pbre1_02G473000	Prupe.2G027000.1	4.49604	1.0797596666666667	5.341498166666667	0.26366409664833185	0.7498411412399426	0.42742626840781267	0.22838551185517267	0.4487668104387306	0.24969391685188252	Neofunctionalization(Child)	Neofunctionalization(Child)	Neofunctionalization(Child)	Neofunctionalization(Child)	classified
TRD	Pbre1_17G446600	Pbre1_02G474000	Prupe.3G148900.1	NA	NA	NA	NA	NA	NA	NA	NA	NA	NA	NA	NA	NA	missing_expression_record
TRD	Pbre1_01G108000	Pbre1_02G475600	Prupe.6G208400.1	0.005444833333333333	0.0	2.8844925	1.0	NA	0.7176814370549925	NA	NA	NA	NA	NA	NA	NA	all_zero_expression_profile
TRD	Pbre1_15G547800	Pbre1_02G475800	Prupe.6G208400.1	0.3605973333333333	0.0	2.8844925	0.9327476697390947	NA	0.7176814370549925	NA	NA	NA	NA	NA	NA	NA	all_zero_expression_profile
TRD	Pbre1_02G506000	Pbre1_02G484000	Prupe.2G007500.1	116.86752116666666	42.31502866666666	256.38489833333335	0.4948323668289801	0.478344303691976	0.604606501921663	0.24222253487886505	0.2972658604288074	0.2463996269076039	Conservation	Conservation	Conservation	Conservation	classified
TRD	Pbre1_07G025200	Pbre1_02G484400	Prupe.2G020100.1	31.541668166666668	17.758898333333335	16.68642	0.8639619126548359	0.33979962772390476	0.7878109634929411	0.7477956095363117	0.41621853683748605	0.5923269769139772	Specialization	Neofunctionalization(Parent)	Neofunctionalization(Parent)	discordant	classified
TRD	Pbre1_15G539000	Pbre1_02G484800	Prupe.6G213300.1	23.109962	0.015570666666666667	77.58064683333333	0.4334864907161661	0.8279262415866822	0.3923367769318121	0.1749099222834587	0.5029422888036049	0.17461495463765717	Neofunctionalization(Child)	Neofunctionalization(Child)	Neofunctionalization(Child)	Neofunctionalization(Child)	classified
TRD	Pbre1_02G458800	Pbre1_02G485000	Prupe.2G035500.1	7.612586833333333	8.905369499999999	12.900347833333333	0.3198911201639846	0.3524823401493047	0.7022440887371968	0.27353503451486655	0.27304757174482147	0.26066673306875826	Conservation	Conservation	Conservation	Conservation	classified
TRD	Pbre1_15G539000	Pbre1_02G487600	Prupe.6G213300.1	23.109962	0.6124235	77.58064683333333	0.4334864907161661	0.9924526937780842	0.3923367769318121	0.1749099222834587	1.0242954000852489	0.17908720777032036	Neofunctionalization(Child)	Neofunctionalization(Child)	Neofunctionalization(Child)	Neofunctionalization(Child)	classified
TRD	Pbre1_15G539000	Pbre1_02G487800	Prupe.6G213300.1	23.109962	0.3455445	77.58064683333333	0.4334864907161661	0.6277169592580325	0.3923367769318121	0.1749099222834587	0.3806992610349302	0.17431717517219786	Conservation	Neofunctionalization(Child)	Neofunctionalization(Child)	discordant	classified
TRD	Pbre1_16G102400	Pbre1_03G000400	Prupe.1G299800.1	7.398081666666667	0.10114816666666666	10.802447333333333	0.3807353109186652	0.7860083427413717	0.5916754535414089	0.21301009834117388	0.263966836029391	0.20742491646889408	Conservation	Neofunctionalization(Child)	Neofunctionalization(Child)	discordant	classified
TRD	Pbre1_11G001000	Pbre1_03G000800	Prupe.6G000600.1	69.03005633333333	54.503897333333335	70.413543	0.432175185230309	0.4746385845737217	0.4248284427960213	0.07765312547108195	0.11158483531273482	0.08798046629717417	Conservation	Conservation	Conservation	Conservation	classified
TRD	Pbre1_05G592800	Pbre1_03G001800	Prupe.4G008500.1	120.61735016666667	0.0	45.445713166666664	0.5434688507127658	NA	0.38021765184942924	NA	NA	NA	NA	NA	NA	NA	all_zero_expression_profile
TRD	Pbre1_17G031400	Pbre1_03G004200	Prupe.3G299300.1	21.348497666666667	0.6565508333333333	43.47916416666666	0.3785946978628557	0.6772840513652392	0.6220361953467481	0.1299018618963056	0.30267941415602545	0.13112681249755836	Conservation	Neofunctionalization(Child)	Neofunctionalization(Child)	discordant	classified
TRD	Pbre1_14G068200	Pbre1_03G009800	Prupe.7G095200.1	16.18583466666667	0.05308416666666666	63.43313133333333	0.41270818512247603	1.0	0.7164698681540875	0.4176067270163921	1.0566043386028245	0.41775988025640703	Specialization	Neofunctionalization(Child)	Neofunctionalization(Child)	discordant	classified
TRD	Pbre1_12G353800	Pbre1_03G016000	Prupe.6G318700.1	68.13599783333333	0.0	204.69646666666668	0.4001689772606739	NA	0.6304894709158411	NA	NA	NA	NA	NA	NA	NA	all_zero_expression_profile
TRD	Pbre1_11G021400	Pbre1_03G020200	Prupe.6G012300.1	2.0662653333333334	6.932673333333334	7.8256565	0.2912814979762426	0.42937459091364677	0.5887797180929262	0.31737727816296757	0.20565475156797164	0.22324464450661877	Conservation	Neofunctionalization(Parent)	Conservation	discordant	classified
TRD	Pbre1_08G216000	Pbre1_03G026000	Prupe.1G460700.1	193.98435633333335	7.722603833333333	293.5302668333333	0.9192103030086507	0.5521045970311869	0.7050897761476906	0.642928645969147	0.4400814657485549	0.6226041895027024	Specialization	Conservation	Conservation	discordant	classified
TRD	Pbre1_09G046200	Pbre1_03G041200	Prupe.3G291100.1	12.225825833333333	3.4759801666666665	77.60770116666666	0.4458565650279865	0.6940555923417492	0.6922987260562969	0.3488083724651398	0.2678943154188085	0.28363019213828533	Conservation	Neofunctionalization(Child)	Neofunctionalization(Child)	discordant	classified
TRD	Pbre1_11G051400	Pbre1_03G045800	Prupe.6G026900.1	9.8669715	0.6837766666666667	13.116908666666667	0.36428659454061674	0.6160463216267227	0.3620722794615195	0.13057145533109019	0.24569619390321215	0.12802034557217695	Conservation	Neofunctionalization(Child)	Neofunctionalization(Child)	discordant	classified
TRD	Pbre1_13G414400	Pbre1_03G050200	Prupe.1G079600.1	2.1042035	5.572178166666666	3.8874983333333333	0.30931520060163387	0.6390731009573218	0.721925294262025	0.307537456836554	0.36707028731073504	0.3400927414401898	Conservation	Neofunctionalization(Parent)	Conservation	discordant	classified
TRD	Pbre1_16G372600	Pbre1_03G059000	Prupe.1G045300.1	49.1096285	3.7061908333333333	207.82926433333333	0.27320907606492906	0.5033471512200195	0.6666356219994204	0.25925534187394117	0.41828502865423717	0.26666978857031814	Neofunctionalization(Child)	Conservation	Conservation	discordant	classified
TRD	Pbre1_08G102000	Pbre1_03G068400	Prupe.1G412500.1	2.3352851666666665	0.024384166666666665	13.333779166666666	0.9291890792837935	1.0	0.460721399052757	0.7214132479017401	0.8468715564797926	0.7122987277100474	Specialization	Specialization	Specialization	Specialization	classified
TRD	Pbre1_03G125400	Pbre1_03G070600	Prupe.6G068500.1	51.695289333333335	10.616230333333332	119.5646055	0.20946134920144993	0.7283834014046459	0.4792562960167725	0.16466888622037065	0.2890606802252808	0.15265373523240452	Conservation	Conservation	Conservation	Conservation	classified
TRD	Pbre1_11G135200	Pbre1_03G070800	Prupe.6G068500.1	27.793187833333334	0.40209833333333334	119.5646055	0.17834531018771388	0.702540813328316	0.4792562960167725	0.12780930490441758	0.35831049106799306	0.12604977589486555	Conservation	Neofunctionalization(Child)	Neofunctionalization(Child)	discordant	classified
TRD	Pbre1_01G389000	Pbre1_03G080400	Prupe.2G305900.1	13.940408833333333	0.11328166666666667	31.321819833333333	0.3575004585565134	0.9231794309964588	0.5743856293356678	0.1476408257686035	0.5363137944018956	0.14527424138768794	Neofunctionalization(Child)	Neofunctionalization(Child)	Neofunctionalization(Child)	Neofunctionalization(Child)	classified
TRD	Pbre1_11G081200	Pbre1_03G081400	Prupe.6G048900.1	10.959547500000001	13.947017333333333	65.14216983333333	0.40389616663083083	0.5876705202891603	0.6291865547709599	0.17816108763938862	0.27583442849378104	0.22853985618432096	Conservation	Conservation	Conservation	Conservation	classified
TRD	Pbre1_14G026600	Pbre1_03G095400	Prupe.7G117200.1	0.6259454999999999	0.014697499999999999	8.239688833333332	0.7757001669781032	0.880170459697162	0.890219861034174	0.8376439541563854	0.9394248249115317	0.8325014223394375	Specialization	Specialization	Specialization	Specialization	classified
TRD	Pbre1_11G109200	Pbre1_03G106000	Prupe.6G057800.1	0.20385	0.6365906666666667	0.43680250000000004	1.0	0.9758911005823421	0.84225180234689	0.5259710159070725	0.42223998144655267	0.44641004652022886	Specialization	Conservation	Specialization	discordant	classified
TRD	Pbre1_05G283600	Pbre1_03G112200	Prupe.8G193700.1	4.053058833333333	0.008178833333333333	14.399571833333335	0.545756119188602	1.0	0.9621538037417622	0.8711652955877339	1.2766543649415747	0.8713091807040944	Specialization	Specialization	Neofunctionalization(Child)	Specialization	classified
TRD	Pbre1_09G044400	Pbre1_03G121800	Prupe.3G291600.1	28.199368833333335	0.37722883333333335	67.99561833333333	0.47255289453145954	0.9472648976636184	0.5182521947970568	0.3206102990937375	0.8038119798851492	0.3230811280283775	Neofunctionalization(Child)	Neofunctionalization(Child)	Neofunctionalization(Child)	Neofunctionalization(Child)	classified
TRD	Pbre1_15G221800	Pbre1_03G125000	Prupe.1G481900.1	4.965901166666667	0.09523333333333334	3.8350874999999998	0.28910222536363944	0.5616926204785629	0.294093613308843	0.13009630383621396	0.339022973821516	0.1314771557486622	Conservation	Neofunctionalization(Child)	Neofunctionalization(Child)	discordant	classified
TRD	Pbre1_09G491800	Pbre1_03G143600	Prupe.3G001400.1	33.15944533333333	16.149459166666666	20.8666205	0.5135598081026691	0.6535700734273592	0.7096658200681065	0.2044922924863409	0.20585568569762663	0.1575704489640208	Conservation	Conservation	Conservation	Conservation	classified
TRD	Pbre1_13G158000	Pbre1_03G148800	Prupe.1G254100.1	26.58039983333333	0.0	28.2068455	0.5016095559990862	NA	0.26246808033994895	NA	NA	NA	NA	NA	NA	NA	all_zero_expression_profile
TRD	Pbre1_14G004400	Pbre1_03G150000	Prupe.7G003500.1	1.2023773333333334	1.4840716666666667	3.5553763333333332	0.7469233964931495	0.526855970462923	0.8285125854816039	0.25979314252906366	0.4393219299667898	0.32076202299062667	Neofunctionalization(Child)	Specialization	Specialization	discordant	classified
TRD	Pbre1_07G507800	Pbre1_03G154400	Prupe.2G327500.1	0.9854296666666666	8.806588833333334	30.174757333333336	0.9116912589356245	0.9145222990364286	0.904059426848811	0.1227145778225681	0.6789885607283759	0.6029389736172203	Neofunctionalization(Child)	Specialization	Specialization	discordant	classified
TRD	Pbre1_13G388600	Pbre1_03G162400	Prupe.1G056300.1	5.25837	1.6600388333333334	26.243002666666666	0.6460810153975236	0.47720037808212223	0.6205080963355416	0.2839006638412028	0.37481900468789064	0.2561515222640483	Conservation	Neofunctionalization(Child)	Conservation	discordant	classified
TRD	Pbre1_12G177400	Pbre1_03G163000	Prupe.7G122600.1	32.0474135	0.0	66.443973	0.6136043874836792	NA	0.7078962711959937	NA	NA	NA	NA	NA	NA	NA	all_zero_expression_profile
TRD	Pbre1_11G070400	Pbre1_03G169800	Prupe.6G038100.1	8.498000666666668	0.0	8.880019166666667	0.7084514757348307	NA	0.7521158487516644	NA	NA	NA	NA	NA	NA	NA	all_zero_expression_profile
TRD	Pbre1_14G437000	Pbre1_03G176400	Prupe.5G235400.1	37.10249016666667	1.2357225	45.4901695	0.2819240524600238	0.9157741115802631	0.43385202420950086	0.13261983512216166	0.6445165582612595	0.13759629681951657	Neofunctionalization(Child)	Neofunctionalization(Child)	Neofunctionalization(Child)	Neofunctionalization(Child)	classified
TRD	Pbre1_13G029600	Pbre1_03G186200	Prupe.1G335600.1	0.0	7.218051833333333	0.20192716666666666	NA	0.743220108464933	0.8813265489972764	NA	NA	NA	NA	NA	NA	NA	all_zero_expression_profile
TRD	Pbre1_02G087600	Pbre1_03G187200	Prupe.7G229200.1	8.9541955	1.2369568333333334	22.419708333333332	0.28205797752693795	0.7719892295767955	0.524557979407889	0.2682985086176913	0.4548147396702899	0.26090275008959796	Neofunctionalization(Child)	Neofunctionalization(Child)	Neofunctionalization(Child)	Neofunctionalization(Child)	classified
TRD	Pbre1_13G032400	Pbre1_03G190600	Prupe.1G334200.1	18.570042833333332	0.0	32.439778833333335	0.3755802048103548	NA	0.42180547199145285	NA	NA	NA	NA	NA	NA	NA	all_zero_expression_profile
TRD	Pbre1_11G226400	Pbre1_03G192600	Prupe.6G115400.1	24.402373166666667	0.041085333333333335	68.34882	0.38769806810777796	0.9896000034140325	0.6621238373498146	0.16103954510714308	0.6446619453901637	0.1599365905323314	Neofunctionalization(Child)	Neofunctionalization(Child)	Neofunctionalization(Child)	Neofunctionalization(Child)	classified
TRD	Pbre1_15G302000	Pbre1_03G197800	Prupe.7G247300.1	27.087850666666665	13.175593166666667	61.637288999999996	0.34117430033627055	0.2899969322593363	0.6736084432341821	0.3353225111868117	0.24191058455351042	0.29735685381036325	Conservation	Conservation	Conservation	Conservation	classified
TRD	Pbre1_11G222000	Pbre1_03G201200	Prupe.6G113300.1	0.06649433333333334	3.9347675	3.7835241666666666	0.8559362522314305	0.7478139794836003	0.9934886150876066	0.44407449000436255	0.7438118563518225	0.7383221459442904	Specialization	Specialization	Specialization	Specialization	classified
TRD	Pbre1_04G355400	Pbre1_03G201600	Prupe.6G333700.1	7.531196666666666	0.0166325	21.48458816666667	0.33591182576264034	0.9166323560729751	0.341048840715212	0.10756946096029207	0.7512809433400542	0.10824458582777481	Neofunctionalization(Child)	Neofunctionalization(Child)	Neofunctionalization(Child)	Neofunctionalization(Child)	classified
TRD	Pbre1_11G119400	Pbre1_03G208800	Prupe.6G061700.1	NA	NA	NA	NA	NA	NA	NA	NA	NA	NA	NA	NA	NA	missing_expression_record
TRD	Pbre1_02G255800	Pbre1_03G209200	Prupe.7G137400.1	7.511036	0.009347833333333333	12.596848333333332	0.641599382746376	1.0	0.8881898900309706	0.36638492635875514	1.0751317461473422	0.3671716519942997	Neofunctionalization(Child)	Neofunctionalization(Child)	Neofunctionalization(Child)	Neofunctionalization(Child)	classified
TRD	Pbre1_09G405800	Pbre1_03G209400	Prupe.3G121600.1	3.2960558333333334	1.2083991666666667	10.668675	0.5410300163473502	0.7096964916130546	0.798517327631011	0.4541559091534149	0.12205526698605201	0.35414662637806055	Neofunctionalization(Parent)	Specialization	Neofunctionalization(Child)	discordant	classified
TRD	Pbre1_01G027000	Pbre1_03G216600	Prupe.4G277800.1	21.058388166666667	0.0	72.36117250000001	0.18384695641040513	NA	0.33047003065195685	NA	NA	NA	NA	NA	NA	NA	all_zero_expression_profile
TRD	Pbre1_11G250000	Pbre1_03G227600	Prupe.6G130400.1	45.820617666666664	0.0610985	7.957808333333333	0.5386935525054054	0.8213900263876768	0.5470909100854102	0.23835145464661978	0.6460892885124346	0.23876440455461254	Neofunctionalization(Child)	Neofunctionalization(Child)	Neofunctionalization(Child)	Neofunctionalization(Child)	classified
TRD	Pbre1_15G014000	Pbre1_03G227800	Prupe.1G361400.1	38.526227166666665	0.0	373.89922516666667	0.2411902458950333	NA	0.3153847493623572	NA	NA	NA	NA	NA	NA	NA	all_zero_expression_profile
TRD	Pbre1_10G105200	Pbre1_03G229000	Prupe.8G087700.1	5.196761166666667	0.0	6.903365	0.5434059030694796	NA	0.8756847223658244	NA	NA	NA	NA	NA	NA	NA	all_zero_expression_profile
TRD	Pbre1_05G106200	Pbre1_03G229200	Prupe.8G091100.1	21.494950666666668	19.70305	38.01059933333333	0.08621995207202689	0.4243891968891275	0.32491425304037236	0.11490618807747421	0.17935727997338763	0.13792766067953785	Conservation	Conservation	Conservation	Conservation	classified
TRD	Pbre1_05G573000	Pbre1_03G234600	Prupe.4G019600.1	4.5660165	0.0	7.7434970000000005	0.6121348776074003	NA	0.9190320101407586	NA	NA	NA	NA	NA	NA	NA	all_zero_expression_profile
TRD	Pbre1_02G044800	Pbre1_03G239000	Prupe.7G250100.1	17.286922666666666	0.0	20.59233	0.5549382332342008	NA	0.6084073075695473	NA	NA	NA	NA	NA	NA	NA	all_zero_expression_profile
TRD	Pbre1_10G572400	Pbre1_03G240600	Prupe.4G012000.1	1.1583663333333334	6.910358666666666	4.789170833333333	0.647308269146048	0.5625992793103023	0.5279827303288368	0.3086594751280959	0.3186118020134578	0.31208880665873984	Conservation	Neofunctionalization(Parent)	Neofunctionalization(Parent)	discordant	classified
TRD	Pbre1_11G264600	Pbre1_03G244000	Prupe.6G143700.1	1.8314186666666665	1.8599756666666667	2.2567425	0.652895627078214	0.19056363647875765	0.2895563383643628	0.23556504965304795	0.09222561286576365	0.1455537175564041	Conservation	Neofunctionalization(Parent)	Conservation	discordant	classified
TRD	Pbre1_10G514400	Pbre1_03G246600	Prupe.4G043800.1	5.213957166666667	14.790999000000001	15.660635666666668	0.7139623479304039	0.40206670007498213	0.5771778692493161	0.18142037395589422	0.314204081062572	0.2121435475201552	Conservation	Neofunctionalization(Parent)	Neofunctionalization(Parent)	discordant	classified
TRD	Pbre1_07G250400	Pbre1_03G251800	Prupe.2G185400.1	2.579976	23.15166633333333	23.727829666666665	0.6366989670171077	0.46029206083188623	0.8272964433713001	0.4879518096207717	0.3444537874455362	0.348425598398717	Neofunctionalization(Parent)	Conservation	Conservation	discordant	classified
TRD	Pbre1_11G275400	Pbre1_03G252400	Prupe.6G151400.1	7.0161565	0.3213668333333333	4.1328375	0.29644180383076424	0.6656295380726979	0.8013364708273107	0.3920742698433463	0.24875701207487705	0.38179466158580233	Conservation	Neofunctionalization(Child)	Neofunctionalization(Child)	discordant	classified
TRD	Pbre1_07G151000	Pbre1_03G253200	Prupe.2G121700.1	0.0018203333333333333	0.002764833333333333	0.0	1.0	1.0	NA	NA	NA	NA	NA	NA	NA	NA	all_zero_expression_profile
TRD	Pbre1_03G215400	Pbre1_03G264400	Prupe.6G122400.1	86.6408595	33.453502	318.734108	0.5120393871541861	0.3179065538944535	0.6458197852456042	0.1447930788865807	0.256068592882209	0.1736240893849409	Conservation	Conservation	Conservation	Conservation	classified
TRD	Pbre1_16G429000	Pbre1_03G277800	Prupe.1G082400.1	62.008316666666666	0.009845833333333333	113.93624316666667	0.2925194090039905	0.8387512994557573	0.6089013440121277	0.26455394477203453	0.49741456014734703	0.2644820993352021	Neofunctionalization(Child)	Neofunctionalization(Child)	Neofunctionalization(Child)	Neofunctionalization(Child)	classified
TRD	Pbre1_01G152400	Pbre1_03G279000	Prupe.2G174400.1	92.9299285	0.0	251.791227	0.6432117837399471	NA	0.5054485058875956	NA	NA	NA	NA	NA	NA	NA	all_zero_expression_profile
TRD	Pbre1_11G314200	Pbre1_03G291000	Prupe.4G245700.1	27.196288166666665	0.10365283333333333	15.540706333333333	0.3894014025070984	0.8678991282523663	0.3816323428351762	0.26763016117284644	0.5627349904976676	0.2678689720510831	Neofunctionalization(Child)	Neofunctionalization(Child)	Neofunctionalization(Child)	Neofunctionalization(Child)	classified
TRD	Pbre1_17G390800	Pbre1_03G291600	Prupe.3G093900.1	8.565503666666666	11.837918333333333	48.463342499999996	0.16968679638747997	0.381029732960558	0.6346244272591276	0.2543395853826674	0.2805171027751803	0.2661376866320738	Conservation	Conservation	Conservation	Conservation	classified
TRD	Pbre1_12G007200	Pbre1_03G295000	Prupe.7G004100.1	15.990654666666666	3.6187458333333336	2.6164566666666667	0.49298342038833987	0.4353457834620026	0.7874081038763755	0.31122475929178084	0.40697405724111796	0.3179368971899163	Neofunctionalization(Child)	Specialization	Specialization	discordant	classified
TRD	Pbre1_11G317400	Pbre1_03G296200	Prupe.4G243300.1	29.422068	30.253542	7.627530166666667	0.6912094085403744	0.422363975788406	0.8189148630109895	0.25220513034515857	0.4091154297044241	0.32655835869435434	Neofunctionalization(Child)	Conservation	Conservation	discordant	classified
TRD	Pbre1_08G398800	Pbre1_03G296400	Prupe.1G577500.1	40.417676666666665	20.226926	87.8456695	0.1445212675934931	0.33127997304253726	0.5071940801199419	0.15310601519762426	0.21212446819235375	0.16717068673296337	Conservation	Conservation	Conservation	Conservation	classified
TRD	Pbre1_06G287000	Pbre1_03G298200	Prupe.5G170200.1	9.491186	21.772831833333335	22.541647833333332	0.3796158722331432	0.2993077078497548	0.6463824223140857	0.2659164880574458	0.30484574816280374	0.29032047327686694	Conservation	Conservation	Conservation	Conservation	classified
TRD	Pbre1_06G386200	Pbre1_03G302200	Prupe.5G226800.1	11.900427	0.7056635	8.848783	0.3345029124932021	0.6862973385981823	0.562929339386857	0.1754633641665775	0.330415149243468	0.17209442935308203	Conservation	Neofunctionalization(Child)	Neofunctionalization(Child)	discordant	classified
TRD	Pbre1_10G514200	Pbre1_03G302400	Prupe.4G043900.1	11.605782166666666	0.0	23.342685666666664	0.2872997598146673	NA	0.5785958303049246	NA	NA	NA	NA	NA	NA	NA	all_zero_expression_profile
TRD	Pbre1_03G288600	Pbre1_03G302800	Prupe.4G247500.1	NA	NA	NA	NA	NA	NA	NA	NA	NA	NA	NA	NA	NA	missing_expression_record
TRD	Pbre1_08G245600	Pbre1_03G304000	Prupe.1G479300.1	12.263004833333333	0.026189666666666667	86.58958200000001	0.5354432476542768	0.7223260833219339	0.33106751440147486	0.136189476242057	0.5100906603653782	0.13582802651514447	Neofunctionalization(Child)	Neofunctionalization(Child)	Neofunctionalization(Child)	Neofunctionalization(Child)	classified
TRD	Pbre1_11G433800	Pbre1_03G306400	Prupe.4G164300.1	0.0	0.005445833333333334	0.0	NA	1.0	NA	NA	NA	NA	NA	NA	NA	NA	all_zero_expression_profile
TRD	Pbre1_03G405600	Pbre1_03G307200	Prupe.4G162000.1	1.4079465	1.3524121666666666	1.7541201666666668	0.9874896105438138	0.9951093218940603	0.9594216686475379	0.17221013239506905	0.20559225033333386	0.18827349593697676	Conservation	Specialization	Specialization	discordant	classified
TRD	Pbre1_02G014400	Pbre1_03G310200	Prupe.7G265400.1	6.510655166666667	0.0	8.597400166666667	0.9329956152052923	NA	0.7445199220875878	NA	NA	NA	NA	NA	NA	NA	all_zero_expression_profile
TRD	Pbre1_01G092400	Pbre1_03G319800	Prupe.6G192700.1	322.5795755	0.10023466666666667	938.3929011666667	0.4185261924344113	0.797046566164154	0.34422398815228855	0.0989662230614523	0.5601032824042597	0.09902403842250482	Neofunctionalization(Child)	Neofunctionalization(Child)	Neofunctionalization(Child)	Neofunctionalization(Child)	classified
TRD	Pbre1_12G045800	Pbre1_03G320400	Prupe.7G109900.1	24.177918333333334	0.6134631666666667	26.763828333333333	0.5766090879982921	0.45350827558373225	0.7041282229428907	0.14422046513430833	0.2850896566975524	0.14554606268754572	Conservation	Neofunctionalization(Child)	Neofunctionalization(Child)	discordant	classified
TRD	Pbre1_11G344600	Pbre1_03G322200	Prupe.4G220400.1	0.18694633333333333	0.0	1.3949209999999999	0.7465741768181149	NA	0.9623048027089132	NA	NA	NA	NA	NA	NA	NA	all_zero_expression_profile
TRD	Pbre1_08G297200	Pbre1_03G331000	Prupe.1G511000.1	375.57896600000004	1.4109143333333334	114.70979966666667	0.5926307690593509	0.5401893582901247	0.6622743578818534	0.20306034976701107	0.3827268918133598	0.2032345411155077	Conservation	Neofunctionalization(Child)	Conservation	discordant	classified
TRD	Pbre1_03G318600	Pbre1_03G334600	Prupe.4G222700.1	12.342373166666667	8.048643166666666	36.73383116666667	0.6202436888271736	0.5166604476529555	0.26489362747008294	0.2115899856478594	0.33136583620753024	0.18355187838822173	Conservation	Neofunctionalization(Child)	Conservation	discordant	classified
TRD	Pbre1_11G361400	Pbre1_03G335400	Prupe.4G211300.1	2.719451	0.26630149999999997	2.907554166666667	0.17631908653167497	0.6707927465430157	0.6474710592822895	0.36581274781526407	0.4158925269845362	0.35881285774580723	Neofunctionalization(Child)	Specialization	Specialization	discordant	classified
TRD	Pbre1_11G361400	Pbre1_03G335600	Prupe.4G211300.1	2.719451	0.287799	2.907554166666667	0.17631908653167497	0.7097420231303313	0.6474710592822895	0.36581274781526407	0.5154806331589747	0.3691445969241553	Neofunctionalization(Child)	Specialization	Specialization	discordant	classified
TRD	Pbre1_11G362200	Pbre1_03G336800	Prupe.4G210400.1	23.322211666666664	21.993120166666667	33.5198335	0.4819378307034423	0.2758886140859513	0.53149947602787	0.07094765376429232	0.2167879372889411	0.11484356348087742	Conservation	Conservation	Conservation	Conservation	classified
TRD	Pbre1_10G259200	Pbre1_03G339400	Prupe.8G185500.1	15.502066333333334	0.017842833333333332	15.887087666666666	0.6734386898681681	1.0	0.585284928878216	0.28477562698627645	0.9616265931001033	0.284399163913689	Neofunctionalization(Child)	Neofunctionalization(Child)	Neofunctionalization(Child)	Neofunctionalization(Child)	classified
TRD	Pbre1_03G288600	Pbre1_03G340400	Prupe.4G247500.1	NA	NA	NA	NA	NA	NA	NA	NA	NA	NA	NA	NA	NA	missing_expression_record
TRD	Pbre1_03G288600	Pbre1_03G340600	Prupe.4G247500.1	NA	NA	NA	NA	NA	NA	NA	NA	NA	NA	NA	NA	NA	missing_expression_record
TRD	Pbre1_11G368000	Pbre1_03G341800	Prupe.4G205900.1	0.0	0.0	0.04511166666666667	NA	NA	0.9079331851436218	NA	NA	NA	NA	NA	NA	NA	all_zero_expression_profile
TRD	Pbre1_14G354600	Pbre1_03G344600	Prupe.5G185400.1	0.010966833333333334	13.443028666666667	0.20670833333333333	0.8910243467236401	0.8200479958184547	0.9807287002750062	0.8578587631545861	0.4581304645179897	0.458126579504666	Specialization	Specialization	Specialization	Specialization	classified
TRD	Pbre1_10G225400	Pbre1_03G350600	Prupe.8G168500.1	100.3372855	1.9140481666666667	151.7668865	0.7761583546878861	0.495438934669618	0.3203339795108152	0.3195799650943579	0.26986424051057156	0.31236939166649674	Conservation	Neofunctionalization(Child)	Conservation	discordant	classified
TRD	Pbre1_10G225400	Pbre1_03G352600	Prupe.8G168500.1	100.3372855	0.4779515	151.7668865	0.7761583546878861	0.5517624334432301	0.3203339795108152	0.3195799650943579	0.2647738897885019	0.31818303578500295	Conservation	Neofunctionalization(Child)	Neofunctionalization(Child)	discordant	classified
TRD	Pbre1_10G352400	Pbre1_03G358600	Prupe.4G141500.1	NA	NA	NA	NA	NA	NA	NA	NA	NA	NA	NA	NA	NA	missing_expression_record
TRD	Pbre1_02G023800	Pbre1_03G362800	Prupe.7G260100.1	21.992992	0.0	40.957302999999996	0.49212087894137707	NA	0.45405345106320316	NA	NA	NA	NA	NA	NA	NA	all_zero_expression_profile
TRD	Pbre1_17G107800	Pbre1_03G366800	Prupe.3G257100.1	1.1276256666666666	0.20076766666666668	11.033671	0.8981375848433324	0.8941677372181231	0.9627812906313069	0.8822857836425239	1.031330391476374	0.8580154185264673	Specialization	Specialization	Specialization	Specialization	classified
TRD	Pbre1_03G405600	Pbre1_03G376000	Prupe.4G162000.1	1.4079465	1.3728273333333334	1.7541201666666668	0.9874896105438138	1.0	0.9594216686475379	0.17221013239506905	0.23232456512922503	0.20132737034122547	Conservation	Specialization	Specialization	discordant	classified
TRD	Pbre1_14G064000	Pbre1_03G384200	Prupe.7G097600.1	17.696341166666667	0.0633335	52.26197416666667	0.6469332253084843	0.9614579900377584	0.6700690348601417	0.5297209564795472	0.9744616063115654	0.5289876837181986	Specialization	Neofunctionalization(Child)	Neofunctionalization(Child)	discordant	classified
TRD	Pbre1_03G223400	Pbre1_03G386600	Prupe.6G127600.1	0.050742833333333334	2.122983833333333	0.30307616666666665	0.7872105320245133	0.807937856846058	0.4727742807553568	0.40574858693800814	0.43552801083540377	0.4247699701833558	Specialization	Neofunctionalization(Child)	Specialization	discordant	classified
TRD	Pbre1_11G418200	Pbre1_03G392200	Prupe.4G174300.1	17.767968833333335	0.12499566666666667	13.749169333333333	0.5453543723638206	0.945049453622038	0.9342535395339058	0.647702387268065	0.11692183794230591	0.6429135106584869	Neofunctionalization(Parent)	Neofunctionalization(Child)	Neofunctionalization(Child)	discordant	classified
TRD	Pbre1_12G092200	Pbre1_03G397400	Prupe.7G082200.1	41.49352433333333	0.05257233333333333	47.10765883333333	0.4692559969287526	0.7016013714755213	0.32018015320259485	0.11742101682368544	0.48996410281549896	0.11730247064678082	Neofunctionalization(Child)	Neofunctionalization(Child)	Neofunctionalization(Child)	Neofunctionalization(Child)	classified
TRD	Pbre1_11G425000	Pbre1_03G398000	Prupe.4G171000.1	22.028206833333332	0.2594485	12.533095833333332	0.48187794153207547	0.8125952683440947	0.45913270480258095	0.16306286832322422	0.5483176323997825	0.16212811241302444	Neofunctionalization(Child)	Neofunctionalization(Child)	Neofunctionalization(Child)	Neofunctionalization(Child)	classified
TRD	Pbre1_15G397200	Pbre1_03G406200	Prupe.7G194500.1	0.0039868333333333335	0.009972333333333333	0.0167755	0.8884069297902826	0.8307910650376403	0.9450079801383223	1.0234615946688908	0.9836147448968493	0.9188909877289017	Specialization	Conservation	Conservation	discordant	classified
TRD	Pbre1_15G397200	Pbre1_03G406400	Prupe.7G194500.1	0.0039868333333333335	0.0104855	0.0167755	0.8884069297902826	1.0	0.9450079801383223	1.0234615946688908	1.2890680760970907	1.0886097283036775	Specialization	Conservation	Conservation	discordant	classified
TRD	Pbre1_11G438000	Pbre1_03G409000	Prupe.4G159600.1	0.04612866666666667	8.409946166666666	0.29643366666666665	1.0	1.0	1.0	0.0	0.0	0.0	Conservation	Neofunctionalization(Parent)	Neofunctionalization(Parent)	discordant	classified
TRD	Pbre1_11G226400	Pbre1_03G419400	Prupe.6G115400.1	24.402373166666667	11.058640166666667	68.34882	0.38769806810777796	0.5708297851630608	0.6621238373498146	0.16103954510714308	0.35036998276424836	0.1816238319283674	Conservation	Neofunctionalization(Child)	Neofunctionalization(Child)	discordant	classified
TRD	Pbre1_11G458000	Pbre1_03G423400	Prupe.8G233700.1	0.0050305	0.0	0.037094666666666665	1.0	NA	1.0	NA	NA	NA	NA	NA	NA	NA	all_zero_expression_profile
TRD	Pbre1_11G458000	Pbre1_03G423600	Prupe.8G233700.1	0.0050305	0.0	0.037094666666666665	1.0	NA	1.0	NA	NA	NA	NA	NA	NA	NA	all_zero_expression_profile
TRD	Pbre1_11G458200	Pbre1_03G424000	Prupe.8G233800.1	54.68739016666667	5.684894666666667	45.0600685	0.5125323534709396	0.8465799840787083	0.6515788514959698	0.20991241578827904	0.6300551322026431	0.23275531288796805	Neofunctionalization(Child)	Neofunctionalization(Child)	Neofunctionalization(Child)	Neofunctionalization(Child)	classified
TRD	Pbre1_11G466000	Pbre1_03G431400	Prupe.8G237400.1	NA	NA	NA	NA	NA	NA	NA	NA	NA	NA	NA	NA	NA	missing_expression_record
TRD	Pbre1_17G203600	Pbre1_03G438000	Prupe.3G198800.1	9.920030500000001	0.015394166666666667	13.739020166666666	0.35627973238330046	1.0	0.2498037804000331	0.12555466858834863	0.8936602008925291	0.12536917515814502	Neofunctionalization(Child)	Neofunctionalization(Child)	Neofunctionalization(Child)	Neofunctionalization(Child)	classified
TRD	Pbre1_10G472600	Pbre1_03G438200	Prupe.4G066000.1	6.566431833333334	0.7202321666666667	37.90339	0.5793221498623551	0.94178972265982	0.7744135376040503	0.4139037693514928	0.9067259242714139	0.42112350358519635	Specialization	Neofunctionalization(Child)	Neofunctionalization(Child)	discordant	classified
TRD	Pbre1_08G256800	Pbre1_03G440200	Prupe.1G485100.1	34.3574925	0.036856	48.97274066666667	0.6197500850446515	0.8248848629805856	0.28181696385249577	0.22091054280921263	0.6038540412708576	0.22090255200488676	Neofunctionalization(Child)	Neofunctionalization(Child)	Neofunctionalization(Child)	Neofunctionalization(Child)	classified
TRD	Pbre1_11G482000	Pbre1_03G443600	Prupe.8G243800.1	9.444505	6.403369	13.593106833333334	0.2079897163038004	0.29720534680797367	0.32419367239787433	0.14034781309480565	0.10199442727423899	0.12115738891775167	Conservation	Conservation	Conservation	Conservation	classified
TRD	Pbre1_01G371200	Pbre1_03G450200	Prupe.2G297300.1	37.11178616666667	0.8959336666666666	38.1197955	0.4013076710982165	0.8369549911747732	0.7153545043380898	0.20666252217886052	0.6194036292280967	0.21123076240607033	Neofunctionalization(Child)	Neofunctionalization(Child)	Neofunctionalization(Child)	Neofunctionalization(Child)	classified
TRD	Pbre1_16G372600	Pbre1_03G450600	Prupe.1G045300.1	49.1096285	2.049824833333333	207.82926433333333	0.27320907606492906	0.6927565633836276	0.6666356219994204	0.25925534187394117	0.4555113009384813	0.26595375302778446	Neofunctionalization(Child)	Neofunctionalization(Child)	Neofunctionalization(Child)	Neofunctionalization(Child)	classified
TRD	Pbre1_11G498600	Pbre1_03G457200	Prupe.8G253400.1	7.416665666666667	13.209173999999999	24.604879333333333	0.3506849440563732	0.4652370836320676	0.4912830726886794	0.1563793808671777	0.17862010770864603	0.14073035112878945	Conservation	Conservation	Conservation	Conservation	classified
TRD	Pbre1_13G383200	Pbre1_03G461000	Prupe.1G053800.1	159.61189183333335	0.6414358333333333	295.1264556666667	0.8418050016962877	0.6147189563953178	0.7388846461161729	0.17455496583526783	0.5577728599847996	0.17303452323138485	Neofunctionalization(Child)	Neofunctionalization(Child)	Neofunctionalization(Child)	Neofunctionalization(Child)	classified
TRD	Pbre1_10G173400	Pbre1_03G461200	Prupe.8G135900.1	39.115128999999996	3.2000336666666667	30.703030833333333	0.3608792986291261	0.8819378725180649	0.3617136013308234	0.2064197949677475	0.5711717101622923	0.20470701899236204	Neofunctionalization(Child)	Neofunctionalization(Child)	Conservation	Neofunctionalization(Child)	classified
TRD	Pbre1_11G510800	Pbre1_03G478200	Prupe.8G264300.1	970.0887216666666	0.018549666666666666	660.2326151666666	0.5508640002074101	1.0	0.6716845713187815	0.44476132918928996	0.8781450457158849	0.4447484425628637	Specialization	Neofunctionalization(Child)	Neofunctionalization(Child)	discordant	classified
TRD	Pbre1_11G510800	Pbre1_03G478400	Prupe.8G264300.1	970.0887216666666	0.15541783333333334	660.2326151666666	0.5508640002074101	0.7958755782836218	0.6716845713187815	0.44476132918928996	0.38417238298957285	0.4447341246888315	Neofunctionalization(Parent)	Neofunctionalization(Child)	Neofunctionalization(Child)	discordant	classified
TRD	Pbre1_10G515000	Pbre1_03G481000	Prupe.4G043300.1	15.950150833333334	54.22821666666667	36.535147333333335	0.3471745768818413	0.5175183313120545	0.3218529600969086	0.14497203326388952	0.11511988102352577	0.06298004047279986	Conservation	Conservation	Conservation	Conservation	classified
TRD	Pbre1_10G399000	Pbre1_03G491400	Prupe.4G113400.1	18.608536833333332	0.13685866666666666	32.861696	0.4632127571484738	0.6708015131888458	0.4996498643168283	0.13850642327659055	0.3619011218205418	0.13745079925992865	Conservation	Neofunctionalization(Child)	Neofunctionalization(Child)	discordant	classified
TRD	Pbre1_17G046600	Pbre1_04G004000	Prupe.3G291100.1	22.3746	33.041807166666665	77.60770116666666	0.5131448016411144	0.30199699844056155	0.6922987260562969	0.3945640644413076	0.21955845639521618	0.2597928617424515	Neofunctionalization(Parent)	Conservation	Conservation	discordant	classified
TRD	Pbre1_04G276200	Pbre1_04G029000	Prupe.6G291700.1	30.1128505	15.213917499999999	64.08915633333334	0.0905188129711902	0.6507050313529297	0.49562133156467614	0.15122644625499493	0.3603996034073663	0.21176764265637596	Conservation	Conservation	Conservation	Conservation	classified
TRD	Pbre1_06G353400	Pbre1_04G038200	Prupe.5G208200.1	209.289007	1.1337143333333333	489.97697900000003	0.6833483347994133	0.47044509879733604	0.366298119375401	0.25083981907933234	0.17413278876206933	0.2502854124913233	Conservation	Neofunctionalization(Child)	Conservation	discordant	classified
TRD	Pbre1_10G273400	Pbre1_04G038800	Prupe.8G191900.1	102.493949	0.522907	36.495746	0.9827350364738308	0.8334982378386334	0.4385930605627954	0.9418357959636577	0.4024106822504896	0.9378120341970702	Specialization	Specialization	Specialization	Specialization	classified
TRD	Pbre1_08G075600	Pbre1_04G043000	Prupe.1G414100.1	43.51973683333333	74.02595566666666	220.77607283333333	0.25165496869411025	0.9931585215303563	0.7060522790325362	0.26786668434685607	0.9120827624748483	0.6240658526813263	Neofunctionalization(Child)	Neofunctionalization(Child)	Neofunctionalization(Child)	Neofunctionalization(Child)	classified
TRD	Pbre1_11G107400	Pbre1_04G045800	Prupe.6G057300.1	0.2713705	0.029196	0.06769233333333334	0.8713396122823024	0.7849254208774153	0.9777032204391707	0.9690828650415296	1.0353651800060688	0.9541336145704256	Specialization	Conservation	Neofunctionalization(Parent)	discordant	classified
TRD	Pbre1_06G153200	Pbre1_04G052600	Prupe.5G100500.1	3.4307791666666665	142.673922	65.1741815	0.3831335547128601	0.3407521221477589	0.5493177722067941	0.31987574835131677	0.2055551109245956	0.20748125341514573	Conservation	Conservation	Conservation	Conservation	classified
TRD	Pbre1_12G224000	Pbre1_04G059200	Prupe.6G246300.1	2.5310531666666667	6.394141333333334	85.83009116666666	0.7538422057700217	0.49173867536607874	0.3855924840409436	0.4495447437047562	0.14433572375385778	0.13397225009450286	Neofunctionalization(Parent)	Neofunctionalization(Parent)	Neofunctionalization(Parent)	Neofunctionalization(Parent)	classified
TRD	Pbre1_16G343200	Pbre1_04G059800	Prupe.1G023000.1	83.58153566666667	0.04657766666666667	344.45895566666667	0.8266284309080818	0.9532537822100379	0.6498591673289695	0.24494272158150443	0.9086676315495136	0.2448457204827001	Neofunctionalization(Child)	Neofunctionalization(Child)	Neofunctionalization(Child)	Neofunctionalization(Child)	classified
TRD	Pbre1_08G284600	Pbre1_04G076400	Prupe.1G503300.1	254.31124783333334	25.734348166666667	270.7387635	0.5525107559488731	0.3300896327280728	0.2814637570999416	0.17870032804551944	0.08198745926990535	0.16532287495995884	Conservation	Conservation	Conservation	Conservation	classified
TRD	Pbre1_09G464200	Pbre1_04G078000	Prupe.3G015100.1	18.485776	31.702944333333335	102.392528	0.3983427184950205	0.39761448728995125	0.4690982242228364	0.08693240079094765	0.1762199403823745	0.12976981199952364	Conservation	Conservation	Conservation	Conservation	classified
TRD	Pbre1_06G085200	Pbre1_04G083200	Prupe.5G060100.1	0.5027543333333333	0.058069333333333334	1.4668976666666667	0.6298916397112534	0.8286454280933248	0.2287681035876401	0.24744477000843318	0.4871778138601325	0.2574673290017919	Neofunctionalization(Child)	Specialization	Specialization	discordant	classified
TRD	Pbre1_06G083600	Pbre1_04G085000	Prupe.5G059000.1	0.028031166666666666	0.1629435	0.8086451666666666	0.9125991114149009	0.7357812192105069	0.526358720741747	0.570569071572426	0.435682933103776	0.3921507329812128	Specialization	Specialization	Specialization	Specialization	classified
TRD	Pbre1_04G088800	Pbre1_04G085200	Prupe.5G052300.1	9.657005666666667	0.6790651666666666	22.014771166666666	0.5691787347099393	0.721438811064579	0.6593779892683636	0.35591556465014196	0.4052894999207089	0.3488206654392478	Neofunctionalization(Child)	Neofunctionalization(Child)	Neofunctionalization(Child)	Neofunctionalization(Child)	classified
TRD	Pbre1_05G243800	Pbre1_04G091200	Prupe.8G177400.1	22.894692666666668	18.933871	61.44621333333333	0.4071834060688019	0.4468327448331525	0.4695086690313298	0.18080013870013284	0.1490996466129938	0.1299537811718053	Conservation	Conservation	Conservation	Conservation	classified
TRD	Pbre1_15G124600	Pbre1_04G094000	Prupe.1G421500.1	0.006521	0.0222165	0.15885016666666665	0.8014464704084752	0.953136285349186	0.6719954573153842	0.4307128883917809	0.524934256639258	0.4330733849091117	Specialization	Conservation	Conservation	discordant	classified
TRD	Pbre1_03G261000	Pbre1_04G094200	Prupe.4G269700.1	0.0	17.770787666666667	46.176142999999996	NA	0.4179429326815649	0.54556641195016	NA	NA	NA	NA	NA	NA	NA	all_zero_expression_profile
TRD	Pbre1_06G242000	Pbre1_04G094600	Prupe.5G146700.1	62.33851816666667	0.04963733333333333	26.0510425	0.6514143163014701	0.78460744522086	0.6060187162738867	0.2675466262722972	0.49497605568607134	0.2671802405149743	Neofunctionalization(Child)	Neofunctionalization(Child)	Neofunctionalization(Child)	Neofunctionalization(Child)	classified
TRD	Pbre1_15G723200	Pbre1_04G094800	Prupe.1G551000.1	4.797109666666667	0.7188328333333334	2.7733798333333333	0.24752620426095043	0.37253794855265987	0.5557214192320901	0.29035049870372986	0.27084113628701056	0.2838050324481553	Conservation	Specialization	Neofunctionalization(Child)	discordant	classified
TRD	Pbre1_11G317400	Pbre1_04G095000	Prupe.4G243300.1	29.422068	0.7157101666666666	7.627530166666667	0.6912094085403744	0.9806042213494269	0.8189148630109895	0.25220513034515857	0.9153972981408267	0.24698285469233877	Neofunctionalization(Child)	Neofunctionalization(Child)	Neofunctionalization(Child)	Neofunctionalization(Child)	classified
TRD	Pbre1_06G075000	Pbre1_04G095600	Prupe.5G050700.1	10.623124833333334	12.819973666666666	25.279931333333334	0.5769106655749192	0.2845507324114992	0.43175613134270785	0.2726924871331755	0.16512638293752763	0.2072256873987006	Conservation	Conservation	Conservation	Conservation	classified
TRD	Pbre1_07G136400	Pbre1_04G106000	Prupe.2G113900.1	12.487797333333333	0.0	5.934605666666667	0.3767755706866786	NA	0.5948866135725532	NA	NA	NA	NA	NA	NA	NA	all_zero_expression_profile
TRD	Pbre1_07G136600	Pbre1_04G106200	Prupe.2G114000.1	84.2052755	81.66042116666667	250.54720833333334	0.6764997726538056	0.7569518504199904	0.6453699265900383	0.172591018721819	0.444767902108383	0.2897933345378787	Neofunctionalization(Child)	Conservation	Conservation	discordant	classified
TRD	Pbre1_03G109600	Pbre1_04G113400	Prupe.6G059700.1	NA	NA	NA	NA	NA	NA	NA	NA	NA	NA	NA	NA	NA	missing_expression_record
TRD	Pbre1_04G124600	Pbre1_04G118000	Prupe.5G082600.1	16.0565625	0.015460833333333333	7.853913666666666	0.45854643527377775	0.9478252596096342	0.3125467799429299	0.17804154051938556	0.6649855971245883	0.17810080739568965	Neofunctionalization(Child)	Neofunctionalization(Child)	Neofunctionalization(Child)	Neofunctionalization(Child)	classified
TRD	Pbre1_07G500000	Pbre1_04G126000	Prupe.2G323200.1	105.82017616666667	0.022937666666666665	627.6134021666667	0.3924177845863374	1.0	0.553013597697713	0.1530763000614864	0.9149459441422135	0.15317005530009892	Neofunctionalization(Child)	Neofunctionalization(Child)	Neofunctionalization(Child)	Neofunctionalization(Child)	classified
TRD	Pbre1_13G304400	Pbre1_04G128800	Prupe.1G148100.1	0.0	0.08460883333333333	44.6393785	NA	0.8854222437041444	0.3813524912069588	NA	NA	NA	NA	NA	NA	NA	all_zero_expression_profile
TRD	Pbre1_02G424200	Pbre1_04G131400	Prupe.2G058600.1	3.5732683333333335	2.450275	10.042705166666666	0.5017057385263833	0.28668300305926847	0.6958335390231344	0.3534560195718018	0.30142355036441465	0.3188727876352854	Conservation	Conservation	Conservation	Conservation	classified
TRD	Pbre1_07G353800	Pbre1_04G132600	Prupe.2G246100.1	33.841544999999996	0.0	78.66776616666667	0.2224668307914089	NA	0.3133175142872703	NA	NA	NA	NA	NA	NA	NA	all_zero_expression_profile
TRD	Pbre1_06G109400	Pbre1_04G139000	Prupe.5G075100.1	20.9134265	2.086438	40.32362833333333	0.6398976599204349	0.5065251941194424	0.4076029277996251	0.2042930672398372	0.20233576904247022	0.19786746868721056	Conservation	Conservation	Conservation	Conservation	classified
TRD	Pbre1_05G172600	Pbre1_04G139200	Prupe.8G138300.1	19.589479	2.433919	51.318250166666665	0.659967590301791	0.7550908287440266	0.6129634751291653	0.3118974923691437	0.4192494297477131	0.32318761867236784	Neofunctionalization(Child)	Neofunctionalization(Child)	Conservation	Neofunctionalization(Child)	classified
TRD	Pbre1_05G040400	Pbre1_04G141400	Prupe.8G031200.1	40.8990455	0.0	85.02611166666667	0.8172048876214688	NA	0.6520542897060488	NA	NA	NA	NA	NA	NA	NA	all_zero_expression_profile
TRD	Pbre1_16G018800	Pbre1_04G141800	Prupe.1G341200.1	22.376641166666666	0.0	32.61365033333333	0.10657566079928375	NA	0.5585004227666669	NA	NA	NA	NA	NA	NA	NA	all_zero_expression_profile
TRD	Pbre1_07G196000	Pbre1_04G142400	Prupe.2G147100.1	2.808231	0.09204883333333333	15.052509833333334	0.32708653348509287	0.7470724996617147	0.8276117914320628	0.3492813314003508	0.5122479745224288	0.3495855269907586	Neofunctionalization(Child)	Neofunctionalization(Child)	Neofunctionalization(Child)	Neofunctionalization(Child)	classified
TRD	Pbre1_06G104600	Pbre1_04G143400	Prupe.5G072500.1	0.14867483333333334	2.7024321666666666	68.83057699999999	0.8254656755207819	0.7206953653640428	0.9930780969866063	1.1863476330844611	1.1286009957244356	1.1304324348407278	Specialization	Specialization	Specialization	Specialization	classified
TRD	Pbre1_06G104800	Pbre1_04G143600	Prupe.5G072600.1	15.545403166666667	6.843317333333333	28.904178666666667	0.6512161231310346	0.4854363903767931	0.6746157664554523	0.3206411676996815	0.13179152135069178	0.25481026822179204	Conservation	Conservation	Conservation	Conservation	classified
TRD	Pbre1_15G236000	Pbre1_04G149200	Prupe.1G488500.1	27.44608016666667	0.0	30.667416	0.2809016598736046	NA	0.5125117047626755	NA	NA	NA	NA	NA	NA	NA	all_zero_expression_profile
TRD	Pbre1_10G244800	Pbre1_04G162600	Prupe.8G179300.1	138.5281375	4.5489413333333335	223.18535166666666	0.9904680512894307	0.6743093552338616	0.8607408772831464	0.9354418002435919	0.6235095586805517	0.9197542523034579	Specialization	Neofunctionalization(Child)	Conservation	discordant	classified
TRD	Pbre1_06G172600	Pbre1_04G173600	Prupe.5G110000.1	5.2633765	0.0	7.768698	0.9306736910394602	NA	0.961420593063367	NA	NA	NA	NA	NA	NA	NA	all_zero_expression_profile
TRD	Pbre1_08G083200	Pbre1_04G176000	Prupe.1G399300.1	11.017964	33.151331	86.4977265	0.8076198727045572	0.4057179700811283	0.5070948133094804	0.2693438892484572	0.20855874878477168	0.15109302641713515	Conservation	Conservation	Conservation	Conservation	classified
TRD	Pbre1_08G088400	Pbre1_04G178800	Prupe.1G396200.1	36.4617455	15.7152115	94.99965566666667	0.40011296090251136	0.565799690168161	0.41010156543955667	0.109830410682769	0.11033018246373685	0.09284362951179066	Conservation	Conservation	Conservation	Conservation	classified
TRD	Pbre1_12G219200	Pbre1_04G184000	Prupe.6G244600.1	0.805015	0.017111166666666667	4.923684833333333	0.5510359718223189	0.9303700396564857	0.8854877657726101	0.574382913243239	0.937241070283498	0.5739625406279478	Specialization	Specialization	Specialization	Specialization	classified
TRD	Pbre1_04G201400	Pbre1_04G198800	Prupe.6G252300.1	0.1209225	0.02572316666666667	1.1838473333333333	0.6748968661793443	0.649614863419157	0.9491357239854562	0.5822860391762014	0.59267118372785	0.5788927403259314	Specialization	Specialization	Specialization	Specialization	classified
TRD	Pbre1_12G244400	Pbre1_04G209600	Prupe.6G256600.1	10.786835333333332	2.940631333333333	8.847386	0.37486319701981363	0.5462165496575135	0.34969445229549817	0.12137754695520239	0.22424006630276336	0.13326130219671642	Conservation	Conservation	Conservation	Conservation	classified
TRD	Pbre1_10G515000	Pbre1_04G217400	Prupe.4G043300.1	15.950150833333334	2.0944184999999997	36.535147333333335	0.3471745768818413	0.492656387729669	0.3218529600969086	0.14497203326388952	0.16920799641031894	0.1363187937668337	Conservation	Conservation	Conservation	Conservation	classified
TRD	Pbre1_15G141400	Pbre1_04G218600	Prupe.1G430600.1	21.216645666666665	0.0	4.763850833333334	0.49296332858753705	NA	0.5197036962637986	NA	NA	NA	NA	NA	NA	NA	all_zero_expression_profile
TRD	Pbre1_04G204000	Pbre1_04G231000	Prupe.6G253500.1	54.35557933333333	2.6533871666666666	100.48781016666666	0.6781122844182684	0.6164780399337907	0.6971296435478169	0.44586611843682983	0.3011027498078216	0.4382449199197115	Neofunctionalization(Parent)	Conservation	Conservation	discordant	classified
TRD	Pbre1_12G274800	Pbre1_04G241200	Prupe.6G272700.1	10.797600833333334	0.0	48.5024725	0.08975052309425013	NA	0.27117813515418254	NA	NA	NA	NA	NA	NA	NA	all_zero_expression_profile
TRD	Pbre1_05G105400	Pbre1_04G247600	Prupe.8G090700.1	65.15459716666666	35.152124666666666	209.43640150000002	0.17808397572936394	0.24125505174409664	0.3651040857812888	0.12546376667994705	0.10055758502816152	0.11594781666729007	Conservation	Conservation	Conservation	Conservation	classified
TRD	Pbre1_05G305200	Pbre1_04G248400	Prupe.8G204900.1	5.641487166666667	0.4507675	17.983880166666665	0.8491456086869544	0.7179657500737415	0.4994233988391493	0.5302338738684721	0.20567211809706853	0.4827575077863671	Neofunctionalization(Parent)	Specialization	Neofunctionalization(Child)	discordant	classified
TRD	Pbre1_12G282400	Pbre1_04G249200	Prupe.6G277600.1	14.398523333333333	0.20408133333333334	18.824244666666665	0.18628344250971732	0.6525140114416528	0.472957564444647	0.12133877513931209	0.361117762856472	0.120632911947524	Conservation	Neofunctionalization(Child)	Neofunctionalization(Child)	discordant	classified
TRD	Pbre1_08G132200	Pbre1_04G258600	Prupe.1G420200.1	13.901267833333334	1.8374951666666666	59.856739499999996	0.2633082742484309	0.7068115652880318	0.6854806561327098	0.21308872416069488	0.5180154775388462	0.24360504331231717	Neofunctionalization(Child)	Neofunctionalization(Child)	Neofunctionalization(Child)	Neofunctionalization(Child)	classified
TRD	Pbre1_12G296000	Pbre1_04G261600	Prupe.6G283400.1	35.4127025	11.499858666666666	45.97158133333333	0.6232381849399292	0.2874107023704203	0.5800566508758713	0.18192325431556286	0.24425746188325329	0.1617034419390561	Conservation	Conservation	Conservation	Conservation	classified
TRD	Pbre1_16G029600	Pbre1_04G272000	Prupe.1G335900.1	8.124519	0.012151666666666667	17.721738833333333	0.14346535271490216	1.0	0.20202608621669235	0.07875648186296937	0.8971815181559873	0.07853855879936965	Neofunctionalization(Child)	Neofunctionalization(Child)	Neofunctionalization(Child)	Neofunctionalization(Child)	classified
TRD	Pbre1_15G786800	Pbre1_04G272200	Prupe.1G587900.1	80.29869016666666	0.0	208.702711	0.44218356178576385	NA	0.5540685405567884	NA	NA	NA	NA	NA	NA	NA	all_zero_expression_profile
TRD	Pbre1_10G563200	Pbre1_04G276800	Prupe.4G016400.1	17.594707500000002	0.06664866666666666	16.241377833333335	0.8104686995124339	0.9438527267835868	0.515818295519657	0.3036853903709042	0.5463825139828177	0.3041534388467372	Neofunctionalization(Child)	Neofunctionalization(Child)	Neofunctionalization(Child)	Neofunctionalization(Child)	classified
TRD	Pbre1_12G317000	Pbre1_04G282600	Prupe.6G295600.1	6.5201755	0.0	25.687759	0.9099946518730361	NA	0.8296014445986799	NA	NA	NA	NA	NA	NA	NA	all_zero_expression_profile
TRD	Pbre1_13G029600	Pbre1_04G286600	Prupe.1G335600.1	0.0	0.0	0.20192716666666666	NA	NA	0.8813265489972764	NA	NA	NA	NA	NA	NA	NA	all_zero_expression_profile
TRD	Pbre1_05G075800	Pbre1_04G301000	Prupe.8G060400.1	20.103575166666666	0.6500138333333333	14.2975385	0.5311104140591336	0.9800353007628946	0.5471676371356167	0.13113053149760248	0.9385219813623487	0.1283642742639579	Neofunctionalization(Child)	Neofunctionalization(Child)	Neofunctionalization(Child)	Neofunctionalization(Child)	classified
TRD	Pbre1_15G067400	Pbre1_04G306800	Prupe.1G389200.1	68.74366016666667	2.7202563333333334	200.30113983333334	0.6204937641942507	0.7368706329448322	0.2961015728754727	0.195109544510209	0.4073098620765899	0.17893305276212845	Neofunctionalization(Child)	Neofunctionalization(Child)	Neofunctionalization(Child)	Neofunctionalization(Child)	classified
TRD	Pbre1_12G346000	Pbre1_04G318400	Prupe.6G313600.1	6.9458605	1.0984388333333333	9.286786333333334	0.1039021719090228	0.4682428467615639	0.6972533986161654	0.2604891095900203	0.26893637118063185	0.2532954787994771	Conservation	Neofunctionalization(Child)	Neofunctionalization(Child)	discordant	classified
TRD	Pbre1_12G353000	Pbre1_04G326200	Prupe.6G317800.1	41.05090133333333	0.20523983333333334	32.725839	0.8923758290995035	0.9486276923328159	0.7768876283401223	0.3104180859640984	0.4369705773693321	0.3109003502982751	Neofunctionalization(Child)	Neofunctionalization(Child)	Neofunctionalization(Child)	Neofunctionalization(Child)	classified
TRD	Pbre1_12G363400	Pbre1_04G338600	Prupe.6G323900.1	8.748602666666667	2.9054766666666665	8.639530666666667	0.41980136388613454	0.5536705250370799	0.5621306387795312	0.18457010055993753	0.272939652522058	0.204851703509413	Conservation	Conservation	Conservation	Conservation	classified
TRD	Pbre1_12G369600	Pbre1_04G343800	Prupe.6G327400.1	0.108215	0.10699800000000001	0.057063333333333334	0.7723290739033066	0.9620601087427867	0.9857212147763367	0.5759589027703315	1.26328048452414	0.9106322359253516	Specialization	Conservation	Neofunctionalization(Child)	discordant	classified
TRD	Pbre1_04G357600	Pbre1_04G345800	Prupe.6G334800.1	44.8234965	6.384320333333333	56.913869166666665	0.24785797678380733	0.5983272155707692	0.4598813487055116	0.08331760465485911	0.08790779028296646	0.0704605367524345	Conservation	Conservation	Conservation	Conservation	classified
TRD	Pbre1_10G129600	Pbre1_04G358800	Prupe.8G100700.1	0.0021969999999999997	0.033321333333333335	15.824585666666666	1.0	0.9505717083881754	0.8400516163195506	0.506364701564535	0.9236716015456412	0.847725707334102	Specialization	Specialization	Specialization	Specialization	classified
TRD	Pbre1_11G205600	Pbre1_04G361200	Prupe.6G102400.1	68.66813716666667	0.369027	97.17526766666667	0.36228795690088234	0.6076858771238752	0.5940362785183262	0.16675150277471662	0.5029151152023975	0.1680512594188765	Neofunctionalization(Child)	Neofunctionalization(Child)	Neofunctionalization(Child)	Neofunctionalization(Child)	classified
TRD	Pbre1_12G385200	Pbre1_04G363000	Prupe.6G335700.1	NA	NA	NA	NA	NA	NA	NA	NA	NA	NA	NA	NA	NA	missing_expression_record
TRD	Pbre1_02G113200	Pbre1_04G368000	Prupe.7G215100.1	11.5340325	23.902674666666666	13.894352666666666	0.5068819148610133	0.3952331033504438	0.43330102508115453	0.18035040917014833	0.24561196617146386	0.2145933848183652	Conservation	Conservation	Conservation	Conservation	classified
TRD	Pbre1_12G409600	Pbre1_04G374200	Prupe.6G349400.1	25.6829685	0.3357098333333333	35.351662833333336	0.32898201195126	0.9107152987370913	0.33678929657680207	0.10582143943166887	0.6072793925408724	0.11114251010435533	Neofunctionalization(Child)	Neofunctionalization(Child)	Neofunctionalization(Child)	Neofunctionalization(Child)	classified
TRD	Pbre1_12G405400	Pbre1_04G381200	Prupe.6G346900.1	2.787994166666667	1.554455	7.725107	0.7577254965518618	0.5477594535482821	0.847239387722609	0.6451109614798326	0.4875559655522549	0.566968020074946	Specialization	Specialization	Specialization	Specialization	classified
TRD	Pbre1_12G417600	Pbre1_04G392000	Prupe.6G353600.1	13.819253	8.187793000000001	21.90648983333333	0.29999141949782093	0.434040023387254	0.6178004132481064	0.22137929241322726	0.13995244107817315	0.164542221262186	Conservation	Conservation	Conservation	Conservation	classified
TRD	Pbre1_07G395800	Pbre1_04G393600	Prupe.2G270400.1	1.216476	0.0	3.3717083333333333	0.9120674293867831	NA	0.9986071512193725	NA	NA	NA	NA	NA	NA	NA	all_zero_expression_profile
TRD	Pbre1_06G119800	Pbre1_04G408800	Prupe.5G081100.1	1.3875388333333334	15.928312166666666	1.8894263333333332	0.6458212765390927	0.3819435607073026	0.6206748989194913	0.44664597494376257	0.3265721487103288	0.3324322063446499	Neofunctionalization(Parent)	Specialization	Neofunctionalization(Parent)	discordant	classified
TRD	Pbre1_10G002800	Pbre1_05G002800	Prupe.8G002200.1	15.717540833333333	11.170168166666667	10.768653166666667	0.22335547075894208	0.20641257481443534	0.3572541780123437	0.14375871303219792	0.14149631608005483	0.1398396902651442	Conservation	Conservation	Conservation	Conservation	classified
TRD	Pbre1_10G005800	Pbre1_05G005000	Prupe.8G004600.1	1.9301811666666666	0.8168465	1.4885329999999999	0.4362158641805342	0.6360745391355775	0.8574966439748681	0.567959833480186	0.5191022948501542	0.5462355622991351	Specialization	Specialization	Specialization	Specialization	classified
TRD	Pbre1_10G007800	Pbre1_05G007000	Prupe.8G006400.1	3.2636045	0.0	1.4598648333333333	0.4344834218640813	NA	0.7014663425897864	NA	NA	NA	NA	NA	NA	NA	all_zero_expression_profile
TRD	Pbre1_16G027400	Pbre1_05G007400	Prupe.1G337000.1	169.0960555	2.1433185	237.37620199999998	0.4934630685920431	0.4253200998295813	0.46477663295477034	0.2124688611037424	0.30666574572279304	0.2097725491954875	Conservation	Neofunctionalization(Child)	Conservation	discordant	classified
TRD	Pbre1_16G068400	Pbre1_05G024600	Prupe.1G314900.1	4.0009435	0.047834499999999995	7.9268806666666665	0.8244205941704422	0.9328328337646379	0.9719354157331065	0.7727019822092205	1.159167661523158	0.7771518705279302	Specialization	Specialization	Specialization	Specialization	classified
TRD	Pbre1_05G197600	Pbre1_05G026000	Prupe.8G152400.1	0.0	0.0	0.012975833333333334	NA	NA	0.8737622828888097	NA	NA	NA	NA	NA	NA	NA	all_zero_expression_profile
TRD	Pbre1_04G333200	Pbre1_05G027000	Prupe.6G322000.1	15.154163833333333	0.0	64.70921133333334	0.959238837646463	NA	0.8863401971157682	NA	NA	NA	NA	NA	NA	NA	all_zero_expression_profile
TRD	Pbre1_10G026400	Pbre1_05G028200	Prupe.8G024200.1	27.893361	8.987705666666667	12.175363166666667	0.3679071513377311	0.6716836354309601	0.4249423100549941	0.10773247649598884	0.18602023655514474	0.07156391218633956	Conservation	Conservation	Conservation	Conservation	classified
TRD	Pbre1_17G387000	Pbre1_05G032000	Prupe.3G092800.1	57.721393166666665	63.15333033333333	55.718879666666666	0.6142543609403278	0.35122181381546047	0.6825897947699566	0.1336105561114511	0.28170661475978714	0.19511776239755013	Conservation	Conservation	Conservation	Conservation	classified
TRD	Pbre1_02G419200	Pbre1_05G034600	Prupe.2G061400.1	7.203870666666667	0.8397588333333333	5.4537975	0.7470396132623027	0.7574978450367341	0.6196859743280781	0.3856800520970496	0.3643464388291135	0.3618081625191787	Conservation	Neofunctionalization(Child)	Neofunctionalization(Child)	discordant	classified
TRD	Pbre1_11G072400	Pbre1_05G047600	Prupe.6G039300.1	87.26846883333333	54.733729833333335	123.31789516666666	0.26628205212451267	0.465063775061194	0.13878745490599775	0.06745316593682182	0.10686502113537856	0.07862485103140969	Conservation	Conservation	Conservation	Conservation	classified
TRD	Pbre1_11G333800	Pbre1_05G048400	Prupe.4G227900.1	14.325824	3.066816166666667	42.61413783333333	0.572076202114524	0.965044951477125	0.5172144627792571	0.10260267512868965	0.6206790506772808	0.15813910841360626	Neofunctionalization(Child)	Neofunctionalization(Child)	Neofunctionalization(Child)	Neofunctionalization(Child)	classified
TRD	Pbre1_16G374600	Pbre1_05G049400	Prupe.1G046200.1	6.068159	0.059299500000000005	1.7619766666666665	0.9213451784040977	0.9109080715666998	0.940426823309646	0.12266553418012587	0.14689973756303193	0.12183842298144651	Conservation	Specialization	Specialization	discordant	classified
TRD	Pbre1_08G201800	Pbre1_05G049600	Prupe.1G453900.1	2.6554426666666666	0.0	3.1955180000000003	0.36520999223245526	NA	0.7288448396231075	NA	NA	NA	NA	NA	NA	NA	all_zero_expression_profile
TRD	Pbre1_05G057000	Pbre1_05G052000	Prupe.8G044900.1	NA	NA	NA	NA	NA	NA	NA	NA	NA	NA	NA	NA	NA	missing_expression_record
TRD	Pbre1_10G051800	Pbre1_05G052800	Prupe.8G042000.1	12.254167166666667	5.5334484999999995	5.881896	0.8154040442545041	0.7004045811043553	0.7926658472978922	0.1981618967663564	0.2892159169515145	0.15949493339589507	Conservation	Neofunctionalization(Child)	Neofunctionalization(Child)	discordant	classified
TRD	Pbre1_07G145600	Pbre1_05G054400	Prupe.2G118700.1	37.291832166666666	55.454839166666666	57.3240755	0.5064588771924365	0.44925415384912526	0.3471108101821659	0.24019640247528867	0.1374308700779346	0.09508246595601973	Conservation	Conservation	Conservation	Conservation	classified
TRD	Pbre1_10G058400	Pbre1_05G058200	Prupe.8G045600.1	2.2342935	2.3367804999999997	12.777338166666667	0.5537537640320391	0.6794261565588553	0.5984821613551534	0.2902223519914702	0.4488946611639226	0.3312292369741164	Neofunctionalization(Child)	Neofunctionalization(Parent)	Conservation	discordant	classified
TRD	Pbre1_08G073200	Pbre1_05G060200	Prupe.1G389500.1	22.958476166666667	0.2904528333333333	32.06476	0.5858995843067583	0.613614561409707	0.5564798074837018	0.39031307730124326	0.315902010232091	0.3876270906818158	Conservation	Neofunctionalization(Child)	Neofunctionalization(Child)	discordant	classified
TRD	Pbre1_15G054000	Pbre1_05G062000	Prupe.1G381400.1	0.8672525	0.0	1.7424786666666667	0.9060525544995974	NA	0.6370217520657597	NA	NA	NA	NA	NA	NA	NA	all_zero_expression_profile
TRD	Pbre1_10G070800	Pbre1_05G068600	Prupe.8G057200.1	6.050694666666667	1.7840146666666667	11.693545333333333	0.23811073783671036	0.4099067898446104	0.4974206010049226	0.12057752025321165	0.13575833919778316	0.11198963062248099	Conservation	Conservation	Conservation	Conservation	classified
TRD	Pbre1_10G445400	Pbre1_05G074800	Prupe.4G081800.1	2.8142408333333333	0.0	2.460424333333333	0.6559552003722026	NA	0.566042258707632	NA	NA	NA	NA	NA	NA	NA	all_zero_expression_profile
TRD	Pbre1_02G363000	Pbre1_05G075000	Prupe.2G114600.1	5.244307	5.0139015	5.5802235	0.3845132414245303	0.43515476636155564	0.5818683094378448	0.23873574202060993	0.2600787704477636	0.2371461286088203	Conservation	Conservation	Conservation	Conservation	classified
TRD	Pbre1_10G592000	Pbre1_05G075600	Prupe.4G001400.1	0.6840671666666667	2.5940275	2.9657868333333335	0.4673874861220687	0.6128837160701952	0.4869379163434228	0.09123255680779017	0.21646879000006392	0.16383877030622837	Conservation	Neofunctionalization(Parent)	Neofunctionalization(Parent)	discordant	classified
TRD	Pbre1_13G341400	Pbre1_05G079000	Prupe.1G024200.1	23.357929166666665	0.0	45.14215033333333	0.4760804660169942	NA	0.49328125631720143	NA	NA	NA	NA	NA	NA	NA	all_zero_expression_profile
TRD	Pbre1_15G080400	Pbre1_05G082000	Prupe.1G397300.1	7.433827	0.0	14.521786833333334	0.327343321327927	NA	0.6146053382203384	NA	NA	NA	NA	NA	NA	NA	all_zero_expression_profile
TRD	Pbre1_12G364400	Pbre1_05G090200	Prupe.6G324000.1	1.9771951666666667	0.0	22.213849333333332	0.5381544577831981	NA	0.664389528455725	NA	NA	NA	NA	NA	NA	NA	all_zero_expression_profile
TRD	Pbre1_16G162800	Pbre1_05G100200	Prupe.1G255500.1	NA	NA	NA	NA	NA	NA	NA	NA	NA	NA	NA	NA	NA	missing_expression_record
TRD	Pbre1_15G110200	Pbre1_05G106600	Prupe.1G412200.1	20.548830833333334	0.08818216666666667	52.087726833333335	0.2267705042428668	0.5779876912586775	0.34701735970755176	0.15515461208172462	0.2821656631823578	0.15514159202985725	Conservation	Neofunctionalization(Child)	Neofunctionalization(Child)	discordant	classified
TRD	Pbre1_11G006200	Pbre1_05G112400	Prupe.6G003200.1	69.830924	0.5535795	162.60734833333333	0.6532840280290986	0.7238841517474783	0.4582298007125523	0.3038427614588558	0.4236670176528526	0.3037080578960872	Neofunctionalization(Child)	Neofunctionalization(Child)	Neofunctionalization(Child)	Neofunctionalization(Child)	classified
TRD	Pbre1_13G219600	Pbre1_05G113000	Prupe.1G217600.1	12.826539833333333	0.12772666666666666	11.699572333333332	0.47701868529677166	0.6659419153643793	0.3186194061989687	0.22613531591037755	0.26791636576049793	0.22293886690401254	Conservation	Neofunctionalization(Child)	Neofunctionalization(Child)	discordant	classified
TRD	Pbre1_11G403800	Pbre1_05G116000	Prupe.4G182900.1	3.2682245	0.0	19.5236015	0.5684108255605983	NA	0.4807226777306381	NA	NA	NA	NA	NA	NA	NA	all_zero_expression_profile
TRD	Pbre1_02G105000	Pbre1_05G116600	Prupe.7G219600.1	62.008668	0.7315938333333334	40.982473	0.2472026572876369	0.5219694500609362	0.4240121801403129	0.20642982019408604	0.35274364870183605	0.20770220108662685	Conservation	Neofunctionalization(Child)	Neofunctionalization(Child)	discordant	classified
TRD	Pbre1_06G067200	Pbre1_05G125600	Prupe.5G046200.1	36.537118666666665	0.2679358333333333	74.72999616666667	0.45436100222273995	0.7585294521488397	0.584260804219864	0.3275343296987484	0.4387192164052061	0.32627095411243373	Neofunctionalization(Child)	Neofunctionalization(Child)	Neofunctionalization(Child)	Neofunctionalization(Child)	classified
TRD	Pbre1_10G137400	Pbre1_05G127000	Prupe.8G107000.1	9.389742833333333	12.8722755	13.784574833333334	0.4910639905885349	0.4156788466972456	0.5562203074117549	0.16890901450663764	0.09981933444666614	0.10572758036497147	Conservation	Conservation	Conservation	Conservation	classified
TRD	Pbre1_10G136800	Pbre1_05G127600	Prupe.8G106600.1	66.05606483333332	9.483974833333333	55.008994	0.5409800140815799	0.5908438570249874	0.32958706885458505	0.12100495456364423	0.1795117690213421	0.1260112560353628	Conservation	Conservation	Conservation	Conservation	classified
TRD	Pbre1_10G135800	Pbre1_05G128000	Prupe.8G105800.1	128.8079685	65.13360366666667	371.74331516666666	0.2995388637901781	0.3739208879070679	0.5537933041236667	0.27621414945836414	0.2942371074566409	0.2786479464447497	Conservation	Conservation	Conservation	Conservation	classified
TRD	Pbre1_07G062800	Pbre1_05G128400	Prupe.2G040800.1	38.300300166666666	6.160064	48.98087516666667	0.29577773021488746	0.458185137484202	0.32297045506539385	0.09911146960764401	0.09140197826099158	0.09244256374680614	Conservation	Conservation	Conservation	Conservation	classified
TRD	Pbre1_05G363200	Pbre1_05G129000	Prupe.4G148700.1	18.734697666666666	0.029893666666666666	59.32098366666666	0.10802382297013466	1.0	0.3670825931023146	0.16006708111749332	0.9322041033159477	0.1602769514826654	Neofunctionalization(Child)	Neofunctionalization(Child)	Neofunctionalization(Child)	Neofunctionalization(Child)	classified
TRD	Pbre1_15G314800	Pbre1_05G130400	Prupe.7G240500.1	13.312529333333334	0.0	11.704267999999999	0.3603397843799366	NA	0.4183987290588879	NA	NA	NA	NA	NA	NA	NA	all_zero_expression_profile
TRD	Pbre1_01G341000	Pbre1_05G132200	Prupe.2G282400.1	2.4064798333333335	3.7773938333333335	14.336646	0.8538337709695266	0.6341213328895727	0.9293936787977298	0.7055244470942736	0.6711471777953172	0.616093462927132	Specialization	Specialization	Conservation	Specialization	classified
TRD	Pbre1_05G198000	Pbre1_05G141000	Prupe.8G153100.1	NA	NA	NA	NA	NA	NA	NA	NA	NA	NA	NA	NA	NA	missing_expression_record
TRD	Pbre1_04G275000	Pbre1_05G151600	Prupe.6G290800.1	22.575878333333332	0.42509983333333334	56.93021866666667	0.8793933178865071	0.7132351762438215	0.6396484487493479	0.7247105616211325	0.3479443740574514	0.7132452225737327	Neofunctionalization(Parent)	Neofunctionalization(Child)	Neofunctionalization(Child)	discordant	classified
TRD	Pbre1_17G209200	Pbre1_05G156000	Prupe.3G195000.1	20.457289666666668	0.34024233333333337	51.80710833333333	0.696519880675482	0.9964377041963296	0.5856574572265872	0.36112032385131776	0.8686323324481039	0.35703125966222193	Neofunctionalization(Child)	Neofunctionalization(Child)	Neofunctionalization(Child)	Neofunctionalization(Child)	classified
TRD	Pbre1_10G472600	Pbre1_05G160600	Prupe.4G066000.1	6.566431833333334	0.22825366666666666	37.90339	0.5793221498623551	1.0	0.7744135376040503	0.4139037693514928	0.6357109184000571	0.397434959881344	Specialization	Neofunctionalization(Child)	Neofunctionalization(Child)	discordant	classified
TRD	Pbre1_10G169400	Pbre1_05G165800	Prupe.8G134200.1	12.967620666666667	0.07968633333333333	21.733687	0.3489024630296155	1.0	0.6461154166252887	0.1718988738701005	1.0694865410468324	0.1739958983935461	Neofunctionalization(Child)	Neofunctionalization(Child)	Neofunctionalization(Child)	Neofunctionalization(Child)	classified
TRD	Pbre1_04G164000	Pbre1_05G174800	Prupe.6G235000.1	22.54606233333333	0.0	32.488736833333334	0.3158383523825668	NA	0.345607557831959	NA	NA	NA	NA	NA	NA	NA	all_zero_expression_profile
TRD	Pbre1_12G061600	Pbre1_05G186000	Prupe.7G098700.1	140.86776166666667	0.6630936666666667	34.356021	0.5881354079696351	0.6516911381658916	0.5257997733566658	0.19624376320053558	0.3807890454631048	0.19514571918137769	Conservation	Neofunctionalization(Child)	Neofunctionalization(Child)	discordant	classified
TRD	Pbre1_11G394800	Pbre1_05G189600	Prupe.4G187300.1	12.962554333333333	2.336256	124.31401916666667	0.6897600737602764	0.5558964217019271	0.7909891106743154	0.5289953028877697	0.5423649671046246	0.505171502305115	Specialization	Subfunctionalization	Neofunctionalization(Child)	discordant	classified
TRD	Pbre1_15G706400	Pbre1_05G193400	Prupe.1G541400.1	20.7094275	0.275343	67.39817316666667	0.34084094954012356	0.657421034049576	0.25852949705987954	0.05952008545402243	0.40388854662756973	0.06187836241104072	Neofunctionalization(Child)	Neofunctionalization(Child)	Neofunctionalization(Child)	Neofunctionalization(Child)	classified
TRD	Pbre1_03G451000	Pbre1_05G198400	Prupe.8G248800.1	NA	NA	NA	NA	NA	NA	NA	NA	NA	NA	NA	NA	NA	missing_expression_record
TRD	Pbre1_12G396200	Pbre1_05G209200	Prupe.6G341500.1	15.629627333333334	0.6910253333333333	90.58698683333334	0.8630657689707469	0.5815608676326255	0.8144474243938307	0.19692197247500867	0.5978211121214412	0.1845787662941033	Neofunctionalization(Child)	Neofunctionalization(Child)	Neofunctionalization(Child)	Neofunctionalization(Child)	classified
TRD	Pbre1_17G459000	Pbre1_05G214000	Prupe.3G160800.1	118.1851755	0.016939333333333334	80.06786233333334	0.41685184750477794	1.0	0.3491048039613858	0.1917441418386075	0.9002884809212395	0.19169633462800942	Neofunctionalization(Child)	Neofunctionalization(Child)	Neofunctionalization(Child)	Neofunctionalization(Child)	classified
TRD	Pbre1_05G323600	Pbre1_05G214200	Prupe.8G213600.1	16.646342	0.0	33.3096505	0.5684420432942435	NA	0.31557383026928776	NA	NA	NA	NA	NA	NA	NA	all_zero_expression_profile
TRD	Pbre1_13G244000	Pbre1_05G236000	Prupe.1G106700.1	8.164311666666666	0.0	14.853228	0.43291160271649537	NA	0.38893182601481396	NA	NA	NA	NA	NA	NA	NA	all_zero_expression_profile
TRD	Pbre1_10G234600	Pbre1_05G237000	Prupe.8G174300.1	16.227543999999998	9.072925833333334	17.648206	0.8952045298372404	0.6355042405448936	0.8315872656518526	0.25897701953971725	0.5458401318063062	0.2598375475992053	Neofunctionalization(Child)	Neofunctionalization(Child)	Conservation	Neofunctionalization(Child)	classified
TRD	Pbre1_10G234600	Pbre1_05G237200	Prupe.8G174300.1	16.227543999999998	14.064175833333334	17.648206	0.8952045298372404	0.561694437119776	0.8315872656518526	0.25897701953971725	0.5186391857962944	0.28448252942719476	Neofunctionalization(Child)	Conservation	Conservation	discordant	classified
TRD	Pbre1_15G294200	Pbre1_05G241200	Prupe.7G250400.1	5.921209166666666	0.3407793333333333	7.7942085	0.7206042418535388	0.9371731416514184	0.3730791632981737	0.3260649334545345	0.5918603024945898	0.2942977727046908	Neofunctionalization(Child)	Neofunctionalization(Child)	Neofunctionalization(Child)	Neofunctionalization(Child)	classified
TRD	Pbre1_10G243200	Pbre1_05G246600	Prupe.8G178500.1	1.2460531666666665	0.148685	2.5197586666666667	0.5672723841328908	0.7516325448500643	0.3265322464397147	0.25740669463736615	0.35993036288066993	0.25643878543331283	Conservation	Specialization	Neofunctionalization(Child)	discordant	classified
TRD	Pbre1_13G240800	Pbre1_05G248600	Prupe.1G104800.1	8.448098333333334	0.4042785	22.777987500000002	0.2762328643172672	0.376680888327716	0.36885210937919044	0.13186339190426438	0.13105034532891624	0.12735076663414552	Conservation	Neofunctionalization(Child)	Neofunctionalization(Child)	discordant	classified
TRD	Pbre1_14G413200	Pbre1_05G254200	Prupe.5G220200.1	8.0001945	0.2073545	19.565918333333332	0.3778955356702454	0.6281124811822706	0.45737294297405545	0.1519274631816277	0.2169593843371646	0.14543595763270759	Conservation	Neofunctionalization(Child)	Neofunctionalization(Child)	discordant	classified
TRD	Pbre1_10G254800	Pbre1_05G260800	Prupe.8G183100.1	7.673115166666667	0.09530116666666666	6.307748666666667	0.6788902854588654	0.6903135807751275	0.6070811723146571	0.2206500420612677	0.5648355204875721	0.22272107081609116	Neofunctionalization(Child)	Specialization	Neofunctionalization(Child)	discordant	classified
TRD	Pbre1_10G256800	Pbre1_05G262200	Prupe.8G183800.1	5.623027	5.082221333333333	4.7271135	0.6465917239303478	0.4957818727848361	0.46314822894958796	0.25820991219639017	0.16984208989629032	0.12375808900514486	Conservation	Specialization	Conservation	discordant	classified
TRD	Pbre1_10G256600	Pbre1_05G264400	Prupe.8G183700.1	33.12295233333333	0.6894478333333334	99.96886066666666	0.19814639828504324	0.4763601854281466	0.524998097308403	0.1612538731303325	0.07898434966326402	0.15825931245906535	Conservation	Neofunctionalization(Child)	Neofunctionalization(Child)	discordant	classified
TRD	Pbre1_15G593200	Pbre1_05G271400	Prupe.6G172500.1	28.038716166666667	0.24075216666666666	35.09572416666666	0.17901305416825294	0.9191472028713028	0.3655818305140948	0.1673993803425115	0.6051933066495018	0.16568877941091778	Neofunctionalization(Child)	Neofunctionalization(Child)	Neofunctionalization(Child)	Neofunctionalization(Child)	classified
TRD	Pbre1_10G270200	Pbre1_05G277400	Prupe.8G190300.1	16.2479805	0.13504233333333335	11.517241833333333	0.29751081987585576	0.8322485039248569	0.7309522713808564	0.26947306944348104	0.7082579050297326	0.26860675727684574	Neofunctionalization(Child)	Neofunctionalization(Child)	Neofunctionalization(Child)	Neofunctionalization(Child)	classified
TRD	Pbre1_16G335800	Pbre1_05G281400	Prupe.1G017400.1	98.36210183333333	0.0	142.00862766666668	0.21918039861215063	NA	0.46001136221733885	NA	NA	NA	NA	NA	NA	NA	all_zero_expression_profile
TRD	Pbre1_10G275000	Pbre1_05G282000	Prupe.8G192800.1	0.09702533333333332	0.0	0.48123	0.960725691433175	NA	0.6554835789652345	NA	NA	NA	NA	NA	NA	NA	all_zero_expression_profile
TRD	Pbre1_12G027400	Pbre1_05G282200	Prupe.7G025100.1	15.325487666666668	0.0	5.0427335	0.3640401042521094	NA	0.1169789999226833	NA	NA	NA	NA	NA	NA	NA	all_zero_expression_profile
TRD	Pbre1_06G388200	Pbre1_05G289000	Prupe.1G320700.1	4.085673833333333	0.074896	387.622109	0.618484608751656	0.9357870661625931	0.4217251095317766	0.26497246838584027	0.7351266267588483	0.26537896960793717	Neofunctionalization(Child)	Neofunctionalization(Child)	Neofunctionalization(Child)	Neofunctionalization(Child)	classified
TRD	Pbre1_06G182200	Pbre1_05G290400	Prupe.5G115000.1	10.987175333333333	6.4978308333333334	6.170998833333333	0.9183747583873455	0.3492807986512254	0.6501956634705615	0.4628353583696818	0.2981513410871884	0.2858313694340527	Neofunctionalization(Parent)	Specialization	Specialization	discordant	classified
TRD	Pbre1_05G548200	Pbre1_05G300800	Prupe.4G034100.1	0.7336345	2.6056358333333334	1.8900711666666665	0.5563866294498926	0.9128843963109047	0.6611859686516117	0.34896913759386383	0.4093854179343518	0.27047343701414006	Neofunctionalization(Child)	Subfunctionalization	Specialization	discordant	classified
TRD	Pbre1_03G127400	Pbre1_05G307600	Prupe.6G071100.1	23.760443666666667	0.0	52.36580883333333	0.3481307223254689	NA	0.5142424208031964	NA	NA	NA	NA	NA	NA	NA	all_zero_expression_profile
TRD	Pbre1_01G317400	Pbre1_05G307800	Prupe.2G269600.1	28.082006833333335	0.0	57.84465333333333	0.27158983314744517	NA	0.562661679751046	NA	NA	NA	NA	NA	NA	NA	all_zero_expression_profile
TRD	Pbre1_05G141400	Pbre1_05G310800	Prupe.8G116300.1	0.18601183333333332	0.0	2.8080421666666666	0.7703941075370637	NA	0.6541150546702951	NA	NA	NA	NA	NA	NA	NA	all_zero_expression_profile
TRD	Pbre1_10G305400	Pbre1_05G314800	Prupe.8G211000.1	0.29044516666666664	0.0	0.486533	0.7079049396695591	NA	0.7079656458924491	NA	NA	NA	NA	NA	NA	NA	all_zero_expression_profile
TRD	Pbre1_10G302000	Pbre1_05G315200	Prupe.8G209600.1	0.9842201666666667	0.26672666666666667	26.9199235	0.7197327077592093	0.6387508000385773	0.9528707459990752	0.9439978111139183	0.757549967380444	0.8977435883304753	Specialization	Specialization	Specialization	Specialization	classified
TRD	Pbre1_01G046200	Pbre1_05G321200	Prupe.6G161400.1	63.7414755	0.21925833333333333	200.36442416666665	0.4854207496163411	0.9809275131596695	0.5177549590936403	0.34822737769737167	0.9182999417064671	0.34765653926482637	Neofunctionalization(Child)	Neofunctionalization(Child)	Neofunctionalization(Child)	Neofunctionalization(Child)	classified
TRD	Pbre1_12G174000	Pbre1_05G322600	Prupe.7G121300.1	28.5578425	6.994223833333333	27.502844166666666	0.3222141474667669	0.5223698630557261	0.21006414690856556	0.07359358371890745	0.22231689160145376	0.09530410717783179	Conservation	Neofunctionalization(Child)	Conservation	discordant	classified
TRD	Pbre1_10G300600	Pbre1_05G331800	Prupe.8G208900.1	118.81733283333334	0.3780903333333333	277.90582866666665	0.12321151234351937	0.9152330250768548	0.44384856934492617	0.15026795413297858	0.5530472574286202	0.14974196791273464	Neofunctionalization(Child)	Neofunctionalization(Child)	Neofunctionalization(Child)	Neofunctionalization(Child)	classified
TRD	Pbre1_10G322400	Pbre1_05G338800	Prupe.8G222100.1	6.070373666666667	0.5268853333333333	5.882523833333334	0.4188570707956744	0.7028050758890553	0.49570982364581573	0.24736981035884084	0.23687433711329506	0.21414095727535928	Conservation	Neofunctionalization(Child)	Neofunctionalization(Child)	discordant	classified
TRD	Pbre1_01G354200	Pbre1_05G350800	Prupe.2G288900.1	30.1693345	2.6933025	41.432936	0.3703698874383155	0.4169296798678845	0.22076071786884607	0.11346046310002322	0.21200023552515682	0.10253577627805104	Conservation	Neofunctionalization(Child)	Conservation	discordant	classified
TRD	Pbre1_02G505200	Pbre1_05G351400	Prupe.2G008000.1	10.085440333333334	15.293815166666665	35.35508	0.6289242297832691	0.9158899324283019	0.830894885955208	0.5500847385306319	0.8092888363542563	0.6282459885513246	Specialization	Neofunctionalization(Child)	Neofunctionalization(Child)	discordant	classified
TRD	Pbre1_10G330000	Pbre1_05G355200	Prupe.8G226000.1	0.144782	9.351287	3.7810823333333334	0.8367326968674336	0.4824260330699798	0.6554310662778482	0.5339188922275752	0.462015347262996	0.4586122121267729	Specialization	Specialization	Specialization	Specialization	classified
TRD	Pbre1_11G148000	Pbre1_05G357000	Prupe.6G075400.1	NA	NA	NA	NA	NA	NA	NA	NA	NA	NA	NA	NA	NA	missing_expression_record
TRD	Pbre1_02G103000	Pbre1_05G360000	Prupe.7G221000.1	108.57331083333334	0.0	27.680407666666667	0.6217662148591467	NA	0.34319971347551126	NA	NA	NA	NA	NA	NA	NA	all_zero_expression_profile
TRD	Pbre1_15G020600	Pbre1_05G362600	Prupe.1G364800.1	64.18584383333334	2.2126236666666665	265.92403716666666	0.8288013077480609	0.476273904795133	0.6564294026558246	0.4621179643552919	0.29815478935866124	0.4506752049596517	Neofunctionalization(Parent)	Conservation	Conservation	discordant	classified
TRD	Pbre1_05G371000	Pbre1_05G367200	Prupe.4G142400.1	1.0845318333333334	0.6615275	1.364477	0.6180210524056347	0.951690439853748	0.9094610406133254	0.6353346944869251	0.162101911944964	0.34471050993534663	Neofunctionalization(Parent)	Specialization	Specialization	discordant	classified
TRD	Pbre1_08G106000	Pbre1_05G370800	Prupe.1G411100.1	22.878826	0.057398500000000005	16.142660166666666	0.8436141004587302	0.787461817659108	0.5845217802970126	0.5378761345910873	0.4512622224889017	0.5373116837367993	Specialization	Neofunctionalization(Child)	Neofunctionalization(Child)	discordant	classified
TRD	Pbre1_14G058600	Pbre1_05G372400	Prupe.7G099500.1	8.139823666666667	0.0	1.6366403333333335	0.8881496336955873	NA	0.9923939707025546	NA	NA	NA	NA	NA	NA	NA	all_zero_expression_profile
TRD	Pbre1_10G352400	Pbre1_05G372600	Prupe.4G141500.1	NA	NA	NA	NA	NA	NA	NA	NA	NA	NA	NA	NA	NA	missing_expression_record
TRD	Pbre1_10G371000	Pbre1_05G391800	Prupe.4G129900.1	3.967258833333333	1.8060478333333334	2.9736421666666666	0.1437203229159618	0.47898204489275836	0.4823547180679005	0.1335411517446672	0.20953612796720483	0.14903688980549476	Conservation	Conservation	Conservation	Conservation	classified
TRD	Pbre1_10G375000	Pbre1_05G394600	Prupe.4G128300.1	4.729666166666667	1.6237108333333332	2.814013	0.4024620032600753	0.9595842267654792	0.27107283329729653	0.10375086588674823	0.6912757881818712	0.22434288634848087	Neofunctionalization(Child)	Neofunctionalization(Child)	Neofunctionalization(Child)	Neofunctionalization(Child)	classified
TRD	Pbre1_08G329600	Pbre1_05G423800	Prupe.1G528600.1	8.191773666666666	0.24482600000000002	29.344175166666666	0.4458910497872643	0.919623685159842	0.49403016296504915	0.24234008754109804	0.49472066167027456	0.23526085503022096	Neofunctionalization(Child)	Neofunctionalization(Child)	Neofunctionalization(Child)	Neofunctionalization(Child)	classified
TRD	Pbre1_17G196200	Pbre1_05G429000	Prupe.3G203100.1	8.920224833333334	10.306491833333334	21.308912166666666	0.7892919870062381	0.16749264760146668	0.3341336605995703	0.29984508041917063	0.14693576013188345	0.15857407123912665	Conservation	Conservation	Conservation	Conservation	classified
TRD	Pbre1_07G359600	Pbre1_05G429400	Prupe.2G248500.1	50.037413666666666	11.572149	200.2219355	0.5477938187670298	0.20400884434266753	0.34737623901459164	0.0815039731377938	0.11382947129320786	0.06078447953491439	Conservation	Conservation	Conservation	Conservation	classified
TRD	Pbre1_09G446800	Pbre1_05G430200	Prupe.3G160400.1	0.19510883333333334	0.21774666666666667	5.130047	0.9508793098311606	0.9796316849452318	0.9303249095100732	0.07807923614172149	0.20167570658749634	0.13734313660601175	Conservation	Specialization	Specialization	discordant	classified
TRD	Pbre1_10G410600	Pbre1_05G430600	Prupe.4G106000.1	10.903135833333334	0.47571949999999996	11.094347666666668	0.5305328694666906	0.3747356642871393	0.38167229082350157	0.12054066849615244	0.1279062842817251	0.11574936661155764	Conservation	Neofunctionalization(Child)	Neofunctionalization(Child)	discordant	classified
TRD	Pbre1_05G243800	Pbre1_05G435600	Prupe.8G177400.1	22.894692666666668	0.04274583333333333	61.44621333333333	0.4071834060688019	0.939275185524042	0.4695086690313298	0.18080013870013284	0.7119965143637856	0.1813666920370035	Neofunctionalization(Child)	Neofunctionalization(Child)	Neofunctionalization(Child)	Neofunctionalization(Child)	classified
TRD	Pbre1_16G015000	Pbre1_05G436600	Prupe.1G343400.1	7.785599166666667	0.061469833333333335	20.711473166666668	0.7319332993657889	0.9463653649764293	0.5407432689083833	0.35286215573240254	0.7851702675800746	0.3507008971238622	Neofunctionalization(Child)	Neofunctionalization(Child)	Neofunctionalization(Child)	Neofunctionalization(Child)	classified
TRD	Pbre1_15G778400	Pbre1_05G438400	Prupe.1G585000.1	31.507089333333333	4.59782	16.643331	0.580142354182773	0.4097073327523647	0.4879293054746271	0.12736354363737176	0.15537760995242894	0.11253503646692994	Conservation	Conservation	Conservation	Conservation	classified
TRD	Pbre1_05G375800	Pbre1_05G440800	Prupe.4G139500.1	3.3069355	3.7224721666666665	3.083623333333333	0.593254851234912	0.8414208637944587	0.735877089736373	0.33754687923065574	0.6307314868361589	0.49026775164385467	Neofunctionalization(Child)	Neofunctionalization(Child)	Conservation	Neofunctionalization(Child)	classified
TRD	Pbre1_11G421600	Pbre1_05G451800	Prupe.4G172800.1	103.02211533333333	0.0	265.7756395	0.200440468567949	NA	0.35498553743197203	NA	NA	NA	NA	NA	NA	NA	all_zero_expression_profile
TRD	Pbre1_15G146200	Pbre1_05G458200	Prupe.1G433100.1	NA	NA	NA	NA	NA	NA	NA	NA	NA	NA	NA	NA	NA	missing_expression_record
TRD	Pbre1_10G437800	Pbre1_05G464000	Prupe.4G086000.1	12.923007833333333	0.9634218333333333	15.687879666666667	0.7062097282763666	0.5841877564760878	0.49801203310633096	0.26778439695536427	0.32611069752105076	0.24556943123495167	Conservation	Neofunctionalization(Child)	Neofunctionalization(Child)	discordant	classified
TRD	Pbre1_10G437800	Pbre1_05G464200	Prupe.4G086000.1	12.923007833333333	2.4144515	15.687879666666667	0.7062097282763666	0.5307912869464955	0.49801203310633096	0.26778439695536427	0.34393101285076316	0.236961316622588	Conservation	Neofunctionalization(Child)	Conservation	discordant	classified
TRD	Pbre1_10G438800	Pbre1_05G465400	Prupe.4G085500.1	2.4728263333333333	1.2773955000000001	5.496891333333333	0.5711304086879785	0.3880986607034088	0.5950188682014057	0.28650152815083746	0.19026590180904285	0.23614695660509974	Conservation	Conservation	Conservation	Conservation	classified
TRD	Pbre1_10G545400	Pbre1_05G480000	Prupe.4G026000.1	NA	NA	NA	NA	NA	NA	NA	NA	NA	NA	NA	NA	NA	missing_expression_record
TRD	Pbre1_10G353400	Pbre1_05G502600	Prupe.4G141000.1	36.015593833333334	0.007099500000000001	71.97519083333333	0.48414636432914	1.0	0.6497973836619496	0.31122432287666774	0.9225918204810752	0.3111974667470182	Neofunctionalization(Child)	Neofunctionalization(Child)	Neofunctionalization(Child)	Neofunctionalization(Child)	classified
TRD	Pbre1_16G368000	Pbre1_05G502800	Prupe.1G041700.1	63.55534333333333	0.012243833333333334	76.44156966666667	0.6351685102983577	0.9641182892370923	0.6225198349075726	0.1776699155417325	0.7952804148907854	0.1776246550923802	Neofunctionalization(Child)	Neofunctionalization(Child)	Neofunctionalization(Child)	Neofunctionalization(Child)	classified
TRD	Pbre1_10G497800	Pbre1_05G519000	Prupe.4G051600.1	NA	NA	NA	NA	NA	NA	NA	NA	NA	NA	NA	NA	NA	missing_expression_record
TRD	Pbre1_08G131600	Pbre1_05G519600	Prupe.1G419800.1	16.048745833333335	0.15077216666666668	20.437117	0.23246120260604788	0.8572613353287174	0.4550300040959689	0.18154883531415106	0.5730722806522616	0.18248323843019226	Neofunctionalization(Child)	Neofunctionalization(Child)	Neofunctionalization(Child)	Neofunctionalization(Child)	classified
TRD	Pbre1_16G427600	Pbre1_05G548800	Prupe.1G081500.1	38.43981433333333	0.061790000000000005	51.194958166666666	0.6564414299496233	0.9811122689661076	0.36769182521617017	0.2908117117198825	0.7451475596924167	0.28994448649574533	Neofunctionalization(Child)	Neofunctionalization(Child)	Neofunctionalization(Child)	Neofunctionalization(Child)	classified
TRD	Pbre1_10G563200	Pbre1_05G579200	Prupe.4G016400.1	17.594707500000002	5.161265333333334	16.241377833333335	0.8104686995124339	0.6945930223116913	0.515818295519657	0.3036853903709042	0.26195873163337247	0.28772459186405874	Conservation	Conservation	Conservation	Conservation	classified
TRD	Pbre1_10G584000	Pbre1_05G596000	Prupe.4G006600.1	8.075023666666667	21.012452166666666	21.968722833333334	0.2685831817182158	0.5576163499812941	0.3828871610174719	0.09235249061368221	0.2327359116508129	0.16715383412484175	Conservation	Conservation	Conservation	Conservation	classified
TRD	Pbre1_06G079200	Pbre1_05G603200	Prupe.5G055100.1	18.1913385	0.0	14.824098	0.30568787853785073	NA	0.7184002703836697	NA	NA	NA	NA	NA	NA	NA	all_zero_expression_profile
TRD	Pbre1_10G592200	Pbre1_05G603800	Prupe.4G001300.1	47.649677000000004	3.3658745	73.44220083333333	0.45474951626490234	0.4127022189284812	0.3727290893427124	0.145430639032225	0.20797428387489877	0.14456564949639614	Conservation	Conservation	Conservation	Conservation	classified
TRD	Pbre1_10G223000	Pbre1_06G002600	Prupe.8G167000.1	25.715958333333333	5.7013514999999995	46.44869683333334	0.22967081729122665	0.6393462064659036	0.4062349897445646	0.13323264517283523	0.2745358940089684	0.14067948691346163	Conservation	Conservation	Conservation	Conservation	classified
TRD	Pbre1_03G209800	Pbre1_06G004400	Prupe.6G118600.1	20.840794333333335	34.922877	63.811024833333335	0.6286099806525776	0.6083441924280478	0.447661708501065	0.3143975149544221	0.29894502685925506	0.30133584210715575	Conservation	Conservation	Conservation	Conservation	classified
TRD	Pbre1_15G240800	Pbre1_06G014800	Prupe.4G273700.1	NA	NA	NA	NA	NA	NA	NA	NA	NA	NA	NA	NA	NA	missing_expression_record
TRD	Pbre1_12G066400	Pbre1_06G017800	Prupe.7G097000.1	25.6343915	0.045255333333333335	12.153451	0.4966038067712305	0.8010988688115177	0.511065696978034	0.2140334062247839	0.5436730008154727	0.21375608679755015	Neofunctionalization(Child)	Neofunctionalization(Child)	Neofunctionalization(Child)	Neofunctionalization(Child)	classified
TRD	Pbre1_16G131400	Pbre1_06G020600	Prupe.1G275300.1	0.31199533333333335	0.0	100.65367016666667	0.9499290987627852	NA	0.6994071095855607	NA	NA	NA	NA	NA	NA	NA	all_zero_expression_profile
TRD	Pbre1_11G198400	Pbre1_06G022400	Prupe.6G098200.1	96.71644133333334	0.011682333333333334	90.95427983333333	0.46248696266647055	1.0	0.5863779837428289	0.3190655983322097	0.7530701691263976	0.3189826376869695	Neofunctionalization(Child)	Neofunctionalization(Child)	Neofunctionalization(Child)	Neofunctionalization(Child)	classified
TRD	Pbre1_05G514200	Pbre1_06G023000	Prupe.4G054600.1	1.7562326666666666	0.0	11.761982333333334	0.4711192640497256	NA	0.46174185227105047	NA	NA	NA	NA	NA	NA	NA	all_zero_expression_profile
TRD	Pbre1_09G018800	Pbre1_06G025600	Prupe.3G306000.1	NA	NA	NA	NA	NA	NA	NA	NA	NA	NA	NA	NA	NA	missing_expression_record
TRD	Pbre1_09G136400	Pbre1_06G030200	Prupe.3G240300.1	95.3677145	0.0	182.21125899999998	0.1950806965745887	NA	0.3619342746172373	NA	NA	NA	NA	NA	NA	NA	all_zero_expression_profile
TRD	Pbre1_13G039400	Pbre1_06G032200	Prupe.1G330800.1	0.8259895	0.0	49.224586333333335	0.8951719569397237	NA	0.9978997346326288	NA	NA	NA	NA	NA	NA	NA	all_zero_expression_profile
TRD	Pbre1_16G041000	Pbre1_06G032400	Prupe.1G330800.1	29.448016666666668	0.0	49.224586333333335	0.994924262297997	NA	0.9978997346326288	NA	NA	NA	NA	NA	NA	NA	all_zero_expression_profile
TRD	Pbre1_15G443200	Pbre1_06G032800	Prupe.7G165600.1	12.1540945	2.147863666666667	126.14570416666666	0.28576328468741885	0.5999206082941283	0.7563148174155125	0.3288557933973188	0.504821465301562	0.35194262287556216	Neofunctionalization(Child)	Neofunctionalization(Child)	Neofunctionalization(Child)	Neofunctionalization(Child)	classified
TRD	Pbre1_13G146000	Pbre1_06G034200	Prupe.1G262100.1	87.58323266666666	0.0	163.31087666666667	0.3348711270529147	NA	0.3427989239020037	NA	NA	NA	NA	NA	NA	NA	all_zero_expression_profile
TRD	Pbre1_13G145600	Pbre1_06G036600	Prupe.1G262400.1	15.754188	0.2066455	7.654333833333333	0.8837376620424063	0.7261339076363317	0.23606915803503026	0.4957354998945833	0.3816961426762096	0.485284382205976	Neofunctionalization(Parent)	Neofunctionalization(Child)	Neofunctionalization(Child)	discordant	classified
TRD	Pbre1_17G473200	Pbre1_06G036800	Prupe.3G117700.1	15.671452666666667	0.026484166666666666	25.799138166666665	0.7645157916126578	1.0	0.44691855585095475	0.3394968996008065	1.000263679854075	0.3394686860072685	Neofunctionalization(Child)	Neofunctionalization(Child)	Neofunctionalization(Child)	Neofunctionalization(Child)	classified
TRD	Pbre1_16G022000	Pbre1_06G037000	Prupe.1G339800.1	NA	NA	NA	NA	NA	NA	NA	NA	NA	NA	NA	NA	NA	missing_expression_record
TRD	Pbre1_09G343400	Pbre1_06G037800	Prupe.3G060700.1	17.102014666666665	0.4562196666666667	51.58872733333333	0.46640539667564945	0.6353402520354887	0.726622072450265	0.4246227667058217	0.26708807808185714	0.41714227720867614	Neofunctionalization(Parent)	Neofunctionalization(Child)	Neofunctionalization(Child)	discordant	classified
TRD	Pbre1_11G330800	Pbre1_06G040200	Prupe.4G231300.1	48.50903133333333	119.82404283333334	67.90232416666666	0.49634848315598434	0.5328538228085222	0.471868213372485	0.25113494389383545	0.1830268619359195	0.18391965224606016	Conservation	Conservation	Conservation	Conservation	classified
TRD	Pbre1_06G070400	Pbre1_06G046200	Prupe.5G048100.1	7.3400765	0.2396795	9.945036833333333	0.9982926502688636	0.7142878855429011	0.9993986014533782	0.010297251076969225	0.9551238296731491	0.03528668319727821	Neofunctionalization(Child)	Neofunctionalization(Child)	Neofunctionalization(Child)	Neofunctionalization(Child)	classified
TRD	Pbre1_15G067400	Pbre1_06G049400	Prupe.1G389200.1	68.74366016666667	0.14872416666666666	200.30113983333334	0.6204937641942507	0.8981313027093405	0.2961015728754727	0.195109544510209	0.5661895417089622	0.1945497751277349	Neofunctionalization(Child)	Neofunctionalization(Child)	Neofunctionalization(Child)	Neofunctionalization(Child)	classified
TRD	Pbre1_13G152200	Pbre1_06G052600	Prupe.1G258300.1	7.151771666666667	0.0	16.0832115	0.8228283171525159	NA	0.7130083814668057	NA	NA	NA	NA	NA	NA	NA	all_zero_expression_profile
TRD	Pbre1_12G058800	Pbre1_06G055000	Prupe.7G100600.1	1.7757901666666667	0.0	3.2584903333333335	0.8129849519951646	NA	0.8542644295204692	NA	NA	NA	NA	NA	NA	NA	all_zero_expression_profile
TRD	Pbre1_15G294000	Pbre1_06G056200	Prupe.7G250500.1	7.8051425	13.682525	9.584814666666666	0.31093734975509457	0.36074043015054047	0.30426004156214087	0.09845965492920712	0.22386340163542576	0.1658608785581057	Conservation	Conservation	Conservation	Conservation	classified
TRD	Pbre1_13G033600	Pbre1_06G058200	Prupe.1G333300.1	8.942430166666666	0.0	7.924997666666667	0.4059979550088631	NA	0.5777848991949084	NA	NA	NA	NA	NA	NA	NA	all_zero_expression_profile
TRD	Pbre1_13G264800	Pbre1_06G074600	Prupe.1G123000.1	33.87125666666667	0.0	98.25937833333333	0.5740585701375662	NA	0.3213207766779984	NA	NA	NA	NA	NA	NA	NA	all_zero_expression_profile
TRD	Pbre1_04G093200	Pbre1_06G080400	Prupe.5G056900.1	19.857423833333332	0.0	20.527788833333332	0.5470526530386323	NA	0.4793226436167061	NA	NA	NA	NA	NA	NA	NA	all_zero_expression_profile
TRD	Pbre1_17G243200	Pbre1_06G088000	Prupe.3G175300.1	16.558062666666668	0.0	19.239717166666665	0.2656657637599541	NA	0.34872899440032573	NA	NA	NA	NA	NA	NA	NA	all_zero_expression_profile
TRD	Pbre1_03G462400	Pbre1_06G090000	Prupe.8G255500.1	24.216109499999998	0.2886208333333333	99.47981666666666	0.24512658163585016	0.6493693928587895	0.3032943207754445	0.16224502083311118	0.37180006237362406	0.16164656689267795	Conservation	Neofunctionalization(Child)	Neofunctionalization(Child)	discordant	classified
TRD	Pbre1_09G490800	Pbre1_06G100000	Prupe.3G001700.1	18.082996333333334	0.0	61.533465666666665	0.3984280178639371	NA	0.6406186937876119	NA	NA	NA	NA	NA	NA	NA	all_zero_expression_profile
TRD	Pbre1_11G225200	Pbre1_06G113000	Prupe.6G114700.1	12.421461166666667	0.0	29.413455499999998	0.2774206194765633	NA	0.5375049190468384	NA	NA	NA	NA	NA	NA	NA	all_zero_expression_profile
TRD	Pbre1_04G134400	Pbre1_06G114600	Prupe.5G076600.1	29.0654455	0.006899333333333333	52.0940485	0.8037151695821526	0.8037522733799177	0.7419585394053201	0.3443763575726326	0.6444612572437353	0.3442780730816857	Neofunctionalization(Child)	Neofunctionalization(Child)	Neofunctionalization(Child)	Neofunctionalization(Child)	classified
TRD	Pbre1_15G116800	Pbre1_06G116400	Prupe.1G417200.1	0.4631726666666667	0.0	0.35167166666666666	0.743886824999405	NA	0.9332558817189959	NA	NA	NA	NA	NA	NA	NA	all_zero_expression_profile
TRD	Pbre1_04G130400	Pbre1_06G116800	Prupe.5G079200.1	72.15938216666667	11.094155	96.67859483333334	0.36618123179905726	0.6987257461776151	0.6640686977312023	0.18185939593991382	0.13273032991711195	0.1634588283410488	Conservation	Conservation	Conservation	Conservation	classified
TRD	Pbre1_04G118400	Pbre1_06G128000	Prupe.5G087400.1	188.1870185	13.735279166666666	233.978561	0.9690186167574231	0.8957472394311832	0.9334136865948934	1.0507163443589003	0.9579526568929879	1.0425322388266265	Specialization	Neofunctionalization(Child)	Neofunctionalization(Child)	discordant	classified
TRD	Pbre1_04G118800	Pbre1_06G128600	Prupe.5G087200.1	1.0621053333333332	2.3391135	0.6889995	0.7586572376982365	0.8364574740770931	0.940921708977909	0.44054577496255715	0.32110937237480636	0.35592963648576476	Neofunctionalization(Parent)	Specialization	Specialization	discordant	classified
TRD	Pbre1_04G119000	Pbre1_06G128800	Prupe.5G087100.1	0.04564316666666667	0.0	0.40996516666666666	1.0	NA	0.9943372728895519	NA	NA	NA	NA	NA	NA	NA	all_zero_expression_profile
TRD	Pbre1_04G115800	Pbre1_06G131200	Prupe.5G089300.1	1.6958216666666668	0.6882568333333333	7.993659833333333	0.545799764486295	0.7590377411680285	0.6789678074245468	0.33597896436096414	0.4246781072324408	0.3548705629785747	Neofunctionalization(Child)	Specialization	Neofunctionalization(Child)	discordant	classified
TRD	Pbre1_08G018800	Pbre1_06G131800	Prupe.1G362200.1	89.05260866666667	0.0	143.34950466666666	0.28608599329951145	NA	0.3552926529210638	NA	NA	NA	NA	NA	NA	NA	all_zero_expression_profile
TRD	Pbre1_13G025800	Pbre1_06G137200	Prupe.1G338000.1	0.7494093333333333	0.08436316666666667	2.7446456666666665	0.8396152224685458	0.9511570056977675	0.6944057694920301	0.4902787673948653	0.9302910567849576	0.464354758221185	Specialization	Specialization	Specialization	Specialization	classified
TRD	Pbre1_10G431000	Pbre1_06G140600	Prupe.4G088900.1	16.989080166666668	0.027237666666666664	21.435607	0.24131046994271768	1.0	0.2222432264740543	0.05991138782530205	0.9026445039516063	0.06067922804592411	Neofunctionalization(Child)	Neofunctionalization(Child)	Neofunctionalization(Child)	Neofunctionalization(Child)	classified
TRD	Pbre1_17G294200	Pbre1_06G141800	Prupe.3G021500.1	108.07034616666667	0.0	101.325115	0.6259646040260448	NA	0.43613829578896696	NA	NA	NA	NA	NA	NA	NA	all_zero_expression_profile
TRD	Pbre1_14G189400	Pbre1_06G142600	Prupe.5G097700.1	158.127411	548.5994503333334	625.1173373333334	0.4713521339357161	0.6722858710782014	0.7120022110347213	0.36261948553932327	0.30956168905603965	0.3070553180028603	Conservation	Conservation	Conservation	Conservation	classified
TRD	Pbre1_14G189200	Pbre1_06G143600	Prupe.5G097500.1	7.413251166666667	13.1725935	32.242056833333336	0.27534826838438703	0.523221870888844	0.6959433020332546	0.2974416825511321	0.15894465496602453	0.200970368781925	Conservation	Conservation	Conservation	Conservation	classified
TRD	Pbre1_14G189000	Pbre1_06G143800	Prupe.5G097400.1	18.697680333333334	5.2329675	17.450843833333334	0.21644919270663587	0.15993464355395964	0.3908328890664282	0.17916264370939491	0.18806604330879587	0.17826671264954	Conservation	Conservation	Conservation	Conservation	classified
TRD	Pbre1_14G189000	Pbre1_06G144000	Prupe.5G097400.1	18.697680333333334	3.739723666666667	17.450843833333334	0.21644919270663587	0.3120202714949317	0.3908328890664282	0.17916264370939491	0.26577655150415624	0.17814343872748178	Conservation	Conservation	Conservation	Conservation	classified
TRD	Pbre1_09G289600	Pbre1_06G144200	Prupe.3G030500.1	16.662077	4.971772166666667	14.251301333333334	0.9236405912906303	0.9445912217018023	0.6390151264779085	0.5791307247848942	0.6448677446111972	0.594070082780822	Specialization	Neofunctionalization(Child)	Neofunctionalization(Child)	discordant	classified
TRD	Pbre1_06G166000	Pbre1_06G146600	Prupe.5G106800.1	NA	NA	NA	NA	NA	NA	NA	NA	NA	NA	NA	NA	NA	missing_expression_record
TRD	Pbre1_01G329000	Pbre1_06G153600	Prupe.2G275100.1	41.331718333333335	0.03508166666666667	31.2215815	0.48668127100012937	1.0	0.4019495735383768	0.2678615680681747	0.9755663854807696	0.2682619905682223	Neofunctionalization(Child)	Neofunctionalization(Child)	Neofunctionalization(Child)	Neofunctionalization(Child)	classified
TRD	Pbre1_10G174400	Pbre1_06G162000	Prupe.8G136900.1	0.0	0.017579166666666667	10.819423333333333	NA	1.0	0.5798067419899616	NA	NA	NA	NA	NA	NA	NA	all_zero_expression_profile
TRD	Pbre1_09G204200	Pbre1_06G164600	Prupe.3G202500.1	0.8400065	2.6878408333333335	23.645870166666665	0.9161874128402241	0.68419988757783	0.9244508325786456	0.9562858962030498	0.4089311297564955	0.48429489882994464	Specialization	Specialization	Neofunctionalization(Parent)	Specialization	classified
TRD	Pbre1_15G486200	Pbre1_06G166600	Prupe.7G142000.1	NA	NA	NA	NA	NA	NA	NA	NA	NA	NA	NA	NA	NA	missing_expression_record
TRD	Pbre1_15G486200	Pbre1_06G166800	Prupe.7G142000.1	NA	NA	NA	NA	NA	NA	NA	NA	NA	NA	NA	NA	NA	missing_expression_record
TRD	Pbre1_15G486400	Pbre1_06G167000	Prupe.7G141900.1	3.1016536666666665	12.478279166666667	0.8963351666666667	0.49895715201373625	0.5439191636900313	0.6141408760634879	0.38170437597505624	0.3727297290428293	0.3622616107022644	Conservation	Specialization	Specialization	discordant	classified
TRD	Pbre1_08G111600	Pbre1_06G167600	Prupe.1G408200.1	28.333181166666666	0.6363321666666667	33.475291666666664	0.4090973139567648	0.38343577832529174	0.31945060334096426	0.1216987357231662	0.22613688711330418	0.11972212865007205	Conservation	Neofunctionalization(Child)	Neofunctionalization(Child)	discordant	classified
TRD	Pbre1_12G137400	Pbre1_06G178400	Prupe.7G050300.1	16.083285500000002	0.0	10.4090115	0.32107158360419275	NA	0.5895949779401095	NA	NA	NA	NA	NA	NA	NA	all_zero_expression_profile
TRD	Pbre1_03G416800	Pbre1_06G185600	Prupe.4G154500.1	48.420982333333335	0.35967699999999997	87.008241	0.3425075363696772	0.6778518017587517	0.23840668026707293	0.15595754251154192	0.3238911593605158	0.15569662040935228	Conservation	Neofunctionalization(Child)	Neofunctionalization(Child)	discordant	classified
TRD	Pbre1_06G412800	Pbre1_06G189000	Prupe.5G242300.1	76.7708325	0.39794399999999996	13.777290166666667	0.7584762073189669	0.7274825007371756	0.9357116682765646	0.39441948980359326	0.414877781552716	0.3943664210351908	Specialization	Specialization	Specialization	Specialization	classified
TRD	Pbre1_16G029400	Pbre1_06G189200	Prupe.1G336000.1	NA	NA	NA	NA	NA	NA	NA	NA	NA	NA	NA	NA	NA	missing_expression_record
TRD	Pbre1_12G099200	Pbre1_06G192200	Prupe.7G075800.1	21.6600755	0.43349316666666665	17.366720166666667	0.439972083282418	0.6521205648660718	0.6108382417273491	0.3239556922062898	0.40707785716852435	0.3207284685721161	Neofunctionalization(Child)	Neofunctionalization(Child)	Neofunctionalization(Child)	Neofunctionalization(Child)	classified
TRD	Pbre1_12G282200	Pbre1_06G199400	Prupe.6G277500.1	234.48932433333334	0.282156	346.0445476666667	0.68456526789501	0.8272872176478359	0.6536892169882003	0.28671701375135306	0.6335183640213676	0.2861614176573671	Neofunctionalization(Child)	Neofunctionalization(Child)	Neofunctionalization(Child)	Neofunctionalization(Child)	classified
TRD	Pbre1_03G103000	Pbre1_06G199600	Prupe.6G056900.1	0.3855648333333333	0.3861255	9.256757666666667	0.7993337207117255	0.941332630677514	0.4968099808447807	0.6010297596566484	0.5833401204365402	0.33512405540042384	Subfunctionalization	Specialization	Specialization	discordant	classified
TRD	Pbre1_15G130200	Pbre1_06G219600	Prupe.1G423800.1	NA	NA	NA	NA	NA	NA	NA	NA	NA	NA	NA	NA	NA	missing_expression_record
TRD	Pbre1_14G264200	Pbre1_06G221600	Prupe.5G137400.1	59.11387466666667	0.3025695	19.2256455	0.4121500682665225	0.7538956970038014	0.7055241599063601	0.4477778925056215	0.40518046657088536	0.44642000171747953	Specialization	Specialization	Specialization	Specialization	classified
TRD	Pbre1_10G007400	Pbre1_06G243000	Prupe.8G006100.1	13.806041833333333	0.0	51.67069933333333	0.3089577943233288	NA	0.17363021157143946	NA	NA	NA	NA	NA	NA	NA	all_zero_expression_profile
TRD	Pbre1_16G084400	Pbre1_06G243200	Prupe.1G306300.1	24.968998833333334	26.535847	28.305564	0.91391846120076	0.4599893336079913	0.7856340077152077	0.3060146364120445	0.3948527569314367	0.18363949386882572	Neofunctionalization(Child)	Conservation	Conservation	discordant	classified
TRD	Pbre1_07G229400	Pbre1_06G246000	Prupe.2G171400.1	35.920708166666664	0.8598156666666668	42.0904255	0.4020680033319075	0.9754088294136457	0.6155402986490841	0.309690661614699	0.9988210843158839	0.30874443309699545	Neofunctionalization(Child)	Neofunctionalization(Child)	Neofunctionalization(Child)	Neofunctionalization(Child)	classified
TRD	Pbre1_02G020400	Pbre1_06G255800	Prupe.7G261400.1	0.0	0.07837616666666666	12.563522166666667	NA	0.6391085507090803	0.6223526766669621	NA	NA	NA	NA	NA	NA	NA	all_zero_expression_profile
TRD	Pbre1_15G052400	Pbre1_06G256000	Prupe.1G382700.1	NA	NA	NA	NA	NA	NA	NA	NA	NA	NA	NA	NA	NA	missing_expression_record
TRD	Pbre1_04G265600	Pbre1_06G256400	Prupe.6G285000.1	2.5770993333333334	0.0	4.9613293333333335	0.3679108597923032	NA	0.7822276513085711	NA	NA	NA	NA	NA	NA	NA	all_zero_expression_profile
TRD	Pbre1_03G416800	Pbre1_06G259200	Prupe.4G154500.1	48.420982333333335	0.05185066666666667	87.008241	0.3425075363696772	0.9318045845222803	0.23840668026707293	0.15595754251154192	0.630441263717184	0.15541109530691372	Neofunctionalization(Child)	Neofunctionalization(Child)	Neofunctionalization(Child)	Neofunctionalization(Child)	classified
TRD	Pbre1_14G306800	Pbre1_06G269200	Prupe.5G161000.1	10.040346333333334	131.27177366666666	242.30356316666666	0.907130952455901	0.610546156833376	0.5071795527321713	0.6057163919309828	0.288470872916565	0.3016667193799734	Neofunctionalization(Parent)	Conservation	Conservation	discordant	classified
TRD	Pbre1_14G306400	Pbre1_06G269600	Prupe.5G160800.1	143.10113533333333	74.50690116666667	84.39080233333333	0.41663605479953175	0.5237683293617856	0.3443719906174489	0.206721767849239	0.16647196476151316	0.18695782228254065	Conservation	Conservation	Conservation	Conservation	classified
TRD	Pbre1_14G317000	Pbre1_06G276400	Prupe.5G165300.1	0.8764661666666667	0.222773	3.470232666666667	0.5101113454266383	0.5516155790229397	0.8750270675562815	0.5154576014530459	0.47768661366909076	0.5060479709271029	Specialization	Specialization	Specialization	Specialization	classified
TRD	Pbre1_06G275000	Pbre1_06G307000	Prupe.5G164300.1	143.85097133333335	2.7047968333333334	31.135424166666667	0.6648564929930418	0.9436701920059211	0.7981983654589772	0.42628448642132766	0.3310509642936051	0.41336533126462116	Neofunctionalization(Parent)	Neofunctionalization(Child)	Neofunctionalization(Child)	discordant	classified
TRD	Pbre1_14G352000	Pbre1_06G314000	Prupe.5G184000.1	3.9408871666666663	0.007111333333333333	15.011847000000001	0.9958955320506535	1.0	0.7220749582490505	0.6337695904770569	0.6558300923348638	0.6338091109492132	Specialization	Specialization	Specialization	Specialization	classified
TRD	Pbre1_10G550800	Pbre1_06G323600	Prupe.4G023400.1	20.764203333333334	0.0074665	69.72168166666667	0.5011280435950379	1.0	0.49055148692629447	0.10737193843870987	0.7938403359173445	0.10707221589890054	Neofunctionalization(Child)	Neofunctionalization(Child)	Neofunctionalization(Child)	Neofunctionalization(Child)	classified
TRD	Pbre1_14G364800	Pbre1_06G328400	Prupe.5G193000.1	0.36985233333333334	0.7324815	1.6208758333333333	0.38226426357817467	0.2303470430353663	0.7691110096007081	0.38103637506903787	0.3040201819625186	0.3222019534026527	Conservation	Specialization	Specialization	discordant	classified
TRD	Pbre1_14G364800	Pbre1_06G328600	Prupe.5G193000.1	0.36985233333333334	1.5452683333333332	1.6208758333333333	0.38226426357817467	0.2695792709758639	0.7691110096007081	0.38103637506903787	0.36166981480936716	0.361086496122287	Conservation	Specialization	Specialization	discordant	classified
TRD	Pbre1_14G368800	Pbre1_06G331200	Prupe.5G194300.1	87.1614385	1.6619258333333333	132.2782645	0.7111722548022297	0.7443646305713814	0.8537826511594524	0.526414201122737	0.6553686841193148	0.5271469183697349	Specialization	Neofunctionalization(Child)	Neofunctionalization(Child)	discordant	classified
TRD	Pbre1_14G368800	Pbre1_06G331400	Prupe.5G194300.1	87.1614385	0.8758318333333334	132.2782645	0.7111722548022297	0.6378886183214394	0.8537826511594524	0.526414201122737	0.611685416207864	0.5260289392987009	Specialization	Neofunctionalization(Child)	Neofunctionalization(Child)	discordant	classified
TRD	Pbre1_15G363200	Pbre1_06G342800	Prupe.7G215100.1	8.067410166666667	4.48275	13.894352666666666	0.33714500644184886	0.4084751850430017	0.43330102508115453	0.14979056693571202	0.13195831239100075	0.14039818241018473	Conservation	Conservation	Conservation	Conservation	classified
TRD	Pbre1_09G320200	Pbre1_06G347200	Prupe.3G047800.1	NA	NA	NA	NA	NA	NA	NA	NA	NA	NA	NA	NA	NA	missing_expression_record
TRD	Pbre1_14G388200	Pbre1_06G350600	Prupe.5G206500.1	30.4635925	0.006628166666666667	13.4964105	0.4812237362614546	1.0	0.6132857224522166	0.13812740043856953	1.027332525030664	0.13831173559653973	Neofunctionalization(Child)	Neofunctionalization(Child)	Neofunctionalization(Child)	Neofunctionalization(Child)	classified
TRD	Pbre1_09G411800	Pbre1_06G357000	Prupe.3G134800.1	18.9226185	0.009765833333333333	116.35590433333334	0.1720428274326629	1.0	0.44769133482941526	0.14127527958092498	0.8084020279819365	0.14092973574183273	Neofunctionalization(Child)	Neofunctionalization(Child)	Neofunctionalization(Child)	Neofunctionalization(Child)	classified
TRD	Pbre1_14G354600	Pbre1_06G378800	Prupe.5G185400.1	0.010966833333333334	1.1117608333333333	0.20670833333333333	0.8910243467236401	0.7966046909630776	0.9807287002750062	0.8578587631545861	0.5614737778815763	0.5601335438582685	Specialization	Specialization	Specialization	Specialization	classified
TRD	Pbre1_04G232800	Pbre1_06G379600	Prupe.6G268000.1	0.15361766666666665	3.7717003333333334	0.5464698333333333	0.9581738135717733	0.5890081852733118	0.694320000987048	0.6821271380564264	0.32399386241501016	0.30354491444934856	Neofunctionalization(Parent)	Specialization	Specialization	discordant	classified
TRD	Pbre1_05G223000	Pbre1_06G390600	Prupe.8G167300.1	20.333372	2.089804	77.27326783333334	0.4358823935049124	0.542477942234888	0.4119451247574582	0.17879307174538672	0.24709230217232928	0.1827137771903412	Conservation	Conservation	Conservation	Conservation	classified
TRD	Pbre1_08G281800	Pbre1_06G396200	Prupe.1G501700.1	72.39654716666666	0.0	8.814698166666666	0.426208273553409	NA	0.5074972697973166	NA	NA	NA	NA	NA	NA	NA	all_zero_expression_profile
TRD	Pbre1_06G388400	Pbre1_06G396800	Prupe.5G228400.1	4.780950333333333	1.8320166666666666	1.2675551666666667	0.9595013243452104	0.9605511108284066	0.9852796628317486	1.237048432282592	1.206432012451392	1.2274361960211964	Specialization	Specialization	Specialization	Specialization	classified
TRD	Pbre1_16G084400	Pbre1_06G402200	Prupe.1G306300.1	24.968998833333334	1.7703175	28.305564	0.91391846120076	0.7322030561656426	0.7856340077152077	0.3060146364120445	0.14009603352505764	0.28761541310148003	Conservation	Neofunctionalization(Child)	Conservation	discordant	classified
TRD	Pbre1_13G191400	Pbre1_06G402400	Prupe.1G234000.1	322.23446466666667	0.008602833333333334	1717.5886931666666	0.22704642031082733	1.0	0.3704675982966507	0.18918236163237687	0.8424186821999549	0.1891760909642058	Neofunctionalization(Child)	Neofunctionalization(Child)	Neofunctionalization(Child)	Neofunctionalization(Child)	classified
TRD	Pbre1_11G117000	Pbre1_06G402600	Prupe.6G060600.1	24.219674666666666	0.2475445	67.93491733333333	0.8901628364135453	0.9345362547564875	0.8360726113030811	0.1496458205486157	0.26060862182573863	0.15066842453642165	Conservation	Neofunctionalization(Child)	Neofunctionalization(Child)	discordant	classified
TRD	Pbre1_11G352800	Pbre1_06G416200	Prupe.4G214800.1	2.8035793333333334	6.3329580000000005	5.620458833333333	0.4987913758073404	0.3896855356373432	0.6111161781486582	0.14294637311223415	0.27596909288236016	0.23141820653227543	Conservation	Conservation	Conservation	Conservation	classified
TRD	Pbre1_16G208000	Pbre1_06G417600	Prupe.1G227200.1	6.562152333333333	0.0	11.455389833333333	0.3379908594823292	NA	0.5267812826686802	NA	NA	NA	NA	NA	NA	NA	all_zero_expression_profile
TRD	Pbre1_08G127600	Pbre1_07G000200	Prupe.1G417600.1	10.283335833333334	0.0	23.4071045	0.301768184185519	NA	0.24071327549032748	NA	NA	NA	NA	NA	NA	NA	all_zero_expression_profile
TRD	Pbre1_10G338600	Pbre1_07G001800	Prupe.8G231500.1	16.703083499999998	1.4538068333333334	23.701539166666667	0.4926268836861311	0.48601816704761946	0.4003694311976355	0.21547946053925435	0.1052442719488609	0.20387289813689838	Conservation	Neofunctionalization(Child)	Conservation	discordant	classified
TRD	Pbre1_09G082800	Pbre1_07G003000	Prupe.3G269300.1	17.254015666666668	1.066731	47.30283583333333	0.886281269720285	0.6438555171636258	0.9622417029925826	0.8140282508268086	0.8825368192716652	0.8059275575898156	Specialization	Subfunctionalization	Subfunctionalization	discordant	classified
TRD	Pbre1_05G014800	Pbre1_07G010400	Prupe.8G012700.1	NA	NA	NA	NA	NA	NA	NA	NA	NA	NA	NA	NA	NA	missing_expression_record
TRD	Pbre1_13G131600	Pbre1_07G019200	Prupe.1G270800.1	8.657804333333333	27.122403166666665	81.892915	0.5116329283248158	0.3254023856685328	0.8271359228353182	0.2857632931907975	0.4240847431465568	0.3841542606853402	Neofunctionalization(Child)	Conservation	Conservation	discordant	classified
TRD	Pbre1_02G494200	Pbre1_07G020200	Prupe.2G015000.1	15.236812666666667	1.9459681666666666	11.029555333333333	0.576740919368555	0.43293990968698565	0.4315544945104385	0.2508764773350023	0.21735356077528067	0.23282861626257376	Conservation	Conservation	Conservation	Conservation	classified
TRD	Pbre1_07G335000	Pbre1_07G020400	Prupe.2G236300.1	11.840438666666667	1.9133096666666667	14.659677166666667	0.5758856655059982	0.7847226696295937	0.42794843449185593	0.15433183333193215	0.2910210369130942	0.16100439237911554	Conservation	Neofunctionalization(Child)	Conservation	discordant	classified
TRD	Pbre1_09G285400	Pbre1_07G022000	Prupe.3G028100.1	31.543159833333334	0.44537166666666667	119.6439405	0.6030248725128093	0.7501561355812368	0.547054152790372	0.16263942569739437	0.5382652029101563	0.16251538550751826	Neofunctionalization(Child)	Neofunctionalization(Child)	Neofunctionalization(Child)	Neofunctionalization(Child)	classified
TRD	Pbre1_13G440600	Pbre1_07G022400	Prupe.1G095200.1	27.922978666666666	10.129389666666667	26.6802865	0.3537289223532383	0.8257474656148622	0.4729312480715547	0.1333516281914561	0.30785807235800067	0.07201433773086087	Conservation	Neofunctionalization(Child)	Conservation	discordant	classified
TRD	Pbre1_02G483200	Pbre1_07G027000	Prupe.2G020600.1	3.112474166666667	1.886122	3.3743131666666666	0.5426492528579155	0.8598030857435569	0.6578074546162764	0.3087801054534971	0.722019139167325	0.4073049665466284	Neofunctionalization(Child)	Specialization	Neofunctionalization(Child)	discordant	classified
TRD	Pbre1_01G434000	Pbre1_07G039000	Prupe.2G329300.1	6.433078166666666	10.199645166666667	14.781729666666667	0.65785819367478	0.4910084111107945	0.378039637060032	0.2853015315072058	0.14684322359771854	0.17216375172367987	Conservation	Conservation	Conservation	Conservation	classified
TRD	Pbre1_07G512000	Pbre1_07G039400	Prupe.2G329400.1	10.385324833333334	8.7090395	26.058613833333332	0.1996911516612457	0.384034401755597	0.36195390474490574	0.0816244015698629	0.17519594984960205	0.11685441486681533	Conservation	Conservation	Conservation	Conservation	classified
TRD	Pbre1_02G460000	Pbre1_07G046600	Prupe.2G034600.1	6.1379605	2.006330333333333	4.459353	0.31461518220669904	0.3740417638536725	0.8570972363294622	0.42367966612227664	0.4360846053875907	0.42239835232771883	Specialization	Specialization	Conservation	Specialization	classified
TRD	Pbre1_17G138400	Pbre1_07G050000	Prupe.3G239500.1	0.0	5.056353	3.821580833333333	NA	0.41662545776609494	0.8857967485467944	NA	NA	NA	NA	NA	NA	NA	all_zero_expression_profile
TRD	Pbre1_12G129200	Pbre1_07G051400	Prupe.7G058200.1	3.1637688333333336	4.348883333333333	12.013176666666666	0.5977027012234503	0.5836383650175743	0.8736509873193781	0.44597398327347354	0.5404665660518251	0.4789119966725213	Specialization	Neofunctionalization(Parent)	Conservation	discordant	classified
TRD	Pbre1_04G354200	Pbre1_07G056800	Prupe.6G332800.1	74.55443933333333	0.0	196.05462383333332	0.7390274304237063	NA	0.6376281076490381	NA	NA	NA	NA	NA	NA	NA	all_zero_expression_profile
TRD	Pbre1_02G424600	Pbre1_07G075600	Prupe.2G058400.1	109.29561666666666	92.469567	159.32696033333332	0.46904996364804463	0.5359193619294906	0.33308021497514284	0.22080676548315767	0.2708829622220748	0.2336604719784314	Conservation	Conservation	Conservation	Conservation	classified
TRD	Pbre1_04G166400	Pbre1_07G082400	Prupe.6G236600.1	16.5610465	7.748462833333333	37.53148983333333	0.32457179874722836	0.48843546348379635	0.5082092758056105	0.15781845263885144	0.23037165046505473	0.17529810715553132	Conservation	Conservation	Conservation	Conservation	classified
TRD	Pbre1_17G076400	Pbre1_07G084200	Prupe.3G273200.1	0.10846483333333333	0.0	0.0	0.9929760827346197	NA	NA	NA	NA	NA	NA	NA	NA	NA	all_zero_expression_profile
TRD	Pbre1_06G207800	Pbre1_07G085400	Prupe.5G128600.1	22.871031	1.0336195	44.216597	0.24700179180865445	0.4805299170286223	0.5082136383066885	0.2092231090110831	0.20601143102046973	0.20690265983680198	Conservation	Neofunctionalization(Child)	Neofunctionalization(Child)	discordant	classified
TRD	Pbre1_13G242000	Pbre1_07G092600	Prupe.1G105700.1	11.978724333333332	18.711071	47.9113245	0.40342698089949625	0.44567141060409315	0.40106699602866575	0.06011545966646892	0.22831479505992444	0.14323277271627663	Conservation	Conservation	Conservation	Conservation	classified
TRD	Pbre1_02G255800	Pbre1_07G098800	Prupe.7G137400.1	7.511036	14.091270166666666	12.596848333333332	0.641599382746376	0.37808748749051385	0.8881898900309706	0.36638492635875514	0.49223301670688474	0.41868233375603764	Neofunctionalization(Child)	Conservation	Conservation	discordant	classified
TRD	Pbre1_05G309400	Pbre1_07G099200	Prupe.8G207100.1	29.562940166666667	0.0	84.9594025	0.7646052417655559	NA	0.6914326612091536	NA	NA	NA	NA	NA	NA	NA	all_zero_expression_profile
TRD	Pbre1_02G255800	Pbre1_07G102000	Prupe.7G137400.1	7.511036	13.447097333333334	12.596848333333332	0.641599382746376	0.4938867101666248	0.8881898900309706	0.36638492635875514	0.44384186361825867	0.38371231869950684	Neofunctionalization(Child)	Conservation	Conservation	discordant	classified
TRD	Pbre1_05G309400	Pbre1_07G102400	Prupe.8G207100.1	29.562940166666667	0.0	84.9594025	0.7646052417655559	NA	0.6914326612091536	NA	NA	NA	NA	NA	NA	NA	all_zero_expression_profile
TRD	Pbre1_17G195000	Pbre1_07G105200	Prupe.3G204300.1	0.032189	0.0	0.36713583333333333	0.7276107082146046	NA	0.6863993993888968	NA	NA	NA	NA	NA	NA	NA	all_zero_expression_profile
TRD	Pbre1_07G466000	Pbre1_07G111600	Prupe.2G308200.1	16.323921833333333	1.5293093333333334	96.968626	0.6113659726566694	0.4697992473466542	0.7233707626500674	0.24377980929614038	0.4702765531607015	0.2474623186505628	Neofunctionalization(Child)	Neofunctionalization(Child)	Neofunctionalization(Child)	Neofunctionalization(Child)	classified
TRD	Pbre1_02G387400	Pbre1_07G112600	Prupe.2G095400.1	7.0213555	0.23530933333333334	23.430165	0.24922529755060277	0.6182399551685916	0.39715522655662516	0.1194993546188642	0.3748894108661386	0.1258514103070254	Conservation	Neofunctionalization(Child)	Neofunctionalization(Child)	discordant	classified
TRD	Pbre1_07G499400	Pbre1_07G112800	Prupe.2G323000.1	34.297747333333334	11.548114333333334	17.891915833333332	0.32244315250039957	0.4776600913966528	0.15476325084451475	0.08025053469241072	0.1952117760847485	0.0752803433195991	Conservation	Conservation	Conservation	Conservation	classified
TRD	Pbre1_02G386800	Pbre1_07G115800	Prupe.2G096300.1	NA	NA	NA	NA	NA	NA	NA	NA	NA	NA	NA	NA	NA	missing_expression_record
TRD	Pbre1_16G070600	Pbre1_07G116400	Prupe.1G313700.1	20.323093	0.0	23.478466	0.5179163984620214	NA	0.3544877752089378	NA	NA	NA	NA	NA	NA	NA	all_zero_expression_profile
TRD	Pbre1_02G372600	Pbre1_07G125600	Prupe.2G106500.1	2.3274293333333333	0.9623076666666667	4.226952333333333	0.5834669195566567	0.7492635524116097	0.5277731525547001	0.1279131009959323	0.3564915640834595	0.1838922392161447	Conservation	Neofunctionalization(Child)	Neofunctionalization(Child)	discordant	classified
TRD	Pbre1_02G370800	Pbre1_07G126600	Prupe.2G107600.1	0.2711635	35.00775066666667	12.554176333333334	0.8804204670787005	0.9342368091043166	0.9116091462155627	0.8044443276268325	0.7228047515090833	0.7227553732455076	Specialization	Specialization	Specialization	Specialization	classified
TRD	Pbre1_08G201800	Pbre1_07G129400	Prupe.1G453900.1	2.6554426666666666	0.06711283333333333	3.1955180000000003	0.36520999223245526	0.8482310084562164	0.7288448396231075	0.2675502943477488	0.5942608244570563	0.26868315142961235	Neofunctionalization(Child)	Specialization	Neofunctionalization(Child)	discordant	classified
TRD	Pbre1_08G201800	Pbre1_07G129600	Prupe.1G453900.1	2.6554426666666666	0.14962316666666667	3.1955180000000003	0.36520999223245526	0.7125010860593423	0.7288448396231075	0.2675502943477488	0.3542066044950362	0.2682365961135241	Conservation	Specialization	Neofunctionalization(Child)	discordant	classified
TRD	Pbre1_16G374600	Pbre1_07G129800	Prupe.1G046200.1	6.068159	0.028538833333333333	1.7619766666666665	0.9213451784040977	0.6274867096860477	0.940426823309646	0.12266553418012587	0.5964517058979023	0.12261071205749874	Neofunctionalization(Child)	Specialization	Specialization	discordant	classified
TRD	Pbre1_12G229400	Pbre1_07G133600	Prupe.6G249100.1	50.82374083333333	29.02697333333333	78.199386	0.316399201172635	0.3484774868890827	0.4113787908005639	0.16874751890812498	0.2224410527325568	0.18371678705854294	Conservation	Conservation	Conservation	Conservation	classified
TRD	Pbre1_07G098200	Pbre1_07G136800	Prupe.2G086600.1	0.0	15.926997166666666	14.270316666666666	NA	0.33033225923951615	0.603858845652092	NA	NA	NA	NA	NA	NA	NA	all_zero_expression_profile
TRD	Pbre1_09G439400	Pbre1_07G142200	Prupe.3G150500.1	9.237484166666666	0.0	58.93005516666666	0.2148110109211741	NA	0.26511628712489343	NA	NA	NA	NA	NA	NA	NA	all_zero_expression_profile
TRD	Pbre1_08G132200	Pbre1_07G147800	Prupe.1G420200.1	13.901267833333334	0.755429	59.856739499999996	0.2633082742484309	0.6768584782456896	0.6854806561327098	0.21308872416069488	0.4487354773639716	0.22177384490912416	Neofunctionalization(Child)	Neofunctionalization(Child)	Neofunctionalization(Child)	Neofunctionalization(Child)	classified
TRD	Pbre1_14G193400	Pbre1_07G148000	Prupe.5G100000.1	4.223021833333333	0.6387981666666667	18.063828666666666	0.3709560965315172	0.5547194524999053	0.32434085895055553	0.10532538728715382	0.24474453525717849	0.10688002286566363	Conservation	Neofunctionalization(Child)	Neofunctionalization(Child)	discordant	classified
TRD	Pbre1_15G364200	Pbre1_07G150600	Prupe.7G214600.1	92.27424066666667	0.186448	362.59511000000003	0.6256350080506425	0.7721870817239666	0.4429547439160366	0.26298752094804856	0.39770278868885944	0.262446519333783	Neofunctionalization(Child)	Neofunctionalization(Child)	Neofunctionalization(Child)	Neofunctionalization(Child)	classified
TRD	Pbre1_02G346600	Pbre1_07G155800	Prupe.2G127400.1	45.599601	6.091114166666666	28.817328666666665	0.4239355296953697	0.4977161791564585	0.7655844020595097	0.29993825176461036	0.48310392663158297	0.31470649180494714	Neofunctionalization(Child)	Conservation	Conservation	discordant	classified
TRD	Pbre1_07G193200	Pbre1_07G164000	Prupe.5G081500.1	0.018200833333333333	0.09509866666666666	24.337818833333333	0.9467064062717447	0.9900892482691134	0.6375856806433604	0.8694274567465999	0.7320464776510509	0.6009769386788865	Specialization	Specialization	Specialization	Specialization	classified
TRD	Pbre1_10G123400	Pbre1_07G164800	Prupe.8G096700.1	0.09147	16.320826166666667	37.4279865	0.848964136545928	0.3660958036057462	0.5423966836596683	0.5733547725041155	0.1773688075125909	0.17802634820610627	Neofunctionalization(Parent)	Neofunctionalization(Parent)	Neofunctionalization(Parent)	Neofunctionalization(Parent)	classified
TRD	Pbre1_05G118200	Pbre1_07G165000	Prupe.8G096600.1	2.9388281666666667	0.020878833333333336	16.6910345	0.6152510863123812	0.809571152527582	0.4779366837883508	0.1495817754868363	0.7188256707357413	0.14946398662172017	Neofunctionalization(Child)	Neofunctionalization(Child)	Neofunctionalization(Child)	Neofunctionalization(Child)	classified
TRD	Pbre1_02G010800	Pbre1_07G165400	Prupe.7G266900.1	148.1119855	0.0	281.589693	0.5287936844158702	NA	0.5631633373102215	NA	NA	NA	NA	NA	NA	NA	all_zero_expression_profile
TRD	Pbre1_11G429800	Pbre1_07G172200	Prupe.4G166400.1	82.3906245	0.17896933333333334	116.24476383333334	0.4395493503371849	0.6811355125510378	0.5388486742003553	0.23284498559697137	0.3745804712109629	0.23273770165286012	Conservation	Neofunctionalization(Child)	Neofunctionalization(Child)	discordant	classified
TRD	Pbre1_13G361600	Pbre1_07G173800	Prupe.1G039300.1	100.2174755	0.7576923333333333	650.6107948333333	0.4241918522842244	0.8900270995503636	0.6622915292489925	0.2542277204053071	0.31661926100803905	0.25039040359751913	Conservation	Neofunctionalization(Child)	Neofunctionalization(Child)	discordant	classified
TRD	Pbre1_17G024600	Pbre1_07G175000	Prupe.3G303400.1	29.80749433333333	0.0	23.010421666666666	0.8335652792786508	NA	0.6698115006284977	NA	NA	NA	NA	NA	NA	NA	all_zero_expression_profile
TRD	Pbre1_05G217600	Pbre1_07G179600	Prupe.8G164700.1	27.086472166666667	0.0838075	58.484586166666666	0.2577458994592234	1.0	0.4074341736967357	0.11168359494622433	1.0374645814823518	0.11305219092640212	Neofunctionalization(Child)	Neofunctionalization(Child)	Neofunctionalization(Child)	Neofunctionalization(Child)	classified
TRD	Pbre1_14G295000	Pbre1_07G181400	Prupe.5G153500.1	36.857818	0.0	56.15807016666667	0.37836068645942883	NA	0.6879790245928117	NA	NA	NA	NA	NA	NA	NA	all_zero_expression_profile
TRD	Pbre1_15G219000	Pbre1_07G184200	Prupe.1G480300.1	2.863402333333333	0.014424166666666667	5.318231833333334	0.30621997123637545	0.9411467368546989	0.41694207960201923	0.15838918032416907	0.7470771698902446	0.15833528369167685	Neofunctionalization(Child)	Neofunctionalization(Child)	Neofunctionalization(Child)	Neofunctionalization(Child)	classified
TRD	Pbre1_08G125200	Pbre1_07G187800	Prupe.1G416400.1	3.2542323333333334	0.7584921666666666	9.080155666666666	0.9937707126205606	0.7235325126198182	0.9789257705276665	0.09340769065744783	1.0237187307022557	0.15798651652489584	Neofunctionalization(Child)	Specialization	Specialization	discordant	classified
TRD	Pbre1_02G315600	Pbre1_07G196200	Prupe.2G147100.1	10.1477595	1.9413610000000001	15.052509833333334	0.5322069341108497	0.4197802448065353	0.8276117914320628	0.4817483368352038	0.3256271080848154	0.45354879424816213	Neofunctionalization(Parent)	Neofunctionalization(Child)	Neofunctionalization(Child)	discordant	classified
TRD	Pbre1_06G286000	Pbre1_07G198800	Prupe.5G169700.1	14.3271455	0.0	3.2860068333333334	0.8812207509603663	NA	0.5327472491026068	NA	NA	NA	NA	NA	NA	NA	all_zero_expression_profile
TRD	Pbre1_01G120600	Pbre1_07G209200	Prupe.2G157700.1	21.2629615	0.0704985	20.705665	0.4413125166177646	0.9284672516834747	0.5163376166747291	0.1603018077734159	0.697625682010547	0.16186750266310007	Neofunctionalization(Child)	Neofunctionalization(Child)	Neofunctionalization(Child)	Neofunctionalization(Child)	classified
TRD	Pbre1_02G283000	Pbre1_07G212600	Prupe.6G223100.1	33.7085335	0.0	27.479816166666666	0.779667646168591	NA	0.68820894016001	NA	NA	NA	NA	NA	NA	NA	all_zero_expression_profile
TRD	Pbre1_06G311000	Pbre1_07G222400	Prupe.5G183200.1	52.32322833333333	0.0	51.63563633333334	0.7980865481017044	NA	0.5734054788271615	NA	NA	NA	NA	NA	NA	NA	all_zero_expression_profile
TRD	Pbre1_01G148200	Pbre1_07G228400	Prupe.2G172000.1	0.6762846666666666	0.07967366666666667	6.938334333333334	0.5444884929904654	0.5227188042361776	0.3674469192490625	0.283234228231022	0.15466620797320169	0.24454478935264698	Conservation	Specialization	Specialization	discordant	classified
TRD	Pbre1_15G252600	Pbre1_07G229200	Prupe.7G271500.1	268.8238885	0.007800333333333334	191.36590083333334	0.48815305764218514	1.0	0.3038233121192456	0.2299074797382495	0.856602361303819	0.22989058963086864	Neofunctionalization(Child)	Neofunctionalization(Child)	Neofunctionalization(Child)	Neofunctionalization(Child)	classified
TRD	Pbre1_11G206200	Pbre1_07G232600	Prupe.6G102800.1	8.787520166666667	0.0	21.676554166666666	0.570091047768852	NA	0.4765344775859	NA	NA	NA	NA	NA	NA	NA	all_zero_expression_profile
TRD	Pbre1_16G288200	Pbre1_07G236000	Prupe.1G137300.1	3.6207586666666667	0.0	4.943110333333333	0.8552214436528967	NA	0.9466044164844254	NA	NA	NA	NA	NA	NA	NA	all_zero_expression_profile
TRD	Pbre1_07G157200	Pbre1_07G241000	Prupe.2G127800.1	26.388585166666665	0.20182533333333333	71.08432933333333	0.11546097246528067	0.5621717569414634	0.4468542549551396	0.20409482296207687	0.23381038797474682	0.20224921317780178	Conservation	Neofunctionalization(Child)	Neofunctionalization(Child)	discordant	classified
TRD	Pbre1_01G166600	Pbre1_07G247200	Prupe.2G183800.1	7.024023833333333	0.9808319999999999	16.373851833333333	0.7187939586147538	0.9411292323338605	0.6136544885852159	0.16808682868575958	0.5260840794257826	0.09758251845954496	Neofunctionalization(Child)	Specialization	Neofunctionalization(Child)	discordant	classified
TRD	Pbre1_04G270600	Pbre1_07G251600	Prupe.6G288300.1	4.700297833333333	2.2208135	16.48779366666667	0.4649501298961939	0.3972835108512275	0.5100018825087179	0.27836233109537273	0.27374246359443355	0.2669552799863343	Conservation	Conservation	Conservation	Conservation	classified
TRD	Pbre1_14G145400	Pbre1_07G257400	Prupe.7G047300.1	179.1431545	235.41266433333334	472.94165583333336	0.672894377154027	0.6018387632340977	0.4755848374859818	0.17254513214750195	0.2462269392892025	0.15810379278158168	Conservation	Conservation	Conservation	Conservation	classified
TRD	Pbre1_12G143600	Pbre1_07G257600	Prupe.7G047400.1	17.398046166666667	0.0	12.5391915	0.656951077216105	NA	0.5182926806063237	NA	NA	NA	NA	NA	NA	NA	all_zero_expression_profile
TRD	Pbre1_12G142000	Pbre1_07G257800	Prupe.7G048100.1	1.6678203333333335	0.3492266666666667	8.206359333333333	0.8217175224364801	0.8905354073006327	0.9015688737285101	0.2861319363337546	0.03729789748848277	0.24285137175110605	Conservation	Neofunctionalization(Child)	Neofunctionalization(Child)	discordant	classified
TRD	Pbre1_15G194000	Pbre1_07G266200	Prupe.1G461400.1	4.594173666666666	16.968259333333332	15.394911166666667	0.8777970539486019	0.5219971914804888	0.8735913603159435	0.7807615662317487	0.6514870024539074	0.642734874732832	Specialization	Specialization	Conservation	Specialization	classified
TRD	Pbre1_09G133800	Pbre1_07G267000	Prupe.3G242000.1	8.096162333333334	0.0	28.27706333333333	0.5226696092914102	NA	0.4502531232975602	NA	NA	NA	NA	NA	NA	NA	all_zero_expression_profile
TRD	Pbre1_17G036800	Pbre1_07G273200	Prupe.3G295800.1	29.8700335	14.774819666666666	192.483398	0.7905946315050852	0.5598122641896743	0.8043733844227836	0.07455981051883416	0.2632380194729436	0.1275486409349343	Conservation	Conservation	Conservation	Conservation	classified
TRD	Pbre1_15G565600	Pbre1_07G274000	Prupe.6G192700.1	285.4909375	0.0	938.3929011666667	0.3232327614411468	NA	0.34422398815228855	NA	NA	NA	NA	NA	NA	NA	all_zero_expression_profile
TRD	Pbre1_06G029000	Pbre1_07G280200	Prupe.5G019400.1	2.142707666666667	0.0	7.177323333333334	0.6639382356583496	NA	0.7260132562160905	NA	NA	NA	NA	NA	NA	NA	all_zero_expression_profile
TRD	Pbre1_15G539000	Pbre1_07G287000	Prupe.6G213300.1	23.109962	0.43805683333333334	77.58064683333333	0.4334864907161661	0.9719289461672893	0.3923367769318121	0.1749099222834587	0.9272503693957848	0.17633560514752275	Neofunctionalization(Child)	Neofunctionalization(Child)	Neofunctionalization(Child)	Neofunctionalization(Child)	classified
TRD	Pbre1_08G201800	Pbre1_07G288400	Prupe.1G453900.1	2.6554426666666666	0.022554166666666667	3.1955180000000003	0.36520999223245526	0.5423642327785202	0.7288448396231075	0.2675502943477488	0.4664169766786337	0.26833520228934066	Neofunctionalization(Child)	Specialization	Neofunctionalization(Child)	discordant	classified
TRD	Pbre1_16G374600	Pbre1_07G288600	Prupe.1G046200.1	6.068159	0.13742533333333332	1.7619766666666665	0.9213451784040977	0.9027200571087608	0.940426823309646	0.12266553418012587	0.27425854653077203	0.12243578210017993	Conservation	Specialization	Specialization	discordant	classified
TRD	Pbre1_09G149200	Pbre1_07G289600	Prupe.3G233900.1	2.6730626666666666	0.0	2.934273	0.8602052301278057	NA	0.9122987696376958	NA	NA	NA	NA	NA	NA	NA	all_zero_expression_profile
TRD	Pbre1_09G276400	Pbre1_07G290000	Prupe.3G023000.1	8.0405925	0.0	4.363239	0.6523968245896571	NA	0.7244340201970954	NA	NA	NA	NA	NA	NA	NA	all_zero_expression_profile
TRD	Pbre1_06G079200	Pbre1_07G306600	Prupe.5G055100.1	18.1913385	0.0	14.824098	0.30568787853785073	NA	0.7184002703836697	NA	NA	NA	NA	NA	NA	NA	all_zero_expression_profile
TRD	Pbre1_01G280200	Pbre1_07G328800	Prupe.2G248400.1	3.2494665	0.23311916666666668	2.7736448333333334	0.964870405740516	0.7727229266042575	0.7071991772571903	0.7319636630145646	0.4471138043928759	0.7083753774502661	Specialization	Specialization	Specialization	Specialization	classified
TRD	Pbre1_04G267600	Pbre1_07G333200	Prupe.6G286400.1	1.1068013333333333	0.0	4.213412	0.5074845141510418	NA	0.32790187561415285	NA	NA	NA	NA	NA	NA	NA	all_zero_expression_profile
TRD	Pbre1_17G382000	Pbre1_07G334600	Prupe.3G090200.1	2.5885985000000002	0.0	23.499141166666668	0.7590690183604953	NA	0.5807341958688982	NA	NA	NA	NA	NA	NA	NA	all_zero_expression_profile
TRD	Pbre1_01G266600	Pbre1_07G338000	Prupe.2G241200.1	4.111214833333333	0.2940695	10.518601666666665	0.30279805372709806	0.7340495232662698	0.7054711006125545	0.2840814979969689	0.42927415435116484	0.2835400530829289	Neofunctionalization(Child)	Neofunctionalization(Child)	Neofunctionalization(Child)	Neofunctionalization(Child)	classified
TRD	Pbre1_07G492200	Pbre1_07G350200	Prupe.2G319800.1	7.710635666666667	0.22595516666666665	10.830733	0.4607867897223642	0.8926919384763246	0.9203847775176349	0.49593363360609616	0.7269172859208909	0.49786750691071063	Specialization	Neofunctionalization(Child)	Neofunctionalization(Child)	discordant	classified
TRD	Pbre1_12G417600	Pbre1_07G367600	Prupe.6G353600.1	13.819253	1.9584885	21.90648983333333	0.29999141949782093	0.8018655947140072	0.6178004132481064	0.22137929241322726	0.23377245811658237	0.1766604049872792	Conservation	Neofunctionalization(Child)	Neofunctionalization(Child)	discordant	classified
TRD	Pbre1_01G293200	Pbre1_07G371600	Prupe.2G256400.1	14.9143215	1.3972061666666666	29.271601166666667	0.14939479146610057	0.49527787316621275	0.4338666717384635	0.12985827459089316	0.27556856664026874	0.13204020450880866	Conservation	Neofunctionalization(Child)	Neofunctionalization(Child)	discordant	classified
TRD	Pbre1_11G007400	Pbre1_07G377200	Prupe.6G003900.1	0.9106841666666666	0.3850955	137.646116	0.7000489510745447	0.5198335624523486	0.4394568891184202	0.41731412709619975	0.1046879497150393	0.28410893871653475	Neofunctionalization(Parent)	Specialization	Specialization	discordant	classified
TRD	Pbre1_01G310200	Pbre1_07G386800	Prupe.2G265500.1	11.226091833333333	0.04188583333333334	10.000799166666667	0.1490279610168643	0.8191360223079313	0.3801737728762767	0.1120091956491737	0.49656942335363174	0.11209233915206203	Neofunctionalization(Child)	Neofunctionalization(Child)	Neofunctionalization(Child)	Neofunctionalization(Child)	classified
TRD	Pbre1_01G310200	Pbre1_07G387000	Prupe.2G265500.1	11.226091833333333	0.0	10.000799166666667	0.1490279610168643	NA	0.3801737728762767	NA	NA	NA	NA	NA	NA	NA	all_zero_expression_profile
TRD	Pbre1_12G263200	Pbre1_07G401800	Prupe.6G265500.1	1.1785673333333333	2.079178833333333	12.173542	0.8620124619510914	0.791038601796207	0.4273403838372619	0.6539819334224767	0.5486194635524062	0.5317082694473477	Specialization	Specialization	Specialization	Specialization	classified
TRD	Pbre1_01G333200	Pbre1_07G409000	Prupe.2G277200.1	15.609665666666666	118.74332816666667	80.99978816666666	0.5450047922814372	0.7318963717758992	0.9061055865368045	0.6856930003031867	0.6138428464066193	0.6180681872586037	Specialization	Conservation	Conservation	discordant	classified
TRD	Pbre1_01G341400	Pbre1_07G417800	Prupe.2G282700.1	4.644182666666667	1.1521511666666666	9.083672666666667	0.48848058763921537	0.9703171546454504	0.803139392372311	0.4207547902761385	0.9301524581595011	0.453760343658079	Specialization	Neofunctionalization(Child)	Neofunctionalization(Child)	discordant	classified
TRD	Pbre1_01G352000	Pbre1_07G426400	Prupe.2G288100.1	0.5992845	0.6922501666666666	1.5808043333333333	0.3386331514318156	0.5982652775172056	0.850580706101485	0.5059532326657433	0.4755156074077832	0.47397669119920277	Specialization	Specialization	Specialization	Specialization	classified
TRD	Pbre1_01G352400	Pbre1_07G427000	Prupe.2G288400.1	0.028362333333333333	0.012121166666666667	0.16695083333333333	0.967520269947199	0.8638689251958496	0.9576468368073995	0.197117171323594	0.7373752359761656	0.2611075869102511	Neofunctionalization(Child)	Conservation	Specialization	discordant	classified
TRD	Pbre1_13G092400	Pbre1_07G431200	Prupe.1G298700.1	11.8383825	0.0	12.958776	0.4789610687289464	NA	0.6716541715164666	NA	NA	NA	NA	NA	NA	NA	all_zero_expression_profile
TRD	Pbre1_01G358200	Pbre1_07G432800	Prupe.2G290800.1	5.2321775	0.020849666666666666	0.47878316666666665	0.9923936327081094	0.7114885973133396	0.7088429500550537	0.8572397052912533	0.6433390726169353	0.8535727262654761	Specialization	Specialization	Specialization	Specialization	classified
TRD	Pbre1_01G360200	Pbre1_07G434200	Prupe.2G291500.1	1.6141836666666667	0.0	4.8970918333333335	0.535937536961012	NA	0.4375142840126881	NA	NA	NA	NA	NA	NA	NA	all_zero_expression_profile
TRD	Pbre1_01G363800	Pbre1_07G438400	Prupe.2G293600.1	NA	NA	NA	NA	NA	NA	NA	NA	NA	NA	NA	NA	NA	missing_expression_record
TRD	Pbre1_07G498800	Pbre1_07G442600	Prupe.2G322700.1	25.587701	4.733954333333333	54.5124565	0.33744190735842083	0.8508269735937504	0.4544735605273642	0.16617640119614727	0.44650460817505294	0.16708384593355047	Neofunctionalization(Child)	Neofunctionalization(Child)	Conservation	Neofunctionalization(Child)	classified
TRD	Pbre1_07G448200	Pbre1_07G442800	Prupe.2G298500.1	13.2985415	5.963756333333333	27.936908333333335	0.16291037445121156	0.8408884620267489	0.42361658978320327	0.11869179695654478	0.475803563492095	0.16459804427062313	Neofunctionalization(Child)	Neofunctionalization(Child)	Conservation	Neofunctionalization(Child)	classified
TRD	Pbre1_07G448200	Pbre1_07G443000	Prupe.2G298500.1	13.2985415	7.9312008333333335	27.936908333333335	0.16291037445121156	0.8177894176307495	0.42361658978320327	0.11869179695654478	0.4383772891249231	0.17481471316933664	Neofunctionalization(Child)	Conservation	Conservation	discordant	classified
TRD	Pbre1_07G448200	Pbre1_07G443200	Prupe.2G298500.1	13.2985415	5.544622333333334	27.936908333333335	0.16291037445121156	0.8103975316703853	0.42361658978320327	0.11869179695654478	0.4274254327645158	0.14449223580917006	Neofunctionalization(Child)	Neofunctionalization(Child)	Conservation	Neofunctionalization(Child)	classified
TRD	Pbre1_04G136600	Pbre1_07G450600	Prupe.5G076000.1	20.799489333333334	1.0754306666666666	36.496239833333334	0.4807971614072851	0.43433958570034326	0.6102181453473484	0.18512689436819443	0.36666692102388554	0.1871322607058724	Conservation	Neofunctionalization(Child)	Neofunctionalization(Child)	discordant	classified
TRD	Pbre1_13G463000	Pbre1_07G457400	Prupe.1G099000.1	106.52171416666667	0.0047086666666666666	152.3438415	0.5173668126242641	1.0	0.4281829492295512	0.1283921630543946	0.9907935334698816	0.12839696778488224	Neofunctionalization(Child)	Neofunctionalization(Child)	Neofunctionalization(Child)	Neofunctionalization(Child)	classified
TRD	Pbre1_16G330800	Pbre1_07G470800	Prupe.1G014100.1	13.156691666666667	0.120449	57.363086833333334	0.7190800544070878	0.8549447821125558	0.19144927103267548	0.24442879980802606	0.5741911695191813	0.2397904968888025	Neofunctionalization(Child)	Neofunctionalization(Child)	Neofunctionalization(Child)	Neofunctionalization(Child)	classified
TRD	Pbre1_13G324000	Pbre1_07G471000	Prupe.1G014100.1	35.74858333333333	0.12377983333333333	57.363086833333334	0.5584562355821718	0.8738709542848737	0.19144927103267548	0.18926095125788772	0.5145689163407232	0.18791571079528183	Neofunctionalization(Child)	Neofunctionalization(Child)	Neofunctionalization(Child)	Neofunctionalization(Child)	classified
TRD	Pbre1_13G324000	Pbre1_07G471200	Prupe.1G014100.1	35.74858333333333	0.09842016666666667	57.363086833333334	0.5584562355821718	0.860284304024668	0.19144927103267548	0.18926095125788772	0.5170407335531829	0.1878172643220987	Neofunctionalization(Child)	Neofunctionalization(Child)	Neofunctionalization(Child)	Neofunctionalization(Child)	classified
TRD	Pbre1_16G377400	Pbre1_07G472600	Prupe.1G048100.1	6.973936	1.4515296666666668	8.989886666666667	0.42006285742670746	0.8843995306494735	0.6755930653940483	0.2543357976800004	0.7103340425530204	0.28341953509796086	Neofunctionalization(Child)	Neofunctionalization(Child)	Neofunctionalization(Child)	Neofunctionalization(Child)	classified
TRD	Pbre1_16G353200	Pbre1_07G475600	Prupe.1G031300.1	0.20434033333333335	5.615856666666667	2.0183283333333333	0.5812275097026864	0.517541697988493	0.917989847143598	0.830332516090588	0.6119924483661984	0.6183891876795634	Specialization	Specialization	Specialization	Specialization	classified
TRD	Pbre1_03G101800	Pbre1_07G475800	Prupe.6G056400.1	19.282403833333333	0.0	14.062182833333335	0.5854523721486763	NA	0.44118140040826487	NA	NA	NA	NA	NA	NA	NA	all_zero_expression_profile
TRD	Pbre1_01G403200	Pbre1_07G477400	Prupe.2G313100.1	27.943303	0.330223	37.221959	0.47502792805948085	0.7988885784736478	0.7461169233903391	0.2761934080019585	0.568993522988938	0.2771958458332634	Neofunctionalization(Child)	Neofunctionalization(Child)	Neofunctionalization(Child)	Neofunctionalization(Child)	classified
TRD	Pbre1_01G403400	Pbre1_07G477800	Prupe.2G313200.1	7.7969755	1.815923	10.9095255	0.31370879799575024	0.5712551712357818	0.40699064635920373	0.18849926300037384	0.16480401534833714	0.16435256391541642	Conservation	Neofunctionalization(Child)	Conservation	discordant	classified
TRD	Pbre1_12G437800	Pbre1_07G491000	Prupe.6G364600.1	48.383836333333335	9.022347666666667	74.496942	0.17124081685606699	0.559910897998037	0.27287037673125225	0.07760496889768896	0.23052869455511393	0.09327017175172744	Conservation	Conservation	Conservation	Conservation	classified
TRD	Pbre1_15G218200	Pbre1_08G001000	Prupe.1G479900.1	51.269895166666664	0.172138	161.90099	0.4930885824300166	0.797898445636199	0.34760368193997265	0.15582342564535775	0.39135024705810917	0.15485872745036403	Conservation	Neofunctionalization(Child)	Neofunctionalization(Child)	discordant	classified
TRD	Pbre1_15G002200	Pbre1_08G004200	Prupe.1G354600.1	0.31274633333333335	10.356994666666667	11.196600666666667	0.4744279745805146	0.40151945495855934	0.4461215203612355	0.19988894907499113	0.1483715266244961	0.1464057367154102	Conservation	Neofunctionalization(Parent)	Neofunctionalization(Parent)	discordant	classified
TRD	Pbre1_15G034400	Pbre1_08G039800	Prupe.1G371900.1	NA	NA	NA	NA	NA	NA	NA	NA	NA	NA	NA	NA	NA	missing_expression_record
TRD	Pbre1_15G035400	Pbre1_08G040600	Prupe.1G372200.1	13.576979166666666	0.964729	11.450997166666667	0.38117338189220584	0.5687168592312105	0.6060622964784289	0.23583965618392108	0.270371435025166	0.2361201544101559	Conservation	Neofunctionalization(Child)	Neofunctionalization(Child)	discordant	classified
TRD	Pbre1_15G038600	Pbre1_08G044600	Prupe.1G373900.1	28.817011166666667	0.0	45.471748833333336	0.5647115054955839	NA	0.4456876903299068	NA	NA	NA	NA	NA	NA	NA	all_zero_expression_profile
TRD	Pbre1_15G038800	Pbre1_08G048000	Prupe.1G374000.1	2.8950038333333334	0.019338166666666667	4.3931515	0.6791119365075176	0.9693237507331087	0.992762032338559	0.70520903807513	1.197529465695847	0.7074597410809792	Specialization	Specialization	Specialization	Specialization	classified
TRD	Pbre1_15G046000	Pbre1_08G051800	Prupe.1G377700.1	5.926064666666667	3.1546271666666668	14.763421333333334	0.8890048232327551	0.5739768496201	0.7635938331219961	0.7801446396261714	0.39025395765157483	0.5777473656551426	Neofunctionalization(Parent)	Subfunctionalization	Neofunctionalization(Child)	discordant	classified
TRD	Pbre1_13G310000	Pbre1_08G067400	Prupe.1G151200.1	8.581664	0.2546523333333333	27.677722	0.3290325559916878	0.9408531972849113	0.2921479173923279	0.08261704929053784	0.7006741034353804	0.078562029960945	Neofunctionalization(Child)	Neofunctionalization(Child)	Neofunctionalization(Child)	Neofunctionalization(Child)	classified
TRD	Pbre1_14G167600	Pbre1_08G072000	Prupe.7G021100.1	29.8654945	0.026601333333333334	20.408966833333334	0.41072425146678027	1.0	0.6522397843989671	0.3616687913378634	0.7040568768190123	0.3609747119541213	Neofunctionalization(Child)	Neofunctionalization(Child)	Neofunctionalization(Child)	Neofunctionalization(Child)	classified
TRD	Pbre1_14G380800	Pbre1_08G073800	Prupe.5G201600.1	23.436901833333334	2.2031341666666666	30.019471333333335	0.3257624532915984	0.4885341105266911	0.5199071097276254	0.21912351912598857	0.32515384671354247	0.2148237122455158	Conservation	Neofunctionalization(Child)	Neofunctionalization(Child)	discordant	classified
TRD	Pbre1_06G341600	Pbre1_08G074000	Prupe.5G201700.1	12.0185615	12.459842833333333	20.773129833333332	0.21884214550154604	0.3692803533603261	0.4564572627414595	0.09805345327570145	0.1478076370677203	0.11375983702518934	Conservation	Conservation	Conservation	Conservation	classified
TRD	Pbre1_05G292200	Pbre1_08G084600	Prupe.8G199600.1	101.72458016666667	0.18836	49.37181183333333	0.14054247955291493	0.8057654741307138	0.5314329961367648	0.22472456505878713	0.39083319483386336	0.22419536957944464	Conservation	Neofunctionalization(Child)	Neofunctionalization(Child)	discordant	classified
TRD	Pbre1_15G106000	Pbre1_08G105600	Prupe.1G410800.1	17.467946166666668	27.184252666666666	59.61068483333334	0.3828002262105269	0.27349471343226195	0.5732778915688587	0.2510087984109588	0.1944330527642403	0.20995684571963028	Conservation	Conservation	Conservation	Conservation	classified
TRD	Pbre1_15G101200	Pbre1_08G111000	Prupe.1G408500.1	20.6181475	39.50629933333333	19.100089666666666	0.5555676479958017	0.7353079075414892	0.44516369892026636	0.208433767895782	0.2593528268271178	0.15172495013472834	Conservation	Conservation	Conservation	Conservation	classified
TRD	Pbre1_09G270800	Pbre1_08G112000	Prupe.3G019200.1	10.328999333333334	1.0620691666666666	47.06823833333333	0.30727017956800395	0.5073175848567658	0.5205932052928449	0.13480430176161037	0.2510671354266956	0.1304506628051041	Conservation	Neofunctionalization(Child)	Neofunctionalization(Child)	discordant	classified
TRD	Pbre1_14G039400	Pbre1_08G112800	Prupe.7G110600.1	70.85542866666667	0.150846	51.300018333333334	0.33688215084588913	0.6874225181015271	0.2611771004889075	0.13363311478600434	0.3829351065619036	0.1336984115510064	Conservation	Neofunctionalization(Child)	Neofunctionalization(Child)	discordant	classified
TRD	Pbre1_15G099000	Pbre1_08G114200	Prupe.1G407400.1	17.25560683333333	0.0	19.8419565	0.3689328684240955	NA	0.7277078078597436	NA	NA	NA	NA	NA	NA	NA	all_zero_expression_profile
TRD	Pbre1_15G115000	Pbre1_08G124800	Prupe.1G416200.1	34.548723	27.182389666666666	105.9891325	0.5690819268572744	0.4128877289907808	0.3261698424157104	0.15300033142670166	0.13367616276669655	0.1389497760557892	Conservation	Conservation	Conservation	Conservation	classified
TRD	Pbre1_15G116800	Pbre1_08G126800	Prupe.1G417200.1	0.4631726666666667	0.0074164999999999995	0.35167166666666666	0.743886824999405	1.0	0.9332558817189959	0.3885453996458328	1.2142004369602029	0.39801667225352433	Neofunctionalization(Child)	Neofunctionalization(Child)	Specialization	Neofunctionalization(Child)	classified
TRD	Pbre1_08G254600	Pbre1_08G132800	Prupe.1G484000.1	NA	NA	NA	NA	NA	NA	NA	NA	NA	NA	NA	NA	NA	missing_expression_record
TRD	Pbre1_09G087800	Pbre1_08G133000	Prupe.3G266700.1	7.800555666666667	0.004259666666666667	48.5524815	0.2664935547766695	1.0	0.4756998146229405	0.1558049593801179	0.9368843245070311	0.1558189636876149	Neofunctionalization(Child)	Neofunctionalization(Child)	Neofunctionalization(Child)	Neofunctionalization(Child)	classified
TRD	Pbre1_01G322600	Pbre1_08G136800	Prupe.2G273300.1	1.852072	0.0	9.5719505	0.7961969422700721	NA	0.698586182429769	NA	NA	NA	NA	NA	NA	NA	all_zero_expression_profile
TRD	Pbre1_15G132200	Pbre1_08G142800	Prupe.1G425000.1	0.6146346666666667	0.8607226666666666	12.741474166666666	0.6711955789189918	0.3949386071504567	0.4731279767618023	0.45666081168906103	0.13628160657999852	0.23583398923069454	Neofunctionalization(Parent)	Specialization	Specialization	discordant	classified
TRD	Pbre1_08G158600	Pbre1_08G161600	Prupe.1G433000.1	14.540184333333334	1.7731185	20.8667025	0.3916042999545538	0.6443086445547139	0.8226494370463702	0.5060836818192924	0.37101819436644373	0.4758870296265045	Neofunctionalization(Parent)	Neofunctionalization(Child)	Neofunctionalization(Child)	discordant	classified
TRD	Pbre1_15G147600	Pbre1_08G171000	Prupe.1G433800.1	9.3374965	0.025974333333333335	7.124614333333334	0.4432531791482776	0.8240099398062704	0.5325959068662502	0.2607834940513586	0.513235532580853	0.2605659504416487	Neofunctionalization(Child)	Neofunctionalization(Child)	Neofunctionalization(Child)	Neofunctionalization(Child)	classified
TRD	Pbre1_13G402800	Pbre1_08G171400	Prupe.1G071300.1	1.2116971666666667	0.6588468333333334	1.3405453333333333	0.9420167642300166	0.9369020434432181	0.5744957173497496	0.5724874789275619	0.5572637412008581	0.5670837838065086	Specialization	Specialization	Specialization	Specialization	classified
TRD	Pbre1_08G186000	Pbre1_08G176200	Prupe.1G444800.1	0.9086543333333333	0.050271333333333335	1.3847313333333333	0.8658384430753088	0.8348108238997518	0.932371746244344	0.3012550707442321	0.8769529413938416	0.323712936881075	Neofunctionalization(Child)	Specialization	Specialization	discordant	classified
TRD	Pbre1_11G042800	Pbre1_08G176400	Prupe.6G022800.1	10.168218833333333	0.0	16.638242333333334	0.7816968830821739	NA	0.6509643745536792	NA	NA	NA	NA	NA	NA	NA	all_zero_expression_profile
TRD	Pbre1_08G185800	Pbre1_08G177000	Prupe.1G444700.1	37.14994266666667	0.13622433333333334	4.1371105	0.9469523048633424	0.7297731267205348	0.7281254580180315	0.8595372359217244	0.39355140396162924	0.8575921851750764	Specialization	Specialization	Specialization	Specialization	classified
TRD	Pbre1_08G185400	Pbre1_08G177200	Prupe.1G444600.1	11.8115215	1.7917731666666668	46.579530166666665	0.3717323756928806	0.8817373384875993	0.6882257527314564	0.18642532886449747	0.7088411929870857	0.24163344436736114	Neofunctionalization(Child)	Neofunctionalization(Child)	Neofunctionalization(Child)	Neofunctionalization(Child)	classified
TRD	Pbre1_04G204000	Pbre1_08G179400	Prupe.6G253500.1	54.35557933333333	6.782918166666667	100.48781016666666	0.6781122844182684	0.5016994877986821	0.6971296435478169	0.44586611843682983	0.1988198151082055	0.41608362226138557	Neofunctionalization(Parent)	Conservation	Conservation	discordant	classified
TRD	Pbre1_08G181800	Pbre1_08G184000	Prupe.1G443500.1	7.107549333333333	0.0	6.50181	0.35248259565681395	NA	0.5991022313902936	NA	NA	NA	NA	NA	NA	NA	all_zero_expression_profile
TRD	Pbre1_14G006800	Pbre1_08G186200	Prupe.7G005900.1	51.014483166666665	10.063614	75.73186866666667	0.15890136025308116	0.36380619872648107	0.23785349602661698	0.09798517525175712	0.13570377328352462	0.0945756091691024	Conservation	Conservation	Conservation	Conservation	classified
TRD	Pbre1_15G167800	Pbre1_08G190400	Prupe.1G447200.1	11.054589666666667	2.9125746666666665	13.067522166666667	0.3367599928002097	0.5044639335486554	0.48010284489963534	0.1955966997526465	0.2865939337590056	0.19149835727025416	Conservation	Neofunctionalization(Child)	Neofunctionalization(Child)	discordant	classified
TRD	Pbre1_07G222800	Pbre1_08G200800	Prupe.2G175700.1	NA	NA	NA	NA	NA	NA	NA	NA	NA	NA	NA	NA	NA	missing_expression_record
TRD	Pbre1_09G406200	Pbre1_08G206400	Prupe.3G121900.1	0.00303	0.044755666666666666	0.0	1.0	1.0	NA	NA	NA	NA	NA	NA	NA	NA	all_zero_expression_profile
TRD	Pbre1_05G199400	Pbre1_08G222200	Prupe.8G153900.1	0.46937466666666666	0.007020833333333334	13.333713333333334	0.9742289306239984	1.0	0.8934015395824482	1.1076406807993577	0.46216094044256795	1.0893431922915777	Specialization	Specialization	Specialization	Specialization	classified
TRD	Pbre1_08G219200	Pbre1_08G224200	Prupe.1G463700.1	10.372720166666667	0.6176881666666667	10.975012666666666	0.37700811674798224	0.7055359764757523	0.4876888710790278	0.18086850997335477	0.4010826689765847	0.17016064230701414	Neofunctionalization(Child)	Neofunctionalization(Child)	Neofunctionalization(Child)	Neofunctionalization(Child)	classified
TRD	Pbre1_04G138600	Pbre1_08G227200	Prupe.5G075200.1	12.941536	0.0	25.405695	0.25943377462667083	NA	0.624494089285961	NA	NA	NA	NA	NA	NA	NA	all_zero_expression_profile
TRD	Pbre1_04G138600	Pbre1_08G227400	Prupe.5G075200.1	12.941536	0.0	25.405695	0.25943377462667083	NA	0.624494089285961	NA	NA	NA	NA	NA	NA	NA	all_zero_expression_profile
TRD	Pbre1_06G109400	Pbre1_08G227600	Prupe.5G075100.1	20.9134265	30.625364833333332	40.32362833333333	0.6398976599204349	0.29362516561798907	0.4076029277996251	0.2042930672398372	0.14582438567732442	0.14284187529289996	Conservation	Conservation	Conservation	Conservation	classified
TRD	Pbre1_10G293800	Pbre1_08G228400	Prupe.8G204500.1	286.1023838333333	0.13588266666666668	179.76670516666667	0.44361973190913895	0.832299033049502	0.6377255647395431	0.2596461230167088	0.5385382819634034	0.25967304515315687	Neofunctionalization(Child)	Neofunctionalization(Child)	Neofunctionalization(Child)	Neofunctionalization(Child)	classified
TRD	Pbre1_02G205200	Pbre1_08G230800	Prupe.7G166200.1	240.26220116666667	2.7248113333333333	198.71358833333332	0.4148144355410611	0.9639850796482803	0.3370900751582811	0.13869268413157534	0.8312191732167271	0.14153525096420363	Neofunctionalization(Child)	Neofunctionalization(Child)	Neofunctionalization(Child)	Neofunctionalization(Child)	classified
TRD	Pbre1_05G497000	Pbre1_08G231200	Prupe.4G066000.1	20.5714975	0.0	37.90339	0.6643614055310488	NA	0.7744135376040503	NA	NA	NA	NA	NA	NA	NA	all_zero_expression_profile
TRD	Pbre1_05G568800	Pbre1_08G232000	Prupe.4G022300.1	16.3035815	0.0	15.8922865	0.23440400130889474	NA	0.4986046012465227	NA	NA	NA	NA	NA	NA	NA	all_zero_expression_profile
TRD	Pbre1_08G213400	Pbre1_08G233000	Prupe.1G459500.1	16.569444333333333	1.6675231666666666	26.757000666666666	0.49189826312317597	0.5438837933023303	0.5798508508537895	0.4776865192735371	0.41561445220039334	0.47104710253768317	Specialization	Neofunctionalization(Child)	Neofunctionalization(Child)	discordant	classified
TRD	Pbre1_15G208000	Pbre1_08G235800	Prupe.1G471700.1	12.591321833333334	0.05048866666666667	37.3573405	0.44220011730923015	0.7885529568359003	0.6752874896422709	0.3094439929062837	0.6322651865158254	0.3104503594559779	Neofunctionalization(Child)	Neofunctionalization(Child)	Neofunctionalization(Child)	Neofunctionalization(Child)	classified
TRD	Pbre1_15G208600	Pbre1_08G237200	Prupe.1G472100.1	3.779675833333333	0.22282416666666666	1.8609198333333334	0.7319185934970114	0.8000762787915047	0.617928835267963	0.22546879633626463	0.2903677105080753	0.21431375812651596	Conservation	Specialization	Specialization	discordant	classified
TRD	Pbre1_15G758600	Pbre1_08G239600	Prupe.1G575200.1	7.126215999999999	6.6687095	0.7690341666666667	0.9711568905961745	0.5605214341092146	0.8145359600084208	0.9444994712821624	0.5315199441625312	0.6286473058550326	Specialization	Specialization	Specialization	Specialization	classified
TRD	Pbre1_15G212400	Pbre1_08G240800	Prupe.1G473500.1	NA	NA	NA	NA	NA	NA	NA	NA	NA	NA	NA	NA	NA	missing_expression_record
TRD	Pbre1_15G217400	Pbre1_08G246600	Prupe.1G479400.1	NA	NA	NA	NA	NA	NA	NA	NA	NA	NA	NA	NA	NA	missing_expression_record
TRD	Pbre1_03G459800	Pbre1_08G249400	Prupe.8G254400.1	16.069583166666668	0.0	24.690495666666667	0.3153090103370777	NA	0.4249231033887038	NA	NA	NA	NA	NA	NA	NA	all_zero_expression_profile
TRD	Pbre1_15G228200	Pbre1_08G256400	Prupe.1G484900.1	23.026556833333334	1.0092186666666667	15.283318	0.40655201300052574	0.39089736283544124	0.4003855244346994	0.17778149258206477	0.17486135407583345	0.17647176658075653	Conservation	Neofunctionalization(Child)	Conservation	discordant	classified
TRD	Pbre1_15G237000	Pbre1_08G260400	Prupe.1G489000.1	15.264847333333334	0.0	28.406317166666668	0.23952018105314793	NA	0.5368120919117998	NA	NA	NA	NA	NA	NA	NA	all_zero_expression_profile
TRD	Pbre1_02G340800	Pbre1_08G265400	Prupe.2G133100.1	57.7957645	0.0471535	149.56133333333332	0.5830196156405563	0.6573612336491618	0.582077463132469	0.25249566465440204	0.3349464138276901	0.25217398793646734	Conservation	Neofunctionalization(Child)	Neofunctionalization(Child)	discordant	classified
TRD	Pbre1_15G625600	Pbre1_08G273000	Prupe.1G498000.1	34.416001333333334	1.2631188333333334	12.680954833333333	0.8484783828794189	0.909029022756988	0.7197572444574105	0.20067230617895407	0.3176489738030068	0.20310536301034832	Conservation	Specialization	Specialization	discordant	classified
TRD	Pbre1_15G625600	Pbre1_08G273200	Prupe.1G498000.1	34.416001333333334	1.4072545	12.680954833333333	0.8484783828794189	0.8303318662237755	0.7197572444574105	0.20067230617895407	0.1615220651407579	0.19814698641869574	Conservation	Specialization	Specialization	discordant	classified
TRD	Pbre1_15G626800	Pbre1_08G274400	Prupe.1G499400.1	5.942802833333333	0.7330960000000001	6.135178166666667	0.4026041123896326	1.0	0.625160633344962	0.32665250371547944	1.0602567920931745	0.3709190408720177	Neofunctionalization(Child)	Neofunctionalization(Child)	Neofunctionalization(Child)	Neofunctionalization(Child)	classified
TRD	Pbre1_15G626800	Pbre1_08G274600	Prupe.1G499400.1	5.942802833333333	0.16335016666666666	6.135178166666667	0.4026041123896326	1.0	0.625160633344962	0.32665250371547944	1.0602567920931745	0.33524119015137466	Neofunctionalization(Child)	Neofunctionalization(Child)	Neofunctionalization(Child)	Neofunctionalization(Child)	classified
TRD	Pbre1_15G626800	Pbre1_08G274800	Prupe.1G499400.1	5.942802833333333	0.19976666666666668	6.135178166666667	0.4026041123896326	0.9930726110383141	0.625160633344962	0.32665250371547944	1.0196431982387637	0.33593376894055765	Neofunctionalization(Child)	Neofunctionalization(Child)	Neofunctionalization(Child)	Neofunctionalization(Child)	classified
TRD	Pbre1_15G628000	Pbre1_08G277000	Prupe.1G499900.1	6.899794333333333	2.311634833333333	6.4999395	0.4418125030676374	0.45401395233637487	0.5208371369710099	0.1897912633717214	0.18964461732066543	0.17065725523771816	Conservation	Conservation	Conservation	Conservation	classified
TRD	Pbre1_15G628000	Pbre1_08G277200	Prupe.1G499900.1	6.899794333333333	2.7947826666666664	6.4999395	0.4418125030676374	0.3890622736893113	0.5208371369710099	0.1897912633717214	0.17560968823328904	0.17696342923584665	Conservation	Neofunctionalization(Child)	Conservation	discordant	classified
TRD	Pbre1_09G336000	Pbre1_08G278400	Prupe.3G057200.1	69.95411783333333	0.0	132.19480416666667	0.7273725605767678	NA	0.6530165637776842	NA	NA	NA	NA	NA	NA	NA	all_zero_expression_profile
TRD	Pbre1_17G330600	Pbre1_08G278600	Prupe.3G057300.1	42.8817085	9.83754	100.393502	0.5552957190552428	0.6380221927251852	0.7909573129368532	0.42646276633720304	0.2846981415940009	0.38878574419387135	Neofunctionalization(Parent)	Neofunctionalization(Child)	Conservation	discordant	classified
TRD	Pbre1_11G119400	Pbre1_08G279600	Prupe.6G061700.1	NA	NA	NA	NA	NA	NA	NA	NA	NA	NA	NA	NA	NA	missing_expression_record
TRD	Pbre1_15G635600	Pbre1_08G286400	Prupe.1G502900.1	24.219070666666667	0.0	18.924311166666666	0.6322111192895505	NA	0.4348029089195644	NA	NA	NA	NA	NA	NA	NA	all_zero_expression_profile
TRD	Pbre1_17G387000	Pbre1_08G287800	Prupe.3G092800.1	57.721393166666665	17.638082999999998	55.718879666666666	0.6142543609403278	0.5230035935118476	0.6825897947699566	0.1336105561114511	0.35303417251185204	0.16972422408624296	Conservation	Conservation	Conservation	Conservation	classified
TRD	Pbre1_07G370800	Pbre1_08G294000	Prupe.2G256100.1	34.735087666666665	0.8481525000000001	67.10492433333333	0.6940612036314521	0.9496897507824478	0.6036888660248968	0.18122816554974752	0.7925768115463492	0.18450172514530017	Neofunctionalization(Child)	Neofunctionalization(Child)	Neofunctionalization(Child)	Neofunctionalization(Child)	classified
TRD	Pbre1_15G197600	Pbre1_08G294400	Prupe.1G463000.1	5.728726833333333	0.04700866666666667	6.198377833333334	0.35692119054565674	0.9375063982652557	0.308542885574906	0.09229826512808487	0.7440129381737182	0.08877364922247141	Neofunctionalization(Child)	Neofunctionalization(Child)	Neofunctionalization(Child)	Neofunctionalization(Child)	classified
TRD	Pbre1_17G106600	Pbre1_08G297800	Prupe.3G257500.1	0.12947283333333334	0.0	0.16395266666666666	0.6924839857186256	NA	0.9214314740217906	NA	NA	NA	NA	NA	NA	NA	all_zero_expression_profile
TRD	Pbre1_15G652600	Pbre1_08G299400	Prupe.1G511800.1	7.257107166666667	20.270374166666667	63.777804833333334	0.9077789795575484	0.9436609040754108	0.6478727323332942	0.7386178084468555	0.5036788446950675	0.4148933994482702	Specialization	Neofunctionalization(Parent)	Neofunctionalization(Parent)	discordant	classified
TRD	Pbre1_02G052200	Pbre1_08G301400	Prupe.7G246700.1	5.429250333333334	0.174871	20.035450666666666	0.17224239056995255	0.6819864920907637	0.602593014004011	0.259333424189444	0.41251314898897135	0.256683356747845	Neofunctionalization(Child)	Neofunctionalization(Child)	Neofunctionalization(Child)	Neofunctionalization(Child)	classified
TRD	Pbre1_12G006600	Pbre1_08G313600	Prupe.7G003700.1	20.387717666666667	0.09234566666666667	16.139262666666667	0.36877061211975565	0.8620469655382739	0.5777055461667314	0.30251388057542694	0.6626097394838629	0.30291346093028976	Neofunctionalization(Child)	Neofunctionalization(Child)	Neofunctionalization(Child)	Neofunctionalization(Child)	classified
TRD	Pbre1_12G385200	Pbre1_08G318000	Prupe.6G335700.1	NA	NA	NA	NA	NA	NA	NA	NA	NA	NA	NA	NA	NA	missing_expression_record
TRD	Pbre1_07G382400	Pbre1_08G319200	Prupe.2G263500.1	2.147273666666667	0.006143333333333333	15.260265	0.8725576413938899	1.0	0.7785382380147856	0.6440992385512048	1.1070641916966655	0.6430631250410509	Specialization	Specialization	Neofunctionalization(Child)	Specialization	classified
TRD	Pbre1_04G254600	Pbre1_08G321200	Prupe.6G280400.1	7.9068805	0.043272	55.93525483333334	0.6218369002618848	0.8968881157660629	0.49586159069829866	0.30374903329074615	0.5982858064971743	0.3026620557829662	Neofunctionalization(Child)	Neofunctionalization(Child)	Neofunctionalization(Child)	Neofunctionalization(Child)	classified
TRD	Pbre1_14G059000	Pbre1_08G321800	Prupe.7G099300.1	233.93497216666665	117.30631783333334	40.2728385	0.6412872435982037	0.1393643347614148	0.5319823318158672	0.2657958119342371	0.17188078415381047	0.20747979273752742	Conservation	Conservation	Conservation	Conservation	classified
TRD	Pbre1_15G681200	Pbre1_08G324200	Prupe.1G525900.1	3.072506833333333	1.974008	13.5018935	0.5924823524507359	0.6414244091450583	0.6761840484137214	0.4178426399932666	0.4020289063406708	0.4077897945512843	Specialization	Neofunctionalization(Child)	Conservation	discordant	classified
TRD	Pbre1_05G598400	Pbre1_08G325200	Prupe.4G004600.1	NA	NA	NA	NA	NA	NA	NA	NA	NA	NA	NA	NA	NA	missing_expression_record
TRD	Pbre1_15G698800	Pbre1_08G339600	Prupe.1G535400.1	12.600297666666666	13.8424185	14.122554833333334	0.2695548429695514	0.41663921673080984	0.5189796895030412	0.19545144503536296	0.2657923932839611	0.21816679187726543	Conservation	Conservation	Conservation	Conservation	classified
TRD	Pbre1_12G359000	Pbre1_08G343600	Prupe.6G321700.1	3.4740776666666666	0.20642116666666668	25.350600333333333	0.9595415980620713	0.6781732881950077	0.9806329626113388	1.1652361888512541	0.9712271561471872	1.13571134753258	Specialization	Specialization	Specialization	Specialization	classified
TRD	Pbre1_13G243600	Pbre1_08G344800	Prupe.1G106500.1	45.35456283333333	4.6675995	81.877062	0.40008239703985604	0.19108978893313394	0.4921075990965863	0.0675524815246199	0.17594396825201924	0.06613363496319613	Conservation	Conservation	Conservation	Conservation	classified
TRD	Pbre1_15G125600	Pbre1_08G350200	Prupe.1G422100.1	4.9110895	0.0	18.907289833333333	0.3234194111494402	NA	0.2799861824058671	NA	NA	NA	NA	NA	NA	NA	all_zero_expression_profile
TRD	Pbre1_10G364800	Pbre1_08G351200	Prupe.4G132400.1	4.226144333333333	0.0	1.2620518333333333	0.5175534118809096	NA	0.6705192292497443	NA	NA	NA	NA	NA	NA	NA	all_zero_expression_profile
TRD	Pbre1_12G390200	Pbre1_08G353200	Prupe.6G337600.1	17.694904333333334	0.0	39.01308366666667	0.1702294009000478	NA	0.4045265542531026	NA	NA	NA	NA	NA	NA	NA	all_zero_expression_profile
TRD	Pbre1_03G464400	Pbre1_08G353600	Prupe.8G256500.1	55.9429735	0.0	64.43527366666666	0.4171684898238537	NA	0.404781202630396	NA	NA	NA	NA	NA	NA	NA	all_zero_expression_profile
TRD	Pbre1_17G099600	Pbre1_08G359000	Prupe.3G261200.1	3.3671033333333336	0.0	4.767970666666667	0.9173340728332828	NA	0.5432740268421865	NA	NA	NA	NA	NA	NA	NA	all_zero_expression_profile
TRD	Pbre1_15G415800	Pbre1_08G359600	Prupe.7G182300.1	8.059218166666666	0.0	1.4729743333333334	0.536849737528984	NA	0.9993889405040968	NA	NA	NA	NA	NA	NA	NA	all_zero_expression_profile
TRD	Pbre1_10G153400	Pbre1_08G380800	Prupe.8G120800.1	3.676695833333333	2.303980666666667	143.03624283333335	0.7061966678164776	0.7449694076257763	0.64635390952247	0.21038058579347488	0.2674714833140248	0.20393727863853858	Conservation	Subfunctionalization	Neofunctionalization(Parent)	discordant	classified
TRD	Pbre1_09G037000	Pbre1_08G382200	Prupe.3G295400.1	45.12052666666667	4.073875833333333	141.686806	0.3595669759125244	0.6824687400024856	0.33636248553396897	0.1098688779034032	0.41621921564881736	0.12992638164166959	Neofunctionalization(Child)	Neofunctionalization(Child)	Neofunctionalization(Child)	Neofunctionalization(Child)	classified
TRD	Pbre1_02G377600	Pbre1_08G383000	Prupe.2G103200.1	4.841514666666667	14.370262333333333	34.243041999999996	0.31240639680224047	0.2750809946398693	0.5679103253215967	0.25710746244263905	0.2207978185588691	0.22182929964227727	Conservation	Conservation	Conservation	Conservation	classified
TRD	Pbre1_09G101200	Pbre1_08G386000	Prupe.3G260300.1	52.55812516666667	8.456123	77.81631566666667	0.2769801703909843	0.32568299852455984	0.6444801062300654	0.22606330553253898	0.23477028220831286	0.22502496503149375	Conservation	Conservation	Conservation	Conservation	classified
TRD	Pbre1_06G070400	Pbre1_08G390600	Prupe.5G048100.1	7.3400765	6.115749666666667	9.945036833333333	0.9982926502688636	0.9859355173187361	0.9993986014533782	0.010297251076969225	0.06966314149875087	0.03497052973789589	Conservation	Conservation	Neofunctionalization(Child)	Conservation	classified
TRD	Pbre1_15G757200	Pbre1_08G393800	Prupe.1G573400.1	73.81689283333333	89.70454466666666	200.12868116666667	0.22195014725799406	0.48011407594181665	0.4065476859422782	0.17706386380766898	0.2510159567390767	0.21249990432669322	Conservation	Conservation	Conservation	Conservation	classified
TRD	Pbre1_07G239000	Pbre1_08G403600	Prupe.2G162600.1	8.7195945	7.670225833333333	22.507224166666667	0.400294721607996	0.2878886194564158	0.26144994538175687	0.16641448018866845	0.12107299206222488	0.13948864805485678	Conservation	Conservation	Conservation	Conservation	classified
TRD	Pbre1_15G772600	Pbre1_08G407800	Prupe.1G581600.1	NA	NA	NA	NA	NA	NA	NA	NA	NA	NA	NA	NA	NA	missing_expression_record
TRD	Pbre1_08G415600	Pbre1_08G408800	Prupe.1G588000.1	0.31304	1.0978094999999999	3.3837003333333335	0.5771980144506083	0.5688355928110662	0.5734395901566616	0.10174852672200468	0.24405592101200982	0.20962701712362233	Conservation	Specialization	Specialization	discordant	classified
TRD	Pbre1_17G002200	Pbre1_09G002400	Prupe.3G314900.1	3.7253491666666667	2.4887271666666666	8.5657855	0.7830358506124835	0.5848687656500482	0.7254726845197468	0.11036775693335997	0.35814292713699697	0.1021560497368464	Conservation	Neofunctionalization(Parent)	Conservation	discordant	classified
TRD	Pbre1_17G003000	Pbre1_09G003200	Prupe.3G314500.1	16.041042	0.8552153333333333	12.787815333333333	0.827446736743729	0.6536124638695049	0.3608432024561724	0.4154716773400886	0.1953191180466926	0.39496217781888654	Neofunctionalization(Parent)	Neofunctionalization(Child)	Neofunctionalization(Child)	discordant	classified
TRD	Pbre1_13G229400	Pbre1_09G017600	Prupe.1G211500.1	0.9855006666666666	0.004141166666666667	8.514544666666668	0.947443621193878	1.0	0.7701202356126257	0.8238002364315004	0.8773347693140284	0.8201998890490804	Specialization	Specialization	Specialization	Specialization	classified
TRD	Pbre1_16G129400	Pbre1_09G025200	Prupe.1G276500.1	6.201082166666667	2.7805136666666668	11.691640166666668	0.7534820938563257	0.44239695289129066	0.7504656711995296	0.04837421079226677	0.4550651703286231	0.13961203122973212	Neofunctionalization(Child)	Neofunctionalization(Child)	Neofunctionalization(Child)	Neofunctionalization(Child)	classified
TRD	Pbre1_06G109400	Pbre1_09G039600	Prupe.5G075100.1	20.9134265	5.853019833333334	40.32362833333333	0.6398976599204349	0.46871295019016673	0.4076029277996251	0.2042930672398372	0.14323491234311786	0.17534572787618288	Conservation	Conservation	Conservation	Conservation	classified
TRD	Pbre1_04G138600	Pbre1_09G039800	Prupe.5G075200.1	12.941536	0.06614116666666667	25.405695	0.25943377462667083	0.9371256156248655	0.624494089285961	0.18909480126259182	0.7461588050412971	0.1886551335949066	Neofunctionalization(Child)	Neofunctionalization(Child)	Neofunctionalization(Child)	Neofunctionalization(Child)	classified
TRD	Pbre1_15G766000	Pbre1_09G044800	Prupe.1G578800.1	21.1857135	14.6839815	21.297187666666666	0.22096964488104182	0.46762590968630047	0.5646658439378458	0.270738419196997	0.32033267945749877	0.27856929256754603	Conservation	Conservation	Conservation	Conservation	classified
TRD	Pbre1_12G266600	Pbre1_09G073800	Prupe.6G268000.1	0.257074	37.25551883333333	0.5464698333333333	0.942017040037733	0.8864067635534173	0.694320000987048	0.6374794765160565	0.5477767924975745	0.5433774920853929	Specialization	Specialization	Specialization	Specialization	classified
TRD	Pbre1_15G447200	Pbre1_09G075200	Prupe.7G163100.1	30.201685833333332	0.0	21.580868499999998	0.6819670340450299	NA	0.4424239830442729	NA	NA	NA	NA	NA	NA	NA	all_zero_expression_profile
TRD	Pbre1_16G158400	Pbre1_09G085600	Prupe.1G258300.1	2.2359283333333333	0.0	16.0832115	0.5207234102236024	NA	0.7130083814668057	NA	NA	NA	NA	NA	NA	NA	all_zero_expression_profile
TRD	Pbre1_13G152200	Pbre1_09G085800	Prupe.1G258300.1	7.151771666666667	0.0	16.0832115	0.8228283171525159	NA	0.7130083814668057	NA	NA	NA	NA	NA	NA	NA	all_zero_expression_profile
TRD	Pbre1_13G011800	Pbre1_09G091800	Prupe.1G346100.1	89.594715	10.700998833333333	147.224921	0.26125532375242716	0.40105708200520435	0.5135830959471981	0.13158524535663915	0.17242429772853826	0.13438117101675243	Conservation	Conservation	Conservation	Conservation	classified
TRD	Pbre1_05G327800	Pbre1_09G098400	Prupe.8G215800.1	83.97699166666666	6.349859	158.053067	0.42515623742239905	0.5767803825083069	0.4182304768875909	0.1857177331867923	0.2514978204465091	0.1848772097309936	Conservation	Conservation	Conservation	Conservation	classified
TRD	Pbre1_17G099000	Pbre1_09G099800	Prupe.3G261400.1	4.1911059999999996	0.0	5.1782465	0.634596656096819	NA	0.44350641508551913	NA	NA	NA	NA	NA	NA	NA	all_zero_expression_profile
TRD	Pbre1_05G457200	Pbre1_09G100400	Prupe.4G088800.1	12.6088075	0.0	28.994669333333334	0.5457585952975087	NA	0.4170715364769415	NA	NA	NA	NA	NA	NA	NA	all_zero_expression_profile
TRD	Pbre1_12G426000	Pbre1_09G105800	Prupe.6G358100.1	23.201941833333333	2.007053	21.9226825	0.4131255110970682	0.44816593105372926	0.4381919431049054	0.17631035936122347	0.2326502281969452	0.18016063653215839	Conservation	Conservation	Conservation	Conservation	classified
TRD	Pbre1_04G056400	Pbre1_09G109000	Prupe.1G186600.1	48.183466333333335	16.193049833333333	38.57964833333333	0.44270886508593127	0.21058054764857026	0.47745031028747775	0.14405075781052348	0.13603758318134643	0.1265326725464092	Conservation	Conservation	Conservation	Conservation	classified
TRD	Pbre1_15G009800	Pbre1_09G113400	Prupe.1G359200.1	237.90679033333333	0.22244166666666668	197.96079733333335	0.2229505526814659	0.7332355260695993	0.4792070139084341	0.18690495106897512	0.5070895632005732	0.18702543442740702	Neofunctionalization(Child)	Neofunctionalization(Child)	Neofunctionalization(Child)	Neofunctionalization(Child)	classified
TRD	Pbre1_17G127600	Pbre1_09G128600	Prupe.3G245900.1	1.030011	0.29139	0.9593768333333333	0.6038871352404561	0.6784429717599574	0.5105076929526684	0.3149818358301447	0.3252329660285791	0.3109515521131841	Conservation	Specialization	Specialization	discordant	classified
TRD	Pbre1_12G039600	Pbre1_09G133600	Prupe.7G114200.1	0.8709131666666666	9.6120565	22.064171666666667	0.5793872114415068	0.38965619182520334	0.37410801611632216	0.2764342756548224	0.26599486262966254	0.25727131010400267	Conservation	Neofunctionalization(Parent)	Neofunctionalization(Parent)	discordant	classified
TRD	Pbre1_05G398800	Pbre1_09G137200	Prupe.4G125000.1	18.922569666666668	18.1517485	30.028213166666667	0.3274099183848639	0.625821271952774	0.42597349409365837	0.05669842563783842	0.18555183557048766	0.08638143757192929	Conservation	Conservation	Conservation	Conservation	classified
TRD	Pbre1_05G035200	Pbre1_09G142400	Prupe.8G027900.1	43.83906733333333	0.07365416666666666	43.41464366666666	0.6282367290288958	0.9515348978421472	0.18908980312372994	0.3133058259961166	0.7843808929458009	0.313905351924256	Neofunctionalization(Child)	Neofunctionalization(Child)	Neofunctionalization(Child)	Neofunctionalization(Child)	classified
TRD	Pbre1_09G137400	Pbre1_09G144800	Prupe.3G240000.1	NA	NA	NA	NA	NA	NA	NA	NA	NA	NA	NA	NA	NA	missing_expression_record
TRD	Pbre1_09G137400	Pbre1_09G145000	Prupe.3G240000.1	NA	NA	NA	NA	NA	NA	NA	NA	NA	NA	NA	NA	NA	missing_expression_record
TRD	Pbre1_17G146600	Pbre1_09G149000	Prupe.3G234000.1	4.105203666666667	0.0091965	6.750782	0.33838058216767164	0.8095733389938442	0.3322012764161879	0.12361819193407193	0.5432785772147102	0.12256732976979175	Neofunctionalization(Child)	Neofunctionalization(Child)	Neofunctionalization(Child)	Neofunctionalization(Child)	classified
TRD	Pbre1_17G379000	Pbre1_09G164800	Prupe.3G088200.1	37.817445	0.0	60.69757666666667	0.5006784635374506	NA	0.6079571332146382	NA	NA	NA	NA	NA	NA	NA	all_zero_expression_profile
TRD	Pbre1_17G499800	Pbre1_09G171200	Prupe.3G004400.1	52.593299	0.06547116666666666	15.083342833333333	0.5087760191998122	0.940417827206016	0.40922695255176844	0.3057921357932325	0.7207871027147719	0.3058241471828803	Neofunctionalization(Child)	Neofunctionalization(Child)	Neofunctionalization(Child)	Neofunctionalization(Child)	classified
TRD	Pbre1_17G169600	Pbre1_09G172200	Prupe.3G219100.1	0.0705235	0.0	0.567038	0.8225780124605869	NA	0.603568880372911	NA	NA	NA	NA	NA	NA	NA	all_zero_expression_profile
TRD	Pbre1_17G173200	Pbre1_09G175200	Prupe.3G217600.1	13.909601	8.992039666666667	34.264502666666665	0.8597831477272019	0.9561202332071901	0.7013328703068619	0.2787574183567767	0.5300625051412151	0.34593270398961035	Neofunctionalization(Child)	Specialization	Specialization	discordant	classified
TRD	Pbre1_17G178200	Pbre1_09G180800	Prupe.3G214600.1	174.54461	30.994340833333332	169.86028816666666	0.5401877757697675	0.8639781971653878	0.5397220117510703	0.26025997189195976	0.5628778218753325	0.25391728657434876	Neofunctionalization(Child)	Neofunctionalization(Child)	Conservation	Neofunctionalization(Child)	classified
TRD	Pbre1_07G264600	Pbre1_09G193000	Prupe.2G193700.1	15.358252333333333	0.19641966666666666	40.75928666666667	0.5571856007140963	0.5698960892450897	0.6756962319981012	0.3439343366666046	0.37806056326151666	0.3411721486041976	Conservation	Neofunctionalization(Child)	Neofunctionalization(Child)	discordant	classified
TRD	Pbre1_09G171600	Pbre1_09G197000	Prupe.3G219400.1	4.556921	24.556058666666665	12.422335666666667	0.7465181328304289	0.17280202583459203	0.17029703873073046	0.3138420108223813	0.0820095210610139	0.05793016927295507	Conservation	Conservation	Conservation	Conservation	classified
TRD	Pbre1_17G195000	Pbre1_09G201800	Prupe.3G204300.1	0.032189	0.0	0.36713583333333333	0.7276107082146046	NA	0.6863993993888968	NA	NA	NA	NA	NA	NA	NA	all_zero_expression_profile
TRD	Pbre1_17G198000	Pbre1_09G204600	Prupe.3G202400.1	0.20756866666666665	0.05108933333333333	0.6494288333333333	0.9662938300401672	1.0	0.8509738779466021	0.319084779482195	1.1057147191742245	0.23673049526573137	Neofunctionalization(Child)	Neofunctionalization(Child)	Specialization	Neofunctionalization(Child)	classified
TRD	Pbre1_17G379000	Pbre1_09G215200	Prupe.3G088200.1	37.817445	0.025315833333333333	60.69757666666667	0.5006784635374506	1.0	0.6079571332146382	0.2730393158394833	0.8907532399111666	0.2730856520424685	Neofunctionalization(Child)	Neofunctionalization(Child)	Neofunctionalization(Child)	Neofunctionalization(Child)	classified
TRD	Pbre1_09G164400	Pbre1_09G215600	Prupe.3G223500.1	4.482783833333333	4.924112833333334	6.3440761666666665	0.9162178235047819	0.8579437371789005	0.6611284300110656	0.6804761387404834	0.26834300744122463	0.332752570470353	Neofunctionalization(Parent)	Subfunctionalization	Neofunctionalization(Parent)	discordant	classified
TRD	Pbre1_09G164200	Pbre1_09G216000	Prupe.3G223700.1	4.879264333333333	6.249942666666667	20.497134	0.4350278879340248	0.43446991097211685	0.30407543136968507	0.168826041544367	0.13743680634241587	0.12862032518643637	Conservation	Conservation	Conservation	Conservation	classified
TRD	Pbre1_12G356200	Pbre1_09G219600	Prupe.6G320600.1	NA	NA	NA	NA	NA	NA	NA	NA	NA	NA	NA	NA	NA	missing_expression_record
TRD	Pbre1_17G228000	Pbre1_09G233200	Prupe.3G186800.1	126.44933266666666	33.231368333333336	96.00105216666667	0.4037095303856633	0.7286197063673236	0.7901072537728586	0.27423646701208954	0.18928758339088222	0.24088249718713792	Conservation	Conservation	Conservation	Conservation	classified
TRD	Pbre1_17G240400	Pbre1_09G247200	Prupe.3G177700.1	1589.632087	9.425731166666667	167.6465075	0.5105199781514657	0.6218666105922483	0.41209654546093794	0.22032754049550307	0.316921217978808	0.2206244354011913	Conservation	Conservation	Conservation	Conservation	classified
TRD	Pbre1_17G107800	Pbre1_09G256200	Prupe.3G257100.1	1.1276256666666666	0.0	11.033671	0.8981375848433324	NA	0.9627812906313069	NA	NA	NA	NA	NA	NA	NA	all_zero_expression_profile
TRD	Pbre1_17G250000	Pbre1_09G257400	Prupe.3G171100.1	NA	NA	NA	NA	NA	NA	NA	NA	NA	NA	NA	NA	NA	missing_expression_record
TRD	Pbre1_11G119400	Pbre1_09G257600	Prupe.6G061700.1	NA	NA	NA	NA	NA	NA	NA	NA	NA	NA	NA	NA	NA	missing_expression_record
TRD	Pbre1_09G426400	Pbre1_09G261200	Prupe.3G155900.1	0.6402933333333333	0.5845830000000001	42.1403575	1.0	0.7302658301844721	0.6522717617987274	0.937382775645571	0.5929706578408279	0.5475108766850402	Specialization	Specialization	Specialization	Specialization	classified
TRD	Pbre1_03G160400	Pbre1_09G263200	Prupe.6G089600.1	8.3122885	0.008565666666666668	6.731363666666667	0.46112832390528846	1.0	0.35381401612309327	0.1381942176654131	0.9329048382167258	0.13822880299374674	Neofunctionalization(Child)	Neofunctionalization(Child)	Neofunctionalization(Child)	Neofunctionalization(Child)	classified
TRD	Pbre1_03G160400	Pbre1_09G263400	Prupe.6G089600.1	8.3122885	0.0	6.731363666666667	0.46112832390528846	NA	0.35381401612309327	NA	NA	NA	NA	NA	NA	NA	all_zero_expression_profile
TRD	Pbre1_03G160400	Pbre1_09G263600	Prupe.6G089600.1	8.3122885	0.0	6.731363666666667	0.46112832390528846	NA	0.35381401612309327	NA	NA	NA	NA	NA	NA	NA	all_zero_expression_profile
TRD	Pbre1_03G160400	Pbre1_09G263800	Prupe.6G089600.1	8.3122885	0.0	6.731363666666667	0.46112832390528846	NA	0.35381401612309327	NA	NA	NA	NA	NA	NA	NA	all_zero_expression_profile
TRD	Pbre1_03G160400	Pbre1_09G264000	Prupe.6G089600.1	8.3122885	0.0	6.731363666666667	0.46112832390528846	NA	0.35381401612309327	NA	NA	NA	NA	NA	NA	NA	all_zero_expression_profile
TRD	Pbre1_05G455600	Pbre1_09G269400	Prupe.4G089700.1	26.917483333333333	0.07777683333333334	44.73097833333333	0.32500872933071917	0.962759178153922	0.3078166440747454	0.09469898342085774	0.8366962744063883	0.09590206470675953	Neofunctionalization(Child)	Neofunctionalization(Child)	Neofunctionalization(Child)	Neofunctionalization(Child)	classified
TRD	Pbre1_10G368200	Pbre1_09G282000	Prupe.4G134000.1	0.011742666666666667	5.143036	0.11228700000000001	0.8500732573443592	0.4929682706323832	0.7008542322652344	0.8277541719392932	0.38091328164401783	0.381374524300972	Neofunctionalization(Parent)	Neofunctionalization(Child)	Neofunctionalization(Child)	discordant	classified
TRD	Pbre1_17G271000	Pbre1_09G286400	Prupe.3G035200.1	NA	NA	NA	NA	NA	NA	NA	NA	NA	NA	NA	NA	NA	missing_expression_record
TRD	Pbre1_17G271200	Pbre1_09G286600	Prupe.3G035100.1	NA	NA	NA	NA	NA	NA	NA	NA	NA	NA	NA	NA	NA	missing_expression_record
TRD	Pbre1_17G271200	Pbre1_09G286800	Prupe.3G035100.1	NA	NA	NA	NA	NA	NA	NA	NA	NA	NA	NA	NA	NA	missing_expression_record
TRD	Pbre1_06G038800	Pbre1_09G293600	Prupe.5G024600.1	137.851604	0.7054153333333333	379.74128516666667	0.9413028696021402	0.618522281320345	0.8076859674511212	0.4446994474531395	0.6741650725908472	0.44212457869522626	Specialization	Specialization	Neofunctionalization(Child)	Specialization	classified
TRD	Pbre1_16G172400	Pbre1_09G294600	Prupe.1G250100.1	230.54288616666668	20.638356166666668	314.584072	0.7737185677351233	0.9331247162446242	0.5633996798877563	0.342647992133652	0.7290725676727109	0.31652768493106875	Neofunctionalization(Child)	Conservation	Conservation	discordant	classified
TRD	Pbre1_14G216000	Pbre1_09G309000	Prupe.5G110500.1	4.485943166666667	0.0	40.23787316666667	0.24087353738131934	NA	0.3251385945357299	NA	NA	NA	NA	NA	NA	NA	all_zero_expression_profile
TRD	Pbre1_17G271200	Pbre1_09G319400	Prupe.3G035100.1	NA	NA	NA	NA	NA	NA	NA	NA	NA	NA	NA	NA	NA	missing_expression_record
TRD	Pbre1_07G454000	Pbre1_09G325800	Prupe.2G301300.1	43.58377983333333	0.10371766666666667	58.50392683333333	0.863368743124514	0.9389196083202578	0.9722347585270086	0.9417085276865441	1.1690779168270737	0.9421990391572979	Specialization	Specialization	Specialization	Specialization	classified
TRD	Pbre1_07G320200	Pbre1_09G331000	Prupe.2G227100.1	19.171101666666665	4.0365139999999995	168.90649333333334	0.590161902392544	1.0	0.699939795490295	0.38327871005432695	0.7145668037970132	0.31760120082245413	Neofunctionalization(Child)	Neofunctionalization(Child)	Neofunctionalization(Child)	Neofunctionalization(Child)	classified
TRD	Pbre1_13G258800	Pbre1_09G340200	Prupe.1G117200.1	102.79593266666666	0.0	255.29371883333334	0.6946747826844561	NA	0.5134788271737324	NA	NA	NA	NA	NA	NA	NA	all_zero_expression_profile
TRD	Pbre1_06G016400	Pbre1_09G342800	Prupe.5G010400.1	4.5103081666666665	0.0	29.069510333333334	0.6783191148378094	NA	0.9088316923594919	NA	NA	NA	NA	NA	NA	NA	all_zero_expression_profile
TRD	Pbre1_17G359000	Pbre1_09G349000	Prupe.3G077300.1	0.9238308333333333	0.3262211666666667	5.2825405000000005	0.8561529283064819	0.4897465903915901	0.9239204682767713	0.6615497561357555	0.5702623012271202	0.6105529545957061	Specialization	Specialization	Specialization	Specialization	classified
TRD	Pbre1_17G359000	Pbre1_09G349200	Prupe.3G077300.1	0.9238308333333333	0.24546033333333334	5.2825405000000005	0.8561529283064819	0.7474217616835066	0.9239204682767713	0.6615497561357555	0.7537854801994447	0.6472502760083424	Specialization	Specialization	Specialization	Specialization	classified
TRD	Pbre1_17G354400	Pbre1_09G359200	Prupe.3G073700.1	5.471776666666667	13.915382000000001	24.094936166666667	0.4594041989336132	0.4138492069713249	0.8913306249554033	0.4365732433772677	0.5326331502001268	0.4947759926600127	Specialization	Conservation	Conservation	discordant	classified
TRD	Pbre1_17G359000	Pbre1_09G362200	Prupe.3G077300.1	0.9238308333333333	0.0	5.2825405000000005	0.8561529283064819	NA	0.9239204682767713	NA	NA	NA	NA	NA	NA	NA	all_zero_expression_profile
TRD	Pbre1_16G288200	Pbre1_09G362800	Prupe.1G137300.1	3.6207586666666667	0.0	4.943110333333333	0.8552214436528967	NA	0.9466044164844254	NA	NA	NA	NA	NA	NA	NA	all_zero_expression_profile
TRD	Pbre1_15G219000	Pbre1_09G364000	Prupe.1G480300.1	2.863402333333333	0.031274333333333335	5.318231833333334	0.30621997123637545	1.0	0.41694207960201923	0.15838918032416907	0.9728477356232574	0.16059457269521357	Neofunctionalization(Child)	Neofunctionalization(Child)	Neofunctionalization(Child)	Neofunctionalization(Child)	classified
TRD	Pbre1_09G131600	Pbre1_09G367600	Prupe.3G243600.1	5.0070681666666665	0.0	12.276005666666666	0.4977926066809769	NA	0.5847152139359567	NA	NA	NA	NA	NA	NA	NA	all_zero_expression_profile
TRD	Pbre1_17G395800	Pbre1_09G374200	Prupe.3G095900.1	1.2342806666666666	0.5025893333333333	0.057646166666666665	0.790783335783065	0.9877547458119806	0.9182448394401994	0.5812466842089505	0.30953723764969826	0.41777618408164224	Neofunctionalization(Parent)	Specialization	Specialization	discordant	classified
TRD	Pbre1_17G394600	Pbre1_09G374400	Prupe.3G095300.1	8.4724465	4.761340833333334	27.321222	0.46378801885096915	0.3729183591105934	0.3096142450786349	0.15403005117797416	0.1927553245348586	0.12716757382267826	Conservation	Conservation	Conservation	Conservation	classified
TRD	Pbre1_17G394600	Pbre1_09G374600	Prupe.3G095300.1	8.4724465	4.716263166666667	27.321222	0.46378801885096915	0.38925394524016255	0.3096142450786349	0.15403005117797416	0.18872239026252718	0.12051707155845878	Conservation	Conservation	Conservation	Conservation	classified
TRD	Pbre1_17G385600	Pbre1_09G375000	Prupe.3G092400.1	25.119158499999998	16.270419166666667	33.74673083333333	0.7034306065257011	0.41709198467041125	0.08658702289068902	0.33759572944569194	0.1737434802210012	0.2700089082997454	Conservation	Conservation	Conservation	Conservation	classified
TRD	Pbre1_17G384400	Pbre1_09G375200	Prupe.3G091900.1	91.01948683333333	32.40451383333333	149.719359	0.6313072388815263	0.37520118162274174	0.7124381986637551	0.3859850476817243	0.3151339949554107	0.3625392450605337	Conservation	Conservation	Conservation	Conservation	classified
TRD	Pbre1_17G398200	Pbre1_09G382200	Prupe.3G097000.1	0.17006316666666665	9.369409833333334	20.672132166666668	0.9450668139066867	0.4764044664694609	0.7575197605716033	0.8064658418933949	0.38947161719148465	0.39309771478274497	Neofunctionalization(Parent)	Neofunctionalization(Parent)	Neofunctionalization(Parent)	Neofunctionalization(Parent)	classified
TRD	Pbre1_15G559200	Pbre1_09G382400	Prupe.6G196200.1	10.877362666666667	0.0	61.77482916666667	0.5904640153018672	NA	0.46875924287716464	NA	NA	NA	NA	NA	NA	NA	all_zero_expression_profile
TRD	Pbre1_16G287400	Pbre1_09G383000	Prupe.1G136700.1	NA	NA	NA	NA	NA	NA	NA	NA	NA	NA	NA	NA	NA	missing_expression_record
TRD	Pbre1_17G459000	Pbre1_09G383400	Prupe.3G160800.1	118.1851755	0.0	80.06786233333334	0.41685184750477794	NA	0.3491048039613858	NA	NA	NA	NA	NA	NA	NA	all_zero_expression_profile
TRD	Pbre1_02G492000	Pbre1_09G384400	Prupe.2G017500.1	2.1283456666666667	3.6048038333333334	18.035875	0.837890447608198	0.24362835223629817	0.9715111397800994	0.7267793957460192	0.7323323568229538	0.6865537517107587	Specialization	Specialization	Specialization	Specialization	classified
TRD	Pbre1_08G331000	Pbre1_09G386800	Prupe.1G529700.1	1.5068596666666667	1.1648711666666667	16.5330415	0.9015277740867844	0.90502571075986	0.9085348196635342	0.020252933237900537	0.0102041015383752	0.015869231798171096	Conservation	Specialization	Specialization	discordant	classified
TRD	Pbre1_09G459800	Pbre1_09G389000	Prupe.3G016700.1	0.029218	0.0	13.385415666666667	0.8123091212667383	NA	0.7808389922139515	NA	NA	NA	NA	NA	NA	NA	all_zero_expression_profile
TRD	Pbre1_17G403600	Pbre1_09G390200	Prupe.3G100800.1	180.80878816666666	44.97476133333333	7.4944395	0.5398482509155	0.8543900192891993	0.8228528272490214	0.2505041317639552	0.7194251238284042	0.32777192264969063	Neofunctionalization(Child)	Specialization	Specialization	discordant	classified
TRD	Pbre1_09G246600	Pbre1_09G390600	Prupe.3G177900.1	48.8181095	0.0	131.529098	0.3793563741343519	NA	0.6029558359957956	NA	NA	NA	NA	NA	NA	NA	all_zero_expression_profile
TRD	Pbre1_17G032200	Pbre1_09G390800	Prupe.3G299100.1	NA	NA	NA	NA	NA	NA	NA	NA	NA	NA	NA	NA	NA	missing_expression_record
TRD	Pbre1_12G017600	Pbre1_09G392800	Prupe.7G011400.1	8.848579	0.0	3.9282673333333333	0.3928435534330639	NA	0.7501899844691752	NA	NA	NA	NA	NA	NA	NA	all_zero_expression_profile
TRD	Pbre1_12G017400	Pbre1_09G393000	Prupe.7G011300.1	0.022396833333333335	0.0	0.3011745	0.9484067250805062	NA	0.6926412432352755	NA	NA	NA	NA	NA	NA	NA	all_zero_expression_profile
TRD	Pbre1_06G230200	Pbre1_09G401400	Prupe.5G140900.1	0.11418116666666667	6.074348666666666	14.965485333333332	0.9239606018909319	0.965922819786042	0.9391562779560374	0.9888470410115048	1.129472826411234	1.1167307777875424	Specialization	Specialization	Specialization	Specialization	classified
TRD	Pbre1_15G565600	Pbre1_09G411600	Prupe.6G192700.1	285.4909375	0.49049449999999994	938.3929011666667	0.3232327614411468	0.9585952101569969	0.34422398815228855	0.08481649946038365	0.6759524040180265	0.08479744792053963	Neofunctionalization(Child)	Neofunctionalization(Child)	Neofunctionalization(Child)	Neofunctionalization(Child)	classified
TRD	Pbre1_17G055600	Pbre1_09G418800	Prupe.3G286600.1	41.83239966666667	0.0	206.990045	0.6541905245729944	NA	0.8126600636856154	NA	NA	NA	NA	NA	NA	NA	all_zero_expression_profile
TRD	Pbre1_10G563200	Pbre1_09G420400	Prupe.4G016400.1	17.594707500000002	0.14296833333333334	16.241377833333335	0.8104686995124339	0.9446982650220164	0.515818295519657	0.3036853903709042	0.5943971836021991	0.3055166854326949	Neofunctionalization(Child)	Neofunctionalization(Child)	Neofunctionalization(Child)	Neofunctionalization(Child)	classified
TRD	Pbre1_02G169800	Pbre1_09G423600	Prupe.7G183800.1	16.978045333333334	1.0898605	80.44780783333333	0.4120446056685097	0.8075748351258276	0.4722059370449726	0.19846745847937883	0.42391441920421885	0.20672999431808345	Neofunctionalization(Child)	Neofunctionalization(Child)	Neofunctionalization(Child)	Neofunctionalization(Child)	classified
TRD	Pbre1_03G323800	Pbre1_09G426000	Prupe.4G218100.1	11.449657833333333	0.203556	10.942	0.3639483893690244	0.5289546990467294	0.35786584178942604	0.1398037294090027	0.3066190141661033	0.14089575922021827	Conservation	Neofunctionalization(Child)	Neofunctionalization(Child)	discordant	classified
TRD	Pbre1_17G438800	Pbre1_09G429400	Prupe.3G157200.1	1687.610566	134.6522535	4921.722798	0.9829486054035863	0.999697239473505	0.9163412300595359	0.3361544543838394	0.40988731703222103	0.3413341652150729	Neofunctionalization(Child)	Specialization	Specialization	discordant	classified
TRD	Pbre1_11G023800	Pbre1_09G431800	Prupe.6G014200.1	35.209427166666664	0.9291838333333333	34.644856833333336	0.3259029225050228	0.6639151357279298	0.4221283743834106	0.19716448361565933	0.2889013824423881	0.19544765254435628	Conservation	Neofunctionalization(Child)	Neofunctionalization(Child)	discordant	classified
TRD	Pbre1_03G321400	Pbre1_09G437400	Prupe.4G220800.1	60.27083	4.813541	228.217329	0.5413328002431801	0.42105871839210585	0.8255860873892222	0.26067417131897214	0.46116683156077914	0.2746221547227225	Neofunctionalization(Child)	Conservation	Conservation	discordant	classified
TRD	Pbre1_15G644800	Pbre1_09G438600	Prupe.1G507700.1	2.843532166666667	0.023601999999999998	7.3371138333333334	0.48276660372746116	1.0	0.7254579935189402	0.30281466279170527	0.9198675087520527	0.30003788934880893	Neofunctionalization(Child)	Neofunctionalization(Child)	Neofunctionalization(Child)	Neofunctionalization(Child)	classified
TRD	Pbre1_16G155400	Pbre1_09G451200	Prupe.1G260400.1	1.2779425	0.0	70.093435	0.8330948677625027	NA	0.953352693480598	NA	NA	NA	NA	NA	NA	NA	all_zero_expression_profile
TRD	Pbre1_05G119600	Pbre1_09G451800	Prupe.8G097400.1	33.994163	0.0	28.371869666666665	0.40539499321849853	NA	0.40837049093420275	NA	NA	NA	NA	NA	NA	NA	all_zero_expression_profile
TRD	Pbre1_14G178000	Pbre1_09G454600	Prupe.7G121500.1	0.004073666666666666	2.350255	0.3831425	1.0	0.8555784317305342	0.7800775416820791	1.178195363833764	0.7665988277171218	0.7672407456240723	Specialization	Specialization	Specialization	Specialization	classified
TRD	Pbre1_13G018800	Pbre1_09G461600	Prupe.1G342300.1	2.7120088333333334	1.348384	0.9016161666666667	0.570700706161076	0.5097769955354743	0.82169567453656	0.5078318304026919	0.3202191032670009	0.4350942193435223	Neofunctionalization(Parent)	Specialization	Specialization	discordant	classified
TRD	Pbre1_06G413200	Pbre1_09G463600	Prupe.5G242500.1	0.034590166666666665	0.013176166666666668	0.7157953333333333	0.9841835169577446	0.8117043222003929	0.8706836954088033	1.1370445143602288	0.9340822451268358	0.9583960856703211	Specialization	Specialization	Specialization	Specialization	classified
TRD	Pbre1_01G055800	Pbre1_09G463800	Prupe.6G165900.1	13.005523	0.257915	11.510002833333333	0.5652132807367428	0.8348330249943366	0.5579757685649173	0.14210839930222538	0.5398304680324293	0.13793429529869414	Neofunctionalization(Child)	Neofunctionalization(Child)	Neofunctionalization(Child)	Neofunctionalization(Child)	classified
TRD	Pbre1_01G055800	Pbre1_09G464000	Prupe.6G165900.1	13.005523	0.4779846666666666	11.510002833333333	0.5652132807367428	0.656198596272338	0.5579757685649173	0.14210839930222538	0.20914339625387948	0.13959637631765123	Conservation	Neofunctionalization(Child)	Neofunctionalization(Child)	discordant	classified
TRD	Pbre1_07G145600	Pbre1_09G468000	Prupe.2G118700.1	37.291832166666666	5.124516	57.3240755	0.5064588771924365	0.3202879891231575	0.3471108101821659	0.24019640247528867	0.09300459790653957	0.21886938632189615	Conservation	Conservation	Conservation	Conservation	classified
TRD	Pbre1_05G455400	Pbre1_09G470000	Prupe.4G089800.1	16.597408166666668	0.2330325	21.03776	0.17178504101834788	0.9181839711773451	0.4013666031869839	0.14579237771851472	0.6986789639392474	0.14973110616509366	Neofunctionalization(Child)	Neofunctionalization(Child)	Neofunctionalization(Child)	Neofunctionalization(Child)	classified
TRD	Pbre1_02G348800	Pbre1_09G473200	Prupe.2G125600.1	3.4184755	1.9962245	1.7996496666666668	0.1637641734468413	0.2765957692859224	0.65261981278488	0.2649621696925654	0.3333615950240319	0.28624686008267025	Conservation	Specialization	Conservation	discordant	classified
TRD	Pbre1_06G067400	Pbre1_09G474000	Prupe.5G046300.1	13.731799	0.04859083333333333	13.640832166666666	0.371334900831951	0.9131479003502696	0.4700517349595037	0.23211292909714695	0.577461236104826	0.23093317775226432	Neofunctionalization(Child)	Neofunctionalization(Child)	Neofunctionalization(Child)	Neofunctionalization(Child)	classified
TRD	Pbre1_06G067600	Pbre1_09G474200	Prupe.5G046400.1	7.4007335	10.086588666666666	19.7605165	0.41752139576118374	0.41366512971572317	0.32427415573899904	0.24347474390576426	0.2513345878291964	0.23638490322920427	Conservation	Conservation	Conservation	Conservation	classified
TRD	Pbre1_14G339800	Pbre1_09G478200	Prupe.5G176800.1	0.9156226666666667	43.73966466666667	12.473781833333334	0.8116190445892517	0.5290058395143729	0.593559638842259	0.22323011808834176	0.47237892683862825	0.4603660963193257	Neofunctionalization(Child)	Neofunctionalization(Parent)	Neofunctionalization(Parent)	discordant	classified
TRD	Pbre1_03G098800	Pbre1_09G481800	Prupe.6G054800.1	867.6348541666666	3.0050478333333333	257.15845633333333	0.806853318329009	0.7771663868340668	0.978552436483851	0.555280305260923	0.8352488937174867	0.5555111467185981	Specialization	Neofunctionalization(Child)	Neofunctionalization(Child)	discordant	classified
TRD	Pbre1_17G503200	Pbre1_09G487200	Prupe.3G003300.1	5.357750333333334	0.059596166666666665	55.81789233333333	0.5905646487895941	0.8497399328037301	0.8193649560272185	0.3825617892497095	0.876544161171614	0.3849173092693848	Neofunctionalization(Child)	Neofunctionalization(Child)	Neofunctionalization(Child)	Neofunctionalization(Child)	classified
TRD	Pbre1_17G504200	Pbre1_09G489800	Prupe.3G002700.1	25.824302166666666	8.741027833333334	32.082002833333334	0.7321000128747693	0.4332036555977483	0.4378655462258071	0.24042527503515906	0.25175925460644843	0.18934755191932587	Conservation	Conservation	Conservation	Conservation	classified
TRD	Pbre1_11G171600	Pbre1_09G491000	Prupe.6G086700.1	22.393687	0.0	28.641344	0.8118806270426424	NA	0.5031060691406052	NA	NA	NA	NA	NA	NA	NA	all_zero_expression_profile
TRD	Pbre1_09G135000	Pbre1_10G006800	Prupe.3G241300.1	5.645546	0.6255563333333334	10.112636666666667	0.5912619221018213	0.8364170201182869	0.5045547637526806	0.3351335417607411	0.5049830011356715	0.3289527378671352	Neofunctionalization(Child)	Neofunctionalization(Child)	Neofunctionalization(Child)	Neofunctionalization(Child)	classified
TRD	Pbre1_08G156000	Pbre1_10G007000	Prupe.1G431800.1	3.2179754999999997	0.0	11.297688833333334	0.8084765631653698	NA	0.5679061814450531	NA	NA	NA	NA	NA	NA	NA	all_zero_expression_profile
TRD	Pbre1_05G018400	Pbre1_10G017000	Prupe.8G016800.1	21.6341495	7.332518833333333	27.965846833333334	0.3687574680129385	0.5355782259297048	0.701715587400631	0.2992724206888427	0.4310365109290355	0.31038510894253557	Neofunctionalization(Child)	Conservation	Conservation	discordant	classified
TRD	Pbre1_15G477000	Pbre1_10G026200	Prupe.7G147100.1	16.030634833333334	0.06784316666666666	26.873604	0.45279681069205574	0.809865053959248	0.29358757896948734	0.2462963395910914	0.36758772079921076	0.24448584624378505	Conservation	Neofunctionalization(Child)	Neofunctionalization(Child)	discordant	classified
TRD	Pbre1_05G224400	Pbre1_10G027000	Prupe.8G168100.1	0.7167546666666667	0.012410166666666667	3.3407686666666665	0.9582769850611035	1.0	0.9598560570069268	0.1201409946897055	1.2725800348541205	0.11650512093591328	Neofunctionalization(Child)	Specialization	Specialization	discordant	classified
TRD	Pbre1_02G383600	Pbre1_10G028400	Prupe.2G099200.1	12.924646166666665	19.9107165	17.435376	0.65596151315171	0.6223544692445286	0.45062376114002445	0.23323331580347015	0.19776087452075028	0.07464908964111681	Conservation	Conservation	Conservation	Conservation	classified
TRD	Pbre1_02G383600	Pbre1_10G037400	Prupe.2G099200.1	12.924646166666665	3.114689333333333	17.435376	0.65596151315171	0.5269675423023643	0.45062376114002445	0.23323331580347015	0.22558542691604044	0.17274241565732015	Conservation	Conservation	Conservation	Conservation	classified
TRD	Pbre1_11G403800	Pbre1_10G038200	Prupe.4G182900.1	3.2682245	0.0	19.5236015	0.5684108255605983	NA	0.4807226777306381	NA	NA	NA	NA	NA	NA	NA	all_zero_expression_profile
TRD	Pbre1_17G043600	Pbre1_10G042400	Prupe.3G292700.1	1.0871871666666666	0.0	2.039858166666667	0.5143298470594418	NA	0.5914703972522779	NA	NA	NA	NA	NA	NA	NA	all_zero_expression_profile
TRD	Pbre1_12G266600	Pbre1_10G042800	Prupe.6G268000.1	0.257074	0.0	0.5464698333333333	0.942017040037733	NA	0.694320000987048	NA	NA	NA	NA	NA	NA	NA	all_zero_expression_profile
TRD	Pbre1_16G205400	Pbre1_10G044000	Prupe.1G229300.1	71.73016933333334	164.79143916666666	251.084988	0.31405633038790726	0.19941044828032237	0.22729524686967717	0.10899598413607935	0.07842651228815518	0.08382898625877842	Conservation	Conservation	Conservation	Conservation	classified
TRD	Pbre1_10G124600	Pbre1_10G044400	Prupe.8G097200.1	10.583598	10.848304166666667	16.2847125	0.5128604633044201	0.6591344166351389	0.5236186687035304	0.3627715158472483	0.3045362410076755	0.320240296659028	Conservation	Conservation	Conservation	Conservation	classified
TRD	Pbre1_02G189400	Pbre1_10G052400	Prupe.7G172700.1	249.17252883333333	52.999885	328.4160305	0.165077444444103	0.32800031611428204	0.23442561454230662	0.09763955368199055	0.14697069976004265	0.09996653030789372	Conservation	Conservation	Conservation	Conservation	classified
TRD	Pbre1_01G284000	Pbre1_10G055600	Prupe.2G250300.1	NA	NA	NA	NA	NA	NA	NA	NA	NA	NA	NA	NA	NA	missing_expression_record
TRD	Pbre1_15G762200	Pbre1_10G061400	Prupe.1G576600.1	12.694171833333334	0.18601866666666667	28.0267895	0.3477496386763175	0.5877557961255853	0.6861188069103699	0.3417385197035408	0.363992804596264	0.34106488780382677	Conservation	Neofunctionalization(Child)	Neofunctionalization(Child)	discordant	classified
TRD	Pbre1_16G106400	Pbre1_10G068600	Prupe.1G289000.1	18.111442833333335	0.0	49.06265066666667	0.798159576217483	NA	0.4831072732455482	NA	NA	NA	NA	NA	NA	NA	all_zero_expression_profile
TRD	Pbre1_16G300800	Pbre1_10G071200	Prupe.1G144200.1	32.400556	1.3751141666666666	51.494997166666664	0.517056286278347	0.5686443547526229	0.7084654208299932	0.24240746404418373	0.41674520305305573	0.245244737482433	Neofunctionalization(Child)	Neofunctionalization(Child)	Conservation	Neofunctionalization(Child)	classified
TRD	Pbre1_09G414600	Pbre1_10G072400	Prupe.3G140300.1	1.4476773333333333	0.033398000000000004	6.8835429999999995	0.8741989078654729	1.0	0.9346675742943497	0.7561235445553246	1.1679873127793425	0.7650117398536771	Specialization	Specialization	Specialization	Specialization	classified
TRD	Pbre1_03G376200	Pbre1_10G078200	Prupe.4G184700.1	2.265612	0.009659666666666667	77.59518583333333	0.3434237725487601	0.8017590270381696	0.6991082287653752	0.33144904712047096	0.43013767203796144	0.3308118893274363	Neofunctionalization(Child)	Neofunctionalization(Child)	Neofunctionalization(Child)	Neofunctionalization(Child)	classified
TRD	Pbre1_10G140600	Pbre1_10G078800	Prupe.8G110100.1	1.5548096666666666	3.7076486666666666	3.855357	0.9898816413581569	0.997092801671206	0.8487692955918023	1.002938818553258	1.029548431480723	1.021541250696868	Specialization	Specialization	Specialization	Specialization	classified
TRD	Pbre1_13G322200	Pbre1_10G080800	Prupe.1G013200.1	17.522876166666666	0.853831	23.6409235	0.42378592676981464	0.8037481214144444	0.4209826422501715	0.2420675866331252	0.4758163235924425	0.24048345560169662	Neofunctionalization(Child)	Neofunctionalization(Child)	Neofunctionalization(Child)	Neofunctionalization(Child)	classified
TRD	Pbre1_13G092400	Pbre1_10G081000	Prupe.1G298700.1	11.8383825	0.0	12.958776	0.4789610687289464	NA	0.6716541715164666	NA	NA	NA	NA	NA	NA	NA	all_zero_expression_profile
TRD	Pbre1_08G182000	Pbre1_10G094000	Prupe.1G443600.1	3.036039166666667	2.7808523333333333	6.919042166666667	0.24996089796729412	0.3686337135286313	0.6335732361778774	0.2774115433964614	0.26189978687719123	0.260179118778971	Conservation	Conservation	Conservation	Conservation	classified
TRD	Pbre1_10G515200	Pbre1_10G096200	Prupe.4G043200.1	5.872893333333334	0.0	30.507906166666665	0.3458837553777118	NA	0.8496344107352065	NA	NA	NA	NA	NA	NA	NA	all_zero_expression_profile
TRD	Pbre1_10G515200	Pbre1_10G096400	Prupe.4G043200.1	5.872893333333334	0.0	30.507906166666665	0.3458837553777118	NA	0.8496344107352065	NA	NA	NA	NA	NA	NA	NA	all_zero_expression_profile
TRD	Pbre1_03G395400	Pbre1_10G103000	Prupe.4G172200.1	8.600871	1.0552611666666667	4.727380833333333	0.3148018193097234	0.4478729754466951	0.5003381352585435	0.21882329934615846	0.1554433965387372	0.20460933720755997	Conservation	Neofunctionalization(Child)	Conservation	discordant	classified
TRD	Pbre1_03G395400	Pbre1_10G103200	Prupe.4G172200.1	8.600871	1.0156541666666667	4.727380833333333	0.3148018193097234	0.509757302062485	0.5003381352585435	0.21882329934615846	0.09912774521924717	0.19233089163342437	Conservation	Neofunctionalization(Child)	Neofunctionalization(Child)	discordant	classified
TRD	Pbre1_02G174600	Pbre1_10G104200	Prupe.7G181700.1	12.511818166666666	0.7705538333333333	24.744254333333334	0.22404580571960472	0.5154501566892193	0.3504228314535913	0.13036763836443882	0.2055450171259185	0.11834355374278102	Conservation	Neofunctionalization(Child)	Neofunctionalization(Child)	discordant	classified
TRD	Pbre1_03G314400	Pbre1_10G108200	Prupe.4G225000.1	9.090436833333333	0.005568666666666666	50.282609666666666	0.39124503282387985	1.0	0.5351117246007673	0.27643197233332856	1.0112489100716975	0.2763992711774136	Neofunctionalization(Child)	Neofunctionalization(Child)	Neofunctionalization(Child)	Neofunctionalization(Child)	classified
TRD	Pbre1_03G329600	Pbre1_10G110400	Prupe.4G213900.1	8.509337333333335	0.10714366666666666	549.2349985	0.8964352684307455	0.7027155394141922	0.5736070840752481	0.4428709217003789	0.5938774870116507	0.4363513878990552	Specialization	Specialization	Neofunctionalization(Child)	Specialization	classified
TRD	Pbre1_07G443800	Pbre1_10G116400	Prupe.2G295900.1	83.0318865	2.4671363333333334	78.08069633333334	0.4443599974472816	0.4337851932331267	0.6527250975931579	0.27886042230924957	0.4200379919006075	0.2804860254260517	Neofunctionalization(Child)	Neofunctionalization(Child)	Neofunctionalization(Child)	Neofunctionalization(Child)	classified
TRD	Pbre1_13G200800	Pbre1_10G117200	Prupe.1G227300.1	18.395790666666667	0.11839633333333334	21.2896515	0.527202809400335	0.8266954641358526	0.5145810591189148	0.3050120082328551	0.5484028320105256	0.3041934267882096	Neofunctionalization(Child)	Neofunctionalization(Child)	Neofunctionalization(Child)	Neofunctionalization(Child)	classified
TRD	Pbre1_03G394600	Pbre1_10G117800	Prupe.4G172700.1	13.242427666666666	6.258353333333334	16.293043	0.3112080901927087	0.6659511145585956	0.18722694927709915	0.07025653831793505	0.3539795010165941	0.10047345849163689	Conservation	Neofunctionalization(Child)	Conservation	discordant	classified
TRD	Pbre1_16G169400	Pbre1_10G120800	Prupe.1G251800.1	19.751815666666666	0.023189166666666667	37.871343833333334	0.5351781481645099	1.0	0.4728182252641961	0.29919633674394336	1.0677693398736228	0.2992504699674438	Neofunctionalization(Child)	Neofunctionalization(Child)	Neofunctionalization(Child)	Neofunctionalization(Child)	classified
TRD	Pbre1_10G125600	Pbre1_10G122600	Prupe.8G098000.1	122.38669783333333	31.396455666666668	180.34054483333333	0.49058720061565636	0.863689931816148	0.5161956060531016	0.14090763750829455	0.40517946512549585	0.14056482812707305	Neofunctionalization(Child)	Conservation	Conservation	discordant	classified
TRD	Pbre1_13G323000	Pbre1_10G130400	Prupe.1G013700.1	202.023812	0.0	280.19209516666666	0.3956072031215442	NA	0.6736030300905662	NA	NA	NA	NA	NA	NA	NA	all_zero_expression_profile
TRD	Pbre1_07G127200	Pbre1_10G132000	Prupe.2G107900.1	16.776540833333332	0.0	33.19269933333334	0.1869725973327772	NA	0.7525624254850897	NA	NA	NA	NA	NA	NA	NA	all_zero_expression_profile
TRD	Pbre1_01G370000	Pbre1_10G134800	Prupe.2G296200.1	0.9614545	0.02809983333333333	15.733916666666667	0.9045904333262751	0.9004015992892048	0.5510338475890066	0.5448031652412278	0.6751129395243841	0.5248154440262872	Specialization	Specialization	Specialization	Specialization	classified
TRD	Pbre1_10G356400	Pbre1_10G136000	Prupe.4G139500.1	0.054585166666666664	0.0	3.083623333333333	0.6625504611244215	NA	0.735877089736373	NA	NA	NA	NA	NA	NA	NA	all_zero_expression_profile
TRD	Pbre1_17G136000	Pbre1_10G137000	Prupe.3G240400.1	10.9927835	0.0	23.029978666666665	0.22729985003947556	NA	0.35053536669789415	NA	NA	NA	NA	NA	NA	NA	all_zero_expression_profile
TRD	Pbre1_03G386200	Pbre1_10G144800	Prupe.4G177700.1	5.839482666666667	0.08726783333333334	5.72331	0.7896270452239671	0.9092348358220559	0.5298076858334839	0.31079608074032194	0.7102040722952948	0.30612137577563325	Neofunctionalization(Child)	Specialization	Neofunctionalization(Child)	discordant	classified
TRD	Pbre1_08G112200	Pbre1_10G153200	Prupe.1G407900.1	18.455849666666666	39.3525065	90.15506316666666	0.5133128907647564	0.47438965605540656	0.42336967076700327	0.22796349502267382	0.08413825986336776	0.07847049710930927	Conservation	Conservation	Conservation	Conservation	classified
TRD	Pbre1_08G125200	Pbre1_10G156000	Prupe.1G416400.1	3.2542323333333334	24.468214166666666	9.080155666666666	0.9937707126205606	0.4351776593894707	0.9789257705276665	0.09340769065744783	0.936728143258825	0.8197670569621678	Neofunctionalization(Child)	Specialization	Specialization	discordant	classified
TRD	Pbre1_05G149600	Pbre1_10G159400	Prupe.8G123800.1	20.74438083333333	2.986756333333333	26.058166666666665	0.5191012568555877	0.22481462102914335	0.3855233414562727	0.1539234717535011	0.1481954924417912	0.14805742408112404	Conservation	Conservation	Conservation	Conservation	classified
TRD	Pbre1_10G562800	Pbre1_10G160800	Prupe.4G016700.1	27.565943166666667	0.4084563333333333	67.58063883333334	0.2166929726035684	0.6101493557521399	0.3665117909829979	0.1339022687970011	0.3518635103796174	0.1347598544699961	Conservation	Neofunctionalization(Child)	Neofunctionalization(Child)	discordant	classified
TRD	Pbre1_02G246800	Pbre1_10G166800	Prupe.7G142700.1	2.1347915	62.4620325	4.080719833333333	0.6525648091301106	0.9797303943912212	0.9146704932299802	0.3789377660458277	1.0758158789337082	1.0468746301036016	Neofunctionalization(Child)	Specialization	Specialization	discordant	classified
TRD	Pbre1_05G163200	Pbre1_10G167800	Prupe.8G131700.1	78.9035665	6.92439	75.090726	0.5033214949450415	0.32252443762959343	0.27204427879965853	0.19950048787604696	0.08934260093116109	0.18287255300700755	Conservation	Conservation	Conservation	Conservation	classified
TRD	Pbre1_16G288200	Pbre1_10G168400	Prupe.1G137300.1	3.6207586666666667	0.023024666666666666	4.943110333333333	0.8552214436528967	0.9189543281456617	0.9466044164844254	0.9303733794492071	1.0785972115814026	0.9288118632061515	Specialization	Specialization	Specialization	Specialization	classified
TRD	Pbre1_16G099800	Pbre1_10G172600	Prupe.1G293400.1	45.1695815	7.8009135	59.9991405	0.36252568056659173	0.5949252975377894	0.6852483975874791	0.20766448033340196	0.42603881604044264	0.22472092971416416	Neofunctionalization(Child)	Conservation	Conservation	discordant	classified
TRD	Pbre1_05G172200	Pbre1_10G176800	Prupe.8G138100.1	1.8739138333333334	0.0	1.401622	0.27633159281799174	NA	0.40925009414549035	NA	NA	NA	NA	NA	NA	NA	all_zero_expression_profile
TRD	Pbre1_05G177400	Pbre1_10G180600	Prupe.8G140600.1	0.6039948333333334	0.252707	1.543915	0.8618392500306763	0.7285588360122318	0.9208615499214202	0.7156113803260923	0.4989389855341746	0.6498908146521964	Specialization	Specialization	Specialization	Specialization	classified
TRD	Pbre1_04G164000	Pbre1_10G188200	Prupe.6G235000.1	22.54606233333333	0.0	32.488736833333334	0.3158383523825668	NA	0.345607557831959	NA	NA	NA	NA	NA	NA	NA	all_zero_expression_profile
TRD	Pbre1_07G193800	Pbre1_10G190400	Prupe.2G146800.1	30.299012	0.02954633333333333	32.14423933333333	0.5008536094320923	1.0	0.3717025739327811	0.2224429636761721	0.8353796664171954	0.2218587506063463	Neofunctionalization(Child)	Neofunctionalization(Child)	Neofunctionalization(Child)	Neofunctionalization(Child)	classified
TRD	Pbre1_13G343200	Pbre1_10G191000	Prupe.1G026500.1	2.0245025	0.0	2.8593591666666667	0.6824759068483346	NA	0.3199755938546577	NA	NA	NA	NA	NA	NA	NA	all_zero_expression_profile
TRD	Pbre1_16G291000	Pbre1_10G191200	Prupe.1G138800.1	0.299603	3.091387666666667	3.2735000000000003	0.6361050987182624	0.9440907956742061	0.9636327412879663	0.7686648061020819	1.0629903965175382	1.011915013371826	Specialization	Specialization	Specialization	Specialization	classified
TRD	Pbre1_15G686000	Pbre1_10G195200	Prupe.1G528500.1	3.2202085	0.024333166666666666	14.672921333333333	0.4541216664205659	1.0	0.8581186100772097	0.5070031268876412	1.1262256376924635	0.506063494105641	Specialization	Specialization	Neofunctionalization(Child)	Specialization	classified
TRD	Pbre1_09G473800	Pbre1_10G200600	Prupe.3G010700.1	5.8464263333333335	0.0	1.9400338333333333	0.6785219205215708	NA	0.6833337882934977	NA	NA	NA	NA	NA	NA	NA	all_zero_expression_profile
TRD	Pbre1_05G210000	Pbre1_10G210800	Prupe.8G161000.1	6.8423	0.936024	7.014726333333333	0.33497520421545196	0.5643307704235763	0.8064366068443803	0.3274343217928152	0.3143868718385735	0.31093802438403717	Conservation	Neofunctionalization(Child)	Neofunctionalization(Child)	discordant	classified
TRD	Pbre1_05G210000	Pbre1_10G211000	Prupe.8G161000.1	6.8423	0.307955	7.014726333333333	0.33497520421545196	0.8553282694503099	0.8064366068443803	0.3274343217928152	0.6431138808798802	0.3252363148785191	Neofunctionalization(Child)	Neofunctionalization(Child)	Neofunctionalization(Child)	Neofunctionalization(Child)	classified
TRD	Pbre1_05G210000	Pbre1_10G211200	Prupe.8G161000.1	6.8423	0.32626	7.014726333333333	0.33497520421545196	0.977087329553898	0.8064366068443803	0.3274343217928152	0.9481444263009409	0.3269056797725743	Neofunctionalization(Child)	Neofunctionalization(Child)	Neofunctionalization(Child)	Neofunctionalization(Child)	classified
TRD	Pbre1_05G219000	Pbre1_10G220000	Prupe.8G165500.1	13.664612	0.6767165	28.99374	0.28780463978942483	0.800054274351429	0.6945215517168737	0.3016105264869408	0.45998704430908277	0.30321604708624306	Neofunctionalization(Child)	Neofunctionalization(Child)	Neofunctionalization(Child)	Neofunctionalization(Child)	classified
TRD	Pbre1_05G224000	Pbre1_10G224200	Prupe.8G167900.1	23.456143666666666	7.6717588333333335	50.73740216666667	0.6313630205842369	0.5482993833907394	0.5795768197265543	0.07232704635757806	0.3022908406265669	0.07786494034661356	Conservation	Conservation	Conservation	Conservation	classified
TRD	Pbre1_05G227000	Pbre1_10G227200	Prupe.8G169500.1	NA	NA	NA	NA	NA	NA	NA	NA	NA	NA	NA	NA	NA	missing_expression_record
TRD	Pbre1_05G227000	Pbre1_10G227400	Prupe.8G169500.1	NA	NA	NA	NA	NA	NA	NA	NA	NA	NA	NA	NA	NA	missing_expression_record
TRD	Pbre1_05G229600	Pbre1_10G229000	Prupe.8G170300.1	0.497492	0.6312854999999999	1.5904194999999999	0.6182808900737831	0.651613216138387	0.7113371874938389	0.4126902977423832	0.21524333485114222	0.29203770965276993	Neofunctionalization(Parent)	Specialization	Neofunctionalization(Parent)	discordant	classified
TRD	Pbre1_05G230200	Pbre1_10G230600	Prupe.8G170700.1	11.199109	2.540249	22.4432905	0.19817511726719195	0.3951624712110007	0.33643193850942454	0.06292081857657546	0.10233885047607652	0.06166057501901721	Conservation	Conservation	Conservation	Conservation	classified
TRD	Pbre1_15G228600	Pbre1_10G235200	Prupe.1G485100.1	38.78546866666667	1.0832103333333334	48.97274066666667	0.6272586986018363	0.20434354660928994	0.28181696385249577	0.28347987304285993	0.11202629409718555	0.2765652969555881	Conservation	Neofunctionalization(Child)	Conservation	discordant	classified
TRD	Pbre1_05G240800	Pbre1_10G237400	Prupe.8G176300.1	19.478797	0.0	41.702132	0.844144938962201	NA	0.7920955118706894	NA	NA	NA	NA	NA	NA	NA	all_zero_expression_profile
TRD	Pbre1_10G238800	Pbre1_10G246000	Prupe.8G176300.1	1.6171576666666667	0.21441000000000002	41.702132	0.7276132824024624	0.722297499271263	0.7920955118706894	0.5940557824163428	0.4126425770925444	0.5656385588071974	Specialization	Specialization	Specialization	Specialization	classified
TRD	Pbre1_05G592800	Pbre1_10G262800	Prupe.4G008500.1	120.61735016666667	0.0	45.445713166666664	0.5434688507127658	NA	0.38021765184942924	NA	NA	NA	NA	NA	NA	NA	all_zero_expression_profile
TRD	Pbre1_10G263600	Pbre1_10G265600	Prupe.8G188000.1	1.018715	0.7350423333333334	1.4462751666666667	0.5030777940129332	0.5308692736480848	0.6608401551684663	0.38755299123858716	0.391094148923661	0.3842833444963384	Conservation	Specialization	Neofunctionalization(Child)	discordant	classified
TRD	Pbre1_05G272600	Pbre1_10G266800	Prupe.8G188700.1	2.3417383333333333	0.2786688333333333	6.490407333333334	0.25122518194141746	0.7069117343478133	0.37966462733222156	0.14432302060648652	0.3114612898691684	0.14004313650172023	Conservation	Neofunctionalization(Child)	Neofunctionalization(Child)	discordant	classified
TRD	Pbre1_10G186800	Pbre1_10G268200	Prupe.8G144400.1	8.2172425	0.0	12.8466225	0.4564439397264117	NA	0.387907973474168	NA	NA	NA	NA	NA	NA	NA	all_zero_expression_profile
TRD	Pbre1_08G316800	Pbre1_10G270400	Prupe.6G192700.1	123.57822233333333	0.28223566666666666	938.3929011666667	0.1736294938676048	0.9689263501472342	0.34422398815228855	0.1548054942900416	0.7020807189726487	0.15393910080495724	Neofunctionalization(Child)	Neofunctionalization(Child)	Neofunctionalization(Child)	Neofunctionalization(Child)	classified
TRD	Pbre1_17G031400	Pbre1_10G270600	Prupe.3G299300.1	21.348497666666667	0.0	43.47916416666666	0.3785946978628557	NA	0.6220361953467481	NA	NA	NA	NA	NA	NA	NA	all_zero_expression_profile
TRD	Pbre1_05G287400	Pbre1_10G282000	Prupe.8G196600.1	1.2422543333333333	9.179763	10.607156	0.6362292274056613	0.4699685361304987	0.6667683033348484	0.5485909054272687	0.23263926371479413	0.2656094039590455	Neofunctionalization(Parent)	Neofunctionalization(Parent)	Neofunctionalization(Parent)	Neofunctionalization(Parent)	classified
TRD	Pbre1_07G403000	Pbre1_10G282400	Prupe.2G274500.1	37.93580083333333	4.833326166666667	89.119372	0.6716899594615728	0.32257449731764576	0.6803187973913767	0.33861747577042517	0.2629419418846553	0.3115283390858271	Conservation	Conservation	Conservation	Conservation	classified
TRD	Pbre1_07G403000	Pbre1_10G282600	Prupe.2G274500.1	37.93580083333333	5.7496659999999995	89.119372	0.6716899594615728	0.21202390926473275	0.6803187973913767	0.33861747577042517	0.24130266660906202	0.31469158241471185	Conservation	Conservation	Conservation	Conservation	classified
TRD	Pbre1_01G328200	Pbre1_10G282800	Prupe.2G274700.1	0.005735166666666666	0.0	0.016779833333333334	1.0	NA	1.0	NA	NA	NA	NA	NA	NA	NA	all_zero_expression_profile
TRD	Pbre1_17G038400	Pbre1_10G304000	Prupe.3G294600.1	3.8381791666666665	0.0	49.17713883333334	0.41474594493589684	NA	0.7571541575986712	NA	NA	NA	NA	NA	NA	NA	all_zero_expression_profile
TRD	Pbre1_10G368200	Pbre1_10G315000	Prupe.4G134000.1	0.011742666666666667	0.0	0.11228700000000001	0.8500732573443592	NA	0.7008542322652344	NA	NA	NA	NA	NA	NA	NA	all_zero_expression_profile
TRD	Pbre1_05G337200	Pbre1_10G321000	Prupe.8G221300.1	8.267355333333333	2.980650333333333	8.24338	0.5812853150947447	0.4287959443862405	0.3499113264221482	0.23742769542996142	0.0977573136636619	0.17570216835212865	Conservation	Conservation	Conservation	Conservation	classified
TRD	Pbre1_03G142400	Pbre1_10G326800	Prupe.6G079100.1	123.84444083333334	25.050694666666665	96.83735916666667	0.8638309413837941	0.40298048398317565	0.30551271992320544	0.43867506353678276	0.1991101411196766	0.37534270139537107	Neofunctionalization(Parent)	Conservation	Conservation	discordant	classified
TRD	Pbre1_05G344800	Pbre1_10G328800	Prupe.8G225300.1	3.478926	0.45781483333333334	10.336034833333333	0.47418278193777563	0.48161586733286177	0.3648917871539658	0.18751511565831827	0.2674733274424089	0.18605950471352	Conservation	Neofunctionalization(Child)	Neofunctionalization(Child)	discordant	classified
TRD	Pbre1_16G057200	Pbre1_10G334000	Prupe.1G321400.1	14.703330833333332	4.1783185000000005	18.279919833333334	0.5035955615142622	0.5894516004120669	0.6074822601798512	0.31204400169380136	0.3544224993521807	0.30399802809315823	Conservation	Neofunctionalization(Child)	Neofunctionalization(Child)	discordant	classified
TRD	Pbre1_04G275000	Pbre1_10G334800	Prupe.6G290800.1	22.575878333333332	0.038933166666666665	56.93021866666667	0.8793933178865071	1.0	0.6396484487493479	0.7247105616211325	1.0296554415148484	0.7239862580878742	Specialization	Neofunctionalization(Child)	Neofunctionalization(Child)	discordant	classified
TRD	Pbre1_08G094800	Pbre1_10G339800	Prupe.1G393800.1	3.5211551666666665	0.06704383333333333	5.764164166666666	0.5697217228935377	1.0	0.5958224295408283	0.1458143639887051	1.0617096807912456	0.15313229657762048	Neofunctionalization(Child)	Specialization	Specialization	discordant	classified
TRD	Pbre1_16G335000	Pbre1_10G343600	Prupe.1G016800.1	18.971313833333333	9.133078166666667	14.245324666666667	0.6400195138356076	0.48014494975389593	0.5302779439899614	0.3124790210160171	0.27153994562895367	0.2831006915749508	Conservation	Conservation	Conservation	Conservation	classified
TRD	Pbre1_15G319400	Pbre1_10G347400	Prupe.7G237800.1	135.06614166666668	0.013618833333333332	224.0080275	0.7068322588870022	1.0	0.3737389816024731	0.2875402575627982	0.9693304968560045	0.28750524118040854	Neofunctionalization(Child)	Neofunctionalization(Child)	Neofunctionalization(Child)	Neofunctionalization(Child)	classified
TRD	Pbre1_05G351600	Pbre1_10G350400	Prupe.8G229200.1	NA	NA	NA	NA	NA	NA	NA	NA	NA	NA	NA	NA	NA	missing_expression_record
TRD	Pbre1_05G378600	Pbre1_10G358200	Prupe.4G138300.1	226.106021	1.7293398333333334	3.8879333333333332	0.9999934780680334	1.0	0.9994510255958801	0.003153905461234954	0.0031927060992952166	0.003154199228203627	Conservation	Conservation	Conservation	Conservation	classified
TRD	Pbre1_05G384200	Pbre1_10G363200	Prupe.4G134800.1	0.8020373333333334	1.032735	1.428839	0.4715021012219787	0.40448238608680914	0.4423482603596732	0.13560102574231084	0.1923745739034366	0.1529326848727743	Conservation	Specialization	Neofunctionalization(Parent)	discordant	classified
TRD	Pbre1_05G386200	Pbre1_10G365600	Prupe.4G132700.1	11.782430333333334	0.0	11.685658	0.3832108662308237	NA	0.5806081915453405	NA	NA	NA	NA	NA	NA	NA	all_zero_expression_profile
TRD	Pbre1_05G392400	Pbre1_10G371800	Prupe.4G129400.1	2.945780333333333	0.4831296666666667	4.578360333333333	0.6466196068314198	0.4848730052806022	0.6809553690381784	0.4005907497627095	0.29500068046832745	0.3604730205353443	Neofunctionalization(Parent)	Neofunctionalization(Child)	Neofunctionalization(Child)	discordant	classified
TRD	Pbre1_05G397600	Pbre1_10G378400	Prupe.4G126200.1	21.4500025	40.824203833333335	42.78283233333333	0.6459606695403095	0.73624694953832	0.6608500194890193	0.3579099820384198	0.561921260610762	0.47394725039044067	Neofunctionalization(Child)	Conservation	Conservation	discordant	classified
TRD	Pbre1_17G380000	Pbre1_10G399400	Prupe.3G088700.1	55.2535625	0.0	101.73946033333334	0.24258359789220824	NA	0.7062189255009109	NA	NA	NA	NA	NA	NA	NA	all_zero_expression_profile
TRD	Pbre1_05G419200	Pbre1_10G400800	Prupe.4G112300.1	8.707360166666668	0.6667333333333333	9.6159035	0.2585313664381091	0.6119065260087735	0.5190768616700489	0.1822733477632945	0.18084784027360362	0.16795454868011153	Conservation	Neofunctionalization(Child)	Neofunctionalization(Child)	discordant	classified
TRD	Pbre1_05G420000	Pbre1_10G401800	Prupe.4G111800.1	1.2617196666666666	0.3302056666666667	3.5048351666666666	0.4942323397685701	0.46400846977534665	0.6412811921170447	0.29105947026670514	0.2926785505674522	0.2781184916276177	Conservation	Specialization	Neofunctionalization(Child)	discordant	classified
TRD	Pbre1_09G306000	Pbre1_10G415400	Prupe.3G040200.1	15.877988166666668	7.4872825	37.420135333333334	0.32336675890364086	0.6138393898063675	0.36957343147609345	0.13636812243767102	0.1912687951377145	0.14005375974900075	Conservation	Conservation	Conservation	Conservation	classified
TRD	Pbre1_05G452400	Pbre1_10G426600	Prupe.4G091400.1	4.359045666666667	0.09005933333333334	6.102464333333334	0.5664178577497749	0.9427629527543125	0.7428404513214317	0.2589875426338404	0.8109097377613037	0.2588106177320409	Neofunctionalization(Child)	Neofunctionalization(Child)	Neofunctionalization(Child)	Neofunctionalization(Child)	classified
TRD	Pbre1_05G014800	Pbre1_10G432200	Prupe.8G012700.1	NA	NA	NA	NA	NA	NA	NA	NA	NA	NA	NA	NA	NA	missing_expression_record
TRD	Pbre1_07G499000	Pbre1_10G434000	Prupe.2G322800.1	0.16562000000000002	0.11796799999999999	0.3366018333333333	0.9373126437389304	0.9803162070057171	0.7113550773816653	0.7785728470181436	0.8167304899352397	0.5349201405295092	Specialization	Conservation	Specialization	discordant	classified
TRD	Pbre1_10G581600	Pbre1_10G439800	Prupe.4G007900.1	2.934774	5.158636333333334	35.53253516666667	0.3621181628085526	0.632777280023516	0.5425299556109862	0.13612890406540534	0.22402800984096066	0.17652499103801872	Conservation	Conservation	Conservation	Conservation	classified
TRD	Pbre1_16G014600	Pbre1_10G440400	Prupe.1G343600.1	2.2923560000000003	5.5294091666666665	6.975211833333334	0.8640186431900568	0.8462393183354624	0.7706197620536248	0.6548823535151921	0.38974589813433325	0.3284299707884543	Neofunctionalization(Parent)	Specialization	Subfunctionalization	discordant	classified
TRD	Pbre1_05G472800	Pbre1_10G446600	Prupe.4G081000.1	26.340318166666666	0.029819000000000002	2.4174081666666667	0.7341030062698708	0.8748171102972583	0.9356623690654358	0.759289651113697	0.5818121419923641	0.7587153030194126	Specialization	Specialization	Specialization	Specialization	classified
TRD	Pbre1_05G478200	Pbre1_10G451400	Prupe.4G078300.1	0.8975513333333333	0.4594283333333333	15.132831833333334	0.9646288669571378	0.5640316118903344	0.7796340338360909	0.9287703048725993	0.5419026595463485	0.7424203542882712	Specialization	Specialization	Specialization	Specialization	classified
TRD	Pbre1_05G486400	Pbre1_10G459400	Prupe.4G073400.1	0.8962853333333334	0.258385	0.37476716666666665	0.6470349801495698	0.5285940105238085	0.5682048962228897	0.4155114259508599	0.34631318083929974	0.3865348701819478	Neofunctionalization(Parent)	Neofunctionalization(Parent)	Specialization	Neofunctionalization(Parent)	classified
TRD	Pbre1_09G154200	Pbre1_10G476400	Prupe.3G231800.1	0.0	0.0	0.0	NA	NA	NA	NA	NA	NA	NA	NA	NA	NA	all_zero_expression_profile
TRD	Pbre1_01G313000	Pbre1_10G491800	Prupe.2G266800.1	22.230034166666666	1.330248	42.88742233333333	0.38301048474391725	0.4235170164485444	0.22309182761731722	0.12894799712559563	0.11390696836171671	0.11714678590477216	Conservation	Neofunctionalization(Child)	Neofunctionalization(Child)	discordant	classified
TRD	Pbre1_03G081600	Pbre1_10G499000	Prupe.6G049000.1	0.0	1.69661	51.31754816666667	NA	0.32855747475257663	0.4459724280926207	NA	NA	NA	NA	NA	NA	NA	all_zero_expression_profile
TRD	Pbre1_05G526400	Pbre1_10G505600	Prupe.4G047800.1	0.0271885	6.7543050000000004	389.56545650000004	0.7929611377955211	0.7681837712559916	0.9956317625946397	1.1202687608600255	1.1268896512346296	1.1263202837841866	Specialization	Specialization	Specialization	Specialization	classified
TRD	Pbre1_05G195000	Pbre1_10G517400	Prupe.8G150500.1	12.889957666666668	0.0	47.62186233333333	0.44942715984012577	NA	0.4139739631492493	NA	NA	NA	NA	NA	NA	NA	all_zero_expression_profile
TRD	Pbre1_10G535800	Pbre1_10G533200	Prupe.4G031100.1	12.241323833333333	5.282069666666667	19.933915	0.6135517728519007	0.715718014748157	0.29062549682446714	0.2926822378021187	0.4035766582282945	0.20671894603340818	Neofunctionalization(Child)	Conservation	Conservation	discordant	classified
TRD	Pbre1_17G440400	Pbre1_10G543200	Prupe.3G143600.1	NA	NA	NA	NA	NA	NA	NA	NA	NA	NA	NA	NA	NA	missing_expression_record
TRD	Pbre1_02G162400	Pbre1_10G548800	Prupe.7G188800.1	9.079775333333334	21.952580333333334	70.59046533333333	0.8427587913643325	0.6686118458639896	0.9437541510015663	0.9180012101706483	0.45498377947219093	0.5817589989154536	Specialization	Neofunctionalization(Parent)	Neofunctionalization(Parent)	discordant	classified
TRD	Pbre1_07G320200	Pbre1_10G551200	Prupe.2G227100.1	19.171101666666665	0.6700086666666667	168.90649333333334	0.590161902392544	0.8395795687293596	0.699939795490295	0.38327871005432695	0.5245470660036043	0.38544479797539294	Neofunctionalization(Child)	Neofunctionalization(Child)	Neofunctionalization(Child)	Neofunctionalization(Child)	classified
TRD	Pbre1_13G412400	Pbre1_10G570800	Prupe.1G077400.1	47.11967033333333	0.011559833333333333	34.03093066666666	0.6271386880760085	0.8285500066943365	0.41911661014550816	0.267860750733705	0.5293088426362506	0.2677233783179262	Neofunctionalization(Child)	Neofunctionalization(Child)	Neofunctionalization(Child)	Neofunctionalization(Child)	classified
TRD	Pbre1_13G412400	Pbre1_10G571200	Prupe.1G077400.1	47.11967033333333	0.013905666666666667	34.03093066666666	0.6271386880760085	0.8307903354279139	0.41911661014550816	0.267860750733705	0.6389773594991186	0.2677588323401734	Neofunctionalization(Child)	Neofunctionalization(Child)	Neofunctionalization(Child)	Neofunctionalization(Child)	classified
TRD	Pbre1_05G595000	Pbre1_10G583400	Prupe.4G007000.1	11.987611166666667	0.794482	37.39855416666666	0.9395254833880544	0.7527461417968528	0.6991655170073304	0.5782288131143544	0.2845978622258454	0.5371792231004385	Neofunctionalization(Parent)	Specialization	Specialization	discordant	classified
TRD	Pbre1_14G321000	Pbre1_10G592400	Prupe.5G167200.1	18.846839666666664	0.8056288333333333	52.452792	0.49820459196383365	0.6886614285676506	0.3619449304101813	0.11495735185327018	0.3997195025614526	0.10938753730930423	Neofunctionalization(Child)	Neofunctionalization(Child)	Neofunctionalization(Child)	Neofunctionalization(Child)	classified
TRD	Pbre1_16G129000	Pbre1_11G001800	Prupe.1G276700.1	252.6987735	0.0	97.9440705	0.6059249156564152	NA	0.4952329709951502	NA	NA	NA	NA	NA	NA	NA	all_zero_expression_profile
TRD	Pbre1_12G048000	Pbre1_11G004000	Prupe.7G109000.1	10.325015166666667	0.29276783333333334	20.81291166666667	0.23528551341227583	0.8250980149439442	0.6835707620194331	0.2966095517388362	0.6778230359806153	0.3029328819402014	Neofunctionalization(Child)	Neofunctionalization(Child)	Neofunctionalization(Child)	Neofunctionalization(Child)	classified
TRD	Pbre1_03G012200	Pbre1_11G012200	Prupe.6G005900.1	16.4979845	109.68736683333333	16.405970166666666	0.7027488063571535	0.8926891078423254	0.7864856609054849	0.561520799369643	0.7818591813328386	0.7153183741035902	Specialization	Neofunctionalization(Parent)	Neofunctionalization(Parent)	discordant	classified
TRD	Pbre1_11G378400	Pbre1_11G019200	Prupe.4G197400.1	9.203667333333334	0.0	22.563549000000002	0.40265588832851584	NA	0.3005044216415983	NA	NA	NA	NA	NA	NA	NA	all_zero_expression_profile
TRD	Pbre1_15G377200	Pbre1_11G020000	Prupe.7G206300.1	3.230119833333333	0.0	6.2494995	0.8076332742173202	NA	0.6674142260507712	NA	NA	NA	NA	NA	NA	NA	all_zero_expression_profile
TRD	Pbre1_05G531200	Pbre1_11G020600	Prupe.4G044100.1	109.445958	0.1232925	618.3621608333333	0.7995443723600404	0.8081048507788846	0.7491242177524796	0.5980192004540174	0.6386413833982941	0.5979439377037183	Specialization	Specialization	Specialization	Specialization	classified
TRD	Pbre1_11G205600	Pbre1_11G025000	Prupe.6G102400.1	68.66813716666667	0.43941483333333337	97.17526766666667	0.36228795690088234	0.8920511128371945	0.5940362785183262	0.16675150277471662	0.65335692610868	0.16830376692270818	Neofunctionalization(Child)	Neofunctionalization(Child)	Neofunctionalization(Child)	Neofunctionalization(Child)	classified
TRD	Pbre1_04G370800	Pbre1_11G032000	Prupe.6G341500.1	38.8981115	0.0630375	90.58698683333334	0.7943600429623813	1.0	0.8144474243938307	0.09774572043887576	0.5522183515524351	0.09759084773763323	Neofunctionalization(Child)	Neofunctionalization(Child)	Neofunctionalization(Child)	Neofunctionalization(Child)	classified
TRD	Pbre1_11G464600	Pbre1_11G049000	Prupe.8G236500.1	57.616604833333334	2.117955	52.380439	0.3736841841704323	0.994474849683898	0.42512747918203997	0.1756575917307797	0.8150230312507739	0.15044198475603113	Neofunctionalization(Child)	Neofunctionalization(Child)	Neofunctionalization(Child)	Neofunctionalization(Child)	classified
TRD	Pbre1_04G088800	Pbre1_11G052400	Prupe.5G052300.1	9.657005666666667	1.6637411666666668	22.014771166666666	0.5691787347099393	0.8634723366555328	0.6593779892683636	0.35591556465014196	0.299864457989719	0.28782170728020023	Conservation	Neofunctionalization(Child)	Neofunctionalization(Child)	discordant	classified
TRD	Pbre1_09G325000	Pbre1_11G054400	Prupe.3G050700.1	43.08771483333334	31.329471166666668	32.661438833333335	0.24422622073774206	0.5240008890484155	0.4644089854512468	0.15610845188805206	0.15396740962339361	0.14040447468047515	Conservation	Conservation	Conservation	Conservation	classified
TRD	Pbre1_10G289600	Pbre1_11G058600	Prupe.8G202000.1	0.21783366666666665	0.42006166666666667	0.9361701666666666	0.3912766918502843	0.9828482168166259	0.933058535619824	0.5567309516046502	1.1713678088317623	0.8926176922241416	Specialization	Specialization	Specialization	Specialization	classified
TRD	Pbre1_08G041400	Pbre1_11G089400	Prupe.1G372600.1	21.568596333333332	0.029153333333333333	56.56747633333333	0.9048865446723429	0.8326483466865477	0.9122122590921882	0.10341049636100144	0.9321142373987826	0.10393063188173085	Neofunctionalization(Child)	Neofunctionalization(Child)	Neofunctionalization(Child)	Neofunctionalization(Child)	classified
TRD	Pbre1_09G008000	Pbre1_11G097400	Prupe.3G312000.1	42.41078133333333	7.024653166666667	97.84271583333333	0.5772012599608546	0.3862259185071693	0.14927187138158873	0.19834902868789048	0.1617950298644363	0.15234058874400716	Conservation	Conservation	Conservation	Conservation	classified
TRD	Pbre1_13G343800	Pbre1_11G100000	Prupe.1G027100.1	3.1516425000000003	58.18412583333334	10.045497	0.508350551549859	0.7504523362056411	0.6559572174441436	0.3575458967029318	0.19560975159981453	0.17712147533521758	Conservation	Conservation	Conservation	Conservation	classified
TRD	Pbre1_13G343400	Pbre1_11G100200	Prupe.1G026900.1	1.6529078333333334	39.6199275	54.8395875	0.9402166998530092	0.7764035251694716	0.8472239411690679	0.37315708180766244	0.26443448928797386	0.2604490838848254	Conservation	Neofunctionalization(Parent)	Neofunctionalization(Parent)	discordant	classified
TRD	Pbre1_04G311800	Pbre1_11G101000	Prupe.6G309400.1	15.339283833333333	5.249199166666667	13.220815	0.5199634119687595	0.7308378191087479	0.7135378331335254	0.6419302991528201	0.727016343708236	0.6410316955399524	Specialization	Specialization	Specialization	Specialization	classified
TRD	Pbre1_03G095000	Pbre1_11G103000	Prupe.6G053100.1	15.029776166666666	0.012594833333333333	19.285471333333334	0.22143922087258475	1.0	0.6678903739324988	0.24193019005126376	0.9304486692566946	0.24193114522123793	Neofunctionalization(Child)	Neofunctionalization(Child)	Neofunctionalization(Child)	Neofunctionalization(Child)	classified
TRD	Pbre1_01G344600	Pbre1_11G110800	Prupe.2G284500.1	0.0	87.253482	13.028135833333334	NA	0.9604536779610431	0.4124313902182032	NA	NA	NA	NA	NA	NA	NA	all_zero_expression_profile
TRD	Pbre1_03G121000	Pbre1_11G125800	Prupe.6G065800.1	16.559581666666666	3.909137	13.519912	0.6481961929795965	0.5666265702642758	0.8492847991986763	0.49973216677280885	0.38662883306411777	0.4753260509466817	Neofunctionalization(Parent)	Neofunctionalization(Child)	Conservation	discordant	classified
TRD	Pbre1_11G180000	Pbre1_11G127400	Prupe.6G090300.1	9.813442666666667	7.456273833333333	9.7152785	0.3263039671560427	0.7779182935452721	0.37095063877211476	0.08715552024300348	0.2727419250881343	0.12676379197363186	Conservation	Conservation	Conservation	Conservation	classified
TRD	Pbre1_03G157400	Pbre1_11G134400	Prupe.6G088400.1	NA	NA	NA	NA	NA	NA	NA	NA	NA	NA	NA	NA	NA	missing_expression_record
TRD	Pbre1_15G330000	Pbre1_11G136000	Prupe.7G232900.1	33.097889333333335	2.7204215	129.58878416666667	0.4036165493179368	0.515661420604288	0.28249602669638996	0.06053218457723698	0.18371810044216755	0.06447498402918594	Conservation	Conservation	Conservation	Conservation	classified
TRD	Pbre1_05G363800	Pbre1_11G145000	Prupe.4G148400.1	15.666111166666667	0.007911333333333334	25.604082333333334	0.13822399806162528	1.0	0.2820636102585503	0.13348160235238615	0.9771676847109422	0.13367816178499642	Neofunctionalization(Child)	Neofunctionalization(Child)	Neofunctionalization(Child)	Neofunctionalization(Child)	classified
TRD	Pbre1_13G207800	Pbre1_11G148800	Prupe.1G224200.1	336.44097916666664	0.16451716666666666	260.1170411666667	0.3441497346603312	0.9755178526554695	0.34229149689034954	0.1106746988774482	0.7917998432785792	0.11086985529291074	Neofunctionalization(Child)	Neofunctionalization(Child)	Neofunctionalization(Child)	Neofunctionalization(Child)	classified
TRD	Pbre1_16G070600	Pbre1_11G151200	Prupe.1G313700.1	20.323093	0.014766666666666666	23.478466	0.5179163984620214	1.0	0.3544877752089378	0.23263447793118722	0.8483824857716087	0.23252785351867858	Neofunctionalization(Child)	Neofunctionalization(Child)	Neofunctionalization(Child)	Neofunctionalization(Child)	classified
TRD	Pbre1_12G014800	Pbre1_11G153000	Prupe.7G009400.1	NA	NA	NA	NA	NA	NA	NA	NA	NA	NA	NA	NA	NA	missing_expression_record
TRD	Pbre1_10G151400	Pbre1_11G156400	Prupe.8G118000.1	0.07696233333333334	0.14813366666666666	0.7610156666666666	1.0	0.7661152808796787	0.665144440826233	1.0978346266699697	0.5274114360700378	0.7090873363017355	Specialization	Specialization	Specialization	Specialization	classified
TRD	Pbre1_03G134400	Pbre1_11G162800	Prupe.6G074600.1	2.1152765	15.490987166666667	5.044338	0.7141670690820393	0.4388030199102076	0.5114756045085498	0.23015284152824153	0.25966759376288806	0.22831692690190974	Conservation	Neofunctionalization(Parent)	Neofunctionalization(Parent)	discordant	classified
TRD	Pbre1_11G133600	Pbre1_11G163200	Prupe.6G068000.1	195.59586966666666	8.3654625	111.16750783333333	0.39719355075187923	0.4224226863415848	0.2465153713388907	0.14299742874185198	0.11678318218976382	0.14109332111491574	Conservation	Conservation	Conservation	Conservation	classified
TRD	Pbre1_10G352400	Pbre1_11G172800	Prupe.4G141500.1	NA	NA	NA	NA	NA	NA	NA	NA	NA	NA	NA	NA	NA	missing_expression_record
TRD	Pbre1_03G405600	Pbre1_11G179200	Prupe.4G162000.1	1.4079465	6.177378833333333	1.7541201666666668	0.9874896105438138	0.9992270156196483	0.9594216686475379	0.17221013239506905	0.22803573776700187	0.21739027640542938	Conservation	Specialization	Specialization	discordant	classified
TRD	Pbre1_14G251200	Pbre1_11G180400	Prupe.5G130400.1	0.16717033333333334	1.4383008333333334	0.9462025000000001	0.9156237640324403	0.9995016702376157	0.7401851014923777	0.5494680846160984	0.7954299303155834	0.7651437203074976	Specialization	Specialization	Specialization	Specialization	classified
TRD	Pbre1_17G140200	Pbre1_11G183000	Prupe.3G238500.1	NA	NA	NA	NA	NA	NA	NA	NA	NA	NA	NA	NA	NA	missing_expression_record
TRD	Pbre1_03G165400	Pbre1_11G185000	Prupe.6G092200.1	0.49100516666666666	0.028891499999999997	1.695942	0.6761903830561996	0.9704290822407629	0.8957876084817651	0.5270430701265993	0.2391423730448974	0.48593552368313747	Neofunctionalization(Parent)	Specialization	Specialization	discordant	classified
TRD	Pbre1_03G165400	Pbre1_11G185200	Prupe.6G092200.1	0.49100516666666666	0.09810166666666667	1.695942	0.6761903830561996	0.9091186732162448	0.8957876084817651	0.5270430701265993	0.12904346332035627	0.43835670409849775	Neofunctionalization(Parent)	Specialization	Specialization	discordant	classified
TRD	Pbre1_07G395200	Pbre1_11G195600	Prupe.2G269800.1	10.3117025	0.26057716666666664	417.72262366666666	0.9255061569904116	0.933558681957653	0.6626750740750097	0.8468091425940403	0.8890045219449729	0.8331960860772364	Specialization	Specialization	Specialization	Specialization	classified
TRD	Pbre1_16G329600	Pbre1_11G214800	Prupe.1G013500.1	188.82608233333335	0.16960266666666668	370.39506416666666	0.5076023892949533	0.6092643494666571	0.48508007488931043	0.19011402225526133	0.35919480353749755	0.19022131225807562	Conservation	Neofunctionalization(Child)	Neofunctionalization(Child)	discordant	classified
TRD	Pbre1_03G197000	Pbre1_11G220400	Prupe.6G112300.1	5.494351833333333	0.038060000000000004	13.1511825	0.460843065668063	0.8108848637688073	0.624178098178731	0.29994941453515367	0.7300888365448782	0.3017536637107622	Neofunctionalization(Child)	Neofunctionalization(Child)	Neofunctionalization(Child)	Neofunctionalization(Child)	classified
TRD	Pbre1_11G206200	Pbre1_11G223200	Prupe.6G102800.1	8.787520166666667	0.030063333333333334	21.676554166666666	0.570091047768852	0.9063099880329217	0.4765344775859	0.254255317261828	0.6121338637721485	0.25343397641276344	Neofunctionalization(Child)	Neofunctionalization(Child)	Neofunctionalization(Child)	Neofunctionalization(Child)	classified
TRD	Pbre1_02G442800	Pbre1_11G226000	Prupe.2G043400.1	NA	NA	NA	NA	NA	NA	NA	NA	NA	NA	NA	NA	NA	missing_expression_record
TRD	Pbre1_12G333800	Pbre1_11G240400	Prupe.6G305400.1	7.9616215	1.757442	16.408598833333333	0.5395129526779846	0.3863163917709141	0.477154793676554	0.15279804022426974	0.28259301028976	0.14042192024151376	Conservation	Conservation	Conservation	Conservation	classified
TRD	Pbre1_03G221000	Pbre1_11G241800	Prupe.6G126500.1	18.2772285	4.0961145	16.6499135	0.26179508946188135	0.5653884543744327	0.35257811845238074	0.0831816000954339	0.2760257436093027	0.11109642882169919	Conservation	Neofunctionalization(Child)	Conservation	discordant	classified
TRD	Pbre1_03G221000	Pbre1_11G242000	Prupe.6G126500.1	18.2772285	4.909094666666666	16.6499135	0.26179508946188135	0.644547666495531	0.35257811845238074	0.0831816000954339	0.32588258137342485	0.12285197987293646	Conservation	Neofunctionalization(Child)	Neofunctionalization(Child)	discordant	classified
TRD	Pbre1_03G221000	Pbre1_11G242200	Prupe.6G126500.1	18.2772285	2.9182183333333334	16.6499135	0.26179508946188135	0.5552566969320093	0.35257811845238074	0.0831816000954339	0.26386724275965007	0.10564204369731311	Conservation	Neofunctionalization(Child)	Neofunctionalization(Child)	discordant	classified
TRD	Pbre1_11G314200	Pbre1_11G244800	Prupe.4G245700.1	27.196288166666665	3.8219166666666666	15.540706333333333	0.3894014025070984	0.2431764963106498	0.3816323428351762	0.26763016117284644	0.15418528402806903	0.24765621914107208	Conservation	Conservation	Conservation	Conservation	classified
TRD	Pbre1_13G340400	Pbre1_11G248800	Prupe.1G023700.1	47.957739833333335	2.7206601666666668	77.7399185	0.4131016141639196	0.43162322335392744	0.40684526548201816	0.19526400870477426	0.23352773467746327	0.19067980295440273	Conservation	Neofunctionalization(Child)	Conservation	discordant	classified
TRD	Pbre1_05G119600	Pbre1_11G255200	Prupe.8G097400.1	33.994163	0.0	28.371869666666665	0.40539499321849853	NA	0.40837049093420275	NA	NA	NA	NA	NA	NA	NA	all_zero_expression_profile
TRD	Pbre1_16G106400	Pbre1_11G256400	Prupe.1G289000.1	18.111442833333335	0.06408816666666667	49.06265066666667	0.798159576217483	0.7948424008387025	0.4831072732455482	0.30443844115464413	0.4695363740832608	0.30219154142439786	Neofunctionalization(Child)	Neofunctionalization(Child)	Neofunctionalization(Child)	Neofunctionalization(Child)	classified
TRD	Pbre1_15G003000	Pbre1_11G257200	Prupe.1G354900.1	50.22041933333333	9.850087	53.1185085	0.6280254665111726	0.7004881016429275	0.6733081843268859	0.4974094473848963	0.3401321620810421	0.4557739261798687	Neofunctionalization(Parent)	Conservation	Conservation	discordant	classified
TRD	Pbre1_03G244200	Pbre1_11G265000	Prupe.6G143800.1	9.392811166666666	0.18087716666666667	14.523105666666666	0.4468479281253055	0.607102663840388	0.5365391921023628	0.2663754690569996	0.17761825504685658	0.2615542087551153	Conservation	Neofunctionalization(Child)	Neofunctionalization(Child)	discordant	classified
TRD	Pbre1_02G315600	Pbre1_11G265200	Prupe.2G147100.1	10.1477595	0.0	15.052509833333334	0.5322069341108497	NA	0.8276117914320628	NA	NA	NA	NA	NA	NA	NA	all_zero_expression_profile
TRD	Pbre1_04G293400	Pbre1_11G274800	Prupe.6G301000.1	10.556765333333333	0.0	25.933721333333335	0.3510283297750976	NA	0.44189814269529004	NA	NA	NA	NA	NA	NA	NA	all_zero_expression_profile
TRD	Pbre1_15G746400	Pbre1_11G276800	Prupe.1G566600.1	34.393629833333335	0.0	58.37440333333333	0.6506780677402922	NA	0.5959478074599959	NA	NA	NA	NA	NA	NA	NA	all_zero_expression_profile
TRD	Pbre1_11G403800	Pbre1_11G279800	Prupe.4G182900.1	3.2682245	0.019732166666666665	19.5236015	0.5684108255605983	0.8332651860112132	0.4807226777306381	0.30103509095206166	0.6169731530160916	0.30131584006210893	Neofunctionalization(Child)	Specialization	Specialization	discordant	classified
TRD	Pbre1_03G258400	Pbre1_11G283600	Prupe.6G155700.1	42.6086875	0.7399918333333333	41.559828833333334	0.3868254767034991	0.6751331539230389	0.38181385128640993	0.17614008000570278	0.3454935295795102	0.1709471437172576	Conservation	Neofunctionalization(Child)	Neofunctionalization(Child)	discordant	classified
TRD	Pbre1_09G414600	Pbre1_11G286200	Prupe.3G140300.1	1.4476773333333333	11.536663833333334	6.8835429999999995	0.8741989078654729	0.41471312800984633	0.9346675742943497	0.7561235445553246	0.6198621410949703	0.6114225525914944	Specialization	Specialization	Specialization	Specialization	classified
TRD	Pbre1_11G233000	Pbre1_11G287400	Prupe.6G119300.1	1.4264123333333334	0.0	0.0992435	0.825627562923609	NA	0.9485665666637813	NA	NA	NA	NA	NA	NA	NA	all_zero_expression_profile
TRD	Pbre1_03G275400	Pbre1_11G299400	Prupe.4G257100.1	16.781185833333332	1.8276111666666666	21.33889033333333	0.7068991168422285	0.6470192164892723	0.596446149144809	0.20728128220794811	0.42680378847601536	0.20787250878301478	Neofunctionalization(Child)	Neofunctionalization(Child)	Neofunctionalization(Child)	Neofunctionalization(Child)	classified
TRD	Pbre1_13G463000	Pbre1_11G314000	Prupe.1G099000.1	106.52171416666667	0.0	152.3438415	0.5173668126242641	NA	0.4281829492295512	NA	NA	NA	NA	NA	NA	NA	all_zero_expression_profile
TRD	Pbre1_03G294800	Pbre1_11G315800	Prupe.4G243700.1	11.411681666666667	3.9268378333333334	11.615789333333334	0.36864661748166183	0.3749799050182741	0.6814505348103362	0.17869296221032893	0.2603437472809633	0.1934433567753496	Conservation	Conservation	Conservation	Conservation	classified
TRD	Pbre1_09G243200	Pbre1_11G316800	Prupe.3G179600.1	19.24404416666667	0.0037045	65.77709033333333	0.9059511196555705	1.0	0.8088632565228379	0.3096286883067773	1.1468149097383284	0.3096201510725505	Neofunctionalization(Child)	Specialization	Neofunctionalization(Child)	discordant	classified
TRD	Pbre1_12G238600	Pbre1_11G318000	Prupe.6G253500.1	41.94831333333333	4.2761743333333335	100.48781016666666	0.4486928236951453	0.6849518050292036	0.6971296435478169	0.3433649297688895	0.4068023390930294	0.3429466382327252	Neofunctionalization(Child)	Conservation	Conservation	discordant	classified
TRD	Pbre1_14G413200	Pbre1_11G320200	Prupe.5G220200.1	8.0001945	0.4252595	19.565918333333332	0.3778955356702454	0.5645793591895487	0.45737294297405545	0.1519274631816277	0.26652394806061647	0.14534696385301274	Conservation	Neofunctionalization(Child)	Neofunctionalization(Child)	discordant	classified
TRD	Pbre1_03G307400	Pbre1_11G325600	Prupe.4G236100.1	3.968281	3.6647341666666664	8.056773833333333	0.23661942425011812	0.7913813112612441	0.6065349406192947	0.20748149501493027	0.3481705309425843	0.23057740460208193	Conservation	Conservation	Conservation	Conservation	classified
TRD	Pbre1_03G311000	Pbre1_11G329800	Prupe.4G231800.1	1.5410956666666666	0.49679233333333334	2.937289166666667	0.5644241198652218	0.6060823304375548	0.7251173044450997	0.21349141646418388	0.4694553841788618	0.24990342550431863	Neofunctionalization(Child)	Specialization	Neofunctionalization(Child)	discordant	classified
TRD	Pbre1_11G472000	Pbre1_11G337800	Prupe.8G239900.1	0.6952943333333333	0.3760768333333333	0.4472005	0.9276779160317078	0.7471390898070918	0.8772940695394903	0.23277625301471214	0.6739918047979984	0.2821811760593421	Neofunctionalization(Child)	Neofunctionalization(Child)	Specialization	Neofunctionalization(Child)	classified
TRD	Pbre1_04G355400	Pbre1_11G347400	Prupe.6G333700.1	7.531196666666666	0.06396833333333334	21.48458816666667	0.33591182576264034	1.0	0.341048840715212	0.10756946096029207	0.8481685539376437	0.1075270345532061	Neofunctionalization(Child)	Neofunctionalization(Child)	Neofunctionalization(Child)	Neofunctionalization(Child)	classified
TRD	Pbre1_07G168600	Pbre1_11G347600	Prupe.2G134500.1	17.366622	0.0	42.77012333333334	0.33560277178560377	NA	0.49047105541116987	NA	NA	NA	NA	NA	NA	NA	all_zero_expression_profile
TRD	Pbre1_03G326800	Pbre1_11G350800	Prupe.4G216100.1	0.4945923333333333	2.2270035	44.327491	0.5013163501948273	0.5473175928454164	0.48765551880069946	0.1791768555309562	0.24381046363877015	0.17219481090382138	Conservation	Specialization	Subfunctionalization	discordant	classified
TRD	Pbre1_15G758600	Pbre1_11G353600	Prupe.1G575200.1	7.126215999999999	0.9193978333333332	0.7690341666666667	0.9711568905961745	0.75806715209643	0.8145359600084208	0.9444994712821624	0.5946511033061697	0.8951136508623002	Specialization	Specialization	Specialization	Specialization	classified
TRD	Pbre1_03G329800	Pbre1_11G354600	Prupe.4G213800.1	46.58872933333333	0.962425	71.64005333333333	0.3937635503059954	0.36219196367039297	0.49624004522960885	0.23939754108018177	0.2259647050621266	0.23840576473494	Conservation	Neofunctionalization(Child)	Neofunctionalization(Child)	discordant	classified
TRD	Pbre1_10G556600	Pbre1_11G360000	Prupe.4G019600.1	5.660141333333334	0.0	7.7434970000000005	0.8730591536843055	NA	0.9190320101407586	NA	NA	NA	NA	NA	NA	NA	all_zero_expression_profile
TRD	Pbre1_13G018800	Pbre1_11G366800	Prupe.1G342300.1	2.7120088333333334	0.0	0.9016161666666667	0.570700706161076	NA	0.82169567453656	NA	NA	NA	NA	NA	NA	NA	all_zero_expression_profile
TRD	Pbre1_16G358000	Pbre1_11G368400	Prupe.1G035100.1	73.43661216666666	3.7602086666666663	146.80570516666666	0.2267780403131355	0.6084473798439369	0.7501544225941095	0.3316478907490258	0.44931792036252705	0.33566677567287106	Neofunctionalization(Child)	Conservation	Conservation	discordant	classified
TRD	Pbre1_01G340200	Pbre1_11G376000	Prupe.2G281900.1	63.36040283333333	0.013176166666666668	165.05990916666667	0.5193763700314599	0.820219537386208	0.8364351133419188	0.48163518799073624	0.8044082783937276	0.48164148421666275	Specialization	Neofunctionalization(Child)	Neofunctionalization(Child)	discordant	classified
TRD	Pbre1_03G023000	Pbre1_11G389600	Prupe.6G014100.1	29.984910499999998	0.268999	48.7962455	0.3222436662465872	0.9883224095137233	0.46152728638988566	0.13712317875448066	0.9018316166119842	0.13879377181420458	Neofunctionalization(Child)	Neofunctionalization(Child)	Neofunctionalization(Child)	Neofunctionalization(Child)	classified
TRD	Pbre1_03G370000	Pbre1_11G391600	Prupe.4G188600.1	4.661109833333334	0.5961025	3.730481666666667	0.43153751661892165	0.25390692267098364	0.33028802478087094	0.14032243006621756	0.06324109800383453	0.13050594940780577	Conservation	Neofunctionalization(Child)	Neofunctionalization(Child)	discordant	classified
TRD	Pbre1_01G151800	Pbre1_11G393800	Prupe.2G174200.1	4.1591015	15.084947	21.747671333333333	0.5394370342997831	0.28718114324029836	0.47520047574158397	0.13666914717277073	0.13159514614289247	0.10369521666271773	Conservation	Conservation	Conservation	Conservation	classified
TRD	Pbre1_05G005600	Pbre1_11G399600	Prupe.8G005700.1	1.749343	0.11548616666666667	1.0912943333333334	0.4386889797647317	0.711307567529445	0.48080432411533475	0.2848093482954377	0.40417616283207236	0.2784348462611736	Neofunctionalization(Child)	Specialization	Specialization	discordant	classified
TRD	Pbre1_04G382400	Pbre1_11G404000	Prupe.6G348500.1	25.601775333333332	0.038484166666666667	63.79995383333333	0.6397656865762542	1.0	0.607783541509894	0.35838524087354184	0.9832111396787117	0.35909169753274406	Neofunctionalization(Child)	Neofunctionalization(Child)	Neofunctionalization(Child)	Neofunctionalization(Child)	classified
TRD	Pbre1_04G123800	Pbre1_11G414600	Prupe.5G083300.1	64.983668	0.015260833333333333	40.401044	0.3252839576356047	1.0	0.5330233219263275	0.10292353307673434	0.9919447173847016	0.10302992218572107	Neofunctionalization(Child)	Neofunctionalization(Child)	Neofunctionalization(Child)	Neofunctionalization(Child)	classified
TRD	Pbre1_11G409000	Pbre1_11G415200	Prupe.4G180500.1	5.1088293333333334	8.421844499999999	6.005769666666667	0.5072416838652929	0.41754618342711713	0.46353664549495166	0.30410815377053735	0.2182273405602374	0.2465437177988714	Conservation	Specialization	Specialization	discordant	classified
TRD	Pbre1_15G429800	Pbre1_11G420200	Prupe.7G172800.1	NA	NA	NA	NA	NA	NA	NA	NA	NA	NA	NA	NA	NA	missing_expression_record
TRD	Pbre1_12G353800	Pbre1_11G430200	Prupe.6G318700.1	68.13599783333333	0.0798525	204.69646666666668	0.4001689772606739	0.962990939918526	0.6304894709158411	0.20733943144333988	0.750943424149089	0.20754569674733256	Neofunctionalization(Child)	Neofunctionalization(Child)	Neofunctionalization(Child)	Neofunctionalization(Child)	classified
TRD	Pbre1_13G414000	Pbre1_11G444600	Prupe.1G079000.1	1.1294428333333333	0.0	1.242269	0.4059853480068075	NA	0.3487591328405383	NA	NA	NA	NA	NA	NA	NA	all_zero_expression_profile
TRD	Pbre1_06G242400	Pbre1_11G451000	Prupe.5G146900.1	0.6452168333333334	0.0	3.077634	0.8456929089178503	NA	0.9443604586249185	NA	NA	NA	NA	NA	NA	NA	all_zero_expression_profile
TRD	Pbre1_09G076000	Pbre1_11G456400	Prupe.3G272100.1	8.965505666666667	10.147036833333333	28.8657745	0.5840462785422884	0.48928723643563476	0.5228280847825111	0.23360557345956723	0.23329026099238953	0.23149138633855076	Conservation	Conservation	Conservation	Conservation	classified
TRD	Pbre1_04G102800	Pbre1_11G457800	Prupe.5G064700.1	19.081348666666667	0.33446016666666667	11.136043666666668	0.8402886391666848	0.9169635471356952	0.5045278943164666	0.3073792676663071	0.46630017967699366	0.31000945523532286	Neofunctionalization(Child)	Neofunctionalization(Child)	Neofunctionalization(Child)	Neofunctionalization(Child)	classified
TRD	Pbre1_03G424600	Pbre1_11G459000	Prupe.8G234100.1	4.2681716666666665	11.101411	22.1890205	0.3917115894989227	0.4286254526689556	0.4127483686307355	0.22392898124502014	0.12363983237267057	0.13427216063861816	Conservation	Conservation	Conservation	Conservation	classified
TRD	Pbre1_03G390000	Pbre1_11G460800	Prupe.4G175900.1	48.03184466666667	0.0367845	79.6285325	0.4414331624719564	1.0	0.3994172133163142	0.2672956591856121	0.9068914665838888	0.26683958628057725	Neofunctionalization(Child)	Neofunctionalization(Child)	Neofunctionalization(Child)	Neofunctionalization(Child)	classified
TRD	Pbre1_11G494000	Pbre1_11G461000	Prupe.8G250900.1	24.770003666666668	0.182927	16.706208	0.3595006624827013	0.8817281691631591	0.5956695010006634	0.21715143764020084	0.5774528327326159	0.21700490368093642	Neofunctionalization(Child)	Neofunctionalization(Child)	Neofunctionalization(Child)	Neofunctionalization(Child)	classified
TRD	Pbre1_03G434000	Pbre1_11G469400	Prupe.8G238700.1	0.14459883333333332	0.014870666666666666	0.1144505	0.9734622871459176	1.0	0.8149127430968349	1.0914491456372464	1.22505095275841	1.1038755741583473	Specialization	Conservation	Neofunctionalization(Parent)	discordant	classified
TRD	Pbre1_11G459800	Pbre1_11G475400	Prupe.8G234500.1	10.238095166666668	0.008926166666666667	19.845596999999998	0.6977443676030959	1.0	0.4000349214192487	0.3637998709718824	1.0026526976576395	0.36367689562228955	Neofunctionalization(Child)	Neofunctionalization(Child)	Neofunctionalization(Child)	Neofunctionalization(Child)	classified
TRD	Pbre1_03G425000	Pbre1_11G476600	Prupe.8G234500.1	6.8593391666666665	0.5983608333333333	19.845596999999998	0.19976146046951576	0.721421087430616	0.4000349214192487	0.1544201274995277	0.3837735272739068	0.15752231006166706	Conservation	Neofunctionalization(Child)	Neofunctionalization(Child)	discordant	classified
TRD	Pbre1_03G483600	Pbre1_11G522000	Prupe.8G266800.1	41.3803495	25.497334833333333	55.235141500000005	0.5563029530363737	0.38614392883962634	0.4477913554105245	0.2128102771569422	0.17798093830141729	0.14533689358192475	Conservation	Conservation	Conservation	Conservation	classified
TRD	Pbre1_11G519200	Pbre1_11G523400	Prupe.8G259800.1	37.80066	2.4707266666666667	89.31238516666667	0.6830159515856995	0.29279723341697905	0.6175144496820535	0.31606099501373025	0.2709080934620551	0.3032612309983333	Conservation	Neofunctionalization(Child)	Conservation	discordant	classified
TRD	Pbre1_03G486200	Pbre1_11G524600	Prupe.8G271300.1	4.5496495	0.3887875	4.792116	0.38119626842694043	0.24059742497743103	0.7151854793877038	0.3292225333580491	0.33199745755257115	0.32863596339097695	Conservation	Neofunctionalization(Child)	Neofunctionalization(Child)	discordant	classified
TRD	Pbre1_07G382400	Pbre1_11G529400	Prupe.2G263500.1	2.147273666666667	0.0	15.260265	0.8725576413938899	NA	0.7785382380147856	NA	NA	NA	NA	NA	NA	NA	all_zero_expression_profile
TRD	Pbre1_05G259000	Pbre1_12G001200	Prupe.8G182300.1	397.2188433333333	1.9283388333333333	492.7702561666667	0.41697071205110614	0.5520428512945386	0.7538714182097742	0.28377902949297423	0.1626143618536668	0.2831118016214471	Conservation	Neofunctionalization(Child)	Conservation	discordant	classified
TRD	Pbre1_14G004400	Pbre1_12G006200	Prupe.7G003500.1	1.2023773333333334	0.021181166666666668	3.5553763333333332	0.7469233964931495	1.0	0.8285125854816039	0.25979314252906366	1.1240103225196068	0.25947879515824374	Neofunctionalization(Child)	Specialization	Specialization	discordant	classified
TRD	Pbre1_16G102400	Pbre1_12G012200	Prupe.1G299800.1	7.398081666666667	3.558978333333333	10.802447333333333	0.3807353109186652	0.40638751559760544	0.5916754535414089	0.21301009834117388	0.17343930404820504	0.1896867759783699	Conservation	Conservation	Conservation	Conservation	classified
TRD	Pbre1_16G059800	Pbre1_12G015600	Prupe.1G320100.1	14.254820833333333	0.22179966666666667	19.020455666666667	0.5179497965506311	0.7900967623201396	0.4831019583373616	0.23427620087817813	0.46031250346210756	0.23316841310724673	Neofunctionalization(Child)	Neofunctionalization(Child)	Neofunctionalization(Child)	Neofunctionalization(Child)	classified
TRD	Pbre1_03G329400	Pbre1_12G020000	Prupe.4G214000.1	93.409897	15.581730333333333	34.850022	0.20999338466908785	0.3768262886921542	0.4164655446280485	0.19680524884815612	0.22428627320659256	0.19833835945278308	Conservation	Conservation	Conservation	Conservation	classified
TRD	Pbre1_07G222800	Pbre1_12G025000	Prupe.2G175700.1	NA	NA	NA	NA	NA	NA	NA	NA	NA	NA	NA	NA	NA	missing_expression_record
TRD	Pbre1_14G028800	Pbre1_12G033800	Prupe.7G116000.1	0.32445050000000003	0.08574749999999999	2.2703029999999997	0.7248536755624765	1.0	0.8726275665835808	0.6386359434304634	0.4328811888159184	0.4402696627219014	Specialization	Specialization	Specialization	Specialization	classified
TRD	Pbre1_15G407400	Pbre1_12G047800	Prupe.7G188500.1	6.7302435	0.0	17.639313833333333	0.6526383827309997	NA	0.5930908295490591	NA	NA	NA	NA	NA	NA	NA	all_zero_expression_profile
TRD	Pbre1_09G037800	Pbre1_12G049200	Prupe.3G295000.1	75.52061933333333	2.1928541666666668	216.74013083333335	0.29849943724320716	0.6086418285410196	0.7717724023127952	0.32758022016640126	0.5399419705512968	0.3298516210241218	Neofunctionalization(Child)	Neofunctionalization(Child)	Conservation	Neofunctionalization(Child)	classified
TRD	Pbre1_05G210200	Pbre1_12G065000	Prupe.8G161100.1	672.3226246666667	1.5458411666666667	1545.1851805000001	0.4590587778802746	0.5424258655386461	0.5354731251123374	0.25928865476663526	0.3933871422462282	0.2593135901091085	Neofunctionalization(Child)	Neofunctionalization(Child)	Neofunctionalization(Child)	Neofunctionalization(Child)	classified
TRD	Pbre1_14G069000	Pbre1_12G070600	Prupe.7G094800.1	13.280071666666666	4.2743364999999995	25.580029333333332	0.12939946190789448	0.5001595965673845	0.45756239651695185	0.16861766280198584	0.1253413111404901	0.14386279124581675	Conservation	Conservation	Conservation	Conservation	classified
TRD	Pbre1_12G105400	Pbre1_12G079800	Prupe.7G072500.1	40.169353666666666	0.006691	44.16228566666667	0.5316667752057805	1.0	0.4982614994768616	0.10381352565376369	0.8691663667008669	0.10372462529361158	Neofunctionalization(Child)	Neofunctionalization(Child)	Neofunctionalization(Child)	Neofunctionalization(Child)	classified
TRD	Pbre1_17G253400	Pbre1_12G085000	Prupe.3G168900.1	47.236818166666666	0.0	33.032580333333335	0.28184884119260856	NA	0.45008224594514445	NA	NA	NA	NA	NA	NA	NA	all_zero_expression_profile
TRD	Pbre1_09G033000	Pbre1_12G087400	Prupe.3G297900.1	323.61528266666664	0.0	324.6108243333333	0.6041645281691224	NA	0.6017693430108813	NA	NA	NA	NA	NA	NA	NA	all_zero_expression_profile
TRD	Pbre1_14G088200	Pbre1_12G088200	Prupe.7G084900.1	0.021976833333333334	0.06054533333333333	0.6159156666666668	0.8378688637143838	0.7671365418300108	0.8882631365393652	0.37270679843074606	0.8360286829002628	0.6996281462200155	Neofunctionalization(Child)	Specialization	Specialization	discordant	classified
TRD	Pbre1_14G089200	Pbre1_12G089200	Prupe.7G084500.1	3.4910608333333335	0.8839253333333333	3.9624465	0.31617668900729634	0.4286079152909691	0.822897542139092	0.46387678603259036	0.46572090628602103	0.4616491277870559	Specialization	Specialization	Specialization	Specialization	classified
TRD	Pbre1_05G195800	Pbre1_12G090400	Prupe.8G151100.1	11.023242	0.004087166666666667	8.455958666666668	0.491515566166128	1.0	0.6839288508791108	0.41775636163579033	1.0918355741820849	0.4177872061021569	Specialization	Neofunctionalization(Child)	Neofunctionalization(Child)	discordant	classified
TRD	Pbre1_16G040600	Pbre1_12G093200	Prupe.1G330900.1	8.299431666666667	0.0	25.1041745	0.8445043624907431	NA	0.6647021719313895	NA	NA	NA	NA	NA	NA	NA	all_zero_expression_profile
TRD	Pbre1_17G179600	Pbre1_12G102200	Prupe.3G213900.1	14.627525666666667	0.10645333333333333	61.03355766666667	0.24094004648260886	0.8591502770951569	0.5827197946874924	0.16211658335350287	0.5033174964560954	0.16164739682968937	Neofunctionalization(Child)	Neofunctionalization(Child)	Neofunctionalization(Child)	Neofunctionalization(Child)	classified
TRD	Pbre1_14G105000	Pbre1_12G103000	Prupe.7G074000.1	0.21518299999999999	0.022420333333333334	0.300284	0.8690485162143664	0.7931281663516069	0.5306097579099109	0.376171307363901	0.3945888878459352	0.3690829801280065	Neofunctionalization(Child)	Conservation	Specialization	discordant	classified
TRD	Pbre1_04G148400	Pbre1_12G110600	Prupe.7G125300.1	36.3376285	3.6726266666666665	56.16811766666667	0.24104851589010307	0.6048341412202761	0.38998526051612326	0.19991591739770978	0.18882760515571204	0.1888936237356615	Conservation	Neofunctionalization(Child)	Conservation	discordant	classified
TRD	Pbre1_12G185600	Pbre1_12G110800	Prupe.7G125200.1	28.096601	6.259627500000001	61.53364066666667	0.595886359214343	0.5673574941014704	0.6318047415672885	0.3295089190276097	0.3645313126326736	0.3014748216605916	Conservation	Neofunctionalization(Child)	Conservation	discordant	classified
TRD	Pbre1_12G107800	Pbre1_12G111800	Prupe.7G069500.1	7.9569849999999995	0.0	34.24084833333333	0.4495474711791151	NA	0.6615750938944275	NA	NA	NA	NA	NA	NA	NA	all_zero_expression_profile
TRD	Pbre1_02G140400	Pbre1_12G116000	Prupe.7G200800.1	58.33202216666667	0.0120575	292.37524183333335	0.7915111983157045	0.9343382784958871	0.7713646596388006	0.11288066457505612	0.82344555838797	0.11280514045560952	Neofunctionalization(Child)	Neofunctionalization(Child)	Neofunctionalization(Child)	Neofunctionalization(Child)	classified
TRD	Pbre1_14G119200	Pbre1_12G117000	Prupe.7G066400.1	2.164788833333333	0.18620366666666666	8.866260666666667	0.24246001935908593	0.7063922098807979	0.8742781969750142	0.4618640212989459	0.5500691256643876	0.4622467283777578	Specialization	Specialization	Specialization	Specialization	classified
TRD	Pbre1_13G191400	Pbre1_12G122400	Prupe.1G234000.1	322.23446466666667	0.0	1717.5886931666666	0.22704642031082733	NA	0.3704675982966507	NA	NA	NA	NA	NA	NA	NA	all_zero_expression_profile
TRD	Pbre1_12G048000	Pbre1_12G132400	Prupe.7G109000.1	10.325015166666667	0.0	20.81291166666667	0.23528551341227583	NA	0.6835707620194331	NA	NA	NA	NA	NA	NA	NA	all_zero_expression_profile
TRD	Pbre1_04G040200	Pbre1_12G140600	Prupe.1G175900.1	8.222317166666667	0.3785536666666667	11.769680666666666	0.3959163180216379	0.7335917278171757	0.5568223941902236	0.18001637050633165	0.30032773263683143	0.17126537911259243	Conservation	Neofunctionalization(Child)	Neofunctionalization(Child)	discordant	classified
TRD	Pbre1_14G048000	Pbre1_12G141400	Prupe.7G104600.1	9.050992333333333	0.06652383333333334	3.2893165	0.7702348824337455	0.9858835709764289	0.842103486951925	0.6609874995245105	0.9284219388668576	0.6586016396476655	Specialization	Neofunctionalization(Child)	Specialization	discordant	classified
TRD	Pbre1_13G001200	Pbre1_12G142400	Prupe.1G352000.1	29.489839500000002	14.576699666666666	44.12697216666667	0.43063114787226764	0.6562463281866785	0.4550701556092413	0.10442198408305883	0.25176395454479333	0.10928188971822102	Conservation	Conservation	Conservation	Conservation	classified
TRD	Pbre1_12G231400	Pbre1_12G143400	Prupe.6G250000.1	133.68986016666668	0.0	50.34676183333333	0.583968051674547	NA	0.39702056329746294	NA	NA	NA	NA	NA	NA	NA	all_zero_expression_profile
TRD	Pbre1_15G437200	Pbre1_12G144400	Prupe.7G168400.1	33.693531666666665	0.0	116.5484865	0.6522787829313886	NA	0.28427428678733246	NA	NA	NA	NA	NA	NA	NA	all_zero_expression_profile
TRD	Pbre1_14G151600	Pbre1_12G148000	Prupe.7G041000.1	1.7589271666666666	0.694631	3.0848595	0.7905513702004962	0.8356709401186404	0.8318020727642768	0.7059372576038266	0.7609461651371136	0.7107792297330893	Specialization	Specialization	Specialization	Specialization	classified
TRD	Pbre1_04G302200	Pbre1_12G148600	Prupe.6G305400.1	9.333832666666666	3.1465293333333335	16.408598833333333	0.42329582885018713	0.41819466311746895	0.477154793676554	0.11292379567901357	0.13768274783558127	0.11457930322881368	Conservation	Conservation	Conservation	Conservation	classified
TRD	Pbre1_10G563200	Pbre1_12G158000	Prupe.4G016400.1	17.594707500000002	0.021559166666666667	16.241377833333335	0.8104686995124339	0.9193760779251772	0.515818295519657	0.3036853903709042	0.7818633388516791	0.3034044056207106	Neofunctionalization(Child)	Neofunctionalization(Child)	Neofunctionalization(Child)	Neofunctionalization(Child)	classified
TRD	Pbre1_10G514200	Pbre1_12G167000	Prupe.4G043900.1	11.605782166666666	7.466346333333333	23.342685666666664	0.2872997598146673	0.31806274170030435	0.5785958303049246	0.23204430800255657	0.20205785225585862	0.21406053475864018	Conservation	Conservation	Conservation	Conservation	classified
TRD	Pbre1_12G171200	Pbre1_12G168200	Prupe.7G119700.1	8.1555535	2.576035666666667	7.0756508333333334	0.6593652862156066	0.45562767258281	0.6555391804842152	0.4454935913081019	0.33828818270830285	0.3990926042673367	Neofunctionalization(Parent)	Neofunctionalization(Child)	Conservation	discordant	classified
TRD	Pbre1_13G306400	Pbre1_12G168800	Prupe.1G148900.1	3.3771155	0.0	10.245393666666667	0.7458404706583239	NA	0.5913267443296769	NA	NA	NA	NA	NA	NA	NA	all_zero_expression_profile
TRD	Pbre1_13G306400	Pbre1_12G169000	Prupe.1G148900.1	3.3771155	0.0	10.245393666666667	0.7458404706583239	NA	0.5913267443296769	NA	NA	NA	NA	NA	NA	NA	all_zero_expression_profile
TRD	Pbre1_13G306600	Pbre1_12G169200	Prupe.1G149000.1	13.3972605	0.999696	28.91610916666667	0.5574522937668561	0.318669609246204	0.38087134354396496	0.19942106954264402	0.12941330880362364	0.18861651137140104	Conservation	Neofunctionalization(Child)	Neofunctionalization(Child)	discordant	classified
TRD	Pbre1_01G050000	Pbre1_12G170600	Prupe.6G159600.1	18.02418666666667	0.0	39.861156	0.5767615385216065	NA	0.7212513880774916	NA	NA	NA	NA	NA	NA	NA	all_zero_expression_profile
TRD	Pbre1_14G175400	Pbre1_12G172200	Prupe.7G120600.1	19.591588	0.0	20.461109333333333	0.5566525526451742	NA	0.32321383698667877	NA	NA	NA	NA	NA	NA	NA	all_zero_expression_profile
TRD	Pbre1_10G578400	Pbre1_12G173000	Prupe.4G009400.1	46.50880183333333	49.113654	4.729080166666667	0.9978575396871447	0.7375059587820022	0.8128222912552048	1.1389504928255652	0.5287896861260324	0.8162228322776053	Specialization	Specialization	Neofunctionalization(Parent)	Specialization	classified
TRD	Pbre1_10G579400	Pbre1_12G173200	Prupe.4G009300.1	6.393738666666667	0.2776581666666667	6.549334833333333	0.7731938209147582	0.5345108245167965	0.6344213863394288	0.48763305884729213	0.5151052103673922	0.4784321212621433	Specialization	Neofunctionalization(Child)	Neofunctionalization(Child)	discordant	classified
TRD	Pbre1_14G180000	Pbre1_12G176800	Prupe.7G122300.1	36.297519333333334	1.5833038333333334	49.881701	0.42221725053257037	0.37324978068953996	0.32003607587930555	0.07031910828158057	0.21285782773337897	0.07310025679647124	Conservation	Neofunctionalization(Child)	Conservation	discordant	classified
TRD	Pbre1_11G161000	Pbre1_12G183800	Prupe.6G082100.1	NA	NA	NA	NA	NA	NA	NA	NA	NA	NA	NA	NA	NA	missing_expression_record
TRD	Pbre1_04G064200	Pbre1_12G188800	Prupe.1G192700.1	NA	NA	NA	NA	NA	NA	NA	NA	NA	NA	NA	NA	NA	missing_expression_record
TRD	Pbre1_12G287200	Pbre1_12G190800	Prupe.6G279600.1	16.590188166666668	0.0	33.874284333333335	0.5270276594309102	NA	0.5692491069294159	NA	NA	NA	NA	NA	NA	NA	all_zero_expression_profile
TRD	Pbre1_12G286000	Pbre1_12G191400	Prupe.6G279200.1	17.066436333333332	0.939104	104.11029633333334	0.44316407363713833	0.5027999985151803	0.5856232361497252	0.3246281836030552	0.26489065080159796	0.3157777430153383	Conservation	Neofunctionalization(Child)	Neofunctionalization(Child)	discordant	classified
TRD	Pbre1_04G162000	Pbre1_12G198400	Prupe.6G234100.1	1.679229	3.9767506666666668	18.089933	0.8746089598869909	0.8297823993488279	0.7870435833092244	0.16905376940498612	0.16105493915085012	0.1539155859396604	Conservation	Neofunctionalization(Parent)	Neofunctionalization(Parent)	discordant	classified
TRD	Pbre1_14G319200	Pbre1_12G211000	Prupe.5G166300.1	14.164364666666668	0.0	28.366164166666668	0.6287279191823808	NA	0.4412120082957237	NA	NA	NA	NA	NA	NA	NA	all_zero_expression_profile
TRD	Pbre1_15G472800	Pbre1_12G212000	Prupe.7G149400.1	193.62749633333334	13.877505000000001	102.89852166666667	0.8398369899826589	0.8727589265812821	0.4308741253605734	0.44628889882337813	0.507356033386364	0.4502879131646005	Specialization	Conservation	Conservation	discordant	classified
TRD	Pbre1_02G353000	Pbre1_12G222200	Prupe.2G121800.1	NA	NA	NA	NA	NA	NA	NA	NA	NA	NA	NA	NA	NA	missing_expression_record
TRD	Pbre1_03G416800	Pbre1_12G231800	Prupe.4G154500.1	48.420982333333335	0.0	87.008241	0.3425075363696772	NA	0.23840668026707293	NA	NA	NA	NA	NA	NA	NA	all_zero_expression_profile
TRD	Pbre1_15G054000	Pbre1_12G239400	Prupe.1G381400.1	0.8672525	0.0	1.7424786666666667	0.9060525544995974	NA	0.6370217520657597	NA	NA	NA	NA	NA	NA	NA	all_zero_expression_profile
TRD	Pbre1_16G015000	Pbre1_12G242400	Prupe.1G343400.1	7.785599166666667	3.4187035	20.711473166666668	0.7319332993657889	0.40079837480796493	0.5407432689083833	0.35286215573240254	0.36063358425410624	0.2979577255291878	Conservation	Neofunctionalization(Child)	Conservation	discordant	classified
TRD	Pbre1_04G218800	Pbre1_12G254400	Prupe.6G260800.1	7.528445166666667	4.905050833333333	10.677932166666666	0.7869417463920351	0.9399282790955095	0.30887089965414766	0.3840574365489691	0.6684931631535674	0.49095462020090747	Neofunctionalization(Child)	Neofunctionalization(Child)	Neofunctionalization(Child)	Neofunctionalization(Child)	classified
TRD	Pbre1_15G047200	Pbre1_12G254800	Prupe.1G378300.1	NA	NA	NA	NA	NA	NA	NA	NA	NA	NA	NA	NA	NA	missing_expression_record
TRD	Pbre1_04G223000	Pbre1_12G259400	Prupe.6G263500.1	0.027534833333333335	0.2806635	0.017695666666666665	0.8699351693687755	0.938587159424047	0.8011644941963112	0.3837434668469323	0.9148923148434801	0.8354106674850471	Neofunctionalization(Child)	Neofunctionalization(Child)	Neofunctionalization(Child)	Neofunctionalization(Child)	classified
TRD	Pbre1_16G142200	Pbre1_12G265600	Prupe.1G267700.1	17.901708166666666	0.8295296666666667	45.9169155	0.5272960533081412	0.8810927165578211	0.5252211649125187	0.23574266757102608	0.63489435934637	0.22696981966981686	Neofunctionalization(Child)	Neofunctionalization(Child)	Neofunctionalization(Child)	Neofunctionalization(Child)	classified
TRD	Pbre1_11G528600	Pbre1_12G270400	Prupe.8G269200.1	5.7099355	0.1064915	9.4549995	0.9095845061838176	0.906659902625351	0.6242109415963314	0.5404387845325948	0.5575816753579016	0.5238922617501833	Specialization	Specialization	Specialization	Specialization	classified
TRD	Pbre1_11G528600	Pbre1_12G270600	Prupe.8G269200.1	5.7099355	0.07032783333333333	9.4549995	0.9095845061838176	0.9453873492267497	0.6242109415963314	0.5404387845325948	0.6855840897282444	0.5291023739592147	Specialization	Specialization	Specialization	Specialization	classified
TRD	Pbre1_02G375600	Pbre1_12G273400	Prupe.2G104200.1	NA	NA	NA	NA	NA	NA	NA	NA	NA	NA	NA	NA	NA	missing_expression_record
TRD	Pbre1_16G205600	Pbre1_12G278400	Prupe.1G229200.1	3.056548166666667	0.008476	7.414184833333334	0.8571839523343845	1.0	0.7018686012429572	0.5852728655907332	1.0388762011392347	0.5864857254743482	Specialization	Neofunctionalization(Child)	Specialization	discordant	classified
TRD	Pbre1_12G009600	Pbre1_12G284400	Prupe.7G005900.1	49.26367483333333	0.009700833333333334	75.73186866666667	0.36637454677500264	1.0	0.23785349602661698	0.13678241523715848	0.9591813154201965	0.13684513268346493	Neofunctionalization(Child)	Neofunctionalization(Child)	Neofunctionalization(Child)	Neofunctionalization(Child)	classified
TRD	Pbre1_15G005400	Pbre1_12G291200	Prupe.1G356300.1	6.571796666666667	0.5646596666666667	10.1501805	0.4508235220800817	0.4240745978615982	0.5945419373657316	0.3032160083071761	0.16416832494122	0.2842241430223235	Conservation	Neofunctionalization(Child)	Neofunctionalization(Child)	discordant	classified
TRD	Pbre1_04G029200	Pbre1_12G292000	Prupe.1G169100.1	NA	NA	NA	NA	NA	NA	NA	NA	NA	NA	NA	NA	NA	missing_expression_record
TRD	Pbre1_06G182200	Pbre1_12G292400	Prupe.5G115000.1	10.987175333333333	0.0	6.170998833333333	0.9183747583873455	NA	0.6501956634705615	NA	NA	NA	NA	NA	NA	NA	all_zero_expression_profile
TRD	Pbre1_09G171600	Pbre1_12G295800	Prupe.3G219400.1	4.556921	9.580299666666667	12.422335666666667	0.7465181328304289	0.29774063931269695	0.17029703873073046	0.3138420108223813	0.07293185992390322	0.0978775475650758	Conservation	Conservation	Conservation	Conservation	classified
TRD	Pbre1_16G208000	Pbre1_12G296600	Prupe.1G227200.1	6.562152333333333	0.0	11.455389833333333	0.3379908594823292	NA	0.5267812826686802	NA	NA	NA	NA	NA	NA	NA	all_zero_expression_profile
TRD	Pbre1_04G261800	Pbre1_12G297000	Prupe.6G283600.1	1.8013711666666667	0.0	2.15025	0.8755412048461861	NA	0.9143463176989707	NA	NA	NA	NA	NA	NA	NA	all_zero_expression_profile
TRD	Pbre1_06G201400	Pbre1_12G303600	Prupe.5G125200.1	64.13280983333333	0.0	50.495273833333336	0.8241258997449827	NA	0.3910253538493909	NA	NA	NA	NA	NA	NA	NA	all_zero_expression_profile
TRD	Pbre1_05G217600	Pbre1_12G307600	Prupe.8G164700.1	27.086472166666667	0.0	58.484586166666666	0.2577458994592234	NA	0.4074341736967357	NA	NA	NA	NA	NA	NA	NA	all_zero_expression_profile
TRD	Pbre1_06G330400	Pbre1_12G310800	Prupe.5G193900.1	NA	NA	NA	NA	NA	NA	NA	NA	NA	NA	NA	NA	NA	missing_expression_record
TRD	Pbre1_14G368000	Pbre1_12G311000	Prupe.5G193900.1	NA	NA	NA	NA	NA	NA	NA	NA	NA	NA	NA	NA	NA	missing_expression_record
TRD	Pbre1_12G007200	Pbre1_12G317600	Prupe.7G004100.1	15.990654666666666	4.8377915	2.6164566666666667	0.49298342038833987	0.5937479916827864	0.7874081038763755	0.31122475929178084	0.6311587090424265	0.37369542500912334	Neofunctionalization(Child)	Specialization	Specialization	discordant	classified
TRD	Pbre1_05G087200	Pbre1_12G336200	Prupe.8G077700.1	32.285516333333334	0.08761083333333333	56.575932333333334	0.31821713283857145	0.9563139156475703	0.3711976734831453	0.16429877963243486	0.6832768808974388	0.16394215575324955	Neofunctionalization(Child)	Neofunctionalization(Child)	Neofunctionalization(Child)	Neofunctionalization(Child)	classified
TRD	Pbre1_02G205600	Pbre1_12G345200	Prupe.7G165800.1	NA	NA	NA	NA	NA	NA	NA	NA	NA	NA	NA	NA	NA	missing_expression_record
TRD	Pbre1_04G322400	Pbre1_12G349200	Prupe.6G315600.1	6.742277666666666	3.7880201666666666	8.893910166666666	0.8253841513333102	0.4489764351419529	0.628647925621123	0.44107186955284694	0.2636230152321043	0.34256256561030984	Neofunctionalization(Parent)	Neofunctionalization(Child)	Neofunctionalization(Child)	discordant	classified
TRD	Pbre1_04G322400	Pbre1_12G349400	Prupe.6G315600.1	6.742277666666666	4.394199833333333	8.893910166666666	0.8253841513333102	0.7209484839537578	0.628647925621123	0.44107186955284694	0.32076842879530465	0.3927377552407513	Neofunctionalization(Parent)	Conservation	Conservation	discordant	classified
TRD	Pbre1_04G188800	Pbre1_12G358400	Prupe.6G246300.1	63.399975	3.0368983333333333	85.83009116666666	0.28855483915394564	0.7168834625942677	0.3855924840409436	0.16054653156339782	0.20962207378344547	0.14712239812972397	Conservation	Conservation	Conservation	Conservation	classified
TRD	Pbre1_04G337200	Pbre1_12G362000	Prupe.6G323300.1	1.83515	1.6173441666666668	2.4793158333333336	0.8136523604577967	0.7569566449095668	0.8773648923417865	0.3304327011874774	0.20288993738491903	0.22829389905307243	Conservation	Specialization	Neofunctionalization(Parent)	discordant	classified
TRD	Pbre1_15G758600	Pbre1_12G363200	Prupe.1G575200.1	7.126215999999999	1.7701821666666668	0.7690341666666667	0.9711568905961745	0.9812570821544331	0.8145359600084208	0.9444994712821624	0.963509831544242	0.947847496972523	Specialization	Specialization	Specialization	Specialization	classified
TRD	Pbre1_12G337200	Pbre1_12G363800	Prupe.6G306900.1	19.644415	0.7848738333333334	33.344554	0.36058799474758985	0.45870504389848454	0.49873873809455327	0.06680341547277069	0.14761418592698722	0.06784654639042581	Conservation	Neofunctionalization(Child)	Neofunctionalization(Child)	discordant	classified
TRD	Pbre1_12G048000	Pbre1_12G372800	Prupe.7G109000.1	10.325015166666667	0.03834716666666667	20.81291166666667	0.23528551341227583	0.972568847241168	0.6835707620194331	0.2966095517388362	0.8854879830104337	0.2964571172630049	Neofunctionalization(Child)	Neofunctionalization(Child)	Neofunctionalization(Child)	Neofunctionalization(Child)	classified
TRD	Pbre1_01G344600	Pbre1_12G377200	Prupe.2G284500.1	0.0	1.4012033333333334	13.028135833333334	NA	0.8879664421459568	0.4124313902182032	NA	NA	NA	NA	NA	NA	NA	all_zero_expression_profile
TRD	Pbre1_13G168000	Pbre1_12G381200	Prupe.1G248600.1	5.609453833333333	0.0	6.7686115	0.7453225808630526	NA	0.9276893361397859	NA	NA	NA	NA	NA	NA	NA	all_zero_expression_profile
TRD	Pbre1_12G099200	Pbre1_12G386400	Prupe.7G075800.1	21.6600755	1.8910016666666667	17.366720166666667	0.439972083282418	0.8052104794151859	0.6108382417273491	0.3239556922062898	0.43769562718231825	0.32164268563656306	Neofunctionalization(Child)	Neofunctionalization(Child)	Conservation	Neofunctionalization(Child)	classified
TRD	Pbre1_15G152200	Pbre1_12G398600	Prupe.1G436000.1	41.9367725	0.0	30.190537166666665	0.27007129281439707	NA	0.34631216740598764	NA	NA	NA	NA	NA	NA	NA	all_zero_expression_profile
TRD	Pbre1_02G259800	Pbre1_12G408400	Prupe.7G135600.1	0.22732116666666666	1.7664688333333334	17.902396666666668	1.0	0.7562515046224094	0.999292477374541	0.003964237505894703	1.0947788806490268	0.9695271877527013	Neofunctionalization(Child)	Neofunctionalization(Child)	Neofunctionalization(Child)	Neofunctionalization(Child)	classified
TRD	Pbre1_15G762200	Pbre1_12G410600	Prupe.1G576600.1	12.694171833333334	2.7754616666666667	28.0267895	0.3477496386763175	0.4052852861451532	0.6861188069103699	0.3417385197035408	0.3215041759779935	0.3342000221043344	Conservation	Neofunctionalization(Child)	Conservation	discordant	classified
TRD	Pbre1_04G386400	Pbre1_12G413000	Prupe.6G350700.1	18.197095833333332	0.0	42.053838166666665	0.45811912492600826	NA	0.7889203755070843	NA	NA	NA	NA	NA	NA	NA	all_zero_expression_profile
TRD	Pbre1_04G388600	Pbre1_12G415000	Prupe.6G352100.1	1.3793258333333331	0.4143556666666667	0.726193	0.8487588293538376	0.6985565621309592	0.6980501620592905	0.6373482110122273	0.3431105623089854	0.5674297739235364	Neofunctionalization(Parent)	Specialization	Specialization	discordant	classified
TRD	Pbre1_04G388600	Pbre1_12G415400	Prupe.6G352100.1	1.3793258333333331	0.2540826666666667	0.726193	0.8487588293538376	0.802465787716956	0.6980501620592905	0.6373482110122273	0.5657609703402245	0.6258639936030932	Specialization	Specialization	Specialization	Specialization	classified
TRD	Pbre1_04G394200	Pbre1_12G419800	Prupe.6G355400.1	NA	NA	NA	NA	NA	NA	NA	NA	NA	NA	NA	NA	NA	missing_expression_record
TRD	Pbre1_04G397000	Pbre1_12G423000	Prupe.6G356800.1	NA	NA	NA	NA	NA	NA	NA	NA	NA	NA	NA	NA	NA	missing_expression_record
TRD	Pbre1_04G401600	Pbre1_12G427400	Prupe.6G358500.1	2.896921	0.0	2.0336433333333335	0.9950067654801416	NA	0.7461223742811136	NA	NA	NA	NA	NA	NA	NA	all_zero_expression_profile
TRD	Pbre1_10G514200	Pbre1_12G439800	Prupe.4G043900.1	11.605782166666666	28.705159666666667	23.342685666666664	0.2872997598146673	0.40369830907619597	0.5785958303049246	0.23204430800255657	0.16604030256143507	0.17267921940511993	Conservation	Conservation	Conservation	Conservation	classified
TRD	Pbre1_16G002400	Pbre1_13G003000	Prupe.1G350800.1	0.364608	0.0	5.516406	0.7512365033893454	NA	0.7119039352060936	NA	NA	NA	NA	NA	NA	NA	all_zero_expression_profile
TRD	Pbre1_06G397000	Pbre1_13G010600	Prupe.5G233900.1	8.9326905	7.069650333333334	10.447646	0.3127919854851594	0.4050042230382692	0.5245781015624885	0.16366238904533287	0.1541124200360156	0.15144180196659385	Conservation	Conservation	Conservation	Conservation	classified
TRD	Pbre1_08G120400	Pbre1_13G019400	Prupe.1G404000.1	9.226934166666666	0.021984833333333332	23.263642	0.6901295356698434	1.0	0.8927226221811477	0.6940465452541295	1.0633458569583407	0.6943534333446401	Specialization	Specialization	Specialization	Specialization	classified
TRD	Pbre1_16G021800	Pbre1_13G022800	Prupe.1G339900.1	0.04538166666666667	0.13066966666666668	0.6453353333333334	0.9343278922051692	0.4615690355879763	0.7827386677313694	0.3941484771479979	0.5663523547459852	0.371872662224958	Subfunctionalization	Specialization	Specialization	discordant	classified
TRD	Pbre1_10G399800	Pbre1_13G039200	Prupe.4G112700.1	66.86000233333334	0.0	109.32691066666666	0.44238150856461467	NA	0.5872630786723037	NA	NA	NA	NA	NA	NA	NA	all_zero_expression_profile
TRD	Pbre1_16G058000	Pbre1_13G053400	Prupe.1G320800.1	24.3812675	5.368300666666666	116.156613	0.588486793132154	0.40660328814565483	0.6135597955850962	0.22321303341718346	0.34272415003717416	0.2415922440841074	Conservation	Conservation	Conservation	Conservation	classified
TRD	Pbre1_13G032000	Pbre1_13G067600	Prupe.1G334400.1	35.8293785	0.2059875	117.95627533333334	0.7458201130390487	0.8542044961739155	0.7434388842562512	0.22116642496952327	0.2379279681697017	0.21868674814267391	Conservation	Neofunctionalization(Child)	Neofunctionalization(Child)	discordant	classified
TRD	Pbre1_09G453600	Pbre1_13G082000	Prupe.3G164800.1	0.015453666666666668	0.26464750000000004	0.09604316666666667	0.8474448669201522	0.9310720636802439	0.7911128298098039	0.39050174013124356	0.3928133423831013	0.35595755583421446	Neofunctionalization(Child)	Neofunctionalization(Child)	Neofunctionalization(Child)	Neofunctionalization(Child)	classified
TRD	Pbre1_15G408800	Pbre1_13G093800	Prupe.7G187800.1	27.362567666666667	21.0393355	13.886576166666668	0.34784491589209887	0.3796654516247105	0.18553430924140185	0.08872608368655616	0.15749603411535382	0.09668995597676575	Conservation	Conservation	Conservation	Conservation	classified
TRD	Pbre1_13G152200	Pbre1_13G096400	Prupe.1G258300.1	7.151771666666667	0.04890766666666667	16.0832115	0.8228283171525159	0.8237751209974679	0.7130083814668057	0.1628411340078887	0.655860549282195	0.15975002070930516	Neofunctionalization(Child)	Neofunctionalization(Child)	Neofunctionalization(Child)	Neofunctionalization(Child)	classified
TRD	Pbre1_16G103400	Pbre1_13G102400	Prupe.1G290900.1	14.223730666666667	3.220783	14.215411	0.39874980671106697	0.22367255916219947	0.481049440224791	0.19954737675682482	0.2389310513093255	0.2022624780248516	Conservation	Conservation	Conservation	Conservation	classified
TRD	Pbre1_13G079200	Pbre1_13G104000	Prupe.1G305600.1	11.8689835	1.1011266666666666	34.790375	0.6059549235326687	0.8815316344523273	0.5759931978790214	0.38672399865917095	0.5525819915832205	0.34845943587453276	Neofunctionalization(Child)	Neofunctionalization(Child)	Neofunctionalization(Child)	Neofunctionalization(Child)	classified
TRD	Pbre1_17G494800	Pbre1_13G111800	Prupe.3G007400.1	46.6095485	0.7647586666666667	57.950637666666665	0.09634570310811963	0.9158244095302563	0.22595963805484237	0.07110412072196276	0.576705060802586	0.06693346505485212	Neofunctionalization(Child)	Neofunctionalization(Child)	Neofunctionalization(Child)	Neofunctionalization(Child)	classified
TRD	Pbre1_16G139600	Pbre1_13G133600	Prupe.1G269600.1	NA	NA	NA	NA	NA	NA	NA	NA	NA	NA	NA	NA	NA	missing_expression_record
TRD	Pbre1_16G147800	Pbre1_13G142400	Prupe.1G264300.1	NA	NA	NA	NA	NA	NA	NA	NA	NA	NA	NA	NA	NA	missing_expression_record
TRD	Pbre1_16G148000	Pbre1_13G143200	Prupe.1G264100.1	1.5017221666666667	0.0	1.713572	0.7408960399798021	NA	0.7011224636847844	NA	NA	NA	NA	NA	NA	NA	all_zero_expression_profile
TRD	Pbre1_16G150800	Pbre1_13G144600	Prupe.1G262800.1	7.288404166666667	1.5033640000000001	21.334304166666666	0.472703693998999	0.6533856222141491	0.8041815236787242	0.31083798111594396	0.4288720374448041	0.32348130092006644	Neofunctionalization(Child)	Specialization	Neofunctionalization(Child)	discordant	classified
TRD	Pbre1_10G179400	Pbre1_13G152800	Prupe.8G139600.1	0.9178663333333333	0.10930283333333334	0.1926485	0.9959713288338978	0.877032101428399	0.9673374126929813	0.14718169282837087	0.3250538765272238	0.11502021763366219	Conservation	Neofunctionalization(Parent)	Neofunctionalization(Child)	discordant	classified
TRD	Pbre1_16G170800	Pbre1_13G163600	Prupe.1G251100.1	1.8670046666666666	0.397026	5.448767166666666	0.6283052011746202	0.47080614723424963	0.4345287610702352	0.18061832748084705	0.22555994700960677	0.15098274219103267	Conservation	Neofunctionalization(Child)	Neofunctionalization(Child)	discordant	classified
TRD	Pbre1_11G182200	Pbre1_13G172400	Prupe.6G091300.1	25.941216666666666	0.12828983333333333	67.6943955	0.3483433280474804	0.8619436923435027	0.3550923112068872	0.14589366037523446	0.5912959208710679	0.14645527007753809	Neofunctionalization(Child)	Neofunctionalization(Child)	Neofunctionalization(Child)	Neofunctionalization(Child)	classified
TRD	Pbre1_03G464400	Pbre1_13G173800	Prupe.8G256500.1	55.9429735	0.0	64.43527366666666	0.4171684898238537	NA	0.404781202630396	NA	NA	NA	NA	NA	NA	NA	all_zero_expression_profile
TRD	Pbre1_13G359000	Pbre1_13G176800	Prupe.1G037400.1	24.791291333333334	0.05205133333333333	167.34239599999998	0.8136553737916176	0.9142431021625652	0.8962147559917497	0.17691349618984314	0.7221835669583317	0.17731998719389505	Neofunctionalization(Child)	Neofunctionalization(Child)	Neofunctionalization(Child)	Neofunctionalization(Child)	classified
TRD	Pbre1_07G448600	Pbre1_13G180800	Prupe.2G298600.1	25.497796333333334	0.040363	62.93646366666666	0.6120921800772023	0.8551816440872233	0.904087536238805	0.6851192173698137	0.9754860580519011	0.6849576122482103	Specialization	Specialization	Specialization	Specialization	classified
TRD	Pbre1_04G355400	Pbre1_13G188400	Prupe.6G333700.1	7.531196666666666	0.6717168333333333	21.48458816666667	0.33591182576264034	0.893938575857506	0.341048840715212	0.10756946096029207	0.5999312305631372	0.12963541764835246	Neofunctionalization(Child)	Neofunctionalization(Child)	Neofunctionalization(Child)	Neofunctionalization(Child)	classified
TRD	Pbre1_05G056400	Pbre1_13G196400	Prupe.8G044500.1	43.605401	0.0	9.4381495	0.33307642858540454	NA	0.5405288821484807	NA	NA	NA	NA	NA	NA	NA	all_zero_expression_profile
TRD	Pbre1_05G328800	Pbre1_13G198600	Prupe.8G216400.1	15.381962666666666	0.0	33.09291416666667	0.7029764775986939	NA	0.7071424969592857	NA	NA	NA	NA	NA	NA	NA	all_zero_expression_profile
TRD	Pbre1_13G486000	Pbre1_13G201600	Prupe.1G002900.1	3.7653209999999997	18.123861	117.06058216666666	0.9676457828990769	0.9526602161401092	0.6487829331940025	0.6705225874111561	0.8024492865532202	0.641030522348538	Specialization	Specialization	Specialization	Specialization	classified
TRD	Pbre1_03G439000	Pbre1_13G213200	Prupe.8G241500.1	23.9385065	0.6339871666666667	107.93226783333333	0.6105358515797221	0.6022424220043355	0.6231398663622967	0.3273839924100905	0.21269251377004672	0.3201209185477149	Conservation	Neofunctionalization(Child)	Neofunctionalization(Child)	discordant	classified
TRD	Pbre1_16G335000	Pbre1_13G226200	Prupe.1G016800.1	18.971313833333333	0.12300333333333334	14.245324666666667	0.6400195138356076	0.9894922994205491	0.5302779439899614	0.3124790210160171	0.9227655607605141	0.3108583230451859	Neofunctionalization(Child)	Neofunctionalization(Child)	Neofunctionalization(Child)	Neofunctionalization(Child)	classified
TRD	Pbre1_04G056400	Pbre1_13G227400	Prupe.1G186600.1	48.183466333333335	0.0	38.57964833333333	0.44270886508593127	NA	0.47745031028747775	NA	NA	NA	NA	NA	NA	NA	all_zero_expression_profile
TRD	Pbre1_16G257000	Pbre1_13G252000	Prupe.1G112700.1	20.146817833333333	8.196281666666668	22.422570333333333	0.19598920297813874	0.31644286689488466	0.27685266172799655	0.11372976711542866	0.08400045002548075	0.1008570477154777	Conservation	Conservation	Conservation	Conservation	classified
TRD	Pbre1_16G265000	Pbre1_13G256600	Prupe.1G117500.1	3.5121803333333332	0.0	8.3701275	0.6324759416572565	NA	0.46043057541365257	NA	NA	NA	NA	NA	NA	NA	all_zero_expression_profile
TRD	Pbre1_16G265000	Pbre1_13G256800	Prupe.1G117500.1	3.5121803333333332	0.5735478333333334	8.3701275	0.6324759416572565	0.9180471250538194	0.46043057541365257	0.22518293623656693	0.6507261662134156	0.23815331647134275	Neofunctionalization(Child)	Specialization	Specialization	discordant	classified
TRD	Pbre1_16G261200	Pbre1_13G263400	Prupe.1G115000.1	35.8964055	0.0	33.747514833333334	0.23021926826228983	NA	0.6924672673364111	NA	NA	NA	NA	NA	NA	NA	all_zero_expression_profile
TRD	Pbre1_02G386400	Pbre1_13G278800	Prupe.2G096600.1	1.9990329999999998	0.37148099999999995	12.670369333333333	0.6238429673758988	0.9865520941517166	0.5619937709344935	0.3361963368537433	0.8133803502333644	0.2645647089472314	Neofunctionalization(Child)	Subfunctionalization	Neofunctionalization(Child)	discordant	classified
TRD	Pbre1_16G282400	Pbre1_13G279200	Prupe.1G132500.1	61.6777065	1.1253848333333334	26.1647555	0.4933852688759675	0.8422553306920495	0.4705147716679212	0.21752637626172	0.4953703582390023	0.2135477620892224	Neofunctionalization(Child)	Neofunctionalization(Child)	Neofunctionalization(Child)	Neofunctionalization(Child)	classified
TRD	Pbre1_16G070600	Pbre1_13G279800	Prupe.1G313700.1	20.323093	0.0	23.478466	0.5179163984620214	NA	0.3544877752089378	NA	NA	NA	NA	NA	NA	NA	all_zero_expression_profile
TRD	Pbre1_13G079200	Pbre1_13G288800	Prupe.1G305600.1	11.8689835	0.0	34.790375	0.6059549235326687	NA	0.5759931978790214	NA	NA	NA	NA	NA	NA	NA	all_zero_expression_profile
TRD	Pbre1_12G336000	Pbre1_13G300000	Prupe.6G306800.1	36.9629335	0.043894999999999997	69.070719	0.5032117907341215	1.0	0.31989804498116853	0.13848922918598364	1.0018886713041275	0.13860575818381585	Neofunctionalization(Child)	Neofunctionalization(Child)	Neofunctionalization(Child)	Neofunctionalization(Child)	classified
TRD	Pbre1_16G306200	Pbre1_13G303600	Prupe.1G147800.1	8.159498666666668	0.24817883333333335	11.975001166666667	0.22216058863317664	0.6527619649623126	0.26740800259905645	0.10368065355820218	0.2668497429580603	0.09928623815651412	Conservation	Neofunctionalization(Child)	Neofunctionalization(Child)	discordant	classified
TRD	Pbre1_16G307200	Pbre1_13G304200	Prupe.1G148200.1	321.96934783333336	46.196693833333335	551.7769246666667	0.2667156776153119	0.40687814338517636	0.23325905243382658	0.03753109888550206	0.11807466206301062	0.022019225853560313	Conservation	Conservation	Conservation	Conservation	classified
TRD	Pbre1_17G044200	Pbre1_13G327400	Prupe.3G292400.1	101.81181983333333	3.2856393333333336	116.01620299999999	0.2925707343145673	0.6344899459341615	0.3924693551133219	0.180026518480343	0.24977160420542738	0.17147542963684442	Conservation	Conservation	Conservation	Conservation	classified
TRD	Pbre1_13G108400	Pbre1_13G328200	Prupe.1G286500.1	25.86099683333333	5.327665	45.271767833333335	0.6170386906117674	0.21911523036883537	0.6850320275977323	0.41364642814202096	0.23028037223826964	0.37783377257278006	Neofunctionalization(Parent)	Conservation	Conservation	discordant	classified
TRD	Pbre1_05G309400	Pbre1_13G331400	Prupe.8G207100.1	29.562940166666667	0.0	84.9594025	0.7646052417655559	NA	0.6914326612091536	NA	NA	NA	NA	NA	NA	NA	all_zero_expression_profile
TRD	Pbre1_14G161800	Pbre1_13G336000	Prupe.7G032400.1	6.543546333333333	0.048367	28.319315833333334	0.5374680662746616	0.8241125841110298	0.846438085614073	0.4740647091614869	0.7027724040363756	0.47378670542119833	Specialization	Neofunctionalization(Child)	Neofunctionalization(Child)	discordant	classified
TRD	Pbre1_16G400400	Pbre1_13G338600	Prupe.1G065700.1	24.466078166666666	0.0	103.53993333333332	0.43046294612238223	NA	0.4926820352819979	NA	NA	NA	NA	NA	NA	NA	all_zero_expression_profile
TRD	Pbre1_09G106000	Pbre1_13G339200	Prupe.3G257100.1	1.0951406666666665	0.0	11.033671	0.8138109785842496	NA	0.9627812906313069	NA	NA	NA	NA	NA	NA	NA	all_zero_expression_profile
TRD	Pbre1_16G354600	Pbre1_13G345600	Prupe.1G033600.1	1.5035208333333334	0.563529	2.6787004999999997	0.6561982205673098	0.6751176500265842	0.953183784539168	0.6558639216975911	0.6579145031313883	0.6476120972672396	Specialization	Specialization	Specialization	Specialization	classified
TRD	Pbre1_07G231000	Pbre1_13G346200	Prupe.2G170600.1	0.997136	0.0	4.766368666666667	0.4359740481148105	NA	0.6066416306341448	NA	NA	NA	NA	NA	NA	NA	all_zero_expression_profile
TRD	Pbre1_17G147600	Pbre1_13G347800	Prupe.3G233500.1	32.405638499999995	0.03435283333333333	34.47026783333333	0.6802359809931525	1.0	0.6253758387059571	0.0930037526024729	0.9665947844659145	0.09208606506783476	Neofunctionalization(Child)	Neofunctionalization(Child)	Neofunctionalization(Child)	Neofunctionalization(Child)	classified
TRD	Pbre1_13G258800	Pbre1_13G349000	Prupe.1G117200.1	102.79593266666666	0.0	255.29371883333334	0.6946747826844561	NA	0.5134788271737324	NA	NA	NA	NA	NA	NA	NA	all_zero_expression_profile
TRD	Pbre1_07G406400	Pbre1_13G352400	Prupe.2G276400.1	0.8650935	0.3445661666666667	7.399626	0.7526768620614025	0.4906913830577443	0.894680183161263	0.4707248560292605	0.6195324852590396	0.4690008443756594	Specialization	Specialization	Specialization	Specialization	classified
TRD	Pbre1_01G263600	Pbre1_13G354800	Prupe.2G239700.1	320.74075566666664	0.0	199.36652716666666	0.5747888167349554	NA	0.6160536417151555	NA	NA	NA	NA	NA	NA	NA	all_zero_expression_profile
TRD	Pbre1_05G256000	Pbre1_13G359800	Prupe.8G181200.1	22.604154166666667	12.913793	111.46912466666666	0.3969019316495513	0.33940620141942945	0.48108069977661705	0.16170553208663455	0.1424462700350007	0.13054953585800852	Conservation	Conservation	Conservation	Conservation	classified
TRD	Pbre1_15G365400	Pbre1_13G377400	Prupe.7G213700.1	43.45705233333334	26.189806333333333	43.559181	0.49062458000744574	0.3618004674034438	0.6064616098618976	0.26808922639461646	0.28218447492701887	0.261701821997256	Conservation	Conservation	Conservation	Conservation	classified
TRD	Pbre1_09G046200	Pbre1_13G377600	Prupe.3G291100.1	12.225825833333333	26.822085666666666	77.60770116666666	0.4458565650279865	0.37210631937481703	0.6922987260562969	0.3488083724651398	0.19234395572328286	0.2342600039922346	Conservation	Conservation	Conservation	Conservation	classified
TRD	Pbre1_16G381600	Pbre1_13G379200	Prupe.1G050600.1	10.741627833333334	0.515728	37.87148633333334	0.6570409865192351	0.42197422561824194	0.5561327647356631	0.2180201320664838	0.13948102249694205	0.21080069022404188	Conservation	Neofunctionalization(Child)	Neofunctionalization(Child)	discordant	classified
TRD	Pbre1_02G179600	Pbre1_13G396400	Prupe.7G178400.1	6.536911	0.12822116666666666	9.2188885	0.5322577102879713	1.0	0.6219237097073815	0.23983922222088355	1.0334851250485972	0.24101428713605133	Neofunctionalization(Child)	Neofunctionalization(Child)	Neofunctionalization(Child)	Neofunctionalization(Child)	classified
TRD	Pbre1_07G402200	Pbre1_13G397600	Prupe.2G273700.1	35.831897833333336	0.037329666666666664	24.27556	0.39636066505576	0.9012989437746718	0.5407393474999966	0.2056957026805815	0.7240511544104676	0.20618146299083445	Neofunctionalization(Child)	Neofunctionalization(Child)	Neofunctionalization(Child)	Neofunctionalization(Child)	classified
TRD	Pbre1_15G292000	Pbre1_13G406800	Prupe.7G251900.1	23.171757666666664	0.5547421666666666	13.282021833333333	0.48555263658587683	0.5800816884514953	0.5516744254440441	0.17776555499902627	0.35169008150975256	0.17719577089718463	Conservation	Neofunctionalization(Child)	Neofunctionalization(Child)	discordant	classified
TRD	Pbre1_15G447200	Pbre1_13G418000	Prupe.7G163100.1	30.201685833333332	0.012990333333333333	21.580868499999998	0.6819670340450299	1.0	0.4424239830442729	0.44521328278698025	0.8366153665389272	0.44502233440660993	Specialization	Neofunctionalization(Child)	Neofunctionalization(Child)	discordant	classified
TRD	Pbre1_14G306400	Pbre1_13G419000	Prupe.5G160800.1	143.10113533333333	0.5059348333333333	84.39080233333333	0.41663605479953175	0.8459095004942858	0.3443719906174489	0.206721767849239	0.4559919166769579	0.20608685755305353	Neofunctionalization(Child)	Neofunctionalization(Child)	Neofunctionalization(Child)	Neofunctionalization(Child)	classified
TRD	Pbre1_16G287000	Pbre1_13G422800	Prupe.1G136500.1	16.3068605	0.06622616666666667	15.202060333333334	0.698375929344444	0.8842112373837718	0.6719591305445498	0.08245098365464673	0.6899909353165719	0.08074674497818571	Neofunctionalization(Child)	Neofunctionalization(Child)	Neofunctionalization(Child)	Neofunctionalization(Child)	classified
TRD	Pbre1_01G179400	Pbre1_13G425200	Prupe.2G191400.1	0.024840166666666667	0.034751166666666666	0.106239	0.7439172544639442	0.9540770532697218	0.7788247498290348	0.6614734721293313	0.6178835489392223	0.5589761734414502	Specialization	Conservation	Conservation	discordant	classified
TRD	Pbre1_13G414400	Pbre1_13G427600	Prupe.1G079600.1	2.1042035	6.4141065	3.8874983333333333	0.30931520060163387	0.41767819916918825	0.721925294262025	0.307537456836554	0.3339931771692245	0.31765078847898603	Conservation	Neofunctionalization(Parent)	Conservation	discordant	classified
TRD	Pbre1_04G063800	Pbre1_13G428200	Prupe.1G192200.1	0.037435666666666666	0.0	0.018442666666666666	0.9481044527557068	NA	1.0	NA	NA	NA	NA	NA	NA	NA	all_zero_expression_profile
TRD	Pbre1_02G386400	Pbre1_13G428400	Prupe.2G096600.1	1.9990329999999998	10.151578	12.670369333333333	0.6238429673758988	0.48427882559599195	0.5619937709344935	0.3361963368537433	0.2112758627694829	0.2206407978659371	Conservation	Neofunctionalization(Parent)	Conservation	discordant	classified
TRD	Pbre1_12G418000	Pbre1_13G430800	Prupe.6G354100.1	11.014410333333334	0.010370333333333334	74.0202905	0.9115149080654998	1.0	0.7214884785243829	0.5244644168383736	1.1433746786704941	0.5242891076603823	Specialization	Specialization	Specialization	Specialization	classified
TRD	Pbre1_05G429600	Pbre1_13G445800	Prupe.4G106400.1	0.030509333333333336	0.04662416666666666	33.960937	0.9759302781041912	0.9914070859477817	0.21071606334116658	0.8500092432645273	0.9173631469748215	0.8897395804207745	Specialization	Specialization	Specialization	Specialization	classified
TRD	Pbre1_10G409600	Pbre1_13G446000	Prupe.4G106200.1	0.3071603333333333	1.2239495	14.324546333333334	0.9700540003693184	0.5918311201692409	0.5187166164532888	0.8914777107225245	0.26336953090100024	0.3227282308497752	Neofunctionalization(Parent)	Specialization	Specialization	discordant	classified
TRD	Pbre1_07G283600	Pbre1_13G446400	Prupe.2G206100.1	71.82636550000001	1.4766683333333335	16.490849666666666	0.8118797543572921	0.20551846832057966	0.7042590963004749	0.5360562383137396	0.28586973652092834	0.5291691322674689	Neofunctionalization(Parent)	Neofunctionalization(Child)	Conservation	discordant	classified
TRD	Pbre1_04G058800	Pbre1_13G446800	Prupe.1G189000.1	87.75474083333333	50.204285666666664	229.44477316666666	0.3168911918697462	0.38610211833427044	0.6199854104912099	0.13728858293079	0.17453663712446685	0.14628425263326736	Conservation	Conservation	Conservation	Conservation	classified
TRD	Pbre1_16G438400	Pbre1_13G447200	Prupe.1G101600.1	0.0	0.104735	1.6334445	NA	0.7370197780176305	0.8780022318183439	NA	NA	NA	NA	NA	NA	NA	all_zero_expression_profile
TRD	Pbre1_04G081800	Pbre1_13G448600	Prupe.1G207600.1	186.89309516666665	3.241112833333333	199.96456266666667	0.3347321600984742	0.7877136106484317	0.3273695916028535	0.1662209234387162	0.4463645508845258	0.1684262332645001	Neofunctionalization(Child)	Conservation	Conservation	discordant	classified
TRD	Pbre1_04G072400	Pbre1_13G453000	Prupe.1G198600.1	7.539558333333334	7.897095	6.87088	0.29836696999572576	0.40300523729030086	0.44728572803180205	0.2191741867010903	0.14997885123424637	0.1759665336354124	Conservation	Conservation	Conservation	Conservation	classified
TRD	Pbre1_04G074000	Pbre1_13G454000	Prupe.1G199800.1	23.745238166666667	29.6204765	21.819300166666665	0.39209871165222177	0.23540551367710777	0.43133692451573963	0.2182444067376544	0.15547341527390385	0.17785159096490688	Conservation	Conservation	Conservation	Conservation	classified
TRD	Pbre1_04G068000	Pbre1_13G456000	Prupe.1G196500.1	3.2097675	5.7698425	13.6348955	0.4295630393899426	0.5713687131183152	0.6555805962007141	0.32197144376434234	0.2995296845233186	0.2665735074115714	Conservation	Conservation	Conservation	Conservation	classified
TRD	Pbre1_07G437000	Pbre1_13G460400	Prupe.2G293000.1	160.15757366666668	54.367721	287.35491533333334	0.34091016464948937	0.4363610966250648	0.3716516355191077	0.10252657391118541	0.1431376038962188	0.10858130564142865	Conservation	Conservation	Conservation	Conservation	classified
TRD	Pbre1_15G732000	Pbre1_13G462400	Prupe.1G558100.1	97.102367	1.2953121666666667	179.7336	0.4738133396153305	0.36507200189935257	0.6809718205874238	0.3555889381369209	0.2591289347740688	0.35389929197032904	Conservation	Neofunctionalization(Child)	Conservation	discordant	classified
TRD	Pbre1_17G267400	Pbre1_13G467200	Prupe.3G037300.1	14.491487833333334	0.31929599999999997	23.671907166666667	0.45718076073573927	0.4648355759877048	0.30117598375235316	0.13774666349159254	0.2585145582767082	0.1357363120821733	Conservation	Neofunctionalization(Child)	Neofunctionalization(Child)	discordant	classified
TRD	Pbre1_03G346600	Pbre1_13G468000	Prupe.4G204500.1	24.434126666666668	29.209404833333334	77.58373416666666	0.32129028039250207	0.28274458294187854	0.5096486937512206	0.19833709943308395	0.24410075514101687	0.2058830663894566	Conservation	Conservation	Conservation	Conservation	classified
TRD	Pbre1_11G402400	Pbre1_13G469800	Prupe.4G182100.1	53.39874866666667	45.1923635	25.781552333333334	0.37428995132165416	0.19016228398641807	0.5306891753518845	0.2017896696197146	0.1688785620285035	0.17393360761338353	Conservation	Conservation	Conservation	Conservation	classified
TRD	Pbre1_04G022600	Pbre1_13G483000	Prupe.1G163200.1	20.188547	0.027915	32.25483083333333	0.27415380135218126	1.0	0.32025323547741424	0.10549229014416166	0.8602002202535816	0.10519713996431837	Neofunctionalization(Child)	Neofunctionalization(Child)	Neofunctionalization(Child)	Neofunctionalization(Child)	classified
TRD	Pbre1_05G592800	Pbre1_13G488400	Prupe.4G008500.1	120.61735016666667	0.0816465	45.445713166666664	0.5434688507127658	0.7904689452806608	0.38021765184942924	0.1864991185056435	0.5121308061659501	0.1861800365479196	Neofunctionalization(Child)	Neofunctionalization(Child)	Neofunctionalization(Child)	Neofunctionalization(Child)	classified
TRD	Pbre1_07G342800	Pbre1_13G489000	Prupe.2G240700.1	20.636525666666667	0.1853635	47.324983333333336	0.7742930739567866	0.7723696554906183	0.6759694393463432	0.46928808718919407	0.5678269270741938	0.46932779825063997	Specialization	Neofunctionalization(Child)	Neofunctionalization(Child)	discordant	classified
TRD	Pbre1_10G352400	Pbre1_14G020000	Prupe.4G141500.1	NA	NA	NA	NA	NA	NA	NA	NA	NA	NA	NA	NA	NA	missing_expression_record
TRD	Pbre1_12G338800	Pbre1_14G021200	Prupe.6G309100.1	38.23727683333333	27.1816005	37.844258	0.48681662303143297	0.403226386486073	0.38238371991698583	0.21504918609349202	0.2346197222348421	0.21567921346517316	Conservation	Conservation	Conservation	Conservation	classified
TRD	Pbre1_05G537800	Pbre1_14G030800	Prupe.4G040100.1	4.065960166666667	2.4422746666666666	1.5592638333333335	0.8280983475779393	0.8064310612690686	0.836288665004053	0.4809510610638304	0.6410590201752655	0.4322288341583777	Specialization	Specialization	Specialization	Specialization	classified
TRD	Pbre1_12G039400	Pbre1_14G033000	Prupe.7G114300.1	0.0115195	0.004148333333333333	0.5599231666666666	0.8212767123287671	1.0	0.7777102216948462	0.5797078432279514	1.1489290217785257	0.570707467703747	Specialization	Specialization	Specialization	Specialization	classified
TRD	Pbre1_03G193600	Pbre1_14G056200	Prupe.6G108800.1	5.001422	0.0	256.494081	0.6162014077218485	NA	0.5152780173661736	NA	NA	NA	NA	NA	NA	NA	all_zero_expression_profile
TRD	Pbre1_12G086800	Pbre1_14G087000	Prupe.7G085700.1	7.957894333333333	0.0	10.323623	0.39829532231985	NA	0.7754996862082216	NA	NA	NA	NA	NA	NA	NA	all_zero_expression_profile
TRD	Pbre1_14G159000	Pbre1_14G088000	Prupe.7G034500.1	7.092934166666667	1.713585	39.441719	0.3449242996413343	0.5528643505801966	0.2804146712310006	0.10008227547419325	0.22740426724216814	0.09974888663923527	Conservation	Neofunctionalization(Child)	Conservation	discordant	classified
TRD	Pbre1_12G136600	Pbre1_14G090800	Prupe.7G050500.1	7.945123333333333	0.07540083333333333	5.2864285	0.3146126118847529	0.720909668537541	0.891641109494552	0.5255717619679324	0.6307727524682306	0.5257415405906195	Specialization	Specialization	Neofunctionalization(Child)	Specialization	classified
TRD	Pbre1_04G165400	Pbre1_14G092400	Prupe.6G235900.1	158.2097095	0.0	302.24619666666666	0.5565969362195464	NA	0.8709614273542311	NA	NA	NA	NA	NA	NA	NA	all_zero_expression_profile
TRD	Pbre1_12G105000	Pbre1_14G099200	Prupe.7G072800.1	1.3511766666666667	0.5537375	1.0859058333333333	0.4802383976256122	0.7888210003663259	0.6897087030381256	0.3018001200816292	0.4147206043316556	0.290033983541293	Neofunctionalization(Child)	Specialization	Neofunctionalization(Child)	discordant	classified
TRD	Pbre1_07G367200	Pbre1_14G106400	Prupe.2G253000.1	0.011589666666666667	0.5112516666666667	0.0013861666666666666	0.7829805097451275	0.9087519861530655	1.0	0.6444501211692212	1.1656199689641933	1.149715848099813	Specialization	Neofunctionalization(Child)	Neofunctionalization(Child)	discordant	classified
TRD	Pbre1_12G123000	Pbre1_14G107400	Prupe.7G061400.1	0.12356466666666667	0.18929033333333334	0.0	0.8878175720201865	0.7702464265781234	NA	NA	NA	NA	NA	NA	NA	NA	all_zero_expression_profile
TRD	Pbre1_16G354600	Pbre1_14G109200	Prupe.1G033600.1	1.5035208333333334	0.0	2.6787004999999997	0.6561982205673098	NA	0.953183784539168	NA	NA	NA	NA	NA	NA	NA	all_zero_expression_profile
TRD	Pbre1_11G507600	Pbre1_14G110200	Prupe.8G259000.1	38.121114	0.0	53.476629	0.2846304714737677	NA	0.3447880068414343	NA	NA	NA	NA	NA	NA	NA	all_zero_expression_profile
TRD	Pbre1_17G152200	Pbre1_14G113200	Prupe.3G231000.1	14.558648	15.457868666666666	31.197414833333333	0.39314169561926054	0.4399325465954818	0.3178458017020247	0.09855664488253488	0.1745325359073519	0.08568766249754173	Conservation	Conservation	Conservation	Conservation	classified
TRD	Pbre1_17G151400	Pbre1_14G113400	Prupe.3G231200.1	1.135391	1.2845408333333332	1.4563745	0.6477432963640624	0.22967474301109786	0.6234826850116004	0.45025851458801647	0.27867387846605324	0.3573915761481136	Neofunctionalization(Parent)	Specialization	Specialization	discordant	classified
TRD	Pbre1_17G151200	Pbre1_14G113600	Prupe.3G231300.1	NA	NA	NA	NA	NA	NA	NA	NA	NA	NA	NA	NA	NA	missing_expression_record
TRD	Pbre1_12G114600	Pbre1_14G116600	Prupe.7G067700.1	9.325856	14.985503999999999	6.4213965	0.6481497107859816	0.3817001135078738	0.6208277190618157	0.33370194971086864	0.2044133132468042	0.2021629147331386	Conservation	Conservation	Conservation	Conservation	classified
TRD	Pbre1_12G116400	Pbre1_14G118800	Prupe.7G066800.1	11.837433	6.069340166666667	13.321161666666667	0.40858512549470677	0.2162267030826627	0.5675006207125086	0.23220323354926178	0.17248879140237935	0.20423895615067525	Conservation	Conservation	Conservation	Conservation	classified
TRD	Pbre1_12G116400	Pbre1_14G119000	Prupe.7G066800.1	11.837433	19.303372166666666	13.321161666666667	0.40858512549470677	0.21111344201671667	0.5675006207125086	0.23220323354926178	0.1426329862891934	0.17113553022283937	Conservation	Conservation	Conservation	Conservation	classified
TRD	Pbre1_12G124800	Pbre1_14G121000	Prupe.7G059600.1	NA	NA	NA	NA	NA	NA	NA	NA	NA	NA	NA	NA	NA	missing_expression_record
TRD	Pbre1_12G120400	Pbre1_14G123200	Prupe.7G064000.1	0.7932866666666667	13.845768833333333	236.699028	0.6545202418130247	0.48160952902810417	0.42497559102388827	0.3251145826817453	0.2427622695421791	0.24506267672673537	Conservation	Neofunctionalization(Parent)	Neofunctionalization(Parent)	discordant	classified
TRD	Pbre1_12G125800	Pbre1_14G127400	Prupe.7G058600.1	9.734546166666666	0.26086983333333336	6.507546666666666	0.5552416380760976	0.7437597101457725	0.7186219062016637	0.340233867495739	0.2498699400282191	0.3298686479495632	Conservation	Neofunctionalization(Child)	Neofunctionalization(Child)	discordant	classified
TRD	Pbre1_08G408400	Pbre1_14G127600	Prupe.1G583600.1	12.041890333333333	0.08058566666666667	15.362213333333333	0.6905488735063752	0.6082415430557596	0.3741893958832966	0.28968428689313136	0.2802818782071974	0.2870402255663812	Conservation	Neofunctionalization(Child)	Neofunctionalization(Child)	discordant	classified
TRD	Pbre1_15G777000	Pbre1_14G127800	Prupe.1G583600.1	8.916187666666668	0.12116033333333334	15.362213333333333	0.1961475138210705	0.7949948327107517	0.3741893958832966	0.1319877848758469	0.36896616191518394	0.12689528140053638	Conservation	Neofunctionalization(Child)	Neofunctionalization(Child)	discordant	classified
TRD	Pbre1_14G123000	Pbre1_14G129000	Prupe.7G064000.1	15.3566295	23.73161916666667	236.699028	0.5913782851384444	0.6080399264336706	0.42497559102388827	0.3228574054447372	0.3394323207439471	0.3284629437220581	Conservation	Conservation	Conservation	Conservation	classified
TRD	Pbre1_12G129000	Pbre1_14G131400	Prupe.7G058100.1	24.181519166666668	9.894439333333333	28.870994833333334	0.5231913497458605	0.5130410809552962	0.35421256910480425	0.1688051150544418	0.11102455856205497	0.14766157581131528	Conservation	Conservation	Conservation	Conservation	classified
TRD	Pbre1_08G125200	Pbre1_14G134400	Prupe.1G416400.1	3.2542323333333334	5.510867666666667	9.080155666666666	0.9937707126205606	0.49334849851650053	0.9789257705276665	0.09340769065744783	0.9905135872492277	0.6010711176893476	Neofunctionalization(Child)	Specialization	Specialization	discordant	classified
TRD	Pbre1_12G131800	Pbre1_14G135200	Prupe.7G053900.1	5.065702	0.2799081666666667	3.165795	0.7915692438762354	0.6172019988201408	0.5721023635946525	0.43799707858501774	0.3700233979492067	0.4140263031361766	Neofunctionalization(Parent)	Neofunctionalization(Child)	Neofunctionalization(Child)	discordant	classified
TRD	Pbre1_16G169400	Pbre1_14G140200	Prupe.1G251800.1	19.751815666666666	0.0	37.871343833333334	0.5351781481645099	NA	0.4728182252641961	NA	NA	NA	NA	NA	NA	NA	all_zero_expression_profile
TRD	Pbre1_12G136600	Pbre1_14G140600	Prupe.7G050500.1	7.945123333333333	6.897506	5.2864285	0.3146126118847529	0.8466708284654745	0.891641109494552	0.5255717619679324	0.8530494858325526	0.6598087633406579	Specialization	Specialization	Conservation	Specialization	classified
TRD	Pbre1_12G137400	Pbre1_14G141000	Prupe.7G050300.1	16.083285500000002	5.067861166666667	10.4090115	0.32107158360419275	0.42385880214251265	0.5895949779401095	0.12682847404818343	0.23909635255227937	0.13823139408041935	Conservation	Conservation	Conservation	Conservation	classified
TRD	Pbre1_08G249600	Pbre1_14G143600	Prupe.1G481500.1	51.70936866666666	0.1718855	104.3401285	0.3490165317200309	0.5268411605365361	0.4000136027166178	0.18737965585819508	0.3435606335063885	0.18725197540914854	Conservation	Neofunctionalization(Child)	Neofunctionalization(Child)	discordant	classified
TRD	Pbre1_12G145000	Pbre1_14G147000	Prupe.7G046200.1	44.614439833333336	20.7023585	110.13219416666666	0.25124813350246555	0.33647646970064216	0.7450009319555593	0.33916504552183296	0.34581119556484696	0.33941425962099026	Conservation	Conservation	Conservation	Conservation	classified
TRD	Pbre1_03G326200	Pbre1_14G152000	Prupe.4G216600.1	8.897912833333333	0.0	32.38748433333333	0.6486768445104352	NA	0.642029849443458	NA	NA	NA	NA	NA	NA	NA	all_zero_expression_profile
TRD	Pbre1_14G148400	Pbre1_14G152200	Prupe.7G045000.1	0.0	4.7654845	426.110156	NA	0.9487153996444846	0.5650521042101637	NA	NA	NA	NA	NA	NA	NA	all_zero_expression_profile
TRD	Pbre1_05G164000	Pbre1_14G153400	Prupe.8G132000.1	34.180391666666665	0.0	61.101393	0.30957272810734027	NA	0.5339062081742016	NA	NA	NA	NA	NA	NA	NA	all_zero_expression_profile
TRD	Pbre1_15G650000	Pbre1_14G154000	Prupe.1G511000.1	164.18630966666666	0.028253166666666666	114.70979966666667	0.5719730099663067	1.0	0.6622743578818534	0.264537000698611	0.7237932464142658	0.26450128992256694	Neofunctionalization(Child)	Neofunctionalization(Child)	Neofunctionalization(Child)	Neofunctionalization(Child)	classified
TRD	Pbre1_08G382600	Pbre1_14G158200	Prupe.1G564500.1	2.7109906666666665	0.0317165	12.709991333333333	0.6530182376641587	0.8570756672012687	0.2773597031675645	0.22208560904210892	0.6117098490261568	0.21719410975274459	Neofunctionalization(Child)	Neofunctionalization(Child)	Neofunctionalization(Child)	Neofunctionalization(Child)	classified
TRD	Pbre1_12G404800	Pbre1_14G165000	Prupe.6G346700.1	18.831687	0.14477183333333332	19.612155833333333	0.3259634523315648	0.8210698744724244	0.517515826530387	0.2526808680973304	0.5240606800549494	0.25197823549005205	Neofunctionalization(Child)	Neofunctionalization(Child)	Neofunctionalization(Child)	Neofunctionalization(Child)	classified
TRD	Pbre1_12G171200	Pbre1_14G172600	Prupe.7G119700.1	8.1555535	4.393103166666666	7.0756508333333334	0.6593652862156066	0.2950120914573214	0.6555391804842152	0.4454935913081019	0.22456213127951483	0.36031712402310573	Neofunctionalization(Parent)	Conservation	Conservation	discordant	classified
TRD	Pbre1_15G043200	Pbre1_14G187600	Prupe.1G376200.1	81.07473583333334	0.5857543333333334	93.87698066666667	0.7156095806672895	0.7023274815294697	0.909821788409382	0.3773118718474413	0.8291884592582234	0.38014945198594785	Neofunctionalization(Child)	Neofunctionalization(Child)	Neofunctionalization(Child)	Neofunctionalization(Child)	classified
TRD	Pbre1_13G181000	Pbre1_14G189600	Prupe.1G241300.1	7.3672775	0.0	26.020294333333332	0.8282097838240172	NA	0.49989060578127675	NA	NA	NA	NA	NA	NA	NA	all_zero_expression_profile
TRD	Pbre1_06G148200	Pbre1_14G190000	Prupe.5G098200.1	0.18536383333333334	0.05231416666666667	3.0751838333333334	0.8020876229184146	0.9432528046002396	0.9377513687636349	0.6920474680138143	1.0565923878225734	0.6803103254068634	Specialization	Specialization	Specialization	Specialization	classified
TRD	Pbre1_06G148200	Pbre1_14G190200	Prupe.5G098200.1	0.18536383333333334	0.045757	3.0751838333333334	0.8020876229184146	0.8223709276975029	0.9377513687636349	0.6920474680138143	0.4962163100162628	0.5980105745312989	Specialization	Specialization	Specialization	Specialization	classified
TRD	Pbre1_06G152000	Pbre1_14G193800	Prupe.5G100100.1	2.5310213333333333	0.014654666666666668	4.172166166666667	0.47529188988500026	1.0	0.8575386915795795	0.40336084723768434	0.9938429110461959	0.40338933646099945	Specialization	Specialization	Specialization	Specialization	classified
TRD	Pbre1_15G180200	Pbre1_14G194800	Prupe.1G454100.1	4.162638833333333	0.0	11.079139999999999	0.9268205477035261	NA	0.9790815753424204	NA	NA	NA	NA	NA	NA	NA	all_zero_expression_profile
TRD	Pbre1_16G162800	Pbre1_14G195400	Prupe.1G255500.1	NA	NA	NA	NA	NA	NA	NA	NA	NA	NA	NA	NA	NA	missing_expression_record
TRD	Pbre1_10G309600	Pbre1_14G197600	Prupe.8G214700.1	44.727190666666665	0.0	93.00793583333333	0.33690041497345735	NA	0.2975327040271504	NA	NA	NA	NA	NA	NA	NA	all_zero_expression_profile
TRD	Pbre1_13G225600	Pbre1_14G203600	Prupe.1G213500.1	10.659881333333333	12.706496	71.83186266666667	0.6646877860956963	0.3737864405414915	0.28605249380878	0.2742779109879482	0.1585015827904635	0.12173320551123006	Conservation	Conservation	Conservation	Conservation	classified
TRD	Pbre1_10G530600	Pbre1_14G206000	Prupe.4G034600.1	21.338372333333332	0.011070666666666666	6.919182166666666	0.6202767076748944	1.0	0.8512776594302849	0.3947326300093272	1.171760171745978	0.39496704832591467	Specialization	Specialization	Specialization	Specialization	classified
TRD	Pbre1_04G411200	Pbre1_14G210400	Prupe.6G363300.1	29.309010833333332	0.23144433333333334	102.9078205	0.26485076777779426	0.7047120736298286	0.409012479474031	0.1689219676581234	0.2688009198977195	0.1686238761385949	Conservation	Neofunctionalization(Child)	Neofunctionalization(Child)	discordant	classified
TRD	Pbre1_06G175000	Pbre1_14G217000	Prupe.5G110900.1	13.470362166666666	2.751121	15.430184333333333	0.4695543018271948	0.5919704286519398	0.6928708562147199	0.37977889443139196	0.36028378387727067	0.3616334879338813	Conservation	Neofunctionalization(Child)	Conservation	discordant	classified
TRD	Pbre1_06G175000	Pbre1_14G217200	Prupe.5G110900.1	13.470362166666666	1.8804396666666667	15.430184333333333	0.4695543018271948	0.3906659985961912	0.6928708562147199	0.37977889443139196	0.3222258269552344	0.3699880570422548	Conservation	Neofunctionalization(Child)	Neofunctionalization(Child)	discordant	classified
TRD	Pbre1_15G539000	Pbre1_14G217600	Prupe.6G213300.1	23.109962	0.149271	77.58064683333333	0.4334864907161661	0.5186461566551032	0.3923367769318121	0.1749099222834587	0.34679547631154956	0.17507101094406805	Conservation	Neofunctionalization(Child)	Neofunctionalization(Child)	discordant	classified
TRD	Pbre1_06G178200	Pbre1_14G221400	Prupe.5G113200.1	12.708605499999999	6.345167	22.365558166666666	0.19737511193820595	0.3639353561378036	0.365518270863186	0.11243586873196758	0.0411691150550952	0.07617128319213491	Conservation	Conservation	Conservation	Conservation	classified
TRD	Pbre1_12G226000	Pbre1_14G232000	Prupe.6G247200.1	NA	NA	NA	NA	NA	NA	NA	NA	NA	NA	NA	NA	NA	missing_expression_record
TRD	Pbre1_05G367800	Pbre1_14G245600	Prupe.4G143900.1	11.6868385	0.0	32.094323333333335	0.7466585632753062	NA	0.3273000458905647	NA	NA	NA	NA	NA	NA	NA	all_zero_expression_profile
TRD	Pbre1_06G209200	Pbre1_14G249400	Prupe.5G129300.1	37.52060683333333	38.1681035	38.41084566666667	0.3275536779109868	0.40102589646229686	0.18686964757788554	0.13929388434056136	0.19518285370843583	0.16452785022805472	Conservation	Conservation	Conservation	Conservation	classified
TRD	Pbre1_10G473600	Pbre1_14G251000	Prupe.4G065400.1	0.4642135	0.0	1.3306646666666666	0.5965329603842733	NA	0.4619060583607245	NA	NA	NA	NA	NA	NA	NA	all_zero_expression_profile
TRD	Pbre1_13G323000	Pbre1_14G252800	Prupe.1G013700.1	202.023812	0.0	280.19209516666666	0.3956072031215442	NA	0.6736030300905662	NA	NA	NA	NA	NA	NA	NA	all_zero_expression_profile
TRD	Pbre1_06G038800	Pbre1_14G254000	Prupe.5G024600.1	137.851604	0.5687901666666667	379.74128516666667	0.9413028696021402	0.7652326621296937	0.8076859674511212	0.4446994474531395	0.6444984609361736	0.4414713258728273	Specialization	Specialization	Neofunctionalization(Child)	Specialization	classified
TRD	Pbre1_13G079400	Pbre1_14G255800	Prupe.1G305500.1	40.58313483333333	1.4219213333333334	28.9998145	0.7843084267649527	0.7073056147571635	0.823778108617317	0.31426887779648216	0.6215113477957489	0.31302927015769166	Neofunctionalization(Child)	Specialization	Neofunctionalization(Child)	discordant	classified
TRD	Pbre1_06G223600	Pbre1_14G264000	Prupe.5G137300.1	17.329641666666667	6.453948333333334	7.6896510000000005	0.35118878680712096	0.43799428983092836	0.6899762801676168	0.22860191848579045	0.18714106034368966	0.20125156548583087	Conservation	Conservation	Conservation	Conservation	classified
TRD	Pbre1_15G131400	Pbre1_14G274000	Prupe.1G424500.1	19.018816333333334	0.0	20.125246666666666	0.8178265472587203	NA	0.5810505158592394	NA	NA	NA	NA	NA	NA	NA	all_zero_expression_profile
TRD	Pbre1_08G170800	Pbre1_14G282600	Prupe.1G439400.1	72.989097	0.019646166666666666	241.66932366666666	0.3246298757541313	0.8246792116407171	0.40452970150165335	0.16708639507430345	0.628617110645291	0.16713122479595693	Neofunctionalization(Child)	Neofunctionalization(Child)	Neofunctionalization(Child)	Neofunctionalization(Child)	classified
TRD	Pbre1_16G223000	Pbre1_14G291600	Prupe.1G218700.1	NA	NA	NA	NA	NA	NA	NA	NA	NA	NA	NA	NA	NA	missing_expression_record
TRD	Pbre1_06G257800	Pbre1_14G297800	Prupe.5G154600.1	1.9104806666666667	0.059186666666666665	0.028052	0.9717273393579365	1.0	0.784896539817989	0.49587621378679453	1.112744281530032	0.4732894808127191	Specialization	Neofunctionalization(Parent)	Neofunctionalization(Parent)	discordant	classified
TRD	Pbre1_06G270800	Pbre1_14G308000	Prupe.5G161700.1	155.91810333333333	0.36913466666666667	121.44777916666666	0.9674445451489087	0.9888464055730314	0.8697720549617658	0.31505815282740446	0.41245645562597744	0.31528328466119987	Neofunctionalization(Child)	Neofunctionalization(Child)	Neofunctionalization(Child)	Neofunctionalization(Child)	classified
TRD	Pbre1_06G270800	Pbre1_14G308200	Prupe.5G161700.1	155.91810333333333	0.37361016666666663	121.44777916666666	0.9674445451489087	0.9635021949513481	0.8697720549617658	0.31505815282740446	0.33638190707072496	0.31507449215879413	Conservation	Neofunctionalization(Child)	Neofunctionalization(Child)	discordant	classified
TRD	Pbre1_06G273600	Pbre1_14G310600	Prupe.5G163400.1	9.382474666666667	3.345989	23.511064	0.4197913395288217	0.21121576386123575	0.477164232398758	0.09550419981840674	0.25866615011068667	0.12421752358888083	Conservation	Conservation	Conservation	Conservation	classified
TRD	Pbre1_02G386400	Pbre1_14G311600	Prupe.2G096600.1	1.9990329999999998	19.034220333333334	12.670369333333333	0.6238429673758988	0.5047306098205512	0.5619937709344935	0.3361963368537433	0.2219798793059232	0.22698372440001566	Conservation	Neofunctionalization(Parent)	Conservation	discordant	classified
TRD	Pbre1_12G356200	Pbre1_14G314800	Prupe.6G320600.1	NA	NA	NA	NA	NA	NA	NA	NA	NA	NA	NA	NA	NA	missing_expression_record
TRD	Pbre1_10G349600	Pbre1_14G320600	Prupe.4G144100.1	2.3244341666666664	0.0	12.302313	0.44857443577505524	NA	0.46867559114306756	NA	NA	NA	NA	NA	NA	NA	all_zero_expression_profile
TRD	Pbre1_14G064000	Pbre1_14G320800	Prupe.7G097600.1	17.696341166666667	0.0	52.26197416666667	0.6469332253084843	NA	0.6700690348601417	NA	NA	NA	NA	NA	NA	NA	all_zero_expression_profile
TRD	Pbre1_08G099600	Pbre1_14G321600	Prupe.1G391300.1	20.033235833333332	0.0	88.898939	0.9985804342410807	NA	0.700111486122045	NA	NA	NA	NA	NA	NA	NA	all_zero_expression_profile
TRD	Pbre1_05G592800	Pbre1_14G332000	Prupe.4G008500.1	120.61735016666667	0.019489	45.445713166666664	0.5434688507127658	1.0	0.38021765184942924	0.1864991185056435	0.8922238828378217	0.18641462395105166	Neofunctionalization(Child)	Neofunctionalization(Child)	Neofunctionalization(Child)	Neofunctionalization(Child)	classified
TRD	Pbre1_14G342400	Pbre1_14G346000	Prupe.5G178300.1	75.469488	2.9154863333333334	32.937881833333336	0.7733215898134865	0.6441318423892053	0.37105410704634634	0.37947903868142746	0.28675977575475725	0.37528339341186295	Conservation	Conservation	Conservation	Conservation	classified
TRD	Pbre1_14G342200	Pbre1_14G346200	Prupe.5G178100.1	16.0213985	0.17996766666666666	56.2820695	0.709803664999225	0.7884517096614978	0.7225156636972752	0.24795741461794132	0.5767385883650845	0.25056179393738937	Neofunctionalization(Child)	Specialization	Specialization	discordant	classified
TRD	Pbre1_04G164000	Pbre1_14G347600	Prupe.6G235000.1	22.54606233333333	0.147042	32.488736833333334	0.3158383523825668	0.5936662405673994	0.345607557831959	0.16143772143660115	0.27863669734409335	0.1611774471387775	Conservation	Neofunctionalization(Child)	Neofunctionalization(Child)	discordant	classified
TRD	Pbre1_06G327600	Pbre1_14G364200	Prupe.5G192400.1	0.0	0.26038466666666665	0.339431	NA	0.6437928554644946	0.4648792056049465	NA	NA	NA	NA	NA	NA	NA	all_zero_expression_profile
TRD	Pbre1_14G385800	Pbre1_14G366200	Prupe.5G205300.1	104.54885266666666	0.0	234.0328655	0.4109167699260011	NA	0.6363204165241575	NA	NA	NA	NA	NA	NA	NA	all_zero_expression_profile
TRD	Pbre1_06G330600	Pbre1_14G368400	Prupe.5G194000.1	2.9407635	0.0540965	1.3120201666666667	0.6188351295415803	0.8653772996489636	0.5548012962786901	0.3541428670285097	0.6828159391985229	0.3498975599580385	Neofunctionalization(Child)	Specialization	Neofunctionalization(Child)	discordant	classified
TRD	Pbre1_10G472600	Pbre1_14G370800	Prupe.4G066000.1	6.566431833333334	0.020740666666666668	37.90339	0.5793221498623551	1.0	0.7744135376040503	0.4139037693514928	1.1283494911771437	0.41432384706737896	Specialization	Neofunctionalization(Child)	Neofunctionalization(Child)	discordant	classified
TRD	Pbre1_06G341600	Pbre1_14G381200	Prupe.5G201700.1	12.0185615	3.510237666666667	20.773129833333332	0.21884214550154604	0.4908443633351628	0.4564572627414595	0.09805345327570145	0.1680417128718726	0.09432892897744485	Conservation	Conservation	Conservation	Conservation	classified
TRD	Pbre1_06G345600	Pbre1_14G384400	Prupe.5G204600.1	31.372397333333332	14.325329833333333	36.67090783333333	0.3684766929971095	0.1832203397148836	0.37731079570196113	0.19545907727670045	0.1087607014554338	0.15805501405506073	Conservation	Conservation	Conservation	Conservation	classified
TRD	Pbre1_06G345600	Pbre1_14G384600	Prupe.5G204600.1	31.372397333333332	25.238836166666665	36.67090783333333	0.3684766929971095	0.38628458214909556	0.37731079570196113	0.19545907727670045	0.17229928714386017	0.11262636293349126	Conservation	Conservation	Conservation	Conservation	classified
TRD	Pbre1_06G363200	Pbre1_14G399400	Prupe.5G214300.1	11.015127666666666	4.301977833333333	19.214792666666668	0.4676735991802117	0.2888728750141195	0.39002143982777604	0.11634585342992218	0.08396825473005971	0.07913267302757729	Conservation	Conservation	Conservation	Conservation	classified
TRD	Pbre1_06G363800	Pbre1_14G400600	Prupe.5G214700.1	10.902394333333334	5.143421	39.13028766666667	0.6425538482095592	0.4662584873080456	0.5593265452135772	0.2652202205566792	0.2447320972495823	0.2541626415954867	Conservation	Conservation	Conservation	Conservation	classified
TRD	Pbre1_06G366400	Pbre1_14G403400	Prupe.5G217000.1	16.027918	9.878187	27.182612	0.2712351005160299	0.6047421770820335	0.550094116320819	0.13203485310174104	0.15215680614577395	0.10963238174713608	Conservation	Conservation	Conservation	Conservation	classified
TRD	Pbre1_06G366800	Pbre1_14G404200	Prupe.5G217300.1	4.0727065	4.6707833333333335	6.929472333333333	0.5673009432524779	0.4762436475334687	0.4587498822208639	0.23907994923143558	0.2624320313063573	0.1324643472003723	Conservation	Conservation	Conservation	Conservation	classified
TRD	Pbre1_06G366800	Pbre1_14G404400	Prupe.5G217300.1	4.0727065	8.771455	6.929472333333333	0.5673009432524779	0.47440704472217315	0.4587498822208639	0.23907994923143558	0.2929763351435675	0.18219151177860676	Conservation	Conservation	Conservation	Conservation	classified
TRD	Pbre1_06G369000	Pbre1_14G411800	Prupe.5G218400.1	5.710195499999999	0.0	19.446808333333333	0.9450890076523134	NA	0.9172279266505541	NA	NA	NA	NA	NA	NA	NA	all_zero_expression_profile
TRD	Pbre1_14G406600	Pbre1_14G412200	Prupe.5G218500.1	7.305248499999999	0.0	7.190501666666667	0.5738729185250387	NA	0.9678849418033888	NA	NA	NA	NA	NA	NA	NA	all_zero_expression_profile
TRD	Pbre1_08G111200	Pbre1_14G429800	Prupe.1G408400.1	NA	NA	NA	NA	NA	NA	NA	NA	NA	NA	NA	NA	NA	missing_expression_record
TRD	Pbre1_06G401000	Pbre1_14G438800	Prupe.5G236500.1	0.6057353333333333	0.0	5.457262833333334	0.7165886787634373	NA	0.8385679493913532	NA	NA	NA	NA	NA	NA	NA	all_zero_expression_profile
TRD	Pbre1_02G386400	Pbre1_14G439800	Prupe.2G096600.1	1.9990329999999998	0.0720085	12.670369333333333	0.6238429673758988	0.7199086600698938	0.5619937709344935	0.3361963368537433	0.37653377066006766	0.3302380338276156	Conservation	Specialization	Neofunctionalization(Child)	discordant	classified
TRD	Pbre1_06G303800	Pbre1_14G443200	Prupe.5G178900.1	38.29621933333333	0.0	26.529275166666665	0.452065044605151	NA	0.5300153878010181	NA	NA	NA	NA	NA	NA	NA	all_zero_expression_profile
TRD	Pbre1_06G415400	Pbre1_14G452000	Prupe.5G243700.1	70.58567166666667	84.14800583333333	185.41422066666667	0.2188062432298281	0.2095854062354599	0.34590252250749287	0.12961081592136353	0.107786247446934	0.11711839543527286	Conservation	Conservation	Conservation	Conservation	classified
TRD	Pbre1_08G005000	Pbre1_15G002600	Prupe.1G354700.1	35.343111	0.038600666666666665	61.569820666666665	0.5833500858680084	1.0	0.5777844064691544	0.11575105715426118	0.9983682911433586	0.11568311623929979	Neofunctionalization(Child)	Neofunctionalization(Child)	Neofunctionalization(Child)	Neofunctionalization(Child)	classified
TRD	Pbre1_09G204800	Pbre1_15G005000	Prupe.3G202300.1	23.102881166666666	0.0	23.536286833333335	0.5737322902080707	NA	0.70138738322008	NA	NA	NA	NA	NA	NA	NA	all_zero_expression_profile
TRD	Pbre1_08G017600	Pbre1_15G014200	Prupe.1G361300.1	14.831294333333334	0.0	8.585764000000001	0.6079153045460325	NA	0.948117243703192	NA	NA	NA	NA	NA	NA	NA	all_zero_expression_profile
TRD	Pbre1_08G018000	Pbre1_15G014600	Prupe.1G361500.1	5.594424833333333	2.463683833333333	5.9153771666666675	0.415545504323824	0.8411993354151168	0.516224896611859	0.2696332860754254	0.5252727099777595	0.30001654199001887	Neofunctionalization(Child)	Neofunctionalization(Child)	Conservation	Neofunctionalization(Child)	classified
TRD	Pbre1_06G363800	Pbre1_15G027600	Prupe.5G214700.1	10.902394333333334	0.0626	39.13028766666667	0.6425538482095592	0.7952804267011475	0.5593265452135772	0.2652202205566792	0.5538042500188161	0.2636152046847725	Neofunctionalization(Child)	Neofunctionalization(Child)	Neofunctionalization(Child)	Neofunctionalization(Child)	classified
TRD	Pbre1_11G148000	Pbre1_15G032800	Prupe.6G075400.1	NA	NA	NA	NA	NA	NA	NA	NA	NA	NA	NA	NA	NA	missing_expression_record
TRD	Pbre1_05G075800	Pbre1_15G035000	Prupe.8G060400.1	20.103575166666666	0.0	14.2975385	0.5311104140591336	NA	0.5471676371356167	NA	NA	NA	NA	NA	NA	NA	all_zero_expression_profile
TRD	Pbre1_12G408600	Pbre1_15G045800	Prupe.6G348600.1	43.90170283333333	3.0859880000000004	44.886369	0.86987773066261	0.9876376436793309	0.8044194042558142	0.16554614072441265	0.9987126110146606	0.13683276174879047	Neofunctionalization(Child)	Neofunctionalization(Child)	Neofunctionalization(Child)	Neofunctionalization(Child)	classified
TRD	Pbre1_08G058000	Pbre1_15G053000	Prupe.1G381900.1	8.3265215	1.3706895	9.7018135	0.9995632641683481	0.579937730922037	0.6416861628359382	0.9755319989108322	0.38105494270868023	0.8594899208114116	Neofunctionalization(Parent)	Specialization	Neofunctionalization(Parent)	discordant	classified
TRD	Pbre1_15G744600	Pbre1_15G057200	Prupe.1G566100.1	4.252763	0.12267533333333333	17.662681	0.22983365042864898	0.9809333188489692	0.3868746532647693	0.1319626241022934	0.8481831686833357	0.14303254799829349	Neofunctionalization(Child)	Neofunctionalization(Child)	Neofunctionalization(Child)	Neofunctionalization(Child)	classified
TRD	Pbre1_11G198400	Pbre1_15G057400	Prupe.6G098200.1	96.71644133333334	0.0	90.95427983333333	0.46248696266647055	NA	0.5863779837428289	NA	NA	NA	NA	NA	NA	NA	all_zero_expression_profile
TRD	Pbre1_15G099000	Pbre1_15G057600	Prupe.1G407400.1	17.25560683333333	0.0	19.8419565	0.3689328684240955	NA	0.7277078078597436	NA	NA	NA	NA	NA	NA	NA	all_zero_expression_profile
TRD	Pbre1_16G051800	Pbre1_15G059800	Prupe.1G323900.1	60.96898733333333	16.726482999999998	36.4148155	0.6790978725809829	0.5231549996454212	0.5348606146306899	0.2960301058441635	0.33047326959685375	0.2832258549170362	Conservation	Conservation	Conservation	Conservation	classified
TRD	Pbre1_01G302000	Pbre1_15G060000	Prupe.2G261900.1	16.269586166666667	0.16000466666666668	20.680641166666668	0.2956401371452796	0.8430585273991065	0.2662137477174852	0.07133379251990825	0.6074183844023869	0.0699902293606014	Neofunctionalization(Child)	Neofunctionalization(Child)	Neofunctionalization(Child)	Neofunctionalization(Child)	classified
TRD	Pbre1_02G018600	Pbre1_15G064400	Prupe.7G262800.1	8.916033	10.093267666666666	31.531265833333332	0.500645883086873	0.7885691314849146	0.4144255745657839	0.17752990666012883	0.3432079474193458	0.1647084467772057	Conservation	Conservation	Conservation	Conservation	classified
TRD	Pbre1_15G065200	Pbre1_15G075800	Prupe.1G387900.1	4.315858333333333	16.924058	112.10687783333333	0.32525324692324514	0.5455539403132597	0.6198281623680765	0.17225398244070267	0.27035745586016013	0.2457814335468176	Conservation	Conservation	Conservation	Conservation	classified
TRD	Pbre1_06G348800	Pbre1_15G082400	Prupe.5G205400.1	13.758015	0.0	26.348588166666666	0.32132882850038813	NA	0.6257786219837234	NA	NA	NA	NA	NA	NA	NA	all_zero_expression_profile
TRD	Pbre1_08G120400	Pbre1_15G092400	Prupe.1G404000.1	9.226934166666666	5.374312333333333	23.263642	0.6901295356698434	0.9168910164434495	0.8927226221811477	0.6940465452541295	0.7948455024811767	0.7086084446451593	Specialization	Specialization	Specialization	Specialization	classified
TRD	Pbre1_08G117400	Pbre1_15G096800	Prupe.1G406200.1	0.010535999999999998	0.0	2.2052005	1.0	NA	0.9126367104825072	NA	NA	NA	NA	NA	NA	NA	all_zero_expression_profile
TRD	Pbre1_04G411200	Pbre1_15G099200	Prupe.6G363300.1	29.309010833333332	0.0	102.9078205	0.26485076777779426	NA	0.409012479474031	NA	NA	NA	NA	NA	NA	NA	all_zero_expression_profile
TRD	Pbre1_15G086200	Pbre1_15G100200	Prupe.1G401200.1	35.91910083333333	0.047245499999999996	53.56633766666666	0.5525763686561853	1.0	0.4635700797454934	0.1447430842514413	1.0247734159009	0.1453291826440052	Neofunctionalization(Child)	Neofunctionalization(Child)	Neofunctionalization(Child)	Neofunctionalization(Child)	classified
TRD	Pbre1_08G109800	Pbre1_15G102600	Prupe.1G409000.1	0.025617333333333336	0.34674266666666664	31.77306533333333	0.8546753538530666	1.0	0.3096682234527436	0.5034422353191944	0.8594938324404383	0.8138585024674696	Specialization	Specialization	Specialization	Specialization	classified
TRD	Pbre1_08G106000	Pbre1_15G107400	Prupe.1G411100.1	22.878826	0.43867033333333333	16.142660166666666	0.8436141004587302	0.7565406755116293	0.5845217802970126	0.5378761345910873	0.34490043849598834	0.5275326178244777	Neofunctionalization(Parent)	Neofunctionalization(Child)	Neofunctionalization(Child)	discordant	classified
TRD	Pbre1_15G062400	Pbre1_15G110000	Prupe.1G386100.1	9.055649833333334	0.028411166666666668	13.946142	0.5512864065571128	1.0	0.42381763629108155	0.2206981087620295	0.9088396146481074	0.22211819942673994	Neofunctionalization(Child)	Neofunctionalization(Child)	Neofunctionalization(Child)	Neofunctionalization(Child)	classified
TRD	Pbre1_14G420400	Pbre1_15G122400	Prupe.5G224200.1	0.6347295	0.020821333333333334	8.843041166666666	0.9477343046720839	0.8052453629095965	0.9552332522876137	0.9538554207051042	0.7240877518715443	0.9456461141109432	Specialization	Specialization	Specialization	Specialization	classified
TRD	Pbre1_08G216600	Pbre1_15G192400	Prupe.1G460800.1	38.851393	9.074525666666666	60.10671433333333	0.1798353458142277	0.5512805789048174	0.4003024452689127	0.1375105488896891	0.2868251269690711	0.1471585793876931	Conservation	Conservation	Conservation	Conservation	classified
TRD	Pbre1_06G074800	Pbre1_15G202000	Prupe.5G050400.1	21.227912333333332	23.65527	102.201498	0.6733445574598603	0.6735000849668351	0.750382955264735	0.44590069782881997	0.3140656717767277	0.30664340077541885	Neofunctionalization(Parent)	Conservation	Conservation	discordant	classified
TRD	Pbre1_13G093400	Pbre1_15G205600	Prupe.1G298100.1	0.028720333333333334	0.03443916666666667	0.119908	1.0	0.6696635269358108	0.957462323034991	0.21946464422963344	0.5554252617076854	0.2050571047410701	Neofunctionalization(Child)	Conservation	Specialization	discordant	classified
TRD	Pbre1_15G220400	Pbre1_15G214200	Prupe.1G481100.1	3.7460635	0.35455966666666666	9.201120333333334	0.5934156923906481	0.7742904283494474	0.3226406635461694	0.29800896300378543	0.43819114303092754	0.2940693662430176	Neofunctionalization(Child)	Specialization	Neofunctionalization(Child)	discordant	classified
TRD	Pbre1_08G242600	Pbre1_15G215000	Prupe.1G474900.1	0.35815199999999997	0.20887466666666665	0.5601401666666667	0.9416028613634765	0.8678193061368378	0.8811406804424964	0.8996700927392379	0.8212602191711252	0.8634833069038541	Specialization	Specialization	Specialization	Specialization	classified
TRD	Pbre1_09G034800	Pbre1_15G229000	Prupe.3G296400.1	20.282010333333332	8.030782333333333	14.344134333333333	0.45131872474958457	0.21548782239479589	0.4629067847971152	0.21744389494532693	0.17830041181377865	0.19405582087134696	Conservation	Conservation	Conservation	Conservation	classified
TRD	Pbre1_15G089600	Pbre1_15G233400	Prupe.1G402400.1	151.3635425	0.14628583333333334	160.74333933333332	0.5394445033285844	0.6452513454494891	0.5046024878943545	0.20392476696252052	0.39043190903192815	0.20391907470328355	Conservation	Neofunctionalization(Child)	Neofunctionalization(Child)	discordant	classified
TRD	Pbre1_10G014400	Pbre1_15G237800	Prupe.8G014100.1	NA	NA	NA	NA	NA	NA	NA	NA	NA	NA	NA	NA	NA	missing_expression_record
TRD	Pbre1_08G415200	Pbre1_15G250200	Prupe.1G587800.1	20.579745	44.48481966666667	21.556786	0.7984949943999796	0.966475924380379	0.9175693163798124	0.3006497713213718	1.0273738806649084	0.7568459168523208	Neofunctionalization(Child)	Neofunctionalization(Child)	Neofunctionalization(Child)	Neofunctionalization(Child)	classified
TRD	Pbre1_02G335800	Pbre1_15G257800	Prupe.2G136200.1	5.469836833333334	0.43217316666666666	18.387515	0.5128264394250058	0.6667962814072419	0.3411136809560477	0.1754162745326881	0.23174639743246594	0.1758112546561007	Conservation	Neofunctionalization(Child)	Neofunctionalization(Child)	discordant	classified
TRD	Pbre1_02G013800	Pbre1_15G265000	Prupe.7G265700.1	3.3447348333333333	0.060173500000000005	10.721791333333334	0.5310493541047808	0.8982183530945823	0.6667903431242572	0.2597126688452778	0.6850598956224982	0.26174048482146534	Neofunctionalization(Child)	Neofunctionalization(Child)	Neofunctionalization(Child)	Neofunctionalization(Child)	classified
TRD	Pbre1_02G014800	Pbre1_15G266400	Prupe.7G265300.1	76.91607	2.453665	69.08885183333334	0.6548939589551102	0.4970951801188857	0.5141808964556093	0.14505498417073912	0.34283916825180455	0.14000156441501072	Conservation	Neofunctionalization(Child)	Conservation	discordant	classified
TRD	Pbre1_12G356200	Pbre1_15G273400	Prupe.6G320600.1	NA	NA	NA	NA	NA	NA	NA	NA	NA	NA	NA	NA	NA	missing_expression_record
TRD	Pbre1_02G039000	Pbre1_15G289600	Prupe.7G257300.1	0.0882865	0.04686866666666666	0.21253866666666668	0.978867283383706	0.8245450540060615	0.9270426870380637	0.2153977127030905	0.7368300017143438	0.2099911704931599	Neofunctionalization(Child)	Conservation	Specialization	discordant	classified
TRD	Pbre1_02G047000	Pbre1_15G292600	Prupe.7G249100.1	38.791713666666666	0.0	10.019267833333334	0.4639821109448146	NA	0.4164797480665368	NA	NA	NA	NA	NA	NA	NA	all_zero_expression_profile
TRD	Pbre1_04G164000	Pbre1_15G295800	Prupe.6G235000.1	22.54606233333333	0.0	32.488736833333334	0.3158383523825668	NA	0.345607557831959	NA	NA	NA	NA	NA	NA	NA	all_zero_expression_profile
TRD	Pbre1_06G159000	Pbre1_15G305000	Prupe.5G104000.1	30.020159666666668	1.0237391666666666	41.59400266666667	0.241878225721321	0.5830273213560184	0.48271346429005374	0.17059774782135925	0.160789203052239	0.1670392310684432	Conservation	Neofunctionalization(Child)	Neofunctionalization(Child)	discordant	classified
TRD	Pbre1_02G063200	Pbre1_15G313400	Prupe.7G240900.1	NA	NA	NA	NA	NA	NA	NA	NA	NA	NA	NA	NA	NA	missing_expression_record
TRD	Pbre1_04G165400	Pbre1_15G320000	Prupe.6G235900.1	158.2097095	2.6599233333333334	302.24619666666666	0.5565969362195464	0.8088035465578868	0.8709614273542311	0.35619325366954124	0.6800814620671134	0.36030040463438096	Neofunctionalization(Child)	Neofunctionalization(Child)	Neofunctionalization(Child)	Neofunctionalization(Child)	classified
TRD	Pbre1_11G384600	Pbre1_15G320200	Prupe.4G192200.1	33.318092166666666	0.019084666666666666	36.075340833333335	0.3504292422408058	0.8149049941146795	0.4713889707846232	0.1478439012863331	0.5840861159483206	0.1479305218494656	Neofunctionalization(Child)	Neofunctionalization(Child)	Neofunctionalization(Child)	Neofunctionalization(Child)	classified
TRD	Pbre1_02G072800	Pbre1_15G323800	Prupe.7G236200.1	0.7392375	0.38294933333333336	1.7226586666666666	0.8599750391163724	0.673107016079471	0.8129378085609822	0.12909476716683793	0.23664455185690794	0.11238559285049605	Conservation	Specialization	Specialization	discordant	classified
TRD	Pbre1_02G072800	Pbre1_15G324000	Prupe.7G236200.1	0.7392375	0.818755	1.7226586666666666	0.8599750391163724	0.5978133864194111	0.8129378085609822	0.12909476716683793	0.2944453884689766	0.15221438989320119	Conservation	Specialization	Specialization	discordant	classified
TRD	Pbre1_15G268800	Pbre1_15G326200	Prupe.7G264100.1	98.7878435	0.0	169.502665	0.23749520464476098	NA	0.4847806769596361	NA	NA	NA	NA	NA	NA	NA	all_zero_expression_profile
TRD	Pbre1_02G016800	Pbre1_15G326400	Prupe.7G264100.1	59.50361866666666	0.0047894999999999995	169.502665	0.424235394126272	1.0	0.4847806769596361	0.14015106355105222	0.7963626956074795	0.14012393357360245	Neofunctionalization(Child)	Neofunctionalization(Child)	Neofunctionalization(Child)	Neofunctionalization(Child)	classified
TRD	Pbre1_03G472400	Pbre1_15G337200	Prupe.8G261000.1	7.364400166666667	0.011182666666666667	63.02130983333333	0.40749657387876026	0.9018750555407447	0.3531909131963815	0.20158777865731037	0.7041408383666102	0.20188598206456845	Neofunctionalization(Child)	Neofunctionalization(Child)	Neofunctionalization(Child)	Neofunctionalization(Child)	classified
TRD	Pbre1_02G088600	Pbre1_15G337800	Prupe.7G228800.1	0.021811166666666666	0.5736135	2.4457306666666665	0.9698920382613588	0.4080033137156763	0.7269380517507976	0.8048564763068541	0.327310509944117	0.3231712763141712	Neofunctionalization(Parent)	Specialization	Specialization	discordant	classified
TRD	Pbre1_02G088600	Pbre1_15G338000	Prupe.7G228800.1	0.021811166666666666	0.875747	2.4457306666666665	0.9698920382613588	0.31424470327643766	0.7269380517507976	0.8048564763068541	0.31321437064007535	0.31304739782498414	Neofunctionalization(Parent)	Specialization	Specialization	discordant	classified
TRD	Pbre1_02G088600	Pbre1_15G338200	Prupe.7G228800.1	0.021811166666666666	0.3026913333333333	2.4457306666666665	0.9698920382613588	0.6042994528923235	0.7269380517507976	0.8048564763068541	0.3856417004571054	0.3761903832877477	Neofunctionalization(Parent)	Specialization	Specialization	discordant	classified
TRD	Pbre1_04G347200	Pbre1_15G339000	Prupe.6G329200.1	19.741778166666666	1.8488531666666668	29.751500333333333	0.2967915349447437	0.6059985842216753	0.43600906984836074	0.14247203622777804	0.26835491598414923	0.13057705090733066	Conservation	Neofunctionalization(Child)	Neofunctionalization(Child)	discordant	classified
TRD	Pbre1_07G320200	Pbre1_15G351800	Prupe.2G227100.1	19.171101666666665	66.62234233333334	168.90649333333334	0.590161902392544	0.6543021206085335	0.699939795490295	0.38327871005432695	0.5790234586745943	0.532638553284286	Neofunctionalization(Child)	Conservation	Conservation	discordant	classified
TRD	Pbre1_12G104600	Pbre1_15G362000	Prupe.7G072900.1	60.10730983333333	19.516247833333335	198.2728355	0.42629910646698177	0.6716411658120132	0.677090155803846	0.2924604898676303	0.40138169186208233	0.31257982699403253	Neofunctionalization(Child)	Conservation	Conservation	discordant	classified
TRD	Pbre1_07G454000	Pbre1_15G372600	Prupe.2G301300.1	43.58377983333333	0.010223666666666667	58.50392683333333	0.863368743124514	1.0	0.9722347585270086	0.9417085276865441	1.3329619622237323	0.9416625833348504	Specialization	Specialization	Specialization	Specialization	classified
TRD	Pbre1_17G181800	Pbre1_15G374200	Prupe.3G212700.1	7.882893166666666	0.47547266666666665	8.339884666666666	0.3249176858645408	1.0	0.733908113426948	0.2590494251310737	0.8857571694804842	0.2541010729975368	Neofunctionalization(Child)	Specialization	Neofunctionalization(Child)	discordant	classified
TRD	Pbre1_17G015400	Pbre1_15G376400	Prupe.3G308300.1	47.38072416666667	0.9025241666666667	13.113092166666666	0.6444473258255984	0.586903754392182	0.720944405939741	0.4615845297575664	0.3397018562151268	0.45747360522380387	Neofunctionalization(Parent)	Neofunctionalization(Child)	Neofunctionalization(Child)	discordant	classified
TRD	Pbre1_16G277600	Pbre1_15G378800	Prupe.1G130000.1	4.495739833333333	3.377003166666667	27.690005	0.3689128105935241	0.6180833961933063	0.5212019275181559	0.13899603498725327	0.32026974325247587	0.20547433772557172	Conservation	Neofunctionalization(Child)	Conservation	discordant	classified
TRD	Pbre1_15G404200	Pbre1_15G385600	Prupe.7G190800.1	3.8803373333333333	10.137257333333332	15.739581166666667	0.593317878355435	0.5395876952443205	0.77906523474613	0.22738626554870212	0.33191335450096665	0.27319394973341576	Conservation	Conservation	Conservation	Conservation	classified
TRD	Pbre1_02G148600	Pbre1_15G395800	Prupe.7G195600.1	0.0979965	0.04515266666666667	0.4445321666666667	0.9195332064509667	0.9027832936555825	0.9298098371682635	0.1249784907442989	0.13360298285858935	0.09345000172693425	Conservation	Specialization	Specialization	discordant	classified
TRD	Pbre1_02G199400	Pbre1_15G436600	Prupe.7G168600.1	9.348972333333332	4.463333666666666	7.8970598333333335	0.42132982888611964	0.45992327300704366	0.5757491131744239	0.23603815438457826	0.24089186443568647	0.2287134513333341	Conservation	Conservation	Conservation	Conservation	classified
TRD	Pbre1_17G031400	Pbre1_15G447400	Prupe.3G299300.1	21.348497666666667	0.6049638333333334	43.47916416666666	0.3785946978628557	0.8904355056735562	0.6220361953467481	0.1299018618963056	0.38996646679357344	0.12159220328584767	Conservation	Neofunctionalization(Child)	Neofunctionalization(Child)	discordant	classified
TRD	Pbre1_02G211000	Pbre1_15G447800	Prupe.7G163000.1	0.6752325	2.1698095	1.1988215	0.5736276733410328	0.36839674918062004	0.5827669014601187	0.18896426930468496	0.2761964038908798	0.22768774775984604	Conservation	Specialization	Neofunctionalization(Parent)	discordant	classified
TRD	Pbre1_03G355800	Pbre1_15G451400	Prupe.4G201200.1	11.039722833333334	25.695815666666668	9.120527666666668	0.4827528925307515	0.5320260343438286	0.8621847664638513	0.5191630867061993	0.4628554813179627	0.4689236952355553	Specialization	Specialization	Conservation	Specialization	classified
TRD	Pbre1_10G180000	Pbre1_15G455400	Prupe.8G140300.1	14.501313166666668	0.7241345	54.47473316666667	0.2599600022191579	0.5258377749330851	0.3736839224522643	0.14244085953602495	0.14284996208777725	0.13216634685221074	Conservation	Neofunctionalization(Child)	Neofunctionalization(Child)	discordant	classified
TRD	Pbre1_16G158400	Pbre1_15G456400	Prupe.1G258300.1	2.2359283333333333	0.0	16.0832115	0.5207234102236024	NA	0.7130083814668057	NA	NA	NA	NA	NA	NA	NA	all_zero_expression_profile
TRD	Pbre1_02G121600	Pbre1_15G460200	Prupe.7G211200.1	9.819632333333333	0.027259500000000002	39.628891833333334	0.7085355194812236	1.0	0.44769900449108857	0.30991662655512947	0.9548851929564734	0.3116269119888002	Neofunctionalization(Child)	Neofunctionalization(Child)	Neofunctionalization(Child)	Neofunctionalization(Child)	classified
TRD	Pbre1_04G252000	Pbre1_15G460800	Prupe.6G279300.1	NA	NA	NA	NA	NA	NA	NA	NA	NA	NA	NA	NA	NA	missing_expression_record
TRD	Pbre1_03G367200	Pbre1_15G477400	Prupe.4G190400.1	9.036496833333333	2.4120443333333332	11.837437833333334	0.7034070334071292	0.28529788106120435	0.5892497677589085	0.2721502584617374	0.21349486578369847	0.2116793693040924	Conservation	Conservation	Conservation	Conservation	classified
TRD	Pbre1_12G224000	Pbre1_15G477600	Prupe.6G246300.1	2.5310531666666667	2.111190166666667	85.83009116666666	0.7538422057700217	0.2836245007447683	0.3855924840409436	0.4495447437047562	0.11915024536899249	0.22921598754521677	Neofunctionalization(Parent)	Neofunctionalization(Parent)	Neofunctionalization(Parent)	Neofunctionalization(Parent)	classified
TRD	Pbre1_16G374000	Pbre1_15G482200	Prupe.1G045900.1	67.07377116666666	0.011985833333333334	91.24804449999999	0.40901334650561366	1.0	0.45906458898782365	0.1823862010726392	0.8069798780845565	0.18226428728248179	Neofunctionalization(Child)	Neofunctionalization(Child)	Neofunctionalization(Child)	Neofunctionalization(Child)	classified
TRD	Pbre1_11G212400	Pbre1_15G483200	Prupe.6G106800.1	44.903874	12.4133335	190.62610283333333	0.4444457419188749	0.3719200747228718	0.4899270575697985	0.268889707159804	0.2157056473705183	0.23995819663534837	Conservation	Conservation	Conservation	Conservation	classified
TRD	Pbre1_10G014400	Pbre1_15G484000	Prupe.8G014100.1	NA	NA	NA	NA	NA	NA	NA	NA	NA	NA	NA	NA	NA	missing_expression_record
TRD	Pbre1_07G334800	Pbre1_15G489600	Prupe.2G236100.1	15.1626595	9.674219666666668	69.78312416666667	0.6398241925425452	0.5376816943845368	0.4838516040292645	0.19420076561186733	0.19821721040530524	0.18113047845843044	Conservation	Conservation	Conservation	Conservation	classified
TRD	Pbre1_10G300600	Pbre1_15G490800	Prupe.8G208900.1	118.81733283333334	0.0	277.90582866666665	0.12321151234351937	NA	0.44384856934492617	NA	NA	NA	NA	NA	NA	NA	all_zero_expression_profile
TRD	Pbre1_08G382600	Pbre1_15G498400	Prupe.1G564500.1	2.7109906666666665	0.0	12.709991333333333	0.6530182376641587	NA	0.2773597031675645	NA	NA	NA	NA	NA	NA	NA	all_zero_expression_profile
TRD	Pbre1_02G288000	Pbre1_15G527800	Prupe.6G220500.1	38.1093685	7.242487833333334	51.42109983333334	0.08218383130287647	0.3239397596943875	0.3420723495445944	0.10816406929126682	0.1527579130816778	0.1135231272379457	Conservation	Conservation	Conservation	Conservation	classified
TRD	Pbre1_02G288000	Pbre1_15G528000	Prupe.6G220500.1	38.1093685	6.8198653333333334	51.42109983333334	0.08218383130287647	0.30515525600456617	0.3420723495445944	0.10816406929126682	0.1919343617097917	0.11608317977710769	Conservation	Conservation	Conservation	Conservation	classified
TRD	Pbre1_13G170000	Pbre1_15G540600	Prupe.1G247400.1	3.308639	0.010413833333333332	36.67826016666667	0.8851380906713768	1.0	0.18558297900076065	0.5345721986317927	0.9137652453215124	0.5356238256892708	Specialization	Specialization	Specialization	Specialization	classified
TRD	Pbre1_14G352600	Pbre1_15G545200	Prupe.5G184400.1	10.3280515	0.0	14.811103833333334	0.9529575873969771	NA	0.5355774701287284	NA	NA	NA	NA	NA	NA	NA	all_zero_expression_profile
TRD	Pbre1_02G282000	Pbre1_15G547600	Prupe.6G223600.1	31.132422	0.0	17.641667833333333	0.566488796180711	NA	0.6264589919154564	NA	NA	NA	NA	NA	NA	NA	all_zero_expression_profile
TRD	Pbre1_04G024800	Pbre1_15G553400	Prupe.1G165200.1	308.64790166666666	0.139538	601.6780605	0.6909040457743465	0.7896695460393309	0.7859448283330978	0.43264466192797385	0.32163891074838913	0.43256163309739626	Neofunctionalization(Parent)	Neofunctionalization(Child)	Neofunctionalization(Child)	discordant	classified
TRD	Pbre1_04G392400	Pbre1_15G564200	Prupe.6G354100.1	1.4150888333333334	0.0	74.0202905	0.902062203681915	NA	0.7214884785243829	NA	NA	NA	NA	NA	NA	NA	all_zero_expression_profile
TRD	Pbre1_16G029400	Pbre1_15G568000	Prupe.1G336000.1	NA	NA	NA	NA	NA	NA	NA	NA	NA	NA	NA	NA	NA	missing_expression_record
TRD	Pbre1_11G178200	Pbre1_15G577000	Prupe.6G089700.1	18.049044333333335	0.0268315	9.870896833333333	0.6236338954318066	0.806744427480916	0.5163718340774416	0.2760713322722493	0.6305869534992695	0.2760985563763069	Neofunctionalization(Child)	Neofunctionalization(Child)	Neofunctionalization(Child)	Neofunctionalization(Child)	classified
TRD	Pbre1_01G075600	Pbre1_15G579800	Prupe.6G181600.1	NA	NA	NA	NA	NA	NA	NA	NA	NA	NA	NA	NA	NA	missing_expression_record
TRD	Pbre1_17G021000	Pbre1_15G585400	Prupe.3G305600.1	NA	NA	NA	NA	NA	NA	NA	NA	NA	NA	NA	NA	NA	missing_expression_record
TRD	Pbre1_07G157200	Pbre1_15G585800	Prupe.2G127800.1	26.388585166666665	0.07756666666666667	71.08432933333333	0.11546097246528067	0.8924977783063591	0.4468542549551396	0.20409482296207687	0.7170744395421819	0.20520666295912415	Neofunctionalization(Child)	Neofunctionalization(Child)	Neofunctionalization(Child)	Neofunctionalization(Child)	classified
TRD	Pbre1_14G306400	Pbre1_15G593400	Prupe.5G160800.1	143.10113533333333	0.0	84.39080233333333	0.41663605479953175	NA	0.3443719906174489	NA	NA	NA	NA	NA	NA	NA	all_zero_expression_profile
TRD	Pbre1_05G187400	Pbre1_15G595200	Prupe.8G145900.1	17.777640666666667	0.0	92.054794	0.4770873053597624	NA	0.6817052864170954	NA	NA	NA	NA	NA	NA	NA	all_zero_expression_profile
TRD	Pbre1_15G007000	Pbre1_15G599400	Prupe.1G357500.1	49.76803316666667	72.08868666666666	56.183855333333334	0.18370821450757532	0.13896280559496224	0.2166208723329043	0.1045449386215812	0.08580465962210142	0.08939233833196449	Conservation	Conservation	Conservation	Conservation	classified
TRD	Pbre1_15G007200	Pbre1_15G599800	Prupe.1G357600.1	0.24053633333333335	0.0	15.3909855	0.858431364659968	NA	0.7692506899582295	NA	NA	NA	NA	NA	NA	NA	all_zero_expression_profile
TRD	Pbre1_12G174000	Pbre1_15G600000	Prupe.7G121300.1	28.5578425	0.007194666666666666	27.502844166666666	0.3222141474667669	1.0	0.21006414690856556	0.07359358371890745	0.9085731498742561	0.0736197077883202	Neofunctionalization(Child)	Neofunctionalization(Child)	Neofunctionalization(Child)	Neofunctionalization(Child)	classified
TRD	Pbre1_16G288200	Pbre1_15G604200	Prupe.1G137300.1	3.6207586666666667	0.058348333333333335	4.943110333333333	0.8552214436528967	0.9322345022754217	0.9466044164844254	0.9303733794492071	0.25456724834281214	0.9165578088363391	Neofunctionalization(Parent)	Specialization	Specialization	discordant	classified
TRD	Pbre1_08G129200	Pbre1_15G607000	Prupe.1G418400.1	8.024544833333334	0.025806333333333334	23.187470166666667	0.3933277636562571	0.49655861708652294	0.5304368817737706	0.22220134766488225	0.37014385758459845	0.22256612329217978	Conservation	Neofunctionalization(Child)	Neofunctionalization(Child)	discordant	classified
TRD	Pbre1_04G118600	Pbre1_15G609800	Prupe.5G087300.1	8.1665265	0.0	29.116742833333333	0.22929510856381446	NA	0.43918659984213715	NA	NA	NA	NA	NA	NA	NA	all_zero_expression_profile
TRD	Pbre1_11G178200	Pbre1_15G610400	Prupe.6G089700.1	18.049044333333335	7.415945333333333	9.870896833333333	0.6236338954318066	0.42659156864571884	0.5163718340774416	0.2760713322722493	0.20719603476030216	0.22046726836054814	Conservation	Conservation	Conservation	Conservation	classified
TRD	Pbre1_03G152600	Pbre1_15G622600	Prupe.6G085700.1	13.882950833333332	0.0	4.925457	0.4588039257245903	NA	0.6680120961564875	NA	NA	NA	NA	NA	NA	NA	all_zero_expression_profile
TRD	Pbre1_09G049000	Pbre1_15G625000	Prupe.3G288200.1	17.679296666666666	24.198421666666665	35.387991666666665	0.5571934658007016	0.45530249462238964	0.36830183715683945	0.29653709093135144	0.10228561820085746	0.13969403256446256	Conservation	Conservation	Conservation	Conservation	classified
TRD	Pbre1_03G425000	Pbre1_15G625200	Prupe.8G234500.1	6.8593391666666665	0.7782708333333334	19.845596999999998	0.19976146046951576	0.5478354988935358	0.4000349214192487	0.1544201274995277	0.17965448600944264	0.1409744578352925	Conservation	Neofunctionalization(Child)	Neofunctionalization(Child)	discordant	classified
TRD	Pbre1_02G001600	Pbre1_15G627000	Prupe.7G271300.1	27.4288265	0.011333666666666667	429.46984183333336	0.5814278914888347	1.0	0.7373099594567976	0.44557145371119594	1.0124050732267729	0.4455401890345867	Specialization	Neofunctionalization(Child)	Neofunctionalization(Child)	discordant	classified
TRD	Pbre1_15G370000	Pbre1_15G631000	Prupe.7G211100.1	20.386106333333334	3.0417490000000003	46.124123166666664	0.16661830230793795	0.9709182359022662	0.7326701970452728	0.33456945612563505	0.5009805029012353	0.2365167314698877	Neofunctionalization(Child)	Neofunctionalization(Child)	Neofunctionalization(Child)	Neofunctionalization(Child)	classified
TRD	Pbre1_09G008000	Pbre1_15G631200	Prupe.3G312000.1	42.41078133333333	0.6928401666666667	97.84271583333333	0.5772012599608546	0.7490075443122569	0.14927187138158873	0.19834902868789048	0.2918007372003105	0.1946935321369341	Conservation	Neofunctionalization(Child)	Neofunctionalization(Child)	discordant	classified
TRD	Pbre1_02G273200	Pbre1_15G634400	Prupe.6G229700.1	19.946864	0.0068228333333333335	33.674708333333335	0.5238014233251622	1.0	0.728549585696381	0.4198341141360629	0.6885693145769761	0.4195997486626656	Specialization	Neofunctionalization(Child)	Neofunctionalization(Child)	discordant	classified
TRD	Pbre1_08G285000	Pbre1_15G637800	Prupe.1G503500.1	0.40152933333333335	0.0492495	1.1956156666666666	0.542536602671688	0.9633496574341397	0.5131915170651519	0.3138678143242789	0.7169897077816554	0.2759649798298562	Neofunctionalization(Child)	Specialization	Specialization	discordant	classified
TRD	Pbre1_08G293600	Pbre1_15G646200	Prupe.1G508600.1	13.599404666666667	0.0	17.921399333333333	0.4528352480878704	NA	0.5029505700439625	NA	NA	NA	NA	NA	NA	NA	all_zero_expression_profile
TRD	Pbre1_15G472800	Pbre1_15G647000	Prupe.7G149400.1	193.62749633333334	7.000170166666667	102.89852166666667	0.8398369899826589	0.8943774383266844	0.4308741253605734	0.44628889882337813	0.5519335175233991	0.4496735673167792	Specialization	Neofunctionalization(Child)	Neofunctionalization(Child)	discordant	classified
TRD	Pbre1_04G000200	Pbre1_15G647600	Prupe.1G000100.1	17.056919333333333	0.3323333333333333	19.938056333333336	0.360937144063048	0.37350062277598506	0.5016803189584286	0.21160424295671212	0.28264530750767747	0.21247520965756983	Conservation	Neofunctionalization(Child)	Neofunctionalization(Child)	discordant	classified
TRD	Pbre1_06G227000	Pbre1_15G647800	Prupe.5G139200.1	NA	NA	NA	NA	NA	NA	NA	NA	NA	NA	NA	NA	NA	missing_expression_record
TRD	Pbre1_09G045600	Pbre1_15G656200	Prupe.3G291200.1	NA	NA	NA	NA	NA	NA	NA	NA	NA	NA	NA	NA	NA	missing_expression_record
TRD	Pbre1_02G143600	Pbre1_15G670600	Prupe.7G198600.1	NA	NA	NA	NA	NA	NA	NA	NA	NA	NA	NA	NA	NA	missing_expression_record
TRD	Pbre1_04G223200	Pbre1_15G671000	Prupe.6G263600.1	0.14251816666666667	0.184976	0.6857973333333334	0.5815523588419508	0.7662218887038904	0.941569786885941	0.5195354630614735	0.5334079169432563	0.4946376038302355	Specialization	Specialization	Specialization	Specialization	classified
TRD	Pbre1_14G355200	Pbre1_15G674000	Prupe.5G185600.1	4.252466666666667	3.459318833333333	0.7738400000000001	0.8534661096637942	0.8191100007991825	0.9705339006923955	0.8651235469302633	0.676249369519586	0.7782631815443593	Specialization	Specialization	Specialization	Specialization	classified
TRD	Pbre1_02G143600	Pbre1_15G677400	Prupe.7G198600.1	NA	NA	NA	NA	NA	NA	NA	NA	NA	NA	NA	NA	NA	missing_expression_record
TRD	Pbre1_08G325400	Pbre1_15G682200	Prupe.1G526500.1	NA	NA	NA	NA	NA	NA	NA	NA	NA	NA	NA	NA	NA	missing_expression_record
TRD	Pbre1_08G325400	Pbre1_15G682400	Prupe.1G526500.1	NA	NA	NA	NA	NA	NA	NA	NA	NA	NA	NA	NA	NA	missing_expression_record
TRD	Pbre1_16G018800	Pbre1_15G687000	Prupe.1G341200.1	22.376641166666666	5.1410155	32.61365033333333	0.10657566079928375	0.2888063180158571	0.5585004227666669	0.1525232146652	0.16799119254577902	0.14278884742883485	Conservation	Conservation	Conservation	Conservation	classified
TRD	Pbre1_05G202400	Pbre1_15G694400	Prupe.8G156300.1	54.744052833333335	3.754697	61.560960666666666	0.3666318009439725	0.4219746860623458	0.2699211682611019	0.15031962117245296	0.10396204493838246	0.1358021931610981	Conservation	Conservation	Conservation	Conservation	classified
TRD	Pbre1_11G107400	Pbre1_15G706200	Prupe.6G057300.1	0.2713705	0.051474	0.06769233333333334	0.8713396122823024	0.7398595043169273	0.9777032204391707	0.9690828650415296	1.024705111881018	0.9523702725566847	Specialization	Conservation	Neofunctionalization(Parent)	discordant	classified
TRD	Pbre1_07G424200	Pbre1_15G708200	Prupe.2G287100.1	52.934736	0.8316201666666666	59.731169666666666	0.49584375027228245	0.7849915746083815	0.5786529906888455	0.21258447257081575	0.41117469634798764	0.21031685216950005	Neofunctionalization(Child)	Neofunctionalization(Child)	Neofunctionalization(Child)	Neofunctionalization(Child)	classified
TRD	Pbre1_08G353000	Pbre1_15G710000	Prupe.1G543200.1	21.874880166666667	6.9187175	11.924635166666667	0.447652118624673	0.5244004040678244	0.573807815695193	0.24723770946853038	0.27577892966322015	0.24178179318677806	Conservation	Conservation	Conservation	Conservation	classified
TRD	Pbre1_05G075800	Pbre1_15G711000	Prupe.8G060400.1	20.103575166666666	0.30632233333333336	14.2975385	0.5311104140591336	0.9568130515897693	0.5471676371356167	0.13113053149760248	0.8375895455213828	0.12847458973374035	Neofunctionalization(Child)	Neofunctionalization(Child)	Neofunctionalization(Child)	Neofunctionalization(Child)	classified
TRD	Pbre1_15G726800	Pbre1_15G713000	Prupe.1G554200.1	0.26618200000000003	0.7552253333333333	1.6708655	0.4543625680757639	0.33852541684925547	0.6940452160940488	0.3429933540422148	0.32616147436277154	0.32550496912086546	Conservation	Specialization	Specialization	discordant	classified
TRD	Pbre1_15G727000	Pbre1_15G713200	Prupe.1G554000.1	1.2204716666666666	0.011209	0.0208015	0.8160147032605162	0.9139649122807019	0.8761362309438858	0.34435257525459867	0.11550067419365999	0.3414654073487905	Conservation	Neofunctionalization(Parent)	Neofunctionalization(Parent)	discordant	classified
TRD	Pbre1_07G215800	Pbre1_15G715600	Prupe.2G181400.1	3.8087756666666666	26.918922666666667	37.47744616666667	0.8955595422040353	0.999410724307906	0.9516208915401771	0.2858067578544684	0.2337312691903558	0.19853047797093967	Conservation	Specialization	Specialization	discordant	classified
TRD	Pbre1_02G130800	Pbre1_15G719000	Prupe.7G205600.1	3.5031981666666665	4.2415575	19.294501666666665	0.961024625418365	0.9890598308025664	0.8988476090654336	0.2059890851209753	1.1672653351792568	0.6121872341406625	Neofunctionalization(Child)	Specialization	Specialization	discordant	classified
TRD	Pbre1_09G335600	Pbre1_15G734600	Prupe.3G056900.1	43.3075545	2.1455581666666665	21.024491333333334	0.1570869085322682	0.6024657772051029	0.5763182739434131	0.1681008843089237	0.21663571406010457	0.16647612101051526	Conservation	Conservation	Conservation	Conservation	classified
TRD	Pbre1_09G335400	Pbre1_15G734800	Prupe.3G056800.1	3.1287911666666663	0.0	7.628141833333333	0.27554517371741427	NA	0.4295387317589515	NA	NA	NA	NA	NA	NA	NA	all_zero_expression_profile
TRD	Pbre1_15G262400	Pbre1_15G749200	Prupe.7G266900.1	89.75937083333334	270.7315445	281.589693	0.52134947558235	0.5286809021350946	0.5631633373102215	0.215625114857743	0.22590053762701354	0.22212385681794392	Conservation	Conservation	Conservation	Conservation	classified
TRD	Pbre1_15G650000	Pbre1_15G761800	Prupe.1G511000.1	164.18630966666666	55.9123225	114.70979966666667	0.5719730099663067	0.6653684767535787	0.6622743578818534	0.264537000698611	0.21022499616095913	0.2478888293458722	Conservation	Conservation	Conservation	Conservation	classified
TRD	Pbre1_07G363000	Pbre1_15G766200	Prupe.2G250300.1	NA	NA	NA	NA	NA	NA	NA	NA	NA	NA	NA	NA	NA	missing_expression_record
TRD	Pbre1_09G076000	Pbre1_15G771600	Prupe.3G272100.1	8.965505666666667	16.94443366666667	28.8657745	0.5840462785422884	0.49050449105708827	0.5228280847825111	0.23360557345956723	0.30001210360548003	0.24327391952889524	Conservation	Conservation	Conservation	Conservation	classified
TRD	Pbre1_08G404000	Pbre1_15G772200	Prupe.1G581000.1	5.735704333333333	0.7912758333333334	5.947738166666666	0.9873572368164545	0.9793703745097571	0.7433395278932748	0.6359232555019051	1.0498309771434748	0.5673125786037664	Specialization	Specialization	Specialization	Specialization	classified
TRD	Pbre1_03G033600	Pbre1_15G773600	Prupe.6G022700.1	11.048858333333333	0.024781166666666667	30.48072	0.40565919066400935	0.9170803641933611	0.4345869946687489	0.16590545475055812	0.6040574897676756	0.16515146474376047	Neofunctionalization(Child)	Neofunctionalization(Child)	Neofunctionalization(Child)	Neofunctionalization(Child)	classified
TRD	Pbre1_01G039000	Pbre1_15G777600	Prupe.4G271200.1	53.99446283333334	37.949524000000004	175.13425283333333	0.9576980106720516	0.6023201608154293	0.8463615176339347	0.43756049326464164	0.36055997340319046	0.3017553308422081	Neofunctionalization(Parent)	Conservation	Conservation	discordant	classified
TRD	Pbre1_12G038600	Pbre1_15G779200	Prupe.7G114700.1	269.125927	0.14161633333333334	275.3101301666667	0.5044437311939178	0.427750865680866	0.5741034162420151	0.2418862662750819	0.27175403458924513	0.24181026830153465	Conservation	Neofunctionalization(Child)	Neofunctionalization(Child)	discordant	classified
TRD	Pbre1_08G410800	Pbre1_15G780200	Prupe.1G585300.1	17.510998	0.6813008333333334	31.5154475	0.23368546405838542	0.7829104505404414	0.43241540167944753	0.14426037234723	0.33548548094084735	0.1367709910815606	Conservation	Neofunctionalization(Child)	Neofunctionalization(Child)	discordant	classified
TRD	Pbre1_07G468600	Pbre1_15G781400	Prupe.2G309300.1	26.404164666666667	4.534965166666667	33.71504383333333	0.7966199126809672	0.8445539326601533	0.4119319978723087	0.314242045796947	0.35170704027185357	0.23852399000295807	Conservation	Conservation	Conservation	Conservation	classified
TRD	Pbre1_12G282200	Pbre1_15G783200	Prupe.6G277500.1	234.48932433333334	0.0	346.0445476666667	0.68456526789501	NA	0.6536892169882003	NA	NA	NA	NA	NA	NA	NA	all_zero_expression_profile
TRD	Pbre1_05G579600	Pbre1_15G783600	Prupe.4G016200.1	53.473869666666666	23.356193833333336	131.60344383333333	0.6340260100578093	0.39761412193380286	0.7534350264754324	0.34619199126609135	0.35704091054487613	0.34397720900803824	Conservation	Conservation	Conservation	Conservation	classified
TRD	Pbre1_15G243600	Pbre1_15G784200	Prupe.4G279800.1	16.922470999999998	0.7431563333333333	34.782688	0.9232739326759359	0.9648224566822152	0.9129981552122535	0.10416987695920095	0.20453272006616494	0.1060366176270378	Conservation	Specialization	Specialization	discordant	classified
TRD	Pbre1_15G243200	Pbre1_15G784400	Prupe.4G279700.1	4.241263666666667	3.3602333333333334	13.265918166666667	0.5377399196780459	0.5548104247203092	0.44107976225005474	0.2504670555905084	0.2793017540519655	0.2626834218559675	Conservation	Neofunctionalization(Child)	Conservation	discordant	classified
TRD	Pbre1_10G089200	Pbre1_15G784600	Prupe.8G076400.1	22.813699166666666	2.3999543333333335	20.6494025	0.22466153080722964	0.6899533599518989	0.3088165410162332	0.20743702302908068	0.3696928218672453	0.19733751423065637	Conservation	Neofunctionalization(Child)	Neofunctionalization(Child)	discordant	classified
TRD	Pbre1_09G046200	Pbre1_15G786400	Prupe.3G291100.1	12.225825833333333	23.640847	77.60770116666666	0.4458565650279865	0.2921839802709411	0.6922987260562969	0.3488083724651398	0.24543268042356203	0.26483845147313834	Conservation	Conservation	Conservation	Conservation	classified
TRD	Pbre1_13G019000	Pbre1_16G016800	Prupe.1G342100.1	5.412827500000001	3.4072098333333334	7.8780615	0.7288829158838158	0.8240731888581214	0.8966844807850978	0.3236986244336474	0.2752576694400055	0.29284143618132125	Conservation	Specialization	Specialization	discordant	classified
TRD	Pbre1_13G000800	Pbre1_16G024600	Prupe.1G352200.1	15.784306333333333	2.3834633333333333	46.25584933333334	0.8483079390739791	0.8979872688514302	0.6444842343595374	0.606420631715352	0.5416646138300284	0.5271140084973297	Specialization	Neofunctionalization(Child)	Neofunctionalization(Child)	discordant	classified
TRD	Pbre1_10G470800	Pbre1_16G031600	Prupe.4G067400.1	NA	NA	NA	NA	NA	NA	NA	NA	NA	NA	NA	NA	NA	missing_expression_record
TRD	Pbre1_10G006600	Pbre1_16G032800	Prupe.8G005800.1	12.629654166666667	0.0	3.733304	0.6025624920937687	NA	0.33914986922853585	NA	NA	NA	NA	NA	NA	NA	all_zero_expression_profile
TRD	Pbre1_13G033600	Pbre1_16G035200	Prupe.1G333300.1	8.942430166666666	2.2362836666666666	7.924997666666667	0.4059979550088631	0.3400915427425909	0.5777848991949084	0.15269215480470286	0.23108618013313867	0.1575825104158795	Conservation	Neofunctionalization(Child)	Conservation	discordant	classified
TRD	Pbre1_02G505200	Pbre1_16G036000	Prupe.2G008000.1	10.085440333333334	0.1935255	35.35508	0.6289242297832691	0.7167188660830043	0.830894885955208	0.5500847385306319	0.39321449473644904	0.5423371576216165	Specialization	Neofunctionalization(Child)	Neofunctionalization(Child)	discordant	classified
TRD	Pbre1_13G035200	Pbre1_16G037200	Prupe.1G332300.1	5.454616	0.25128249999999996	13.484753833333334	0.5672938045525189	0.8954016138090986	0.48404723073819833	0.1885719720601308	0.6286018280503439	0.19221377700595588	Neofunctionalization(Child)	Neofunctionalization(Child)	Neofunctionalization(Child)	Neofunctionalization(Child)	classified
TRD	Pbre1_13G049800	Pbre1_16G054200	Prupe.1G322900.1	0.9065815	13.284537	0.726266	0.5905300309805657	0.6260098332097541	0.3683310494352601	0.23777368544078126	0.2535538191106903	0.22935191828803644	Conservation	Specialization	Specialization	discordant	classified
TRD	Pbre1_13G062000	Pbre1_16G067200	Prupe.1G315000.1	1.5997478333333335	17.30917666666667	35.9194735	0.6396285903357475	0.9699597434767439	0.6530128956790304	0.4271808850569368	0.7135151002413601	0.6721234130939581	Specialization	Specialization	Specialization	Specialization	classified
TRD	Pbre1_13G332800	Pbre1_16G083600	Prupe.1G019500.1	283.3937815	0.026165333333333332	515.9787653333333	0.447080059130929	0.9133194550965997	0.6388061435531494	0.2425574919577176	0.6494187204097798	0.24253524284237266	Neofunctionalization(Child)	Neofunctionalization(Child)	Neofunctionalization(Child)	Neofunctionalization(Child)	classified
TRD	Pbre1_13G094600	Pbre1_16G095600	Prupe.1G297100.1	0.5312725	1.3036718333333333	0.7636631666666667	0.2721940698611916	0.5421170424821484	0.4568894143557882	0.19419451184919462	0.2825212451890868	0.25225806575197884	Conservation	Specialization	Specialization	discordant	classified
TRD	Pbre1_16G213000	Pbre1_16G124600	Prupe.1G224300.1	57.189933833333335	0.18958450000000002	55.49086283333333	0.5803367330368137	0.569493075552279	0.47966266002289454	0.212095190834965	0.4540252623448657	0.21257887467697684	Neofunctionalization(Child)	Neofunctionalization(Child)	Neofunctionalization(Child)	Neofunctionalization(Child)	classified
TRD	Pbre1_13G121000	Pbre1_16G127600	Prupe.1G277400.1	0.12211633333333333	0.0	3.5066368333333333	0.7820307530825815	NA	0.5139517287242931	NA	NA	NA	NA	NA	NA	NA	all_zero_expression_profile
TRD	Pbre1_13G142000	Pbre1_16G147400	Prupe.1G264500.1	1.8776565	1.0993956666666667	5.245139333333333	0.3786653786919158	0.5410719360608305	0.701218021130709	0.4452900507820577	0.4101732081185394	0.419243499365747	Specialization	Specialization	Specialization	Specialization	classified
TRD	Pbre1_13G157200	Pbre1_16G164000	Prupe.1G254900.1	NA	NA	NA	NA	NA	NA	NA	NA	NA	NA	NA	NA	NA	missing_expression_record
TRD	Pbre1_09G107600	Pbre1_16G167600	Prupe.3G256400.1	NA	NA	NA	NA	NA	NA	NA	NA	NA	NA	NA	NA	NA	missing_expression_record
TRD	Pbre1_09G240400	Pbre1_16G180000	Prupe.3G183000.1	0.0	0.0	0.108287	NA	NA	0.9585574136008919	NA	NA	NA	NA	NA	NA	NA	all_zero_expression_profile
TRD	Pbre1_13G181200	Pbre1_16G187200	Prupe.1G240900.1	0.004902166666666667	0.0	0.03802	1.0	NA	0.7772306494806193	NA	NA	NA	NA	NA	NA	NA	all_zero_expression_profile
TRD	Pbre1_13G186400	Pbre1_16G193600	Prupe.1G237600.1	45.511215666666665	15.769301333333333	78.66942083333333	0.7655390537675528	0.4016717541745443	0.7369617768854272	0.15591050556636554	0.39555230679043724	0.16597396175758272	Neofunctionalization(Child)	Conservation	Conservation	discordant	classified
TRD	Pbre1_13G186800	Pbre1_16G194000	Prupe.1G237400.1	3.204489166666667	0.0278395	2.2605228333333334	0.9431768900362061	0.9248517493575805	0.8018676483819119	0.8846156107280996	0.4642220828675439	0.876582771194398	Specialization	Specialization	Specialization	Specialization	classified
TRD	Pbre1_11G072200	Pbre1_16G194400	Prupe.6G039200.1	134.79176633333333	1.9323818333333331	149.94688266666665	0.8210372486558939	0.9397263401377526	0.919248039936422	0.21590968859566803	1.0381264336250633	0.22195808512920442	Neofunctionalization(Child)	Neofunctionalization(Child)	Neofunctionalization(Child)	Neofunctionalization(Child)	classified
TRD	Pbre1_13G188000	Pbre1_16G195000	Prupe.1G236400.1	NA	NA	NA	NA	NA	NA	NA	NA	NA	NA	NA	NA	NA	missing_expression_record
TRD	Pbre1_15G078600	Pbre1_16G201600	Prupe.1G396100.1	170.95950583333334	6.5661535	430.75884633333334	0.2633617398116931	0.49207851211305204	0.6337593314263702	0.2284578522446053	0.23302960800586525	0.22679155403054432	Conservation	Neofunctionalization(Child)	Conservation	discordant	classified
TRD	Pbre1_10G204200	Pbre1_16G202400	Prupe.8G157400.1	15.723121166666667	0.04537633333333333	61.4095875	0.5707091158023584	0.747665290457638	0.5748123372415828	0.3087080263877508	0.5506549599972799	0.30853556564605006	Neofunctionalization(Child)	Neofunctionalization(Child)	Neofunctionalization(Child)	Neofunctionalization(Child)	classified
TRD	Pbre1_12G177200	Pbre1_16G202800	Prupe.7G122500.1	5.346381833333333	0.0597465	9.993691166666666	0.5942907731011878	0.8748003102505137	0.7189291743644803	0.33852351157268856	0.5423600091038949	0.33930560128387544	Neofunctionalization(Child)	Neofunctionalization(Child)	Neofunctionalization(Child)	Neofunctionalization(Child)	classified
TRD	Pbre1_15G365600	Pbre1_16G203000	Prupe.7G213600.1	28.378932499999998	0.0	71.02295933333333	0.4994781166615634	NA	0.3323203808313833	NA	NA	NA	NA	NA	NA	NA	all_zero_expression_profile
TRD	Pbre1_13G310000	Pbre1_16G223400	Prupe.1G151200.1	8.581664	0.9722676666666666	27.677722	0.3290325559916878	0.7192248068404246	0.2921479173923279	0.08261704929053784	0.32664263045172454	0.08044647354694777	Conservation	Neofunctionalization(Child)	Neofunctionalization(Child)	discordant	classified
TRD	Pbre1_10G113400	Pbre1_16G228000	Prupe.8G091800.1	18.648662166666668	4.581617333333333	5.737989	0.21574885773814997	0.32924668257310535	0.2956721256184957	0.15090182717363018	0.1511545354922416	0.14878284151054436	Conservation	Conservation	Conservation	Conservation	classified
TRD	Pbre1_13G222800	Pbre1_16G229200	Prupe.1G215300.1	22.0993105	68.65366566666667	74.19881133333334	0.2656380966031397	0.4229278597878282	0.4578072270095145	0.10784898821754009	0.1813168042100303	0.15938931099146303	Conservation	Conservation	Conservation	Conservation	classified
TRD	Pbre1_03G479600	Pbre1_16G243400	Prupe.8G265100.1	191.96213883333334	0.442768	730.0448443333333	0.42143208265222654	0.8686372583015061	0.4814730816911421	0.1417254216204881	0.48652771995875366	0.14228084464161292	Neofunctionalization(Child)	Neofunctionalization(Child)	Neofunctionalization(Child)	Neofunctionalization(Child)	classified
TRD	Pbre1_13G247200	Pbre1_16G251200	Prupe.1G109000.1	0.023772333333333336	0.22013833333333332	0.057912	1.0	0.640718479202085	0.8980893380021027	0.41347208503829325	0.6354854187949991	0.5444823933279194	Specialization	Conservation	Conservation	discordant	classified
TRD	Pbre1_04G231200	Pbre1_16G253800	Prupe.6G267700.1	66.07631766666667	2.8499105	100.47963583333333	0.9903584381478379	1.0	0.978126859622216	1.237531819216091	1.29646224848202	1.2399668562597301	Specialization	Specialization	Specialization	Specialization	classified
TRD	Pbre1_03G403800	Pbre1_16G254000	Prupe.4G164900.1	0.7161536666666667	0.09831816666666666	12.413554166666668	0.9184722139414147	0.7563126146995998	0.5981678869212484	0.4996662043730135	0.4660526374488749	0.44706277894483865	Specialization	Specialization	Specialization	Specialization	classified
TRD	Pbre1_13G255200	Pbre1_16G260800	Prupe.1G114700.1	0.22467883333333333	0.10644866666666666	0.0559115	0.696049360563138	0.9785652498756212	0.8060906016626743	0.6943558219852544	1.0828744970623816	0.7592097682019472	Specialization	Conservation	Specialization	discordant	classified
TRD	Pbre1_05G596600	Pbre1_16G265400	Prupe.4G006300.1	0.5228285	0.008971166666666667	0.7093166666666667	0.8040145494756017	1.0	0.8710438342844379	0.5269569583817761	0.4623500907253535	0.5115862300027585	Specialization	Specialization	Specialization	Specialization	classified
TRD	Pbre1_03G023000	Pbre1_16G280400	Prupe.6G014100.1	29.984910499999998	0.0	48.7962455	0.3222436662465872	NA	0.46152728638988566	NA	NA	NA	NA	NA	NA	NA	all_zero_expression_profile
TRD	Pbre1_13G339400	Pbre1_16G289200	Prupe.1G023000.1	20.368576333333333	0.06913683333333333	344.45895566666667	0.8008806190891189	0.862906109314307	0.6498591673289695	0.3711615193704444	0.6253354377085358	0.3717440754966082	Neofunctionalization(Child)	Neofunctionalization(Child)	Neofunctionalization(Child)	Neofunctionalization(Child)	classified
TRD	Pbre1_16G171200	Pbre1_16G295200	Prupe.1G250900.1	72.69368966666667	2.517552	293.5467895	0.21331660214606435	1.0	0.30338858374088673	0.1303301976607385	1.0103310369360816	0.15682347127231477	Neofunctionalization(Child)	Neofunctionalization(Child)	Neofunctionalization(Child)	Neofunctionalization(Child)	classified
TRD	Pbre1_07G359600	Pbre1_16G298600	Prupe.2G248500.1	50.037413666666666	0.05513266666666667	200.2219355	0.5477938187670298	0.9000018137957303	0.34737623901459164	0.0815039731377938	0.6545362769543731	0.08107109662815006	Neofunctionalization(Child)	Neofunctionalization(Child)	Neofunctionalization(Child)	Neofunctionalization(Child)	classified
TRD	Pbre1_12G327400	Pbre1_16G301800	Prupe.6G301800.1	3.2046205	0.0032961666666666664	17.676313333333333	0.6024463443286282	1.0	0.7571970589715	0.4024809820526599	1.031387361874919	0.40230408237725934	Specialization	Neofunctionalization(Child)	Neofunctionalization(Child)	discordant	classified
TRD	Pbre1_10G442000	Pbre1_16G305600	Prupe.4G083400.1	19.896348833333334	18.333473166666668	61.1215775	0.39919520448586654	0.5224357878063703	0.42267411389743204	0.23346742675291923	0.27003308624191713	0.2255867040173543	Conservation	Conservation	Conservation	Conservation	classified
TRD	Pbre1_13G309000	Pbre1_16G310400	Prupe.1G150200.1	NA	NA	NA	NA	NA	NA	NA	NA	NA	NA	NA	NA	NA	missing_expression_record
TRD	Pbre1_13G309000	Pbre1_16G310600	Prupe.1G150200.1	NA	NA	NA	NA	NA	NA	NA	NA	NA	NA	NA	NA	NA	missing_expression_record
TRD	Pbre1_06G214000	Pbre1_16G321400	Prupe.5G131800.1	NA	NA	NA	NA	NA	NA	NA	NA	NA	NA	NA	NA	NA	missing_expression_record
TRD	Pbre1_05G166000	Pbre1_16G324400	Prupe.8G134300.1	36.12988816666667	0.0	153.484974	0.5315196226796192	NA	0.440460739392803	NA	NA	NA	NA	NA	NA	NA	all_zero_expression_profile
TRD	Pbre1_13G325400	Pbre1_16G331800	Prupe.1G015100.1	3.0548193333333336	0.0	3.3568425	0.2527224470251633	NA	0.4174558428683909	NA	NA	NA	NA	NA	NA	NA	all_zero_expression_profile
TRD	Pbre1_13G325400	Pbre1_16G332000	Prupe.1G015100.1	3.0548193333333336	0.0	3.3568425	0.2527224470251633	NA	0.4174558428683909	NA	NA	NA	NA	NA	NA	NA	all_zero_expression_profile
TRD	Pbre1_13G334600	Pbre1_16G339800	Prupe.1G020600.1	7.766564333333333	0.48958583333333333	6.6672835	0.740443311382309	0.6093108225769803	0.846947623877265	0.2774459708599882	0.2985245044608584	0.27499170021457653	Conservation	Specialization	Specialization	discordant	classified
TRD	Pbre1_05G169600	Pbre1_16G340000	Prupe.8G136900.1	11.521389166666667	0.0	10.819423333333333	0.4625497968229351	NA	0.5798067419899616	NA	NA	NA	NA	NA	NA	NA	all_zero_expression_profile
TRD	Pbre1_13G340000	Pbre1_16G343800	Prupe.1G023500.1	0.07301316666666667	0.3454465	3.040715666666667	0.9692468955345739	0.8733314945862031	0.8512136113969717	0.8096870797729693	0.6232070679164345	0.6499812914588516	Specialization	Specialization	Specialization	Specialization	classified
TRD	Pbre1_13G343600	Pbre1_16G348000	Prupe.1G027000.1	89.00896983333334	6.642290333333333	62.24347983333333	0.8428337048196269	0.8502773408848785	0.6129688866775853	0.35131479457661946	0.4746660466941344	0.32361603140041867	Neofunctionalization(Child)	Neofunctionalization(Child)	Neofunctionalization(Child)	Neofunctionalization(Child)	classified
TRD	Pbre1_13G046600	Pbre1_16G351800	Prupe.1G324900.1	177.3451295	0.0	36.647339833333334	0.8036889637636009	NA	0.6346103252199853	NA	NA	NA	NA	NA	NA	NA	all_zero_expression_profile
TRD	Pbre1_12G226400	Pbre1_16G358200	Prupe.6G247300.1	34.104200166666665	0.0	82.528694	0.727652884616672	NA	0.5077100383493157	NA	NA	NA	NA	NA	NA	NA	all_zero_expression_profile
TRD	Pbre1_13G359200	Pbre1_16G360600	Prupe.1G037500.1	18.180505	4.326298166666667	66.2913275	0.2672569998566465	0.356597425518545	0.8335530469296433	0.3848463109930579	0.3931410757381811	0.383480662113231	Neofunctionalization(Child)	Conservation	Conservation	discordant	classified
TRD	Pbre1_07G222800	Pbre1_16G361400	Prupe.2G175700.1	NA	NA	NA	NA	NA	NA	NA	NA	NA	NA	NA	NA	NA	missing_expression_record
TRD	Pbre1_10G484600	Pbre1_16G365400	Prupe.4G059200.1	5.742394333333333	0.8936951666666666	15.114297333333333	0.6710246359206904	0.6840787269601161	0.9501918094914779	0.5870256729714978	0.7310556216073978	0.6026795241980303	Specialization	Specialization	Specialization	Specialization	classified
TRD	Pbre1_16G057200	Pbre1_16G369200	Prupe.1G321400.1	14.703330833333332	0.0	18.279919833333334	0.5035955615142622	NA	0.6074822601798512	NA	NA	NA	NA	NA	NA	NA	all_zero_expression_profile
TRD	Pbre1_13G367400	Pbre1_16G369600	Prupe.1G042400.1	13.420989	0.0	2.5468365	0.6269583626477824	NA	0.8278768159581495	NA	NA	NA	NA	NA	NA	NA	all_zero_expression_profile
TRD	Pbre1_05G244400	Pbre1_16G370000	Prupe.8G177700.1	24.691416333333333	0.0	26.219890333333332	0.31687399673052286	NA	0.41396793613307886	NA	NA	NA	NA	NA	NA	NA	all_zero_expression_profile
TRD	Pbre1_01G239400	Pbre1_16G370400	Prupe.2G225600.1	183.44678966666666	0.5581788333333333	209.2827265	0.44551333882689476	0.8594544577293968	0.3409307857550628	0.17929377390621423	0.45149317871013384	0.1794969281391789	Neofunctionalization(Child)	Neofunctionalization(Child)	Neofunctionalization(Child)	Neofunctionalization(Child)	classified
TRD	Pbre1_04G188800	Pbre1_16G376400	Prupe.6G246300.1	63.399975	0.0	85.83009116666666	0.28855483915394564	NA	0.3855924840409436	NA	NA	NA	NA	NA	NA	NA	all_zero_expression_profile
TRD	Pbre1_13G380400	Pbre1_16G381800	Prupe.1G051200.1	10.240051000000001	5.505773	11.269517833333333	0.40988917027588034	0.4983688889087121	0.29866276594801655	0.13128190688774105	0.17655746221780116	0.12714951674127017	Conservation	Conservation	Conservation	Conservation	classified
TRD	Pbre1_13G386800	Pbre1_16G388800	Prupe.1G057600.1	16.642015333333333	0.45527566666666663	7.237957	0.4234506005941315	0.6639721905259016	0.5329838292005773	0.1650000593154693	0.22234680755532524	0.16301454267000198	Conservation	Specialization	Specialization	discordant	classified
TRD	Pbre1_02G277200	Pbre1_16G392800	Prupe.6G225900.1	193.59870966666668	0.014866166666666666	68.405986	0.4801068042051946	1.0	0.48177406650632887	0.25343973287088817	0.9865669877773268	0.25342334241795017	Neofunctionalization(Child)	Neofunctionalization(Child)	Neofunctionalization(Child)	Neofunctionalization(Child)	classified
TRD	Pbre1_02G225600	Pbre1_16G394400	Prupe.7G155200.1	2.8736748333333333	0.0	25.070352	0.3014018862063862	NA	0.7790691447156024	NA	NA	NA	NA	NA	NA	NA	all_zero_expression_profile
TRD	Pbre1_13G392000	Pbre1_16G395400	Prupe.1G063300.1	NA	NA	NA	NA	NA	NA	NA	NA	NA	NA	NA	NA	NA	missing_expression_record
TRD	Pbre1_15G080400	Pbre1_16G395600	Prupe.1G397300.1	7.433827	0.0	14.521786833333334	0.327343321327927	NA	0.6146053382203384	NA	NA	NA	NA	NA	NA	NA	all_zero_expression_profile
TRD	Pbre1_02G315600	Pbre1_16G399000	Prupe.2G147100.1	10.1477595	0.025569166666666667	15.052509833333334	0.5322069341108497	0.8367672128042429	0.8276117914320628	0.4817483368352038	0.788003265126737	0.4818845510664457	Specialization	Neofunctionalization(Child)	Neofunctionalization(Child)	discordant	classified
TRD	Pbre1_11G119400	Pbre1_16G399600	Prupe.6G061700.1	NA	NA	NA	NA	NA	NA	NA	NA	NA	NA	NA	NA	NA	missing_expression_record
TRD	Pbre1_09G487400	Pbre1_16G403000	Prupe.3G003200.1	8.086514333333334	0.04101433333333333	51.21775866666667	0.49567940092717455	0.9541217671067947	0.6478622785512067	0.2739009369071116	0.7019372972145863	0.27167868187171085	Neofunctionalization(Child)	Neofunctionalization(Child)	Neofunctionalization(Child)	Neofunctionalization(Child)	classified
TRD	Pbre1_07G484800	Pbre1_16G403200	Prupe.2G316400.1	280.45790266666666	1.4438428333333333	198.45260666666667	0.5821354751866858	0.76950449115224	0.5509234103881842	0.2083583716378133	0.3213310414376804	0.20844767056818908	Conservation	Neofunctionalization(Child)	Neofunctionalization(Child)	discordant	classified
TRD	Pbre1_16G413800	Pbre1_16G407000	Prupe.1G072300.1	0.0915445	0.0	0.0	0.9333001536784502	NA	NA	NA	NA	NA	NA	NA	NA	NA	all_zero_expression_profile
TRD	Pbre1_05G059200	Pbre1_16G408600	Prupe.8G045900.1	19.056488666666667	0.24596866666666664	34.980852	0.41354268214714895	1.0	0.14897554276882566	0.15119271594014355	0.9215812514073989	0.14721953948313998	Neofunctionalization(Child)	Neofunctionalization(Child)	Neofunctionalization(Child)	Neofunctionalization(Child)	classified
TRD	Pbre1_16G018800	Pbre1_16G413400	Prupe.1G341200.1	22.376641166666666	0.0	32.61365033333333	0.10657566079928375	NA	0.5585004227666669	NA	NA	NA	NA	NA	NA	NA	all_zero_expression_profile
TRD	Pbre1_09G271600	Pbre1_16G414200	Prupe.3G020000.1	10.908259833333332	0.0	28.242268333333335	0.29725941559946245	NA	0.53879571257662	NA	NA	NA	NA	NA	NA	NA	all_zero_expression_profile
TRD	Pbre1_02G206200	Pbre1_16G415600	Prupe.7G165600.1	52.71849683333333	0.21436416666666666	126.14570416666666	0.31386403890951514	0.9429290678221868	0.7563148174155125	0.37673246152977397	0.7752306532004732	0.37699828265728863	Neofunctionalization(Child)	Neofunctionalization(Child)	Neofunctionalization(Child)	Neofunctionalization(Child)	classified
TRD	Pbre1_13G412000	Pbre1_16G421400	Prupe.1G077100.1	4.003378166666667	1.1321818333333333	2.513704333333333	0.3128962100189162	0.3291696071060244	0.5837990860490723	0.12174557603445851	0.21055078394825508	0.1385841229810085	Conservation	Neofunctionalization(Child)	Conservation	discordant	classified
TRD	Pbre1_13G412000	Pbre1_16G421600	Prupe.1G077100.1	4.003378166666667	0.8837968333333333	2.513704333333333	0.3128962100189162	0.4703898546567024	0.5837990860490723	0.12174557603445851	0.25766372546371963	0.14220092212766572	Conservation	Neofunctionalization(Child)	Neofunctionalization(Child)	discordant	classified
TRD	Pbre1_13G412400	Pbre1_16G422200	Prupe.1G077400.1	47.11967033333333	5.371983666666667	34.03093066666666	0.6271386880760085	0.5350371030701814	0.41911661014550816	0.267860750733705	0.15223353063021663	0.2399037488910793	Conservation	Conservation	Conservation	Conservation	classified
TRD	Pbre1_13G412400	Pbre1_16G422400	Prupe.1G077400.1	47.11967033333333	3.9009661666666666	34.03093066666666	0.6271386880760085	0.573799742331582	0.41911661014550816	0.267860750733705	0.1446894896600167	0.24437322949814116	Conservation	Conservation	Conservation	Conservation	classified
TRD	Pbre1_11G108400	Pbre1_16G424000	Prupe.6G057400.1	48.60248566666667	0.0	66.809482	0.1945239215126759	NA	0.3435453244590757	NA	NA	NA	NA	NA	NA	NA	all_zero_expression_profile
TRD	Pbre1_03G410000	Pbre1_16G426800	Prupe.4G157700.1	4.603058666666667	0.08528	3.600788666666667	0.990144133688443	0.9028605939536126	0.7738382559521114	0.8063411109846776	0.8346720502109252	0.7910196792912573	Specialization	Specialization	Specialization	Specialization	classified
TRD	Pbre1_05G259000	Pbre1_16G433600	Prupe.8G182300.1	397.2188433333333	0.0	492.7702561666667	0.41697071205110614	NA	0.7538714182097742	NA	NA	NA	NA	NA	NA	NA	all_zero_expression_profile
TRD	Pbre1_01G113600	Pbre1_16G435000	Prupe.6G210900.1	8.377898	0.053037	117.51408133333334	0.48591328616214274	0.8213896490184414	0.9185178529488265	0.581702284955941	0.7185078118930969	0.5817122249299034	Specialization	Neofunctionalization(Child)	Neofunctionalization(Child)	discordant	classified
TRD	Pbre1_06G040800	Pbre1_16G435600	Prupe.5G025900.1	50.932202	0.3412366666666667	124.11341433333332	0.49380888766108944	0.6259567411012809	0.5668736537635701	0.31075258061443634	0.27929141738108193	0.3089117469458662	Conservation	Neofunctionalization(Child)	Neofunctionalization(Child)	discordant	classified
TRD	Pbre1_16G481000	Pbre1_16G436000	Prupe.6G211100.1	29.346097166666667	0.2586905	11.848604	0.25502289123739985	1.0	0.3517420629319271	0.1850670423163766	0.9817388300508751	0.18552693169145892	Neofunctionalization(Child)	Neofunctionalization(Child)	Neofunctionalization(Child)	Neofunctionalization(Child)	classified
TRD	Pbre1_13G486800	Pbre1_16G438000	Prupe.1G002500.1	106.58587166666668	0.0	327.64829633333335	0.8376655519146737	NA	0.5809502429172033	NA	NA	NA	NA	NA	NA	NA	all_zero_expression_profile
TRD	Pbre1_11G157600	Pbre1_16G440400	Prupe.6G080000.1	6.921614666666667	0.0	17.356967333333333	0.47187108883090423	NA	0.4954631086208073	NA	NA	NA	NA	NA	NA	NA	all_zero_expression_profile
TRD	Pbre1_01G204800	Pbre1_16G441400	Prupe.2G206100.1	6.264842166666667	0.0	16.490849666666666	0.5819712916048492	NA	0.7042590963004749	NA	NA	NA	NA	NA	NA	NA	all_zero_expression_profile
TRD	Pbre1_07G494800	Pbre1_16G442400	Prupe.2G321000.1	133.55297416666667	0.07718583333333333	549.9486488333333	0.28978648568061444	0.7385715210904145	0.6072765171119004	0.22536187849241635	0.225471002554117	0.22519148747383744	Conservation	Neofunctionalization(Child)	Neofunctionalization(Child)	discordant	classified
TRD	Pbre1_13G030600	Pbre1_16G443200	Prupe.1G335200.1	0.026819	0.0	56.440661666666664	0.8079284635251692	NA	0.6778293479842035	NA	NA	NA	NA	NA	NA	NA	all_zero_expression_profile
TRD	Pbre1_04G362600	Pbre1_16G446800	Prupe.6G337200.1	22.992600666666668	2.898744833333333	21.931297166666667	0.4735491807763276	0.6938220569996523	0.3898424454351942	0.13408080971012454	0.256547128713631	0.11431598776386027	Conservation	Neofunctionalization(Child)	Conservation	discordant	classified
TRD	Pbre1_04G362600	Pbre1_16G447000	Prupe.6G337200.1	22.992600666666668	3.6760686666666667	21.931297166666667	0.4735491807763276	0.66703579113055	0.3898424454351942	0.13408080971012454	0.23129728157535648	0.11610037462550166	Conservation	Neofunctionalization(Child)	Neofunctionalization(Child)	discordant	classified
TRD	Pbre1_11G403800	Pbre1_16G450400	Prupe.4G182900.1	3.2682245	0.0	19.5236015	0.5684108255605983	NA	0.4807226777306381	NA	NA	NA	NA	NA	NA	NA	all_zero_expression_profile
TRD	Pbre1_17G469000	Pbre1_16G451800	Prupe.3G113800.1	9.194549333333333	7.963347333333334	310.4656003333333	0.7557659545676152	0.6262678446687162	0.668548334032459	0.4565894620083705	0.23138068281304625	0.22192964366650425	Neofunctionalization(Parent)	Conservation	Conservation	discordant	classified
TRD	Pbre1_16G018800	Pbre1_16G454400	Prupe.1G341200.1	22.376641166666666	5.8441095	32.61365033333333	0.10657566079928375	0.4794936207387045	0.5585004227666669	0.1525232146652	0.21900776119056417	0.15426312528877528	Conservation	Conservation	Conservation	Conservation	classified
TRD	Pbre1_06G066800	Pbre1_16G458600	Prupe.5G045100.1	65.09959616666667	1.5583238333333334	28.452578166666665	0.5444705771152538	0.37098307819849535	0.7887354338929831	0.48689983241760265	0.37309874561122075	0.48317905932482985	Neofunctionalization(Parent)	Neofunctionalization(Child)	Conservation	discordant	classified
TRD	Pbre1_03G261800	Pbre1_16G460600	Prupe.4G270300.1	16.655878833333333	4.180703666666667	26.049771833333335	0.2662232372097647	0.6213354704329818	0.41799764416599866	0.18315216679493965	0.2597826209240352	0.174972599032137	Conservation	Conservation	Conservation	Conservation	classified
TRD	Pbre1_13G018800	Pbre1_16G460800	Prupe.1G342300.1	2.7120088333333334	0.873812	0.9016161666666667	0.570700706161076	0.7773908669703916	0.82169567453656	0.5078318304026919	0.5548812964888314	0.49415446810762	Specialization	Specialization	Specialization	Specialization	classified
TRD	Pbre1_06G061800	Pbre1_16G461200	Prupe.5G031800.1	17.539734	17.256715833333335	9.881148	0.7201121871054597	0.506536302024615	0.6090469307551848	0.3181506792908061	0.18869534027135146	0.24948101486730304	Conservation	Conservation	Conservation	Conservation	classified
TRD	Pbre1_16G466000	Pbre1_16G463400	Prupe.5G034200.1	0.0243935	2.9713196666666666	2.2301861666666665	1.0	0.27414132548797615	0.6493523846442221	0.9322866273256359	0.32197280564584635	0.32226747024293906	Neofunctionalization(Parent)	Specialization	Neofunctionalization(Parent)	discordant	classified
TRD	Pbre1_07G377000	Pbre1_16G469000	Prupe.2G260200.1	0.7653958333333333	0.0	4.219257333333333	0.791999598429611	NA	0.6086343601632522	NA	NA	NA	NA	NA	NA	NA	all_zero_expression_profile
TRD	Pbre1_11G330800	Pbre1_16G469200	Prupe.4G231300.1	48.50903133333333	0.0	67.90232416666666	0.49634848315598434	NA	0.471868213372485	NA	NA	NA	NA	NA	NA	NA	all_zero_expression_profile
TRD	Pbre1_06G046600	Pbre1_16G476000	Prupe.5G043100.1	42.4355685	0.0	21.293329166666666	0.7965475144028794	NA	0.7330354203996929	NA	NA	NA	NA	NA	NA	NA	all_zero_expression_profile
TRD	Pbre1_13G486800	Pbre1_16G476400	Prupe.1G002500.1	106.58587166666668	0.6959861666666667	327.64829633333335	0.8376655519146737	0.9965213522828215	0.5809502429172033	0.297186720613759	0.8278701355906634	0.29399905785579206	Neofunctionalization(Child)	Neofunctionalization(Child)	Neofunctionalization(Child)	Neofunctionalization(Child)	classified
TRD	Pbre1_07G264600	Pbre1_16G476800	Prupe.2G193700.1	15.358252333333333	0.09711266666666667	40.75928666666667	0.5571856007140963	0.7710997508345387	0.6756962319981012	0.3439343366666046	0.6505454880530999	0.3443518738041325	Neofunctionalization(Child)	Neofunctionalization(Child)	Neofunctionalization(Child)	Neofunctionalization(Child)	classified
TRD	Pbre1_06G043400	Pbre1_16G478400	Prupe.5G029000.1	3.6058026666666665	0.0	8.146864333333333	0.7850695496283382	NA	0.7440175963146173	NA	NA	NA	NA	NA	NA	NA	all_zero_expression_profile
TRD	Pbre1_06G042200	Pbre1_16G479000	Prupe.5G029700.1	8.336143	3.4386281666666667	43.81328716666667	0.29213761205031596	0.4074008125846122	0.26217804633479636	0.08578772501893686	0.1879104564820773	0.09038608839569615	Conservation	Conservation	Conservation	Conservation	classified
TRD	Pbre1_05G156200	Pbre1_16G490000	Prupe.8G127600.1	35.158011	0.15259916666666665	71.32574916666667	0.7063109612527315	0.8736568031308586	0.6636665709184634	0.29655874875628135	0.579649461975583	0.29561293429183394	Neofunctionalization(Child)	Neofunctionalization(Child)	Neofunctionalization(Child)	Neofunctionalization(Child)	classified
TRD	Pbre1_08G257200	Pbre1_16G491200	Prupe.1G485400.1	6.544246333333334	0.0	0.018608666666666666	0.9800608932359731	NA	1.0	NA	NA	NA	NA	NA	NA	NA	all_zero_expression_profile
TRD	Pbre1_15G109800	Pbre1_16G492600	Prupe.1G412100.1	81.61142666666667	0.0	228.1085235	0.9447388934506137	NA	0.883683954368597	NA	NA	NA	NA	NA	NA	NA	all_zero_expression_profile
TRD	Pbre1_06G016200	Pbre1_16G496200	Prupe.5G010800.1	19.528279166666668	1.8075965	33.036590833333335	0.3216148163458063	0.5156575441651798	0.29694297502072564	0.14155692590945862	0.15252119892977778	0.11991344255516774	Conservation	Neofunctionalization(Child)	Neofunctionalization(Child)	discordant	classified
TRD	Pbre1_06G003600	Pbre1_16G502200	Prupe.5G002400.1	19.325211833333334	5.517382666666666	48.627682	0.7892281642843313	0.5093938412183299	0.6321243244172752	0.5806046215610015	0.3619789332373328	0.5089991980395392	Neofunctionalization(Parent)	Conservation	Conservation	discordant	classified
TRD	Pbre1_04G248800	Pbre1_16G504600	Prupe.6G277500.1	207.64366716666666	0.40496916666666666	346.0445476666667	0.7094958700391109	0.5503107649403136	0.6536892169882003	0.3033986383077018	0.4367872661435613	0.302884583896968	Neofunctionalization(Child)	Neofunctionalization(Child)	Neofunctionalization(Child)	Neofunctionalization(Child)	classified
TRD	Pbre1_14G007600	Pbre1_17G014800	Prupe.7G006200.1	25.092854166666665	3.840742166666667	28.967857333333335	0.19817634136542076	0.5170727999301794	0.3237023355322307	0.1212988066400067	0.2736925782533785	0.1314502388226506	Conservation	Conservation	Conservation	Conservation	classified
TRD	Pbre1_08G281800	Pbre1_17G015800	Prupe.1G501700.1	72.39654716666666	0.0	8.814698166666666	0.426208273553409	NA	0.5074972697973166	NA	NA	NA	NA	NA	NA	NA	all_zero_expression_profile
TRD	Pbre1_09G032800	Pbre1_17G033800	Prupe.3G298100.1	16.958149333333335	4.473781166666667	14.960819166666667	0.4048933775847203	0.3764905134086076	0.4041130367143939	0.11902142790489069	0.2096335425931706	0.12868974349286064	Conservation	Conservation	Conservation	Conservation	classified
TRD	Pbre1_09G039200	Pbre1_17G039200	Prupe.3G294300.1	NA	NA	NA	NA	NA	NA	NA	NA	NA	NA	NA	NA	NA	missing_expression_record
TRD	Pbre1_09G063400	Pbre1_17G040600	Prupe.3G280100.1	28.6630505	0.0	6.724962666666666	0.9458411739646694	NA	0.5871910679754677	NA	NA	NA	NA	NA	NA	NA	all_zero_expression_profile
TRD	Pbre1_07G472000	Pbre1_17G041000	Prupe.2G310800.1	24.937157833333334	0.012992333333333333	188.57021400000002	0.3356751461877162	1.0	0.8905947215044108	0.4781573945826252	1.10987948390473	0.47822453764434497	Specialization	Neofunctionalization(Child)	Neofunctionalization(Child)	discordant	classified
TRD	Pbre1_01G393800	Pbre1_17G049200	Prupe.2G308300.1	0.3886175	0.003297666666666667	1.7205136666666667	0.9503176303730129	1.0	0.825988976490353	0.9420205319441418	1.02172554995301	0.9367332457586552	Specialization	Specialization	Specialization	Specialization	classified
TRD	Pbre1_09G047200	Pbre1_17G049600	Prupe.3G290300.1	7.9399983333333335	2.9985791666666666	8.694569333333334	0.26935840414076995	0.4299030373746769	0.5590533226597791	0.15419754366399996	0.2444632205168516	0.17018100722118615	Conservation	Conservation	Conservation	Conservation	classified
TRD	Pbre1_07G504800	Pbre1_17G068800	Prupe.2G325300.1	20.560544666666665	0.9436311666666666	111.596582	0.304536802609637	0.863210488574334	0.31813306317736245	0.14357083163823103	0.5238551062780441	0.1417029774202143	Neofunctionalization(Child)	Neofunctionalization(Child)	Neofunctionalization(Child)	Neofunctionalization(Child)	classified
TRD	Pbre1_11G473800	Pbre1_17G071400	Prupe.8G240900.1	6.598808666666667	16.654824333333334	7.679191666666667	0.4311804084159389	0.5634689087303647	0.5596376957928297	0.2522625743605906	0.3382247793891486	0.2979532572139194	Conservation	Conservation	Conservation	Conservation	classified
TRD	Pbre1_12G014800	Pbre1_17G075800	Prupe.7G009400.1	NA	NA	NA	NA	NA	NA	NA	NA	NA	NA	NA	NA	NA	missing_expression_record
TRD	Pbre1_05G568800	Pbre1_17G082400	Prupe.4G022300.1	16.3035815	0.0	15.8922865	0.23440400130889474	NA	0.4986046012465227	NA	NA	NA	NA	NA	NA	NA	all_zero_expression_profile
TRD	Pbre1_15G276800	Pbre1_17G090200	Prupe.7G260100.1	37.143045666666666	0.0	40.957302999999996	0.4039038733094972	NA	0.45405345106320316	NA	NA	NA	NA	NA	NA	NA	all_zero_expression_profile
TRD	Pbre1_09G091000	Pbre1_17G091800	Prupe.3G264700.1	NA	NA	NA	NA	NA	NA	NA	NA	NA	NA	NA	NA	NA	missing_expression_record
TRD	Pbre1_10G174200	Pbre1_17G100800	Prupe.8G136800.1	1.6283653333333334	0.0	2.6208286666666667	0.8183970412876915	NA	0.9049477489208761	NA	NA	NA	NA	NA	NA	NA	all_zero_expression_profile
TRD	Pbre1_09G204200	Pbre1_17G102800	Prupe.3G202500.1	0.8400065	28.766356666666667	23.645870166666665	0.9161874128402241	0.3450044912516323	0.9244508325786456	0.9562858962030498	0.7402847588759426	0.7409377847909271	Specialization	Specialization	Neofunctionalization(Parent)	Specialization	classified
TRD	Pbre1_05G048200	Pbre1_17G107400	Prupe.8G038700.1	14.805436666666667	2.122747	20.700211166666666	0.7484251454656713	0.8092830418814566	0.49596981407840807	0.20346733660264524	0.3684533244133572	0.21553353679871404	Conservation	Neofunctionalization(Child)	Neofunctionalization(Child)	discordant	classified
TRD	Pbre1_02G174600	Pbre1_17G108000	Prupe.7G181700.1	12.511818166666666	1.4703291666666667	24.744254333333334	0.22404580571960472	0.6116745781610744	0.3504228314535913	0.13036763836443882	0.30660362469921376	0.1381186360745712	Conservation	Neofunctionalization(Child)	Neofunctionalization(Child)	discordant	classified
TRD	Pbre1_17G117400	Pbre1_17G112800	Prupe.3G251100.1	31.550450166666668	24.781837666666664	30.655917166666665	0.8944600054297542	0.9955573905933317	0.7593505352294613	0.27724640945005297	0.5931842102277005	0.4073217792536344	Neofunctionalization(Child)	Neofunctionalization(Child)	Neofunctionalization(Child)	Neofunctionalization(Child)	classified
TRD	Pbre1_01G279200	Pbre1_17G124800	Prupe.2G247900.1	1.3877535	9.246710499999999	5.8215855	0.6762687077867919	0.6391091522485395	0.9021003878548395	0.6770174610029489	0.3598878832760907	0.3902740822227655	Neofunctionalization(Parent)	Specialization	Specialization	discordant	classified
TRD	Pbre1_06G066400	Pbre1_17G125400	Prupe.5G044300.1	245.66197933333333	95.92313083333333	346.5368148333333	0.6719224417683068	0.6796809743505567	0.7008995033067386	0.5122901067903408	0.5822440468663722	0.49381546506065194	Specialization	Conservation	Conservation	discordant	classified
TRD	Pbre1_17G290600	Pbre1_17G136600	Prupe.3G023700.1	5.3938235	0.010691333333333334	26.0067625	0.6138288854668493	0.9333610441433203	0.706723312139068	0.5528568080320657	0.9615032200694625	0.5527329955583998	Specialization	Specialization	Neofunctionalization(Child)	Specialization	classified
TRD	Pbre1_09G138600	Pbre1_17G137800	Prupe.3G239800.1	6.432500666666667	4.4043025	30.2972365	0.27251305799105796	0.4009903181457137	0.38592190415993777	0.15788305052418714	0.1471903669572919	0.14288483610585875	Conservation	Conservation	Conservation	Conservation	classified
TRD	Pbre1_09G143600	Pbre1_17G142200	Prupe.3G237700.1	12.536305166666667	0.5728738333333333	16.367993	0.2833145581267782	0.47020349840175885	0.38963026989025207	0.17005659491816275	0.16734952599331832	0.16320928607044646	Conservation	Neofunctionalization(Child)	Neofunctionalization(Child)	discordant	classified
TRD	Pbre1_02G386400	Pbre1_17G152600	Prupe.2G096600.1	1.9990329999999998	9.046735666666667	12.670369333333333	0.6238429673758988	0.6148828815310722	0.5619937709344935	0.3361963368537433	0.2130063136445161	0.2266627757766637	Conservation	Neofunctionalization(Parent)	Conservation	discordant	classified
TRD	Pbre1_05G528600	Pbre1_17G152800	Prupe.4G045900.1	5.009983833333333	13.739084333333333	6.527938	0.23016287089493578	0.4876066624969348	0.2958040991850087	0.0700169356993113	0.13678864966550322	0.10910974939331113	Conservation	Conservation	Conservation	Conservation	classified
TRD	Pbre1_03G041400	Pbre1_17G159200	Prupe.6G025300.1	40.95852466666667	0.0	30.806280166666667	0.3100780734002727	NA	0.3819143214900181	NA	NA	NA	NA	NA	NA	NA	all_zero_expression_profile
TRD	Pbre1_07G341400	Pbre1_17G164800	Prupe.2G239700.1	347.48379366666666	0.1342605	199.36652716666666	0.5620013543920018	1.0	0.6160536417151555	0.2488196237607885	1.070910279360438	0.24876430700629906	Neofunctionalization(Child)	Neofunctionalization(Child)	Neofunctionalization(Child)	Neofunctionalization(Child)	classified
TRD	Pbre1_11G198400	Pbre1_17G166400	Prupe.6G098200.1	96.71644133333334	0.0	90.95427983333333	0.46248696266647055	NA	0.5863779837428289	NA	NA	NA	NA	NA	NA	NA	all_zero_expression_profile
TRD	Pbre1_12G057000	Pbre1_17G173400	Prupe.7G101500.1	91.2257605	0.0	27.250482833333333	0.19140112269469428	NA	0.6164154013634577	NA	NA	NA	NA	NA	NA	NA	all_zero_expression_profile
TRD	Pbre1_17G495200	Pbre1_17G179400	Prupe.3G007100.1	17.655721166666666	0.029936333333333332	48.191224	0.3253196771089252	1.0	0.44814412820717814	0.12442798930196158	0.9382809820273649	0.12438340836983344	Neofunctionalization(Child)	Neofunctionalization(Child)	Neofunctionalization(Child)	Neofunctionalization(Child)	classified
TRD	Pbre1_16G013000	Pbre1_17G181000	Prupe.1G344300.1	21.738113666666667	1.6153283333333333	37.113987333333334	0.46161250614491733	0.5584542220389397	0.485663318472967	0.2759302533789993	0.1680843992113896	0.25367343914502277	Conservation	Neofunctionalization(Child)	Neofunctionalization(Child)	discordant	classified
TRD	Pbre1_09G194000	Pbre1_17G189600	Prupe.3G208000.1	2.8778535	1.041206	4.7907831666666665	0.4447029737725634	0.5363852580478969	0.5745857443872862	0.20412998059660453	0.17442391204316893	0.15511979747848867	Conservation	Specialization	Neofunctionalization(Child)	discordant	classified
TRD	Pbre1_16G142200	Pbre1_17G201600	Prupe.1G267700.1	17.901708166666666	3.0128478333333333	45.9169155	0.5272960533081412	0.7685375732939004	0.5252211649125187	0.23574266757102608	0.4491992824735589	0.2213067668247671	Neofunctionalization(Child)	Neofunctionalization(Child)	Conservation	Neofunctionalization(Child)	classified
TRD	Pbre1_09G224000	Pbre1_17G218000	Prupe.3G192300.1	7.065661833333333	3.650094	7.857168333333334	0.3435945499009943	0.6717006747583636	0.39501731481649865	0.2346285221302106	0.4821202623912948	0.31270643763628075	Neofunctionalization(Child)	Neofunctionalization(Child)	Neofunctionalization(Child)	Neofunctionalization(Child)	classified
TRD	Pbre1_16G087000	Pbre1_17G221000	Prupe.1G304800.1	0.8964798333333334	0.18135849999999998	6.735166166666667	0.9055718993557631	0.9889681333738014	0.8204863121120199	0.755671713118617	1.0952853118076253	0.7039397097649747	Specialization	Specialization	Specialization	Specialization	classified
TRD	Pbre1_05G452400	Pbre1_17G224200	Prupe.4G091400.1	4.359045666666667	0.109972	6.102464333333334	0.5664178577497749	0.7637445536829996	0.7428404513214317	0.2589875426338404	0.6302916422061138	0.2577066459130567	Neofunctionalization(Child)	Neofunctionalization(Child)	Neofunctionalization(Child)	Neofunctionalization(Child)	classified
TRD	Pbre1_09G230600	Pbre1_17G226400	Prupe.3G187700.1	0.41357299999999997	0.23027266666666668	1.146209	0.5571803825668871	0.38534652531279845	0.6164596095421494	0.3229280425477855	0.2595497174352203	0.27207466735677727	Conservation	Specialization	Specialization	discordant	classified
TRD	Pbre1_16G471600	Pbre1_17G227000	Prupe.5G039100.1	21.950355666666667	0.1289265	63.398181666666666	0.4289733762439482	1.0	0.3913817830139176	0.1746267188575858	0.9298830228341662	0.1722273395795757	Neofunctionalization(Child)	Neofunctionalization(Child)	Neofunctionalization(Child)	Neofunctionalization(Child)	classified
TRD	Pbre1_10G442000	Pbre1_17G229200	Prupe.4G083400.1	19.896348833333334	0.8034271666666667	61.1215775	0.39919520448586654	0.7144672857660852	0.42267411389743204	0.23346742675291923	0.29756544663066253	0.21765242300671453	Conservation	Neofunctionalization(Child)	Neofunctionalization(Child)	discordant	classified
TRD	Pbre1_09G235400	Pbre1_17G230200	Prupe.3G185700.1	1.4510393333333333	0.0364965	2.8239780000000003	0.7627740246800493	1.0	0.6627337438750883	0.4677733765529824	0.9948768657865914	0.47827052379490054	Specialization	Specialization	Neofunctionalization(Child)	Specialization	classified
TRD	Pbre1_09G242400	Pbre1_17G236000	Prupe.3G180100.1	10.530504333333333	0.032001	8.0881905	0.9179529147665783	0.9540765028722198	0.5378188201818868	0.4667102407453488	0.7262565810079146	0.46434301216595886	Specialization	Specialization	Neofunctionalization(Child)	Specialization	classified
TRD	Pbre1_10G318600	Pbre1_17G239000	Prupe.8G220100.1	0.2491565	0.0	1.1896038333333334	0.8610057994183574	NA	0.7255970146525685	NA	NA	NA	NA	NA	NA	NA	all_zero_expression_profile
TRD	Pbre1_09G246800	Pbre1_17G240200	Prupe.3G177800.1	3.9535406666666666	28.300697833333334	5.296646666666667	0.35535524582520084	0.9174311846454561	0.6967830730994227	0.2029540594939597	0.7818141683987669	0.7023779991255708	Neofunctionalization(Child)	Conservation	Conservation	discordant	classified
TRD	Pbre1_05G548200	Pbre1_17G242800	Prupe.4G034100.1	0.7336345	1.3909626666666666	1.8900711666666665	0.5563866294498926	0.9678171331406678	0.6611859686516117	0.34896913759386383	0.9935474266758206	0.7123332047771246	Neofunctionalization(Child)	Specialization	Specialization	discordant	classified
TRD	Pbre1_09G252400	Pbre1_17G246600	Prupe.3G173600.1	0.9702088333333334	0.0	0.4955925	0.9544522627394235	NA	0.8954948718434483	NA	NA	NA	NA	NA	NA	NA	all_zero_expression_profile
TRD	Pbre1_14G189400	Pbre1_17G250600	Prupe.5G097700.1	158.127411	0.15374533333333332	625.1173373333334	0.4713521339357161	0.7276278259979005	0.7120022110347213	0.36261948553932327	0.4996516162326409	0.3624869252575468	Neofunctionalization(Child)	Neofunctionalization(Child)	Neofunctionalization(Child)	Neofunctionalization(Child)	classified
TRD	Pbre1_16G484000	Pbre1_17G261600	Prupe.5G024900.1	38.412017666666664	0.4614623333333333	28.06754	0.4257038506729078	0.9483991738022995	0.6604091195583079	0.3273865603006582	0.7538674321002573	0.3283308133249526	Neofunctionalization(Child)	Neofunctionalization(Child)	Neofunctionalization(Child)	Neofunctionalization(Child)	classified
TRD	Pbre1_02G176800	Pbre1_17G262000	Prupe.7G180700.1	28.713326333333335	0.0	260.18193716666667	0.6322028406080138	NA	0.4096824353990963	NA	NA	NA	NA	NA	NA	NA	all_zero_expression_profile
TRD	Pbre1_08G043200	Pbre1_17G264600	Prupe.1G373800.1	0.009969666666666667	0.043241	11.297484166666667	1.0	0.9573286566117151	0.5476809247286631	0.9603007148945141	0.7260753106981629	0.5837869406731244	Specialization	Specialization	Specialization	Specialization	classified
TRD	Pbre1_08G044000	Pbre1_17G264800	Prupe.1G374300.1	14.249294333333333	2.9986966666666666	11.888249333333334	0.20032188890757788	0.42439978015109225	0.46857037619363817	0.15709920249322853	0.22959284682097783	0.16784132995426604	Conservation	Neofunctionalization(Child)	Conservation	discordant	classified
TRD	Pbre1_08G043800	Pbre1_17G265000	Prupe.1G374200.1	3.0024635	2.173342	5.856544	0.8837197988458045	0.8355442952358926	0.8263311672706036	0.19808973258374638	0.19667609435371142	0.19032831851436627	Conservation	Specialization	Specialization	discordant	classified
TRD	Pbre1_15G039000	Pbre1_17G265200	Prupe.1G374100.1	24.164521333333333	0.0	12.9178625	0.5768394276290647	NA	0.3242524915817384	NA	NA	NA	NA	NA	NA	NA	all_zero_expression_profile
TRD	Pbre1_08G043600	Pbre1_17G265400	Prupe.1G374100.1	0.0	0.0	12.9178625	NA	NA	0.3242524915817384	NA	NA	NA	NA	NA	NA	NA	all_zero_expression_profile
TRD	Pbre1_17G107800	Pbre1_17G273400	Prupe.3G257100.1	1.1276256666666666	0.19088633333333335	11.033671	0.8981375848433324	1.0	0.9627812906313069	0.8822857836425239	1.309428829041626	0.861103569744306	Specialization	Specialization	Specialization	Specialization	classified
TRD	Pbre1_15G398800	Pbre1_17G280600	Prupe.7G193700.1	1.7879285	4.0481995	17.8127005	0.8556974355526192	0.5764102765541125	0.8843518656056697	0.398437572186945	0.6708534587823841	0.5107999763018869	Specialization	Specialization	Specialization	Specialization	classified
TRD	Pbre1_09G285400	Pbre1_17G282800	Prupe.3G028100.1	31.543159833333334	0.8905415	119.6439405	0.6030248725128093	0.7977097704989619	0.547054152790372	0.16263942569739437	0.5833624402514075	0.16368512278821887	Neofunctionalization(Child)	Neofunctionalization(Child)	Neofunctionalization(Child)	Neofunctionalization(Child)	classified
TRD	Pbre1_01G312800	Pbre1_17G283600	Prupe.2G266700.1	172.72403616666665	49.44339383333333	111.56411916666666	0.3033554359809383	0.40368156304560865	0.6610760841480234	0.2959071594579972	0.3769577859081298	0.31058831760006556	Conservation	Conservation	Conservation	Conservation	classified
TRD	Pbre1_09G303000	Pbre1_17G297600	Prupe.3G038800.1	21.366143666666666	4.46364	17.648035333333333	0.577913556400941	0.36062807534396846	0.34620894931492574	0.11038365261848787	0.14926848206867083	0.10630363002533176	Conservation	Conservation	Conservation	Conservation	classified
TRD	Pbre1_15G434000	Pbre1_17G300200	Prupe.7G170600.1	22.066819	0.0	7.607848333333333	0.36432498974821925	NA	0.3912628495973685	NA	NA	NA	NA	NA	NA	NA	all_zero_expression_profile
TRD	Pbre1_01G135000	Pbre1_17G301400	Prupe.2G165500.1	22.349668666666666	2.0554045	37.66242366666667	0.7507539045835053	0.5916754366385459	0.7351158061841152	0.4769902818333152	0.35240351343505516	0.4634966010904391	Neofunctionalization(Parent)	Neofunctionalization(Child)	Conservation	discordant	classified
TRD	Pbre1_08G152800	Pbre1_17G308400	Prupe.1G430600.1	10.170884333333333	0.0	4.763850833333334	0.5812461907921986	NA	0.5197036962637986	NA	NA	NA	NA	NA	NA	NA	all_zero_expression_profile
TRD	Pbre1_17G413800	Pbre1_17G310000	Prupe.3G118500.1	44.58341683333333	0.010278833333333333	72.79811966666666	0.7553610101553943	0.8758573568444012	0.7826808699155969	0.15168104634130267	0.7968008648522893	0.15162253703273917	Neofunctionalization(Child)	Neofunctionalization(Child)	Neofunctionalization(Child)	Neofunctionalization(Child)	classified
TRD	Pbre1_09G325000	Pbre1_17G310400	Prupe.3G050700.1	43.08771483333334	0.054493	32.661438833333335	0.24422622073774206	0.9249379558666408	0.4644089854512468	0.15610845188805206	0.6658631835602837	0.15633276571477114	Neofunctionalization(Child)	Neofunctionalization(Child)	Neofunctionalization(Child)	Neofunctionalization(Child)	classified
TRD	Pbre1_09G325400	Pbre1_17G315400	Prupe.3G050900.1	0.8105388333333333	0.0576495	6.5195045	0.9203608971367835	0.8209867141487468	0.8810074813589871	0.784718120461703	0.6837884292056412	0.7451438281658488	Specialization	Specialization	Specialization	Specialization	classified
TRD	Pbre1_09G406200	Pbre1_17G319200	Prupe.3G121900.1	0.00303	0.0	0.0	1.0	NA	NA	NA	NA	NA	NA	NA	NA	NA	all_zero_expression_profile
TRD	Pbre1_09G046200	Pbre1_17G320600	Prupe.3G291100.1	12.225825833333333	9.613197333333334	77.60770116666666	0.4458565650279865	0.2287200334294776	0.6922987260562969	0.3488083724651398	0.28901536821635054	0.3021411330998224	Conservation	Conservation	Conservation	Conservation	classified
TRD	Pbre1_13G449200	Pbre1_17G321800	Prupe.1G203200.1	3.408131666666667	31.260226666666668	65.15869983333333	0.5544780330397375	0.5371655484007971	0.48607400075734714	0.25656719418267415	0.22645034529230723	0.22821283949667634	Conservation	Conservation	Conservation	Conservation	classified
TRD	Pbre1_11G212400	Pbre1_17G322200	Prupe.6G106800.1	44.903874	4.634462666666667	190.62610283333333	0.4444457419188749	0.39143878356892203	0.4899270575697985	0.268889707159804	0.2051086116341071	0.25310449561360887	Conservation	Conservation	Conservation	Conservation	classified
TRD	Pbre1_04G080600	Pbre1_17G322600	Prupe.1G206800.1	0.953557	14.571855	121.87676450000001	0.6683108611064903	0.4840256417542529	0.45863182166706223	0.2181031497812945	0.13792906124453083	0.13306902588493313	Conservation	Neofunctionalization(Parent)	Neofunctionalization(Parent)	discordant	classified
TRD	Pbre1_04G081200	Pbre1_17G323000	Prupe.1G207200.1	85.0524085	4.545863166666667	69.12641316666667	0.3143387208060258	0.21540172338763836	0.5963427179709123	0.1838248725286757	0.32816199182935524	0.18848735710204392	Conservation	Conservation	Conservation	Conservation	classified
TRD	Pbre1_04G081400	Pbre1_17G323200	Prupe.1G207400.1	2.135364666666667	0.10450766666666667	5.493691166666667	0.6758156200725469	0.936823350912132	0.8723085507134355	0.5334960993900489	0.8006799549199517	0.5394971003538725	Specialization	Specialization	Neofunctionalization(Child)	Specialization	classified
TRD	Pbre1_08G018800	Pbre1_17G326600	Prupe.1G362200.1	89.05260866666667	1.5702948333333333	143.34950466666666	0.28608599329951145	0.5005251386901415	0.3552926529210638	0.062356623093447666	0.2676281954330138	0.0642176853610418	Conservation	Neofunctionalization(Child)	Conservation	discordant	classified
TRD	Pbre1_08G224000	Pbre1_17G333000	Prupe.1G463900.1	13.005993666666667	0.037421666666666666	19.9996245	0.6091071790340015	0.9744878947817746	0.7925520477419804	0.2627174852274879	0.4651459512456119	0.2614853063271114	Neofunctionalization(Child)	Neofunctionalization(Child)	Neofunctionalization(Child)	Neofunctionalization(Child)	classified
TRD	Pbre1_17G283200	Pbre1_17G334600	Prupe.3G027700.1	0.0019761666666666664	2.6492521666666664	1.5593611666666667	1.0	0.9311712100845678	0.8691575939459325	1.1792063793467535	0.8964419122863998	0.8960807592998549	Specialization	Specialization	Specialization	Specialization	classified
TRD	Pbre1_01G358600	Pbre1_17G339000	Prupe.2G291000.1	3.4002851666666665	7.0949915	5.082061666666667	0.376082593216013	0.5089892458177527	0.6235555389615637	0.21601766317608542	0.2866655978337789	0.2534416100421378	Conservation	Conservation	Conservation	Conservation	classified
TRD	Pbre1_16G287400	Pbre1_17G362800	Prupe.1G136700.1	NA	NA	NA	NA	NA	NA	NA	NA	NA	NA	NA	NA	NA	missing_expression_record
TRD	Pbre1_17G320400	Pbre1_17G369600	Prupe.3G052500.1	7.832194666666667	0.0	17.980075	0.3479162617169481	NA	0.3638628584245833	NA	NA	NA	NA	NA	NA	NA	all_zero_expression_profile
TRD	Pbre1_15G125600	Pbre1_17G371800	Prupe.1G422100.1	4.9110895	0.8144846666666667	18.907289833333333	0.3234194111494402	0.7019706516898362	0.2799861824058671	0.1644341211813255	0.27427771701459747	0.15378501245183002	Conservation	Neofunctionalization(Child)	Neofunctionalization(Child)	discordant	classified
TRD	Pbre1_03G081600	Pbre1_17G372600	Prupe.6G049000.1	0.0	0.15880516666666666	51.31754816666667	NA	0.9111718710925126	0.4459724280926207	NA	NA	NA	NA	NA	NA	NA	all_zero_expression_profile
TRD	Pbre1_04G411600	Pbre1_17G373000	Prupe.6G363600.1	5.281665666666667	4.1069755	8.743061666666666	0.39599030215446224	0.7122814003873549	0.6755855809744615	0.25194730123574943	0.3728537617522656	0.25261553200221387	Conservation	Neofunctionalization(Child)	Neofunctionalization(Child)	discordant	classified
TRD	Pbre1_16G070600	Pbre1_17G393000	Prupe.1G313700.1	20.323093	0.0	23.478466	0.5179163984620214	NA	0.3544877752089378	NA	NA	NA	NA	NA	NA	NA	all_zero_expression_profile
TRD	Pbre1_13G486800	Pbre1_17G394000	Prupe.1G002500.1	106.58587166666668	0.022713166666666666	327.64829633333335	0.8376655519146737	0.9260090272123204	0.5809502429172033	0.297186720613759	0.8435422271849814	0.29710905994849934	Neofunctionalization(Child)	Neofunctionalization(Child)	Neofunctionalization(Child)	Neofunctionalization(Child)	classified
TRD	Pbre1_15G156800	Pbre1_17G395000	Prupe.1G439500.1	0.0	0.02750666666666667	2.039277666666667	NA	0.9008112395196012	0.9423616872359009	NA	NA	NA	NA	NA	NA	NA	all_zero_expression_profile
TRD	Pbre1_07G220600	Pbre1_17G396200	Prupe.2G176900.1	0.16636016666666667	0.7746438333333333	50.0016085	0.96214638981922	0.5347560831608033	0.9936616479216769	0.19111507568632408	1.0504596217619493	0.8916589420136417	Neofunctionalization(Child)	Specialization	Specialization	discordant	classified
TRD	Pbre1_04G160400	Pbre1_17G409200	Prupe.6G233700.1	152.74144783333332	0.0	208.97293733333333	0.49381002738952995	NA	0.2673102271025126	NA	NA	NA	NA	NA	NA	NA	all_zero_expression_profile
TRD	Pbre1_12G197200	Pbre1_17G409400	Prupe.6G233700.1	117.686528	0.0	208.97293733333333	0.4520268658385643	NA	0.2673102271025126	NA	NA	NA	NA	NA	NA	NA	all_zero_expression_profile
TRD	Pbre1_07G264600	Pbre1_17G413200	Prupe.2G193700.1	15.358252333333333	0.0	40.75928666666667	0.5571856007140963	NA	0.6756962319981012	NA	NA	NA	NA	NA	NA	NA	all_zero_expression_profile
TRD	Pbre1_04G164000	Pbre1_17G419800	Prupe.6G235000.1	22.54606233333333	0.0	32.488736833333334	0.3158383523825668	NA	0.345607557831959	NA	NA	NA	NA	NA	NA	NA	all_zero_expression_profile
TRD	Pbre1_12G440600	Pbre1_17G426400	Prupe.6G366000.1	19.5546965	1.6629405	26.880430666666665	0.47737516636242205	0.24509151533741447	0.3965029106748791	0.17597774872159455	0.1702648357919674	0.1732265020467265	Conservation	Neofunctionalization(Child)	Conservation	discordant	classified
TRD	Pbre1_04G415400	Pbre1_17G426600	Prupe.6G366000.1	20.559279	0.0	26.880430666666665	0.352547610842069	NA	0.3965029106748791	NA	NA	NA	NA	NA	NA	NA	all_zero_expression_profile
TRD	Pbre1_12G440000	Pbre1_17G427000	Prupe.6G365700.1	0.05243216666666667	0.028794166666666666	0.45716749999999995	0.8594982195235467	0.8610822846269286	0.9916987983783974	1.133762926339356	0.49634068483580823	0.8760891733283085	Specialization	Specialization	Specialization	Specialization	classified
TRD	Pbre1_12G439600	Pbre1_17G427200	Prupe.6G365600.1	0.29030416666666664	0.5452423333333334	0.100148	0.5654796446766153	0.9012966818949828	0.8974989931534434	0.4180654913788468	0.9411660428445768	0.7410862738193194	Specialization	Neofunctionalization(Child)	Specialization	discordant	classified
TRD	Pbre1_04G415200	Pbre1_17G427600	Prupe.6G365500.1	15.2047925	0.0	9.743064	0.38901519739411017	NA	0.6754836657006902	NA	NA	NA	NA	NA	NA	NA	all_zero_expression_profile
TRD	Pbre1_05G056600	Pbre1_17G429000	Prupe.8G044700.1	0.0	0.6243813333333333	0.0	NA	0.9452850246111494	NA	NA	NA	NA	NA	NA	NA	NA	all_zero_expression_profile
TRD	Pbre1_02G294800	Pbre1_17G437400	Prupe.6G216400.1	3.2033331666666665	2.037253166666667	7.661524333333333	0.9419733468656372	0.925409083332547	0.9261346617965351	0.8064998831345959	0.3342173484797666	0.4501195862933505	Neofunctionalization(Parent)	Specialization	Subfunctionalization	discordant	classified
TRD	Pbre1_09G438400	Pbre1_17G448400	Prupe.3G150000.1	225.19534683333333	52.627972	141.34830266666665	0.5960188807004466	0.4050159289950005	0.5646976056130812	0.17752953502726876	0.12338561317961791	0.16297837761989467	Conservation	Conservation	Conservation	Conservation	classified
TRD	Pbre1_02G505200	Pbre1_17G455000	Prupe.2G008000.1	10.085440333333334	0.04543916666666667	35.35508	0.6289242297832691	0.8834775844754426	0.830894885955208	0.5500847385306319	0.7959801039696388	0.5493808736974976	Specialization	Neofunctionalization(Child)	Neofunctionalization(Child)	discordant	classified
TRD	Pbre1_06G261000	Pbre1_17G460400	Prupe.5G156400.1	25.677283166666665	36.6955545	35.68251566666667	0.747246400117103	0.7412914777975836	0.6657703696681769	0.43927732961032534	0.4890819702151657	0.46695758438538587	Specialization	Conservation	Conservation	discordant	classified
TRD	Pbre1_17G481000	Pbre1_17G460800	Prupe.3G014700.1	0.0	0.4251088333333333	8.5005225	NA	0.9855758043472413	0.5049428810595289	NA	NA	NA	NA	NA	NA	NA	all_zero_expression_profile
TRD	Pbre1_02G016400	Pbre1_17G461000	Prupe.7G264500.1	8.850966	6.355296166666667	13.045549	0.246893962732237	0.24457186511777432	0.7416006465460445	0.35627741954963693	0.40042623901016866	0.37258933490866514	Neofunctionalization(Child)	Specialization	Specialization	discordant	classified
TRD	Pbre1_10G129600	Pbre1_17G466000	Prupe.8G100700.1	0.0021969999999999997	0.0	15.824585666666666	1.0	NA	0.8400516163195506	NA	NA	NA	NA	NA	NA	NA	all_zero_expression_profile
TRD	Pbre1_14G170800	Pbre1_17G469800	Prupe.7G024000.1	0.0028231666666666665	0.0	0.015736833333333332	1.0	NA	0.8612091855041264	NA	NA	NA	NA	NA	NA	NA	all_zero_expression_profile
TRD	Pbre1_12G311200	Pbre1_17G478800	Prupe.6G292000.1	57.352731666666664	0.705643	59.051379	0.5289797810723845	0.603918725238708	0.7697826232666033	0.35690589718509197	0.4746494463853957	0.35797046423970774	Neofunctionalization(Child)	Neofunctionalization(Child)	Neofunctionalization(Child)	Neofunctionalization(Child)	classified
TRD	Pbre1_09G473800	Pbre1_17G488400	Prupe.3G010700.1	5.8464263333333335	0.7445885	1.9400338333333333	0.6785219205215708	0.9000158132704563	0.6833337882934977	0.24169877580052096	0.7532927660845234	0.27796062510940744	Neofunctionalization(Child)	Specialization	Specialization	discordant	classified
TRD	Pbre1_17G492800	Pbre1_17G488600	Prupe.3G010600.1	1.6944273333333333	0.329177	2.268288666666667	0.48168471834750015	0.982283144283872	0.5792021792667691	0.22355162055611663	0.886842456781662	0.27592048708364614	Neofunctionalization(Child)	Specialization	Specialization	discordant	classified
TRD	Pbre1_09G473800	Pbre1_17G492600	Prupe.3G010700.1	5.8464263333333335	2.0426848333333334	1.9400338333333333	0.6785219205215708	0.7341636038145337	0.6833337882934977	0.24169877580052096	0.48197703509644174	0.28556292925764976	Neofunctionalization(Child)	Specialization	Specialization	discordant	classified
TRD	Pbre1_16G372600	Pbre1_17G503000	Prupe.1G045300.1	49.1096285	3.5766505	207.82926433333333	0.27320907606492906	0.45856188686833227	0.6666356219994204	0.25925534187394117	0.4662396070901408	0.2695728991070277	Neofunctionalization(Child)	Neofunctionalization(Child)	Conservation	Neofunctionalization(Child)	classified
TRD	Pbre1_09G492200	Pbre1_17G507400	Prupe.3G001200.1	8.926539333333332	2.7573178333333335	22.956446833333334	0.4186517889387321	0.4938737096444785	0.5676599208148754	0.2733985249288573	0.2736526707267341	0.23146677332953552	Conservation	Neofunctionalization(Child)	Neofunctionalization(Child)	discordant	classified
TRD	Pbre1_09G490400	Pbre1_17G508800	Prupe.3G002000.1	12.026363666666667	3.2378831666666668	9.408892	0.6113245539402559	0.37761101942788394	0.6639994253883316	0.3846483449990749	0.3527208803034693	0.37433102787551015	Conservation	Specialization	Conservation	discordant	classified
TRD	Pbre1_01G264000	Pbre1_01G111400	Prupe.2G239900.1	6.442083333333334	0.0	36.902881	0.282612574135359	NA	0.5705271048659488	NA	NA	NA	NA	NA	NA	NA	all_zero_expression_profile
TRD	Pbre1_05G475800	Pbre1_01G304200	Prupe.4G079500.1	126.705536	0.5637323333333334	642.5165791666667	0.41900130966175836	1.0	0.5611437233807328	0.18077471822428093	0.858106019640872	0.18125320985454624	Neofunctionalization(Child)	Neofunctionalization(Child)	Neofunctionalization(Child)	Neofunctionalization(Child)	classified
TRD	Pbre1_07G502800	Pbre1_01G406200	Prupe.2G324300.1	55.885287000000005	1.1852785000000001	39.9875645	0.6963560660063809	0.8248951495992305	0.5777754831876465	0.2705802866030595	0.5041499420147602	0.2580338152268285	Neofunctionalization(Child)	Neofunctionalization(Child)	Neofunctionalization(Child)	Neofunctionalization(Child)	classified
TRD	Pbre1_17G306400	Pbre1_02G034600	Prupe.3G044400.1	2.6232948333333335	4.648172333333333	27.618863833333332	0.4259741607302505	0.7801618472675553	0.6351846900532843	0.31871913224631454	0.406051922034499	0.2759994918849364	Neofunctionalization(Child)	Neofunctionalization(Child)	Neofunctionalization(Child)	Neofunctionalization(Child)	classified
TRD	Pbre1_04G361000	Pbre1_02G086400	Prupe.6G336200.1	12.128455833333334	0.040355166666666664	44.8869	0.25000683734909285	0.7948615410357233	0.3863716817126853	0.12000927265129449	0.4231436833610443	0.11976167569738336	Neofunctionalization(Child)	Neofunctionalization(Child)	Neofunctionalization(Child)	Neofunctionalization(Child)	classified
TRD	Pbre1_16G057600	Pbre1_02G256200	Prupe.1G321000.1	39.039800666666665	0.0	91.5315795	0.4163361950947427	NA	0.6102232551794011	NA	NA	NA	NA	NA	NA	NA	all_zero_expression_profile
TRD	Pbre1_10G277400	Pbre1_02G397800	Prupe.8G193800.1	NA	NA	NA	NA	NA	NA	NA	NA	NA	NA	NA	NA	NA	missing_expression_record
TRD	Pbre1_14G011600	Pbre1_03G050000	Prupe.7G009900.1	14.2374995	0.004432833333333333	25.113448	0.32457884478221305	1.0	0.5853566207381109	0.2728778237656573	0.9328676597298869	0.2728281065889528	Neofunctionalization(Child)	Neofunctionalization(Child)	Neofunctionalization(Child)	Neofunctionalization(Child)	classified
TRD	Pbre1_15G110600	Pbre1_03G068400	Prupe.1G412500.1	34.08083833333333	0.024384166666666665	13.333779166666666	0.5198760374188028	1.0	0.460721399052757	0.168643599369081	0.8468715564797926	0.16798104558458157	Neofunctionalization(Child)	Neofunctionalization(Child)	Neofunctionalization(Child)	Neofunctionalization(Child)	classified
TRD	Pbre1_16G165200	Pbre1_03G148800	Prupe.1G254100.1	17.359029166666666	0.0	28.2068455	0.33970868308885804	NA	0.26246808033994895	NA	NA	NA	NA	NA	NA	NA	all_zero_expression_profile
TRD	Pbre1_10G556600	Pbre1_03G234600	Prupe.4G019600.1	5.660141333333334	0.0	7.7434970000000005	0.8730591536843055	NA	0.9190320101407586	NA	NA	NA	NA	NA	NA	NA	all_zero_expression_profile
TRD	Pbre1_14G326800	Pbre1_03G298200	Prupe.5G170200.1	2.799688333333333	21.772831833333335	22.541647833333332	0.37258131648101034	0.2993077078497548	0.6463824223140857	0.3109236934337485	0.30484574816280374	0.3010563217921447	Conservation	Neofunctionalization(Parent)	Conservation	discordant	classified
TRD	Pbre1_08G316800	Pbre1_03G319800	Prupe.6G192700.1	123.57822233333333	0.10023466666666667	938.3929011666667	0.1736294938676048	0.797046566164154	0.34422398815228855	0.1548054942900416	0.5601032824042597	0.1549264780059681	Neofunctionalization(Child)	Neofunctionalization(Child)	Neofunctionalization(Child)	Neofunctionalization(Child)	classified
TRD	Pbre1_15G565600	Pbre1_03G319800	Prupe.6G192700.1	285.4909375	0.10023466666666667	938.3929011666667	0.3232327614411468	0.797046566164154	0.34422398815228855	0.08481649946038365	0.5601032824042597	0.0848599560132922	Neofunctionalization(Child)	Neofunctionalization(Child)	Neofunctionalization(Child)	Neofunctionalization(Child)	classified
TRD	Pbre1_15G671600	Pbre1_03G319800	Prupe.6G192700.1	366.42923583333334	0.10023466666666667	938.3929011666667	0.6523851796347139	0.797046566164154	0.34422398815228855	0.2224994029707918	0.5601032824042597	0.22240366970085765	Neofunctionalization(Child)	Neofunctionalization(Child)	Neofunctionalization(Child)	Neofunctionalization(Child)	classified
TRD	Pbre1_15G650000	Pbre1_03G331000	Prupe.1G511000.1	164.18630966666666	1.4109143333333334	114.70979966666667	0.5719730099663067	0.5401893582901247	0.6622743578818534	0.264537000698611	0.3827268918133598	0.2641288645545092	Conservation	Neofunctionalization(Child)	Conservation	discordant	classified
TRD	Pbre1_05G225000	Pbre1_03G350600	Prupe.8G168500.1	66.15070183333333	1.9140481666666667	151.7668865	0.7269973627909911	0.495438934669618	0.3203339795108152	0.2514401845686151	0.26986424051057156	0.24281509313650299	Conservation	Neofunctionalization(Child)	Conservation	discordant	classified
TRD	Pbre1_05G225000	Pbre1_03G352600	Prupe.8G168500.1	66.15070183333333	0.4779515	151.7668865	0.7269973627909911	0.5517624334432301	0.3203339795108152	0.2514401845686151	0.2647738897885019	0.24977725320366642	Conservation	Neofunctionalization(Child)	Neofunctionalization(Child)	discordant	classified
TRD	Pbre1_09G046200	Pbre1_04G004000	Prupe.3G291100.1	12.225825833333333	33.041807166666665	77.60770116666666	0.4458565650279865	0.30199699844056155	0.6922987260562969	0.3488083724651398	0.21955845639521618	0.2333457518970257	Conservation	Conservation	Conservation	Conservation	classified
TRD	Pbre1_14G390600	Pbre1_04G038200	Prupe.5G208200.1	78.2369865	1.1337143333333333	489.97697900000003	0.28382548041658623	0.47044509879733604	0.366298119375401	0.20546631624724104	0.17413278876206933	0.20378892138719593	Conservation	Neofunctionalization(Child)	Conservation	discordant	classified
TRD	Pbre1_15G112200	Pbre1_04G043000	Prupe.1G414100.1	60.553406	74.02595566666666	220.77607283333333	0.3670848809340531	0.9931585215303563	0.7060522790325362	0.3032614897469708	0.9120827624748483	0.5501245168157192	Neofunctionalization(Child)	Neofunctionalization(Child)	Neofunctionalization(Child)	Neofunctionalization(Child)	classified
TRD	Pbre1_02G315600	Pbre1_04G142400	Prupe.2G147100.1	10.1477595	0.09204883333333333	15.052509833333334	0.5322069341108497	0.7470724996617147	0.8276117914320628	0.4817483368352038	0.5122479745224288	0.4805098670575417	Specialization	Neofunctionalization(Child)	Neofunctionalization(Child)	discordant	classified
TRD	Pbre1_04G384000	Pbre1_04G374200	Prupe.6G349400.1	24.619585166666667	0.3357098333333333	35.351662833333336	0.4865083197540857	0.9107152987370913	0.33678929657680207	0.0730774186629491	0.6072793925408724	0.07432787663407703	Neofunctionalization(Child)	Neofunctionalization(Child)	Neofunctionalization(Child)	Neofunctionalization(Child)	classified
TRD	Pbre1_13G027200	Pbre1_05G007400	Prupe.1G337000.1	213.213009	2.1433185	237.37620199999998	0.5665710596568093	0.4253200998295813	0.46477663295477034	0.2112236826104592	0.30666574572279304	0.21096169683855517	Conservation	Neofunctionalization(Child)	Conservation	discordant	classified
TRD	Pbre1_12G359200	Pbre1_05G027000	Prupe.6G322000.1	19.895445333333335	0.0	64.70921133333334	0.9589673331217791	NA	0.8863401971157682	NA	NA	NA	NA	NA	NA	NA	all_zero_expression_profile
TRD	Pbre1_10G345600	Pbre1_05G129000	Prupe.4G148700.1	38.35069133333333	0.029893666666666666	59.32098366666666	0.2612966404979436	1.0	0.3670825931023146	0.13651766652822095	0.9322041033159477	0.13657403775106866	Neofunctionalization(Child)	Neofunctionalization(Child)	Neofunctionalization(Child)	Neofunctionalization(Child)	classified
TRD	Pbre1_04G370800	Pbre1_05G209200	Prupe.6G341500.1	38.8981115	0.6910253333333333	90.58698683333334	0.7943600429623813	0.5815608676326255	0.8144474243938307	0.09774572043887576	0.5978211121214412	0.10161189000519516	Neofunctionalization(Child)	Neofunctionalization(Child)	Neofunctionalization(Child)	Neofunctionalization(Child)	classified
TRD	Pbre1_09G484200	Pbre1_05G245000	Prupe.3G004600.1	147.27331283333334	0.12494016666666667	536.1254925000001	0.264172579207462	0.8249966858843687	0.5597858074456823	0.13672480098379844	0.6150702656285431	0.13671697951743578	Neofunctionalization(Child)	Neofunctionalization(Child)	Neofunctionalization(Child)	Neofunctionalization(Child)	classified
TRD	Pbre1_17G499000	Pbre1_05G245000	Prupe.3G004600.1	76.97740033333334	0.12494016666666667	536.1254925000001	0.5294949265355283	0.8249966858843687	0.5597858074456823	0.24622322233600197	0.6150702656285431	0.24584652914840752	Neofunctionalization(Child)	Neofunctionalization(Child)	Neofunctionalization(Child)	Neofunctionalization(Child)	classified
TRD	Pbre1_05G262000	Pbre1_05G264400	Prupe.8G183700.1	76.99122916666667	0.6894478333333334	99.96886066666666	0.4854413679113615	0.4763601854281466	0.524998097308403	0.23224590556406965	0.07898434966326402	0.23024061597742557	Conservation	Neofunctionalization(Child)	Neofunctionalization(Child)	discordant	classified
TRD	Pbre1_05G313200	Pbre1_05G331800	Prupe.8G208900.1	141.71470916666667	0.3780903333333333	277.90582866666665	0.3925005743173268	0.9152330250768548	0.44384856934492617	0.23047143165299497	0.5530472574286202	0.22972869695727374	Neofunctionalization(Child)	Neofunctionalization(Child)	Neofunctionalization(Child)	Neofunctionalization(Child)	classified
TRD	Pbre1_07G428800	Pbre1_05G350800	Prupe.2G288900.1	24.974288166666668	2.6933025	41.432936	0.2603510192205551	0.4169296798678845	0.22076071786884607	0.06703997396005439	0.21200023552515682	0.06191590206648322	Conservation	Neofunctionalization(Child)	Conservation	discordant	classified
TRD	Pbre1_08G023200	Pbre1_05G362600	Prupe.1G364800.1	46.67428816666666	2.2126236666666665	265.92403716666666	0.9081932661357284	0.476273904795133	0.6564294026558246	0.5841251317224107	0.29815478935866124	0.5604564746970713	Neofunctionalization(Parent)	Conservation	Conservation	discordant	classified
TRD	Pbre1_15G686200	Pbre1_05G423800	Prupe.1G528600.1	7.624292666666666	0.24482600000000002	29.344175166666666	0.39050765806560983	0.919623685159842	0.49403016296504915	0.24052781408826726	0.49472066167027456	0.23447883209380252	Neofunctionalization(Child)	Neofunctionalization(Child)	Neofunctionalization(Child)	Neofunctionalization(Child)	classified
TRD	Pbre1_17G136200	Pbre1_06G030200	Prupe.3G240300.1	103.141173	0.0	182.21125899999998	0.2679248333394634	NA	0.3619342746172373	NA	NA	NA	NA	NA	NA	NA	all_zero_expression_profile
TRD	Pbre1_17G337400	Pbre1_06G037800	Prupe.3G060700.1	12.553873333333334	0.4562196666666667	51.58872733333333	0.7346635132394337	0.6353402520354887	0.726622072450265	0.49813175235718066	0.26708807808185714	0.4844061018807319	Neofunctionalization(Parent)	Neofunctionalization(Child)	Neofunctionalization(Child)	discordant	classified
TRD	Pbre1_06G070400	Pbre1_06G135800	Prupe.5G048100.1	7.3400765	2.3784731666666667	9.945036833333333	0.9982926502688636	0.71218803618347	0.9993986014533782	0.010297251076969225	1.0946273836740832	0.2719975197190235	Neofunctionalization(Child)	Neofunctionalization(Child)	Neofunctionalization(Child)	Neofunctionalization(Child)	classified
TRD	Pbre1_07G403800	Pbre1_06G153600	Prupe.2G275100.1	25.537655	0.03508166666666667	31.2215815	0.4375449259837142	1.0	0.4019495735383768	0.21976640612205967	0.9755663854807696	0.2205155727037886	Neofunctionalization(Child)	Neofunctionalization(Child)	Neofunctionalization(Child)	Neofunctionalization(Child)	classified
TRD	Pbre1_11G450600	Pbre1_06G185600	Prupe.4G154500.1	38.800717	0.35967699999999997	87.008241	0.6338737222497924	0.6778518017587517	0.23840668026707293	0.2713491658413748	0.3238911593605158	0.2706588366742105	Conservation	Neofunctionalization(Child)	Neofunctionalization(Child)	discordant	classified
TRD	Pbre1_04G248800	Pbre1_06G199400	Prupe.6G277500.1	207.64366716666666	0.282156	346.0445476666667	0.7094958700391109	0.8272872176478359	0.6536892169882003	0.3033986383077018	0.6335183640213676	0.30336677359079983	Neofunctionalization(Child)	Neofunctionalization(Child)	Neofunctionalization(Child)	Neofunctionalization(Child)	classified
TRD	Pbre1_12G266600	Pbre1_06G379600	Prupe.6G268000.1	0.257074	3.7717003333333334	0.5464698333333333	0.942017040037733	0.5890081852733118	0.694320000987048	0.6374794765160565	0.32399386241501016	0.29795726130631095	Neofunctionalization(Parent)	Specialization	Specialization	discordant	classified
TRD	Pbre1_10G223600	Pbre1_06G390600	Prupe.8G167300.1	57.163491666666665	2.089804	77.27326783333334	0.2463052578276202	0.542477942234888	0.4119451247574582	0.14756152427437663	0.24709230217232928	0.15005181542747356	Conservation	Conservation	Conservation	Conservation	classified
TRD	Pbre1_17G082800	Pbre1_07G003000	Prupe.3G269300.1	6.567388666666667	1.066731	47.30283583333333	0.8608775009040837	0.6438555171636258	0.9622417029925826	0.7609383905673417	0.8825368192716652	0.753481094907972	Specialization	Specialization	Specialization	Specialization	classified
TRD	Pbre1_07G432400	Pbre1_07G082200	Prupe.2G290700.1	0.4088138333333333	0.011526	0.0	0.6923706057592712	1.0	NA	NA	NA	NA	NA	NA	NA	NA	all_zero_expression_profile
TRD	Pbre1_10G218200	Pbre1_07G179600	Prupe.8G164700.1	40.62993866666667	0.0838075	58.484586166666666	0.29193206421291906	1.0	0.4074341736967357	0.17897273736651384	1.0374645814823518	0.17967815506569765	Neofunctionalization(Child)	Neofunctionalization(Child)	Neofunctionalization(Child)	Neofunctionalization(Child)	classified
TRD	Pbre1_01G092400	Pbre1_07G274000	Prupe.6G192700.1	322.5795755	0.0	938.3929011666667	0.4185261924344113	NA	0.34422398815228855	NA	NA	NA	NA	NA	NA	NA	all_zero_expression_profile
TRD	Pbre1_08G316800	Pbre1_07G274000	Prupe.6G192700.1	123.57822233333333	0.0	938.3929011666667	0.1736294938676048	NA	0.34422398815228855	NA	NA	NA	NA	NA	NA	NA	all_zero_expression_profile
TRD	Pbre1_04G413200	Pbre1_07G491000	Prupe.6G364600.1	47.32205866666666	9.022347666666667	74.496942	0.295711352741454	0.559910897998037	0.27287037673125225	0.08241143829494744	0.23052869455511393	0.09537986772864128	Conservation	Conservation	Conservation	Conservation	classified
TRD	Pbre1_17G262600	Pbre1_08G112000	Prupe.3G019200.1	8.300094833333333	1.0620691666666666	47.06823833333333	0.5769787002335365	0.5073175848567658	0.5205932052928449	0.2627911440397734	0.2510671354266956	0.2349344573023156	Conservation	Neofunctionalization(Child)	Neofunctionalization(Child)	discordant	classified
TRD	Pbre1_12G009600	Pbre1_08G186200	Prupe.7G005900.1	49.26367483333333	10.063614	75.73186866666667	0.36637454677500264	0.36380619872648107	0.23785349602661698	0.13678241523715848	0.13570377328352462	0.11565866064727388	Conservation	Conservation	Conservation	Conservation	classified
TRD	Pbre1_13G033000	Pbre1_08G253600	Prupe.1G333700.1	18.854343333333333	0.014933833333333334	78.473139	0.2568319990288691	1.0	0.6604649523884696	0.21107218371241346	1.0060526740406428	0.21147670914422004	Neofunctionalization(Child)	Neofunctionalization(Child)	Neofunctionalization(Child)	Neofunctionalization(Child)	classified
TRD	Pbre1_17G037200	Pbre1_08G382200	Prupe.3G295400.1	41.435112333333336	4.073875833333333	141.686806	0.32822124724652824	0.6824687400024856	0.33636248553396897	0.09687276577772061	0.41621921564881736	0.12003062766845106	Neofunctionalization(Child)	Neofunctionalization(Child)	Neofunctionalization(Child)	Neofunctionalization(Child)	classified
TRD	Pbre1_16G235800	Pbre1_09G017600	Prupe.1G211500.1	0.6320486666666667	0.004141166666666667	8.514544666666668	0.9760343954442572	1.0	0.7701202356126257	0.9118588184452947	0.8773347693140284	0.9054085996504493	Specialization	Specialization	Specialization	Specialization	classified
TRD	Pbre1_16G009800	Pbre1_09G091800	Prupe.1G346100.1	54.126740166666664	10.700998833333333	147.224921	0.25351300124584	0.40105708200520435	0.5135830959471981	0.10148010023824953	0.17242429772853826	0.10998779077965204	Conservation	Conservation	Conservation	Conservation	classified
TRD	Pbre1_10G034400	Pbre1_09G142400	Prupe.8G027900.1	38.851042	0.07365416666666666	43.41464366666666	0.4674257233682334	0.9515348978421472	0.18908980312372994	0.23420974180422333	0.7843808929458009	0.23476024064398843	Neofunctionalization(Child)	Neofunctionalization(Child)	Neofunctionalization(Child)	Neofunctionalization(Child)	classified
TRD	Pbre1_04G248800	Pbre1_09G157200	Prupe.6G277500.1	207.64366716666666	0.053198666666666665	346.0445476666667	0.7094958700391109	1.0	0.6536892169882003	0.3033986383077018	1.0759781495223455	0.30332519676517505	Neofunctionalization(Child)	Neofunctionalization(Child)	Neofunctionalization(Child)	Neofunctionalization(Child)	classified
TRD	Pbre1_12G282200	Pbre1_09G157200	Prupe.6G277500.1	234.48932433333334	0.053198666666666665	346.0445476666667	0.68456526789501	1.0	0.6536892169882003	0.28671701375135306	1.0759781495223455	0.28668114414887497	Neofunctionalization(Child)	Neofunctionalization(Child)	Neofunctionalization(Child)	Neofunctionalization(Child)	classified
TRD	Pbre1_09G370600	Pbre1_09G164800	Prupe.3G088200.1	11.455355666666668	0.0	60.69757666666667	0.5176828083990609	NA	0.6079571332146382	NA	NA	NA	NA	NA	NA	NA	all_zero_expression_profile
TRD	Pbre1_09G370600	Pbre1_09G215200	Prupe.3G088200.1	11.455355666666668	0.025315833333333333	60.69757666666667	0.5176828083990609	1.0	0.6079571332146382	0.2696654610165878	0.8907532399111666	0.27010662855911066	Neofunctionalization(Child)	Neofunctionalization(Child)	Neofunctionalization(Child)	Neofunctionalization(Child)	classified
TRD	Pbre1_06G174000	Pbre1_09G309000	Prupe.5G110500.1	38.447992	0.0	40.23787316666667	0.3823019780747654	NA	0.3251385945357299	NA	NA	NA	NA	NA	NA	NA	all_zero_expression_profile
TRD	Pbre1_01G378400	Pbre1_09G325800	Prupe.2G301300.1	6.255502333333333	0.10371766666666667	58.50392683333333	0.8027603241609171	0.9389196083202578	0.9722347585270086	0.7380281227141714	1.1690779168270737	0.7446673068816687	Specialization	Specialization	Specialization	Specialization	classified
TRD	Pbre1_16G264800	Pbre1_09G340200	Prupe.1G117200.1	279.8268405	0.0	255.29371883333334	0.5797710611680518	NA	0.5134788271737324	NA	NA	NA	NA	NA	NA	NA	all_zero_expression_profile
TRD	Pbre1_17G130800	Pbre1_09G367600	Prupe.3G243600.1	4.270229333333333	0.0	12.276005666666666	0.16373485170515512	NA	0.5847152139359567	NA	NA	NA	NA	NA	NA	NA	all_zero_expression_profile
TRD	Pbre1_07G023000	Pbre1_09G384400	Prupe.2G017500.1	1.3697011666666667	3.6048038333333334	18.035875	0.8402494202024323	0.24362835223629817	0.9715111397800994	0.7145111327468503	0.7323323568229538	0.6877516508856726	Specialization	Specialization	Specialization	Specialization	classified
TRD	Pbre1_01G092400	Pbre1_09G411600	Prupe.6G192700.1	322.5795755	0.49049449999999994	938.3929011666667	0.4185261924344113	0.9585952101569969	0.34422398815228855	0.0989662230614523	0.6759524040180265	0.09873408975428458	Neofunctionalization(Child)	Neofunctionalization(Child)	Neofunctionalization(Child)	Neofunctionalization(Child)	classified
TRD	Pbre1_08G316800	Pbre1_09G411600	Prupe.6G192700.1	123.57822233333333	0.49049449999999994	938.3929011666667	0.1736294938676048	0.9585952101569969	0.34422398815228855	0.1548054942900416	0.6759524040180265	0.15353436842038223	Neofunctionalization(Child)	Neofunctionalization(Child)	Neofunctionalization(Child)	Neofunctionalization(Child)	classified
TRD	Pbre1_15G671600	Pbre1_09G411600	Prupe.6G192700.1	366.42923583333334	0.49049449999999994	938.3929011666667	0.6523851796347139	0.9585952101569969	0.34422398815228855	0.2224994029707918	0.6759524040180265	0.22294317105547598	Neofunctionalization(Child)	Neofunctionalization(Child)	Neofunctionalization(Child)	Neofunctionalization(Child)	classified
TRD	Pbre1_02G181000	Pbre1_09G455200	Prupe.7G177900.1	105.57971599999999	0.0	258.38066200000003	0.6112449806624525	NA	0.550437709705244	NA	NA	NA	NA	NA	NA	NA	all_zero_expression_profile
TRD	Pbre1_15G421800	Pbre1_09G455200	Prupe.7G177900.1	150.08150283333333	0.0	258.38066200000003	0.544519549735415	NA	0.550437709705244	NA	NA	NA	NA	NA	NA	NA	all_zero_expression_profile
TRD	Pbre1_12G353800	Pbre1_10G014800	Prupe.6G318700.1	68.13599783333333	0.0	204.69646666666668	0.4001689772606739	NA	0.6304894709158411	NA	NA	NA	NA	NA	NA	NA	all_zero_expression_profile
TRD	Pbre1_05G578400	Pbre1_10G160800	Prupe.4G016700.1	26.777405	0.4084563333333333	67.58063883333334	0.33693164075751314	0.6101493557521399	0.3665117909829979	0.20317547415958823	0.3518635103796174	0.20171134014367562	Conservation	Neofunctionalization(Child)	Neofunctionalization(Child)	discordant	classified
TRD	Pbre1_01G092400	Pbre1_10G270400	Prupe.6G192700.1	322.5795755	0.28223566666666666	938.3929011666667	0.4185261924344113	0.9689263501472342	0.34422398815228855	0.0989662230614523	0.7020807189726487	0.09885087393812701	Neofunctionalization(Child)	Neofunctionalization(Child)	Neofunctionalization(Child)	Neofunctionalization(Child)	classified
TRD	Pbre1_15G565600	Pbre1_10G270400	Prupe.6G192700.1	285.4909375	0.28223566666666666	938.3929011666667	0.3232327614411468	0.9689263501472342	0.34422398815228855	0.08481649946038365	0.7020807189726487	0.08477278464106278	Neofunctionalization(Child)	Neofunctionalization(Child)	Neofunctionalization(Child)	Neofunctionalization(Child)	classified
TRD	Pbre1_15G671600	Pbre1_10G270400	Prupe.6G192700.1	366.42923583333334	0.28223566666666666	938.3929011666667	0.6523851796347139	0.9689263501472342	0.34422398815228855	0.2224994029707918	0.7020807189726487	0.22273587666198988	Neofunctionalization(Child)	Neofunctionalization(Child)	Neofunctionalization(Child)	Neofunctionalization(Child)	classified
TRD	Pbre1_09G030400	Pbre1_10G270600	Prupe.3G299300.1	13.6343135	0.0	43.47916416666666	0.4592362903934517	NA	0.6220361953467481	NA	NA	NA	NA	NA	NA	NA	all_zero_expression_profile
TRD	Pbre1_02G069800	Pbre1_10G347400	Prupe.7G237800.1	120.94317166666667	0.013618833333333332	224.0080275	0.6490383855908715	1.0	0.3737389816024731	0.229501743332317	0.9693304968560045	0.2294652980646957	Neofunctionalization(Child)	Neofunctionalization(Child)	Neofunctionalization(Child)	Neofunctionalization(Child)	classified
TRD	Pbre1_08G239400	Pbre1_10G347400	Prupe.7G237800.1	310.5614145	0.013618833333333332	224.0080275	0.6801243889138487	1.0	0.3737389816024731	0.22791944769441697	0.9693304968560045	0.22790919578036695	Neofunctionalization(Child)	Neofunctionalization(Child)	Neofunctionalization(Child)	Neofunctionalization(Child)	classified
TRD	Pbre1_15G211200	Pbre1_10G347400	Prupe.7G237800.1	177.06203216666665	0.013618833333333332	224.0080275	0.7141872455869793	1.0	0.3737389816024731	0.27174826385369544	0.9693304968560045	0.2717306026194112	Neofunctionalization(Child)	Neofunctionalization(Child)	Neofunctionalization(Child)	Neofunctionalization(Child)	classified
TRD	Pbre1_13G016400	Pbre1_10G440400	Prupe.1G343600.1	1.1288225	5.5294091666666665	6.975211833333334	0.9191101683053446	0.8462393183354624	0.7706197620536248	0.7693675950042719	0.38974589813433325	0.35002749881777234	Neofunctionalization(Parent)	Specialization	Specialization	discordant	classified
TRD	Pbre1_06G280400	Pbre1_10G592400	Prupe.5G167200.1	35.41316166666667	0.8056288333333333	52.452792	0.47409963816520284	0.6886614285676506	0.3619449304101813	0.07156083961353506	0.3997195025614526	0.06857124124072769	Neofunctionalization(Child)	Neofunctionalization(Child)	Neofunctionalization(Child)	Neofunctionalization(Child)	classified
TRD	Pbre1_03G360000	Pbre1_11G019200	Prupe.4G197400.1	12.636643666666666	0.0	22.563549000000002	0.1889777168656412	NA	0.3005044216415983	NA	NA	NA	NA	NA	NA	NA	all_zero_expression_profile
TRD	Pbre1_12G396200	Pbre1_11G032000	Prupe.6G341500.1	15.629627333333334	0.0630375	90.58698683333334	0.8630657689707469	1.0	0.8144474243938307	0.19692197247500867	0.5522183515524351	0.1975617938690438	Neofunctionalization(Child)	Neofunctionalization(Child)	Neofunctionalization(Child)	Neofunctionalization(Child)	classified
TRD	Pbre1_13G322600	Pbre1_11G214800	Prupe.1G013500.1	79.9742165	0.16960266666666668	370.39506416666666	0.5777640733678393	0.6092643494666571	0.48508007488931043	0.19880324604886543	0.35919480353749755	0.19908331100634594	Conservation	Neofunctionalization(Child)	Neofunctionalization(Child)	discordant	classified
TRD	Pbre1_05G573000	Pbre1_11G360000	Prupe.4G019600.1	4.5660165	0.0	7.7434970000000005	0.6121348776074003	NA	0.9190320101407586	NA	NA	NA	NA	NA	NA	NA	all_zero_expression_profile
TRD	Pbre1_11G354000	Pbre1_12G020000	Prupe.4G214000.1	150.40065183333334	15.581730333333333	34.850022	0.150381200785338	0.3768262886921542	0.4164655446280485	0.14980645052826055	0.22428627320659256	0.15171621905211694	Conservation	Conservation	Conservation	Conservation	classified
TRD	Pbre1_10G211400	Pbre1_12G065000	Prupe.8G161100.1	502.84983900000003	1.5458411666666667	1545.1851805000001	0.41199644758659987	0.5424258655386461	0.5354731251123374	0.19518907230530202	0.3933871422462282	0.19525042553305333	Neofunctionalization(Child)	Neofunctionalization(Child)	Neofunctionalization(Child)	Neofunctionalization(Child)	classified
TRD	Pbre1_04G195000	Pbre1_12G143400	Prupe.6G250000.1	30.889023666666667	0.0	50.34676183333333	0.5825072988484934	NA	0.39702056329746294	NA	NA	NA	NA	NA	NA	NA	all_zero_expression_profile
TRD	Pbre1_14G006800	Pbre1_12G284400	Prupe.7G005900.1	51.014483166666665	0.009700833333333334	75.73186866666667	0.15890136025308116	1.0	0.23785349602661698	0.09798517525175712	0.9591813154201965	0.09810782039491264	Neofunctionalization(Child)	Neofunctionalization(Child)	Neofunctionalization(Child)	Neofunctionalization(Child)	classified
TRD	Pbre1_08G008000	Pbre1_12G291200	Prupe.1G356300.1	16.341358666666665	0.5646596666666667	10.1501805	0.3313145991734265	0.4240745978615982	0.5945419373657316	0.18879936689418156	0.16416832494122	0.18439474010464993	Conservation	Neofunctionalization(Child)	Neofunctionalization(Child)	discordant	classified
TRD	Pbre1_14G239800	Pbre1_12G303600	Prupe.5G125200.1	35.52540616666667	0.0	50.495273833333336	0.5571537385071246	NA	0.3910253538493909	NA	NA	NA	NA	NA	NA	NA	all_zero_expression_profile
TRD	Pbre1_14G368000	Pbre1_12G310800	Prupe.5G193900.1	NA	NA	NA	NA	NA	NA	NA	NA	NA	NA	NA	NA	NA	missing_expression_record
TRD	Pbre1_05G418400	Pbre1_13G039200	Prupe.4G112700.1	102.28288316666666	0.0	109.32691066666666	0.8188476966763082	NA	0.5872630786723037	NA	NA	NA	NA	NA	NA	NA	all_zero_expression_profile
TRD	Pbre1_16G033200	Pbre1_13G067600	Prupe.1G334400.1	9.993830333333333	0.2059875	117.95627533333334	0.4380460665671406	0.8542044961739155	0.7434388842562512	0.4437978264335109	0.2379279681697017	0.4344307890254809	Neofunctionalization(Parent)	Neofunctionalization(Child)	Neofunctionalization(Child)	discordant	classified
TRD	Pbre1_16G158400	Pbre1_13G096400	Prupe.1G258300.1	2.2359283333333333	0.04890766666666667	16.0832115	0.5207234102236024	0.8237751209974679	0.7130083814668057	0.2320956883445428	0.655860549282195	0.24067265870380106	Neofunctionalization(Child)	Specialization	Neofunctionalization(Child)	discordant	classified
TRD	Pbre1_11G477400	Pbre1_13G213200	Prupe.8G241500.1	8.075234833333333	0.6339871666666667	107.93226783333333	0.324290094644408	0.6022424220043355	0.6231398663622967	0.2673947941275639	0.21269251377004672	0.24837438491724212	Conservation	Neofunctionalization(Child)	Neofunctionalization(Child)	discordant	classified
TRD	Pbre1_16G111000	Pbre1_13G328200	Prupe.1G286500.1	28.391013833333332	5.327665	45.271767833333335	0.7899671105622483	0.21911523036883537	0.6850320275977323	0.47582223664219764	0.23028037223826964	0.42823731951899435	Neofunctionalization(Parent)	Conservation	Conservation	discordant	classified
TRD	Pbre1_01G143600	Pbre1_13G346200	Prupe.2G170600.1	5.5924365	0.0	4.766368666666667	0.16217119776639263	NA	0.6066416306341448	NA	NA	NA	NA	NA	NA	NA	all_zero_expression_profile
TRD	Pbre1_17G046600	Pbre1_13G377600	Prupe.3G291100.1	22.3746	26.822085666666666	77.60770116666666	0.5131448016411144	0.37210631937481703	0.6922987260562969	0.3945640644413076	0.19234395572328286	0.27482582692616886	Neofunctionalization(Parent)	Conservation	Conservation	discordant	classified
TRD	Pbre1_13G284600	Pbre1_13G422800	Prupe.1G136500.1	6.799968166666667	0.06622616666666667	15.202060333333334	0.82687038724359	0.8842112373837718	0.6719591305445498	0.17948224566267165	0.6899909353165719	0.17256713839497334	Neofunctionalization(Child)	Neofunctionalization(Child)	Neofunctionalization(Child)	Neofunctionalization(Child)	classified
TRD	Pbre1_04G392400	Pbre1_13G430800	Prupe.6G354100.1	1.4150888333333334	0.010370333333333334	74.0202905	0.902062203681915	1.0	0.7214884785243829	0.5603676186745767	1.1433746786704941	0.5597352997759891	Specialization	Specialization	Specialization	Specialization	classified
TRD	Pbre1_15G743800	Pbre1_14G158200	Prupe.1G564500.1	8.462806666666667	0.0317165	12.709991333333333	0.5816626856238587	0.8570756672012687	0.2773597031675645	0.22598021711085042	0.6117098490261568	0.22414477534855595	Neofunctionalization(Child)	Neofunctionalization(Child)	Neofunctionalization(Child)	Neofunctionalization(Child)	classified
TRD	Pbre1_05G324400	Pbre1_14G197600	Prupe.8G214700.1	51.963265666666665	0.0	93.00793583333333	0.42750694799906874	NA	0.2975327040271504	NA	NA	NA	NA	NA	NA	NA	all_zero_expression_profile
TRD	Pbre1_05G497000	Pbre1_14G370800	Prupe.4G066000.1	20.5714975	0.020740666666666668	37.90339	0.6643614055310488	1.0	0.7744135376040503	0.505586124806555	1.1283494911771437	0.5060998564704693	Specialization	Neofunctionalization(Child)	Neofunctionalization(Child)	discordant	classified
TRD	Pbre1_08G069200	Pbre1_15G075800	Prupe.1G387900.1	17.809914166666665	16.924058	112.10687783333333	0.6171592397518513	0.5455539403132597	0.6198281623680765	0.12761548935578299	0.27035745586016013	0.14515298638936033	Conservation	Conservation	Conservation	Conservation	classified
TRD	Pbre1_12G203000	Pbre1_15G320000	Prupe.6G235900.1	99.22314483333334	2.6599233333333334	302.24619666666666	0.5790332883599072	0.8088035465578868	0.8709614273542311	0.3271093958732308	0.6800814620671134	0.3345920904380083	Neofunctionalization(Child)	Neofunctionalization(Child)	Neofunctionalization(Child)	Neofunctionalization(Child)	classified
TRD	Pbre1_02G016800	Pbre1_15G326200	Prupe.7G264100.1	59.50361866666666	0.0	169.502665	0.424235394126272	NA	0.4847806769596361	NA	NA	NA	NA	NA	NA	NA	all_zero_expression_profile
TRD	Pbre1_15G268800	Pbre1_15G326400	Prupe.7G264100.1	98.7878435	0.0047894999999999995	169.502665	0.23749520464476098	1.0	0.4847806769596361	0.1649582040958755	0.7963626956074795	0.16492262831321616	Neofunctionalization(Child)	Neofunctionalization(Child)	Neofunctionalization(Child)	Neofunctionalization(Child)	classified
TRD	Pbre1_13G273800	Pbre1_15G378800	Prupe.1G130000.1	20.2463535	3.377003166666667	27.690005	0.23704133905642544	0.6180833961933063	0.5212019275181559	0.18466591007817484	0.32026974325247587	0.18876629063725522	Conservation	Neofunctionalization(Child)	Conservation	discordant	classified
TRD	Pbre1_05G313200	Pbre1_15G490800	Prupe.8G208900.1	141.71470916666667	0.0	277.90582866666665	0.3925005743173268	NA	0.44384856934492617	NA	NA	NA	NA	NA	NA	NA	all_zero_expression_profile
TRD	Pbre1_15G743800	Pbre1_15G498400	Prupe.1G564500.1	8.462806666666667	0.0	12.709991333333333	0.5816626856238587	NA	0.2773597031675645	NA	NA	NA	NA	NA	NA	NA	all_zero_expression_profile
TRD	Pbre1_12G418000	Pbre1_15G564200	Prupe.6G354100.1	11.014410333333334	0.0	74.0202905	0.9115149080654998	NA	0.7214884785243829	NA	NA	NA	NA	NA	NA	NA	all_zero_expression_profile
TRD	Pbre1_15G253000	Pbre1_15G627000	Prupe.7G271300.1	246.392804	0.011333666666666667	429.46984183333336	0.3814796160269865	1.0	0.7373099594567976	0.34566792236727695	1.0124050732267729	0.3456756775674861	Neofunctionalization(Child)	Neofunctionalization(Child)	Neofunctionalization(Child)	Neofunctionalization(Child)	classified
TRD	Pbre1_14G032000	Pbre1_15G779200	Prupe.7G114700.1	148.91808566666666	0.14161633333333334	275.3101301666667	0.4029484702398648	0.427750865680866	0.5741034162420151	0.23934127271726596	0.27175403458924513	0.23927880693518705	Conservation	Neofunctionalization(Child)	Neofunctionalization(Child)	discordant	classified
TRD	Pbre1_04G248800	Pbre1_15G783200	Prupe.6G277500.1	207.64366716666666	0.0	346.0445476666667	0.7094958700391109	NA	0.6536892169882003	NA	NA	NA	NA	NA	NA	NA	all_zero_expression_profile
TRD	Pbre1_16G338200	Pbre1_16G083600	Prupe.1G019500.1	114.57634183333334	0.026165333333333332	515.9787653333333	0.41259015963300494	0.9133194550965997	0.6388061435531494	0.1850878992187767	0.6494187204097798	0.18503493170187976	Neofunctionalization(Child)	Neofunctionalization(Child)	Neofunctionalization(Child)	Neofunctionalization(Child)	classified
TRD	Pbre1_10G169600	Pbre1_16G324400	Prupe.8G134300.1	13.0282615	0.0	153.484974	0.5803167718899928	NA	0.440460739392803	NA	NA	NA	NA	NA	NA	NA	all_zero_expression_profile
TRD	Pbre1_15G518200	Pbre1_16G392800	Prupe.6G225900.1	32.20332333333334	0.014866166666666666	68.405986	0.39104790101524733	1.0	0.48177406650632887	0.25803503244740417	0.9865669877773268	0.2581428353250782	Neofunctionalization(Child)	Neofunctionalization(Child)	Neofunctionalization(Child)	Neofunctionalization(Child)	classified
TRD	Pbre1_01G410200	Pbre1_16G403200	Prupe.2G316400.1	197.47304166666666	1.4438428333333333	198.45260666666667	0.5985237646487898	0.76950449115224	0.5509234103881842	0.23193374038540454	0.3213310414376804	0.23172058797996473	Conservation	Neofunctionalization(Child)	Neofunctionalization(Child)	discordant	classified
TRD	Pbre1_14G054000	Pbre1_17G173400	Prupe.7G101500.1	4.340689833333333	0.0	27.250482833333333	0.33543585332762804	NA	0.6164154013634577	NA	NA	NA	NA	NA	NA	NA	all_zero_expression_profile
TRD	Pbre1_01G155400	Pbre1_17G396200	Prupe.2G176900.1	3.5316405	0.7746438333333333	50.0016085	0.9135734157393725	0.5347560831608033	0.9936616479216769	0.3607228743775352	1.0504596217619493	0.4655340443236474	Neofunctionalization(Child)	Specialization	Specialization	discordant	classified
TRD	Pbre1_12G197200	Pbre1_17G409200	Prupe.6G233700.1	117.686528	0.0	208.97293733333333	0.4520268658385643	NA	0.2673102271025126	NA	NA	NA	NA	NA	NA	NA	all_zero_expression_profile
TRD	Pbre1_04G160400	Pbre1_17G409400	Prupe.6G233700.1	152.74144783333332	0.0	208.97293733333333	0.49381002738952995	NA	0.2673102271025126	NA	NA	NA	NA	NA	NA	NA	all_zero_expression_profile
