duplication_type	gene	age	TPM	log2_TPM_plus_1
TRD	Pbre1_15G599400	young	72.71526	6.2038914014182795
PD	Pbre1_17G215400	young	35.35342	5.184019189016969
TRD	Pbre1_05G141000	young	23.297466	4.602733956872352
PD	Pbre1_06G036400	young	0.0	0.0
TRD	Pbre1_06G329200	young	0.36643	0.450411554819363
TD	Pbre1_11G441000	young	68.533015	6.119626242036281
TRD	Pbre1_12G173000	young	8.136024	3.191566440612698
TD	Pbre1_10G517800	young	370.400388	8.536831512224643
TD	Pbre1_01G128400	young	4.024951	2.3291095281519296
TRD	Pbre1_13G349000	young	0.0	0.0
TD	Pbre1_17G224800	young	0.0	0.0
TD	Pbre1_09G406600	young	0.0	0.0
TRD	Pbre1_05G310800	young	0.0	0.0
TD	Pbre1_10G229800	young	0.0	0.0
TD	Pbre1_08G166800	young	5.908569	2.7883869102658436
PD	Pbre1_10G163200	young	0.0	0.0
TRD	Pbre1_15G338000	young	0.639806	0.7135251444816006
TRD	Pbre1_08G176200	young	0.017272	0.024705481146637103
TD	Pbre1_08G138000	young	4.515911	2.4635991789522365
PD	Pbre1_10G372400	young	10.906945	3.5737313990452537
PD	Pbre1_17G215800	young	9.873732	3.442775271116002
TRD	Pbre1_15G780200	young	1.360815	1.2392849924179967
TD	Pbre1_11G359600	young	0.0	0.0
TD	Pbre1_17G239200	young	0.104575	0.1434913801730907
PD	Pbre1_03G347600	young	6.447967	2.89684668070527
TRD	Pbre1_15G202000	young	24.753298	4.686685292370541
TRD	Pbre1_07G078000	young	0.040427	0.05717574409045669
TRD	Pbre1_09G393000	young	0.0	0.0
TRD	Pbre1_16G401400	young	0.045357	0.06399572141958695
TRD	Pbre1_09G394800	young	0.0	0.0
TRD	Pbre1_17G502800	young	0.07466	0.10388029339586695
PD	Pbre1_07G148800	young	3.080706	2.0288187734186134
TRD	Pbre1_11G085200	young	0.081928	0.11360449408232035
TRD	Pbre1_10G446600	young	0.621025	0.6969063407616229
TD	Pbre1_15G702000	young	0.55554	0.6374154935927477
TRD	Pbre1_16G369200	young	0.0	0.0
PD	Pbre1_12G277000	young	0.015124	0.021655967073932757
TRD	Pbre1_07G197000	young	0.029611	0.04209937199747297
PD	Pbre1_11G442800	young	0.290001	0.36737218401634464
TD	Pbre1_08G236600	young	0.016488	0.02359318375846504
PD	Pbre1_02G422400	young	8.369851	3.228026106233422
TRD	Pbre1_11G274800	young	0.0	0.0
TD	Pbre1_10G577000	young	0.0	0.0
TRD	Pbre1_17G251400	young	1.238391	1.1624620669177204
TRD	Pbre1_01G365600	young	0.121282	0.16514915846229647
TRD	Pbre1_17G264600	young	0.0	0.0
TRD	Pbre1_09G256200	young	0.0	0.0
PD	Pbre1_01G009800	young	0.254815	0.3274746803064809
TD	Pbre1_05G252600	young	1.440327	1.287074479619851
TD	Pbre1_11G448800	young	6.585772	2.9232960102542775
PD	Pbre1_01G141400	young	3.123021	2.043701809399323
PD	Pbre1_01G387000	young	0.0	0.0
TRD	Pbre1_04G139200	young	3.580393	2.1954713875857186
PD	Pbre1_01G201000	young	0.136439	0.18452024749994606
TRD	Pbre1_06G331200	young	9.234307	3.35534151073065
TRD	Pbre1_02G354800	young	0.411113	0.49683352160778893
TRD	Pbre1_11G183000	young	0.0	0.0
PD	Pbre1_01G326200	young	6.067783	2.8212577459407764
TRD	Pbre1_16G036000	young	0.0	0.0
PD	Pbre1_17G328600	young	23.104306	4.591218987812908
TD	Pbre1_03G219600	young	10.991457	3.583935056305818
TD	Pbre1_14G136200	young	4.796797	2.535255964270136
TD	Pbre1_07G446800	young	1.083279	1.0588560630762573
TRD	Pbre1_10G205600	young	61.252568	5.960061446356421
PD	Pbre1_09G158000	young	0.044873	0.06332759933515596
TRD	Pbre1_06G144200	young	3.010048	2.0036195057444113
TRD	Pbre1_14G197600	young	0.096654	0.13310841979615096
TD	Pbre1_11G132200	young	0.371961	0.4562394713749409
PD	Pbre1_11G336600	young	0.250534	0.3225442826005038
PD	Pbre1_08G036600	young	1.982958	1.5767436646934772
TD	Pbre1_08G347000	young	0.069687	0.0971887128814454
PD	Pbre1_10G029800	young	19.337859	4.346095907187057
PD	Pbre1_03G420200	young	0.0	0.0
TD	Pbre1_10G108400	young	0.272499	0.3476645225519665
TRD	Pbre1_17G503000	young	2.361389	1.7490575095892238
TD	Pbre1_14G174600	young	0.153624	0.2061730838390957
PD	Pbre1_02G486600	young	2.040938	1.604516402358723
TD	Pbre1_14G268400	young	0.370559	0.45476443482204587
TD	Pbre1_04G378800	young	0.496824	0.5819045959758046
TD	Pbre1_08G255600	young	21.092891	4.46551031206226
PD	Pbre1_01G325800	young	0.762591	0.8176977436729232
TD	Pbre1_11G152400	young	0.0	0.0
TRD	Pbre1_13G439600	young	0.0	0.0
PD	Pbre1_02G452200	young	0.996334	0.9973531133766765
TD	Pbre1_11G406600	young	0.19004	0.2510100666691669
TRD	Pbre1_12G119800	young	0.0	0.0
TRD	Pbre1_07G131000	young	0.0	0.0
TRD	Pbre1_16G435200	young	0.214097	0.27988368998611857
TRD	Pbre1_08G177000	young	0.099862	0.13732251974522555
TD	Pbre1_05G256600	young	16.535134	4.1321765503082455
TD	Pbre1_07G091800	young	13.150095	3.8227398338504424
PD	Pbre1_01G216600	young	0.0	0.0
TD	Pbre1_10G281400	young	0.192655	0.2541767741551378
TRD	Pbre1_03G412400	young	0.243311	0.31418721516528697
TRD	Pbre1_05G107200	young	0.136944	0.18516119626012623
PD	Pbre1_01G418200	young	1.651275	1.4066863196053256
TD	Pbre1_07G108600	young	1.862461	1.5172560371432446
TD	Pbre1_12G404000	young	11.834228	3.6819246129223795
TD	Pbre1_07G013000	young	1.739658	1.4539958083321034
TRD	Pbre1_12G012200	young	3.293681	2.1022150098241466
TD	Pbre1_14G446200	young	0.0	0.0
PD	Pbre1_11G100600	young	2.586176	1.8424462935873178
PD	Pbre1_14G165400	young	0.0	0.0
PD	Pbre1_07G141200	young	0.223129	0.29057656890683836
TD	Pbre1_15G705200	young	4.604828	2.4866701005321317
TRD	Pbre1_10G182200	young	0.0	0.0
TD	Pbre1_07G108200	young	2.619405	1.8557525497663105
TRD	Pbre1_14G086800	young	1.450959	1.2933463507933234
TD	Pbre1_09G274400	young	0.0	0.0
PD	Pbre1_04G390200	young	1.40395	1.2654068896005926
TRD	Pbre1_10G501600	young	0.0	0.0
TRD	Pbre1_13G445800	young	0.0	0.0
PD	Pbre1_01G200200	young	0.249076	0.3208612603625009
TRD	Pbre1_15G599800	young	0.0	0.0
TD	Pbre1_05G553000	young	0.009916	0.014235301469002894
TRD	Pbre1_04G113200	young	0.0	0.0
TD	Pbre1_05G029000	young	1.244241	1.1662276094742003
PD	Pbre1_01G327400	young	4.423759	2.4392930750027637
PD	Pbre1_09G228600	young	1.274847	1.1857695168436344
TRD	Pbre1_14G110200	young	0.0	0.0
TRD	Pbre1_10G061400	young	0.060064	0.0841513682746379
PD	Pbre1_03G198200	young	0.16435	0.2195247930954372
PD	Pbre1_13G464200	young	3.083828	2.0299221050079446
TD	Pbre1_02G457000	young	5.723934	2.749305563607392
PD	Pbre1_17G116600	young	0.0	0.0
PD	Pbre1_04G061600	young	0.850044	0.8875595830804689
TRD	Pbre1_06G149800	young	0.0	0.0
PD	Pbre1_09G198200	young	13.650527	3.87288065623194
TD	Pbre1_04G017400	young	0.742158	0.8008754709400515
TD	Pbre1_12G411400	young	0.05212	0.07329926121928274
TRD	Pbre1_07G475600	young	7.844402	3.1447646007111096
TRD	Pbre1_14G217600	young	0.0	0.0
TD	Pbre1_15G702200	young	0.193217	0.2548564372954699
TD	Pbre1_03G068000	young	46.190678	5.560429994063137
TD	Pbre1_11G149200	young	0.392456	0.47763174078992954
TD	Pbre1_17G357600	young	0.021693	0.03096175800385215
TD	Pbre1_06G007000	young	3.277617	2.096807315383618
PD	Pbre1_09G183400	young	0.0	0.0
PD	Pbre1_01G107200	young	0.304275	0.38324808682960504
TD	Pbre1_07G083800	young	0.0	0.0
TRD	Pbre1_16G436000	young	0.0	0.0
TRD	Pbre1_06G347600	young	0.0	0.0
TD	Pbre1_03G036400	young	7.110274	3.019750655720438
PD	Pbre1_13G042600	young	0.031533	0.04478997553831646
PD	Pbre1_08G090400	young	0.0	0.0
TD	Pbre1_11G112800	young	3.786405	2.258942475182106
PD	Pbre1_17G222800	young	1.114755	1.0804905329627734
TD	Pbre1_03G205200	young	0.0	0.0
PD	Pbre1_13G350600	young	49.923701	5.670265369199578
TD	Pbre1_14G100000	young	0.0	0.0
PD	Pbre1_01G141000	young	10.803597	3.5611546649221917
PD	Pbre1_17G325800	young	4.5106	2.462209409522054
PD	Pbre1_17G390400	young	4.621866	2.491049066767097
TRD	Pbre1_15G627000	young	0.0	0.0
TRD	Pbre1_15G422000	young	0.0	0.0
TRD	Pbre1_11G020600	young	0.0	0.0
PD	Pbre1_09G330400	young	0.299436	0.3778855797459615
TRD	Pbre1_14G165600	young	0.0	0.0
PD	Pbre1_12G109000	young	0.0	0.0
PD	Pbre1_08G321000	young	0.349569	0.4324987399859526
TD	Pbre1_05G575600	young	0.174286	0.23178382287000254
TRD	Pbre1_12G306200	young	0.0	0.0
TRD	Pbre1_11G247000	young	0.060496	0.08473917929275222
TD	Pbre1_11G080200	young	0.0	0.0
PD	Pbre1_14G147600	young	3.455847	2.1556996958442722
PD	Pbre1_07G209600	young	0.127838	0.1735598572924941
TRD	Pbre1_10G282800	young	0.0	0.0
PD	Pbre1_10G239000	young	0.519574	0.603666932730234
TRD	Pbre1_17G319400	young	0.0	0.0
PD	Pbre1_03G197400	young	0.0	0.0
PD	Pbre1_10G028800	young	7.807273	3.138695385957008
TD	Pbre1_02G440800	young	1.69959	1.432740314727264
TRD	Pbre1_15G344000	young	0.427758	0.5137514683119928
PD	Pbre1_07G358600	young	4.471565	2.4519535377368347
PD	Pbre1_17G487600	young	0.84784	0.8858398426848083
TD	Pbre1_11G196000	young	0.43888	0.5249462789275534
PD	Pbre1_04G061800	young	0.573569	0.6540404412834775
PD	Pbre1_01G232800	young	2.329518	1.7353133396566593
TRD	Pbre1_01G084000	young	0.047114	0.06641851799126938
TRD	Pbre1_01G044400	young	1.670134	1.4169121450156426
PD	Pbre1_13G072200	young	1.61546	1.3870647060729093
TD	Pbre1_09G232600	young	0.240797	0.31126710334160995
TRD	Pbre1_04G145200	young	0.0	0.0
TD	Pbre1_01G314800	young	0.0	0.0
PD	Pbre1_04G336000	young	0.0	0.0
TRD	Pbre1_12G292000	young	115.299198	6.861697337786095
PD	Pbre1_05G029200	young	1.524242	1.3358502286499567
TRD	Pbre1_02G259400	young	0.0	0.0
TRD	Pbre1_16G228000	young	4.423706	2.439278977176743
PD	Pbre1_12G411600	young	0.055384	0.07776801703515215
PD	Pbre1_17G486800	young	0.122754	0.16704186197042187
TRD	Pbre1_13G460400	young	32.29086	5.057054234867171
TD	Pbre1_11G090800	young	54.058718	5.78289911316492
TRD	Pbre1_16G435400	young	0.0	0.0
PD	Pbre1_16G097400	young	7.176548	3.0314918903054435
TD	Pbre1_14G410400	young	0.32736	0.40855970437641403
PD	Pbre1_11G345200	young	0.0	0.0
TD	Pbre1_04G017200	young	89.301849	6.496683623189514
TD	Pbre1_10G409800	young	0.090749	0.12531915105046385
TD	Pbre1_03G067600	young	0.27618	0.35183182972404786
TD	Pbre1_02G041800	young	3.43218	2.148016473407434
TD	Pbre1_02G088000	young	20.957813	4.4566624638399
PD	Pbre1_04G306200	young	2.325008	1.7333578117556145
PD	Pbre1_01G125600	young	0.025716	0.0366313331781911
TD	Pbre1_08G094400	young	3.231757	2.0812567860152025
TD	Pbre1_15G050600	young	0.482467	0.5679999904601576
PD	Pbre1_16G046000	young	0.171386	0.22821655707136218
TD	Pbre1_03G024000	young	6.319	2.871646545559235
PD	Pbre1_11G389800	young	0.105203	0.14431138336804455
PD	Pbre1_11G034600	young	0.835771	0.8763861035394858
PD	Pbre1_10G406000	young	1.046415	1.033098744169122
TRD	Pbre1_17G488600	young	0.739651	0.7987979089068976
PD	Pbre1_07G101400	young	2.149383	1.6550692159049047
TD	Pbre1_05G387400	young	4.145666	2.3633578162279805
PD	Pbre1_01G326600	young	1.338774	1.2257524581708483
TRD	Pbre1_16G370400	young	0.117798	0.1606594987994573
PD	Pbre1_02G020600	young	0.598373	0.6766041181884765
TD	Pbre1_03G219800	young	30.486122	4.976644173227771
TRD	Pbre1_08G234200	young	0.053613	0.0753450515041668
TRD	Pbre1_17G309800	young	0.114536	0.1564432170307463
PD	Pbre1_11G030400	young	35.303316	5.182029427082523
TRD	Pbre1_17G427400	young	0.0	0.0
TD	Pbre1_02G120200	young	11.096594	3.596528984450977
PD	Pbre1_10G260000	young	0.0	0.0
TD	Pbre1_05G098400	young	3.639208	2.213878531214977
TRD	Pbre1_14G346200	young	0.133206	0.18041014550437207
TRD	Pbre1_09G358200	young	0.028505	0.04054880743374677
PD	Pbre1_04G294200	young	2.489507	1.803023225863109
TD	Pbre1_03G404000	young	12.442285	3.748706491781433
PD	Pbre1_13G464800	young	0.0	0.0
TRD	Pbre1_08G294400	young	0.274985	0.35048027410145804
PD	Pbre1_04G043200	young	0.647319	0.720119957101218
TD	Pbre1_10G483200	young	0.993902	0.9955945032223401
TRD	Pbre1_07G241000	young	0.27672	0.3524421594147517
TRD	Pbre1_03G362800	young	0.0	0.0
TD	Pbre1_03G036600	young	4.575972	2.479223316664986
PD	Pbre1_12G034200	young	0.034416	0.04881649555675651
TRD	Pbre1_17G326600	young	3.649054	2.216937183241209
TD	Pbre1_14G213400	young	1.123672	1.0865609598734318
TRD	Pbre1_12G191800	young	1.562908	1.3577816915339063
TRD	Pbre1_07G288400	young	0.033695	0.04781056969820971
PD	Pbre1_13G072000	young	0.281266	0.35757002059976306
TRD	Pbre1_09G233200	young	12.657788	3.771651940166798
TD	Pbre1_15G234200	young	0.665909	0.7363095958809078
TRD	Pbre1_14G346000	young	2.524904	1.817583966558268
TRD	Pbre1_09G392800	young	0.0	0.0
PD	Pbre1_02G479800	young	4.132549	2.35967549568401
TRD	Pbre1_05G313800	young	0.0	0.0
TRD	Pbre1_14G176800	young	0.0	0.0
TRD	Pbre1_08G084600	young	0.0	0.0
TD	Pbre1_06G169200	young	3.317219	2.1101022783912593
TRD	Pbre1_17G427600	young	0.0	0.0
TD	Pbre1_02G488200	young	0.574423	0.6548232015923623
TRD	Pbre1_16G426800	young	0.0	0.0
TD	Pbre1_12G253400	young	0.068939	0.09617952667068343
TD	Pbre1_12G385600	young	0.350869	0.4338877766518843
PD	Pbre1_03G114000	young	1.331522	1.221272042862948
TRD	Pbre1_03G340400	young	1.112172	1.0787273221221485
PD	Pbre1_09G157800	young	0.0	0.0
TRD	Pbre1_05G571600	young	0.0	0.0
TD	Pbre1_02G447200	young	0.0	0.0
TRD	Pbre1_15G064400	young	15.81162	4.071386847025733
TD	Pbre1_02G412000	young	0.028218	0.04014617326334801
TRD	Pbre1_07G203400	young	0.0	0.0
PD	Pbre1_05G462600	young	0.0	0.0
PD	Pbre1_12G108600	young	0.0	0.0
TRD	Pbre1_07G056800	young	0.0	0.0
PD	Pbre1_02G451800	young	0.0	0.0
TRD	Pbre1_15G455400	young	0.683023	0.7510548925081524
PD	Pbre1_14G411400	young	76.468395	6.275535944931734
PD	Pbre1_12G276200	young	4.985817	2.5815481730511523
TRD	Pbre1_15G783600	young	33.640864	5.114403008582787
TRD	Pbre1_15G566000	young	0.0	0.0
TD	Pbre1_12G109400	young	0.0	0.0
PD	Pbre1_01G100200	young	0.519518	0.6036137649272859
TRD	Pbre1_02G487600	young	0.0	0.0
PD	Pbre1_06G231000	young	0.154091	0.2067569848782552
TD	Pbre1_10G199800	young	0.0	0.0
TRD	Pbre1_04G076400	young	9.746172	3.4257509295731494
TRD	Pbre1_02G404000	young	21.631848	4.500282487339388
TRD	Pbre1_12G025000	young	10.276191	3.4952079149799093
TD	Pbre1_09G232800	young	0.029768	0.04231934425304936
TD	Pbre1_05G435200	young	14.291438	3.934652178362975
TD	Pbre1_03G320800	young	14.109143	3.9173499271496164
TRD	Pbre1_10G134800	young	0.099815	0.13726086826918432
TD	Pbre1_07G108400	young	9.490711	3.3910405536808423
TRD	Pbre1_12G410600	young	4.46567	2.4503983570920758
TD	Pbre1_02G216800	young	8.762822	3.2872982273920983
TRD	Pbre1_15G585800	young	0.111758	0.15284278608703888
TRD	Pbre1_08G278600	young	19.541204	4.36044884099926
PD	Pbre1_15G307400	young	0.966158	0.9753792609752274
TRD	Pbre1_03G307200	young	0.047169	0.06649429402274842
TRD	Pbre1_09G464000	young	0.955278	0.9673737434447253
TRD	Pbre1_02G321000	young	0.0	0.0
TD	Pbre1_03G040600	young	0.184492	0.24426845472056513
PD	Pbre1_06G281400	young	0.0	0.0
PD	Pbre1_10G491200	young	0.811375	0.8570852512218693
TRD	Pbre1_10G078800	young	0.074457	0.10360774695547176
TRD	Pbre1_12G173200	young	0.152532	0.2048068075747005
TD	Pbre1_06G095400	young	0.0	0.0
PD	Pbre1_01G125000	young	6.070318	2.8217751042434007
PD	Pbre1_07G162000	young	1.47238	1.3059004997078576
TRD	Pbre1_06G197200	young	0.0	0.0
TD	Pbre1_05G420400	young	0.68859	0.7558190754622895
TD	Pbre1_10G483400	young	0.974698	0.9816320319140316
TD	Pbre1_03G285600	young	2.077994	1.6219904193923473
TD	Pbre1_03G413600	young	0.17605	0.23394939794520517
TRD	Pbre1_15G784400	young	4.70202	2.5114730995793058
TD	Pbre1_09G158200	young	0.0	0.0
TRD	Pbre1_15G763200	young	0.578614	0.6586584489917262
TD	Pbre1_04G032000	young	0.34522	0.42784213334252513
PD	Pbre1_09G184000	young	38.891732	5.318017857910466
TD	Pbre1_15G488000	young	3.182716	2.064440044527212
TD	Pbre1_15G310400	young	4.791213	2.5338655599242865
TRD	Pbre1_02G127200	young	0.0	0.0
TD	Pbre1_02G120000	young	13.597353	3.8676348776917533
TD	Pbre1_17G416400	young	0.701018	0.766398407534712
TRD	Pbre1_08G301400	young	0.739729	0.798862592967396
TD	Pbre1_12G370200	young	13.680158	3.8757955906291004
TRD	Pbre1_06G189000	young	0.588268	0.6674543694384548
PD	Pbre1_12G108400	young	0.0	0.0
PD	Pbre1_04G310000	young	0.429693	0.5157053883133056
TRD	Pbre1_03G295400	young	0.196049	0.2582764953963188
PD	Pbre1_07G066000	young	0.141334	0.19072104371335913
TRD	Pbre1_01G110200	young	0.0	0.0
PD	Pbre1_17G101200	young	0.0	0.0
TRD	Pbre1_08G200800	young	1.039743	1.0283873894602462
TRD	Pbre1_09G003200	young	1.362728	1.2404535541370754
TRD	Pbre1_02G417400	young	0.0	0.0
TD	Pbre1_08G094200	young	3.348798	2.1206166977266925
TD	Pbre1_14G311800	young	16.652982	4.14184000377915
TD	Pbre1_01G260800	young	1.723938	1.4456938663050183
TRD	Pbre1_01G034000	young	0.674167	0.7434434454837817
TRD	Pbre1_08G234400	young	8.797844	3.2924643214005087
PD	Pbre1_15G692800	young	0.0	0.0
TRD	Pbre1_11G394600	young	0.066603	0.09302329096125511
PD	Pbre1_15G745200	young	0.0	0.0
TD	Pbre1_02G021000	young	0.12529	0.17029684823910224
TRD	Pbre1_11G089400	young	0.10712	0.14681160335000043
PD	Pbre1_04G309600	young	0.0	0.0
TRD	Pbre1_15G553400	young	0.0	0.0
PD	Pbre1_15G299000	young	2.467542	1.7939133570477255
PD	Pbre1_06G211800	young	0.163175	0.21806816700802706
TD	Pbre1_12G370600	young	19.462852	4.354935328900734
TD	Pbre1_15G720000	young	0.301876	0.3805920424325947
TRD	Pbre1_17G125200	young	0.0	0.0
PD	Pbre1_09G281800	young	0.0	0.0
PD	Pbre1_11G162200	young	1.238195	1.1623357348297432
PD	Pbre1_04G294600	young	0.074319	0.1034224396773596
TD	Pbre1_10G506400	young	3.177801	2.062743774561408
PD	Pbre1_07G241200	young	0.643293	0.7165897365022691
TRD	Pbre1_01G115000	young	0.492995	0.5782093339337515
PD	Pbre1_02G253400	young	28.486404	4.8819779848455065
TD	Pbre1_05G181000	young	0.0	0.0
PD	Pbre1_14G173400	young	0.0	0.0
TD	Pbre1_11G254800	young	0.0	0.0
TRD	Pbre1_17G019000	young	12.516189	3.756616524181525
PD	Pbre1_15G246000	young	0.033259	0.04720193007956596
TRD	Pbre1_16G498800	young	0.0	0.0
TRD	Pbre1_06G166600	young	0.262114	0.3358422271245153
TRD	Pbre1_01G115200	young	0.927975	0.9470863443013479
PD	Pbre1_01G233000	young	7.342424	3.0604666384261696
TRD	Pbre1_17G018800	young	3.947813	2.3067909754414546
TD	Pbre1_12G370400	young	11.365391	3.628235954092967
TRD	Pbre1_02G036200	young	0.0	0.0
TD	Pbre1_07G210400	young	5.923336	2.7914673660328355
TD	Pbre1_03G071800	young	3.568195	2.1916242355362403
PD	Pbre1_13G444400	young	0.0	0.0
PD	Pbre1_02G340000	young	0.0	0.0
PD	Pbre1_11G517200	young	1.88884	1.530490301653037
TRD	Pbre1_02G484800	young	0.0	0.0
PD	Pbre1_08G036800	young	5.178868	2.6273425532791514
TD	Pbre1_17G265600	young	0.0	0.0
TRD	Pbre1_15G734800	young	0.0	0.0
PD	Pbre1_03G376800	young	0.0	0.0
TD	Pbre1_05G246000	young	0.0	0.0
TD	Pbre1_09G236200	young	46.841772	5.580198921051053
TD	Pbre1_15G720600	young	20.092873	4.398683708774761
TRD	Pbre1_03G450600	young	3.68911	2.2293141230751727
PD	Pbre1_15G298600	young	7.982588	3.167131163992172
PD	Pbre1_14G082800	young	43.61594	5.479487330827918
TD	Pbre1_04G017600	young	5.413136	2.681030001974572
TRD	Pbre1_11G456400	young	10.37679	3.508021648634386
TRD	Pbre1_10G499000	young	0.539816	0.6227579666687543
TRD	Pbre1_17G265000	young	1.836861	1.5042954634344494
TD	Pbre1_05G010800	young	5.805532	2.76670794406021
TRD	Pbre1_03G209400	young	4.651136	2.4985409094443143
TD	Pbre1_10G080400	young	1.152004	1.10568075948134
PD	Pbre1_02G452400	young	38.349254	5.298264379649287
PD	Pbre1_06G380800	young	0.078456	0.10896731708555758
TRD	Pbre1_02G012400	young	0.601294	0.6792382131646836
TD	Pbre1_03G471200	young	30.651265	4.98419125560753
TRD	Pbre1_17G264800	young	3.730902	2.2421152759249603
TD	Pbre1_04G060000	young	0.109756	0.1502425087502737
TD	Pbre1_06G014200	young	0.0	0.0
TD	Pbre1_01G201400	young	0.163451	0.2184104513572547
TD	Pbre1_07G056400	young	0.0	0.0
PD	Pbre1_16G513600	young	1.203183	1.1395893326363877
TD	Pbre1_03G046400	young	51.203686	5.706079771149524
TRD	Pbre1_06G052600	young	0.0	0.0
TD	Pbre1_16G149600	young	4.658328	2.5003758088051953
TRD	Pbre1_07G094800	young	0.0	0.0
TD	Pbre1_06G047600	young	0.0	0.0
PD	Pbre1_03G037200	young	9.652934	3.4131789229248115
TD	Pbre1_03G064800	young	0.196232	0.2584972162840387
TD	Pbre1_03G413400	young	0.0	0.0
PD	Pbre1_05G231200	young	2.336877	1.7384985085878104
TD	Pbre1_06G095600	young	0.0	0.0
PD	Pbre1_17G416200	young	52.250868	5.734733136640663
PD	Pbre1_05G134400	young	0.090763	0.1253376682354004
TRD	Pbre1_06G080400	young	0.0	0.0
PD	Pbre1_02G420400	young	0.015036	0.021530895982316778
TRD	Pbre1_17G455000	young	0.0	0.0
PD	Pbre1_16G410600	young	0.023358	0.03331092951480965
PD	Pbre1_11G295400	young	1.437083	1.2851553859194027
TD	Pbre1_05G010600	young	0.891283	0.9193652554868217
TD	Pbre1_09G210400	young	0.241322	0.3118774003561865
PD	Pbre1_03G121600	young	65.49929	6.05526703220875
TRD	Pbre1_07G129600	young	0.035654	0.05054209582491629
PD	Pbre1_12G276000	young	0.017701	0.02531376064883206
TD	Pbre1_09G267800	young	53.817876	5.776574524772481
PD	Pbre1_14G279200	young	0.0	0.0
TD	Pbre1_08G036000	young	1.539601	1.3446018511162003
TD	Pbre1_10G410000	young	0.0	0.0
PD	Pbre1_02G020800	young	0.0	0.0
TRD	Pbre1_12G143400	young	0.0	0.0
PD	Pbre1_17G083800	young	0.172786	0.22993978667855913
TRD	Pbre1_03G089800	young	0.0	0.0
TRD	Pbre1_01G004000	young	0.228728	0.2971655857825078
TD	Pbre1_16G459600	young	1.650796	1.4064256475296533
PD	Pbre1_06G281800	young	0.074377	0.10350032534605515
TRD	Pbre1_15G784200	young	0.866534	0.9003617884077311
TRD	Pbre1_12G265600	young	0.368178	0.452255937103729
TRD	Pbre1_12G317600	young	1.393104	1.2588830951730958
TD	Pbre1_12G014000	young	0.0	0.0
PD	Pbre1_15G758800	young	1.954377	1.5628539362335057
TRD	Pbre1_16G469200	young	0.0	0.0
PD	Pbre1_17G462600	young	0.0	0.0
TRD	Pbre1_02G145400	young	0.635182	0.7094512203622023
TD	Pbre1_15G490000	young	0.0	0.0
PD	Pbre1_02G061000	young	0.407229	0.4928571191086154
TRD	Pbre1_10G164800	young	0.0	0.0
TRD	Pbre1_09G390600	young	0.0	0.0
TRD	Pbre1_03G295000	young	2.026552	1.597675138590702
TD	Pbre1_05G553800	young	1.403356	1.2650503652359486
TRD	Pbre1_06G130600	young	0.0	0.0
TRD	Pbre1_14G116600	young	12.738101	3.7801106909483977
TD	Pbre1_04G078200	young	36.178733	5.216405700923064
PD	Pbre1_08G043400	young	0.0	0.0
TD	Pbre1_13G471200	young	0.099264	0.13653790653459916
PD	Pbre1_05G249400	young	6.753895	2.954921198849095
TD	Pbre1_16G046200	young	127.305158	7.003435359200314
TD	Pbre1_15G720200	young	5.567424	2.7153276001997866
TD	Pbre1_08G112400	young	26.25794	4.768604630468379
TRD	Pbre1_07G434200	young	0.0	0.0
TD	Pbre1_11G345800	young	1.93899	1.5553204501852465
TD	Pbre1_05G396000	young	10.150058	3.47897930961543
TRD	Pbre1_13G256800	young	0.57232	0.6528948660894707
TD	Pbre1_10G118600	young	516.14873	9.014435443574943
TD	Pbre1_15G215400	young	1.197607	1.1359334109255705
TD	Pbre1_09G210600	young	0.199711	0.26268691493273727
TD	Pbre1_11G359400	young	1.066729	1.0473492276661327
TD	Pbre1_09G341800	young	3.930966	2.3018703052015344
PD	Pbre1_10G512800	young	7.256303	3.045495917536361
PD	Pbre1_07G065600	young	0.495649	0.5807716422213933
TRD	Pbre1_10G055600	young	8.26071	3.2111228062513866
TD	Pbre1_04G301400	young	10.874623	3.5698098058329073
PD	Pbre1_17G211200	young	0.339424	0.42161272382029447
PD	Pbre1_15G745400	young	0.0	0.0
TD	Pbre1_03G064600	young	1.800543	1.485706579833388
PD	Pbre1_09G377000	young	0.0	0.0
PD	Pbre1_02G422200	young	11.500441	3.6439070871579426
PD	Pbre1_13G454200	young	0.0	0.0
TRD	Pbre1_14G058000	young	0.0	0.0
PD	Pbre1_17G487800	young	0.0	0.0
PD	Pbre1_07G042600	young	0.0	0.0
TRD	Pbre1_10G094000	young	3.241166	2.0844609513828116
TD	Pbre1_05G433200	young	0.241307	0.3118599668809361
TRD	Pbre1_05G113000	young	0.0	0.0
PD	Pbre1_13G464600	young	0.0	0.0
TD	Pbre1_08G035800	young	0.146784	0.19759368126268045
TRD	Pbre1_07G226200	young	0.0	0.0
TD	Pbre1_17G416600	young	6.008381	2.8090812069980773
TRD	Pbre1_12G065200	young	0.232113	0.3011345750780324
PD	Pbre1_03G139200	young	0.982867	0.9875879126270843
TD	Pbre1_05G181200	young	0.0	0.0
TD	Pbre1_06G169400	young	5.63335	2.7297376497924883
TRD	Pbre1_05G085200	young	0.0	0.0
TD	Pbre1_14G377600	young	0.0	0.0
TD	Pbre1_14G174800	young	0.117063	0.1597105530768513
TRD	Pbre1_07G057800	young	0.075812	0.1054259864772783
PD	Pbre1_16G045600	young	0.0	0.0
TRD	Pbre1_01G135400	young	0.0	0.0
TD	Pbre1_08G208800	young	0.0	0.0
PD	Pbre1_05G181800	young	0.0	0.0
PD	Pbre1_05G288400	young	1.817141	1.4942317734785586
TRD	Pbre1_09G100400	young	0.0	0.0
PD	Pbre1_06G346600	young	0.563882	0.6451316607033406
PD	Pbre1_10G264000	young	0.47069	0.5564931795671006
PD	Pbre1_05G133200	young	0.085639	0.1185444535185956
TRD	Pbre1_15G634400	young	0.0	0.0
TRD	Pbre1_17G196800	young	0.0	0.0
TRD	Pbre1_02G449000	young	0.029643	0.042144209828369215
PD	Pbre1_02G468600	young	3.179588	2.063360736647858
TRD	Pbre1_12G159400	young	0.0	0.0
TD	Pbre1_09G183800	young	10.942957	3.578088177810769
TRD	Pbre1_07G179600	young	0.0	0.0
TRD	Pbre1_05G535000	young	0.345057	0.42766731172233297
TRD	Pbre1_01G033400	young	5.252051	2.6443295469151504
TRD	Pbre1_03G279000	young	0.0	0.0
TD	Pbre1_02G381200	young	62.347282	5.985210814817882
PD	Pbre1_02G396600	young	54.41816	5.7922869059783775
TRD	Pbre1_03G257800	young	0.0	0.0
TD	Pbre1_13G396000	young	0.0	0.0
TRD	Pbre1_04G085200	young	1.012818	1.0092167289567386
PD	Pbre1_01G136200	young	0.0	0.0
PD	Pbre1_06G031800	young	0.184127	0.24382382120703436
TD	Pbre1_02G444000	young	0.08242	0.11426040151711694
TD	Pbre1_07G421200	young	2.68729	1.882560886762318
TD	Pbre1_09G210800	young	0.017317	0.02476929873028736
PD	Pbre1_12G380000	young	1.490562	1.3164713258786707
PD	Pbre1_10G491600	young	0.685384	0.7530773343029572
TRD	Pbre1_17G334600	young	24.613138	4.678812110794351
TD	Pbre1_08G358600	young	1.026071	1.0186847316677388
PD	Pbre1_11G123800	young	2.361701	1.749191412557377
PD	Pbre1_17G296400	young	0.0	0.0
TRD	Pbre1_16G510400	young	4.251036	2.3926020865142643
TD	Pbre1_16G204800	young	6.297287	2.8673601956174424
TRD	Pbre1_15G099200	young	0.0	0.0
PD	Pbre1_02G021200	young	0.658572	0.729941642085707
TRD	Pbre1_15G784600	young	0.266686	0.3410589377492237
TD	Pbre1_09G099000	young	0.079371	0.11019083133534023
TRD	Pbre1_06G096800	young	0.0	0.0
PD	Pbre1_07G135200	young	67.69349	6.102101477922967
TRD	Pbre1_05G468000	young	0.0	0.0
TRD	Pbre1_02G379200	young	0.369551	0.4537029908166479
TD	Pbre1_10G259800	young	0.0	0.0
PD	Pbre1_08G162000	young	1.095064	1.0669943160355178
TRD	Pbre1_06G153000	young	0.0	0.0
TRD	Pbre1_10G122600	young	55.595991	5.822627957674878
TRD	Pbre1_15G229000	young	9.992581	3.458458258128645
PD	Pbre1_17G390000	young	4.463167	2.449737524516664
TD	Pbre1_10G029600	young	0.308808	0.3882534717946936
TRD	Pbre1_16G447000	young	6.038631	2.8152948547759014
TD	Pbre1_07G091600	young	4.052487	2.336993704569452
PD	Pbre1_17G416000	young	1.342032	1.2277607880192791
PD	Pbre1_01G327600	young	3.270955	2.094558697413711
TRD	Pbre1_08G082000	young	0.0	0.0
PD	Pbre1_02G452000	young	1.917316	1.5446416656125819
TD	Pbre1_15G720800	young	10.168747	3.481395436636662
TRD	Pbre1_07G129400	young	0.055209	0.0775287746679746
PD	Pbre1_02G420000	young	3.637738	2.2134213200319315
PD	Pbre1_11G382800	young	0.0	0.0
PD	Pbre1_12G034600	young	0.081547	0.1130963608094506
TRD	Pbre1_08G171400	young	0.53572	0.6189152008021006
TD	Pbre1_16G203200	young	0.0	0.0
TD	Pbre1_09G470600	young	0.0	0.0
TRD	Pbre1_05G049600	young	0.0	0.0
TRD	Pbre1_02G370200	young	0.0	0.0
TRD	Pbre1_05G227400	young	0.14932	0.20078053700737153
TD	Pbre1_17G109800	young	0.432517	0.5185522598688593
TRD	Pbre1_07G001600	young	1.764503	1.467020137283117
TRD	Pbre1_17G319200	young	0.0	0.0
TD	Pbre1_11G359200	young	0.0	0.0
PD	Pbre1_01G132800	young	0.916917	0.9387878715492409
TD	Pbre1_10G423200	young	0.0	0.0
TRD	Pbre1_03G320400	young	0.351625	0.4346949403157909
TD	Pbre1_07G102800	young	4.037262	2.3326397709545197
PD	Pbre1_05G232000	young	0.198316	0.2610084018809142
TD	Pbre1_15G279600	young	3.132741	2.0470989524557464
PD	Pbre1_13G070400	young	22.581027	4.5595546467734085
PD	Pbre1_08G031600	young	17.329235	4.196074668831855
TD	Pbre1_10G403000	young	2.410433	1.769954920274331
TD	Pbre1_03G089600	young	97.636167	6.6240448326093055
PD	Pbre1_04G342800	young	99.188461	6.646572548440612
PD	Pbre1_02G378000	young	0.026284	0.037430018172492814
PD	Pbre1_10G378600	young	16.895104	4.161493023098115
TD	Pbre1_06G295800	young	0.0	0.0
TD	Pbre1_05G560400	young	0.0	0.0
TD	Pbre1_11G381800	young	11.048766	3.5908134922269794
PD	Pbre1_06G037400	young	0.363544	0.44736125511756775
TD	Pbre1_11G441200	young	4.822351	2.541601814846341
TD	Pbre1_10G518000	young	6.31067	2.8700036307170906
TD	Pbre1_11G455400	young	11.091545	3.5959266919499093
TD	Pbre1_01G128600	young	1.437115	1.285174329032222
TD	Pbre1_06G262200	young	29.647978	4.937719990154174
TD	Pbre1_10G370000	young	8.442246	3.239130070143437
PD	Pbre1_15G763800	young	40.223449	5.365393309299596
PD	Pbre1_17G211800	young	0.05358	0.07529986443648656
TD	Pbre1_09G065400	young	87.51434	6.467839296647616
TD	Pbre1_17G225000	young	0.0	0.0
PD	Pbre1_05G433200	young	0.241307	0.3118599668809361
TD	Pbre1_09G406800	young	1.175823	1.1215612002424737
TD	Pbre1_14G010400	young	0.39899	0.4843856501352819
TD	Pbre1_10G230000	young	0.030077	0.04275218533670224
TD	Pbre1_08G167000	young	105.072532	6.728907301466935
TD	Pbre1_15G707200	young	0.0	0.0
PD	Pbre1_10G163600	young	0.0	0.0
PD	Pbre1_05G263000	young	5.83184	2.77227418779366
PD	Pbre1_09G282800	young	10.112978	3.4741735695913034
TD	Pbre1_08G138200	young	1.182419	1.1259281095399984
PD	Pbre1_02G034200	young	0.393092	0.4782905368774135
PD	Pbre1_10G372800	young	10.71656	3.550477149338425
TD	Pbre1_07G066000	young	0.141334	0.19072104371335913
TD	Pbre1_11G359800	young	0.078457	0.10896865482615331
TD	Pbre1_17G239400	young	0.0	0.0
PD	Pbre1_15G083000	young	6.225021	2.8530017809076873
PD	Pbre1_03G348000	young	0.35685	0.44026123938797107
PD	Pbre1_10G332400	young	6.485879	2.9041717290406046
TD	Pbre1_02G374000	young	0.0	0.0
TD	Pbre1_16G315400	young	0.061628	0.08627832680834138
PD	Pbre1_14G140000	young	0.0	0.0
TD	Pbre1_14G132400	young	0.3871	0.4720717994160677
PD	Pbre1_16G402600	young	0.092436	0.12754876239205395
TD	Pbre1_05G317600	young	2.037964	1.6031047739449342
TD	Pbre1_07G082800	young	8.341721	3.2236883582266245
PD	Pbre1_12G157400	young	0.0	0.0
PD	Pbre1_07G149800	young	0.014289	0.020468776071292372
PD	Pbre1_13G423200	young	3.597604	2.200882209457713
PD	Pbre1_05G540600	young	139.996998	7.139520635968877
TD	Pbre1_09G334000	young	0.230544	0.2992962445062705
PD	Pbre1_12G277600	young	0.0	0.0
TD	Pbre1_11G358000	young	0.0	0.0
PD	Pbre1_17G116800	young	0.559656	0.6412278612535847
TRD	Pbre1_10G161600	young	0.0	0.0
TD	Pbre1_08G236800	young	0.0	0.0
PD	Pbre1_02G423200	young	4.285804	2.402122930187478
PD	Pbre1_11G016200	young	8.057917	3.179179319666561
TD	Pbre1_07G492600	young	0.0	0.0
PD	Pbre1_10G070200	young	1.834008	1.5028438307838203
TD	Pbre1_11G507800	young	1.73783	1.4530328681549076
TD	Pbre1_10G577200	young	0.0	0.0
TD	Pbre1_12G221800	young	10.378149	3.5081939736459273
PD	Pbre1_17G231200	young	0.544117	0.6267820718577346
TD	Pbre1_02G155400	young	5.811186	2.767906029858854
TD	Pbre1_01G331800	young	0.0	0.0
TD	Pbre1_14G380200	young	4.714663	2.5146684236254004
TD	Pbre1_03G299400	young	19.349895	4.346949445478634
TD	Pbre1_01G216600	young	0.0	0.0
PD	Pbre1_07G425400	young	12.059666	3.707046095423668
PD	Pbre1_15G695800	young	7.241736	3.0429482518262763
PD	Pbre1_09G264600	young	0.826176	0.8688258135648226
PD	Pbre1_16G078400	young	0.0	0.0
TD	Pbre1_03G386400	young	22.165409	4.533900249180098
TD	Pbre1_06G409200	young	0.0	0.0
TD	Pbre1_09G094000	young	0.102333	0.14056010855287945
PD	Pbre1_04G217600	young	0.135369	0.18316125606414052
TD	Pbre1_16G041200	young	0.0	0.0
PD	Pbre1_15G740800	young	0.0	0.0
TD	Pbre1_17G112400	young	15.260798	4.023326154415482
PD	Pbre1_05G126600	young	0.376407	0.4609071343276119
TD	Pbre1_17G378800	young	20.55871	4.430198949588083
PD	Pbre1_07G016000	young	0.22363	0.2911673833071017
PD	Pbre1_16G051400	young	0.0	0.0
TD	Pbre1_12G380000	young	1.490562	1.3164713258786707
PD	Pbre1_01G010800	young	0.0	0.0
TD	Pbre1_06G068200	young	1.334305	1.2229930757151883
TD	Pbre1_05G417000	young	10.416172	3.513007071120414
PD	Pbre1_17G114200	young	5.176978	2.626901192380263
PD	Pbre1_05G192800	young	0.483555	0.5690584130038139
PD	Pbre1_07G241400	young	0.806182	0.8529432733658554
TD	Pbre1_11G449000	young	14.586886	3.9622608252902194
TD	Pbre1_05G330800	young	5.178579	2.627275073504908
PD	Pbre1_01G142000	young	0.035574	0.05043064927887826
TD	Pbre1_05G093200	young	161.152887	7.341210899806526
PD	Pbre1_01G387400	young	0.0	0.0
TD	Pbre1_17G218800	young	0.236506	0.30626924025291635
PD	Pbre1_01G201400	young	0.163451	0.2184104513572547
PD	Pbre1_09G022800	young	1.311447	1.2087962828793781
PD	Pbre1_15G762800	young	0.349275	0.4321844184885269
TD	Pbre1_01G374600	young	11.471163	3.6405241050506034
TD	Pbre1_06G310800	young	0.214745	0.28065349420448843
TD	Pbre1_07G396000	young	1.244157	1.166173609635751
PD	Pbre1_01G327200	young	2.703441	1.8888663536226882
PD	Pbre1_02G380200	young	0.0	0.0
PD	Pbre1_17G329000	young	31.154158	5.0069334059429815
PD	Pbre1_08G357200	young	0.305705	0.3848289833229943
PD	Pbre1_02G015800	young	0.068781	0.09596626598464814
PD	Pbre1_05G300200	young	1.039191	1.0279969111306468
PD	Pbre1_02G245400	young	2.884702	1.9578039320662635
PD	Pbre1_13G336800	young	0.047476	0.0669171889579039
PD	Pbre1_05G307400	young	0.0	0.0
TD	Pbre1_06G206600	young	11.737149	3.670970485208848
TD	Pbre1_07G447000	young	0.029484	0.041921408114869
PD	Pbre1_02G379800	young	1.35323	1.2346423335852326
TD	Pbre1_15G243400	young	4.09911	2.3502454606851924
TD	Pbre1_09G356000	young	55.922638	5.830930617983813
TD	Pbre1_06G056600	young	8.927446	3.3114226082811875
PD	Pbre1_09G158600	young	0.577686	0.6578101005859833
TD	Pbre1_10G000400	young	0.0	0.0
TD	Pbre1_05G422400	young	132.970828	7.065775079401631
TD	Pbre1_16G454200	young	1.146553	1.10202179444574
PD	Pbre1_05G437600	young	2.331891	1.7363412049256572
TD	Pbre1_05G487600	young	0.0	0.0
TD	Pbre1_15G259200	young	28.067946	4.861357226206447
TD	Pbre1_11G132400	young	0.018188	0.026003967726245362
PD	Pbre1_02G402200	young	14.949127	3.9954055529063686
TD	Pbre1_11G011000	young	21.860692	4.514797169912109
PD	Pbre1_11G337200	young	1.49959	1.321691473497172
TD	Pbre1_15G584600	young	57.380174	5.867406605634412
PD	Pbre1_08G037000	young	2.869774	1.9522493135014924
PD	Pbre1_15G307800	young	0.017494	0.025020287173814763
PD	Pbre1_05G583400	young	0.204096	0.2679504196745877
PD	Pbre1_08G309200	young	0.0	0.0
PD	Pbre1_07G186000	young	0.0	0.0
TD	Pbre1_08G347200	young	0.0	0.0
PD	Pbre1_10G030200	young	8.857743	3.3012573691752367
PD	Pbre1_03G420600	young	0.0	0.0
TD	Pbre1_10G108600	young	0.801425	0.8491385882729113
PD	Pbre1_11G061600	young	0.877695	0.9089627404556784
TD	Pbre1_17G476200	young	0.530382	0.613891810250235
TD	Pbre1_17G187000	young	49.088188	5.646398516211691
TD	Pbre1_03G187800	young	0.0	0.0
PD	Pbre1_02G487200	young	3.477728	2.162766894208942
TD	Pbre1_14G268600	young	0.614455	0.6910472290091171
TD	Pbre1_04G379000	young	0.628536	0.7035756119336409
TD	Pbre1_07G040200	young	81.325081	6.363260121182517
TD	Pbre1_08G255800	young	22.481671	4.553463171888767
TD	Pbre1_11G152600	young	0.099264	0.13653790653459916
TRD	Pbre1_05G152400	young	0.0	0.0
PD	Pbre1_02G453000	young	0.918304	0.9398313671438626
TD	Pbre1_10G208400	young	0.402019	0.48750590071803646
TD	Pbre1_10G437000	young	0.781989	0.8334884313074049
PD	Pbre1_16G145600	young	1.689604	1.4273937752756058
PD	Pbre1_17G211000	young	1.209433	1.1436761827204818
TRD	Pbre1_05G107400	young	0.0	0.0
PD	Pbre1_17G492000	young	0.60754	0.6848546362055805
TD	Pbre1_14G371400	young	8.892172	3.3062873247854454
TD	Pbre1_02G443400	young	6.044498	2.8164969018912216
TD	Pbre1_05G256800	young	3.04743	2.0170061294404658
TD	Pbre1_02G179400	young	5.868439	2.7799822529222085
TD	Pbre1_07G092000	young	50.044637	5.673687487333382
PD	Pbre1_01G217000	young	0.048032	0.06768276795980482
TD	Pbre1_10G281600	young	2.429025	1.777798422571752
TD	Pbre1_03G332200	young	15.725259	4.063956646867547
PD	Pbre1_02G397600	young	0.0	0.0
PD	Pbre1_05G274200	young	5.973803	2.8019456106105602
TD	Pbre1_01G113400	young	10.075859	3.469346687751831
TD	Pbre1_07G243400	young	0.160482	0.21472414550692692
PD	Pbre1_01G418600	young	4.854341	2.5495067813942556
TD	Pbre1_08G366800	young	5.402576	2.6786524730351373
TD	Pbre1_07G108800	young	1.890439	1.5312886259523986
TD	Pbre1_11G052000	young	2.546643	1.8264541179668066
PD	Pbre1_13G266800	young	0.0	0.0
TD	Pbre1_09G162600	young	7.971207	3.165302100614803
TD	Pbre1_12G404200	young	2.575662	1.8382103679612558
TD	Pbre1_05G327200	young	31.816396	5.03634490112387
TD	Pbre1_06G360600	young	4.680321	2.505972460015633
TD	Pbre1_07G013200	young	8.134304	3.191294805042974
PD	Pbre1_07G172400	young	7.501127	3.0876541129599695
TD	Pbre1_04G098200	young	0.0	0.0
TD	Pbre1_14G446400	young	0.076812	0.10676639255346244
PD	Pbre1_14G167200	young	0.0	0.0
PD	Pbre1_07G141800	young	0.252503	0.3248140589733294
TD	Pbre1_15G705400	young	9.903502	3.446719670861261
PD	Pbre1_07G043600	young	0.681817	0.750020733205592
TRD	Pbre1_14G268400	young	0.370559	0.45476443482204587
TD	Pbre1_09G274600	young	0.009694	0.01391813300542108
TD	Pbre1_15G729200	young	6.81683	2.9665836624584316
PD	Pbre1_01G326800	young	0.608179	0.6854279960938432
PD	Pbre1_02G438000	young	0.441194	0.5272645506406879
TD	Pbre1_07G156600	young	2.304339	1.7243617038670407
PD	Pbre1_04G391200	young	0.11679	0.15935792848774588
PD	Pbre1_13G485400	young	3.733386	2.2428725763291437
PD	Pbre1_15G172600	young	0.283566	0.36015748011640175
TRD	Pbre1_13G212800	young	0.0	0.0
PD	Pbre1_03G297800	young	4.215698	2.3828603368780574
TD	Pbre1_10G193400	young	4.760711	2.526246883346562
PD	Pbre1_03G021800	young	12.674646	3.7734315808737553
TD	Pbre1_05G552800	young	0.0	0.0
TRD	Pbre1_17G012400	young	0.0	0.0
TD	Pbre1_05G029200	young	1.524242	1.3358502286499567
PD	Pbre1_15G515400	young	18.485713	4.284344816886715
PD	Pbre1_05G227800	young	0.49466	0.5798173425503802
TD	Pbre1_05G553400	young	0.050951	0.0716954060222924
PD	Pbre1_01G327800	young	0.428263	0.514261661341555
PD	Pbre1_10G572800	young	1.832922	1.50229087995027
PD	Pbre1_07G390200	young	6.370957	2.881851942186299
PD	Pbre1_07G049800	young	1.96494	1.5680029099725268
PD	Pbre1_08G179800	young	0.424231	0.5101831600168053
PD	Pbre1_09G229000	young	2.311915	1.7276656466741662
PD	Pbre1_13G337000	young	0.119228	0.1625039603206732
PD	Pbre1_05G432800	young	6.825578	2.9681973139542173
PD	Pbre1_03G198600	young	1.613321	1.3858843449659506
PD	Pbre1_13G465400	young	3.212591	2.0747078515955537
TD	Pbre1_03G054000	young	0.0	0.0
TD	Pbre1_06G186000	young	0.909898	0.9334955917565333
TD	Pbre1_17G291400	young	18.574713	4.290919250091438
TD	Pbre1_01G107200	young	0.304275	0.38324808682960504
TD	Pbre1_02G457200	young	14.332112	3.9384845369627466
PD	Pbre1_17G117200	young	0.0	0.0
PD	Pbre1_04G062400	young	1.035362	1.0252854083289054
TRD	Pbre1_02G265000	young	0.0	0.0
PD	Pbre1_09G198600	young	1.129455	1.090484242936948
PD	Pbre1_12G424400	young	17.670216	4.222666713416995
TD	Pbre1_12G411600	young	0.055384	0.07776801703515215
PD	Pbre1_02G456000	young	8.227555	3.2059484315487246
PD	Pbre1_05G038800	young	0.063408	0.08869522494406809
TD	Pbre1_16G350600	young	7.417863	3.073454030131694
PD	Pbre1_03G153200	young	1.773117	1.4715084861065404
PD	Pbre1_03G196400	young	0.0	0.0
PD	Pbre1_05G300000	young	0.017105	0.024468622322171753
TD	Pbre1_15G702400	young	0.359969	0.4435737661403263
TD	Pbre1_08G320200	young	476.292572	8.898730073991887
TD	Pbre1_03G068200	young	0.01636	0.023411502722324593
TD	Pbre1_11G149400	young	0.0	0.0
TD	Pbre1_11G372400	young	0.0	0.0
TD	Pbre1_17G357800	young	0.0	0.0
TD	Pbre1_06G007200	young	0.190242	0.25125493210860583
PD	Pbre1_11G423600	young	0.208768	0.27353737331525735
TD	Pbre1_11G027600	young	15.792838	4.069774162120682
PD	Pbre1_16G456000	young	0.0	0.0
PD	Pbre1_09G184600	young	0.0	0.0
PD	Pbre1_05G130600	young	123.591022	6.9610563016138185
PD	Pbre1_04G042000	young	3.062179	2.0222538134209955
TD	Pbre1_07G084000	young	0.0	0.0
TD	Pbre1_05G371200	young	1.1706	1.11809388938682
TD	Pbre1_06G031800	young	0.184127	0.24382382120703436
PD	Pbre1_07G317200	young	29.895691	4.949333735398192
TD	Pbre1_10G352600	young	0.101289	0.13919311027878623
PD	Pbre1_05G246400	young	0.051176	0.07200424215392431
PD	Pbre1_13G043200	young	5.247485	2.6432755324541812
TD	Pbre1_06G054200	young	0.736253	0.7959771869821228
PD	Pbre1_08G090800	young	0.0	0.0
PD	Pbre1_06G155800	young	103.695841	6.710060322703899
TD	Pbre1_11G113000	young	2.733241	1.9004286450679948
TD	Pbre1_03G205400	young	0.318834	0.39926298578115993
PD	Pbre1_13G351000	young	21.197173	4.472304043598535
TD	Pbre1_14G100200	young	0.0	0.0
TD	Pbre1_15G260800	young	2.876408	1.9547204253966677
TD	Pbre1_17G276200	young	1.267382	1.181027471395674
PD	Pbre1_17G047400	young	5.428446	2.6844700254142198
PD	Pbre1_02G422800	young	4.222693	2.384793901796562
TD	Pbre1_02G102600	young	2.951524	1.9824091705564295
PD	Pbre1_05G358200	young	0.0	0.0
PD	Pbre1_01G141600	young	0.0	0.0
PD	Pbre1_11G285000	young	48.346798	5.624884569449636
PD	Pbre1_17G391200	young	45.786452	5.548018922515165
PD	Pbre1_13G202200	young	5.419351	2.6824274474393808
TD	Pbre1_09G117000	young	0.915836	0.937974068321872
TD	Pbre1_03G420200	young	0.0	0.0
TD	Pbre1_10G064800	young	8.995636	3.321298365354538
TD	Pbre1_04G023600	young	7.382593	3.0673965839712847
PD	Pbre1_17G280400	young	0.0	0.0
PD	Pbre1_13G351200	young	11.286667	3.619021704274686
PD	Pbre1_17G087800	young	2.044859	1.6063754219869
PD	Pbre1_12G109600	young	0.047225	0.06657144371121117
PD	Pbre1_02G443600	young	1.695909	1.4307717993890399
TD	Pbre1_16G055200	young	4.055635	2.337892309500328
PD	Pbre1_08G073600	young	8.914476	3.309536525134063
PD	Pbre1_03G135600	young	2.663848	1.873359652399124
PD	Pbre1_08G321400	young	0.036402	0.05158370467859727
TD	Pbre1_05G575800	young	0.404947	0.49051570747155016
TD	Pbre1_03G292800	young	0.939557	0.9557271746365169
TRD	Pbre1_07G185800	young	0.0	0.0
TD	Pbre1_11G080400	young	0.0	0.0
PD	Pbre1_14G148000	young	0.663186	0.7339495193601591
TD	Pbre1_12G104200	young	0.0	0.0
PD	Pbre1_07G210200	young	0.468164	0.5540131321944111
PD	Pbre1_02G397000	young	0.208053	0.27268375032511466
PD	Pbre1_15G082800	young	0.016907	0.0241877452978492
PD	Pbre1_10G239600	young	0.205265	0.2693503847567317
TD	Pbre1_12G056000	young	0.777163	0.8295760102956975
TD	Pbre1_15G015200	young	51.070672	5.702399120490338
TD	Pbre1_16G347600	young	19.996841	4.392100383899919
PD	Pbre1_13G157000	young	3.794695	2.2614390454868873
TD	Pbre1_05G515200	young	3.964382	2.311614132450874
PD	Pbre1_14G365400	young	0.324773	0.4057451748980593
PD	Pbre1_03G114400	young	4.222118	2.3846350574384694
PD	Pbre1_14G304000	young	19.995561	4.392012432291296
PD	Pbre1_03G198400	young	1.102465	1.072081783954036
TD	Pbre1_07G267800	young	44.62065	5.511615097107251
TD	Pbre1_09G177600	young	0.101614	0.13961879937330463
PD	Pbre1_10G029200	young	0.038675	0.054744307528020585
PD	Pbre1_04G042200	young	4.048591	2.33588080549907
TD	Pbre1_13G409400	young	55.753951	5.826648925875803
PD	Pbre1_03G085000	young	0.0	0.0
PD	Pbre1_08G048200	young	0.0	0.0
TD	Pbre1_11G033000	young	15.66961	4.059148446503369
TD	Pbre1_02G441000	young	12.689131	3.774958960637095
TD	Pbre1_04G051200	young	26.919746	4.803213911570771
TD	Pbre1_14G093200	young	0.0	0.0
PD	Pbre1_11G275200	young	0.030578	0.04345370036927877
TD	Pbre1_06G266200	young	28.903196	4.902227780211814
PD	Pbre1_15G695600	young	0.0	0.0
TD	Pbre1_13G062200	young	0.258341	0.3315229336198336
PD	Pbre1_01G147200	young	1.975562	1.5731621786861294
PD	Pbre1_05G269000	young	0.023232	0.03313328809627269
TD	Pbre1_11G196200	young	0.599798	0.6778897533651544
PD	Pbre1_04G062200	young	0.146037	0.19665362250216245
PD	Pbre1_01G233200	young	4.341001	2.4171101543470495
PD	Pbre1_14G010000	young	0.0	0.0
TD	Pbre1_15G266000	young	78.831174	6.318880322447719
PD	Pbre1_13G072600	young	3.465165	2.158713487840002
TD	Pbre1_01G315000	young	3.666744	2.2224163286561796
TD	Pbre1_15G085000	young	0.11022	0.15084558780042595
TD	Pbre1_10G288400	young	1.384643	1.2537732994883874
PD	Pbre1_04G336600	young	0.049244	0.06935021333581204
PD	Pbre1_04G185200	young	7.182749	3.032585598962608
PD	Pbre1_05G029600	young	0.628087	0.7031777948836087
PD	Pbre1_15G695400	young	0.021893	0.03124414299679981
TD	Pbre1_08G300200	young	0.0	0.0
TD	Pbre1_03G016600	young	3.652669	2.21805855459045
PD	Pbre1_12G412000	young	0.149038	0.2004265103469713
TD	Pbre1_09G108200	young	1.298345	1.2005953743245932
PD	Pbre1_17G486200	young	9.998777	3.4592712082620456
TD	Pbre1_09G221400	young	0.263211	0.3370956393066342
TD	Pbre1_08G402400	young	2.718903	1.894877118682895
TD	Pbre1_07G479000	young	1.507595	1.3263043582383232
TD	Pbre1_03G435600	young	0.0	0.0
TD	Pbre1_11G091000	young	32.172861	5.051931537900128
TD	Pbre1_17G441000	young	21.698703	4.504537959411203
TD	Pbre1_03G208600	young	5.283992	2.6516813439727085
PD	Pbre1_16G145400	young	13.51872	3.859842362886856
TD	Pbre1_08G351000	young	7.949199	3.161758559422451
PD	Pbre1_16G097800	young	34.956039	5.168162193887457
TD	Pbre1_14G410600	young	12.70124	3.7762345618612065
PD	Pbre1_11G345600	young	2.267254	1.7080786158705923
TD	Pbre1_15G431000	young	0.0	0.0
TD	Pbre1_07G052000	young	13.279277	3.8358510283915694
TD	Pbre1_04G014600	young	11.446457	3.637663219030162
TD	Pbre1_03G067800	young	0.349844	0.4327926862162012
TD	Pbre1_02G042000	young	11.365352	3.628231403877343
PD	Pbre1_01G432800	young	59.52844	5.919541263823033
TD	Pbre1_02G088200	young	37.520524	5.2675554233818085
PD	Pbre1_04G307000	young	4.17946	2.3728016932917457
PD	Pbre1_10G070400	young	1.359383	1.2384096311039443
PD	Pbre1_01G126400	young	0.223161	0.29061431278946154
TD	Pbre1_08G290000	young	0.88721	0.9162549683022355
TD	Pbre1_08G094600	young	0.040884	0.057809298272683
TD	Pbre1_15G050800	young	0.0	0.0
PD	Pbre1_17G486600	young	2.7282	1.898479255718769
TD	Pbre1_08G220800	young	18.50989	4.286133738702991
PD	Pbre1_16G046600	young	0.115698	0.15794656761118583
TD	Pbre1_03G024200	young	2.867173	1.9512793055790614
TD	Pbre1_11G454000	young	0.437845	0.5239081613238559
PD	Pbre1_11G035000	young	8.98822	3.320227598339967
TD	Pbre1_12G339200	young	0.0	0.0
PD	Pbre1_10G406800	young	0.0	0.0
TD	Pbre1_08G352200	young	0.0	0.0
PD	Pbre1_02G412800	young	10.169917	3.4815465605534173
TD	Pbre1_12G096000	young	0.047316	0.06669680315636241
TD	Pbre1_08G243000	young	0.0	0.0
PD	Pbre1_07G102800	young	4.037262	2.3326397709545197
TD	Pbre1_05G387600	young	7.71067	3.122783691097637
PD	Pbre1_02G380400	young	0.06474	0.09050118021165279
PD	Pbre1_03G217800	young	0.299375	0.3778178530836451
PD	Pbre1_11G336800	young	16.317701	4.114175513632939
PD	Pbre1_02G021000	young	0.12529	0.17029684823910224
TD	Pbre1_03G220000	young	4.714998	2.5147529935595108
PD	Pbre1_05G402400	young	1.0953	1.0671568203096142
PD	Pbre1_11G031000	young	0.851714	0.8888612893950011
PD	Pbre1_11G034800	young	0.0	0.0
PD	Pbre1_04G335400	young	11.847431	3.6834079987350314
TD	Pbre1_02G120400	young	13.562796	3.864215468835715
PD	Pbre1_10G260800	young	0.0	0.0
TD	Pbre1_05G098600	young	2.531698	1.8203619815678658
TD	Pbre1_13G119000	young	4.45991	2.448877170261644
TD	Pbre1_03G404200	young	13.273795	3.8352970526714554
TD	Pbre1_03G207200	young	76.149939	6.269593110990796
PD	Pbre1_10G200200	young	0.0	0.0
PD	Pbre1_13G465800	young	0.0	0.0
PD	Pbre1_04G043800	young	0.902865	0.9281732123007524
PD	Pbre1_17G159000	young	0.39224	0.4774079302702482
PD	Pbre1_11G114000	young	4.203917	2.379597951939775
PD	Pbre1_10G256200	young	0.060973	0.08538794252813348
TD	Pbre1_03G036800	young	2.934408	1.9761465735431236
TD	Pbre1_16G059200	young	1.76798	1.4688335188398618
TD	Pbre1_10G015400	young	0.0	0.0
PD	Pbre1_04G038600	young	0.297074	0.37526078983446653
TD	Pbre1_01G418200	young	1.651275	1.4066863196053256
PD	Pbre1_01G432600	young	1.135567	1.0946191609402225
TD	Pbre1_16G110000	young	35.680501	5.196941438980617
TD	Pbre1_17G099400	young	0.037171	0.0526537731423607
TD	Pbre1_14G213600	young	0.807627	0.8540970113997072
PD	Pbre1_15G630000	young	0.0	0.0
PD	Pbre1_13G072400	young	0.907274	0.9315121168784886
TD	Pbre1_11G057800	young	9.073831	3.3325405283450134
TD	Pbre1_07G296000	young	9.72067	3.422323166305457
TD	Pbre1_15G761400	young	0.08616	0.1192366392417881
TD	Pbre1_07G105600	young	0.0	0.0
PD	Pbre1_13G466000	young	55.960052	5.831878558258174
TD	Pbre1_15G234400	young	0.260349	0.333823282019883
TD	Pbre1_16G407800	young	0.688444	0.7556943308040475
PD	Pbre1_02G480400	young	7.252517	3.0448342053703117
PD	Pbre1_12G072800	young	0.0	0.0
PD	Pbre1_10G332200	young	2.829557	1.9371775120280983
TD	Pbre1_04G103000	young	36.71591	5.2371013302152125
TRD	Pbre1_15G614800	young	0.0	0.0
PD	Pbre1_05G299400	young	3.041162	2.0147701866889065
PD	Pbre1_12G072600	young	0.167075	0.22289727625630104
PD	Pbre1_14G446200	young	0.0	0.0
TD	Pbre1_02G488400	young	0.534953	0.6181944811947866
TD	Pbre1_06G050200	young	6.030094	2.813543979827994
TD	Pbre1_12G253600	young	0.581343	0.6611503283086938
TD	Pbre1_17G476800	young	37.411442	5.263464219839367
TD	Pbre1_15G758800	young	1.954377	1.5628539362335057
TD	Pbre1_17G163800	young	0.655089	0.7269087979426558
TD	Pbre1_12G385800	young	0.0	0.0
PD	Pbre1_14G365800	young	1.371642	1.245886251113074
PD	Pbre1_03G114600	young	6.552132	2.9168839810770213
TD	Pbre1_11G509800	young	53.914674	5.7791198047425665
PD	Pbre1_01G369400	young	24.771961	4.687730411570256
PD	Pbre1_09G158200	young	0.0	0.0
TD	Pbre1_11G213800	young	0.72697	0.788243021357196
TD	Pbre1_02G447400	young	0.0	0.0
TD	Pbre1_11G124600	young	3.683384	2.227551332331983
TD	Pbre1_02G412200	young	0.014391	0.020613850596890044
PD	Pbre1_05G463000	young	2.937141	1.9771483803552734
PD	Pbre1_12G109200	young	0.0	0.0
TD	Pbre1_04G033400	young	0.0	0.0
PD	Pbre1_17G365800	young	0.094292	0.12999775708995018
PD	Pbre1_14G412400	young	24.445513	4.669339372274214
PD	Pbre1_12G276800	young	42.551981	5.444666437451484
PD	Pbre1_05G437800	young	10.862156	3.568294344891167
TRD	Pbre1_05G154400	young	0.0	0.0
TD	Pbre1_12G109600	young	0.047225	0.06657144371121117
PD	Pbre1_11G255600	young	0.044341	0.06259286007116292
PD	Pbre1_01G100600	young	0.535672	0.6188701076573841
PD	Pbre1_06G231400	young	0.04306	0.060822148473938326
PD	Pbre1_09G117200	young	0.05892	0.08259359975243166
TD	Pbre1_10G200000	young	0.0	0.0
TD	Pbre1_17G449000	young	5.658651	2.7352299261343416
TD	Pbre1_01G395200	young	28.36826	4.876185886810459
PD	Pbre1_05G109000	young	0.0	0.0
PD	Pbre1_10G534800	young	0.120399	0.16401260086378883
TD	Pbre1_09G233000	young	0.190832	0.2519698952651855
PD	Pbre1_17G283800	young	0.034229	0.048555663975329046
TD	Pbre1_05G435400	young	17.631136	4.219643737583493
TD	Pbre1_03G321000	young	10.56404	3.531573599103948
TD	Pbre1_12G306000	young	5.342792	2.665118032461065
PD	Pbre1_03G297600	young	2.33999	1.739843783246631
TD	Pbre1_02G217000	young	0.799993	0.8479912960633261
PD	Pbre1_13G069800	young	0.110572	0.151302927937319
TD	Pbre1_11G034600	young	0.835771	0.8763861035394858
TD	Pbre1_05G444000	young	1.521704	1.3343989406962005
TRD	Pbre1_02G210600	young	0.0	0.0
TD	Pbre1_09G059000	young	45.619558	5.542863421228209
TRD	Pbre1_15G241600	young	0.0	0.0
TD	Pbre1_03G040800	young	0.100054	0.1375743452227022
PD	Pbre1_08G203000	young	0.406758	0.49237416778680443
TD	Pbre1_01G253600	young	2.953948	1.9832938977147094
PD	Pbre1_07G407800	young	0.701163	0.7665213820507979
PD	Pbre1_01G126000	young	0.0	0.0
PD	Pbre1_04G342600	young	0.232589	0.30169182122624894
PD	Pbre1_12G250200	young	0.939797	0.9559056820943334
PD	Pbre1_11G378000	young	0.253826	0.32633715168492083
PD	Pbre1_07G162400	young	1.048447	1.0345305660784874
TD	Pbre1_05G420600	young	0.998282	0.9987601923862377
TD	Pbre1_13G058800	young	5.481681	2.696368019260681
TD	Pbre1_10G483600	young	0.0	0.0
TD	Pbre1_03G285800	young	0.0	0.0
TD	Pbre1_03G413800	young	0.17263	0.22974787153283632
TD	Pbre1_04G403600	young	0.38421	0.46906283240800273
TD	Pbre1_13G252800	young	0.0	0.0
PD	Pbre1_03G413400	young	0.0	0.0
TD	Pbre1_03G017200	young	7.734529	3.126729909474624
TD	Pbre1_09G158400	young	0.0	0.0
TD	Pbre1_04G032200	young	1.158859	1.110269020737198
TRD	Pbre1_13G187400	young	0.0	0.0
PD	Pbre1_02G159800	young	5.524627	2.705895428022486
PD	Pbre1_09G184400	young	0.0	0.0
TD	Pbre1_15G488200	young	4.951435	2.573237570567458
TD	Pbre1_15G310600	young	12.546837	3.759884136348409
TD	Pbre1_08G363600	young	45.433652	5.537098848010153
PD	Pbre1_06G311600	young	2.154681	1.6574941278747435
TD	Pbre1_02G079000	young	8.99037	3.320538110177878
PD	Pbre1_04G311000	young	0.387193	0.47216852361848816
PD	Pbre1_04G183400	young	1.727584	1.4476236271693623
TD	Pbre1_10G171200	young	6.018279	2.8111173008201176
TD	Pbre1_11G096600	young	4.012812	2.3256201284442843
PD	Pbre1_07G393200	young	0.0	0.0
PD	Pbre1_08G209200	young	0.0	0.0
TD	Pbre1_01G386600	young	0.0	0.0
PD	Pbre1_07G066600	young	1.395866	1.2605472209223696
PD	Pbre1_17G102200	young	0.0	0.0
PD	Pbre1_14G325000	young	15.324023	4.02892474330629
PD	Pbre1_02G378400	young	0.015165	0.021714235130041764
TD	Pbre1_11G271400	young	20.35151	4.416266197167703
TD	Pbre1_11G047200	young	1.553147	1.352276604750768
PD	Pbre1_07G036200	young	0.462985	0.5489149775853863
TD	Pbre1_12G151400	young	79.39031	6.328949708761115
TD	Pbre1_14G312000	young	1.264852	1.1794167783764784
PD	Pbre1_11G116000	young	4.819487	2.540891982141151
TD	Pbre1_01G261000	young	70.709239	6.164087102249543
PD	Pbre1_08G173600	young	0.021462	0.030635534534888556
TD	Pbre1_01G242400	young	33.395033	5.104128334708458
TD	Pbre1_05G194000	young	0.017942	0.025655362301458356
TD	Pbre1_17G255600	young	0.0	0.0
PD	Pbre1_15G745600	young	0.02247	0.03205851408519917
TD	Pbre1_02G021200	young	0.658572	0.729941642085707
PD	Pbre1_04G310800	young	0.0	0.0
PD	Pbre1_16G488800	young	0.461184	0.5471378613536078
TD	Pbre1_03G416200	young	246.551681	7.951585935730543
PD	Pbre1_15G299800	young	1.439545	1.2866120955525506
PD	Pbre1_08G333400	young	0.038145	0.05400796216513879
PD	Pbre1_06G212200	young	5.132355	2.61644121655229
TD	Pbre1_12G370800	young	16.43623	4.124016234299325
PD	Pbre1_05G123600	young	3.300896	2.1046372458842133
PD	Pbre1_11G164000	young	3.775649	2.255696805495507
TD	Pbre1_07G326000	young	23.753286	4.62954815063422
TD	Pbre1_10G342000	young	0.0	0.0
PD	Pbre1_04G305000	young	0.0	0.0
PD	Pbre1_04G295000	young	6.504625	2.9077799833506885
TD	Pbre1_07G491800	young	0.0	0.0
TD	Pbre1_08G070600	young	0.139499	0.18839965852539184
TD	Pbre1_14G201600	young	0.0	0.0
TD	Pbre1_04G040000	young	4.253843	2.393373089221893
TD	Pbre1_10G506600	young	5.764559	2.7579958840537984
PD	Pbre1_07G241600	young	0.862435	0.8971900756075288
PD	Pbre1_02G253800	young	18.434126	4.280520322512065
PD	Pbre1_14G174200	young	0.0	0.0
TD	Pbre1_11G255000	young	0.039853	0.05637959455819551
TD	Pbre1_15G246400	young	0.0	0.0
PD	Pbre1_08G056800	young	0.716054	0.7790949516174395
TD	Pbre1_03G370400	young	0.0	0.0
TD	Pbre1_04G070400	young	0.0	0.0
TD	Pbre1_03G030800	young	0.133746	0.18109746075128952
PD	Pbre1_07G393400	young	0.065196	0.09111891609545072
PD	Pbre1_05G039600	young	4.070596	2.34215533218109
TD	Pbre1_08G139400	young	0.070234	0.09792626740290095
PD	Pbre1_15G246600	young	0.047852	0.06743496311182795
TD	Pbre1_07G029600	young	4.0237	2.3287503134662018
TD	Pbre1_03G445800	young	0.037564	0.053200328878732196
TD	Pbre1_11G403400	young	0.0	0.0
TD	Pbre1_06G313800	young	2.274439	1.711247755124616
PD	Pbre1_02G062400	young	0.789289	0.8393864255081641
PD	Pbre1_10G537600	young	51.961757	5.726879079063087
PD	Pbre1_01G233400	young	74.13028	6.231322573884444
TD	Pbre1_07G202800	young	0.454916	0.5409358611186224
TD	Pbre1_07G210600	young	5.719748	2.7484071309255818
PD	Pbre1_13G446200	young	0.0	0.0
PD	Pbre1_02G340400	young	0.0	0.0
PD	Pbre1_11G517800	young	0.911226	0.9344983852232923
TD	Pbre1_10G420800	young	31.017623	5.000794300511527
TD	Pbre1_09G228600	young	1.274847	1.1857695168436344
TD	Pbre1_17G265800	young	0.0	0.0
PD	Pbre1_03G377200	young	0.167051	0.22286760803703387
TD	Pbre1_10G482800	young	0.393425	0.47863535261039003
TD	Pbre1_05G246200	young	0.016863	0.024125320754455483
TD	Pbre1_09G236400	young	48.714676	5.635599899731873
PD	Pbre1_14G201800	young	0.0	0.0
TD	Pbre1_01G141000	young	10.803597	3.5611546649221917
TD	Pbre1_10G019200	young	487.769165	8.933009462442035
TD	Pbre1_04G017800	young	0.01263	0.018107131025485817
TD	Pbre1_09G255400	young	0.0	0.0
TD	Pbre1_01G228000	young	0.07358	0.10242970056133442
TD	Pbre1_05G011000	young	10.34709	3.5042504557648035
PD	Pbre1_08G257600	young	0.0	0.0
TD	Pbre1_10G080600	young	18.228742	4.265192475364003
TD	Pbre1_08G340600	young	1.090972	1.0641737430697162
TD	Pbre1_03G366600	young	0.099076	0.1362911506475676
PD	Pbre1_05G541800	young	96.108003	6.601518292824633
PD	Pbre1_02G453200	young	42.33338	5.437406865978044
TD	Pbre1_15G769400	young	1.916301	1.5441396321464564
PD	Pbre1_06G381200	young	0.223979	0.2915788056974283
TD	Pbre1_03G471400	young	179.723241	7.497638238419936
PD	Pbre1_07G016200	young	322.808779	8.338998289831732
TD	Pbre1_12G312200	young	145.347232	7.193251648759255
TD	Pbre1_06G005800	young	25.260917	4.714845389193345
TD	Pbre1_06G237800	young	0.0	0.0
TD	Pbre1_04G060200	young	1.433977	1.2833155352896375
TD	Pbre1_02G312000	young	0.0	0.0
TD	Pbre1_06G014400	young	0.0	0.0
PD	Pbre1_15G733800	young	0.0	0.0
PD	Pbre1_08G340800	young	0.444306	0.530376433300866
TD	Pbre1_01G201600	young	0.068345	0.09537761089687684
TD	Pbre1_07G056600	young	10.666947	3.5443551817081707
PD	Pbre1_16G514400	young	0.679907	0.7483813673179693
TD	Pbre1_16G149800	young	0.294312	0.37218542768322005
PD	Pbre1_05G575200	young	63.177698	6.004000137178544
TD	Pbre1_08G182600	young	0.332771	0.4144289143009688
TD	Pbre1_04G061600	young	0.850044	0.8875595830804689
TD	Pbre1_06G047800	young	0.0	0.0
TD	Pbre1_06G072400	young	0.425315	0.5112807955698102
TD	Pbre1_03G065000	young	0.956319	0.9681416372604851
TD	Pbre1_10G578600	young	29.21849	4.91735966657676
PD	Pbre1_09G199000	young	0.032757	0.046500838776518005
TD	Pbre1_02G072400	young	18.526024	4.287326304252506
PD	Pbre1_04G017000	young	0.889207	0.9177807861688569
PD	Pbre1_05G231600	young	1.120538	1.0844303362332592
TD	Pbre1_06G095800	young	0.0	0.0
TD	Pbre1_05G190800	young	1.049096	1.034987576091252
PD	Pbre1_17G417000	young	142.917179	7.1690950026927265
PD	Pbre1_13G097200	young	0.0	0.0
PD	Pbre1_02G178200	young	1.565876	1.3594514516015348
PD	Pbre1_05G136000	young	0.0	0.0
PD	Pbre1_02G421000	young	4.772962	2.5293117289673877
PD	Pbre1_16G411200	young	0.0	0.0
TD	Pbre1_08G013000	young	0.014188	0.020325109468959626
TD	Pbre1_09G207600	young	0.055794	0.07832837241418741
PD	Pbre1_03G122000	young	0.017929	0.02563693772000742
TD	Pbre1_10G212400	young	55.93177	5.831162048481289
PD	Pbre1_12G276400	young	0.031422	0.04463472333970507
TD	Pbre1_02G310600	young	0.984899	0.9890655988512097
TD	Pbre1_09G268000	young	1.399113	1.2625011112371298
PD	Pbre1_14G279600	young	0.0	0.0
TD	Pbre1_16G281600	young	0.497921	0.5829615384070582
TD	Pbre1_01G192600	young	0.041299	0.05838438552476116
TD	Pbre1_08G036200	young	1.055061	1.0391812177957038
TD	Pbre1_05G347000	young	0.079494	0.11035522465333017
PD	Pbre1_03G410400	young	0.04063	0.05745720403531097
TD	Pbre1_10G410200	young	4.312636	2.4094278686580144
PD	Pbre1_02G021400	young	0.0	0.0
TD	Pbre1_17G131400	young	0.0	0.0
PD	Pbre1_08G183400	young	0.0	0.0
TD	Pbre1_08G124000	young	0.171844	0.2287805258982734
PD	Pbre1_02G218800	young	1.815637	1.4934613495800626
PD	Pbre1_17G084200	young	13.780101	3.885584223079225
PD	Pbre1_14G127200	young	0.0	0.0
TRD	Pbre1_01G007400	young	2.941079	1.9785906689799115
TD	Pbre1_16G459800	young	12.818259	3.7885039529949003
PD	Pbre1_06G282800	young	0.284583	0.3613001092498988
PD	Pbre1_10G041800	young	0.866225	0.9001229341079207
PD	Pbre1_11G082600	young	0.0	0.0
PD	Pbre1_09G114200	young	0.0	0.0
PD	Pbre1_12G364000	young	0.185449	0.24543359699978154
TD	Pbre1_12G014200	young	0.0	0.0
PD	Pbre1_15G759400	young	0.399638	0.48505373921550443
TD	Pbre1_17G051600	young	0.0	0.0
PD	Pbre1_17G463000	young	1.21951	1.1502412087386578
PD	Pbre1_09G425800	young	0.067174	0.09379542308941224
TD	Pbre1_10G381600	young	5.519205	2.7046960422956188
TD	Pbre1_15G490200	young	41.72607	5.417044717025504
PD	Pbre1_17G462800	young	1.547877	1.349295632471278
PD	Pbre1_14G108000	young	290.814936	8.188909916559219
TRD	Pbre1_01G036600	young	0.0	0.0
TD	Pbre1_14G275400	young	10.432091	3.5150174004020815
PD	Pbre1_05G227600	young	4.356662	2.4213342663192643
PD	Pbre1_16G326200	young	1.003428	1.002470662546622
PD	Pbre1_09G468400	young	0.836255	0.876766419149361
PD	Pbre1_07G345800	young	651.50232	9.349839221030495
PD	Pbre1_15G128000	young	2.444516	1.784301279459268
PD	Pbre1_02G016000	young	37.655687	5.272608773025575
TD	Pbre1_05G554000	young	0.283807	0.360428332466937
PD	Pbre1_13G353800	young	15.75265	4.066317419679421
PD	Pbre1_10G080400	young	1.152004	1.10568075948134
TD	Pbre1_10G318200	young	8.68539	3.275810142761178
TD	Pbre1_04G023200	young	0.06519	0.09111078970873462
TD	Pbre1_04G078400	young	56.72674	5.85116784927113
TD	Pbre1_08G085200	young	5.612132	2.7251155258771296
TD	Pbre1_14G212600	young	0.662835	0.7336450198027407
PD	Pbre1_02G034400	young	0.0	0.0
TD	Pbre1_13G070800	young	4.744508	2.522183335629329
PD	Pbre1_08G044200	young	0.0	0.0
TD	Pbre1_04G299800	young	988.427772	9.950450584484887
TD	Pbre1_03G283400	young	9.148137	3.3431429959377668
TD	Pbre1_13G471400	young	0.0	0.0
PD	Pbre1_05G249800	young	1.560943	1.3566751426142263
TD	Pbre1_16G046000	young	0.171386	0.22821655707136218
TD	Pbre1_16G046400	young	1014.146795	9.987472647644525
TD	Pbre1_09G209000	young	20.862443	4.450382717628937
TD	Pbre1_15G720400	young	11.800817	3.678163986693378
TD	Pbre1_08G112600	young	14.59033	3.962579560724521
TD	Pbre1_02G020200	young	0.082926	0.11493466207776425
PD	Pbre1_02G443800	young	1.122684	1.0858896159135192
PD	Pbre1_02G034800	young	6.833148	2.9695922170019275
TD	Pbre1_11G120000	young	15.329645	4.029421522510392
PD	Pbre1_07G049200	young	9.313869	3.3665137214872383
TD	Pbre1_05G551000	young	1.127942	1.0894588287278628
TD	Pbre1_07G095800	young	0.0	0.0
TD	Pbre1_11G402200	young	9.614561	3.407972799977119
TD	Pbre1_17G159600	young	0.346937	0.4296823735076198
TD	Pbre1_01G121400	young	10.452399	3.51757793450891
PD	Pbre1_15G526000	young	2.982058	1.99351423454485
TD	Pbre1_14G147600	young	3.455847	2.1556996958442722
TD	Pbre1_11G346000	young	2.662642	1.8728846936576184
PD	Pbre1_01G147000	young	15.824508	4.072492411530476
PD	Pbre1_11G423800	young	4.072744	2.3427663555706544
TD	Pbre1_08G402800	young	70.904005	6.168000224838734
TD	Pbre1_06G256800	young	10.594799	3.5354059054519884
TD	Pbre1_05G396200	young	0.424331	0.5102844528825727
PD	Pbre1_15G298800	young	0.067715	0.09452660680325183
TD	Pbre1_01G083000	young	0.520753	0.6047858502272466
PD	Pbre1_09G109800	young	1.845952	1.5089113294870442
TD	Pbre1_10G118800	young	648.151173	9.34241067900146
PD	Pbre1_05G199000	young	24.752793	4.686657002085585
TD	Pbre1_15G215600	young	0.713881	0.7772669421984372
TD	Pbre1_09G342000	young	0.87256	0.9050119458218884
TD	Pbre1_01G053200	young	26.095817	4.759998243176769
PD	Pbre1_10G513400	young	128.178361	7.0132206104831285
PD	Pbre1_07G066400	young	4.387982	2.429745031098265
TD	Pbre1_11G096200	young	3.466023	2.158990681053019
TD	Pbre1_16G287800	young	0.577346	0.657499158373162
PD	Pbre1_04G042400	young	65.897494	6.063880262981475
TD	Pbre1_11G441600	young	0.035112	0.04978687700249204
TD	Pbre1_04G301600	young	0.0	0.0
TD	Pbre1_04G114200	young	0.0	0.0
TD	Pbre1_13G125800	young	0.209915	0.2749056975941699
TD	Pbre1_09G337000	young	6.543098	2.9151571695537246
PD	Pbre1_17G211600	young	0.11826	0.16125565964893002
TD	Pbre1_14G293000	young	0.0	0.0
PD	Pbre1_15G745800	young	0.0	0.0
PD	Pbre1_09G377400	young	0.0	0.0
TD	Pbre1_08G301800	young	6.608592	2.9276295020130028
TD	Pbre1_05G185600	young	1.435033	1.28394132409971
PD	Pbre1_02G423000	young	8.108126	3.1871542495682768
PD	Pbre1_13G454600	young	0.0	0.0
PD	Pbre1_10G531600	young	2.531533	1.8202945776611297
TD	Pbre1_05G288400	young	1.817141	1.4942317734785586
PD	Pbre1_14G407400	young	0.0	0.0
PD	Pbre1_10G573400	young	0.025387	0.036168512274001335
PD	Pbre1_02G271600	young	57.465066	5.8695029390230955
TD	Pbre1_05G433400	young	8.692151	3.2768168816004626
TD	Pbre1_15G698000	young	0.561181	0.6426378100028911
PD	Pbre1_13G465600	young	0.0	0.0
TD	Pbre1_01G083400	young	11.169303	3.605174634570905
TD	Pbre1_10G286000	young	0.243448	0.3143461764645536
TD	Pbre1_17G385000	young	31.311631	5.013981670505291
TD	Pbre1_17G238800	young	281.161426	8.140376961826497
TD	Pbre1_13G036000	young	49.62177	5.6616860473296144
PD	Pbre1_04G038000	young	0.161006	0.21537542797253886
PD	Pbre1_11G517600	young	0.126585	0.1719561679472626
TD	Pbre1_17G416800	young	0.434221	0.5202673469393901
TD	Pbre1_15G179200	young	277.691744	8.12252645426639
TD	Pbre1_08G096200	young	0.0	0.0
PD	Pbre1_05G198600	young	0.0	0.0
PD	Pbre1_03G139800	young	2.016122	1.5926947857800604
TD	Pbre1_15G041600	young	0.0	0.0
TD	Pbre1_05G181400	young	0.0	0.0
TD	Pbre1_06G169600	young	14.948898	3.995384838322041
TD	Pbre1_06G029800	young	6.052556	2.81814621640837
PD	Pbre1_08G133400	young	8.604419	3.263698343597098
TD	Pbre1_05G064000	young	2.501505	1.8079751475862522
PD	Pbre1_10G377200	young	0.240316	0.3107077283164813
TD	Pbre1_14G377800	young	0.0	0.0
TD	Pbre1_14G175000	young	0.340117	0.42235896184063243
PD	Pbre1_13G070000	young	1.661143	1.4120460375482964
TD	Pbre1_09G462600	young	4.669917	2.5033276161966342
PD	Pbre1_16G046200	young	127.305158	7.003435359200314
TD	Pbre1_08G209000	young	0.0	0.0
PD	Pbre1_08G035800	young	0.146784	0.19759368126268045
PD	Pbre1_05G182200	young	0.0	0.0
PD	Pbre1_14G366000	young	1.92513	1.5485007430507955
TD	Pbre1_07G403600	young	14.03465	3.9102193778879584
TD	Pbre1_04G013600	young	0.0	0.0
TD	Pbre1_07G047800	young	0.455337	0.5413532644278545
PD	Pbre1_05G288800	young	0.741342	0.800199576480515
TD	Pbre1_12G275800	young	0.030779	0.043735050668268785
PD	Pbre1_06G347400	young	0.452326	0.538365327847272
PD	Pbre1_17G210800	young	1.478667	1.309564463551158
TD	Pbre1_11G029200	young	37.601082	5.270569382125704
TD	Pbre1_08G313000	young	0.0	0.0
TD	Pbre1_03G460800	young	15.254467	4.02276434429834
PD	Pbre1_09G042400	young	0.381948	0.46670333095515903
TD	Pbre1_04G348200	young	0.082408	0.11424440732220566
TRD	Pbre1_04G133200	young	0.011623	0.01667174322957491
PD	Pbre1_02G469000	young	2.031088	1.59983573774436
TD	Pbre1_03G025800	young	5.569234	2.7157251561140128
TRD	Pbre1_03G272000	young	0.0	0.0
TD	Pbre1_15G202800	young	24.557475	4.6756734043756625
TD	Pbre1_06G356000	young	21.234988	4.474759720968951
TD	Pbre1_09G184000	young	38.891732	5.318017857910466
PD	Pbre1_09G183800	young	10.942957	3.578088177810769
TD	Pbre1_11G169000	young	0.0	0.0
PD	Pbre1_17G280800	young	1.264707	1.179324411423757
TD	Pbre1_09G167400	young	7.521753	3.0911502361160705
TD	Pbre1_06G354000	young	19.334845	4.3458820889535215
TD	Pbre1_02G381400	young	79.081878	6.323403902097204
TD	Pbre1_05G536200	young	70.818885	6.166291349986042
TD	Pbre1_06G254000	young	68.236745	6.1134659963287525
TD	Pbre1_09G281200	young	11.861109	3.684943145004032
PD	Pbre1_02G397400	young	3.481521	2.1639884570022128
PD	Pbre1_05G413000	young	0.036296	0.051436142733280135
TD	Pbre1_13G396200	young	0.0	0.0
PD	Pbre1_01G196000	young	2.352949	1.7454305391989038
TD	Pbre1_14G294600	young	0.0	0.0
TD	Pbre1_15G715000	young	2.228302	1.6907755456301439
TD	Pbre1_11G107600	young	0.263866	0.3378435114711494
PD	Pbre1_14G213200	young	10.229365	3.4892044431732776
PD	Pbre1_01G136800	young	3.670132	2.22346332789084
TD	Pbre1_03G121600	young	65.49929	6.05526703220875
PD	Pbre1_17G417800	young	19.772633	4.376612189032798
PD	Pbre1_04G397400	young	0.0	0.0
TD	Pbre1_15G109000	young	0.410511	0.4962179169575641
PD	Pbre1_10G373000	young	0.016596	0.02374645933838458
TD	Pbre1_02G444200	young	0.630889	0.7056585940675573
TD	Pbre1_07G421400	young	0.316012	0.39617264428710536
TD	Pbre1_09G211000	young	0.233362	0.30259630254249176
PD	Pbre1_14G099000	young	1.772572	1.471224925741069
PD	Pbre1_12G380400	young	5.227725	2.6387052401947857
PD	Pbre1_10G492400	young	0.191306	0.252544032832704
TD	Pbre1_12G256600	young	43.525314	5.476553880378108
TD	Pbre1_04G034600	young	8.839828	3.2986330975039673
PD	Pbre1_04G017200	young	89.301849	6.496683623189514
TD	Pbre1_17G178800	young	36.953072	5.246144759969337
TD	Pbre1_08G358800	young	0.244476	0.31553840788837284
TD	Pbre1_06G041800	young	39.920463	5.354750563627129
PD	Pbre1_01G432400	young	14.47253	3.951637214106096
PD	Pbre1_10G366800	young	0.175708	0.23352979549677105
PD	Pbre1_11G124200	young	13.614915	3.8693695333754894
PD	Pbre1_17G298000	young	0.0	0.0
TRD	Pbre1_01G000200	young	1.217638	1.149023883881889
PD	Pbre1_17G487200	young	14.964597	3.996804229791001
PD	Pbre1_13G042400	young	235.752933	7.887238488323061
TD	Pbre1_07G026200	young	49.661452	5.6628165213886215
PD	Pbre1_11G123600	young	4.059571	2.339015064285062
PD	Pbre1_15G258000	young	1.25007	1.1699698845898503
PD	Pbre1_02G021600	young	0.017272	0.024705481146637103
TD	Pbre1_09G099200	young	0.0	0.0
PD	Pbre1_07G135600	young	4.916783	2.564812984733916
TD	Pbre1_12G292800	young	0.0	0.0
PD	Pbre1_01G306000	young	0.0	0.0
TD	Pbre1_16G410600	young	0.023358	0.03331092951480965
PD	Pbre1_09G194600	young	0.0	0.0
TD	Pbre1_13G272600	young	38.539473	5.305221737189856
TD	Pbre1_10G260000	young	0.0	0.0
TD	Pbre1_14G383000	young	10.015144	3.4614164502736795
TD	Pbre1_13G435800	young	8.232681	3.206749640695744
TD	Pbre1_10G488600	young	1.527063	1.337461631300741
PD	Pbre1_09G232600	young	0.240797	0.31126710334160995
TD	Pbre1_01G350600	young	0.225801	0.29372478684607645
PD	Pbre1_08G162600	young	0.922094	0.9426788928326335
PD	Pbre1_12G286800	young	0.132426	0.17941677837647815
PD	Pbre1_11G112800	young	3.786405	2.258942475182106
PD	Pbre1_09G314600	young	0.559519	0.6411011295243749
PD	Pbre1_09G211000	young	0.233362	0.30259630254249176
PD	Pbre1_10G115400	young	7.70539	3.121908931818068
TD	Pbre1_01G375600	young	0.139523	0.188430044086376
PD	Pbre1_13G278200	young	4.813755	2.539470275510515
PD	Pbre1_17G390600	young	0.752996	0.8098227041483652
TD	Pbre1_10G029800	young	19.337859	4.346095907187057
TD	Pbre1_04G077800	young	38.615577	5.307995910087811
PD	Pbre1_08G082600	young	0.0	0.0
TD	Pbre1_05G507600	young	0.053617	0.0753505286283191
PD	Pbre1_17G416400	young	0.701018	0.766398407534712
PD	Pbre1_01G328000	young	18.283609	4.26930317753131
PD	Pbre1_01G306200	young	1.758236	1.463745901907492
PD	Pbre1_02G452600	young	1.456594	1.2966594439491923
TD	Pbre1_15G721000	young	6.147132	2.837364433577196
TD	Pbre1_09G250000	young	0.0	0.0
TD	Pbre1_17G200000	young	0.523014	0.6069292035702742
TD	Pbre1_07G143800	young	2.558132	1.831120032868409
PD	Pbre1_04G131200	young	0.0	0.0
TD	Pbre1_05G073400	young	2.436416	1.7809046944533509
TD	Pbre1_16G148800	young	0.030927	0.04394217900414051
PD	Pbre1_10G148400	young	13.220828	3.829933562426767
PD	Pbre1_11G383200	young	0.0	0.0
PD	Pbre1_12G035600	young	0.0	0.0
PD	Pbre1_07G187400	young	11.888485	3.688010784386622
TD	Pbre1_16G203400	young	0.046977	0.0662297494794102
PD	Pbre1_07G016600	young	1.75249	1.460737322381246
PD	Pbre1_03G162600	young	1.396222	1.2607615740125053
PD	Pbre1_16G100200	young	0.0	0.0
TD	Pbre1_11G029600	young	5.795557	2.7645918067989923
TD	Pbre1_05G126400	young	32.236815	5.054710233798838
TD	Pbre1_14G311200	young	0.613957	0.690602141990446
TD	Pbre1_09G470800	young	0.0	0.0
TD	Pbre1_09G055800	young	4.788949	2.533301446639138
PD	Pbre1_13G275600	young	0.300791	0.3793891807449157
TD	Pbre1_12G331400	young	456.046906	8.836198424163065
TD	Pbre1_12G384200	young	19.373984	4.3486562124049035
PD	Pbre1_16G391800	young	0.078343	0.10881614440811323
TD	Pbre1_01G345200	young	2.034314	1.601370387761216
PD	Pbre1_11G201000	young	0.503451	0.588277848817152
PD	Pbre1_11G390600	young	1.864949	1.5185094572711957
TD	Pbre1_17G110000	young	0.040694	0.05754592879190445
PD	Pbre1_10G308200	young	17.875407	4.238435847698647
PD	Pbre1_07G049600	young	1.781374	1.4757977510373212
TD	Pbre1_02G375000	young	0.010265	0.014733772224127438
TD	Pbre1_10G423400	young	0.0	0.0
TD	Pbre1_06G371800	young	0.0	0.0
TD	Pbre1_07G103000	young	0.019995	0.028562080144923233
PD	Pbre1_05G232400	young	7.549063	3.0957663054568596
TD	Pbre1_12G294600	old	0.11759	0.16039101693467953
TRD	Pbre1_08G192000	old	0.520696	0.6047317749379091
TRD	Pbre1_14G452000	old	92.288225	6.543623088009714
PD	Pbre1_05G263200	old	28.375292	4.876531287496341
TD	Pbre1_16G201200	old	20.781216	4.445012593854894
PD	Pbre1_14G212400	old	2.888078	1.959057161609442
PD	Pbre1_16G325600	old	15.51152	4.0454010313422515
PD	Pbre1_11G113000	old	2.733241	1.9004286450679948
TD	Pbre1_09G211400	old	0.385126	0.47001721909538774
TRD	Pbre1_10G426600	old	0.0	0.0
PD	Pbre1_02G233800	old	0.0	0.0
TRD	Pbre1_06G192200	old	0.546838	0.6293221115673364
TRD	Pbre1_08G231200	old	0.0	0.0
TRD	Pbre1_07G246600	old	3.343404	2.1188261507399875
PD	Pbre1_02G126800	old	27.547884	4.835311910323465
TD	Pbre1_03G039000	old	0.0	0.0
TRD	Pbre1_12G006200	old	0.0	0.0
PD	Pbre1_04G334000	old	134.697177	7.0842468974845945
TRD	Pbre1_03G244000	old	1.160919	1.1116449951551037
TD	Pbre1_08G072200	old	12.802725	3.7868812137667858
TRD	Pbre1_09G215400	old	0.0	0.0
TRD	Pbre1_15G657600	old	0.0	0.0
TRD	Pbre1_16G024600	old	4.06553	2.340713224281937
TRD	Pbre1_04G186600	old	0.269727	0.34451834102581147
TD	Pbre1_03G346800	old	0.740173	0.7992307393126842
TRD	Pbre1_07G142200	old	0.0	0.0
TRD	Pbre1_05G212600	old	0.0	0.0
TRD	Pbre1_06G390600	old	1.616879	1.3878472181820105
TRD	Pbre1_07G165000	old	0.0	0.0
TRD	Pbre1_15G426400	old	0.785213	0.836096217509735
TRD	Pbre1_01G418400	old	4.037593	2.332734567764738
TD	Pbre1_17G472000	old	132.305977	7.058597657335469
TRD	Pbre1_15G564200	old	0.0	0.0
TRD	Pbre1_02G485000	old	5.085237	2.605313452267894
PD	Pbre1_01G368600	old	0.0	0.0
TRD	Pbre1_06G025600	old	0.023489	0.03349559700643423
PD	Pbre1_17G445000	old	24.132056	4.651456794743904
TRD	Pbre1_17G426000	old	8.207272	3.2027737670593606
TD	Pbre1_11G144200	old	8.908586	3.3086791929983006
TRD	Pbre1_03G334400	old	0.0	0.0
TRD	Pbre1_17G386800	old	0.056817	0.0797255791334421
TRD	Pbre1_05G383800	old	11.955088	3.6954469102303333
TRD	Pbre1_07G022400	old	6.012765	2.8099833836483117
PD	Pbre1_14G313000	old	0.233644	0.3029261274422306
TD	Pbre1_17G328400	old	2.489298	1.8029368147186118
TD	Pbre1_17G249000	old	1.602107	1.3796802876496659
TD	Pbre1_14G264200	old	39.710887	5.347342749835208
PD	Pbre1_17G087400	old	0.0	0.0
TD	Pbre1_06G319800	old	0.0	0.0
TD	Pbre1_17G405200	old	0.198016	0.26064717604532234
TRD	Pbre1_13G489000	old	0.139046	0.1878260109896764
TRD	Pbre1_04G106000	old	0.0	0.0
TRD	Pbre1_09G145000	old	0.0	0.0
TRD	Pbre1_14G404400	old	6.663838	2.9380670653712246
TD	Pbre1_02G223800	old	0.240012	0.31035408210950693
TRD	Pbre1_11G125800	old	11.814756	3.679734104071573
PD	Pbre1_17G415800	old	0.0	0.0
TD	Pbre1_11G043600	old	135.760512	7.095507918788227
TRD	Pbre1_11G316800	old	0.0	0.0
TRD	Pbre1_16G361400	old	0.325066	0.40606422043154516
PD	Pbre1_17G079000	old	0.0	0.0
TD	Pbre1_16G063600	old	6.781446	2.9600382713023663
TRD	Pbre1_12G415400	old	0.0	0.0
TRD	Pbre1_16G432200	old	0.0	0.0
TRD	Pbre1_16G394400	old	0.0	0.0
TRD	Pbre1_11G405800	old	0.722058	0.7841337344323298
PD	Pbre1_02G218000	old	3.767546	2.25324685854888
PD	Pbre1_03G412800	old	0.0	0.0
TRD	Pbre1_17G068800	old	0.0	0.0
PD	Pbre1_02G419800	old	0.199913	0.26292980665156324
TRD	Pbre1_11G475400	old	0.0	0.0
TRD	Pbre1_05G027000	old	0.0	0.0
TRD	Pbre1_05G435600	old	0.0	0.0
PD	Pbre1_09G155600	old	1.804253	1.4876165153184355
TD	Pbre1_14G209800	old	46.62218	5.573561759241977
TRD	Pbre1_05G186000	old	0.197552	0.26008830190161714
TD	Pbre1_10G014400	old	0.0	0.0
TRD	Pbre1_08G349400	old	0.030014	0.042663946722384494
TRD	Pbre1_09G359200	old	3.459151	2.1567690543866602
TRD	Pbre1_17G100800	old	0.071871	0.10013128745717596
TRD	Pbre1_15G502600	old	0.032719	0.04644775424630808
TD	Pbre1_08G150000	old	0.212352	0.2778086385176074
TRD	Pbre1_16G407000	old	0.0	0.0
TRD	Pbre1_05G116000	old	0.0	0.0
PD	Pbre1_08G056600	old	15.717599	4.0632957557316
TD	Pbre1_02G449600	old	50.564672	5.68831107941454
TRD	Pbre1_14G154000	old	0.0	0.0
TRD	Pbre1_17G136600	old	0.0	0.0
TD	Pbre1_01G156200	old	2.445452	1.7846932588027364
TRD	Pbre1_07G031200	old	8.277223	3.21369302047227
PD	Pbre1_03G230000	old	0.0	0.0
PD	Pbre1_15G675400	old	0.0	0.0
PD	Pbre1_10G353600	old	0.0	0.0
TD	Pbre1_15G748800	old	14.91147	3.9919952218034975
TD	Pbre1_13G223000	old	5.749419	2.7547633181790654
PD	Pbre1_07G140000	old	1.165154	1.1144696425662426
TD	Pbre1_02G344600	old	0.0	0.0
PD	Pbre1_01G137400	old	3.512246	2.1738457231678963
TRD	Pbre1_11G049000	old	0.215357	0.28138015455347004
TRD	Pbre1_10G334000	old	14.972293	3.997499537396068
TRD	Pbre1_04G396200	old	6.807958	2.964945292481398
TD	Pbre1_16G015200	old	0.117082	0.15973509150723744
PD	Pbre1_17G365200	old	0.009302	0.013357917469446794
TRD	Pbre1_10G328800	old	0.078185	0.108604743659439
PD	Pbre1_06G346400	old	3.489157	2.166444552738334
PD	Pbre1_16G044800	old	0.152299	0.2045151176888285
TRD	Pbre1_09G463800	old	0.075958	0.1056217634202536
TD	Pbre1_07G156200	old	3.005931	2.002137571720983
TD	Pbre1_01G244200	old	62.2	5.9818526532897405
PD	Pbre1_07G159600	old	0.0	0.0
TRD	Pbre1_13G213200	old	0.335911	0.4178238969320096
TRD	Pbre1_07G426400	old	0.423933	0.5098812650951969
PD	Pbre1_17G215000	old	3.672336	2.2241440259524454
PD	Pbre1_03G113800	old	9.860761	3.4410532894164962
TD	Pbre1_05G488400	old	103.858267	6.712296797415613
TD	Pbre1_05G060600	old	0.106928	0.14656138524402865
TD	Pbre1_02G087800	old	0.167763	0.22374750587982034
TD	Pbre1_08G114400	old	17.521812	4.211153340112798
TRD	Pbre1_16G203000	old	0.0	0.0
TD	Pbre1_15G458400	old	62.762904	5.994645431414502
TD	Pbre1_08G165400	old	0.0	0.0
TD	Pbre1_12G057400	old	0.0	0.0
PD	Pbre1_11G093000	old	4.091888	2.348200686399203
TRD	Pbre1_17G322600	old	14.060762	3.9127228599709265
TRD	Pbre1_02G361000	old	0.0	0.0
TRD	Pbre1_14G249400	old	17.567607	4.214715987075365
TRD	Pbre1_03G099000	old	0.41453	0.5003227743957164
TRD	Pbre1_01G406200	old	0.333127	0.414814224944969
PD	Pbre1_10G314200	old	0.097874	0.1347124896746912
TRD	Pbre1_09G395400	old	3.508275	2.1725755210637283
TRD	Pbre1_03G154400	old	0.116367	0.15881138383406085
PD	Pbre1_03G377000	old	2.884392	1.9576888001183395
TD	Pbre1_12G397000	old	0.066709	0.0931666602147539
TRD	Pbre1_10G439800	old	4.559779	2.4750275372759813
PD	Pbre1_11G274400	old	11.714637	3.668418368887422
TD	Pbre1_03G297200	old	16.289847	4.111853197336736
PD	Pbre1_05G540400	old	12.300055	3.7333603066336156
TRD	Pbre1_02G310800	old	0.327405	0.4086086136221258
TD	Pbre1_06G071400	old	0.0	0.0
PD	Pbre1_17G443400	old	7.586083	3.1020001191064477
TD	Pbre1_10G236400	old	0.0	0.0
TD	Pbre1_17G225800	old	2.399332	1.7652512713714883
PD	Pbre1_09G174000	old	10.129332	3.4762950973418314
PD	Pbre1_05G582600	old	17.882759	4.238997670223325
TD	Pbre1_01G244000	old	0.121668	0.1656457190555162
TD	Pbre1_16G130400	old	0.0	0.0
TRD	Pbre1_17G173400	old	0.0	0.0
TD	Pbre1_14G061000	old	0.104841	0.14383876326684075
TRD	Pbre1_15G146800	old	0.992461	0.994551485491907
TRD	Pbre1_16G324400	old	0.0	0.0
TRD	Pbre1_11G325600	old	3.367908	2.1269424695037458
TRD	Pbre1_12G259400	old	0.0	0.0
TD	Pbre1_10G535000	old	0.55843	0.640093354885718
TRD	Pbre1_11G279800	old	0.0	0.0
TRD	Pbre1_10G347400	old	0.0	0.0
TD	Pbre1_17G398200	old	0.0	0.0
TD	Pbre1_05G376200	old	0.110049	0.1506233617075699
TD	Pbre1_16G304000	old	0.0	0.0
TRD	Pbre1_15G395800	old	0.009207	0.013222118194847985
TRD	Pbre1_08G232000	old	0.0	0.0
TRD	Pbre1_13G276800	old	0.0	0.0
TRD	Pbre1_09G461600	old	4.09134	2.348045412082813
TRD	Pbre1_16G243400	old	0.0	0.0
TD	Pbre1_05G110600	old	0.0	0.0
TRD	Pbre1_05G603200	old	0.0	0.0
PD	Pbre1_03G308400	old	0.0	0.0
TRD	Pbre1_15G484000	old	0.0	0.0
TD	Pbre1_02G122800	old	0.0	0.0
PD	Pbre1_13G194800	old	0.429361	0.5153703301047319
TD	Pbre1_02G171800	old	0.616046	0.6924682643195108
PD	Pbre1_05G228000	old	0.0	0.0
TRD	Pbre1_06G417600	old	0.0	0.0
TRD	Pbre1_10G117200	old	0.058364	0.08183589463476913
TD	Pbre1_15G502000	old	6.593184	2.9247049683529744
TRD	Pbre1_11G376000	old	0.053711	0.0754792350602875
PD	Pbre1_05G250000	old	2.133807	1.6479163321025214
PD	Pbre1_04G335000	old	0.550309	0.6325557950724591
PD	Pbre1_12G324800	old	0.0	0.0
TD	Pbre1_11G137200	old	32.056005	5.046840472422801
TRD	Pbre1_05G322600	old	6.372578	2.882169180714332
TRD	Pbre1_05G314800	old	0.0	0.0
TRD	Pbre1_09G374200	old	0.0	0.0
TRD	Pbre1_02G066800	old	0.0	0.0
TD	Pbre1_10G338800	old	246.007992	7.948413911067417
TRD	Pbre1_15G053000	old	1.800531	1.4857003980402212
TRD	Pbre1_02G203000	old	1.367194	1.2431779449271623
TRD	Pbre1_16G460200	old	0.0	0.0
TRD	Pbre1_02G076400	old	0.548959	0.6312989573750551
TD	Pbre1_02G415200	old	1.525193	1.3363936569741584
TRD	Pbre1_17G081000	old	5.571424	2.716206030385118
TD	Pbre1_02G148000	old	0.0	0.0
TRD	Pbre1_14G426400	old	1.910763	1.541397377198859
TD	Pbre1_08G058400	old	0.452993	0.539027752599376
TRD	Pbre1_05G579200	old	4.800211	2.5361053835361878
TRD	Pbre1_17G102800	old	25.503948	4.72813537289464
TRD	Pbre1_16G167600	old	0.0	0.0
TD	Pbre1_04G005200	old	14.102141	3.916681186896327
TRD	Pbre1_15G713200	old	0.0	0.0
TRD	Pbre1_08G067400	old	1.983075	1.5768002501397211
TD	Pbre1_03G455800	old	1.401152	1.2637267333081161
TRD	Pbre1_15G486000	old	16.536721	4.132307114091168
TD	Pbre1_09G435800	old	0.0	0.0
TRD	Pbre1_08G393800	old	85.970941	6.442461538628263
TRD	Pbre1_10G168200	old	0.0	0.0
TD	Pbre1_15G570000	old	11.750709	3.6725055649005327
TD	Pbre1_15G034600	old	11.983869	3.6986484439706215
TRD	Pbre1_05G591000	old	0.0	0.0
TD	Pbre1_11G191000	old	2.195425	1.6760078262006228
TD	Pbre1_01G379000	old	11.767358	3.6743881082094707
TD	Pbre1_07G492800	old	80.491718	6.34858154064254
PD	Pbre1_03G204600	old	0.0	0.0
PD	Pbre1_07G419800	old	1.092974	1.0655543898047797
TD	Pbre1_11G090200	old	33.576888	5.111736123815463
TD	Pbre1_16G248000	old	42.311342	5.436672969826892
TRD	Pbre1_13G468000	old	39.053651	5.323861849119937
TD	Pbre1_03G074600	old	2.54291	1.8249348173605866
TD	Pbre1_10G353800	old	0.0	0.0
TRD	Pbre1_14G370800	old	0.0	0.0
TD	Pbre1_03G186600	old	0.0	0.0
TRD	Pbre1_03G190600	old	0.0	0.0
TD	Pbre1_07G333600	old	0.089472	0.12362911891345021
TRD	Pbre1_05G074800	old	0.0	0.0
PD	Pbre1_08G161400	old	10.281828	3.49592894213347
TRD	Pbre1_12G191400	old	0.310948	0.39061046082284123
PD	Pbre1_08G161800	old	0.719214	0.781749136161451
TD	Pbre1_05G022000	old	1.57897	1.366794991001125
TD	Pbre1_15G233800	old	1.881993	1.5270668313913731
TRD	Pbre1_13G488400	old	0.0	0.0
TRD	Pbre1_03G081400	old	23.183238	4.595935521186069
PD	Pbre1_03G016200	old	0.0	0.0
TD	Pbre1_06G317200	old	6.335156	2.8748276486571016
TRD	Pbre1_02G484400	old	7.75379	3.1299077747020485
PD	Pbre1_13G010400	old	0.0	0.0
TD	Pbre1_04G281200	old	0.0	0.0
TRD	Pbre1_07G407600	old	0.0	0.0
TRD	Pbre1_15G320000	old	4.274084	2.398920549097499
PD	Pbre1_17G287000	old	0.010757	0.015436195032131672
PD	Pbre1_09G451000	old	0.106962	0.14660569786244618
TRD	Pbre1_04G381200	old	6.326188	2.8730627230486063
TD	Pbre1_01G128000	old	0.183057	0.24251958478191116
PD	Pbre1_11G399800	old	0.0	0.0
TRD	Pbre1_07G443200	old	1.115011	1.080665166704176
PD	Pbre1_11G358600	old	1.933984	1.5528610035322319
TRD	Pbre1_14G109200	old	0.0	0.0
TRD	Pbre1_08G004200	old	6.952909	2.9914826631934193
TRD	Pbre1_02G460800	old	0.0	0.0
TRD	Pbre1_16G408600	old	0.0	0.0
TRD	Pbre1_14G443200	old	0.0	0.0
TRD	Pbre1_16G193600	old	12.379538	3.741956394976121
TD	Pbre1_09G306200	old	9.352895	3.37196234262484
PD	Pbre1_06G344000	old	5.322197	2.660425990398216
PD	Pbre1_10G579200	old	35.137392	5.175420486966104
TRD	Pbre1_01G060200	old	3.717964	2.2381644102646114
TD	Pbre1_17G138400	old	0.0	0.0
TRD	Pbre1_02G098200	old	0.167532	0.22346209221214058
TRD	Pbre1_14G107200	old	0.610938	0.6879009702618726
TD	Pbre1_05G047200	old	0.310307	0.38990486938695
TD	Pbre1_16G341400	old	0.0	0.0
TRD	Pbre1_17G125400	old	131.139581	7.045918864983355
PD	Pbre1_14G307600	old	0.281141	0.35742926475554754
TRD	Pbre1_16G026600	old	56.825304	5.853629040325388
PD	Pbre1_14G057200	old	22.482247	4.553498560432951
PD	Pbre1_03G198000	old	0.0	0.0
TD	Pbre1_02G456000	old	8.227555	3.2059484315487246
TRD	Pbre1_16G016800	old	9.48631	3.3904351959450505
PD	Pbre1_17G415600	old	0.0	0.0
PD	Pbre1_14G107800	old	0.107649	0.14750078194256983
TRD	Pbre1_15G337800	old	0.277363	0.3531685672338318
PD	Pbre1_17G083600	old	0.111758	0.15284278608703888
TD	Pbre1_01G260400	old	57.765326	5.876893250576989
TD	Pbre1_04G108600	old	10.539562	3.5285165604288093
TRD	Pbre1_07G258400	old	8.717009	3.2805123050947986
PD	Pbre1_02G458400	old	2.828536	1.9367928231387168
TD	Pbre1_06G222400	old	2.187058	1.672225274387486
TRD	Pbre1_15G715600	old	15.498668	4.044277649821228
TRD	Pbre1_06G269200	old	67.938262	6.10723302231915
PD	Pbre1_02G200600	old	0.0	0.0
PD	Pbre1_08G202400	old	0.0	0.0
TRD	Pbre1_09G451800	old	0.0	0.0
TRD	Pbre1_10G116400	old	2.699623	1.88737826432494
TRD	Pbre1_10G282600	old	2.490906	1.803601509809697
TRD	Pbre1_07G051400	old	11.772085	3.674922154275875
TRD	Pbre1_03G239000	old	0.0	0.0
TD	Pbre1_08G112200	old	32.942517	5.085021646473208
TRD	Pbre1_11G524600	old	0.556804	0.6385873220486906
TD	Pbre1_07G061400	old	3.636738	2.213110209183948
PD	Pbre1_11G441200	old	4.822351	2.541601814846341
PD	Pbre1_16G112400	old	0.0	0.0
PD	Pbre1_10G537200	old	31.417882	5.018717931334639
TRD	Pbre1_17G490200	old	0.0	0.0
TRD	Pbre1_09G374600	old	3.970277	2.3133262572986815
TD	Pbre1_13G479200	old	0.0	0.0
TD	Pbre1_08G109200	old	0.068721	0.09588527265460588
TRD	Pbre1_14G320600	old	0.0	0.0
TRD	Pbre1_07G075600	old	64.467491	6.032706784502377
TRD	Pbre1_02G491000	old	0.0	0.0
TRD	Pbre1_14G033000	old	0.0	0.0
TD	Pbre1_16G390800	old	0.0	0.0
TRD	Pbre1_05G060200	old	0.469701	0.5555226790797535
TRD	Pbre1_07G291000	old	0.0	0.0
TRD	Pbre1_15G233400	old	0.467629	0.5534873172916439
TRD	Pbre1_16G414200	old	0.0	0.0
TRD	Pbre1_09G197000	old	19.300613	4.343451386766169
PD	Pbre1_05G350000	old	2.5158	1.8138530035828684
TRD	Pbre1_08G324200	old	3.668879	2.2230761997683692
TRD	Pbre1_16G254000	old	0.0	0.0
PD	Pbre1_01G201200	old	0.0	0.0
TRD	Pbre1_02G467000	old	4.877825	2.555282406387931
TD	Pbre1_14G322200	old	0.0	0.0
TRD	Pbre1_07G247200	old	0.143975	0.1940555243452177
PD	Pbre1_10G080600	old	18.228742	4.265192475364003
PD	Pbre1_02G449600	old	50.564672	5.68831107941454
TRD	Pbre1_14G122400	old	0.366445	0.4504273919327427
TD	Pbre1_08G389800	old	81.599709	6.368064793905008
TRD	Pbre1_15G324000	old	0.745143	0.8033452581759638
TD	Pbre1_01G230800	old	0.13704	0.18528300778035484
TRD	Pbre1_15G577000	old	0.0	0.0
TRD	Pbre1_13G003000	old	0.0	0.0
PD	Pbre1_10G263800	old	0.746549	0.8045071185789556
TD	Pbre1_05G361200	old	0.0	0.0
TD	Pbre1_05G232800	old	949.811957	9.893016235878102
PD	Pbre1_03G450400	old	0.0	0.0
TRD	Pbre1_17G492600	old	0.829594	0.8715235396726524
PD	Pbre1_04G293800	old	0.32744	0.4086466530002696
TRD	Pbre1_07G046600	old	5.329651	2.6621259555067205
TD	Pbre1_08G145400	old	0.0	0.0
TRD	Pbre1_03G478400	old	0.0	0.0
TD	Pbre1_05G383200	old	0.682308	0.7504418609996579
TD	Pbre1_02G447000	old	0.0	0.0
PD	Pbre1_13G489600	old	21.743627	4.507390438724247
TRD	Pbre1_12G363800	old	0.253201	0.3256178260300829
TRD	Pbre1_08G171800	old	11.95293	3.695206572593897
TRD	Pbre1_17G195800	old	0.0	0.0
PD	Pbre1_09G116600	old	0.0	0.0
TD	Pbre1_16G015400	old	3.21509	2.0755634357148023
TD	Pbre1_05G146600	old	0.0	0.0
TRD	Pbre1_03G026000	old	13.142064	3.8219207882495345
TRD	Pbre1_17G137800	old	8.882015	3.304805245666945
TD	Pbre1_11G453000	old	0.391837	0.47699026502209674
TRD	Pbre1_01G093400	old	0.0	0.0
TRD	Pbre1_09G489800	old	10.838442	3.565407322241648
PD	Pbre1_11G252000	old	1.368466	1.2439529617721818
PD	Pbre1_17G094800	old	0.475959	0.5616526459794565
TRD	Pbre1_03G319800	old	0.131336	0.1780274647329986
TD	Pbre1_08G145000	old	0.0	0.0
TRD	Pbre1_11G272400	old	0.0	0.0
TD	Pbre1_15G036200	old	44.607006	5.511183558423748
TRD	Pbre1_12G141400	old	0.0	0.0
TD	Pbre1_11G435400	old	0.017937	0.025648275951823448
TRD	Pbre1_05G047600	old	48.366461	5.625459319250252
TD	Pbre1_04G004600	old	1.332806	1.222066335408109
PD	Pbre1_05G329800	old	0.0	0.0
TD	Pbre1_12G389800	old	0.260755	0.3342879468585129
TD	Pbre1_10G417000	old	260.020464	8.02801910827093
TD	Pbre1_03G347000	old	0.0	0.0
PD	Pbre1_08G035600	old	5.037066	2.5938475734468467
TRD	Pbre1_10G176800	old	0.0	0.0
TRD	Pbre1_14G248400	old	0.0	0.0
TRD	Pbre1_05G326400	old	0.0	0.0
PD	Pbre1_02G252000	old	2.613799	1.8535162655363586
TRD	Pbre1_09G437400	old	2.211967	1.6834570705697613
TRD	Pbre1_03G300000	old	13.798738	3.8874022465003035
TRD	Pbre1_09G382200	old	14.584555	3.9620450558526383
PD	Pbre1_06G170000	old	1.741249	1.4548333806078322
TD	Pbre1_09G162800	old	0.196569	0.258903592102165
TRD	Pbre1_14G217200	old	4.072903	2.3428115746703373
TD	Pbre1_07G496000	old	0.195892	0.25808710684388814
TRD	Pbre1_11G179200	old	2.384576	1.7589751126744182
PD	Pbre1_03G080200	old	0.0	0.0
TRD	Pbre1_05G260800	old	0.0	0.0
TRD	Pbre1_11G248000	old	2.70236	1.8884451828809203
TRD	Pbre1_11G430200	old	0.094948	0.13086235665431836
PD	Pbre1_17G185400	old	0.0	0.0
TRD	Pbre1_14G308000	old	0.133938	0.18134176061715518
TRD	Pbre1_11G136200	old	1.053565	1.0381306126169654
PD	Pbre1_09G228200	old	4.199692	2.3784261687859005
TD	Pbre1_11G017600	old	0.0	0.0
TRD	Pbre1_11G459000	old	4.643526	2.4965968210027984
TRD	Pbre1_02G490800	old	0.0	0.0
TD	Pbre1_10G304600	old	0.559649	0.6412213861796265
PD	Pbre1_12G250400	old	0.917573	0.9392815006660499
PD	Pbre1_08G295200	old	1.586788	1.371161822912744
TD	Pbre1_15G352600	old	0.051432	0.07235554865736442
TRD	Pbre1_15G323800	old	0.810954	0.8567499008906603
TRD	Pbre1_17G478800	old	0.558509	0.6401664861906645
TRD	Pbre1_07G257800	old	0.0	0.0
TD	Pbre1_01G401600	old	0.800798	0.848636359621452
TRD	Pbre1_17G464800	old	0.020661	0.02950377235698291
PD	Pbre1_09G431600	old	12.682493	3.774259213346312
TD	Pbre1_17G405400	old	0.300285	0.3788278717328773
TRD	Pbre1_16G434800	old	2.292342	1.7191142069856773
TD	Pbre1_02G385600	old	1.991482	1.5808603822010039
TRD	Pbre1_12G115400	old	22.349814	4.545339152644725
TD	Pbre1_05G420200	old	3.896541	2.291762964668314
TRD	Pbre1_16G348000	old	4.762242	2.5266302514155976
TD	Pbre1_06G380600	old	0.074027	0.10303026173718269
TRD	Pbre1_02G061800	old	0.904589	0.9294797055219295
TRD	Pbre1_17G250600	old	0.08976	0.124010442401904
TD	Pbre1_03G104400	old	0.701129	0.7664925475877994
TD	Pbre1_13G159200	old	0.0	0.0
PD	Pbre1_10G435600	old	0.0	0.0
TD	Pbre1_06G102600	old	0.321386	0.4020519646472827
PD	Pbre1_09G211400	old	0.385126	0.47001721909538774
TD	Pbre1_12G157200	old	0.0	0.0
PD	Pbre1_02G172800	old	38.553667	5.305739547296528
TRD	Pbre1_07G155800	old	9.393106	3.3775549657946344
TRD	Pbre1_12G273400	old	0.0	0.0
PD	Pbre1_02G339600	old	0.0	0.0
TD	Pbre1_16G334000	old	0.0	0.0
TD	Pbre1_09G032400	old	1.180445	1.1246226000375015
PD	Pbre1_01G197400	old	0.869469	0.902628548266382
TRD	Pbre1_17G493600	old	0.0	0.0
PD	Pbre1_17G453800	old	0.092067	0.12706137054580668
TRD	Pbre1_14G092400	old	0.0	0.0
TD	Pbre1_09G337400	old	0.0	0.0
TD	Pbre1_10G567600	old	0.0	0.0
TRD	Pbre1_15G687000	old	4.666712	2.5025118820433443
TRD	Pbre1_09G073800	old	36.234891	5.218583229153304
PD	Pbre1_11G398800	old	19.337867	4.346096474678358
PD	Pbre1_17G468600	old	28.743721	4.894513237652358
TD	Pbre1_15G468000	old	0.195575	0.2577046350551156
TRD	Pbre1_05G465400	old	1.340964	1.227102748452138
TRD	Pbre1_03G009800	old	0.0	0.0
TD	Pbre1_02G044200	old	130.581383	7.03981157129806
TRD	Pbre1_16G440400	old	0.0	0.0
TRD	Pbre1_03G340600	old	0.371012	0.45524119858958656
TRD	Pbre1_03G148800	old	0.0	0.0
TRD	Pbre1_10G220000	old	0.226582	0.29464368480371694
TD	Pbre1_01G336400	old	0.0	0.0
TD	Pbre1_07G161600	old	0.0	0.0
TRD	Pbre1_15G378800	old	5.64361	2.7319673852237867
PD	Pbre1_07G389800	old	1.237984	1.162199722103776
TD	Pbre1_09G155000	old	0.512018	0.5964753143977175
TRD	Pbre1_09G303400	old	27.928649	4.854427044269232
TD	Pbre1_08G396000	old	34.255625	5.139781551326105
TRD	Pbre1_15G708000	old	0.341158	0.42347920919536225
TRD	Pbre1_09G383400	old	0.0	0.0
PD	Pbre1_04G054000	old	2.004077	1.5869217922444776
TD	Pbre1_15G267400	old	9.451789	3.385677999923309
TRD	Pbre1_11G430000	old	21.737239	4.506985172211432
TRD	Pbre1_17G426400	old	1.890588	1.5313629939016022
PD	Pbre1_05G263800	old	0.0	0.0
TD	Pbre1_05G446400	old	7.53327	3.0930986968494896
TRD	Pbre1_02G420600	old	2.440443	1.7825943418908616
TRD	Pbre1_10G459400	old	0.092928	0.12819836215860045
TRD	Pbre1_06G056200	old	9.834537	3.4375655979196775
TRD	Pbre1_09G478200	old	16.738722	4.148830168185957
PD	Pbre1_07G312800	old	0.077574	0.10778694659252518
PD	Pbre1_09G440600	old	1.255548	1.173477988174364
TRD	Pbre1_07G148000	old	5.020033	2.589771395424489
TRD	Pbre1_15G772200	old	0.120127	0.16366231432120967
TRD	Pbre1_10G059400	old	1.801809	1.4863586102494901
PD	Pbre1_11G454200	old	0.0	0.0
TRD	Pbre1_17G265400	old	0.0	0.0
TRD	Pbre1_15G556400	old	0.0	0.0
TRD	Pbre1_12G110800	old	4.823733	2.541944213983401
TRD	Pbre1_03G095400	old	0.0	0.0
TRD	Pbre1_09G142400	old	0.061379	0.0859399095851966
TD	Pbre1_17G094400	old	0.0	0.0
PD	Pbre1_12G083000	old	2.919494	1.9706674168890093
PD	Pbre1_08G378200	old	0.0	0.0
PD	Pbre1_09G424800	old	0.0	0.0
TRD	Pbre1_13G454000	old	27.830945	4.849546220116643
TD	Pbre1_03G198800	old	0.0	0.0
TD	Pbre1_11G146200	old	0.947003	0.9612551070072515
TD	Pbre1_06G307400	old	9.073477	3.3324898303515615
TD	Pbre1_06G177600	old	0.120545	0.16420058724476735
TD	Pbre1_07G331400	old	13.018851	3.8092962042550296
TRD	Pbre1_07G132600	old	0.0	0.0
TRD	Pbre1_02G298400	old	0.0	0.0
TRD	Pbre1_07G409000	old	98.056108	6.630174032239599
TRD	Pbre1_15G635400	old	0.0	0.0
TRD	Pbre1_17G323000	old	6.479317	2.902906531382646
TD	Pbre1_17G161800	old	0.0	0.0
TRD	Pbre1_13G339200	old	0.0	0.0
TD	Pbre1_03G403800	old	2.101545	1.6329870569766893
TRD	Pbre1_14G099200	old	0.564578	0.6457735840554211
PD	Pbre1_03G238600	old	48.63944	5.633414934896727
PD	Pbre1_17G099600	old	2.257171	1.703619462557285
TRD	Pbre1_08G133000	old	0.0	0.0
TRD	Pbre1_13G347200	old	7.15858	3.028318073124544
PD	Pbre1_07G420000	old	1.961302	1.5662316271872292
TD	Pbre1_16G037600	old	5.327924	2.6617322727750636
TD	Pbre1_10G127400	old	238.290444	7.902618974160184
TD	Pbre1_15G185400	old	0.150811	0.20265091622251466
TRD	Pbre1_15G320600	old	0.0	0.0
PD	Pbre1_07G459800	old	0.0	0.0
TRD	Pbre1_04G087400	old	1.822536	1.4969919819514224
TRD	Pbre1_16G124600	old	0.213365	0.2790136019666642
TD	Pbre1_13G101600	old	11.204108	3.6092949470728284
TRD	Pbre1_10G200600	old	0.0	0.0
TRD	Pbre1_12G284400	old	0.0	0.0
PD	Pbre1_03G191200	old	6.184177	2.8448228948837
TRD	Pbre1_12G270400	old	0.0	0.0
TRD	Pbre1_12G139200	old	8.127254	3.1901808803117366
TRD	Pbre1_04G392000	old	2.824282	1.935188910609746
TRD	Pbre1_10G108200	old	0.0	0.0
TD	Pbre1_17G204000	old	0.0	0.0
TD	Pbre1_15G778000	old	0.0	0.0
TD	Pbre1_11G439000	old	4.481306	2.454519676988994
TRD	Pbre1_10G448000	old	0.336374	0.41832381951557784
TRD	Pbre1_11G389600	old	0.0	0.0
TD	Pbre1_08G314000	old	23.766284	4.630305513857372
PD	Pbre1_03G027800	old	0.541111	0.6239707770910577
TRD	Pbre1_12G088200	old	0.19735	0.2598449312760544
TRD	Pbre1_08G222200	old	0.0	0.0
PD	Pbre1_02G487000	old	11.460741	3.6393179582122452
TD	Pbre1_10G485600	old	4.017125	2.326860882816895
TRD	Pbre1_07G019200	old	27.978086	4.856890403050022
TRD	Pbre1_11G142000	old	0.733377	0.7935854668921526
PD	Pbre1_13G479200	old	0.0	0.0
TRD	Pbre1_02G012600	old	0.931631	0.9498195220645966
TRD	Pbre1_04G198800	old	0.0	0.0
TRD	Pbre1_04G095200	old	0.151335	0.20330767058516666
TRD	Pbre1_14G140600	old	6.553503	2.9171458614821137
TRD	Pbre1_17G413200	old	0.0	0.0
PD	Pbre1_10G107800	old	0.053921	0.07576672923345343
TD	Pbre1_05G257000	old	12.624925	3.768176383314477
TD	Pbre1_14G094000	old	0.0	0.0
TD	Pbre1_15G719400	old	1.098065	1.0690593746382606
TD	Pbre1_05G470400	old	7.329049	3.058151779947646
TRD	Pbre1_13G379200	old	0.188954	0.2496928990569433
TRD	Pbre1_13G360000	old	0.171335	0.22815374340546088
TD	Pbre1_04G131000	old	0.0	0.0
TRD	Pbre1_14G210400	old	0.566097	0.6471735721979651
TD	Pbre1_10G050000	old	3.719768	2.2387159457151755
TRD	Pbre1_12G377200	old	18.521155	4.286966509646575
TRD	Pbre1_09G179800	old	0.0	0.0
PD	Pbre1_10G188800	old	15.505304	4.044857805714001
TD	Pbre1_11G152200	old	0.0	0.0
PD	Pbre1_05G504800	old	1.08826	1.062301346658084
TRD	Pbre1_01G185000	old	0.0	0.0
TD	Pbre1_07G476000	old	0.0	0.0
PD	Pbre1_05G203000	old	52.244292	5.73455496586556
TRD	Pbre1_02G467800	old	4.631066	2.4934080603757693
TRD	Pbre1_10G358200	old	0.0	0.0
TD	Pbre1_10G032600	old	11.943232	3.6941260065115085
TRD	Pbre1_03G427800	old	0.0	0.0
TRD	Pbre1_04G249200	old	1.559265	1.3557295394804165
TD	Pbre1_02G249000	old	0.0	0.0
TRD	Pbre1_01G034200	old	1.432038	1.282165770715404
TD	Pbre1_02G424600	old	99.699069	6.653906534933801
TD	Pbre1_07G392800	old	0.27553	0.35109683100016403
TRD	Pbre1_07G246000	old	0.0	0.0
TRD	Pbre1_15G607000	old	0.066548	0.09294889563971777
TD	Pbre1_11G452800	old	0.063263	0.08849849420268606
PD	Pbre1_08G113800	old	19.539247	4.360311386120921
TD	Pbre1_15G229600	old	0.0	0.0
PD	Pbre1_01G145400	old	1.208651	1.1431654692375526
TRD	Pbre1_07G229200	old	0.056436	0.07920536994265023
TRD	Pbre1_04G132600	old	0.0	0.0
TD	Pbre1_14G169200	old	88.579477	6.485096338088017
PD	Pbre1_04G226800	old	0.058235	0.08166003925497808
TRD	Pbre1_01G022200	old	0.096654	0.13310841979615096
PD	Pbre1_10G512600	old	4.254662	2.3935979674973242
PD	Pbre1_02G092000	old	2.422595	1.775090586516558
TD	Pbre1_02G178800	old	11.466917	3.640032833613283
TD	Pbre1_11G027800	old	0.238654	0.30877324785305216
TRD	Pbre1_06G141800	old	0.0	0.0
TRD	Pbre1_07G440200	old	4.241368	2.389943405128619
PD	Pbre1_11G500800	old	0.080881	0.11220769776253067
TD	Pbre1_04G029200	old	211.94507	7.734337519480381
TRD	Pbre1_15G250200	old	4.019817	2.327634770948001
PD	Pbre1_16G062200	old	5.495919	2.699533643140872
PD	Pbre1_05G274000	old	0.12724	0.17279471155946474
TD	Pbre1_11G090000	old	0.642353	0.7157642468570456
TRD	Pbre1_15G372600	old	0.0	0.0
TRD	Pbre1_07G131400	old	0.0	0.0
TD	Pbre1_09G300400	old	57.610713	5.8730924827325435
PD	Pbre1_11G031800	old	0.512581	0.5970124020033151
TD	Pbre1_11G290200	old	0.0	0.0
TD	Pbre1_13G269600	old	68.759666	6.124321227586817
PD	Pbre1_14G148400	old	0.0	0.0
TD	Pbre1_08G050800	old	0.076445	0.10627460816810276
TRD	Pbre1_12G256000	old	0.0	0.0
PD	Pbre1_13G450000	old	0.151768	0.20385014476896562
TRD	Pbre1_16G460800	old	0.971785	0.9795022513385989
PD	Pbre1_04G389800	old	6.245456	2.8570764900908854
PD	Pbre1_07G325200	old	0.416761	0.5025964038477156
TD	Pbre1_10G424200	old	0.144691	0.19495820711585896
PD	Pbre1_01G155600	old	1.074261	1.052597436925891
TRD	Pbre1_17G166400	old	0.0	0.0
TD	Pbre1_07G024600	old	5.31744	2.6593400572130244
TRD	Pbre1_03G461200	old	8.307104	3.218332328386479
TD	Pbre1_02G487200	old	3.477728	2.162766894208942
TRD	Pbre1_05G603800	old	10.390133	3.5097126880545613
TRD	Pbre1_12G078800	old	18.026851	4.249964905968197
PD	Pbre1_11G336400	old	0.0	0.0
TD	Pbre1_04G231600	old	0.656206	0.7278821273631985
TD	Pbre1_03G138000	old	463.352822	8.859077592374138
TRD	Pbre1_16G458600	old	3.068311	2.0244299695119787
TRD	Pbre1_06G256400	old	0.0	0.0
PD	Pbre1_14G080600	old	46.537635	5.570998225794062
PD	Pbre1_01G118800	old	0.0	0.0
TRD	Pbre1_15G713000	old	0.609311	0.686443154402755
TRD	Pbre1_07G039000	old	12.368297	3.740743785738074
TRD	Pbre1_03G016000	old	0.0	0.0
PD	Pbre1_10G020200	old	1.561293	1.3568722999748388
TRD	Pbre1_12G263400	old	0.0	0.0
TRD	Pbre1_03G385800	old	0.0	0.0
PD	Pbre1_02G495000	old	0.0	0.0
TD	Pbre1_07G254600	old	0.0	0.0
TRD	Pbre1_15G579800	old	0.155986	0.20912392564752075
TD	Pbre1_16G023200	old	0.0	0.0
TD	Pbre1_15G493600	old	4.978641	2.5798175838585906
TRD	Pbre1_06G128800	old	0.0	0.0
TD	Pbre1_16G224800	old	0.051892	0.07298658765030112
TD	Pbre1_04G231200	old	22.619616	4.56191360494847
TD	Pbre1_15G347400	old	0.0	0.0
TRD	Pbre1_12G202000	old	0.0	0.0
TD	Pbre1_09G188800	old	0.028946	0.04116727030141681
PD	Pbre1_10G027800	old	1.876084	1.524105812291018
TD	Pbre1_05G038800	old	0.063408	0.08869522494406809
TRD	Pbre1_14G289800	old	1.158861	1.1102703572713324
TD	Pbre1_10G357200	old	55.906358	5.830517945005026
PD	Pbre1_05G231800	old	0.0	0.0
TRD	Pbre1_13G227400	old	0.0	0.0
PD	Pbre1_09G460000	old	0.0	0.0
PD	Pbre1_04G130800	old	0.0	0.0
PD	Pbre1_15G733600	old	0.0	0.0
TRD	Pbre1_07G020200	old	2.64016	1.864001864196905
TD	Pbre1_01G294600	old	10.123831	3.4755818265513745
TRD	Pbre1_09G002400	old	1.660893	1.4119104977810013
TRD	Pbre1_09G025200	old	4.043126	2.3343182707650554
PD	Pbre1_09G022200	old	19.157409	4.3332383040089075
TRD	Pbre1_09G247200	old	4.699234	2.510768028283829
TRD	Pbre1_17G460800	old	0.1329	0.18002052146631284
TD	Pbre1_01G198000	old	0.177174	0.23532758323421876
PD	Pbre1_05G409000	old	0.009292	0.013343623410900318
TD	Pbre1_04G292200	old	0.369819	0.4539852763583543
TD	Pbre1_04G252400	old	0.0	0.0
TD	Pbre1_09G182800	old	0.156461	0.20971661395913208
PD	Pbre1_11G148400	old	5.710262	2.7463690970843926
TD	Pbre1_07G062400	old	4.51879	2.464351989403007
TD	Pbre1_11G018600	old	0.0	0.0
TRD	Pbre1_09G204600	old	0.0	0.0
TRD	Pbre1_11G136000	old	2.034263	1.6013461390956434
TRD	Pbre1_11G241800	old	0.446786	0.5328515427605305
TD	Pbre1_16G423600	old	0.0	0.0
TD	Pbre1_02G041600	old	25.820921	4.7452868734913825
TRD	Pbre1_04G247600	old	34.44403	5.14747074309383
TD	Pbre1_14G136000	old	67.67469	6.101706587826323
TRD	Pbre1_03G068400	old	0.0	0.0
PD	Pbre1_16G422800	old	0.0	0.0
TRD	Pbre1_15G706200	old	0.026551	0.03780530364657083
PD	Pbre1_06G310400	old	15.64475	4.056995296608024
PD	Pbre1_11G490800	old	6.235105	2.855013954128124
PD	Pbre1_10G562000	old	0.0	0.0
TRD	Pbre1_14G190200	old	0.0	0.0
TRD	Pbre1_13G448600	old	2.594396	1.845749361481174
PD	Pbre1_02G439400	old	0.051535	0.07249687050343269
TD	Pbre1_09G055400	old	2.751898	1.907620606932595
TD	Pbre1_13G357400	old	0.068211	0.09519664570267392
TRD	Pbre1_02G298800	old	0.0	0.0
PD	Pbre1_03G242400	old	0.0	0.0
TRD	Pbre1_10G282000	old	8.812226	3.294580463137703
TD	Pbre1_03G164800	old	6.503986	2.907657136255553
TRD	Pbre1_11G265200	old	0.098928	0.1360968663183541
TD	Pbre1_05G413600	old	0.0	0.0
TD	Pbre1_02G279800	old	0.0	0.0
PD	Pbre1_13G275000	old	1.891577	1.531856520256991
TRD	Pbre1_15G057400	old	0.0	0.0
TRD	Pbre1_09G451200	old	0.0	0.0
TD	Pbre1_02G398200	old	5.356829	2.668307280161597
TD	Pbre1_14G240000	old	1.015459	1.0111084350876207
PD	Pbre1_05G273600	old	0.0	0.0
PD	Pbre1_15G106000	old	20.118845	4.400459030041251
TRD	Pbre1_02G487800	old	0.385955	0.4708804159666278
TD	Pbre1_15G284200	old	0.0	0.0
TD	Pbre1_01G130000	old	0.0	0.0
TRD	Pbre1_14G087000	old	0.0	0.0
PD	Pbre1_12G329400	old	0.0	0.0
TRD	Pbre1_03G291600	old	7.56833	3.0990140450035915
TD	Pbre1_12G253200	old	0.39987	0.4852928564105634
TRD	Pbre1_02G435400	old	0.504555	0.589336846303631
TD	Pbre1_17G266200	old	31.416487	5.018655848226147
TD	Pbre1_09G278600	old	15.63815	4.056423123666684
PD	Pbre1_16G097600	old	0.903122	0.9283680488180983
TRD	Pbre1_12G141000	old	7.252668	3.044860602766182
PD	Pbre1_15G719200	old	7.525884	3.0918494266643632
TRD	Pbre1_03G392200	old	0.0	0.0
TRD	Pbre1_14G274000	old	0.0	0.0
PD	Pbre1_05G049200	old	1.093867	1.0661698068655423
TD	Pbre1_03G285400	old	0.215298	0.2813101166357654
TRD	Pbre1_12G198400	old	3.738653	2.2444770197997697
TD	Pbre1_10G465400	old	0.614458	0.6910499098401723
TRD	Pbre1_08G039800	old	0.0	0.0
TD	Pbre1_05G248200	old	24.880086	4.693770506327805
TRD	Pbre1_08G273000	old	0.184028	0.24370319835157855
TRD	Pbre1_13G279200	old	0.46806	0.5539109327135026
TRD	Pbre1_15G545200	old	0.0	0.0
TRD	Pbre1_05G165800	old	0.0	0.0
TRD	Pbre1_03G229000	old	0.0	0.0
TRD	Pbre1_06G134600	old	0.0	0.0
PD	Pbre1_10G156800	old	1.788325	1.4793987278353686
TD	Pbre1_08G137400	old	0.316549	0.3967612173516632
PD	Pbre1_11G031400	old	0.0	0.0
TD	Pbre1_16G185600	old	4.140309	2.3618550869227275
PD	Pbre1_02G485600	old	1.959255	1.565234019405943
TD	Pbre1_06G186800	old	3.727935	2.2412102013736797
TD	Pbre1_14G133800	old	14.34151	3.9393685830932315
TRD	Pbre1_14G056200	old	0.0	0.0
TRD	Pbre1_11G419600	old	0.704124	0.7690303165944585
TRD	Pbre1_10G363200	old	1.345967	1.2301827195594317
TD	Pbre1_13G179800	old	222.723111	7.805570486864112
TRD	Pbre1_16G409400	old	0.0	0.0
TD	Pbre1_04G235000	old	0.089304	0.12340663365810536
TRD	Pbre1_09G028000	old	75.404222	6.2555804568416775
TD	Pbre1_05G039200	old	0.0	0.0
PD	Pbre1_04G309200	old	0.0	0.0
TD	Pbre1_03G012400	old	0.0	0.0
TD	Pbre1_11G261400	old	0.0	0.0
TD	Pbre1_04G308400	old	0.025645	0.03653146645756588
TD	Pbre1_11G362600	old	65.001926	6.044436219208556
PD	Pbre1_01G386800	old	2.393615	1.7628229028015285
TD	Pbre1_09G315800	old	2.681852	1.8804316356075859
TD	Pbre1_02G292000	old	12.015832	3.7021956297496033
TD	Pbre1_05G231000	old	0.0	0.0
TD	Pbre1_02G256600	old	0.0	0.0
PD	Pbre1_11G478400	old	0.0	0.0
TD	Pbre1_04G370400	old	21.88311	4.516211234270639
TRD	Pbre1_03G187200	old	3.492293	2.1674520274405453
TD	Pbre1_02G235800	old	3.734033	2.243069762847013
TRD	Pbre1_14G141000	old	2.27037	1.709453867212004
TRD	Pbre1_16G298600	old	0.0	0.0
TD	Pbre1_07G060000	old	0.0	0.0
TRD	Pbre1_10G181600	old	0.662461	0.733320496543718
TD	Pbre1_11G153600	old	969.708146	9.922893788601778
TRD	Pbre1_08G350200	old	0.0	0.0
TD	Pbre1_16G162000	old	0.0	0.0
TRD	Pbre1_04G038200	old	0.597846	0.676128368376941
TRD	Pbre1_05G519600	old	0.0	0.0
TRD	Pbre1_06G110200	old	0.0	0.0
TD	Pbre1_09G077000	old	0.0	0.0
TD	Pbre1_06G145600	old	2.609252	1.8516998765291486
TRD	Pbre1_02G238200	old	2.123453	1.6431418211865776
PD	Pbre1_17G487400	old	4.563509	2.4759951023887825
TD	Pbre1_11G100400	old	14.035177	3.910269946871054
PD	Pbre1_09G064600	old	12.038293	3.70468309623263
TRD	Pbre1_10G027000	old	0.0	0.0
TRD	Pbre1_17G246600	old	0.0	0.0
TRD	Pbre1_09G149000	old	0.0	0.0
TD	Pbre1_11G430400	old	10.256091	3.492633992106609
TD	Pbre1_10G031200	old	20.584239	4.431906323184521
TD	Pbre1_07G209400	old	0.424071	0.5100210766374551
PD	Pbre1_10G173000	old	1.143851	1.1002046403894576
TRD	Pbre1_16G331800	old	0.0	0.0
PD	Pbre1_09G392200	old	12.860497	3.7929070844389665
TRD	Pbre1_06G416200	old	6.540345	2.914630533892136
TRD	Pbre1_11G315800	old	4.897214	2.560033548091813
PD	Pbre1_12G191000	old	10.013249	3.4611682336099197
TD	Pbre1_07G441600	old	0.0	0.0
TD	Pbre1_14G332200	old	1.219194	1.150035792187479
TRD	Pbre1_15G059800	old	9.043172	3.3281430918576858
PD	Pbre1_11G419400	old	0.038447	0.05442758615041836
TD	Pbre1_11G044000	old	0.0	0.0
TRD	Pbre1_07G126600	old	0.069976	0.0975784367485706
TD	Pbre1_01G270200	old	44.346702	5.5029257243343865
TRD	Pbre1_08G274400	old	0.0	0.0
TD	Pbre1_02G194400	old	0.0	0.0
TD	Pbre1_17G484800	old	0.016415	0.023489571595926892
PD	Pbre1_09G098800	old	0.0	0.0
TD	Pbre1_14G296600	old	15.031281	4.002817805377223
TD	Pbre1_11G350200	old	1.428863	1.2802811170652977
TRD	Pbre1_17G437400	old	1.525935	1.336817514666159
TD	Pbre1_11G183800	old	0.142446	0.19212597502219886
TRD	Pbre1_14G429800	old	1.675282	1.4196909732178546
TD	Pbre1_16G313400	old	10.70292	3.548796636997179
TRD	Pbre1_04G184600	old	0.0	0.0
TD	Pbre1_06G115600	old	3.154117	2.054541850015665
TRD	Pbre1_05G237200	old	8.503307	3.2484296357898046
TRD	Pbre1_06G023000	old	0.0	0.0
PD	Pbre1_05G462400	old	0.0	0.0
TRD	Pbre1_10G159400	old	5.177375	2.6269939127244895
TD	Pbre1_04G001600	old	20.129372	4.40117798350666
PD	Pbre1_05G009800	old	0.0	0.0
TRD	Pbre1_17G372600	old	0.0	0.0
PD	Pbre1_11G355000	old	68.946296	6.128175756510162
TD	Pbre1_07G116800	old	14.730869	3.9755264647739295
TD	Pbre1_01G270000	old	13.845361	3.8919402711743634
TRD	Pbre1_09G085800	old	0.0	0.0
TD	Pbre1_09G256600	old	1.8084	1.4897484331203352
TRD	Pbre1_16G421400	old	0.840791	0.8803258350636507
TRD	Pbre1_06G116800	old	5.966139	2.8003592602645684
TRD	Pbre1_01G035200	old	11.332577	3.6244023898963422
TRD	Pbre1_10G049400	old	22.856692	4.576322105814216
TRD	Pbre1_07G287000	old	0.100848	0.13861528199513537
TD	Pbre1_07G317200	old	29.895691	4.949333735398192
TD	Pbre1_11G136600	old	0.090912	0.12553472926550518
PD	Pbre1_14G445600	old	0.919693	0.9408756115761971
TRD	Pbre1_10G014800	old	0.0	0.0
PD	Pbre1_10G199000	old	0.0	0.0
TD	Pbre1_17G160000	old	0.477298	0.562960875362894
TRD	Pbre1_13G430800	old	0.0	0.0
TRD	Pbre1_02G376800	old	2.089513	1.6273794440012235
TRD	Pbre1_12G033800	old	0.0	0.0
TRD	Pbre1_16G360600	old	2.115928	1.63966189731388
TRD	Pbre1_15G257800	old	0.280444	0.3566441582934818
PD	Pbre1_08G173000	old	3.694072	2.2308399708014974
PD	Pbre1_09G156000	old	0.603492	0.6812171560314351
PD	Pbre1_08G377600	old	0.0	0.0
TD	Pbre1_17G375800	old	0.866581	0.9003981155323577
TRD	Pbre1_16G461200	old	8.455706	3.2411851794520046
PD	Pbre1_09G192800	old	50.913019	5.69802448494188
TRD	Pbre1_05G391800	old	0.965982	0.9752501128129716
TRD	Pbre1_01G031000	old	0.979883	0.9854151776245239
PD	Pbre1_15G412400	old	0.0	0.0
TRD	Pbre1_04G195600	old	0.0	0.0
TD	Pbre1_03G048800	old	0.0	0.0
TD	Pbre1_05G513400	old	0.1063	0.14574266027760552
TRD	Pbre1_17G282800	old	1.539455	1.344518909137995
TRD	Pbre1_09G257600	old	0.0	0.0
TRD	Pbre1_16G289200	old	0.0	0.0
PD	Pbre1_10G296800	old	0.0	0.0
TRD	Pbre1_07G115800	old	0.139243	0.1880755060482607
TRD	Pbre1_16G275000	old	295.789289	8.213295216418683
TRD	Pbre1_02G238800	old	0.0	0.0
TRD	Pbre1_12G103000	old	0.084918	0.11758600537580238
TRD	Pbre1_12G121600	old	0.0	0.0
TRD	Pbre1_05G049400	old	0.185491	0.24548471022215226
TRD	Pbre1_06G040200	old	30.653265	4.984282414647262
TD	Pbre1_13G169200	old	0.0	0.0
TRD	Pbre1_10G227400	old	0.145587	0.19608702625710245
PD	Pbre1_10G142000	old	33.483095	5.107817362955996
TRD	Pbre1_07G387000	old	0.0	0.0
TRD	Pbre1_15G057600	old	0.0	0.0
TD	Pbre1_12G053800	old	0.0	0.0
TRD	Pbre1_12G169000	old	0.0	0.0
TRD	Pbre1_12G295800	old	8.107073	3.1869874484392033
TRD	Pbre1_13G352400	old	0.333807	0.41554992567776866
TRD	Pbre1_02G413800	old	0.0	0.0
PD	Pbre1_01G192200	old	0.051961	0.07308121969717593
TRD	Pbre1_09G039600	old	5.430167	2.6848562067512263
TRD	Pbre1_13G446000	old	1.560905	1.356653735336402
TRD	Pbre1_17G049600	old	5.597681	2.721959024819523
TRD	Pbre1_12G307600	old	0.0	0.0
TRD	Pbre1_02G004200	old	0.220654	0.28765431971611516
TRD	Pbre1_02G399400	old	0.059944	0.08398804492388506
PD	Pbre1_02G151600	old	0.93924	0.9554913621776643
TRD	Pbre1_16G496200	old	0.389039	0.47408710638677165
TD	Pbre1_08G072600	old	2.541362	1.8243043243589512
TRD	Pbre1_10G160800	old	0.345311	0.42793972392874824
TD	Pbre1_14G015800	old	31.544182	5.024327747342022
TD	Pbre1_03G131800	old	0.0	0.0
TRD	Pbre1_13G303600	old	0.0	0.0
PD	Pbre1_09G425000	old	0.690515	0.7574628173727306
TD	Pbre1_12G332000	old	0.0	0.0
TRD	Pbre1_11G283600	old	0.054256	0.07622523233140584
TD	Pbre1_04G169600	old	0.089135	0.12318278946288164
TRD	Pbre1_15G096800	old	0.0	0.0
TD	Pbre1_01G269600	old	29.015744	4.907647523365502
TRD	Pbre1_09G381400	old	95.400244	6.590964892972728
TRD	Pbre1_15G647600	old	0.765461	0.8200449515262567
TRD	Pbre1_15G214200	old	0.226863	0.29497415669794114
TD	Pbre1_04G398800	old	4.28754	2.4025966721963425
TRD	Pbre1_12G336200	old	0.0	0.0
TRD	Pbre1_01G042400	old	7.09048	3.016225298832848
TRD	Pbre1_07G290000	old	0.0	0.0
TRD	Pbre1_02G408200	old	21.976603	4.522093611873974
TD	Pbre1_03G008600	old	13.040898	3.811563302518229
TRD	Pbre1_07G150600	old	0.234375	0.3037807481771029
PD	Pbre1_09G203400	old	13.978058	3.9047786762680374
TD	Pbre1_09G146400	old	6.680604	2.941219768438747
TD	Pbre1_06G023400	old	0.0	0.0
TRD	Pbre1_11G226000	old	0.0	0.0
TRD	Pbre1_02G446000	old	0.514885	0.5992082780368847
PD	Pbre1_15G089800	old	9.779749	3.4302516810787953
TD	Pbre1_03G459400	old	14.117445	3.9181424251008004
PD	Pbre1_07G201800	old	0.919455	0.9406967378155756
PD	Pbre1_06G302000	old	3.013963	2.005027318254458
TRD	Pbre1_16G369600	old	0.0	0.0
TRD	Pbre1_13G067600	old	0.38611	0.4710417525381516
PD	Pbre1_02G249200	old	0.0	0.0
TD	Pbre1_09G133800	old	1.873352	1.5227347410595584
TD	Pbre1_08G150800	old	0.103826	0.14251277291194686
TD	Pbre1_15G233600	old	13.996967	3.9065988531750966
TD	Pbre1_14G303200	old	0.023489	0.03349559700643423
TRD	Pbre1_15G682400	old	0.0	0.0
TRD	Pbre1_09G146800	old	0.0	0.0
TD	Pbre1_09G296600	old	0.070663	0.09850445138916956
TRD	Pbre1_17G396200	old	0.0	0.0
TRD	Pbre1_13G457800	old	0.0	0.0
TD	Pbre1_08G072400	old	0.0	0.0
PD	Pbre1_08G204400	old	4.077718	2.3441802746036524
TD	Pbre1_11G290000	old	0.0	0.0
TD	Pbre1_13G307600	old	61.339229	5.962068406976806
TRD	Pbre1_17G460400	old	23.818742	4.633358085603122
TD	Pbre1_10G566800	old	0.140352	0.18947921936274612
TRD	Pbre1_02G104000	old	0.0	0.0
TRD	Pbre1_06G153600	old	0.0	0.0
TD	Pbre1_14G045000	old	2.675925	1.8781073315801888
TRD	Pbre1_10G517400	old	0.0	0.0
TRD	Pbre1_04G408800	old	19.235969	4.338850029045336
TD	Pbre1_15G562600	old	7.636749	3.1104883628288134
TD	Pbre1_11G018400	old	0.0	0.0
PD	Pbre1_13G353600	old	0.0	0.0
TRD	Pbre1_12G239400	old	0.0	0.0
TD	Pbre1_08G387600	old	0.835318	0.8760300561340212
PD	Pbre1_12G119600	old	14.475952	3.95195625414496
TRD	Pbre1_15G456400	old	0.0	0.0
TD	Pbre1_15G421000	old	2.440378	1.78256708491741
PD	Pbre1_06G411400	old	2.610146	1.8520571831558637
TRD	Pbre1_09G491000	old	0.0	0.0
TD	Pbre1_07G039600	old	3.137405	2.048726186215357
TD	Pbre1_07G209800	old	0.0	0.0
TRD	Pbre1_09G294600	old	7.093365	3.0167396605604915
TD	Pbre1_02G131000	old	0.048633	0.06850985263315187
TRD	Pbre1_17G419800	old	0.0	0.0
TRD	Pbre1_05G089400	old	0.59368	0.6723619751506534
TRD	Pbre1_08G124800	old	18.370621	4.2757983007262705
PD	Pbre1_10G348400	old	0.34954	0.43246773852866616
TRD	Pbre1_10G246800	old	0.037859	0.05361045735849624
TD	Pbre1_03G301600	old	20.107472	4.399681895199168
TD	Pbre1_02G426600	old	105.487521	6.734540564392414
TRD	Pbre1_15G138200	old	0.091949	0.12690547606976776
TRD	Pbre1_05G090200	old	0.0	0.0
TRD	Pbre1_02G351600	old	2.351691	1.7448891498378831
TD	Pbre1_11G322400	old	0.0	0.0
PD	Pbre1_06G182400	old	0.209956	0.2749545849081482
PD	Pbre1_06G281000	old	0.023976	0.034181901776637894
PD	Pbre1_10G281200	old	1.548918	1.3498849618668882
TRD	Pbre1_02G484000	old	48.68527	5.634746299839374
PD	Pbre1_10G115600	old	0.0	0.0
TRD	Pbre1_11G219400	old	0.0	0.0
PD	Pbre1_15G087400	old	5.641367	2.7314802236716873
TRD	Pbre1_15G184800	old	4.337762	2.4162349800631477
TD	Pbre1_10G386800	old	23.004433	4.585228953910362
TRD	Pbre1_12G212000	old	4.528068	2.4667753622275104
TRD	Pbre1_12G148000	old	0.258735	0.3319745861331091
TRD	Pbre1_06G144000	old	1.005416	1.0039015378694802
PD	Pbre1_10G334200	old	0.0	0.0
TD	Pbre1_10G022200	old	24.47487	4.671002879125994
PD	Pbre1_05G358000	old	0.0	0.0
TD	Pbre1_13G019600	old	0.479939	0.5655377121980438
TRD	Pbre1_14G403400	old	12.384926	3.742537257793723
PD	Pbre1_02G248600	old	0.718982	0.7815544379825257
TD	Pbre1_02G053600	old	0.0	0.0
TRD	Pbre1_08G040600	old	0.54832	0.6307036721946062
PD	Pbre1_09G098600	old	0.0	0.0
TRD	Pbre1_05G362600	old	1.958872	1.5650472872856518
TRD	Pbre1_03G190200	old	0.0	0.0
TD	Pbre1_16G390600	old	0.0	0.0
PD	Pbre1_04G181600	old	0.460755	0.5467142274741951
PD	Pbre1_02G059400	old	0.507729	0.5923771411459775
TD	Pbre1_07G161000	old	0.939331	0.9555590599193043
TD	Pbre1_07G427800	old	73.416245	6.217545689643528
TRD	Pbre1_13G467200	old	0.306189	0.3853636638328332
TRD	Pbre1_02G081600	old	0.778776	0.8308848444801757
TRD	Pbre1_01G200000	old	0.371083	0.45531590887345796
TD	Pbre1_08G363800	old	0.894149	0.921549822414576
TD	Pbre1_12G067200	old	0.0	0.0
TD	Pbre1_17G361600	old	0.0	0.0
TRD	Pbre1_11G362400	old	0.27184	0.3469171881337105
TRD	Pbre1_09G454600	old	0.019586	0.02798346887169332
TRD	Pbre1_15G781400	old	3.066597	2.023822026721065
TRD	Pbre1_08G407000	old	0.0	0.0
TRD	Pbre1_05G262200	old	6.106976	2.829235827378737
PD	Pbre1_08G033600	old	0.959135	0.9702168142057941
TRD	Pbre1_09G487200	old	0.0	0.0
TRD	Pbre1_15G631200	old	0.140921	0.19019889955471686
TRD	Pbre1_05G176000	old	1.389193	1.2565234000045145
TRD	Pbre1_16G422400	old	4.006233	2.32372543847369
TD	Pbre1_15G028800	old	0.062636	0.08764749439802372
TRD	Pbre1_14G446800	old	0.0	0.0
TRD	Pbre1_17G492400	old	0.0	0.0
TRD	Pbre1_04G368000	old	20.441	4.4223002889944745
TD	Pbre1_08G287000	old	0.0	0.0
TRD	Pbre1_10G188200	old	0.0	0.0
TRD	Pbre1_16G223400	old	1.857589	1.5147984320737353
TD	Pbre1_13G099600	old	10.968939	3.581223363519516
TD	Pbre1_04G231800	old	0.378157	0.4627402495946592
PD	Pbre1_13G429400	old	11.905451	3.6899086543040767
TRD	Pbre1_14G384600	old	6.809618	2.9652519820440926
PD	Pbre1_02G233600	old	0.227749	0.29601564746042397
TRD	Pbre1_14G058400	old	0.0	0.0
PD	Pbre1_14G258600	old	6.300246	2.867945080020096
TD	Pbre1_05G558400	old	0.0	0.0
PD	Pbre1_04G227200	old	2.141727	1.6515578232617427
TRD	Pbre1_16G109000	old	1.409679	1.2688409738608337
TRD	Pbre1_16G476000	old	0.0	0.0
PD	Pbre1_17G065400	old	0.055106	0.07738794489675134
PD	Pbre1_10G056400	old	4.216763	2.3831548925392547
TRD	Pbre1_11G399600	old	0.0	0.0
PD	Pbre1_17G489800	old	0.0	0.0
TRD	Pbre1_11G070200	old	0.0	0.0
TRD	Pbre1_10G059200	old	1.564783	1.3588367681062776
TRD	Pbre1_12G362000	old	1.663054	1.4130816830518462
TRD	Pbre1_03G376000	old	0.189056	0.24981666211450881
PD	Pbre1_01G133000	old	0.0	0.0
PD	Pbre1_01G120800	old	0.353824	0.4370401976786536
TRD	Pbre1_17G427000	old	0.042177	0.059600321125538806
PD	Pbre1_06G008600	old	30.764392	4.989338499765726
PD	Pbre1_09G139200	old	0.034369	0.048750943392627984
TD	Pbre1_07G280800	old	0.0	0.0
PD	Pbre1_08G232800	old	1.773265	1.47158548003379
TRD	Pbre1_12G200200	old	0.0	0.0
TRD	Pbre1_15G110000	old	0.0	0.0
PD	Pbre1_11G345400	old	0.234426	0.30384035399150094
TRD	Pbre1_16G127600	old	0.0	0.0
TD	Pbre1_04G207000	old	2563.589571	11.324512244505625
TD	Pbre1_08G338600	old	0.134223	0.18170431696903416
TD	Pbre1_17G272400	old	0.138239	0.18680351714570678
PD	Pbre1_13G353000	old	2.71747	1.8943210997690552
TRD	Pbre1_12G144400	old	0.0	0.0
TRD	Pbre1_02G123200	old	0.515293	0.5995967829895572
TRD	Pbre1_14G311600	old	8.505022	3.248689966090468
TRD	Pbre1_14G217000	old	5.426866	2.684115392531551
TRD	Pbre1_09G042200	old	1.1775	1.12267271882414
TD	Pbre1_05G447400	old	51.594825	5.716848949269471
TRD	Pbre1_14G030800	old	1.564609	1.358738889473796
TRD	Pbre1_05G005000	old	0.408571	0.49423228559164956
TD	Pbre1_10G407400	old	0.104537	0.1434417471879282
TRD	Pbre1_04G143600	old	7.56905	3.0991352701185217
PD	Pbre1_04G206000	old	1.268805	1.1819326171096964
TRD	Pbre1_01G170200	old	0.0	0.0
TD	Pbre1_03G071600	old	30.567338	4.980360701559085
TD	Pbre1_01G127400	old	36.78294	5.23966306126143
PD	Pbre1_04G263200	old	1.911863	1.541942479894398
TD	Pbre1_14G015600	old	26.064327	4.758320608347847
PD	Pbre1_04G256200	old	0.887517	0.9164896381888414
PD	Pbre1_03G408600	old	0.017555	0.02510677589965941
PD	Pbre1_03G038600	old	0.434231	0.5202774059889466
TRD	Pbre1_03G296400	old	2.748224	1.906207173389995
TD	Pbre1_17G281400	old	0.0	0.0
TD	Pbre1_02G053800	old	0.0	0.0
TD	Pbre1_10G480800	old	0.06183	0.08655280777207006
TD	Pbre1_02G288200	old	0.0	0.0
TD	Pbre1_09G062600	old	0.032716	0.04644356327915333
TD	Pbre1_14G114400	old	0.0	0.0
TD	Pbre1_04G180200	old	0.0	0.0
TD	Pbre1_13G068200	old	47.708047	5.606088232861431
TRD	Pbre1_09G455200	old	0.0	0.0
TD	Pbre1_03G174000	old	0.0	0.0
TRD	Pbre1_17G218000	old	2.046993	1.6073861856571894
TRD	Pbre1_02G001400	old	0.203974	0.2678042372171517
TD	Pbre1_15G763400	old	1.076126	1.0538940034544368
TD	Pbre1_07G071800	old	0.351285	0.4343319860801786
TD	Pbre1_06G217800	old	11.314684	3.62230770303426
PD	Pbre1_10G513200	old	1.219711	1.150371854049363
PD	Pbre1_13G270000	old	90.487944	6.515509736892028
TD	Pbre1_11G489800	old	1.365208	1.2419670619466352
TRD	Pbre1_16G438000	old	0.0	0.0
TRD	Pbre1_13G453000	old	3.849135	2.2777274189475616
TRD	Pbre1_03G291800	old	3.314514	2.10919805899213
TRD	Pbre1_10G434000	old	0.025953	0.03696464106188117
TD	Pbre1_06G042400	old	28.174993	4.866660404672034
TRD	Pbre1_09G309000	old	0.0	0.0
TRD	Pbre1_04G212600	old	39.981775	5.35691056650447
TD	Pbre1_04G029400	old	4.45572	2.4477696038603978
TD	Pbre1_12G150600	old	7.815858	3.1401009861203124
PD	Pbre1_14G052600	old	0.029299	0.041662130101321214
TD	Pbre1_15G245800	old	0.970033	0.9782197964520062
TD	Pbre1_13G307400	old	2.401053	1.7659814883278449
TRD	Pbre1_15G060000	old	0.0	0.0
TRD	Pbre1_10G216200	old	0.0	0.0
TRD	Pbre1_11G242200	old	3.300075	2.104361822880888
TRD	Pbre1_06G128000	old	5.717145	2.7478481720593604
TD	Pbre1_11G018200	old	0.0	0.0
PD	Pbre1_01G314800	old	0.0	0.0
PD	Pbre1_10G376200	old	4.038801	2.3330804803238823
TRD	Pbre1_03G181600	old	0.0	0.0
TRD	Pbre1_05G519000	old	0.406776	0.4923926274967183
TD	Pbre1_01G197400	old	0.869469	0.902628548266382
TRD	Pbre1_13G483000	old	0.0	0.0
TRD	Pbre1_12G172200	old	0.0	0.0
PD	Pbre1_05G458000	old	0.0	0.0
PD	Pbre1_03G089600	old	97.636167	6.6240448326093055
TRD	Pbre1_17G427200	old	0.17822	0.2366089477209859
TRD	Pbre1_17G490000	old	0.0	0.0
TD	Pbre1_16G309000	old	127.447548	7.0050355399433535
TRD	Pbre1_17G273400	old	0.0	0.0
TRD	Pbre1_13G415800	old	0.595653	0.6741469487979841
TRD	Pbre1_06G276400	old	0.472698	0.5584616132846547
TD	Pbre1_08G094000	old	159.386189	7.3254061051394554
TD	Pbre1_05G139200	old	0.0	0.0
TD	Pbre1_09G124800	old	0.0	0.0
TRD	Pbre1_11G366200	old	0.053551	0.07526015342071345
PD	Pbre1_02G384800	old	0.0	0.0
TRD	Pbre1_09G054400	old	1.297931	1.2003354788141656
TRD	Pbre1_03G335400	old	0.077149	0.10721782898406296
PD	Pbre1_04G053800	old	0.92595	0.9455702495529251
TRD	Pbre1_04G241200	old	0.0	0.0
TRD	Pbre1_13G336000	old	0.080855	0.11217299410670495
PD	Pbre1_12G184200	old	0.0	0.0
TD	Pbre1_07G446600	old	17.132916	4.18053904205769
TRD	Pbre1_14G404200	old	3.228229	2.0800535148988417
TD	Pbre1_01G269800	old	12.046296	3.705568361380915
PD	Pbre1_05G394000	old	11.903071	3.689642570550265
TRD	Pbre1_03G190000	old	0.0	0.0
TRD	Pbre1_05G128000	old	47.489126	5.599589344768657
TRD	Pbre1_08G274800	old	0.0	0.0
TD	Pbre1_06G261200	old	0.212833	0.27838091347705723
TD	Pbre1_02G214000	old	241.344896	7.920917888152653
TRD	Pbre1_08G051800	old	33.632651	5.114060919562869
PD	Pbre1_04G051400	old	0.0	0.0
PD	Pbre1_09G274200	old	0.0	0.0
TD	Pbre1_15G679000	old	2.918025	1.970126603134074
TD	Pbre1_08G188400	old	0.0	0.0
TD	Pbre1_10G366200	old	0.0	0.0
TRD	Pbre1_11G347400	old	0.0	0.0
TD	Pbre1_08G295600	old	130.289473	7.036607433046284
TD	Pbre1_06G182400	old	0.209956	0.2749545849081482
TRD	Pbre1_12G183800	old	0.0	0.0
TRD	Pbre1_01G365800	old	0.0	0.0
TD	Pbre1_15G145000	old	0.567945	0.6488749538288152
PD	Pbre1_14G082200	old	0.0	0.0
TRD	Pbre1_02G439600	old	0.0	0.0
TRD	Pbre1_05G394600	old	0.161763	0.21631578853755337
PD	Pbre1_06G280800	old	0.335579	0.41746531445104135
TD	Pbre1_09G427200	old	0.596521	0.6749315296675451
TD	Pbre1_11G412200	old	0.0	0.0
TD	Pbre1_09G236000	old	4.358386	2.421798511793845
TRD	Pbre1_04G318400	old	0.862523	0.8972582412961737
TD	Pbre1_17G093400	old	0.757216	0.8132915407916417
PD	Pbre1_17G068600	old	0.016357	0.02340724429862603
TRD	Pbre1_08G142800	old	0.524627	0.6084563304977821
TRD	Pbre1_05G079000	old	0.0	0.0
TRD	Pbre1_05G062000	old	0.0	0.0
TRD	Pbre1_12G123200	old	0.0	0.0
TRD	Pbre1_17G310400	old	0.0	0.0
TD	Pbre1_01G415000	old	0.824506	0.8675058953214144
TRD	Pbre1_03G277800	old	0.0	0.0
TRD	Pbre1_07G136800	old	12.855028	3.7923377212909815
TD	Pbre1_12G378400	old	0.065892	0.09206126646686626
TRD	Pbre1_08G005600	old	2.025292	1.5970743974685626
TRD	Pbre1_06G002600	old	6.197893	2.847574656094712
TD	Pbre1_02G381800	old	17.695649	4.22463064860978
TRD	Pbre1_08G105600	old	17.112507	4.17891434223276
PD	Pbre1_17G454800	old	0.0	0.0
PD	Pbre1_17G214200	old	18.812683	4.308352355664868
TRD	Pbre1_14G135200	old	0.263718	0.3376745605153785
PD	Pbre1_14G023000	old	47.509231	5.600187404057691
PD	Pbre1_06G070400	old	0.0	0.0
TRD	Pbre1_15G107400	old	0.768223	0.8223002321424062
TRD	Pbre1_01G328600	old	0.0	0.0
TD	Pbre1_17G074600	old	0.0	0.0
TD	Pbre1_09G117400	old	0.0	0.0
TD	Pbre1_11G225600	old	0.015252	0.021837869308276164
TRD	Pbre1_17G251600	old	2.526839	1.8183757183206863
TRD	Pbre1_03G201200	old	0.293079	0.3708104185562115
PD	Pbre1_17G451800	old	0.0	0.0
PD	Pbre1_12G265400	old	0.040807	0.05770257011927412
PD	Pbre1_07G421000	old	0.098247	0.13520255853285157
TD	Pbre1_09G109800	old	1.845952	1.5089113294870442
PD	Pbre1_08G320400	old	183.816582	7.529950392935318
TRD	Pbre1_10G210800	old	1.245662	1.1671408005705568
TD	Pbre1_10G201800	old	59.033725	5.907701282630591
TRD	Pbre1_08G235800	old	0.0	0.0
PD	Pbre1_09G481000	old	0.505842	0.5905704036256352
PD	Pbre1_02G159600	old	0.144865	0.1951774888784349
TD	Pbre1_17G168200	old	2.014213	1.5917813688886082
TRD	Pbre1_11G417200	old	0.0	0.0
TRD	Pbre1_15G749200	old	387.389691	8.601361097687963
TRD	Pbre1_10G321000	old	3.014999	2.0053996284162583
TRD	Pbre1_16G366200	old	18.059285	4.2524220931329815
TD	Pbre1_04G065000	old	0.0	0.0
TD	Pbre1_04G259800	old	0.0	0.0
TRD	Pbre1_09G389000	old	0.0	0.0
TRD	Pbre1_03G419400	old	3.522867	2.1772375725199296
PD	Pbre1_09G459800	old	0.0	0.0
PD	Pbre1_04G390600	old	9.196778	3.3500414531876257
TRD	Pbre1_12G135400	old	0.0	0.0
TD	Pbre1_12G206000	old	6.989076	2.998028653678443
TRD	Pbre1_13G427600	old	4.16422	2.368550461944155
PD	Pbre1_05G322400	old	0.0	0.0
TRD	Pbre1_10G533200	old	1.987668	1.579019839771978
TRD	Pbre1_15G652400	old	6.730633	2.9505865497997292
TRD	Pbre1_03G357000	old	0.0	0.0
TD	Pbre1_01G426000	old	411.069755	8.686744766684079
TD	Pbre1_16G304200	old	0.170843	0.22754763578208
TD	Pbre1_05G488600	old	0.89573	0.9227535025278234
PD	Pbre1_04G016400	old	912.698755	9.835574779233182
TRD	Pbre1_10G021200	old	16.396403	4.1207171302417995
TRD	Pbre1_08G048000	old	0.078101	0.108492340774575
TD	Pbre1_14G263000	old	0.444649	0.530719010046679
TRD	Pbre1_16G388800	old	0.806002	0.8527994904868132
TRD	Pbre1_15G247600	old	63.319606	6.007186663972813
TRD	Pbre1_08G302400	old	0.0	0.0
TRD	Pbre1_09G133600	old	6.126461	2.8331858122533897
TRD	Pbre1_15G568000	old	0.0	0.0
TRD	Pbre1_08G330200	old	0.0	0.0
TRD	Pbre1_05G052800	old	0.371456	0.4557083373884724
TD	Pbre1_11G177800	old	6.772811	2.9584364367746385
TRD	Pbre1_12G439800	old	18.194288	4.2626051402027
PD	Pbre1_15G694200	old	15.585348	4.051837378500003
TD	Pbre1_14G036800	old	0.9503	0.9636960599865364
TRD	Pbre1_15G447800	old	2.343917	1.7415390384551377
PD	Pbre1_17G444600	old	0.145771	0.19631872805847475
TD	Pbre1_06G023200	old	0.0	0.0
PD	Pbre1_11G123400	old	4.215268	2.382741391256351
PD	Pbre1_15G766000	old	25.323095	4.718257222206775
TD	Pbre1_14G256400	old	0.162525	0.21726174158686823
TRD	Pbre1_10G229000	old	0.684277	0.7521294268026368
TD	Pbre1_04G269200	old	0.313949	0.3939092795605507
TD	Pbre1_16G304800	old	0.019408	0.027731580226674643
TRD	Pbre1_10G237400	old	0.0	0.0
TRD	Pbre1_11G248800	old	3.244375	2.0855521272092945
TRD	Pbre1_10G137000	old	0.0	0.0
TD	Pbre1_06G312200	old	0.0	0.0
TRD	Pbre1_08G177200	old	1.455051	1.2957529946755486
PD	Pbre1_02G461000	old	0.0	0.0
TRD	Pbre1_05G440800	old	3.011972	2.00431153725565
PD	Pbre1_05G307200	old	0.0	0.0
TRD	Pbre1_05G028000	old	0.0	0.0
TD	Pbre1_17G447200	old	0.0	0.0
TRD	Pbre1_08G299400	old	8.452308	3.240666639768068
PD	Pbre1_17G444800	old	0.0	0.0
TRD	Pbre1_12G134600	old	0.0	0.0
TD	Pbre1_17G451400	old	0.0	0.0
TD	Pbre1_04G300400	old	0.0	0.0
TRD	Pbre1_06G162000	old	0.0	0.0
PD	Pbre1_17G471400	old	5.960223	2.799133529614265
TRD	Pbre1_10G401800	old	0.219123	0.2858436899761666
TRD	Pbre1_15G528000	old	2.890449	1.959936667471641
TD	Pbre1_02G471400	old	0.0	0.0
TD	Pbre1_04G329800	old	75.212533	6.251956360455687
TRD	Pbre1_15G711000	old	0.106527	0.14603865429379434
TD	Pbre1_01G186000	old	6.58162	2.9225061486934507
TRD	Pbre1_14G251000	old	0.0	0.0
TRD	Pbre1_04G142400	old	0.283446	0.3600225969097532
PD	Pbre1_15G146200	old	0.033962	0.0481831649381924
TRD	Pbre1_01G206200	old	35.958009	5.207815132940141
TRD	Pbre1_08G403600	old	7.752825	3.1297487261691517
TRD	Pbre1_15G100200	old	0.0	0.0
TD	Pbre1_12G157400	old	0.0	0.0
TRD	Pbre1_15G313400	old	1.655908	1.4092051729489317
TD	Pbre1_14G183800	old	0.0	0.0
TRD	Pbre1_03G045800	old	0.695982	0.7621208581979625
TRD	Pbre1_06G137200	old	0.0	0.0
TRD	Pbre1_05G083000	old	0.0	0.0
TRD	Pbre1_07G129800	old	0.06183	0.08655280777207006
TRD	Pbre1_07G133600	old	28.543294	4.88475878668146
PD	Pbre1_13G238600	old	0.013118	0.018802217673551398
TRD	Pbre1_02G480800	old	9.584452	3.403874671994012
TRD	Pbre1_05G289000	old	0.0	0.0
TRD	Pbre1_07G288600	old	0.063704	0.089096743749716
TD	Pbre1_13G063000	old	0.0	0.0
TD	Pbre1_11G149000	old	6.636008	2.932818614207838
TRD	Pbre1_15G777600	old	81.46733	6.365750793860919
TRD	Pbre1_02G155800	old	0.0	0.0
TD	Pbre1_17G137000	old	0.761376	0.8167029133898148
TRD	Pbre1_15G035000	old	0.0	0.0
TRD	Pbre1_10G113600	old	0.0	0.0
PD	Pbre1_06G169800	old	2.564901	1.8338620124918186
PD	Pbre1_10G296400	old	0.421798	0.5077165105978767
TD	Pbre1_07G373400	old	16.526856	4.1314953208760095
TD	Pbre1_06G240400	old	0.0	0.0
TD	Pbre1_01G345800	old	0.921568	0.9422840310595408
TD	Pbre1_17G450800	old	0.0	0.0
TRD	Pbre1_10G583400	old	0.86538	0.8994695544868793
PD	Pbre1_09G073600	old	0.699835	0.7653947132837637
TD	Pbre1_16G412800	old	10.711751	3.549884881244573
PD	Pbre1_05G251400	old	0.0	0.0
TRD	Pbre1_15G608000	old	0.0	0.0
TRD	Pbre1_13G142400	old	0.022187	0.03165914861785789
TD	Pbre1_11G462200	old	0.032933	0.046746678498655526
PD	Pbre1_07G161800	old	0.0	0.0
TRD	Pbre1_07G289600	old	0.0	0.0
TRD	Pbre1_11G195600	old	0.134542	0.18211001762209988
TRD	Pbre1_05G241200	old	0.0	0.0
TRD	Pbre1_07G071000	old	0.06453	0.09021660760266563
TRD	Pbre1_15G784000	old	0.0	0.0
TRD	Pbre1_04G091200	old	16.264881	4.109768485186306
PD	Pbre1_04G043400	old	0.510192	0.5947319799072479
TRD	Pbre1_08G359000	old	0.0	0.0
TRD	Pbre1_15G005000	old	0.0	0.0
TRD	Pbre1_15G779200	old	0.0	0.0
TRD	Pbre1_13G241800	old	7.748848	3.1290930633332192
TD	Pbre1_15G574800	old	0.225567	0.29344935644101844
TRD	Pbre1_13G469800	old	43.554631	5.477503487880465
TD	Pbre1_08G139800	old	5.748895	2.754651308308528
TRD	Pbre1_07G104000	old	0.012415	0.01780078777389745
TRD	Pbre1_07G286000	old	0.0	0.0
PD	Pbre1_10G229400	old	0.0	0.0
TD	Pbre1_02G197400	old	6.391483	2.885863850447054
TRD	Pbre1_15G766200	old	1.090114	1.063581632616854
PD	Pbre1_14G406600	old	0.642661	0.7160347784735903
PD	Pbre1_14G406800	old	0.0	0.0
TRD	Pbre1_12G190800	old	0.0	0.0
TRD	Pbre1_11G100000	old	61.594037	5.9679533207307705
TD	Pbre1_10G542800	old	31.192287	5.00864316708526
TRD	Pbre1_08G277200	old	1.306481	1.2056934080252124
PD	Pbre1_04G297000	old	0.39022	0.47531320510289865
TRD	Pbre1_12G415000	old	0.117425	0.1601780029887513
TRD	Pbre1_04G178800	old	9.443088	3.3844764718859484
PD	Pbre1_02G271800	old	4.523424	2.465562878670676
TD	Pbre1_09G469200	old	0.0	0.0
TD	Pbre1_17G159800	old	2.951687	1.9824686803662268
TRD	Pbre1_10G052400	old	36.543472	5.230490170883488
TD	Pbre1_09G194800	old	0.0	0.0
TRD	Pbre1_04G029000	old	6.458455	2.898876810817734
TD	Pbre1_04G206800	old	0.297773	0.3760380563615289
TRD	Pbre1_17G215200	old	0.902172	0.9276477048355738
TRD	Pbre1_12G168000	old	0.0	0.0
TD	Pbre1_11G153200	old	8.601605	3.2632755862503284
TRD	Pbre1_11G134400	old	0.0	0.0
TRD	Pbre1_17G227000	old	0.0	0.0
TD	Pbre1_15G027000	old	15.278224	4.024871400992715
TRD	Pbre1_04G083200	old	0.0	0.0
TRD	Pbre1_05G068600	old	2.161718	1.6607086965563624
PD	Pbre1_08G077200	old	6.342892	2.876348380823901
TD	Pbre1_12G035000	old	48.794638	5.637918492857529
PD	Pbre1_10G255600	old	1.381207	1.2516930405547768
TRD	Pbre1_12G349200	old	1.976581	1.5736561541369973
TD	Pbre1_13G243600	old	37.404293	5.263195685615823
TD	Pbre1_15G624600	old	0.286798	0.3637855988027576
PD	Pbre1_07G202000	old	0.0	0.0
PD	Pbre1_08G220400	old	0.87212	0.9046729124086662
TRD	Pbre1_01G059000	old	0.0	0.0
TD	Pbre1_13G020000	old	0.158659	0.21245603537370017
TD	Pbre1_03G229800	old	2.163718	1.6616210100088835
TRD	Pbre1_08G237200	old	0.146487	0.19721999631263348
TRD	Pbre1_03G000800	old	84.837489	6.42353596850937
TRD	Pbre1_09G386800	old	0.0	0.0
TD	Pbre1_11G118800	old	0.105487	0.14468205984811794
TRD	Pbre1_17G033800	old	3.399252	2.137258244743678
TRD	Pbre1_10G191000	old	0.0	0.0
TRD	Pbre1_11G258400	old	0.16987	0.22634822145350747
PD	Pbre1_14G307800	old	0.302858	0.381679851473575
TD	Pbre1_06G334800	old	0.025953	0.03696464106188117
TRD	Pbre1_09G429400	old	7.369328	3.065111788846324
TRD	Pbre1_15G289600	old	0.0	0.0
PD	Pbre1_15G759200	old	1.609555	1.3838038090828066
TD	Pbre1_10G542600	old	21.456707	4.489074484643889
PD	Pbre1_05G435400	old	17.631136	4.219643737583493
TD	Pbre1_15G117600	old	0.031276	0.044430492302178964
PD	Pbre1_03G426200	old	7.39452	3.06944783398688
TD	Pbre1_02G172000	old	4.8444	2.547054921855963
TRD	Pbre1_13G354800	old	0.0	0.0
TRD	Pbre1_08G224200	old	1.299234	1.201153300967
TD	Pbre1_15G768600	old	30.716111	4.987143974851519
PD	Pbre1_14G310800	old	4.76461	2.527223006819221
TRD	Pbre1_05G318800	old	0.0	0.0
TRD	Pbre1_13G102400	old	3.129267	2.0458857067490315
TD	Pbre1_10G465600	old	69.061623	6.130552503908446
TRD	Pbre1_10G006800	old	0.240418	0.31082636650522194
TRD	Pbre1_17G297600	old	2.538875	1.8232908038470654
TD	Pbre1_08G078600	old	0.463346	0.5492709270062843
TRD	Pbre1_13G201600	old	0.133551	0.1808493013494406
TRD	Pbre1_10G365600	old	0.0	0.0
TRD	Pbre1_11G276800	old	0.0	0.0
TD	Pbre1_14G091000	old	0.0	0.0
TRD	Pbre1_03G443600	old	2.968845	1.9887192201614081
TD	Pbre1_02G047200	old	17.805325	4.233069334625679
PD	Pbre1_16G223800	old	2.412691	1.7709097924183075
PD	Pbre1_14G023200	old	0.0	0.0
TRD	Pbre1_07G196200	old	2.216479	1.6854822695349294
PD	Pbre1_14G015200	old	14.520196	3.956074871899678
TRD	Pbre1_16G435600	old	0.369821	0.45398738275925477
PD	Pbre1_06G075200	old	0.0	0.0
PD	Pbre1_09G341200	old	0.0	0.0
TD	Pbre1_04G298000	old	0.042327	0.05980795253954138
TRD	Pbre1_03G322200	old	0.0	0.0
TRD	Pbre1_05G127000	old	23.031439	4.586851134366633
PD	Pbre1_01G155400	old	0.951679	0.9647157869221318
TRD	Pbre1_09G128600	old	0.270105	0.34494777000338356
TD	Pbre1_05G205200	old	112.573433	6.8274815900958625
TD	Pbre1_15G214600	old	0.062394	0.08731890402386035
TRD	Pbre1_11G052400	old	16.424094	4.123011737168229
TRD	Pbre1_06G036600	old	0.184852	0.2447068631734674
TRD	Pbre1_08G184000	old	0.0	0.0
TRD	Pbre1_07G328800	old	0.213282	0.27891491131372576
TD	Pbre1_09G450400	old	37.483704	5.266175757957363
PD	Pbre1_14G412000	old	0.0	0.0
TRD	Pbre1_04G149200	old	0.0	0.0
PD	Pbre1_17G443000	old	1.410506	1.2693360207565534
TRD	Pbre1_16G229200	old	68.177767	6.112236540370103
TD	Pbre1_09G211200	old	0.008868	0.012737424986259228
TRD	Pbre1_05G128400	old	1.994871	1.5824938622232814
TRD	Pbre1_16G343800	old	0.151863	0.20396913607352996
TD	Pbre1_10G351800	old	0.0	0.0
TRD	Pbre1_06G221600	old	0.123145	0.16754419423619754
PD	Pbre1_05G375800	old	4.99573	2.583935417236486
PD	Pbre1_10G072600	old	0.0	0.0
TD	Pbre1_03G337400	old	30.22783	4.96476041586258
TRD	Pbre1_16G496400	old	0.0	0.0
TRD	Pbre1_08G273200	old	0.397921	0.4832828327243536
TRD	Pbre1_16G037200	old	0.0	0.0
TD	Pbre1_02G437600	old	16.845793	4.157512105646573
TD	Pbre1_13G254600	old	0.047639	0.06714167237971057
TD	Pbre1_04G099400	old	0.0	0.0
TRD	Pbre1_11G404000	old	0.0	0.0
TD	Pbre1_11G411200	old	0.0	0.0
TD	Pbre1_01G335400	old	0.041763	0.059027103321969226
TD	Pbre1_10G295600	old	0.111527	0.1525429931629246
TRD	Pbre1_16G422200	old	4.2046	2.379787289328443
TRD	Pbre1_01G289600	old	0.158822	0.21265897925289706
TD	Pbre1_05G253000	old	0.0	0.0
TRD	Pbre1_07G092600	old	15.083288	4.007490470084705
TRD	Pbre1_12G139800	old	0.0	0.0
PD	Pbre1_15G234200	old	0.665909	0.7363095958809078
TRD	Pbre1_07G491000	old	19.315968	4.344542201544902
TRD	Pbre1_11G066400	old	0.110328	0.1509859234874175
TD	Pbre1_13G300800	old	0.206677	0.27103955110521755
TRD	Pbre1_16G500200	old	0.0	0.0
TD	Pbre1_11G351800	old	0.081459	0.1129789712472687
TRD	Pbre1_17G090200	old	0.0	0.0
TRD	Pbre1_16G095600	old	1.704387	1.4353016172379522
PD	Pbre1_10G240800	old	0.026457	0.0376731918048845
TRD	Pbre1_05G082000	old	0.0	0.0
TRD	Pbre1_14G400600	old	4.098062	2.349948918779618
TD	Pbre1_10G390600	old	0.103922	0.1426382389742083
TD	Pbre1_03G026200	old	0.0	0.0
TRD	Pbre1_04G326200	old	0.035581	0.05044040119535616
TRD	Pbre1_11G353600	old	0.370992	0.45522015274077077
TRD	Pbre1_10G167800	old	7.825191	3.1416275023805236
PD	Pbre1_01G402000	old	6.383253	2.884256595817996
TRD	Pbre1_07G198200	old	0.0	0.0
TRD	Pbre1_17G488200	old	0.0	0.0
TD	Pbre1_04G056800	old	17.798738	4.232563908798075
TRD	Pbre1_07G245600	old	0.028486	0.04052215568293438
TRD	Pbre1_10G326800	old	14.725032	3.9749910478389436
TRD	Pbre1_03G335600	old	0.418712	0.5045817505387051
TRD	Pbre1_06G307000	old	0.562983	0.6443020867514777
PD	Pbre1_15G030400	old	1.445517	1.290139493598397
TRD	Pbre1_05G321800	old	0.0	0.0
TRD	Pbre1_10G246000	old	0.552776	0.6348497247686948
TRD	Pbre1_17G308400	old	0.0	0.0
TRD	Pbre1_14G187600	old	0.143742	0.19376165237968235
TRD	Pbre1_14G221400	old	3.92093	2.298930994344269
TRD	Pbre1_06G034200	old	0.0	0.0
TD	Pbre1_13G048800	old	40.751323	5.383750008768613
TRD	Pbre1_15G075800	old	18.305341	4.270928132444214
TRD	Pbre1_16G339800	old	2.158873	1.6594099358333465
PD	Pbre1_05G108600	old	0.027676	0.03938549131157681
TRD	Pbre1_09G470000	old	2.749922	1.90686058723958
TD	Pbre1_05G440000	old	108.390796	6.7733475465179795
TRD	Pbre1_09G074000	old	200.263531	7.652941969028707
TD	Pbre1_17G163400	old	2.342223	1.7408079961941147
TD	Pbre1_02G429200	old	50.375336	5.683004019087008
TRD	Pbre1_17G508800	old	2.7264	1.8977825446614167
PD	Pbre1_04G335800	old	0.349392	0.4323095138188434
TRD	Pbre1_04G004000	old	18.28189	4.269174565541774
PD	Pbre1_14G213400	old	1.123672	1.0865609598734318
TRD	Pbre1_11G255200	old	0.0	0.0
TRD	Pbre1_02G414200	old	0.0	0.0
TRD	Pbre1_17G226400	old	0.153704	0.20627312648870377
TD	Pbre1_09G056000	old	1.259955	1.1762940461257776
TRD	Pbre1_15G547600	old	0.0	0.0
TRD	Pbre1_01G075800	old	5.345397	2.6657104291591787
TRD	Pbre1_16G310400	old	0.274203	0.3495951392605876
TRD	Pbre1_14G368400	old	0.0	0.0
TD	Pbre1_15G283400	old	0.0	0.0
TRD	Pbre1_11G350800	old	2.442943	1.7836422964181275
TD	Pbre1_14G334800	old	0.367967	0.45203342794998824
PD	Pbre1_08G137800	old	0.682809	0.7508714390623676
TRD	Pbre1_17G409400	old	0.0	0.0
PD	Pbre1_05G242800	old	69.553132	6.140638223359417
TD	Pbre1_05G181600	old	0.0	0.0
TRD	Pbre1_16G147400	old	1.835364	1.5035339581957279
TRD	Pbre1_14G399400	old	3.194983	2.0686649642132777
PD	Pbre1_10G245000	old	25.244206	4.713927045372214
PD	Pbre1_12G380200	old	21.528912	4.493705737350811
TRD	Pbre1_13G053400	old	2.879808	1.9559852595511602
TD	Pbre1_02G022800	old	214.7644	7.75331303708312
TRD	Pbre1_16G463400	old	1.980878	1.5757373305800904
TRD	Pbre1_10G378400	old	19.459729	4.354715130833489
TRD	Pbre1_02G335600	old	0.0	0.0
TRD	Pbre1_16G435800	old	0.044464	0.06276276725755378
TRD	Pbre1_06G036800	old	0.0	0.0
TRD	Pbre1_06G256000	old	0.0	0.0
TRD	Pbre1_15G438800	old	1.303365	1.2037430442030517
PD	Pbre1_09G194400	old	1.354762	1.2355812514426348
TRD	Pbre1_08G209400	old	0.0	0.0
TD	Pbre1_13G073200	old	0.0	0.0
TRD	Pbre1_09G375200	old	30.180532	4.962573638292338
TRD	Pbre1_04G094600	old	0.0	0.0
TRD	Pbre1_06G146600	old	0.42081	0.5067136408685328
TRD	Pbre1_02G032600	old	1.274323	1.1854371607414136
TRD	Pbre1_05G174800	old	0.0	0.0
TD	Pbre1_04G236200	old	0.04766	0.06717059101696449
TD	Pbre1_08G295400	old	0.0	0.0
PD	Pbre1_05G089000	old	1.453986	1.2951270184432848
PD	Pbre1_13G195600	old	56.427279	5.8436643009399685
TRD	Pbre1_03G004200	old	0.466432	0.5523101733537699
PD	Pbre1_15G459600	old	0.07994	0.11095116043778618
TRD	Pbre1_01G076000	old	7.528656	3.092318410370586
TRD	Pbre1_08G297800	old	0.0	0.0
TRD	Pbre1_13G304200	old	40.429076	5.372571738880966
TRD	Pbre1_17G322800	old	0.0	0.0
TRD	Pbre1_17G142200	old	0.563728	0.6449895873396689
TD	Pbre1_04G005000	old	192.452374	7.59583462306354
TRD	Pbre1_01G348200	old	0.0	0.0
TRD	Pbre1_16G502200	old	7.483428	3.0846473496068834
TD	Pbre1_09G076800	old	0.242385	0.31311231648929166
TRD	Pbre1_09G176600	old	0.0	0.0
PD	Pbre1_11G475000	old	0.0	0.0
PD	Pbre1_05G393000	old	1.623742	1.3916258626311322
TRD	Pbre1_08G380800	old	1.380415	1.2512131139739098
PD	Pbre1_12G358000	old	0.537275	0.620375268898574
TD	Pbre1_08G232600	old	0.0	0.0
TD	Pbre1_09G258800	old	0.0	0.0
TRD	Pbre1_06G396800	old	0.090417	0.12487995957464387
TRD	Pbre1_17G240200	old	6.215052	2.8510097924811006
TRD	Pbre1_13G196800	old	0.0	0.0
TD	Pbre1_01G270400	old	0.13579	0.1836961148029351
TD	Pbre1_13G245200	old	8.16606	3.19630172946295
PD	Pbre1_17G390200	old	1.895006	1.533566338252949
TRD	Pbre1_03G106000	old	0.051083	0.07187659790182212
TRD	Pbre1_04G143400	old	0.084665	0.11724953348512156
PD	Pbre1_11G034000	old	4.889401	2.558120907693294
TRD	Pbre1_11G214800	old	0.280424	0.3566216238240608
TRD	Pbre1_07G100800	old	1.428997	1.280360708134422
PD	Pbre1_12G315400	old	0.366544	0.4505319125210877
PD	Pbre1_17G018600	old	0.096031	0.1322886038767098
TRD	Pbre1_09G390200	old	5.898538	2.7862906454217615
TRD	Pbre1_15G092400	old	63.174452	6.003927166245003
PD	Pbre1_17G220400	old	4.491469	2.457192130200362
TRD	Pbre1_07G169600	old	2.88555	1.9581188267182081
PD	Pbre1_12G159000	old	0.0	0.0
TD	Pbre1_17G170600	old	4.778105	2.5305964208639176
TRD	Pbre1_06G143600	old	35.253807	5.180060594887657
PD	Pbre1_08G089800	old	0.0	0.0
TD	Pbre1_01G222000	old	109.688502	6.790361556707988
PD	Pbre1_16G334200	old	32.332597	5.058861819568116
PD	Pbre1_15G459800	old	0.0	0.0
TD	Pbre1_15G759000	old	12.299578	3.7333085641502075
TD	Pbre1_01G125400	old	0.0	0.0
TRD	Pbre1_08G277000	old	1.289549	1.1950634413165646
TRD	Pbre1_06G022400	old	0.0	0.0
TRD	Pbre1_07G164000	old	0.0	0.0
TD	Pbre1_01G197200	old	5.02075	2.589943213543882
PD	Pbre1_16G450600	old	0.0	0.0
TRD	Pbre1_02G192000	old	35.055226	5.172136479952675
PD	Pbre1_10G198800	old	0.0	0.0
TD	Pbre1_15G030000	old	1.601524	1.379357016759644
TRD	Pbre1_09G216000	old	5.145484	2.619526637433162
PD	Pbre1_07G158400	old	0.816374	0.8610612909502394
TRD	Pbre1_12G315800	old	0.0	0.0
TRD	Pbre1_11G299400	old	11.418967	3.6344732711867644
TRD	Pbre1_17G189600	old	0.652869	0.7249723867357394
PD	Pbre1_06G075400	old	0.135125	0.18285117588658248
PD	Pbre1_16G162000	old	0.0	0.0
TD	Pbre1_02G067000	old	0.136854	0.18504698861833244
TRD	Pbre1_07G021800	old	5.183248	2.628364870905602
TD	Pbre1_11G039200	old	0.203066	0.2667157906942326
TD	Pbre1_15G384600	old	4.497912	2.4588838151484955
TD	Pbre1_05G513600	old	0.0	0.0
TD	Pbre1_01G388000	old	46.205668	5.560888189740429
TD	Pbre1_09G226400	old	0.03733	0.052874923685985946
TD	Pbre1_14G114800	old	3.424767	2.1456014875583844
PD	Pbre1_17G145800	old	0.027731	0.03946270057209573
TRD	Pbre1_16G365400	old	1.538041	1.3437153749390305
TRD	Pbre1_09G039800	old	0.0	0.0
TD	Pbre1_10G382600	old	0.395208	0.48048021753771064
TRD	Pbre1_07G427000	old	0.0	0.0
TD	Pbre1_16G204600	old	0.860929	0.8960230133218849
TD	Pbre1_13G089000	old	2.847075	1.9437619557258565
PD	Pbre1_02G488000	old	0.0	0.0
TRD	Pbre1_07G184200	old	0.0	0.0
TRD	Pbre1_11G127400	old	6.032863	2.814112113915277
PD	Pbre1_08G313400	old	102.022233	6.686811905605843
TD	Pbre1_11G130000	old	0.0	0.0
TRD	Pbre1_17G082400	old	0.0	0.0
TRD	Pbre1_05G028200	old	6.80285	2.9640011662668084
TD	Pbre1_13G088200	old	18.233492	4.265548814596875
TD	Pbre1_08G387400	old	1.033835	1.0242026416646983
TD	Pbre1_11G159200	old	0.01115	0.015997031072770198
TRD	Pbre1_12G427400	old	0.0	0.0
TRD	Pbre1_03G240600	old	5.347682	2.6662298552502066
TD	Pbre1_02G194200	old	0.0	0.0
PD	Pbre1_11G045800	old	14.717704	3.9743185828568217
TRD	Pbre1_12G349400	old	1.753802	1.4614248325712134
TD	Pbre1_03G074400	old	245.015995	7.9426083067905004
PD	Pbre1_07G348200	old	93.325937	6.5595826212086115
TD	Pbre1_09G122400	old	678.338957	9.407987778333418
TRD	Pbre1_10G180600	old	3.292338	2.1017636855362047
TRD	Pbre1_06G097800	old	0.0	0.0
TRD	Pbre1_05G002800	old	16.141438	4.099416237502721
PD	Pbre1_12G331200	old	438.217883	8.778792985443392
TRD	Pbre1_03G250600	old	6.474027	2.901885775478859
TD	Pbre1_17G429800	old	4.950169	2.572930645227201
TRD	Pbre1_10G190400	old	0.929975	0.948582159612723
TD	Pbre1_02G045000	old	1.076967	1.0544782940282196
TRD	Pbre1_01G165000	old	1.99234	1.5812741085296165
TRD	Pbre1_10G068600	old	0.0	0.0
TRD	Pbre1_13G447200	old	0.0	0.0
TD	Pbre1_05G023200	old	0.0	0.0
TD	Pbre1_14G432000	old	9.789373	3.4315391231911754
TRD	Pbre1_04G358800	old	0.0	0.0
TD	Pbre1_11G355200	old	0.156312	0.20953072320254698
TD	Pbre1_13G054400	old	0.017541	0.025086926486587297
TRD	Pbre1_08G072000	old	0.0	0.0
TRD	Pbre1_14G118800	old	5.125733	2.614882486105893
PD	Pbre1_02G173000	old	0.15268	0.20499205636426518
TRD	Pbre1_08G010800	old	0.0	0.0
TD	Pbre1_01G324800	old	0.677695	0.7464804619145675
TD	Pbre1_04G236000	old	0.0	0.0
TRD	Pbre1_14G119000	old	18.246717	4.2665404746300615
PD	Pbre1_17G449800	old	0.0	0.0
TRD	Pbre1_07G477800	old	0.904151	0.9291478895246733
PD	Pbre1_08G056400	old	5.336908	2.663779070461976
PD	Pbre1_11G029200	old	37.601082	5.270569382125704
PD	Pbre1_05G436400	old	0.0	0.0
TD	Pbre1_08G058000	old	1.506957	1.325937250891125
TD	Pbre1_03G370600	old	0.0	0.0
TRD	Pbre1_17G181000	old	1.235298	1.1604671779245623
TD	Pbre1_04G288000	old	0.069347	0.09673007938797756
TRD	Pbre1_08G246600	old	0.0	0.0
TD	Pbre1_08G109000	old	0.0	0.0
TD	Pbre1_14G333800	old	1.014483	1.0104096307934463
TD	Pbre1_10G569800	old	0.050774	0.07145240846282018
TRD	Pbre1_07G217600	old	0.390132	0.4752218805773416
PD	Pbre1_05G371200	old	1.1706	1.11809388938682
TRD	Pbre1_03G212800	old	0.0	0.0
TRD	Pbre1_05G032000	old	55.205408	5.812637045963744
TRD	Pbre1_15G570800	old	0.0	0.0
TRD	Pbre1_11G423400	old	0.0	0.0
TRD	Pbre1_08G237600	old	0.745034	0.8032551459784975
PD	Pbre1_01G145600	old	5.423022	2.6832522379417827
PD	Pbre1_11G283800	old	2.055086	1.6112129921642024
TRD	Pbre1_08G230800	old	1.486784	1.314281201699548
TRD	Pbre1_03G384200	old	0.0	0.0
PD	Pbre1_14G213600	old	0.807627	0.8540970113997072
TRD	Pbre1_04G078600	old	0.0	0.0
TRD	Pbre1_10G153200	old	28.10814	4.863350749583053
TRD	Pbre1_05G214000	old	0.0	0.0
TD	Pbre1_07G114800	old	0.812809	0.858226928794862
TD	Pbre1_13G245000	old	57.469532	5.869613138675994
TRD	Pbre1_11G391600	old	0.412108	0.49785043216854064
TRD	Pbre1_13G096400	old	0.0	0.0
TRD	Pbre1_10G098000	old	0.0	0.0
TD	Pbre1_11G409000	old	5.620371	2.7269120667096374
TRD	Pbre1_10G081000	old	0.0	0.0
TRD	Pbre1_05G088000	old	2.240488	1.6962110915559938
TD	Pbre1_03G150200	old	0.718588	0.7812237265505552
TRD	Pbre1_07G000200	old	0.0	0.0
TRD	Pbre1_09G282000	old	3.622784	2.208761954092564
TD	Pbre1_12G324800	old	0.0	0.0
TRD	Pbre1_10G266800	old	0.944984	0.959758287234296
TRD	Pbre1_13G345600	old	5.162699	2.6235623283753795
TRD	Pbre1_17G149000	old	0.029768	0.04231934425304936
TRD	Pbre1_17G265200	old	0.0	0.0
TD	Pbre1_05G032800	old	4.932875	2.56873138691389
TRD	Pbre1_17G488400	old	0.179939	0.23871227766147043
PD	Pbre1_02G411800	old	2.412656	1.7708949962983649
TD	Pbre1_14G052400	old	0.0	0.0
TRD	Pbre1_12G294400	old	8.916849	3.3098817885340996
TRD	Pbre1_05G430600	old	0.065695	0.09179460043459611
TRD	Pbre1_08G351200	old	0.0	0.0
TD	Pbre1_04G235800	old	18.116459	4.256743408151118
TRD	Pbre1_06G100000	old	0.0	0.0
PD	Pbre1_02G038200	old	22.678702	4.565518093527875
TD	Pbre1_06G170400	old	10.226662	3.488857132875302
TRD	Pbre1_12G140600	old	0.426947	0.5129317508913569
TRD	Pbre1_03G333800	old	0.034739	0.04926691179139559
PD	Pbre1_01G426200	old	0.98474	0.988950027379031
TRD	Pbre1_15G339000	old	2.584377	1.8417223861193681
TRD	Pbre1_04G272000	old	0.0	0.0
TRD	Pbre1_17G450400	old	6.678311	2.940788995854442
TRD	Pbre1_04G286600	old	0.0	0.0
PD	Pbre1_09G137400	old	2.070222	1.618342977002471
TD	Pbre1_10G460200	old	1.702493	1.4342908810946655
TRD	Pbre1_11G393800	old	12.764649	3.7828959164143168
TD	Pbre1_05G037200	old	5.231619	2.639607029995619
PD	Pbre1_11G345000	old	0.060351	0.08454190831445446
TRD	Pbre1_11G055800	old	0.472666	0.558430264873178
TD	Pbre1_15G412200	old	0.0	0.0
PD	Pbre1_02G376400	old	0.179945	0.2387196137595543
TRD	Pbre1_10G543200	old	1.755423	1.462273811775645
TRD	Pbre1_10G315000	old	0.0	0.0
PD	Pbre1_02G395600	old	0.635727	0.7099319850698484
PD	Pbre1_09G460400	old	2.148543	1.6546843705315128
TRD	Pbre1_05G022600	old	0.242111	0.31279410431039795
TD	Pbre1_11G408600	old	126.994807	6.999941468224015
TD	Pbre1_09G156000	old	0.603492	0.6812171560314351
PD	Pbre1_08G146000	old	0.0	0.0
TRD	Pbre1_06G143800	old	3.564877	2.190575987508356
TRD	Pbre1_07G367600	old	2.515451	1.813709785663416
TD	Pbre1_02G477400	old	48.790922	5.637810825545633
TD	Pbre1_07G042400	old	0.0	0.0
TD	Pbre1_02G217200	old	0.0	0.0
TD	Pbre1_02G470600	old	0.0	0.0
TRD	Pbre1_01G045000	old	0.0	0.0
TRD	Pbre1_07G280200	old	0.0	0.0
TD	Pbre1_04G247800	old	0.0	0.0
PD	Pbre1_07G159400	old	0.0	0.0
TRD	Pbre1_07G228400	old	0.215371	0.2813967732212705
TRD	Pbre1_16G253800	old	0.0	0.0
TD	Pbre1_03G338000	old	0.0	0.0
TRD	Pbre1_06G269600	old	48.2816	5.622977190907872
TD	Pbre1_10G059800	old	55.806503	5.8279841885051855
TD	Pbre1_10G462000	old	5.333082	2.662907759372667
TRD	Pbre1_15G609800	old	0.0	0.0
TRD	Pbre1_16G421600	old	0.590872	0.6698177625111885
TRD	Pbre1_10G245800	old	0.0	0.0
TRD	Pbre1_08G260400	old	0.0	0.0
TRD	Pbre1_04G162600	old	5.57986	2.718056887994795
TD	Pbre1_01G368400	old	0.687773	0.7551208792840876
PD	Pbre1_14G311400	old	1.186579	1.1286754732072815
PD	Pbre1_15G488800	old	4.507553	2.4614114732614754
TRD	Pbre1_07G102000	old	10.774295	3.5575687742198365
PD	Pbre1_09G392600	old	0.154773	0.20760928111268254
TRD	Pbre1_09G374400	old	8.379878	3.229569158354765
TRD	Pbre1_16G035200	old	0.981804	0.9868142873425582
TRD	Pbre1_07G245800	old	0.057203	0.08025242399959455
TD	Pbre1_17G033200	old	57.921608	5.880724897663883
TD	Pbre1_15G063800	old	14.229629	3.9288088924985525
TRD	Pbre1_03G227600	old	0.0	0.0
TRD	Pbre1_11G457800	old	0.0	0.0
PD	Pbre1_06G030000	old	0.443893	0.5299638349612444
TRD	Pbre1_04G014200	old	50.977669	5.699820030783926
TRD	Pbre1_13G252000	old	6.914057	2.9844174561775825
TRD	Pbre1_14G300600	old	0.0	0.0
TRD	Pbre1_10G315200	old	1.923326	1.5476107228689537
TRD	Pbre1_15G376400	old	3.419827	2.1439899010360195
TRD	Pbre1_03G481000	old	28.789724	4.896742852053998
TRD	Pbre1_06G402200	old	1.844472	1.5081608797108375
TD	Pbre1_03G062400	old	6.060114	2.8196914789506797
TRD	Pbre1_04G128800	old	0.123438	0.16792050764137953
TRD	Pbre1_13G378800	old	0.276547	0.3522466559735088
TD	Pbre1_11G163400	old	0.148555	0.19981994363562236
TRD	Pbre1_16G446800	old	1.034306	1.0245367054876067
TRD	Pbre1_05G196600	old	0.0	0.0
TRD	Pbre1_15G628800	old	0.0	0.0
TD	Pbre1_02G507600	old	3.354314	2.1224454474684173
TRD	Pbre1_03G059000	old	1.373103	1.2467747193116199
TRD	Pbre1_06G139600	old	0.0	0.0
TRD	Pbre1_01G117400	old	0.309943	0.38950403664330996
PD	Pbre1_12G283600	old	0.0	0.0
PD	Pbre1_07G147000	old	0.197264	0.25974130557807595
TD	Pbre1_11G449800	old	0.0	0.0
TRD	Pbre1_02G141000	old	0.157061	0.2104649250138276
TRD	Pbre1_11G033600	old	2.165526	1.6624452451639435
PD	Pbre1_02G488400	old	0.534953	0.6181944811947866
TRD	Pbre1_12G142400	old	15.730923	4.064445132062281
TD	Pbre1_14G427000	old	0.047099	0.06639785111009364
TD	Pbre1_06G233000	old	28.872527	4.900747379277426
PD	Pbre1_03G057600	old	9.716952	3.4218227432439994
TD	Pbre1_09G341600	old	1.630758	1.3954785429707308
TD	Pbre1_05G441200	old	0.0	0.0
PD	Pbre1_10G175000	old	4.772959	2.5293109792506483
PD	Pbre1_08G076800	old	5.622137	2.7272968577865715
TD	Pbre1_17G019400	old	0.0	0.0
PD	Pbre1_13G437200	old	0.0	0.0
TD	Pbre1_06G216400	old	176.634123	7.472764935619249
PD	Pbre1_13G195800	old	0.0	0.0
TRD	Pbre1_03G424000	old	1.540772	1.3452669187885145
PD	Pbre1_02G151200	old	33.463655	5.107003807789491
TRD	Pbre1_16G310600	old	0.303103	0.3819511220613231
PD	Pbre1_07G061000	old	11.993058	3.6996691132194264
TRD	Pbre1_09G064800	old	14.470491	3.951447080428286
TD	Pbre1_07G061200	old	0.083192	0.11528898892681429
TD	Pbre1_05G390000	old	1.788449	1.479462884706384
PD	Pbre1_06G311000	old	13.645909	3.87242583191447
TD	Pbre1_11G093200	old	95.000611	6.584971682844748
PD	Pbre1_01G193200	old	0.057658	0.08087319884364587
TRD	Pbre1_15G498400	old	0.0	0.0
TRD	Pbre1_02G467200	old	2.357089	1.7472107849224503
TRD	Pbre1_12G401000	old	0.0	0.0
TRD	Pbre1_03G112200	old	0.0	0.0
TD	Pbre1_01G110600	old	0.0	0.0
TD	Pbre1_11G181200	old	0.0	0.0
PD	Pbre1_05G449800	old	0.07786	0.10816980293061369
PD	Pbre1_02G436800	old	1.386538	1.2549193080955818
TRD	Pbre1_13G133600	old	0.0	0.0
PD	Pbre1_01G236200	old	3.257818	2.0901142832544775
PD	Pbre1_14G080800	old	0.0	0.0
PD	Pbre1_09G398800	old	5.357211	2.668393973219946
TD	Pbre1_06G317400	old	0.0	0.0
TRD	Pbre1_09G325800	old	0.067194	0.09382246050828143
TRD	Pbre1_05G367200	old	0.1092	0.1495195214900292
TRD	Pbre1_09G473200	old	2.222177	1.6880357460644997
PD	Pbre1_16G241800	old	1.101925	1.0717111925834144
TRD	Pbre1_14G364200	old	0.196307	0.2585876659093967
TRD	Pbre1_13G163600	old	0.148045	0.1991791925401351
TRD	Pbre1_15G163400	old	78.292524	6.309112944466518
TD	Pbre1_09G100800	old	0.423723	0.5096684824001413
TD	Pbre1_10G310000	old	0.0	0.0
PD	Pbre1_10G461600	old	0.149573	0.20109808275379695
TD	Pbre1_02G363200	old	78.313466	6.30949392528221
TD	Pbre1_03G046600	old	43.462148	5.474505742624539
PD	Pbre1_04G229200	old	0.0	0.0
TRD	Pbre1_09G171200	old	0.334202	0.41597710905332297
PD	Pbre1_10G483000	old	0.0	0.0
TRD	Pbre1_09G395000	old	0.0	0.0
TD	Pbre1_15G234000	old	2.77656	1.9170727078460195
TRD	Pbre1_13G027600	old	0.076445	0.10627460816810276
TRD	Pbre1_02G163800	old	0.05496	0.07718829855743663
PD	Pbre1_15G415600	old	6.073558	2.8224360732754032
TRD	Pbre1_02G144200	old	29.690348	4.939713099604363
TD	Pbre1_04G035000	old	26.920072	4.8032307568471415
TRD	Pbre1_09G463600	old	0.0	0.0
PD	Pbre1_08G374000	old	0.0	0.0
TRD	Pbre1_09G349000	old	0.44713	0.5331945292856428
TRD	Pbre1_09G286400	old	0.0	0.0
PD	Pbre1_14G364600	old	28.520489	4.8836447143897335
TD	Pbre1_15G493800	old	2.629815	1.8598960205670507
TD	Pbre1_10G195600	old	223.328205	7.809467213031939
PD	Pbre1_07G162200	old	0.0	0.0
PD	Pbre1_01G243200	old	0.801452	0.8491602114180282
PD	Pbre1_10G091800	old	3.108931	2.038763103979982
TD	Pbre1_09G122200	old	258.599265	8.02014248843398
TRD	Pbre1_16G420000	old	0.0	0.0
PD	Pbre1_14G364800	old	0.361928	0.44565043551693706
PD	Pbre1_14G116800	old	0.0	0.0
TD	Pbre1_17G084000	old	1.13773	1.0960796490083078
TD	Pbre1_13G236800	old	8.982048	3.319335841246284
TRD	Pbre1_17G300200	old	0.0	0.0
TD	Pbre1_07G107600	old	3.77715	2.2561501773866555
PD	Pbre1_11G334600	old	0.0	0.0
TRD	Pbre1_07G165400	old	0.0	0.0
TRD	Pbre1_06G283400	old	0.0	0.0
PD	Pbre1_03G408200	old	8.033645	3.175308220527407
TD	Pbre1_12G070200	old	0.0	0.0
TRD	Pbre1_08G319200	old	0.0	0.0
TRD	Pbre1_01G111400	old	0.0	0.0
PD	Pbre1_09G024000	old	0.8477	0.8857305340014651
TD	Pbre1_12G084600	old	38.57097	5.306370525298751
TRD	Pbre1_03G307000	old	1.44926	1.2923459306191674
TRD	Pbre1_03G162400	old	1.938064	1.5548658225371361
TRD	Pbre1_11G469400	old	0.0	0.0
TRD	Pbre1_10G371800	old	0.716535	0.7794992740220207
TRD	Pbre1_10G270400	old	0.063225	0.08844693274401845
TRD	Pbre1_03G302400	old	0.0	0.0
TD	Pbre1_14G373000	old	4.459392	2.448740290444282
TD	Pbre1_05G278400	old	0.094661	0.13048415810004996
TRD	Pbre1_15G694400	old	9.036435	3.3271750015105814
TD	Pbre1_10G328000	old	0.0	0.0
TD	Pbre1_12G082800	old	44.569184	5.509986631573298
TD	Pbre1_17G360200	old	0.979154	0.9848838743319833
TD	Pbre1_10G567400	old	0.161486	0.2159717646914482
TD	Pbre1_16G319800	old	0.403185	0.4887052306167201
TD	Pbre1_10G031800	old	0.043125	0.06091204958787415
PD	Pbre1_11G224200	old	4.652908	2.4989932175976435
TD	Pbre1_15G412400	old	0.0	0.0
TD	Pbre1_08G384600	old	10.859447	3.5679648342014585
TRD	Pbre1_11G420200	old	0.0	0.0
TRD	Pbre1_13G010600	old	10.271967	3.494667387995488
PD	Pbre1_10G348600	old	0.0	0.0
TRD	Pbre1_01G029400	old	12.205134	3.7230270363132014
TD	Pbre1_08G030200	old	18.888778	4.313882732170186
TRD	Pbre1_12G226800	old	0.0	0.0
TD	Pbre1_11G117600	old	5.613065	2.725319081933857
TD	Pbre1_06G076000	old	0.0	0.0
TRD	Pbre1_16G492600	old	0.0	0.0
TRD	Pbre1_04G209600	old	1.0878	1.0619835161089572
TD	Pbre1_12G434000	old	0.0	0.0
TRD	Pbre1_14G165000	old	0.0	0.0
PD	Pbre1_05G038200	old	0.0	0.0
PD	Pbre1_10G086600	old	0.218615	0.2852424037908748
PD	Pbre1_05G307000	old	0.329838	0.41125050825906057
TRD	Pbre1_15G338200	old	0.311043	0.3907150043006368
PD	Pbre1_11G047000	old	11.549832	3.6495961463630797
TD	Pbre1_01G310800	old	2.882295	1.95690974681691
TRD	Pbre1_06G328400	old	0.747635	0.8054039041316652
TRD	Pbre1_09G144800	old	0.0	0.0
TRD	Pbre1_11G329800	old	0.0	0.0
PD	Pbre1_07G420600	old	0.0	0.0
TD	Pbre1_13G351600	old	0.0	0.0
TD	Pbre1_10G374000	old	0.043011	0.06075437316138489
PD	Pbre1_17G454400	old	0.0	0.0
PD	Pbre1_13G270200	old	76.790334	6.281518996157731
TRD	Pbre1_10G324200	old	0.0	0.0
TRD	Pbre1_14G381200	old	5.947924	2.796581973187226
TRD	Pbre1_07G208600	old	0.0	0.0
TRD	Pbre1_11G522000	old	20.905451	4.453218012755959
PD	Pbre1_05G116400	old	0.122226	0.16636324301111285
TRD	Pbre1_03G161800	old	0.0	0.0
TRD	Pbre1_06G328600	old	1.66084	1.411881761714322
PD	Pbre1_08G031800	old	193.557867	7.604055507029312
TRD	Pbre1_08G212400	old	0.0	0.0
TRD	Pbre1_06G116400	old	0.0	0.0
PD	Pbre1_05G029000	old	1.244241	1.1662276094742003
TRD	Pbre1_02G470400	old	1.159864	1.1109404731745343
TD	Pbre1_10G503200	old	0.0	0.0
TRD	Pbre1_06G024200	old	0.0	0.0
TD	Pbre1_14G260400	old	0.0	0.0
TRD	Pbre1_01G047400	old	26.789809	4.7964840137835285
TRD	Pbre1_11G244600	old	3.328776	2.1139591477319843
TD	Pbre1_04G180400	old	0.140781	0.19002185863878834
TRD	Pbre1_06G074600	old	0.0	0.0
TD	Pbre1_01G337000	old	0.311838	0.39158957130739797
TD	Pbre1_01G152000	old	0.023326	0.033265816306017035
TD	Pbre1_01G128200	old	0.16733	0.2232124634126769
TD	Pbre1_12G304200	old	22.853556	4.576132448797353
PD	Pbre1_06G105600	old	0.065022	0.09088323229438142
PD	Pbre1_03G049000	old	0.0	0.0
TRD	Pbre1_06G379600	old	6.379609	2.8835443787918162
TRD	Pbre1_15G436600	old	1.842363	1.5070908138549706
PD	Pbre1_05G422000	old	5.079344	2.603915656069072
TD	Pbre1_14G244800	old	0.014781	0.02116841282510388
TRD	Pbre1_10G211000	old	0.172726	0.2298659761821966
TRD	Pbre1_04G300800	old	0.0	0.0
TRD	Pbre1_17G166600	old	10.519809	3.5260448917858893
PD	Pbre1_01G269200	old	2.378801	1.7565113831245398
TD	Pbre1_10G382400	old	0.288163	0.3653151589904859
TRD	Pbre1_10G038200	old	0.0	0.0
TRD	Pbre1_03G050200	old	6.635405	2.932704683020186
PD	Pbre1_14G310400	old	0.0	0.0
TRD	Pbre1_03G334600	old	13.070273	3.8145784157805873
TRD	Pbre1_07G386800	old	0.026196	0.0373063071851255
TRD	Pbre1_03G450200	old	0.361192	0.44487057743066105
PD	Pbre1_05G462200	old	0.015317	0.021930232756836428
TD	Pbre1_15G148000	old	0.015298	0.021903234821947073
TD	Pbre1_15G013000	old	0.0	0.0
PD	Pbre1_03G235600	old	8.864128	3.3021915207228174
TD	Pbre1_07G269400	old	0.0	0.0
TD	Pbre1_14G304000	old	19.995561	4.392012432291296
TRD	Pbre1_09G286600	old	0.0	0.0
TRD	Pbre1_14G172600	old	9.240053	3.3561512772798934
PD	Pbre1_12G205800	old	1.99272	1.5814573060635677
TRD	Pbre1_02G275400	old	0.248839	0.32058749706333606
TD	Pbre1_03G018400	old	0.0	0.0
PD	Pbre1_01G304800	old	0.055322	0.0776832614201486
TRD	Pbre1_12G111800	old	0.0	0.0
TD	Pbre1_13G017000	old	0.346524	0.42923994418968514
TD	Pbre1_07G446400	old	12.749208	3.7812766118969545
TD	Pbre1_15G752400	old	0.0	0.0
PD	Pbre1_05G268000	old	39.540993	5.341309521102896
PD	Pbre1_04G304800	old	0.0	0.0
TRD	Pbre1_07G417800	old	0.0	0.0
PD	Pbre1_01G130200	old	0.482913	0.5684339597950072
TRD	Pbre1_12G363200	old	0.097114	0.13371344250460057
TRD	Pbre1_05G237000	old	3.951483	2.307860686063833
TRD	Pbre1_01G051800	old	0.509491	0.5940621551330382
TRD	Pbre1_13G346200	old	0.0	0.0
PD	Pbre1_17G488000	old	0.0	0.0
PD	Pbre1_15G241200	old	2.86257	1.9495610787096376
TRD	Pbre1_07G303600	old	4.197948	2.377942201236552
TRD	Pbre1_14G127600	old	0.433374	0.5194150907908275
TRD	Pbre1_09G368800	old	86.46151	6.450576351272482
PD	Pbre1_02G092400	old	138.531857	7.1244507361222515
TD	Pbre1_10G060800	old	1.665655	1.4144900730012178
TRD	Pbre1_07G078800	old	3.264368	2.092331942990728
PD	Pbre1_04G351800	old	0.0	0.0
TRD	Pbre1_03G315800	old	0.109008	0.1492697726400184
TD	Pbre1_15G153400	old	1.712936	1.4398550138668482
TD	Pbre1_17G151800	old	0.0	0.0
PD	Pbre1_13G270400	old	24.4782	4.671191451649416
TD	Pbre1_08G388600	old	46.989125	5.584635603093185
TRD	Pbre1_03G438200	old	0.578144	0.6582288521241627
TRD	Pbre1_13G019400	old	0.0	0.0
PD	Pbre1_01G138600	old	41.142683	5.397210260669944
TD	Pbre1_10G037000	old	0.0	0.0
TRD	Pbre1_03G418000	old	27.508304	4.83331030871356
TRD	Pbre1_05G360000	old	0.0	0.0
TD	Pbre1_10G118400	old	9.150441	3.3434705035482493
PD	Pbre1_02G401400	old	2.713589	1.8928141544029193
TRD	Pbre1_08G274600	old	0.056108	0.07875737550824899
TD	Pbre1_02G126600	old	2.792097	1.9229958681468087
TD	Pbre1_09G306000	old	13.935424	3.900666289617718
TRD	Pbre1_05G132200	old	3.523338	2.177387803332712
TRD	Pbre1_15G710000	old	3.670388	2.2235424091262654
PD	Pbre1_05G212000	old	4.852504	2.5490540153737156
TD	Pbre1_03G462800	old	11.884642	3.687580547335198
PD	Pbre1_12G388000	old	11.316206	3.622485998000867
TRD	Pbre1_10G350400	old	0.182356	0.24166448738177834
TRD	Pbre1_03G431400	old	0.0	0.0
PD	Pbre1_05G249200	old	5.454215	2.6902416370543953
TD	Pbre1_07G412400	old	0.17486	0.23248885096953387
TD	Pbre1_12G008400	old	12.772544	3.783723166865
PD	Pbre1_09G064400	old	0.223715	0.2912675972765459
TRD	Pbre1_01G039600	old	0.282383	0.3588272055440737
TRD	Pbre1_04G052600	old	154.250925	7.278458053962429
TRD	Pbre1_11G185000	old	0.160207	0.2143822288277842
TRD	Pbre1_03G063800	old	0.0	0.0
TD	Pbre1_17G110600	old	0.0	0.0
TRD	Pbre1_04G338600	old	1.131107	1.0916030307057862
PD	Pbre1_06G171000	old	11.026709	3.588170010973129
TD	Pbre1_14G121400	old	0.0	0.0
TRD	Pbre1_13G456000	old	7.43727	3.07677626971666
TD	Pbre1_04G319400	old	0.0	0.0
TRD	Pbre1_03G336800	old	15.68892	4.060818690626907
PD	Pbre1_02G421400	old	28.126042	4.8642377587776044
TRD	Pbre1_17G295400	old	0.0	0.0
PD	Pbre1_03G048600	old	0.0	0.0
TD	Pbre1_15G206000	old	3.796604	2.2620133378469576
TD	Pbre1_07G412600	old	1.17203	1.1190440297317443
TD	Pbre1_06G007400	old	0.0	0.0
TD	Pbre1_07G494400	old	0.0	0.0
PD	Pbre1_02G431800	old	1.986322	1.5783697323704267
TRD	Pbre1_14G152000	old	0.0	0.0
TRD	Pbre1_05G307600	old	0.0	0.0
TD	Pbre1_09G191600	old	0.0	0.0
TD	Pbre1_17G099600	old	2.257171	1.703619462557285
TD	Pbre1_17G075200	old	0.0	0.0
PD	Pbre1_15G234600	old	0.0	0.0
TRD	Pbre1_16G395400	old	2.529375	1.8194127262065647
PD	Pbre1_02G279400	old	32.446789	5.063795809008616
PD	Pbre1_04G043600	old	0.807767	0.8542087432363067
PD	Pbre1_03G270600	old	2.153904	1.6571387473726373
TD	Pbre1_17G454200	old	0.046522	0.06560264026756882
PD	Pbre1_17G261200	old	0.535381	0.6185967002898428
TD	Pbre1_09G020800	old	0.440996	0.5270663308019228
TD	Pbre1_10G453800	old	97.861836	6.627341794441106
TD	Pbre1_05G462800	old	0.0	0.0
PD	Pbre1_01G195200	old	4.174743	2.37148721394869
TD	Pbre1_09G202600	old	0.0	0.0
TD	Pbre1_08G387800	old	0.329509	0.41089354343207557
TRD	Pbre1_17G132000	old	0.0	0.0
TRD	Pbre1_03G208800	old	0.0	0.0
TD	Pbre1_04G053400	old	4.203127	2.3793789216206007
TRD	Pbre1_14G147000	old	11.34968	3.6264017546411016
PD	Pbre1_11G019800	old	0.0	0.0
TRD	Pbre1_12G194200	old	0.130572	0.1770528724390982
TD	Pbre1_11G392200	old	0.0	0.0
TD	Pbre1_11G130400	old	3.378695	2.130500961708335
TRD	Pbre1_14G203600	old	5.210377	2.6346808496891576
TRD	Pbre1_10G224200	old	5.458417	2.691180594313582
TRD	Pbre1_09G364600	old	0.0	0.0
PD	Pbre1_08G152800	old	11.061084	3.592287671374501
PD	Pbre1_02G038400	old	0.0	0.0
TRD	Pbre1_17G230200	old	0.185495	0.24548957805364804
PD	Pbre1_10G443600	old	29.863065	4.9478094374417125
TRD	Pbre1_17G148200	old	0.0	0.0
TD	Pbre1_14G057200	old	22.482247	4.553498560432951
TRD	Pbre1_01G377200	old	0.975141	0.981955647082039
TRD	Pbre1_12G254400	old	3.555833	2.1877148641470834
TD	Pbre1_03G377600	old	2.291063	1.7185536438787403
TRD	Pbre1_17G321800	old	37.510469	5.267178788000293
TD	Pbre1_15G680600	old	0.281621	0.3579696923315179
TRD	Pbre1_05G355200	old	7.854124	3.1463495781943482
TRD	Pbre1_05G255000	old	8.760723	3.2869880156039737
TRD	Pbre1_14G039600	old	0.118435	0.16148141383774053
PD	Pbre1_06G035800	old	0.0	0.0
TRD	Pbre1_05G127600	old	13.9638	3.9034046835486955
TRD	Pbre1_09G044800	old	16.287728	4.111676373438851
PD	Pbre1_06G267000	old	0.0	0.0
TD	Pbre1_10G534800	old	0.120399	0.16401260086378883
PD	Pbre1_06G028200	old	0.0	0.0
PD	Pbre1_03G156400	old	1.750436	1.4596603332479736
TRD	Pbre1_07G147800	old	0.337509	0.4195485993356036
TRD	Pbre1_16G478400	old	0.0	0.0
TD	Pbre1_08G385200	old	10.183237	3.4832659331501574
TD	Pbre1_06G222600	old	6.246329	2.8572503089506354
PD	Pbre1_05G243000	old	10.14785	3.4786935903756975
TD	Pbre1_10G296200	old	0.0	0.0
TRD	Pbre1_04G095600	old	8.217477	3.2043719114246163
PD	Pbre1_11G096400	old	8.81267	3.294645743136972
TRD	Pbre1_03G246600	old	8.134183	3.1912756938708284
TRD	Pbre1_10G103200	old	0.248465	0.3201553767052807
TRD	Pbre1_09G362200	old	0.0	0.0
TRD	Pbre1_16G443200	old	0.0	0.0
PD	Pbre1_07G277400	old	1.156893	1.1089546084880308
PD	Pbre1_09G239200	old	0.0	0.0
TRD	Pbre1_06G142600	old	134.654514	7.083793244892198
TD	Pbre1_05G481200	old	243.738579	7.935097726194031
PD	Pbre1_13G464400	old	0.0	0.0
TRD	Pbre1_07G257600	old	0.0	0.0
TD	Pbre1_15G403200	old	0.168802	0.2250305519292825
TD	Pbre1_12G227000	old	0.0	0.0
TD	Pbre1_02G213600	old	25.669117	4.737098153716587
TD	Pbre1_01G415600	old	9.601014	3.4061303618272976
TD	Pbre1_02G495200	old	0.0	0.0
TRD	Pbre1_16G399600	old	0.055436	0.07783909855052658
TRD	Pbre1_09G215600	old	3.923531	2.299693341798064
TD	Pbre1_04G218000	old	0.055462	0.0778746379949382
TD	Pbre1_04G222400	old	0.0	0.0
TRD	Pbre1_03G020200	old	7.713198	3.1232023275437992
TRD	Pbre1_05G106600	old	0.030886	0.04388480183493634
TRD	Pbre1_14G163600	old	0.0	0.0
TRD	Pbre1_07G438400	old	0.045605	0.0643379451154914
TRD	Pbre1_06G167000	old	6.804512	2.964308426285128
TD	Pbre1_13G139400	old	8.813884	3.294824218867543
TRD	Pbre1_08G190400	old	1.41531	1.2722083678438965
TRD	Pbre1_02G323400	old	0.0	0.0
TRD	Pbre1_02G381600	old	0.0	0.0
TRD	Pbre1_09G395200	old	1.71322	1.440006032522407
TRD	Pbre1_09G144200	old	0.387047	0.4720166741201288
TRD	Pbre1_06G030200	old	0.0	0.0
TRD	Pbre1_05G372400	old	0.0	0.0
TD	Pbre1_09G061200	old	10.064477	3.467863353767923
TD	Pbre1_02G237200	old	58.71081	5.8999202344445285
PD	Pbre1_07G421400	old	0.316012	0.39617264428710536
TD	Pbre1_15G673400	old	8.480165	3.244912169103511
TRD	Pbre1_13G446800	old	41.496611	5.409275889350809
TRD	Pbre1_15G600000	old	0.0	0.0
TRD	Pbre1_02G499400	old	0.046203	0.06516281208029333
TRD	Pbre1_03G160800	old	3.199845	2.070336084591941
PD	Pbre1_05G239600	old	0.0	0.0
PD	Pbre1_03G197600	old	0.008409	0.01208089934779106
TD	Pbre1_11G500000	old	0.08164	0.1132204098527235
TRD	Pbre1_02G081800	old	0.491784	0.5770386584563496
TRD	Pbre1_01G412400	old	0.0	0.0
PD	Pbre1_16G319400	old	0.0	0.0
TD	Pbre1_05G492200	old	7.157756	3.028172356498617
TD	Pbre1_01G409600	old	62.766958	5.994737154021364
PD	Pbre1_17G214800	old	0.169746	0.2261952953449172
TRD	Pbre1_02G330200	old	0.0	0.0
TRD	Pbre1_10G451400	old	0.390382	0.4754813101369082
TD	Pbre1_07G344400	old	3.134359	2.0476636681616074
PD	Pbre1_02G418000	old	0.0	0.0
PD	Pbre1_08G377000	old	0.03923	0.055514983537495614
TRD	Pbre1_13G374600	old	0.051688	0.07270676963599779
TRD	Pbre1_03G252400	old	0.370986	0.4552138389262579
TRD	Pbre1_05G338800	old	0.211656	0.2769801628887707
PD	Pbre1_04G198600	old	0.105145	0.1442356701207273
TRD	Pbre1_02G373200	old	0.0	0.0
PD	Pbre1_15G556800	old	0.0	0.0
TRD	Pbre1_14G384400	old	2.245457	1.6984216416179239
TRD	Pbre1_14G190000	old	0.0	0.0
TRD	Pbre1_06G131200	old	0.572082	0.6526764707186579
TD	Pbre1_09G068800	old	0.0	0.0
TD	Pbre1_07G412200	old	0.485012	0.5704745891206824
TRD	Pbre1_08G233000	old	1.042354	1.0302329493601987
TRD	Pbre1_01G205600	old	2.490915	1.803605229256348
TD	Pbre1_10G209600	old	85.597647	6.436255919983126
TRD	Pbre1_04G345800	old	6.053033	2.818243789864504
TD	Pbre1_03G336000	old	0.017378	0.024855802503600217
PD	Pbre1_15G209800	old	0.243154	0.3140050262973797
TRD	Pbre1_17G414600	old	11.218648	3.6110127538897863
TRD	Pbre1_12G167000	old	6.869476	2.976267575075888
TD	Pbre1_12G187600	old	0.0	0.0
TD	Pbre1_11G120400	old	1.270904	1.183266718968039
TRD	Pbre1_01G366000	old	0.103964	0.1426931269455297
TRD	Pbre1_10G282400	old	5.727025	2.749968619743372
TRD	Pbre1_04G184000	old	0.03729	0.0528192915204397
PD	Pbre1_02G122000	old	0.825608	0.8683770187895383
TD	Pbre1_09G097600	old	0.049757	0.07005540839833183
TD	Pbre1_07G068400	old	0.026044	0.03709259958112565
TD	Pbre1_08G205800	old	4.135243	2.3604325465727194
TD	Pbre1_09G137400	old	2.070222	1.618342977002471
TRD	Pbre1_17G008200	old	0.0	0.0
PD	Pbre1_09G481200	old	0.444246	0.5303164989791256
TRD	Pbre1_14G123200	old	23.718962	4.627546257672776
PD	Pbre1_04G120400	old	0.0	0.0
TRD	Pbre1_07G112600	old	0.319132	0.39958893624755226
TRD	Pbre1_02G470200	old	0.840289	0.8799323456991077
TRD	Pbre1_11G076600	old	5.619485	2.726718978837966
PD	Pbre1_02G127000	old	0.07067	0.0985138837056625
TRD	Pbre1_16G321400	old	0.0	0.0
TRD	Pbre1_16G454400	old	3.228454	2.0801302840964757
TRD	Pbre1_11G220400	old	0.0	0.0
TD	Pbre1_17G030000	old	15.473785	4.042100160174502
PD	Pbre1_08G376000	old	0.027955	0.039777110156475996
PD	Pbre1_07G158200	old	9.728554	3.4233837369083475
TD	Pbre1_02G045200	old	0.0	0.0
TRD	Pbre1_16G413400	old	0.0	0.0
TD	Pbre1_02G461200	old	0.0	0.0
PD	Pbre1_12G307400	old	0.134223	0.18170431696903416
PD	Pbre1_14G237200	old	2.747362	1.9058753505996946
TRD	Pbre1_08G240800	old	0.0	0.0
TRD	Pbre1_17G466000	old	0.0	0.0
TD	Pbre1_10G425000	old	0.114277	0.15610791925810033
TD	Pbre1_11G153400	old	149.775533	7.236258524989894
TRD	Pbre1_15G388000	old	4.587904	2.4823072355087183
PD	Pbre1_02G075000	old	3.9235	2.299684258136955
TRD	Pbre1_07G334600	old	0.0	0.0
TRD	Pbre1_11G241000	old	0.363877	0.44771354209563463
TRD	Pbre1_07G082400	old	5.092965	2.6071444530630083
PD	Pbre1_04G065600	old	1.097884	1.0689349080145896
TD	Pbre1_11G089000	old	11.577819	3.6528098747617754
TRD	Pbre1_12G386400	old	0.667697	0.7378571926757709
TRD	Pbre1_11G163000	old	3.99945	2.321769389703919
PD	Pbre1_13G193200	old	3.919506	2.2985134523263
TRD	Pbre1_15G362000	old	24.580278	4.676960038037405
TD	Pbre1_10G056200	old	11.678787	3.664344822005529
PD	Pbre1_07G333000	old	0.417741	0.5035939979199062
TRD	Pbre1_09G180800	old	39.486923	5.339384097463976
PD	Pbre1_10G212600	old	17.000878	4.169995371184192
TD	Pbre1_09G149400	old	0.0	0.0
TRD	Pbre1_01G125800	old	0.0	0.0
TRD	Pbre1_05G254200	old	0.0	0.0
TRD	Pbre1_04G224200	old	0.0	0.0
TRD	Pbre1_03G366800	old	0.0	0.0
PD	Pbre1_07G163400	old	0.0	0.0
PD	Pbre1_03G279200	old	7.596769	3.103794540800174
TD	Pbre1_02G448600	old	0.688619	0.7558438522268823
TD	Pbre1_10G025400	old	0.314352	0.39435169928799785
PD	Pbre1_01G196200	old	4.541279	2.470219007680945
TD	Pbre1_11G368800	old	0.71062	0.7745193127187686
TRD	Pbre1_07G371600	old	0.383705	0.4685363993320355
PD	Pbre1_15G488600	old	4.993598	2.583422323281663
TRD	Pbre1_06G185600	old	0.200997	0.2642325473045561
TRD	Pbre1_15G706000	old	0.0	0.0
TD	Pbre1_11G359000	old	0.416969	0.5028081957749944
TRD	Pbre1_03G291000	old	0.044016	0.06214382200719778
TRD	Pbre1_04G055200	old	0.0	0.0
TRD	Pbre1_03G457200	old	5.80048	2.765636580065893
TD	Pbre1_12G381600	old	4.667817	2.502793177900496
TRD	Pbre1_06G114600	old	0.0	0.0
TRD	Pbre1_10G415400	old	8.542059	3.2543006067523437
TRD	Pbre1_07G364400	old	5.985414	2.8043456214396634
TD	Pbre1_16G032200	old	1.682921	1.423804574320309
TRD	Pbre1_09G481800	old	3.709142	2.235464226482641
TD	Pbre1_07G062200	old	0.661361	0.7323655930603696
TRD	Pbre1_15G295800	old	0.0	0.0
TRD	Pbre1_15G682200	old	0.0	0.0
PD	Pbre1_08G031400	old	8.791302	3.291500715196505
PD	Pbre1_09G104200	old	0.0	0.0
TD	Pbre1_15G041800	old	0.0	0.0
TRD	Pbre1_05G058200	old	4.294297	2.404439129553457
TD	Pbre1_13G220800	old	0.0	0.0
TRD	Pbre1_10G211200	old	0.162663	0.21743298960283633
TD	Pbre1_02G462000	old	0.0	0.0
TD	Pbre1_17G462200	old	6.388108	2.8852049559150426
TD	Pbre1_10G463000	old	0.0	0.0
TD	Pbre1_10G236600	old	0.0	0.0
TRD	Pbre1_08G256400	old	0.519173	0.6032861700574912
TRD	Pbre1_05G464000	old	1.28261	1.1906843860060405
TD	Pbre1_10G101400	old	0.017804	0.02545976627332165
TD	Pbre1_10G562200	old	0.245241	0.31642498394582264
TRD	Pbre1_02G127800	old	0.0	0.0
TD	Pbre1_01G423000	old	12.513908	3.75637303357207
TD	Pbre1_10G153800	old	11.059458	3.5920931631300315
TRD	Pbre1_08G286400	old	0.0	0.0
PD	Pbre1_15G702400	old	0.359969	0.4435737661403263
TD	Pbre1_17G160800	old	14.8577	3.9871116326872555
TRD	Pbre1_15G215000	old	0.089916	0.12421695054968653
PD	Pbre1_01G426400	old	1.854932	1.5134563832654897
TD	Pbre1_13G402200	old	0.0	0.0
TRD	Pbre1_07G050000	old	11.137497	3.6013990339439284
TRD	Pbre1_12G146200	old	0.603981	0.6816570524112084
TD	Pbre1_02G173400	old	0.045132	0.06368516596059753
TRD	Pbre1_15G337200	old	0.0	0.0
TD	Pbre1_09G042800	old	0.587716	0.6669528759355973
PD	Pbre1_04G065200	old	0.038222	0.05411496397955715
TD	Pbre1_03G241800	old	0.065658	0.09174451045276921
TD	Pbre1_16G182400	old	0.565384	0.6465166040848394
TD	Pbre1_16G045200	old	0.057502	0.08066039184390418
TRD	Pbre1_16G054200	old	9.720809	3.4223418716019234
PD	Pbre1_11G490000	old	10.230621	3.489365799015017
TRD	Pbre1_09G109000	old	11.261841	3.6161036972581027
TRD	Pbre1_02G138400	old	0.0	0.0
PD	Pbre1_10G491000	old	41.134553	5.3969319147897155
TRD	Pbre1_04G091800	old	0.0	0.0
PD	Pbre1_12G425400	old	0.142007	0.19157149381313346
TD	Pbre1_10G506800	old	0.0	0.0
TD	Pbre1_07G236200	old	0.0	0.0
TRD	Pbre1_13G455200	old	0.0	0.0
TD	Pbre1_15G149600	old	0.09056	0.12506914578902648
PD	Pbre1_04G183200	old	0.0	0.0
TD	Pbre1_16G286200	old	0.514695	0.5990273209021477
PD	Pbre1_14G159800	old	17.801035	4.232740179570403
PD	Pbre1_11G360200	old	0.0	0.0
TRD	Pbre1_04G161800	old	1.252919	1.1717954447766206
TD	Pbre1_01G188200	old	11.430872	3.635855596905316
TD	Pbre1_13G486000	old	2.89929	1.9632114555827989
TD	Pbre1_09G324200	old	0.0	0.0
TRD	Pbre1_16G371600	old	0.0	0.0
TRD	Pbre1_14G320800	old	0.0	0.0
TRD	Pbre1_03G000400	old	0.060116	0.08422213598506013
TRD	Pbre1_14G308200	old	0.16328	0.2181983934507446
PD	Pbre1_07G061800	old	0.998092	0.9986230120032327
TRD	Pbre1_01G047200	old	28.942745	4.904134581359049
TD	Pbre1_03G046200	old	0.408572	0.49423330981728586
TRD	Pbre1_04G042800	old	2.369621	1.7525863326032416
PD	Pbre1_11G195200	old	1.771285	1.4705550857538616
PD	Pbre1_05G238800	old	0.093432	0.12886350267844868
TRD	Pbre1_16G313000	old	0.0	0.0
TRD	Pbre1_08G353200	old	0.0	0.0
TD	Pbre1_13G245400	old	1.684693	1.4247571225867555
PD	Pbre1_16G124800	old	0.0	0.0
TD	Pbre1_02G454600	old	0.0	0.0
TRD	Pbre1_03G478200	old	0.0	0.0
TRD	Pbre1_16G435000	old	0.06429	0.08989131301572985
TD	Pbre1_09G450200	old	2.728212	1.898483899330332
TD	Pbre1_01G260600	old	9.003547	3.322439728085581
TD	Pbre1_01G409800	old	105.145573	6.729900391972974
TD	Pbre1_09G256800	old	1.142398	1.099226518971543
TRD	Pbre1_06G017800	old	0.039904	0.05645035036966783
TRD	Pbre1_17G369600	old	0.0	0.0
TRD	Pbre1_10G571200	old	0.0	0.0
TRD	Pbre1_11G354600	old	1.594766	1.37560443998534
PD	Pbre1_10G072800	old	3.623405	2.208955744987762
TD	Pbre1_07G052200	old	2.320295	1.7313114271535162
TRD	Pbre1_01G269400	old	0.0	0.0
TD	Pbre1_02G131200	old	5.916933	2.7901324820062525
TRD	Pbre1_16G370000	old	0.0	0.0
TRD	Pbre1_14G131400	old	5.593012	2.7209377072242726
TRD	Pbre1_04G085000	old	0.0	0.0
TD	Pbre1_16G043200	old	1.602777	1.3800517102146008
PD	Pbre1_10G026800	old	0.066904	0.09343036833216496
TD	Pbre1_05G215000	old	3.618587	2.207451544305336
TRD	Pbre1_03G209200	old	0.0	0.0
TD	Pbre1_09G406200	old	0.0	0.0
TRD	Pbre1_07G037000	old	38.191796	5.292479782165918
TD	Pbre1_07G059800	old	0.047721	0.0672545894855188
TRD	Pbre1_09G408600	old	0.0	0.0
TRD	Pbre1_09G349200	old	0.119056	0.16228223372340367
TRD	Pbre1_17G315400	old	0.032716	0.04644356327915333
TD	Pbre1_07G404200	old	6.843506	2.9714986745161527
PD	Pbre1_11G061200	old	0.0	0.0
TD	Pbre1_09G450000	old	77.155902	6.288282918395387
PD	Pbre1_13G453600	old	0.0	0.0
TRD	Pbre1_10G380000	old	0.71658	0.7795370946466393
TD	Pbre1_10G487200	old	5.895066	2.7855643613718852
TD	Pbre1_09G202400	old	0.0	0.0
PD	Pbre1_01G236600	old	7.997787	3.1695702151409098
TD	Pbre1_13G170600	old	32.998943	5.08741798971027
TD	Pbre1_12G241000	old	0.0	0.0
TRD	Pbre1_14G438800	old	0.0	0.0
TD	Pbre1_17G404600	old	5.106301	2.6102987065614442
TRD	Pbre1_04G179400	old	0.0	0.0
TD	Pbre1_15G093600	old	0.0	0.0
TRD	Pbre1_15G460200	old	0.0	0.0
TRD	Pbre1_07G257400	old	135.940801	7.097408546015732
TRD	Pbre1_14G194800	old	0.0	0.0
PD	Pbre1_15G086600	old	0.07958	0.1104701551963149
PD	Pbre1_02G171400	old	0.018479	0.02641623370763094
TRD	Pbre1_01G185600	old	3.337403	2.1168314941787942
PD	Pbre1_14G377000	old	12.873958	3.7943075171837473
TRD	Pbre1_11G103000	old	0.0	0.0
PD	Pbre1_17G196600	old	4.139807	2.3617141871680745
TRD	Pbre1_13G323800	old	2.214361	1.6845319650001918
PD	Pbre1_11G190800	old	0.248839	0.32058749706333606
TRD	Pbre1_08G249400	old	0.0	0.0
TRD	Pbre1_10G265600	old	0.683699	0.7516342464677291
TRD	Pbre1_12G117000	old	0.546051	0.628587910616908
TD	Pbre1_01G364800	old	2.463992	1.7924355982015736
TD	Pbre1_04G207200	old	1479.708185	10.532071629856333
PD	Pbre1_11G191400	old	0.292229	0.36986175725245835
TD	Pbre1_01G351000	old	0.469502	0.5553273225061683
TRD	Pbre1_17G039200	old	0.044724	0.06312185481938884
TRD	Pbre1_15G385600	old	3.866484	2.2828798117838267
TD	Pbre1_12G091600	old	0.0	0.0
TD	Pbre1_17G447400	old	0.0	0.0
TRD	Pbre1_11G461000	old	0.050963	0.07171187895171866
TRD	Pbre1_07G232600	old	0.0	0.0
TRD	Pbre1_13G144600	old	3.627123	2.2101154496988573
TD	Pbre1_10G115400	old	7.70539	3.121908931818068
PD	Pbre1_01G118600	old	0.121156	0.16498703172760584
TRD	Pbre1_15G527800	old	3.732669	2.242654024388278
TRD	Pbre1_17G075800	old	0.0	0.0
TD	Pbre1_17G223600	old	0.0	0.0
TRD	Pbre1_01G025000	old	0.0	0.0
TRD	Pbre1_10G017000	old	5.840354	2.7740709889750743
TRD	Pbre1_03G440200	old	0.0	0.0
PD	Pbre1_09G078400	old	0.021381	0.03052112701715641
TRD	Pbre1_14G354400	old	0.014884	0.02131483855480713
PD	Pbre1_01G046200	old	55.793564	5.827655543783263
TRD	Pbre1_13G022800	old	0.089882	0.1241719448827446
TRD	Pbre1_06G128600	old	1.661146	1.4120476639481867
TD	Pbre1_02G190800	old	56.343024	5.841546082388144
TD	Pbre1_01G127800	old	0.685934	0.7535480595679891
PD	Pbre1_13G445200	old	0.0	0.0
TD	Pbre1_03G045000	old	985.165782	9.945686384820862
TRD	Pbre1_02G499600	old	0.254922	0.32759769588099635
TRD	Pbre1_04G361200	old	0.221144	0.2882333361454224
TD	Pbre1_12G013200	old	3.371137	2.1280085957221204
TD	Pbre1_02G085000	old	0.241347	0.3119064556801329
TRD	Pbre1_02G329800	old	0.0	0.0
PD	Pbre1_04G340200	old	1.040305	1.0287848331266478
PD	Pbre1_17G447400	old	0.0	0.0
TD	Pbre1_13G088800	old	0.023319	0.03325594760354438
TD	Pbre1_11G019600	old	0.0	0.0
TRD	Pbre1_08G073800	old	3.555832	2.1877145474771793
TRD	Pbre1_17G448400	old	68.260598	6.113962938788516
PD	Pbre1_14G258000	old	4.03961	2.3333120922894164
TRD	Pbre1_10G339800	old	0.0	0.0
TRD	Pbre1_05G246600	old	0.054866	0.07705974451181104
TRD	Pbre1_04G059800	old	0.0	0.0
TRD	Pbre1_08G227400	old	0.0	0.0
TRD	Pbre1_01G212600	old	0.346276	0.42897420713446227
TRD	Pbre1_10G182400	old	0.206551	0.27088889847287834
TD	Pbre1_03G435000	old	20.302931	4.412980034646275
TRD	Pbre1_07G090600	old	0.791961	0.8415392391149015
TRD	Pbre1_04G261600	old	19.446594	4.3537886334793585
TRD	Pbre1_12G381200	old	0.0	0.0
PD	Pbre1_15G662400	old	0.013922	0.019946671531099178
TRD	Pbre1_03G398000	old	0.809398	0.8555097819067348
TD	Pbre1_06G222800	old	1.454484	1.2954197622648127
TRD	Pbre1_11G032000	old	0.0	0.0
TRD	Pbre1_09G286800	old	0.0	0.0
PD	Pbre1_01G051600	old	0.0	0.0
PD	Pbre1_14G015000	old	6.588396	2.923794967669936
TRD	Pbre1_01G204400	old	0.227637	0.2958840332501194
PD	Pbre1_10G092800	old	2.048362	1.6080342363594657
PD	Pbre1_17G452200	old	0.0	0.0
TRD	Pbre1_14G121000	old	0.056436	0.07920536994265023
TRD	Pbre1_15G646200	old	0.0	0.0
TRD	Pbre1_16G164000	old	0.0	0.0
PD	Pbre1_11G190200	old	2.867976	1.9515788432148575
TD	Pbre1_06G402800	old	0.0	0.0
PD	Pbre1_03G055800	old	0.0	0.0
TRD	Pbre1_16G450400	old	0.0	0.0
TRD	Pbre1_16G180000	old	0.072491	0.10096554114221243
TD	Pbre1_03G031400	old	2.823282	1.9348116152908414
PD	Pbre1_15G384600	old	4.497912	2.4588838151484955
PD	Pbre1_16G058600	old	55.62128	5.823272458556652
TD	Pbre1_14G155000	old	0.0	0.0
TD	Pbre1_16G040000	old	2.137538	1.6496329322361791
TD	Pbre1_07G325200	old	0.416761	0.5025964038477156
PD	Pbre1_03G296000	old	0.907659	0.9318033081484939
TRD	Pbre1_17G261400	old	2.117467	1.6403742884628585
TRD	Pbre1_14G152200	old	4.676345	2.504962276971254
TD	Pbre1_15G760000	old	13.511968	3.859171274616972
TD	Pbre1_14G324800	old	11.332424	3.6243844914708556
TRD	Pbre1_12G140800	old	3.299312	2.104105810139727
TRD	Pbre1_07G098800	old	12.101621	3.7116734153510773
TD	Pbre1_14G099800	old	0.041996	0.059349739429050696
TRD	Pbre1_05G024600	old	0.08976	0.124010442401904
TRD	Pbre1_07G027000	old	0.855039	0.8914495181210851
TD	Pbre1_11G411800	old	3.384809	2.1325140009928742
TRD	Pbre1_05G007000	old	0.0	0.0
TRD	Pbre1_10G230600	old	2.689569	1.8834522965351737
TRD	Pbre1_12G001200	old	4.188821	2.3754067677389488
TRD	Pbre1_07G085400	old	2.187406	1.6723827959845106
PD	Pbre1_05G541200	old	16.008731	4.08820360224367
PD	Pbre1_01G193000	old	0.395344	0.48062083955494317
TD	Pbre1_07G151400	old	0.2229	0.29030643542491436
TD	Pbre1_10G194800	old	1.873285	1.5227011003170707
PD	Pbre1_13G350000	old	4.572596	2.4783495652366563
TRD	Pbre1_07G144600	old	2.440348	1.7825545046021274
PD	Pbre1_08G161200	old	31.851348	5.0378806652223265
TRD	Pbre1_11G055400	old	0.0	0.0
TRD	Pbre1_12G296600	old	0.0	0.0
TRD	Pbre1_01G290400	old	0.0	0.0
TRD	Pbre1_14G127400	old	1.140017	1.0976222572424412
TD	Pbre1_12G294800	old	0.031241	0.044381528510427454
TRD	Pbre1_14G292600	old	31.942383	5.0418730160090615
TRD	Pbre1_06G415400	old	86.711194	6.454689070940667
PD	Pbre1_05G264000	old	7.749181	3.1291479743690482
TD	Pbre1_16G201400	old	16.270701	4.110254736451303
PD	Pbre1_14G212800	old	1.543803	1.3469869481663488
PD	Pbre1_16G326000	old	1.429088	1.2804147562825037
PD	Pbre1_11G113600	old	0.107981	0.14793314181958928
TD	Pbre1_09G211600	old	0.103784	0.14245787807841698
TRD	Pbre1_05G452400	old	7.463529	3.081259342920814
PD	Pbre1_02G234200	old	0.838016	0.8781493253974504
TRD	Pbre1_12G099200	old	11.905043	3.689863043431481
TRD	Pbre1_05G497000	old	14.879978	3.989137008670948
TRD	Pbre1_01G166000	old	22.503662	4.554813649024296
PD	Pbre1_02G127600	old	4.526047	2.4662478325772175
TD	Pbre1_03G039200	old	5.606303	2.7238431407667227
TRD	Pbre1_14G004400	old	10.889482	3.571613956118076
PD	Pbre1_04G334400	old	19.493907	4.35712314376572
TRD	Pbre1_11G264600	old	1.051139	1.036425262571394
TRD	Pbre1_09G164600	old	0.0	0.0
TRD	Pbre1_11G466800	old	26.621634	4.787726761839181
TRD	Pbre1_13G000800	old	31.154179	5.006934348172163
TRD	Pbre1_12G220600	old	0.940374	0.9563347534134732
TRD	Pbre1_09G439400	old	8.707955	3.2791674210737907
TRD	Pbre1_10G213200	old	0.0	0.0
TRD	Pbre1_05G223000	old	24.578298	4.6768483642417005
TRD	Pbre1_05G118200	old	3.045711	2.0163932665698985
TRD	Pbre1_09G040200	old	5.431219	2.685092217891301
TRD	Pbre1_05G243800	old	17.684096	4.223738857810345
TD	Pbre1_17G472200	old	76.129313	6.269207355580332
TRD	Pbre1_12G418000	old	198.281962	7.638667320368842
TRD	Pbre1_02G458800	old	13.602525	3.8681459496098967
PD	Pbre1_01G369200	old	8.588651	3.2613278608632084
TRD	Pbre1_09G018800	old	0.020409	0.02914752866896483
PD	Pbre1_17G445400	old	110.045369	6.795005418228767
TRD	Pbre1_02G292000	old	12.015832	3.7021956297496033
TD	Pbre1_11G144400	old	1.885413	1.5287778320104253
TRD	Pbre1_17G008000	old	16.649895	4.14158769575323
TRD	Pbre1_09G376000	old	5.416468	2.6817793719448875
TRD	Pbre1_05G582600	old	17.882759	4.238997670223325
TRD	Pbre1_13G440600	old	19.800373	4.378537494428023
PD	Pbre1_14G313400	old	17.711904	4.22588446007217
TD	Pbre1_17G328600	old	23.104306	4.591218987812908
TD	Pbre1_17G249200	old	0.393714	0.4789345403210217
TD	Pbre1_14G264400	old	0.021785	0.03109166196548172
PD	Pbre1_17G088000	old	0.0	0.0
TD	Pbre1_06G320000	old	0.817357	0.861841849147744
TRD	Pbre1_07G342800	old	29.306728	4.921566197983416
TRD	Pbre1_07G136400	old	14.994385	3.999493615349208
TRD	Pbre1_09G137400	old	2.070222	1.618342977002471
TRD	Pbre1_06G366800	old	4.833203	2.5442882819345067
TD	Pbre1_02G224000	old	0.196857	0.25925078994641126
TRD	Pbre1_03G121000	old	28.583998	4.886745127209991
TD	Pbre1_11G043800	old	108.837456	6.779226305781266
TRD	Pbre1_09G243200	old	12.454859	3.7500553672431263
TRD	Pbre1_07G222800	old	23.790326	4.631705338296301
PD	Pbre1_17G079400	old	0.742823	0.801426057708723
TD	Pbre1_16G063800	old	1.329747	1.2201732932214426
TRD	Pbre1_04G388600	old	0.644553	0.7176955035245145
TRD	Pbre1_02G225600	old	3.862876	2.281809804312393
TRD	Pbre1_01G087800	old	0.113687	0.15534382244682193
PD	Pbre1_02G218600	old	3.602836	2.202523039954425
PD	Pbre1_03G413200	old	0.211289	0.27654311699292455
TRD	Pbre1_07G504800	old	17.057634	4.174536971090503
PD	Pbre1_02G420800	old	0.091436	0.12622753556033403
TRD	Pbre1_11G459800	old	6.832868	2.969540646186285
TRD	Pbre1_04G333200	old	92.412397	6.545542121306038
TD	Pbre1_14G210000	old	53.919133	5.779236944944961
TRD	Pbre1_12G061600	old	72.086646	6.191535923643241
TD	Pbre1_10G014600	old	0.0	0.0
TRD	Pbre1_03G214800	old	83.116963	6.3943248581295045
TRD	Pbre1_17G354400	old	23.624832	4.622041976873893
TRD	Pbre1_10G174200	old	10.750518	3.5546524516400977
TRD	Pbre1_12G406200	old	22.328113	4.543997708011248
TD	Pbre1_08G150200	old	0.0	0.0
TRD	Pbre1_16G413800	old	0.161379	0.21583885264577665
TRD	Pbre1_11G403800	old	1.34496	1.2295633136601323
PD	Pbre1_08G057000	old	11.919986	3.691532601626513
TD	Pbre1_02G449800	old	13.347293	3.842706654514513
TRD	Pbre1_15G650000	old	194.871482	7.6137635528108945
TRD	Pbre1_17G290600	old	5.269687	2.64839342152504
TD	Pbre1_10G352800	old	8.998585	3.3217239390947135
TD	Pbre1_01G156400	old	2.639017	1.863548790876861
TRD	Pbre1_07G026600	old	10.329912	3.502064750603899
PD	Pbre1_03G230400	old	0.261081	0.3346609438225893
PD	Pbre1_15G676200	old	6.050756	2.817777955238554
PD	Pbre1_10G354000	old	2.023275	1.5961122138619879
TD	Pbre1_15G749000	old	12.447951	3.7493144678678196
TD	Pbre1_13G223200	old	0.0	0.0
PD	Pbre1_07G140600	old	0.0	0.0
TD	Pbre1_02G344800	old	0.0	0.0
PD	Pbre1_01G138000	old	5.755223	2.7560033958550036
TRD	Pbre1_11G464600	old	30.258207	4.966163121260891
TRD	Pbre1_16G057200	old	15.566141	4.050165667962307
TRD	Pbre1_12G422400	old	13.623987	3.8702647879121295
PD	Pbre1_17G366000	old	1.901697	1.5368968786672839
TRD	Pbre1_05G344800	old	2.322747	1.7323764477874093
PD	Pbre1_06G348200	old	0.0	0.0
PD	Pbre1_16G045200	old	0.057502	0.08066039184390418
TRD	Pbre1_01G055800	old	11.084181	3.595047793288526
TD	Pbre1_07G156400	old	3.634914	2.21254257015079
TD	Pbre1_01G244400	old	5.848341	2.775754539759016
PD	Pbre1_07G160400	old	3.950367	2.307535484677739
TRD	Pbre1_03G439000	old	14.684487	3.9712664379254745
TRD	Pbre1_01G352000	old	0.198759	0.2615416466983604
TD	Pbre1_05G060800	old	0.0	0.0
TD	Pbre1_08G114600	old	0.164836	0.22012684874925573
TRD	Pbre1_15G365600	old	23.217587	4.597983219351498
TD	Pbre1_15G458600	old	68.204144	6.112786525079511
TD	Pbre1_08G165600	old	25.509677	4.728447187071521
TD	Pbre1_12G057600	old	0.0	0.0
PD	Pbre1_11G093400	old	9.494431	3.3915520418192906
TRD	Pbre1_04G080600	old	0.275005	0.35050290470065115
TRD	Pbre1_02G087800	old	0.167763	0.22374750587982034
TRD	Pbre1_06G209200	old	24.863622	4.692852422453538
TRD	Pbre1_03G217000	old	5.869681	2.7802431077183036
TRD	Pbre1_01G424800	old	24.91614	4.695778951321652
PD	Pbre1_10G314600	old	122.505062	6.9484263633469086
TRD	Pbre1_17G411600	old	18.507365	4.28594701080615
TRD	Pbre1_07G507800	old	0.110566	0.1512951335812319
PD	Pbre1_03G377600	old	2.291063	1.7185536438787403
TD	Pbre1_12G397200	old	15.043661	4.00393148255819
TRD	Pbre1_10G581600	old	2.270758	1.7096250198561722
PD	Pbre1_11G275000	old	0.152602	0.2048944282101111
TD	Pbre1_03G297400	old	0.024922	0.035514119979459115
PD	Pbre1_05G540800	old	2.846937	1.9437102032940528
TRD	Pbre1_06G144600	old	23.640415	4.622954649353621
TD	Pbre1_06G071600	old	0.0	0.0
TD	Pbre1_17G226000	old	3.98984	2.3189935560620705
PD	Pbre1_09G174400	old	0.0	0.0
PD	Pbre1_05G583600	old	0.934378	0.9518697417843585
TD	Pbre1_16G130600	old	0.0	0.0
TRD	Pbre1_12G057000	old	129.007798	7.022454349940184
TD	Pbre1_14G061200	old	0.064039	0.089551030609258
TRD	Pbre1_08G159000	old	0.108703	0.14887294727346218
TRD	Pbre1_05G166000	old	53.302533	5.7629475905469585
TRD	Pbre1_03G307400	old	5.286992	2.6523699273333796
TRD	Pbre1_04G223000	old	0.0	0.0
TD	Pbre1_10G535200	old	1.400693	1.263450923894949
TRD	Pbre1_15G319400	old	220.643414	7.792096684104183
TD	Pbre1_17G398400	old	46.659246	5.574684222230369
TD	Pbre1_05G376400	old	0.983398	0.9879742060650109
TD	Pbre1_16G281800	old	0.272263	0.34739693286725254
TRD	Pbre1_14G054000	old	7.359345	3.0633899037568293
TRD	Pbre1_02G148600	old	0.011364	0.0163023310508196
TRD	Pbre1_05G568800	old	17.087286	4.176904042476973
TRD	Pbre1_08G037200	old	16.518153	4.13077876947213
PD	Pbre1_02G402800	old	0.124294	0.16901934595013027
PD	Pbre1_05G583000	old	1.020282	1.0145566848611967
TRD	Pbre1_13G018800	old	2.628886	1.859526735842331
TRD	Pbre1_03G479600	old	340.475011	8.415636196326806
TD	Pbre1_05G110800	old	31.371694	5.016660958162383
TRD	Pbre1_06G079200	old	10.730054	3.5521377498013447
PD	Pbre1_03G308800	old	0.0	0.0
TRD	Pbre1_10G014400	old	0.0	0.0
TD	Pbre1_02G123000	old	0.207889	0.27248788305092575
PD	Pbre1_13G195400	old	5.089002	2.606205786811698
PD	Pbre1_07G163600	old	1.496942	1.3201623101390934
PD	Pbre1_05G228600	old	0.071214	0.09924672088929988
TRD	Pbre1_16G208000	old	7.020296	3.003655482297627
TRD	Pbre1_13G200800	old	10.842492	3.5659007922181756
TD	Pbre1_15G502200	old	3.142553	2.0505201554667707
TRD	Pbre1_01G340200	old	401.22706	8.651866332617848
PD	Pbre1_05G250600	old	4.177015	2.3721204983020394
PD	Pbre1_12G325200	old	0.046458	0.06551440962738518
TD	Pbre1_11G137400	old	21.064417	4.463649722902795
TRD	Pbre1_12G174000	old	19.425068	4.352268976347647
TRD	Pbre1_10G305400	old	0.051314	0.0721936289438057
TRD	Pbre1_17G395800	old	0.007468	0.010734015453505621
TRD	Pbre1_15G316800	old	0.829684	0.8715945058871384
TD	Pbre1_10G339000	old	0.0	0.0
TRD	Pbre1_08G058000	old	1.506957	1.325937250891125
TRD	Pbre1_05G250000	old	2.133807	1.6479163321025214
TRD	Pbre1_12G262800	old	63.238765	6.0053722519782315
TRD	Pbre1_03G459800	old	16.597792	4.137322519745226
TD	Pbre1_02G415400	old	2.014654	1.5919924296116816
TRD	Pbre1_17G078200	old	0.013575	0.0194528457113061
TD	Pbre1_02G148200	old	156.386418	7.298167235515272
TRD	Pbre1_06G388200	old	2.083906	1.624758791387634
TD	Pbre1_08G058600	old	3.597556	2.2008671473245984
TRD	Pbre1_10G563200	old	8.748334	3.285155681907453
TRD	Pbre1_09G204200	old	6.295533	2.8670133829912463
TRD	Pbre1_09G107600	old	13.511145	3.8590894544470293
TD	Pbre1_04G005400	old	17.573917	4.215206188058803
TRD	Pbre1_15G727000	old	1.565877	1.359452013863608
TRD	Pbre1_13G310000	old	6.272693	2.8624896775336657
TD	Pbre1_03G456000	old	0.0	0.0
TRD	Pbre1_02G248200	old	29.876174	4.948422087998524
TD	Pbre1_09G436000	old	259.474878	8.025000425493316
TRD	Pbre1_15G757200	old	66.01842	6.066485769417897
TRD	Pbre1_11G356200	old	0.067271	0.09392654984045298
TD	Pbre1_15G570200	old	24.172543	4.653779063796581
TD	Pbre1_15G034800	old	0.0	0.0
TRD	Pbre1_04G050400	old	13.654157	3.873238072338199
PD	Pbre1_09G042800	old	0.587716	0.6669528759355973
TD	Pbre1_11G191200	old	0.205319	0.2694150209878035
TD	Pbre1_01G379200	old	191.3774	7.587795514750563
TD	Pbre1_07G493000	old	0.956725	0.968441012472572
PD	Pbre1_03G205200	old	0.0	0.0
PD	Pbre1_07G421200	old	2.68729	1.882560886762318
TD	Pbre1_11G090400	old	0.743964	0.8023702594052484
TD	Pbre1_16G248200	old	26.656397	4.7895413132409095
TRD	Pbre1_03G346600	old	25.13678	4.70800950977064
TD	Pbre1_03G074800	old	12.399343	3.74409035871376
TD	Pbre1_10G354000	old	2.023275	1.5961122138619879
TD	Pbre1_03G186800	old	0.521568	0.605558810402357
TRD	Pbre1_13G032400	old	18.827722	4.309447031249585
TD	Pbre1_07G333800	old	637.082601	9.317599385456836
PD	Pbre1_08G334000	old	0.168868	0.2251120158422592
TRD	Pbre1_10G445400	old	4.001533	2.322370357391521
TRD	Pbre1_12G286000	old	9.219671	3.353276847492791
PD	Pbre1_08G162400	old	3.514402	2.1745348938472686
TD	Pbre1_05G022200	old	21.165904	4.47027029653883
TRD	Pbre1_05G592800	old	61.354005	5.962410322273092
TRD	Pbre1_11G081200	old	19.192178	4.335724628158486
PD	Pbre1_03G016800	old	0.058235	0.08166003925497808
TRD	Pbre1_07G025200	old	5.626675	2.7282851653195914
PD	Pbre1_13G010800	old	0.018516	0.02646864396540659
TD	Pbre1_04G281400	old	2.584291	1.8416877711048292
TRD	Pbre1_11G017600	old	0.0	0.0
TRD	Pbre1_12G203000	old	78.62719	6.315189241486328
PD	Pbre1_17G287400	old	0.0	0.0
PD	Pbre1_09G451400	old	0.0	0.0
TRD	Pbre1_12G405400	old	389.495442	8.609161898596849
PD	Pbre1_11G400800	old	0.0	0.0
TRD	Pbre1_07G448200	old	14.487757	3.953056317175708
PD	Pbre1_11G359000	old	0.416969	0.5028081957749944
TRD	Pbre1_16G354600	old	3.140748	2.049891405022951
TRD	Pbre1_15G002200	old	0.362063	0.445793434396654
TRD	Pbre1_12G196000	old	9.459989	3.3868094292969015
TRD	Pbre1_05G059200	old	16.394723	4.120577800018881
TRD	Pbre1_06G303800	old	39.097414	5.325437290927194
TRD	Pbre1_13G186400	old	49.108628	5.646987131463593
TD	Pbre1_09G306400	old	9.416216	3.3807593658324437
PD	Pbre1_06G344400	old	0.035143	0.049830082835851455
PD	Pbre1_10G579600	old	8.728183	3.2821703680402616
TRD	Pbre1_15G595600	old	3.593046	2.1994512324244258
TD	Pbre1_17G138600	old	3.103416	2.0368254205512204
TRD	Pbre1_15G348600	old	25.091622	4.705514727759459
TRD	Pbre1_14G117200	old	0.0	0.0
TD	Pbre1_05G047400	old	0.0	0.0
TD	Pbre1_16G341600	old	6.700571	2.944965426109597
PD	Pbre1_11G032600	old	3.925127	2.300160926580765
TRD	Pbre1_06G066400	old	159.033917	7.32223388677557
PD	Pbre1_14G308400	old	4.316512	2.410480048235596
TRD	Pbre1_13G026200	old	1.294498	1.1981785492250865
PD	Pbre1_14G057600	old	0.351371	0.43442380077916953
PD	Pbre1_03G199400	old	0.041355	0.05846197010895934
TD	Pbre1_02G456200	old	2.286176	1.7164097497729365
TRD	Pbre1_13G019000	old	12.487736	3.7535762982003518
PD	Pbre1_14G108200	old	9.338454	3.3699485577847885
TRD	Pbre1_02G088600	old	0.0	0.0
TD	Pbre1_04G108800	old	45.541084	5.540432908192115
TRD	Pbre1_14G144000	old	2.983342	1.993979351286896
PD	Pbre1_02G459200	old	1.952341	1.5618593645544174
TRD	Pbre1_07G215800	old	0.433227	0.5192671272819913
TRD	Pbre1_14G306800	old	3.930554	2.3017497577895347
PD	Pbre1_02G201000	old	36.384786	5.224379369601106
PD	Pbre1_08G202800	old	0.0	0.0
TRD	Pbre1_05G119600	old	24.813491	4.690053358667535
TRD	Pbre1_07G443800	old	90.38521	6.513888789862017
TRD	Pbre1_07G403000	old	43.008577	5.4597128183981996
TRD	Pbre1_12G129200	old	15.4151	4.036951633653855
TRD	Pbre1_02G044800	old	19.347692	4.34679325650467
TRD	Pbre1_03G486200	old	3.003779	2.0013623427045273
TD	Pbre1_07G061600	old	3.545785	2.184529451254554
PD	Pbre1_11G441800	old	0.433255	0.5192953119774795
PD	Pbre1_16G112800	old	0.076511	0.10636306132063199
PD	Pbre1_10G537800	old	7.589324	3.1025445923387873
TRD	Pbre1_09G473000	old	7.305458	3.054059727020875
TRD	Pbre1_17G394600	old	11.661283	3.6623516990179255
TD	Pbre1_13G479400	old	0.0	0.0
TD	Pbre1_08G109400	old	0.0	0.0
TRD	Pbre1_10G349600	old	1.678634	1.421497469400806
TRD	Pbre1_02G424600	old	99.699069	6.653906534933801
TRD	Pbre1_07G024000	old	5.969091	2.8009704932078936
TRD	Pbre1_12G039400	old	0.0	0.0
TD	Pbre1_16G391000	old	0.0	0.0
TRD	Pbre1_08G073200	old	11.568319	3.6517197985408867
TRD	Pbre1_17G101600	old	8.923492	3.3108478831707555
TRD	Pbre1_15G089600	old	116.986482	6.882477765728484
TRD	Pbre1_09G271600	old	11.504112	3.644330700692098
TRD	Pbre1_09G171600	old	3.083895	2.029945773922216
PD	Pbre1_05G351000	old	16.489549	4.12842118209704
TRD	Pbre1_15G681200	old	4.24859	2.3919299040700794
PD	Pbre1_11G124000	old	22.813327	4.573697290929801
TRD	Pbre1_03G403800	old	2.101545	1.6329870569766893
PD	Pbre1_01G201800	old	0.074121	0.10315652243610117
TRD	Pbre1_07G040600	old	15.528726	4.046903623854272
TD	Pbre1_14G322400	old	0.0	0.0
TRD	Pbre1_01G166600	old	1.353621	1.234882024096908
PD	Pbre1_10G081200	old	1.270554	1.1830443484142164
PD	Pbre1_02G450000	old	5.877493	2.7818827661488394
TRD	Pbre1_12G119000	old	3.729976	2.241832863317562
TD	Pbre1_08G390000	old	576.277375	9.173120873261885
TRD	Pbre1_02G072800	old	0.977666	0.9837987957476455
TD	Pbre1_01G231000	old	0.0	0.0
TRD	Pbre1_11G178200	old	42.904551	5.456298587377603
TRD	Pbre1_16G002400	old	3.184718	2.0651304056407804
PD	Pbre1_10G265400	old	0.274829	0.3503037432433958
TD	Pbre1_05G361400	old	14.298954	3.9353611131255968
TD	Pbre1_05G233000	old	254.671457	7.998147297780736
PD	Pbre1_03G450800	old	0.099059	0.13626883553435074
TRD	Pbre1_09G473800	old	4.287285	2.4025270942628074
PD	Pbre1_04G294400	old	0.0	0.0
TRD	Pbre1_02G460000	old	8.076397	3.182119713616361
TD	Pbre1_08G145600	old	13.910151	3.8982229632295806
TRD	Pbre1_11G510800	old	1417.42489	10.470074042117156
TD	Pbre1_05G383400	old	0.950939	0.9641686699134712
PD	Pbre1_13G490400	old	43.755393	5.4839896316903225
TRD	Pbre1_12G337200	old	16.475906	4.127295345785646
TRD	Pbre1_16G410200	old	4.965464	2.5766343566069367
TRD	Pbre1_16G424800	old	23.11825	4.592053325180294
PD	Pbre1_09G117400	old	0.0	0.0
TD	Pbre1_16G015600	old	8.629193	3.267414894259455
TD	Pbre1_05G146800	old	0.336011	0.41793188624019767
TRD	Pbre1_08G216000	old	172.00399	7.4346615009710195
TRD	Pbre1_09G138600	old	6.667374	2.938732553495065
TD	Pbre1_11G453200	old	0.0	0.0
TRD	Pbre1_17G504200	old	16.905115	4.162299879638897
PD	Pbre1_11G252800	old	24.114006	4.6504202698672605
PD	Pbre1_17G095200	old	0.0	0.0
TRD	Pbre1_08G316800	old	112.87318	6.831284185835357
TRD	Pbre1_04G392400	old	0.482185	0.5677255299145301
TD	Pbre1_08G145200	old	0.0	0.0
TRD	Pbre1_06G218600	old	48.669016	5.634274260507245
TD	Pbre1_15G036400	old	4.821799	2.541465030682075
TRD	Pbre1_14G048000	old	3.645168	2.2157307749467687
TD	Pbre1_11G435600	old	0.273772	0.3491070641667947
TRD	Pbre1_11G072400	old	98.236309	6.632796171447577
TD	Pbre1_04G004800	old	22.70647	4.567208949919873
PD	Pbre1_05G330200	old	29.556479	4.933406407178092
TD	Pbre1_12G390000	old	0.090054	0.12439960619715744
TD	Pbre1_10G417200	old	215.734976	7.759788179523884
TD	Pbre1_03G347200	old	2.551823	1.8285596888431972
PD	Pbre1_08G036400	old	6.147699	2.837478881672261
TRD	Pbre1_05G172200	old	1.628455	1.3942150357153533
TRD	Pbre1_13G471000	old	0.0	0.0
TRD	Pbre1_07G453400	old	0.0	0.0
PD	Pbre1_02G252400	old	5.897215	2.7860139391709398
TRD	Pbre1_03G321400	old	35.176483	5.176980253949599
TRD	Pbre1_11G319600	old	1.441988	1.2880561108973771
TRD	Pbre1_17G398200	old	0.0	0.0
PD	Pbre1_06G170600	old	0.226613	0.2946801462723485
TD	Pbre1_09G163000	old	0.118143	0.1611047071417672
TRD	Pbre1_06G175000	old	19.780366	4.377149159222602
TD	Pbre1_07G496200	old	1.263707	1.1786872368790535
TRD	Pbre1_03G405600	old	0.046231	0.06520142305788898
PD	Pbre1_03G080600	old	0.0	0.0
TRD	Pbre1_10G254800	old	9.910357	3.4476264040377096
TRD	Pbre1_03G225400	old	12.590239	3.76449892266911
TRD	Pbre1_12G353800	old	135.103909	7.088564692428013
PD	Pbre1_17G185800	old	0.0	0.0
TRD	Pbre1_06G270800	old	15.140624	4.0126244494822085
TRD	Pbre1_11G147200	old	0.258813	0.33206398281053123
PD	Pbre1_09G228800	old	3.509549	2.1729831567626112
TD	Pbre1_11G017800	old	0.0	0.0
TRD	Pbre1_03G424600	old	4.429222	2.440745476637675
TD	Pbre1_10G304800	old	6.2679	2.8615385694761843
PD	Pbre1_12G250800	old	0.311412	0.3911210013328844
PD	Pbre1_08G296200	old	15.820029	4.072108287883518
TD	Pbre1_15G352800	old	2.217469	1.6859262482869342
TRD	Pbre1_12G311200	old	25.213966	4.71226373530228
TRD	Pbre1_12G142000	old	0.284901	0.36165720586956646
TD	Pbre1_01G401800	old	0.23098	0.2998073222324317
PD	Pbre1_09G432000	old	0.859349	0.8947975896833003
TD	Pbre1_17G405600	old	5.867589	2.779803701919499
TRD	Pbre1_13G422600	old	3.706072	2.2345233930756687
TD	Pbre1_02G385800	old	0.016918	0.024203351011664216
TRD	Pbre1_13G353000	old	2.71747	1.8943210997690552
TRD	Pbre1_13G343600	old	36.488491	5.22837584981101
TD	Pbre1_06G380800	old	0.078456	0.10896731708555758
TRD	Pbre1_09G072200	old	0.036806	0.05214597224065227
TRD	Pbre1_14G189400	old	49.412148	5.65569952201636
TD	Pbre1_03G104600	old	0.084194	0.11662292809035817
TD	Pbre1_13G159400	old	0.0	0.0
PD	Pbre1_10G436200	old	0.0	0.0
TD	Pbre1_06G102800	old	3.895175	2.2913604363599687
PD	Pbre1_09G212000	old	3.667303	2.2225891296992475
PD	Pbre1_02G173200	old	4.456659	2.4480178889770965
TRD	Pbre1_02G346600	old	67.496132	6.0979506157783785
TRD	Pbre1_02G375600	old	0.693111	0.7596765591166496
PD	Pbre1_02G340200	old	0.0	0.0
TD	Pbre1_16G334200	old	32.332597	5.058861819568116
TD	Pbre1_09G032600	old	0.066919	0.09345065157553942
PD	Pbre1_01G197800	old	104.438561	6.720258775814412
TRD	Pbre1_15G257400	old	39.116534	5.326125059835021
PD	Pbre1_17G454200	old	0.046522	0.06560264026756882
TRD	Pbre1_04G165400	old	214.697691	7.752866922598177
TD	Pbre1_09G337600	old	18.908681	4.315325736950601
TD	Pbre1_10G567800	old	0.0	0.0
TRD	Pbre1_16G018800	old	17.469371	4.207062829067331
TRD	Pbre1_12G266600	old	1.487981	1.3149754680607815
PD	Pbre1_11G400400	old	0.0	0.0
PD	Pbre1_17G469200	old	0.394609	0.47986069708689105
TD	Pbre1_15G468200	old	17.786956	4.23165942457977
TRD	Pbre1_10G438800	old	2.679596	1.879547374762671
TRD	Pbre1_14G068200	old	2.349576	1.7439784861938903
TD	Pbre1_02G044400	old	39.256807	5.3311608432036
TRD	Pbre1_11G157600	old	3.641983	2.2147412392139323
TRD	Pbre1_03G288600	old	0.484284	0.5697671608206328
TRD	Pbre1_16G165200	old	14.662582	3.9692501575507744
TRD	Pbre1_05G219000	old	23.394396	4.608477857774492
TD	Pbre1_01G336600	old	1.111469	1.0782470660477752
TD	Pbre1_07G161800	old	0.0	0.0
TD	Pbre1_09G268200	old	0.526052	0.6098041226337549
TRD	Pbre1_13G273800	old	13.688963	3.876660644112697
PD	Pbre1_07G390400	old	4.127118	2.358148101568992
TD	Pbre1_09G155200	old	0.079616	0.110518262937786
TRD	Pbre1_14G084000	old	100.870888	6.670598016168885
TD	Pbre1_08G396200	old	1.498492	1.3210575986706368
TRD	Pbre1_17G272200	old	4.223582	2.3850394545690956
TRD	Pbre1_17G459000	old	87.523834	6.467994031035368
PD	Pbre1_04G054800	old	14.909903	3.991853134714364
TD	Pbre1_15G267600	old	49.562988	5.6600098164207315
TRD	Pbre1_11G442200	old	3.762032	2.251577315292454
TRD	Pbre1_12G440600	old	17.412507	4.202614168627149
PD	Pbre1_05G264800	old	1.001209	1.000871845663407
TD	Pbre1_05G446600	old	0.373605	0.45796719595390467
TD	Pbre1_04G070600	old	0.0	0.0
TRD	Pbre1_05G060000	old	0.0	0.0
TRD	Pbre1_05G486400	old	0.449997	0.5360499153508305
TRD	Pbre1_15G294000	old	5.844834	2.7750155538599794
TRD	Pbre1_14G339800	old	3.852958	2.2788643743296157
PD	Pbre1_07G313400	old	0.041598	0.0587985834617584
PD	Pbre1_09G441000	old	0.0	0.0
TRD	Pbre1_14G193400	old	5.361682	2.66940825799984
TRD	Pbre1_08G404000	old	5.368378	2.6709259707026414
TRD	Pbre1_05G059000	old	1.328192	1.2192100384978737
TRD	Pbre1_08G114600	old	0.164836	0.22012684874925573
PD	Pbre1_11G454600	old	9.28773	3.3628527798380468
TRD	Pbre1_08G043600	old	0.0	0.0
TRD	Pbre1_16G353400	old	3.631492	2.211477021618954
TRD	Pbre1_12G185600	old	20.121725	4.400655758528779
TRD	Pbre1_14G026600	old	1.45084	1.2932763027518188
TRD	Pbre1_05G035200	old	18.067554	4.253047880415276
TD	Pbre1_17G094600	old	0.0	0.0
PD	Pbre1_12G083600	old	6.337611	2.875310422813937
PD	Pbre1_08G379800	old	0.0	0.0
PD	Pbre1_09G425200	old	0.667551	0.7377308851411561
TRD	Pbre1_04G074000	old	20.37425	4.417801893119163
TD	Pbre1_03G199000	old	0.0	0.0
TD	Pbre1_11G146400	old	0.0	0.0
TD	Pbre1_06G307600	old	0.0	0.0
TD	Pbre1_06G177800	old	0.0	0.0
TD	Pbre1_07G331600	old	14.600893	3.96355670665429
TRD	Pbre1_02G364600	old	1.391064	1.2576527462130311
TRD	Pbre1_11G316600	old	0.0	0.0
TRD	Pbre1_01G333200	old	19.705594	4.37194868607919
TRD	Pbre1_02G337200	old	0.0	0.0
TRD	Pbre1_04G081200	old	98.094468	6.630732615349242
TD	Pbre1_17G162000	old	7.509773	3.089120648228253
TRD	Pbre1_09G106000	old	4.826622	2.5426597194008003
TRD	Pbre1_12G105000	old	1.656244	1.4093876773405172
PD	Pbre1_03G239200	old	54.881483	5.804298402827935
PD	Pbre1_17G100000	old	0.0	0.0
TRD	Pbre1_09G087800	old	16.665512	4.142863658390286
TRD	Pbre1_16G351400	old	0.075285	0.10471909106367336
TD	Pbre1_16G037800	old	131.026148	7.044679875828699
TD	Pbre1_10G127600	old	4.134409	2.3601982236050576
TD	Pbre1_15G185600	old	0.035606	0.05047522893039302
TRD	Pbre1_07G137200	old	109.91305	6.793285312376604
PD	Pbre1_07G460200	old	1.432742	1.282583326007062
TRD	Pbre1_11G462600	old	5.880879	2.7825928742207937
TRD	Pbre1_16G213000	old	42.068817	5.428571791541831
TD	Pbre1_13G101800	old	0.0	0.0
TRD	Pbre1_14G006800	old	69.716864	6.1439823934860005
PD	Pbre1_03G191600	old	0.017196	0.02459769392839773
TRD	Pbre1_11G528600	old	0.216113	0.28227728878589603
TRD	Pbre1_11G302800	old	230.050453	7.852064107845339
TRD	Pbre1_12G417600	old	13.670616	3.8748575440504887
TRD	Pbre1_03G314400	old	30.943561	4.99745324516546
TD	Pbre1_17G204200	old	0.477631	0.5632860388105773
TD	Pbre1_15G778200	old	0.0	0.0
TD	Pbre1_11G439200	old	0.57833	0.6583988780948604
TRD	Pbre1_05G474200	old	1.650041	1.406014680445309
TRD	Pbre1_03G023000	old	12.728365	3.779087910696553
TD	Pbre1_08G314200	old	21.932774	4.519338972003453
PD	Pbre1_03G028200	old	0.0	0.0
TRD	Pbre1_14G088200	old	0.015302	0.02190891863969888
TRD	Pbre1_05G199400	old	0.09652	0.13293212631855203
TD	Pbre1_10G485800	old	9.770633	3.4290311357745704
TRD	Pbre1_13G131600	old	12.405816	3.744787132434162
TRD	Pbre1_04G035600	old	38.952634	5.3202187152738984
PD	Pbre1_13G479600	old	0.0	0.0
TRD	Pbre1_15G263800	old	3.985664	2.317785658226996
TRD	Pbre1_04G201400	old	0.080271	0.11139327656650838
TRD	Pbre1_03G297200	old	16.289847	4.111853197336736
TRD	Pbre1_12G136600	old	7.320209	3.056619768688056
TRD	Pbre1_07G264600	old	4.619932	2.4905526742440145
PD	Pbre1_10G108400	old	0.272499	0.3476645225519665
TD	Pbre1_05G257200	old	0.414233	0.500019828953685
TD	Pbre1_14G094200	old	0.0	0.0
TD	Pbre1_15G719600	old	2.540657	1.8240170898832497
TD	Pbre1_05G470600	old	28.602349	4.887639755748013
TRD	Pbre1_16G381600	old	10.344376	3.50390535030889
TRD	Pbre1_16G361200	old	0.109207	0.14952862610003664
TD	Pbre1_04G131200	old	0.0	0.0
TRD	Pbre1_04G411200	old	34.967359	5.168616324488954
TD	Pbre1_10G050200	old	5.22641	2.638400579295282
TRD	Pbre1_01G344600	old	0.0	0.0
TRD	Pbre1_09G184000	old	38.891732	5.318017857910466
PD	Pbre1_10G189400	old	10.055375	3.4666760573065076
PD	Pbre1_05G505200	old	0.0	0.0
TRD	Pbre1_09G283400	old	24.172446	4.653773504497761
TD	Pbre1_07G476200	old	0.156767	0.21009830109510563
PD	Pbre1_05G203600	old	25.200808	4.711539398238581
TRD	Pbre1_12G084200	old	7.49307	3.0862861407262296
TRD	Pbre1_05G378600	old	0.0	0.0
PD	Pbre1_11G035200	old	0.163429	0.21838317080054317
TD	Pbre1_10G032800	old	8.711167	3.2796446760715803
TRD	Pbre1_12G282400	old	13.592047	3.8671103763336387
TD	Pbre1_02G249200	old	0.0	0.0
TRD	Pbre1_12G069000	old	4.386499	2.4293478858883657
TD	Pbre1_02G424800	old	0.848433	0.8863027512235373
TD	Pbre1_07G393000	old	0.0	0.0
TRD	Pbre1_04G235800	old	18.116459	4.256743408151118
TRD	Pbre1_08G129200	old	16.271045	4.110283471946844
PD	Pbre1_08G114400	old	17.521812	4.211153340112798
TD	Pbre1_15G229800	old	0.0	0.0
PD	Pbre1_01G145800	old	2.609984	1.8519924428820285
TRD	Pbre1_15G252600	old	319.906438	8.32600892292048
TRD	Pbre1_07G353800	old	21.96478	4.521351057656788
TD	Pbre1_14G169400	old	100.427791	6.664309191667779
TRD	Pbre1_15G390800	old	18.538446	4.288243821290467
PD	Pbre1_02G092600	old	20.415125	4.420558193146147
TD	Pbre1_02G179000	old	42.30563	5.436482691319222
TD	Pbre1_11G028000	old	0.157313	0.210779099949893
TRD	Pbre1_17G294200	old	75.65642	6.260334718008201
TRD	Pbre1_01G367400	old	1.288247	1.1942427891975596
PD	Pbre1_11G501200	old	0.983892	0.9883334897845688
TRD	Pbre1_08G415200	old	10.066841	3.4681715623517615
PD	Pbre1_16G062600	old	0.0	0.0
PD	Pbre1_05G274400	old	8.143363	3.1927248973458466
TRD	Pbre1_07G454000	old	13.358855	3.843868805630347
TRD	Pbre1_02G366800	old	0.087352	0.12081904841288815
TD	Pbre1_09G300600	old	2.402142	1.7664433580560965
PD	Pbre1_11G032400	old	3.142083	2.0503564628989994
TD	Pbre1_11G290400	old	0.0	0.0
TD	Pbre1_13G269800	old	66.885449	6.085030466040299
PD	Pbre1_14G148800	old	81.303111	6.362875059427887
TD	Pbre1_08G051000	old	33.80006	5.121017888364465
TRD	Pbre1_15G286600	old	22.487689	4.553832865612658
PD	Pbre1_13G450400	old	3.720781	2.2390255569638495
PD	Pbre1_07G325600	old	0.102233	0.14042922609874758
TD	Pbre1_10G424400	old	0.080966	0.11232114619670656
PD	Pbre1_01G156200	old	2.445452	1.7846932588027364
TRD	Pbre1_11G198400	old	108.692168	6.77731671104062
TD	Pbre1_07G024800	old	1.203168	1.1395795102570023
TRD	Pbre1_10G173400	old	28.415947	4.878526577176712
TD	Pbre1_02G487400	old	0.0	0.0
TRD	Pbre1_10G592200	old	51.077727	5.702594576467133
PD	Pbre1_11G337000	old	0.0	0.0
TD	Pbre1_03G138200	old	10.761127	3.555954406711939
TRD	Pbre1_06G066800	old	100.964248	6.6719195745722
TRD	Pbre1_04G265600	old	2.612082	1.8528306446600038
PD	Pbre1_14G081400	old	0.0	0.0
PD	Pbre1_01G119200	old	12.316878	3.735183992473355
TRD	Pbre1_15G726800	old	0.288991	0.36624219054153656
TRD	Pbre1_01G434000	old	4.648809	2.4979467204624024
PD	Pbre1_10G020600	old	0.042789	0.060447269603721966
TRD	Pbre1_04G228400	old	0.333558	0.4152805729148549
TRD	Pbre1_05G413800	old	0.0	0.0
PD	Pbre1_02G495400	old	0.019895	0.028420631827411554
TD	Pbre1_07G254800	old	0.0	0.0
TRD	Pbre1_01G075600	old	0.0	0.0
TD	Pbre1_16G023400	old	0.825544	0.868326441611362
TRD	Pbre1_04G119000	old	0.0	0.0
TD	Pbre1_16G225000	old	0.0	0.0
TD	Pbre1_04G231400	old	0.878834	0.9098376064300543
TD	Pbre1_15G347600	old	0.016802	0.024038773169164154
TRD	Pbre1_07G377000	old	0.851248	0.8884981768960863
TD	Pbre1_09G189000	old	0.0	0.0
TD	Pbre1_05G039000	old	4.501479	2.4598195202963975
TRD	Pbre1_06G249800	old	0.028313	0.040279461824504516
TD	Pbre1_10G357400	old	181.825239	7.514321437778328
TRD	Pbre1_04G056400	old	37.211608	5.2559390645643
PD	Pbre1_15G734400	old	0.0	0.0
TRD	Pbre1_02G494200	old	13.410404	3.8490388773553503
TD	Pbre1_01G294800	old	57.87175	5.879503608197898
TRD	Pbre1_17G002200	old	5.543144	2.709984021548029
TRD	Pbre1_16G129400	old	3.816571	2.268006432387754
PD	Pbre1_09G022600	old	22.799945	4.572886334457601
TRD	Pbre1_17G240400	old	289.511514	8.182451533650712
TRD	Pbre1_17G481000	old	0.0	0.0
TD	Pbre1_01G198200	old	13.194092	3.8272186572997398
PD	Pbre1_05G409400	old	0.051589	0.07257095603735789
TD	Pbre1_04G292400	old	0.152296	0.20451136164047934
TD	Pbre1_04G252600	old	0.033468	0.04749371826888542
TD	Pbre1_09G183000	old	0.0	0.0
PD	Pbre1_11G149200	old	0.392456	0.47763174078992954
TD	Pbre1_07G062600	old	1.852393	1.5121727686297501
TD	Pbre1_11G018800	old	0.436693	0.5227518121810855
TRD	Pbre1_17G198000	old	0.098865	0.13601415626549582
TRD	Pbre1_15G330000	old	19.395459	4.3501760702488514
TRD	Pbre1_03G221000	old	19.124459	4.330878095083165
TRD	Pbre1_13G158000	old	16.535494	4.1322061688377305
TD	Pbre1_16G423800	old	0.0	0.0
TRD	Pbre1_05G105400	old	89.318255	6.496945707579698
TRD	Pbre1_15G110600	old	58.689613	5.899407994934238
PD	Pbre1_16G423600	old	0.0	0.0
TRD	Pbre1_11G107400	old	0.20025	0.26333493599650737
PD	Pbre1_06G310800	old	0.214745	0.28065349420448843
PD	Pbre1_11G492000	old	11.554444	3.650126232122449
PD	Pbre1_10G562400	old	0.0	0.0
TRD	Pbre1_06G148200	old	0.287884	0.3650026554391286
TRD	Pbre1_04G081800	old	162.735696	7.355225067653907
PD	Pbre1_02G440000	old	7.507076	3.08866334281785
TD	Pbre1_09G055600	old	93.215394	6.557890898175437
TD	Pbre1_13G357600	old	4.922351	2.5661699972620164
TRD	Pbre1_11G317000	old	9.848092	3.4393694136679276
PD	Pbre1_03G243200	old	0.0	0.0
TRD	Pbre1_05G287400	old	0.553476	0.6354999531118667
TD	Pbre1_03G165000	old	20.666038	4.437363451348496
TRD	Pbre1_02G315600	old	17.382813	4.200285644464621
TD	Pbre1_05G413800	old	0.0	0.0
TD	Pbre1_02G280000	old	0.024805	0.03534941968525648
PD	Pbre1_13G275400	old	0.231908	0.30089451828950287
PD	Pbre1_01G199800	old	1.672701	1.4182984496478928
TRD	Pbre1_16G155400	old	4.336785	2.415970891468309
TD	Pbre1_02G398400	old	0.0	0.0
TD	Pbre1_14G240200	old	17.300278	4.193793659581107
PD	Pbre1_15G106800	old	13.99795	3.906693413811867
TRD	Pbre1_15G539000	old	12.253189	3.7282676395383807
TD	Pbre1_15G284400	old	0.0	0.0
TD	Pbre1_01G130200	old	0.482913	0.5684339597950072
TRD	Pbre1_12G086800	old	6.636	2.9328171027418506
PD	Pbre1_12G329800	old	0.0	0.0
TRD	Pbre1_17G390800	old	10.621818	3.5387638619456316
TRD	Pbre1_03G046600	old	43.462148	5.474505742624539
TD	Pbre1_17G266400	old	0.0	0.0
TD	Pbre1_09G278800	old	3.569934	2.192173329712169
PD	Pbre1_03G199200	old	0.0	0.0
PD	Pbre1_16G098000	old	2.176288	1.6673417302813422
TRD	Pbre1_12G061000	old	43.19439	5.46579134158891
PD	Pbre1_15G719600	old	2.540657	1.8240170898832497
TRD	Pbre1_11G418200	old	17.003905	4.170237952171227
TRD	Pbre1_15G131400	old	18.721463	4.301694674217543
PD	Pbre1_05G049800	old	0.0	0.0
TRD	Pbre1_04G162000	old	0.519685	0.6037723131203948
TRD	Pbre1_15G034400	old	0.030757	0.043704258782121065
TD	Pbre1_05G248400	old	2.234512	1.6935480651429218
TRD	Pbre1_15G625600	old	2.559417	1.8316409602684687
TRD	Pbre1_16G282400	old	32.88275	5.082479066675422
TRD	Pbre1_14G352600	old	2.239864	1.6959332542692855
TRD	Pbre1_10G169400	old	13.276296	3.8355498140589055
TRD	Pbre1_10G105200	old	5.425233	2.6837487721041096
TRD	Pbre1_17G148400	old	4.272967	2.398614967875469
PD	Pbre1_10G157200	old	0.708174	0.7724549399182279
TD	Pbre1_08G137600	old	23.006103	4.585329319410104
PD	Pbre1_11G032800	old	2.074014	1.6201237355181375
TD	Pbre1_16G185800	old	0.0	0.0
PD	Pbre1_02G486000	old	9.675966	3.4162947109023696
TD	Pbre1_06G187000	old	12.62064	3.7677225884820937
TD	Pbre1_14G134000	old	0.0	0.0
TRD	Pbre1_03G193600	old	7.783287	3.134760945586965
TRD	Pbre1_03G408600	old	0.017555	0.02510677589965941
TRD	Pbre1_05G384200	old	0.571638	0.6522689556712531
TD	Pbre1_13G180000	old	56.645293	5.849130904970856
TRD	Pbre1_13G402200	old	0.0	0.0
TD	Pbre1_04G235200	old	0.0	0.0
TRD	Pbre1_17G028800	old	2.105605	1.6348743458939277
TD	Pbre1_05G039400	old	0.0	0.0
PD	Pbre1_04G310200	old	0.018911	0.02702804025130124
TD	Pbre1_03G012600	old	1.710904	1.4387740245824148
TD	Pbre1_11G261600	old	0.0	0.0
TD	Pbre1_04G308600	old	0.0	0.0
TD	Pbre1_11G362800	old	355.499634	8.477756785303198
PD	Pbre1_01G387600	old	1.202697	1.139271053521788
TD	Pbre1_09G316000	old	4.128655	2.3585805257840065
TD	Pbre1_02G292200	old	0.370126	0.45430857290584414
TD	Pbre1_05G231200	old	2.336877	1.7384985085878104
TD	Pbre1_02G256800	old	10.786538	3.55906811993273
PD	Pbre1_11G478800	old	0.91659	0.9385417463800343
TD	Pbre1_04G370600	old	36.01461	5.210022922769658
TRD	Pbre1_02G087600	old	7.109584	3.019627909938223
TD	Pbre1_02G236000	old	0.680916	0.7492476309325615
TRD	Pbre1_12G137400	old	20.286173	4.411844688631813
TRD	Pbre1_07G359600	old	46.739867	5.5771226420630695
TRD	Pbre1_07G502800	old	41.424177	5.4068147676303075
TD	Pbre1_07G060200	old	0.0	0.0
TRD	Pbre1_07G392800	old	0.27553	0.35109683100016403
TD	Pbre1_11G153800	old	46.941709	5.5832094332002065
TRD	Pbre1_15G125600	old	6.323501	2.872533493845401
TD	Pbre1_16G162200	old	0.0	0.0
TRD	Pbre1_14G390600	old	151.887546	7.256327081392896
TRD	Pbre1_08G131600	old	27.877209	4.851859406487873
TD	Pbre1_09G077200	old	0.8108	0.85662721169839
TD	Pbre1_06G145800	old	0.0	0.0
TRD	Pbre1_15G474800	old	1.83192	1.5017805107480766
PD	Pbre1_17G488800	old	0.0	0.0
TD	Pbre1_11G100600	old	2.586176	1.8424462935873178
PD	Pbre1_09G065200	old	31.872666	5.038816559793836
TRD	Pbre1_05G224400	old	1.010537	1.0075808863622653
TRD	Pbre1_09G252400	old	0.112062	0.15323722385193173
TRD	Pbre1_17G146600	old	4.328504	2.4137305471073818
TD	Pbre1_11G430600	old	0.040434	0.05718545051994563
TD	Pbre1_10G031400	old	0.039665	0.05611873923650477
TD	Pbre1_07G209600	old	0.127838	0.1735598572924941
TRD	Pbre1_16G277600	old	2.573261	1.8372412958581108
PD	Pbre1_10G174000	old	0.729242	0.7901397820912291
TRD	Pbre1_13G325400	old	1.789169	1.4798353521056251
PD	Pbre1_05G232800	old	949.811957	9.893016235878102
TRD	Pbre1_11G352800	old	3.640715	2.2143471000696398
TRD	Pbre1_03G294800	old	17.771608	4.230480333455835
PD	Pbre1_12G191600	old	17.729672	4.22725372975306
TD	Pbre1_07G441800	old	0.0	0.0
TD	Pbre1_14G332400	old	74.565685	6.23965933833918
TRD	Pbre1_16G051800	old	22.101465	4.529912439222081
PD	Pbre1_11G419800	old	0.0	0.0
TD	Pbre1_11G044200	old	0.0	0.0
TRD	Pbre1_02G370800	old	0.0	0.0
TRD	Pbre1_15G626800	old	9.774926	3.4296060560996824
TD	Pbre1_02G194600	old	0.017588	0.02515356272137507
TD	Pbre1_17G485000	old	0.0	0.0
PD	Pbre1_09G100000	old	0.0	0.0
TD	Pbre1_14G296800	old	44.82469	5.518053215980392
TD	Pbre1_11G350400	old	0.265207	0.3393734429765983
TRD	Pbre1_02G294800	old	15.716699	4.063218085457971
TD	Pbre1_11G184000	old	1.859559	1.515792672328854
TRD	Pbre1_08G111200	old	13.221935	3.8300458625862888
TD	Pbre1_16G313600	old	0.359846	0.4434432782283543
TRD	Pbre1_05G196800	old	0.0	0.0
TD	Pbre1_05G444200	old	30.217546	4.964285226925143
TD	Pbre1_06G115800	old	0.061719	0.08640198558743059
TRD	Pbre1_10G234600	old	9.927686	3.449916029313289
TRD	Pbre1_05G514200	old	5.860211	2.778252950154971
PD	Pbre1_05G463200	old	14.344299	3.9396308330785663
TRD	Pbre1_05G149600	old	15.362645	4.032334071770119
TD	Pbre1_04G001800	old	29.455357	4.928624110788541
TRD	Pbre1_15G671600	old	440.251227	8.785456479907786
PD	Pbre1_05G010600	old	0.891283	0.9193652554868217
TRD	Pbre1_03G081600	old	0.0	0.0
PD	Pbre1_11G355600	old	25.136624	4.7080008988744995
TD	Pbre1_07G117000	old	1.34469	1.2293971913859878
TRD	Pbre1_13G152200	old	7.199781	3.035585378702292
TRD	Pbre1_13G412000	old	2.665448	1.8739895388444499
TRD	Pbre1_04G130400	old	69.019107	6.129676757126688
TRD	Pbre1_15G238000	old	53.814785	5.7764931736435035
TRD	Pbre1_10G026000	old	0.0	0.0
TD	Pbre1_07G317400	old	2.002756	1.5862872481578558
TD	Pbre1_11G136800	old	0.161731	0.21627604990142055
PD	Pbre1_14G446000	old	0.0	0.0
PD	Pbre1_10G199800	old	0.0	0.0
TD	Pbre1_17G160200	old	2.761888	1.9114568971732064
TRD	Pbre1_07G122000	old	32.471604	5.06486578327057
TRD	Pbre1_14G028800	old	0.474198	0.5599303062743144
TRD	Pbre1_13G359200	old	17.652909	4.221328737303671
TRD	Pbre1_02G335800	old	6.969817	2.9945465979643613
PD	Pbre1_08G173400	old	7.627711	3.108977851759171
PD	Pbre1_09G156600	old	0.958747	0.9699310650802744
TD	Pbre1_17G376000	old	8.016256	3.1725284787629286
TRD	Pbre1_06G061800	old	10.787944	3.559240206787482
PD	Pbre1_09G193400	old	115.410498	6.863077357381793
TRD	Pbre1_10G371000	old	3.340301	2.117795097082034
TRD	Pbre1_01G236200	old	3.257818	2.0901142832544775
PD	Pbre1_15G412800	old	0.0	0.0
TRD	Pbre1_04G254400	old	0.028515	0.040562834473259354
TD	Pbre1_03G049000	old	0.0	0.0
TRD	Pbre1_09G285400	old	27.798464	4.84791996076753
TRD	Pbre1_11G119400	old	13.96208	3.9032388447848523
TRD	Pbre1_13G339400	old	22.153734	4.533172970397799
PD	Pbre1_10G297800	old	11.764758	3.6740942816328346
TRD	Pbre1_02G386800	old	0.061719	0.08640198558743059
TRD	Pbre1_13G271000	old	4881.469861	12.253395423188893
TRD	Pbre1_16G029400	old	19.636911	4.367155134519884
TRD	Pbre1_14G105000	old	0.162608	0.21736474101825107
TRD	Pbre1_14G201200	old	0.0	0.0
TRD	Pbre1_16G374600	old	41.463439	5.408149310862961
TRD	Pbre1_11G330800	old	57.149297	5.861689845128514
TD	Pbre1_13G169400	old	0.516918	0.6011430999614842
TRD	Pbre1_05G227000	old	0.479568	0.5651760033979136
PD	Pbre1_10G142400	old	132.932188	7.065358915839169
TRD	Pbre1_01G310200	old	10.809057	3.5618218593056477
TRD	Pbre1_15G099000	old	25.912512	4.750205152562236
TD	Pbre1_12G054000	old	1.687645	1.426342591032459
TRD	Pbre1_13G306400	old	4.071083	2.342293887638318
TRD	Pbre1_07G406400	old	8.201358	3.201846799787451
TRD	Pbre1_15G497000	old	1.096359	1.0678857985403376
PD	Pbre1_01G193400	old	12.575837	3.7629692430845103
TRD	Pbre1_06G109400	old	16.091066	4.095170478147841
TRD	Pbre1_10G409600	old	0.064229	0.08980862228333035
TRD	Pbre1_09G047200	old	4.719252	2.515826474546388
TRD	Pbre1_05G217600	old	15.195168	4.017491528843848
TRD	Pbre1_15G255000	old	31.389534	5.01745580659177
TRD	Pbre1_06G156200	old	97.541828	6.622664329497409
PD	Pbre1_02G152000	old	8.423313	3.2362343643359157
TRD	Pbre1_06G016200	old	10.407033	3.511851686442112
TD	Pbre1_08G072800	old	103.59932	6.708729662432078
TRD	Pbre1_10G562800	old	26.923533	4.803409583681222
TD	Pbre1_14G016000	old	0.0	0.0
TD	Pbre1_03G132000	old	2.097081	1.6309091152599646
TRD	Pbre1_16G306200	old	6.55433	2.917303807204708
PD	Pbre1_09G425600	old	17.417397	4.202997269207124
TD	Pbre1_12G332200	old	0.0	0.0
TRD	Pbre1_03G258400	old	47.00167	5.5850126936129785
TD	Pbre1_04G169800	old	0.351391	0.4344451521973251
TRD	Pbre1_08G117400	old	0.0	0.0
TRD	Pbre1_17G399000	old	104.030718	6.714667519809466
TD	Pbre1_17G255800	old	0.0	0.0
TRD	Pbre1_04G000200	old	13.741618	3.8818229743046953
TRD	Pbre1_15G220400	old	3.14895	2.052746271047428
TD	Pbre1_04G399000	old	3.862592	2.281725546075827
TRD	Pbre1_05G087200	old	38.062058	5.287696055074165
TRD	Pbre1_15G609000	old	0.146079	0.19670649346656763
TRD	Pbre1_09G276400	old	5.526716	2.7063572640137945
TRD	Pbre1_08G318600	old	8.205034	3.2024230503683158
TD	Pbre1_03G008800	old	23.526778	4.616285819254615
TRD	Pbre1_15G364200	old	178.858703	7.490720160041243
PD	Pbre1_09G204000	old	23.55251	4.6177986134986435
TD	Pbre1_09G146600	old	0.0	0.0
TD	Pbre1_06G023600	old	0.0	0.0
TRD	Pbre1_02G442800	old	0.0	0.0
TRD	Pbre1_07G058800	old	0.0	0.0
PD	Pbre1_15G090400	old	9.077434	3.3330564294844915
TD	Pbre1_03G459600	old	13.298133	3.8377548721365984
PD	Pbre1_07G202600	old	0.576808	0.657007001085011
PD	Pbre1_06G302400	old	0.0	0.0
TRD	Pbre1_13G367400	old	7.432432	3.0759487792489355
TRD	Pbre1_16G033200	old	15.876439	4.076938616289512
PD	Pbre1_02G249600	old	1.825838	1.4986787610378243
TD	Pbre1_09G134000	old	0.0	0.0
TD	Pbre1_08G151000	old	0.05496	0.07718829855743663
TD	Pbre1_14G303400	old	18.202729	4.263239449322928
TRD	Pbre1_08G325400	old	12.408761	3.745104029986751
TRD	Pbre1_17G152400	old	0.371931	0.45620792432336
TD	Pbre1_09G296800	old	0.0	0.0
TD	Pbre1_15G721200	old	2.015396	1.5923474779863196
TRD	Pbre1_07G220600	old	7.555993	3.0969353021769384
TRD	Pbre1_10G069800	old	7.080733	3.0144861651925443
PD	Pbre1_08G205000	old	13.256016	3.83349895604528
TD	Pbre1_13G307800	old	113.869213	6.843848371537111
TD	Pbre1_10G171400	old	7.265713	3.047139271689107
TRD	Pbre1_06G261000	old	11.929635	3.6926096437306177
TD	Pbre1_10G567000	old	0.280624	0.3568469526806573
TRD	Pbre1_05G069600	old	0.891447	0.919490351376221
TRD	Pbre1_07G403800	old	19.922862	4.387008303584809
TD	Pbre1_14G045200	old	0.0	0.0
TRD	Pbre1_05G195000	old	13.465332	3.854527530443638
TRD	Pbre1_06G119800	old	1.586412	1.3709521061663088
TD	Pbre1_15G562800	old	3.471258	2.160680794500904
PD	Pbre1_13G355000	old	0.0	0.0
TRD	Pbre1_15G054000	old	0.951747	0.9647660521316122
PD	Pbre1_12G120000	old	4.294175	2.404405884190954
TRD	Pbre1_16G158400	old	4.913965	2.5641257053324598
TD	Pbre1_15G421200	old	0.49289	0.5781078678830792
TD	Pbre1_04G032400	old	0.735084	0.7950055091723609
PD	Pbre1_06G411800	old	7.015912	3.002866670476675
TRD	Pbre1_11G171600	old	5.825263	2.770884638924114
TD	Pbre1_07G039800	old	7.195721	3.0348708727377005
TD	Pbre1_07G210000	old	1.899507	1.5358076212339522
TRD	Pbre1_16G172400	old	322.790121	8.338915158732899
TRD	Pbre1_04G164000	old	16.652299	4.14178418432749
TRD	Pbre1_05G077800	old	186.236173	7.548715372379303
TRD	Pbre1_15G115000	old	37.617748	5.271192130642478
PD	Pbre1_10G348800	old	0.015745	0.02253826292690522
TRD	Pbre1_05G251000	old	4.841476	2.5463329493846483
TD	Pbre1_03G301800	old	12.74393	3.7807226886220375
TD	Pbre1_02G426800	old	11.296998	3.6202342560520395
TRD	Pbre1_15G729000	old	1.619781	1.389446215037733
TRD	Pbre1_12G364400	old	0.93356	0.9512595331610345
TRD	Pbre1_07G152600	old	0.021075	0.030088838942588094
TD	Pbre1_11G322600	old	0.0	0.0
PD	Pbre1_06G182800	old	1.404082	1.265486105273635
PD	Pbre1_06G282000	old	0.713566	0.7770017600152207
PD	Pbre1_10G282200	old	21.460009	4.48928660073152
TRD	Pbre1_02G506000	old	144.157318	7.181473495987848
PD	Pbre1_10G116600	old	0.283246	0.35979776353764487
TRD	Pbre1_15G556800	old	0.0	0.0
PD	Pbre1_15G088400	old	0.0	0.0
TRD	Pbre1_15G206200	old	43.517136	5.476288875089562
TD	Pbre1_10G387000	old	0.0	0.0
TRD	Pbre1_15G472800	old	66.963616	6.086690707952257
TRD	Pbre1_14G151600	old	4.560156	2.4751253608748827
TRD	Pbre1_14G189000	old	17.272304	4.191586653308245
PD	Pbre1_10G334600	old	0.0	0.0
TD	Pbre1_10G022400	old	10.966268	3.5809013743702085
PD	Pbre1_05G358400	old	0.0	0.0
TD	Pbre1_13G019800	old	0.0	0.0
TRD	Pbre1_06G366400	old	12.060487	3.707136788049317
PD	Pbre1_02G249000	old	0.0	0.0
TRD	Pbre1_15G035400	old	13.188712	3.826671727587444
PD	Pbre1_09G099400	old	1.449881	1.2927116737668705
TRD	Pbre1_15G020600	old	64.813987	6.040322317618922
TRD	Pbre1_11G213600	old	1.043524	1.0310591870716408
PD	Pbre1_04G182000	old	0.0	0.0
PD	Pbre1_02G060000	old	0.43869	0.5247557625834386
TD	Pbre1_07G161200	old	0.114791	0.15677326034608882
TD	Pbre1_07G428000	old	2.626201	1.8584588957567096
TRD	Pbre1_17G267400	old	14.274541	3.9330571225926976
TRD	Pbre1_15G331200	old	10.130064	3.4763899833639242
TRD	Pbre1_01G202000	old	24.285068	4.660213753246997
TD	Pbre1_08G364000	old	8.18091	3.1986371588047624
TD	Pbre1_12G067400	old	0.0	0.0
TD	Pbre1_17G361800	old	0.0	0.0
TRD	Pbre1_14G178000	old	0.015543	0.022251327347883487
TRD	Pbre1_07G468600	old	18.952453	4.318494220451989
TRD	Pbre1_10G086000	old	78.467709	6.312296847998805
TRD	Pbre1_10G256800	old	3.495535	2.168492816722542
TD	Pbre1_10G421000	old	2.047273	1.6075187544068084
PD	Pbre1_08G034000	old	0.167055	0.2228725527826139
TRD	Pbre1_17G503200	old	7.94525	3.161121802983741
TRD	Pbre1_09G008000	old	21.451013	4.488708636384087
TRD	Pbre1_13G412400	old	38.103993	5.28924402690004
TD	Pbre1_15G029000	old	0.0	0.0
TRD	Pbre1_01G205200	old	25.316263	4.717882730839509
TRD	Pbre1_02G113200	old	7.185735	3.0331119626062883
TD	Pbre1_08G287200	old	0.0	0.0
TD	Pbre1_13G099800	old	2.920734	1.9711237663384433
TD	Pbre1_04G232000	old	0.056275	0.07898548761891305
PD	Pbre1_13G429800	old	24.299443	4.661033717357001
TRD	Pbre1_06G345600	old	18.023843	4.2497368088569045
PD	Pbre1_02G234000	old	0.0	0.0
TRD	Pbre1_12G350200	old	3.467941	2.1596101348880548
PD	Pbre1_14G259400	old	0.183899	0.24354600798172435
TD	Pbre1_05G558600	old	0.179656	0.23836621598687857
PD	Pbre1_04G227600	old	0.941565	0.9572200068126695
TRD	Pbre1_13G107200	old	3.325704	2.112934947698765
TRD	Pbre1_06G046600	old	23.017943	4.586040692609697
PD	Pbre1_17G066200	old	0.0	0.0
PD	Pbre1_10G057200	old	0.086534	0.11973332027521628
TRD	Pbre1_05G005600	old	1.693986	1.429742353479112
PD	Pbre1_17G491400	old	0.0	0.0
TRD	Pbre1_04G337200	old	2.45158	1.7872569231548727
PD	Pbre1_01G133800	old	2.582515	1.8409727450681073
PD	Pbre1_01G121200	old	21.947131	4.520241884656743
TRD	Pbre1_12G440000	old	0.021137	0.030176437186612323
PD	Pbre1_06G009000	old	1.686759	1.4258669186349961
PD	Pbre1_09G139600	old	2.524007	1.8172167899947784
TD	Pbre1_07G281000	old	1.274336	1.185445407143499
PD	Pbre1_08G233200	old	0.013943	0.01997655181983617
TRD	Pbre1_04G148000	old	0.0	0.0
TRD	Pbre1_15G062400	old	17.897201	4.240100657245831
PD	Pbre1_11G345800	old	1.93899	1.5553204501852465
TRD	Pbre1_13G121000	old	0.232946	0.302109614632708
TD	Pbre1_08G338800	old	3.196909	2.0693271821487653
TD	Pbre1_17G272600	old	0.0	0.0
PD	Pbre1_13G354000	old	0.639819	0.7135365817864947
TRD	Pbre1_15G437200	old	18.930983	4.316940960822107
TRD	Pbre1_05G426000	old	0.0	0.0
TRD	Pbre1_02G386400	old	1.139704	1.0974112324823675
TRD	Pbre1_10G328600	old	0.073919	0.10288518261084775
TD	Pbre1_05G447600	old	0.033333	0.04730524939278463
TRD	Pbre1_05G537800	old	33.40247	5.1044402449549935
TRD	Pbre1_10G005800	old	1.642222	1.4017516871917728
TD	Pbre1_10G407600	old	1.52267	1.3349514942644074
TRD	Pbre1_06G104800	old	14.80795	3.982578383735209
PD	Pbre1_04G206600	old	1.238088	1.1622667631541792
TRD	Pbre1_10G337000	old	241.375204	7.921098302380808
TD	Pbre1_01G127600	old	0.821236	0.864917882209786
PD	Pbre1_04G263600	old	0.938901	0.955239141528592
PD	Pbre1_04G257000	old	4.034857	2.331950803391829
PD	Pbre1_03G409200	old	0.128078	0.17386682511498336
PD	Pbre1_03G039000	old	0.0	0.0
TRD	Pbre1_08G398800	old	50.16497	5.677084504652205
TD	Pbre1_17G281600	old	0.0	0.0
TD	Pbre1_02G054000	old	0.0	0.0
TD	Pbre1_10G481000	old	0.0	0.0
TD	Pbre1_02G288400	old	0.0	0.0
TD	Pbre1_09G062800	old	1.231034	1.1577124998024146
TD	Pbre1_14G114600	old	0.0	0.0
TD	Pbre1_13G068400	old	11.917689	3.6912760870200207
TRD	Pbre1_02G181000	old	104.331832	6.718797684339578
TD	Pbre1_03G174200	old	9.219077	3.3531929910007467
TRD	Pbre1_09G224000	old	4.541577	2.4702965911345762
TRD	Pbre1_01G092800	old	14.488856	3.953158686137131
TD	Pbre1_15G763600	old	5.0456	2.5958855279059483
TD	Pbre1_07G072000	old	0.589554	0.6686220282461928
TD	Pbre1_06G218000	old	74.494672	6.23830292541232
PD	Pbre1_10G513600	old	18.283928	4.269327043183818
TD	Pbre1_11G490000	old	10.230621	3.489365799015017
TRD	Pbre1_13G486800	old	141.515005	7.154970014311328
TRD	Pbre1_04G072400	old	3.77546	2.2556397085944533
TRD	Pbre1_07G499000	old	0.043419	0.06131860928163413
TD	Pbre1_06G042600	old	17.140868	4.181171582139471
TRD	Pbre1_06G174000	old	38.06653	5.287861211834195
TRD	Pbre1_12G247000	old	17.857536	4.237069274993014
TD	Pbre1_04G029600	old	12.242333	3.727085409707972
TD	Pbre1_12G150800	old	6.197087	2.8474130980787686
PD	Pbre1_14G053200	old	0.0	0.0
TD	Pbre1_15G246000	old	0.033259	0.04720193007956596
TRD	Pbre1_01G302000	old	14.473426	3.9517207568318073
TRD	Pbre1_04G118400	old	67.600912	6.100155851010396
PD	Pbre1_01G315600	old	0.996067	0.9971601470005577
PD	Pbre1_10G376600	old	0.101926	0.14002734276781087
TRD	Pbre1_03G215200	old	103.458505	6.706786151033678
TRD	Pbre1_03G432000	old	17.732244	4.227451830226672
TRD	Pbre1_10G497800	old	1.513116	1.3294772644387698
TD	Pbre1_01G197600	old	2.239618	1.6958237075554496
TRD	Pbre1_04G022600	old	16.856307	4.158361831354496
TRD	Pbre1_14G175400	old	17.302642	4.19398001253226
PD	Pbre1_05G458400	old	45.094223	5.526514043556972
PD	Pbre1_03G090000	old	0.162827	0.21763647530872893
TRD	Pbre1_12G439600	old	0.020804	0.02970588739807796
TRD	Pbre1_10G309600	old	58.886753	5.904165007838358
TD	Pbre1_16G309200	old	11.543328	3.64884827014852
TRD	Pbre1_17G107800	old	10.65435	3.542796637927562
TRD	Pbre1_11G077600	old	3.154965	2.0548363242786274
TRD	Pbre1_14G317000	old	1.097064	1.0683708915125512
TD	Pbre1_05G139400	old	1.057326	1.0407704187138256
TD	Pbre1_09G125000	old	0.0	0.0
TRD	Pbre1_16G473400	old	63.292168	6.006571095648058
PD	Pbre1_02G385400	old	0.0	0.0
TRD	Pbre1_13G472600	old	211.809329	7.733417585947619
TRD	Pbre1_11G361400	old	3.61415	2.2060649049178584
PD	Pbre1_04G054200	old	3.435866	2.1492157847837974
TRD	Pbre1_12G274800	old	6.898364	2.98155385664278
TRD	Pbre1_14G161800	old	11.004684	3.5855255228094527
PD	Pbre1_12G184800	old	0.0	0.0
PD	Pbre1_05G394800	old	157.314726	7.306651647012673
TRD	Pbre1_10G135800	old	68.530007	6.1195638296620745
TD	Pbre1_06G261400	old	19.475271	4.355810641638566
TD	Pbre1_02G214200	old	160.071579	7.3315581434529165
TRD	Pbre1_15G046000	old	12.271372	3.730245619723436
PD	Pbre1_04G051800	old	0.138124	0.18665774959471118
PD	Pbre1_09G274600	old	0.009694	0.01391813300542108
TD	Pbre1_15G679200	old	0.0	0.0
TD	Pbre1_08G188600	old	0.0	0.0
TD	Pbre1_10G366400	old	6.049412	2.817502925587726
TRD	Pbre1_04G355400	old	7.09223	3.0165373252278584
TD	Pbre1_08G295800	old	28.424241	4.878933296228948
TD	Pbre1_06G182600	old	0.0	0.0
TRD	Pbre1_11G161000	old	3.044884	2.016098329348848
TRD	Pbre1_07G439800	old	0.094633	0.13044725537145618
TD	Pbre1_15G145200	old	0.0	0.0
TRD	Pbre1_17G180800	old	0.0	0.0
TRD	Pbre1_10G375000	old	5.979938	2.803214221608309
TD	Pbre1_09G427400	old	20.384039	4.418462468756416
TD	Pbre1_11G412400	old	0.0	0.0
TRD	Pbre1_12G346000	old	6.8684	2.9760703006957345
TD	Pbre1_17G093600	old	0.141069	0.1903860334741036
PD	Pbre1_17G069000	old	0.072941	0.10157074585428938
TRD	Pbre1_15G132200	old	1.599776	1.3783873241726314
TRD	Pbre1_13G341400	old	21.256406	4.476148737675088
TRD	Pbre1_14G125200	old	49.691192	5.663663184091322
TRD	Pbre1_09G325000	old	44.438265	5.505835843381285
TD	Pbre1_01G415200	old	688.299126	9.428986375820053
TRD	Pbre1_16G429000	old	77.340941	6.291694552354986
TRD	Pbre1_07G098200	old	0.0	0.0
TD	Pbre1_12G378600	old	3.159604	2.056446188359169
TRD	Pbre1_02G311000	old	4.389056	2.430032578470566
TRD	Pbre1_10G223000	old	22.072212	4.528084420904303
TD	Pbre1_02G382000	old	0.106527	0.14603865429379434
TRD	Pbre1_15G106000	old	20.118845	4.400459030041251
PD	Pbre1_17G455800	old	0.0	0.0
TD	Pbre1_08G013200	old	0.738695	0.7980048788323634
TRD	Pbre1_12G131800	old	5.862087	2.778647417016654
PD	Pbre1_14G023400	old	0.0	0.0
PD	Pbre1_06G071400	old	0.0	0.0
TRD	Pbre1_08G106000	old	22.759262	4.570418119347768
TD	Pbre1_17G074800	old	2.199414	1.677807687390101
TD	Pbre1_09G117600	old	0.0	0.0
TD	Pbre1_11G225800	old	0.0	0.0
TRD	Pbre1_09G259200	old	8.279166	3.2139951435280745
TRD	Pbre1_11G222000	old	0.043514	0.061449956123127425
PD	Pbre1_12G265800	old	0.0	0.0
TD	Pbre1_09G110000	old	0.777905	0.8301782377275688
TRD	Pbre1_05G210000	old	6.813072	2.9658899091555466
TD	Pbre1_10G202000	old	3.580236	2.1954219361514467
TRD	Pbre1_15G208000	old	9.469007	3.388052701997026
PD	Pbre1_09G482200	old	4.31389	2.4097683636776797
PD	Pbre1_02G160000	old	1.665456	1.4143823670039983
TD	Pbre1_17G168400	old	16.88131	4.160380528347794
TRD	Pbre1_06G210800	old	0.029859	0.04244682874301421
TRD	Pbre1_15G262400	old	115.931608	6.869521149935923
TRD	Pbre1_05G337200	old	8.077484	3.182292482129201
TRD	Pbre1_13G428800	old	1.269194	1.182179954481203
TD	Pbre1_04G065200	old	0.038222	0.05411496397955715
TD	Pbre1_04G260000	old	0.0	0.0
TRD	Pbre1_09G459800	old	0.0	0.0
TRD	Pbre1_11G226400	old	30.655871	4.98440118623431
PD	Pbre1_04G391000	old	1.543587	1.3468644405036696
TRD	Pbre1_11G218200	old	0.237261	0.3071498686950384
TD	Pbre1_12G206200	old	10.451899	3.517514946547388
TRD	Pbre1_13G414400	old	2.446101	1.7849649853886902
PD	Pbre1_05G323200	old	0.0	0.0
TRD	Pbre1_10G535800	old	6.778647	2.9595192379697246
TRD	Pbre1_16G009400	old	0.038312	0.05424002097718994
TRD	Pbre1_06G045600	old	1.905437	1.5387551723450033
TD	Pbre1_01G426200	old	0.98474	0.988950027379031
TD	Pbre1_16G304400	old	0.463719	0.5496386163149702
TD	Pbre1_05G488800	old	0.0	0.0
PD	Pbre1_04G018200	old	1036.467016	10.018849754509924
TRD	Pbre1_15G038800	old	11.281495	3.6184142824527603
TD	Pbre1_14G263200	old	0.035349	0.05011715970396201
TRD	Pbre1_13G386800	old	15.401914	4.035792272973878
TRD	Pbre1_03G146400	old	163.61927	7.36298941439347
TRD	Pbre1_05G055800	old	0.31618	0.39635680468816936
TRD	Pbre1_12G039600	old	0.414409	0.5001993598575776
TRD	Pbre1_08G336800	old	0.024374	0.034742540957929766
TRD	Pbre1_10G051800	old	3.42511	2.1457133183554165
TD	Pbre1_11G178000	old	0.0	0.0
TRD	Pbre1_10G514200	old	12.484122	3.753189680422001
PD	Pbre1_15G694600	old	2.728085	1.8984347536833142
TD	Pbre1_14G037000	old	20.644929	4.435957163096862
TRD	Pbre1_02G211000	old	0.890162	0.9185098887218881
PD	Pbre1_17G445200	old	9.860821	3.441061259526818
PD	Pbre1_15G766400	old	19.619309	4.365924080407288
TD	Pbre1_14G256600	old	3.593253	2.1995162505287817
TRD	Pbre1_05G229600	old	1.073784	1.0522656345768147
TD	Pbre1_04G269400	old	0.151439	0.20343798322926832
TD	Pbre1_16G305000	old	0.0	0.0
TRD	Pbre1_05G240800	old	27.503548	4.833069605863549
TRD	Pbre1_13G340400	old	75.64043	6.260033750391613
TRD	Pbre1_17G136000	old	7.594093	3.1033453891566323
TD	Pbre1_06G312400	old	0.0	0.0
TRD	Pbre1_08G185400	old	7.722736	3.124780726116835
PD	Pbre1_02G461400	old	0.0	0.0
TRD	Pbre1_05G375800	old	4.99573	2.583935417236486
PD	Pbre1_05G308200	old	18.969544	4.319729484431905
TRD	Pbre1_10G029600	old	0.308808	0.3882534717946936
TRD	Pbre1_15G652600	old	4.339863	2.41680272847537
TRD	Pbre1_05G164000	old	61.488653	5.965522336712717
TD	Pbre1_17G451600	old	0.754737	0.8112548155846911
TD	Pbre1_04G300600	old	0.0	0.0
TRD	Pbre1_10G174400	old	0.0	0.0
PD	Pbre1_17G471800	old	2.408594	1.769176769302201
TRD	Pbre1_05G420000	old	1.051479	1.036664386133483
TRD	Pbre1_02G288000	old	44.039744	5.49312672223934
TD	Pbre1_02G471600	old	0.0	0.0
TD	Pbre1_04G330000	old	90.70381	6.518909769317504
TRD	Pbre1_05G075800	old	50.474635	5.685789789816638
TD	Pbre1_01G186200	old	2.191997	1.6744592956432298
TRD	Pbre1_10G473600	old	0.201832	0.2652352407193882
PD	Pbre1_15G146600	old	0.0	0.0
TRD	Pbre1_04G300200	old	22.568184	4.558768693733033
TRD	Pbre1_07G239000	old	9.349461	3.371483729000782
TRD	Pbre1_15G086200	old	19.727769	4.37349293753598
TD	Pbre1_12G157600	old	0.0	0.0
TRD	Pbre1_02G063200	old	30.894548	4.995237928106707
TD	Pbre1_14G184000	old	0.0	0.0
TRD	Pbre1_11G051400	old	8.333841	3.222470891507619
TRD	Pbre1_13G025800	old	2.152455	1.6564757768214728
PD	Pbre1_05G358600	old	0.0	0.0
TRD	Pbre1_10G085200	old	0.077797	0.10808547616842278
TRD	Pbre1_12G229400	old	60.821736	5.950042261594438
PD	Pbre1_13G239000	old	0.332427	0.414056493867799
PD	Pbre1_17G487000	old	0.068691	0.09584477428439979
TRD	Pbre1_07G156400	old	3.634914	2.21254257015079
TD	Pbre1_02G312200	old	0.0	0.0
TD	Pbre1_13G063200	old	0.022416	0.03198231860806635
TRD	Pbre1_01G039000	old	208.53673	7.711059347991555
TRD	Pbre1_04G223200	old	0.120009	0.16351032532145035
TD	Pbre1_17G137200	old	0.0	0.0
TRD	Pbre1_02G304400	old	10.522558	3.5263891245364762
PD	Pbre1_06G170400	old	10.226662	3.488857132875302
PD	Pbre1_10G297400	old	0.664492	0.7350819365111813
TD	Pbre1_07G373600	old	50.215196	5.678500028962583
TD	Pbre1_06G240600	old	0.0	0.0
TD	Pbre1_01G346000	old	1.608381	1.3831546159893753
TD	Pbre1_17G451000	old	0.0	0.0
TRD	Pbre1_05G595000	old	13.087876	3.8163822107752847
PD	Pbre1_09G074400	old	0.307643	0.38696872399417465
TD	Pbre1_16G413000	old	29.256874	4.9191910375755565
PD	Pbre1_05G251800	old	0.0	0.0
TRD	Pbre1_16G147800	old	7.911677	3.155696943748084
TD	Pbre1_11G462400	old	0.0	0.0
TRD	Pbre1_09G149200	old	4.890796	2.558462592911537
TRD	Pbre1_07G395200	old	1.57956	1.3671250036511768
TRD	Pbre1_15G294200	old	2.563707	1.8333787265838462
TRD	Pbre1_05G402000	old	0.682226	0.7503715386350296
TRD	Pbre1_07G491600	old	0.046587	0.06569224398881592
TRD	Pbre1_17G099600	old	2.257171	1.703619462557285
TRD	Pbre1_09G204800	old	12.693259	3.7753939442286595
TRD	Pbre1_12G038600	old	484.280987	8.922676527111227
TRD	Pbre1_16G244200	old	27.11806	4.813425154271871
TD	Pbre1_15G575000	old	0.504354	0.5891440975673616
TRD	Pbre1_11G402400	old	67.07031	6.088953774832436
TD	Pbre1_08G140000	old	13.755441	3.8831751345326038
TRD	Pbre1_02G396000	old	1.804304	1.4876427528861689
TRD	Pbre1_01G207400	old	0.0	0.0
PD	Pbre1_10G230000	old	0.030077	0.04275218533670224
TD	Pbre1_15G488400	old	14.770608	3.979166375921062
TD	Pbre1_02G197600	old	0.096876	0.1334004406941289
TRD	Pbre1_07G363000	old	0.99152	0.9938699681559947
PD	Pbre1_14G407600	old	0.0	0.0
PD	Pbre1_14G407800	old	48.159268	5.619391528485805
TRD	Pbre1_12G287200	old	20.000383	4.392343734548378
TRD	Pbre1_13G343800	old	4.704298	2.5120493520293667
TD	Pbre1_10G543000	old	18.433296	4.280458706031089
TRD	Pbre1_15G628000	old	4.920786	2.5657887101499726
PD	Pbre1_04G297400	old	302.492616	8.245517605795143
TRD	Pbre1_08G088400	old	37.779986	5.277240377503439
PD	Pbre1_02G273000	old	21.913177	4.518105602607833
TD	Pbre1_09G469400	old	4.28083	2.400764699049084
TRD	Pbre1_02G189400	old	456.033586	8.836156378198591
TD	Pbre1_09G195000	old	0.692391	0.7590629186904435
TRD	Pbre1_04G276200	old	30.458608	4.975382929788228
TRD	Pbre1_09G222400	old	0.258659	0.331887476349626
TRD	Pbre1_03G157400	old	2.986668	1.9951834662088461
TRD	Pbre1_16G471600	old	21.417758	4.486570096312657
TD	Pbre1_15G027200	old	26.559382	4.784471631858021
TRD	Pbre1_06G085200	old	0.863763	0.8982184155376228
TRD	Pbre1_10G070800	old	4.704954	2.5122152538690083
PD	Pbre1_08G077600	old	1.260727	1.1767867861957022
TD	Pbre1_12G035200	old	21.996722	4.5233563259970255
PD	Pbre1_10G256000	old	0.0	0.0
TRD	Pbre1_04G322400	old	3.229254	2.080403208164356
TD	Pbre1_13G243800	old	18.135738	4.258197636782656
TD	Pbre1_15G624800	old	20.961347	4.456894639695973
PD	Pbre1_07G202800	old	0.454916	0.5409358611186224
PD	Pbre1_08G221000	old	3.09782	2.0348566142147737
TRD	Pbre1_13G073800	old	31.82781	5.036846603326275
TD	Pbre1_13G020200	old	2.313849	1.728507865711343
TD	Pbre1_03G230000	old	0.0	0.0
TRD	Pbre1_15G208600	old	7.880605	3.1506579649501383
TRD	Pbre1_11G001000	old	63.66334	6.014876122564613
TRD	Pbre1_08G331000	old	0.021151	0.03019621669917148
TD	Pbre1_11G119000	old	55.064961	5.809027504142353
TRD	Pbre1_09G032800	old	13.948678	3.9019459988976357
TRD	Pbre1_13G343200	old	1.893319	1.5327253949393336
TRD	Pbre1_11G254200	old	0.0	0.0
TD	Pbre1_06G335000	old	0.025542	0.036386577094152
TRD	Pbre1_17G438800	old	822.347632	9.685357880531896
TRD	Pbre1_02G039000	old	0.030462	0.04329130407913415
PD	Pbre1_15G759600	old	8.40615	3.2336043390564755
PD	Pbre1_05G435800	old	134.160384	7.078528544191302
TD	Pbre1_15G117800	old	0.124826	0.16970184735162708
PD	Pbre1_03G427000	old	1.72757	1.447616222160971
TD	Pbre1_02G172200	old	9.575696	3.402680706951894
TRD	Pbre1_01G263600	old	162.773682	7.355559728080449
TRD	Pbre1_08G219200	old	10.365221	3.506553832937016
TD	Pbre1_15G768800	old	113.536817	6.839667606136975
TRD	Pbre1_05G325200	old	1.579461	1.3670696339176305
TRD	Pbre1_16G103400	old	11.712891	3.668220241444963
TRD	Pbre1_04G195000	old	22.960401	4.582580148083774
TD	Pbre1_10G465800	old	0.0	0.0
TRD	Pbre1_09G135000	old	7.194725	3.0346955359271597
TRD	Pbre1_09G303000	old	17.758942	4.229506557367734
TD	Pbre1_08G078800	old	1.876084	1.524105812291018
TRD	Pbre1_13G486000	old	2.89929	1.9632114555827989
TRD	Pbre1_05G386200	old	14.155481	3.921767735548211
TRD	Pbre1_15G746400	old	30.235344	4.965107513516936
TD	Pbre1_14G091200	old	0.067174	0.09379542308941224
TRD	Pbre1_11G482000	old	4.699715	2.510889782721906
TD	Pbre1_02G047400	old	0.0	0.0
PD	Pbre1_16G224200	old	4.738172	2.520591213109711
PD	Pbre1_14G023600	old	0.0	0.0
PD	Pbre1_14G015600	old	26.064327	4.758320608347847
TRD	Pbre1_06G040800	old	69.789389	6.145461218128498
PD	Pbre1_06G075800	old	1.784241	1.4772840942529708
PD	Pbre1_09G341600	old	1.630758	1.3954785429707308
TD	Pbre1_04G298200	old	33.293785	5.099875237987852
TRD	Pbre1_11G344600	old	0.078959	0.10964004404695903
TRD	Pbre1_10G137400	old	17.307345	4.194350676133677
PD	Pbre1_01G155800	old	4.286445	2.402297872628267
PD	Pbre1_13G479800	old	0.0	0.0
TRD	Pbre1_17G127600	old	0.305606	0.38471959243916887
TD	Pbre1_05G205400	old	7.003082	3.0005556912313502
TD	Pbre1_15G214800	old	10.876245	3.5700068555878857
TD	Pbre1_01G315200	old	0.147508	0.19850421160866516
TRD	Pbre1_04G088800	old	23.011315	4.58564251103497
TRD	Pbre1_13G145600	old	5.361573	2.669383538891489
TRD	Pbre1_08G181800	old	8.235792	3.2072356824290975
TRD	Pbre1_01G280200	old	0.468439	0.5542833363298725
TD	Pbre1_09G450600	old	1.367672	1.2434692343667737
PD	Pbre1_14G412800	old	15.164256	4.014735200259669
TD	Pbre1_15G051000	old	5.902341	2.7870857497595902
TRD	Pbre1_15G236000	old	25.386576	4.7217322493292295
PD	Pbre1_17G443600	old	1.894177	1.5331531558757217
TRD	Pbre1_13G222800	old	28.74257	4.894457408251521
TRD	Pbre1_02G364000	old	90.905559	6.5220802218987375
TRD	Pbre1_08G023200	old	68.612728	6.121279207623234
TRD	Pbre1_07G062800	old	29.806662	4.945170465127783
TRD	Pbre1_13G340000	old	0.0	0.0
TD	Pbre1_10G352000	old	0.0	0.0
TRD	Pbre1_14G264200	old	39.710887	5.347342749835208
PD	Pbre1_05G376200	old	0.110049	0.1506233617075699
PD	Pbre1_10G073000	old	0.0	0.0
TD	Pbre1_03G337600	old	95.240192	6.588567615593076
TRD	Pbre1_13G035200	old	3.482075	2.164166790129603
TD	Pbre1_02G437800	old	0.450291	0.536342405161135
TD	Pbre1_13G254800	old	0.0	0.0
TD	Pbre1_04G099600	old	0.0	0.0
TRD	Pbre1_04G382400	old	34.955032	5.1681217885955855
TD	Pbre1_11G411400	old	0.0	0.0
TD	Pbre1_01G335600	old	0.017402	0.02488983535332645
TD	Pbre1_10G295800	old	0.194116	0.2559429911219077
TRD	Pbre1_03G206400	old	19.85969	4.382645812726542
TD	Pbre1_05G253200	old	0.0	0.0
TRD	Pbre1_13G242000	old	12.789961	3.785546471595227
TRD	Pbre1_04G413200	old	39.786676	5.350026031198449
TRD	Pbre1_03G077000	old	2.868485	1.9517686798279734
TD	Pbre1_13G301000	old	0.0	0.0
TD	Pbre1_11G352000	old	0.016561	0.023696788480269723
TRD	Pbre1_15G276800	old	23.84386	4.634817437939392
TRD	Pbre1_13G094600	old	0.377558	0.4621130625719789
PD	Pbre1_10G241200	old	0.074027	0.10303026173718269
TRD	Pbre1_15G080400	old	13.887237	3.896004116350572
TRD	Pbre1_06G363800	old	10.159351	3.4801812209516214
TD	Pbre1_10G390800	old	0.068365	0.09540461868063645
TD	Pbre1_03G026400	old	43.377183	5.471746185114531
TRD	Pbre1_12G353000	old	61.252578	5.960061678105082
PD	Pbre1_10G373400	old	0.460645	0.5466055833620755
TRD	Pbre1_15G758600	old	1.856458	1.5142273173760248
PD	Pbre1_02G272000	old	4.938866	2.570187481133545
TRD	Pbre1_05G163200	old	90.848989	6.521191936281541
PD	Pbre1_01G402400	old	0.084162	0.11658034629907311
TRD	Pbre1_06G093200	old	0.0	0.0
TRD	Pbre1_07G196000	old	4.915001	2.56437841246953
TD	Pbre1_04G057000	old	10.386808	3.509291476001105
TRD	Pbre1_09G185000	old	10.530079	3.527330492744157
TRD	Pbre1_03G142400	old	47.847164	5.610202898597775
TRD	Pbre1_06G275000	old	14.345819	3.939773738782868
PD	Pbre1_15G030800	old	19.859518	4.382633916836906
TRD	Pbre1_10G307600	old	9.326926	3.36833896820487
TRD	Pbre1_10G238800	old	2.107096	1.6355668171225488
TRD	Pbre1_08G152800	old	11.061084	3.592287671374501
TRD	Pbre1_15G043200	old	74.173593	6.232154055479542
TRD	Pbre1_06G178200	old	7.192931	3.034379664650182
TRD	Pbre1_13G146000	old	70.595076	6.161788463457047
TD	Pbre1_13G049000	old	0.259508	0.3328602856479167
TRD	Pbre1_15G065200	old	7.494611	3.0865478825218413
TRD	Pbre1_13G334600	old	28.28001	4.87184414123295
TD	Pbre1_09G108400	old	1.223248	1.1526688878224012
PD	Pbre1_05G109200	old	10.589774	3.5347805290265537
TRD	Pbre1_05G455400	old	10.936193	3.5772708631645136
TD	Pbre1_05G440200	old	202.770808	7.6708035770479475
TRD	Pbre1_13G328000	old	38.171848	5.291745286427123
TD	Pbre1_03G404400	old	14.715223	3.97409083910239
TD	Pbre1_17G163600	old	0.0	0.0
TD	Pbre1_02G429400	old	2.901101	1.9638813504037107
TRD	Pbre1_09G490400	old	7.65859	3.1141321097525356
TRD	Pbre1_09G046200	old	13.076455	3.8152121477643677
PD	Pbre1_14G213800	old	0.744587	0.8028855444161477
TRD	Pbre1_10G535200	old	1.400693	1.263450923894949
TRD	Pbre1_09G230600	old	0.336226	0.41816403588445467
TD	Pbre1_09G056200	old	0.644718	0.7178402436094429
TRD	Pbre1_02G282000	old	7.528143	3.0922316294269634
TRD	Pbre1_13G309000	old	0.436303	0.5223601297217972
TRD	Pbre1_06G330600	old	1.18581	1.1281680012061017
TD	Pbre1_15G283600	old	0.0	0.0
TRD	Pbre1_03G326800	old	10.667015	3.5443635903327135
TD	Pbre1_14G335000	old	7.182394	3.032523007790677
PD	Pbre1_08G138400	old	0.196615	0.25895905292079746
TRD	Pbre1_12G197200	old	115.57853	6.865158304945904
PD	Pbre1_05G243200	old	0.0	0.0
TD	Pbre1_05G181800	old	0.0	0.0
TRD	Pbre1_13G142000	old	6.92992	2.987306311555301
TRD	Pbre1_06G363200	old	11.181044	3.6065658824071476
PD	Pbre1_10G245600	old	0.0	0.0
PD	Pbre1_05G252000	old	0.0	0.0
PD	Pbre1_12G380600	old	18.913054	4.31564259433711
TRD	Pbre1_16G058000	old	21.298227	4.478857096512855
TD	Pbre1_02G023000	old	193.334806	7.602400505245275
TRD	Pbre1_16G466000	old	0.0	0.0
TRD	Pbre1_05G397600	old	65.67753	6.0591287570588355
TRD	Pbre1_10G317600	old	19.158322	4.333303647265244
TRD	Pbre1_16G481000	old	22.422612	4.5498300635243005
TRD	Pbre1_17G473200	old	5.426948	2.684133799674109
TRD	Pbre1_15G052400	old	0.23576	0.30539858108180146
TRD	Pbre1_02G202000	old	16.876416	4.159985617912259
PD	Pbre1_09G194800	old	0.0	0.0
TRD	Pbre1_14G453200	old	505.735248	8.98508837455811
TD	Pbre1_13G073400	old	100.608181	6.666872755398279
TRD	Pbre1_17G384400	old	118.250995	6.897857493536556
TRD	Pbre1_06G242000	old	87.281242	6.464035021453648
TRD	Pbre1_06G166000	old	5.032576	2.5927741860120896
TRD	Pbre1_08G018800	old	54.226055	5.78727716897004
TD	Pbre1_04G236400	old	4.368516	2.4245233442027994
PD	Pbre1_05G089600	old	0.536255	0.6194177060989725
PD	Pbre1_13G196000	old	0.0	0.0
TRD	Pbre1_17G031400	old	17.19676	4.18560969102294
PD	Pbre1_15G461000	old	0.48395	0.5694424828163445
TRD	Pbre1_17G106600	old	0.281857	0.35823532833901384
TRD	Pbre1_16G307200	old	240.337214	7.914906584871203
TRD	Pbre1_05G475000	old	30.737848	4.988132403747831
TRD	Pbre1_09G143600	old	10.331735	3.5022968637477683
TRD	Pbre1_08G098800	old	5.933841	2.793654754460917
TRD	Pbre1_06G003600	old	15.047586	4.004284387390074
TRD	Pbre1_17G174400	old	0.0	0.0
PD	Pbre1_11G475800	old	0.331686	0.41325394753972156
PD	Pbre1_05G393400	old	1.034198	1.024460111700577
TRD	Pbre1_10G153400	old	0.989281	0.9922470814368778
PD	Pbre1_12G358600	old	0.48784	0.5732193896060842
TD	Pbre1_08G232800	old	1.773265	1.47158548003379
TD	Pbre1_09G259000	old	20.365903	4.4172383866825164
TRD	Pbre1_06G388400	old	1.53673	1.3429699725393238
TRD	Pbre1_09G246800	old	5.011565	2.5877406188604035
TRD	Pbre1_10G318400	old	0.698091	0.7639137743979578
TD	Pbre1_01G270600	old	0.1367	0.18485154568041529
TRD	Pbre1_11G109200	old	0.0	0.0
TRD	Pbre1_06G104600	old	0.0	0.0
PD	Pbre1_11G034400	old	9.224018	3.3538903762387293
TRD	Pbre1_16G329600	old	198.597595	7.640950527170957
TRD	Pbre1_07G103400	old	10.53906	3.528453798197109
PD	Pbre1_03G426800	old	0.439598	0.5256660030740234
PD	Pbre1_12G316000	old	0.063225	0.08844693274401845
PD	Pbre1_17G019400	old	0.0	0.0
TRD	Pbre1_17G403600	old	402.388872	8.65602747567936
TRD	Pbre1_08G120400	old	41.794593	5.419356621774002
PD	Pbre1_17G220800	old	3.36408	2.12567754862426
TD	Pbre1_03G446000	old	8.582643	3.2604236222563188
TRD	Pbre1_12G369000	old	22.747756	4.569719289988912
PD	Pbre1_12G160600	old	0.0	0.0
TD	Pbre1_17G170800	old	0.015674	0.022437415836329883
TRD	Pbre1_14G189200	old	13.16176	3.8239286671928188
TD	Pbre1_01G222200	old	0.323827	0.40471460058203096
PD	Pbre1_16G334800	old	0.0	0.0
TD	Pbre1_15G759200	old	1.609555	1.3838038090828066
TD	Pbre1_01G125600	old	0.025716	0.0366313331781911
TRD	Pbre1_07G193200	old	0.0	0.0
PD	Pbre1_16G451400	old	0.0	0.0
TRD	Pbre1_05G291800	old	24.755514	4.686809426944353
PD	Pbre1_10G199600	old	0.0	0.0
TD	Pbre1_15G030200	old	0.623069	0.6987243331217685
TRD	Pbre1_09G164200	old	4.993035	2.583286799434621
PD	Pbre1_07G160000	old	0.050963	0.07171187895171866
TRD	Pbre1_01G353200	old	107.590908	6.762759505325657
TRD	Pbre1_03G275400	old	19.871498	4.38346224495931
TRD	Pbre1_09G194000	old	2.782348	1.9192821064863173
PD	Pbre1_16G162400	old	0.0	0.0
TD	Pbre1_02G067200	old	5.866581	2.7795919327912846
TD	Pbre1_11G039400	old	0.088223	0.12197422573175853
TD	Pbre1_15G384800	old	0.0	0.0
TD	Pbre1_05G513800	old	0.189757	0.2506669426980919
TD	Pbre1_01G388200	old	152.474185	7.261852198435107
TD	Pbre1_09G226600	old	0.657301	0.7288356494938475
TD	Pbre1_14G115000	old	7.179995	3.03209996132382
PD	Pbre1_17G146200	old	0.0	0.0
TRD	Pbre1_10G484600	old	20.938056	4.455363784556545
TRD	Pbre1_04G138600	old	9.929505	3.4501561573595176
TD	Pbre1_10G382800	old	1.491101	1.316783515856224
TRD	Pbre1_01G352400	old	0.044133	0.062305491811374146
TD	Pbre1_13G089200	old	0.0	0.0
PD	Pbre1_02G489800	old	9.701515	3.4197431464920514
TRD	Pbre1_15G219000	old	3.150741	2.0533689127477848
TRD	Pbre1_11G180000	old	6.688751	2.942749258466011
PD	Pbre1_08G313800	old	17.204947	4.186258635562761
TD	Pbre1_11G130200	old	0.411855	0.49759192889047277
TRD	Pbre1_10G026400	old	47.516487	5.6004031859236125
TD	Pbre1_13G088400	old	3.177709	2.0627120044016527
TD	Pbre1_11G159400	old	0.0	0.0
TRD	Pbre1_04G401600	old	0.605248	0.6827962012296787
TRD	Pbre1_10G572400	old	1.786099	1.4782465229325061
PD	Pbre1_07G348600	old	75.143728	6.250653300924229
TD	Pbre1_09G122600	old	1521.193654	10.571936195338665
TRD	Pbre1_02G069800	old	242.502454	7.927792501531174
TRD	Pbre1_05G177400	old	7.709568	3.1226011620257403
TRD	Pbre1_16G504000	old	24.877855	4.693646133040304
TRD	Pbre1_10G002800	old	17.360871	4.198562593594162
PD	Pbre1_12G331600	old	943.413165	9.883274342467743
TRD	Pbre1_11G272200	old	16.731687	4.148257896253838
TD	Pbre1_17G430000	old	0.023144	0.033009208099560164
TRD	Pbre1_07G193800	old	22.059837	4.527310410126709
TRD	Pbre1_07G244800	old	0.810118	0.8560837483945973
TRD	Pbre1_16G106400	old	22.233058	4.538107153083938
TRD	Pbre1_16G438400	old	0.0	0.0
TD	Pbre1_05G023400	old	10.864262	3.5685504573615865
TD	Pbre1_14G432200	old	37.775456	5.2770718423658876
TRD	Pbre1_10G129600	old	0.0	0.0
TD	Pbre1_11G355400	old	0.0	0.0
TD	Pbre1_13G054600	old	0.061046	0.08548720340942287
TRD	Pbre1_14G167600	old	20.424692	4.421202559282708
TRD	Pbre1_12G116400	old	9.240376	3.3561967832112627
PD	Pbre1_02G173400	old	0.045132	0.06368516596059753
TRD	Pbre1_06G088400	old	2.013619	1.5914970342034138
TD	Pbre1_01G325000	old	0.331763	0.41333736383053815
PD	Pbre1_17G451000	old	0.0	0.0
TRD	Pbre1_01G403400	old	17.646644	4.220844094256278
PD	Pbre1_11G030200	old	6.177338	2.843448862669069
PD	Pbre1_05G437000	old	0.062543	0.08752122678584782
TD	Pbre1_08G058200	old	0.0	0.0
TD	Pbre1_03G370800	old	4.22189	2.3845720673547053
TRD	Pbre1_16G013000	old	18.272162	4.268446520787587
TD	Pbre1_04G288200	old	0.0	0.0
TRD	Pbre1_15G217400	old	0.0	0.0
TD	Pbre1_14G334000	old	7.692381	3.119751411376541
TD	Pbre1_10G570000	old	0.0	0.0
PD	Pbre1_05G371600	old	0.100783	0.13853009498815283
TRD	Pbre1_17G387000	old	52.557209	5.743008875064627
TRD	Pbre1_01G192000	old	41.166318	5.398019144603574
PD	Pbre1_01G146000	old	0.089018	0.123027800056769
PD	Pbre1_11G285200	old	0.0	0.0
TRD	Pbre1_02G205200	old	259.079217	8.022807307513919
TRD	Pbre1_14G064000	old	39.859991	5.352616981184229
PD	Pbre1_14G214200	old	24.187815	4.654654071052878
TRD	Pbre1_04G252200	old	34.419032	5.146452878747858
TRD	Pbre1_08G112200	old	32.942517	5.085021646473208
TD	Pbre1_07G115000	old	0.249373	0.32120425750125564
PD	Pbre1_06G283000	old	0.428934	0.5149392823737996
TRD	Pbre1_03G370000	old	4.477966	2.453640311719886
TRD	Pbre1_01G329000	old	38.617881	5.308079813263541
TD	Pbre1_08G367000	old	17.492149	4.208840987097706
TRD	Pbre1_07G470200	old	0.382738	0.46752782177496466
TD	Pbre1_11G409200	old	0.0	0.0
TRD	Pbre1_13G092400	old	4.182448	2.3736337355954724
TRD	Pbre1_10G093000	old	0.091401	0.12618127069819776
TD	Pbre1_03G150400	old	8.993759	3.321027427829945
TRD	Pbre1_08G127600	old	13.619748	3.869846538716453
TRD	Pbre1_10G368200	old	0.0	0.0
TD	Pbre1_12G325000	old	0.056817	0.0797255791334421
TRD	Pbre1_05G272600	old	3.048146	2.017261323055341
TRD	Pbre1_09G151800	old	0.030994	0.04403593678416568
TRD	Pbre1_15G039000	old	31.174519	5.0078466756098985
TD	Pbre1_05G033000	old	2.849808	1.9447864966244144
PD	Pbre1_02G412600	old	0.006478	0.009315637596776633
TD	Pbre1_14G052600	old	0.029299	0.041662130101321214
TRD	Pbre1_14G003800	old	33.513294	5.109080268187803
TRD	Pbre1_10G410600	old	8.90993	3.308874866795261
TRD	Pbre1_10G364800	old	3.757581	2.250228219253585
TRD	Pbre1_09G490800	old	18.874323	4.312833812080443
PD	Pbre1_02G038600	old	0.318311	0.398690753676913
TD	Pbre1_06G170600	old	0.226613	0.2946801462723485
TRD	Pbre1_04G040200	old	4.894427	2.5593515749629114
TRD	Pbre1_01G345800	old	0.921568	0.9422840310595408
PD	Pbre1_01G426600	old	0.281396	0.3577163921114774
TRD	Pbre1_04G347200	old	15.888852	4.077999360848137
TRD	Pbre1_16G029600	old	4.865513	2.552257292429437
TRD	Pbre1_02G395400	old	0.0	0.0
TRD	Pbre1_10G472600	old	12.647929	3.7706101414089623
TRD	Pbre1_13G029600	old	0.0	0.0
PD	Pbre1_09G137800	old	0.109877	0.15039980151004123
TD	Pbre1_10G460400	old	1.035377	1.0252960405141736
TRD	Pbre1_01G151800	old	3.922408	2.2993642423514915
TD	Pbre1_05G037400	old	0.254604	0.3272320674511986
TRD	Pbre1_03G052000	old	3.036363	2.0130559253735076
PD	Pbre1_02G377800	old	0.1022	0.14038603228305638
TRD	Pbre1_17G440400	old	10.552192	3.5300947203367494
PD	Pbre1_02G396400	old	3.369288	2.1273982036255354
PD	Pbre1_09G461000	old	6.771414	2.958177119249635
TRD	Pbre1_10G022000	old	0.957177	0.9687742339795901
TD	Pbre1_11G408800	old	0.0	0.0
TD	Pbre1_09G156200	old	0.046373	0.06539721996558943
PD	Pbre1_08G146400	old	17.758763	4.229492790938666
TRD	Pbre1_17G046600	old	26.911921	4.80280951423229
TD	Pbre1_02G477600	old	2.5655	1.8341044040015038
TD	Pbre1_07G042600	old	0.0	0.0
TD	Pbre1_02G217400	old	1.386759	1.2550528994494259
TD	Pbre1_02G470800	old	0.859008	0.894532978721888
TRD	Pbre1_06G029000	old	5.667239	2.7370894442192792
TD	Pbre1_04G248000	old	39.913452	5.3545033620859
PD	Pbre1_07G160200	old	0.0	0.0
TRD	Pbre1_01G148200	old	0.502558	0.5874206812508453
TRD	Pbre1_04G231200	old	22.619616	4.56191360494847
TD	Pbre1_03G338200	old	0.13007	0.1764121403617233
TRD	Pbre1_14G306400	old	125.828495	6.986735106992788
TD	Pbre1_10G060000	old	16.30701	4.11328459771036
TD	Pbre1_10G462200	old	0.0	0.0
TRD	Pbre1_04G118600	old	6.766956	2.95734929307884
TRD	Pbre1_15G237000	old	14.190288	3.9250773177380864
TRD	Pbre1_10G244800	old	70.411009	6.15807459778849
TD	Pbre1_01G368600	old	0.0	0.0
PD	Pbre1_14G311800	old	16.652982	4.14184000377915
TD	Pbre1_10G423600	old	0.0	0.0
PD	Pbre1_15G489800	old	0.108916	0.14915008599265095
TRD	Pbre1_02G255800	old	28.574473	4.886280555690446
PD	Pbre1_09G393200	old	15.965796	4.084557214786662
TRD	Pbre1_13G033600	old	8.599173	3.262910118313748
TD	Pbre1_17G033400	old	0.051708	0.07273420517435465
TD	Pbre1_15G064000	old	1.216743	1.1484415198138809
TRD	Pbre1_11G250000	old	43.522511	5.476463055606118
TRD	Pbre1_04G102800	old	15.555189	4.049211576042467
PD	Pbre1_06G030600	old	0.0	0.0
TRD	Pbre1_16G441800	old	16.421058	4.122760337940283
TRD	Pbre1_16G257000	old	19.256817	4.340335592862558
TRD	Pbre1_15G064200	old	59.50192	5.918909021250233
TRD	Pbre1_05G361200	old	0.0	0.0
TRD	Pbre1_17G015400	old	34.474572	5.148713373191445
TRD	Pbre1_10G515000	old	15.222546	4.019928351762335
TRD	Pbre1_16G084400	old	6.020656	2.8116058401779767
TD	Pbre1_03G062600	old	14.881549	3.9892797268665237
TRD	Pbre1_13G304400	old	0.0	0.0
TRD	Pbre1_16G381200	old	0.0	0.0
TD	Pbre1_11G163600	old	39.22669	5.330081127480649
TRD	Pbre1_04G362600	old	13.665289	3.8743335965828862
TRD	Pbre1_11G204800	old	12.822409	3.788937168607828
TRD	Pbre1_16G190400	old	62.647531	5.992032645413941
TD	Pbre1_02G507800	old	399.161458	8.644438408917484
TRD	Pbre1_16G372600	old	38.324856	5.297369577668407
TRD	Pbre1_07G206600	old	9.073228	3.332454168831209
PD	Pbre1_12G284000	old	0.722263	0.7843054678356514
PD	Pbre1_07G147400	old	0.134798	0.1824355130807216
TD	Pbre1_09G255600	old	1.832376	1.5020127969633683
TD	Pbre1_11G450000	old	6.088343	2.825448416594151
TRD	Pbre1_09G306000	old	13.935424	3.900666289617718
TRD	Pbre1_03G027200	old	3.001885	2.000679709893951
PD	Pbre1_02G490000	old	15.259918	4.023248076698111
TRD	Pbre1_13G001200	old	24.307982	4.661520569753504
TD	Pbre1_14G427200	old	0.120626	0.16430487049523143
TD	Pbre1_06G233200	old	1.145654	1.1014174513370667
PD	Pbre1_03G058000	old	0.118569	0.16165425316722778
TD	Pbre1_05G441400	old	0.0	0.0
PD	Pbre1_10G175400	old	9.469347	3.388099555375658
PD	Pbre1_08G077800	old	0.747246	0.8050827439129205
TD	Pbre1_17G019600	old	0.0	0.0
PD	Pbre1_13G437600	old	0.0	0.0
TD	Pbre1_06G216600	old	24.564543	4.676072331061771
PD	Pbre1_13G196600	old	21.539011	4.4943523070834255
TRD	Pbre1_11G458200	old	49.304527	5.652616331629281
PD	Pbre1_02G152200	old	9.302866	3.36497380985312
PD	Pbre1_07G061600	old	3.545785	2.184529451254554
TRD	Pbre1_02G252600	old	37.681451	5.273570008400189
TD	Pbre1_05G390200	old	0.0	0.0
PD	Pbre1_06G311400	old	5.334663	2.6632678709586655
TD	Pbre1_11G093400	old	9.494431	3.3915520418192906
PD	Pbre1_01G193600	old	22.472865	4.552922036835105
TRD	Pbre1_08G382600	old	2.79844	1.9254070326729606
TRD	Pbre1_04G374800	old	0.0	0.0
TRD	Pbre1_05G283600	old	2.14941	1.6550815842320126
TD	Pbre1_01G110800	old	0.0	0.0
TD	Pbre1_11G181400	old	0.0	0.0
PD	Pbre1_05G450200	old	0.084481	0.11700477735698614
PD	Pbre1_02G437600	old	16.845793	4.157512105646573
TRD	Pbre1_16G139600	old	0.306962	0.3862171952966755
PD	Pbre1_01G236800	old	3.744349	2.2462101401642207
PD	Pbre1_14G081200	old	0.0	0.0
PD	Pbre1_09G399200	old	3.687056	2.228682031949357
TD	Pbre1_06G317600	old	8.844917	3.2993790431818666
TRD	Pbre1_05G371000	old	1.382093	1.2522297389869435
TRD	Pbre1_02G348800	old	3.17609	2.0621528041382895
PD	Pbre1_16G242200	old	0.0	0.0
TRD	Pbre1_06G327600	old	0.0	0.0
TRD	Pbre1_16G170800	old	1.400531	1.2633535668057099
TD	Pbre1_09G101000	old	1.272769	1.1844510587752226
TD	Pbre1_10G310200	old	0.135859	0.18378375682672643
PD	Pbre1_10G462200	old	0.0	0.0
TD	Pbre1_02G363400	old	0.338938	0.42108915770222133
TD	Pbre1_03G046800	old	71.961383	6.189061171269557
PD	Pbre1_04G229600	old	0.0	0.0
TRD	Pbre1_17G499800	old	10.291035	3.49710583263053
PD	Pbre1_10G483800	old	24.314734	4.661905419786989
TRD	Pbre1_16G027600	old	15.69903	4.061692397896096
TRD	Pbre1_15G407800	old	1.137271	1.095769849302384
PD	Pbre1_15G416000	old	0.0	0.0
TD	Pbre1_04G035200	old	15.965882	4.084564527821609
TRD	Pbre1_06G413200	old	0.0	0.0
PD	Pbre1_08G374400	old	1.468661	1.3037287371702602
TRD	Pbre1_17G359000	old	7.647795	3.1123323237214033
TRD	Pbre1_17G271000	old	0.0	0.0
PD	Pbre1_14G365200	old	51.576123	5.7163358554265
TD	Pbre1_15G494000	old	23.567962	4.618706280856039
TD	Pbre1_10G195800	old	176.437598	7.471167930534959
PD	Pbre1_07G162800	old	0.0	0.0
PD	Pbre1_01G244000	old	0.121668	0.1656457190555162
PD	Pbre1_10G093400	old	0.158159	0.21183332998066218
TRD	Pbre1_06G353400	old	282.467525	8.147039654377556
TRD	Pbre1_10G245200	old	10.033671	3.4638409630933698
PD	Pbre1_14G365600	old	0.275608	0.35118505062076033
PD	Pbre1_14G117600	old	0.0	0.0
TD	Pbre1_17G084200	old	13.780101	3.885584223079225
TD	Pbre1_13G237000	old	36.808942	5.240655574132924
TRD	Pbre1_15G434000	old	11.278294	3.6180382151459907
TD	Pbre1_07G107800	old	1.557639	1.3548126482448397
PD	Pbre1_11G335400	old	0.0	0.0
TRD	Pbre1_02G010800	old	340.041502	8.41380350405732
TRD	Pbre1_14G322800	old	8.883578	3.3050334131045327
PD	Pbre1_03G408800	old	0.039904	0.05645035036966783
TD	Pbre1_12G070400	old	6.310466	2.869963372588261
TRD	Pbre1_07G382400	old	1.395068	1.2600666170763237
TRD	Pbre1_07G341600	old	20.272539	4.410920332421956
PD	Pbre1_09G024400	old	0.75323	0.8100152705374508
TD	Pbre1_12G084800	old	173.306466	7.445482277844805
TRD	Pbre1_11G434200	old	32.820013	5.079805309189721
TRD	Pbre1_13G388600	old	9.853216	3.4400506969829143
TRD	Pbre1_03G434000	old	0.2451	0.3162616167595757
TRD	Pbre1_05G392400	old	2.478113	1.7983048049536863
TRD	Pbre1_15G565600	old	314.311184	8.30063253269537
TD	Pbre1_14G373200	old	7.664279	3.1150797001756563
TD	Pbre1_05G278600	old	0.703019	0.7680945307609459
TRD	Pbre1_05G202400	old	57.931133	5.880958098354469
TD	Pbre1_10G328200	old	0.0	0.0
TD	Pbre1_12G083000	old	2.919494	1.9706674168890093
TD	Pbre1_17G360400	old	59.936872	5.92924354066316
TD	Pbre1_16G320000	old	0.0	0.0
TRD	Pbre1_14G032000	old	223.806003	7.812536750167633
TD	Pbre1_10G032000	old	179.51403	7.495967161096658
PD	Pbre1_11G224600	old	7.678935	3.117518019111515
TD	Pbre1_15G412600	old	0.015192	0.02175260549161492
TD	Pbre1_08G384800	old	1.391123	1.2576883445731193
TRD	Pbre1_15G429800	old	1.380412	1.2512112957666433
TRD	Pbre1_06G397000	old	8.027647	3.1743500072198136
PD	Pbre1_10G349000	old	4.749847	2.5235235673130116
TRD	Pbre1_02G237800	old	7.126732	3.0226753184463733
TD	Pbre1_08G030400	old	12.773477	3.783820896731224
TRD	Pbre1_11G044000	old	0.0	0.0
TD	Pbre1_11G117800	old	0.943598	0.9587298530074503
TD	Pbre1_06G076200	old	0.0	0.0
TRD	Pbre1_15G109800	old	52.276563	5.735429108550369
TRD	Pbre1_12G244400	old	6.001019	2.807564921951078
TD	Pbre1_12G434200	old	0.02097	0.029940474945294327
TRD	Pbre1_12G404800	old	12.838985	3.790666229396324
PD	Pbre1_05G039200	old	0.0	0.0
PD	Pbre1_10G087000	old	2.568875	1.8354693718161237
PD	Pbre1_05G308000	old	74.729147	6.24277677342162
PD	Pbre1_11G048800	old	0.110378	0.15105088909029946
TD	Pbre1_01G311000	old	1.214675	1.1470950011324388
TRD	Pbre1_14G364800	old	0.361928	0.44565043551693706
TRD	Pbre1_03G311000	old	16.885035	4.1606810364957045
TD	Pbre1_13G351800	old	0.0	0.0
TD	Pbre1_10G374200	old	0.106248	0.1456748469310564
PD	Pbre1_13G270600	old	80.090962	6.341469222592694
TRD	Pbre1_06G341600	old	10.28957	3.4969186323107984
TRD	Pbre1_03G483600	old	50.50527	5.686648150753782
PD	Pbre1_05G116800	old	0.124357	0.16910018534014676
TRD	Pbre1_03G048800	old	0.0	0.0
PD	Pbre1_08G032400	old	0.187405	0.24781209322344408
TRD	Pbre1_01G370200	old	2.456796	1.7894354666398267
TRD	Pbre1_15G116800	old	0.009563	0.013730942320310916
PD	Pbre1_05G029400	old	1.495836	1.3195231386232267
TRD	Pbre1_05G153800	old	2.761302	1.911232146955368
TD	Pbre1_10G503400	old	0.0	0.0
TRD	Pbre1_02G504600	old	281.691749	8.143085965230695
TD	Pbre1_14G260600	old	0.912634	0.9355608272109041
TRD	Pbre1_15G606000	old	14.202522	3.9262387721796803
TRD	Pbre1_03G222600	old	4.482796	2.454911795855484
TD	Pbre1_04G180600	old	0.0	0.0
TRD	Pbre1_13G264800	old	17.699687	4.224942217014875
TD	Pbre1_01G337200	old	6.1807	2.8441244899123057
TD	Pbre1_01G152200	old	0.270917	0.3458698150805826
TD	Pbre1_12G304400	old	6.309579	2.869788315602754
PD	Pbre1_06G106000	old	0.0	0.0
PD	Pbre1_03G049400	old	0.0	0.0
PD	Pbre1_17G223400	old	5.162351	2.62348085886826
TRD	Pbre1_02G199400	old	6.273813	2.8627118365110844
PD	Pbre1_05G422600	old	1.589674	1.3727704962959937
TD	Pbre1_14G245000	old	0.0	0.0
TRD	Pbre1_12G332000	old	0.0	0.0
TD	Pbre1_07G447200	old	0.251631	0.32380929634760347
TRD	Pbre1_04G173000	old	0.435898	0.521953269968296
PD	Pbre1_01G269600	old	29.015744	4.907647523365502
TRD	Pbre1_14G216000	old	3.774626	2.2553877302002983
PD	Pbre1_14G312200	old	0.0	0.0
TRD	Pbre1_03G318600	old	19.668916	4.369390822188063
TRD	Pbre1_01G371200	old	14.815221	3.983241810930866
TD	Pbre1_15G148200	old	52.036283	5.728907763901674
TD	Pbre1_15G013200	old	0.51528	0.5995844057687929
PD	Pbre1_03G236200	old	0.457399	0.5433959058970903
TD	Pbre1_07G269600	old	0.029792	0.042352967629870564
TD	Pbre1_14G304200	old	55.491919	5.819972603964982
TRD	Pbre1_17G271200	old	0.0	0.0
TRD	Pbre1_12G171200	old	4.859499	2.550777316334438
PD	Pbre1_12G206200	old	10.451899	3.517514946547388
TRD	Pbre1_17G016000	old	30.433169	4.974215822643308
TD	Pbre1_03G018600	old	0.0	0.0
TRD	Pbre1_12G009600	old	59.787694	5.925707385626743
TRD	Pbre1_12G107800	old	10.317234	3.5004494928015224
TD	Pbre1_13G017200	old	2.939954	1.9781787859356394
TD	Pbre1_15G752600	old	0.971769	0.9794905445783242
PD	Pbre1_05G268800	old	0.0	0.0
PD	Pbre1_04G305200	old	0.0	0.0
TRD	Pbre1_01G341400	old	6.802615	2.963957715676309
PD	Pbre1_01G131400	old	3.752252	2.2486113406653665
TRD	Pbre1_12G331000	old	28.893377	4.901753979723822
TRD	Pbre1_01G143600	old	8.212242	3.203552310350701
TRD	Pbre1_12G084400	old	96.736499	6.610825521900839
PD	Pbre1_15G242200	old	47.423847	5.597645792715673
TRD	Pbre1_17G043400	old	10.295961	3.4977351076243446
TRD	Pbre1_08G408400	old	8.221223	3.204958106297088
TRD	Pbre1_09G435800	old	0.0	0.0
PD	Pbre1_02G093600	old	17.510728	4.210289730308516
TD	Pbre1_10G061000	old	0.955515	0.9675486024695367
TRD	Pbre1_07G065800	old	0.472181	0.5579550570941949
PD	Pbre1_04G352400	old	0.0	0.0
TRD	Pbre1_03G383600	old	2.630323	1.8600979145481205
TRD	Pbre1_01G155400	old	0.951679	0.9647157869221318
TD	Pbre1_15G153600	old	0.0	0.0
TD	Pbre1_17G152000	old	0.0	0.0
PD	Pbre1_13G270800	old	0.0	0.0
TD	Pbre1_08G388800	old	0.285569	0.36240704563350734
TD	Pbre1_16G315600	old	0.0	0.0
PD	Pbre1_01G139000	old	13.573257	3.865251438496481
TD	Pbre1_10G037200	old	0.320321	0.40088872413515425
TRD	Pbre1_07G100400	old	7.069744	3.012522906986499
TRD	Pbre1_02G103000	old	55.3271	5.8157572912417
PD	Pbre1_02G401800	old	44.401177	5.504657793946557
TD	Pbre1_02G126800	old	27.547884	4.835311910323465
TRD	Pbre1_01G341000	old	24.177244	4.65404846352242
TRD	Pbre1_08G353000	old	25.750776	4.7415088374334315
PD	Pbre1_05G212400	old	28.486687	4.8819918312520505
TD	Pbre1_03G463000	old	3.372278	2.1283851339628415
PD	Pbre1_12G388600	old	0.0	0.0
TRD	Pbre1_05G351600	old	11.699377	3.666685818573265
TRD	Pbre1_11G466000	old	1.326474	1.2181450640430804
PD	Pbre1_05G249600	old	5.447985	2.688848387716565
TD	Pbre1_12G008600	old	36.02626	5.210476926007737
PD	Pbre1_09G065000	old	3.391003	2.1345505201359742
TRD	Pbre1_15G609600	old	1.145315	1.1011894964765776
TRD	Pbre1_06G153200	old	1.861371	1.5167065669234419
TRD	Pbre1_03G165400	old	2.735679	1.9013704922519543
TRD	Pbre1_06G177600	old	0.120545	0.16420058724476735
TD	Pbre1_17G110800	old	0.0	0.0
TRD	Pbre1_12G363400	old	7.152821	3.0272993401431507
PD	Pbre1_06G171600	old	19.747016	4.3748319464516525
TD	Pbre1_14G121600	old	0.0	0.0
TRD	Pbre1_04G068000	old	4.418837	2.4379832511415733
TD	Pbre1_04G319600	old	0.130047	0.1763827772925181
TRD	Pbre1_11G362200	old	18.649515	4.29642179842824
TRD	Pbre1_17G264200	old	0.0	0.0
PD	Pbre1_03G049200	old	0.0	0.0
TD	Pbre1_15G206200	old	43.517136	5.476288875089562
TD	Pbre1_07G412800	old	0.765964	0.8204559332746866
TD	Pbre1_06G007600	old	0.0	0.0
PD	Pbre1_04G054400	old	13.119958	3.8196638921875437
TD	Pbre1_07G494600	old	0.583903	0.6634839858569392
PD	Pbre1_02G432400	old	1.762006	1.4657164536150962
TRD	Pbre1_03G326200	old	6.396305	2.8868047181053855
TRD	Pbre1_03G127400	old	23.060643	4.588603292701261
TD	Pbre1_09G191800	old	0.0	0.0
TD	Pbre1_17G099800	old	0.0	0.0
TD	Pbre1_17G075400	old	0.077147	0.10721515025274513
PD	Pbre1_15G235200	old	0.870108	0.9031215891317529
TRD	Pbre1_13G392000	old	13.655647	3.873384754698325
PD	Pbre1_02G279800	old	0.0	0.0
PD	Pbre1_04G044000	old	15.944968	4.082785007230964
PD	Pbre1_03G271200	old	0.0	0.0
TD	Pbre1_17G454400	old	0.0	0.0
PD	Pbre1_17G261800	old	0.349408	0.43232662002949596
TD	Pbre1_09G021000	old	0.0	0.0
TD	Pbre1_10G454000	old	127.387859	7.0043649702049215
TD	Pbre1_05G463000	old	2.937141	1.9771483803552734
TD	Pbre1_09G202800	old	0.0	0.0
TD	Pbre1_08G388000	old	0.054196	0.07614312308492838
TRD	Pbre1_14G385800	old	98.05321	6.630131823924806
TD	Pbre1_04G053600	old	11.692596	3.6659152667689736
TRD	Pbre1_12G145000	old	50.607865	5.689519042935718
PD	Pbre1_11G020200	old	0.073897	0.10285562766675513
TRD	Pbre1_04G124000	old	0.0	0.0
TD	Pbre1_11G392400	old	0.064331	0.08994688936932563
TD	Pbre1_11G130600	old	0.115469	0.15765042019996675
TRD	Pbre1_13G225600	old	10.111546	3.473987654311281
TRD	Pbre1_05G224000	old	18.901592	4.31481193664318
PD	Pbre1_08G153200	old	11.608246	3.6562956835504576
PD	Pbre1_02G038800	old	0.89234	0.9201713234792667
TRD	Pbre1_09G235400	old	0.197879	0.26048218615985796
PD	Pbre1_10G444000	old	164.016299	7.366464719246701
TRD	Pbre1_09G150600	old	3.537157	2.1817885823693963
TD	Pbre1_14G057400	old	0.083526	0.11573377237115148
TRD	Pbre1_07G453000	old	0.110643	0.15139515795371833
TRD	Pbre1_04G218800	old	6.271663	2.862285340415597
TD	Pbre1_03G377800	old	2.600435	1.8481712216743977
TRD	Pbre1_13G449200	old	6.55429	2.9172961681481118
TD	Pbre1_15G680800	old	12.30447	3.7338391348527997
TRD	Pbre1_10G330000	old	0.0	0.0
TRD	Pbre1_11G456800	old	17.380633	4.20011454651081
PD	Pbre1_06G036200	old	0.181526	0.24065137680083926
TRD	Pbre1_10G136800	old	111.480975	6.813537194823846
TRD	Pbre1_15G766000	old	25.323095	4.718257222206775
PD	Pbre1_11G032200	old	1.160343	1.1112603888301582
PD	Pbre1_06G267400	old	0.108449	0.14854239299302593
PD	Pbre1_06G028600	old	1.644601	1.4030500744212797
PD	Pbre1_03G157800	old	1.884693	1.5284177899471318
TRD	Pbre1_08G132200	old	14.939858	3.9945668720445857
TRD	Pbre1_06G043400	old	2.510917	1.811847890521207
TD	Pbre1_08G385400	old	79.248821	6.326408291484321
PD	Pbre1_05G243400	old	0.0	0.0
TD	Pbre1_10G296400	old	0.421798	0.5077165105978767
TRD	Pbre1_06G075000	old	8.651075	3.2706896481621897
PD	Pbre1_11G096800	old	6.003072	2.8079879201935434
TRD	Pbre1_10G514400	old	2.996559	1.9987583874658819
TRD	Pbre1_03G395400	old	4.572085	2.478217265861481
TRD	Pbre1_13G030600	old	1.467156	1.3028489411389945
PD	Pbre1_07G278000	old	20.166791	4.403730660439511
PD	Pbre1_09G239600	old	0.0	0.0
TD	Pbre1_05G481400	old	323.73071	8.34310001748359
TRD	Pbre1_12G143600	old	10.700859	3.548542541751538
TD	Pbre1_15G403400	old	37.250904	5.257421938925476
TD	Pbre1_12G227200	old	0.206686	0.2710503114055685
TD	Pbre1_02G213800	old	52.238478	5.734397422462509
TD	Pbre1_01G415800	old	95.087865	6.586282338479868
TD	Pbre1_02G495400	old	0.019895	0.028420631827411554
TRD	Pbre1_09G164400	old	0.892944	0.9206317316346878
TD	Pbre1_04G218200	old	3.394401	2.1356665252720837
TD	Pbre1_04G222600	old	0.832616	0.8739045202298269
TRD	Pbre1_11G021400	old	1.876933	1.5245316229912496
TRD	Pbre1_15G110200	old	16.897497	4.161685932757739
TRD	Pbre1_11G070400	old	31.255358	5.011466924197649
TRD	Pbre1_15G253000	old	274.028863	8.103439220491659
TRD	Pbre1_01G363800	old	0.211415	0.27669318037278084
TRD	Pbre1_15G486400	old	1.823389	1.4974279136647346
TD	Pbre1_13G139600	old	0.247735	0.31931156017625867
TRD	Pbre1_15G167800	old	12.163735	3.718496983767488
TRD	Pbre1_15G217800	old	0.0	0.0
TRD	Pbre1_05G212800	old	41.042908	5.393790555150454
TRD	Pbre1_13G034000	old	29.350558	4.923651135797727
TRD	Pbre1_17G136200	old	134.477789	7.081912537102042
TRD	Pbre1_14G058600	old	0.028537	0.04059369348013008
TD	Pbre1_09G061400	old	0.0	0.0
TD	Pbre1_02G237400	old	84.132616	6.411640057896836
PD	Pbre1_07G421800	old	0.026858	0.038236691042703816
TD	Pbre1_15G673600	old	3.296225	2.1030695514899875
TRD	Pbre1_04G058800	old	70.865186	6.1672211430373585
TRD	Pbre1_07G015400	old	6.804194	2.9642496415244866
TRD	Pbre1_03G157800	old	1.884693	1.5284177899471318
PD	Pbre1_05G240000	old	0.0	0.0
TD	Pbre1_11G500200	old	0.670901	0.7406262570136006
TRD	Pbre1_08G046600	old	34.250072	5.139554299177144
PD	Pbre1_16G319800	old	0.403185	0.4887052306167201
TD	Pbre1_05G492400	old	22.951425	4.582039587144246
PD	Pbre1_17G215600	old	6.738308	2.9520181520467625
TRD	Pbre1_15G646400	old	1.67668	1.4204446735292675
TRD	Pbre1_05G478200	old	5.848921	2.775876719377719
TD	Pbre1_07G344600	old	1.079311	1.0561055564656054
PD	Pbre1_02G418400	old	1.706868	1.4366245364673182
PD	Pbre1_08G377400	old	0.0	0.0
TRD	Pbre1_15G065400	old	5.066118	2.6007735619843477
TRD	Pbre1_11G275400	old	5.29828	2.6549578961891207
TRD	Pbre1_10G322400	old	6.180224	2.8440288522166095
PD	Pbre1_04G199800	old	7.688923	3.1191773647437664
TRD	Pbre1_14G221800	old	11.889446	3.688118351587026
PD	Pbre1_15G557200	old	0.0	0.0
TRD	Pbre1_04G115800	old	2.137889	1.6497943191696516
TD	Pbre1_09G069000	old	0.068621	0.09575027366596096
TRD	Pbre1_08G213400	old	12.497894	3.754662424180551
TRD	Pbre1_12G286400	old	0.914634	0.9370686340038544
TD	Pbre1_10G209800	old	70.698651	6.163874069966303
TRD	Pbre1_04G357600	old	74.32571	6.235070461228861
TD	Pbre1_03G336200	old	0.307829	0.38717391929204625
PD	Pbre1_15G210200	old	0.01942	0.02774856286620159
TD	Pbre1_12G187800	old	0.0	0.0
TD	Pbre1_14G093400	old	0.0	0.0
TD	Pbre1_11G120600	old	32.034342	5.045894703329168
TRD	Pbre1_12G219200	old	1.849482	1.5106996792937324
PD	Pbre1_02G122800	old	0.0	0.0
PD	Pbre1_13G337200	old	0.185966	0.24606265041131586
TD	Pbre1_09G097800	old	0.302443	0.38122023590744053
TD	Pbre1_07G068600	old	53.150374	5.758899397006874
TD	Pbre1_08G206000	old	0.45245	0.5384885002951157
TD	Pbre1_09G137600	old	0.172529	0.22962360516179703
PD	Pbre1_09G482400	old	2.36214	1.7493797998567941
TRD	Pbre1_12G120400	old	1.688053	1.4265615838322083
PD	Pbre1_04G121200	old	0.0	0.0
TRD	Pbre1_02G387400	old	5.18993	2.6299230945406897
TRD	Pbre1_11G027400	old	2.367888	1.7518441619995369
PD	Pbre1_02G127400	old	4.772678	2.529240754055352
TRD	Pbre1_06G214000	old	12.067122	3.7078695211365327
TRD	Pbre1_03G197000	old	8.910985	3.3090284463116033
TD	Pbre1_17G030200	old	3.611268	2.2051635154646974
PD	Pbre1_08G376400	old	0.854373	0.8909314657140963
PD	Pbre1_07G159800	old	1.239645	1.163270072761606
TD	Pbre1_02G045400	old	26.266776	4.769072222211283
TD	Pbre1_02G461400	old	0.0	0.0
PD	Pbre1_12G307800	old	0.0	0.0
PD	Pbre1_14G237600	old	2.228889	1.6910378460611937
TRD	Pbre1_15G212400	old	0.225598	0.29348584810622236
TD	Pbre1_10G425200	old	0.982155	0.9870697823972123
TRD	Pbre1_02G139200	old	4.824238	2.542069310619735
PD	Pbre1_02G075400	old	0.604126	0.681787466254058
TRD	Pbre1_17G382000	old	1.054174	1.0385583911522318
TRD	Pbre1_03G220600	old	6.892333	2.9804518287570345
TRD	Pbre1_04G166400	old	13.471221	3.8551147483623094
TRD	Pbre1_10G034400	old	22.561853	4.558381097926189
PD	Pbre1_04G066200	old	14.654505	3.9685059856484752
TD	Pbre1_11G089200	old	0.029557	0.04202370499776643
PD	Pbre1_13G193600	old	1.371073	1.245540080836258
TRD	Pbre1_12G104600	old	121.538234	6.937088154479074
TD	Pbre1_10G056400	old	4.216763	2.3831548925392547
PD	Pbre1_07G333600	old	0.089472	0.12362911891345021
TRD	Pbre1_17G178200	old	134.172755	7.078660585571277
PD	Pbre1_10G213000	old	46.887573	5.581579414788049
TD	Pbre1_09G149600	old	0.022362	0.03190611910648123
TRD	Pbre1_14G413200	old	5.515008	2.7037669503288266
TRD	Pbre1_02G031800	old	10.861704	3.5682393708558657
PD	Pbre1_07G163800	old	0.0	0.0
PD	Pbre1_03G279800	old	8.963884	3.3167082257538896
TD	Pbre1_02G448800	old	3.456982	2.156067134483622
TD	Pbre1_10G025600	old	2.222454	1.6881597644998676
PD	Pbre1_01G197200	old	5.02075	2.589943213543882
TD	Pbre1_11G369000	old	20.458186	4.423456215743254
TRD	Pbre1_01G293200	old	18.116566	4.256751483283514
PD	Pbre1_15G489200	old	25.977747	4.753697964016805
PD	Pbre1_10G092600	old	7.396664	3.0698162580580446
TRD	Pbre1_11G450600	old	24.556443	4.675615147785651
TRD	Pbre1_08G346800	old	0.0	0.0
TRD	Pbre1_11G314200	old	13.788605	3.8864140652079935
TRD	Pbre1_04G121200	old	0.0	0.0
TRD	Pbre1_11G498600	old	4.413199	2.4364814253767664
TD	Pbre1_12G381800	old	0.0	0.0
TRD	Pbre1_04G134400	old	27.036723	4.809245828403823
TRD	Pbre1_07G358400	old	0.772653	0.8259101537356706
TD	Pbre1_16G032400	old	0.0	0.0
TRD	Pbre1_03G098800	old	1161.806046	10.18339476254879
PD	Pbre1_08G032800	old	2.48512	1.8012083319686973
PD	Pbre1_09G104600	old	0.0	0.0
TD	Pbre1_15G042000	old	0.071211	0.0992426805283793
TRD	Pbre1_10G058400	old	6.412792	2.890017030505817
TD	Pbre1_13G221000	old	0.0	0.0
TRD	Pbre1_04G232800	old	0.354033	0.43726290018040664
TD	Pbre1_02G462200	old	0.0	0.0
TD	Pbre1_17G462400	old	1.759572	1.464444527380612
TD	Pbre1_10G463200	old	0.0	0.0
TD	Pbre1_10G236800	old	0.0	0.0
TRD	Pbre1_15G228200	old	25.117544	4.706947332291887
TRD	Pbre1_10G437800	old	17.895365	4.239960482159696
TD	Pbre1_10G101600	old	0.0	0.0
TD	Pbre1_10G562400	old	0.0	0.0
TRD	Pbre1_07G384800	old	22.722696	4.568196071247148
TD	Pbre1_01G423200	old	0.550177	0.6324329525596968
TD	Pbre1_10G154000	old	35.784325	5.201019212734457
TRD	Pbre1_15G635600	old	32.041496	5.046207103161701
PD	Pbre1_15G702800	old	13.401419	3.848139065124615
TD	Pbre1_17G161000	old	7.300533	3.053203978841233
TRD	Pbre1_08G242600	old	0.0	0.0
PD	Pbre1_01G426800	old	23.936116	4.640164866233552
TD	Pbre1_13G402400	old	0.0	0.0
TRD	Pbre1_17G138400	old	0.0	0.0
TRD	Pbre1_14G149800	old	14.251223	3.930853032335909
TD	Pbre1_02G173600	old	0.0	0.0
TRD	Pbre1_03G472400	old	5.629934	2.728994508596289
TD	Pbre1_09G043000	old	21.627394	4.499998533678261
PD	Pbre1_04G065800	old	0.0	0.0
TD	Pbre1_03G242000	old	0.0	0.0
TD	Pbre1_16G182600	old	0.764825	0.8195251329869474
TD	Pbre1_16G045400	old	0.0	0.0
TRD	Pbre1_13G049800	old	0.409917	0.4956102355227193
PD	Pbre1_11G490400	old	203.86239	7.678511338882952
PD	Pbre1_02G402600	old	2.185923	1.671711399047603
PD	Pbre1_10G492000	old	2.52937	1.8194106823658525
PD	Pbre1_12G426200	old	0.0	0.0
TD	Pbre1_10G507000	old	7.57167	3.0995763088889547
TD	Pbre1_07G236400	old	0.0	0.0
TRD	Pbre1_04G071200	old	30.126283	4.960061400006684
TD	Pbre1_15G149800	old	0.008862	0.01272884487866742
PD	Pbre1_04G183600	old	0.02598	0.03700260796051408
TD	Pbre1_16G286400	old	0.536051	0.6192261172476186
PD	Pbre1_14G160600	old	0.554937	0.6368561291476453
PD	Pbre1_11G360800	old	1.486926	1.3143635799225895
TRD	Pbre1_12G198600	old	0.0	0.0
TD	Pbre1_01G188400	old	9.076867	3.332975254941311
TD	Pbre1_13G486200	old	27.450614	4.830387882927006
TD	Pbre1_09G324400	old	0.023932	0.03411990818922207
TRD	Pbre1_15G726000	old	5.009275	2.5871909448470065
TRD	Pbre1_16G102400	old	7.081435	3.0146114914382975
PD	Pbre1_07G062200	old	0.661361	0.7323655930603696
PD	Pbre1_11G196000	old	0.43888	0.5249462789275534
PD	Pbre1_05G239400	old	0.0	0.0
TRD	Pbre1_12G390200	old	13.262601	3.834165197820825
TD	Pbre1_13G245600	old	15.993194	4.086885138397263
PD	Pbre1_16G125200	old	0.092848	0.128092756091627
TD	Pbre1_02G454800	old	0.0	0.0
TRD	Pbre1_01G113600	old	3.958641	2.309944779642992
TD	Pbre1_01G410000	old	0.031422	0.04463472333970507
TD	Pbre1_09G257000	old	0.0	0.0
TRD	Pbre1_12G066400	old	8.254668	3.2101812360877684
TRD	Pbre1_17G320400	old	9.143036	3.3424176374226526
TRD	Pbre1_03G329800	old	24.057326	4.6471605601308
PD	Pbre1_10G073200	old	9.57574	3.4026867092471327
TD	Pbre1_07G052400	old	0.032834	0.04660839880965144
TRD	Pbre1_13G199200	old	4.282641	2.4012593699285034
TD	Pbre1_02G131400	old	0.656017	0.7277174830363979
TRD	Pbre1_05G244400	old	13.202908	3.8281144420579256
TRD	Pbre1_12G129000	old	15.172691	4.015487846014749
TRD	Pbre1_06G083600	old	0.010242	0.01470092701652191
TD	Pbre1_16G043400	old	68.762514	6.124380125684267
TD	Pbre1_05G215200	old	2.309876	1.7267771694385226
PD	Pbre1_02G151800	old	1.716316	1.4416513238808908
TD	Pbre1_09G406400	old	0.0	0.0
TRD	Pbre1_02G469400	old	21.835138	4.513183603294851
TRD	Pbre1_17G418800	old	1.32548	1.217528532197551
TRD	Pbre1_09G325400	old	0.074328	0.10343452566018319
TD	Pbre1_07G404400	old	0.410201	0.49590080874908604
PD	Pbre1_11G062000	old	0.026731	0.038058250010514355
TRD	Pbre1_10G115000	old	48.264587	5.622479057561028
TD	Pbre1_10G487400	old	9.856906	3.44054111751138
PD	Pbre1_01G237000	old	0.313975	0.3939378268633376
TD	Pbre1_13G170800	old	1.655103	1.4087678289039618
TD	Pbre1_12G241200	old	0.0	0.0
TRD	Pbre1_06G401000	old	0.545913	0.6284591303880473
TD	Pbre1_17G404800	old	2.514309	1.8132410476834029
TRD	Pbre1_05G326800	old	19.371903	4.34850884791716
TD	Pbre1_15G093800	old	0.715524	0.7786493091883583
TRD	Pbre1_02G121600	old	20.408127	4.420086674542842
TRD	Pbre1_14G145400	old	79.979543	6.339485596218674
TRD	Pbre1_15G180200	old	24.197611	4.65521505234928
PD	Pbre1_15G087800	old	0.0	0.0
PD	Pbre1_02G171800	old	0.616046	0.6924682643195108
PD	Pbre1_14G377400	old	1.002897	1.0020882317297521
TRD	Pbre1_03G095000	old	16.505706	4.129753341295872
PD	Pbre1_17G197400	old	18.315616	4.271695782603421
PD	Pbre1_11G191200	old	0.205319	0.2694150209878035
TRD	Pbre1_10G263600	old	0.479728	0.5653320075331992
TRD	Pbre1_14G119200	old	4.85647	2.550031339048869
TD	Pbre1_01G365000	old	16.911617	4.162823679703006
TD	Pbre1_04G207400	old	200.122294	7.651929200112915
TRD	Pbre1_08G102000	old	1.197255	1.1357023098555126
PD	Pbre1_11G192000	old	1.706013	1.4361687702052413
TD	Pbre1_01G351200	old	24.559784	4.675803739331677
TRD	Pbre1_09G039200	old	12.043277	3.7052344734826432
TRD	Pbre1_15G404200	old	14.038416	3.9105807104871944
TD	Pbre1_12G091800	old	0.0	0.0
TD	Pbre1_17G447600	old	0.0	0.0
TRD	Pbre1_11G494000	old	25.738981	4.74087258147575
TRD	Pbre1_11G206200	old	3.604207	2.2029526968845987
TRD	Pbre1_16G150800	old	10.388658	3.509525849763777
TD	Pbre1_10G115600	old	0.0	0.0
PD	Pbre1_01G119000	old	0.0	0.0
TRD	Pbre1_12G014800	old	0.0	0.0
TD	Pbre1_17G223800	old	0.0	0.0
TRD	Pbre1_05G018400	old	22.212689	4.53684175166099
TRD	Pbre1_08G256800	old	41.685137	5.415661904565546
PD	Pbre1_09G078800	old	0.046218	0.06518349666108644
TRD	Pbre1_06G316400	old	0.623657	0.6992468931981761
PD	Pbre1_01G046600	old	0.0	0.0
TRD	Pbre1_16G021800	old	0.0707	0.09855430722072946
TRD	Pbre1_04G118800	old	2.15524	1.6577497464569624
TD	Pbre1_02G191000	old	0.497237	0.5823026059399744
TRD	Pbre1_05G578400	old	20.797702	4.446104143286145
PD	Pbre1_13G446600	old	0.0	0.0
PD	Pbre1_01G196800	old	1.84612	1.5089964910123868
TD	Pbre1_03G045200	old	169.925069	7.4172201974945144
TRD	Pbre1_11G205600	old	68.309311	6.1149772716538395
TD	Pbre1_12G013400	old	1.539701	1.3446586579389124
TD	Pbre1_02G085200	old	1.385741	1.2544374301675403
PD	Pbre1_04G340800	old	9.480237	3.389599437226331
PD	Pbre1_17G447800	old	0.0	0.0
TD	Pbre1_11G019800	old	0.0	0.0
TRD	Pbre1_14G380800	old	22.887761	4.578199731202542
TRD	Pbre1_09G438400	old	123.487569	6.959857875542366
PD	Pbre1_14G258400	old	0.036549	0.051788317495172306
TRD	Pbre1_08G094800	old	5.696361	2.7433773054974306
TRD	Pbre1_10G243200	old	0.950888	0.9641309555570481
TRD	Pbre1_16G343200	old	71.209135	6.174109455345248
TRD	Pbre1_01G163800	old	0.714284	0.7776061359677899
TRD	Pbre1_07G393800	old	2.173535	1.6660907537749345
TRD	Pbre1_07G231000	old	4.156656	2.3664358067069324
TD	Pbre1_03G435200	old	3.891388	2.290243908240231
TRD	Pbre1_06G209000	old	43.136338	5.463895028800186
TRD	Pbre1_12G296000	old	39.787837	5.350067097185385
TRD	Pbre1_13G168000	old	11.813683	3.679613299852496
PD	Pbre1_15G662800	old	5.310863	2.6578373048413324
TRD	Pbre1_11G425000	old	13.307401	3.8386897190866196
TD	Pbre1_06G223000	old	0.0	0.0
TRD	Pbre1_12G396200	old	15.806194	4.070921137782423
PD	Pbre1_01G052000	old	32.024989	5.045486175825079
PD	Pbre1_14G015400	old	0.78427	0.8353339438386129
PD	Pbre1_10G093800	old	1.214418	1.1469275751488688
TRD	Pbre1_15G743800	old	6.818223	2.9668407353570365
TRD	Pbre1_12G437800	old	37.354937	5.261340386487592
PD	Pbre1_17G453000	old	0.0	0.0
TRD	Pbre1_12G124800	old	0.0	0.0
TRD	Pbre1_08G293600	old	12.238884	3.726709607098586
TRD	Pbre1_13G157200	old	0.0	0.0
PD	Pbre1_11G191600	old	0.0	0.0
TD	Pbre1_06G403000	old	0.079285	0.11007587853731948
PD	Pbre1_03G056400	old	0.0	0.0
TRD	Pbre1_09G240400	old	0.0	0.0
TD	Pbre1_03G031600	old	15.306173	4.027346321341025
PD	Pbre1_15G385000	old	0.0	0.0
PD	Pbre1_16G059000	old	7.612353	3.106407453377926
TD	Pbre1_14G155200	old	0.0	0.0
TD	Pbre1_16G040200	old	14.67221	3.970136729147663
TD	Pbre1_07G325400	old	0.068796	0.09598651360671166
PD	Pbre1_03G297200	old	16.289847	4.111853197336736
TRD	Pbre1_10G372600	old	16.536716	4.132306702755649
TRD	Pbre1_14G148400	old	0.0	0.0
TD	Pbre1_15G760200	old	0.0	0.0
TD	Pbre1_14G325000	old	15.324023	4.02892474330629
TRD	Pbre1_16G068400	old	10.722249	3.5511774828962257
TRD	Pbre1_02G483200	old	3.871062	2.284236346250273
TD	Pbre1_11G412000	old	8.681521	3.2752337176216755
TRD	Pbre1_10G007800	old	2.115846	1.6396239302780538
TRD	Pbre1_05G230200	old	11.654774	3.6616098376587045
TRD	Pbre1_05G259000	old	481.070568	8.9131005409015
TRD	Pbre1_06G207800	old	20.274338	4.411042334719802
PD	Pbre1_05G541600	old	1.183044	1.1263412086347406
TD	Pbre1_07G151600	old	0.0	0.0
TD	Pbre1_10G195000	old	3.113642	2.040416245175881
PD	Pbre1_13G350400	old	0.79418	0.8433246350066448
TRD	Pbre1_02G358000	old	0.819815	0.8637917953973868
PD	Pbre1_08G162200	old	10.11414	3.474324413406416
TRD	Pbre1_08G280800	old	0.0	0.0
TRD	Pbre1_07G368600	old	0.0	0.0
TRD	Pbre1_12G125800	old	5.049661	2.5968543015076424
