duplication_type	gene	age	TSS_5kb_contact_reads	contact_CPM	log2_contact_CPM_plus_1
TRD	Pbre1_15G599400	young	3997.0	6.6011175419498045	2.926211544043369
PD	Pbre1_17G215400	young	5033.0	8.312090214819456	3.2191050350333734
TRD	Pbre1_05G141000	young	3950.0	6.523496194821548	2.91140324312373
PD	Pbre1_06G036400	young	2287.0	3.777021720900476	2.2561114366928203
TRD	Pbre1_06G329200	young	6776.0	11.190686130660964	3.607707422604694
TD	Pbre1_11G441000	young	6175.0	10.198123798233686	3.4851851295160383
TRD	Pbre1_12G173000	young	5517.0	9.111424938438097	3.3379144162390166
TD	Pbre1_10G517800	young	6997.0	11.55567161396617	3.65026729659302
TD	Pbre1_01G128400	young	6999.0	11.55897465001418	3.6506467782471694
TRD	Pbre1_13G349000	young	10057.0	16.60931676742286	4.138267029305045
TD	Pbre1_17G224800	young	5598.0	9.24519789838254	3.35687594690442
TD	Pbre1_09G406600	young	11527.0	19.037048262710883	4.324598089927534
TRD	Pbre1_05G310800	young	8434.0	13.92890301446201	3.9000362540811846
TD	Pbre1_10G229800	young	3810.0	6.292283671460785	2.8663706836274074
TD	Pbre1_08G166800	young	12574.0	20.766187633844595	4.44401683528485
PD	Pbre1_10G163200	young	1689.0	2.789413942545214	1.921974743498867
TRD	Pbre1_15G338000	young	8348.0	13.78687246439754	3.886245038653633
TRD	Pbre1_08G176200	young	5917.0	9.772032148040278	3.4292185354234204
TD	Pbre1_08G138000	young	5427.0	8.962788316277605	3.3165495703146686
PD	Pbre1_10G372400	young	5613.0	9.269970668742621	3.360360156181251
PD	Pbre1_17G215800	young	4510.0	7.448346288264603	3.078668970364351
TRD	Pbre1_15G780200	young	5718.0	9.443380061263193	3.3845168190939914
TD	Pbre1_11G359600	young	3360.0	5.54910056065833	2.7112967836302913
TD	Pbre1_17G239200	young	5137.0	8.483848089316025	3.2454725541584213
PD	Pbre1_03G347600	young	3860.0	6.374859572661058	2.8826155787510865
TRD	Pbre1_15G202000	young	7542.0	12.455748937049144	3.7501507874410627
TRD	Pbre1_07G078000	young	5187.0	8.566423990516297	3.257979733981526
TRD	Pbre1_09G393000	young	8692.0	14.354994664655418	3.940636105913198
TRD	Pbre1_16G401400	young	3976.0	6.56643566344569	2.919613846886546
TRD	Pbre1_09G394800	young	10357.0	17.1047721746245	4.178298117345892
TRD	Pbre1_17G502800	young	9963.0	16.45407407316635	4.125491919811088
PD	Pbre1_07G148800	young	3830.0	6.325314031940893	2.8728906083557217
TRD	Pbre1_11G085200	young	7802.0	12.885143623290562	3.7954701948772085
TRD	Pbre1_10G446600	young	9716.0	16.046149121237004	4.091373953129057
TD	Pbre1_15G702000	young	4681.0	7.730755870369536	3.1261065614409
TRD	Pbre1_16G369200	young	5511.0	9.101515830294064	3.336499894474189
PD	Pbre1_12G277000	young	3547.0	5.85793443114735	2.777774110702423
TRD	Pbre1_07G197000	young	605.0	0.9991684045233004	0.9994000059181326
PD	Pbre1_11G442800	young	4961.0	8.193180917091064	3.2005641323836174
TD	Pbre1_08G236600	young	1708.0	2.8207927850013177	1.9338720174030004
PD	Pbre1_02G422400	young	8454.0	13.961933374942118	3.9032247066248917
TRD	Pbre1_11G274800	young	4262.0	7.03876981831125	3.0069747411040977
TD	Pbre1_10G577000	young	10179.0	16.81080196635153	4.154680572968106
TRD	Pbre1_17G251400	young	7155.0	11.816611461759031	3.6799429782556743
TRD	Pbre1_01G365600	young	9488.0	15.66960301176376	4.059147841696425
TRD	Pbre1_17G264600	young	6169.0	10.188214690089653	3.4839079378823863
TRD	Pbre1_09G256200	young	5544.0	9.156015925086244	3.3442626571974055
PD	Pbre1_01G009800	young	38.0	0.0627576849122073	0.08781269129385597
TD	Pbre1_05G252600	young	4830.0	7.976832055946349	3.1662064044843157
TD	Pbre1_11G448800	young	8749.0	14.449131192023728	3.949453802906823
PD	Pbre1_01G141400	young	5722.0	9.449986133359214	3.3854291228062316
PD	Pbre1_01G387000	young	5362.0	8.85543964471725	3.3009202303865552
TRD	Pbre1_04G139200	young	2003.0	3.307990602082927	2.107015102634408
PD	Pbre1_01G201000	young	7992.0	13.1989320478516	3.827710518475854
TRD	Pbre1_06G331200	young	8736.0	14.427661457711658	3.947447488030499
TRD	Pbre1_02G354800	young	3631.0	5.996661945163808	2.80666678723395
TRD	Pbre1_11G183000	young	8472.0	13.991660699374217	3.906088301391606
PD	Pbre1_01G326200	young	2829.0	4.6721444899114335	2.503894283674681
TRD	Pbre1_16G036000	young	4184.0	6.909951412438825	2.9836688328461274
PD	Pbre1_17G328600	young	4552.0	7.517710045272833	3.0904656193732327
TD	Pbre1_03G219600	young	6032.0	9.961956720800906	3.4544334387543225
TD	Pbre1_14G136200	young	5348.0	8.832318392381175	3.2975316341475174
TD	Pbre1_07G446800	young	4412.0	7.286497521912068	3.0507624424324096
TRD	Pbre1_10G205600	young	4185.0	6.91160293046283	2.983970021568826
PD	Pbre1_09G158000	young	5097.0	8.417787368355805	3.2353881503204325
TRD	Pbre1_06G144200	young	4081.0	6.739845055966263	2.9523046853326615
TRD	Pbre1_14G197600	young	7238.0	11.953687457751485	3.6952909356369568
TD	Pbre1_11G132200	young	7476.0	12.346748747464783	3.7384164407574154
PD	Pbre1_11G336600	young	4950.0	8.175014218827004	3.1977103937504348
PD	Pbre1_08G036600	young	8163.0	13.48134162995653	3.856123362586223
TD	Pbre1_08G347000	young	4502.0	7.43513414407256	3.0764110118974752
PD	Pbre1_10G029800	young	6181.0	10.208032906377719	3.4864611914752137
PD	Pbre1_03G420200	young	6544.0	10.807533949091699	3.5616357784271493
TD	Pbre1_10G108400	young	3337.0	5.511115646106204	2.702904762930694
TRD	Pbre1_17G503000	young	4676.0	7.72249828024951	3.1247414079741644
TD	Pbre1_14G174600	young	3551.0	5.864540503243371	2.7791631528736773
PD	Pbre1_02G486600	young	7600.0	12.55153698244146	3.760384582717106
TD	Pbre1_14G268400	young	4357.0	7.195664030591768	3.0348608443621137
TD	Pbre1_04G378800	young	6595.0	10.891761368315978	3.5718905130099894
TD	Pbre1_08G255600	young	3273.0	5.405418492569855	2.679292830899751
PD	Pbre1_01G325800	young	4392.0	7.25346716143196	3.045000301881012
TD	Pbre1_11G152400	young	6095.0	10.066002356313248	3.4680622309776536
TRD	Pbre1_13G439600	young	971.0	1.6036240013092973	1.3805211187749569
PD	Pbre1_02G452200	young	4362.0	7.203921620711795	3.0363137085473406
TD	Pbre1_11G406600	young	8678.0	14.331873412319341	3.938462086569617
TRD	Pbre1_12G119800	young	1047.0	1.7291393711337117	1.4484460717499281
TRD	Pbre1_07G131000	young	1778.0	2.9363990466816996	1.9768764791850995
TRD	Pbre1_16G435200	young	2726.0	4.502038133438871	2.459966138696745
TRD	Pbre1_08G177000	young	6062.0	10.01150226152107	3.4609393991575668
TD	Pbre1_05G256600	young	7118.0	11.755505294870831	3.673048145687031
TD	Pbre1_07G091800	young	4281.0	7.070148660767353	3.0125952497330952
PD	Pbre1_01G216600	young	7561.0	12.487127779505247	3.7535112393589896
TD	Pbre1_10G281400	young	6658.0	10.995807003828322	3.584458311398084
TRD	Pbre1_03G412400	young	5803.0	9.583759093303657	3.4037802234786825
TRD	Pbre1_05G107200	young	6657.0	10.994155485804317	3.584259675250323
PD	Pbre1_01G418200	young	4678.0	7.725801316297519	3.1252876243841814
TD	Pbre1_07G108600	young	3324.0	5.489645911794133	2.6981397640126024
TD	Pbre1_12G404000	young	6176.0	10.199775316257691	3.4853978849048635
TD	Pbre1_07G013000	young	8085.0	13.352523224084106	3.8432324849500454
TRD	Pbre1_12G012200	young	4184.0	6.909951412438825	2.9836688328461274
TD	Pbre1_14G446200	young	13189.0	21.781871218607947	4.509814344432754
PD	Pbre1_11G100600	young	4781.0	7.895907672770082	3.1531418149580084
PD	Pbre1_14G165400	young	361.0	0.5961980066659693	0.6746396274476107
PD	Pbre1_07G141200	young	7808.0	12.895052731434594	3.796499404433742
TD	Pbre1_15G705200	young	6061.0	10.009850743497065	3.460723005835404
TRD	Pbre1_10G182200	young	1853.0	3.0602628984821085	2.021573143680656
TD	Pbre1_07G108200	young	4643.0	7.6679981854573285	3.115698851420513
TRD	Pbre1_14G086800	young	6982.0	11.530898843606089	3.6474179980310635
TD	Pbre1_09G274400	young	7806.0	12.891749695386583	3.796156416156387
PD	Pbre1_04G390200	young	3091.0	5.104842212200862	2.609954007314705
TRD	Pbre1_10G501600	young	3021.0	4.98923595052048	2.5823719695078933
TRD	Pbre1_13G445800	young	2445.0	4.037961568693339	2.332840116739282
PD	Pbre1_01G200200	young	3536.0	5.83976773288329	2.773947334423025
TRD	Pbre1_15G599800	young	7815.0	12.906613357602632	3.797699221664125
TD	Pbre1_05G553000	young	463.0	0.7646528451145257	0.8193843943221167
TRD	Pbre1_04G113200	young	5289.0	8.734878828964854	3.283163021684198
TD	Pbre1_05G029000	young	4403.0	7.27163385969602	3.0481723267926495
PD	Pbre1_01G327400	young	4938.0	8.155196002538938	3.1945907728455496
PD	Pbre1_09G228600	young	6026.0	9.952047612656873	3.453128718545652
TRD	Pbre1_14G110200	young	6176.0	10.199775316257691	3.4853978849048635
TRD	Pbre1_10G061400	young	2229.0	3.68123367550816	2.2268887825851165
PD	Pbre1_03G198200	young	6989.0	11.542459469774126	3.648748371012267
PD	Pbre1_13G464200	young	3361.0	5.5507520786823354	2.7116605490773376
TD	Pbre1_02G457000	young	8680.0	14.335176448367353	3.9387728614088284
PD	Pbre1_17G116600	young	4518.0	7.4615584324566475	3.080923400427551
PD	Pbre1_04G061600	young	6934.0	11.451625978453826	3.638262241830061
TRD	Pbre1_06G149800	young	2969.0	4.903357013272196	2.561535593302083
PD	Pbre1_09G198200	young	5462.0	9.020591447117797	3.3248957583747467
TD	Pbre1_04G017400	young	7517.0	12.414460986449008	3.7457171809580285
TD	Pbre1_12G411400	young	5170.0	8.538348184108203	3.253739447265485
TRD	Pbre1_07G475600	young	4600.0	7.596982910425094	3.1038304384345126
TRD	Pbre1_14G217600	young	6013.0	9.930577878344803	3.45029777038792
TD	Pbre1_15G702200	young	3932.0	6.49376887038945	2.90569148144536
TD	Pbre1_03G068000	young	9672.0	15.973482328180763	4.085210677575787
TD	Pbre1_11G149200	young	5336.0	8.812500176093108	3.2946207747819356
TD	Pbre1_17G357600	young	7803.0	12.886795141314566	3.795641780799688
TD	Pbre1_06G007000	young	5517.0	9.111424938438097	3.3379144162390166
PD	Pbre1_09G183400	young	6427.0	10.614306340283061	3.5378310872331813
PD	Pbre1_01G107200	young	2982.0	4.924826747584268	2.5667729676724225
TD	Pbre1_07G083800	young	4043.0	6.677087371054056	2.9405590671514177
TRD	Pbre1_16G436000	young	2025.0	3.344323998611047	2.119131702994606
TRD	Pbre1_06G347600	young	4520.0	7.464861468504658	3.0814864579216588
TD	Pbre1_03G036400	young	7376.0	12.18159694506424	3.7204532577341283
PD	Pbre1_13G042600	young	6363.0	10.508609186746712	3.524641589467655
PD	Pbre1_08G090400	young	7390.0	12.204718197400314	3.7229816080886042
TD	Pbre1_11G112800	young	9575.0	15.813285079852234	4.071529729359037
PD	Pbre1_17G222800	young	7659.0	12.648976545857781	3.77072087111877
TD	Pbre1_03G205200	young	7851.0	12.966068006466829	3.8038539978083312
PD	Pbre1_13G350600	young	4738.0	7.824892397737847	3.141578687653348
TD	Pbre1_14G100000	young	6685.0	11.040397990476468	3.5898111754730997
PD	Pbre1_01G141000	young	6705.0	11.07342835095658	3.5937634944781225
PD	Pbre1_17G325800	young	4425.0	7.307967256224139	3.054495530171951
PD	Pbre1_17G390400	young	7894.0	13.037083281499063	3.811171288901411
TRD	Pbre1_15G627000	young	7050.0	11.643202069238459	3.6602899875456454
TRD	Pbre1_15G422000	young	3820.0	6.308798851700839	2.8696343291488744
TRD	Pbre1_11G020600	young	7798.0	12.87853755119454	3.794783647039935
PD	Pbre1_09G330400	young	7277.0	12.018096660687698	3.7024466264235407
TRD	Pbre1_14G165600	young	1432.0	2.364973810375812	1.7505952763696269
PD	Pbre1_12G109000	young	4020.0	6.63910245650193	2.9334031411902606
PD	Pbre1_08G321000	young	4707.0	7.773695338993678	3.133184610556581
TD	Pbre1_05G575600	young	9565.0	15.796769899612178	4.0701119173046445
TRD	Pbre1_12G306200	young	7602.0	12.55484001848947	3.7607361807008397
TRD	Pbre1_11G247000	young	1449.0	2.393049616783905	1.762582526825992
TD	Pbre1_11G080200	young	8291.0	13.69273593702923	3.8770311603026046
PD	Pbre1_14G147600	young	6635.0	10.957822089276195	3.5798827463699165
PD	Pbre1_07G209600	young	4322.0	7.137860899751578	3.0246496206729065
TRD	Pbre1_10G282800	young	6814.0	11.253443815573172	3.615115368801392
PD	Pbre1_10G239000	young	2670.0	4.409553124094566	2.4355094198781417
TRD	Pbre1_17G319400	young	6578.0	10.863685561907884	3.568480360748732
PD	Pbre1_03G197400	young	11048.0	18.24597112921227	4.266484564578619
PD	Pbre1_10G028800	young	3563.0	5.884358719531437	2.7833222730616867
TD	Pbre1_02G440800	young	8518.0	14.067630528478468	3.9133806575707415
TRD	Pbre1_15G344000	young	2172.0	3.587097148139849	2.1975814619556138
PD	Pbre1_07G358600	young	5120.0	8.455772282907931	3.241195292466031
PD	Pbre1_17G487600	young	6433.0	10.624215448427094	3.539061442776055
TD	Pbre1_11G196000	young	2544.0	4.201461853069879	2.3789171447502464
PD	Pbre1_04G061800	young	5031.0	8.308787178771444	3.218593214491774
PD	Pbre1_01G232800	young	3010.0	4.97106925225642	2.577989301138448
TRD	Pbre1_01G084000	young	4537.0	7.49293727491275	3.0862635948951724
TRD	Pbre1_01G044400	young	4036.0	6.665526744886018	2.938384931626322
PD	Pbre1_13G072200	young	6306.0	10.4144726593784	3.5127923044917297
TD	Pbre1_09G232600	young	3321.0	5.484691357722117	2.697037910285744
TRD	Pbre1_04G145200	young	95.0	0.15689421228051825	0.21025694880502532
TD	Pbre1_01G314800	young	4766.0	7.871134902409999	3.149118683257073
PD	Pbre1_04G336000	young	0.0	0.0	0.0
TRD	Pbre1_12G292000	young	8356.0	13.800084608589584	3.887533518312108
PD	Pbre1_05G029200	young	4349.0	7.182451886399725	3.032533214110052
TRD	Pbre1_02G259400	young	7819.0	12.913219429698655	3.7983843837716535
TRD	Pbre1_16G228000	young	7403.0	12.226187931712385	3.7253254010620624
PD	Pbre1_12G411600	young	3866.0	6.38476868080509	2.8845527309721843
PD	Pbre1_17G486800	young	6342.0	10.473927308242597	3.520287377989
TRD	Pbre1_13G460400	young	6917.0	11.423550172045735	3.635005594027574
TD	Pbre1_11G090800	young	5725.0	9.45494068743123	3.3861129721958636
TRD	Pbre1_16G435400	young	2025.0	3.344323998611047	2.119131702994606
PD	Pbre1_16G097400	young	8199.0	13.540796278820727	3.8620343707508167
TD	Pbre1_14G410400	young	6879.0	11.360792487133526	3.627699336560555
PD	Pbre1_11G345200	young	3943.0	6.51193556865351	2.909184688766088
TD	Pbre1_04G017200	young	5305.0	8.761303117348941	3.28707375797699
TD	Pbre1_10G409800	young	9009.0	14.878525878265146	3.9890050774669383
TD	Pbre1_03G067600	young	4973.0	8.212999133379128	3.203670877327824
TD	Pbre1_02G041800	young	7134.0	11.781929583254918	3.676033739471058
TD	Pbre1_02G088000	young	10083.0	16.652256236047005	4.141780689291651
PD	Pbre1_04G306200	young	8161.0	13.47803859390852	3.855794262052291
PD	Pbre1_01G125600	young	8598.0	14.199751970398905	3.9259758768460244
TD	Pbre1_08G094400	young	4506.0	7.441740216168581	3.077540432871525
TD	Pbre1_15G050600	young	9767.0	16.130376540461285	4.098484958339967
PD	Pbre1_16G046000	young	6107.0	10.085820572601316	3.470643657353092
TD	Pbre1_03G024000	young	8154.0	13.466477967740483	3.8546418186253257
PD	Pbre1_11G389800	young	8728.0	14.414449313519613	3.9462114444786995
PD	Pbre1_11G034600	young	4049.0	6.686996479198088	2.9424200076800617
PD	Pbre1_10G406000	young	4724.0	7.80177114540177	3.1377938607478817
TRD	Pbre1_17G488600	young	3711.0	6.128783387084245	2.8336558843571193
PD	Pbre1_07G101400	young	3053.0	5.042084527288655	2.595046367158729
TD	Pbre1_05G387400	young	7157.0	11.819914497807043	3.6803147348470495
PD	Pbre1_01G326600	young	3406.0	5.625070389762581	2.727935782928773
TRD	Pbre1_16G370400	young	4386.0	7.243558053287926	3.0432671623952885
PD	Pbre1_02G020600	young	73.0	0.12056081575239823	0.1642209497884662
TD	Pbre1_03G219800	young	3982.0	6.5763447715897225	2.921501984046152
TRD	Pbre1_08G234200	young	4303.0	7.106482057295474	3.019075968746603
TRD	Pbre1_17G309800	young	5676.0	9.374016304254964	3.3749026371053703
PD	Pbre1_11G030400	young	4985.0	8.232817349667195	3.20677094648289
TRD	Pbre1_17G427400	young	4745.0	7.836453023905886	3.143467384128737
TD	Pbre1_02G120200	young	4288.0	7.081709286935393	3.01466045621823
PD	Pbre1_10G260000	young	6265.0	10.346760420394178	3.504208551649449
TD	Pbre1_05G098400	young	3877.0	6.40293537906915	2.8880974352175177
TRD	Pbre1_14G346200	young	3907.0	6.452480919789314	2.8977207765618886
TRD	Pbre1_09G358200	young	1758.0	2.90336868620159	1.964719736574953
PD	Pbre1_04G294200	young	6544.0	10.807533949091699	3.5616357784271493
TD	Pbre1_03G404000	young	7110.0	11.742293150678789	3.6715530286358837
PD	Pbre1_13G464800	young	5261.0	8.6886363242927	3.2762936205807733
TRD	Pbre1_08G294400	young	3798.0	6.272465455172719	2.8624445384181394
PD	Pbre1_04G043200	young	2866.0	4.733250656799634	2.5193533548112805
TD	Pbre1_10G483200	young	5059.0	8.355029683443599	3.225742231134572
TRD	Pbre1_07G241000	young	2805.0	4.632508057335302	2.4937774722457666
TRD	Pbre1_03G362800	young	5850.0	9.661380440431914	3.414322345894967
TD	Pbre1_03G036600	young	6460.0	10.668806435075242	3.5445850948134017
PD	Pbre1_12G034200	young	7705.0	12.724946374962032	3.778728607343521
TRD	Pbre1_17G326600	young	6903.0	11.400428919709658	3.6323181178895183
TD	Pbre1_14G213400	young	2771.0	4.576356444519117	2.4793227822078467
TRD	Pbre1_12G191800	young	3483.0	5.752237277611001	2.7553656020927852
TRD	Pbre1_07G288400	young	3943.0	6.51193556865351	2.909184688766088
PD	Pbre1_13G072000	young	6306.0	10.4144726593784	3.5127923044917297
TRD	Pbre1_09G233200	young	8245.0	13.61676610792498	3.869552251859399
TD	Pbre1_15G234200	young	5138.0	8.48549960734003	3.2457237633098686
TRD	Pbre1_14G346000	young	3939.0	6.505329496557488	2.907915409969176
TRD	Pbre1_09G392800	young	5923.0	9.78194125618431	3.4305450492794125
PD	Pbre1_02G479800	young	8006.0	13.222053300187675	3.8300578630900364
TRD	Pbre1_05G313800	young	8080.0	13.34426563396408	3.84240220496969
TRD	Pbre1_14G176800	young	2684.0	4.432674376430642	2.4416625773631617
TRD	Pbre1_08G084600	young	4289.0	7.083360804959398	3.014955244531292
TD	Pbre1_06G169200	young	5693.0	9.402092110663057	3.3788018130743214
TRD	Pbre1_17G427600	young	4745.0	7.836453023905886	3.143467384128737
TD	Pbre1_02G488200	young	9157.0	15.122950545817954	4.011043880210944
TRD	Pbre1_16G426800	young	5265.0	8.695242396388721	3.277276968439992
TD	Pbre1_12G253400	young	7165.0	11.833126641999087	3.6818008040025045
TD	Pbre1_12G385600	young	5364.0	8.858742680765262	3.3014036664928326
PD	Pbre1_03G114000	young	5253.0	8.675424180100658	3.2743249118113575
TRD	Pbre1_03G340400	young	6119.0	10.105638788889381	3.4732204730093668
PD	Pbre1_09G157800	young	5754.0	9.50283471012739	3.39270685804542
TRD	Pbre1_05G571600	young	2198.0	3.6300366167639906	2.211023603121566
TD	Pbre1_02G447200	young	10000.0	16.515180240054555	4.1305339291646455
TRD	Pbre1_15G064400	young	7015.0	11.585398938398269	3.653679043394735
TD	Pbre1_02G412000	young	4295.0	7.0932699131034305	3.0167227106021
TRD	Pbre1_07G203400	young	3101.0	5.121357392440917	2.6138516016439217
PD	Pbre1_05G462600	young	8630.0	14.252600547167079	3.930983336031432
PD	Pbre1_12G108600	young	360.0	0.5945464886419639	0.6731461596507069
TRD	Pbre1_07G056800	young	6423.0	10.60770026818704	3.53701026689061
PD	Pbre1_02G451800	young	7398.0	12.217930341592357	3.724424392786426
TRD	Pbre1_15G455400	young	7659.0	12.648976545857781	3.77072087111877
PD	Pbre1_14G411400	young	5786.0	9.555683286895563	3.3999480646391893
PD	Pbre1_12G276200	young	3565.0	5.887661755579448	2.7840142955323657
TRD	Pbre1_15G783600	young	8454.0	13.961933374942118	3.9032247066248917
TRD	Pbre1_15G566000	young	5927.0	9.788547328280334	3.431428714729394
TD	Pbre1_12G109400	young	313.0	0.5169251415137075	0.601149892024178
PD	Pbre1_01G100200	young	3795.0	6.267510901100703	2.8614613303728134
TRD	Pbre1_02G487600	young	8571.0	14.155160983750756	3.9217372719337447
PD	Pbre1_06G231000	young	8423.0	13.91073631619795	3.898279596874803
TD	Pbre1_10G199800	young	5192.0	8.574681580636325	3.2592245090035994
TRD	Pbre1_04G076400	young	4119.0	6.802602740878471	2.9639554489762694
TRD	Pbre1_02G404000	young	6676.0	11.02553432826042	3.588029093298916
TRD	Pbre1_12G025000	young	10535.0	17.39874238289747	4.201535251388969
TD	Pbre1_09G232800	young	2704.0	4.465704736910751	2.450407526070376
TD	Pbre1_05G435200	young	6600.0	10.900018958436004	3.5728919668424144
TD	Pbre1_03G320800	young	4633.0	7.6514830052172735	3.1129474553953074
TRD	Pbre1_10G134800	young	4930.0	8.141983858346894	3.192507271632448
TD	Pbre1_07G108400	young	4091.0	6.7563602362063175	2.95537980949415
TRD	Pbre1_12G410600	young	2346.0	3.8744612843167983	2.285242783910361
TD	Pbre1_02G216800	young	8874.0	14.65557094502441	3.968604218153811
TRD	Pbre1_15G585800	young	4242.0	7.005739457831141	3.0010346648122193
TRD	Pbre1_08G278600	young	7336.0	12.11553622410402	3.7132048877774206
PD	Pbre1_15G307400	young	7406.0	12.231142485784401	3.7258657360512903
TRD	Pbre1_03G307200	young	5981.0	9.877729301576627	3.443305523970879
TRD	Pbre1_09G464000	young	6545.0	10.809185467115704	3.5618375538579414
TRD	Pbre1_02G321000	young	3156.0	5.212190883761217	2.635102160508328
TD	Pbre1_03G040600	young	9075.0	14.987526067849506	3.998874806327444
PD	Pbre1_06G281400	young	4988.0	8.237771903739212	3.2075449240385474
PD	Pbre1_10G491200	young	7427.0	12.265824364288516	3.729642425132995
TRD	Pbre1_10G078800	young	4866.0	8.036286704810545	3.1757300455258712
TRD	Pbre1_12G173200	young	2733.0	4.513598759606909	2.462994282112752
TD	Pbre1_06G095400	young	7848.0	12.961113452394812	3.8033421014914737
PD	Pbre1_01G125000	young	8287.0	13.686129864933209	3.8763823573380822
PD	Pbre1_07G162000	young	2584.0	4.267522574030096	2.3971245917424366
TRD	Pbre1_06G197200	young	3883.0	6.4128444872131825	2.8900272456547227
TD	Pbre1_05G420400	young	5334.0	8.809197140045098	3.2941350600453787
TD	Pbre1_10G483400	young	10050.0	16.597756141254823	4.137319579985139
TD	Pbre1_03G285600	young	5342.0	8.822409284237143	3.2960769386029685
TD	Pbre1_03G413600	young	4684.0	7.735710424441552	3.1269250338967
TRD	Pbre1_15G784400	young	4915.0	8.117211087986812	3.1885925782430204
TD	Pbre1_09G158200	young	7897.0	13.04203783557108	3.811680415282817
TRD	Pbre1_15G763200	young	7091.0	11.710914308222684	3.6679959033967693
TD	Pbre1_04G032000	young	2548.0	4.2080679251659	2.3807482646826865
PD	Pbre1_09G184000	young	5302.0	8.756348563276925	3.286341301956152
TD	Pbre1_15G488000	young	6025.0	9.950396094632868	3.452911150414942
TD	Pbre1_15G310400	young	7750.0	12.799264686042278	3.7865194878282096
TRD	Pbre1_02G127200	young	3665.0	6.052813557979993	2.818198902389973
TD	Pbre1_02G120000	young	2628.0	4.340189367086337	2.4168909018589697
TD	Pbre1_17G416400	young	4733.0	7.816634807617819	3.140228103313656
TRD	Pbre1_08G301400	young	6474.0	10.691927687411317	3.547440906347549
TD	Pbre1_12G370200	young	4900.0	8.092438317626732	3.184667233586488
TRD	Pbre1_06G189000	young	5492.0	9.07013698783796	3.3320114038855113
PD	Pbre1_12G108400	young	360.0	0.5945464886419639	0.6731461596507069
PD	Pbre1_04G310000	young	5902.0	9.747259377680198	3.4258969048118693
TRD	Pbre1_03G295400	young	5011.0	8.275756818291336	3.213464997469469
PD	Pbre1_07G066000	young	3346.0	5.5259793083222535	2.706194413137991
TRD	Pbre1_01G110200	young	5192.0	8.574681580636325	3.2592245090035994
PD	Pbre1_17G101200	young	7625.0	12.592824933041596	3.764773410695598
TRD	Pbre1_08G200800	young	801.0	1.3228659372283698	1.2159058922969532
TRD	Pbre1_09G003200	young	5888.0	9.72413812534412	3.4227898011430846
TRD	Pbre1_02G417400	young	4964.0	8.198135471163079	3.201341446047472
TD	Pbre1_08G094200	young	5617.0	9.276576740838642	3.36128785927327
TD	Pbre1_14G311800	young	4425.0	7.307967256224139	3.054495530171951
TD	Pbre1_01G260800	young	5380.0	8.88516696914935	3.3052653345462235
TRD	Pbre1_01G034000	young	6821.0	11.26500444174121	3.6164758512514346
TRD	Pbre1_08G234400	young	6412.0	10.58953356992298	3.5347505999806783
PD	Pbre1_15G692800	young	4765.0	7.869483384385994	3.1488500751588053
TRD	Pbre1_11G394600	young	5688.0	9.39383452054303	3.3776560901495154
PD	Pbre1_15G745200	young	3515.0	5.8050858543791755	2.766613363184926
TD	Pbre1_02G021000	young	770.0	1.2716688784842005	1.1837525609945674
TRD	Pbre1_11G089400	young	9272.0	15.31287511857858	4.027939172078894
PD	Pbre1_04G309600	young	5167.0	8.533393630036187	3.252989865940405
TRD	Pbre1_15G553400	young	3567.0	5.890964791627459	2.784705986217398
PD	Pbre1_15G299000	young	5659.0	9.345940497846872	3.3709928942569114
PD	Pbre1_06G211800	young	7817.0	12.909916393650644	3.7980418433923817
TD	Pbre1_12G370600	young	3642.0	6.014828643427868	2.8104078624629545
TD	Pbre1_15G720000	young	5754.0	9.50283471012739	3.39270685804542
TRD	Pbre1_17G125200	young	184.0	0.3038793164170038	0.3828103437530268
PD	Pbre1_09G281800	young	4341.0	7.169239742207681	3.030201822412313
PD	Pbre1_11G162200	young	4902.0	8.095741353674741	3.185191230365148
PD	Pbre1_04G294600	young	8708.0	14.381418953039505	3.943116694551605
TD	Pbre1_10G506400	young	8917.0	14.726586220056644	3.9751336329074958
PD	Pbre1_07G241200	young	2838.0	4.687008152127482	2.5076698723445605
TRD	Pbre1_01G115000	young	6757.0	11.159307288204863	3.6039891361410636
PD	Pbre1_02G253400	young	5261.0	8.6886363242927	3.2762936205807733
TD	Pbre1_05G181000	young	2131.0	3.519384909155625	2.176126434389318
PD	Pbre1_14G173400	young	4934.0	8.148589930442917	3.1935493983559886
TD	Pbre1_11G254800	young	6615.0	10.924791728796087	3.575892164098698
TRD	Pbre1_17G019000	young	5982.0	9.879380819600634	3.4435245454176133
PD	Pbre1_15G246000	young	5485.0	9.058576361669921	3.330354222963267
TRD	Pbre1_16G498800	young	1821.0	3.007414321713934	2.002671675973143
TRD	Pbre1_06G166600	young	7451.0	12.305460796864647	3.73394656976007
TRD	Pbre1_01G115200	young	6757.0	11.159307288204863	3.6039891361410636
PD	Pbre1_01G233000	young	5823.0	9.616789453783765	3.4082756520487756
TRD	Pbre1_17G018800	young	5982.0	9.879380819600634	3.4435245454176133
TD	Pbre1_12G370400	young	5858.0	9.674592584623957	3.4161091026854247
TRD	Pbre1_02G036200	young	7352.0	12.141960512488106	3.7161086072798946
TD	Pbre1_07G210400	young	6269.0	10.3533664924902	3.5050482427893535
TD	Pbre1_03G071800	young	8516.0	14.064327492430456	3.913064363903923
PD	Pbre1_13G444400	young	1990.0	3.286520867770856	2.0998071667882514
PD	Pbre1_02G340000	young	0.0	0.0	0.0
PD	Pbre1_11G517200	young	7682.0	12.686961460409908	3.774730295131328
TRD	Pbre1_02G484800	young	10242.0	16.914847601863872	4.163083865761136
PD	Pbre1_08G036800	young	6080.0	10.041229585953168	3.464828938994278
TD	Pbre1_17G265600	young	3582.0	5.915737561987541	2.7898831227102536
TRD	Pbre1_15G734800	young	7266.0	11.99992996242364	3.7004319455921477
PD	Pbre1_03G376800	young	6823.0	11.268307477789222	3.6168643249944634
TD	Pbre1_05G246000	young	4856.0	8.01977152457049	3.1730908897396572
TD	Pbre1_09G236200	young	8997.0	14.858707661977082	3.987203304414597
TD	Pbre1_15G720600	young	4491.0	7.4169674458085	3.0733005374551503
TRD	Pbre1_03G450600	young	5520.0	9.116379492510113	3.3386211573741567
PD	Pbre1_15G298600	young	4452.0	7.352558242872287	3.0622181375913806
PD	Pbre1_14G082800	young	6606.0	10.909928066580038	3.5740927945460097
TD	Pbre1_04G017600	young	7356.0	12.148566584584128	3.71683362489693
TRD	Pbre1_11G456400	young	4340.0	7.167588224183676	3.0299101333676357
TRD	Pbre1_10G499000	young	8239.0	13.606856999780947	3.8685738775028575
TRD	Pbre1_17G265000	young	4533.0	7.486331202816729	3.0851409849374964
TD	Pbre1_05G010800	young	5274.0	8.71010605860477	3.2794870535628524
TRD	Pbre1_03G209400	young	4288.0	7.081709286935393	3.01466045621823
TD	Pbre1_10G080400	young	3753.0	6.198147144092474	2.847625594049629
PD	Pbre1_02G452400	young	4494.0	7.421921999880516	3.0741495139650135
PD	Pbre1_06G380800	young	5634.0	9.304652547246734	3.3652239557262122
TRD	Pbre1_02G012400	young	6890.0	11.378959185397587	3.629818113705335
TD	Pbre1_03G471200	young	9979.0	16.48049836155044	4.1276744109323
TRD	Pbre1_17G264800	young	4533.0	7.486331202816729	3.0851409849374964
TD	Pbre1_04G060000	young	5094.0	8.41283281428379	3.2346289707835796
TD	Pbre1_06G014200	young	4315.0	7.1263002735835395	3.0225986743408657
TD	Pbre1_01G201400	young	5853.0	9.66633499450393	3.4149926390391063
TD	Pbre1_07G056400	young	7694.0	12.706779676697973	3.776817753518495
PD	Pbre1_16G513600	young	0.0	0.0	0.0
TD	Pbre1_03G046400	young	5948.0	9.823229206784449	3.43605909918642
TRD	Pbre1_06G052600	young	6981.0	11.529247325582084	3.647227844561843
TD	Pbre1_16G149600	young	6260.0	10.33850283027415	3.5031582499879352
TRD	Pbre1_07G094800	young	6640.0	10.966079679396223	3.580878669602184
TD	Pbre1_06G047600	young	4781.0	7.895907672770082	3.1531418149580084
PD	Pbre1_03G037200	young	5952.0	9.82983527888047	3.436939394698835
TD	Pbre1_03G064800	young	7706.0	12.726597892986037	3.7789021958923317
TD	Pbre1_03G413400	young	4693.0	7.750574086657602	3.1293776689226855
PD	Pbre1_05G231200	young	7803.0	12.886795141314566	3.795641780799688
TD	Pbre1_06G095600	young	8016.0	13.238568480427729	3.831732202567909
PD	Pbre1_17G416200	young	6984.0	11.5342018796541	3.647798229796859
PD	Pbre1_05G134400	young	283.0	0.46737960079354385	0.553242134365008
TRD	Pbre1_06G080400	young	5054.0	8.34677209332357	3.224468216445266
PD	Pbre1_02G420400	young	8869.0	14.647313354904382	3.967843062441893
TRD	Pbre1_17G455000	young	4317.0	7.129603309631551	3.0231849565819644
PD	Pbre1_16G410600	young	4591.0	7.582119248209045	3.1013339474163595
PD	Pbre1_11G295400	young	5044.0	8.330256913083517	3.2219168069214614
TD	Pbre1_05G010600	young	5012.0	8.277408336315341	3.213721841716756
TD	Pbre1_09G210400	young	3859.0	6.373208054637052	2.882292467014235
PD	Pbre1_03G121600	young	5065.0	8.364938791587631	3.227269565171838
TRD	Pbre1_07G129600	young	2535.0	4.186598190853829	2.3747886075042444
PD	Pbre1_12G276000	young	6446.0	10.645685182739165	3.5417236189925574
TD	Pbre1_09G267800	young	5673.0	9.369061750182947	3.3742134519510083
PD	Pbre1_14G279200	young	5791.0	9.563940877015591	3.401076227226788
TD	Pbre1_08G036000	young	4464.0	7.372376459160352	3.0656371830165923
TD	Pbre1_10G410000	young	5824.0	9.618440971807772	3.408500056194172
PD	Pbre1_02G020800	young	0.0	0.0	0.0
TRD	Pbre1_12G143400	young	5039.0	8.32199932296349	3.220639408097062
PD	Pbre1_17G083800	young	9118.0	15.05854134288174	4.005268948330192
TRD	Pbre1_03G089800	young	10550.0	17.42351515325755	4.203476444609105
TRD	Pbre1_01G004000	young	38.0	0.0627576849122073	0.08781269129385597
TD	Pbre1_16G459600	young	2184.0	3.6069153644279144	2.2038010938306134
PD	Pbre1_06G281800	young	5184.0	8.561469436444279	3.257232353118425
TRD	Pbre1_15G784200	young	7084.0	11.699353682054644	3.66668316956812
TRD	Pbre1_12G265600	young	8374.0	13.829811933021682	3.8904283969943103
TRD	Pbre1_12G317600	young	178.0	0.29397020827297105	0.37180440181912244
TD	Pbre1_12G014000	young	10719.0	17.702621699314474	4.225168613529069
PD	Pbre1_15G758800	young	6202.0	10.242714784881834	3.4909185409244388
TRD	Pbre1_16G469200	young	2684.0	4.432674376430642	2.4416625773631617
PD	Pbre1_17G462600	young	2636.0	4.3534015112783795	2.4204558605003035
TRD	Pbre1_02G145400	young	7117.0	11.753853776846826	3.6728613407688986
TD	Pbre1_15G490000	young	5521.0	9.118031010534118	3.338856660836746
PD	Pbre1_02G061000	young	5673.0	9.369061750182947	3.3742134519510083
TRD	Pbre1_10G164800	young	1922.0	3.174217642138485	2.061505824035852
TRD	Pbre1_09G390600	young	7615.0	12.576309752801542	3.7630194813311304
TRD	Pbre1_03G295000	young	433.0	0.7151073043943621	0.7782988403484101
TD	Pbre1_05G553800	young	7559.0	12.483824743457236	3.753157875958412
TRD	Pbre1_06G130600	young	698.0	1.1527595807558078	1.1061872089530196
TRD	Pbre1_14G116600	young	5422.0	8.954530726157579	3.315353306402538
TD	Pbre1_04G078200	young	4674.0	7.719195244201498	3.124194984683716
PD	Pbre1_08G043400	young	7155.0	11.816611461759031	3.6799429782556743
TD	Pbre1_13G471200	young	4573.0	7.5523919237769475	3.0963279678308
PD	Pbre1_05G249400	young	4760.0	7.861225794265968	3.1475062839931915
TD	Pbre1_16G046200	young	7060.0	11.659717249478515	3.6621732779055494
TD	Pbre1_15G720200	young	4447.0	7.34430065275226	3.0607911404104606
TD	Pbre1_08G112400	young	7370.0	12.171687836920206	3.7193683211145734
TRD	Pbre1_07G434200	young	4123.0	6.809208812974492	2.9651763896709005
TD	Pbre1_11G345800	young	2789.0	4.606083768951215	2.4869933020135697
TD	Pbre1_05G396000	young	8729.0	14.41610083154362	3.946366007848749
TRD	Pbre1_13G256800	young	7300.0	12.056081575239823	3.706650071389241
TD	Pbre1_10G118600	young	5563.0	9.187394767542347	3.348713251739896
TD	Pbre1_15G215400	young	5223.0	8.625878639380492	3.266918234286824
TD	Pbre1_09G210600	young	4215.0	6.9611484711829945	2.9929765682266187
TD	Pbre1_11G359400	young	6126.0	10.117199415057419	3.474721492761539
TD	Pbre1_09G341800	young	5675.0	9.372364786230959	3.374672945299574
PD	Pbre1_10G512800	young	8400.0	13.872751401645823	3.894599659985988
PD	Pbre1_07G065600	young	4732.0	7.8149832895938145	3.13995783465686
TRD	Pbre1_10G055600	young	5265.0	8.695242396388721	3.277276968439992
TD	Pbre1_04G301400	young	6908.0	11.408686509829685	3.6332785055977883
PD	Pbre1_17G211200	young	6380.0	10.536684993154804	3.5281568274504873
PD	Pbre1_15G745400	young	3515.0	5.8050858543791755	2.766613363184926
TD	Pbre1_03G064600	young	9577.0	15.816588115900243	4.071813124643576
PD	Pbre1_09G377000	young	4527.0	7.476422094672696	3.083455430410531
PD	Pbre1_02G422200	young	4715.0	7.786907483185722	3.1353555039700938
PD	Pbre1_13G454200	young	5195.0	8.579636134708341	3.2599708588193597
TRD	Pbre1_14G058000	young	1014.0	1.6746392763415316	1.4193443310183533
PD	Pbre1_17G487800	young	9145.0	15.103132329529888	4.009269438925415
PD	Pbre1_07G042600	young	5944.0	9.816623134688426	3.435178266212299
TRD	Pbre1_10G094000	young	6285.0	10.379790780874286	3.5084021286153555
TD	Pbre1_05G433200	young	9267.0	15.304617528458552	4.02720869382299
TRD	Pbre1_05G113000	young	5615.0	9.27327370479063	3.3608240822954287
PD	Pbre1_13G464600	young	4819.0	7.958665357682289	3.1632838187479426
TD	Pbre1_08G035800	young	3837.0	6.336874658108933	2.8751656386190723
TRD	Pbre1_07G226200	young	552.0	0.9116379492510114	0.9348093129213333
TD	Pbre1_17G416600	young	4733.0	7.816634807617819	3.140228103313656
TRD	Pbre1_12G065200	young	8859.0	14.630798174664328	3.966319545216538
PD	Pbre1_03G139200	young	5044.0	8.330256913083517	3.2219168069214614
TD	Pbre1_05G181200	young	6406.0	10.579624461778947	3.5335165610025587
TD	Pbre1_06G169400	young	5627.0	9.293091921078696	3.3636045104690737
TRD	Pbre1_05G085200	young	3976.0	6.56643566344569	2.919613846886546
TD	Pbre1_14G377600	young	6293.0	10.393002925066329	3.510076152214757
TD	Pbre1_14G174800	young	3421.0	5.649843160122662	2.7333203143308804
TRD	Pbre1_07G057800	young	7117.0	11.753853776846826	3.6728613407688986
PD	Pbre1_16G045600	young	7393.0	12.20967275147233	3.7235228214512124
TRD	Pbre1_01G135400	young	9125.0	15.070101969049778	4.006307178211241
TD	Pbre1_08G208800	young	3137.0	5.1808120413051135	2.627796393308008
PD	Pbre1_05G181800	young	2400.0	3.963643257613093	2.3113994311477652
PD	Pbre1_05G288400	young	9035.0	14.921465346889288	3.992901216661082
TRD	Pbre1_09G100400	young	8377.0	13.834766487093699	3.8909103125337623
PD	Pbre1_06G346600	young	7629.0	12.59943100513762	3.7654743858307134
PD	Pbre1_10G264000	young	1945.0	3.2122025566906105	2.074574814451617
PD	Pbre1_05G133200	young	2150.0	3.5507637516117287	2.186108692167438
TRD	Pbre1_15G634400	young	3334.0	5.506161092034188	2.7018065438364136
TRD	Pbre1_17G196800	young	5882.0	9.714229017200088	3.421456134068346
TRD	Pbre1_02G449000	young	2045.0	3.3773543590911563	2.1300591789073033
PD	Pbre1_02G468600	young	7755.0	12.807522276162306	3.78738254984897
TRD	Pbre1_12G159400	young	1100.0	1.8166698264060008	1.493990459089421
TD	Pbre1_09G183800	young	4999.0	8.25593860200327	3.21037929455785
TRD	Pbre1_07G179600	young	4673.0	7.717543726177493	3.1239216954093463
TRD	Pbre1_05G535000	young	2842.0	4.693614224223504	2.5093447453362
TRD	Pbre1_01G033400	young	5063.0	8.36163575553962	3.226760633464785
TRD	Pbre1_03G279000	young	7534.0	12.4425367928571	3.748733515230506
TD	Pbre1_02G381200	young	5381.0	8.886818487173354	3.305506345938223
PD	Pbre1_02G396600	young	6781.0	11.198943720780992	3.6086843283505887
TRD	Pbre1_03G257800	young	134.0	0.22130341521673103	0.2884216616270797
TD	Pbre1_13G396000	young	4732.0	7.8149832895938145	3.13995783465686
TRD	Pbre1_04G085200	young	6143.0	10.14527522146551	3.478360337841321
PD	Pbre1_01G136200	young	4753.0	7.849665168097928	3.1456228710755267
PD	Pbre1_06G031800	young	6553.0	10.82239761130775	3.5634507421769936
TD	Pbre1_02G444000	young	7314.0	12.0792028275759	3.7092027066904345
TD	Pbre1_07G421200	young	6762.0	11.167564878324889	3.604968562077276
TD	Pbre1_09G210800	young	3671.0	6.062722666124026	2.820224446910622
PD	Pbre1_12G380000	young	5902.0	9.747259377680198	3.4258969048118693
PD	Pbre1_10G491600	young	3687.0	6.089146954508114	2.825612036697134
TRD	Pbre1_17G334600	young	5060.0	8.356681201467604	3.225996899121269
TD	Pbre1_08G358600	young	5267.0	8.698545432436733	3.2777683911382782
PD	Pbre1_11G123800	young	5759.0	9.511092300247418	3.3938406951357623
PD	Pbre1_17G296400	young	3290.0	5.433494298977948	2.685602538255224
TRD	Pbre1_16G510400	young	3.0	0.004954554072016365	0.007130261506307828
TD	Pbre1_16G204800	young	10394.0	17.165878341512702	4.183159218323628
TRD	Pbre1_15G099200	young	7096.0	11.71917189834271	3.6689328396413265
PD	Pbre1_02G021200	young	0.0	0.0	0.0
TRD	Pbre1_15G784600	young	5038.0	8.320347804939484	3.2203837925511163
TD	Pbre1_09G099000	young	7816.0	12.908264875626639	3.7978705426992914
TRD	Pbre1_06G096800	young	8463.0	13.976797037158168	3.904657214499154
PD	Pbre1_07G135200	young	4090.0	6.754708718182313	2.955072591870506
TRD	Pbre1_05G468000	young	4527.0	7.476422094672696	3.083455430410531
TRD	Pbre1_02G379200	young	2484.0	4.102370771629551	2.351167738406426
TD	Pbre1_10G259800	young	7678.0	12.680355388313886	3.774033803934148
PD	Pbre1_08G162000	young	4870.0	8.042892776906566	3.17678435751901
TRD	Pbre1_06G153000	young	6346.0	10.480533380338619	3.5211177654108696
TRD	Pbre1_10G122600	young	5205.0	8.596151314948395	3.262455906652245
TRD	Pbre1_15G229000	young	5326.0	8.795984995853054	3.29219056418109
PD	Pbre1_17G390000	young	6239.0	10.303820951770035	3.498738614111412
TD	Pbre1_10G029600	young	58.0	0.0957880453923164	0.13196876961864115
TRD	Pbre1_16G447000	young	4776.0	7.887650082650054	3.151802017226204
TD	Pbre1_07G091600	young	4562.0	7.534225225512887	3.0932601849991688
PD	Pbre1_17G416000	young	6470.0	10.685321615315296	3.5466255368758928
PD	Pbre1_01G327600	young	5455.0	9.009030820949759	3.3232303790010342
TRD	Pbre1_08G082000	young	3372.0	5.568918776946395	2.7156559270916354
PD	Pbre1_02G452000	young	4302.0	7.104830539271468	3.0187820213123997
TD	Pbre1_15G720800	young	4733.0	7.816634807617819	3.140228103313656
TRD	Pbre1_07G129400	young	3455.0	5.7059947729388485	2.745451358607668
PD	Pbre1_02G420000	young	5022.0	8.293923516555395	3.216287772378198
PD	Pbre1_11G382800	young	3639.0	6.0098740893558515	2.8093885309272975
PD	Pbre1_12G034600	young	6773.0	11.18573157658895	3.6071209614787167
TRD	Pbre1_08G171400	young	6187.0	10.217942014521752	3.487736125756539
TD	Pbre1_16G203200	young	5235.0	8.645696855668557	3.2698854698866633
TD	Pbre1_09G470600	young	5764.0	9.519349890367444	3.394973641825148
TRD	Pbre1_05G049600	young	2820.0	4.657280827695383	2.5001087882112274
TRD	Pbre1_02G370200	young	6432.0	10.622563930403087	3.5388564563709837
TRD	Pbre1_05G227400	young	3807.0	6.287329117388768	2.865390148551725
TD	Pbre1_17G109800	young	5477.0	9.045364217477879	3.3284579680898014
TRD	Pbre1_07G001600	young	10355.0	17.101469138576487	4.17803488793755
TRD	Pbre1_17G319200	young	5002.0	8.260893156075287	3.2111513392416797
TD	Pbre1_11G359200	young	7032.0	11.61347474480636	3.65689385719504
PD	Pbre1_01G132800	young	7165.0	11.833126641999087	3.6818008040025045
TD	Pbre1_10G423200	young	4532.0	7.484679684792723	3.0848601959041893
TRD	Pbre1_03G320400	young	2881.0	4.758023427159717	2.5255736586787685
TD	Pbre1_07G102800	young	2718.0	4.488825989246827	2.4564976026700918
PD	Pbre1_05G232000	young	5220.0	8.620924085308475	3.2661754708419397
TD	Pbre1_15G279600	young	9532.0	15.742269804819998	4.0654232269674315
PD	Pbre1_13G070400	young	5316.0	8.779469815613	3.2897562529976003
PD	Pbre1_08G031600	young	8294.0	13.697690491101246	3.8775175711190455
TD	Pbre1_10G403000	young	7390.0	12.204718197400314	3.7229816080886042
TD	Pbre1_03G089600	young	6902.0	11.398777401685651	3.632125963605561
PD	Pbre1_04G342800	young	9089.0	15.010647320185583	4.0009597329565585
PD	Pbre1_02G378000	young	1544.0	2.5499438290644227	1.8277961969634249
PD	Pbre1_10G378600	young	4440.0	7.332740026584221	3.0587909701123346
TD	Pbre1_06G295800	young	5922.0	9.780289738160306	3.4303240483200543
TD	Pbre1_05G560400	young	7590.0	12.535021802201406	3.758625306334034
TD	Pbre1_11G381800	young	3176.0	5.245221244241327	2.6427526818918263
PD	Pbre1_06G037400	young	2549.0	4.209719443189906	2.381205681751952
TD	Pbre1_11G441200	young	6796.0	11.223716491141074	3.611611082839629
TD	Pbre1_10G518000	young	8180.0	13.509417436364625	3.858917690202419
TD	Pbre1_11G455400	young	5355.0	8.843879018549213	3.299226927156939
TD	Pbre1_01G128600	young	6397.0	10.564760799562897	3.531663521098972
TD	Pbre1_06G262200	young	6390.0	10.553200173394858	3.530220620537631
TD	Pbre1_10G370000	young	6029.0	9.95700216672889	3.4537812261425893
PD	Pbre1_15G763800	young	6918.0	11.42520169006974	3.635197365178085
PD	Pbre1_17G211800	young	6440.0	10.635776074595132	3.5404955326723506
TD	Pbre1_09G065400	young	4988.0	8.237771903739212	3.2075449240385474
TD	Pbre1_17G225000	young	2927.0	4.833993256263968	2.5444837185706546
PD	Pbre1_05G433200	young	9267.0	15.304617528458552	4.02720869382299
TD	Pbre1_09G406800	young	11527.0	19.037048262710883	4.324598089927534
TD	Pbre1_14G010400	young	7166.0	11.834778160023093	3.681986455062444
TD	Pbre1_10G230000	young	3557.0	5.874449611387405	2.7812442117489784
TD	Pbre1_08G167000	young	10428.0	17.22202995432889	4.18761178080628
TD	Pbre1_15G707200	young	6127.0	10.118850933081424	3.474935796725619
PD	Pbre1_10G163600	young	1719.0	2.8389594832653775	1.9407153339278755
PD	Pbre1_05G263000	young	4592.0	7.583770766233051	3.101611548737179
PD	Pbre1_09G282800	young	3625.0	5.986752837019775	2.80462210447303
TD	Pbre1_08G138200	young	2365.0	3.9058401267729015	2.2945002196129853
PD	Pbre1_02G034200	young	9044.0	14.936329009105338	3.9942474324778385
PD	Pbre1_10G372800	young	7739.0	12.78109798777822	3.784618932016438
TD	Pbre1_07G066000	young	3346.0	5.5259793083222535	2.706194413137991
TD	Pbre1_11G359800	young	7747.0	12.794310131970262	3.7860014026787883
TD	Pbre1_17G239400	young	4286.0	7.078406250887381	3.014070698826762
PD	Pbre1_15G083000	young	8106.0	13.38720510258822	3.8467144523400028
PD	Pbre1_03G348000	young	1816.0	2.999156731593907	1.9996958231491302
PD	Pbre1_10G332400	young	8476.0	13.99826677147024	3.906723884629751
TD	Pbre1_02G374000	young	6144.0	10.146926739489516	3.478574101997209
TD	Pbre1_16G315400	young	4101.0	6.772875416446372	2.9584483929257206
PD	Pbre1_14G140000	young	7327.0	12.10067256188797	3.7115689735808806
TD	Pbre1_14G132400	young	4344.0	7.174194296279698	3.031076535865024
PD	Pbre1_16G402600	young	4000.0	6.606072096021821	2.9271516139724736
TD	Pbre1_05G317600	young	6130.0	10.12380548715344	3.4755785176823872
TD	Pbre1_07G082800	young	5037.0	8.318696286915479	3.220128131707388
PD	Pbre1_12G157400	young	4917.0	8.120514124034823	3.1891151515050966
PD	Pbre1_07G149800	young	3915.0	6.465693063981358	2.9002761965361694
PD	Pbre1_13G423200	young	2986.0	4.931432819680289	2.568380649822913
PD	Pbre1_05G540600	young	7805.0	12.890098177362578	3.795984891434425
TD	Pbre1_09G334000	young	2907.0	4.800962895783859	2.5362923915631175
PD	Pbre1_12G277600	young	3585.0	5.920692116059557	2.790916324346997
TD	Pbre1_11G358000	young	7321.0	12.09076345374394	3.7104773326450737
PD	Pbre1_17G116800	young	2078.0	3.4318544538833358	2.1479105027524805
TRD	Pbre1_10G161600	young	252.0	0.4161825420493747	0.5020072368446031
TD	Pbre1_08G236800	young	3082.0	5.089978549984814	2.6064371467054936
PD	Pbre1_02G423200	young	8339.0	13.772008802181492	3.884794122200973
PD	Pbre1_11G016200	young	6748.0	11.144443625988812	3.6022244921140754
TD	Pbre1_07G492600	young	5766.0	9.522652926415455	3.395426571501755
PD	Pbre1_10G070200	young	6294.0	10.394654443090335	3.5102852686525594
TD	Pbre1_11G507800	young	4147.0	6.848845245550623	2.9724804143784187
TD	Pbre1_10G577200	young	3292.0	5.436797335025958	2.686343045769191
TD	Pbre1_12G221800	young	6479.0	10.700185277531345	3.5484594705814483
PD	Pbre1_17G231200	young	6230.0	10.288957289553986	3.4968403318697776
TD	Pbre1_02G155400	young	8602.0	14.206358042494927	3.9266027605610803
TD	Pbre1_01G331800	young	7843.0	12.952855862274786	3.8024885371324193
TD	Pbre1_14G380200	young	4645.0	7.67130122150534	3.1162485015156105
TD	Pbre1_03G299400	young	8172.0	13.496205292172581	3.8576033866687873
TD	Pbre1_01G216600	young	7561.0	12.487127779505247	3.7535112393589896
PD	Pbre1_07G425400	young	7358.0	12.151869620632139	3.7171959971187607
PD	Pbre1_15G695800	young	2457.0	4.0577797849814035	2.338504223629951
PD	Pbre1_09G264600	young	8780.0	14.500328250767899	3.954226862692722
PD	Pbre1_16G078400	young	4855.0	8.018120006546486	3.172826708433797
TD	Pbre1_03G386400	young	3929.0	6.488814316317433	2.904737318767137
TD	Pbre1_06G409200	young	10487.0	17.319469517745212	4.195305822383409
TD	Pbre1_09G094000	young	7532.0	12.43923375680909	3.748378979524495
PD	Pbre1_04G217600	young	3785.0	6.250995720860648	2.858179122425542
TD	Pbre1_16G041200	young	9857.0	16.27901316262177	4.110948919677735
PD	Pbre1_15G740800	young	7094.0	11.7158688622947	3.6685581381578123
TD	Pbre1_17G112400	young	7933.0	13.101492484435276	3.817775958642166
PD	Pbre1_05G126600	young	4752.0	7.8480136500739235	3.1453536112596416
TD	Pbre1_17G378800	young	7118.0	11.755505294870831	3.673048145687031
PD	Pbre1_07G016000	young	6453.0	10.657245808907204	3.543155066342804
PD	Pbre1_16G051400	young	9419.0	15.555648268107383	4.049251598215004
TD	Pbre1_12G380000	young	5902.0	9.747259377680198	3.4258969048118693
PD	Pbre1_01G010800	young	5.0	0.008257590120027277	0.011864266331249086
TD	Pbre1_06G068200	young	6097.0	10.069305392361262	3.4684927895961124
TD	Pbre1_05G417000	young	7672.0	12.670446280169854	3.7729884362715986
PD	Pbre1_17G114200	young	6814.0	11.253443815573172	3.615115368801392
PD	Pbre1_05G192800	young	4110.0	6.787739078662421	2.9612045486414518
PD	Pbre1_07G241400	young	2838.0	4.687008152127482	2.5076698723445605
TD	Pbre1_11G449000	young	5397.0	8.913242775557443	3.3093570625534183
TD	Pbre1_05G330800	young	6780.0	11.197292202756987	3.6084890001143575
PD	Pbre1_01G142000	young	3854.0	6.364950464517024	2.880675821956852
TD	Pbre1_05G093200	young	4675.0	7.720846762225503	3.1244682221987876
PD	Pbre1_01G387400	young	7937.0	13.1080985565313	3.8184516541964233
TD	Pbre1_17G218800	young	5925.0	9.785244292232322	3.4309869496611665
PD	Pbre1_01G201400	young	5853.0	9.66633499450393	3.4149926390391063
PD	Pbre1_09G022800	young	9890.0	16.333513257413955	4.115492192856376
PD	Pbre1_15G762800	young	4809.0	7.942150177442235	3.1606217751840466
TD	Pbre1_01G374600	young	4600.0	7.596982910425094	3.1038304384345126
TD	Pbre1_06G310800	young	9336.0	15.41857227211493	4.037256773434625
TD	Pbre1_07G396000	young	6222.0	10.275745145361944	3.4951508704520053
PD	Pbre1_01G327200	young	2566.0	4.237795249597998	2.388959664468368
PD	Pbre1_02G380200	young	3969.0	6.554875037277652	2.917407892439632
PD	Pbre1_17G329000	young	3881.0	6.409541451165172	2.8893842622882078
PD	Pbre1_08G357200	young	6537.0	10.795973322923661	3.5602225596894717
PD	Pbre1_02G015800	young	9885.0	16.325255667293927	4.11480473713242
PD	Pbre1_05G300200	young	7962.0	13.149386507131434	3.822667596544756
PD	Pbre1_02G245400	young	5043.0	8.328605395059512	3.221661417623867
PD	Pbre1_13G336800	young	5607.0	9.260061560598588	3.3589674820607756
PD	Pbre1_05G307400	young	8089.0	13.359129296180129	3.8438963650673004
TD	Pbre1_06G206600	young	5825.0	9.620092489831777	3.408724425440031
TD	Pbre1_07G447000	young	4232.0	6.989224277591086	2.998055429911412
PD	Pbre1_02G379800	young	2653.0	4.381477317686473	2.4280022743301464
TD	Pbre1_15G243400	young	5909.0	9.758820003848236	3.4274479508535762
TD	Pbre1_09G356000	young	7580.0	12.518506621961352	3.756863882003876
TD	Pbre1_06G056600	young	6281.0	10.373184708778265	3.50756438783505
PD	Pbre1_09G158600	young	6745.0	11.139489071916795	3.60163579745925
TD	Pbre1_10G000400	young	6391.0	10.554851691418865	3.530426837563728
TD	Pbre1_05G422400	young	5009.0	8.272453782243325	3.2129511717555665
TD	Pbre1_16G454200	young	4782.0	7.8975591907940865	3.1534096252603265
PD	Pbre1_05G437600	young	4867.0	8.037938222834551	3.1759936957658503
TD	Pbre1_05G487600	young	8243.0	13.613463071876968	3.8692262007896447
TD	Pbre1_15G259200	young	6971.0	11.51273214534203	3.645324930128603
TD	Pbre1_11G132400	young	6258.0	10.33519979422614	3.5027379151322684
PD	Pbre1_02G402200	young	7328.0	12.102324079911977	3.7117508334573595
TD	Pbre1_11G011000	young	7927.0	13.091583376291245	3.8167618215655077
PD	Pbre1_11G337200	young	3076.0	5.080069441840781	2.6040878011075472
TD	Pbre1_15G584600	young	6244.0	10.312078541890061	3.4997921370852465
PD	Pbre1_08G037000	young	6395.0	10.561457763514886	3.531251411030415
PD	Pbre1_15G307800	young	9709.0	16.034588495068967	4.090395191526555
PD	Pbre1_05G583400	young	5177.0	8.549908810276241	3.2554869572750507
PD	Pbre1_08G309200	young	6702.0	11.068473796884561	3.5931713364413533
PD	Pbre1_07G186000	young	5852.0	9.664683476479924	3.414769242592174
TD	Pbre1_08G347200	young	6593.0	10.888458332267966	3.5714897367499727
PD	Pbre1_10G030200	young	4336.0	7.160982152087653	3.0287427870840298
PD	Pbre1_03G420600	young	5480.0	9.050318771549895	3.329169355778217
TD	Pbre1_10G108600	young	5285.0	8.72827275686883	3.282183678973267
PD	Pbre1_11G061600	young	6975.0	11.519338217438051	3.6460863971216098
TD	Pbre1_17G476200	young	7910.0	13.06350756988315	3.8138845557682113
TD	Pbre1_17G187000	young	6331.0	10.455760609978537	3.5180013450458385
TD	Pbre1_03G187800	young	7979.0	13.177462313539529	3.825527416229869
PD	Pbre1_02G487200	young	7307.0	12.06764220140786	3.7079269536035486
TD	Pbre1_14G268600	young	4390.0	7.250164125383949	3.0444228200278185
TD	Pbre1_04G379000	young	8348.0	13.78687246439754	3.886245038653633
TD	Pbre1_07G040200	young	9264.0	15.299662974386537	4.026770229269607
TD	Pbre1_08G255800	young	5710.0	9.43016791707115	3.382690479128146
TD	Pbre1_11G152600	young	6095.0	10.066002356313248	3.4680622309776536
TRD	Pbre1_05G152400	young	217.0	0.35837941120918376	0.4418864974167868
PD	Pbre1_02G453000	young	5613.0	9.269970668742621	3.360360156181251
TD	Pbre1_10G208400	young	6489.0	10.716700457771399	3.5504944442198285
TD	Pbre1_10G437000	young	7536.0	12.445839828905111	3.749087963832394
PD	Pbre1_16G145600	young	4353.0	7.189057958495747	3.033697498658054
PD	Pbre1_17G211000	young	4578.0	7.5606495138969745	3.097720260987321
TRD	Pbre1_05G107400	young	4453.0	7.354209760896293	3.0625033677292977
PD	Pbre1_17G492000	young	7429.0	12.269127400336528	3.7300015947137974
TD	Pbre1_14G371400	young	7424.0	12.2608698102165	3.729103503047521
TD	Pbre1_02G443400	young	7114.0	11.74889922277481	3.6723007808419332
TD	Pbre1_05G256800	young	3906.0	6.450829401765308	2.8974010305696876
TD	Pbre1_02G179400	young	7552.0	12.472264117289198	3.7519204220272497
TD	Pbre1_07G092000	young	4915.0	8.117211087986812	3.1885925782430204
PD	Pbre1_01G217000	young	7090.0	11.709262790198677	3.6678084431082514
TD	Pbre1_10G281600	young	7189.0	11.872763074575218	3.686249849000734
TD	Pbre1_03G332200	young	7373.0	12.176642390992223	3.719910891411206
PD	Pbre1_02G397600	young	7664.0	12.65723413597781	3.771593433395376
PD	Pbre1_05G274200	young	8203.0	13.54740235091675	3.8626896569538474
TD	Pbre1_01G113400	young	6060.0	10.00819922547306	3.460506580051014
TD	Pbre1_07G243400	young	6754.0	11.154352734132845	3.603401161259298
PD	Pbre1_01G418600	young	6920.0	11.428504726117751	3.6355808310221405
TD	Pbre1_08G366800	young	5539.0	9.147758334966216	3.3430891625731927
TD	Pbre1_07G108800	young	2284.0	3.77206716682846	2.254614349103633
TD	Pbre1_11G052000	young	5316.0	8.779469815613	3.2897562529976003
PD	Pbre1_13G266800	young	5900.0	9.743956341632186	3.42545344234552
TD	Pbre1_09G162600	young	6856.0	11.322807572581402	3.6232590854643814
TD	Pbre1_12G404200	young	10274.0	16.96769617863205	4.167333532965212
TD	Pbre1_05G327200	young	9674.0	15.976785364228773	4.085491398410424
TD	Pbre1_06G360600	young	9664.0	15.96027018398872	4.084087247689173
TD	Pbre1_07G013200	young	8085.0	13.352523224084106	3.8432324849500454
PD	Pbre1_07G172400	young	4108.0	6.78443604261441	2.9605925244687596
TD	Pbre1_04G098200	young	5106.0	8.432651030571854	3.237663294883002
TD	Pbre1_14G446400	young	9956.0	16.442513446998312	4.124536040750265
PD	Pbre1_14G167200	young	1197.0	1.9768670747345298	1.5737948027305408
PD	Pbre1_07G141800	young	9316.0	15.38554191163482	4.034351482159231
TD	Pbre1_15G705400	young	6514.0	10.757988408371537	3.555569355614054
PD	Pbre1_07G043600	young	3550.0	5.8628889852193655	2.7788160176905508
TRD	Pbre1_14G268400	young	4357.0	7.195664030591768	3.0348608443621137
TD	Pbre1_09G274600	young	9581.0	15.823194187996267	4.072379748261357
TD	Pbre1_15G729200	young	8866.0	14.642358800832366	3.9673861761815528
PD	Pbre1_01G326800	young	2726.0	4.502038133438871	2.459966138696745
PD	Pbre1_02G438000	young	11756.0	19.41524589020813	4.351575039009207
TD	Pbre1_07G156600	young	5053.0	8.345120575299566	3.224213278444967
PD	Pbre1_04G391200	young	2568.0	4.241098285646009	2.389869163905143
PD	Pbre1_13G485400	young	4507.0	7.443391734192587	3.077822650017091
PD	Pbre1_15G172600	young	5505.0	9.091606722150031	3.335083984449437
TRD	Pbre1_13G212800	young	2156.0	3.5606728597557615	2.1892466883858073
PD	Pbre1_03G297800	young	5192.0	8.574681580636325	3.2592245090035994
TD	Pbre1_10G193400	young	5311.0	8.771212225492974	3.288537555358385
PD	Pbre1_03G021800	young	11829.0	19.535806705960532	4.360069716556856
TD	Pbre1_05G552800	young	4515.0	7.45660387838463	3.0800784019386453
TRD	Pbre1_17G012400	young	3653.0	6.032995341691928	2.8141392617363366
TD	Pbre1_05G029200	young	4349.0	7.182451886399725	3.032533214110052
PD	Pbre1_15G515400	young	5591.0	9.233637272214501	3.355247098420124
PD	Pbre1_05G227800	young	4771.0	7.879392492530028	3.1504609740983742
TD	Pbre1_05G553400	young	2400.0	3.963643257613093	2.3113994311477652
PD	Pbre1_01G327800	young	6330.0	10.454109091954532	3.5177933441363356
PD	Pbre1_10G572800	young	5086.0	8.399620670091746	3.2326025367456075
PD	Pbre1_07G390200	young	7912.0	13.066810605931162	3.8142233556152987
PD	Pbre1_07G049800	young	472.0	0.7795165073305749	0.8314853157830739
PD	Pbre1_08G179800	young	4074.0	6.728284429798225	2.9501481917290904
PD	Pbre1_09G229000	young	7139.0	11.790187173374944	3.6769654718609353
PD	Pbre1_13G337000	young	7195.0	11.88267218271925	3.68735996977653
PD	Pbre1_05G432800	young	6724.0	11.10480719341268	3.597508195015401
PD	Pbre1_03G198600	young	4230.0	6.985921241543076	2.9974588439474794
PD	Pbre1_13G465400	young	3273.0	5.405418492569855	2.679292830899751
TD	Pbre1_03G054000	young	11045.0	18.241016575140254	4.266113119004135
TD	Pbre1_06G186000	young	4869.0	8.041241258882561	3.1765208517448236
TD	Pbre1_17G291400	young	6226.0	10.282351217457965	3.4959958484653844
TD	Pbre1_01G107200	young	2982.0	4.924826747584268	2.5667729676724225
TD	Pbre1_02G457200	young	7193.0	11.87936914667124	3.686990024422315
PD	Pbre1_17G117200	young	4826.0	7.9702259838503275	3.165144330927527
PD	Pbre1_04G062400	young	3831.0	6.326965549964899	2.8732158324083943
TRD	Pbre1_02G265000	young	5284.0	8.726621238844825	3.281938739384347
PD	Pbre1_09G198600	young	3694.0	6.1007075806761515	2.827962795359384
PD	Pbre1_12G424400	young	8826.0	14.576298079872148	3.9612804928305843
TD	Pbre1_12G411600	young	3866.0	6.38476868080509	2.8845527309721843
PD	Pbre1_02G456000	young	10440.0	17.24184817061695	4.189179998266604
PD	Pbre1_05G038800	young	6665.0	11.00736762999636	3.585847999186158
TD	Pbre1_16G350600	young	6838.0	11.293080248149304	3.6197745485913946
PD	Pbre1_03G153200	young	3789.0	6.25760179295667	2.859492901803904
PD	Pbre1_03G196400	young	9779.0	16.150194756749347	4.10015305455082
PD	Pbre1_05G300000	young	7836.0	12.941295236106747	3.801292697980455
TD	Pbre1_15G702400	young	7067.0	11.671277875646553	3.663490119910198
TD	Pbre1_08G320200	young	7704.0	12.723294856938027	3.7785549979056032
TD	Pbre1_03G068200	young	9283.0	15.33104181684264	4.029544923511996
TD	Pbre1_11G149400	young	7218.0	11.920657097271377	3.6916075369678625
TD	Pbre1_11G372400	young	6844.0	11.302989356293335	3.620936996265545
TD	Pbre1_17G357800	young	7279.0	12.02139969673571	3.702812629950375
TD	Pbre1_06G007200	young	6976.0	11.520989735462056	3.646276701088164
PD	Pbre1_11G423600	young	10066.0	16.624180429638912	4.139484264876111
TD	Pbre1_11G027600	young	5262.0	8.690287842316705	3.276539520389086
PD	Pbre1_16G456000	young	5342.0	8.822409284237143	3.2960769386029685
PD	Pbre1_09G184600	young	7669.0	12.665491726097837	3.772465468253004
PD	Pbre1_05G130600	young	3959.0	6.538359857037597	2.9142506662641114
PD	Pbre1_04G042000	young	5866.0	9.687804728816001	3.4178936493405656
TD	Pbre1_07G084000	young	4813.0	7.948756249538256	3.1616871821185373
TD	Pbre1_05G371200	young	5488.0	9.063530915741937	3.331064676459556
TD	Pbre1_06G031800	young	6553.0	10.82239761130775	3.5634507421769936
PD	Pbre1_07G317200	young	4529.0	7.479725130720706	3.08401750075862
TD	Pbre1_10G352600	young	10342.0	17.079999404264417	4.176322725103694
PD	Pbre1_05G246400	young	8210.0	13.558962977084787	3.8638356921067283
PD	Pbre1_13G043200	young	6509.0	10.749730818251509	3.5545558004757605
TD	Pbre1_06G054200	young	8002.0	13.215447228091653	3.829387582830022
PD	Pbre1_08G090800	young	8019.0	13.243523034499745	3.8322341257260355
PD	Pbre1_06G155800	young	3814.0	6.298889743556806	2.867677027926497
TD	Pbre1_11G113000	young	5886.0	9.72083508929611	3.4223453824239445
TD	Pbre1_03G205400	young	7851.0	12.966068006466829	3.8038539978083312
PD	Pbre1_13G351000	young	4738.0	7.824892397737847	3.141578687653348
TD	Pbre1_14G100200	young	4956.0	8.184923326971036	3.1992676781945075
TD	Pbre1_15G260800	young	5347.0	8.83066687435717	3.2972892867280943
TD	Pbre1_17G276200	young	6069.0	10.023062887689107	3.4624532442876705
PD	Pbre1_17G047400	young	5457.0	9.01233385699777	3.323706397878491
PD	Pbre1_02G422800	young	4005.0	6.614329686141848	2.928717037232019
TD	Pbre1_02G102600	young	6028.0	9.955350648704885	3.4535637563995865
PD	Pbre1_05G358200	young	9606.0	15.864482138596404	4.0759161127661026
PD	Pbre1_01G141600	young	9420.0	15.557299786131388	4.049395507894157
PD	Pbre1_11G285000	young	3478.0	5.743979687490973	2.7536001909656163
PD	Pbre1_17G391200	young	4794.0	7.917377407082153	3.1566194771725637
PD	Pbre1_13G202200	young	6084.0	10.04783565804919	3.4656918589622845
TD	Pbre1_09G117000	young	9680.0	15.986694472372806	4.086333233325658
TD	Pbre1_03G420200	young	6544.0	10.807533949091699	3.5616357784271493
TD	Pbre1_10G064800	young	7810.0	12.898355767482604	3.796842311187979
TD	Pbre1_04G023600	young	6687.0	11.043701026524479	3.5902068949685937
PD	Pbre1_17G280400	young	5766.0	9.522652926415455	3.395426571501755
PD	Pbre1_13G351200	young	5911.0	9.762123039896247	3.4278908007560247
PD	Pbre1_17G087800	young	7181.0	11.859550930383174	3.6847683579403725
PD	Pbre1_12G109600	young	2926.0	4.832341738239962	2.544075254922009
PD	Pbre1_02G443600	young	9774.0	16.141937166629322	4.099458248840126
TD	Pbre1_16G055200	young	6306.0	10.4144726593784	3.5127923044917297
PD	Pbre1_08G073600	young	7713.0	12.738158519154076	3.7801167312610016
PD	Pbre1_03G135600	young	6439.0	10.634124556571127	3.54029074994423
PD	Pbre1_08G321400	young	6373.0	10.525124366986766	3.5267104136692624
TD	Pbre1_05G575800	young	11760.0	19.421851962304153	4.352041798305876
TD	Pbre1_03G292800	young	5812.0	9.598622755519706	3.405804899970787
TRD	Pbre1_07G185800	young	5852.0	9.664683476479924	3.414769242592174
TD	Pbre1_11G080400	young	8291.0	13.69273593702923	3.8770311603026046
PD	Pbre1_14G148000	young	5259.0	8.685333288244689	3.2758016951914173
TD	Pbre1_12G104200	young	7451.0	12.305460796864647	3.73394656976007
PD	Pbre1_07G210200	young	7673.0	12.672097798193859	3.773162716825686
PD	Pbre1_02G397000	young	7274.0	12.013142106615682	3.7018974469749772
PD	Pbre1_15G082800	young	6437.0	10.630821520523115	3.5398810972639643
PD	Pbre1_10G239600	young	3835.0	6.333571622060921	2.874515995968009
TD	Pbre1_12G056000	young	8916.0	14.72493470203264	3.9749821211970597
TD	Pbre1_15G015200	young	9286.0	15.335996370914657	4.029982545717183
TD	Pbre1_16G347600	young	3973.0	6.561481109373673	2.9186688508302576
PD	Pbre1_13G157000	young	10157.0	16.77446856982341	4.1517345209406775
TD	Pbre1_05G515200	young	5949.0	9.824880724808454	3.4362792234259336
PD	Pbre1_14G365400	young	4202.0	6.939678736870923	2.9890806327964445
PD	Pbre1_03G114400	young	5253.0	8.675424180100658	3.2743249118113575
PD	Pbre1_14G304000	young	7416.0	12.247657666024457	3.7276653924998264
PD	Pbre1_03G198400	young	4230.0	6.985921241543076	2.9974588439474794
TD	Pbre1_07G267800	young	7293.0	12.044520949071785	3.705372058047032
TD	Pbre1_09G177600	young	10055.0	16.60601373137485	4.137996392984284
PD	Pbre1_10G029200	young	233.0	0.38480369959327104	0.46968148407609744
PD	Pbre1_04G042200	young	5446.0	8.99416715873371	3.3210863482578494
TD	Pbre1_13G409400	young	3487.0	5.758843349707023	2.7567763772150764
PD	Pbre1_03G085000	young	8906.0	14.708419521792585	3.973466128302731
PD	Pbre1_08G048200	young	6113.0	10.095729680745348	3.4719326404914868
TD	Pbre1_11G033000	young	6916.0	11.42189865402173	3.634813797382373
TD	Pbre1_02G441000	young	6923.0	11.433459280189767	3.636155838747381
TD	Pbre1_04G051200	young	5868.0	9.691107764864011	3.4183394413111037
TD	Pbre1_14G093200	young	5534.0	9.139500744846188	3.3419147126460835
PD	Pbre1_11G275200	young	7927.0	13.091583376291245	3.8167618215655077
TD	Pbre1_06G266200	young	5734.0	9.46980434964728	3.3881625776115807
PD	Pbre1_15G695600	young	2457.0	4.0577797849814035	2.338504223629951
TD	Pbre1_13G062200	young	4478.0	7.395497711496429	3.069615855194856
PD	Pbre1_01G147200	young	8106.0	13.38720510258822	3.8467144523400028
PD	Pbre1_05G269000	young	6766.0	11.17417095042091	3.605751624366154
TD	Pbre1_11G196200	young	2115.0	3.492960620771538	2.1676664171993023
PD	Pbre1_04G062200	young	3790.0	6.259253310980676	2.859821159798682
PD	Pbre1_01G233200	young	4533.0	7.486331202816729	3.0851409849374964
PD	Pbre1_14G010000	young	4928.0	8.138680822298882	3.191985925843173
TD	Pbre1_15G266000	young	8884.0	14.672086125264466	3.9701253258948395
PD	Pbre1_13G072600	young	6723.0	11.103155675388676	3.597311347649121
TD	Pbre1_01G315000	young	5314.0	8.776166779564988	3.289268897472408
TD	Pbre1_15G085000	young	7288.0	12.036263358951757	3.7044584977358666
TD	Pbre1_10G288400	young	5706.0	9.423561844975127	3.3817764414111293
PD	Pbre1_04G336600	young	474.0	0.7828195433785858	0.8341606810625481
PD	Pbre1_04G185200	young	5908.0	9.75716848582423	3.427226474915439
PD	Pbre1_05G029600	young	3575.0	5.904176935819502	2.7874694374540705
PD	Pbre1_15G695400	young	3553.0	5.867843539291382	2.7798571727617722
TD	Pbre1_08G300200	young	4718.0	7.791862037257738	3.1361687475558266
TD	Pbre1_03G016600	young	6952.0	11.481353302885925	3.6417024631831088
PD	Pbre1_12G412000	young	4865.0	8.03463518678654	3.1754663470954205
TD	Pbre1_09G108200	young	9014.0	14.886783468385174	3.989755152616795
PD	Pbre1_17G486200	young	6484.0	10.708442867651371	3.5494773162011164
TD	Pbre1_09G221400	young	7614.0	12.574658234777536	3.7628439710607635
TD	Pbre1_08G402400	young	4469.0	7.3806340492803795	3.06705939728365
TD	Pbre1_07G479000	young	9501.0	15.691072746075832	4.061004775514093
TD	Pbre1_03G435600	young	9383.0	15.496193619243185	4.044061266016076
TD	Pbre1_11G091000	young	8144.0	13.449962787500429	3.852993872294443
TD	Pbre1_17G441000	young	7091.0	11.710914308222684	3.6679959033967693
TD	Pbre1_03G208600	young	6743.0	11.136186035868784	3.601243200859189
PD	Pbre1_16G145400	young	4279.0	7.066845624719343	3.012004647331113
TD	Pbre1_08G351000	young	5900.0	9.743956341632186	3.42545344234552
PD	Pbre1_16G097800	young	10848.0	17.915667524411177	4.241509784156754
TD	Pbre1_14G410600	young	7338.0	12.118839260152031	3.7135681724879244
PD	Pbre1_11G345600	young	2838.0	4.687008152127482	2.5076698723445605
TD	Pbre1_15G431000	young	7276.0	12.016445142663693	3.702263589834354
TD	Pbre1_07G052000	young	4045.0	6.680390407102067	2.9411796474144865
TD	Pbre1_04G014600	young	8831.0	14.584555669992175	3.9620451178752223
TD	Pbre1_03G067800	young	7679.0	12.682006906337891	3.7742079582590127
TD	Pbre1_02G042000	young	9019.0	14.8950410585052	3.990504837995861
PD	Pbre1_01G432800	young	8496.0	14.031297131950348	3.909897607473954
TD	Pbre1_02G088200	young	8634.0	14.259206619263102	3.9316080481338402
PD	Pbre1_04G307000	young	8282.0	13.677872274813181	3.875570943105567
PD	Pbre1_10G070400	young	3741.0	6.178328927804408	2.8436480323264255
PD	Pbre1_01G126400	young	7648.0	12.63080984759372	3.768799374447848
TD	Pbre1_08G290000	young	6807.0	11.241883189405135	3.613753602185488
TD	Pbre1_08G094600	young	5729.0	9.461546759527252	3.3870242674402244
TD	Pbre1_15G050800	young	8694.0	14.358297700703428	3.940946412844023
PD	Pbre1_17G486600	young	8534.0	14.094054816862556	3.9159085136323357
TD	Pbre1_08G220800	young	3507.0	5.791873710187132	2.763809633304873
PD	Pbre1_16G046600	young	9312.0	15.378935839538798	4.033769721164643
TD	Pbre1_03G024200	young	7839.0	12.946249790178763	3.801805321853082
TD	Pbre1_11G454000	young	8130.0	13.426841535164352	3.8506835804186506
PD	Pbre1_11G035000	young	2822.0	4.660583863743395	2.50095086823101
TD	Pbre1_12G339200	young	7112.0	11.745596186726798	3.671926953184122
PD	Pbre1_10G406800	young	8640.0	14.269115727407135	3.932544609371549
TD	Pbre1_08G352200	young	8441.0	13.940463640630048	3.901153014209888
PD	Pbre1_02G412800	young	7070.0	11.676232429718569	3.6640541130278206
TD	Pbre1_12G096000	young	6982.0	11.530898843606089	3.6474179980310635
TD	Pbre1_08G243000	young	5919.0	9.77533518408829	3.429660842243573
PD	Pbre1_07G102800	young	2718.0	4.488825989246827	2.4564976026700918
TD	Pbre1_05G387600	young	10204.0	16.852089916951666	4.158021073137694
PD	Pbre1_02G380400	young	3969.0	6.554875037277652	2.917407892439632
PD	Pbre1_03G217800	young	4629.0	7.644876933121252	3.1118454260723656
PD	Pbre1_11G336800	young	4354.0	7.190709476519753	3.0339884230415293
PD	Pbre1_02G021000	young	770.0	1.2716688784842005	1.1837525609945674
TD	Pbre1_03G220000	young	4385.0	7.241906535263921	3.042978103284052
PD	Pbre1_05G402400	young	10929.0	18.04944048435562	4.2516767187319475
PD	Pbre1_11G031000	young	4952.0	8.178317254875015	3.1982296753625628
PD	Pbre1_11G034800	young	1746.0	2.883550469913525	1.9573762150826062
PD	Pbre1_04G335400	young	9392.0	15.511057281459237	4.045360600715748
TD	Pbre1_02G120400	young	8629.0	14.250949029143074	3.930827115729297
PD	Pbre1_10G260800	young	8359.0	13.8050391626616	3.8880164016610497
TD	Pbre1_05G098600	young	4291.0	7.086663841007409	3.015544640515152
TD	Pbre1_13G119000	young	9172.0	15.147723316178036	4.013258867113343
TD	Pbre1_03G404200	young	8949.0	14.77943479682482	3.979973625307084
TD	Pbre1_03G207200	young	4222.0	6.972709097351032	2.99507003001351
PD	Pbre1_10G200200	young	5301.0	8.754697045252918	3.286097067288603
PD	Pbre1_13G465800	young	4627.0	7.641573897073241	3.1112940955729878
PD	Pbre1_04G043800	young	4710.0	7.778649893065694	3.133999078445043
PD	Pbre1_17G159000	young	9876.0	16.310392005077876	4.113566490728728
PD	Pbre1_11G114000	young	2808.0	4.637462611407319	2.4950459602055144
PD	Pbre1_10G256200	young	7997.0	13.207189637971625	3.8285492943413657
TD	Pbre1_03G036800	young	7919.0	13.078371232099201	3.815408528912537
TD	Pbre1_16G059200	young	8061.0	13.312886791507974	3.839242776020112
TD	Pbre1_10G015400	young	7000.0	11.560626168038187	3.650836481649215
PD	Pbre1_04G038600	young	5078.0	8.386408525899702	3.2305732523397106
TD	Pbre1_01G418200	young	4678.0	7.725801316297519	3.1252876243841814
PD	Pbre1_01G432600	young	7831.0	12.93303764598672	3.8004379198794145
TD	Pbre1_16G110000	young	4583.0	7.5689071040170015	3.0991112117870894
TD	Pbre1_17G099400	young	8102.0	13.3805990304922	3.8460518680443005
TD	Pbre1_14G213600	young	3229.0	5.332751699513615	2.662832513970726
PD	Pbre1_15G630000	young	3960.0	6.540011375061603	2.9145666999836726
PD	Pbre1_13G072400	young	6723.0	11.103155675388676	3.597311347649121
TD	Pbre1_11G057800	young	6969.0	11.509429109294018	3.644944045863209
TD	Pbre1_07G296000	young	7831.0	12.93303764598672	3.8004379198794145
TD	Pbre1_15G761400	young	7503.0	12.39133973411293	3.743228396929191
TD	Pbre1_07G105600	young	7401.0	12.222884895664373	3.7249650652739446
PD	Pbre1_13G466000	young	3462.0	5.717555399106886	2.747936314070553
TD	Pbre1_15G234400	young	6820.0	11.263352923717205	3.6162815751463313
TD	Pbre1_16G407800	young	4090.0	6.754708718182313	2.955072591870506
PD	Pbre1_02G480400	young	9112.0	15.048632234737708	4.004378441939254
PD	Pbre1_12G072800	young	8893.0	14.686949787480515	3.9714929529758543
PD	Pbre1_10G332200	young	8476.0	13.99826677147024	3.906723884629751
TD	Pbre1_04G103000	young	5867.0	9.689456246840006	3.418116562544519
TRD	Pbre1_15G614800	young	1121.0	1.8513517049101154	1.511646001967955
PD	Pbre1_05G299400	young	4939.0	8.156847520562945	3.194850999058602
PD	Pbre1_12G072600	young	6119.0	10.105638788889381	3.4732204730093668
PD	Pbre1_14G446200	young	13189.0	21.781871218607947	4.509814344432754
TD	Pbre1_02G488400	young	9157.0	15.122950545817954	4.011043880210944
TD	Pbre1_06G050200	young	7549.0	12.467309563217182	3.7513897595338577
TD	Pbre1_12G253600	young	6901.0	11.397125883661646	3.6319337837249352
TD	Pbre1_17G476800	young	4411.0	7.284846003888063	3.0504748813342584
TD	Pbre1_15G758800	young	6202.0	10.242714784881834	3.4909185409244388
TD	Pbre1_17G163800	young	7139.0	11.790187173374944	3.6769654718609353
TD	Pbre1_12G385800	young	3720.0	6.143647049300293	2.83666080207124
PD	Pbre1_14G365800	young	4099.0	6.769572380398361	2.9578351981625315
PD	Pbre1_03G114600	young	7689.0	12.698522086577945	3.7759483462206447
TD	Pbre1_11G509800	young	8919.0	14.729889256104656	3.975436608601481
PD	Pbre1_01G369400	young	6725.0	11.106458711436687	3.5977050155266648
PD	Pbre1_09G158200	young	7897.0	13.04203783557108	3.811680415282817
TD	Pbre1_11G213800	young	6350.0	10.487139452434642	3.5219476751526964
TD	Pbre1_02G447400	young	9174.0	15.151026352226046	4.013553941925333
TD	Pbre1_11G124600	young	7511.0	12.404551878304973	3.7446510849088073
TD	Pbre1_02G412200	young	7564.0	12.492082333577263	3.7540411222310164
PD	Pbre1_05G463000	young	8630.0	14.252600547167079	3.930983336031432
PD	Pbre1_12G109200	young	369.0	0.609410150858013	0.6865320371884928
TD	Pbre1_04G033400	young	8152.0	13.463174931692471	3.854312379916634
PD	Pbre1_17G365800	young	6556.0	10.827352165379766	3.5640552230498637
PD	Pbre1_14G412400	young	6899.0	11.393822847613635	3.631549347146392
PD	Pbre1_12G276800	young	3739.0	6.175025891756397	2.8429840378985913
PD	Pbre1_05G437800	young	5360.0	8.852136608669241	3.3004366322302228
TRD	Pbre1_05G154400	young	4861.0	8.028029114690518	3.1744110711163573
TD	Pbre1_12G109600	young	2926.0	4.832341738239962	2.544075254922009
PD	Pbre1_11G255600	young	4243.0	7.007390975855147	3.001332250207091
PD	Pbre1_01G100600	young	2745.0	4.533416975894975	2.4681706435330195
PD	Pbre1_06G231400	young	7769.0	12.830643528498383	3.789796380354349
PD	Pbre1_09G117200	young	5757.0	9.507789264199406	3.393387267226103
TD	Pbre1_10G200000	young	2766.0	4.568098854399089	2.4771848245999566
TD	Pbre1_17G449000	young	6092.0	10.061047802241232	3.4674161520238163
TD	Pbre1_01G395200	young	10596.0	17.499484982361803	4.20941320218381
PD	Pbre1_05G109000	young	6976.0	11.520989735462056	3.646276701088164
PD	Pbre1_10G534800	young	7957.0	13.141128917011407	3.8218253931083344
TD	Pbre1_09G233000	young	1065.0	1.7588666955658099	1.464075749444968
PD	Pbre1_17G283800	young	5385.0	8.893424559269375	3.3064699890830163
TD	Pbre1_05G435400	young	6476.0	10.695230723459328	3.5478484183397554
TD	Pbre1_03G321000	young	4633.0	7.6514830052172735	3.1129474553953074
TD	Pbre1_12G306000	young	9488.0	15.66960301176376	4.059147841696425
PD	Pbre1_03G297600	young	4863.0	8.031332150738528	3.1749388055926144
TD	Pbre1_02G217000	young	5911.0	9.762123039896247	3.4278908007560247
PD	Pbre1_13G069800	young	6325.0	10.445851501834504	3.5167528895221527
TD	Pbre1_11G034600	young	4049.0	6.686996479198088	2.9424200076800617
TD	Pbre1_05G444000	young	4246.0	7.012345529927163	3.002224638270383
TRD	Pbre1_02G210600	young	1896.0	3.1312781735143433	2.046588205204495
TD	Pbre1_09G059000	young	7835.0	12.939643718082742	3.801121782871041
TRD	Pbre1_15G241600	young	4540.0	7.497891828984766	3.087104979473689
TD	Pbre1_03G040800	young	10881.0	17.97016761920336	4.245660521255363
PD	Pbre1_08G203000	young	6426.0	10.612654822259055	3.537625925925121
TD	Pbre1_01G253600	young	6728.0	11.111413265508704	3.5982953160036053
PD	Pbre1_07G407800	young	2542.0	4.198158817021867	2.378000712499927
PD	Pbre1_01G126000	young	3890.0	6.424405113381221	2.8922754334073453
PD	Pbre1_04G342600	young	8937.0	14.759616580536754	3.9781605304375462
PD	Pbre1_12G250200	young	4815.0	7.952059285586266	3.1622195906863
PD	Pbre1_11G378000	young	6530.0	10.784412696755624	3.558807955249616
PD	Pbre1_07G162400	young	4008.0	6.619284240213864	2.9296554765119045
TD	Pbre1_05G420600	young	7301.0	12.057733093263828	3.7068325523401544
TD	Pbre1_13G058800	young	6416.0	10.596139642019	3.5355727066000084
TD	Pbre1_10G483600	young	8297.0	13.702645045173263	3.8780038179952663
TD	Pbre1_03G285800	young	5069.0	8.371544863683653	3.228286890303165
TD	Pbre1_03G413800	young	5951.0	9.828183760856465	3.436719371171899
TD	Pbre1_04G403600	young	6930.0	11.445019906357805	3.6374966328624554
TD	Pbre1_13G252800	young	10602.0	17.509394090505836	4.210185763897582
PD	Pbre1_03G413400	young	4693.0	7.750574086657602	3.1293776689226855
TD	Pbre1_03G017200	young	7298.0	12.052778539191813	3.7062850402288703
TD	Pbre1_09G158400	young	8713.0	14.389676543159531	3.9438910046247253
TD	Pbre1_04G032200	young	3986.0	6.582950843685745	2.922759370708151
TRD	Pbre1_13G187400	young	10476.0	17.30130281948115	4.193874448549811
PD	Pbre1_02G159800	young	10349.0	17.091560030432454	4.177244911421936
PD	Pbre1_09G184400	young	6161.0	10.17500254589761	3.4822032549718784
TD	Pbre1_15G488200	young	6586.0	10.876897706099928	3.5700861424313497
TD	Pbre1_15G310600	young	8753.0	14.45573726411975	3.9500705696541956
TD	Pbre1_08G363600	young	8879.0	14.663828535144438	3.9693649724971025
PD	Pbre1_06G311600	young	7783.0	12.853764780834458	3.7922061789288612
TD	Pbre1_02G079000	young	7345.0	12.130399886320069	3.7148389490637705
PD	Pbre1_04G311000	young	5688.0	9.39383452054303	3.3776560901495154
PD	Pbre1_04G183400	young	5143.0	8.493757197460058	3.2469791533591317
TD	Pbre1_10G171200	young	4761.0	7.862877312289973	3.1477751423783795
TD	Pbre1_11G096600	young	8592.0	14.189842862254872	3.9250350402363625
PD	Pbre1_07G393200	young	4003.0	6.611026650093837	2.928091071744465
PD	Pbre1_08G209200	young	2715.0	4.483871435174811	2.4551947487229144
TD	Pbre1_01G386600	young	5828.0	9.625047043903793	3.4093973238888973
PD	Pbre1_07G066600	young	7807.0	12.89340121341059	3.796327920487877
PD	Pbre1_17G102200	young	8847.0	14.610979958376262	3.9644891982963726
PD	Pbre1_14G325000	young	7678.0	12.680355388313886	3.774033803934148
PD	Pbre1_02G378400	young	3215.0	5.309630447177539	2.6575555095442316
TD	Pbre1_11G271400	young	7670.0	12.667143244121842	3.772639811990347
TD	Pbre1_11G047200	young	6269.0	10.3533664924902	3.5050482427893535
PD	Pbre1_07G036200	young	4836.0	7.986741164090382	3.167798050250326
TD	Pbre1_12G151400	young	6141.0	10.141972185417501	3.477932714485755
TD	Pbre1_14G312000	young	3336.0	5.5094641280821985	2.7025387827796914
PD	Pbre1_11G116000	young	7089.0	11.707611272174672	3.6676209584584334
TD	Pbre1_01G261000	young	5400.0	8.918197329629459	3.310077929086592
PD	Pbre1_08G173600	young	6224.0	10.279048181409953	3.4955734213210263
TD	Pbre1_01G242400	young	6004.0	9.915714216128753	3.448334623966125
TD	Pbre1_05G194000	young	6640.0	10.966079679396223	3.580878669602184
TD	Pbre1_17G255600	young	6241.0	10.307123987818045	3.4991601156252115
PD	Pbre1_15G745600	young	3912.0	6.4607385099093415	2.8993184444014215
TD	Pbre1_02G021200	young	0.0	0.0	0.0
PD	Pbre1_04G310800	young	6430.0	10.619260894355078	3.5384463961632027
PD	Pbre1_16G488800	young	6351.0	10.488790970458647	3.5221550780150324
TD	Pbre1_03G416200	young	4488.0	7.412012891736483	3.0724510610575715
PD	Pbre1_15G299800	young	7960.0	13.146083471083424	3.8223307741663572
PD	Pbre1_08G333400	young	8305.0	13.715857189365305	3.879299675686113
PD	Pbre1_06G212200	young	8240.0	13.608508517804951	3.8687369859783804
TD	Pbre1_12G370800	young	4710.0	7.778649893065694	3.133999078445043
PD	Pbre1_05G123600	young	2320.0	3.8315218156926556	2.2724776756342777
PD	Pbre1_11G164000	young	6624.0	10.939655391012137	3.5776892922227015
TD	Pbre1_07G326000	young	8676.0	14.32857037627133	3.938151244771133
TD	Pbre1_10G342000	young	6641.0	10.967731197420228	3.581077771774355
PD	Pbre1_04G305000	young	9943.0	16.42104371268624	4.122759154760412
PD	Pbre1_04G295000	young	6416.0	10.596139642019	3.5355727066000084
TD	Pbre1_07G491800	young	9493.0	15.677860601883786	4.059862329892431
TD	Pbre1_08G070600	young	9420.0	15.557299786131388	4.049395507894157
TD	Pbre1_14G201600	young	7028.0	11.60686867271034	3.6561380746497454
TD	Pbre1_04G040000	young	5085.0	8.39796915206774	3.2323490322387163
TD	Pbre1_10G506600	young	8377.0	13.834766487093699	3.8909103125337623
PD	Pbre1_07G241600	young	2515.0	4.15356783037372	2.3655715602634424
PD	Pbre1_02G253800	young	6118.0	10.103987270865375	3.473005914073421
PD	Pbre1_14G174200	young	5979.0	9.874426265528617	3.442867381300534
TD	Pbre1_11G255000	young	6615.0	10.924791728796087	3.575892164098698
TD	Pbre1_15G246400	young	6212.0	10.259229965121888	3.493036257697335
PD	Pbre1_08G056800	young	9488.0	15.66960301176376	4.059147841696425
TD	Pbre1_03G370400	young	6479.0	10.700185277531345	3.5484594705814483
TD	Pbre1_04G070400	young	7106.0	11.735687078582764	3.670804888667134
TD	Pbre1_03G030800	young	12365.0	20.421020366827452	4.420955297809373
PD	Pbre1_07G393400	young	4003.0	6.611026650093837	2.928091071744465
PD	Pbre1_05G039600	young	6008.0	9.922320288224777	3.4492074632998566
TD	Pbre1_08G139400	young	5541.0	9.151061371014228	3.343558674972182
PD	Pbre1_15G246600	young	6787.0	11.208852828925025	3.609855742733311
TD	Pbre1_07G029600	young	6127.0	10.118850933081424	3.474935796725619
TD	Pbre1_03G445800	young	5311.0	8.771212225492974	3.288537555358385
TD	Pbre1_11G403400	young	6366.0	10.513563740818729	3.5252625482904696
TD	Pbre1_06G313800	young	7500.0	12.386385180040914	3.7426945270284433
PD	Pbre1_02G062400	young	7101.0	11.727429488462738	3.669869167801849
PD	Pbre1_10G537600	young	3058.0	5.050342117408682	2.5970167220788225
PD	Pbre1_01G233400	young	6578.0	10.863685561907884	3.568480360748732
TD	Pbre1_07G202800	young	3646.0	6.02143471552389	2.8117658518241755
TD	Pbre1_07G210600	young	5780.0	9.54577417875153	3.398593103992217
PD	Pbre1_13G446200	young	1513.0	2.498746770320254	1.806838250052537
PD	Pbre1_02G340400	young	529.0	0.8736530346988858	0.9058538177441435
PD	Pbre1_11G517800	young	5753.0	9.501183192103385	3.392479983656037
TD	Pbre1_10G420800	young	4960.0	8.191529399067058	3.2003049347320247
TD	Pbre1_09G228600	young	6026.0	9.952047612656873	3.453128718545652
TD	Pbre1_17G265800	young	4005.0	6.614329686141848	2.928717037232019
PD	Pbre1_03G377200	young	6154.0	10.163441919729573	3.480710003321626
TD	Pbre1_10G482800	young	3998.0	6.60276905997381	2.9265249687531063
TD	Pbre1_05G246200	young	3595.0	5.937207296299611	2.79435499556299
TD	Pbre1_09G236400	young	8357.0	13.801736126613589	3.88769449738748
PD	Pbre1_14G201800	young	7028.0	11.60686867271034	3.6561380746497454
TD	Pbre1_01G141000	young	6705.0	11.07342835095658	3.5937634944781225
TD	Pbre1_10G019200	young	8683.0	14.34013100243937	3.9392388981820954
TD	Pbre1_04G017800	young	5134.0	8.478893535244007	3.244718664146767
TD	Pbre1_09G255400	young	8673.0	14.323615822199313	3.937684856461635
TD	Pbre1_01G228000	young	8408.0	13.885963545837868	3.8958807029471116
TD	Pbre1_05G011000	young	6778.0	11.193989166708976	3.608098264286806
PD	Pbre1_08G257600	young	3508.0	5.793525228211138	2.764160397663831
TD	Pbre1_10G080600	young	4499.0	7.430179590000543	3.0755633655497294
TD	Pbre1_08G340600	young	6144.0	10.146926739489516	3.478574101997209
TD	Pbre1_03G366600	young	6378.0	10.533381957106794	3.5277437143226256
PD	Pbre1_05G541800	young	6285.0	10.379790780874286	3.5084021286153555
PD	Pbre1_02G453200	young	4789.0	7.909119816962124	3.155282906670999
TD	Pbre1_15G769400	young	5398.0	8.914894293581447	3.3095973914214682
PD	Pbre1_06G381200	young	5542.0	9.152712889038234	3.343793373884602
TD	Pbre1_03G471400	young	8227.0	13.587038783492881	3.8666151360616796
PD	Pbre1_07G016200	young	6453.0	10.657245808907204	3.543155066342804
TD	Pbre1_12G312200	young	8395.0	13.864493811525797	3.89379843011169
TD	Pbre1_06G005800	young	7738.0	12.779446469754213	3.78444602999923
TD	Pbre1_06G237800	young	3498.0	5.777010047971082	2.7606489104734466
TD	Pbre1_04G060200	young	6498.0	10.731564119987448	3.55232346952527
TD	Pbre1_02G312000	young	3261.0	5.38560027628179	2.674822246382011
TD	Pbre1_06G014400	young	4315.0	7.1263002735835395	3.0225986743408657
PD	Pbre1_15G733800	young	5811.0	9.596971237495701	3.4055800761825243
PD	Pbre1_08G340800	young	8788.0	14.513540394959941	3.9554560609121503
TD	Pbre1_01G201600	young	7893.0	13.035431763475058	3.8110015401730126
TD	Pbre1_07G056600	young	5767.0	9.52430444443946	3.395652983027761
PD	Pbre1_16G514400	young	3.0	0.004954554072016365	0.007130261506307828
TD	Pbre1_16G149800	young	5684.0	9.387228448447008	3.376738856244018
PD	Pbre1_05G575200	young	6334.0	10.460715164050553	3.5186251679033638
TD	Pbre1_08G182600	young	6242.0	10.308775505842052	3.4993708202109897
TD	Pbre1_04G061600	young	6934.0	11.451625978453826	3.638262241830061
TD	Pbre1_06G047800	young	5664.0	9.354198087966898	3.372143918912944
TD	Pbre1_06G072400	young	7229.0	11.938823795535436	3.6936345699091
TD	Pbre1_03G065000	young	8451.0	13.956978820870102	3.9027468877384246
TD	Pbre1_10G578600	young	6832.0	11.28317114000527	3.618611163522783
PD	Pbre1_09G199000	young	7690.0	12.70017360460195	3.776122269599546
TD	Pbre1_02G072400	young	5132.0	8.475590499195995	3.2442158518553934
PD	Pbre1_04G017000	young	6972.0	11.514383663366035	3.645515334559129
PD	Pbre1_05G231600	young	7136.0	11.78523261930293	3.676406504638745
TD	Pbre1_06G095800	young	6698.0	11.061867724788538	3.592381414120343
TD	Pbre1_05G190800	young	5403.0	8.923151883701475	3.310798435606711
PD	Pbre1_17G417000	young	6763.0	11.169216396348894	3.605164367499524
PD	Pbre1_13G097200	young	7127.0	11.77036895708688	3.674728302376712
PD	Pbre1_02G178200	young	7247.0	11.968551119967534	3.69694540186327
PD	Pbre1_05G136000	young	4425.0	7.307967256224139	3.054495530171951
PD	Pbre1_02G421000	young	6985.0	11.535853397678105	3.6479883081066404
PD	Pbre1_16G411200	young	3235.0	5.342660807657648	2.6650881918957197
TD	Pbre1_08G013000	young	10345.0	17.084953958336435	4.176718019993891
TD	Pbre1_09G207600	young	7274.0	12.013142106615682	3.7018974469749772
PD	Pbre1_03G122000	young	8097.0	13.372341440372171	3.8452232095176737
TD	Pbre1_10G212400	young	4936.0	8.151892966490928	3.194070179562138
PD	Pbre1_12G276400	young	10623.0	17.544075969009953	4.2128864766058935
TD	Pbre1_02G310600	young	7240.0	11.956990493799497	3.6956587587993663
TD	Pbre1_09G268000	young	6413.0	10.591185087946984	3.5349561705587407
PD	Pbre1_14G279600	young	3401.0	5.6168127996425525	2.726136463951299
TD	Pbre1_16G281600	young	4755.0	7.85296820414594	3.146161239992901
TD	Pbre1_01G192600	young	8383.0	13.844675595237732	3.8918736609464823
TD	Pbre1_08G036200	young	5742.0	9.483016493839324	3.3899820078042096
TD	Pbre1_05G347000	young	4168.0	6.883527124054738	2.978841242104207
PD	Pbre1_03G410400	young	5612.0	9.268319150718614	3.3601281371680565
TD	Pbre1_10G410200	young	6934.0	11.451625978453826	3.638262241830061
PD	Pbre1_02G021400	young	3485.0	5.7555403136590115	2.7560711620991034
TD	Pbre1_17G131400	young	6048.0	9.988381009184994	3.4579069350344334
PD	Pbre1_08G183400	young	8723.0	14.406191723399585	3.945438379143255
TD	Pbre1_08G124000	young	7784.0	12.855416298858463	3.7923781534710996
PD	Pbre1_02G218800	young	7293.0	12.044520949071785	3.705372058047032
PD	Pbre1_17G084200	young	9118.0	15.05854134288174	4.005268948330192
PD	Pbre1_14G127200	young	3519.0	5.811691926475197	2.7680131874831235
TRD	Pbre1_01G007400	young	2429.0	4.011537280309251	2.3252532154936567
TD	Pbre1_16G459800	young	2706.0	4.469007772958762	2.4512791125646674
PD	Pbre1_06G282800	young	7829.0	12.92973460993871	3.800095866783987
PD	Pbre1_10G041800	young	10071.0	16.632438019758943	4.14016006335354
PD	Pbre1_11G082600	young	8296.0	13.700993527149256	3.8778417539119507
PD	Pbre1_09G114200	young	7923.0	13.084977304195222	3.8160853339178216
PD	Pbre1_12G364000	young	7538.0	12.449142864953123	3.749442325372949
TD	Pbre1_12G014200	young	8689.0	14.350040110583402	3.9401705203371593
PD	Pbre1_15G759400	young	4183.0	6.908299894414819	2.983367581231697
TD	Pbre1_17G051600	young	8529.0	14.085797226742528	3.9151190343071267
PD	Pbre1_17G463000	young	7343.0	12.127096850272057	3.714475984246577
PD	Pbre1_09G425800	young	6472.0	10.688624651363307	3.547033279214623
TD	Pbre1_10G381600	young	4508.0	7.445043252216593	3.0781048119666954
TD	Pbre1_15G490200	young	4214.0	6.959496953158989	2.9926772541211646
PD	Pbre1_17G462800	young	3544.0	5.852979877075334	2.7767314507105434
PD	Pbre1_14G108000	young	4288.0	7.081709286935393	3.01466045621823
TRD	Pbre1_01G036600	young	73.0	0.12056081575239823	0.1642209497884662
TD	Pbre1_14G275400	young	6290.0	10.388048370994314	3.5094486209731723
PD	Pbre1_05G227600	young	4120.0	6.804254258902476	2.964260781032826
PD	Pbre1_16G326200	young	4350.0	7.18410340442373	3.032824373346546
PD	Pbre1_09G468400	young	3972.0	6.5598295913496685	2.9183537145408445
PD	Pbre1_07G345800	young	4704.0	7.768740784921661	3.132369682603692
PD	Pbre1_15G128000	young	5510.0	9.099864312270059	3.336264005950567
PD	Pbre1_02G016000	young	9885.0	16.325255667293927	4.11480473713242
TD	Pbre1_05G554000	young	6743.0	11.136186035868784	3.601243200859189
PD	Pbre1_13G353800	young	3383.0	5.587085475210455	2.719640270916852
PD	Pbre1_10G080400	young	3753.0	6.198147144092474	2.847625594049629
TD	Pbre1_10G318200	young	5361.0	8.853788126693246	3.300678451571436
TD	Pbre1_04G023200	young	9016.0	14.890086504433185	3.990055073518229
TD	Pbre1_04G078400	young	7701.0	12.718340302866011	3.778034044206922
TD	Pbre1_08G085200	young	10002.0	16.518483276102565	4.130805968869444
TD	Pbre1_14G212600	young	2052.0	3.388914985259194	2.1338643249861535
PD	Pbre1_02G034400	young	7366.0	12.165081764824183	3.7186445764946616
TD	Pbre1_13G070800	young	6782.0	11.200595238804997	3.608879630144672
PD	Pbre1_08G044200	young	9535.0	15.747224358892016	4.065850101772212
TD	Pbre1_04G299800	young	7308.0	12.069293719431867	3.7081092731281906
TD	Pbre1_03G283400	young	7313.0	12.077551309551895	3.709020525304025
TD	Pbre1_13G471400	young	4573.0	7.5523919237769475	3.0963279678308
PD	Pbre1_05G249800	young	8060.0	13.31123527348397	3.839076298469436
TD	Pbre1_16G046000	young	6107.0	10.085820572601316	3.470643657353092
TD	Pbre1_16G046400	young	6369.0	10.518518294890745	3.5258832399577433
TD	Pbre1_09G209000	young	8512.0	14.057721420334435	3.912431568463408
TD	Pbre1_15G720400	young	4069.0	6.720026839678198	2.948605863219175
TD	Pbre1_08G112600	young	9415.0	15.54904219601136	4.0486758159046685
TD	Pbre1_02G020200	young	177.0	0.29231869024896556	0.3699618874825476
PD	Pbre1_02G443800	young	8224.0	13.582084229420865	3.866125034891679
PD	Pbre1_02G034800	young	8278.0	13.67126620271716	3.8749214829777388
TD	Pbre1_11G120000	young	5872.0	9.697713836960034	3.419230612216463
PD	Pbre1_07G049200	young	3788.0	6.2559502749326645	2.859164569103224
TD	Pbre1_05G551000	young	7883.0	13.018916583235004	3.8093029534805254
TD	Pbre1_07G095800	young	5162.0	8.52513603991616	3.251739697614974
TD	Pbre1_11G402200	young	9591.0	15.83970936823632	4.0737953344423605
TD	Pbre1_17G159600	young	5584.0	9.222076646046462	3.3536164088353417
TD	Pbre1_01G121400	young	4805.0	7.935544105346212	3.1595555808822864
PD	Pbre1_15G526000	young	6002.0	9.912411180080744	3.447898006191926
TD	Pbre1_14G147600	young	6635.0	10.957822089276195	3.5798827463699165
TD	Pbre1_11G346000	young	4232.0	6.989224277591086	2.998055429911412
PD	Pbre1_01G147000	young	5403.0	8.923151883701475	3.310798435606711
PD	Pbre1_11G423800	young	7047.0	11.638247515166443	3.659724520707428
TD	Pbre1_08G402800	young	6893.0	11.383913739469603	3.6303954223808335
TD	Pbre1_06G256800	young	7037.0	11.621732334926389	3.657838028939177
TD	Pbre1_05G396200	young	6662.0	11.002413075924343	3.5852525826116772
PD	Pbre1_15G298800	young	4580.0	7.563952549944985	3.098276802245059
TD	Pbre1_01G083000	young	4509.0	7.4466947702405974	3.0783869187419244
PD	Pbre1_09G109800	young	7103.0	11.730732524510747	3.6702435289792703
TD	Pbre1_10G118800	young	7538.0	12.449142864953123	3.749442325372949
PD	Pbre1_05G199000	young	5645.0	9.322819245510797	3.3677651311581274
TD	Pbre1_15G215600	young	4542.0	7.501194865032779	3.0876656300394623
TD	Pbre1_09G342000	young	6945.0	11.469792676717887	3.640365573947695
TD	Pbre1_01G053200	young	2615.0	4.318719632774266	2.4110789897558664
PD	Pbre1_10G513400	young	6489.0	10.716700457771399	3.5504944442198285
PD	Pbre1_07G066400	young	3344.0	5.522676272274242	2.7054640277279858
TD	Pbre1_11G096200	young	5745.0	9.48797104791134	3.3906637029993716
TD	Pbre1_16G287800	young	5876.0	9.704319909056055	3.4201212329741404
PD	Pbre1_04G042400	young	6562.0	10.837261273523797	3.5652634255038325
TD	Pbre1_11G441600	young	9131.0	15.080011077193811	4.0071964952479275
TD	Pbre1_04G301600	young	6908.0	11.408686509829685	3.6332785055977883
TD	Pbre1_04G114200	young	4876.0	8.052801885050599	3.178364382256938
TD	Pbre1_13G125800	young	9014.0	14.886783468385174	3.989755152616795
TD	Pbre1_09G337000	young	4416.0	7.293103594008091	3.0519121139945184
PD	Pbre1_17G211600	young	6421.0	10.604397232139029	3.5365996815259364
TD	Pbre1_14G293000	young	3656.0	6.037949895763945	2.8151552433586504
PD	Pbre1_15G745800	young	5316.0	8.779469815613	3.2897562529976003
PD	Pbre1_09G377400	young	2140.0	3.5342485713716743	2.1808634830185567
TD	Pbre1_08G301800	young	5642.0	9.31786469143878	3.3670725271001776
TD	Pbre1_05G185600	young	4724.0	7.80177114540177	3.1377938607478817
PD	Pbre1_02G423000	young	4215.0	6.9611484711829945	2.9929765682266187
PD	Pbre1_13G454600	young	8031.0	13.263341250787812	3.834240073955078
PD	Pbre1_10G531600	young	10402.0	17.179090485704748	4.18420811704937
TD	Pbre1_05G288400	young	9035.0	14.921465346889288	3.992901216661082
PD	Pbre1_14G407400	young	8450.0	13.955327302846097	3.9025875796024527
PD	Pbre1_10G573400	young	5083.0	8.394666116019728	3.231841889551442
PD	Pbre1_02G271600	young	3994.0	6.596162987877788	2.9252708611588587
TD	Pbre1_05G433400	young	5243.0	8.658908999860603	3.2718602419202547
TD	Pbre1_15G698000	young	6997.0	11.55567161396617	3.65026729659302
PD	Pbre1_13G465600	young	3967.0	6.5515720012296415	2.916776999710172
TD	Pbre1_01G083400	young	4075.0	6.72993594782223	2.950456459668611
TD	Pbre1_10G286000	young	5790.0	9.562289358991585	3.400850665274522
TD	Pbre1_17G385000	young	6249.0	10.320336132010091	3.5008448912889976
TD	Pbre1_17G238800	young	5944.0	9.816623134688426	3.435178266212299
TD	Pbre1_13G036000	young	5411.0	8.936364027893518	3.312718028994823
PD	Pbre1_04G038000	young	7219.0	11.922308615295382	3.691791930422771
PD	Pbre1_11G517600	young	5753.0	9.501183192103385	3.392479983656037
TD	Pbre1_17G416800	young	7901.0	13.048643907667103	3.812358971091145
TD	Pbre1_15G179200	young	7497.0	12.381430625968898	3.7421604594957807
TD	Pbre1_08G096200	young	9687.0	15.998255098540843	4.087314753610142
PD	Pbre1_05G198600	young	6392.0	10.55650320944287	3.5306330251176337
PD	Pbre1_03G139800	young	7963.0	13.15103802515544	3.8228359782496426
TD	Pbre1_15G041600	young	130.0	0.21469734312070918	0.28059689327825477
TD	Pbre1_05G181400	young	3542.0	5.849676841027322	2.7760359251760907
TD	Pbre1_06G169600	young	6724.0	11.10480719341268	3.597508195015401
TD	Pbre1_06G029800	young	6419.0	10.601094196091017	3.5361889792770085
PD	Pbre1_08G133400	young	5139.0	8.487151125364035	3.2459749287271586
TD	Pbre1_05G064000	young	5703.0	9.418607290903111	3.38109053288812
PD	Pbre1_10G377200	young	6170.0	10.18986620811366	3.484120881689171
TD	Pbre1_14G377800	young	6293.0	10.393002925066329	3.510076152214757
TD	Pbre1_14G175000	young	3421.0	5.649843160122662	2.7333203143308804
PD	Pbre1_13G070000	young	6325.0	10.445851501834504	3.5167528895221527
TD	Pbre1_09G462600	young	5628.0	9.294743439102701	3.3638359711181995
PD	Pbre1_16G046200	young	7060.0	11.659717249478515	3.6621732779055494
TD	Pbre1_08G209000	young	2330.0	3.848036995932711	2.277400708226087
PD	Pbre1_08G035800	young	3837.0	6.336874658108933	2.8751656386190723
PD	Pbre1_05G182200	young	3089.0	5.101539176152851	2.6091732232819855
PD	Pbre1_14G366000	young	4099.0	6.769572380398361	2.9578351981625315
TD	Pbre1_07G403600	young	7709.0	12.731552447058053	3.7794228362543785
TD	Pbre1_04G013600	young	8324.0	13.74723603182141	3.882372680762438
TD	Pbre1_07G047800	young	8033.0	13.266644286835822	3.834574127664383
PD	Pbre1_05G288800	young	6463.0	10.673760989147258	3.545197530503697
TD	Pbre1_12G275800	young	4503.0	7.436785662096565	3.076693450043004
PD	Pbre1_06G347400	young	5741.0	9.481364975815318	3.38975470447341
PD	Pbre1_17G210800	young	4578.0	7.5606495138969745	3.097720260987321
TD	Pbre1_11G029200	young	6859.0	11.327762126653418	3.6238390242465663
TD	Pbre1_08G313000	young	5740.0	9.479713457791313	3.3895273653242675
TD	Pbre1_03G460800	young	3597.0	5.940510332347622	2.795041747368127
PD	Pbre1_09G042400	young	4212.0	6.956193917110978	2.9920784395508644
TD	Pbre1_04G348200	young	9741.0	16.08743707183714	4.094864119693641
TRD	Pbre1_04G133200	young	3810.0	6.292283671460785	2.8663706836274074
PD	Pbre1_02G469000	young	7339.0	12.120490778176036	3.7137497805444437
TD	Pbre1_03G025800	young	9471.0	15.641527205355667	4.056715931641072
TRD	Pbre1_03G272000	young	4767.0	7.8727864204340054	3.1493872413538657
TD	Pbre1_15G202800	young	6335.0	10.462366682074558	3.518833048927677
TD	Pbre1_06G356000	young	9090.0	15.012298838209588	4.001108541055195
TD	Pbre1_09G184000	young	5302.0	8.756348563276925	3.286341301956152
PD	Pbre1_09G183800	young	4999.0	8.25593860200327	3.21037929455785
TD	Pbre1_11G169000	young	6536.0	10.794321804899655	3.560020558243186
PD	Pbre1_17G280800	young	7796.0	12.875234515146529	3.794440250564858
TD	Pbre1_09G167400	young	7089.0	11.707611272174672	3.6676209584584334
TD	Pbre1_06G354000	young	7113.0	11.747247704750803	3.6721138791211927
TD	Pbre1_02G381400	young	5440.0	8.984258050589677	3.3196552222104727
TD	Pbre1_05G536200	young	9160.0	15.12790509988997	4.0114871497306295
TD	Pbre1_06G254000	young	5660.0	9.347592015870877	3.371223172665554
TD	Pbre1_09G281200	young	5302.0	8.756348563276925	3.286341301956152
PD	Pbre1_02G397400	young	8005.0	13.22040178216367	3.829890322217847
PD	Pbre1_05G413000	young	6391.0	10.554851691418865	3.530426837563728
TD	Pbre1_13G396200	young	5827.0	9.623395525879788	3.409173059276548
PD	Pbre1_01G196000	young	10797.0	17.8314401051869	4.235071426924878
TD	Pbre1_14G294600	young	3892.0	6.427708149429232	2.8929171298071217
TD	Pbre1_15G715000	young	6976.0	11.520989735462056	3.646276701088164
TD	Pbre1_11G107600	young	8401.0	13.87440291966983	3.8947598525771774
PD	Pbre1_14G213200	young	3537.0	5.841419250907295	2.774295642925433
PD	Pbre1_01G136800	young	6518.0	10.764594480467558	3.5563796873491604
TD	Pbre1_03G121600	young	5065.0	8.364938791587631	3.227269565171838
PD	Pbre1_17G417800	young	5478.0	9.047015735501883	3.3286951362972625
PD	Pbre1_04G397400	young	6450.0	10.652291254835186	3.542541762811497
TD	Pbre1_15G109000	young	6924.0	11.435110798213772	3.63634745707197
PD	Pbre1_10G373000	young	7685.0	12.691916014481924	3.7752524429567162
TD	Pbre1_02G444200	young	6650.0	10.982594859636277	3.582868455915395
TD	Pbre1_07G421400	young	6762.0	11.167564878324889	3.604968562077276
TD	Pbre1_09G211000	young	4555.0	7.522664599344849	3.0913045575937836
PD	Pbre1_14G099000	young	6325.0	10.445851501834504	3.5167528895221527
PD	Pbre1_12G380400	young	6455.0	10.660548844955214	3.5435637905664237
PD	Pbre1_10G492400	young	5308.0	8.766257671420957	3.2878058423187277
TD	Pbre1_12G256600	young	7110.0	11.742293150678789	3.6715530286358837
TD	Pbre1_04G034600	young	4150.0	6.85379979962264	2.973390822886814
PD	Pbre1_04G017200	young	5305.0	8.761303117348941	3.28707375797699
TD	Pbre1_17G178800	young	6821.0	11.26500444174121	3.6164758512514346
TD	Pbre1_08G358800	young	3625.0	5.986752837019775	2.80462210447303
TD	Pbre1_06G041800	young	7761.0	12.817431384306337	3.78841754320808
PD	Pbre1_01G432400	young	6461.0	10.670457953099246	3.544789268931962
PD	Pbre1_10G366800	young	4225.0	6.977663651423049	2.9959662988257802
PD	Pbre1_11G124200	young	5759.0	9.511092300247418	3.3938406951357623
PD	Pbre1_17G298000	young	3791.0	6.260904829004681	2.860149343121546
TRD	Pbre1_01G000200	young	69.0	0.11395474365637642	0.15569062188011817
PD	Pbre1_17G487200	young	6342.0	10.473927308242597	3.520287377989
PD	Pbre1_13G042400	young	6510.0	10.751382336275514	3.5547585684766996
TD	Pbre1_07G026200	young	8980.0	14.830631855568988	3.984646934487765
PD	Pbre1_11G123600	young	3998.0	6.60276905997381	2.9265249687531063
PD	Pbre1_15G258000	young	5684.0	9.387228448447008	3.376738856244018
PD	Pbre1_02G021600	young	8416.0	13.89917569002991	3.8971606094135285
TD	Pbre1_09G099200	young	6510.0	10.751382336275514	3.5547585684766996
PD	Pbre1_07G135600	young	5134.0	8.478893535244007	3.244718664146767
TD	Pbre1_12G292800	young	4380.0	7.233648945143894	3.041531938348664
PD	Pbre1_01G306000	young	7198.0	11.887626736791267	3.6879147099989784
TD	Pbre1_16G410600	young	4591.0	7.582119248209045	3.1013339474163595
PD	Pbre1_09G194600	young	5444.0	8.9908641226857	3.3206094639635366
TD	Pbre1_13G272600	young	8185.0	13.517675026484651	3.859738522302808
TD	Pbre1_10G260000	young	6265.0	10.346760420394178	3.504208551649449
TD	Pbre1_14G383000	young	5072.0	8.376499417755669	3.2290494136521195
TD	Pbre1_13G435800	young	5910.0	9.76047152187224	3.42766939279696
TD	Pbre1_10G488600	young	6225.0	10.280699699433958	3.49578465035426
PD	Pbre1_09G232600	young	3321.0	5.484691357722117	2.697037910285744
TD	Pbre1_01G350600	young	7763.0	12.820734420354349	3.788762376058618
PD	Pbre1_08G162600	young	6117.0	10.10233575284137	3.472791323223327
PD	Pbre1_12G286800	young	9086.0	15.005692766113567	4.000513216544795
PD	Pbre1_11G112800	young	9575.0	15.813285079852234	4.071529729359037
PD	Pbre1_09G314600	young	8033.0	13.266644286835822	3.834574127664383
PD	Pbre1_09G211000	young	4555.0	7.522664599344849	3.0913045575937836
PD	Pbre1_10G115400	young	5121.0	8.457423800931936	3.2414472474353198
TD	Pbre1_01G375600	young	7196.0	11.884323700743256	3.687544906885785
PD	Pbre1_13G278200	young	5731.0	9.464849795575264	3.3874796992918927
PD	Pbre1_17G390600	young	6649.0	10.98094334161227	3.582669600734083
TD	Pbre1_10G029800	young	6181.0	10.208032906377719	3.4864611914752137
TD	Pbre1_04G077800	young	4095.0	6.76296630830234	2.9566080261955614
PD	Pbre1_08G082600	young	7283.0	12.028005768831731	3.70354435856273
TD	Pbre1_05G507600	young	8482.0	14.008175879614273	3.907676734780296
PD	Pbre1_17G416400	young	4733.0	7.816634807617819	3.140228103313656
PD	Pbre1_01G328000	young	7142.0	11.79514172744696	3.677524222597075
PD	Pbre1_01G306200	young	7198.0	11.887626736791267	3.6879147099989784
PD	Pbre1_02G452600	young	3533.0	5.834813178811274	2.772901904080632
TD	Pbre1_15G721000	young	4537.0	7.49293727491275	3.0862635948951724
TD	Pbre1_09G250000	young	6416.0	10.596139642019	3.5355727066000084
TD	Pbre1_17G200000	young	7423.0	12.259218292192495	3.728923817606277
TD	Pbre1_07G143800	young	6747.0	11.142792107964807	3.6020282872521516
PD	Pbre1_04G131200	young	7797.0	12.876886033170534	3.794611959019485
TD	Pbre1_05G073400	young	4768.0	7.87443793845801	3.149655749467796
TD	Pbre1_16G148800	young	6468.0	10.682018579267284	3.5462176792662206
PD	Pbre1_10G148400	young	5441.0	8.985909568613684	3.319893841826896
PD	Pbre1_11G383200	young	4361.0	7.20227010268779	3.036023252735122
PD	Pbre1_12G035600	young	8361.0	13.80834219870961	3.8883382341250936
PD	Pbre1_07G187400	young	5184.0	8.561469436444279	3.257232353118425
TD	Pbre1_16G203400	young	5592.0	9.235288790238506	3.3554799036841687
PD	Pbre1_07G016600	young	5571.0	9.200606911734392	3.3505830865450386
PD	Pbre1_03G162600	young	4391.0	7.251815643407954	3.044711589848714
PD	Pbre1_16G100200	young	6698.0	11.061867724788538	3.592381414120343
TD	Pbre1_11G029600	young	5883.0	9.715880535224093	3.421678497548295
TD	Pbre1_05G126400	young	4871.0	8.044544294930573	3.1770478151731076
TD	Pbre1_14G311200	young	4604.0	7.603588982521116	3.104938604835095
TD	Pbre1_09G470800	young	7276.0	12.016445142663693	3.702263589834354
TD	Pbre1_09G055800	young	6993.0	11.549065541870148	3.6495080337006423
PD	Pbre1_13G275600	young	5902.0	9.747259377680198	3.4258969048118693
TD	Pbre1_12G331400	young	4795.0	7.919028925106158	3.1568866427467945
TD	Pbre1_12G384200	young	8279.0	13.672917720741165	3.8750838754212906
PD	Pbre1_16G391800	young	5117.0	8.450817728835915	3.2404391634392002
TD	Pbre1_01G345200	young	6702.0	11.068473796884561	3.5931713364413533
PD	Pbre1_11G201000	young	7955.0	13.137825880963396	3.821488374022441
PD	Pbre1_11G390600	young	9894.0	16.340119329509974	4.116041921676632
TD	Pbre1_17G110000	young	7898.0	13.043689353595086	3.8118500841576783
PD	Pbre1_10G308200	young	5335.0	8.810848658069103	3.2943779378544638
PD	Pbre1_07G049600	young	169.0	0.2791065460569219	0.35513644175341647
TD	Pbre1_02G375000	young	7705.0	12.724946374962032	3.778728607343521
TD	Pbre1_10G423400	young	6579.0	10.86533707993189	3.5686811812294557
TD	Pbre1_06G371800	young	9950.0	16.43260433885428	4.123716211458132
TD	Pbre1_07G103000	young	8869.0	14.647313354904382	3.967843062441893
PD	Pbre1_05G232400	young	6051.0	9.993335563257011	3.4585572855825357
TD	Pbre1_12G294600	old	6964.0	11.50117151917399	3.6439913950312115
TRD	Pbre1_08G192000	old	5657.0	9.34263746179886	3.3705322271413536
TRD	Pbre1_14G452000	old	10295.0	17.002378057136163	4.170115589477183
PD	Pbre1_05G263200	old	4393.0	7.255118679455966	3.0452889561478385
TD	Pbre1_16G201200	old	7301.0	12.057733093263828	3.7068325523401544
PD	Pbre1_14G212400	old	2304.0	3.8050975273085688	2.264565713150227
PD	Pbre1_16G325600	old	4016.0	6.632496384405909	2.93215500101235
PD	Pbre1_11G113000	old	5886.0	9.72083508929611	3.4223453824239445
TD	Pbre1_09G211400	old	5220.0	8.620924085308475	3.2661754708419397
TRD	Pbre1_10G426600	old	6104.0	10.0808660185293	3.4699987336583247
PD	Pbre1_02G233800	old	6636.0	10.9594736073002	3.5800819860245316
TRD	Pbre1_06G192200	old	4426.0	7.309618774248145	3.0547822910608846
TRD	Pbre1_08G231200	old	5147.0	8.500363269556079	3.2479826794611704
TRD	Pbre1_07G246600	old	6129.0	10.122153969129435	3.4753643091765927
PD	Pbre1_02G126800	old	6290.0	10.388048370994314	3.5094486209731723
TD	Pbre1_03G039000	old	7158.0	11.821566015831047	3.680500577225784
TRD	Pbre1_12G006200	old	9149.0	15.109738401625911	4.00986116188397
PD	Pbre1_04G334000	old	7071.0	11.677883947742574	3.6642420617483413
TRD	Pbre1_03G244000	old	6468.0	10.682018579267284	3.5462176792662206
TD	Pbre1_08G072200	old	10079.0	16.645650163950986	4.1412406828982995
TRD	Pbre1_09G215400	old	8296.0	13.700993527149256	3.8778417539119507
TRD	Pbre1_15G657600	old	5943.0	9.814971616664419	3.434957973913447
TRD	Pbre1_16G024600	old	5661.0	9.349243533894882	3.3714534143237533
TRD	Pbre1_04G186600	old	6547.0	10.812488503163715	3.562241020078278
TD	Pbre1_03G346800	old	7319.0	12.087460417695928	3.710113268698258
TRD	Pbre1_07G142200	old	6006.0	9.919017252176765	3.4487711096421325
TRD	Pbre1_05G212600	old	7061.0	11.66136876750252	3.6623614717977824
TRD	Pbre1_06G390600	old	10424.0	17.215423882232866	4.187088662610378
TRD	Pbre1_07G165000	old	8973.0	14.819071229400949	3.983592993555733
TRD	Pbre1_15G426400	old	5907.0	9.755516967800224	3.427004964972109
TRD	Pbre1_01G418400	old	10147.0	16.757953389583353	4.150393415041694
TD	Pbre1_17G472000	old	4942.0	8.161802074634961	3.195631396186312
TRD	Pbre1_15G564200	old	6769.0	11.179125504492927	3.606338642283943
TRD	Pbre1_02G485000	old	8804.0	14.539964683344028	3.95791131991855
PD	Pbre1_01G368600	old	7071.0	11.677883947742574	3.6642420617483413
TRD	Pbre1_06G025600	old	8768.0	14.480510034479831	3.9523810994506317
PD	Pbre1_17G445000	old	7718.0	12.746416109274104	3.7809836309554936
TRD	Pbre1_17G426000	old	5631.0	9.299697993174718	3.3645301303408153
TD	Pbre1_11G144200	old	8067.0	13.322795899652007	3.8402412381070006
TRD	Pbre1_03G334400	old	7334.0	12.11223318805601	3.7128415115652347
TRD	Pbre1_17G386800	old	6627.0	10.944609945084153	3.578287837800006
TRD	Pbre1_05G383800	old	5837.0	9.639910706119842	3.41141413817208
TRD	Pbre1_07G022400	old	6550.0	10.817443057235732	3.5628460079239677
PD	Pbre1_14G313000	old	6141.0	10.141972185417501	3.477932714485755
TD	Pbre1_17G328400	old	5182.0	8.558166400396269	3.2567338840247233
TD	Pbre1_17G249000	old	6702.0	11.068473796884561	3.5931713364413533
TD	Pbre1_14G264200	old	5186.0	8.564772472492292	3.2577306500443353
PD	Pbre1_17G087400	old	7464.0	12.32693053117672	3.736272630949962
TD	Pbre1_06G319800	old	7040.0	11.626686888998405	3.658404235529607
TD	Pbre1_17G405200	old	7864.0	12.9875377407789	3.806070118733257
TRD	Pbre1_13G489000	old	1799.0	2.971080925185814	1.9895317613092818
TRD	Pbre1_04G106000	old	9570.0	15.805027489732206	4.070820997501613
TRD	Pbre1_09G145000	old	9218.0	15.223693145282287	4.02003036548437
TRD	Pbre1_14G404400	old	10549.0	17.421863635233546	4.203347112956502
TD	Pbre1_02G223800	old	5404.0	8.92480340172548	3.311038524505986
TRD	Pbre1_11G125800	old	6660.0	10.999110039876333	3.5848555016653196
PD	Pbre1_17G415800	old	6470.0	10.685321615315296	3.5466255368758928
TD	Pbre1_11G043600	old	8365.0	13.814948270805633	3.8889816837527085
TRD	Pbre1_11G316800	old	6923.0	11.433459280189767	3.636155838747381
TRD	Pbre1_16G361400	old	1624.0	2.682065270984859	1.8805152011830764
PD	Pbre1_17G079000	old	8276.0	13.667963166669148	3.874596643242756
TD	Pbre1_16G063600	old	7521.0	12.42106705854503	3.74642747424007
TRD	Pbre1_12G415400	old	9859.0	16.282316198669783	4.111224677226934
TRD	Pbre1_16G432200	old	2411.0	3.981809955877153	2.316669987266608
TRD	Pbre1_16G394400	old	5704.0	9.420258808927118	3.3813192052982926
TRD	Pbre1_11G405800	old	8439.0	13.937160604582038	3.900834028087923
PD	Pbre1_02G218000	old	6687.0	11.043701026524479	3.5902068949685937
PD	Pbre1_03G412800	old	4916.0	8.118862606010818	3.1888538885348816
TRD	Pbre1_17G068800	old	6951.0	11.479701784861918	3.6415115548374257
PD	Pbre1_02G419800	old	7750.0	12.799264686042278	3.7865194878282096
TRD	Pbre1_11G475400	old	7948.0	13.126265254795358	3.8203081868448536
TRD	Pbre1_05G027000	old	4932.0	8.145286894394905	3.1930284290913815
TRD	Pbre1_05G435600	old	10844.0	17.909061452315157	4.241005852056913
PD	Pbre1_09G155600	old	6526.0	10.7778066246596	3.5579989866569384
TD	Pbre1_14G209800	old	6220.0	10.272442109313932	3.4947281957858243
TRD	Pbre1_05G186000	old	4578.0	7.5606495138969745	3.097720260987321
TD	Pbre1_10G014400	old	7357.0	12.150218102608134	3.717014822385304
TRD	Pbre1_08G349400	old	10544.0	17.413606045113518	4.202700280725567
TRD	Pbre1_09G359200	old	8544.0	14.11056999710261	3.9174861773942844
TRD	Pbre1_17G100800	old	5856.0	9.671289548575947	3.415662620901759
TRD	Pbre1_15G502600	old	2742.0	4.528462421822958	2.466878293325519
TD	Pbre1_08G150000	old	9244.0	15.26663261390643	4.023843721802744
TRD	Pbre1_16G407000	old	5492.0	9.07013698783796	3.3320114038855113
TRD	Pbre1_05G116000	old	6973.0	11.51603518139004	3.6457057138637188
PD	Pbre1_08G056600	old	9420.0	15.557299786131388	4.049395507894157
TD	Pbre1_02G449600	old	8413.0	13.894221135957896	3.8966807775435908
TRD	Pbre1_14G154000	old	3316.0	5.4764337676020896	2.6951996152592663
TRD	Pbre1_17G136600	old	6759.0	11.162610324252872	3.6043809863094234
TD	Pbre1_01G156200	old	8657.0	14.297191533815226	3.9351949025665243
TRD	Pbre1_07G031200	old	4632.0	7.649831487193269	3.11267202697379
PD	Pbre1_03G230000	old	3906.0	6.450829401765308	2.8974010305696876
PD	Pbre1_15G675400	old	5260.0	8.686984806268695	3.276047678852982
PD	Pbre1_10G353600	old	8594.0	14.193145898302882	3.925348720617359
TD	Pbre1_15G748800	old	7907.0	13.058553015811134	3.8133762067699797
TD	Pbre1_13G223000	old	7460.0	12.320324459080695	3.7355573191738394
PD	Pbre1_07G140000	old	5655.0	9.33933442575085	3.3700714128831417
TD	Pbre1_02G344600	old	5805.0	9.587062129351668	3.4042303972074097
PD	Pbre1_01G137400	old	7946.0	13.122962218747347	3.8199708131058707
TRD	Pbre1_11G049000	old	5119.0	8.454120764883925	3.2409432934871676
TRD	Pbre1_10G334000	old	8571.0	14.155160983750756	3.9217372719337447
TRD	Pbre1_04G396200	old	9541.0	15.75713346703605	4.066703472648331
TD	Pbre1_16G015200	old	5634.0	9.304652547246734	3.3652239557262122
PD	Pbre1_17G365200	old	8566.0	14.14690339363073	3.9209509766858446
TRD	Pbre1_10G328800	old	8388.0	13.85293318535776	3.89267596019629
PD	Pbre1_06G346400	old	7629.0	12.59943100513762	3.7654743858307134
PD	Pbre1_16G044800	old	8013.0	13.233613926355712	3.8312301047266164
TRD	Pbre1_09G463800	old	6545.0	10.809185467115704	3.5618375538579414
TD	Pbre1_07G156200	old	4519.0	7.463209950480652	3.0812049566434854
TD	Pbre1_01G244200	old	10522.0	17.3772726485854	4.199850768569741
PD	Pbre1_07G159600	old	5924.0	9.783592774208318	3.430766016389661
TRD	Pbre1_13G213200	old	2532.0	4.181643636781812	2.373409798781914
TRD	Pbre1_07G426400	old	7886.0	13.02387113730702	3.8098127395071586
PD	Pbre1_17G215000	old	6863.0	11.33436819874944	3.624611913494565
PD	Pbre1_03G113800	old	5253.0	8.675424180100658	3.2743249118113575
TD	Pbre1_05G488400	old	10170.0	16.79593830413548	4.153476096913785
TD	Pbre1_05G060600	old	5469.0	9.032152073285834	3.3265592175291516
TD	Pbre1_02G087800	old	9686.0	15.996603580516839	4.087174577303629
TD	Pbre1_08G114400	old	6109.0	10.089123608649327	3.4710734463728645
TRD	Pbre1_16G203000	old	10178.0	16.809150448327525	4.1545467919435195
TD	Pbre1_15G458400	old	7067.0	11.671277875646553	3.663490119910198
TD	Pbre1_08G165400	old	6552.0	10.820746093283743	3.563249192256491
TD	Pbre1_12G057400	old	7168.0	11.838081196071103	3.682357685527001
PD	Pbre1_11G093000	old	3890.0	6.424405113381221	2.8922754334073453
TRD	Pbre1_17G322600	old	5630.0	9.298046475150713	3.3642987810421636
TRD	Pbre1_02G361000	old	5704.0	9.420258808927118	3.3813192052982926
TRD	Pbre1_14G249400	old	6688.0	11.045352544548484	3.590404714020295
TRD	Pbre1_03G099000	old	5384.0	8.89177304124537	3.3062291386334213
TRD	Pbre1_01G406200	old	8489.0	14.01973650578231	3.908787598476192
PD	Pbre1_10G314200	old	10234.0	16.90163545767183	4.162019490136188
TRD	Pbre1_09G395400	old	10357.0	17.1047721746245	4.178298117345892
TRD	Pbre1_03G154400	old	6218.0	10.26913907326592	3.494305397249923
PD	Pbre1_03G377000	old	4421.0	7.301361184128118	3.053347916288649
TD	Pbre1_12G397000	old	5545.0	9.15766744311025	3.344497241622616
TRD	Pbre1_10G439800	old	5821.0	9.613486417735755	3.4078267390159325
PD	Pbre1_11G274400	old	6241.0	10.307123987818045	3.4991601156252115
TD	Pbre1_03G297200	old	5125.0	8.464029873027958	3.2424546275239896
PD	Pbre1_05G540400	old	7805.0	12.890098177362578	3.795984891434425
TRD	Pbre1_02G310800	old	7998.0	13.20884115599563	3.828716991011117
TD	Pbre1_06G071400	old	6397.0	10.564760799562897	3.531663521098972
PD	Pbre1_17G443400	old	6628.0	10.946261463108158	3.5784872978218907
TD	Pbre1_10G236400	old	8128.0	13.423538499116342	3.8503532365034925
TD	Pbre1_17G225800	old	5346.0	8.829015356333164	3.2970468985917227
PD	Pbre1_09G174000	old	10171.0	16.797589822159487	4.153609977256101
PD	Pbre1_05G582600	old	7717.0	12.7447645912501	3.780810292684432
TD	Pbre1_01G244000	old	9390.0	15.507754245411224	4.045071960784637
TD	Pbre1_16G130400	old	7742.0	12.786052541850234	3.7851375137725602
TRD	Pbre1_17G173400	old	5584.0	9.222076646046462	3.3536164088353417
TD	Pbre1_14G061000	old	4619.0	7.628361752881198	3.1090866642298227
TRD	Pbre1_15G146800	old	9206.0	15.203874928994221	4.018266949501259
TRD	Pbre1_16G324400	old	7495.0	12.378127589920886	3.7418043046062195
TRD	Pbre1_11G325600	old	6420.0	10.602745714115024	3.5363943450161637
TRD	Pbre1_12G259400	old	7663.0	12.655582617953803	3.771418963153984
TD	Pbre1_10G535000	old	8073.0	13.332705007796042	3.8412390096549505
TRD	Pbre1_11G279800	old	4927.0	8.137029304274877	3.1917251822821124
TRD	Pbre1_10G347400	old	6400.0	10.569715353634914	3.5322814655599974
TD	Pbre1_17G398200	old	5300.0	8.753045527228913	3.2858527912674274
TD	Pbre1_05G376200	old	8444.0	13.945418194702064	3.901631361189534
TD	Pbre1_16G304000	old	7973.0	13.167553205395496	3.8245187152995865
TRD	Pbre1_15G395800	old	6794.0	11.220413455093063	3.611221191788826
TRD	Pbre1_08G232000	old	5493.0	9.071788505861967	3.3322479887015217
TRD	Pbre1_13G276800	old	8006.0	13.222053300187675	3.8300578630900364
TRD	Pbre1_09G461600	old	6148.0	10.15353281158554	3.4794288420270845
TRD	Pbre1_16G243400	old	8247.0	13.620069143972989	3.8698782292578118
TD	Pbre1_05G110600	old	6182.0	10.209684424401724	3.486673758779219
TRD	Pbre1_05G603200	old	8738.0	14.430964493759669	3.947756333521678
PD	Pbre1_03G308400	old	5988.0	9.889289927744665	3.4448379762956263
TRD	Pbre1_15G484000	old	4413.0	7.288149039936074	3.0510499462246825
TD	Pbre1_02G122800	old	6914.0	11.418595617973718	3.634430127580778
PD	Pbre1_13G194800	old	7734.0	12.772840397658191	3.783754214638772
TD	Pbre1_02G171800	old	5655.0	9.33933442575085	3.3700714128831417
PD	Pbre1_05G228000	old	4771.0	7.879392492530028	3.1504609740983742
TRD	Pbre1_06G417600	old	8613.0	14.224524740758985	3.928325287560713
TRD	Pbre1_10G117200	old	5586.0	9.225379682094472	3.3540825082553694
TD	Pbre1_15G502000	old	6410.0	10.58623053387497	3.5343393709280124
TRD	Pbre1_11G376000	old	4111.0	6.7893905966864265	2.961510463392341
PD	Pbre1_05G250000	old	5540.0	9.149409852990223	3.343323937872522
PD	Pbre1_04G335000	old	7371.0	12.173339354944211	3.7195492005533337
PD	Pbre1_12G324800	old	8900.0	14.698510413648552	3.972555767329355
TD	Pbre1_11G137200	old	8401.0	13.87440291966983	3.8947598525771774
TRD	Pbre1_05G322600	old	8238.0	13.605205481756942	3.868410750584502
TRD	Pbre1_05G314800	old	9863.0	16.288922270765802	4.1117760342503225
TRD	Pbre1_09G374200	old	9711.0	16.037891531116976	4.0906749054621185
TRD	Pbre1_02G066800	old	7612.0	12.571355198729524	3.7624928864522236
TD	Pbre1_10G338800	old	5914.0	9.767077593968263	3.4285548208315735
TRD	Pbre1_15G053000	old	8992.0	14.850450071857054	3.986451901007092
TRD	Pbre1_02G203000	old	6894.0	11.385565257493608	3.630587807280572
TRD	Pbre1_16G460200	old	4368.0	7.213830728855829	3.0380552164724888
TRD	Pbre1_02G076400	old	8047.0	13.2897655391719	3.836910340344958
TD	Pbre1_02G415200	old	9410.0	15.540784605891336	4.047955764715856
TRD	Pbre1_17G081000	old	8776.0	14.493722178671874	3.9536118706239245
TD	Pbre1_02G148000	old	8456.0	13.96523641099013	3.903543164653484
TRD	Pbre1_14G426400	old	7357.0	12.150218102608134	3.717014822385304
TD	Pbre1_08G058400	old	6058.0	10.004896189425049	3.460073631056582
TRD	Pbre1_05G579200	old	9837.0	16.24598280214166	4.108188441336143
TRD	Pbre1_17G102800	old	5823.0	9.616789453783765	3.4082756520487756
TRD	Pbre1_16G167600	old	10264.0	16.95118099839199	4.166006856176663
TD	Pbre1_04G005200	old	10587.0	17.484621320145756	4.20825358336011
TRD	Pbre1_15G713200	old	5118.0	8.45246924685992	3.2406912504833523
TRD	Pbre1_08G067400	old	9004.0	14.87026828814512	3.9882546121407882
TD	Pbre1_03G455800	old	8471.0	13.99000918135021	3.9059293618211908
TRD	Pbre1_15G486000	old	9556.0	15.78190623739613	4.068834694040593
TD	Pbre1_09G435800	old	8075.0	13.336008043844052	3.841571446882868
TRD	Pbre1_08G393800	old	9469.0	15.638224169307657	4.056429554877716
TRD	Pbre1_10G168200	old	6367.0	10.515215258842733	3.52546947518549
TD	Pbre1_15G570000	old	6875.0	11.354186415037505	3.626928099998519
TD	Pbre1_15G034600	old	8772.0	14.487116106575852	3.9529966162844916
TRD	Pbre1_05G591000	old	9949.0	16.430952820830274	4.123579527937627
TD	Pbre1_11G191000	old	4914.0	8.115559569962807	3.188331220612369
TD	Pbre1_01G379000	old	5925.0	9.785244292232322	3.4309869496611665
TD	Pbre1_07G492800	old	6162.0	10.176654063921616	3.482416450522356
PD	Pbre1_03G204600	old	8456.0	13.96523641099013	3.903543164653484
PD	Pbre1_07G419800	old	4138.0	6.833981583334574	2.969745736705418
TD	Pbre1_11G090200	old	4982.0	8.227862795595177	3.205996553480585
TD	Pbre1_16G248000	old	6142.0	10.143623703441506	3.4781465420073
TRD	Pbre1_13G468000	old	5584.0	9.222076646046462	3.3536164088353417
TD	Pbre1_03G074600	old	4254.0	7.025557674119207	3.0046016446626593
TD	Pbre1_10G353800	old	8594.0	14.193145898302882	3.925348720617359
TRD	Pbre1_14G370800	old	8370.0	13.82320586092566	3.889785592428746
TD	Pbre1_03G186600	old	8874.0	14.65557094502441	3.968604218153811
TRD	Pbre1_03G190600	old	6200.0	10.239411748833824	3.4904946242852826
TD	Pbre1_07G333600	old	3955.0	6.531753784941575	2.9129858386338023
TRD	Pbre1_05G074800	old	5982.0	9.879380819600634	3.4435245454176133
PD	Pbre1_08G161400	old	6093.0	10.062699320265239	3.4676315438247083
TRD	Pbre1_12G191400	old	5304.0	8.759651599324934	3.2868296472863565
PD	Pbre1_08G161800	old	5714.0	9.436773989167172	3.3836039381116327
TD	Pbre1_05G022000	old	6237.0	10.300517915722024	3.4983169894146493
TD	Pbre1_15G233800	old	6185.0	10.21463897847374	3.487311272837272
TRD	Pbre1_13G488400	old	3315.0	5.474782249578084	2.694831675002085
TRD	Pbre1_03G081400	old	11139.0	18.396259269396765	4.277706538337925
PD	Pbre1_03G016200	old	11442.0	18.89666923067042	4.314455033868243
TD	Pbre1_06G317200	old	8639.0	14.267464209383128	3.932388558047502
TRD	Pbre1_02G484400	old	8269.0	13.656402540501109	3.8734591278350705
PD	Pbre1_13G010400	old	11575.0	19.116321127863145	4.330294584132434
TD	Pbre1_04G281200	old	9439.0	15.588678628587493	4.0521270678654915
TRD	Pbre1_07G407600	old	8068.0	13.324447417676012	3.840407581293283
TRD	Pbre1_15G320000	old	6486.0	10.711745903699383	3.549884253464045
PD	Pbre1_17G287000	old	4138.0	6.833981583334574	2.969745736705418
PD	Pbre1_09G451000	old	6935.0	11.453277496477833	3.6384535806055003
TRD	Pbre1_04G381200	old	8085.0	13.352523224084106	3.8432324849500454
TD	Pbre1_01G128000	old	7958.0	13.142780435035412	3.821993873132522
PD	Pbre1_11G399800	old	8264.0	13.648144950381083	3.8726460673614445
TRD	Pbre1_07G443200	old	6726.0	11.108110229460692	3.597901809190238
PD	Pbre1_11G358600	old	8968.0	14.810813639280923	3.9828397069322774
TRD	Pbre1_14G109200	old	5685.0	9.388879966471013	3.376968219397175
TRD	Pbre1_08G004200	old	9420.0	15.557299786131388	4.049395507894157
TRD	Pbre1_02G460800	old	8744.0	14.440873601903702	3.9486824734959596
TRD	Pbre1_16G408600	old	3302.0	5.453312515266013	2.690039892723301
TRD	Pbre1_14G443200	old	9818.0	16.214603959685558	4.105561085439685
TRD	Pbre1_16G193600	old	5467.0	9.028849037237825	3.3260841391675937
TD	Pbre1_09G306200	old	8050.0	13.294720093243916	3.8374104655354557
PD	Pbre1_06G344000	old	8107.0	13.388856620612225	3.8468800508773358
PD	Pbre1_10G579200	old	7030.0	11.610171708758351	3.6565160154137297
TRD	Pbre1_01G060200	old	4586.0	7.573861658089018	3.0999451390117674
TD	Pbre1_17G138400	old	7050.0	11.643202069238459	3.6602899875456454
TRD	Pbre1_02G098200	old	6912.0	11.415292581925707	3.634046355719031
TRD	Pbre1_14G107200	old	4835.0	7.985089646066377	3.1675328978687967
TD	Pbre1_05G047200	old	5247.0	8.665515071956625	3.272846615205018
TD	Pbre1_16G341400	old	6267.0	10.350063456442188	3.504628458310032
TRD	Pbre1_17G125400	old	4504.0	7.43843718012057	3.076975832906099
PD	Pbre1_14G307600	old	5897.0	9.73900178756017	3.4247879929531915
TRD	Pbre1_16G026600	old	6922.0	11.431807762165763	3.6359641949687225
PD	Pbre1_14G057200	old	4485.0	7.407058337664466	3.071601084183251
PD	Pbre1_03G198000	old	6801.0	11.2319740812611	3.6125853497271927
TD	Pbre1_02G456000	old	10440.0	17.24184817061695	4.189179998266604
TRD	Pbre1_16G016800	old	8300.0	13.70759959924528	3.878489901041739
PD	Pbre1_17G415600	old	6094.0	10.064350838289243	3.467846903472788
PD	Pbre1_14G107800	old	5149.0	8.50366630560409	3.248484180867015
TRD	Pbre1_15G337800	old	8348.0	13.78687246439754	3.886245038653633
PD	Pbre1_17G083600	old	5842.0	9.648168296239868	3.412533373487962
TD	Pbre1_01G260400	old	7781.0	12.850461744786449	3.791862168332174
TD	Pbre1_04G108600	old	5014.0	8.280711372363353	3.2142353930734093
TRD	Pbre1_07G258400	old	7601.0	12.553188500465465	3.7605603924199285
PD	Pbre1_02G458400	old	11372.0	18.781062968990035	4.3060480487339365
TD	Pbre1_06G222400	old	7200.0	11.890929772839277	3.688284418345576
TRD	Pbre1_15G715600	old	9447.0	15.601890772779536	4.053275652915761
TRD	Pbre1_06G269200	old	8201.0	13.544099314868738	3.862362051057007
PD	Pbre1_02G200600	old	7046.0	11.636595997142438	3.6595359824982476
PD	Pbre1_08G202400	old	5162.0	8.52513603991616	3.251739697614974
TRD	Pbre1_09G451800	old	7127.0	11.77036895708688	3.674728302376712
TRD	Pbre1_10G116400	old	5967.0	9.854608049240552	3.4402357272774493
TRD	Pbre1_10G282600	old	6814.0	11.253443815573172	3.615115368801392
TRD	Pbre1_07G051400	old	8809.0	14.548222273464056	3.958677732228961
TRD	Pbre1_03G239000	old	4885.0	8.06766554726665	3.1807311795438244
TD	Pbre1_08G112200	old	6006.0	9.919017252176765	3.4487711096421325
TRD	Pbre1_11G524600	old	7699.0	12.715037266818	3.777686637203372
TD	Pbre1_07G061400	old	6085.0	10.049487176073194	3.465907508331712
PD	Pbre1_11G441200	old	6796.0	11.223716491141074	3.611611082839629
PD	Pbre1_16G112400	old	5234.0	8.644045337644553	3.269638433213481
PD	Pbre1_10G537200	old	7721.0	12.75137066334612	3.781503520845249
TRD	Pbre1_17G490200	old	6335.0	10.462366682074558	3.518833048927677
TRD	Pbre1_09G374600	old	7018.0	11.590353492470285	3.6542468842726925
TD	Pbre1_13G479200	old	4055.0	6.696905587342121	2.9442785508629647
TD	Pbre1_08G109200	old	8553.0	14.12543365931866	3.9189046011872946
TRD	Pbre1_14G320600	old	5147.0	8.500363269556079	3.2479826794611704
TRD	Pbre1_07G075600	old	6231.0	10.290608807577991	3.4970513755060613
TRD	Pbre1_02G491000	old	10065.0	16.622528911614907	4.139349067184783
TRD	Pbre1_14G033000	old	9018.0	14.893389540481195	3.990354932082268
TD	Pbre1_16G390800	old	8023.0	13.250129106595768	3.832903085084159
TRD	Pbre1_05G060200	old	4807.0	7.938847141394223	3.160088776526804
TRD	Pbre1_07G291000	old	5467.0	9.028849037237825	3.3260841391675937
TRD	Pbre1_15G233400	old	6570.0	10.850473417715842	3.566872789770231
TRD	Pbre1_16G414200	old	5346.0	8.829015356333164	3.2970468985917227
TRD	Pbre1_09G197000	old	6736.0	11.124625409700746	3.599868270812683
PD	Pbre1_05G350000	old	7428.0	12.267475882312523	3.7298220211006363
TRD	Pbre1_08G324200	old	6968.0	11.507777591270013	3.644753566015067
TRD	Pbre1_16G254000	old	7023.0	11.598611082590313	3.655192789350063
PD	Pbre1_01G201200	old	5548.0	9.162621997182267	3.3452007661223204
TRD	Pbre1_02G467000	old	10136.0	16.739786691319296	4.148916757219349
TD	Pbre1_14G322200	old	8187.0	13.520978062532663	3.8600667244223956
TRD	Pbre1_07G247200	old	5836.0	9.638259188095835	3.4111901868755354
PD	Pbre1_10G080600	old	4499.0	7.430179590000543	3.0755633655497294
PD	Pbre1_02G449600	old	8413.0	13.894221135957896	3.8966807775435908
TRD	Pbre1_14G122400	old	5509.0	9.098212794246054	3.336028078851575
TD	Pbre1_08G389800	old	7954.0	13.136174362939391	3.8213198349515403
TRD	Pbre1_15G324000	old	4844.0	7.999953308282425	3.1699175167662976
TD	Pbre1_01G230800	old	8319.0	13.738978441701382	3.8815646296212516
TRD	Pbre1_15G577000	old	5602.0	9.25180397047856	3.3578058924490075
TRD	Pbre1_13G003000	old	8976.0	14.824025783472965	3.9840447768084926
PD	Pbre1_10G263800	old	5919.0	9.77533518408829	3.429660842243573
TD	Pbre1_05G361200	old	7079.0	11.691096091934618	3.665744770694376
TD	Pbre1_05G232800	old	8275.0	13.666311648645143	3.874434195943091
PD	Pbre1_03G450400	old	6516.0	10.761291444419546	3.555974578374912
TRD	Pbre1_17G492600	old	5511.0	9.101515830294064	3.336499894474189
PD	Pbre1_04G293800	old	7492.0	12.37317303584887	3.7412699073616715
TRD	Pbre1_07G046600	old	7587.0	12.53006724812939	3.7580971048079967
TD	Pbre1_08G145400	old	9074.0	14.9858745498255	3.9987257676378296
TRD	Pbre1_03G478400	old	9390.0	15.507754245411224	4.045071960784637
TD	Pbre1_05G383200	old	10179.0	16.81080196635153	4.154680572968106
TD	Pbre1_02G447000	old	10000.0	16.515180240054555	4.1305339291646455
PD	Pbre1_13G489600	old	5940.0	9.810017062592404	3.4342968951197794
TRD	Pbre1_12G363800	old	6674.0	11.022231292212409	3.587632775916959
TRD	Pbre1_08G171800	old	5219.0	8.61927256728447	3.2659277980232004
TRD	Pbre1_17G195800	old	5266.0	8.696893914412728	3.277522700713192
PD	Pbre1_09G116600	old	9959.0	16.447468001070327	4.1249457807581935
TD	Pbre1_16G015400	old	5135.0	8.480545053268013	3.2449700045921155
TD	Pbre1_05G146600	old	5175.0	8.546605774228231	3.2549878846560367
TRD	Pbre1_03G026000	old	10488.0	17.321121035769217	4.195435876884648
TRD	Pbre1_17G137800	old	8611.0	14.221221704710976	3.9280122537677284
TD	Pbre1_11G453000	old	7407.0	12.232794003808406	3.72604580275204
TRD	Pbre1_01G093400	old	3391.0	5.6002976194024985	2.722531079676437
TRD	Pbre1_09G489800	old	5633.0	9.30300102922273	3.36499271767095
PD	Pbre1_11G252000	old	7856.0	12.974325596586857	3.804706754919198
PD	Pbre1_17G094800	old	6057.0	10.003244671401044	3.4598571078270455
TRD	Pbre1_03G319800	old	9148.0	15.108086883601905	4.00971325389551
TD	Pbre1_08G145000	old	9074.0	14.9858745498255	3.9987257676378296
TRD	Pbre1_11G272400	old	4918.0	8.122165642058828	3.1893763671708024
TD	Pbre1_15G036200	old	7731.0	12.767885843586175	3.783235135322997
TRD	Pbre1_12G141400	old	4488.0	7.412012891736483	3.0724510610575715
TD	Pbre1_11G435400	old	8759.0	14.465646372263782	3.9509952256680734
TRD	Pbre1_05G047600	old	7894.0	13.037083281499063	3.811171288901411
TD	Pbre1_04G004600	old	9603.0	15.859527584524386	4.075492206433515
PD	Pbre1_05G329800	old	10234.0	16.90163545767183	4.162019490136188
TD	Pbre1_12G389800	old	5937.0	9.805062508520388	3.4336355132644703
TD	Pbre1_10G417000	old	6247.0	10.317033095962078	3.500423881788099
TD	Pbre1_03G347000	old	5654.0	9.337682907726844	3.3698409505461604
PD	Pbre1_08G035600	old	3837.0	6.336874658108933	2.8751656386190723
TRD	Pbre1_10G176800	old	6933.0	11.449974460429821	3.638070877674772
TRD	Pbre1_14G248400	old	5221.0	8.622575603332482	3.266423101149064
TRD	Pbre1_05G326400	old	8067.0	13.322795899652007	3.8402412381070006
PD	Pbre1_02G252000	old	9085.0	15.004041248089562	4.000364347025028
TRD	Pbre1_09G437400	old	6978.0	11.524292771510067	3.646657233729602
TRD	Pbre1_03G300000	old	9710.0	16.03624001309297	4.090535055273306
TRD	Pbre1_09G382200	old	6445.0	10.644033664715158	3.5415190105228054
PD	Pbre1_06G170000	old	7514.0	12.409506432376991	3.7451842314089037
TD	Pbre1_09G162800	old	9710.0	16.03624001309297	4.090535055273306
TRD	Pbre1_14G217200	old	8915.0	14.723283184008633	3.9748305935732056
TD	Pbre1_07G496000	old	8069.0	13.326098935700019	3.840573905302356
TRD	Pbre1_11G179200	old	6071.0	10.026365923737119	3.4628854798619106
PD	Pbre1_03G080200	old	12476.0	20.604338867492057	4.433249177368602
TRD	Pbre1_05G260800	old	6995.0	11.552368577918159	3.6498877150950286
TRD	Pbre1_11G248000	old	4611.0	7.615149608689154	3.1068758501750984
TRD	Pbre1_11G430200	old	9385.0	15.499496655291198	4.044350108207442
PD	Pbre1_17G185400	old	5785.0	9.554031768871559	3.3997223262185865
TRD	Pbre1_14G308000	old	7144.0	11.798444763494972	3.677896602900593
TRD	Pbre1_11G136200	old	6560.0	10.833958237475787	3.564860803766912
PD	Pbre1_09G228200	old	6136.0	10.133714595297473	3.476863101236222
TD	Pbre1_11G017600	old	6897.0	11.390519811565625	3.6311648080992946
TRD	Pbre1_11G459000	old	8086.0	13.354174742108112	3.843398483621757
TRD	Pbre1_02G490800	old	10065.0	16.622528911614907	4.139349067184783
TD	Pbre1_10G304600	old	7892.0	13.033780245451053	3.8108317714694833
PD	Pbre1_12G250400	old	4815.0	7.952059285586266	3.1622195906863
PD	Pbre1_08G295200	old	5093.0	8.411181296259784	3.2343758221347
TD	Pbre1_15G352600	old	10311.0	17.02880234552025	4.172231656517963
TRD	Pbre1_15G323800	old	4844.0	7.999953308282425	3.1699175167662976
TRD	Pbre1_17G478800	old	4491.0	7.4169674458085	3.0733005374551503
TRD	Pbre1_07G257800	old	8208.0	13.555659941036776	3.863508346376702
TD	Pbre1_01G401600	old	6323.0	10.442548465786494	3.516336497483726
TRD	Pbre1_17G464800	old	7329.0	12.103975597935982	3.711932670412261
PD	Pbre1_09G431600	old	6417.0	10.597791160043007	3.535778160077259
TD	Pbre1_17G405400	old	8865.0	14.64070728280836	3.967233848602216
TRD	Pbre1_16G434800	old	5424.0	8.957833762205588	3.315831931005139
TD	Pbre1_02G385600	old	6961.0	11.496216965101976	3.643419502436302
TRD	Pbre1_12G115400	old	5477.0	9.045364217477879	3.3284579680898014
TD	Pbre1_05G420200	old	7897.0	13.04203783557108	3.811680415282817
TRD	Pbre1_16G348000	old	4140.0	6.837284619382585	2.9703538909841174
TD	Pbre1_06G380600	old	6781.0	11.198943720780992	3.6086843283505887
TRD	Pbre1_02G061800	old	6041.0	9.976820383016955	3.45638830934242
TRD	Pbre1_17G250600	old	4728.0	7.808377217497793	3.1388762534345687
TD	Pbre1_03G104400	old	5072.0	8.376499417755669	3.2290494136521195
TD	Pbre1_13G159200	old	8260.0	13.64153887828506	3.8719952889051084
PD	Pbre1_10G435600	old	6751.0	11.149398180060828	3.6028129466488235
TD	Pbre1_06G102600	old	7193.0	11.87936914667124	3.686990024422315
PD	Pbre1_09G211400	old	5220.0	8.620924085308475	3.2661754708419397
TD	Pbre1_12G157200	old	4099.0	6.769572380398361	2.9578351981625315
PD	Pbre1_02G172800	old	7298.0	12.052778539191813	3.7062850402288703
TRD	Pbre1_07G155800	old	3708.0	6.123828833012229	2.832652852664815
TRD	Pbre1_12G273400	old	6610.0	10.91653413867606	3.5748927914246726
PD	Pbre1_02G339600	old	3301.0	5.451660997242008	2.6896706340225576
TD	Pbre1_16G334000	old	4686.0	7.739013460489564	3.1274704243491582
TD	Pbre1_09G032400	old	10953.0	18.089076916931752	4.254675435472938
PD	Pbre1_01G197400	old	6651.0	10.984246377660282	3.5830672836910997
TRD	Pbre1_17G493600	old	9728.0	16.06596733752507	4.093050286851092
PD	Pbre1_17G453800	old	4061.0	6.7068146954861545	2.946134702868914
TRD	Pbre1_14G092400	old	6129.0	10.122153969129435	3.4753643091765927
TD	Pbre1_09G337400	old	6770.0	11.180777022516933	3.6065342618570657
TD	Pbre1_10G567600	old	5947.0	9.821577688760444	3.4358389413555566
TRD	Pbre1_15G687000	old	8093.0	13.36573536827615	3.8445599398295864
TRD	Pbre1_09G073800	old	4932.0	8.145286894394905	3.1930284290913815
PD	Pbre1_11G398800	old	6284.0	10.378139262850281	3.5081927390212426
PD	Pbre1_17G468600	old	9810.0	16.201391815493515	4.104453397260836
TD	Pbre1_15G468000	old	9449.0	15.605193808827549	4.053562656355063
TRD	Pbre1_05G465400	old	7750.0	12.799264686042278	3.7865194878282096
TRD	Pbre1_03G009800	old	6678.0	11.02883736430843	3.5884253018398993
TD	Pbre1_02G044200	old	10259.0	16.942923408271966	4.1653430600060695
TRD	Pbre1_16G440400	old	3736.0	6.170071337684381	2.841987472903679
TRD	Pbre1_03G340600	old	5603.0	9.253455488502567	3.3580382852039583
TRD	Pbre1_03G148800	old	7991.0	13.197280529827593	3.8275427047676462
TRD	Pbre1_10G220000	old	5801.0	9.580456057255647	3.4033299092354063
TD	Pbre1_01G336400	old	9985.0	16.49040746969447	4.128491994647781
TD	Pbre1_07G161600	old	3976.0	6.56643566344569	2.919613846886546
TRD	Pbre1_15G378800	old	10059.0	16.612619803470874	4.138537614866446
PD	Pbre1_07G389800	old	3748.0	6.189889553972447	2.845969609168041
TD	Pbre1_09G155000	old	6891.0	11.380610703421592	3.6300105756000614
TRD	Pbre1_09G303400	old	8011.0	13.2303108903077	3.8308952757261587
TD	Pbre1_08G396000	old	6653.0	10.987549413708294	3.583464857055897
TRD	Pbre1_15G708000	old	6736.0	11.124625409700746	3.599868270812683
TRD	Pbre1_09G383400	old	3085.0	5.09493310405683	2.607610386395102
PD	Pbre1_04G054000	old	4285.0	7.0767547328633755	3.0137757296990797
TD	Pbre1_15G267400	old	7245.0	11.965248083919523	3.696577906633231
TRD	Pbre1_11G430000	old	9385.0	15.499496655291198	4.044350108207442
TRD	Pbre1_17G426400	old	6038.0	9.971865828944939	3.4557369800881865
PD	Pbre1_05G263800	old	5565.0	9.190697803590359	3.3491809376875814
TD	Pbre1_05G446400	old	10052.0	16.601059177302837	4.137590343287664
TRD	Pbre1_02G420600	old	8214.0	13.565569049180809	3.864490160827979
TRD	Pbre1_10G459400	old	6811.0	11.248489261501156	3.6145319119235646
TRD	Pbre1_06G056200	old	6240.0	10.30547246979404	3.498949380261683
TRD	Pbre1_09G478200	old	8718.0	14.39793413327956	3.94466489934015
PD	Pbre1_07G312800	old	5141.0	8.490454161412046	3.2464771284201603
PD	Pbre1_09G440600	old	6778.0	11.193989166708976	3.608098264286806
TRD	Pbre1_07G148000	old	5786.0	9.555683286895563	3.3999480646391893
TRD	Pbre1_15G772200	old	1692.0	2.7943684966172304	1.9238597953615213
TRD	Pbre1_10G059400	old	7360.0	12.15517265668015	3.7175582783437764
PD	Pbre1_11G454200	old	8492.0	14.024691059854327	3.9092634211983053
TRD	Pbre1_17G265400	old	5483.0	9.055273325621911	3.329880392856822
TRD	Pbre1_15G556400	old	3418.0	5.644888606050646	2.732245014573632
TRD	Pbre1_12G110800	old	3763.0	6.2146623243325285	2.8509318722755417
TRD	Pbre1_03G095400	old	10512.0	17.360757468345348	4.198553672881112
TRD	Pbre1_09G142400	old	5677.0	9.375667822278968	3.3751322923477027
TD	Pbre1_17G094400	old	6840.0	11.296383284197313	3.620162135229772
PD	Pbre1_12G083000	old	6861.0	11.33106516270143	3.6242255206276734
PD	Pbre1_08G378200	old	7406.0	12.231142485784401	3.7258657360512903
PD	Pbre1_09G424800	old	9154.0	15.117995991745937	4.010600474454389
TRD	Pbre1_13G454000	old	5927.0	9.788547328280334	3.431428714729394
TD	Pbre1_03G198800	old	4056.0	6.698557105366127	2.9445880754183316
TD	Pbre1_11G146200	old	6839.0	11.294731766173308	3.619968354926449
TD	Pbre1_06G307400	old	7506.0	12.396294288184947	3.743762069344237
TD	Pbre1_06G177600	old	7632.0	12.604385559209636	3.765999893760944
TD	Pbre1_07G331400	old	7722.0	12.753022181370126	3.7816767758506935
TRD	Pbre1_07G132600	old	9246.0	15.269935649954439	4.024136639832947
TRD	Pbre1_02G298400	old	5783.0	9.550728732823547	3.3992707433859013
TRD	Pbre1_07G409000	old	6353.0	10.492094006506658	3.522569794311984
TRD	Pbre1_15G635400	old	6804.0	11.236928635333117	3.613169594208442
TRD	Pbre1_17G323000	old	4540.0	7.497891828984766	3.087104979473689
TD	Pbre1_17G161800	old	8124.0	13.416932427020319	3.8496923216631087
TRD	Pbre1_13G339200	old	6893.0	11.383913739469603	3.6303954223808335
TD	Pbre1_03G403800	old	6295.0	10.39630596111434	3.510494354783647
TRD	Pbre1_14G099200	old	6918.0	11.42520169006974	3.635197365178085
PD	Pbre1_03G238600	old	3512.0	5.800131300307159	2.7655626029031573
PD	Pbre1_17G099600	old	8262.0	13.644841914333071	3.8723207148278465
TRD	Pbre1_08G133000	old	8532.0	14.090751780814545	3.9155927737431337
TRD	Pbre1_13G347200	old	6639.0	10.964428161372217	3.580679539948705
PD	Pbre1_07G420000	old	3773.0	6.231177504572583	2.8542305907016634
TD	Pbre1_16G037600	old	8231.0	13.593644855588902	3.867268345406147
TD	Pbre1_10G127400	old	4580.0	7.563952549944985	3.098276802245059
TD	Pbre1_15G185400	old	8077.0	13.339311079892063	3.8419038075256116
TRD	Pbre1_15G320600	old	8827.0	14.577949597896152	3.961433450262909
PD	Pbre1_07G459800	old	4897.0	8.087483763554715	3.1838808813970165
TRD	Pbre1_04G087400	old	6152.0	10.160138883681562	3.480283075956963
TRD	Pbre1_16G124600	old	5448.0	8.997470194781721	3.321563074969668
TD	Pbre1_13G101600	old	9466.0	15.633269615235639	4.055999883117942
TRD	Pbre1_10G200600	old	6407.0	10.581275979802953	3.53372230748234
TRD	Pbre1_12G284400	old	5411.0	8.936364027893518	3.312718028994823
PD	Pbre1_03G191200	old	5592.0	9.235288790238506	3.3554799036841687
TRD	Pbre1_12G270400	old	7764.0	12.822385938378353	3.7889347615805913
TRD	Pbre1_12G139200	old	5494.0	9.073440023885972	3.332484534726799
TRD	Pbre1_04G392000	old	6314.0	10.427684803570445	3.514461244657472
TRD	Pbre1_10G108200	old	6594.0	10.89010985029197	3.571690138796783
TD	Pbre1_17G204000	old	6088.0	10.05444173014521	3.4665542631000203
TD	Pbre1_15G778000	old	4462.0	7.369073423112341	3.0650679045106464
TD	Pbre1_11G439000	old	8654.0	14.29223697974321	3.934727557408451
TRD	Pbre1_10G448000	old	8042.0	13.281507949051871	3.8360764128931435
TRD	Pbre1_11G389600	old	8728.0	14.414449313519613	3.9462114444786995
TD	Pbre1_08G314000	old	4434.0	7.3228309184401885	3.0570743285258146
PD	Pbre1_03G027800	old	9774.0	16.141937166629322	4.099458248840126
TRD	Pbre1_12G088200	old	8250.0	13.625023698045005	3.870367057294468
TRD	Pbre1_08G222200	old	8344.0	13.780266392301519	3.8856003670364387
PD	Pbre1_02G487000	old	5914.0	9.767077593968263	3.4285548208315735
TD	Pbre1_10G485600	old	5609.0	9.263364596646598	3.3594318561600094
TRD	Pbre1_07G019200	old	6753.0	11.152701216108838	3.6032051163686494
TRD	Pbre1_11G142000	old	10697.0	17.666288302786356	4.222363178342196
PD	Pbre1_13G479200	old	4055.0	6.696905587342121	2.9442785508629647
TRD	Pbre1_02G012600	old	6890.0	11.378959185397587	3.629818113705335
TRD	Pbre1_04G198800	old	3534.0	5.83646469683528	2.773250465041273
TRD	Pbre1_04G095200	old	4744.0	7.83480150588188	3.143197721681615
TRD	Pbre1_14G140600	old	6171.0	10.191517726137665	3.48433379406979
TRD	Pbre1_17G413200	old	6331.0	10.455760609978537	3.5180013450458385
PD	Pbre1_10G107800	old	5554.0	9.172531105326298	3.346606786744686
TD	Pbre1_05G257000	old	5942.0	9.813320098640414	3.434737647971929
TD	Pbre1_14G094000	old	6625.0	10.941306909036141	3.577888835008041
TD	Pbre1_15G719400	old	6655.0	10.990852449756305	3.5838623208888594
TD	Pbre1_05G470400	old	8089.0	13.359129296180129	3.8438963650673004
TRD	Pbre1_13G379200	old	8125.0	13.418583945044325	3.8498575787602967
TRD	Pbre1_13G360000	old	6353.0	10.492094006506658	3.522569794311984
TD	Pbre1_04G131000	old	7740.0	12.782749505802224	3.784791813314419
TRD	Pbre1_14G210400	old	5074.0	8.379802453803679	3.229557538740768
TD	Pbre1_10G050000	old	4064.0	6.711769249558171	2.947061884101771
TRD	Pbre1_12G377200	old	9590.0	15.838057850212316	4.0736538383123095
TRD	Pbre1_09G179800	old	5952.0	9.82983527888047	3.436939394698835
PD	Pbre1_10G188800	old	3878.0	6.404586897093155	2.8884192496073413
TD	Pbre1_11G152200	old	4585.0	7.572210140065012	3.0996672168266057
PD	Pbre1_05G504800	old	9447.0	15.601890772779536	4.053275652915761
TRD	Pbre1_01G185000	old	7856.0	12.974325596586857	3.804706754919198
TD	Pbre1_07G476000	old	5870.0	9.694410800912022	3.4187850955747194
PD	Pbre1_05G203000	old	6667.0	11.010670666044371	3.586244807093419
TRD	Pbre1_02G467800	old	9481.0	15.658042385595719	4.058146963385804
TRD	Pbre1_10G358200	old	8006.0	13.222053300187675	3.8300578630900364
TD	Pbre1_10G032600	old	5497.0	9.078394577957988	3.3331939401853856
TRD	Pbre1_03G427800	old	8197.0	13.537493242772717	3.861706616001467
TRD	Pbre1_04G249200	old	5754.0	9.50283471012739	3.39270685804542
TD	Pbre1_02G249000	old	6113.0	10.095729680745348	3.4719326404914868
TRD	Pbre1_01G034200	old	3636.0	6.004919535283835	2.8083684786769774
TD	Pbre1_02G424600	old	9843.0	16.255891910285694	4.109017139584644
TD	Pbre1_07G392800	old	7090.0	11.709262790198677	3.6678084431082514
TRD	Pbre1_07G246000	old	4886.0	8.069317065290655	3.180993917499818
TRD	Pbre1_15G607000	old	4346.0	7.177497332327709	3.0316593836705468
TD	Pbre1_11G452800	old	9426.0	15.56720889427542	4.0502586646427385
PD	Pbre1_08G113800	old	7009.0	11.575489830254236	3.652542690696738
TD	Pbre1_15G229600	old	6327.0	10.449154537882515	3.517169161415782
PD	Pbre1_01G145400	old	6912.0	11.415292581925707	3.634046355719031
TRD	Pbre1_07G229200	old	2157.0	3.5623243777797673	2.1897690248125676
TRD	Pbre1_04G132600	old	7644.0	12.6242037754977	3.7681000133856144
TD	Pbre1_14G169200	old	3998.0	6.60276905997381	2.9265249687531063
PD	Pbre1_04G226800	old	8011.0	13.2303108903077	3.8308952757261587
TRD	Pbre1_01G022200	old	5922.0	9.780289738160306	3.4303240483200543
PD	Pbre1_10G512600	old	6784.0	11.203898274853008	3.6092701544350265
PD	Pbre1_02G092000	old	5001.0	8.259241638051282	3.2108940369168346
TD	Pbre1_02G178800	old	8440.0	13.938812122606043	3.900993529965057
TD	Pbre1_11G027800	old	6711.0	11.08333745910061	3.594947081891542
TRD	Pbre1_06G141800	old	5011.0	8.275756818291336	3.213464997469469
TRD	Pbre1_07G440200	old	5318.0	8.782772851661012	3.290243443945252
PD	Pbre1_11G500800	old	9985.0	16.49040746969447	4.128491994647781
TD	Pbre1_04G029200	old	6096.0	10.067653874337255	3.4682775263488987
TRD	Pbre1_15G250200	old	9519.0	15.720800070507927	4.063571975209195
PD	Pbre1_16G062200	old	8855.0	14.624192102568307	3.9657096875579643
PD	Pbre1_05G274000	old	8203.0	13.54740235091675	3.8626896569538474
TD	Pbre1_11G090000	old	4787.0	7.905816780914114	3.154747931566848
TRD	Pbre1_15G372600	old	9280.0	15.326087262770622	4.029107168519698
TRD	Pbre1_07G131400	old	5129.0	8.470635945123979	3.243461304687549
TD	Pbre1_09G300400	old	8765.0	14.475555480407815	3.9519192894284823
PD	Pbre1_11G031800	old	7349.0	12.13700595841609	3.7155646048601554
TD	Pbre1_11G290200	old	1995.0	3.2947784578908834	2.1025837132157488
TD	Pbre1_13G269600	old	8099.0	13.375644476420183	3.845554730046528
PD	Pbre1_14G148400	old	8277.0	13.669614684693155	3.8747590722529326
TD	Pbre1_08G050800	old	10795.0	17.82813706913889	4.234818355908361
TRD	Pbre1_12G256000	old	5053.0	8.345120575299566	3.224213278444967
PD	Pbre1_13G450000	old	9352.0	15.44499656049902	4.039576801318414
TRD	Pbre1_16G460800	old	3619.0	5.976843728875743	2.802574519739212
PD	Pbre1_04G389800	old	3091.0	5.104842212200862	2.609954007314705
PD	Pbre1_07G325200	old	7645.0	12.625855293521706	3.768274885437088
TD	Pbre1_10G424200	old	5930.0	9.793501882352349	3.4320911088000696
PD	Pbre1_01G155600	old	8151.0	13.461523413668466	3.8541476323478046
TRD	Pbre1_17G166400	old	5319.0	8.784424369685016	3.2904869777372276
TD	Pbre1_07G024600	old	6656.0	10.99250396778031	3.5840610117497596
TRD	Pbre1_03G461200	old	9104.0	15.035420090545665	4.003190244401763
TD	Pbre1_02G487200	old	7307.0	12.06764220140786	3.7079269536035486
TRD	Pbre1_05G603800	old	9003.0	14.868616770121115	3.988104472218674
TRD	Pbre1_12G078800	old	6971.0	11.51273214534203	3.645324930128603
PD	Pbre1_11G336400	old	979.0	1.6168361455013407	1.3878235921454465
TD	Pbre1_04G231600	old	140.0	0.23121252336076373	0.30007981132276834
TD	Pbre1_03G138000	old	5889.0	9.725789643368126	3.4230119591749038
TRD	Pbre1_16G458600	old	2408.0	3.9768554018051363	2.315234471377173
TRD	Pbre1_06G256400	old	6180.0	10.206381388353714	3.4862485928468354
PD	Pbre1_14G080600	old	8050.0	13.294720093243916	3.8374104655354557
PD	Pbre1_01G118800	old	7452.0	12.307112314888652	3.7341256307517465
TRD	Pbre1_15G713000	old	5976.0	9.869471711456601	3.442209917701249
TRD	Pbre1_07G039000	old	5608.0	9.261713078622593	3.3591996877944608
TRD	Pbre1_03G016000	old	9254.0	15.283147794146482	4.025307717588744
PD	Pbre1_10G020200	old	4716.0	7.788559001209727	3.1356266361044582
TRD	Pbre1_12G263400	old	8718.0	14.39793413327956	3.94466489934015
TRD	Pbre1_03G385800	old	8873.0	14.653919427000403	3.968452019134468
PD	Pbre1_02G495000	old	9924.0	16.38966487023014	4.120158224500473
TD	Pbre1_07G254600	old	7888.0	13.027174173355032	3.810152496810004
TRD	Pbre1_15G579800	old	7268.0	12.003232998471649	3.70079846052413
TD	Pbre1_16G023200	old	12870.0	21.255036968950208	4.476059992212114
TD	Pbre1_15G493600	old	3262.0	5.387251794305795	2.6751953246676257
TRD	Pbre1_06G128800	old	6387.0	10.548245619322842	3.5296017925419076
TD	Pbre1_16G224800	old	7071.0	11.677883947742574	3.6642420617483413
TD	Pbre1_04G231200	old	6977.0	11.52264125348606	3.646466979955288
TD	Pbre1_15G347400	old	9370.0	15.474723884931114	4.042182380868566
TRD	Pbre1_12G202000	old	3851.0	6.359995910445008	2.879704964654252
TD	Pbre1_09G188800	old	6854.0	11.31950453653339	3.622872330054923
PD	Pbre1_10G027800	old	7141.0	11.793490209422956	3.67733799639535
TD	Pbre1_05G038800	old	6665.0	11.00736762999636	3.585847999186158
TRD	Pbre1_14G289800	old	6016.0	9.935532432416819	3.4509515593435465
TD	Pbre1_10G357200	old	4738.0	7.824892397737847	3.141578687653348
PD	Pbre1_05G231800	old	8594.0	14.193145898302882	3.925348720617359
TRD	Pbre1_13G227400	old	9993.0	16.503619613886514	4.129581386032519
PD	Pbre1_09G460000	old	4141.0	6.8389361374065905	2.970657872014871
PD	Pbre1_04G130800	old	4568.0	7.54413433365692	3.0949343297241025
PD	Pbre1_15G733600	old	6306.0	10.4144726593784	3.5127923044917297
TRD	Pbre1_07G020200	old	9179.0	15.159283942346073	4.014291365024438
TD	Pbre1_01G294600	old	9353.0	15.446648078523024	4.039721679258774
TRD	Pbre1_09G002400	old	7533.0	12.440885274833095	3.7485562582681915
TRD	Pbre1_09G025200	old	7050.0	11.643202069238459	3.6602899875456454
PD	Pbre1_09G022200	old	9175.0	15.152677870250052	4.013701456702514
TRD	Pbre1_09G247200	old	7743.0	12.78770405987424	3.785310332942646
TRD	Pbre1_17G460800	old	3455.0	5.7059947729388485	2.745451358607668
TD	Pbre1_01G198000	old	7567.0	12.497036887649282	3.7545708105555016
PD	Pbre1_05G409000	old	5951.0	9.828183760856465	3.436719371171899
TD	Pbre1_04G292200	old	8886.0	14.675389161312475	3.9704293550838194
TD	Pbre1_04G252400	old	2853.0	4.711780922487564	2.5139406453155377
TD	Pbre1_09G182800	old	9439.0	15.588678628587493	4.0521270678654915
PD	Pbre1_11G148400	old	5248.0	8.66716658998063	3.2730931031895234
TD	Pbre1_07G062400	old	6403.0	10.57466990770693	3.5328991454523764
TD	Pbre1_11G018600	old	5457.0	9.01233385699777	3.323706397878491
TRD	Pbre1_09G204600	old	6241.0	10.307123987818045	3.4991601156252115
TRD	Pbre1_11G136000	old	5523.0	9.12133404658213	3.3393275524635535
TRD	Pbre1_11G241800	old	5723.0	9.451637651383221	3.385657108621369
TD	Pbre1_16G423600	old	5744.0	9.486319529887336	3.3904365070559135
TD	Pbre1_02G041600	old	8740.0	14.434267529807679	3.9480651129107907
TRD	Pbre1_04G247600	old	6440.0	10.635776074595132	3.5404955326723506
TD	Pbre1_14G136000	old	5065.0	8.364938791587631	3.227269565171838
TRD	Pbre1_03G068400	old	10224.0	16.885120277431774	4.160687915377106
PD	Pbre1_16G422800	old	4874.0	8.049498849002589	3.1778378995905374
TRD	Pbre1_15G706200	old	7683.0	12.688612978433913	3.7749043654049133
PD	Pbre1_06G310400	old	9622.0	15.89090642698049	4.078174845325131
PD	Pbre1_11G490800	old	6196.0	10.2328056767378	3.4896464171371644
PD	Pbre1_10G562000	old	9803.0	16.189831189325478	4.103483471959368
TRD	Pbre1_14G190200	old	11473.0	18.947866289414588	4.318162532647854
TRD	Pbre1_13G448600	old	8151.0	13.461523413668466	3.8541476323478046
PD	Pbre1_02G439400	old	8863.0	14.63740424676035	3.9669291451843285
TD	Pbre1_09G055400	old	5793.0	9.567243913063603	3.4015272453606493
TD	Pbre1_13G357400	old	8810.0	14.54987379148806	3.9588309658456065
TRD	Pbre1_02G298800	old	5361.0	8.853788126693246	3.300678451571436
PD	Pbre1_03G242400	old	5679.0	9.37897085832698	3.375591493188528
TRD	Pbre1_10G282000	old	7837.0	12.942946754130753	3.8014635928440694
TD	Pbre1_03G164800	old	5265.0	8.695242396388721	3.277276968439992
TRD	Pbre1_11G265200	old	5251.0	8.672121144052646	3.2738323145652677
TD	Pbre1_05G413600	old	7492.0	12.37317303584887	3.7412699073616715
TD	Pbre1_02G279800	old	6629.0	10.947912981132163	3.578686730271212
PD	Pbre1_13G275000	old	7147.0	11.803399317566988	3.6784549931990504
TRD	Pbre1_15G057400	old	5026.0	8.300529588651418	3.217312868174212
TRD	Pbre1_09G451200	old	7630.0	12.601082523161624	3.765649576410378
TD	Pbre1_02G398200	old	8699.0	14.366555290823456	3.9417218882942047
TD	Pbre1_14G240000	old	5267.0	8.698545432436733	3.2777683911382782
PD	Pbre1_05G273600	old	6202.0	10.242714784881834	3.4909185409244388
PD	Pbre1_15G106000	old	10409.0	17.190651111872786	4.185125278286778
TRD	Pbre1_02G487800	old	8571.0	14.155160983750756	3.9217372719337447
TD	Pbre1_15G284200	old	7452.0	12.307112314888652	3.7341256307517465
TD	Pbre1_01G130000	old	10058.0	16.61096828544687	4.138402328429476
TRD	Pbre1_14G087000	old	11277.0	18.62416875670952	4.294559640307108
PD	Pbre1_12G329400	old	10586.0	17.48296980212175	4.208124679269125
TRD	Pbre1_03G291600	old	5364.0	8.858742680765262	3.3014036664928326
TD	Pbre1_12G253200	old	7901.0	13.048643907667103	3.812358971091145
TRD	Pbre1_02G435400	old	8140.0	13.443356715404406	3.8523341663290003
TD	Pbre1_17G266200	old	5826.0	9.621744007855781	3.408948759797207
TD	Pbre1_09G278600	old	5967.0	9.854608049240552	3.4402357272774493
PD	Pbre1_16G097600	old	10848.0	17.915667524411177	4.241509784156754
TRD	Pbre1_12G141000	old	5789.0	9.56063784096758	3.4006250680506644
PD	Pbre1_15G719200	old	5254.0	8.677075698124662	3.274571147376163
TRD	Pbre1_03G392200	old	5754.0	9.50283471012739	3.39270685804542
TRD	Pbre1_14G274000	old	3723.0	6.14860160337231	2.8376610520738184
PD	Pbre1_05G049200	old	5559.0	9.180788695446326	3.347777424762082
TD	Pbre1_03G285400	old	5605.0	9.256758524550577	3.358502958440864
TRD	Pbre1_12G198400	old	6465.0	10.67706402519527	3.545605676576069
TD	Pbre1_10G465400	old	6486.0	10.711745903699383	3.549884253464045
TRD	Pbre1_08G039800	old	9968.0	16.462331663286378	4.126174303022458
TD	Pbre1_05G248200	old	8143.0	13.448311269476422	3.8528289740821093
TRD	Pbre1_08G273000	old	6329.0	10.452457573930527	3.5175853132339263
TRD	Pbre1_13G279200	old	7353.0	12.143612030512111	3.7162898958451263
TRD	Pbre1_15G545200	old	6109.0	10.089123608649327	3.4710734463728645
TRD	Pbre1_05G165800	old	5939.0	9.808365544568398	3.4340764681885787
TRD	Pbre1_03G229000	old	4647.0	7.6746042575533515	3.1167979422801406
TRD	Pbre1_06G134600	old	4562.0	7.534225225512887	3.0932601849991688
PD	Pbre1_10G156800	old	5003.0	8.262544674099292	3.2114085956852545
TD	Pbre1_08G137400	old	7197.0	11.88597521876726	3.6877298202912425
PD	Pbre1_11G031400	old	6765.0	11.172519432396905	3.605555898636754
TD	Pbre1_16G185600	old	10658.0	17.60187909985014	4.217376459828413
PD	Pbre1_02G485600	old	8626.0	14.245994475071058	3.9303583533006026
TD	Pbre1_06G186800	old	6499.0	10.733215638011453	3.552526551496776
TD	Pbre1_14G133800	old	5901.0	9.745607859656193	3.425675190617895
TRD	Pbre1_14G056200	old	6887.0	11.37400463132557	3.6292405739215825
TRD	Pbre1_11G419600	old	11662.0	19.26000319595162	4.340562496607025
TRD	Pbre1_10G363200	old	8775.0	14.492070660647869	3.953458081635675
TD	Pbre1_13G179800	old	7957.0	13.141128917011407	3.8218253931083344
TRD	Pbre1_16G409400	old	4396.0	7.260073233527981	3.0461545725865227
TD	Pbre1_04G235000	old	7689.0	12.698522086577945	3.7759483462206447
TRD	Pbre1_09G028000	old	6133.0	10.128760041225457	3.4762209524343275
TD	Pbre1_05G039200	old	5235.0	8.645696855668557	3.2698854698866633
PD	Pbre1_04G309200	old	6528.0	10.781109660707612	3.558403527655331
TD	Pbre1_03G012400	old	7556.0	12.47887018938522	3.752627668522711
TD	Pbre1_11G261400	old	3599.0	5.943813368395634	2.7957281724211507
TD	Pbre1_04G308400	old	7929.0	13.094886412339255	3.8170999464732303
TD	Pbre1_11G362600	old	7640.0	12.617597703401678	3.7674003131365774
PD	Pbre1_01G386800	old	5828.0	9.625047043903793	3.4093973238888973
TD	Pbre1_09G315800	old	7544.0	12.459051973097154	3.750504888054043
TD	Pbre1_02G292000	old	5485.0	9.058576361669921	3.330354222963267
TD	Pbre1_05G231000	old	7956.0	13.139477398987403	3.8216568934065065
TD	Pbre1_02G256600	old	7675.0	12.67540083424187	3.7735112147862173
PD	Pbre1_11G478400	old	8508.0	14.051115348238413	3.911798495344119
TD	Pbre1_04G370400	old	7299.0	12.054430057215818	3.706467567354093
TRD	Pbre1_03G187200	old	4631.0	7.648179969169264	3.112396545959522
TD	Pbre1_02G235800	old	3780.0	6.24273813074062	2.8565352139990683
TRD	Pbre1_14G141000	old	6848.0	11.309595428389358	3.621711441352473
TRD	Pbre1_16G298600	old	4318.0	7.131254827655556	3.0234780083817214
TD	Pbre1_07G060000	old	6737.0	11.126276927724751	3.6000647696343515
TRD	Pbre1_10G181600	old	4344.0	7.174194296279698	3.031076535865024
TD	Pbre1_11G153600	old	9666.0	15.96357322003673	4.084368187185601
TRD	Pbre1_08G350200	old	4583.0	7.5689071040170015	3.0991112117870894
TD	Pbre1_16G162000	old	11781.0	19.456533840808266	4.354489810141417
TRD	Pbre1_04G038200	old	4620.0	7.630013270905203	3.109362777927336
TRD	Pbre1_05G519600	old	7752.0	12.80256772209029	3.786864774596032
TRD	Pbre1_06G110200	old	2787.0	4.602780732903204	2.4861430332172096
TD	Pbre1_09G077000	old	8968.0	14.810813639280923	3.9828397069322774
TD	Pbre1_06G145600	old	7432.0	12.274081954408544	3.7305401814820365
TRD	Pbre1_02G238200	old	4959.0	8.189877881043053	3.200045690504064
PD	Pbre1_17G487400	old	8174.0	13.499508328220593	3.8579320748196873
TD	Pbre1_11G100400	old	6346.0	10.480533380338619	3.5211177654108696
PD	Pbre1_09G064600	old	10141.0	16.74804428143932	4.14958815269235
TRD	Pbre1_10G027000	old	5771.0	9.530910516535481	3.3965582739766376
TRD	Pbre1_17G246600	old	7310.0	12.072596755479877	3.7084738430705424
TRD	Pbre1_09G149000	old	7320.0	12.089111935719933	3.7102953121556035
TD	Pbre1_11G430400	old	9990.0	16.4986650598145	4.129172960656639
TD	Pbre1_10G031200	old	4911.0	8.11060501589079	3.187546863516074
TD	Pbre1_07G209400	old	5784.0	9.552380250847552	3.3994965524711764
PD	Pbre1_10G173000	old	5127.0	8.467332909075969	3.242958053910092
TRD	Pbre1_16G331800	old	6021.0	9.943790022536847	3.4520405496361874
PD	Pbre1_09G392200	old	8693.0	14.356646182679423	3.940791267721537
TRD	Pbre1_06G416200	old	8435.0	13.930554532486015	3.9001958441783495
TRD	Pbre1_11G315800	old	5161.0	8.523484521892154	3.2514895338971956
PD	Pbre1_12G191000	old	5148.0	8.502014787580084	3.2482334519552243
TD	Pbre1_07G441600	old	2109.0	3.4830515126275055	2.164481076811147
TD	Pbre1_14G332200	old	8787.0	14.511888876935936	3.955302468396505
TRD	Pbre1_15G059800	old	5803.0	9.583759093303657	3.4037802234786825
PD	Pbre1_11G419400	old	11662.0	19.26000319595162	4.340562496607025
TD	Pbre1_11G044000	old	7360.0	12.15517265668015	3.7175582783437764
TRD	Pbre1_07G126600	old	6368.0	10.51686677686674	3.5256763724050777
TD	Pbre1_01G270200	old	5334.0	8.809197140045098	3.2941350600453787
TRD	Pbre1_08G274400	old	5800.0	9.57880453923164	3.403104699393394
TD	Pbre1_02G194400	old	8978.0	14.827328819520977	3.984345887064493
TD	Pbre1_17G484800	old	10398.0	17.172484413608725	4.18368376301057
PD	Pbre1_09G098800	old	7816.0	12.908264875626639	3.7978705426992914
TD	Pbre1_14G296600	old	6511.0	10.75303385429952	3.554961307982993
TD	Pbre1_11G350200	old	6074.0	10.031320477809135	3.4635335905095648
TRD	Pbre1_17G437400	old	5878.0	9.707622945104065	3.420566337259781
TD	Pbre1_11G183800	old	7961.0	13.147734989107429	3.8224991951851908
TRD	Pbre1_14G429800	old	10338.0	17.073393332168397	4.175795496711701
TD	Pbre1_16G313400	old	2869.0	4.738205210871651	2.5205995629851037
TRD	Pbre1_04G184600	old	6618.0	10.929746282868104	3.576491455578483
TD	Pbre1_06G115600	old	5149.0	8.50366630560409	3.248484180867015
TRD	Pbre1_05G237200	old	8060.0	13.31123527348397	3.839076298469436
TRD	Pbre1_06G023000	old	6605.0	10.908276548556033	3.573892725992944
PD	Pbre1_05G462400	old	10407.0	17.187348075824772	4.184863291709954
TRD	Pbre1_10G159400	old	5739.0	9.478061939767308	3.389299990345492
TD	Pbre1_04G001600	old	10775.0	17.79510670865878	4.232285201149687
PD	Pbre1_05G009800	old	4004.0	6.612678168117843	2.9284040884379663
TRD	Pbre1_17G372600	old	3024.0	4.994190504592497	2.583564935647183
PD	Pbre1_11G355000	old	6156.0	10.166744955777583	3.481136804385823
TD	Pbre1_07G116800	old	6445.0	10.644033664715158	3.5415190105228054
TD	Pbre1_01G270000	old	4692.0	7.7489225686335965	3.129105359733778
TRD	Pbre1_09G085800	old	7825.0	12.923128537842688	3.7994115172016247
TD	Pbre1_09G256600	old	6642.0	10.969382715444233	3.5812768464728024
TRD	Pbre1_16G421400	old	4163.0	6.875269533934711	2.977329301102015
TRD	Pbre1_06G116800	old	4937.0	8.153544484514933	3.194330499685709
TRD	Pbre1_01G035200	old	3888.0	6.42110207733321	2.8916334514603825
TRD	Pbre1_10G049400	old	8086.0	13.354174742108112	3.843398483621757
TRD	Pbre1_07G287000	old	4071.0	6.7233298757262085	2.9492229924983624
TD	Pbre1_07G317200	old	4529.0	7.479725130720706	3.08401750075862
TD	Pbre1_11G136600	old	8417.0	13.900827208053917	3.8973205179124477
PD	Pbre1_14G445600	old	5726.0	9.456592205455237	3.3863408499779784
TRD	Pbre1_10G014800	old	3704.0	6.1172227609162055	2.8313143913758547
PD	Pbre1_10G199000	old	4716.0	7.788559001209727	3.1356266361044582
TD	Pbre1_17G160000	old	7864.0	12.9875377407789	3.806070118733257
TRD	Pbre1_13G430800	old	8170.0	13.49290225612457	3.8572746236160422
TRD	Pbre1_02G376800	old	2427.0	4.00823424426124	2.3243020413301996
TRD	Pbre1_12G033800	old	10933.0	18.05604655645164	4.252176937901852
TRD	Pbre1_16G360600	old	5613.0	9.269970668742621	3.360360156181251
TRD	Pbre1_15G257800	old	5684.0	9.387228448447008	3.376738856244018
PD	Pbre1_08G173000	old	7046.0	11.636595997142438	3.6595359824982476
PD	Pbre1_09G156000	old	7077.0	11.687793055886607	3.665369240171705
PD	Pbre1_08G377600	old	3253.0	5.372388132089746	2.6718341418142137
TD	Pbre1_17G375800	old	3611.0	5.963631584683699	2.7998398783179157
TRD	Pbre1_16G461200	old	7431.0	12.27243043638454	3.7303606748989364
PD	Pbre1_09G192800	old	8754.0	14.457388782143756	3.950224720150776
TRD	Pbre1_05G391800	old	7762.0	12.819082902330344	3.788589969936089
TRD	Pbre1_01G031000	old	2179.0	3.598657774307887	2.2012128383615366
PD	Pbre1_15G412400	old	11505.0	19.000714866182765	4.321979660660641
TRD	Pbre1_04G195600	old	4020.0	6.63910245650193	2.9334031411902606
TD	Pbre1_03G048800	old	8779.0	14.498676732743892	3.9540731392511668
TD	Pbre1_05G513400	old	7127.0	11.77036895708688	3.674728302376712
TRD	Pbre1_17G282800	old	7294.0	12.04617246709579	3.7055547007103256
TRD	Pbre1_09G257600	old	5542.0	9.152712889038234	3.343793373884602
TRD	Pbre1_16G289200	old	6174.0	10.196472280209681	3.484972342747378
PD	Pbre1_10G296800	old	7100.0	11.725777970438731	3.6696819507785827
TRD	Pbre1_07G115800	old	7136.0	11.78523261930293	3.676406504638745
TRD	Pbre1_16G275000	old	9445.0	15.598587736731526	4.052988592369889
TRD	Pbre1_02G238800	old	7644.0	12.6242037754977	3.7681000133856144
TRD	Pbre1_12G103000	old	5811.0	9.596971237495701	3.4055800761825243
TRD	Pbre1_12G121600	old	5169.0	8.536696666084199	3.2534896300946383
TRD	Pbre1_05G049400	old	5178.0	8.551560328300246	3.2557364288577673
TRD	Pbre1_06G040200	old	7131.0	11.776975029182902	3.6754744110657582
TD	Pbre1_13G169200	old	12339.0	20.37808089820331	4.4180604435999795
TRD	Pbre1_10G227400	old	7005.0	11.568883758158213	3.6517846246714734
PD	Pbre1_10G142000	old	4315.0	7.1263002735835395	3.0225986743408657
TRD	Pbre1_07G387000	old	6924.0	11.435110798213772	3.63634745707197
TRD	Pbre1_15G057600	old	5026.0	8.300529588651418	3.217312868174212
TD	Pbre1_12G053800	old	4594.0	7.587073802281062	3.1021665911832397
TRD	Pbre1_12G169000	old	4887.0	8.070968583314661	3.181256607615719
TRD	Pbre1_12G295800	old	6768.0	11.177473986468922	3.606142996182548
TRD	Pbre1_13G352400	old	7013.0	11.58209590235026	3.653300358604385
TRD	Pbre1_02G413800	old	9409.0	15.539133087867327	4.047811711342615
PD	Pbre1_01G192200	old	7188.0	11.871111556551213	3.686064745794586
TRD	Pbre1_09G039600	old	8209.0	13.557311459060783	3.863672028526008
TRD	Pbre1_13G446000	old	3542.0	5.849676841027322	2.7760359251760907
TRD	Pbre1_17G049600	old	9428.0	15.57051193032343	4.0505462688366025
TRD	Pbre1_12G307600	old	6649.0	10.98094334161227	3.582669600734083
TRD	Pbre1_02G004200	old	10334.0	17.066787260072374	4.1752680755753016
TRD	Pbre1_02G399400	old	9085.0	15.004041248089562	4.000364347025028
PD	Pbre1_02G151600	old	7981.0	13.180765349587539	3.825863493209326
TRD	Pbre1_16G496200	old	3529.0	5.828207106715252	2.7715068174897937
TD	Pbre1_08G072600	old	7167.0	11.836429678047098	3.6821720822352275
TRD	Pbre1_10G160800	old	5193.0	8.57633309866033	3.259473335179024
TD	Pbre1_14G015800	old	7504.0	12.392991252136936	3.743406309669846
TD	Pbre1_03G131800	old	7381.0	12.189854535184265	3.721356748747062
TRD	Pbre1_13G303600	old	4455.0	7.357512796944303	3.0630736588853287
PD	Pbre1_09G425000	old	9404.0	15.530875497747303	4.047091228641039
TD	Pbre1_12G332000	old	8298.0	13.704296563197268	3.8781658638752767
TRD	Pbre1_11G283600	old	5702.0	9.416955772879106	3.380861824226792
TD	Pbre1_04G169600	old	8423.0	13.91073631619795	3.898279596874803
TRD	Pbre1_15G096800	old	10765.0	17.778591528418726	4.231016953876514
TD	Pbre1_01G269600	old	6141.0	10.141972185417501	3.477932714485755
TRD	Pbre1_09G381400	old	5938.0	9.806714026544393	3.4338560075735742
TRD	Pbre1_15G647600	old	10124.0	16.71996847503123	4.147304132134889
TRD	Pbre1_15G214200	old	10565.0	17.448287923617634	4.205415029399801
TD	Pbre1_04G398800	old	9258.0	15.289753866242505	4.025892900185169
TRD	Pbre1_12G336200	old	7152.0	11.811656907687015	3.6793851636912627
TRD	Pbre1_01G042400	old	6071.0	10.026365923737119	3.4628854798619106
TRD	Pbre1_07G290000	old	8229.0	13.590341819540892	3.86694177770313
TRD	Pbre1_02G408200	old	8068.0	13.324447417676012	3.840407581293283
TD	Pbre1_03G008600	old	5198.0	8.584590688780358	3.260716822725402
TRD	Pbre1_07G150600	old	3552.0	5.866192021267377	2.7795102045506956
PD	Pbre1_09G203400	old	8766.0	14.47720699843182	3.952073242528278
TD	Pbre1_09G146400	old	9139.0	15.093223221385855	4.008381399183911
TD	Pbre1_06G023400	old	4414.0	7.2898005579600795	3.0513373927339127
TRD	Pbre1_11G226000	old	8177.0	13.504462882292609	3.858424966679713
TRD	Pbre1_02G446000	old	8893.0	14.686949787480515	3.9714929529758543
PD	Pbre1_15G089800	old	9119.0	15.060192860905746	4.0054173126368395
TD	Pbre1_03G459400	old	12175.0	20.107231942266417	4.399665487167396
PD	Pbre1_07G201800	old	2726.0	4.502038133438871	2.459966138696745
PD	Pbre1_06G302000	old	7837.0	12.942946754130753	3.8014635928440694
TRD	Pbre1_16G369600	old	5839.0	9.643213742167852	3.4118619364994527
TRD	Pbre1_13G067600	old	7786.0	12.858719334906475	3.7927220410678033
PD	Pbre1_02G249200	old	6110.0	10.090775126673332	3.471288292878343
TD	Pbre1_09G133800	old	8196.0	13.535841724748712	3.8615427107000357
TD	Pbre1_08G150800	old	8342.0	13.776963356253509	3.885277923168274
TD	Pbre1_15G233600	old	8622.0	14.239388402975035	3.929733099706774
TD	Pbre1_14G303200	old	5526.0	9.126288600654146	3.3400336018459145
TRD	Pbre1_15G682400	old	9990.0	16.4986650598145	4.129172960656639
TRD	Pbre1_09G146800	old	8027.0	13.25673517869179	3.833571734398086
TD	Pbre1_09G296600	old	5539.0	9.147758334966216	3.3430891625731927
TRD	Pbre1_17G396200	old	7190.0	11.874414592599223	3.6864349284604896
TRD	Pbre1_13G457800	old	6241.0	10.307123987818045	3.4991601156252115
TD	Pbre1_08G072400	old	9982.0	16.485452915622457	4.128083260706224
PD	Pbre1_08G204400	old	4749.0	7.843059096001907	3.1445455301580614
TD	Pbre1_11G290000	old	1995.0	3.2947784578908834	2.1025837132157488
TD	Pbre1_13G307600	old	6689.0	11.04700406257249	3.590602505951218
TRD	Pbre1_17G460400	old	8444.0	13.945418194702064	3.901631361189534
TD	Pbre1_10G566800	old	6619.0	10.931397800892109	3.576691164096952
TRD	Pbre1_02G104000	old	3046.0	5.030523901120616	2.592283341547644
TRD	Pbre1_06G153600	old	4568.0	7.54413433365692	3.0949343297241025
TD	Pbre1_14G045000	old	7066.0	11.669626357622548	3.6633020731976886
TRD	Pbre1_10G517400	old	6400.0	10.569715353634914	3.5322814655599974
TRD	Pbre1_04G408800	old	11223.0	18.534986783413224	4.287988374339808
TD	Pbre1_15G562600	old	6390.0	10.553200173394858	3.530220620537631
TD	Pbre1_11G018400	old	6933.0	11.449974460429821	3.638070877674772
PD	Pbre1_13G353600	old	4934.0	8.148589930442917	3.1935493983559886
TRD	Pbre1_12G239400	old	5171.0	8.539999702132208	3.2539892211854626
TD	Pbre1_08G387600	old	5262.0	8.690287842316705	3.276539520389086
PD	Pbre1_12G119600	old	6657.0	10.994155485804317	3.584259675250323
TRD	Pbre1_15G456400	old	5086.0	8.399620670091746	3.2326025367456075
TD	Pbre1_15G421000	old	8587.0	14.181585272134845	3.924250540768198
PD	Pbre1_06G411400	old	7987.0	13.190674457731571	3.8268712546664396
TRD	Pbre1_09G491000	old	5988.0	9.889289927744665	3.4448379762956263
TD	Pbre1_07G039600	old	6955.0	11.486307856957941	3.642275036692303
TD	Pbre1_07G209800	old	7089.0	11.707611272174672	3.6676209584584334
TRD	Pbre1_09G294600	old	8785.0	14.508585840887925	3.954995234301108
TD	Pbre1_02G131000	old	8814.0	14.556479863584082	3.95944373760932
TRD	Pbre1_17G419800	old	7436.0	12.280688026504565	3.7312579845476357
TRD	Pbre1_05G089400	old	4579.0	7.562301031920979	3.0979985584529572
TRD	Pbre1_08G124800	old	8473.0	13.993312217398222	3.9062472234538133
PD	Pbre1_10G348400	old	4685.0	7.737361942465557	3.1271977548950725
TRD	Pbre1_10G246800	old	8450.0	13.955327302846097	3.9025875796024527
TD	Pbre1_03G301600	old	5329.0	8.80093954992507	3.2929200572936557
TD	Pbre1_02G426600	old	9999.0	16.513528722030546	4.130397890073538
TRD	Pbre1_15G138200	old	5899.0	9.742304823608182	3.425231659984267
TRD	Pbre1_05G090200	old	6260.0	10.33850283027415	3.5031582499879352
TRD	Pbre1_02G351600	old	7804.0	12.888446659338573	3.7958133463171424
TD	Pbre1_11G322400	old	6950.0	11.478050266837913	3.64132062122596
PD	Pbre1_06G182400	old	5183.0	8.559817918420274	3.2569831400999836
PD	Pbre1_06G281000	old	6849.0	11.311246946413362	3.6219049876845175
PD	Pbre1_10G281200	old	6658.0	10.995807003828322	3.584458311398084
TRD	Pbre1_02G484000	old	7798.0	12.87853755119454	3.794783647039935
PD	Pbre1_10G115600	old	5491.0	9.068485469813956	3.3317747802660436
TRD	Pbre1_11G219400	old	6986.0	11.53750491570211	3.648178361376477
PD	Pbre1_15G087400	old	7299.0	12.054430057215818	3.706467567354093
TRD	Pbre1_15G184800	old	5125.0	8.464029873027958	3.2424546275239896
TD	Pbre1_10G386800	old	5506.0	9.093258240174038	3.335320065976159
TRD	Pbre1_12G212000	old	7902.0	13.050295425691107	3.8125285601875625
TRD	Pbre1_12G148000	old	6096.0	10.067653874337255	3.4682775263488987
TRD	Pbre1_06G144000	old	5087.0	8.401272188115751	3.232855996715543
PD	Pbre1_10G334200	old	9426.0	15.56720889427542	4.0502586646427385
TD	Pbre1_10G022200	old	7540.0	12.452445901001132	3.7497965998949296
PD	Pbre1_05G358000	old	9606.0	15.864482138596404	4.0759161127661026
TD	Pbre1_13G019600	old	12342.0	20.38303545227533	4.418394761841951
TRD	Pbre1_14G403400	old	9907.0	16.361589063822045	4.11782709506477
PD	Pbre1_02G248600	old	9876.0	16.310392005077876	4.113566490728728
TD	Pbre1_02G053600	old	10772.0	17.790152154586764	4.231904844017817
TRD	Pbre1_08G040600	old	11198.0	18.493698832813088	4.284935955696475
PD	Pbre1_09G098600	old	11151.0	18.41607748568483	4.279179866008112
TRD	Pbre1_05G362600	old	7084.0	11.699353682054644	3.66668316956812
TRD	Pbre1_03G190200	old	6362.0	10.506957668722707	3.5244345437857283
TD	Pbre1_16G390600	old	6480.0	10.70183679555535	3.5486630971620645
PD	Pbre1_04G181600	old	5428.0	8.964439834301611	3.316788704111966
PD	Pbre1_02G059400	old	8793.0	14.521797985079969	3.9562237783090803
TD	Pbre1_07G161000	old	6009.0	9.923971806248781	3.449425590646814
TD	Pbre1_07G427800	old	8144.0	13.449962787500429	3.852993872294443
TRD	Pbre1_13G467200	old	6541.0	10.802579395019682	3.5610302827575384
TRD	Pbre1_02G081600	old	6466.0	10.678715543219274	3.545809706320412
TRD	Pbre1_01G200000	old	4576.0	7.557346477848963	3.097163504952586
TD	Pbre1_08G363800	old	7571.0	12.503642959745303	3.755276759272106
TD	Pbre1_12G067200	old	9201.0	15.195617338874195	4.0175315562132825
TD	Pbre1_17G361600	old	8875.0	14.657222463048415	3.9687564011184118
TRD	Pbre1_11G362400	old	6168.0	10.186563172065648	3.4836949626401577
TRD	Pbre1_09G454600	old	4439.0	7.3310885085602155	3.05850500499142
TRD	Pbre1_15G781400	old	5266.0	8.696893914412728	3.277522700713192
TRD	Pbre1_08G407000	old	10653.0	17.593621509730113	4.216735888559505
TRD	Pbre1_05G262200	old	4984.0	8.231165831643189	3.2065128616648817
PD	Pbre1_08G033600	old	9688.0	15.99990661656485	4.087454916298055
TRD	Pbre1_09G487200	old	6903.0	11.400428919709658	3.6323181178895183
TRD	Pbre1_15G631200	old	12150.0	20.06594399166628	4.396840661230495
TRD	Pbre1_05G176000	old	6195.0	10.231154158713794	3.4894342874071507
TRD	Pbre1_16G422400	old	4865.0	8.03463518678654	3.1754663470954205
TD	Pbre1_15G028800	old	8808.0	14.54657075544005	3.9585244823351156
TRD	Pbre1_14G446800	old	7998.0	13.20884115599563	3.828716991011117
TRD	Pbre1_17G492400	old	6597.0	10.895064404363987	3.5722911779665085
TRD	Pbre1_04G368000	old	5980.0	9.876077783552622	3.443086469268553
TD	Pbre1_08G287000	old	6129.0	10.122153969129435	3.4753643091765927
TRD	Pbre1_10G188200	old	5324.0	8.792681959805044	3.291704030433562
TRD	Pbre1_16G223400	old	8203.0	13.54740235091675	3.8626896569538474
TD	Pbre1_13G099600	old	9705.0	16.027982422972944	4.089835600907566
TD	Pbre1_04G231800	old	4302.0	7.104830539271468	3.0187820213123997
PD	Pbre1_13G429400	old	5842.0	9.648168296239868	3.412533373487962
TRD	Pbre1_14G384600	old	7325.0	12.09736952583996	3.71120518504007
PD	Pbre1_02G233600	old	6592.0	10.886806814243961	3.5712893068618246
TRD	Pbre1_14G058400	old	1014.0	1.6746392763415316	1.4193443310183533
PD	Pbre1_14G258600	old	4599.0	7.595331392401089	3.103553263782103
TD	Pbre1_05G558400	old	9576.0	15.814936597876239	4.071671433959888
PD	Pbre1_04G227200	old	7044.0	11.633292961094426	3.6591588321465895
TRD	Pbre1_16G109000	old	9484.0	15.662996939667737	4.058575996260344
TRD	Pbre1_16G476000	old	7232.0	11.943778349607452	3.694186903143351
PD	Pbre1_17G065400	old	7165.0	11.833126641999087	3.6818008040025045
PD	Pbre1_10G056400	old	3733.0	6.165116783612365	2.8409902190394605
TRD	Pbre1_11G399600	old	5113.0	8.444211656739892	3.2394303745512314
PD	Pbre1_17G489800	old	7050.0	11.643202069238459	3.6602899875456454
TRD	Pbre1_11G070200	old	6238.0	10.302169433746029	3.4985278171654004
TRD	Pbre1_10G059200	old	7360.0	12.15517265668015	3.7175582783437764
TRD	Pbre1_12G362000	old	10204.0	16.852089916951666	4.158021073137694
TRD	Pbre1_03G376000	old	8446.0	13.948721230750076	3.9019501710858764
PD	Pbre1_01G133000	old	10866.0	17.945394848843275	4.243775302853907
PD	Pbre1_01G120800	old	6592.0	10.886806814243961	3.5712893068618246
TRD	Pbre1_17G427000	old	9284.0	15.332693334866647	4.029690812330537
PD	Pbre1_06G008600	old	5519.0	9.114727974486108	3.338385615462044
PD	Pbre1_09G139200	old	7983.0	13.18406838563555	3.8261994919176114
TD	Pbre1_07G280800	old	7430.0	12.270778918360532	3.7301811459780434
PD	Pbre1_08G232800	old	4375.0	7.225391355023866	3.0400843223153906
TRD	Pbre1_12G200200	old	7191.0	11.87606611062323	3.686619984179946
TRD	Pbre1_15G110000	old	9715.0	16.044497603213	4.091234170690531
PD	Pbre1_11G345400	old	2838.0	4.687008152127482	2.5076698723445605
TRD	Pbre1_16G127600	old	8955.0	14.789343904968852	3.9808793189852323
TD	Pbre1_04G207000	old	3613.0	5.96693462073171	2.8005240247833756
TD	Pbre1_08G338600	old	5838.0	9.641562224143847	3.41163805470979
TD	Pbre1_17G272400	old	6081.0	10.042881103977173	3.4650447173791146
PD	Pbre1_13G353000	old	3205.0	5.293115266937485	2.65377436806746
TRD	Pbre1_12G144400	old	7261.0	11.991672372303611	3.6995152506871354
TRD	Pbre1_02G123200	old	4449.0	7.3476036888002705	3.0613621086704064
TRD	Pbre1_14G311600	old	4912.0	8.112256533914795	3.1878083632660643
TRD	Pbre1_14G217000	old	8915.0	14.723283184008633	3.9748305935732056
TRD	Pbre1_09G042200	old	4891.0	8.077574655410682	3.1823068900266254
TD	Pbre1_05G447400	old	7442.0	12.290597134648598	3.732334019956164
TRD	Pbre1_14G030800	old	5827.0	9.623395525879788	3.409173059276548
TRD	Pbre1_05G005000	old	5396.0	8.911591257533438	3.309116693643928
TD	Pbre1_10G407400	old	11154.0	18.42103203975685	4.279547962950219
TRD	Pbre1_04G143600	old	3541.0	5.848025323003317	2.775688036625707
PD	Pbre1_04G206000	old	7043.0	11.631641443070421	3.6589702199912244
TRD	Pbre1_01G170200	old	5355.0	8.843879018549213	3.299226927156939
TD	Pbre1_03G071600	old	8123.0	13.415280908996314	3.849527045633967
TD	Pbre1_01G127400	old	7495.0	12.378127589920886	3.7418043046062195
PD	Pbre1_04G263200	old	6515.0	10.759639926395542	3.5557719812218043
TD	Pbre1_14G015600	old	7781.0	12.850461744786449	3.791862168332174
PD	Pbre1_04G256200	old	2728.0	4.505341169486882	2.4608319712874516
PD	Pbre1_03G408600	old	7960.0	13.146083471083424	3.8223307741663572
PD	Pbre1_03G038600	old	9586.0	15.831451778116294	4.07308771497519
TRD	Pbre1_03G296400	old	9670.0	15.970179292132753	4.0849299021076195
TD	Pbre1_17G281400	old	5428.0	8.964439834301611	3.316788704111966
TD	Pbre1_02G053800	old	10772.0	17.790152154586764	4.231904844017817
TD	Pbre1_10G480800	old	6286.0	10.38144229889829	3.508611487823532
TD	Pbre1_02G288200	old	8926.0	14.741449882272693	3.976496522748702
TD	Pbre1_09G062600	old	10372.0	17.129544944984584	4.180270808504833
TD	Pbre1_14G114400	old	6956.0	11.487959374981946	3.6424658440416855
TD	Pbre1_04G180200	old	6383.0	10.54163954722682	3.528776275425302
TD	Pbre1_13G068200	old	8329.0	13.755493621941438	3.8831802795688373
TRD	Pbre1_09G455200	old	8346.0	13.78356942834953	3.8859227388541613
TD	Pbre1_03G174000	old	5233.0	8.642393819620546	3.269391354232279
TRD	Pbre1_17G218000	old	4922.0	8.12877171415485	3.190420757130932
TRD	Pbre1_02G001400	old	12062.0	19.920610405553802	4.38685304093771
TD	Pbre1_15G763400	old	7091.0	11.710914308222684	3.6679959033967693
TD	Pbre1_07G071800	old	6363.0	10.508609186746712	3.524641589467655
TD	Pbre1_06G217800	old	7065.0	11.667974839598543	3.6631140019712136
PD	Pbre1_10G513200	old	2168.0	3.5804910760438267	2.1955022784519036
PD	Pbre1_13G270000	old	9278.0	15.322784226722613	4.0288152580477465
TD	Pbre1_11G489800	old	10685.0	17.64647008649829	4.220830638466778
TRD	Pbre1_16G438000	old	3654.0	6.0346468597159335	2.814478001781044
TRD	Pbre1_13G453000	old	7354.0	12.145263548536118	3.716471161632561
TRD	Pbre1_03G291800	old	6378.0	10.533381957106794	3.5277437143226256
TRD	Pbre1_10G434000	old	11443.0	18.898320748694424	4.31457477943751
TD	Pbre1_06G042400	old	6801.0	11.2319740812611	3.6125853497271927
TRD	Pbre1_09G309000	old	9153.0	15.116344473721933	4.0104526422462
TRD	Pbre1_04G212600	old	6290.0	10.388048370994314	3.5094486209731723
TD	Pbre1_04G029400	old	9660.0	15.953664111892698	4.083525204518949
TD	Pbre1_12G150600	old	7007.0	11.572186794206225	3.652163707474955
PD	Pbre1_14G052600	old	6394.0	10.559806245490881	3.5310453118425595
TD	Pbre1_15G245800	old	6666.0	11.009019148020366	3.586046416782356
TD	Pbre1_13G307400	old	6957.0	11.489610893005953	3.6426566261586872
TRD	Pbre1_15G060000	old	9208.0	15.207177965042233	4.018561001888783
TRD	Pbre1_10G216200	old	7999.0	13.210492674019637	3.8288846681903297
TRD	Pbre1_11G242200	old	5723.0	9.451637651383221	3.385657108621369
TRD	Pbre1_06G128000	old	4645.0	7.67130122150534	3.1162485015156105
TD	Pbre1_11G018200	old	6334.0	10.460715164050553	3.5186251679033638
PD	Pbre1_01G314800	old	4766.0	7.871134902409999	3.149118683257073
PD	Pbre1_10G376200	old	5331.0	8.804242585973082	3.293406181190736
TRD	Pbre1_03G181600	old	7072.0	11.67953546576658	3.664429985986821
TRD	Pbre1_05G519000	old	10539.0	17.405348454993494	4.202053158357356
TD	Pbre1_01G197400	old	6651.0	10.984246377660282	3.5830672836910997
TRD	Pbre1_13G483000	old	4967.0	8.203090025235095	3.202118341125862
TRD	Pbre1_12G172200	old	6329.0	10.452457573930527	3.5175853132339263
PD	Pbre1_05G458000	old	8522.0	14.074236600574489	3.914013036949529
PD	Pbre1_03G089600	old	6902.0	11.398777401685651	3.632125963605561
TRD	Pbre1_17G427200	old	9684.0	15.993300544468829	4.086894183824211
TRD	Pbre1_17G490000	old	7050.0	11.643202069238459	3.6602899875456454
TD	Pbre1_16G309000	old	3263.0	5.3889033123298	2.6755683065008227
TRD	Pbre1_17G273400	old	6589.0	10.881852260171945	3.5706878500719688
TRD	Pbre1_13G415800	old	4409.0	7.281542967840052	3.0498995871289103
TRD	Pbre1_06G276400	old	7668.0	12.663840208073832	3.772291103444394
TD	Pbre1_08G094000	old	10073.0	16.635741055806953	4.140430294131832
TD	Pbre1_05G139200	old	5151.0	8.5069693416521	3.2489855080043832
TD	Pbre1_09G124800	old	10557.0	17.43507577942559	4.20438144168941
TRD	Pbre1_11G366200	old	9101.0	15.030465536473649	4.0027444179100495
PD	Pbre1_02G384800	old	7203.0	11.895884326911293	3.688838803284314
TRD	Pbre1_09G054400	old	11020.0	18.199728624540118	4.263014014438114
TRD	Pbre1_03G335400	old	4433.0	7.321179400416183	3.0567880229029094
PD	Pbre1_04G053800	old	10194.0	16.83557473671161	4.156685801101051
TRD	Pbre1_04G241200	old	7850.0	12.964416488442824	3.803683385883115
TRD	Pbre1_13G336000	old	6318.0	10.434290875666466	3.515294991298764
PD	Pbre1_12G184200	old	5852.0	9.664683476479924	3.414769242592174
TD	Pbre1_07G446600	old	4622.0	7.633316306953215	3.1099148468388407
TRD	Pbre1_14G404200	old	10708.0	17.684455001050416	4.223766577859491
TD	Pbre1_01G269800	old	3715.0	6.135389459180266	2.834992176091212
PD	Pbre1_05G394000	old	5846.0	9.654774368335893	3.4134281369869064
TRD	Pbre1_03G190000	old	6362.0	10.506957668722707	3.5244345437857283
TRD	Pbre1_05G128000	old	4623.0	7.6349678249772195	3.1101908020932516
TRD	Pbre1_08G274800	old	5098.0	8.419438886379812	3.2356411214146963
TD	Pbre1_06G261200	old	6326.0	10.44750301985851	3.5169610404827334
TD	Pbre1_02G214000	old	8291.0	13.69273593702923	3.8770311603026046
TRD	Pbre1_08G051800	old	10892.0	17.98833431746742	4.247041450752512
PD	Pbre1_04G051400	old	6099.0	10.072608428409273	3.468923219756781
PD	Pbre1_09G274200	old	7806.0	12.891749695386583	3.796156416156387
TD	Pbre1_15G679000	old	7660.0	12.650628063881786	3.7708954257982343
TD	Pbre1_08G188400	old	5187.0	8.566423990516297	3.257979733981526
TD	Pbre1_10G366200	old	6498.0	10.731564119987448	3.55232346952527
TRD	Pbre1_11G347400	old	4084.0	6.744799610038279	2.953227911016895
TD	Pbre1_08G295600	old	4683.0	7.734058906417547	3.126652261334551
TD	Pbre1_06G182400	old	5183.0	8.559817918420274	3.2569831400999836
TRD	Pbre1_12G183800	old	5422.0	8.954530726157579	3.315353306402538
TRD	Pbre1_01G365800	old	9488.0	15.66960301176376	4.059147841696425
TD	Pbre1_15G145000	old	7818.0	12.91156791167465	3.7982131237482264
PD	Pbre1_14G082200	old	8225.0	13.583735747444871	3.8662884204483077
TRD	Pbre1_02G439600	old	10342.0	17.079999404264417	4.176322725103694
TRD	Pbre1_05G394600	old	7804.0	12.888446659338573	3.7958133463171424
PD	Pbre1_06G280800	old	9314.0	15.382238875586811	4.034060630986035
TD	Pbre1_09G427200	old	7974.0	13.1692047234195	3.8246868811054178
TD	Pbre1_11G412200	old	6824.0	11.269958995813226	3.617058522646472
TD	Pbre1_09G236000	old	9846.0	16.260846464357712	4.1094313102725595
TRD	Pbre1_04G318400	old	9074.0	14.9858745498255	3.9987257676378296
TD	Pbre1_17G093400	old	8813.0	14.554828345560077	3.9592905690669116
PD	Pbre1_17G068600	old	6711.0	11.08333745910061	3.594947081891542
TRD	Pbre1_08G142800	old	6961.0	11.496216965101976	3.643419502436302
TRD	Pbre1_05G079000	old	6474.0	10.691927687411317	3.547440906347549
TRD	Pbre1_05G062000	old	3865.0	6.383117162781085	2.8842300528450187
TRD	Pbre1_12G123200	old	6688.0	11.045352544548484	3.590404714020295
TRD	Pbre1_17G310400	old	4289.0	7.083360804959398	3.014955244531292
TD	Pbre1_01G415000	old	6914.0	11.418595617973718	3.634430127580778
TRD	Pbre1_03G277800	old	5208.0	8.601105869020412	3.26320058706984
TRD	Pbre1_07G136800	old	5607.0	9.260061560598588	3.3589674820607756
TD	Pbre1_12G378400	old	7457.0	12.31536990500868	3.7350206024977695
TRD	Pbre1_08G005600	old	10103.0	16.685286596527114	4.144477693515572
TRD	Pbre1_06G002600	old	4296.0	7.094921431127436	3.017017077875228
TD	Pbre1_02G381800	old	5358.0	8.84883357262123	3.2999528719151576
TRD	Pbre1_08G105600	old	8279.0	13.672917720741165	3.8750838754212906
PD	Pbre1_17G454800	old	5294.0	8.74313641908488	3.284386265929349
PD	Pbre1_17G214200	old	6011.0	9.927274842296791	3.449861746426782
TRD	Pbre1_14G135200	old	7908.0	13.06020453383514	3.8135456763393023
PD	Pbre1_14G023000	old	7918.0	13.076719714075194	3.8152392780391895
PD	Pbre1_06G070400	old	4287.0	7.080057768911386	3.014365607658263
TRD	Pbre1_15G107400	old	10540.0	17.4069999730175	4.202182606054475
TRD	Pbre1_01G328600	old	4964.0	8.198135471163079	3.201341446047472
TD	Pbre1_17G074600	old	9469.0	15.638224169307657	4.056429554877716
TD	Pbre1_09G117400	old	5373.0	8.873606342981311	3.3035771265100364
TD	Pbre1_11G225600	old	6885.0	11.37070159527756	3.628855418914204
TRD	Pbre1_17G251600	old	7155.0	11.816611461759031	3.6799429782556743
TRD	Pbre1_03G201200	old	5146.0	8.498711751532074	3.2477318633697
PD	Pbre1_17G451800	old	4565.0	7.539179779584903	3.094097500202319
PD	Pbre1_12G265400	old	9353.0	15.446648078523024	4.039721679258774
PD	Pbre1_07G421000	old	177.0	0.29231869024896556	0.3699618874825476
TD	Pbre1_09G109800	old	7103.0	11.730732524510747	3.6702435289792703
PD	Pbre1_08G320400	old	8305.0	13.715857189365305	3.879299675686113
TRD	Pbre1_10G210800	old	6588.0	10.880200742147938	3.570487308741068
TD	Pbre1_10G201800	old	7124.0	11.765414403014864	3.6741684675301824
TRD	Pbre1_08G235800	old	5597.0	9.243546380358534	3.3566433668267033
PD	Pbre1_09G481000	old	7978.0	13.175810795515522	3.825359348377053
PD	Pbre1_02G159600	old	10708.0	17.684455001050416	4.223766577859491
TD	Pbre1_17G168200	old	7517.0	12.414460986449008	3.7457171809580285
TRD	Pbre1_11G417200	old	9878.0	16.31369504112589	4.113841748455203
TRD	Pbre1_15G749200	old	7268.0	12.003232998471649	3.70079846052413
TRD	Pbre1_10G321000	old	9648.0	15.933845895604632	4.081837760052752
TRD	Pbre1_16G366200	old	8318.0	13.737326923677376	3.8814029650682396
TD	Pbre1_04G065000	old	7276.0	12.016445142663693	3.702263589834354
TD	Pbre1_04G259800	old	7844.0	12.954507380298791	3.8026592904096272
TRD	Pbre1_09G389000	old	9414.0	15.547390677987355	4.048531834414323
TRD	Pbre1_03G419400	old	6208.0	10.252623893025866	3.4921895439805257
PD	Pbre1_09G459800	old	4141.0	6.8389361374065905	2.970657872014871
PD	Pbre1_04G390600	old	7085.0	11.70100520007865	3.6668707761194748
TRD	Pbre1_12G135400	old	2716.0	4.485522953198816	2.4556291641148342
TD	Pbre1_12G206000	old	5167.0	8.533393630036187	3.252989865940405
TRD	Pbre1_13G427600	old	5215.0	8.61266649518845	3.264936681340004
PD	Pbre1_05G322400	old	10940.0	18.067607182619682	4.253051904329129
TRD	Pbre1_10G533200	old	8076.0	13.337659561868058	3.841737636775181
TRD	Pbre1_15G652400	old	5284.0	8.726621238844825	3.281938739384347
TRD	Pbre1_03G357000	old	9700.0	16.019724832852916	4.089135807264492
TD	Pbre1_01G426000	old	9620.0	15.88760339093248	4.077892697073642
TD	Pbre1_16G304200	old	9389.0	15.50610272738722	4.044927619160625
TD	Pbre1_05G488600	old	10244.0	16.918150637911882	4.163349837015227
PD	Pbre1_04G016400	old	9789.0	16.166709936989403	4.10154166291651
TRD	Pbre1_10G021200	old	5080.0	8.389711561947712	3.231080841101734
TRD	Pbre1_08G048000	old	6113.0	10.095729680745348	3.4719326404914868
TD	Pbre1_14G263000	old	8880.0	14.665480053168443	3.969517075238768
TRD	Pbre1_16G388800	old	5311.0	8.771212225492974	3.288537555358385
TRD	Pbre1_15G247600	old	7696.0	12.710082712745983	3.7771653697906786
TRD	Pbre1_08G302400	old	7116.0	11.75220225882282	3.6726745116595163
TRD	Pbre1_09G133600	old	8196.0	13.535841724748712	3.8615427107000357
TRD	Pbre1_15G568000	old	7293.0	12.044520949071785	3.705372058047032
TRD	Pbre1_08G330200	old	9030.0	14.91320775676926	3.992152775830906
TRD	Pbre1_05G052800	old	3995.0	6.597814505901794	2.9255844902758597
TD	Pbre1_11G177800	old	8087.0	13.355826260132117	3.8435644631956074
TRD	Pbre1_12G439800	old	8030.0	13.261689732763806	3.834073018089848
PD	Pbre1_15G694200	old	7151.0	11.81000538966301	3.6791991775644597
TD	Pbre1_14G036800	old	8283.0	13.679523792837186	3.87573326246524
TRD	Pbre1_15G447800	old	6375.0	10.528427403034778	3.5271238227444877
PD	Pbre1_17G444600	old	7063.0	11.664671803550531	3.6627377859507977
TD	Pbre1_06G023200	old	7949.0	13.127916772819363	3.820476844133432
PD	Pbre1_11G123400	old	5581.0	9.217122091974446	3.352916977236174
PD	Pbre1_15G766000	old	7187.0	11.869460038527206	3.6858796188359526
TD	Pbre1_14G256400	old	5503.0	9.088303686102021	3.3346117054677675
TRD	Pbre1_10G229000	old	6601.0	10.901670476460009	3.573092174216224
TD	Pbre1_04G269200	old	8221.0	13.577129675348848	3.8656347671717297
TD	Pbre1_16G304800	old	4396.0	7.260073233527981	3.0461545725865227
TRD	Pbre1_10G237400	old	4094.0	6.761314790278334	2.9563010700335295
TRD	Pbre1_11G248800	old	5143.0	8.493757197460058	3.2469791533591317
TRD	Pbre1_10G137000	old	6120.0	10.107290306913386	3.4734350000406544
TD	Pbre1_06G312200	old	10801.0	17.838046177282923	4.2355774358191285
TRD	Pbre1_08G177200	old	5280.0	8.720015166748803	3.2809585649602964
PD	Pbre1_02G461000	old	8744.0	14.440873601903702	3.9486824734959596
TRD	Pbre1_05G440800	old	4248.0	7.015648565975174	3.0028192571310197
PD	Pbre1_05G307200	old	8648.0	14.282327871599177	3.93379241267301
TRD	Pbre1_05G028000	old	7818.0	12.91156791167465	3.7982131237482264
TD	Pbre1_17G447200	old	4603.0	7.6019374644971105	3.1046616430254312
TRD	Pbre1_08G299400	old	7556.0	12.47887018938522	3.752627668522711
PD	Pbre1_17G444800	old	7063.0	11.664671803550531	3.6627377859507977
TRD	Pbre1_12G134600	old	5248.0	8.66716658998063	3.2730931031895234
TD	Pbre1_17G451400	old	4962.0	8.19483243511507	3.200823283475575
TD	Pbre1_04G300400	old	8651.0	14.287282425671194	3.934260060810006
TRD	Pbre1_06G162000	old	7842.0	12.95120434425078	3.802317763642947
PD	Pbre1_17G471400	old	5594.0	9.238591826286518	3.355945401540383
TRD	Pbre1_10G401800	old	9324.0	15.398754055826863	4.035514300842675
TRD	Pbre1_15G528000	old	6198.0	10.236108712785812	3.49007058304728
TD	Pbre1_02G471400	old	11678.0	19.286427484335704	4.342442918363919
TD	Pbre1_04G329800	old	7892.0	13.033780245451053	3.8108317714694833
TRD	Pbre1_15G711000	old	3622.0	5.981798282947759	2.8035986753674798
TD	Pbre1_01G186000	old	6944.0	11.46814115869388	3.6401744886009793
TRD	Pbre1_14G251000	old	5590.0	9.231985754190495	3.3550142555826232
TRD	Pbre1_04G142400	old	5710.0	9.43016791707115	3.382690479128146
PD	Pbre1_15G146200	old	10097.0	16.675377488383084	4.143669121509181
TRD	Pbre1_01G206200	old	5996.0	9.902502071936711	3.44658735948001
TRD	Pbre1_08G403600	old	8055.0	13.302977683363942	3.838243622437806
TRD	Pbre1_15G100200	old	11429.0	18.87519949635835	4.3128974363390675
TD	Pbre1_12G157400	old	4917.0	8.120514124034823	3.1891151515050966
TRD	Pbre1_15G313400	old	8510.0	14.054418384286423	3.9121150666288407
TD	Pbre1_14G183800	old	7368.0	12.168384800872195	3.7190064941889727
TRD	Pbre1_03G045800	old	11130.0	18.381395607180718	4.276600554343432
TRD	Pbre1_06G137200	old	5959.0	9.841395905048508	3.438478620549248
TRD	Pbre1_05G083000	old	5246.0	8.663863553932618	3.2726000851002395
TRD	Pbre1_07G129800	old	2943.0	4.860417544648055	2.5510034578442773
TRD	Pbre1_07G133600	old	5714.0	9.436773989167172	3.3836039381116327
PD	Pbre1_13G238600	old	12010.0	19.83473146830552	4.380918600647021
TRD	Pbre1_02G480800	old	10257.0	16.939620372223953	4.165077455997114
TRD	Pbre1_05G289000	old	8500.0	14.03790320404637	3.9105315150936795
TRD	Pbre1_07G288600	old	1725.0	2.8488685914094103	1.9444344153009177
TD	Pbre1_13G063000	old	7380.0	12.18820301716026	3.7211760958038678
TD	Pbre1_11G149000	old	6237.0	10.300517915722024	3.4983169894146493
TRD	Pbre1_15G777600	old	6844.0	11.302989356293335	3.620936996265545
TRD	Pbre1_02G155800	old	4666.0	7.705983100009455	3.122007219579499
TD	Pbre1_17G137000	old	8646.0	14.279024835551166	3.933480563011736
TRD	Pbre1_15G035000	old	5433.0	8.972697424421638	3.31798377889552
TRD	Pbre1_10G113600	old	3611.0	5.963631584683699	2.7998398783179157
PD	Pbre1_06G169800	old	8418.0	13.902478726077922	3.897480408689053
PD	Pbre1_10G296400	old	8120.0	13.410326354924297	3.849031103911424
TD	Pbre1_07G373400	old	12197.0	20.143565338794538	4.402146766919929
TD	Pbre1_06G240400	old	7187.0	11.869460038527206	3.6858796188359526
TD	Pbre1_01G345800	old	2707.0	4.470659290982767	2.4517147084319535
TD	Pbre1_17G450800	old	3767.0	6.22126839642855	2.8522522648851076
TRD	Pbre1_10G583400	old	9071.0	14.980919995753485	3.998278559167393
PD	Pbre1_09G073600	old	4932.0	8.145286894394905	3.1930284290913815
TD	Pbre1_16G412800	old	2424.0	4.003279690189224	2.3228741032141764
PD	Pbre1_05G251400	old	7682.0	12.686961460409908	3.774730295131328
TRD	Pbre1_15G608000	old	5724.0	9.453289169407226	3.3858850584141194
TRD	Pbre1_13G142400	old	11192.0	18.483789724669055	4.284202413233064
TD	Pbre1_11G462200	old	7324.0	12.095718007815956	3.711023256364173
PD	Pbre1_07G161800	old	6226.0	10.282351217457965	3.4959958484653844
TRD	Pbre1_07G289600	old	8671.0	14.320312786151302	3.937373847138666
TRD	Pbre1_11G195600	old	5082.0	8.393014597995723	3.231588251339725
TRD	Pbre1_05G241200	old	4936.0	8.151892966490928	3.194070179562138
TRD	Pbre1_07G071000	old	8340.0	13.773660320205497	3.884955407217453
TRD	Pbre1_15G784000	old	7084.0	11.699353682054644	3.66668316956812
TRD	Pbre1_04G091200	old	5400.0	8.918197329629459	3.310077929086592
PD	Pbre1_04G043400	old	2866.0	4.733250656799634	2.5193533548112805
TRD	Pbre1_08G359000	old	5891.0	9.729092679416135	3.4234561726357184
TRD	Pbre1_15G005000	old	10963.0	18.105592097171805	4.255923063517984
TRD	Pbre1_15G779200	old	4257.0	7.030512228191223	3.0054920133344307
TRD	Pbre1_13G241800	old	12064.0	19.92391344160181	4.387080801863065
TD	Pbre1_15G574800	old	6478.0	10.69853375950734	3.5482558152562693
TRD	Pbre1_13G469800	old	7187.0	11.869460038527206	3.6858796188359526
TD	Pbre1_08G139800	old	7510.0	12.402900360280968	3.7444733256167284
TRD	Pbre1_07G104000	old	8139.0	13.4417051973804	3.852169192691557
TRD	Pbre1_07G286000	old	7305.0	12.06433916535985	3.7075622454182153
PD	Pbre1_10G229400	old	5871.0	9.696062318936027	3.4190078710930125
TD	Pbre1_02G197400	old	5394.0	8.908288221485426	3.308635835647238
TRD	Pbre1_15G766200	old	4096.0	6.764617826326345	2.956914917061712
PD	Pbre1_14G406600	old	8499.0	14.036251686022364	3.9103730642993497
PD	Pbre1_14G406800	old	8499.0	14.036251686022364	3.9103730642993497
TRD	Pbre1_12G190800	old	4992.0	8.244377975835233	3.208576248632347
TRD	Pbre1_11G100000	old	8077.0	13.339311079892063	3.8419038075256116
TD	Pbre1_10G542800	old	4908.0	8.105650461818774	3.186762079752526
TRD	Pbre1_08G277200	old	6758.0	11.160958806228868	3.6041850745290382
PD	Pbre1_04G297000	old	4853.0	8.014816970498474	3.172298200649879
TRD	Pbre1_12G415000	old	9859.0	16.282316198669783	4.111224677226934
TRD	Pbre1_04G178800	old	2296.0	3.7918853831165253	2.260593400783844
PD	Pbre1_02G271800	old	5680.0	9.380622376350985	3.3758210388102805
TD	Pbre1_09G469200	old	9453.0	15.611799880923568	4.054136492004812
TD	Pbre1_17G159800	old	8102.0	13.3805990304922	3.8460518680443005
TRD	Pbre1_10G052400	old	5060.0	8.356681201467604	3.225996899121269
TD	Pbre1_09G194800	old	5444.0	8.9908641226857	3.3206094639635366
TRD	Pbre1_04G029000	old	7535.0	12.444188310881106	3.7489107504167904
TD	Pbre1_04G206800	old	8310.0	13.724114779485333	3.8801089960646027
TRD	Pbre1_17G215200	old	4445.0	7.340997616704249	3.06021994609177
TRD	Pbre1_12G168000	old	4502.0	7.43513414407256	3.0764110118974752
TD	Pbre1_11G153200	old	8498.0	14.03460016799836	3.9102145961005017
TRD	Pbre1_11G134400	old	8651.0	14.287282425671194	3.934260060810006
TRD	Pbre1_17G227000	old	5712.0	9.43347095311916	3.3831472809157725
TD	Pbre1_15G027000	old	7634.0	12.607688595257645	3.7663501260675805
TRD	Pbre1_04G083200	old	7085.0	11.70100520007865	3.6668707761194748
TRD	Pbre1_05G068600	old	8890.0	14.681995233408498	3.9710372213186886
PD	Pbre1_08G077200	old	9721.0	16.054406711357032	4.092072662241437
TD	Pbre1_12G035000	old	6684.0	11.038746472452463	3.5896132750144205
PD	Pbre1_10G255600	old	8907.0	14.71007103981659	3.973617799297917
TRD	Pbre1_12G349200	old	8767.0	14.478858516455826	3.9522271792011594
TD	Pbre1_13G243600	old	9246.0	15.269935649954439	4.024136639832947
TD	Pbre1_15G624600	old	6210.0	10.255926929073878	3.492612962955671
PD	Pbre1_07G202000	old	2726.0	4.502038133438871	2.459966138696745
PD	Pbre1_08G220400	old	2551.0	4.2130224792379165	2.3821200810379235
TRD	Pbre1_01G059000	old	4318.0	7.131254827655556	3.0234780083817214
TD	Pbre1_13G020000	old	9873.0	16.30543745100586	4.1131535056435435
TD	Pbre1_03G229800	old	4985.0	8.232817349667195	3.20677094648289
TRD	Pbre1_08G237200	old	7979.0	13.177462313539529	3.825527416229869
TRD	Pbre1_03G000800	old	7076.0	11.686141537862602	3.6651814382478265
TRD	Pbre1_09G386800	old	9860.0	16.283967716693788	4.1113625362383805
TD	Pbre1_11G118800	old	6978.0	11.524292771510067	3.646657233729602
TRD	Pbre1_17G033800	old	7147.0	11.803399317566988	3.6784549931990504
TRD	Pbre1_10G191000	old	3687.0	6.089146954508114	2.825612036697134
TRD	Pbre1_11G258400	old	6313.0	10.42603328554644	3.5142527326894824
PD	Pbre1_14G307800	old	5897.0	9.73900178756017	3.4247879929531915
TD	Pbre1_06G334800	old	8425.0	13.914039352245961	3.89859914823028
TRD	Pbre1_09G429400	old	7588.0	12.531718766153395	3.7582731934715365
TRD	Pbre1_15G289600	old	9624.0	15.894209463028503	4.078456938407602
PD	Pbre1_15G759200	old	6524.0	10.77450358861159	3.557594332190822
TD	Pbre1_10G542600	old	6314.0	10.427684803570445	3.514461244657472
PD	Pbre1_05G435400	old	6476.0	10.695230723459328	3.5478484183397554
TD	Pbre1_15G117600	old	7801.0	12.883492105266557	3.795298588544851
PD	Pbre1_03G426200	old	6196.0	10.2328056767378	3.4896464171371644
TD	Pbre1_02G172000	old	5529.0	9.131243154726162	3.3407393058594494
TRD	Pbre1_13G354800	old	8716.0	14.394631097231548	3.9443553912683833
TRD	Pbre1_08G224200	old	6200.0	10.239411748833824	3.4904946242852826
TD	Pbre1_15G768600	old	7210.0	11.907444953079333	3.690131540277837
PD	Pbre1_14G310800	old	6725.0	11.106458711436687	3.5977050155266648
TRD	Pbre1_05G318800	old	10605.0	17.514348644577854	4.21057188967008
TRD	Pbre1_13G102400	old	6948.0	11.474747230789903	3.640938678178923
TD	Pbre1_10G465600	old	6486.0	10.711745903699383	3.549884253464045
TRD	Pbre1_10G006800	old	7343.0	12.127096850272057	3.714475984246577
TRD	Pbre1_17G297600	old	4583.0	7.5689071040170015	3.0991112117870894
TD	Pbre1_08G078600	old	6034.0	9.965259756848917	3.454868083413141
TRD	Pbre1_13G201600	old	8185.0	13.517675026484651	3.859738522302808
TRD	Pbre1_10G365600	old	6354.0	10.493745524530663	3.5227771077637335
TRD	Pbre1_11G276800	old	7563.0	12.490430815553257	3.7538645162304576
TD	Pbre1_14G091000	old	5933.0	9.798456436424365	3.4327531988809636
TRD	Pbre1_03G443600	old	8876.0	14.65887398107242	3.968908568031656
TD	Pbre1_02G047200	old	8833.0	14.587858706040187	3.9623508544592863
PD	Pbre1_16G223800	old	6240.0	10.30547246979404	3.498949380261683
PD	Pbre1_14G023200	old	7918.0	13.076719714075194	3.8152392780391895
TRD	Pbre1_07G196200	old	5299.0	8.751394009204908	3.285608473878618
PD	Pbre1_14G015200	old	7069.0	11.674580911694564	3.6638661398188783
TRD	Pbre1_16G435600	old	3820.0	6.308798851700839	2.8696343291488744
PD	Pbre1_06G075200	old	7910.0	13.06350756988315	3.8138845557682113
PD	Pbre1_09G341200	old	5812.0	9.598622755519706	3.405804899970787
TD	Pbre1_04G298000	old	8163.0	13.48134162995653	3.856123362586223
TRD	Pbre1_03G322200	old	6430.0	10.619260894355078	3.5384463961632027
TRD	Pbre1_05G127000	old	5117.0	8.450817728835915	3.2404391634392002
PD	Pbre1_01G155400	old	5304.0	8.759651599324934	3.2868296472863565
TRD	Pbre1_09G128600	old	9901.0	16.351679955678012	4.117003443362058
TD	Pbre1_05G205200	old	7677.0	12.67870387028988	3.773859628583779
TD	Pbre1_15G214600	old	6138.0	10.137017631345485	3.4772910417020126
TRD	Pbre1_11G052400	old	6490.0	10.718351975795404	3.550697783800473
TRD	Pbre1_06G036600	old	3271.0	5.402115456521844	2.678548694854368
TRD	Pbre1_08G184000	old	6955.0	11.486307856957941	3.642275036692303
TRD	Pbre1_07G328800	old	6144.0	10.146926739489516	3.478574101997209
TD	Pbre1_09G450400	old	3329.0	5.497903501914161	2.6999743188684393
PD	Pbre1_14G412000	old	10117.0	16.708407848863192	4.146362601059252
TRD	Pbre1_04G149200	old	2365.0	3.9058401267729015	2.2945002196129853
PD	Pbre1_17G443000	old	5771.0	9.530910516535481	3.3965582739766376
TRD	Pbre1_16G229200	old	9176.0	15.154329388274057	4.013848956397932
TD	Pbre1_09G211200	old	7358.0	12.151869620632139	3.7171959971187607
TRD	Pbre1_05G128400	old	1750.0	2.8901565420095467	1.9598282112106429
TRD	Pbre1_16G343800	old	7524.0	12.426021612617046	3.746959964802322
TD	Pbre1_10G351800	old	9995.0	16.506922649934527	4.129853605394595
TRD	Pbre1_06G221600	old	8036.0	13.271598840907838	3.835075063242606
PD	Pbre1_05G375800	old	8527.0	14.082494190694518	3.9148031215708405
PD	Pbre1_10G072600	old	6887.0	11.37400463132557	3.6292405739215825
TD	Pbre1_03G337400	old	8126.0	13.42023546306833	3.8500228169298665
TRD	Pbre1_16G496400	old	3936.0	6.500374942485473	2.906962717494351
TRD	Pbre1_08G273200	old	6329.0	10.452457573930527	3.5175853132339263
TRD	Pbre1_16G037200	old	5979.0	9.874426265528617	3.442867381300534
TD	Pbre1_02G437600	old	10093.0	16.66877141628706	4.1431298216330195
TD	Pbre1_13G254600	old	7229.0	11.938823795535436	3.6936345699091
TD	Pbre1_04G099400	old	7189.0	11.872763074575218	3.686249849000734
TRD	Pbre1_11G404000	old	10294.0	17.000726539112158	4.169983232176802
TD	Pbre1_11G411200	old	8622.0	14.239388402975035	3.929733099706774
TD	Pbre1_01G335400	old	7093.0	11.714217344270693	3.6683707509152232
TD	Pbre1_10G295600	old	6430.0	10.619260894355078	3.5384463961632027
TRD	Pbre1_16G422200	old	4865.0	8.03463518678654	3.1754663470954205
TRD	Pbre1_01G289600	old	9391.0	15.509405763435232	4.045216287968715
TD	Pbre1_05G253000	old	7152.0	11.811656907687015	3.6793851636912627
TRD	Pbre1_07G092600	old	6108.0	10.08747209062532	3.470858567867625
TRD	Pbre1_12G139800	old	6583.0	10.871943152027912	3.5694841837306353
PD	Pbre1_15G234200	old	5138.0	8.48549960734003	3.2457237633098686
TRD	Pbre1_07G491000	old	9638.0	15.917330715364578	4.080430047062686
TRD	Pbre1_11G066400	old	2997.0	4.949599517944349	2.5727925603666506
TD	Pbre1_13G300800	old	7558.0	12.48217322543323	3.752981161796459
TRD	Pbre1_16G500200	old	4006.0	6.615981204165854	2.9290299181560755
TD	Pbre1_11G351800	old	5305.0	8.761303117348941	3.28707375797699
TRD	Pbre1_17G090200	old	8114.0	13.400417246780263	3.8480387087174392
TRD	Pbre1_16G095600	old	10462.0	17.278181567145072	4.1920506436993
PD	Pbre1_10G240800	old	8649.0	14.283979389623182	3.933948312229023
TRD	Pbre1_05G082000	old	5037.0	8.318696286915479	3.220128131707388
TRD	Pbre1_14G400600	old	7633.0	12.60603707723364	3.7661750205421725
TD	Pbre1_10G390600	old	5360.0	8.852136608669241	3.3004366322302228
TD	Pbre1_03G026200	old	8290.0	13.691084419005225	3.876868986913521
TRD	Pbre1_04G326200	old	6296.0	10.397957479138345	3.5107034106168027
TRD	Pbre1_11G353600	old	6046.0	9.985077973136983	3.457473205072658
TRD	Pbre1_10G167800	old	4927.0	8.137029304274877	3.1917251822821124
PD	Pbre1_01G402000	old	3781.0	6.244389648764626	2.856864145573326
TRD	Pbre1_07G198200	old	1272.0	2.1007309265349394	1.6326083380123548
TRD	Pbre1_17G488200	old	4538.0	7.494588792936756	3.0865441109469107
TD	Pbre1_04G056800	old	5568.0	9.195652357662375	3.349882182459079
TRD	Pbre1_07G245600	old	4672.0	7.715892208153487	3.123648354356065
TRD	Pbre1_10G326800	old	6312.0	10.424381767522434	3.51404419058101
TRD	Pbre1_03G335600	old	4433.0	7.321179400416183	3.0567880229029094
TRD	Pbre1_06G307000	old	7506.0	12.396294288184947	3.743762069344237
PD	Pbre1_15G030400	old	5421.0	8.952879208133572	3.315113934542863
TRD	Pbre1_05G321800	old	9836.0	16.244331284117656	4.108050278670588
TRD	Pbre1_10G246000	old	6216.0	10.26583603721791	3.4938824747716772
TRD	Pbre1_17G308400	old	4506.0	7.441740216168581	3.077540432871525
TRD	Pbre1_14G187600	old	8684.0	14.341782520463374	3.939394210324781
TRD	Pbre1_14G221400	old	6521.0	10.769549034539574	3.5569871376003714
TRD	Pbre1_06G034200	old	5237.0	8.648999891716569	3.2703794163669095
TD	Pbre1_13G048800	old	4813.0	7.948756249538256	3.1616871821185373
TRD	Pbre1_15G075800	old	5222.0	8.624227121356487	3.2666706889591643
TRD	Pbre1_16G339800	old	5210.0	8.604408905068421	3.263696827220586
PD	Pbre1_05G108600	old	5292.0	8.73983338303687	3.283897092685188
TRD	Pbre1_09G470000	old	6142.0	10.143623703441506	3.4781465420073
TD	Pbre1_05G440000	old	4686.0	7.739013460489564	3.1274704243491582
TRD	Pbre1_09G074000	old	9360.0	15.458208704691062	4.0407354176766805
TD	Pbre1_17G163400	old	4688.0	7.7423164965375735	3.1280156087023814
TD	Pbre1_02G429200	old	10063.0	16.619225875566894	4.139078633787293
TRD	Pbre1_17G508800	old	5666.0	9.35750112401491	3.3726040717683876
PD	Pbre1_04G335800	old	9224.0	15.23360225342632	4.020911265845757
TRD	Pbre1_04G004000	old	9087.0	15.007344284137572	4.000662070704527
PD	Pbre1_14G213400	old	2771.0	4.576356444519117	2.4793227822078467
TRD	Pbre1_11G255200	old	6043.0	9.980123419064965	3.4568223655394243
TRD	Pbre1_02G414200	old	9409.0	15.539133087867327	4.047811711342615
TRD	Pbre1_17G226400	old	8250.0	13.625023698045005	3.870367057294468
TD	Pbre1_09G056000	old	6822.0	11.266655959765217	3.6166701011984643
TRD	Pbre1_15G547600	old	7670.0	12.667143244121842	3.772639811990347
TRD	Pbre1_01G075800	old	4588.0	7.5771646941370285	3.1005008228160356
TRD	Pbre1_16G310400	old	7885.0	13.022219619283016	3.8096428308459767
TRD	Pbre1_14G368400	old	11088.0	18.312031850172488	4.271428055445048
TD	Pbre1_15G283400	old	10997.0	18.16174370998799	4.2601569465297136
TRD	Pbre1_11G350800	old	5339.0	8.817454730165126	3.2953490404122374
TD	Pbre1_14G334800	old	8721.0	14.402888687351576	3.945129036983017
PD	Pbre1_08G137800	old	4311.0	7.119694201487517	3.0214253946142735
TRD	Pbre1_17G409400	old	4432.0	7.319527882392178	3.056501660450821
PD	Pbre1_05G242800	old	6298.0	10.401260515186356	3.511121431424435
TD	Pbre1_05G181600	old	10613.0	17.527560788769897	4.211601053447287
TRD	Pbre1_16G147400	old	6215.0	10.264184519193904	3.4936709670314623
TRD	Pbre1_14G399400	old	9169.0	15.14276876210602	4.012816141704993
PD	Pbre1_10G245000	old	7699.0	12.715037266818	3.777686637203372
PD	Pbre1_12G380200	old	7558.0	12.48217322543323	3.752981161796459
TRD	Pbre1_13G053400	old	9027.0	14.908253202697244	3.99170352488945
TD	Pbre1_02G022800	old	9908.0	16.36324058184605	4.117964324643103
TRD	Pbre1_16G463400	old	7066.0	11.669626357622548	3.6633020731976886
TRD	Pbre1_10G378400	old	4267.0	7.047027408431278	3.0084559465668304
TRD	Pbre1_02G335600	old	3667.0	6.056116594028005	2.8188743999311847
TRD	Pbre1_16G435800	old	3730.0	6.160162229540347	2.8399922753529236
TRD	Pbre1_06G036800	old	3271.0	5.402115456521844	2.678548694854368
TRD	Pbre1_06G256000	old	4385.0	7.241906535263921	3.042978103284052
TRD	Pbre1_15G438800	old	8283.0	13.679523792837186	3.87573326246524
PD	Pbre1_09G194400	old	6687.0	11.043701026524479	3.5902068949685937
TRD	Pbre1_08G209400	old	7840.0	12.94790130820277	3.8019761560080667
TD	Pbre1_13G073200	old	9559.0	15.786860791468149	4.069260560777687
TRD	Pbre1_09G375200	old	7415.0	12.246006148000452	3.727485527843659
TRD	Pbre1_04G094600	old	5561.0	9.184091731494338	3.348245414130861
TRD	Pbre1_06G146600	old	5822.0	9.61513793575976	3.4080512129929836
TRD	Pbre1_02G032600	old	10824.0	17.87603109183505	4.23848354782564
TRD	Pbre1_05G174800	old	3545.0	5.8546313950993385	2.7770790877754394
TD	Pbre1_04G236200	old	5902.0	9.747259377680198	3.4258969048118693
TD	Pbre1_08G295400	old	2900.0	4.78940226961582	2.5334144039699416
PD	Pbre1_05G089000	old	5002.0	8.260893156075287	3.2111513392416797
PD	Pbre1_13G195600	old	10078.0	16.64399864592698	4.141105649711784
TRD	Pbre1_03G004200	old	8430.0	13.922296942365989	3.8993977170962695
PD	Pbre1_15G459600	old	6278.0	10.368230154706248	3.5069357628576237
TRD	Pbre1_01G076000	old	4588.0	7.5771646941370285	3.1005008228160356
TRD	Pbre1_08G297800	old	5678.0	9.377319340302975	3.375361911038211
TRD	Pbre1_13G304200	old	5847.0	9.656425886359898	3.4136517411799563
TRD	Pbre1_17G322800	old	5711.0	9.431819435095155	3.3829188981016527
TRD	Pbre1_17G142200	old	8551.0	14.122130623270648	3.918589516395622
TD	Pbre1_04G005000	old	10100.0	16.6803320424551	4.14407346415885
TRD	Pbre1_01G348200	old	10020.0	16.548210600534663	4.1332520206108345
TRD	Pbre1_16G502200	old	6629.0	10.947912981132163	3.578686730271212
TD	Pbre1_09G076800	old	9421.0	15.558951304155393	4.049539403219667
TRD	Pbre1_09G176600	old	10877.0	17.963561547107336	4.245158037172807
PD	Pbre1_11G475000	old	5142.0	8.492105679436051	3.246728162726298
PD	Pbre1_05G393000	old	3666.0	6.054465076003999	2.818536690695695
TRD	Pbre1_08G380800	old	5708.0	9.426864881023139	3.382233532657158
PD	Pbre1_12G358000	old	5214.0	8.611014977164444	3.2646887957440573
TD	Pbre1_08G232600	old	5147.0	8.500363269556079	3.2479826794611704
TD	Pbre1_09G258800	old	5832.0	9.631653115999814	3.41029403388507
TRD	Pbre1_06G396800	old	8921.0	14.733192292152665	3.9757395206818846
TRD	Pbre1_17G240200	old	6701.0	11.066822278860554	3.5929738964050335
TRD	Pbre1_13G196800	old	10028.0	16.561422744726706	4.134337824932269
TD	Pbre1_01G270400	old	6109.0	10.089123608649327	3.4710734463728645
TD	Pbre1_13G245200	old	8753.0	14.45573726411975	3.9500705696541956
PD	Pbre1_17G390200	old	7894.0	13.037083281499063	3.811171288901411
TRD	Pbre1_03G106000	old	9157.0	15.122950545817954	4.011043880210944
TRD	Pbre1_04G143400	old	7525.0	12.427673130641052	3.747137417989971
PD	Pbre1_11G034000	old	5374.0	8.875257861005316	3.303818420069414
TRD	Pbre1_11G214800	old	5230.0	8.637439265548531	3.26864986329558
TRD	Pbre1_07G100800	old	4548.0	7.5111039731768106	3.0893462756631593
PD	Pbre1_12G315400	old	6901.0	11.397125883661646	3.6319337837249352
PD	Pbre1_17G018600	old	6027.0	9.953699130680878	3.4533462538705697
TRD	Pbre1_09G390200	old	7047.0	11.638247515166443	3.659724520707428
TRD	Pbre1_15G092400	old	9048.0	14.942935081201359	3.9948453476343553
PD	Pbre1_17G220400	old	3731.0	6.161813747564353	2.8403249999542695
TRD	Pbre1_07G169600	old	4128.0	6.817466403094519	2.9667011139337403
PD	Pbre1_12G159000	old	993.0	1.6399573978374171	1.400514648362287
TD	Pbre1_17G170600	old	4851.0	8.011513934450464	3.1717694991848058
TRD	Pbre1_06G143600	old	7074.0	11.68283850181459	3.66480576104316
PD	Pbre1_08G089800	old	9603.0	15.859527584524386	4.075492206433515
TD	Pbre1_01G222000	old	8127.0	13.421886981092335	3.850188036176154
PD	Pbre1_16G334200	old	5527.0	9.12794011867815	3.3402688748747194
PD	Pbre1_15G459800	old	6812.0	11.250140779525163	3.614726423768741
TD	Pbre1_15G759000	old	5315.0	8.777818297588995	3.289512595814146
TD	Pbre1_01G125400	old	7458.0	12.317021423032685	3.7351995302430763
TRD	Pbre1_08G277000	old	7021.0	11.595308046542302	3.6548145017379436
TRD	Pbre1_06G022400	old	7211.0	11.90909647110334	3.690316122467006
TRD	Pbre1_07G164000	old	4268.0	7.048678926455283	3.00875200525751
TD	Pbre1_01G197200	old	6807.0	11.241883189405135	3.613753602185488
PD	Pbre1_16G450600	old	5651.0	9.332728353654828	3.3691493425625536
TRD	Pbre1_02G192000	old	5615.0	9.27327370479063	3.3608240822954287
PD	Pbre1_10G198800	old	4240.0	7.0024364217831305	3.0004393098099
TD	Pbre1_15G030000	old	10499.0	17.339287734033277	4.1968657031478935
TRD	Pbre1_09G216000	old	7078.0	11.689444573910613	3.6655570176517673
PD	Pbre1_07G158400	old	7482.0	12.356657855608816	3.739487152224885
TRD	Pbre1_12G315800	old	5899.0	9.742304823608182	3.425231659984267
TRD	Pbre1_11G299400	old	6537.0	10.795973322923661	3.5602225596894717
TRD	Pbre1_17G189600	old	8464.0	13.978448555182172	3.9048162942742297
PD	Pbre1_06G075400	old	7910.0	13.06350756988315	3.8138845557682113
PD	Pbre1_16G162000	old	11781.0	19.456533840808266	4.354489810141417
TD	Pbre1_02G067000	old	7612.0	12.571355198729524	3.7624928864522236
TRD	Pbre1_07G021800	old	5007.0	8.269150746195315	3.2124371629739166
TD	Pbre1_11G039200	old	6539.0	10.799276358971671	3.560626477751091
TD	Pbre1_15G384600	old	8567.0	14.148554911654735	3.921108270022788
TD	Pbre1_05G513600	old	7460.0	12.320324459080695	3.7355573191738394
TD	Pbre1_01G388000	old	6558.0	10.830655201427776	3.564458069636512
TD	Pbre1_09G226400	old	9287.0	15.337647888938665	4.030128390291254
TD	Pbre1_14G114800	old	6186.0	10.216290496497745	3.4875237149360387
PD	Pbre1_17G145800	old	9766.0	16.128725022437276	4.0983458632232646
TRD	Pbre1_16G365400	old	4413.0	7.288149039936074	3.0510499462246825
TRD	Pbre1_09G039800	old	8879.0	14.663828535144438	3.9693649724971025
TD	Pbre1_10G382600	old	9356.0	15.451602632595039	4.040156225806936
TRD	Pbre1_07G427000	old	6869.0	11.344277306893472	3.6257704715640533
TD	Pbre1_16G204600	old	8811.0	14.551525309512066	3.9589841831885093
TD	Pbre1_13G089000	old	7787.0	12.86037085293048	3.7928939541320377
PD	Pbre1_02G488000	old	8123.0	13.415280908996314	3.849527045633967
TRD	Pbre1_07G184200	old	5462.0	9.020591447117797	3.3248957583747467
TRD	Pbre1_11G127400	old	3518.0	5.810040408451192	2.7676633587218085
PD	Pbre1_08G313400	old	2766.0	4.568098854399089	2.4771848245999566
TD	Pbre1_11G130000	old	7769.0	12.830643528498383	3.789796380354349
TRD	Pbre1_17G082400	old	8736.0	14.427661457711658	3.947447488030499
TRD	Pbre1_05G028200	old	7155.0	11.816611461759031	3.6799429782556743
TD	Pbre1_13G088200	old	9096.0	15.022207946353621	4.002001067463117
TD	Pbre1_08G387400	old	4351.0	7.185754922447736	3.0331154738342443
TD	Pbre1_11G159200	old	5640.0	9.314561655390767	3.366610606268672
TRD	Pbre1_12G427400	old	7440.0	12.287294098600587	3.7319754306528172
TRD	Pbre1_03G240600	old	6136.0	10.133714595297473	3.476863101236222
TD	Pbre1_02G194200	old	8978.0	14.827328819520977	3.984345887064493
PD	Pbre1_11G045800	old	7482.0	12.356657855608816	3.739487152224885
TRD	Pbre1_12G349400	old	8767.0	14.478858516455826	3.9522271792011594
TD	Pbre1_03G074400	old	7537.0	12.447491346929116	3.7492651554826653
PD	Pbre1_07G348200	old	5658.0	9.344288979822867	3.370762579086091
TD	Pbre1_09G122400	old	7529.0	12.434279202737073	3.747847012551568
TRD	Pbre1_10G180600	old	6852.0	11.316201500485379	3.622485470936882
TRD	Pbre1_06G097800	old	6534.0	10.791018768851645	3.559616470480061
TRD	Pbre1_05G002800	old	6828.0	11.27656506790925	3.6178350519553093
PD	Pbre1_12G331200	old	6588.0	10.880200742147938	3.570487308741068
TRD	Pbre1_03G250600	old	5697.0	9.40869818275908	3.3797177367503015
TD	Pbre1_17G429800	old	7206.0	11.90083888098331	3.689392975271182
TRD	Pbre1_10G190400	old	5398.0	8.914894293581447	3.3095973914214682
TD	Pbre1_02G045000	old	10318.0	17.04036297168829	4.17315646076373
TRD	Pbre1_01G165000	old	6614.0	10.92314021077208	3.5756923449384432
TRD	Pbre1_10G068600	old	8484.0	14.011478915662282	3.90799421169854
TRD	Pbre1_13G447200	old	7274.0	12.013142106615682	3.7018974469749772
TD	Pbre1_05G023200	old	5673.0	9.369061750182947	3.3742134519510083
TD	Pbre1_14G432000	old	8570.0	14.153509465726751	3.921580047164054
TRD	Pbre1_04G358800	old	6875.0	11.354186415037505	3.626928099998519
TD	Pbre1_11G355200	old	4838.0	7.990044200138393	3.168328208861381
TD	Pbre1_13G054400	old	8084.0	13.3508717060601	3.8430664671760786
TRD	Pbre1_08G072000	old	9459.0	15.621708989067601	4.054996817747639
TRD	Pbre1_14G118800	old	8630.0	14.252600547167079	3.930983336031432
PD	Pbre1_02G173000	old	6096.0	10.067653874337255	3.4682775263488987
TRD	Pbre1_08G010800	old	10933.0	18.05604655645164	4.252176937901852
TD	Pbre1_01G324800	old	5189.0	8.569727026564308	3.2584777728786287
TD	Pbre1_04G236000	old	7251.0	11.975157192063556	3.6976801116082334
TRD	Pbre1_14G119000	old	7082.0	11.696050646006634	3.666307883261066
PD	Pbre1_17G449800	old	3888.0	6.42110207733321	2.8916334514603825
TRD	Pbre1_07G477800	old	4395.0	7.258421715503976	3.0458660914775035
PD	Pbre1_08G056400	old	9420.0	15.557299786131388	4.049395507894157
PD	Pbre1_11G029200	old	6859.0	11.327762126653418	3.6238390242465663
PD	Pbre1_05G436400	old	8312.0	13.727417815533343	3.880432597135681
TD	Pbre1_08G058000	old	6906.0	11.405383473781674	3.6328944272295374
TD	Pbre1_03G370600	old	9224.0	15.23360225342632	4.020911265845757
TRD	Pbre1_17G181000	old	5619.0	9.279879776886654	3.361751487210628
TD	Pbre1_04G288000	old	7148.0	11.805050835590993	3.6786410752815057
TRD	Pbre1_08G246600	old	5688.0	9.39383452054303	3.3776560901495154
TD	Pbre1_08G109000	old	9772.0	16.13863413058131	4.099180232835096
TD	Pbre1_14G333800	old	6507.0	10.746427782203497	3.5541501789578973
TD	Pbre1_10G569800	old	7903.0	13.051946943715112	3.81269812935109
TRD	Pbre1_07G217600	old	5988.0	9.889289927744665	3.4448379762956263
PD	Pbre1_05G371200	old	5488.0	9.063530915741937	3.331064676459556
TRD	Pbre1_03G212800	old	6717.0	11.093246567244643	3.5961296990854317
TRD	Pbre1_05G032000	old	2845.0	4.698568778295519	2.510599625290041
TRD	Pbre1_15G570800	old	8648.0	14.282327871599177	3.93379241267301
TRD	Pbre1_11G423400	old	10867.0	17.94704636686728	4.243901060751167
TRD	Pbre1_08G237600	old	7521.0	12.42106705854503	3.74642747424007
PD	Pbre1_01G145600	old	7491.0	12.371521517824865	3.7410917309490435
PD	Pbre1_11G283800	old	2925.0	4.830690220215957	2.5436666755941664
TRD	Pbre1_08G230800	old	5053.0	8.345120575299566	3.224213278444967
TRD	Pbre1_03G384200	old	8268.0	13.654751022477104	3.8732965523935703
PD	Pbre1_14G213600	old	3229.0	5.332751699513615	2.662832513970726
TRD	Pbre1_04G078600	old	7079.0	11.691096091934618	3.665744770694376
TRD	Pbre1_10G153200	old	8016.0	13.238568480427729	3.831732202567909
TRD	Pbre1_05G214000	old	1972.0	3.256793543338758	2.089767120369973
TD	Pbre1_07G114800	old	7718.0	12.746416109274104	3.7809836309554936
TD	Pbre1_13G245000	old	8571.0	14.155160983750756	3.9217372719337447
TRD	Pbre1_11G391600	old	7163.0	11.829823605951077	3.6814294301965615
TRD	Pbre1_13G096400	old	6318.0	10.434290875666466	3.515294991298764
TRD	Pbre1_10G098000	old	6471.0	10.6869731333393	3.546829422450053
TD	Pbre1_11G409000	old	7973.0	13.167553205395496	3.8245187152995865
TRD	Pbre1_10G081000	old	6397.0	10.564760799562897	3.531663521098972
TRD	Pbre1_05G088000	old	5677.0	9.375667822278968	3.3751322923477027
TD	Pbre1_03G150200	old	8087.0	13.355826260132117	3.8435644631956074
TRD	Pbre1_07G000200	old	9357.0	15.453254150619044	4.040301045575086
TRD	Pbre1_09G282000	old	6191.0	10.224548086617773	3.4885854564399876
TD	Pbre1_12G324800	old	8900.0	14.698510413648552	3.972555767329355
TRD	Pbre1_10G266800	old	4918.0	8.122165642058828	3.1893763671708024
TRD	Pbre1_13G345600	old	7900.0	13.046992389643096	3.812189362057151
TRD	Pbre1_17G149000	old	7441.0	12.288945616624593	3.7321547364456436
TRD	Pbre1_17G265200	old	5483.0	9.055273325621911	3.329880392856822
TD	Pbre1_05G032800	old	7725.0	12.757976735442142	3.7821964160635706
TRD	Pbre1_17G488400	old	5457.0	9.01233385699777	3.323706397878491
PD	Pbre1_02G411800	old	4295.0	7.0932699131034305	3.0167227106021
TD	Pbre1_14G052400	old	5547.0	9.16097047915826	3.3449662960726783
TRD	Pbre1_12G294400	old	4476.0	7.392194675448418	3.069048144793927
TRD	Pbre1_05G430600	old	7029.0	11.608520190734346	3.656327057407813
TRD	Pbre1_08G351200	old	7946.0	13.122962218747347	3.8199708131058707
TD	Pbre1_04G235800	old	6688.0	11.045352544548484	3.590404714020295
TRD	Pbre1_06G100000	old	4331.0	7.152724561967626	3.0272822747011476
PD	Pbre1_02G038200	old	7526.0	12.429324648665057	3.7473148493533537
TD	Pbre1_06G170400	old	7152.0	11.811656907687015	3.6793851636912627
TRD	Pbre1_12G140600	old	6191.0	10.224548086617773	3.4885854564399876
TRD	Pbre1_03G333800	old	9480.0	15.656390867571714	4.058003924070261
PD	Pbre1_01G426200	old	10438.0	17.23854513456894	4.188918747040527
TRD	Pbre1_15G339000	old	6661.0	11.000761557900338	3.585054055799847
TRD	Pbre1_04G272000	old	9212.0	15.213784037138254	4.019148926922219
TRD	Pbre1_17G450400	old	5419.0	8.949576172085562	3.314635071640869
TRD	Pbre1_04G286600	old	7015.0	11.585398938398269	3.653679043394735
PD	Pbre1_09G137400	old	9870.0	16.300482896933847	4.112740402303625
TD	Pbre1_10G460200	old	8987.0	14.842192481737028	3.9857001060398343
TRD	Pbre1_11G393800	old	7201.0	11.892581290863284	3.6884692369965766
TD	Pbre1_05G037200	old	8188.0	13.522629580556668	3.86023079748763
PD	Pbre1_11G345000	old	3943.0	6.51193556865351	2.909184688766088
TRD	Pbre1_11G055800	old	8475.0	13.996615253446233	3.906565015069031
TD	Pbre1_15G412200	old	5636.0	9.307955583294746	3.3656863206765335
PD	Pbre1_02G376400	old	3227.0	5.329448663465604	2.662079836916529
TRD	Pbre1_10G543200	old	7635.0	12.60934011328165	3.7665252103423272
TRD	Pbre1_10G315000	old	6507.0	10.746427782203497	3.5541501789578973
PD	Pbre1_02G395600	old	7837.0	12.942946754130753	3.8014635928440694
PD	Pbre1_09G460400	old	5391.0	8.90333366741341	3.3079142480075574
TRD	Pbre1_05G022600	old	5377.0	8.880212415077333	3.304542058701093
TD	Pbre1_11G408600	old	9367.0	15.4697693308591	4.041748444271237
TD	Pbre1_09G156000	old	7077.0	11.687793055886607	3.665369240171705
PD	Pbre1_08G146000	old	5941.0	9.81166858061641	3.4345172883774673
TRD	Pbre1_06G143800	old	5087.0	8.401272188115751	3.232855996715543
TRD	Pbre1_07G367600	old	9352.0	15.44499656049902	4.039576801318414
TD	Pbre1_02G477400	old	7621.0	12.586218860945575	3.7640720948058553
TD	Pbre1_07G042400	old	8780.0	14.500328250767899	3.954226862692722
TD	Pbre1_02G217200	old	9691.0	16.004861170636868	4.087875322676645
TD	Pbre1_02G470600	old	10126.0	16.72327151107924	4.147573028191909
TRD	Pbre1_01G045000	old	3092.0	5.106493730224868	2.6103442409286077
TRD	Pbre1_07G280200	old	7566.0	12.495385369625275	3.7543942693882486
TD	Pbre1_04G247800	old	7134.0	11.781929583254918	3.676033739471058
PD	Pbre1_07G159400	old	5377.0	8.880212415077333	3.304542058701093
TRD	Pbre1_07G228400	old	5771.0	9.530910516535481	3.3965582739766376
TRD	Pbre1_16G253800	old	8794.0	14.523449503103974	3.9563772727765554
TD	Pbre1_03G338000	old	6839.0	11.294731766173308	3.619968354926449
TRD	Pbre1_06G269600	old	9612.0	15.874391246740437	4.076763551945639
TD	Pbre1_10G059800	old	7554.0	12.475567153337208	3.7522740886137997
TD	Pbre1_10G462000	old	6464.0	10.675412507171263	3.5454016179732184
TRD	Pbre1_15G609800	old	5034.0	8.313741732843463	3.2193608772288913
TRD	Pbre1_16G421600	old	4163.0	6.875269533934711	2.977329301102015
TRD	Pbre1_10G245800	old	6216.0	10.26583603721791	3.4938824747716772
TRD	Pbre1_08G260400	old	7870.0	12.997446848922934	3.8070917967499565
TRD	Pbre1_04G162600	old	6864.0	11.336019716773446	3.6248050711275046
TD	Pbre1_01G368400	old	8826.0	14.576298079872148	3.9612804928305843
PD	Pbre1_14G311400	old	3798.0	6.272465455172719	2.8624445384181394
PD	Pbre1_15G488800	old	9059.0	14.96110177946542	3.9964883377325666
TRD	Pbre1_07G102000	old	3940.0	6.506981014581494	2.9082328343751014
PD	Pbre1_09G392600	old	6270.0	10.355018010514204	3.5052580892332568
TRD	Pbre1_09G374400	old	8512.0	14.057721420334435	3.912431568463408
TRD	Pbre1_16G035200	old	9045.0	14.937980527129342	3.994396934499998
TRD	Pbre1_07G245800	old	4672.0	7.715892208153487	3.123648354356065
TD	Pbre1_17G033200	old	6744.0	11.13783755389279	3.601439512513748
TD	Pbre1_15G063800	old	6140.0	10.140320667393494	3.477718855267292
TRD	Pbre1_03G227600	old	4944.0	8.16510511068297	3.19615142651437
TRD	Pbre1_11G457800	old	6066.0	10.018108333617091	3.4618046480186124
PD	Pbre1_06G030000	old	7505.0	12.39464277016094	3.7435842004730584
TRD	Pbre1_04G014200	old	10136.0	16.739786691319296	4.148916757219349
TRD	Pbre1_13G252000	old	9135.0	15.086617149289834	4.007789068863016
TRD	Pbre1_14G300600	old	6992.0	11.547414023846143	3.649318155525867
TRD	Pbre1_10G315200	old	6153.0	10.161790401705566	3.480496555431524
TRD	Pbre1_15G376400	old	5318.0	8.782772851661012	3.290243443945252
TRD	Pbre1_03G481000	old	4040.0	6.67213281698204	2.939627695948164
TRD	Pbre1_06G402200	old	4681.0	7.730755870369536	3.1261065614409
TD	Pbre1_03G062400	old	10346.0	17.08660547636044	4.176849760892104
TRD	Pbre1_04G128800	old	7623.0	12.589521896993586	3.7644227953657596
TRD	Pbre1_13G378800	old	12351.0	20.397899114491377	4.419397251986148
TD	Pbre1_11G163400	old	8490.0	14.021388023806315	3.90894622348793
TRD	Pbre1_16G446800	old	3378.0	5.578827885090428	2.7178305695232687
TRD	Pbre1_05G196600	old	9108.0	15.042026162641687	4.003784465494814
TRD	Pbre1_15G628800	old	5367.0	8.863697234837279	3.302128517045854
TD	Pbre1_02G507600	old	5303.0	8.75800008130093	3.286585495284072
TRD	Pbre1_03G059000	old	6664.0	11.005716111972355	3.585649554297319
TRD	Pbre1_06G139600	old	5982.0	9.879380819600634	3.4435245454176133
TRD	Pbre1_01G117400	old	6723.0	11.103155675388676	3.597311347649121
PD	Pbre1_12G283600	old	6523.0	10.772852070587584	3.557391962387472
PD	Pbre1_07G147000	old	6059.0	10.006547707449053	3.460290121794655
TD	Pbre1_11G449800	old	7503.0	12.39133973411293	3.743228396929191
TRD	Pbre1_02G141000	old	7463.0	12.325279013152713	3.7360938362528646
TRD	Pbre1_11G033600	old	7953.0	13.134522844915386	3.821151276189203
PD	Pbre1_02G488400	old	9157.0	15.122950545817954	4.011043880210944
TRD	Pbre1_12G142400	old	4297.0	7.096572949151441	3.0173113850979556
TD	Pbre1_14G427000	old	8993.0	14.852101589881059	3.9866022130003187
TD	Pbre1_06G233000	old	9809.0	16.19974029746951	4.1043148764204656
PD	Pbre1_03G057600	old	9968.0	16.462331663286378	4.126174303022458
TD	Pbre1_09G341600	old	7355.0	12.146915066560123	3.716652404647922
TD	Pbre1_05G441200	old	7627.0	12.596127969089608	3.765123940836787
PD	Pbre1_10G175000	old	6224.0	10.279048181409953	3.4955734213210263
PD	Pbre1_08G076800	old	7769.0	12.830643528498383	3.789796380354349
TD	Pbre1_17G019400	old	5533.0	9.137849226822183	3.3416797078873977
PD	Pbre1_13G437200	old	9252.0	15.279844758098472	4.025015037256305
TD	Pbre1_06G216400	old	5220.0	8.620924085308475	3.2661754708419397
PD	Pbre1_13G195800	old	8474.0	13.994963735422228	3.9064061280116698
TRD	Pbre1_03G424000	old	6131.0	10.125457005177445	3.475792694387648
PD	Pbre1_02G151200	old	6088.0	10.05444173014521	3.4665542631000203
TRD	Pbre1_16G310600	old	7885.0	13.022219619283016	3.8096428308459767
PD	Pbre1_07G061000	old	7545.0	12.46070349112116	3.750681905773935
TRD	Pbre1_09G064800	old	9640.0	15.92063375141259	4.080711699568478
TD	Pbre1_07G061200	old	4476.0	7.392194675448418	3.069048144793927
TD	Pbre1_05G390000	old	10848.0	17.915667524411177	4.241509784156754
PD	Pbre1_06G311000	old	7680.0	12.683658424361896	3.7743820915634485
TD	Pbre1_11G093200	old	7186.0	11.867808520503202	3.685694468118737
PD	Pbre1_01G193200	old	7982.0	13.182416867611545	3.8260315023450864
TRD	Pbre1_15G498400	old	4843.0	7.998301790258419	3.1696527536704515
TRD	Pbre1_02G467200	old	7521.0	12.42106705854503	3.74642747424007
TRD	Pbre1_12G401000	old	7508.0	12.399597324232957	3.7441177413121194
TRD	Pbre1_03G112200	old	7652.0	12.637415919689744	3.7694983966519677
TD	Pbre1_01G110600	old	5521.0	9.118031010534118	3.338856660836746
TD	Pbre1_11G181200	old	9765.0	16.12707350441327	4.098206754694637
PD	Pbre1_05G449800	old	6531.0	10.786064214779628	3.5590101265400835
PD	Pbre1_02G436800	old	5764.0	9.519349890367444	3.394973641825148
TRD	Pbre1_13G133600	old	7763.0	12.820734420354349	3.788762376058618
PD	Pbre1_01G236200	old	4151.0	6.8554513176466445	2.9736941647653237
PD	Pbre1_14G080800	old	8207.0	13.554008423012771	3.863344645654596
PD	Pbre1_09G398800	old	7152.0	11.811656907687015	3.6793851636912627
TD	Pbre1_06G317400	old	7152.0	11.811656907687015	3.6793851636912627
TRD	Pbre1_09G325800	old	6168.0	10.186563172065648	3.4836949626401577
TRD	Pbre1_05G367200	old	7543.0	12.457400455073149	3.75032784861153
TRD	Pbre1_09G473200	old	7228.0	11.937172277511431	3.693450411829954
PD	Pbre1_16G241800	old	8960.0	14.797601495088879	3.981633629630745
TRD	Pbre1_14G364200	old	10008.0	16.528392384246597	4.131621780338547
TRD	Pbre1_13G163600	old	11334.0	18.71830528407783	4.301463657590955
TRD	Pbre1_15G163400	old	10780.0	17.80336429877881	4.23291890694613
TD	Pbre1_09G100800	old	6743.0	11.136186035868784	3.601243200859189
TD	Pbre1_10G310000	old	4063.0	6.710117731534165	2.9467528898943565
PD	Pbre1_10G461600	old	7226.0	11.93386924146342	3.6930820251340615
TD	Pbre1_02G363200	old	5866.0	9.687804728816001	3.4178936493405656
TD	Pbre1_03G046600	old	7387.0	12.199763643328298	3.7224401916187397
PD	Pbre1_04G229200	old	5100.0	8.422741922427821	3.23614693056954
TRD	Pbre1_09G171200	old	8713.0	14.389676543159531	3.9438910046247253
PD	Pbre1_10G483000	old	5687.0	9.392183002519024	3.3774268363383375
TRD	Pbre1_09G395000	old	10357.0	17.1047721746245	4.178298117345892
TD	Pbre1_15G234000	old	5396.0	8.911591257533438	3.309116693643928
TRD	Pbre1_13G027600	old	11892.0	19.639852341472874	4.3673607445735865
TRD	Pbre1_02G163800	old	8906.0	14.708419521792585	3.973466128302731
PD	Pbre1_15G415600	old	5844.0	9.651471332287882	3.4129808246042863
TRD	Pbre1_02G144200	old	5248.0	8.66716658998063	3.2730931031895234
TD	Pbre1_04G035000	old	6055.0	9.999941635353032	3.4594239638545585
TRD	Pbre1_09G463600	old	6545.0	10.809185467115704	3.5618375538579414
PD	Pbre1_08G374000	old	7170.0	11.841384232119115	3.682728820492092
TRD	Pbre1_09G349000	old	6521.0	10.769549034539574	3.5569871376003714
TRD	Pbre1_09G286400	old	6699.0	11.063519242812545	3.592578935251929
PD	Pbre1_14G364600	old	3478.0	5.743979687490973	2.7536001909656163
TD	Pbre1_15G493800	old	7573.0	12.506945995793313	3.7556296041329076
TD	Pbre1_10G195600	old	7855.0	12.97267407856285	3.804536243816494
PD	Pbre1_07G162200	old	3079.0	5.085023995912797	2.6052629521281796
PD	Pbre1_01G243200	old	9176.0	15.154329388274057	4.013848956397932
PD	Pbre1_10G091800	old	4697.0	7.7571801587536235	3.130466391984637
TD	Pbre1_09G122200	old	7037.0	11.621732334926389	3.657838028939177
TRD	Pbre1_16G420000	old	4938.0	8.155196002538938	3.1945907728455496
PD	Pbre1_14G364800	old	3478.0	5.743979687490973	2.7536001909656163
PD	Pbre1_14G116800	old	5100.0	8.422741922427821	3.23614693056954
TD	Pbre1_17G084000	old	9118.0	15.05854134288174	4.005268948330192
TD	Pbre1_13G236800	old	8880.0	14.665480053168443	3.969517075238768
TRD	Pbre1_17G300200	old	4134.0	6.827375511238552	2.9685286585224278
TD	Pbre1_07G107600	old	4938.0	8.155196002538938	3.1945907728455496
PD	Pbre1_11G334600	old	6421.0	10.604397232139029	3.5365996815259364
TRD	Pbre1_07G165400	old	7963.0	13.15103802515544	3.8228359782496426
TRD	Pbre1_06G283400	old	5662.0	9.350895051918888	3.3716836192432376
PD	Pbre1_03G408200	old	8180.0	13.509417436364625	3.858917690202419
TD	Pbre1_12G070200	old	7602.0	12.55484001848947	3.7607361807008397
TRD	Pbre1_08G319200	old	5132.0	8.475590499195995	3.2442158518553934
TRD	Pbre1_01G111400	old	3830.0	6.325314031940893	2.8728906083557217
PD	Pbre1_09G024000	old	3840.0	6.341829212180948	2.8761395544258255
TD	Pbre1_12G084600	old	5676.0	9.374016304254964	3.3749026371053703
TRD	Pbre1_03G307000	old	7389.0	12.20306667937631	3.722801158506983
TRD	Pbre1_03G162400	old	5910.0	9.76047152187224	3.42766939279696
TRD	Pbre1_11G469400	old	5761.0	9.514395336295427	3.3942939805813053
TRD	Pbre1_10G371800	old	8503.0	14.042857758118386	3.9110067630877805
TRD	Pbre1_10G270400	old	6863.0	11.33436819874944	3.624611913494565
TRD	Pbre1_03G302400	old	8741.0	14.435919047831685	3.948219477825914
TD	Pbre1_14G373000	old	6511.0	10.75303385429952	3.554961307982993
TD	Pbre1_05G278400	old	6521.0	10.769549034539574	3.5569871376003714
TRD	Pbre1_15G694400	old	6822.0	11.266655959765217	3.6166701011984643
TD	Pbre1_10G328000	old	6155.0	10.165093437753578	3.480923419636612
TD	Pbre1_12G082800	old	6461.0	10.670457953099246	3.544789268931962
TD	Pbre1_17G360200	old	4407.0	7.278239931792041	3.0493240634256806
TD	Pbre1_10G567400	old	3067.0	5.065205779624731	2.6005565937724713
TD	Pbre1_16G319800	old	7844.0	12.954507380298791	3.8026592904096272
TD	Pbre1_10G031800	old	6647.0	10.977640305564261	3.5822718081244105
PD	Pbre1_11G224200	old	6995.0	11.552368577918159	3.6498877150950286
TD	Pbre1_15G412400	old	11505.0	19.000714866182765	4.321979660660641
TD	Pbre1_08G384600	old	4942.0	8.161802074634961	3.195631396186312
TRD	Pbre1_11G420200	old	7224.0	11.93056620541541	3.6927135443480004
TRD	Pbre1_13G010600	old	9558.0	15.78520927344414	4.0691186191660735
PD	Pbre1_10G348600	old	5458.0	9.013985375021775	3.3239443484315574
TRD	Pbre1_01G029400	old	5428.0	8.964439834301611	3.316788704111966
TD	Pbre1_08G030200	old	7707.0	12.728249411010044	3.7790757635570627
TRD	Pbre1_12G226800	old	3588.0	5.925646670131574	2.791948786574732
TD	Pbre1_11G117600	old	7849.0	12.962764970418819	3.803512753779087
TD	Pbre1_06G076000	old	10137.0	16.7414382093433	4.1490510613123766
TRD	Pbre1_16G492600	old	4544.0	7.504497901080789	3.0882260628135696
TRD	Pbre1_04G209600	old	6970.0	11.511080627318023	3.6451345005655083
TD	Pbre1_12G434000	old	8492.0	14.024691059854327	3.9092634211983053
TRD	Pbre1_14G165000	old	6192.0	10.226199604641778	3.488797711007206
PD	Pbre1_05G038200	old	4204.0	6.942981772918934	2.989680692690957
PD	Pbre1_10G086600	old	7629.0	12.59943100513762	3.7654743858307134
PD	Pbre1_05G307000	old	7380.0	12.18820301716026	3.7211760958038678
TRD	Pbre1_15G338200	old	7497.0	12.381430625968898	3.7421604594957807
PD	Pbre1_11G047000	old	7724.0	12.756325217418137	3.78202322345486
TD	Pbre1_01G310800	old	8452.0	13.958630338894109	3.9029061782848995
TRD	Pbre1_06G328400	old	9267.0	15.304617528458552	4.02720869382299
TRD	Pbre1_09G144800	old	9218.0	15.223693145282287	4.02003036548437
TRD	Pbre1_11G329800	old	7979.0	13.177462313539529	3.825527416229869
PD	Pbre1_07G420600	old	107.0	0.1767124285685837	0.23476178973154746
TD	Pbre1_13G351600	old	6848.0	11.309595428389358	3.621711441352473
TD	Pbre1_10G374000	old	7174.0	11.847990304215136	3.6834708041203257
PD	Pbre1_17G454400	old	3722.0	6.146950085348305	2.837327712455222
PD	Pbre1_13G270200	old	8206.0	13.552356904988766	3.8631809263554753
TRD	Pbre1_10G324200	old	5361.0	8.853788126693246	3.300678451571436
TRD	Pbre1_14G381200	old	11646.0	19.23357890756753	4.338679620692296
TRD	Pbre1_07G208600	old	6091.0	10.059396284217227	3.46720072806051
TRD	Pbre1_11G522000	old	8981.0	14.832283373592995	3.984797434645321
PD	Pbre1_05G116400	old	7236.0	11.950384421703474	3.6949230186720605
TRD	Pbre1_03G161800	old	8015.0	13.236916962403724	3.8315648560360556
TRD	Pbre1_06G328600	old	9267.0	15.304617528458552	4.02720869382299
PD	Pbre1_08G031800	old	8419.0	13.904130244101927	3.8976402817472726
TRD	Pbre1_08G212400	old	3872.0	6.394677788949123	2.886487285605254
TRD	Pbre1_06G116400	old	3572.0	5.899222381747486	2.7864337634534806
PD	Pbre1_05G029000	old	4403.0	7.27163385969602	3.0481723267926495
TRD	Pbre1_02G470400	old	11850.0	19.570488584464645	4.36250415564438
TD	Pbre1_10G503200	old	9582.0	15.824845706020271	4.072521369400216
TRD	Pbre1_06G024200	old	7082.0	11.696050646006634	3.666307883261066
TD	Pbre1_14G260400	old	6629.0	10.947912981132163	3.578686730271212
TRD	Pbre1_01G047400	old	7930.0	13.09653793036326	3.8172689792143175
TRD	Pbre1_11G244600	old	6915.0	11.420247135997723	3.634621975235701
TD	Pbre1_04G180400	old	7412.0	12.241051593928434	3.7269457992907538
TRD	Pbre1_06G074600	old	9474.0	15.646481759427681	4.057145390227788
TD	Pbre1_01G337000	old	6391.0	10.554851691418865	3.530426837563728
TD	Pbre1_01G152000	old	6491.0	10.72000349381941	3.5509010947256106
TD	Pbre1_01G128200	old	7958.0	13.142780435035412	3.821993873132522
TD	Pbre1_12G304200	old	7505.0	12.39464277016094	3.7435842004730584
PD	Pbre1_06G105600	old	5829.0	9.626698561927798	3.4096215536450933
PD	Pbre1_03G049000	old	10613.0	17.527560788769897	4.211601053447287
TRD	Pbre1_06G379600	old	6889.0	11.37730766737358	3.6296256261319155
TRD	Pbre1_15G436600	old	7161.0	11.826520569903066	3.6810579607681806
PD	Pbre1_05G422000	old	7641.0	12.619249221425683	3.7675752700155924
TD	Pbre1_14G244800	old	7974.0	13.1692047234195	3.8246868811054178
TRD	Pbre1_10G211000	old	7101.0	11.727429488462738	3.669869167801849
TRD	Pbre1_04G300800	old	7310.0	12.072596755479877	3.7084738430705424
TRD	Pbre1_17G166600	old	5319.0	8.784424369685016	3.2904869777372276
PD	Pbre1_01G269200	old	5676.0	9.374016304254964	3.3749026371053703
TD	Pbre1_10G382400	old	6247.0	10.317033095962078	3.500423881788099
TRD	Pbre1_10G038200	old	6289.0	10.386396852970307	3.509239383220602
TRD	Pbre1_03G050200	old	9837.0	16.24598280214166	4.108188441336143
PD	Pbre1_14G310400	old	6925.0	11.436762316237777	3.63653904994925
TRD	Pbre1_03G334600	old	8589.0	14.184888308182856	3.9245643917481305
TRD	Pbre1_07G386800	old	7065.0	11.667974839598543	3.6631140019712136
TRD	Pbre1_03G450200	old	6474.0	10.691927687411317	3.547440906347549
PD	Pbre1_05G462200	old	10407.0	17.187348075824772	4.184863291709954
TD	Pbre1_15G148000	old	6749.0	11.146095144012817	3.6024206702959924
TD	Pbre1_15G013000	old	10097.0	16.675377488383084	4.143669121509181
PD	Pbre1_03G235600	old	6451.0	10.653942772859192	3.5427462262923264
TD	Pbre1_07G269400	old	7189.0	11.872763074575218	3.686249849000734
TD	Pbre1_14G304000	old	7416.0	12.247657666024457	3.7276653924998264
TRD	Pbre1_09G286600	old	7639.0	12.615946185377673	3.7672253350378164
TRD	Pbre1_14G172600	old	5199.0	8.586242206804362	3.260965391671993
PD	Pbre1_12G205800	old	5167.0	8.533393630036187	3.252989865940405
TRD	Pbre1_02G275400	old	6428.0	10.615957858307066	3.538036219370019
TD	Pbre1_03G018400	old	10998.0	18.163395228012	4.260281284597659
PD	Pbre1_01G304800	old	3553.0	5.867843539291382	2.7798571727617722
TRD	Pbre1_12G111800	old	5301.0	8.754697045252918	3.286097067288603
TD	Pbre1_13G017000	old	10271.0	16.96274162456003	4.1669356580117265
TD	Pbre1_07G446400	old	7219.0	11.922308615295382	3.691791930422771
TD	Pbre1_15G752400	old	9252.0	15.279844758098472	4.025015037256305
PD	Pbre1_05G268000	old	7671.0	12.668794762145849	3.772814134661515
PD	Pbre1_04G304800	old	8174.0	13.499508328220593	3.8579320748196873
TRD	Pbre1_07G417800	old	9113.0	15.050283752761713	4.004526897847621
PD	Pbre1_01G130200	old	6005.0	9.91736573415276	3.4485528833114065
TRD	Pbre1_12G363200	old	10761.0	17.771985456322703	4.230509342632358
TRD	Pbre1_05G237000	old	9201.0	15.195617338874195	4.0175315562132825
TRD	Pbre1_01G051800	old	6725.0	11.106458711436687	3.5977050155266648
TRD	Pbre1_13G346200	old	8831.0	14.584555669992175	3.9620451178752223
PD	Pbre1_17G488000	old	9145.0	15.103132329529888	4.009269438925415
PD	Pbre1_15G241200	old	8808.0	14.54657075544005	3.9585244823351156
TRD	Pbre1_07G303600	old	7402.0	12.22453641368838	3.7251452444179454
TRD	Pbre1_14G127600	old	6355.0	10.49539704255467	3.522984391429083
TRD	Pbre1_09G368800	old	6019.0	9.940486986488835	3.4516050521545423
PD	Pbre1_02G092400	old	5148.0	8.502014787580084	3.2482334519552243
TD	Pbre1_10G060800	old	5291.0	8.738181865012864	3.283652443850228
TRD	Pbre1_07G078800	old	6743.0	11.136186035868784	3.601243200859189
PD	Pbre1_04G351800	old	9585.0	15.82980026009229	4.072946149423061
TRD	Pbre1_03G315800	old	5243.0	8.658908999860603	3.2718602419202547
TD	Pbre1_15G153400	old	10092.0	16.667119898263056	4.142994965158412
TD	Pbre1_17G151800	old	8875.0	14.657222463048415	3.9687564011184118
PD	Pbre1_13G270400	old	3810.0	6.292283671460785	2.8663706836274074
TD	Pbre1_08G388600	old	6531.0	10.786064214779628	3.5590101265400835
TRD	Pbre1_03G438200	old	7621.0	12.586218860945575	3.7640720948058553
TRD	Pbre1_13G019400	old	6830.0	11.27986810395726	3.6182231599286236
PD	Pbre1_01G138600	old	8056.0	13.304629201387947	3.838410196096023
TD	Pbre1_10G037000	old	6411.0	10.587882051898974	3.5345450001065526
TRD	Pbre1_03G418000	old	6245.0	10.313730059914068	3.5000027493916916
TRD	Pbre1_05G360000	old	8821.0	14.56804048975212	3.9605154623215313
TD	Pbre1_10G118400	old	6028.0	9.955350648704885	3.4535637563995865
PD	Pbre1_02G401400	old	10161.0	16.781074641919428	4.152270614427175
TRD	Pbre1_08G274600	old	5098.0	8.419438886379812	3.2356411214146963
TD	Pbre1_02G126600	old	7448.0	12.30050624279263	3.7334092534008123
TD	Pbre1_09G306000	old	5677.0	9.375667822278968	3.3751322923477027
TRD	Pbre1_05G132200	old	2023.0	3.341020962563036	2.118034389306462
TRD	Pbre1_15G710000	old	7548.0	12.465658045193177	3.7512128286511714
PD	Pbre1_05G212000	old	5187.0	8.566423990516297	3.257979733981526
TD	Pbre1_03G462800	old	5530.0	9.132894672750167	3.340974463840384
PD	Pbre1_12G388000	old	6301.0	10.406215069258375	3.5117482356207597
TRD	Pbre1_10G350400	old	5897.0	9.73900178756017	3.4247879929531915
TRD	Pbre1_03G431400	old	8401.0	13.87440291966983	3.8947598525771774
PD	Pbre1_05G249200	old	4760.0	7.861225794265968	3.1475062839931915
TD	Pbre1_07G412400	old	4557.0	7.52596763539286	3.091863578836116
TD	Pbre1_12G008400	old	8070.0	13.327750453724024	3.8407402101386405
PD	Pbre1_09G064400	old	10141.0	16.74804428143932	4.14958815269235
TRD	Pbre1_01G039600	old	4975.0	8.21630216942714	3.204188018341373
TRD	Pbre1_04G052600	old	7505.0	12.39464277016094	3.7435842004730584
TRD	Pbre1_11G185000	old	7776.0	12.84220415466642	3.7910017827909477
TRD	Pbre1_03G063800	old	12153.0	20.0708985457383	4.397179932528107
TD	Pbre1_17G110600	old	8695.0	14.359949218727435	3.941101541284244
TRD	Pbre1_04G338600	old	9235.0	15.25176895169038	4.022524854193666
PD	Pbre1_06G171000	old	7472.0	12.340142675368762	3.737702191390837
TD	Pbre1_14G121400	old	5285.0	8.72827275686883	3.282183678973267
TRD	Pbre1_13G456000	old	8061.0	13.312886791507974	3.839242776020112
TD	Pbre1_04G319400	old	8645.0	14.27737331752716	3.93332461289919
TRD	Pbre1_03G336800	old	7917.0	13.07506819605119	3.815070007307717
PD	Pbre1_02G421400	old	9197.0	15.189011266778172	4.016942971567096
TRD	Pbre1_17G295400	old	4990.0	8.241074939787222	3.2080606784919983
PD	Pbre1_03G048600	old	8779.0	14.498676732743892	3.9540731392511668
TD	Pbre1_15G206000	old	8977.0	14.825677301496972	3.9841953397922234
TD	Pbre1_07G412600	old	4829.0	7.975180537922344	3.1659409593864547
TD	Pbre1_06G007400	old	6927.0	11.440065352285789	3.6369221593889134
TD	Pbre1_07G494400	old	6005.0	9.91736573415276	3.4485528833114065
PD	Pbre1_02G431800	old	11067.0	18.27734997166837	4.268834834966451
TRD	Pbre1_14G152000	old	5400.0	8.918197329629459	3.310077929086592
TRD	Pbre1_05G307600	old	11393.0	18.81574484749415	4.308575292200305
TD	Pbre1_09G191600	old	9006.0	14.87357132419313	3.988554845118382
TD	Pbre1_17G099600	old	8262.0	13.644841914333071	3.8723207148278465
TD	Pbre1_17G075200	old	9800.0	16.184876635253463	4.103067589987338
PD	Pbre1_15G234600	old	4295.0	7.0932699131034305	3.0167227106021
TRD	Pbre1_16G395400	old	6823.0	11.268307477789222	3.6168643249944634
PD	Pbre1_02G279400	old	5843.0	9.649819814263875	3.4127571163932156
PD	Pbre1_04G043600	old	3090.0	5.103190694176857	2.6095636681182137
PD	Pbre1_03G270600	old	4095.0	6.76296630830234	2.9566080261955614
TD	Pbre1_17G454200	old	3424.0	5.654797714194679	2.73439481322002
PD	Pbre1_17G261200	old	3822.0	6.31210188774885	2.8702861732304847
TD	Pbre1_09G020800	old	10889.0	17.983379763395405	4.246664964686339
TD	Pbre1_10G453800	old	6701.0	11.066822278860554	3.5929738964050335
TD	Pbre1_05G462800	old	8630.0	14.252600547167079	3.930983336031432
PD	Pbre1_01G195200	old	8963.0	14.802556049160895	3.982086026783391
TD	Pbre1_09G202600	old	8439.0	13.937160604582038	3.900834028087923
TD	Pbre1_08G387800	old	4875.0	8.051150367026594	3.178101164939901
TRD	Pbre1_17G132000	old	4873.0	8.047847330978582	3.177574586191314
TRD	Pbre1_03G208800	old	6998.0	11.557323131990175	3.650457049897292
TD	Pbre1_04G053400	old	8373.0	13.828160414997678	3.890267722701565
TRD	Pbre1_14G147000	old	5825.0	9.620092489831777	3.408724425440031
PD	Pbre1_11G019800	old	6786.0	11.20720131090102	3.609660573042651
TRD	Pbre1_12G194200	old	9237.0	15.255071987738392	4.022818040095773
TD	Pbre1_11G392200	old	6944.0	11.46814115869388	3.6401744886009793
TD	Pbre1_11G130400	old	5011.0	8.275756818291336	3.213464997469469
TRD	Pbre1_14G203600	old	7778.0	12.845507190714432	3.791345998583254
TRD	Pbre1_10G224200	old	7196.0	11.884323700743256	3.687544906885785
TRD	Pbre1_09G364600	old	6863.0	11.33436819874944	3.624611913494565
PD	Pbre1_08G152800	old	3746.0	6.186586517924435	2.8453066826224314
PD	Pbre1_02G038400	old	7910.0	13.06350756988315	3.8138845557682113
TRD	Pbre1_17G230200	old	5275.0	8.711757576628775	3.2797324097154505
PD	Pbre1_10G443600	old	9851.0	16.26910405447774	4.1101213306382975
TRD	Pbre1_17G148200	old	4670.0	7.712589172105477	3.1231015168342613
TD	Pbre1_14G057200	old	4485.0	7.407058337664466	3.071601084183251
TRD	Pbre1_01G377200	old	6265.0	10.346760420394178	3.504208551649449
TRD	Pbre1_12G254400	old	6910.0	11.411989545877697	3.63366248174282
TD	Pbre1_03G377600	old	7495.0	12.378127589920886	3.7418043046062195
TRD	Pbre1_17G321800	old	4691.0	7.74727105060959	3.1288329991367134
TD	Pbre1_15G680600	old	8516.0	14.064327492430456	3.913064363903923
TRD	Pbre1_05G355200	old	8002.0	13.215447228091653	3.829387582830022
TRD	Pbre1_05G255000	old	7387.0	12.199763643328298	3.7224401916187397
TRD	Pbre1_14G039600	old	8324.0	13.74723603182141	3.882372680762438
PD	Pbre1_06G035800	old	4565.0	7.539179779584903	3.094097500202319
TRD	Pbre1_05G127600	old	4640.0	7.663043631385311	3.1148739834339505
TRD	Pbre1_09G044800	old	8872.0	14.652267908976398	3.968299804056994
PD	Pbre1_06G267000	old	7094.0	11.7158688622947	3.6685581381578123
TD	Pbre1_10G534800	old	7957.0	13.141128917011407	3.8218253931083344
PD	Pbre1_06G028200	old	8940.0	14.76457113460877	3.978614017817647
PD	Pbre1_03G156400	old	6691.0	11.0503070986205	3.590998008480468
TRD	Pbre1_07G147800	old	5349.0	8.83396991040518	3.297773940863669
TRD	Pbre1_16G478400	old	9468.0	15.636572651283648	4.056286345175913
TD	Pbre1_08G385200	old	6267.0	10.350063456442188	3.504628458310032
TD	Pbre1_06G222600	old	9689.0	16.00155813458886	4.087595065370014
PD	Pbre1_05G243000	old	7700.0	12.716688784842006	3.7778603511622797
TD	Pbre1_10G296200	old	8120.0	13.410326354924297	3.849031103911424
TRD	Pbre1_04G095600	old	6838.0	11.293080248149304	3.6197745485913946
PD	Pbre1_11G096400	old	8026.0	13.255083660667784	3.833404601120531
TRD	Pbre1_03G246600	old	6261.0	10.340154348298157	3.5033683714998594
TRD	Pbre1_10G103200	old	3166.0	5.228706064001271	2.6389324924735615
TRD	Pbre1_09G362200	old	7037.0	11.621732334926389	3.657838028939177
TRD	Pbre1_16G443200	old	4234.0	6.992527313639097	2.9986517692759667
PD	Pbre1_07G277400	old	2087.0	3.446718116099385	2.152740953060226
PD	Pbre1_09G239200	old	9023.0	14.901647130601223	3.991104305936241
TRD	Pbre1_06G142600	old	5766.0	9.522652926415455	3.395426571501755
TD	Pbre1_05G481200	old	8153.0	13.464826449716476	3.854477108674376
PD	Pbre1_13G464400	old	3361.0	5.5507520786823354	2.7116605490773376
TRD	Pbre1_07G257600	old	8867.0	14.644010318856372	3.967538487679015
TD	Pbre1_15G403200	old	11816.0	19.51433697164846	4.358560621617324
TD	Pbre1_12G227000	old	3853.0	6.3632989464930185	2.880352275443391
TD	Pbre1_02G213600	old	8226.0	13.585387265468876	3.8664517875035775
TD	Pbre1_01G415600	old	10917.0	18.029622268067556	4.250175019747103
TD	Pbre1_02G495200	old	9924.0	16.38966487023014	4.120158224500473
TRD	Pbre1_16G399600	old	3967.0	6.5515720012296415	2.916776999710172
TRD	Pbre1_09G215600	old	8617.0	14.231130812855007	3.92895115145554
TD	Pbre1_04G218000	old	5483.0	9.055273325621911	3.329880392856822
TD	Pbre1_04G222400	old	3418.0	5.644888606050646	2.732245014573632
TRD	Pbre1_03G020200	old	10373.0	17.13119646300859	4.180402225391101
TRD	Pbre1_05G106600	old	3723.0	6.14860160337231	2.8376610520738184
TRD	Pbre1_14G163600	old	5605.0	9.256758524550577	3.358502958440864
TRD	Pbre1_07G438400	old	7571.0	12.503642959745303	3.755276759272106
TRD	Pbre1_06G167000	old	7451.0	12.305460796864647	3.73394656976007
TD	Pbre1_13G139400	old	9473.0	15.644830241403676	4.057002251569566
TRD	Pbre1_08G190400	old	4829.0	7.975180537922344	3.1659409593864547
TRD	Pbre1_02G323400	old	3242.0	5.3542214338256855	2.6677153663995
TRD	Pbre1_02G381600	old	5838.0	9.641562224143847	3.41163805470979
TRD	Pbre1_09G395200	old	10357.0	17.1047721746245	4.178298117345892
TRD	Pbre1_09G144200	old	5170.0	8.538348184108203	3.253739447265485
TRD	Pbre1_06G030200	old	6441.0	10.637427592619137	3.5407002863368
TRD	Pbre1_05G372400	old	6131.0	10.125457005177445	3.475792694387648
TD	Pbre1_09G061200	old	9160.0	15.12790509988997	4.0114871497306295
TD	Pbre1_02G237200	old	9233.0	15.248465915642369	4.022231608697921
PD	Pbre1_07G421400	old	6762.0	11.167564878324889	3.604968562077276
TD	Pbre1_15G673400	old	4656.0	7.689467919769399	3.1192678395239555
TRD	Pbre1_13G446800	old	6328.0	10.45080605590652	3.51737725232996
TRD	Pbre1_15G600000	old	7263.0	11.994975408351623	3.699881998548747
TRD	Pbre1_02G499400	old	11599.0	19.155957560439276	4.33313441863113
TRD	Pbre1_03G160800	old	7584.0	12.525112694057373	3.7575687098252475
PD	Pbre1_05G239600	old	7774.0	12.83890111861841	3.7906574848518364
PD	Pbre1_03G197600	old	11048.0	18.24597112921227	4.266484564578619
TD	Pbre1_11G500000	old	11287.0	18.640683936949575	4.295773263606432
TRD	Pbre1_02G081800	old	7082.0	11.696050646006634	3.666307883261066
TRD	Pbre1_01G412400	old	9424.0	15.563905858227411	4.049971003102961
PD	Pbre1_16G319400	old	9256.0	15.286450830194495	4.025600338557006
TD	Pbre1_05G492200	old	8297.0	13.702645045173263	3.8780038179952663
TD	Pbre1_01G409600	old	9134.0	15.08496563126583	4.00764094827588
PD	Pbre1_17G214800	old	6026.0	9.952047612656873	3.453128718545652
TRD	Pbre1_02G330200	old	7486.0	12.363263927704839	3.740200518657928
TRD	Pbre1_10G451400	old	9423.0	15.562254340203406	4.049827150821207
TD	Pbre1_07G344400	old	8578.0	14.166721609918795	3.922837365821307
PD	Pbre1_02G418000	old	8793.0	14.521797985079969	3.9562237783090803
PD	Pbre1_08G377000	old	9940.0	16.416089158614223	4.122348793169284
TRD	Pbre1_13G374600	old	5833.0	9.63330463402382	3.4105181243249354
TRD	Pbre1_03G252400	old	3234.0	5.341009289633642	2.664712490405794
TRD	Pbre1_05G338800	old	7659.0	12.648976545857781	3.77072087111877
PD	Pbre1_04G198600	old	5123.0	8.460726836979948	3.2419510254066415
TRD	Pbre1_02G373200	old	5460.0	9.017288411069785	3.3244201318310975
PD	Pbre1_15G556800	old	4270.0	7.0519819625032945	3.0093439404365756
TRD	Pbre1_14G384400	old	6381.0	10.53833651117881	3.52836333966256
TRD	Pbre1_14G190000	old	11473.0	18.947866289414588	4.318162532647854
TRD	Pbre1_06G131200	old	4814.0	7.950407767562261	3.1619534109622593
TD	Pbre1_09G068800	old	7104.0	11.732384042534754	3.670430673146029
TD	Pbre1_07G412200	old	4557.0	7.52596763539286	3.091863578836116
TRD	Pbre1_08G233000	old	5880.0	9.710925981152077	3.421011304262964
TRD	Pbre1_01G205600	old	6558.0	10.830655201427776	3.564458069636512
TD	Pbre1_10G209600	old	4373.0	7.222088318975856	3.039504868942004
TRD	Pbre1_04G345800	old	5850.0	9.661380440431914	3.414322345894967
TD	Pbre1_03G336000	old	8588.0	14.18323679015885	3.92440747479275
PD	Pbre1_15G209800	old	6726.0	11.108110229460692	3.597901809190238
TRD	Pbre1_17G414600	old	7993.0	13.200583565875604	3.8278783126663085
TRD	Pbre1_12G167000	old	3179.0	5.250175798313343	2.6438967689408046
TD	Pbre1_12G187600	old	6341.0	10.47227579021859	3.520079706431569
TD	Pbre1_11G120400	old	5207.0	8.599454350996405	3.262952402970861
TRD	Pbre1_01G366000	old	9488.0	15.66960301176376	4.059147841696425
TRD	Pbre1_10G282400	old	4416.0	7.293103594008091	3.0519121139945184
TRD	Pbre1_04G184000	old	6353.0	10.492094006506658	3.522569794311984
PD	Pbre1_02G122000	old	6127.0	10.118850933081424	3.474935796725619
TD	Pbre1_09G097600	old	11120.0	18.364880426940662	4.275370688017509
TD	Pbre1_07G068400	old	6594.0	10.89010985029197	3.571690138796783
TD	Pbre1_08G205800	old	5542.0	9.152712889038234	3.343793373884602
TD	Pbre1_09G137400	old	9870.0	16.300482896933847	4.112740402303625
TRD	Pbre1_17G008200	old	4917.0	8.120514124034823	3.1891151515050966
PD	Pbre1_09G481200	old	8398.0	13.869448365597814	3.8942792214317974
TRD	Pbre1_14G123200	old	3616.0	5.971889174803726	2.8015496365559898
PD	Pbre1_04G120400	old	7623.0	12.589521896993586	3.7644227953657596
TRD	Pbre1_07G112600	old	7380.0	12.18820301716026	3.7211760958038678
TRD	Pbre1_02G470200	old	9406.0	15.534178533795313	4.047379464900242
TRD	Pbre1_11G076600	old	5355.0	8.843879018549213	3.299226927156939
PD	Pbre1_02G127000	old	5366.0	8.862045716813272	3.3018869406576203
TRD	Pbre1_16G321400	old	4804.0	7.933892587322207	3.159288909144287
TRD	Pbre1_16G454400	old	4663.0	7.701028545937438	3.1211859515838283
TRD	Pbre1_11G220400	old	5716.0	9.440077025215182	3.3840604508072323
TD	Pbre1_17G030000	old	6664.0	11.005716111972355	3.585649554297319
PD	Pbre1_08G376000	old	10404.0	17.182393521752758	4.184470222619015
PD	Pbre1_07G158200	old	6280.0	10.371533190754258	3.5073548766089377
TD	Pbre1_02G045200	old	11176.0	18.457365436284967	4.282244474620078
TRD	Pbre1_16G413400	old	4978.0	8.221256723499156	3.204963382455796
TD	Pbre1_02G461200	old	8288.0	13.687781382957214	3.87654458543536
PD	Pbre1_12G307400	old	8830.0	14.58290415196817	3.9618922252828193
PD	Pbre1_14G237200	old	5908.0	9.75716848582423	3.427226474915439
TRD	Pbre1_08G240800	old	6730.0	11.114716301556713	3.5986887155140534
TRD	Pbre1_17G466000	old	10086.0	16.657210790119024	4.142185561482507
TD	Pbre1_10G425000	old	4738.0	7.824892397737847	3.141578687653348
TD	Pbre1_11G153400	old	9276.0	15.319481190674603	4.028523288499575
TRD	Pbre1_15G388000	old	10457.0	17.269923977025044	4.191398725667369
PD	Pbre1_02G075000	old	4836.0	7.986741164090382	3.167798050250326
TRD	Pbre1_07G334600	old	8430.0	13.922296942365989	3.8993977170962695
TRD	Pbre1_11G241000	old	6084.0	10.04783565804919	3.4656918589622845
TRD	Pbre1_07G082400	old	7495.0	12.378127589920886	3.7418043046062195
PD	Pbre1_04G065600	old	7413.0	12.24270311195244	3.7271257312447177
TD	Pbre1_11G089000	old	8662.0	14.305449123935253	3.935973474895509
TRD	Pbre1_12G386400	old	7571.0	12.503642959745303	3.755276759272106
TRD	Pbre1_11G163000	old	12477.0	20.605990385516066	4.433359458262338
PD	Pbre1_13G193200	old	7759.0	12.814128348258327	3.788072627915917
TRD	Pbre1_15G362000	old	10233.0	16.89998393964782	4.161886387952267
TD	Pbre1_10G056200	old	6897.0	11.390519811565625	3.6311648080992946
PD	Pbre1_07G333000	old	6090.0	10.057744766193222	3.4669852719251835
TRD	Pbre1_09G180800	old	4568.0	7.54413433365692	3.0949343297241025
PD	Pbre1_10G212600	old	5118.0	8.45246924685992	3.2406912504833523
TD	Pbre1_09G149400	old	7638.0	12.614294667353667	3.7670503357141616
TRD	Pbre1_01G125800	old	7474.0	12.343445711416773	3.738059360275442
TRD	Pbre1_05G254200	old	6650.0	10.982594859636277	3.582868455915395
TRD	Pbre1_04G224200	old	4944.0	8.16510511068297	3.19615142651437
TRD	Pbre1_03G366800	old	5234.0	8.644045337644553	3.269638433213481
PD	Pbre1_07G163400	old	7044.0	11.633292961094426	3.6591588321465895
PD	Pbre1_03G279200	old	7534.0	12.4425367928571	3.748733515230506
TD	Pbre1_02G448600	old	8070.0	13.327750453724024	3.8407402101386405
TD	Pbre1_10G025400	old	10380.0	17.142757089176627	4.181321808561592
PD	Pbre1_01G196200	old	5607.0	9.260061560598588	3.3589674820607756
TD	Pbre1_11G368800	old	4725.0	7.803422663425777	3.1380645350609324
TRD	Pbre1_07G371600	old	7537.0	12.447491346929116	3.7492651554826653
PD	Pbre1_15G488600	old	6369.0	10.518518294890745	3.5258832399577433
TRD	Pbre1_06G185600	old	5288.0	8.733227310940848	3.2829182483249646
TRD	Pbre1_15G706000	old	7683.0	12.688612978433913	3.7749043654049133
TD	Pbre1_11G359000	old	8680.0	14.335176448367353	3.9387728614088284
TRD	Pbre1_03G291000	old	5932.0	9.79680491840036	3.4325325359467516
TRD	Pbre1_04G055200	old	6986.0	11.53750491570211	3.648178361376477
TRD	Pbre1_03G457200	old	7849.0	12.962764970418819	3.803512753779087
TD	Pbre1_12G381600	old	7552.0	12.472264117289198	3.7519204220272497
TRD	Pbre1_06G114600	old	7548.0	12.465658045193177	3.7512128286511714
TRD	Pbre1_10G415400	old	6793.0	11.218761937069058	3.6110262067430083
TRD	Pbre1_07G364400	old	7721.0	12.75137066334612	3.781503520845249
TD	Pbre1_16G032200	old	6775.0	11.18903461263696	3.6075119620502516
TRD	Pbre1_09G481800	old	5092.0	8.409529778235779	3.234122629058216
TD	Pbre1_07G062200	old	7625.0	12.592824933041596	3.764773410695598
TRD	Pbre1_15G295800	old	10139.0	16.74474124539131	4.149319631996137
TRD	Pbre1_15G682200	old	9990.0	16.4986650598145	4.129172960656639
PD	Pbre1_08G031400	old	8294.0	13.697690491101246	3.8775175711190455
PD	Pbre1_09G104200	old	9461.0	15.62501202511561	4.0552834790241
TD	Pbre1_15G041800	old	180.0	0.29727324432098196	0.3754823860722102
TRD	Pbre1_05G058200	old	7544.0	12.459051973097154	3.750504888054043
TD	Pbre1_13G220800	old	7916.0	13.073416678027183	3.814900716713458
TRD	Pbre1_10G211200	old	7101.0	11.727429488462738	3.669869167801849
TD	Pbre1_02G462000	old	12128.0	20.029610595138163	4.394350230850332
TD	Pbre1_17G462200	old	5754.0	9.50283471012739	3.39270685804542
TD	Pbre1_10G463000	old	7435.0	12.27903650848056	3.7310785672601483
TD	Pbre1_10G236600	old	8462.0	13.975145519134163	3.904498117181101
TRD	Pbre1_08G256400	old	4049.0	6.686996479198088	2.9424200076800617
TRD	Pbre1_05G464000	old	9354.0	15.448299596547029	4.0398665426517
TD	Pbre1_10G101400	old	7974.0	13.1692047234195	3.8246868811054178
TD	Pbre1_10G562200	old	8343.0	13.778614874277514	3.8854391541106748
TRD	Pbre1_02G127800	old	8177.0	13.504462882292609	3.858424966679713
TD	Pbre1_01G423000	old	6991.0	11.545762505822138	3.6491282523572672
TD	Pbre1_10G153800	old	7116.0	11.75220225882282	3.6726745116595163
TRD	Pbre1_08G286400	old	6574.0	10.857079489811863	3.567676799170655
PD	Pbre1_15G702400	old	7067.0	11.671277875646553	3.663490119910198
TD	Pbre1_17G160800	old	6675.0	11.023882810236413	3.587830948216796
TRD	Pbre1_15G215000	old	4636.0	7.65643755928929	3.113773425304069
PD	Pbre1_01G426400	old	8865.0	14.64070728280836	3.967233848602216
TD	Pbre1_13G402200	old	6482.0	10.705139831603361	3.5490702641220593
TRD	Pbre1_07G050000	old	81.0	0.13377295994444185	0.1811317669501245
TRD	Pbre1_12G146200	old	5483.0	9.055273325621911	3.329880392856822
TD	Pbre1_02G173400	old	5524.0	9.122985564606134	3.339562940652855
TRD	Pbre1_15G337200	old	3717.0	6.138692495228277	2.8356598580936856
TD	Pbre1_09G042800	old	5830.0	9.628350079951804	3.4098457485559694
PD	Pbre1_04G065200	old	9055.0	14.954495707369398	3.995891103255429
TD	Pbre1_03G241800	old	5892.0	9.730744197440142	3.4236782280857714
TD	Pbre1_16G182400	old	8253.0	13.629978252117022	3.8708557197577305
TD	Pbre1_16G045200	old	6712.0	11.084988977124617	3.5951442520905763
TRD	Pbre1_16G054200	old	10413.0	17.197257183968805	4.185649108757048
PD	Pbre1_11G490000	old	8660.0	14.302146087887243	3.935662096382309
TRD	Pbre1_09G109000	old	9663.0	15.958618665964716	4.083946757422786
TRD	Pbre1_02G138400	old	751.0	1.240290036028097	1.1636855208776509
PD	Pbre1_10G491000	old	5911.0	9.762123039896247	3.4278908007560247
TRD	Pbre1_04G091800	old	8776.0	14.493722178671874	3.9536118706239245
PD	Pbre1_12G425400	old	10406.0	17.185696557800767	4.184732280578562
TD	Pbre1_10G506800	old	8051.0	13.29637161126792	3.8375771354122445
TD	Pbre1_07G236200	old	5744.0	9.486319529887336	3.3904365070559135
TRD	Pbre1_13G455200	old	7583.0	12.523461176033367	3.757392535149453
TD	Pbre1_15G149600	old	7821.0	12.916522465746667	3.7987268428405607
PD	Pbre1_04G183200	old	5522.0	9.119682528558124	3.3390921258623636
TD	Pbre1_16G286200	old	5604.0	9.255107006526572	3.358270640530559
PD	Pbre1_14G159800	old	2245.0	3.707657963892247	2.2350095048024334
PD	Pbre1_11G360200	old	3461.0	5.715903881082881	2.7475815823777734
TRD	Pbre1_04G161800	old	6607.0	10.911579584604043	3.5742928353580252
TD	Pbre1_01G188200	old	6766.0	11.17417095042091	3.605751624366154
TD	Pbre1_13G486000	old	5144.0	8.495408715484063	3.2472301003338537
TD	Pbre1_09G324200	old	9161.0	15.129556617913975	4.011634875976798
TRD	Pbre1_16G371600	old	4722.0	7.7984681093537604	3.1372523597247066
TRD	Pbre1_14G320800	old	5147.0	8.500363269556079	3.2479826794611704
TRD	Pbre1_03G000400	old	7616.0	12.577961270825549	3.7631949702524894
TRD	Pbre1_14G308200	old	7144.0	11.798444763494972	3.677896602900593
PD	Pbre1_07G061800	old	6753.0	11.152701216108838	3.6032051163686494
TRD	Pbre1_01G047200	old	7930.0	13.09653793036326	3.8172689792143175
TD	Pbre1_03G046200	old	8106.0	13.38720510258822	3.8467144523400028
TRD	Pbre1_04G042800	old	4510.0	7.448346288264603	3.078668970364351
PD	Pbre1_11G195200	old	7050.0	11.643202069238459	3.6602899875456454
PD	Pbre1_05G238800	old	8038.0	13.27490187695585	3.8354089236897906
TRD	Pbre1_16G313000	old	7237.0	11.95203593972748	3.69510698888281
TRD	Pbre1_08G353200	old	5718.0	9.443380061263193	3.3845168190939914
TD	Pbre1_13G245400	old	11274.0	18.6192142026375	4.294195354147839
PD	Pbre1_16G124800	old	6172.0	10.19316924416167	3.484546675033518
TD	Pbre1_02G454600	old	8876.0	14.65887398107242	3.968908568031656
TRD	Pbre1_03G478200	old	9981.0	16.48380139759845	4.127946990321754
TRD	Pbre1_16G435000	old	3924.0	6.480556726197406	2.9031456439411993
TD	Pbre1_09G450200	old	5785.0	9.554031768871559	3.3997223262185865
TD	Pbre1_01G260600	old	7856.0	12.974325596586857	3.804706754919198
TD	Pbre1_01G409800	old	6882.0	11.365747041205543	3.6282774935385653
TD	Pbre1_09G256800	old	7121.0	11.760459848942848	3.6736084153565542
TRD	Pbre1_06G017800	old	4894.0	8.082529209482699	3.183094100366395
TRD	Pbre1_17G369600	old	8229.0	13.590341819540892	3.86694177770313
TRD	Pbre1_10G571200	old	9138.0	15.09157170336185	4.008233339401592
TRD	Pbre1_11G354600	old	7123.0	11.763762884990859	3.6739818076280932
PD	Pbre1_10G072800	old	5998.0	9.90580510798472	3.447024374028958
TD	Pbre1_07G052200	old	7525.0	12.427673130641052	3.747137417989971
TRD	Pbre1_01G269400	old	4623.0	7.6349678249772195	3.1101908020932516
TD	Pbre1_02G131200	old	6532.0	10.787715732803633	3.559212269503356
TRD	Pbre1_16G370000	old	3752.0	6.196495626068468	2.8472945491030237
TRD	Pbre1_14G131400	old	6225.0	10.280699699433958	3.49578465035426
TRD	Pbre1_04G085000	old	6354.0	10.493745524530663	3.5227771077637335
TD	Pbre1_16G043200	old	6967.0	11.506126073246007	3.644563061014441
PD	Pbre1_10G026800	old	7468.0	12.33353660327274	3.73698758823857
TD	Pbre1_05G215000	old	5407.0	8.929757955797497	3.3117585515676944
TRD	Pbre1_03G209200	old	4288.0	7.081709286935393	3.01466045621823
TD	Pbre1_09G406200	old	6413.0	10.591185087946984	3.5349561705587407
TRD	Pbre1_07G037000	old	6964.0	11.50117151917399	3.6439913950312115
TD	Pbre1_07G059800	old	6737.0	11.126276927724751	3.6000647696343515
TRD	Pbre1_09G408600	old	9779.0	16.150194756749347	4.10015305455082
TRD	Pbre1_09G349200	old	6521.0	10.769549034539574	3.5569871376003714
TRD	Pbre1_17G315400	old	5938.0	9.806714026544393	3.4338560075735742
TD	Pbre1_07G404200	old	4350.0	7.18410340442373	3.032824373346546
PD	Pbre1_11G061200	old	6531.0	10.786064214779628	3.5590101265400835
TD	Pbre1_09G450000	old	6185.0	10.21463897847374	3.487311272837272
PD	Pbre1_13G453600	old	3405.0	5.623418871738576	2.7275760986163227
TRD	Pbre1_10G380000	old	8130.0	13.426841535164352	3.8506835804186506
TD	Pbre1_10G487200	old	7170.0	11.841384232119115	3.682728820492092
TD	Pbre1_09G202400	old	6933.0	11.449974460429821	3.638070877674772
PD	Pbre1_01G236600	old	6267.0	10.350063456442188	3.504628458310032
TD	Pbre1_13G170600	old	11051.0	18.250925683284287	4.266855914542944
TD	Pbre1_12G241000	old	8928.0	14.744752918320703	3.9767992123917817
TRD	Pbre1_14G438800	old	10001.0	16.51683175807856	4.130669955429141
TD	Pbre1_17G404600	old	8245.0	13.61676610792498	3.869552251859399
TRD	Pbre1_04G179400	old	5315.0	8.777818297588995	3.289512595814146
TD	Pbre1_15G093600	old	7311.0	12.074248273503883	3.7086560934998922
TRD	Pbre1_15G460200	old	5659.0	9.345940497846872	3.3709928942569114
TRD	Pbre1_07G257400	old	5262.0	8.690287842316705	3.276539520389086
TRD	Pbre1_14G194800	old	8134.0	13.433447607260373	3.8513440414121005
PD	Pbre1_15G086600	old	4507.0	7.443391734192587	3.077822650017091
PD	Pbre1_02G171400	old	8974.0	14.820722747424956	3.9837436036935285
TRD	Pbre1_01G185600	old	8705.0	14.376464398967489	3.9426519089504932
PD	Pbre1_14G377000	old	9282.0	15.329390298818636	4.0293990199393335
TRD	Pbre1_11G103000	old	4607.0	7.608543536593133	3.1057691713879607
PD	Pbre1_17G196600	old	8235.0	13.600250927684925	3.867921259130722
TRD	Pbre1_13G323800	old	10434.0	17.23193906247292	4.188396102619059
PD	Pbre1_11G190800	old	5357.0	8.847182054597225	3.2997109309141095
TRD	Pbre1_08G249400	old	4558.0	7.527619153416865	3.0921430082488404
TRD	Pbre1_10G265600	old	6469.0	10.68367009729129	3.5464216224839977
TRD	Pbre1_12G117000	old	5965.0	9.85130501319254	3.4397966511833524
TD	Pbre1_01G364800	old	8044.0	13.284810985099883	3.8364100417207547
TD	Pbre1_04G207200	old	3675.0	6.069328738220048	2.8215732317224207
PD	Pbre1_11G191400	old	6831.0	11.281519621981264	3.6184171747695886
TD	Pbre1_01G351000	old	6144.0	10.146926739489516	3.478574101997209
TRD	Pbre1_17G039200	old	7714.0	12.739810037178081	3.780290152877753
TRD	Pbre1_15G385600	old	10514.0	17.364060504393358	4.198813185330852
TD	Pbre1_12G091600	old	5289.0	8.734878828964854	3.283163021684198
TD	Pbre1_17G447400	old	5775.0	9.537516588631505	3.3974629972117847
TRD	Pbre1_11G461000	old	8183.0	13.514371990436642	3.859410245502751
TRD	Pbre1_07G232600	old	6881.0	11.364095523181538	3.6280848002886583
TRD	Pbre1_13G144600	old	9351.0	15.443345042475011	4.039431908827698
TD	Pbre1_10G115400	old	5121.0	8.457423800931936	3.2414472474353198
PD	Pbre1_01G118600	old	7706.0	12.726597892986037	3.7789021958923317
TRD	Pbre1_15G527800	old	6198.0	10.236108712785812	3.49007058304728
TRD	Pbre1_17G075800	old	7765.0	12.82403745640236	3.7891071265069316
TD	Pbre1_17G223600	old	5825.0	9.620092489831777	3.408724425440031
TRD	Pbre1_01G025000	old	4673.0	7.717543726177493	3.1239216954093463
TRD	Pbre1_10G017000	old	8922.0	14.734843810176672	3.9758909528753406
TRD	Pbre1_03G440200	old	5021.0	8.29227199853139	3.2160313845803286
PD	Pbre1_09G078400	old	8956.0	14.790995422992857	3.981030212668837
TRD	Pbre1_14G354400	old	8740.0	14.434267529807679	3.9480651129107907
PD	Pbre1_01G046200	old	6056.0	10.001593153377037	3.45964055209629
TRD	Pbre1_13G022800	old	8549.0	14.118827587222636	3.918274362774356
TRD	Pbre1_06G128600	old	6387.0	10.548245619322842	3.5296017925419076
TD	Pbre1_02G190800	old	8520.0	14.070933564526479	3.913696881909148
TD	Pbre1_01G127800	old	5269.0	8.701848468484744	3.278259646501105
PD	Pbre1_13G445200	old	1060.0	1.7506091054457826	1.459751129946956
TD	Pbre1_03G045000	old	11210.0	18.513517049101154	4.286401922655242
TRD	Pbre1_02G499600	old	11599.0	19.155957560439276	4.33313441863113
TRD	Pbre1_04G361200	old	7281.0	12.02470273278372	3.703178540647746
TD	Pbre1_12G013200	old	8397.0	13.867796847573809	3.8941189754608923
TD	Pbre1_02G085000	old	6194.0	10.22950264068979	3.489222126481605
TRD	Pbre1_02G329800	old	7341.0	12.123793814224047	3.714112928088796
PD	Pbre1_04G340200	old	8231.0	13.593644855588902	3.867268345406147
PD	Pbre1_17G447400	old	5775.0	9.537516588631505	3.3974629972117847
TD	Pbre1_13G088800	old	6476.0	10.695230723459328	3.5478484183397554
TD	Pbre1_11G019600	old	7570.0	12.501991441721296	3.7551003044752496
TRD	Pbre1_08G073800	old	8064.0	13.31784134557999	3.839742093440657
TRD	Pbre1_17G448400	old	6188.0	10.219593532545757	3.4879485053079806
PD	Pbre1_14G258000	old	4809.0	7.942150177442235	3.1606217751840466
TRD	Pbre1_10G339800	old	3992.0	6.5928599518297775	2.9246433983101454
TRD	Pbre1_05G246600	old	8210.0	13.558962977084787	3.8638356921067283
TRD	Pbre1_04G059800	old	6323.0	10.442548465786494	3.516336497483726
TRD	Pbre1_08G227400	old	5428.0	8.964439834301611	3.316788704111966
TRD	Pbre1_01G212600	old	6667.0	11.010670666044371	3.586244807093419
TRD	Pbre1_10G182400	old	5219.0	8.61927256728447	3.2659277980232004
TD	Pbre1_03G435000	old	8654.0	14.29223697974321	3.934727557408451
TRD	Pbre1_07G090600	old	6506.0	10.744776264179492	3.5539473254249416
TRD	Pbre1_04G261600	old	6077.0	10.036275031881152	3.464181410133273
TRD	Pbre1_12G381200	old	9001.0	14.865313734073103	3.98780414549155
PD	Pbre1_15G662400	old	5743.0	9.48466801186333	3.3902092753279507
TRD	Pbre1_03G398000	old	7291.0	12.041217913023774	3.705006703339082
TD	Pbre1_06G222800	old	9678.0	15.983391436324796	4.086052676264121
TRD	Pbre1_11G032000	old	5529.0	9.131243154726162	3.3407393058594494
TRD	Pbre1_09G286800	old	6301.0	10.406215069258375	3.5117482356207597
PD	Pbre1_01G051600	old	6756.0	11.157655770180856	3.60379317113827
PD	Pbre1_14G015000	old	5877.0	9.70597142708006	3.420343802282562
TRD	Pbre1_01G204400	old	9013.0	14.885131950361169	3.9896051687814538
PD	Pbre1_10G092800	old	3306.0	5.4599185873620355	2.691515983131403
PD	Pbre1_17G452200	old	5007.0	8.269150746195315	3.2124371629739166
TRD	Pbre1_14G121000	old	4902.0	8.095741353674741	3.185191230365148
TRD	Pbre1_15G646200	old	8512.0	14.057721420334435	3.912431568463408
TRD	Pbre1_16G164000	old	11945.0	19.727382796745164	4.373466056750535
PD	Pbre1_11G190200	old	8493.0	14.026342577878331	3.909421993904608
TD	Pbre1_06G402800	old	3315.0	5.474782249578084	2.694831675002085
PD	Pbre1_03G055800	old	8478.0	14.001569807518251	3.9070415712766806
TRD	Pbre1_16G450400	old	3926.0	6.483859762245417	2.9037825246117435
TRD	Pbre1_16G180000	old	11885.0	19.628291715304833	4.3665524475755175
TD	Pbre1_03G031400	old	9267.0	15.304617528458552	4.02720869382299
PD	Pbre1_15G384600	old	8567.0	14.148554911654735	3.921108270022788
PD	Pbre1_16G058600	old	7822.0	12.918173983770671	3.7988980418956886
TD	Pbre1_14G155000	old	4440.0	7.332740026584221	3.0587909701123346
TD	Pbre1_16G040000	old	8019.0	13.243523034499745	3.8322341257260355
TD	Pbre1_07G325200	old	7645.0	12.625855293521706	3.768274885437088
PD	Pbre1_03G296000	old	7094.0	11.7158688622947	3.6685581381578123
TRD	Pbre1_17G261400	old	4622.0	7.633316306953215	3.1099148468388407
TRD	Pbre1_14G152200	old	6239.0	10.303820951770035	3.498738614111412
TD	Pbre1_15G760000	old	6673.0	11.020579774188404	3.5874345763919253
TD	Pbre1_14G324800	old	8673.0	14.323615822199313	3.937684856461635
TRD	Pbre1_12G140800	old	5789.0	9.56063784096758	3.4006250680506644
TRD	Pbre1_07G098800	old	4680.0	7.729104352345531	3.1258336340703616
TD	Pbre1_14G099800	old	5671.0	9.365758714134937	3.3737538122087836
TRD	Pbre1_05G024600	old	5752.0	9.49953167407938	3.3922530735833787
TRD	Pbre1_07G027000	old	8435.0	13.930554532486015	3.9001958441783495
TD	Pbre1_11G411800	old	9556.0	15.78190623739613	4.068834694040593
TRD	Pbre1_05G007000	old	4054.0	6.695254069318115	2.9439689598860697
TRD	Pbre1_10G230600	old	5540.0	9.149409852990223	3.343323937872522
TRD	Pbre1_12G001200	old	4924.0	8.132074750202861	3.1909426687288
TRD	Pbre1_07G085400	old	4202.0	6.939678736870923	2.9890806327964445
PD	Pbre1_05G541200	old	8756.0	14.460691818191766	3.950532971740263
PD	Pbre1_01G193000	old	7982.0	13.182416867611545	3.8260315023450864
TD	Pbre1_07G151400	old	5897.0	9.73900178756017	3.4247879929531915
TD	Pbre1_10G194800	old	6231.0	10.290608807577991	3.4970513755060613
PD	Pbre1_13G350000	old	5927.0	9.788547328280334	3.431428714729394
TRD	Pbre1_07G144600	old	5866.0	9.687804728816001	3.4178936493405656
PD	Pbre1_08G161200	old	6195.0	10.231154158713794	3.4894342874071507
TRD	Pbre1_11G055400	old	8757.0	14.462343336215772	3.950687072840206
TRD	Pbre1_12G296600	old	8107.0	13.388856620612225	3.8468800508773358
TRD	Pbre1_01G290400	old	10204.0	16.852089916951666	4.158021073137694
TRD	Pbre1_14G127400	old	4059.0	6.703511659438142	2.9455162508401163
TD	Pbre1_12G294800	old	6429.0	10.617609376331071	3.5382413223439295
TRD	Pbre1_14G292600	old	7847.0	12.959461934370808	3.8031714290154985
TRD	Pbre1_06G415400	old	11809.0	19.502776345480424	4.357747377723006
PD	Pbre1_05G264000	old	5744.0	9.486319529887336	3.3904365070559135
TD	Pbre1_16G201400	old	6529.0	10.782761178731617	3.558605755624013
PD	Pbre1_14G212800	old	4845.0	8.001604826306432	3.1701822312817907
PD	Pbre1_16G326000	old	3889.0	6.422753595357216	2.8919544781431448
PD	Pbre1_11G113600	old	7496.0	12.379779107944893	3.741982393041395
TD	Pbre1_09G211600	old	3514.0	5.80343433635517	2.766263194784325
TRD	Pbre1_05G452400	old	8302.0	13.710902635293289	3.8788138654440307
PD	Pbre1_02G234200	old	7409.0	12.236097039856418	3.7264058687437145
TRD	Pbre1_12G099200	old	7550.0	12.468961081241186	3.751566668720553
TRD	Pbre1_05G497000	old	8562.0	14.140297321534707	3.9203216317890712
TRD	Pbre1_01G166000	old	8411.0	13.890918099909884	3.8963608009466615
PD	Pbre1_02G127600	old	8017.0	13.240219998451733	3.831899529690522
TD	Pbre1_03G039200	old	10162.0	16.782726159943437	4.15240460667835
TRD	Pbre1_14G004400	old	9168.0	15.141117244082013	4.012668536372425
PD	Pbre1_04G334400	old	7863.0	12.985886222754894	3.8058997686989495
TRD	Pbre1_11G264600	old	3536.0	5.83976773288329	2.773947334423025
TRD	Pbre1_09G164600	old	8854.0	14.622540584544302	3.9655571828536007
TRD	Pbre1_11G466800	old	8145.0	13.451614305524433	3.8531587516612746
TRD	Pbre1_13G000800	old	10368.0	17.122938872888557	4.179745021217757
TRD	Pbre1_12G220600	old	4653.0	7.684513365697384	3.11844501018325
TRD	Pbre1_09G439400	old	8406.0	13.882660509789856	3.8955605488320275
TRD	Pbre1_10G213200	old	5097.0	8.417787368355805	3.2353881503204325
TRD	Pbre1_05G223000	old	8672.0	14.321964304175307	3.9375293601808887
TRD	Pbre1_05G118200	old	6799.0	11.22867104521309	3.6121957219205125
TRD	Pbre1_09G040200	old	9138.0	15.09157170336185	4.008233339401592
TRD	Pbre1_05G243800	old	8228.0	13.588690301516886	3.866778466126801
TD	Pbre1_17G472200	old	4956.0	8.184923326971036	3.1992676781945075
TRD	Pbre1_12G418000	old	5419.0	8.949576172085562	3.314635071640869
TRD	Pbre1_02G458800	old	8322.0	13.743932995773399	3.88204951461451
PD	Pbre1_01G369200	old	7883.0	13.018916583235004	3.8093029534805254
TRD	Pbre1_09G018800	old	10883.0	17.973470655251372	4.245911697682036
PD	Pbre1_17G445400	old	6616.0	10.926443246820092	3.576091955587014
TRD	Pbre1_02G292000	old	5485.0	9.058576361669921	3.330354222963267
TD	Pbre1_11G144400	old	10311.0	17.02880234552025	4.172231656517963
TRD	Pbre1_17G008000	old	7681.0	12.685309942385903	3.77455620385253
TRD	Pbre1_09G376000	old	4737.0	7.823240879713841	3.141308671914836
TRD	Pbre1_05G582600	old	7717.0	12.7447645912501	3.780810292684432
TRD	Pbre1_13G440600	old	6823.0	11.268307477789222	3.6168643249944634
PD	Pbre1_14G313400	old	3515.0	5.8050858543791755	2.766613363184926
TD	Pbre1_17G328600	old	4552.0	7.517710045272833	3.0904656193732327
TD	Pbre1_17G249200	old	6288.0	10.384745334946302	3.5090301151173433
TD	Pbre1_14G264400	old	6753.0	11.152701216108838	3.6032051163686494
PD	Pbre1_17G088000	old	6865.0	11.337671234797451	3.624998202902674
TD	Pbre1_06G320000	old	9087.0	15.007344284137572	4.000662070704527
TRD	Pbre1_07G342800	old	7471.0	12.338491157344757	3.7375235737838675
TRD	Pbre1_07G136400	old	6536.0	10.794321804899655	3.560020558243186
TRD	Pbre1_09G137400	old	9870.0	16.300482896933847	4.112740402303625
TRD	Pbre1_06G366800	old	10535.0	17.39874238289747	4.201535251388969
TD	Pbre1_02G224000	old	6036.0	9.968562792896927	3.455302597164819
TRD	Pbre1_03G121000	old	10539.0	17.405348454993494	4.202053158357356
TD	Pbre1_11G043800	old	6931.0	11.44667142438181	3.6376880731977073
TRD	Pbre1_09G243200	old	7042.0	11.629989925046416	3.6587815831742394
TRD	Pbre1_07G222800	old	5433.0	8.972697424421638	3.31798377889552
PD	Pbre1_17G079400	old	8972.0	14.817419711376944	3.983442367693352
TD	Pbre1_16G063800	old	7521.0	12.42106705854503	3.74642747424007
TRD	Pbre1_04G388600	old	7608.0	12.564749126633503	3.7617904608183386
TRD	Pbre1_02G225600	old	7980.0	13.179113831563534	3.825695464505773
TRD	Pbre1_01G087800	old	4582.0	7.567255585992996	3.0988331288914437
PD	Pbre1_02G218600	old	4609.0	7.611846572641143	3.106322616896983
PD	Pbre1_03G413200	old	4211.0	6.9545423990869715	2.991778939034436
TRD	Pbre1_07G504800	old	8832.0	14.586207188016182	3.9621979942662335
PD	Pbre1_02G420800	old	8920.0	14.73154077412866	3.975588072591711
TRD	Pbre1_11G459800	old	9484.0	15.662996939667737	4.058575996260344
TRD	Pbre1_04G333200	old	7896.0	13.040386317547075	3.811510726451616
TD	Pbre1_14G210000	old	7565.0	12.49373385160127	3.7542177066151834
TRD	Pbre1_12G061600	old	7668.0	12.663840208073832	3.772291103444394
TD	Pbre1_10G014600	old	8125.0	13.418583945044325	3.8498575787602967
TRD	Pbre1_03G214800	old	5204.0	8.594499796924389	3.2622075944032063
TRD	Pbre1_17G354400	old	4993.0	8.246029493859238	3.2088339646262654
TRD	Pbre1_10G174200	old	4649.0	7.677907293601361	3.1173471738734864
TRD	Pbre1_12G406200	old	9095.0	15.020556428329616	4.001852351401205
TD	Pbre1_08G150200	old	9358.0	15.454905668643052	4.040445850807481
TRD	Pbre1_16G413800	old	5676.0	9.374016304254964	3.3749026371053703
TRD	Pbre1_11G403800	old	6911.0	11.413641063901702	3.6338544314986296
PD	Pbre1_08G057000	old	9488.0	15.66960301176376	4.059147841696425
TD	Pbre1_02G449800	old	10164.0	16.786029195991446	4.152672553852343
TRD	Pbre1_15G650000	old	7046.0	11.636595997142438	3.6595359824982476
TRD	Pbre1_17G290600	old	3780.0	6.24273813074062	2.8565352139990683
TD	Pbre1_10G352800	old	7639.0	12.615946185377673	3.7672253350378164
TD	Pbre1_01G156400	old	7018.0	11.590353492470285	3.6542468842726925
TRD	Pbre1_07G026600	old	5206.0	8.5978028329724	3.262704176169895
PD	Pbre1_03G230400	old	7128.0	11.772020475110885	3.674914865726458
PD	Pbre1_15G676200	old	5007.0	8.269150746195315	3.2124371629739166
PD	Pbre1_10G354000	old	7350.0	12.138657476440097	3.7157459617931377
TD	Pbre1_15G749000	old	7267.0	12.001581480447644	3.7006152146972235
TD	Pbre1_13G223200	old	10964.0	18.10724361519581	4.256047767001525
PD	Pbre1_07G140600	old	9247.0	15.271587167978444	4.024283076548804
TD	Pbre1_02G344800	old	9930.0	16.39957397837417	4.120980077581413
PD	Pbre1_01G138000	old	9635.0	15.91237616129256	4.0800074651782685
TRD	Pbre1_11G464600	old	7332.0	12.108930152007998	3.712478043805262
TRD	Pbre1_16G057200	old	8866.0	14.642358800832366	3.9673861761815528
TRD	Pbre1_12G422400	old	10825.0	17.877682609859054	4.2386097678252685
PD	Pbre1_17G366000	old	5742.0	9.483016493839324	3.3899820078042096
TRD	Pbre1_05G344800	old	8909.0	14.713374075864602	3.9739210934610076
PD	Pbre1_06G348200	old	11153.0	18.41938052173284	4.27942527440458
PD	Pbre1_16G045200	old	6712.0	11.084988977124617	3.5951442520905763
TRD	Pbre1_01G055800	old	6296.0	10.397957479138345	3.5107034106168027
TD	Pbre1_07G156400	old	6251.0	10.323639168058103	3.5012657779660934
TD	Pbre1_01G244400	old	7769.0	12.830643528498383	3.789796380354349
PD	Pbre1_07G160400	old	6449.0	10.650639736811181	3.5423372703493246
TRD	Pbre1_03G439000	old	9507.0	15.700981854219865	4.061861016423482
TRD	Pbre1_01G352000	old	9303.0	15.36407217732275	4.032459900562304
TD	Pbre1_05G060800	old	5878.0	9.707622945104065	3.420566337259781
TD	Pbre1_08G114600	old	6109.0	10.089123608649327	3.4710734463728645
TRD	Pbre1_15G365600	old	6871.0	11.347580342941484	3.626156450927967
TD	Pbre1_15G458600	old	6199.0	10.237760230809817	3.490282619245715
TD	Pbre1_08G165600	old	6817.0	11.258398369645189	3.6156985898121055
TD	Pbre1_12G057600	old	8194.0	13.5325386887007	3.861214844222504
PD	Pbre1_11G093400	old	7355.0	12.146915066560123	3.716652404647922
TRD	Pbre1_04G080600	old	6639.0	10.964428161372217	3.580679539948705
TRD	Pbre1_02G087800	old	9686.0	15.996603580516839	4.087174577303629
TRD	Pbre1_06G209200	old	6387.0	10.548245619322842	3.5296017925419076
TRD	Pbre1_03G217000	old	6567.0	10.845518863643825	3.5662694885360975
TRD	Pbre1_01G424800	old	10109.0	16.695195704671146	4.1452858126040075
PD	Pbre1_10G314600	old	8112.0	13.397114210732253	3.847707758562613
TRD	Pbre1_17G411600	old	8738.0	14.430964493759669	3.947756333521678
TRD	Pbre1_07G507800	old	9448.0	15.60354229080354	4.053419161772313
PD	Pbre1_03G377600	old	7495.0	12.378127589920886	3.7418043046062195
TD	Pbre1_12G397200	old	6855.0	11.321156054557395	3.6230657207197496
TRD	Pbre1_10G581600	old	8139.0	13.4417051973804	3.852169192691557
PD	Pbre1_11G275000	old	5818.0	9.608531863663739	3.40715310744851
TD	Pbre1_03G297400	old	2964.0	4.895099423152169	2.559516145025057
PD	Pbre1_05G540800	old	9394.0	15.514360317507247	4.045649182910232
TRD	Pbre1_06G144600	old	6573.0	10.855427971787858	3.5674758388233885
TD	Pbre1_06G071600	old	6123.0	10.112244860985403	3.4740783898014183
TD	Pbre1_17G226000	old	6176.0	10.199775316257691	3.4853978849048635
PD	Pbre1_09G174400	old	9432.0	15.577118002419454	4.051121305278013
PD	Pbre1_05G583600	old	6346.0	10.480533380338619	3.5211177654108696
TD	Pbre1_16G130600	old	7742.0	12.786052541850234	3.7851375137725602
TRD	Pbre1_12G057000	old	8364.0	13.813296752781627	3.8888208482483617
TD	Pbre1_14G061200	old	5429.0	8.966091352325616	3.3170277982782292
TRD	Pbre1_08G159000	old	11143.0	18.402865341492788	4.278197814759255
TRD	Pbre1_05G166000	old	3572.0	5.899222381747486	2.7864337634534806
TRD	Pbre1_03G307400	old	6211.0	10.257578447097883	3.4928246258511315
TRD	Pbre1_04G223000	old	7163.0	11.829823605951077	3.6814294301965615
TD	Pbre1_10G535200	old	6182.0	10.209684424401724	3.486673758779219
TRD	Pbre1_15G319400	old	7706.0	12.726597892986037	3.7789021958923317
TD	Pbre1_17G398400	old	7396.0	12.214627305544347	3.7240638318588943
TD	Pbre1_05G376400	old	7894.0	13.037083281499063	3.811171288901411
TD	Pbre1_16G281800	old	7330.0	12.105627115959987	3.712114484451362
TRD	Pbre1_14G054000	old	5822.0	9.61513793575976	3.4080512129929836
TRD	Pbre1_02G148600	old	7438.0	12.283991062552577	3.731616752198088
TRD	Pbre1_05G568800	old	8760.0	14.467297890287789	3.951149277403027
TRD	Pbre1_08G037200	old	7775.0	12.840552636642416	3.7908296440921934
PD	Pbre1_02G402800	old	9024.0	14.903298648625228	3.99125413400901
PD	Pbre1_05G583000	old	5436.0	8.977651978493654	3.318700348875534
TRD	Pbre1_13G018800	old	11137.0	18.392956233348755	4.277460837378207
TRD	Pbre1_03G479600	old	8928.0	14.744752918320703	3.9767992123917817
TD	Pbre1_05G110800	old	8436.0	13.932206050510022	3.900355416623702
TRD	Pbre1_06G079200	old	7139.0	11.790187173374944	3.6769654718609353
PD	Pbre1_03G308800	old	7950.0	13.12956829084337	3.8206454817075484
TRD	Pbre1_10G014400	old	7357.0	12.150218102608134	3.717014822385304
TD	Pbre1_02G123000	old	7052.0	11.64650510528647	3.660666842344363
PD	Pbre1_13G195400	old	10807.0	17.847955285426956	4.236336116546912
PD	Pbre1_07G163600	old	3921.0	6.47560217212539	2.9021897954643836
PD	Pbre1_05G228600	old	4126.0	6.8141633670465085	2.9660914175850754
TRD	Pbre1_16G208000	old	7982.0	13.182416867611545	3.8260315023450864
TRD	Pbre1_13G200800	old	7800.0	12.88184058724255	3.7951269617977577
TD	Pbre1_15G502200	old	4983.0	8.229514313619184	3.206254730669623
TRD	Pbre1_01G340200	old	6896.0	11.388868293541618	3.6309725001329642
PD	Pbre1_05G250600	old	3198.0	5.281554640769445	2.651121660224852
PD	Pbre1_12G325200	old	8560.0	14.136994285486697	3.920006856358884
TD	Pbre1_11G137400	old	8084.0	13.3508717060601	3.8430664671760786
TRD	Pbre1_12G174000	old	6622.0	10.936352354964125	3.577290123835135
TRD	Pbre1_10G305400	old	7772.0	12.8355980825704	3.790313104726702
TRD	Pbre1_17G395800	old	7994.0	13.202235083899609	3.8280460873435502
TRD	Pbre1_15G316800	old	9981.0	16.48380139759845	4.127946990321754
TD	Pbre1_10G339000	old	5484.0	9.056924843645916	3.3301173273627844
TRD	Pbre1_08G058000	old	6906.0	11.405383473781674	3.6328944272295374
TRD	Pbre1_05G250000	old	5540.0	9.149409852990223	3.343323937872522
TRD	Pbre1_12G262800	old	4882.0	8.062710993194633	3.17994267846096
TRD	Pbre1_03G459800	old	7772.0	12.8355980825704	3.790313104726702
TD	Pbre1_02G415400	old	9369.0	15.47307236690711	4.042037749837893
TRD	Pbre1_17G078200	old	9331.0	15.410314681994901	4.036530998930983
TD	Pbre1_02G148200	old	7985.0	13.18737142168356	3.8265354123911743
TRD	Pbre1_06G388200	old	5972.0	9.862865639360578	3.441332833235608
TD	Pbre1_08G058600	old	7996.0	13.20553811994762	3.828381578176543
TRD	Pbre1_10G563200	old	9371.0	15.476375402955123	4.042326997401347
TRD	Pbre1_09G204200	old	9769.0	16.133679576509294	4.098763108347943
TRD	Pbre1_09G107600	old	3189.0	5.266690978553397	2.647703853075031
TD	Pbre1_04G005400	old	6201.0	10.241063266857829	3.49070659817514
TRD	Pbre1_15G727000	old	6450.0	10.652291254835186	3.542541762811497
TRD	Pbre1_13G310000	old	6660.0	10.999110039876333	3.5848555016653196
TD	Pbre1_03G456000	old	9539.0	15.753830430988037	4.0664190717724695
TRD	Pbre1_02G248200	old	9693.0	16.008164206684878	4.088155525551189
TD	Pbre1_09G436000	old	8075.0	13.336008043844052	3.841571446882868
TRD	Pbre1_15G757200	old	8572.0	14.156812501774763	3.9218944795709625
TRD	Pbre1_11G356200	old	5860.0	9.677895620671968	3.4165554463357326
TD	Pbre1_15G570200	old	6956.0	11.487959374981946	3.6424658440416855
TD	Pbre1_15G034800	old	5433.0	8.972697424421638	3.31798377889552
TRD	Pbre1_04G050400	old	5522.0	9.119682528558124	3.3390921258623636
PD	Pbre1_09G042800	old	5830.0	9.628350079951804	3.4098457485559694
TD	Pbre1_11G191200	old	5501.0	9.08500065005401	3.3341392718307667
TD	Pbre1_01G379200	old	6996.0	11.554020095942164	3.650077518327788
TD	Pbre1_07G493000	old	6162.0	10.176654063921616	3.482416450522356
PD	Pbre1_03G205200	old	7851.0	12.966068006466829	3.8038539978083312
PD	Pbre1_07G421200	old	6762.0	11.167564878324889	3.604968562077276
TD	Pbre1_11G090400	old	5356.0	8.845530536573218	3.299468949332575
TD	Pbre1_16G248200	old	9699.0	16.01807331482891	4.088995807793627
TRD	Pbre1_03G346600	old	5574.0	9.205561465806408	3.3512836502763306
TD	Pbre1_03G074800	old	7877.0	13.009007475090971	3.8082828406997926
TD	Pbre1_10G354000	old	7350.0	12.138657476440097	3.7157459617931377
TD	Pbre1_03G186800	old	7051.0	11.644853587262464	3.6604784272500597
TRD	Pbre1_13G032400	old	11851.0	19.57214010248865	4.362619978912873
TD	Pbre1_07G333800	old	5458.0	9.013985375021775	3.3239443484315574
PD	Pbre1_08G334000	old	6967.0	11.506126073246007	3.644563061014441
TRD	Pbre1_10G445400	old	10303.0	17.015590201328205	4.171174010964121
TRD	Pbre1_12G286000	old	7493.0	12.374824553872877	3.7414480617717882
PD	Pbre1_08G162400	old	6501.0	10.736518674059464	3.5529326296989785
TD	Pbre1_05G022200	old	5418.0	8.947924654061557	3.31439558057217
TRD	Pbre1_05G592800	old	8185.0	13.517675026484651	3.859738522302808
TRD	Pbre1_11G081200	old	7586.0	12.528415730105383	3.7579209946492678
PD	Pbre1_03G016800	old	11981.0	19.786837445609358	4.377598375036491
TRD	Pbre1_07G025200	old	7223.0	11.928914687391403	3.692529268656134
PD	Pbre1_13G010800	old	6865.0	11.337671234797451	3.624998202902674
TD	Pbre1_04G281400	old	9180.0	15.160935460370078	4.01443880442363
TRD	Pbre1_11G017600	old	6897.0	11.390519811565625	3.6311648080992946
TRD	Pbre1_12G203000	old	8394.0	13.862842293501792	3.8936381307254817
PD	Pbre1_17G287400	old	3272.0	5.403766974545849	2.67892081085484
PD	Pbre1_09G451400	old	8646.0	14.279024835551166	3.933480563011736
TRD	Pbre1_12G405400	old	7576.0	12.511900549865329	3.756158709670966
PD	Pbre1_11G400800	old	7110.0	11.742293150678789	3.6715530286358837
TRD	Pbre1_07G448200	old	7870.0	12.997446848922934	3.8070917967499565
PD	Pbre1_11G359000	old	8680.0	14.335176448367353	3.9387728614088284
TRD	Pbre1_16G354600	old	6408.0	10.582927497826958	3.533928024624266
TRD	Pbre1_15G002200	old	11952.0	19.738943422913202	4.37427049061265
TRD	Pbre1_12G196000	old	4973.0	8.212999133379128	3.203670877327824
TRD	Pbre1_05G059200	old	6242.0	10.308775505842052	3.4993708202109897
TRD	Pbre1_06G303800	old	7588.0	12.531718766153395	3.7582731934715365
TRD	Pbre1_13G186400	old	11178.0	18.460668472332976	4.2824893623114235
TD	Pbre1_09G306400	old	5551.0	9.167576551254284	3.3459039477183086
PD	Pbre1_06G344400	old	7534.0	12.4425367928571	3.748733515230506
PD	Pbre1_10G579600	old	6275.0	10.363275600634232	3.50630686385026
TRD	Pbre1_15G595600	old	10240.0	16.911544565815863	4.162817845464281
TD	Pbre1_17G138600	old	4235.0	6.994178831663103	2.9989498465471685
TRD	Pbre1_15G348600	old	6531.0	10.786064214779628	3.5590101265400835
TRD	Pbre1_14G117200	old	4028.0	6.652314600693973	2.935896186743507
TD	Pbre1_05G047400	old	7894.0	13.037083281499063	3.811171288901411
TD	Pbre1_16G341600	old	5507.0	9.094909758198042	3.3355561088769985
PD	Pbre1_11G032600	old	6037.0	9.970214310920932	3.4555198049751175
TRD	Pbre1_06G066400	old	5531.0	9.134546190774172	3.3412095834970286
PD	Pbre1_14G308400	old	5234.0	8.644045337644553	3.269638433213481
TRD	Pbre1_13G026200	old	8949.0	14.77943479682482	3.979973625307084
PD	Pbre1_14G057600	old	4998.0	8.254287083979266	3.2101218544909473
PD	Pbre1_03G199400	old	6373.0	10.525124366986766	3.5267104136692624
TD	Pbre1_02G456200	old	11082.0	18.302122742028455	4.270687610826031
TRD	Pbre1_13G019000	old	7213.0	11.912399507151349	3.6906852160126586
PD	Pbre1_14G108200	old	4887.0	8.070968583314661	3.181256607615719
TRD	Pbre1_02G088600	old	12037.0	19.879322454953666	4.384002991338349
TD	Pbre1_04G108800	old	5332.0	8.805894103997087	3.293649181727292
TRD	Pbre1_14G144000	old	6118.0	10.103987270865375	3.473005914073421
PD	Pbre1_02G459200	old	10946.0	18.07751629076371	4.253801453429976
TRD	Pbre1_07G215800	old	4933.0	8.14693841241891	3.1932889372394806
TRD	Pbre1_14G306800	old	6161.0	10.17500254589761	3.4822032549718784
PD	Pbre1_02G201000	old	6328.0	10.45080605590652	3.51737725232996
PD	Pbre1_08G202800	old	5648.0	9.327773799582811	3.3684574028726546
TRD	Pbre1_05G119600	old	7035.0	11.618429298878377	3.6574604343878674
TRD	Pbre1_07G443800	old	7015.0	11.585398938398269	3.653679043394735
TRD	Pbre1_07G403000	old	6642.0	10.969382715444233	3.5812768464728024
TRD	Pbre1_12G129200	old	5201.0	8.589545242852374	3.2614624011205993
TRD	Pbre1_02G044800	old	8505.0	14.046160794166397	3.911323508131306
TRD	Pbre1_03G486200	old	6738.0	11.127928445748758	3.600261241696014
TD	Pbre1_07G061600	old	6753.0	11.152701216108838	3.6032051163686494
PD	Pbre1_11G441800	old	8170.0	13.49290225612457	3.8572746236160422
PD	Pbre1_16G112800	old	8312.0	13.727417815533343	3.880432597135681
PD	Pbre1_10G537800	old	4566.0	7.540831297608909	3.0943764973130157
TRD	Pbre1_09G473000	old	7228.0	11.937172277511431	3.693450411829954
TRD	Pbre1_17G394600	old	6135.0	10.132063077273468	3.4766490833921044
TD	Pbre1_13G479400	old	4021.0	6.640753974525936	2.9337150075854983
TD	Pbre1_08G109400	old	8553.0	14.12543365931866	3.9189046011872946
TRD	Pbre1_10G349600	old	8221.0	13.577129675348848	3.8656347671717297
TRD	Pbre1_02G424600	old	9843.0	16.255891910285694	4.109017139584644
TRD	Pbre1_07G024000	old	5783.0	9.550728732823547	3.3992707433859013
TRD	Pbre1_12G039400	old	8406.0	13.882660509789856	3.8955605488320275
TD	Pbre1_16G391000	old	7568.0	12.498688405673287	3.7547473301222296
TRD	Pbre1_08G073200	old	8199.0	13.540796278820727	3.8620343707508167
TRD	Pbre1_17G101600	old	9312.0	15.378935839538798	4.033769721164643
TRD	Pbre1_15G089600	old	6194.0	10.22950264068979	3.489222126481605
TRD	Pbre1_09G271600	old	4504.0	7.43843718012057	3.076975832906099
TRD	Pbre1_09G171600	old	8504.0	14.044509276142392	3.911165144302252
PD	Pbre1_05G351000	old	7307.0	12.06764220140786	3.7079269536035486
TRD	Pbre1_15G681200	old	7913.0	13.068462123955166	3.814392725707338
PD	Pbre1_11G124000	old	5759.0	9.511092300247418	3.3938406951357623
TRD	Pbre1_03G403800	old	6295.0	10.39630596111434	3.510494354783647
PD	Pbre1_01G201800	old	7637.0	12.612643149329662	3.7668753151604633
TRD	Pbre1_07G040600	old	2531.0	4.1799921187578075	2.3729499028852508
TD	Pbre1_14G322400	old	8479.0	14.003221325542256	3.9072003883705912
TRD	Pbre1_01G166600	old	8588.0	14.18323679015885	3.92440747479275
PD	Pbre1_10G081200	old	7270.0	12.00653603451966	3.701164882367086
PD	Pbre1_02G450000	old	4042.0	6.67543585303005	2.940248676886888
TRD	Pbre1_12G119000	old	5602.0	9.25180397047856	3.3578058924490075
TD	Pbre1_08G390000	old	7374.0	12.178293909016228	3.7200917028416844
TRD	Pbre1_02G072800	old	7604.0	12.558143054537481	3.7610876930178048
TD	Pbre1_01G231000	old	8190.0	13.52593261660468	3.860558887650203
TRD	Pbre1_11G178200	old	6211.0	10.257578447097883	3.4928246258511315
TRD	Pbre1_16G002400	old	9925.0	16.391316388254143	4.120295232530652
PD	Pbre1_10G265400	old	6469.0	10.68367009729129	3.5464216224839977
TD	Pbre1_05G361400	old	8207.0	13.554008423012771	3.863344645654596
TD	Pbre1_05G233000	old	7939.0	13.111401592579309	3.818789383335701
PD	Pbre1_03G450800	old	7823.0	12.919825501794676	3.799069220637696
TRD	Pbre1_09G473800	old	8337.0	13.76870576613348	3.884471498065719
PD	Pbre1_04G294400	old	7352.0	12.141960512488106	3.7161086072798946
TRD	Pbre1_02G460000	old	9874.0	16.307088969029866	4.113291180474676
TD	Pbre1_08G145600	old	6757.0	11.159307288204863	3.6039891361410636
TRD	Pbre1_11G510800	old	7202.0	11.894232808887288	3.6886540319741346
TD	Pbre1_05G383400	old	7557.0	12.480521707409224	3.7528044259863265
PD	Pbre1_13G490400	old	5611.0	9.26666763269461	3.359896080834791
TRD	Pbre1_12G337200	old	9484.0	15.662996939667737	4.058575996260344
TRD	Pbre1_16G410200	old	6189.0	10.221245050569761	3.4881608535995694
TRD	Pbre1_16G424800	old	5032.0	8.31043869679545	3.218849147459701
PD	Pbre1_09G117400	old	5373.0	8.873606342981311	3.3035771265100364
TD	Pbre1_16G015600	old	8556.0	14.130388213390676	3.9193770993850614
TD	Pbre1_05G146800	old	4017.0	6.634147902429914	2.93246713730474
TRD	Pbre1_08G216000	old	3990.0	6.589556915781767	2.9240156624439684
TRD	Pbre1_09G138600	old	6887.0	11.37400463132557	3.6292405739215825
TD	Pbre1_11G453200	old	9907.0	16.361589063822045	4.11782709506477
TRD	Pbre1_17G504200	old	9655.0	15.94540652177267	4.082822342503631
PD	Pbre1_11G252800	old	4111.0	6.7893905966864265	2.961510463392341
PD	Pbre1_17G095200	old	5700.0	9.413652736831096	3.3804042981046862
TRD	Pbre1_08G316800	old	6072.0	10.028017441761124	3.4631015490965966
TRD	Pbre1_04G392400	old	7265.0	11.998278444399633	3.7002486532029883
TD	Pbre1_08G145200	old	9074.0	14.9858745498255	3.9987257676378296
TRD	Pbre1_06G218600	old	8612.0	14.22287322273498	3.928168779154421
TD	Pbre1_15G036400	old	10586.0	17.48296980212175	4.208124679269125
TRD	Pbre1_14G048000	old	6381.0	10.53833651117881	3.52836333966256
TD	Pbre1_11G435600	old	10243.0	16.916499119887877	4.163216857517397
TRD	Pbre1_11G072400	old	7916.0	13.073416678027183	3.814900716713458
TD	Pbre1_04G004800	old	10308.0	17.023847791448233	4.171835130292714
PD	Pbre1_05G330200	old	11031.0	18.21789532280418	4.264378440696455
TD	Pbre1_12G390000	old	6270.0	10.355018010514204	3.5052580892332568
TD	Pbre1_10G417200	old	6182.0	10.209684424401724	3.486673758779219
TD	Pbre1_03G347200	old	4607.0	7.608543536593133	3.1057691713879607
PD	Pbre1_08G036400	old	6193.0	10.227851122665784	3.4890099343513503
TRD	Pbre1_05G172200	old	5304.0	8.759651599324934	3.2868296472863565
TRD	Pbre1_13G471000	old	4164.0	6.876921051958716	2.9776318160898714
TRD	Pbre1_07G453400	old	4222.0	6.972709097351032	2.99507003001351
PD	Pbre1_02G252400	old	3238.0	5.347615361729664	2.666214709688916
TRD	Pbre1_03G321400	old	5923.0	9.78194125618431	3.4305450492794125
TRD	Pbre1_11G319600	old	4141.0	6.8389361374065905	2.970657872014871
TRD	Pbre1_17G398200	old	5300.0	8.753045527228913	3.2858527912674274
PD	Pbre1_06G170600	old	8383.0	13.844675595237732	3.8918736609464823
TD	Pbre1_09G163000	old	8526.0	14.080842672670512	3.9146451392576536
TRD	Pbre1_06G175000	old	8527.0	14.082494190694518	3.9148031215708405
TD	Pbre1_07G496200	old	8531.0	14.08910026279054	3.9154348778818746
TRD	Pbre1_03G405600	old	3617.0	5.973540692827732	2.8018913451869785
PD	Pbre1_03G080600	old	11880.0	19.62003412518481	4.365974815187669
TRD	Pbre1_10G254800	old	6493.0	10.72330652986742	3.5513076306416616
TRD	Pbre1_03G225400	old	7135.0	11.783581101278923	3.676220134094337
TRD	Pbre1_12G353800	old	9207.0	15.205526447018226	4.018413983186799
PD	Pbre1_17G185800	old	8204.0	13.549053868940755	3.8628534320093197
TRD	Pbre1_06G270800	old	7849.0	12.962764970418819	3.803512753779087
TRD	Pbre1_11G147200	old	3362.0	5.55240359670634	2.7120242228265954
PD	Pbre1_09G228800	old	5156.0	8.515226931772128	3.2502380642174455
TD	Pbre1_11G017800	old	9114.0	15.05193527078572	4.004675338481182
TRD	Pbre1_03G424600	old	9230.0	15.243511361570352	4.021791628663223
TD	Pbre1_10G304800	old	6442.0	10.639079110643141	3.540905010945827
PD	Pbre1_12G250800	old	5675.0	9.372364786230959	3.374672945299574
PD	Pbre1_08G296200	old	8088.0	13.357477778156122	3.843730423675991
TD	Pbre1_15G352800	old	10048.0	16.594453105206814	4.1370487658565365
TRD	Pbre1_12G311200	old	7713.0	12.738158519154076	3.7801167312610016
TRD	Pbre1_12G142000	old	7061.0	11.66136876750252	3.6623614717977824
TD	Pbre1_01G401800	old	5009.0	8.272453782243325	3.2129511717555665
PD	Pbre1_09G432000	old	9581.0	15.823194187996267	4.072379748261357
TD	Pbre1_17G405600	old	7790.0	12.865325407002496	3.7934095704468516
TRD	Pbre1_13G422600	old	4423.0	7.304664220176129	3.0539218373411785
TD	Pbre1_02G385800	old	6090.0	10.057744766193222	3.4669852719251835
TRD	Pbre1_13G353000	old	3205.0	5.293115266937485	2.65377436806746
TRD	Pbre1_13G343600	old	3740.0	6.176677409780403	2.8433160733125944
TD	Pbre1_06G380800	old	5634.0	9.304652547246734	3.3652239557262122
TRD	Pbre1_09G072200	old	9583.0	15.826497224044276	4.072662976638301
TRD	Pbre1_14G189400	old	5614.0	9.271622186766626	3.3605921378863766
TD	Pbre1_03G104600	old	6061.0	10.009850743497065	3.460723005835404
TD	Pbre1_13G159400	old	10486.0	17.317817999721207	4.1951757561571
PD	Pbre1_10G436200	old	7412.0	12.241051593928434	3.7269457992907538
TD	Pbre1_06G102800	old	3883.0	6.4128444872131825	2.8900272456547227
PD	Pbre1_09G212000	old	5426.0	8.9611367982536	3.3163103968731975
PD	Pbre1_02G173200	old	1970.0	3.253490507290747	2.08864723437386
TRD	Pbre1_02G346600	old	7038.0	11.623383852950393	3.6580267891610623
TRD	Pbre1_02G375600	old	4487.0	7.410361373712478	3.072167791070443
PD	Pbre1_02G340200	old	12059.0	19.915655851481784	4.386511332116037
TD	Pbre1_16G334200	old	5527.0	9.12794011867815	3.3402688748747194
TD	Pbre1_09G032600	old	9769.0	16.133679576509294	4.098763108347943
PD	Pbre1_01G197800	old	6194.0	10.22950264068979	3.489222126481605
TRD	Pbre1_15G257400	old	9462.0	15.62666354313962	4.0554267883054775
PD	Pbre1_17G454200	old	3424.0	5.654797714194679	2.73439481322002
TRD	Pbre1_04G165400	old	7848.0	12.961113452394812	3.8033421014914737
TD	Pbre1_09G337600	old	5367.0	8.863697234837279	3.302128517045854
TD	Pbre1_10G567800	old	5947.0	9.821577688760444	3.4358389413555566
TRD	Pbre1_16G018800	old	10285.0	16.98586287689611	4.168791469726626
TRD	Pbre1_12G266600	old	9002.0	14.866965252097108	3.987954316670012
PD	Pbre1_11G400400	old	7110.0	11.742293150678789	3.6715530286358837
PD	Pbre1_17G469200	old	6105.0	10.082517536553304	3.470213740257986
TD	Pbre1_15G468200	old	7901.0	13.048643907667103	3.812358971091145
TRD	Pbre1_10G438800	old	9297.0	15.354163069178718	4.031586025702709
TRD	Pbre1_14G068200	old	6865.0	11.337671234797451	3.624998202902674
TD	Pbre1_02G044400	old	8079.0	13.342614115940073	3.8422360916184592
TRD	Pbre1_11G157600	old	7728.0	12.762931289514158	3.78271586917611
TRD	Pbre1_03G288600	old	8167.0	13.487947702052553	3.8567813385212664
TRD	Pbre1_16G165200	old	8159.0	13.474735557860509	3.855465086428426
TRD	Pbre1_05G219000	old	6665.0	11.00736762999636	3.585847999186158
TD	Pbre1_01G336600	old	9914.0	16.373149689990083	4.118787428106355
TD	Pbre1_07G161800	old	6226.0	10.282351217457965	3.4959958484653844
TD	Pbre1_09G268200	old	6284.0	10.378139262850281	3.5081927390212426
TRD	Pbre1_13G273800	old	8280.0	13.67456923876517	3.875246249587704
PD	Pbre1_07G390400	old	7912.0	13.066810605931162	3.8142233556152987
TD	Pbre1_09G155200	old	4949.0	8.173362700802999	3.1974506828364895
TRD	Pbre1_14G084000	old	4502.0	7.43513414407256	3.0764110118974752
TD	Pbre1_08G396200	old	4353.0	7.189057958495747	3.033697498658054
TRD	Pbre1_17G272200	old	4450.0	7.349255206824276	3.061647508084253
TRD	Pbre1_17G459000	old	7001.0	11.562277686062192	3.6510261601099883
PD	Pbre1_04G054800	old	8775.0	14.492070660647869	3.953458081635675
TD	Pbre1_15G267600	old	9671.0	15.971830810156758	4.085070296672224
TRD	Pbre1_11G442200	old	8552.0	14.123782141294653	3.9187470673932783
TRD	Pbre1_12G440600	old	5408.0	8.931409473821502	3.3119984807538416
PD	Pbre1_05G264800	old	4448.0	7.345952170776266	3.0610766527865927
TD	Pbre1_05G446600	old	9462.0	15.62666354313962	4.0554267883054775
TD	Pbre1_04G070600	old	7106.0	11.735687078582764	3.670804888667134
TRD	Pbre1_05G060000	old	6089.0	10.056093248169217	3.466769783608225
TRD	Pbre1_05G486400	old	10285.0	16.98586287689611	4.168791469726626
TRD	Pbre1_15G294000	old	9404.0	15.530875497747303	4.047091228641039
TRD	Pbre1_14G339800	old	8685.0	14.343434038487379	3.9395495057492664
PD	Pbre1_07G313400	old	3610.0	5.961980066659693	2.799497683384724
PD	Pbre1_09G441000	old	8125.0	13.418583945044325	3.8498575787602967
TRD	Pbre1_14G193400	old	7287.0	12.034611840927752	3.704275716233666
TRD	Pbre1_08G404000	old	8348.0	13.78687246439754	3.886245038653633
TRD	Pbre1_05G059000	old	5361.0	8.853788126693246	3.300678451571436
TRD	Pbre1_08G114600	old	6109.0	10.089123608649327	3.4710734463728645
PD	Pbre1_11G454600	old	9747.0	16.097346179981173	4.095700504787799
TRD	Pbre1_08G043600	old	6855.0	11.321156054557395	3.6230657207197496
TRD	Pbre1_16G353400	old	3997.0	6.6011175419498045	2.926211544043369
TRD	Pbre1_12G185600	old	7270.0	12.00653603451966	3.701164882367086
TRD	Pbre1_14G026600	old	8031.0	13.263341250787812	3.834240073955078
TRD	Pbre1_05G035200	old	6598.0	10.896715922387994	3.572491468725273
TD	Pbre1_17G094600	old	7038.0	11.623383852950393	3.6580267891610623
PD	Pbre1_12G083600	old	5447.0	8.995818676757715	3.3213247313050616
PD	Pbre1_08G379800	old	6013.0	9.930577878344803	3.45029777038792
PD	Pbre1_09G425200	old	9404.0	15.530875497747303	4.047091228641039
TRD	Pbre1_04G074000	old	7509.0	12.401248842256964	3.744295544419632
TD	Pbre1_03G199000	old	5180.0	8.554863364348257	3.2562352426442165
TD	Pbre1_11G146400	old	7726.0	12.759628253466149	3.782369587883356
TD	Pbre1_06G307600	old	7071.0	11.677883947742574	3.6642420617483413
TD	Pbre1_06G177800	old	9649.0	15.935497413628637	4.0819784558343795
TD	Pbre1_07G331600	old	6205.0	10.24766933895385	3.4915541824204475
TRD	Pbre1_02G364600	old	6095.0	10.066002356313248	3.4680622309776536
TRD	Pbre1_11G316600	old	5566.0	9.192349321614364	3.3494147238191396
TRD	Pbre1_01G333200	old	5266.0	8.696893914412728	3.277522700713192
TRD	Pbre1_02G337200	old	7939.0	13.111401592579309	3.818789383335701
TRD	Pbre1_04G081200	old	6112.0	10.094078162721344	3.471717889928131
TD	Pbre1_17G162000	old	6034.0	9.965259756848917	3.454868083413141
TRD	Pbre1_09G106000	old	7714.0	12.739810037178081	3.780290152877753
TRD	Pbre1_12G105000	old	7641.0	12.619249221425683	3.7675752700155924
PD	Pbre1_03G239200	old	5271.0	8.705151504532754	3.278750734642392
PD	Pbre1_17G100000	old	8016.0	13.238568480427729	3.831732202567909
TRD	Pbre1_09G087800	old	10275.0	16.969347696656055	4.167466133569375
TRD	Pbre1_16G351400	old	5990.0	9.892592963792676	3.4452755210007004
TD	Pbre1_16G037800	old	8753.0	14.45573726411975	3.9500705696541956
TD	Pbre1_10G127600	old	6309.0	10.419427213450417	3.5134183833255253
TD	Pbre1_15G185600	old	10792.0	17.823182515066875	4.234438666128045
TRD	Pbre1_07G137200	old	6276.0	10.364927118658237	3.506516527315233
PD	Pbre1_07G460200	old	9192.0	15.180753676658146	4.016206902918151
TRD	Pbre1_11G462600	old	12320.0	20.34670205574721	4.415941293757197
TRD	Pbre1_16G213000	old	11425.0	18.868593424262325	4.312417837043676
TD	Pbre1_13G101800	old	9960.0	16.44911951909433	4.125082334904846
TRD	Pbre1_14G006800	old	6991.0	11.545762505822138	3.6491282523572672
PD	Pbre1_03G191600	old	5788.0	9.558986322943575	3.4003994355441827
TRD	Pbre1_11G528600	old	5880.0	9.710925981152077	3.421011304262964
TRD	Pbre1_11G302800	old	5052.0	8.343469057275561	3.223958295386725
TRD	Pbre1_12G417600	old	9434.0	15.580421038467463	4.051408737571237
TRD	Pbre1_03G314400	old	8441.0	13.940463640630048	3.901153014209888
TD	Pbre1_17G204200	old	6598.0	10.896715922387994	3.572491468725273
TD	Pbre1_15G778200	old	5730.0	9.463198277551259	3.3872520013374734
TD	Pbre1_11G439200	old	8975.0	14.82237426544896	3.983894198110021
TRD	Pbre1_05G474200	old	9738.0	16.082482517765122	4.094445745244683
TRD	Pbre1_03G023000	old	10148.0	16.759604907607358	4.1505275817456635
TD	Pbre1_08G314200	old	3581.0	5.914086043963536	2.789538557668445
PD	Pbre1_03G028200	old	10834.0	17.8925462720751	4.239745251168117
TRD	Pbre1_14G088200	old	7214.0	11.914051025175356	3.6908697273812217
TRD	Pbre1_05G199400	old	5466.0	9.027197519213818	3.325846541307831
TD	Pbre1_10G485800	old	8418.0	13.902478726077922	3.897480408689053
TRD	Pbre1_13G131600	old	5136.0	8.482196571292018	3.245221301257584
TRD	Pbre1_04G035600	old	5438.0	8.980955014541665	3.3191778645429864
PD	Pbre1_13G479600	old	4021.0	6.640753974525936	2.9337150075854983
TRD	Pbre1_15G263800	old	9323.0	15.397102537802859	4.0353689997520705
TRD	Pbre1_04G201400	old	8430.0	13.922296942365989	3.8993977170962695
TRD	Pbre1_03G297200	old	5125.0	8.464029873027958	3.2424546275239896
TRD	Pbre1_12G136600	old	5008.0	8.27080226421932	3.2126941902563626
TRD	Pbre1_07G264600	old	5556.0	9.17583414137431	3.347075155943924
PD	Pbre1_10G108400	old	3337.0	5.511115646106204	2.702904762930694
TD	Pbre1_05G257200	old	1351.0	2.23120085043137	1.6920704308617824
TD	Pbre1_14G094200	old	5985.0	9.884335373672648	3.4441814103251978
TD	Pbre1_15G719600	old	5069.0	8.371544863683653	3.228286890303165
TD	Pbre1_05G470600	old	8089.0	13.359129296180129	3.8438963650673004
TRD	Pbre1_16G381600	old	6227.0	10.28400273548197	3.496207015663452
TRD	Pbre1_16G361200	old	4833.0	7.981786610018365	3.167002446864169
TD	Pbre1_04G131200	old	7797.0	12.876886033170534	3.794611959019485
TRD	Pbre1_04G411200	old	10017.0	16.543256046462645	4.132844633213271
TD	Pbre1_10G050200	old	6551.0	10.819094575259737	3.5630476141747724
TRD	Pbre1_01G344600	old	8406.0	13.882660509789856	3.8955605488320275
TRD	Pbre1_09G184000	old	5302.0	8.756348563276925	3.286341301956152
PD	Pbre1_10G189400	old	7496.0	12.379779107944893	3.741982393041395
PD	Pbre1_05G505200	old	9447.0	15.601890772779536	4.053275652915761
TRD	Pbre1_09G283400	old	5849.0	9.659728922407908	3.4140988456232515
TD	Pbre1_07G476200	old	7892.0	13.033780245451053	3.8108317714694833
PD	Pbre1_05G203600	old	7629.0	12.59943100513762	3.7654743858307134
TRD	Pbre1_12G084200	old	4440.0	7.332740026584221	3.0587909701123346
TRD	Pbre1_05G378600	old	9394.0	15.514360317507247	4.045649182910232
PD	Pbre1_11G035200	old	4939.0	8.156847520562945	3.194850999058602
TD	Pbre1_10G032800	old	6005.0	9.91736573415276	3.4485528833114065
TRD	Pbre1_12G282400	old	7602.0	12.55484001848947	3.7607361807008397
TD	Pbre1_02G249200	old	6110.0	10.090775126673332	3.471288292878343
TRD	Pbre1_12G069000	old	9244.0	15.26663261390643	4.023843721802744
TD	Pbre1_02G424800	old	11006.0	18.176607372204042	4.261275603552649
TD	Pbre1_07G393000	old	5863.0	9.682850174743985	3.417224702998038
TRD	Pbre1_04G235800	old	6688.0	11.045352544548484	3.590404714020295
TRD	Pbre1_08G129200	old	7145.0	11.800096281518977	3.6780827570147894
PD	Pbre1_08G114400	old	6109.0	10.089123608649327	3.4710734463728645
TD	Pbre1_15G229800	old	6122.0	10.110593342961398	3.4738639584271995
PD	Pbre1_01G145800	old	7491.0	12.371521517824865	3.7410917309490435
TRD	Pbre1_15G252600	old	6804.0	11.236928635333117	3.613169594208442
TRD	Pbre1_07G353800	old	8648.0	14.282327871599177	3.93379241267301
TD	Pbre1_14G169400	old	4680.0	7.729104352345531	3.1258336340703616
TRD	Pbre1_15G390800	old	8666.0	14.312055196031276	3.9365960303788676
PD	Pbre1_02G092600	old	5297.0	8.748090973156897	3.285119714942038
TD	Pbre1_02G179000	old	7709.0	12.731552447058053	3.7794228362543785
TD	Pbre1_11G028000	old	5371.0	8.8703033069333	3.303094418287066
TRD	Pbre1_17G294200	old	6032.0	9.961956720800906	3.4544334387543225
TRD	Pbre1_01G367400	old	6185.0	10.21463897847374	3.487311272837272
PD	Pbre1_11G501200	old	8841.0	14.601070850232231	3.963573153288822
TRD	Pbre1_08G415200	old	9832.0	16.237725212021637	4.107497495656016
PD	Pbre1_16G062600	old	8332.0	13.760448176013455	3.8836646219425672
PD	Pbre1_05G274400	old	6982.0	11.530898843606089	3.6474179980310635
TRD	Pbre1_07G454000	old	8166.0	13.486296184028546	3.856616872668413
TRD	Pbre1_02G366800	old	6695.0	11.056913170716522	3.591788688416583
TD	Pbre1_09G300600	old	9142.0	15.098177775457872	4.008825487382909
PD	Pbre1_11G032400	old	6217.0	10.267487555241916	3.494093951508135
TD	Pbre1_11G290400	old	2342.0	3.867855212220776	2.28328625767417
TD	Pbre1_13G269800	old	9278.0	15.322784226722613	4.0288152580477465
PD	Pbre1_14G148800	old	7615.0	12.576309752801542	3.7630194813311304
TD	Pbre1_08G051000	old	10397.0	17.17083289558472	4.183552644717512
TRD	Pbre1_15G286600	old	5692.0	9.400440592639052	3.378572741268291
PD	Pbre1_13G450400	old	8182.0	13.512720472412635	3.8592460790869247
PD	Pbre1_07G325600	old	5789.0	9.56063784096758	3.4006250680506644
TD	Pbre1_10G424400	old	4111.0	6.7893905966864265	2.961510463392341
PD	Pbre1_01G156200	old	8657.0	14.297191533815226	3.9351949025665243
TRD	Pbre1_11G198400	old	7409.0	12.236097039856418	3.7264058687437145
TD	Pbre1_07G024800	old	8209.0	13.557311459060783	3.863672028526008
TRD	Pbre1_10G173400	old	5954.0	9.833138314928481	3.4373793411117908
TD	Pbre1_02G487400	old	10551.0	17.42516667128156	4.2036057646687
TRD	Pbre1_10G592200	old	10171.0	16.797589822159487	4.153609977256101
PD	Pbre1_11G337000	old	1200.0	1.9818216288065464	1.5761939588510947
TD	Pbre1_03G138200	old	5889.0	9.725789643368126	3.4230119591749038
TRD	Pbre1_06G066800	old	6877.0	11.357489451085517	3.627313769815535
TRD	Pbre1_04G265600	old	8059.0	13.309583755459963	3.838909801706125
PD	Pbre1_14G081400	old	8326.0	13.750539067869422	3.8826957745368094
PD	Pbre1_01G119200	old	4738.0	7.824892397737847	3.141578687653348
TRD	Pbre1_15G726800	old	6489.0	10.716700457771399	3.5504944442198285
TRD	Pbre1_01G434000	old	7211.0	11.90909647110334	3.690316122467006
PD	Pbre1_10G020600	old	7071.0	11.677883947742574	3.6642420617483413
TRD	Pbre1_04G228400	old	7431.0	12.27243043638454	3.7303606748989364
TRD	Pbre1_05G413800	old	9991.0	16.500316577838504	4.1293091152962
PD	Pbre1_02G495400	old	9924.0	16.38966487023014	4.120158224500473
TD	Pbre1_07G254800	old	6100.0	10.074259946433278	3.469138386689393
TRD	Pbre1_01G075600	old	6007.0	9.92066877020077	3.4489893029682883
TD	Pbre1_16G023400	old	8467.0	13.983403109254189	3.9052934283802734
TRD	Pbre1_04G119000	old	6900.0	11.395474365637641	3.63174157824082
TD	Pbre1_16G225000	old	7541.0	12.454097419025137	3.749973704537308
TD	Pbre1_04G231400	old	61.0	0.10074259946433277	0.1384771447499387
TD	Pbre1_15G347600	old	8981.0	14.832283373592995	3.984797434645321
TRD	Pbre1_07G377000	old	6056.0	10.001593153377037	3.45964055209629
TD	Pbre1_09G189000	old	6340.0	10.470624272194586	3.519872004976147
TD	Pbre1_05G039000	old	7474.0	12.343445711416773	3.738059360275442
TRD	Pbre1_06G249800	old	6257.0	10.333548276202134	3.502527701770685
TD	Pbre1_10G357400	old	8281.0	13.676220756789176	3.875408605481092
TRD	Pbre1_04G056400	old	8546.0	14.113873033150622	3.9178015032211686
PD	Pbre1_15G734400	old	8034.0	13.268295804859829	3.8347411255174135
TRD	Pbre1_02G494200	old	8449.0	13.953675784822092	3.902428253873099
TD	Pbre1_01G294800	old	9671.0	15.971830810156758	4.085070296672224
TRD	Pbre1_17G002200	old	8765.0	14.475555480407815	3.9519192894284823
TRD	Pbre1_16G129400	old	7041.0	11.62833840702241	3.658592921689184
PD	Pbre1_09G022600	old	5699.0	9.41200121880709	3.3801754806209
TRD	Pbre1_17G240400	old	6701.0	11.066822278860554	3.5929738964050335
TRD	Pbre1_17G481000	old	7422.0	12.25756677416849	3.7287441097827014
TD	Pbre1_01G198200	old	7132.0	11.778626547206906	3.675660877962995
PD	Pbre1_05G409400	old	4226.0	6.979315169447054	2.9962649314050958
TD	Pbre1_04G292400	old	9492.0	15.676209083859781	4.05971946055819
TD	Pbre1_04G252600	old	5873.0	9.699365354984039	3.4194533189556893
TD	Pbre1_09G183000	old	7310.0	12.072596755479877	3.7084738430705424
PD	Pbre1_11G149200	old	5336.0	8.812500176093108	3.2946207747819356
TD	Pbre1_07G062600	old	6403.0	10.57466990770693	3.5328991454523764
TD	Pbre1_11G018800	old	4540.0	7.497891828984766	3.087104979473689
TRD	Pbre1_17G198000	old	7881.0	13.015613547186993	3.8089629960261844
TRD	Pbre1_15G330000	old	8844.0	14.606025404304246	3.964031248498403
TRD	Pbre1_03G221000	old	5058.0	8.353378165419592	3.2254875181853344
TRD	Pbre1_13G158000	old	11652.0	19.243488015711563	4.339385987163548
TD	Pbre1_16G423800	old	5874.0	9.701016873008044	3.4196759913213057
TRD	Pbre1_05G105400	old	4115.0	6.795996668782449	2.962733474134532
TRD	Pbre1_15G110600	old	10158.0	16.776120087847413	4.151868562989197
PD	Pbre1_16G423600	old	5744.0	9.486319529887336	3.3904365070559135
TRD	Pbre1_11G107400	old	8401.0	13.87440291966983	3.8947598525771774
PD	Pbre1_06G310800	old	9336.0	15.41857227211493	4.037256773434625
PD	Pbre1_11G492000	old	7693.0	12.705128158673967	3.776643913968153
PD	Pbre1_10G562400	old	8343.0	13.778614874277514	3.8854391541106748
TRD	Pbre1_06G148200	old	7441.0	12.288945616624593	3.7321547364456436
TRD	Pbre1_04G081800	old	5795.0	9.570546949111614	3.4019781225404078
PD	Pbre1_02G440000	old	7203.0	11.895884326911293	3.688838803284314
TD	Pbre1_09G055600	old	6993.0	11.549065541870148	3.6495080337006423
TD	Pbre1_13G357600	old	6982.0	11.530898843606089	3.6474179980310635
TRD	Pbre1_11G317000	old	6274.0	10.361624082610227	3.506097169910962
PD	Pbre1_03G243200	old	5883.0	9.715880535224093	3.421678497548295
TRD	Pbre1_05G287400	old	6177.0	10.201426834281698	3.4856106089231087
TD	Pbre1_03G165000	old	5786.0	9.555683286895563	3.3999480646391893
TRD	Pbre1_02G315600	old	9566.0	15.798421417636186	4.070253761227638
TD	Pbre1_05G413800	old	9991.0	16.500316577838504	4.1293091152962
TD	Pbre1_02G280000	old	5964.0	9.849653495168535	3.4395770630147604
PD	Pbre1_13G275400	old	5320.0	8.786075887709021	3.2907304704264786
PD	Pbre1_01G199800	old	8410.0	13.88926658188588	3.8962007860313026
TRD	Pbre1_16G155400	old	6253.0	10.326942204106112	3.5016865418910292
TD	Pbre1_02G398400	old	6155.0	10.165093437753578	3.480923419636612
TD	Pbre1_14G240200	old	4828.0	7.973529019898337	3.1656754654396924
PD	Pbre1_15G106800	old	8778.0	14.497025214719887	3.9539193994281767
TRD	Pbre1_15G539000	old	6130.0	10.12380548715344	3.4755785176823872
TD	Pbre1_15G284400	old	8217.0	13.570523603252825	3.864980817605034
TD	Pbre1_01G130200	old	6005.0	9.91736573415276	3.4485528833114065
TRD	Pbre1_12G086800	old	7741.0	12.784401023826229	3.7849646738981386
PD	Pbre1_12G329800	old	7048.0	11.639899033190447	3.659913034280763
TRD	Pbre1_17G390800	old	7224.0	11.93056620541541	3.6927135443480004
TRD	Pbre1_03G046600	old	7387.0	12.199763643328298	3.7224401916187397
TD	Pbre1_17G266400	old	6870.0	11.345928824917477	3.6259634741541493
TD	Pbre1_09G278800	old	7187.0	11.869460038527206	3.6858796188359526
PD	Pbre1_03G199200	old	8294.0	13.697690491101246	3.8775175711190455
PD	Pbre1_16G098000	old	8913.0	14.719980147960623	3.9745274905718686
TRD	Pbre1_12G061000	old	7931.0	13.098189448387267	3.8174379921530766
PD	Pbre1_15G719600	old	5069.0	8.371544863683653	3.228286890303165
TRD	Pbre1_11G418200	old	10795.0	17.82813706913889	4.234818355908361
TRD	Pbre1_15G131400	old	7048.0	11.639899033190447	3.659913034280763
PD	Pbre1_05G049800	old	5430.0	8.967742870349621	3.317266852826592
TRD	Pbre1_04G162000	old	8344.0	13.780266392301519	3.8856003670364387
TRD	Pbre1_15G034400	old	7796.0	12.875234515146529	3.794440250564858
TD	Pbre1_05G248400	old	5745.0	9.48797104791134	3.3906637029993716
TRD	Pbre1_15G625600	old	6036.0	9.968562792896927	3.455302597164819
TRD	Pbre1_16G282400	old	6544.0	10.807533949091699	3.5616357784271493
TRD	Pbre1_14G352600	old	5397.0	8.913242775557443	3.3093570625534183
TRD	Pbre1_10G169400	old	5236.0	8.647348373692564	3.2701324642663137
TRD	Pbre1_10G105200	old	4806.0	7.9371956233702186	3.159822203337055
TRD	Pbre1_17G148400	old	8073.0	13.332705007796042	3.8412390096549505
PD	Pbre1_10G157200	old	5880.0	9.710925981152077	3.421011304262964
TD	Pbre1_08G137600	old	5990.0	9.892592963792676	3.4452755210007004
PD	Pbre1_11G032800	old	7286.0	12.032960322903747	3.7040929115711236
TD	Pbre1_16G185800	old	9818.0	16.214603959685558	4.105561085439685
PD	Pbre1_02G486000	old	6077.0	10.036275031881152	3.464181410133273
TD	Pbre1_06G187000	old	5124.0	8.462378355003953	3.2422028484393888
TD	Pbre1_14G134000	old	6004.0	9.915714216128753	3.448334623966125
TRD	Pbre1_03G193600	old	4707.0	7.773695338993678	3.133184610556581
TRD	Pbre1_03G408600	old	7960.0	13.146083471083424	3.8223307741663572
TRD	Pbre1_05G384200	old	8789.0	14.515191912983948	3.9556096370777363
TD	Pbre1_13G180000	old	8808.0	14.54657075544005	3.9585244823351156
TRD	Pbre1_13G402200	old	6482.0	10.705139831603361	3.5490702641220593
TD	Pbre1_04G235200	old	5171.0	8.539999702132208	3.2539892211854626
TRD	Pbre1_17G028800	old	5612.0	9.268319150718614	3.3601281371680565
TD	Pbre1_05G039400	old	4654.0	7.686164883721389	3.1187193387772334
PD	Pbre1_04G310200	old	6858.0	11.326110608629413	3.623645737220847
TD	Pbre1_03G012600	old	8301.0	13.709251117269284	3.8786518923363635
TD	Pbre1_11G261600	old	6155.0	10.165093437753578	3.480923419636612
TD	Pbre1_04G308600	old	8895.0	14.690252823528525	3.9717966941221263
TD	Pbre1_11G362800	old	7640.0	12.617597703401678	3.7674003131365774
PD	Pbre1_01G387600	old	7898.0	13.043689353595086	3.8118500841576783
TD	Pbre1_09G316000	old	6221.0	10.274093627337937	3.4949395485980936
TD	Pbre1_02G292200	old	4615.0	7.621755680785176	3.107981680689248
TD	Pbre1_05G231200	old	7803.0	12.886795141314566	3.795641780799688
TD	Pbre1_02G256800	old	6821.0	11.26500444174121	3.6164758512514346
PD	Pbre1_11G478800	old	7729.0	12.764582807538163	3.782888978659053
TD	Pbre1_04G370600	old	9851.0	16.26910405447774	4.1101213306382975
TRD	Pbre1_02G087600	old	8975.0	14.82237426544896	3.983894198110021
TD	Pbre1_02G236000	old	6659.0	10.997458521852327	3.5846569202005734
TRD	Pbre1_12G137400	old	5812.0	9.598622755519706	3.405804899970787
TRD	Pbre1_07G359600	old	6322.0	10.440896947762488	3.5161282563885368
TRD	Pbre1_07G502800	old	9983.0	16.48710443364646	4.1282195182204315
TD	Pbre1_07G060200	old	6737.0	11.126276927724751	3.6000647696343515
TRD	Pbre1_07G392800	old	7090.0	11.709262790198677	3.6678084431082514
TD	Pbre1_11G153800	old	8484.0	14.011478915662282	3.90799421169854
TRD	Pbre1_15G125600	old	6643.0	10.971034233468238	3.581475893705107
TD	Pbre1_16G162200	old	11781.0	19.456533840808266	4.354489810141417
TRD	Pbre1_14G390600	old	8714.0	14.391328061183536	3.9440458167821633
TRD	Pbre1_08G131600	old	8991.0	14.84879855383305	3.986301573351477
TD	Pbre1_09G077200	old	6540.0	10.800927876995678	3.560828394382256
TD	Pbre1_06G145800	old	5874.0	9.701016873008044	3.4196759913213057
TRD	Pbre1_15G474800	old	8516.0	14.064327492430456	3.913064363903923
PD	Pbre1_17G488800	old	8316.0	13.734023887629366	3.8810795816049706
TD	Pbre1_11G100600	old	4781.0	7.895907672770082	3.1531418149580084
PD	Pbre1_09G065200	old	7888.0	13.027174173355032	3.810152496810004
TRD	Pbre1_05G224400	old	6160.0	10.173351027873604	3.481990027911581
TRD	Pbre1_09G252400	old	6455.0	10.660548844955214	3.5435637905664237
TRD	Pbre1_17G146600	old	6990.0	11.544110987798131	3.6489383241882614
TD	Pbre1_11G430600	old	9285.0	15.334344852890652	4.029836686397938
TD	Pbre1_10G031400	old	8278.0	13.67126620271716	3.8749214829777388
TD	Pbre1_07G209600	old	4322.0	7.137860899751578	3.0246496206729065
TRD	Pbre1_16G277600	old	5024.0	8.297226552603407	3.2168004113229385
PD	Pbre1_10G174000	old	5492.0	9.07013698783796	3.3320114038855113
TRD	Pbre1_13G325400	old	8857.0	14.627495138616316	3.9660146486122145
PD	Pbre1_05G232800	old	8275.0	13.666311648645143	3.874434195943091
TRD	Pbre1_11G352800	old	3922.0	6.477253690149396	2.9025084819942086
TRD	Pbre1_03G294800	old	8019.0	13.243523034499745	3.8322341257260355
PD	Pbre1_12G191600	old	3977.0	6.5680871814696955	2.9199287080681033
TD	Pbre1_07G441800	old	4443.0	7.337694580656238	3.059648525535259
TD	Pbre1_14G332400	old	11672.0	19.27651837619167	4.341738047395594
TRD	Pbre1_16G051800	old	8675.0	14.326918858247323	3.937995798753146
PD	Pbre1_11G419800	old	8567.0	14.148554911654735	3.921108270022788
TD	Pbre1_11G044200	old	7360.0	12.15517265668015	3.7175582783437764
TRD	Pbre1_02G370800	old	6768.0	11.177473986468922	3.606142996182548
TRD	Pbre1_15G626800	old	7050.0	11.643202069238459	3.6602899875456454
TD	Pbre1_02G194600	old	6380.0	10.536684993154804	3.5281568274504873
TD	Pbre1_17G485000	old	9070.0	14.979268477729478	3.9981294588661056
PD	Pbre1_09G100000	old	8354.0	13.796781572541573	3.8872115062641455
TD	Pbre1_14G296800	old	4975.0	8.21630216942714	3.204188018341373
TD	Pbre1_11G350400	old	6755.0	11.156004252156851	3.603597179513426
TRD	Pbre1_02G294800	old	6927.0	11.440065352285789	3.6369221593889134
TD	Pbre1_11G184000	old	7961.0	13.147734989107429	3.8224991951851908
TRD	Pbre1_08G111200	old	8162.0	13.479690111932525	3.8559588217033576
TD	Pbre1_16G313600	old	3827.0	6.320359477868877	2.871914496078276
TRD	Pbre1_05G196800	old	7793.0	12.870279961074512	3.7939250025472644
TD	Pbre1_05G444200	old	5674.0	9.370713268206952	3.37444321691867
TD	Pbre1_06G115800	old	3262.0	5.387251794305795	2.6751953246676257
TRD	Pbre1_10G234600	old	6024.0	9.948744576608862	3.4526935494685436
TRD	Pbre1_05G514200	old	7163.0	11.829823605951077	3.6814294301965615
PD	Pbre1_05G463200	old	8763.0	14.472252444359803	3.9516113339341206
TRD	Pbre1_05G149600	old	3845.0	6.350086802300975	2.8777612878414773
TD	Pbre1_04G001800	old	10775.0	17.79510670865878	4.232285201149687
TRD	Pbre1_15G671600	old	5238.0	8.650651409740576	3.270626326202924
PD	Pbre1_05G010600	old	5012.0	8.277408336315341	3.213721841716756
TRD	Pbre1_03G081600	old	10489.0	17.32277255379322	4.195565919662934
PD	Pbre1_11G355600	old	5345.0	8.827363838309159	3.296804469724719
TD	Pbre1_07G117000	old	6651.0	10.984246377660282	3.5830672836910997
TRD	Pbre1_13G152200	old	9097.0	15.023859464377628	4.002149768196642
TRD	Pbre1_13G412000	old	5640.0	9.314561655390767	3.366610606268672
TRD	Pbre1_04G130400	old	6943.0	11.466489640669876	3.6399833779416055
TRD	Pbre1_15G238000	old	6690.0	11.048655580596495	3.5908002707687983
TRD	Pbre1_10G026000	old	7647.0	12.629158329569716	3.768624565963069
TD	Pbre1_07G317400	old	6996.0	11.554020095942164	3.650077518327788
TD	Pbre1_11G136800	old	7280.0	12.023051214759715	3.7029955968998003
PD	Pbre1_14G446000	old	10054.0	16.604362213350846	4.137861055783189
PD	Pbre1_10G199800	old	5192.0	8.574681580636325	3.2592245090035994
TD	Pbre1_17G160200	old	5997.0	9.904153589960716	3.4468058833017885
TRD	Pbre1_07G122000	old	4822.0	7.963619911754306	3.1640814749245014
TRD	Pbre1_14G028800	old	10460.0	17.274878531097063	4.19178991183573
TRD	Pbre1_13G359200	old	6685.0	11.040397990476468	3.5898111754730997
TRD	Pbre1_02G335800	old	6869.0	11.344277306893472	3.6257704715640533
PD	Pbre1_08G173400	old	5379.0	8.883515451125342	3.3050242828850087
PD	Pbre1_09G156600	old	15502.0	25.601832408132566	4.733453720879774
TD	Pbre1_17G376000	old	7031.0	11.611823226782356	3.6567049486739784
TRD	Pbre1_06G061800	old	7349.0	12.13700595841609	3.7155646048601554
PD	Pbre1_09G193400	old	7904.0	13.053598461739117	3.8128676785864126
TRD	Pbre1_10G371000	old	8347.0	13.785220946373535	3.886083897754167
TRD	Pbre1_01G236200	old	4151.0	6.8554513176466445	2.9736941647653237
PD	Pbre1_15G412800	old	9848.0	16.264149500405722	4.109707358023339
TRD	Pbre1_04G254400	old	5458.0	9.013985375021775	3.3239443484315574
TD	Pbre1_03G049000	old	10613.0	17.527560788769897	4.211601053447287
TRD	Pbre1_09G285400	old	8743.0	14.439222083879695	3.948528158114965
TRD	Pbre1_11G119400	old	6997.0	11.55567161396617	3.65026729659302
TRD	Pbre1_13G339400	old	4389.0	7.2485126073599435	3.044133992395188
PD	Pbre1_10G297800	old	10904.0	18.008152533755485	4.248546413306695
TRD	Pbre1_02G386800	old	6142.0	10.143623703441506	3.4781465420073
TRD	Pbre1_13G271000	old	4385.0	7.241906535263921	3.042978103284052
TRD	Pbre1_16G029400	old	6658.0	10.995807003828322	3.584458311398084
TRD	Pbre1_14G105000	old	4674.0	7.719195244201498	3.124194984683716
TRD	Pbre1_14G201200	old	3327.0	5.49460046586615	2.699240776844389
TRD	Pbre1_16G374600	old	6562.0	10.837261273523797	3.5652634255038325
TRD	Pbre1_11G330800	old	4857.0	8.021423042594495	3.173355022678411
TD	Pbre1_13G169400	old	13644.0	22.533311919530433	4.5566324649034
TRD	Pbre1_05G227000	old	2515.0	4.15356783037372	2.3655715602634424
PD	Pbre1_10G142400	old	2778.0	4.587917070687155	2.48231061011814
TRD	Pbre1_01G310200	old	6812.0	11.250140779525163	3.614726423768741
TRD	Pbre1_15G099000	old	7828.0	12.928083091914704	3.79992480981955
TD	Pbre1_12G054000	old	6736.0	11.124625409700746	3.599868270812683
TRD	Pbre1_13G306400	old	9309.0	15.373981285466783	4.033333246415432
TRD	Pbre1_07G406400	old	8756.0	14.460691818191766	3.950532971740263
TRD	Pbre1_15G497000	old	6482.0	10.705139831603361	3.5490702641220593
PD	Pbre1_01G193400	old	7290.0	12.039566394999769	3.7048239912827103
TRD	Pbre1_06G109400	old	4846.0	8.003256344330437	3.170446897234754
TRD	Pbre1_10G409600	old	9406.0	15.534178533795313	4.047379464900242
TRD	Pbre1_09G047200	old	10160.0	16.779423123895423	4.152136609730133
TRD	Pbre1_05G217600	old	7742.0	12.786052541850234	3.7851375137725602
TRD	Pbre1_15G255000	old	9035.0	14.921465346889288	3.992901216661082
TRD	Pbre1_06G156200	old	6601.0	10.901670476460009	3.573092174216224
PD	Pbre1_02G152000	old	8262.0	13.644841914333071	3.8723207148278465
TRD	Pbre1_06G016200	old	5681.0	9.382273894374991	3.3760505479150926
TD	Pbre1_08G072800	old	9600.0	15.854573030452372	4.07506817550814
TRD	Pbre1_10G562800	old	9218.0	15.223693145282287	4.02003036548437
TD	Pbre1_14G016000	old	8936.0	14.75796506251275	3.97800933629503
TD	Pbre1_03G132000	old	9737.0	16.080830999741117	4.094306260129236
TRD	Pbre1_16G306200	old	6489.0	10.716700457771399	3.5504944442198285
PD	Pbre1_09G425600	old	8323.0	13.745584513797404	3.882211106737195
TD	Pbre1_12G332200	old	8507.0	14.049463830214409	3.911640183648425
TRD	Pbre1_03G258400	old	7718.0	12.746416109274104	3.7809836309554936
TD	Pbre1_04G169800	old	7653.0	12.639067437713749	3.7696730992948897
TRD	Pbre1_08G117400	old	10050.0	16.597756141254823	4.137319579985139
TRD	Pbre1_17G399000	old	6366.0	10.513563740818729	3.5252625482904696
TD	Pbre1_17G255800	old	7474.0	12.343445711416773	3.738059360275442
TRD	Pbre1_04G000200	old	9061.0	14.96440481551343	3.9967868622824696
TRD	Pbre1_15G220400	old	9913.0	16.371498171966078	4.118650276803257
TD	Pbre1_04G399000	old	6112.0	10.094078162721344	3.471717889928131
TRD	Pbre1_05G087200	old	2754.0	4.548280638111024	2.4720407626022816
TRD	Pbre1_15G609000	old	5371.0	8.8703033069333	3.303094418287066
TRD	Pbre1_09G276400	old	4079.0	6.736542019918252	2.9516888731569475
TRD	Pbre1_08G318600	old	7043.0	11.631641443070421	3.6589702199912244
TD	Pbre1_03G008800	old	7697.0	12.71173423076999	3.7773391465226114
TRD	Pbre1_15G364200	old	9502.0	15.692724264099837	4.061147517627243
PD	Pbre1_09G204000	old	6048.0	9.988381009184994	3.4579069350344334
TD	Pbre1_09G146600	old	9884.0	16.323604149269922	4.114667206669508
TD	Pbre1_06G023600	old	6208.0	10.252623893025866	3.4921895439805257
TRD	Pbre1_02G442800	old	9960.0	16.44911951909433	4.125082334904846
TRD	Pbre1_07G058800	old	6129.0	10.122153969129435	3.4753643091765927
PD	Pbre1_15G090400	old	6936.0	11.454929014501838	3.638644894007821
TD	Pbre1_03G459600	old	12175.0	20.107231942266417	4.399665487167396
PD	Pbre1_07G202600	old	3646.0	6.02143471552389	2.8117658518241755
PD	Pbre1_06G302400	old	8897.0	14.693555859576536	3.972100371333013
TRD	Pbre1_13G367400	old	6977.0	11.52264125348606	3.646466979955288
TRD	Pbre1_16G033200	old	5828.0	9.625047043903793	3.4093973238888973
PD	Pbre1_02G249600	old	9145.0	15.103132329529888	4.009269438925415
TD	Pbre1_09G134000	old	10547.0	17.418560599185536	4.2030884148639505
TD	Pbre1_08G151000	old	9356.0	15.451602632595039	4.040156225806936
TD	Pbre1_14G303400	old	8948.0	14.777783278800815	3.979822621067126
TRD	Pbre1_08G325400	old	6316.0	10.430987839618457	3.514878178206842
TRD	Pbre1_17G152400	old	6365.0	10.511912222794724	3.5250555917115025
TD	Pbre1_09G296800	old	3848.0	6.3550413563729915	2.8787334535761597
TD	Pbre1_15G721200	old	6792.0	11.217110419045051	3.6108311953407486
TRD	Pbre1_07G220600	old	6706.0	11.075079868980584	3.5939608264909477
TRD	Pbre1_10G069800	old	7218.0	11.920657097271377	3.6916075369678625
PD	Pbre1_08G205000	old	4153.0	6.858754353694655	2.974300657246864
TD	Pbre1_13G307800	old	5649.0	9.329425317606818	3.3686880863118502
TD	Pbre1_10G171400	old	6035.0	9.966911274872922	3.455085356647444
TRD	Pbre1_06G261000	old	6326.0	10.44750301985851	3.5169610404827334
TD	Pbre1_10G567000	old	8052.0	13.298023129291925	3.837743786036427
TRD	Pbre1_05G069600	old	5886.0	9.72083508929611	3.4223453824239445
TRD	Pbre1_07G403800	old	7709.0	12.731552447058053	3.7794228362543785
TD	Pbre1_14G045200	old	7066.0	11.669626357622548	3.6633020731976886
TRD	Pbre1_05G195000	old	3547.0	5.85793443114735	2.777774110702423
TRD	Pbre1_06G119800	old	4809.0	7.942150177442235	3.1606217751840466
TD	Pbre1_15G562800	old	5721.0	9.44833461533521	3.38520110095732
PD	Pbre1_13G355000	old	8716.0	14.394631097231548	3.9443553912683833
TRD	Pbre1_15G054000	old	7716.0	12.743113073226093	3.780636933584459
PD	Pbre1_12G120000	old	4484.0	7.405406819640461	3.0713176472394665
TRD	Pbre1_16G158400	old	11422.0	18.86363887019031	4.3120580329141935
TD	Pbre1_15G421200	old	5932.0	9.79680491840036	3.4325325359467516
TD	Pbre1_04G032400	old	3186.0	5.261736424481381	2.6465627823353133
PD	Pbre1_06G411800	old	6277.0	10.366578636682243	3.5067261603147366
TRD	Pbre1_11G171600	old	8172.0	13.496205292172581	3.8576033866687873
TD	Pbre1_07G039800	old	8525.0	14.079191154646507	3.91448713964272
TD	Pbre1_07G210000	old	6344.0	10.477230344290607	3.5207026314443053
TRD	Pbre1_16G172400	old	7565.0	12.49373385160127	3.7542177066151834
TRD	Pbre1_04G164000	old	7372.0	12.174990872968216	3.719730057316983
TRD	Pbre1_05G077800	old	3535.0	5.8381162148592844	2.7735989418085163
TRD	Pbre1_15G115000	old	9324.0	15.398754055826863	4.035514300842675
PD	Pbre1_10G348800	old	5458.0	9.013985375021775	3.3239443484315574
TRD	Pbre1_05G251000	old	6253.0	10.326942204106112	3.5016865418910292
TD	Pbre1_03G301800	old	5248.0	8.66716658998063	3.2730931031895234
TD	Pbre1_02G426800	old	9359.0	15.456557186667057	4.040590641507041
TRD	Pbre1_15G729000	old	7631.0	12.602734041185629	3.7658247457187333
TRD	Pbre1_12G364400	old	8893.0	14.686949787480515	3.9714929529758543
TRD	Pbre1_07G152600	old	5392.0	8.904985185437415	3.308154817324559
TD	Pbre1_11G322600	old	6836.0	11.289777212101292	3.619386857798107
PD	Pbre1_06G182800	old	9459.0	15.621708989067601	4.054996817747639
PD	Pbre1_06G282000	old	4013.0	6.627541830333892	2.931218186734418
PD	Pbre1_10G282200	old	8183.0	13.514371990436642	3.859410245502751
TRD	Pbre1_02G506000	old	9043.0	14.934677491081333	3.9940979149616416
PD	Pbre1_10G116600	old	5849.0	9.659728922407908	3.4140988456232515
TRD	Pbre1_15G556800	old	4270.0	7.0519819625032945	3.0093439404365756
PD	Pbre1_15G088400	old	6107.0	10.085820572601316	3.470643657353092
TRD	Pbre1_15G206200	old	6956.0	11.487959374981946	3.6424658440416855
TD	Pbre1_10G387000	old	4167.0	6.881875606030732	2.9785389806380485
TRD	Pbre1_15G472800	old	6082.0	10.044532622001178	3.4652604634956288
TRD	Pbre1_14G151600	old	6367.0	10.515215258842733	3.52546947518549
TRD	Pbre1_14G189000	old	7652.0	12.637415919689744	3.7694983966519677
PD	Pbre1_10G334600	old	9632.0	15.907421607220545	4.0795847594785135
TD	Pbre1_10G022400	old	6044.0	9.981774937088971	3.4570393446756564
PD	Pbre1_05G358400	old	6622.0	10.936352354964125	3.577290123835135
TD	Pbre1_13G019800	old	10768.0	17.78354608249074	4.23139754513599
TRD	Pbre1_06G366400	old	9842.0	16.25424039226169	4.1088790562620945
PD	Pbre1_02G249000	old	6113.0	10.095729680745348	3.4719326404914868
TRD	Pbre1_15G035400	old	9260.0	15.293056902290514	4.026185402497294
PD	Pbre1_09G099400	old	7057.0	11.654762695406497	3.6616085488890855
TRD	Pbre1_15G020600	old	7761.0	12.817431384306337	3.78841754320808
TRD	Pbre1_11G213600	old	6756.0	11.157655770180856	3.60379317113827
PD	Pbre1_04G182000	old	6605.0	10.908276548556033	3.573892725992944
PD	Pbre1_02G060000	old	7281.0	12.02470273278372	3.703178540647746
TD	Pbre1_07G161200	old	5603.0	9.253455488502567	3.3580382852039583
TD	Pbre1_07G428000	old	7008.0	11.573838312230231	3.652353211530289
TRD	Pbre1_17G267400	old	7394.0	12.211324269496336	3.723703180796803
TRD	Pbre1_15G331200	old	7962.0	13.149386507131434	3.822667596544756
TRD	Pbre1_01G202000	old	6056.0	10.001593153377037	3.45964055209629
TD	Pbre1_08G364000	old	6087.0	10.052790212121206	3.46633871039095
TD	Pbre1_12G067400	old	9842.0	16.25424039226169	4.1088790562620945
TD	Pbre1_17G361800	old	5926.0	9.786895810256327	3.4312078491042914
TRD	Pbre1_14G178000	old	5520.0	9.116379492510113	3.3386211573741567
TRD	Pbre1_07G468600	old	7594.0	12.541627874297427	3.7593292743474813
TRD	Pbre1_10G086000	old	7396.0	12.214627305544347	3.7240638318588943
TRD	Pbre1_10G256800	old	6075.0	10.03297199583314	3.46374956270722
TD	Pbre1_10G421000	old	7780.0	12.848810226762442	3.791690132267945
PD	Pbre1_08G034000	old	8301.0	13.709251117269284	3.8786518923363635
TRD	Pbre1_17G503200	old	7868.0	12.994143812874922	3.8067513177963996
TRD	Pbre1_09G008000	old	9867.0	16.29552834286183	4.11232718064123
TRD	Pbre1_13G412400	old	8709.0	14.38307047106351	3.9432715898162467
TD	Pbre1_15G029000	old	5268.0	8.700196950460738	3.2780140397295012
TRD	Pbre1_01G205200	old	6156.0	10.166744955777583	3.481136804385823
TRD	Pbre1_02G113200	old	10436.0	17.23524209852093	4.18865744849706
TD	Pbre1_08G287200	old	6413.0	10.591185087946984	3.5349561705587407
TD	Pbre1_13G099800	old	10632.0	17.558939631226	4.214042379034241
TD	Pbre1_04G232000	old	7366.0	12.165081764824183	3.7186445764946616
PD	Pbre1_13G429800	old	7639.0	12.615946185377673	3.7672253350378164
TRD	Pbre1_06G345600	old	7188.0	11.871111556551213	3.686064745794586
PD	Pbre1_02G234000	old	4149.0	6.852148281598634	2.9730874172140545
TRD	Pbre1_12G350200	old	10256.0	16.937968854199948	4.164944635653483
PD	Pbre1_14G259400	old	5577.0	9.210516019878424	3.3519838739833427
TD	Pbre1_05G558600	old	9104.0	15.035420090545665	4.003190244401763
PD	Pbre1_04G227600	old	6802.0	11.233625599285105	3.6127801241776782
TRD	Pbre1_13G107200	old	9130.0	15.078359559169806	4.0070483138060125
TRD	Pbre1_06G046600	old	6780.0	11.197292202756987	3.6084890001143575
PD	Pbre1_17G066200	old	5157.0	8.516878449796133	3.2504884450157214
PD	Pbre1_10G057200	old	4074.0	6.728284429798225	2.9501481917290904
TRD	Pbre1_05G005600	old	7808.0	12.895052731434594	3.796499404433742
PD	Pbre1_17G491400	old	7616.0	12.577961270825549	3.7631949702524894
TRD	Pbre1_04G337200	old	9108.0	15.042026162641687	4.003784465494814
PD	Pbre1_01G133800	old	7125.0	11.767065921038869	3.6743551032848174
PD	Pbre1_01G121200	old	4081.0	6.739845055966263	2.9523046853326615
TRD	Pbre1_12G440000	old	8511.0	14.05606990231043	3.912273326225489
PD	Pbre1_06G009000	old	4976.0	8.217953687451145	3.204446519350369
PD	Pbre1_09G139600	old	6812.0	11.250140779525163	3.614726423768741
TD	Pbre1_07G281000	old	8226.0	13.585387265468876	3.8664517875035775
PD	Pbre1_08G233200	old	6711.0	11.08333745910061	3.594947081891542
TRD	Pbre1_04G148000	old	6631.0	10.951216017180174	3.5790855124826497
TRD	Pbre1_15G062400	old	7458.0	12.317021423032685	3.7351995302430763
PD	Pbre1_11G345800	old	2789.0	4.606083768951215	2.4869933020135697
TRD	Pbre1_13G121000	old	10204.0	16.852089916951666	4.158021073137694
TD	Pbre1_08G338800	old	6376.0	10.530078921058783	3.527330482866679
TD	Pbre1_17G272600	old	4967.0	8.203090025235095	3.202118341125862
PD	Pbre1_13G354000	old	4770.0	7.877740974506023	3.150192615821464
TRD	Pbre1_15G437200	old	4700.0	7.76213471282564	3.1312823954451003
TRD	Pbre1_05G426000	old	8323.0	13.745584513797404	3.882211106737195
TRD	Pbre1_02G386400	old	5300.0	8.753045527228913	3.2858527912674274
TRD	Pbre1_10G328600	old	8546.0	14.113873033150622	3.9178015032211686
TD	Pbre1_05G447600	old	8018.0	13.24187151647574	3.8320668374083975
TRD	Pbre1_05G537800	old	8163.0	13.48134162995653	3.856123362586223
TRD	Pbre1_10G005800	old	7035.0	11.618429298878377	3.6574604343878674
TD	Pbre1_10G407600	old	9453.0	15.611799880923568	4.054136492004812
TRD	Pbre1_06G104800	old	5318.0	8.782772851661012	3.290243443945252
PD	Pbre1_04G206600	old	4945.0	8.166756628706977	3.196411371401964
TRD	Pbre1_10G337000	old	6307.0	10.416124177402407	3.513001027626246
TD	Pbre1_01G127600	old	5794.0	9.568895431087608	3.4017527015642846
PD	Pbre1_04G263600	old	8022.0	13.248477588571763	3.832735874322501
PD	Pbre1_04G257000	old	6293.0	10.393002925066329	3.510076152214757
PD	Pbre1_03G409200	old	8703.0	14.373161362919477	3.942341968674695
PD	Pbre1_03G039000	old	7158.0	11.821566015831047	3.680500577225784
TRD	Pbre1_08G398800	old	6038.0	9.971865828944939	3.4557369800881865
TD	Pbre1_17G281600	old	4878.0	8.05610492109861	3.178890672864118
TD	Pbre1_02G054000	old	9913.0	16.371498171966078	4.118650276803257
TD	Pbre1_10G481000	old	7198.0	11.887626736791267	3.6879147099989784
TD	Pbre1_02G288400	old	8930.0	14.748055954368716	3.9771018385413313
TD	Pbre1_09G062800	old	10372.0	17.129544944984584	4.180270808504833
TD	Pbre1_14G114600	old	5417.0	8.94627313603755	3.3141560497407405
TD	Pbre1_13G068400	old	8329.0	13.755493621941438	3.8831802795688373
TRD	Pbre1_02G181000	old	7273.0	12.011490588591677	3.7017143406929964
TD	Pbre1_03G174200	old	5019.0	8.288968962483379	3.2155184722526178
TRD	Pbre1_09G224000	old	8296.0	13.700993527149256	3.8778417539119507
TRD	Pbre1_01G092800	old	6154.0	10.163441919729573	3.480710003321626
TD	Pbre1_15G763600	old	7551.0	12.470612599265193	3.7517435562165775
TD	Pbre1_07G072000	old	7019.0	11.59200501049429	3.6544361149093945
TD	Pbre1_06G218000	old	7065.0	11.667974839598543	3.6631140019712136
PD	Pbre1_10G513600	old	5899.0	9.742304823608182	3.425231659984267
TD	Pbre1_11G490000	old	8660.0	14.302146087887243	3.935662096382309
TRD	Pbre1_13G486800	old	4684.0	7.735710424441552	3.1269250338967
TRD	Pbre1_04G072400	old	5589.0	9.230334236166488	3.3547813751595363
TRD	Pbre1_07G499000	old	9850.0	16.26745253645373	4.109983352964773
TD	Pbre1_06G042600	old	5589.0	9.230334236166488	3.3547813751595363
TRD	Pbre1_06G174000	old	8220.0	13.575478157324842	3.8654713075677454
TRD	Pbre1_12G247000	old	7907.0	13.058553015811134	3.8133762067699797
TD	Pbre1_04G029600	old	7679.0	12.682006906337891	3.7742079582590127
TD	Pbre1_12G150800	old	6908.0	11.408686509829685	3.6332785055977883
PD	Pbre1_14G053200	old	7841.0	12.949552826226775	3.8021469699364254
TD	Pbre1_15G246000	old	5485.0	9.058576361669921	3.330354222963267
TRD	Pbre1_01G302000	old	8977.0	14.825677301496972	3.9841953397922234
TRD	Pbre1_04G118400	old	5276.0	8.713409094652782	3.279977724147932
PD	Pbre1_01G315600	old	7154.0	11.814959943735026	3.679757064030692
PD	Pbre1_10G376600	old	7076.0	11.686141537862602	3.6651814382478265
TRD	Pbre1_03G215200	old	6011.0	9.927274842296791	3.449861746426782
TRD	Pbre1_03G432000	old	9998.0	16.51187720400654	4.130261838153399
TRD	Pbre1_10G497800	old	10549.0	17.421863635233546	4.203347112956502
TD	Pbre1_01G197600	old	5403.0	8.923151883701475	3.310798435606711
TRD	Pbre1_04G022600	old	6172.0	10.19316924416167	3.484546675033518
TRD	Pbre1_14G175400	old	6508.0	10.748079300227504	3.5543530039721647
PD	Pbre1_05G458400	old	6429.0	10.617609376331071	3.5382413223439295
PD	Pbre1_03G090000	old	10962.0	18.1039405791478	4.255798349254408
TRD	Pbre1_12G439600	old	9404.0	15.530875497747303	4.047091228641039
TRD	Pbre1_10G309600	old	9926.0	16.392967906278148	4.120432227550863
TD	Pbre1_16G309200	old	3263.0	5.3889033123298	2.6755683065008227
TRD	Pbre1_17G107800	old	7355.0	12.146915066560123	3.716652404647922
TRD	Pbre1_11G077600	old	6669.0	11.01397370209238	3.58664150589015
TRD	Pbre1_14G317000	old	7858.0	12.977628632634866	3.805047716678755
TD	Pbre1_05G139400	old	2284.0	3.77206716682846	2.254614349103633
TD	Pbre1_09G125000	old	10557.0	17.43507577942559	4.20438144168941
TRD	Pbre1_16G473400	old	6545.0	10.809185467115704	3.5618375538579414
PD	Pbre1_02G385400	old	8519.0	14.069282046502472	3.9135387784040967
TRD	Pbre1_13G472600	old	4890.0	8.075923137386678	3.1820443910970044
TRD	Pbre1_11G361400	old	6516.0	10.761291444419546	3.555974578374912
PD	Pbre1_04G054200	old	4810.0	7.94380169546624	3.1608882006879138
TRD	Pbre1_12G274800	old	7083.0	11.69770216403064	3.6664955386174327
TRD	Pbre1_14G161800	old	5555.0	9.174182623350305	3.3468409903512417
PD	Pbre1_12G184800	old	4938.0	8.155196002538938	3.1945907728455496
PD	Pbre1_05G394800	old	8034.0	13.268295804859829	3.8347411255174135
TRD	Pbre1_10G135800	old	5629.0	9.296394957126708	3.3640673946385933
TD	Pbre1_06G261400	old	4150.0	6.85379979962264	2.973390822886814
TD	Pbre1_02G214200	old	7997.0	13.207189637971625	3.8285492943413657
TRD	Pbre1_15G046000	old	9053.0	14.951192671321387	3.9955923932770196
PD	Pbre1_04G051800	old	5927.0	9.788547328280334	3.431428714729394
PD	Pbre1_09G274600	old	9581.0	15.823194187996267	4.072379748261357
TD	Pbre1_15G679200	old	8622.0	14.239388402975035	3.929733099706774
TD	Pbre1_08G188600	old	6874.0	11.3525348970135	3.626735226420789
TD	Pbre1_10G366400	old	9752.0	16.105603770101197	4.096397122159383
TRD	Pbre1_04G355400	old	7539.0	12.450794382977127	3.74961947350859
TD	Pbre1_08G295800	old	6311.0	10.422730249498429	3.513835618323339
TD	Pbre1_06G182600	old	6831.0	11.281519621981264	3.6184171747695886
TRD	Pbre1_11G161000	old	9329.0	15.407011645946891	4.036240586866648
TRD	Pbre1_07G439800	old	6797.0	11.225368009165079	3.611805988858851
TD	Pbre1_15G145200	old	8500.0	14.03790320404637	3.9105315150936795
TRD	Pbre1_17G180800	old	5619.0	9.279879776886654	3.361751487210628
TRD	Pbre1_10G375000	old	8183.0	13.514371990436642	3.859410245502751
TD	Pbre1_09G427400	old	8483.0	14.009827397638277	3.907835481972344
TD	Pbre1_11G412400	old	10081.0	16.648953199998996	4.141510711360788
TRD	Pbre1_12G346000	old	9568.0	15.801724453684196	4.070537407242744
TD	Pbre1_17G093600	old	10051.0	16.599407659278828	4.137454967988469
PD	Pbre1_17G069000	old	5918.0	9.773683666064285	3.429439705784006
TRD	Pbre1_15G132200	old	9790.0	16.168361455013407	4.101680450271155
TRD	Pbre1_13G341400	old	5826.0	9.621744007855781	3.408948759797207
TRD	Pbre1_14G125200	old	7141.0	11.793490209422956	3.67733799639535
TRD	Pbre1_09G325000	old	6084.0	10.04783565804919	3.4656918589622845
TD	Pbre1_01G415200	old	9632.0	15.907421607220545	4.0795847594785135
TRD	Pbre1_16G429000	old	6803.0	11.235277117309112	3.6129748723357293
TRD	Pbre1_07G098200	old	5672.0	9.367410232158942	3.373983650384933
TD	Pbre1_12G378600	old	6698.0	11.061867724788538	3.592381414120343
TRD	Pbre1_02G311000	old	4868.0	8.039589740858556	3.1762572978329673
TRD	Pbre1_10G223000	old	4180.0	6.903345340342803	2.9824634487752277
TD	Pbre1_02G382000	old	4932.0	8.145286894394905	3.1930284290913815
TRD	Pbre1_15G106000	old	10409.0	17.190651111872786	4.185125278286778
PD	Pbre1_17G455800	old	6038.0	9.971865828944939	3.4557369800881865
TD	Pbre1_08G013200	old	10132.0	16.733180619223273	4.148379415785269
TRD	Pbre1_12G131800	old	8190.0	13.52593261660468	3.860558887650203
PD	Pbre1_14G023400	old	9495.0	15.6811636379318	4.060148026123092
PD	Pbre1_06G071400	old	6397.0	10.564760799562897	3.531663521098972
TRD	Pbre1_08G106000	old	3548.0	5.859585949171355	2.778121496645163
TD	Pbre1_17G074800	old	6196.0	10.2328056767378	3.4896464171371644
TD	Pbre1_09G117600	old	5332.0	8.805894103997087	3.293649181727292
TD	Pbre1_11G225800	old	8103.0	13.382250548516204	3.8462175426489145
TRD	Pbre1_09G259200	old	6551.0	10.819094575259737	3.5630476141747724
TRD	Pbre1_11G222000	old	7902.0	13.050295425691107	3.8125285601875625
PD	Pbre1_12G265800	old	8109.0	13.392159656660237	3.847211190938643
TD	Pbre1_09G110000	old	7103.0	11.730732524510747	3.6702435289792703
TRD	Pbre1_05G210000	old	4137.0	6.832330065310569	2.9694415634034397
TD	Pbre1_10G202000	old	7023.0	11.598611082590313	3.655192789350063
TRD	Pbre1_15G208000	old	8712.0	14.388025025135526	3.9437361758529814
PD	Pbre1_09G482200	old	6743.0	11.136186035868784	3.601243200859189
PD	Pbre1_02G160000	old	10711.0	17.68940955512243	4.224149086369985
TD	Pbre1_17G168400	old	9722.0	16.056058229381037	4.092212363466217
TRD	Pbre1_06G210800	old	6990.0	11.544110987798131	3.6489383241882614
TRD	Pbre1_15G262400	old	6124.0	10.113896379009407	3.474292789308902
TRD	Pbre1_05G337200	old	8221.0	13.577129675348848	3.8656347671717297
TRD	Pbre1_13G428800	old	9670.0	15.970179292132753	4.0849299021076195
TD	Pbre1_04G065200	old	9055.0	14.954495707369398	3.995891103255429
TD	Pbre1_04G260000	old	7160.0	11.82486905187906	3.6808721901801857
TRD	Pbre1_09G459800	old	4141.0	6.8389361374065905	2.970657872014871
TRD	Pbre1_11G226400	old	6849.0	11.311246946413362	3.6219049876845175
PD	Pbre1_04G391000	old	2568.0	4.241098285646009	2.389869163905143
TRD	Pbre1_11G218200	old	8515.0	14.062675974406451	3.912906191062858
TD	Pbre1_12G206200	old	5056.0	8.350075129371582	3.2249779573357125
TRD	Pbre1_13G414400	old	4385.0	7.241906535263921	3.042978103284052
PD	Pbre1_05G323200	old	10209.0	16.860347507071694	4.158688245998886
TRD	Pbre1_10G535800	old	8184.0	13.516023508460647	3.859574393239962
TRD	Pbre1_16G009400	old	10929.0	18.04944048435562	4.2516767187319475
TRD	Pbre1_06G045600	old	7949.0	13.127916772819363	3.820476844133432
TD	Pbre1_01G426200	old	10438.0	17.23854513456894	4.188918747040527
TD	Pbre1_16G304400	old	5713.0	9.435122471143167	3.3833756275819526
TD	Pbre1_05G488800	old	8333.0	13.76209969403746	3.8838260332730625
PD	Pbre1_04G018200	old	9456.0	15.616754434995586	4.054566719006235
TRD	Pbre1_15G038800	old	8552.0	14.123782141294653	3.9187470673932783
TD	Pbre1_14G263200	old	7629.0	12.59943100513762	3.7654743858307134
TRD	Pbre1_13G386800	old	7227.0	11.935520759487426	3.6932662302402757
TRD	Pbre1_03G146400	old	7269.0	12.004884516495656	3.700981683078781
TRD	Pbre1_05G055800	old	5197.0	8.582939170756351	3.2604682109442775
TRD	Pbre1_12G039600	old	4988.0	8.237771903739212	3.2075449240385474
TRD	Pbre1_08G336800	old	8126.0	13.42023546306833	3.8500228169298665
TRD	Pbre1_10G051800	old	4306.0	7.11143661136749	3.0199574518712775
TD	Pbre1_11G178000	old	5910.0	9.76047152187224	3.42766939279696
TRD	Pbre1_10G514200	old	5870.0	9.694410800912022	3.4187850955747194
PD	Pbre1_15G694600	old	6393.0	10.558154727466874	3.530839183207771
TD	Pbre1_14G037000	old	9603.0	15.859527584524386	4.075492206433515
TRD	Pbre1_02G211000	old	9754.0	16.10890680614921	4.096675674952388
PD	Pbre1_17G445200	old	6721.0	11.099852639340666	3.5969175723221896
PD	Pbre1_15G766400	old	4096.0	6.764617826326345	2.956914917061712
TD	Pbre1_14G256600	old	7466.0	12.33023356722473	3.7366301538832447
TRD	Pbre1_05G229600	old	10005.0	16.52343783017458	4.131213932269365
TD	Pbre1_04G269400	old	8221.0	13.577129675348848	3.8656347671717297
TD	Pbre1_16G305000	old	6186.0	10.216290496497745	3.4875237149360387
TRD	Pbre1_05G240800	old	5324.0	8.792681959805044	3.291704030433562
TRD	Pbre1_13G340400	old	7011.0	11.578792866302248	3.6529215743891266
TRD	Pbre1_17G136000	old	8854.0	14.622540584544302	3.9655571828536007
TD	Pbre1_06G312400	old	11503.0	18.99741183013475	4.321741385814753
TRD	Pbre1_08G185400	old	8301.0	13.709251117269284	3.8786518923363635
PD	Pbre1_02G461400	old	10881.0	17.97016761920336	4.245660521255363
TRD	Pbre1_05G375800	old	8527.0	14.082494190694518	3.9148031215708405
PD	Pbre1_05G308200	old	10147.0	16.757953389583353	4.150393415041694
TRD	Pbre1_10G029600	old	58.0	0.0957880453923164	0.13196876961864115
TRD	Pbre1_15G652600	old	8621.0	14.23773688495103	3.9295767439584552
TRD	Pbre1_05G164000	old	5883.0	9.715880535224093	3.421678497548295
TD	Pbre1_17G451600	old	5372.0	8.871954824957305	3.303335792587089
TD	Pbre1_04G300600	old	7034.0	11.616777780854372	3.6572716000455108
TRD	Pbre1_10G174400	old	4649.0	7.677907293601361	3.1173471738734864
PD	Pbre1_17G471800	old	5623.0	9.286485848982675	3.3626782963468487
TRD	Pbre1_05G420000	old	8436.0	13.932206050510022	3.900355416623702
TRD	Pbre1_02G288000	old	8149.0	13.458220377620455	3.8538180807596953
TD	Pbre1_02G471600	old	11678.0	19.286427484335704	4.342442918363919
TD	Pbre1_04G330000	old	8089.0	13.359129296180129	3.8438963650673004
TRD	Pbre1_05G075800	old	7036.0	11.620080816902384	3.657649244016934
TD	Pbre1_01G186200	old	8700.0	14.36820680884746	3.941876933376886
TRD	Pbre1_10G473600	old	9097.0	15.023859464377628	4.002149768196642
PD	Pbre1_15G146600	old	8346.0	13.78356942834953	3.8859227388541613
TRD	Pbre1_04G300200	old	8651.0	14.287282425671194	3.934260060810006
TRD	Pbre1_07G239000	old	5933.0	9.798456436424365	3.4327531988809636
TRD	Pbre1_15G086200	old	9906.0	16.35993754579804	4.117689852431878
TD	Pbre1_12G157600	old	5083.0	8.394666116019728	3.231841889551442
TRD	Pbre1_02G063200	old	9531.0	15.740618286795993	4.065280907293061
TD	Pbre1_14G184000	old	5810.0	9.595319719471695	3.4053552173531667
TRD	Pbre1_11G051400	old	9506.0	15.699330336195857	4.06171834489086
TRD	Pbre1_13G025800	old	8795.0	14.525101021127979	3.956530750914838
PD	Pbre1_05G358600	old	8679.0	14.333524930343348	3.938617482357329
TRD	Pbre1_10G085200	old	6711.0	11.08333745910061	3.594947081891542
TRD	Pbre1_12G229400	old	6568.0	10.84717038166783	3.566470616980603
PD	Pbre1_13G239000	old	11171.0	18.44910784616494	4.281632073469851
PD	Pbre1_17G487000	old	6342.0	10.473927308242597	3.520287377989
TRD	Pbre1_07G156400	old	6251.0	10.323639168058103	3.5012657779660934
TD	Pbre1_02G312200	old	8128.0	13.423538499116342	3.8503532365034925
TD	Pbre1_13G063200	old	7380.0	12.18820301716026	3.7211760958038678
TRD	Pbre1_01G039000	old	5705.0	9.421910326951123	3.381547841468801
TRD	Pbre1_04G223200	old	7163.0	11.829823605951077	3.6814294301965615
TD	Pbre1_17G137200	old	6673.0	11.020579774188404	3.5874345763919253
TRD	Pbre1_02G304400	old	5223.0	8.625878639380492	3.266918234286824
PD	Pbre1_06G170400	old	7152.0	11.811656907687015	3.6793851636912627
PD	Pbre1_10G297400	old	5974.0	9.86616867540859	3.4417714421212144
TD	Pbre1_07G373600	old	9341.0	15.426829862234959	4.037982183007515
TD	Pbre1_06G240600	old	4517.0	7.459906914432642	3.080641789252408
TD	Pbre1_01G346000	old	2787.0	4.602780732903204	2.4861430332172096
TD	Pbre1_17G451000	old	4787.0	7.905816780914114	3.154747931566848
TRD	Pbre1_05G595000	old	7969.0	13.160947133299473	3.823845855987481
PD	Pbre1_09G074400	old	3177.0	5.2468727622653315	2.6431341450597805
TD	Pbre1_16G413000	old	3390.0	5.598646101378494	2.722170045198829
PD	Pbre1_05G251800	old	4089.0	6.753057200158307	2.954765308811847
TRD	Pbre1_16G147800	old	7932.0	13.099840966411271	3.8176069852941468
TD	Pbre1_11G462400	old	9975.0	16.47389228945442	4.127129097603207
TRD	Pbre1_09G149200	old	10392.0	17.162575305464692	4.182896874443771
TRD	Pbre1_07G395200	old	7568.0	12.498688405673287	3.7547473301222296
TRD	Pbre1_15G294200	old	9749.0	16.100649216029183	4.095979192101835
TRD	Pbre1_05G402000	old	9770.0	16.1353310945333	4.098902163244385
TRD	Pbre1_07G491600	old	8432.0	13.925599978413999	3.8997170209157943
TRD	Pbre1_17G099600	old	8262.0	13.644841914333071	3.8723207148278465
TRD	Pbre1_09G204800	old	9132.0	15.081662595217818	4.0073446614714605
TRD	Pbre1_12G038600	old	7347.0	12.13370292236808	3.7152018225863253
TRD	Pbre1_16G244200	old	7012.0	11.580444384326253	3.653110978928132
TD	Pbre1_15G575000	old	5091.0	8.407878260211774	3.23386939153853
TRD	Pbre1_11G402400	old	7827.0	12.9264315738907	3.799753732570885
TD	Pbre1_08G140000	old	8255.0	13.633281288165033	3.8711814028033955
TRD	Pbre1_02G396000	old	6554.0	10.824049129331755	3.5636522639441477
TRD	Pbre1_01G207400	old	7735.0	12.774491915682196	3.7839271995825716
PD	Pbre1_10G230000	old	3557.0	5.874449611387405	2.7812442117489784
TD	Pbre1_15G488400	old	6557.0	10.829003683403771	3.5642566604041437
TD	Pbre1_02G197600	old	6394.0	10.559806245490881	3.5310453118425595
TRD	Pbre1_07G363000	old	8035.0	13.269947322883834	3.834908104041997
PD	Pbre1_14G407600	old	5976.0	9.869471711456601	3.442209917701249
PD	Pbre1_14G407800	old	5976.0	9.869471711456601	3.442209917701249
TRD	Pbre1_12G287200	old	7545.0	12.46070349112116	3.750681905773935
TRD	Pbre1_13G343800	old	7425.0	12.262521328240506	3.729283166112007
TD	Pbre1_10G543000	old	6162.0	10.176654063921616	3.482416450522356
TRD	Pbre1_15G628000	old	6538.0	10.797624840947666	3.5604245328561346
PD	Pbre1_04G297400	old	8667.0	14.31370671405528	3.9367516272827077
TRD	Pbre1_08G088400	old	8490.0	14.021388023806315	3.90894622348793
PD	Pbre1_02G273000	old	6606.0	10.909928066580038	3.5740927945460097
TD	Pbre1_09G469400	old	5088.0	8.402923706139758	3.2331094121641692
TRD	Pbre1_02G189400	old	9435.0	15.58207255649147	4.051552432245965
TD	Pbre1_09G195000	old	7890.0	13.030477209403042	3.810492174118225
TRD	Pbre1_04G276200	old	9945.0	16.42434674873425	4.123032664322366
TRD	Pbre1_09G222400	old	8796.0	14.526752539151985	3.9566842127274024
TRD	Pbre1_03G157400	old	8196.0	13.535841724748712	3.8615427107000357
TRD	Pbre1_16G471600	old	5179.0	8.553211846324253	3.2559858573091853
TD	Pbre1_15G027200	old	8461.0	13.973494001110156	3.904339002316202
TRD	Pbre1_06G085200	old	7432.0	12.274081954408544	3.7305401814820365
TRD	Pbre1_10G070800	old	5813.0	9.600274273543711	3.406029688728874
PD	Pbre1_08G077600	old	6177.0	10.201426834281698	3.4856106089231087
TD	Pbre1_12G035200	old	6097.0	10.069305392361262	3.4684927895961124
PD	Pbre1_10G256000	old	7496.0	12.379779107944893	3.741982393041395
TRD	Pbre1_04G322400	old	9826.0	16.227816103877604	4.106667923798033
TD	Pbre1_13G243800	old	10104.0	16.686938114551122	4.144612411469242
TD	Pbre1_15G624800	old	6112.0	10.094078162721344	3.471717889928131
PD	Pbre1_07G202800	old	3646.0	6.02143471552389	2.8117658518241755
PD	Pbre1_08G221000	old	4543.0	7.5028463830567835	3.087945873639898
TRD	Pbre1_13G073800	old	7601.0	12.553188500465465	3.7605603924199285
TD	Pbre1_13G020200	old	9873.0	16.30543745100586	4.1131535056435435
TD	Pbre1_03G230000	old	3906.0	6.450829401765308	2.8974010305696876
TRD	Pbre1_15G208600	old	9154.0	15.117995991745937	4.010600474454389
TRD	Pbre1_11G001000	old	9203.0	15.198920374922205	4.017825758512754
TRD	Pbre1_08G331000	old	8889.0	14.680343715384492	3.970885278769425
TD	Pbre1_11G119000	old	7282.0	12.026354250807726	3.7033614612000956
TRD	Pbre1_09G032800	old	9769.0	16.133679576509294	4.098763108347943
TRD	Pbre1_13G343200	old	4776.0	7.887650082650054	3.151802017226204
TRD	Pbre1_11G254200	old	5970.0	9.859562603312568	3.440894090963351
TD	Pbre1_06G335000	old	10870.0	17.952000920939298	4.244278268683385
TRD	Pbre1_17G438800	old	6260.0	10.33850283027415	3.5031582499879352
TRD	Pbre1_02G039000	old	9698.0	16.016421796804906	4.088855794735862
PD	Pbre1_15G759600	old	4811.0	7.945453213490245	3.1611545769995115
PD	Pbre1_05G435800	old	6834.0	11.28647417605328	3.618999062793916
TD	Pbre1_15G117800	old	9193.0	15.18240519468215	4.016354146694614
PD	Pbre1_03G427000	old	5851.0	9.66303195845592	3.4145458115477005
TD	Pbre1_02G172200	old	8060.0	13.31123527348397	3.839076298469436
TRD	Pbre1_01G263600	old	4789.0	7.909119816962124	3.155282906670999
TRD	Pbre1_08G219200	old	3766.0	6.219616878404545	2.8519222800083894
TD	Pbre1_15G768800	old	6944.0	11.46814115869388	3.6401744886009793
TRD	Pbre1_05G325200	old	8925.0	14.739798364248687	3.976345154108761
TRD	Pbre1_16G103400	old	7708.0	12.729900929034049	3.7792493103427374
TRD	Pbre1_04G195000	old	5863.0	9.682850174743985	3.417224702998038
TD	Pbre1_10G465800	old	7641.0	12.619249221425683	3.7675752700155924
TRD	Pbre1_09G135000	old	10092.0	16.667119898263056	4.142994965158412
TRD	Pbre1_09G303000	old	7029.0	11.608520190734346	3.656327057407813
TD	Pbre1_08G078800	old	6666.0	11.009019148020366	3.586046416782356
TRD	Pbre1_13G486000	old	5144.0	8.495408715484063	3.2472301003338537
TRD	Pbre1_05G386200	old	6545.0	10.809185467115704	3.5618375538579414
TRD	Pbre1_15G746400	old	7256.0	11.983414782183583	3.698597972939705
TD	Pbre1_14G091200	old	7513.0	12.407854914352985	3.7450065377995005
TRD	Pbre1_11G482000	old	7676.0	12.677052352265875	3.7736854322028286
TD	Pbre1_02G047400	old	8833.0	14.587858706040187	3.9623508544592863
PD	Pbre1_16G224200	old	5604.0	9.255107006526572	3.358270640530559
PD	Pbre1_14G023600	old	6315.0	10.42933632159445	3.514669726493689
PD	Pbre1_14G015600	old	7781.0	12.850461744786449	3.791862168332174
TRD	Pbre1_06G040800	old	7792.0	12.868628443050508	3.7937532123072684
PD	Pbre1_06G075800	old	3543.0	5.851328359051328	2.7763837298575598
PD	Pbre1_09G341600	old	7355.0	12.146915066560123	3.716652404647922
TD	Pbre1_04G298200	old	8637.0	14.264161173335118	3.9320764047516854
TRD	Pbre1_11G344600	old	8216.0	13.56887208522882	3.8648172838865458
TRD	Pbre1_10G137400	old	5635.0	9.306304065270739	3.365455156724115
PD	Pbre1_01G155800	old	5445.0	8.992515640709705	3.320847925815016
PD	Pbre1_13G479800	old	4021.0	6.640753974525936	2.9337150075854983
TRD	Pbre1_17G127600	old	7134.0	11.781929583254918	3.676033739471058
TD	Pbre1_05G205400	old	7908.0	13.06020453383514	3.8135456763393023
TD	Pbre1_15G214800	old	5973.0	9.864517157384585	3.441552154346674
TD	Pbre1_01G315200	old	3594.0	5.9355557782756065	2.794011497031138
TRD	Pbre1_04G088800	old	6758.0	11.160958806228868	3.6041850745290382
TRD	Pbre1_13G145600	old	6796.0	11.223716491141074	3.611611082839629
TRD	Pbre1_08G181800	old	8720.0	14.401237169327569	3.944974341025953
TRD	Pbre1_01G280200	old	8677.0	14.330221894295336	3.938306674042088
TD	Pbre1_09G450600	old	4013.0	6.627541830333892	2.931218186734418
PD	Pbre1_14G412800	old	10061.0	16.615922839518884	4.138808149687519
TD	Pbre1_15G051000	old	7920.0	13.080022750123206	3.815577759932417
TRD	Pbre1_15G236000	old	5792.0	9.565592395039596	3.401301753918489
PD	Pbre1_17G443600	old	4598.0	7.5936798743770835	3.1032760358678826
TRD	Pbre1_13G222800	old	7850.0	12.964416488442824	3.803683385883115
TRD	Pbre1_02G364000	old	5610.0	9.265016114670605	3.3596639871694465
TRD	Pbre1_08G023200	old	10484.0	17.314514963673194	4.19491558852082
TRD	Pbre1_07G062800	old	7903.0	13.051946943715112	3.81269812935109
TRD	Pbre1_13G340000	old	9765.0	16.12707350441327	4.098206754694637
TD	Pbre1_10G352000	old	10012.0	16.534998456342617	4.132165398473415
TRD	Pbre1_14G264200	old	5186.0	8.564772472492292	3.2577306500443353
PD	Pbre1_05G376200	old	8444.0	13.945418194702064	3.901631361189534
PD	Pbre1_10G073000	old	7274.0	12.013142106615682	3.7018974469749772
TD	Pbre1_03G337600	old	8126.0	13.42023546306833	3.8500228169298665
TRD	Pbre1_13G035200	old	8097.0	13.372341440372171	3.8452232095176737
TD	Pbre1_02G437800	old	11756.0	19.41524589020813	4.351575039009207
TD	Pbre1_13G254800	old	9838.0	16.24763432016567	4.108326590771533
TD	Pbre1_04G099600	old	7041.0	11.62833840702241	3.658592921689184
TRD	Pbre1_04G382400	old	8572.0	14.156812501774763	3.9218944795709625
TD	Pbre1_11G411400	old	8696.0	14.36160073675144	3.941256653045787
TD	Pbre1_01G335600	old	8322.0	13.743932995773399	3.88204951461451
TD	Pbre1_10G295800	old	7135.0	11.783581101278923	3.676220134094337
TRD	Pbre1_03G206400	old	6673.0	11.020579774188404	3.5874345763919253
TD	Pbre1_05G253200	old	7407.0	12.232794003808406	3.72604580275204
TRD	Pbre1_13G242000	old	8079.0	13.342614115940073	3.8422360916184592
TRD	Pbre1_04G413200	old	7316.0	12.082505863623911	3.709567000460991
TRD	Pbre1_03G077000	old	10015.0	16.539953010414635	4.132572977690955
TD	Pbre1_13G301000	old	5737.0	9.474758903719296	3.3888451328538527
TD	Pbre1_11G352000	old	4755.0	7.85296820414594	3.146161239992901
TRD	Pbre1_15G276800	old	7096.0	11.71917189834271	3.6689328396413265
TRD	Pbre1_13G094600	old	10553.0	17.42846970732957	4.203864370017174
PD	Pbre1_10G241200	old	8915.0	14.723283184008633	3.9748305935732056
TRD	Pbre1_15G080400	old	5729.0	9.461546759527252	3.3870242674402244
TRD	Pbre1_06G363800	old	6307.0	10.416124177402407	3.513001027626246
TD	Pbre1_10G390800	old	5833.0	9.63330463402382	3.4105181243249354
TD	Pbre1_03G026400	old	11010.0	18.183213444300062	4.261772506162935
TRD	Pbre1_12G353000	old	9701.0	16.02137635087692	4.089275793151093
PD	Pbre1_10G373400	old	5940.0	9.810017062592404	3.4342968951197794
TRD	Pbre1_15G758600	old	4637.0	7.658089077313297	3.1140486435552406
PD	Pbre1_02G272000	old	5982.0	9.879380819600634	3.4435245454176133
TRD	Pbre1_05G163200	old	5934.0	9.800107954448372	3.432973828069524
PD	Pbre1_01G402400	old	9073.0	14.984223031801495	3.998576713550071
TRD	Pbre1_06G093200	old	1616.0	2.6688531267928157	1.875329151114422
TRD	Pbre1_07G196000	old	5299.0	8.751394009204908	3.285608473878618
TD	Pbre1_04G057000	old	6291.0	10.389699889018319	3.5096578283838564
TRD	Pbre1_09G185000	old	5221.0	8.622575603332482	3.266423101149064
TRD	Pbre1_03G142400	old	7565.0	12.49373385160127	3.7542177066151834
TRD	Pbre1_06G275000	old	9122.0	15.065147414977762	4.0058623140335445
PD	Pbre1_15G030800	old	8111.0	13.395462692708247	3.8475422550112097
TRD	Pbre1_10G307600	old	7192.0	11.877717628647234	3.6868050161651915
TRD	Pbre1_10G238800	old	4838.0	7.990044200138393	3.168328208861381
TRD	Pbre1_08G152800	old	3746.0	6.186586517924435	2.8453066826224314
TRD	Pbre1_15G043200	old	8248.0	13.621720661996996	3.8700411903406673
TRD	Pbre1_06G178200	old	5630.0	9.298046475150713	3.3642987810421636
TRD	Pbre1_13G146000	old	8549.0	14.118827587222636	3.918274362774356
TD	Pbre1_13G049000	old	6667.0	11.010670666044371	3.586244807093419
TRD	Pbre1_15G065200	old	8513.0	14.05937293835844	3.912589793346405
TRD	Pbre1_13G334600	old	5048.0	8.336862985179538	3.222937912255598
TD	Pbre1_09G108400	old	9014.0	14.886783468385174	3.989755152616795
PD	Pbre1_05G109200	old	5481.0	9.0519702895739	3.329406407077329
TRD	Pbre1_05G455400	old	6492.0	10.721655011843415	3.551104377003316
TD	Pbre1_05G440200	old	7091.0	11.710914308222684	3.6679959033967693
TRD	Pbre1_13G328000	old	5392.0	8.904985185437415	3.308154817324559
TD	Pbre1_03G404400	old	8949.0	14.77943479682482	3.979973625307084
TD	Pbre1_17G163600	old	8123.0	13.415280908996314	3.849527045633967
TD	Pbre1_02G429400	old	8594.0	14.193145898302882	3.925348720617359
TRD	Pbre1_09G490400	old	7850.0	12.964416488442824	3.803683385883115
TRD	Pbre1_09G046200	old	4839.0	7.991695718162398	3.1685932151267027
PD	Pbre1_14G213800	old	3432.0	5.668009858386723	2.7372562372930043
TRD	Pbre1_10G535200	old	6182.0	10.209684424401724	3.486673758779219
TRD	Pbre1_09G230600	old	8737.0	14.429312975735662	3.9476019190406153
TD	Pbre1_09G056200	old	11334.0	18.71830528407783	4.301463657590955
TRD	Pbre1_02G282000	old	7791.0	12.866976925026503	3.7935814016087557
TRD	Pbre1_13G309000	old	6572.0	10.853776453763853	3.5672748504794303
TRD	Pbre1_06G330600	old	10868.0	17.948697884891285	4.244026807687226
TD	Pbre1_15G283600	old	3630.0	5.995010427139802	2.8063262079506677
TRD	Pbre1_03G326800	old	7091.0	11.710914308222684	3.6679959033967693
TD	Pbre1_14G335000	old	5840.0	9.644865260191859	3.412085783551851
PD	Pbre1_08G138400	old	5922.0	9.780289738160306	3.4303240483200543
TRD	Pbre1_12G197200	old	8329.0	13.755493621941438	3.8831802795688373
PD	Pbre1_05G243200	old	9781.0	16.15349779279736	4.100430883168493
TD	Pbre1_05G181800	old	2400.0	3.963643257613093	2.3113994311477652
TRD	Pbre1_13G142000	old	8957.0	14.792646941016862	3.9811810905718907
TRD	Pbre1_06G363200	old	10225.0	16.88677179545578	4.160821128172224
PD	Pbre1_10G245600	old	6025.0	9.950396094632868	3.452911150414942
PD	Pbre1_05G252000	old	4580.0	7.563952549944985	3.098276802245059
PD	Pbre1_12G380600	old	8879.0	14.663828535144438	3.9693649724971025
TRD	Pbre1_16G058000	old	10015.0	16.539953010414635	4.132572977690955
TD	Pbre1_02G023000	old	7660.0	12.650628063881786	3.7708954257982343
TRD	Pbre1_16G466000	old	4173.0	6.891784714174765	2.980351600254473
TRD	Pbre1_05G397600	old	6308.0	10.417775695426412	3.5132097205679336
TRD	Pbre1_10G317600	old	9259.0	15.29140538426651	4.026039158754233
TRD	Pbre1_16G481000	old	5750.0	9.496228638031369	3.3917991463433244
TRD	Pbre1_17G473200	old	5925.0	9.785244292232322	3.4309869496611665
TRD	Pbre1_15G052400	old	9018.0	14.893389540481195	3.990354932082268
TRD	Pbre1_02G202000	old	9694.0	16.009815724708883	4.088295606583034
PD	Pbre1_09G194800	old	5444.0	8.9908641226857	3.3206094639635366
TRD	Pbre1_14G453200	old	7880.0	13.013962029162988	3.808792987253883
TD	Pbre1_13G073400	old	9488.0	15.66960301176376	4.059147841696425
TRD	Pbre1_17G384400	old	6858.0	11.326110608629413	3.623645737220847
TRD	Pbre1_06G242000	old	5244.0	8.660560517884608	3.2721068984722668
TRD	Pbre1_06G166000	old	6913.0	11.416944099949713	3.6342382544108167
TRD	Pbre1_08G018800	old	7588.0	12.531718766153395	3.7582731934715365
TD	Pbre1_04G236400	old	6864.0	11.336019716773446	3.6248050711275046
PD	Pbre1_05G089600	old	4959.0	8.189877881043053	3.200045690504064
PD	Pbre1_13G196000	old	8902.0	14.701813449696562	3.972859284819471
TRD	Pbre1_17G031400	old	6155.0	10.165093437753578	3.480923419636612
PD	Pbre1_15G461000	old	8673.0	14.323615822199313	3.937684856461635
TRD	Pbre1_17G106600	old	9141.0	15.096526257433867	4.008677473171452
TRD	Pbre1_16G307200	old	5954.0	9.833138314928481	3.4373793411117908
TRD	Pbre1_05G475000	old	8223.0	13.58043271139686	3.8659616308295024
TRD	Pbre1_09G143600	old	8601.0	14.204706524470922	3.926446065167516
TRD	Pbre1_08G098800	old	8626.0	14.245994475071058	3.9303583533006026
TRD	Pbre1_06G003600	old	6838.0	11.293080248149304	3.6197745485913946
TRD	Pbre1_17G174400	old	9685.0	15.994952062492834	4.087034387375867
PD	Pbre1_11G475800	old	9082.0	14.999086694017546	3.999917646273804
PD	Pbre1_05G393400	old	8436.0	13.932206050510022	3.900355416623702
TRD	Pbre1_10G153400	old	6643.0	10.971034233468238	3.581475893705107
PD	Pbre1_12G358600	old	5680.0	9.380622376350985	3.3758210388102805
TD	Pbre1_08G232800	old	4375.0	7.225391355023866	3.0400843223153906
TD	Pbre1_09G259000	old	8523.0	14.075888118598494	3.9141710884924494
TRD	Pbre1_06G388400	old	9482.0	15.659693903619727	4.058289988520791
TRD	Pbre1_09G246800	old	7661.0	12.652279581905793	3.7710699593605193
TRD	Pbre1_10G318400	old	7267.0	12.001581480447644	3.7006152146972235
TD	Pbre1_01G270600	old	6665.0	11.00736762999636	3.585847999186158
TRD	Pbre1_11G109200	old	7055.0	11.651459659358487	3.6612319400308686
TRD	Pbre1_06G104600	old	5669.0	9.362455678086926	3.373294025979588
PD	Pbre1_11G034400	old	2755.0	4.549932156135029	2.472470135677917
TRD	Pbre1_16G329600	old	5424.0	8.957833762205588	3.315831931005139
TRD	Pbre1_07G103400	old	7875.0	13.005704439042962	3.8079426427521548
PD	Pbre1_03G426800	old	10483.0	17.31286344564919	4.194785487106618
PD	Pbre1_12G316000	old	9094.0	15.018904910305611	4.0017036200077465
PD	Pbre1_17G019400	old	5533.0	9.137849226822183	3.3416797078873977
TRD	Pbre1_17G403600	old	4627.0	7.641573897073241	3.1112940955729878
TRD	Pbre1_08G120400	old	10015.0	16.539953010414635	4.132572977690955
PD	Pbre1_17G220800	old	4274.0	7.058588034599316	3.010527082682759
TD	Pbre1_03G446000	old	7846.0	12.957810416346803	3.8030007363463856
TRD	Pbre1_12G369000	old	7964.0	13.152689543179445	3.823004340304437
PD	Pbre1_12G160600	old	1315.0	2.171746201567174	1.6652773333402606
TD	Pbre1_17G170800	old	9114.0	15.05193527078572	4.004675338481182
TRD	Pbre1_14G189200	old	9039.0	14.928071418985311	3.9934996898922264
TD	Pbre1_01G222200	old	5209.0	8.602757387044417	3.2634487284815212
PD	Pbre1_16G334800	old	4882.0	8.062710993194633	3.17994267846096
TD	Pbre1_15G759200	old	6524.0	10.77450358861159	3.557594332190822
TD	Pbre1_01G125600	old	8598.0	14.199751970398905	3.9259758768460244
TRD	Pbre1_07G193200	old	6055.0	9.999941635353032	3.4594239638545585
PD	Pbre1_16G451400	old	7026.0	11.60356563666233	3.6557600348512134
TRD	Pbre1_05G291800	old	9030.0	14.91320775676926	3.992152775830906
PD	Pbre1_10G199600	old	6499.0	10.733215638011453	3.552526551496776
TD	Pbre1_15G030200	old	9159.0	15.126253581865965	4.01133940835633
TRD	Pbre1_09G164200	old	6736.0	11.124625409700746	3.599868270812683
PD	Pbre1_07G160000	old	5786.0	9.555683286895563	3.3999480646391893
TRD	Pbre1_01G353200	old	8794.0	14.523449503103974	3.9563772727765554
TRD	Pbre1_03G275400	old	4675.0	7.720846762225503	3.1244682221987876
TRD	Pbre1_09G194000	old	7130.0	11.775323511158897	3.675287920064745
PD	Pbre1_16G162400	old	12444.0	20.551490290723887	4.429715730359388
TD	Pbre1_02G067200	old	8446.0	13.948721230750076	3.9019501710858764
TD	Pbre1_11G039400	old	8067.0	13.322795899652007	3.8402412381070006
TD	Pbre1_15G384800	old	10584.0	17.47966676607374	4.207866836529458
TD	Pbre1_05G513800	old	7460.0	12.320324459080695	3.7355573191738394
TD	Pbre1_01G388200	old	5556.0	9.17583414137431	3.347075155943924
TD	Pbre1_09G226600	old	7442.0	12.290597134648598	3.732334019956164
TD	Pbre1_14G115000	old	5783.0	9.550728732823547	3.3992707433859013
PD	Pbre1_17G146200	old	7213.0	11.912399507151349	3.6906852160126586
TRD	Pbre1_10G484600	old	7960.0	13.146083471083424	3.8223307741663572
TRD	Pbre1_04G138600	old	4818.0	7.957013839658282	3.163017835321506
TD	Pbre1_10G382800	old	5666.0	9.35750112401491	3.3726040717683876
TRD	Pbre1_01G352400	old	9713.0	16.041194567164986	4.090954565176438
TD	Pbre1_13G089200	old	11528.0	19.038699780734888	4.32471699659707
PD	Pbre1_02G489800	old	9412.0	15.544087641939345	4.048243828318246
TRD	Pbre1_15G219000	old	10526.0	17.383878720681423	4.20036928048791
TRD	Pbre1_11G180000	old	6351.0	10.488790970458647	3.5221550780150324
PD	Pbre1_08G313800	old	4434.0	7.3228309184401885	3.0570743285258146
TD	Pbre1_11G130200	old	3312.0	5.469827695506068	2.6937272908655387
TRD	Pbre1_10G026400	old	7902.0	13.050295425691107	3.8125285601875625
TD	Pbre1_13G088400	old	9096.0	15.022207946353621	4.002001067463117
TD	Pbre1_11G159400	old	4410.0	7.283194485864057	3.05018726290738
TRD	Pbre1_04G401600	old	9711.0	16.037891531116976	4.0906749054621185
TRD	Pbre1_10G572400	old	4740.0	7.828195433785857	3.142118567568684
PD	Pbre1_07G348600	old	5645.0	9.322819245510797	3.3677651311581274
TD	Pbre1_09G122600	old	9637.0	15.915679197340573	4.080289200187329
TRD	Pbre1_02G069800	old	7535.0	12.444188310881106	3.7489107504167904
TRD	Pbre1_05G177400	old	5300.0	8.753045527228913	3.2858527912674274
TRD	Pbre1_16G504000	old	4513.0	7.45330084233662	3.079514794530366
TRD	Pbre1_10G002800	old	7563.0	12.490430815553257	3.7538645162304576
PD	Pbre1_12G331600	old	7798.0	12.87853755119454	3.794783647039935
TRD	Pbre1_11G272200	old	6925.0	11.436762316237777	3.63653904994925
TD	Pbre1_17G430000	old	5985.0	9.884335373672648	3.4441814103251978
TRD	Pbre1_07G193800	old	4516.0	7.458255396408636	3.080360123096597
TRD	Pbre1_07G244800	old	5884.0	9.717532053248098	3.4219008267605053
TRD	Pbre1_16G106400	old	9487.0	15.667951493739753	4.059004901585762
TRD	Pbre1_16G438400	old	4639.0	7.661392113361306	3.1145989226001674
TD	Pbre1_05G023400	old	8333.0	13.76209969403746	3.8838260332730625
TD	Pbre1_14G432200	old	7352.0	12.141960512488106	3.7161086072798946
TRD	Pbre1_10G129600	old	7679.0	12.682006906337891	3.7742079582590127
TD	Pbre1_11G355400	old	2870.0	4.739856728895656	2.5210147266062997
TD	Pbre1_13G054600	old	4514.0	7.4549523603606245	3.0797966257570675
TRD	Pbre1_14G167600	old	6574.0	10.857079489811863	3.567676799170655
TRD	Pbre1_12G116400	old	5940.0	9.810017062592404	3.4342968951197794
PD	Pbre1_02G173400	old	5524.0	9.122985564606134	3.339562940652855
TRD	Pbre1_06G088400	old	5124.0	8.462378355003953	3.2422028484393888
TD	Pbre1_01G325000	old	8167.0	13.487947702052553	3.8567813385212664
PD	Pbre1_17G451000	old	4787.0	7.905816780914114	3.154747931566848
TRD	Pbre1_01G403400	old	8637.0	14.264161173335118	3.9320764047516854
PD	Pbre1_11G030200	old	3946.0	6.516890122725527	2.9101359155612148
PD	Pbre1_05G437000	old	5689.0	9.395486038567034	3.3778853075365296
TD	Pbre1_08G058200	old	6058.0	10.004896189425049	3.460073631056582
TD	Pbre1_03G370800	old	9796.0	16.17827056315744	4.102512894137447
TRD	Pbre1_16G013000	old	9414.0	15.547390677987355	4.048531834414323
TD	Pbre1_04G288200	old	8362.0	13.809993716733617	3.888499123438554
TRD	Pbre1_15G217400	old	6199.0	10.237760230809817	3.490282619245715
TD	Pbre1_14G334000	old	6116.0	10.100684234817365	3.472576700449588
TD	Pbre1_10G570000	old	6986.0	11.53750491570211	3.648178361376477
PD	Pbre1_05G371600	old	10027.0	16.5597712267027	4.13420214407433
TRD	Pbre1_17G387000	old	5992.0	9.895895999840688	3.445712933046189
TRD	Pbre1_01G192000	old	6686.0	11.042049508500474	3.590009048788676
PD	Pbre1_01G146000	old	7399.0	12.219581859616364	3.7246046394638093
PD	Pbre1_11G285200	old	2383.0	3.9355674512049994	2.3032159635015783
TRD	Pbre1_02G205200	old	6711.0	11.08333745910061	3.594947081891542
TRD	Pbre1_14G064000	old	5489.0	9.065182433765944	3.331301416565806
PD	Pbre1_14G214200	old	5752.0	9.49953167407938	3.3922530735833787
TRD	Pbre1_04G252200	old	5403.0	8.923151883701475	3.310798435606711
TRD	Pbre1_08G112200	old	6006.0	9.919017252176765	3.4487711096421325
TD	Pbre1_07G115000	old	4983.0	8.229514313619184	3.206254730669623
PD	Pbre1_06G283000	old	7829.0	12.92973460993871	3.800095866783987
TRD	Pbre1_03G370000	old	7861.0	12.982583186706883	3.805559008274864
TRD	Pbre1_01G329000	old	8003.0	13.217098746115658	3.8295551820923612
TD	Pbre1_08G367000	old	8058.0	13.307932237435958	3.838743285725744
TRD	Pbre1_07G470200	old	6318.0	10.434290875666466	3.515294991298764
TD	Pbre1_11G409200	old	8410.0	13.88926658188588	3.8962007860313026
TRD	Pbre1_13G092400	old	10124.0	16.71996847503123	4.147304132134889
TRD	Pbre1_10G093000	old	3544.0	5.852979877075334	2.7767314507105434
TD	Pbre1_03G150400	old	8686.0	14.345085556511386	3.93970478445915
TRD	Pbre1_08G127600	old	8264.0	13.648144950381083	3.8726460673614445
TRD	Pbre1_10G368200	old	7017.0	11.58870197444628	3.654057628812358
TD	Pbre1_12G325000	old	8560.0	14.136994285486697	3.920006856358884
TRD	Pbre1_05G272600	old	6862.0	11.332716680725435	3.624418729996931
TRD	Pbre1_09G151800	old	9529.0	15.737315250747983	4.064996225818533
TRD	Pbre1_15G039000	old	9384.0	15.497845137267193	4.044205694340401
TD	Pbre1_05G033000	old	5635.0	9.306304065270739	3.365455156724115
PD	Pbre1_02G412600	old	7327.0	12.10067256188797	3.7115689735808806
TD	Pbre1_14G052600	old	6394.0	10.559806245490881	3.5310453118425595
TRD	Pbre1_14G003800	old	7963.0	13.15103802515544	3.8228359782496426
TRD	Pbre1_10G410600	old	6316.0	10.430987839618457	3.514878178206842
TRD	Pbre1_10G364800	old	7621.0	12.586218860945575	3.7640720948058553
TRD	Pbre1_09G490800	old	5414.0	8.941318581965534	3.313437218537974
PD	Pbre1_02G038600	old	8956.0	14.790995422992857	3.981030212668837
TD	Pbre1_06G170600	old	8383.0	13.844675595237732	3.8918736609464823
TRD	Pbre1_04G040200	old	5275.0	8.711757576628775	3.2797324097154505
TRD	Pbre1_01G345800	old	2707.0	4.470659290982767	2.4517147084319535
PD	Pbre1_01G426600	old	9912.0	16.369846653942073	4.118513112460489
TRD	Pbre1_04G347200	old	7930.0	13.09653793036326	3.8172689792143175
TRD	Pbre1_16G029600	old	8873.0	14.653919427000403	3.968452019134468
TRD	Pbre1_02G395400	old	8928.0	14.744752918320703	3.9767992123917817
TRD	Pbre1_10G472600	old	6668.0	11.012322184068376	3.5864431701268504
TRD	Pbre1_13G029600	old	8814.0	14.556479863584082	3.95944373760932
PD	Pbre1_09G137800	old	7785.0	12.85706781688247	3.7925501075157855
TD	Pbre1_10G460400	old	8730.0	14.417752349567625	3.9465205546614004
TRD	Pbre1_01G151800	old	7633.0	12.60603707723364	3.7661750205421725
TD	Pbre1_05G037400	old	4188.0	6.916557484534847	2.9848732106489924
TRD	Pbre1_03G052000	old	10135.0	16.738135173295287	4.148782440622454
PD	Pbre1_02G377800	old	3876.0	6.401283861045145	2.8877755490262356
TRD	Pbre1_17G440400	old	6222.0	10.275745145361944	3.4951508704520053
PD	Pbre1_02G396400	old	6781.0	11.198943720780992	3.6086843283505887
PD	Pbre1_09G461000	old	5794.0	9.568895431087608	3.4017527015642846
TRD	Pbre1_10G022000	old	8063.0	13.316189827555986	3.8395756735012916
TD	Pbre1_11G408800	old	9826.0	16.227816103877604	4.106667923798033
TD	Pbre1_09G156200	old	6766.0	11.17417095042091	3.605751624366154
PD	Pbre1_08G146400	old	5724.0	9.453289169407226	3.3858850584141194
TRD	Pbre1_17G046600	old	6085.0	10.049487176073194	3.465907508331712
TD	Pbre1_02G477600	old	8072.0	13.331053489772035	3.84107276231052
TD	Pbre1_07G042600	old	5944.0	9.816623134688426	3.435178266212299
TD	Pbre1_02G217400	old	9150.0	15.111389919649916	4.010009054710162
TD	Pbre1_02G470800	old	11489.0	18.974290577798676	4.320072359088581
TRD	Pbre1_06G029000	old	7684.0	12.69026449645792	3.775078414678354
TD	Pbre1_04G248000	old	4773.0	7.882695528578039	3.1509975409452013
PD	Pbre1_07G160200	old	5786.0	9.555683286895563	3.3999480646391893
TRD	Pbre1_01G148200	old	8062.0	13.31453830953198	3.8394092343625865
TRD	Pbre1_04G231200	old	6977.0	11.52264125348606	3.646466979955288
TD	Pbre1_03G338200	old	6909.0	11.410338027853692	3.6334705064448056
TRD	Pbre1_14G306400	old	5355.0	8.843879018549213	3.299226927156939
TD	Pbre1_10G060000	old	7010.0	11.577141348278243	3.652732144980839
TD	Pbre1_10G462200	old	4631.0	7.648179969169264	3.112396545959522
TRD	Pbre1_04G118600	old	5487.0	9.061879397717933	3.330827897498888
TRD	Pbre1_15G237000	old	7725.0	12.757976735442142	3.7821964160635706
TRD	Pbre1_10G244800	old	5297.0	8.748090973156897	3.285119714942038
TD	Pbre1_01G368600	old	7071.0	11.677883947742574	3.6642420617483413
PD	Pbre1_14G311800	old	4425.0	7.307967256224139	3.054495530171951
TD	Pbre1_10G423600	old	6579.0	10.86533707993189	3.5686811812294557
PD	Pbre1_15G489800	old	10642.0	17.575454811466056	4.215325629808097
TRD	Pbre1_02G255800	old	8317.0	13.735675405653371	3.8812412823974998
PD	Pbre1_09G393200	old	8449.0	13.953675784822092	3.902428253873099
TRD	Pbre1_13G033600	old	9915.0	16.374801208014087	4.118924566372261
TD	Pbre1_17G033400	old	7147.0	11.803399317566988	3.6784549931990504
TD	Pbre1_15G064000	old	7702.0	12.719991820890016	3.778207716342335
TRD	Pbre1_11G250000	old	3344.0	5.522676272274242	2.7054640277279858
TRD	Pbre1_04G102800	old	6436.0	10.62917000249911	3.5396762272953044
PD	Pbre1_06G030600	old	6135.0	10.132063077273468	3.4766490833921044
TRD	Pbre1_16G441800	old	4832.0	7.98013509199436	3.1667371482052156
TRD	Pbre1_16G257000	old	7740.0	12.782749505802224	3.784791813314419
TRD	Pbre1_15G064200	old	7015.0	11.585398938398269	3.653679043394735
TRD	Pbre1_05G361200	old	7079.0	11.691096091934618	3.665744770694376
TRD	Pbre1_17G015400	old	4669.0	7.71093765408147	3.1228280203264553
TRD	Pbre1_10G515000	old	10431.0	17.226984508400903	4.1880039950122825
TRD	Pbre1_16G084400	old	8418.0	13.902478726077922	3.897480408689053
TD	Pbre1_03G062600	old	9886.0	16.326907185317932	4.114942254485961
TRD	Pbre1_13G304400	old	7675.0	12.67540083424187	3.7735112147862173
TRD	Pbre1_16G381200	old	6723.0	11.103155675388676	3.597311347649121
TD	Pbre1_11G163600	old	5807.0	9.59036516539968	3.4046804305092513
TRD	Pbre1_04G362600	old	10762.0	17.773636974346708	4.230636262188378
TRD	Pbre1_11G204800	old	7088.0	11.705959754150667	3.667433449440983
TRD	Pbre1_16G190400	old	8882.0	14.668783089216454	3.9698212326221625
TD	Pbre1_02G507800	old	8077.0	13.339311079892063	3.8419038075256116
TRD	Pbre1_16G372600	old	4217.0	6.964451507231005	2.9935750102069685
TRD	Pbre1_07G206600	old	6097.0	10.069305392361262	3.4684927895961124
PD	Pbre1_12G284000	old	7357.0	12.150218102608134	3.717014822385304
PD	Pbre1_07G147400	old	2961.0	4.890144869080153	2.558303117813508
TD	Pbre1_09G255600	old	3524.0	5.819949516595224	2.769761060007911
TD	Pbre1_11G450000	old	8505.0	14.046160794166397	3.911323508131306
TRD	Pbre1_09G306000	old	5677.0	9.375667822278968	3.3751322923477027
TRD	Pbre1_03G027200	old	9493.0	15.677860601883786	4.059862329892431
PD	Pbre1_02G490000	old	9783.0	16.15680082884537	4.10070865829331
TRD	Pbre1_13G001200	old	6269.0	10.3533664924902	3.5050482427893535
TD	Pbre1_14G427200	old	5405.0	8.926454919749487	3.3112785734570482
TD	Pbre1_06G233200	old	8277.0	13.669614684693155	3.8747590722529326
PD	Pbre1_03G058000	old	5323.0	8.791030441781038	3.291460702016563
TD	Pbre1_05G441400	old	8718.0	14.39793413327956	3.94466489934015
PD	Pbre1_10G175400	old	7140.0	11.79183869139895	3.677151746152039
PD	Pbre1_08G077800	old	5476.0	9.043712699453872	3.328220760887261
TD	Pbre1_17G019600	old	6662.0	11.002413075924343	3.5852525826116772
PD	Pbre1_13G437600	old	7368.0	12.168384800872195	3.7190064941889727
TD	Pbre1_06G216600	old	6553.0	10.82239761130775	3.5634507421769936
PD	Pbre1_13G196600	old	8590.0	14.186539826206861	3.924721291638052
TRD	Pbre1_11G458200	old	9646.0	15.930542859556622	4.081556327319628
PD	Pbre1_02G152200	old	9612.0	15.874391246740437	4.076763551945639
PD	Pbre1_07G061600	old	6753.0	11.152701216108838	3.6032051163686494
TRD	Pbre1_02G252600	old	8056.0	13.304629201387947	3.838410196096023
TD	Pbre1_05G390200	old	7773.0	12.837249600594404	3.790485305064974
PD	Pbre1_06G311400	old	7114.0	11.74889922277481	3.6723007808419332
TD	Pbre1_11G093400	old	7355.0	12.146915066560123	3.716652404647922
PD	Pbre1_01G193600	old	7381.0	12.189854535184265	3.721356748747062
TRD	Pbre1_08G382600	old	4615.0	7.621755680785176	3.107981680689248
TRD	Pbre1_04G374800	old	8753.0	14.45573726411975	3.9500705696541956
TRD	Pbre1_05G283600	old	8173.0	13.497856810196586	3.8577677401048347
TD	Pbre1_01G110800	old	7627.0	12.596127969089608	3.765123940836787
TD	Pbre1_11G181400	old	8604.0	14.209661078542936	3.9269161002999926
PD	Pbre1_05G450200	old	9073.0	14.984223031801495	3.998576713550071
PD	Pbre1_02G437600	old	10093.0	16.66877141628706	4.1431298216330195
TRD	Pbre1_16G139600	old	5358.0	8.84883357262123	3.2999528719151576
PD	Pbre1_01G236800	old	3909.0	6.455783955837325	2.8983600560278857
PD	Pbre1_14G081200	old	8207.0	13.554008423012771	3.863344645654596
PD	Pbre1_09G399200	old	7152.0	11.811656907687015	3.6793851636912627
TD	Pbre1_06G317600	old	7152.0	11.811656907687015	3.6793851636912627
TRD	Pbre1_05G371000	old	4814.0	7.950407767562261	3.1619534109622593
TRD	Pbre1_02G348800	old	6675.0	11.023882810236413	3.587830948216796
PD	Pbre1_16G242200	old	10439.0	17.240196652592946	4.1890493785671685
TRD	Pbre1_06G327600	old	6831.0	11.281519621981264	3.6184171747695886
TRD	Pbre1_16G170800	old	9612.0	15.874391246740437	4.076763551945639
TD	Pbre1_09G101000	old	11364.0	18.767850824797993	4.305084123620148
TD	Pbre1_10G310200	old	7811.0	12.90000728550661	3.7970137340060375
PD	Pbre1_10G462200	old	4631.0	7.648179969169264	3.112396545959522
TD	Pbre1_02G363400	old	4342.0	7.170891260231687	3.0304934524942175
TD	Pbre1_03G046800	old	6861.0	11.33106516270143	3.6242255206276734
PD	Pbre1_04G229600	old	5563.0	9.187394767542347	3.348713251739896
TRD	Pbre1_17G499800	old	7116.0	11.75220225882282	3.6726745116595163
PD	Pbre1_10G483800	old	8608.0	14.21626715063896	3.9275425756883955
TRD	Pbre1_16G027600	old	9454.0	15.613451398947573	4.054279915261121
TRD	Pbre1_15G407800	old	8493.0	14.026342577878331	3.909421993904608
PD	Pbre1_15G416000	old	10965.0	18.108895133219814	4.256172459706894
TD	Pbre1_04G035200	old	5059.0	8.355029683443599	3.225742231134572
TRD	Pbre1_06G413200	old	10004.0	16.521786312150574	4.131077957287139
PD	Pbre1_08G374400	old	7578.0	12.51520358591334	3.7565113389224116
TRD	Pbre1_17G359000	old	5618.0	9.278228258862647	3.3615196918660217
TRD	Pbre1_17G271000	old	7786.0	12.858719334906475	3.7927220410678033
PD	Pbre1_14G365200	old	4202.0	6.939678736870923	2.9890806327964445
TD	Pbre1_15G494000	old	7020.0	11.593656528518297	3.654625320728975
TD	Pbre1_10G195800	old	6455.0	10.660548844955214	3.5435637905664237
PD	Pbre1_07G162800	old	5208.0	8.601105869020412	3.26320058706984
PD	Pbre1_01G244000	old	9390.0	15.507754245411224	4.045071960784637
PD	Pbre1_10G093400	old	5090.0	8.406226742187767	3.2336161095600366
TRD	Pbre1_06G353400	old	6821.0	11.26500444174121	3.6164758512514346
TRD	Pbre1_10G245200	old	6926.0	11.438413834261784	3.6367306173859797
PD	Pbre1_14G365600	old	4202.0	6.939678736870923	2.9890806327964445
PD	Pbre1_14G117600	old	6617.0	10.928094764844097	3.5762917194110555
TD	Pbre1_17G084200	old	9118.0	15.05854134288174	4.005268948330192
TD	Pbre1_13G237000	old	9605.0	15.8628306205724	4.0757748244943635
TRD	Pbre1_15G434000	old	7199.0	11.889278254815272	3.6880995760150657
TD	Pbre1_07G107800	old	3129.0	5.16759989711307	2.6247091781626013
PD	Pbre1_11G335400	old	7116.0	11.75220225882282	3.6726745116595163
TRD	Pbre1_02G010800	old	7486.0	12.363263927704839	3.740200518657928
TRD	Pbre1_14G322800	old	8062.0	13.31453830953198	3.8394092343625865
PD	Pbre1_03G408800	old	8917.0	14.726586220056644	3.9751336329074958
TD	Pbre1_12G070400	old	8644.0	14.275721799503156	3.9331686459271786
TRD	Pbre1_07G382400	old	7101.0	11.727429488462738	3.669869167801849
TRD	Pbre1_07G341600	old	6732.0	11.118019337604725	3.599082007780087
PD	Pbre1_09G024400	old	7823.0	12.919825501794676	3.799069220637696
TD	Pbre1_12G084800	old	5676.0	9.374016304254964	3.3749026371053703
TRD	Pbre1_11G434200	old	7899.0	13.045340871619091	3.8120197330808923
TRD	Pbre1_13G388600	old	3997.0	6.6011175419498045	2.926211544043369
TRD	Pbre1_03G434000	old	8481.0	14.006524361590266	3.9075179701185516
TRD	Pbre1_05G392400	old	8118.0	13.407023318876284	3.8487003813570495
TRD	Pbre1_15G565600	old	7882.0	13.017265065211	3.8091329847668254
TD	Pbre1_14G373200	old	6511.0	10.75303385429952	3.554961307982993
TD	Pbre1_05G278600	old	8361.0	13.80834219870961	3.8883382341250936
TRD	Pbre1_05G202400	old	5394.0	8.908288221485426	3.308635835647238
TD	Pbre1_10G328200	old	11105.0	18.34010765658058	4.273523920476814
TD	Pbre1_12G083000	old	6861.0	11.33106516270143	3.6242255206276734
TD	Pbre1_17G360400	old	5217.0	8.61596953123646	3.265432324792474
TD	Pbre1_16G320000	old	7319.0	12.087460417695928	3.710113268698258
TRD	Pbre1_14G032000	old	5562.0	9.185743249518342	3.348479351899195
TD	Pbre1_10G032000	old	6251.0	10.323639168058103	3.5012657779660934
PD	Pbre1_11G224600	old	7814.0	12.904961839578627	3.797527880282051
TD	Pbre1_15G412600	old	9848.0	16.264149500405722	4.109707358023339
TD	Pbre1_08G384800	old	2070.0	3.4186423096912923	2.1436031492617675
TRD	Pbre1_15G429800	old	7337.0	12.117187742128026	3.7133865415675027
TRD	Pbre1_06G397000	old	6365.0	10.511912222794724	3.5250555917115025
PD	Pbre1_10G349000	old	10254.0	16.934665818151938	4.164678958276656
TRD	Pbre1_02G237800	old	8381.0	13.841372559189722	3.891552616277875
TD	Pbre1_08G030400	old	9416.0	15.550693714035365	4.048819783027041
TRD	Pbre1_11G044000	old	7360.0	12.15517265668015	3.7175582783437764
TD	Pbre1_11G117800	old	6797.0	11.225368009165079	3.611805988858851
TD	Pbre1_06G076200	old	8518.0	14.067630528478468	3.9133806575707415
TRD	Pbre1_15G109800	old	10330.0	17.06018118797635	4.174740461553515
TRD	Pbre1_12G244400	old	7073.0	11.681186983790585	3.664617885749635
TD	Pbre1_12G434200	old	8728.0	14.414449313519613	3.9462114444786995
TRD	Pbre1_12G404800	old	9912.0	16.369846653942073	4.118513112460489
PD	Pbre1_05G039200	old	5235.0	8.645696855668557	3.2698854698866633
PD	Pbre1_10G087000	old	6089.0	10.056093248169217	3.466769783608225
PD	Pbre1_05G308000	old	7780.0	12.848810226762442	3.791690132267945
PD	Pbre1_11G048800	old	7590.0	12.535021802201406	3.758625306334034
TD	Pbre1_01G311000	old	6027.0	9.953699130680878	3.4533462538705697
TRD	Pbre1_14G364800	old	3478.0	5.743979687490973	2.7536001909656163
TRD	Pbre1_03G311000	old	8355.0	13.79843309056558	3.887372521272333
TD	Pbre1_13G351800	old	9235.0	15.25176895169038	4.022524854193666
TD	Pbre1_10G374200	old	4864.0	8.032983668762535	3.1752026004568785
PD	Pbre1_13G270600	old	5005.0	8.265847710147304	3.211922970994024
TRD	Pbre1_06G341600	old	7840.0	12.94790130820277	3.8019761560080667
TRD	Pbre1_03G483600	old	8229.0	13.590341819540892	3.86694177770313
PD	Pbre1_05G116800	old	6879.0	11.360792487133526	3.627699336560555
TRD	Pbre1_03G048800	old	8779.0	14.498676732743892	3.9540731392511668
PD	Pbre1_08G032400	old	4687.0	7.740664978513569	3.1277430422784382
TRD	Pbre1_01G370200	old	7385.0	12.196460607280287	3.7220791343928292
TRD	Pbre1_15G116800	old	7003.0	11.565580722110203	3.651405442233947
PD	Pbre1_05G029400	old	3575.0	5.904176935819502	2.7874694374540705
TRD	Pbre1_05G153800	old	7611.0	12.56970368070552	3.762317312103655
TD	Pbre1_10G503400	old	9582.0	15.824845706020271	4.072521369400216
TRD	Pbre1_02G504600	old	9955.0	16.440861928974307	4.124399434883473
TD	Pbre1_14G260600	old	7012.0	11.580444384326253	3.653110978928132
TRD	Pbre1_15G606000	old	6505.0	10.743124746155488	3.553744443365276
TRD	Pbre1_03G222600	old	6168.0	10.186563172065648	3.4836949626401577
TD	Pbre1_04G180600	old	7061.0	11.66136876750252	3.6623614717977824
TRD	Pbre1_13G264800	old	7847.0	12.959461934370808	3.8031714290154985
TD	Pbre1_01G337200	old	6391.0	10.554851691418865	3.530426837563728
TD	Pbre1_01G152200	old	8270.0	13.658054058525114	3.8736216849582186
TD	Pbre1_12G304400	old	6678.0	11.02883736430843	3.5884253018398993
PD	Pbre1_06G106000	old	5673.0	9.369061750182947	3.3742134519510083
PD	Pbre1_03G049400	old	9390.0	15.507754245411224	4.045071960784637
PD	Pbre1_17G223400	old	5511.0	9.101515830294064	3.336499894474189
TRD	Pbre1_02G199400	old	9283.0	15.33104181684264	4.029544923511996
PD	Pbre1_05G422600	old	5009.0	8.272453782243325	3.2129511717555665
TD	Pbre1_14G245000	old	5285.0	8.72827275686883	3.282183678973267
TRD	Pbre1_12G332000	old	8298.0	13.704296563197268	3.8781658638752767
TD	Pbre1_07G447200	old	5903.0	9.748910895704203	3.4261185849379157
TRD	Pbre1_04G173000	old	8574.0	14.160115537822772	3.922208843462909
PD	Pbre1_01G269600	old	6141.0	10.141972185417501	3.477932714485755
TRD	Pbre1_14G216000	old	8224.0	13.582084229420865	3.866125034891679
PD	Pbre1_14G312200	old	4733.0	7.816634807617819	3.140228103313656
TRD	Pbre1_03G318600	old	7489.0	12.368218481776854	3.740735312094511
TRD	Pbre1_01G371200	old	7913.0	13.068462123955166	3.814392725707338
TD	Pbre1_15G148200	old	9734.0	16.075876445669103	4.093887723849001
TD	Pbre1_15G013200	old	10430.0	17.2253329903769	4.1878732687908355
PD	Pbre1_03G236200	old	7090.0	11.709262790198677	3.6678084431082514
TD	Pbre1_07G269600	old	8094.0	13.367386886300155	3.844725785841355
TD	Pbre1_14G304200	old	6989.0	11.542459469774126	3.648748371012267
TRD	Pbre1_17G271200	old	7455.0	12.312066868960668	3.7346626804197838
TRD	Pbre1_12G171200	old	7958.0	13.142780435035412	3.821993873132522
PD	Pbre1_12G206200	old	5056.0	8.350075129371582	3.2249779573357125
TRD	Pbre1_17G016000	old	7286.0	12.032960322903747	3.7040929115711236
TD	Pbre1_03G018600	old	9412.0	15.544087641939345	4.048243828318246
TRD	Pbre1_12G009600	old	7784.0	12.855416298858463	3.7923781534710996
TRD	Pbre1_12G107800	old	6601.0	10.901670476460009	3.573092174216224
TD	Pbre1_13G017200	old	7941.0	13.11470462862732	3.819127033432441
TD	Pbre1_15G752600	old	2457.0	4.0577797849814035	2.338504223629951
PD	Pbre1_05G268800	old	4530.0	7.481376648744712	3.084298453836042
PD	Pbre1_04G305200	old	9170.0	15.144420280130024	4.012963731937275
TRD	Pbre1_01G341400	old	8987.0	14.842192481737028	3.9857001060398343
PD	Pbre1_01G131400	old	8661.0	14.303797605911248	3.935817794039556
TRD	Pbre1_12G331000	old	9874.0	16.307088969029866	4.113291180474676
TRD	Pbre1_01G143600	old	6997.0	11.55567161396617	3.65026729659302
TRD	Pbre1_12G084400	old	4440.0	7.332740026584221	3.0587909701123346
PD	Pbre1_15G242200	old	8766.0	14.47720699843182	3.952073242528278
TRD	Pbre1_17G043400	old	8333.0	13.76209969403746	3.8838260332730625
TRD	Pbre1_08G408400	old	8916.0	14.72493470203264	3.9749821211970597
TRD	Pbre1_09G435800	old	8075.0	13.336008043844052	3.841571446882868
PD	Pbre1_02G093600	old	8672.0	14.321964304175307	3.9375293601808887
TD	Pbre1_10G061000	old	6441.0	10.637427592619137	3.5407002863368
TRD	Pbre1_07G065800	old	2974.0	4.911614603392224	2.563552218756996
PD	Pbre1_04G352400	old	8952.0	14.784389350896836	3.980426543218093
TRD	Pbre1_03G383600	old	4732.0	7.8149832895938145	3.13995783465686
TRD	Pbre1_01G155400	old	5304.0	8.759651599324934	3.2868296472863565
TD	Pbre1_15G153600	old	3207.0	5.296418302985495	2.654531389574129
TD	Pbre1_17G152000	old	9713.0	16.041194567164986	4.090954565176438
PD	Pbre1_13G270800	old	7138.0	11.78853565535094	3.6767791735158273
TD	Pbre1_08G388800	old	3791.0	6.260904829004681	2.860149343121546
TD	Pbre1_16G315600	old	7813.0	12.90331032155462	3.797356518548235
PD	Pbre1_01G139000	old	8218.0	13.57217512127683	3.8651443327885966
TD	Pbre1_10G037200	old	5306.0	8.762954635372946	3.28731782736995
TRD	Pbre1_07G100400	old	5957.0	9.838092869000498	3.4380390092823143
TRD	Pbre1_02G103000	old	10010.0	16.531695420294607	4.131893615010896
PD	Pbre1_02G401800	old	5148.0	8.502014787580084	3.2482334519552243
TD	Pbre1_02G126800	old	6290.0	10.388048370994314	3.5094486209731723
TRD	Pbre1_01G341000	old	9221.0	15.228647699354303	4.020470882899078
TRD	Pbre1_08G353000	old	8827.0	14.577949597896152	3.961433450262909
PD	Pbre1_05G212400	old	3472.0	5.73407057934694	2.751478842035801
TD	Pbre1_03G463000	old	5530.0	9.132894672750167	3.340974463840384
PD	Pbre1_12G388600	old	6963.0	11.499520001149985	3.6438007893541884
TRD	Pbre1_05G351600	old	6090.0	10.057744766193222	3.4669852719251835
TRD	Pbre1_11G466000	old	9369.0	15.47307236690711	4.042037749837893
PD	Pbre1_05G249600	old	4760.0	7.861225794265968	3.1475062839931915
TD	Pbre1_12G008600	old	4557.0	7.52596763539286	3.091863578836116
PD	Pbre1_09G065000	old	9133.0	15.083314113241824	4.007492812479736
TRD	Pbre1_15G609600	old	3654.0	6.0346468597159335	2.814478001781044
TRD	Pbre1_06G153200	old	6346.0	10.480533380338619	3.5211177654108696
TRD	Pbre1_03G165400	old	7776.0	12.84220415466642	3.7910017827909477
TRD	Pbre1_06G177600	old	7632.0	12.604385559209636	3.765999893760944
TD	Pbre1_17G110800	old	7564.0	12.492082333577263	3.7540411222310164
TRD	Pbre1_12G363400	old	9369.0	15.47307236690711	4.042037749837893
PD	Pbre1_06G171600	old	7928.0	13.09323489431525	3.816930893925175
TD	Pbre1_14G121600	old	5982.0	9.879380819600634	3.4435245454176133
TRD	Pbre1_04G068000	old	6679.0	11.030488882332437	3.5886233653137047
TD	Pbre1_04G319600	old	8645.0	14.27737331752716	3.93332461289919
TRD	Pbre1_11G362200	old	11364.0	18.767850824797993	4.305084123620148
TRD	Pbre1_17G264200	old	5224.0	8.627530157404498	3.2671657371466205
PD	Pbre1_03G049200	old	10613.0	17.527560788769897	4.211601053447287
TD	Pbre1_15G206200	old	6956.0	11.487959374981946	3.6424658440416855
TD	Pbre1_07G412800	old	5399.0	8.916545811605454	3.3098376802614156
TD	Pbre1_06G007600	old	6927.0	11.440065352285789	3.6369221593889134
PD	Pbre1_04G054400	old	4810.0	7.94380169546624	3.1608882006879138
TD	Pbre1_07G494600	old	8592.0	14.189842862254872	3.9250350402363625
PD	Pbre1_02G432400	old	7679.0	12.682006906337891	3.7742079582590127
TRD	Pbre1_03G326200	old	9518.0	15.719148552483922	4.063429472785404
TRD	Pbre1_03G127400	old	5252.0	8.67377266207665	3.2740786342125103
TD	Pbre1_09G191800	old	8869.0	14.647313354904382	3.967843062441893
TD	Pbre1_17G099800	old	7869.0	12.995795330898929	3.8069215673173935
TD	Pbre1_17G075400	old	7050.0	11.643202069238459	3.6602899875456454
PD	Pbre1_15G235200	old	5154.0	8.511923895724117	3.2497371722218533
TRD	Pbre1_13G392000	old	6494.0	10.724958047891425	3.551510855648716
PD	Pbre1_02G279800	old	6629.0	10.947912981132163	3.578686730271212
PD	Pbre1_04G044000	old	5567.0	9.194000839638369	3.3496484720722144
PD	Pbre1_03G271200	old	4058.0	6.701860141414137	2.94520692537844
TD	Pbre1_17G454400	old	3722.0	6.146950085348305	2.837327712455222
PD	Pbre1_17G261800	old	5697.0	9.40869818275908	3.3797177367503015
TD	Pbre1_09G021000	old	11059.0	18.26413782747633	4.267845714061136
TD	Pbre1_10G454000	old	6701.0	11.066822278860554	3.5929738964050335
TD	Pbre1_05G463000	old	8630.0	14.252600547167079	3.930983336031432
TD	Pbre1_09G202800	old	4830.0	7.976832055946349	3.1662064044843157
TD	Pbre1_08G388000	old	7249.0	11.971854156015544	3.6973128035057194
TRD	Pbre1_14G385800	old	8456.0	13.96523641099013	3.903543164653484
TD	Pbre1_04G053600	old	8373.0	13.828160414997678	3.890267722701565
TRD	Pbre1_12G145000	old	6429.0	10.617609376331071	3.5382413223439295
PD	Pbre1_11G020200	old	5908.0	9.75716848582423	3.427226474915439
TRD	Pbre1_04G124000	old	6442.0	10.639079110643141	3.540905010945827
TD	Pbre1_11G392400	old	8098.0	13.373992958396176	3.845388979304718
TD	Pbre1_11G130600	old	5523.0	9.12133404658213	3.3393275524635535
TRD	Pbre1_13G225600	old	6458.0	10.66550339902723	3.544176659870003
TRD	Pbre1_05G224000	old	7465.0	12.328582049200724	3.7364514034915914
PD	Pbre1_08G153200	old	5586.0	9.225379682094472	3.3540825082553694
PD	Pbre1_02G038800	old	9698.0	16.016421796804906	4.088855794735862
TRD	Pbre1_09G235400	old	9662.0	15.956967147940707	4.083806253474063
PD	Pbre1_10G444000	old	9014.0	14.886783468385174	3.989755152616795
TRD	Pbre1_09G150600	old	8360.0	13.806690680685605	3.8881773268672597
TD	Pbre1_14G057400	old	4998.0	8.254287083979266	3.2101218544909473
TRD	Pbre1_07G453000	old	4551.0	7.516058527248827	3.0901858648537917
TRD	Pbre1_04G218800	old	8288.0	13.687781382957214	3.87654458543536
TD	Pbre1_03G377800	old	6599.0	10.898367440411999	3.572691731681336
TRD	Pbre1_13G449200	old	5248.0	8.66716658998063	3.2730931031895234
TD	Pbre1_15G680800	old	8623.0	14.24103992099904	3.929889438511477
TRD	Pbre1_10G330000	old	7805.0	12.890098177362578	3.795984891434425
TRD	Pbre1_11G456800	old	8237.0	13.603553963732935	3.868247605219143
PD	Pbre1_06G036200	old	2316.0	3.8249157435966343	2.2705037491461795
TRD	Pbre1_10G136800	old	4312.0	7.121345719511523	3.0217188040120675
TRD	Pbre1_15G766000	old	7187.0	11.869460038527206	3.6858796188359526
PD	Pbre1_11G032200	old	4419.0	7.298058148080107	3.0527737668327113
PD	Pbre1_06G267400	old	8290.0	13.691084419005225	3.876868986913521
PD	Pbre1_06G028600	old	7704.0	12.723294856938027	3.7785549979056032
PD	Pbre1_03G157800	old	5253.0	8.675424180100658	3.2743249118113575
TRD	Pbre1_08G132200	old	6492.0	10.721655011843415	3.551104377003316
TRD	Pbre1_06G043400	old	7992.0	13.1989320478516	3.827710518475854
TD	Pbre1_08G385400	old	8983.0	14.835586409641005	3.9850983878686503
PD	Pbre1_05G243400	old	7347.0	12.13370292236808	3.7152018225863253
TD	Pbre1_10G296400	old	8120.0	13.410326354924297	3.849031103911424
TRD	Pbre1_06G075000	old	7762.0	12.819082902330344	3.788589969936089
PD	Pbre1_11G096800	old	7733.0	12.771188879634186	3.783581208950894
TRD	Pbre1_10G514400	old	8568.0	14.15020642967874	3.921265546212312
TRD	Pbre1_03G395400	old	4907.0	8.10399894379477	3.18650039026948
TRD	Pbre1_13G030600	old	9156.0	15.121299027793949	4.010896093433658
PD	Pbre1_07G278000	old	6303.0	10.409518105306386	3.51216595384381
PD	Pbre1_09G239600	old	11129.0	18.379744089156713	4.276477614879666
TD	Pbre1_05G481400	old	8153.0	13.464826449716476	3.854477108674376
TRD	Pbre1_12G143600	old	8601.0	14.204706524470922	3.926446065167516
TD	Pbre1_15G403400	old	8828.0	14.579601115920159	3.9615863914800986
TD	Pbre1_12G227200	old	6317.0	10.432639357642461	3.5150865998056338
TD	Pbre1_02G213800	old	8642.0	14.272418763455144	3.9328566613901756
TD	Pbre1_01G415800	old	8660.0	14.302146087887243	3.935662096382309
TD	Pbre1_02G495400	old	9924.0	16.38966487023014	4.120158224500473
TRD	Pbre1_09G164400	old	6518.0	10.764594480467558	3.5563796873491604
TD	Pbre1_04G218200	old	4285.0	7.0767547328633755	3.0137757296990797
TD	Pbre1_04G222600	old	4724.0	7.80177114540177	3.1377938607478817
TRD	Pbre1_11G021400	old	8310.0	13.724114779485333	3.8801089960646027
TRD	Pbre1_15G110200	old	7078.0	11.689444573910613	3.6655570176517673
TRD	Pbre1_11G070400	old	6735.0	11.122973891676741	3.5996717452237172
TRD	Pbre1_15G253000	old	7311.0	12.074248273503883	3.7086560934998922
TRD	Pbre1_01G363800	old	7553.0	12.473915635313203	3.7520972661578855
TRD	Pbre1_15G486400	old	8230.0	13.591993337564897	3.8671050707948504
TD	Pbre1_13G139600	old	6678.0	11.02883736430843	3.5884253018398993
TRD	Pbre1_15G167800	old	8172.0	13.496205292172581	3.8576033866687873
TRD	Pbre1_15G217800	old	4711.0	7.780301411089699	3.134270465594415
TRD	Pbre1_05G212800	old	7973.0	13.167553205395496	3.8245187152995865
TRD	Pbre1_13G034000	old	8886.0	14.675389161312475	3.9704293550838194
TRD	Pbre1_17G136200	old	3930.0	6.490465834341439	2.905055443116086
TRD	Pbre1_14G058600	old	5194.0	8.577984616684335	3.259722118446012
TD	Pbre1_09G061400	old	9160.0	15.12790509988997	4.0114871497306295
TD	Pbre1_02G237400	old	7152.0	11.811656907687015	3.6793851636912627
PD	Pbre1_07G421800	old	122.0	0.20148519892866554	0.2648188760468555
TD	Pbre1_15G673600	old	6488.0	10.715048939747394	3.5502910759755975
TRD	Pbre1_04G058800	old	7098.0	11.722474934390721	3.6693074438314124
TRD	Pbre1_07G015400	old	7115.0	11.750550740798815	3.672487658352617
TRD	Pbre1_03G157800	old	5253.0	8.675424180100658	3.2743249118113575
PD	Pbre1_05G240000	old	8132.0	13.430144571212363	3.8510138487099814
TD	Pbre1_11G500200	old	11287.0	18.640683936949575	4.295773263606432
TRD	Pbre1_08G046600	old	8893.0	14.686949787480515	3.9714929529758543
PD	Pbre1_16G319800	old	7844.0	12.954507380298791	3.8026592904096272
TD	Pbre1_05G492400	old	6858.0	11.326110608629413	3.623645737220847
PD	Pbre1_17G215600	old	5509.0	9.098212794246054	3.336028078851575
TRD	Pbre1_15G646400	old	8512.0	14.057721420334435	3.912431568463408
TRD	Pbre1_05G478200	old	7231.0	11.942126831583447	3.694002815559801
TD	Pbre1_07G344600	old	6922.0	11.431807762165763	3.6359641949687225
PD	Pbre1_02G418400	old	8209.0	13.557311459060783	3.863672028526008
PD	Pbre1_08G377400	old	6551.0	10.819094575259737	3.5630476141747724
TRD	Pbre1_15G065400	old	8574.0	14.160115537822772	3.922208843462909
TRD	Pbre1_11G275400	old	5800.0	9.57880453923164	3.403104699393394
TRD	Pbre1_10G322400	old	8640.0	14.269115727407135	3.932544609371549
PD	Pbre1_04G199800	old	5195.0	8.579636134708341	3.2599708588193597
TRD	Pbre1_14G221800	old	5351.0	8.837272946453192	3.298258432240834
PD	Pbre1_15G557200	old	5555.0	9.174182623350305	3.3468409903512417
TRD	Pbre1_04G115800	old	8329.0	13.755493621941438	3.8831802795688373
TD	Pbre1_09G069000	old	6127.0	10.118850933081424	3.474935796725619
TRD	Pbre1_08G213400	old	6306.0	10.4144726593784	3.5127923044917297
TRD	Pbre1_12G286400	old	4820.0	7.960316875706295	3.1635497531452077
TD	Pbre1_10G209800	old	6002.0	9.912411180080744	3.447898006191926
TRD	Pbre1_04G357600	old	7257.0	11.985066300207588	3.6987814751521624
TD	Pbre1_03G336200	old	3104.0	5.126311946512933	2.6150188295926196
PD	Pbre1_15G210200	old	10390.0	17.159272269416682	4.182634482849861
TD	Pbre1_12G187800	old	6287.0	10.383093816922297	3.5088208166545902
TD	Pbre1_14G093400	old	8386.0	13.849630149309748	3.8923550940345186
TD	Pbre1_11G120600	old	6442.0	10.639079110643141	3.540905010945827
TRD	Pbre1_12G219200	old	7527.0	12.430976166689062	3.7474922588978377
PD	Pbre1_02G122800	old	6914.0	11.418595617973718	3.634430127580778
PD	Pbre1_13G337200	old	5234.0	8.644045337644553	3.269638433213481
TD	Pbre1_09G097800	old	9940.0	16.416089158614223	4.122348793169284
TD	Pbre1_07G068600	old	2666.0	4.402947051998543	2.433746543858105
TD	Pbre1_08G206000	old	4895.0	8.084180727506704	3.1833564083878247
TD	Pbre1_09G137600	old	7106.0	11.735687078582764	3.670804888667134
PD	Pbre1_09G482400	old	6743.0	11.136186035868784	3.601243200859189
TRD	Pbre1_12G120400	old	6464.0	10.675412507171263	3.5454016179732184
PD	Pbre1_04G121200	old	8843.0	14.604373886280241	3.9638785662566147
TRD	Pbre1_02G387400	old	5699.0	9.41200121880709	3.3801754806209
TRD	Pbre1_11G027400	old	4979.0	8.222908241523161	3.205221744585397
PD	Pbre1_02G127400	old	4733.0	7.816634807617819	3.140228103313656
TRD	Pbre1_06G214000	old	5352.0	8.838924464477197	3.298500616929166
TRD	Pbre1_03G197000	old	6883.0	11.367398559229548	3.6284701610548775
TD	Pbre1_17G030200	old	6304.0	10.411169623330391	3.512374767609255
PD	Pbre1_08G376400	old	6944.0	11.46814115869388	3.6401744886009793
PD	Pbre1_07G159800	old	6035.0	9.966911274872922	3.455085356647444
TD	Pbre1_02G045400	old	8772.0	14.487116106575852	3.9529966162844916
TD	Pbre1_02G461400	old	10881.0	17.97016761920336	4.245660521255363
PD	Pbre1_12G307800	old	9796.0	16.17827056315744	4.102512894137447
PD	Pbre1_14G237600	old	5842.0	9.648168296239868	3.412533373487962
TRD	Pbre1_15G212400	old	10027.0	16.5597712267027	4.13420214407433
TD	Pbre1_10G425200	old	2987.0	4.933084337704295	2.5687822905887283
TRD	Pbre1_02G139200	old	9677.0	15.981739918300791	4.085912377271005
PD	Pbre1_02G075400	old	4915.0	8.117211087986812	3.1885925782430204
TRD	Pbre1_17G382000	old	6960.0	11.494565447077969	3.643228821182123
TRD	Pbre1_03G220600	old	7622.0	12.58787037896958	3.7642474557421552
TRD	Pbre1_04G166400	old	7659.0	12.648976545857781	3.77072087111877
TRD	Pbre1_10G034400	old	6016.0	9.935532432416819	3.4509515593435465
PD	Pbre1_04G066200	old	5815.0	9.603577309591723	3.4064791611981757
TD	Pbre1_11G089200	old	9272.0	15.31287511857858	4.027939172078894
PD	Pbre1_13G193600	old	7191.0	11.87606611062323	3.686619984179946
TRD	Pbre1_12G104600	old	3183.0	5.256781870409364	2.645420808374122
TD	Pbre1_10G056400	old	3733.0	6.165116783612365	2.8409902190394605
PD	Pbre1_07G333600	old	3955.0	6.531753784941575	2.9129858386338023
TRD	Pbre1_17G178200	old	9141.0	15.096526257433867	4.008677473171452
PD	Pbre1_10G213000	old	7716.0	12.743113073226093	3.780636933584459
TD	Pbre1_09G149600	old	10053.0	16.60271069532684	4.13772570588511
TRD	Pbre1_14G413200	old	7155.0	11.816611461759031	3.6799429782556743
TRD	Pbre1_02G031800	old	7008.0	11.573838312230231	3.652353211530289
PD	Pbre1_07G163800	old	2990.0	4.938038891776311	2.569986542430171
PD	Pbre1_03G279800	old	8466.0	13.981751591230184	3.905134401210923
TD	Pbre1_02G448800	old	4870.0	8.042892776906566	3.17678435751901
TD	Pbre1_10G025600	old	8800.0	14.533358611248007	3.957297896789912
PD	Pbre1_01G197200	old	6807.0	11.241883189405135	3.613753602185488
TD	Pbre1_11G369000	old	5114.0	8.445863174763899	3.2396826379107466
TRD	Pbre1_01G293200	old	7659.0	12.648976545857781	3.77072087111877
PD	Pbre1_15G489200	old	5088.0	8.402923706139758	3.2331094121641692
PD	Pbre1_10G092600	old	936.0	1.545820870469106	1.348130911628309
TRD	Pbre1_11G450600	old	8043.0	13.283159467075876	3.836243236951069
TRD	Pbre1_08G346800	old	4146.0	6.8471937275266175	2.972176817161815
TRD	Pbre1_11G314200	old	4928.0	8.138680822298882	3.191985925843173
TRD	Pbre1_04G121200	old	8843.0	14.604373886280241	3.9638785662566147
TRD	Pbre1_11G498600	old	9852.0	16.270755572501745	4.11025929511706
TD	Pbre1_12G381800	old	7552.0	12.472264117289198	3.7519204220272497
TRD	Pbre1_04G134400	old	6532.0	10.787715732803633	3.559212269503356
TRD	Pbre1_07G358400	old	4185.0	6.91160293046283	2.983970021568826
TD	Pbre1_16G032400	old	8447.0	13.95037274877408	3.9021095496186993
TRD	Pbre1_03G098800	old	5404.0	8.92480340172548	3.311038524505986
PD	Pbre1_08G032800	old	3066.0	5.063554261600726	2.600163703341826
PD	Pbre1_09G104600	old	9461.0	15.62501202511561	4.0552834790241
TD	Pbre1_15G042000	old	815.0	1.345987189564446	1.2301951354455751
TRD	Pbre1_10G058400	old	5267.0	8.698545432436733	3.2777683911382782
TD	Pbre1_13G221000	old	7916.0	13.073416678027183	3.814900716713458
TRD	Pbre1_04G232800	old	8382.0	13.843024077213727	3.8917131475424855
TD	Pbre1_02G462200	old	11312.0	18.68197188754971	4.298802862814316
TD	Pbre1_17G462400	old	3544.0	5.852979877075334	2.7767314507105434
TD	Pbre1_10G463200	old	8949.0	14.77943479682482	3.979973625307084
TD	Pbre1_10G236800	old	7739.0	12.78109798777822	3.784618932016438
TRD	Pbre1_15G228200	old	4732.0	7.8149832895938145	3.13995783465686
TRD	Pbre1_10G437800	old	8157.0	13.471432521812499	3.855135835680354
TD	Pbre1_10G101600	old	7974.0	13.1692047234195	3.8246868811054178
TD	Pbre1_10G562400	old	8343.0	13.778614874277514	3.8854391541106748
TRD	Pbre1_07G384800	old	4324.0	7.141163935799589	3.025235070211792
TD	Pbre1_01G423200	old	6991.0	11.545762505822138	3.6491282523572672
TD	Pbre1_10G154000	old	6719.0	11.096549603292654	3.5965236894871997
TRD	Pbre1_15G635600	old	6801.0	11.2319740812611	3.6125853497271927
PD	Pbre1_15G702800	old	4888.0	8.072620101338666	3.1815192499089457
TD	Pbre1_17G161000	old	6675.0	11.023882810236413	3.587830948216796
TRD	Pbre1_08G242600	old	6426.0	10.612654822259055	3.537625925925121
PD	Pbre1_01G426800	old	9455.0	15.615102916971578	4.054423324260651
TD	Pbre1_13G402400	old	6199.0	10.237760230809817	3.490282619245715
TRD	Pbre1_17G138400	old	7050.0	11.643202069238459	3.6602899875456454
TRD	Pbre1_14G149800	old	6264.0	10.345108902370173	3.5039985524789543
TD	Pbre1_02G173600	old	5472.0	9.03710662735785	3.3272715418697114
TRD	Pbre1_03G472400	old	8106.0	13.38720510258822	3.8467144523400028
TD	Pbre1_09G043000	old	5207.0	8.599454350996405	3.262952402970861
PD	Pbre1_04G065800	old	4268.0	7.048678926455283	3.00875200525751
TD	Pbre1_03G242000	old	6114.0	10.097381198769353	3.472147359093174
TD	Pbre1_16G182600	old	7623.0	12.589521896993586	3.7644227953657596
TD	Pbre1_16G045400	old	7393.0	12.20967275147233	3.7235228214512124
TRD	Pbre1_13G049800	old	9167.0	15.139465726058008	4.012520915936483
PD	Pbre1_11G490400	old	6860.0	11.329413644677423	3.624032285379863
PD	Pbre1_02G402600	old	6364.0	10.510260704770717	3.5248486054400714
PD	Pbre1_10G492000	old	4215.0	6.9611484711829945	2.9929765682266187
PD	Pbre1_12G426200	old	11016.0	18.193122552444095	4.262517539325973
TD	Pbre1_10G507000	old	6517.0	10.762942962443553	3.5561771470813683
TD	Pbre1_07G236400	old	5054.0	8.34677209332357	3.224468216445266
TRD	Pbre1_04G071200	old	6138.0	10.137017631345485	3.4772910417020126
TD	Pbre1_15G149800	old	10384.0	17.14936316127265	4.181847021610165
PD	Pbre1_04G183600	old	6558.0	10.830655201427776	3.564458069636512
TD	Pbre1_16G286400	old	7404.0	12.22783944973639	3.725505535211915
PD	Pbre1_14G160600	old	2445.0	4.037961568693339	2.332840116739282
PD	Pbre1_11G360800	old	5456.0	9.010682338973764	3.323468408072634
TRD	Pbre1_12G198600	old	7054.0	11.64980814133448	3.661043598728344
TD	Pbre1_01G188400	old	7875.0	13.005704439042962	3.8079426427521548
TD	Pbre1_13G486200	old	5269.0	8.701848468484744	3.278259646501105
TD	Pbre1_09G324400	old	5771.0	9.530910516535481	3.3965582739766376
TRD	Pbre1_15G726000	old	4950.0	8.175014218827004	3.1977103937504348
TRD	Pbre1_16G102400	old	10121.0	16.715013920959212	4.1469006940546205
PD	Pbre1_07G062200	old	7625.0	12.592824933041596	3.764773410695598
PD	Pbre1_11G196000	old	2544.0	4.201461853069879	2.3789171447502464
PD	Pbre1_05G239400	old	6994.0	11.550717059894154	3.649697886888171
TRD	Pbre1_12G390200	old	6168.0	10.186563172065648	3.4836949626401577
TD	Pbre1_13G245600	old	9076.0	14.989177585873511	3.999023829622096
PD	Pbre1_16G125200	old	8377.0	13.834766487093699	3.8909103125337623
TD	Pbre1_02G454800	old	8811.0	14.551525309512066	3.9589841831885093
TRD	Pbre1_01G113600	old	4384.0	7.240255017239916	3.042688986245179
TD	Pbre1_01G410000	old	5038.0	8.320347804939484	3.2203837925511163
TD	Pbre1_09G257000	old	7480.0	12.353354819560806	3.7391303366884356
TRD	Pbre1_12G066400	old	7306.0	12.065990683383855	3.7077446110354986
TRD	Pbre1_17G320400	old	2617.0	4.322022668822276	2.411974655442401
TRD	Pbre1_03G329800	old	8469.0	13.9867061453022	3.9056114301403047
PD	Pbre1_10G073200	old	4802.0	7.9305895512741955	3.158755417745692
TD	Pbre1_07G052400	old	5485.0	9.058576361669921	3.330354222963267
TRD	Pbre1_13G199200	old	6448.0	10.648988218787174	3.542132748897591
TD	Pbre1_02G131400	old	6389.0	10.551548655370853	3.530014374030916
TRD	Pbre1_05G244400	old	8791.0	14.518494949031957	3.9559167403726505
TRD	Pbre1_12G129000	old	4776.0	7.887650082650054	3.151802017226204
TRD	Pbre1_06G083600	old	5897.0	9.73900178756017	3.4247879929531915
TD	Pbre1_16G043400	old	7602.0	12.55484001848947	3.7607361807008397
TD	Pbre1_05G215200	old	5359.0	8.850485090645234	3.3001947723493283
PD	Pbre1_02G151800	old	11307.0	18.673714297429683	4.29819745172151
TD	Pbre1_09G406400	old	9792.0	16.171664491061417	4.101957984932806
TRD	Pbre1_02G469400	old	10774.0	17.793455190634774	4.2321584265808125
TRD	Pbre1_17G418800	old	2788.0	4.604432250927209	2.4865682302548415
TRD	Pbre1_09G325400	old	9237.0	15.255071987738392	4.022818040095773
TD	Pbre1_07G404400	old	5164.0	8.52843907596417	3.252239894952754
PD	Pbre1_11G062000	old	8938.0	14.761268098560759	3.9783117087366078
TRD	Pbre1_10G115000	old	5133.0	8.477242017220002	3.2444672799062815
TD	Pbre1_10G487400	old	6357.0	10.49870007860268	3.5233988694348084
PD	Pbre1_01G237000	old	4036.0	6.665526744886018	2.938384931626322
TD	Pbre1_13G170800	old	10939.0	18.065955664595673	4.252926941609322
TD	Pbre1_12G241200	old	9858.0	16.280664680645778	4.111086805040891
TRD	Pbre1_06G401000	old	9696.0	16.013118760756896	4.088575727849079
TD	Pbre1_17G404800	old	9094.0	15.018904910305611	4.0017036200077465
TRD	Pbre1_05G326800	old	8707.0	14.379767435015498	3.9429617826548133
TD	Pbre1_15G093800	old	8296.0	13.700993527149256	3.8778417539119507
TRD	Pbre1_02G121600	old	9455.0	15.615102916971578	4.054423324260651
TRD	Pbre1_14G145400	old	4004.0	6.612678168117843	2.9284040884379663
TRD	Pbre1_15G180200	old	8211.0	13.560614495108792	3.863999337123075
PD	Pbre1_15G087800	old	5503.0	9.088303686102021	3.3346117054677675
PD	Pbre1_02G171800	old	5655.0	9.33933442575085	3.3700714128831417
PD	Pbre1_14G377400	old	7056.0	11.653111177382492	3.661420256748977
TRD	Pbre1_03G095000	old	8498.0	14.03460016799836	3.9102145961005017
PD	Pbre1_17G197400	old	8985.0	14.838889445689016	3.985399278324763
PD	Pbre1_11G191200	old	5501.0	9.08500065005401	3.3341392718307667
TRD	Pbre1_10G263600	old	5919.0	9.77533518408829	3.429660842243573
TRD	Pbre1_14G119200	old	7665.0	12.658885654001814	3.7717678825400123
TD	Pbre1_01G365000	old	6618.0	10.929746282868104	3.576491455578483
TD	Pbre1_04G207400	old	3598.0	5.942161850371628	2.7953850007192185
TRD	Pbre1_08G102000	old	5277.0	8.715060612676787	3.2802229968744827
PD	Pbre1_11G192000	old	8328.0	13.753842103917432	3.8830187959700333
TD	Pbre1_01G351200	old	10441.0	17.24349968864096	4.1893106061409755
TRD	Pbre1_09G039200	old	8604.0	14.209661078542936	3.9269161002999926
TRD	Pbre1_15G404200	old	10979.0	18.132016385555893	4.2579170269164255
TD	Pbre1_12G091800	old	5255.0	8.678727216148667	3.2748173409212726
TD	Pbre1_17G447600	old	5199.0	8.586242206804362	3.260965391671993
TRD	Pbre1_11G494000	old	8715.0	14.392979579207543	3.9442006123288618
TRD	Pbre1_11G206200	old	6828.0	11.27656506790925	3.6178350519553093
TRD	Pbre1_16G150800	old	6069.0	10.023062887689107	3.4624532442876705
TD	Pbre1_10G115600	old	5491.0	9.068485469813956	3.3317747802660436
PD	Pbre1_01G119000	old	6886.0	11.372353113301564	3.629048009270954
TRD	Pbre1_12G014800	old	7981.0	13.180765349587539	3.825863493209326
TD	Pbre1_17G223800	old	7631.0	12.602734041185629	3.7658247457187333
TRD	Pbre1_05G018400	old	8052.0	13.298023129291925	3.837743786036427
TRD	Pbre1_08G256800	old	4527.0	7.476422094672696	3.083455430410531
PD	Pbre1_09G078800	old	9032.0	14.916510792817272	3.992452198757692
TRD	Pbre1_06G316400	old	9303.0	15.36407217732275	4.032459900562304
PD	Pbre1_01G046600	old	7096.0	11.71917189834271	3.6689328396413265
TRD	Pbre1_16G021800	old	8043.0	13.283159467075876	3.836243236951069
TRD	Pbre1_04G118800	old	6900.0	11.395474365637641	3.63174157824082
TD	Pbre1_02G191000	old	8019.0	13.243523034499745	3.8322341257260355
TRD	Pbre1_05G578400	old	10800.0	17.836394659258918	4.235450950233051
PD	Pbre1_13G446600	old	4294.0	7.091618395079425	3.0164282832540614
PD	Pbre1_01G196800	old	7665.0	12.658885654001814	3.7717678825400123
TD	Pbre1_03G045200	old	8768.0	14.480510034479831	3.9523810994506317
TRD	Pbre1_11G205600	old	7647.0	12.629158329569716	3.768624565963069
TD	Pbre1_12G013400	old	8397.0	13.867796847573809	3.8941189754608923
TD	Pbre1_02G085200	old	7984.0	13.185719903659555	3.826367461931456
PD	Pbre1_04G340800	old	7504.0	12.392991252136936	3.743406309669846
PD	Pbre1_17G447800	old	4410.0	7.283194485864057	3.05018726290738
TD	Pbre1_11G019800	old	6786.0	11.20720131090102	3.609660573042651
TRD	Pbre1_14G380800	old	7641.0	12.619249221425683	3.7675752700155924
TRD	Pbre1_09G438400	old	7417.0	12.249309184048462	3.72784523473458
PD	Pbre1_14G258400	old	5921.0	9.778638220136301	3.4301030135012134
TRD	Pbre1_08G094800	old	8976.0	14.824025783472965	3.9840447768084926
TRD	Pbre1_10G243200	old	8452.0	13.958630338894109	3.9029061782848995
TRD	Pbre1_16G343200	old	5774.0	9.535865070607498	3.397236869587222
TRD	Pbre1_01G163800	old	6048.0	9.988381009184994	3.4579069350344334
TRD	Pbre1_07G393800	old	7620.0	12.58456734292157	3.763896712551678
TRD	Pbre1_07G231000	old	3224.0	5.324494109393587	2.660950084540832
TD	Pbre1_03G435200	old	8654.0	14.29223697974321	3.934727557408451
TRD	Pbre1_06G209000	old	9146.0	15.104783847553895	4.009417392419343
TRD	Pbre1_12G296000	old	6586.0	10.876897706099928	3.5700861424313497
TRD	Pbre1_13G168000	old	9314.0	15.382238875586811	4.034060630986035
PD	Pbre1_15G662800	old	7362.0	12.158475692728162	3.7179204686176677
TRD	Pbre1_11G425000	old	7820.0	12.914870947722662	3.79855562346749
TD	Pbre1_06G223000	old	9678.0	15.983391436324796	4.086052676264121
TRD	Pbre1_12G396200	old	7322.0	12.092414971767944	3.710659330172464
PD	Pbre1_01G052000	old	6725.0	11.106458711436687	3.5977050155266648
PD	Pbre1_14G015400	old	5170.0	8.538348184108203	3.253739447265485
PD	Pbre1_10G093800	old	6461.0	10.670457953099246	3.544789268931962
TRD	Pbre1_15G743800	old	5415.0	8.942970099989541	3.313676868736858
TRD	Pbre1_12G437800	old	7568.0	12.498688405673287	3.7547473301222296
PD	Pbre1_17G453000	old	4643.0	7.6679981854573285	3.115698851420513
TRD	Pbre1_12G124800	old	4806.0	7.9371956233702186	3.159822203337055
TRD	Pbre1_08G293600	old	4998.0	8.254287083979266	3.2101218544909473
TRD	Pbre1_13G157200	old	10068.0	16.627483465686925	4.139754622255804
PD	Pbre1_11G191600	old	6479.0	10.700185277531345	3.5484594705814483
TD	Pbre1_06G403000	old	4394.0	7.2567701974799705	3.0455775526723032
PD	Pbre1_03G056400	old	7170.0	11.841384232119115	3.682728820492092
TRD	Pbre1_09G240400	old	9042.0	14.933025973057328	3.993948381948195
TD	Pbre1_03G031600	old	11380.0	18.794275113182078	4.307011330238895
PD	Pbre1_15G385000	old	10584.0	17.47966676607374	4.207866836529458
PD	Pbre1_16G059000	old	8036.0	13.271598840907838	3.835075063242606
TD	Pbre1_14G155200	old	6292.0	10.391351407042324	3.509867005461453
TD	Pbre1_16G040200	old	8019.0	13.243523034499745	3.8322341257260355
TD	Pbre1_07G325400	old	8163.0	13.48134162995653	3.856123362586223
PD	Pbre1_03G297200	old	5125.0	8.464029873027958	3.2424546275239896
TRD	Pbre1_10G372600	old	6694.0	11.055261652692517	3.5915910590542923
TRD	Pbre1_14G148400	old	8277.0	13.669614684693155	3.8747590722529326
TD	Pbre1_15G760200	old	8103.0	13.382250548516204	3.8462175426489145
TD	Pbre1_14G325000	old	7678.0	12.680355388313886	3.774033803934148
TRD	Pbre1_16G068400	old	3814.0	6.298889743556806	2.867677027926497
TRD	Pbre1_02G483200	old	7658.0	12.647325027833777	3.7705462953170157
TD	Pbre1_11G412000	old	11397.0	18.822350919590175	4.309056170373512
TRD	Pbre1_10G007800	old	7429.0	12.269127400336528	3.7300015947137974
TRD	Pbre1_05G230200	old	9451.0	15.608496844875559	4.053849602710512
TRD	Pbre1_05G259000	old	5398.0	8.914894293581447	3.3095973914214682
TRD	Pbre1_06G207800	old	6077.0	10.036275031881152	3.464181410133273
PD	Pbre1_05G541600	old	6285.0	10.379790780874286	3.5084021286153555
TD	Pbre1_07G151600	old	7339.0	12.120490778176036	3.7137497805444437
TD	Pbre1_10G195000	old	7098.0	11.722474934390721	3.6693074438314124
PD	Pbre1_13G350400	old	6719.0	11.096549603292654	3.5965236894871997
TRD	Pbre1_02G358000	old	4119.0	6.802602740878471	2.9639554489762694
PD	Pbre1_08G162200	old	6501.0	10.736518674059464	3.5529326296989785
TRD	Pbre1_08G280800	old	5952.0	9.82983527888047	3.436939394698835
TRD	Pbre1_07G368600	old	4783.0	7.899210708818093	3.153677385857722
TRD	Pbre1_12G125800	old	5128.0	8.468984427099974	3.243209701242244
