duplication_type	pair_age	gene1	gene2	Ks
TD	young	Pbre1_15G279400	Pbre1_15G279600	0.0350292
PD	young	Pbre1_13G069600	Pbre1_13G070400	0.062389
TD	old	Pbre1_12G294600	Pbre1_12G294800	0.150119
TRD	old	Pbre1_08G192000	Pbre1_14G292600	0.425775
TRD	old	Pbre1_14G452000	Pbre1_06G415400	0.136715
PD	young	Pbre1_08G030800	Pbre1_08G031600	0.0327149
PD	old	Pbre1_05G263200	Pbre1_05G264000	0.258202
PD	old	Pbre1_10G296600	Pbre1_10G297600	0.0971168
TD	old	Pbre1_16G201200	Pbre1_16G201400	0.133951
PD	old	Pbre1_14G212400	Pbre1_14G212800	0.459492
PD	old	Pbre1_16G325600	Pbre1_16G326000	0.205079
PD	old	Pbre1_11G113000	Pbre1_11G113600	0.144274
TD	young	Pbre1_10G402800	Pbre1_10G403000	0.107813
TD	old	Pbre1_09G211400	Pbre1_09G211600	0.117842
TRD	old	Pbre1_10G426600	Pbre1_05G452400	0.434891
PD	old	Pbre1_02G233800	Pbre1_02G234200	0.193404
TRD	old	Pbre1_06G192200	Pbre1_12G099200	0.438711
TRD	old	Pbre1_08G231200	Pbre1_05G497000	0.445962
TRD	old	Pbre1_07G246600	Pbre1_01G166000	0.33105
TRD	old	Pbre1_08G132800	Pbre1_08G254600	0.0975057
PD	old	Pbre1_02G126800	Pbre1_02G127600	0.465855
TD	young	Pbre1_03G089400	Pbre1_03G089600	0.0411244
TD	old	Pbre1_03G039000	Pbre1_03G039200	0.345653
TRD	old	Pbre1_12G006200	Pbre1_14G004400	0.212564
PD	old	Pbre1_04G334000	Pbre1_04G334400	0.416435
TRD	old	Pbre1_03G244000	Pbre1_11G264600	0.230965
TD	old	Pbre1_08G072200	Pbre1_08G072400	0.26348
TRD	old	Pbre1_09G215400	Pbre1_09G164600	0.170375
TRD	old	Pbre1_15G657600	Pbre1_11G466800	0.468695
PD	young	Pbre1_04G342400	Pbre1_04G342800	0.0576036
PD	young	Pbre1_02G377200	Pbre1_02G378000	0.0268975
TRD	old	Pbre1_16G024600	Pbre1_13G000800	0.1374
TRD	old	Pbre1_04G186600	Pbre1_12G220600	0.240031
TD	old	Pbre1_03G346800	Pbre1_03G347000	0.191872
TRD	old	Pbre1_07G142200	Pbre1_09G439400	0.425165
TRD	old	Pbre1_05G212600	Pbre1_10G213200	0.217025
TRD	old	Pbre1_06G390600	Pbre1_05G223000	0.362734
TRD	old	Pbre1_07G165000	Pbre1_05G118200	0.386003
TRD	old	Pbre1_15G426400	Pbre1_09G040200	0.257987
TRD	old	Pbre1_01G418400	Pbre1_05G243800	0.245885
TD	old	Pbre1_17G472000	Pbre1_17G472200	0.141913
TRD	old	Pbre1_15G564200	Pbre1_12G418000	0.235707
TRD	young	Pbre1_15G599400	Pbre1_15G007000	0.0190709
TD	old	Pbre1_11G448200	Pbre1_11G448400	0.0513031
TRD	old	Pbre1_02G485000	Pbre1_02G458800	0.206451
PD	old	Pbre1_01G368600	Pbre1_01G369200	0.269168
TRD	old	Pbre1_06G025600	Pbre1_09G018800	0.329115
PD	young	Pbre1_10G378200	Pbre1_10G378600	0.0228815
PD	young	Pbre1_17G215400	Pbre1_17G217000	0.0311138
TD	young	Pbre1_06G295600	Pbre1_06G295800	0.0982064
PD	old	Pbre1_17G445000	Pbre1_17G445400	0.19121
TD	young	Pbre1_05G560200	Pbre1_05G560400	0.0758756
TD	young	Pbre1_11G381600	Pbre1_11G381800	0.0035067
TRD	young	Pbre1_05G141000	Pbre1_05G198000	0.0527999
TRD	old	Pbre1_17G426000	Pbre1_02G292000	0.127985
TD	old	Pbre1_11G144200	Pbre1_11G144400	0.474719
PD	young	Pbre1_06G036400	Pbre1_06G037400	0.0470379
PD	old	Pbre1_04G197600	Pbre1_04G199400	0.0842429
TRD	old	Pbre1_03G334400	Pbre1_17G008000	0.372697
TRD	old	Pbre1_17G386800	Pbre1_09G376000	0.374871
TRD	old	Pbre1_05G383800	Pbre1_05G582600	0.1914
TRD	old	Pbre1_07G022400	Pbre1_13G440600	0.315918
PD	old	Pbre1_14G313000	Pbre1_14G313400	0.12159
TD	old	Pbre1_17G328400	Pbre1_17G328600	0.114436
TD	old	Pbre1_17G249000	Pbre1_17G249200	0.371938
TD	old	Pbre1_14G264200	Pbre1_14G264400	0.118288
TRD	young	Pbre1_06G329200	Pbre1_17G029600	0.0616326
PD	old	Pbre1_17G087400	Pbre1_17G088000	0.281537
TD	old	Pbre1_15G146200	Pbre1_15G146400	0.0920205
TD	old	Pbre1_06G319800	Pbre1_06G320000	0.295348
TD	young	Pbre1_11G441000	Pbre1_11G441200	0.109653
TD	old	Pbre1_17G405200	Pbre1_17G405400	0.17618
TRD	old	Pbre1_13G489000	Pbre1_07G342800	0.287578
TRD	old	Pbre1_04G106000	Pbre1_07G136400	0.329886
TRD	old	Pbre1_09G145000	Pbre1_09G137400	0.171216
TRD	old	Pbre1_14G404400	Pbre1_06G366800	0.272764
PD	old	Pbre1_06G379800	Pbre1_06G381000	0.0498644
TD	old	Pbre1_02G223800	Pbre1_02G224000	0.239501
TRD	old	Pbre1_11G125800	Pbre1_03G121000	0.158627
TRD	young	Pbre1_12G173000	Pbre1_10G578400	0.0910057
PD	old	Pbre1_17G415800	Pbre1_17G416200	0.119978
TD	old	Pbre1_11G043600	Pbre1_11G043800	0.155299
TRD	old	Pbre1_11G316800	Pbre1_09G243200	0.176785
TD	young	Pbre1_10G517800	Pbre1_10G518000	0.0136114
TD	young	Pbre1_11G455200	Pbre1_11G455400	0.0256796
TD	young	Pbre1_01G128400	Pbre1_01G128600	0.0131049
TRD	old	Pbre1_16G361400	Pbre1_07G222800	0.384681
TD	young	Pbre1_06G262000	Pbre1_06G262200	0.106194
TD	young	Pbre1_10G369800	Pbre1_10G370000	0.0784558
PD	young	Pbre1_15G763000	Pbre1_15G763800	0.109907
PD	young	Pbre1_17G211400	Pbre1_17G211800	0.0267154
PD	old	Pbre1_17G079000	Pbre1_17G079400	0.39458
TD	old	Pbre1_16G063600	Pbre1_16G063800	0.435137
TRD	old	Pbre1_12G415400	Pbre1_04G388600	0.249134
TRD	old	Pbre1_16G432200	Pbre1_01G036600	0.142653
TRD	old	Pbre1_16G394400	Pbre1_02G225600	0.241179
TRD	old	Pbre1_11G405800	Pbre1_01G087800	0.171513
PD	old	Pbre1_02G218000	Pbre1_02G218600	0.304685
PD	old	Pbre1_03G412800	Pbre1_03G413200	0.307311
TRD	old	Pbre1_17G068800	Pbre1_07G504800	0.25226
PD	old	Pbre1_02G419800	Pbre1_02G420800	0.32824
TRD	old	Pbre1_11G475400	Pbre1_11G459800	0.434544
TRD	old	Pbre1_05G027000	Pbre1_04G333200	0.330539
TRD	old	Pbre1_05G435600	Pbre1_05G243800	0.216386
PD	old	Pbre1_17G216000	Pbre1_17G217600	0.0486636
TD	young	Pbre1_04G301200	Pbre1_04G301400	0.0334532
TD	young	Pbre1_09G065200	Pbre1_09G065400	0.0490542
PD	old	Pbre1_09G155600	Pbre1_09G156000	0.16297
TD	old	Pbre1_14G209800	Pbre1_14G210000	0.166464
TRD	old	Pbre1_05G186000	Pbre1_12G061600	0.247666
TD	old	Pbre1_10G014400	Pbre1_10G014600	0.299381
TRD	old	Pbre1_08G349400	Pbre1_03G214800	0.154506
TRD	old	Pbre1_09G359200	Pbre1_17G354400	0.339137
TRD	old	Pbre1_17G100800	Pbre1_10G174200	0.305535
TRD	old	Pbre1_15G317600	Pbre1_02G067600	0.0990262
TRD	old	Pbre1_15G502600	Pbre1_12G406200	0.131599
TD	old	Pbre1_08G150000	Pbre1_08G150200	0.141489
TRD	old	Pbre1_16G407000	Pbre1_16G413800	0.455998
TRD	young	Pbre1_13G349000	Pbre1_13G258800	0.0809546
TD	young	Pbre1_17G224800	Pbre1_17G225000	0.00985974
PD	young	Pbre1_05G432600	Pbre1_05G433200	0.0855707
TRD	old	Pbre1_05G116000	Pbre1_11G403800	0.385519
PD	old	Pbre1_08G056600	Pbre1_08G057000	0.389926
TD	old	Pbre1_02G449600	Pbre1_02G449800	0.276428
TRD	old	Pbre1_14G154000	Pbre1_15G650000	0.209323
TRD	old	Pbre1_17G136600	Pbre1_17G290600	0.188125
TD	young	Pbre1_09G406600	Pbre1_09G406800	0.0685975
TD	young	Pbre1_14G010200	Pbre1_14G010400	0.105607
TD	old	Pbre1_10G352600	Pbre1_10G352800	0.374392
TRD	young	Pbre1_05G310800	Pbre1_05G141400	0.0813037
TD	old	Pbre1_01G156200	Pbre1_01G156400	0.459513
TRD	old	Pbre1_07G031200	Pbre1_07G026600	0.179766
TD	young	Pbre1_10G229800	Pbre1_10G230000	0.0253911
TD	young	Pbre1_08G166800	Pbre1_08G167000	0.0950267
TD	young	Pbre1_15G707000	Pbre1_15G707200	0.0669966
PD	old	Pbre1_03G230000	Pbre1_03G230400	0.321416
PD	young	Pbre1_10G163200	Pbre1_10G163600	0.0433909
PD	old	Pbre1_15G675400	Pbre1_15G676200	0.326062
TRD	young	Pbre1_15G338000	Pbre1_02G088600	0.111189
PD	old	Pbre1_10G353600	Pbre1_10G354000	0.189618
TRD	old	Pbre1_07G164800	Pbre1_10G123400	0.0571471
TD	old	Pbre1_15G748800	Pbre1_15G749000	0.319957
PD	young	Pbre1_05G262600	Pbre1_05G263000	0.103642
TD	old	Pbre1_13G223000	Pbre1_13G223200	0.124151
PD	old	Pbre1_07G140000	Pbre1_07G140600	0.273895
TRD	young	Pbre1_08G176200	Pbre1_08G186000	0.048788
PD	young	Pbre1_09G282200	Pbre1_09G282800	0.0173903
TD	young	Pbre1_08G138000	Pbre1_08G138200	0.0914821
PD	young	Pbre1_02G032400	Pbre1_02G034200	0.0369136
PD	young	Pbre1_10G372400	Pbre1_10G372800	0.0615785
TD	old	Pbre1_02G344600	Pbre1_02G344800	0.159549
PD	old	Pbre1_01G137400	Pbre1_01G138000	0.302294
TRD	old	Pbre1_11G049000	Pbre1_11G464600	0.235625
PD	young	Pbre1_17G215800	Pbre1_17G217200	0.0204793
TRD	old	Pbre1_10G334000	Pbre1_16G057200	0.12531
TRD	old	Pbre1_04G396200	Pbre1_12G422400	0.161774
TD	old	Pbre1_16G015200	Pbre1_16G015400	0.310478
TRD	young	Pbre1_15G780200	Pbre1_08G410800	0.0661783
TD	young	Pbre1_07G065800	Pbre1_07G066000	0.059481
TD	young	Pbre1_11G359600	Pbre1_11G359800	0.111329
PD	old	Pbre1_17G365200	Pbre1_17G366000	0.163836
TRD	old	Pbre1_10G328800	Pbre1_05G344800	0.16494
PD	old	Pbre1_06G346400	Pbre1_06G348200	0.43577
TD	young	Pbre1_17G239200	Pbre1_17G239400	0.0211559
PD	young	Pbre1_15G082600	Pbre1_15G083000	0.0643709
PD	old	Pbre1_16G044800	Pbre1_16G045200	0.15905
TRD	old	Pbre1_09G463800	Pbre1_01G055800	0.42962
TD	old	Pbre1_07G156200	Pbre1_07G156400	0.17755
TD	old	Pbre1_01G244200	Pbre1_01G244400	0.183783
PD	young	Pbre1_03G347600	Pbre1_03G348000	0.00709641
PD	old	Pbre1_07G159600	Pbre1_07G160400	0.196383
TRD	old	Pbre1_13G213200	Pbre1_03G439000	0.355156
TRD	old	Pbre1_07G426400	Pbre1_01G352000	0.213829
PD	old	Pbre1_17G215000	Pbre1_17G215400	0.348548
PD	old	Pbre1_03G113800	Pbre1_03G114600	0.273131
TD	old	Pbre1_05G488400	Pbre1_05G488600	0.399359
TD	old	Pbre1_05G060600	Pbre1_05G060800	0.252464
TD	old	Pbre1_02G087800	Pbre1_02G088000	0.168144
TD	old	Pbre1_08G114400	Pbre1_08G114600	0.212296
TRD	old	Pbre1_16G203000	Pbre1_15G365600	0.118041
TD	old	Pbre1_15G458400	Pbre1_15G458600	0.155071
TD	old	Pbre1_08G165400	Pbre1_08G165600	0.40484
TD	old	Pbre1_14G030400	Pbre1_14G030600	0.0715637
TD	old	Pbre1_12G057400	Pbre1_12G057600	0.121651
PD	old	Pbre1_11G093000	Pbre1_11G093400	0.244376
TRD	old	Pbre1_17G322600	Pbre1_04G080600	0.13615
TRD	old	Pbre1_02G361000	Pbre1_02G087800	0.428865
TRD	old	Pbre1_14G249400	Pbre1_06G209200	0.204164
PD	young	Pbre1_10G332000	Pbre1_10G332400	0.0612296
TRD	old	Pbre1_03G099000	Pbre1_03G217000	0.300723
TRD	old	Pbre1_01G406200	Pbre1_01G424800	0.233923
PD	old	Pbre1_10G314200	Pbre1_10G314600	0.446183
TRD	old	Pbre1_09G395400	Pbre1_17G411600	0.126066
TRD	old	Pbre1_03G154400	Pbre1_07G507800	0.160583
TRD	young	Pbre1_15G202000	Pbre1_06G074800	0.0941578
PD	old	Pbre1_03G377000	Pbre1_03G377600	0.254654
TD	old	Pbre1_12G397000	Pbre1_12G397200	0.372224
TRD	young	Pbre1_07G078000	Pbre1_15G755600	0.0715273
TRD	old	Pbre1_10G439800	Pbre1_10G581600	0.19338
PD	old	Pbre1_11G274400	Pbre1_11G275000	0.209023
TD	old	Pbre1_03G297200	Pbre1_03G297400	0.148774
TD	young	Pbre1_02G373800	Pbre1_02G374000	0.0799376
PD	old	Pbre1_05G540400	Pbre1_05G540800	0.44728
TRD	old	Pbre1_02G310800	Pbre1_06G144600	0.429509
TD	old	Pbre1_06G071400	Pbre1_06G071600	0.175148
TRD	young	Pbre1_09G393000	Pbre1_12G017400	0.0939162
PD	old	Pbre1_17G443400	Pbre1_17G445000	0.16793
TD	young	Pbre1_16G315200	Pbre1_16G315400	0.0208152
TD	old	Pbre1_10G236400	Pbre1_10G236600	0.183701
TD	old	Pbre1_17G225800	Pbre1_17G226000	0.36343
PD	old	Pbre1_09G174000	Pbre1_09G174400	0.156803
PD	young	Pbre1_14G139200	Pbre1_14G140000	0.0731818
TD	young	Pbre1_14G132200	Pbre1_14G132400	0.0294199
PD	old	Pbre1_05G582600	Pbre1_05G583600	0.237408
TD	old	Pbre1_01G244000	Pbre1_01G244200	0.125579
TD	old	Pbre1_16G130400	Pbre1_16G130600	0.146515
TRD	old	Pbre1_17G173400	Pbre1_12G057000	0.419978
TD	old	Pbre1_14G061000	Pbre1_14G061200	0.211547
TRD	young	Pbre1_16G401400	Pbre1_06G273800	0.00493587
TRD	young	Pbre1_09G394800	Pbre1_17G411600	0.104961
TRD	old	Pbre1_15G146800	Pbre1_08G159000	0.2051
TRD	old	Pbre1_16G324400	Pbre1_05G166000	0.448473
TRD	old	Pbre1_11G325600	Pbre1_03G307400	0.136459
PD	young	Pbre1_16G402200	Pbre1_16G402600	0.00721663
TD	young	Pbre1_09G470400	Pbre1_09G470600	0.0603649
TRD	old	Pbre1_12G259400	Pbre1_04G223000	0.172441
TD	old	Pbre1_10G535000	Pbre1_10G535200	0.121994
TRD	old	Pbre1_11G279800	Pbre1_11G403800	0.308772
TRD	old	Pbre1_10G347400	Pbre1_15G319400	0.269511
TD	young	Pbre1_05G317400	Pbre1_05G317600	0.0056916
TD	young	Pbre1_07G082600	Pbre1_07G082800	0.0496966
TRD	young	Pbre1_17G502800	Pbre1_13G471000	0.0831399
TD	old	Pbre1_17G398200	Pbre1_17G398400	0.464261
TD	old	Pbre1_05G376200	Pbre1_05G376400	0.126466
TD	old	Pbre1_16G304000	Pbre1_16G304200	0.202599
PD	young	Pbre1_12G157000	Pbre1_12G157400	0.0973418
PD	young	Pbre1_07G148800	Pbre1_07G149800	0.016478
TD	old	Pbre1_16G281600	Pbre1_16G281800	0.138988
TRD	old	Pbre1_17G173400	Pbre1_14G054000	0.316221
TRD	old	Pbre1_15G395800	Pbre1_02G148600	0.150847
TRD	old	Pbre1_08G232000	Pbre1_05G568800	0.384751
TRD	old	Pbre1_13G276800	Pbre1_08G037200	0.31312
PD	old	Pbre1_02G402200	Pbre1_02G402800	0.128084
PD	old	Pbre1_05G582600	Pbre1_05G583000	0.200699
TD	young	Pbre1_03G471000	Pbre1_03G471200	0.0589528
TRD	old	Pbre1_09G461600	Pbre1_13G018800	0.459019
TRD	old	Pbre1_16G243400	Pbre1_03G479600	0.257145
TRD	young	Pbre1_11G085200	Pbre1_05G477800	0.0848538
TRD	young	Pbre1_10G446600	Pbre1_05G472800	0.0927031
TRD	old	Pbre1_15G631000	Pbre1_15G370000	0.0905341
PD	young	Pbre1_13G422600	Pbre1_13G423200	0.0173985
TD	old	Pbre1_05G110600	Pbre1_05G110800	0.335112
TRD	old	Pbre1_05G603200	Pbre1_06G079200	0.424414
PD	old	Pbre1_03G308400	Pbre1_03G308800	0.240768
PD	young	Pbre1_05G540200	Pbre1_05G540600	0.0680369
TRD	old	Pbre1_15G484000	Pbre1_10G014400	0.329396
TD	young	Pbre1_15G702000	Pbre1_15G702200	0.040984
TD	young	Pbre1_09G333800	Pbre1_09G334000	0.0730064
TD	old	Pbre1_02G122800	Pbre1_02G123000	0.233071
PD	old	Pbre1_13G194800	Pbre1_13G195400	0.427769
TD	old	Pbre1_02G171800	Pbre1_02G172000	0.473282
PD	old	Pbre1_07G162400	Pbre1_07G163600	0.300734
TD	young	Pbre1_15G701800	Pbre1_15G702000	0.0480097
PD	old	Pbre1_05G228000	Pbre1_05G228600	0.258781
TRD	old	Pbre1_06G417600	Pbre1_16G208000	0.128766
TRD	old	Pbre1_10G117200	Pbre1_13G200800	0.30148
TRD	young	Pbre1_16G369200	Pbre1_16G057200	0.105059
TD	old	Pbre1_15G502000	Pbre1_15G502200	0.46701
TRD	old	Pbre1_11G376000	Pbre1_01G340200	0.377495
PD	old	Pbre1_05G250000	Pbre1_05G250600	0.264455
PD	young	Pbre1_12G277000	Pbre1_12G277600	0.0172306
PD	old	Pbre1_04G335000	Pbre1_04G335400	0.278298
PD	old	Pbre1_12G324800	Pbre1_12G325200	0.327981
TD	old	Pbre1_11G137200	Pbre1_11G137400	0.260634
TRD	old	Pbre1_05G322600	Pbre1_12G174000	0.127025
TRD	old	Pbre1_05G314800	Pbre1_10G305400	0.301169
TRD	old	Pbre1_09G374200	Pbre1_17G395800	0.151126
TRD	old	Pbre1_02G066800	Pbre1_15G316800	0.197924
TD	young	Pbre1_11G357800	Pbre1_11G358000	0.0566656
TD	old	Pbre1_10G338800	Pbre1_10G339000	0.288819
PD	young	Pbre1_17G116400	Pbre1_17G116800	0.0128668
TRD	old	Pbre1_15G053000	Pbre1_08G058000	0.278097
TD	old	Pbre1_06G007200	Pbre1_06G007400	0.444863
TRD	old	Pbre1_02G203000	Pbre1_05G250000	0.240266
TRD	old	Pbre1_16G460200	Pbre1_12G262800	0.279487
PD	young	Pbre1_02G395800	Pbre1_02G396600	0.055561
TRD	old	Pbre1_02G076400	Pbre1_03G459800	0.129525
TD	old	Pbre1_02G415200	Pbre1_02G415400	0.275901
TRD	young	Pbre1_07G197000	Pbre1_10G161600	0.00979546
TRD	old	Pbre1_17G081000	Pbre1_17G078200	0.157999
PD	young	Pbre1_11G442800	Pbre1_11G444400	0.0182158
TD	young	Pbre1_08G236600	Pbre1_08G236800	0.0291372
PD	young	Pbre1_02G422400	Pbre1_02G423200	0.108531
TD	old	Pbre1_02G148000	Pbre1_02G148200	0.211506
TRD	old	Pbre1_14G426400	Pbre1_06G388200	0.148771
TD	old	Pbre1_08G058400	Pbre1_08G058600	0.149683
TRD	old	Pbre1_05G579200	Pbre1_10G563200	0.177775
TRD	old	Pbre1_17G102800	Pbre1_09G204200	0.371728
TRD	old	Pbre1_16G167600	Pbre1_09G107600	0.424078
TD	old	Pbre1_04G005200	Pbre1_04G005400	0.399911
TRD	old	Pbre1_15G713200	Pbre1_15G727000	0.220896
TRD	old	Pbre1_08G067400	Pbre1_13G310000	0.241262
TD	old	Pbre1_03G455800	Pbre1_03G456000	0.117525
TRD	old	Pbre1_15G486000	Pbre1_02G248200	0.162886
TD	old	Pbre1_09G435800	Pbre1_09G436000	0.176173
TRD	old	Pbre1_08G393800	Pbre1_15G757200	0.253015
TRD	old	Pbre1_10G168200	Pbre1_11G356200	0.285108
TD	old	Pbre1_15G570000	Pbre1_15G570200	0.19426
TD	old	Pbre1_15G034600	Pbre1_15G034800	0.39222
TRD	old	Pbre1_05G591000	Pbre1_04G050400	0.389262
PD	old	Pbre1_09G042400	Pbre1_09G042800	0.237693
TD	old	Pbre1_11G191000	Pbre1_11G191200	0.205169
PD	young	Pbre1_11G015600	Pbre1_11G016200	0.0748567
TD	old	Pbre1_01G379000	Pbre1_01G379200	0.200168
TD	old	Pbre1_07G492800	Pbre1_07G493000	0.304839
TD	young	Pbre1_07G492400	Pbre1_07G492600	0.0821327
TRD	young	Pbre1_11G274800	Pbre1_04G293400	0.0784348
PD	old	Pbre1_03G204600	Pbre1_03G205200	0.340268
PD	old	Pbre1_07G419800	Pbre1_07G421200	0.13974
TD	old	Pbre1_11G090200	Pbre1_11G090400	0.183351
PD	young	Pbre1_10G069000	Pbre1_10G070200	0.0424835
TD	old	Pbre1_16G248000	Pbre1_16G248200	0.446306
TD	young	Pbre1_11G507600	Pbre1_11G507800	0.0606024
TD	young	Pbre1_10G577000	Pbre1_10G577200	0.0685744
TRD	old	Pbre1_13G468000	Pbre1_03G346600	0.286935
TD	old	Pbre1_03G074600	Pbre1_03G074800	0.241668
TD	young	Pbre1_12G221600	Pbre1_12G221800	0.0935442
PD	old	Pbre1_09G330200	Pbre1_09G330800	0.0855662
TD	old	Pbre1_10G353800	Pbre1_10G354000	0.243932
TRD	old	Pbre1_14G370800	Pbre1_05G497000	0.296534
TD	old	Pbre1_03G186600	Pbre1_03G186800	0.132081
TRD	old	Pbre1_03G190600	Pbre1_13G032400	0.157023
PD	young	Pbre1_17G230600	Pbre1_17G231200	0.0375498
TD	old	Pbre1_07G333600	Pbre1_07G333800	0.282901
PD	old	Pbre1_08G333400	Pbre1_08G334000	0.129286
TRD	old	Pbre1_05G074800	Pbre1_10G445400	0.434835
PD	old	Pbre1_08G161400	Pbre1_08G162000	0.13021
TRD	old	Pbre1_12G191400	Pbre1_12G286000	0.18463
TRD	young	Pbre1_17G251400	Pbre1_09G259200	0.0883548
PD	old	Pbre1_08G161800	Pbre1_08G162400	0.233388
TD	old	Pbre1_05G022000	Pbre1_05G022200	0.124546
TD	old	Pbre1_15G233800	Pbre1_15G234000	0.17572
TRD	old	Pbre1_13G488400	Pbre1_05G592800	0.423275
TRD	old	Pbre1_03G081400	Pbre1_11G081200	0.161234
PD	old	Pbre1_03G016200	Pbre1_03G016800	0.137137
TD	old	Pbre1_06G317200	Pbre1_06G317400	0.381778
TRD	old	Pbre1_02G484400	Pbre1_07G025200	0.198562
PD	old	Pbre1_13G010400	Pbre1_13G010800	0.294631
TD	old	Pbre1_04G281200	Pbre1_04G281400	0.124482
TRD	old	Pbre1_07G407600	Pbre1_11G017600	0.313916
TD	young	Pbre1_02G155200	Pbre1_02G155400	0.0971282
TRD	old	Pbre1_15G320000	Pbre1_12G203000	0.39271
TRD	young	Pbre1_01G365600	Pbre1_07G439800	0.0772224
PD	old	Pbre1_17G287000	Pbre1_17G287400	0.180384
TD	young	Pbre1_01G331600	Pbre1_01G331800	0.0954632
TD	young	Pbre1_14G380000	Pbre1_14G380200	0.0594544
TD	young	Pbre1_03G299200	Pbre1_03G299400	0.107678
TD	young	Pbre1_01G216400	Pbre1_01G216600	0.0826686
PD	young	Pbre1_07G425000	Pbre1_07G425400	0.0709883
PD	old	Pbre1_09G451000	Pbre1_09G451400	0.155339
PD	young	Pbre1_15G695200	Pbre1_15G695800	0.0686912
PD	young	Pbre1_09G264200	Pbre1_09G264600	0.0677062
TRD	old	Pbre1_04G381200	Pbre1_12G405400	0.179616
TD	old	Pbre1_01G128000	Pbre1_01G128200	0.3962
PD	young	Pbre1_16G077800	Pbre1_16G078400	0.064277
PD	old	Pbre1_11G399800	Pbre1_11G400800	0.215452
TRD	old	Pbre1_07G443200	Pbre1_07G448200	0.170291
TD	young	Pbre1_03G386200	Pbre1_03G386400	0.0280171
PD	old	Pbre1_11G358600	Pbre1_11G359000	0.268604
TRD	old	Pbre1_14G109200	Pbre1_16G354600	0.291333
TRD	old	Pbre1_08G004200	Pbre1_15G002200	0.139598
TD	young	Pbre1_06G409000	Pbre1_06G409200	0.0892999
TD	young	Pbre1_09G093800	Pbre1_09G094000	0.091007
TRD	old	Pbre1_02G460800	Pbre1_12G196000	0.132135
PD	old	Pbre1_01G141200	Pbre1_01G142200	0.0535564
PD	young	Pbre1_04G217200	Pbre1_04G217600	0.0722825
TRD	old	Pbre1_03G264400	Pbre1_03G215400	0.0879684
TRD	old	Pbre1_16G408600	Pbre1_05G059200	0.22779
TRD	old	Pbre1_14G443200	Pbre1_06G303800	0.353408
TD	young	Pbre1_16G041000	Pbre1_16G041200	0.0380345
TRD	old	Pbre1_16G193600	Pbre1_13G186400	0.267218
TD	old	Pbre1_09G306200	Pbre1_09G306400	0.407884
PD	young	Pbre1_15G740400	Pbre1_15G740800	0.00888115
TRD	young	Pbre1_17G264600	Pbre1_08G043200	0.0799493
PD	old	Pbre1_06G344000	Pbre1_06G344400	0.132173
PD	old	Pbre1_10G579200	Pbre1_10G579600	0.166602
TD	young	Pbre1_17G112200	Pbre1_17G112400	0.0829
TRD	old	Pbre1_01G060200	Pbre1_15G595600	0.158123
PD	young	Pbre1_05G126000	Pbre1_05G126600	0.0567772
TD	old	Pbre1_17G138400	Pbre1_17G138600	0.112833
TRD	old	Pbre1_02G098200	Pbre1_15G348600	0.13627
TRD	old	Pbre1_14G107200	Pbre1_14G117200	0.163807
TD	old	Pbre1_05G047200	Pbre1_05G047400	0.118097
TD	young	Pbre1_17G378600	Pbre1_17G378800	0.0957487
TD	old	Pbre1_16G341400	Pbre1_16G341600	0.195648
TD	old	Pbre1_09G202200	Pbre1_09G202400	0.106536
PD	young	Pbre1_07G015400	Pbre1_07G016000	0.109826
PD	old	Pbre1_11G031000	Pbre1_11G032600	0.293582
TRD	old	Pbre1_17G125400	Pbre1_06G066400	0.234147
PD	old	Pbre1_14G307600	Pbre1_14G308400	0.348322
TD	old	Pbre1_03G027400	Pbre1_03G027600	0.0316704
TRD	old	Pbre1_16G026600	Pbre1_13G026200	0.131338
PD	old	Pbre1_14G057200	Pbre1_14G057600	0.393045
PD	old	Pbre1_03G198000	Pbre1_03G199400	0.343434
TD	old	Pbre1_02G456000	Pbre1_02G456200	0.429569
TRD	old	Pbre1_16G016800	Pbre1_13G019000	0.250074
PD	old	Pbre1_17G415600	Pbre1_17G416000	0.335776
PD	old	Pbre1_14G107800	Pbre1_14G108200	0.148686
TRD	old	Pbre1_15G337800	Pbre1_02G088600	0.134283
PD	young	Pbre1_16G051000	Pbre1_16G051400	0.0567713
PD	old	Pbre1_17G083600	Pbre1_17G084200	0.165954
TD	young	Pbre1_12G379800	Pbre1_12G380000	0.0718505
TD	old	Pbre1_01G260400	Pbre1_01G260600	0.117277
TRD	young	Pbre1_09G256200	Pbre1_17G107800	0.111139
TD	old	Pbre1_04G108600	Pbre1_04G108800	0.124239
TRD	old	Pbre1_07G258400	Pbre1_14G144000	0.129603
PD	old	Pbre1_02G458400	Pbre1_02G459200	0.43655
PD	young	Pbre1_01G009800	Pbre1_01G010800	0.00874465
TD	old	Pbre1_06G222400	Pbre1_06G222600	0.138975
TD	young	Pbre1_06G068000	Pbre1_06G068200	0.0719614
TRD	old	Pbre1_15G715600	Pbre1_07G215800	0.120478
TRD	old	Pbre1_06G269200	Pbre1_14G306800	0.349054
TD	young	Pbre1_05G416800	Pbre1_05G417000	0.0769985
PD	old	Pbre1_02G200600	Pbre1_02G201000	0.19697
PD	young	Pbre1_17G113800	Pbre1_17G114200	0.110018
PD	old	Pbre1_08G202400	Pbre1_08G202800	0.212401
TRD	old	Pbre1_09G451800	Pbre1_05G119600	0.404671
PD	young	Pbre1_05G192400	Pbre1_05G192800	0.0175374
TD	young	Pbre1_05G252600	Pbre1_05G252800	0.0199519
TRD	old	Pbre1_10G116400	Pbre1_07G443800	0.455781
PD	young	Pbre1_07G240800	Pbre1_07G241400	0.0129439
TD	young	Pbre1_11G448800	Pbre1_11G449000	0.0670725
TRD	old	Pbre1_10G282600	Pbre1_07G403000	0.263071
TRD	old	Pbre1_07G051400	Pbre1_12G129200	0.187216
TD	young	Pbre1_05G330600	Pbre1_05G330800	0.0294178
TRD	old	Pbre1_03G239000	Pbre1_02G044800	0.121187
TD	old	Pbre1_08G112200	Pbre1_08G112400	0.112322
PD	young	Pbre1_01G141400	Pbre1_01G142000	0.0296969
TRD	old	Pbre1_11G524600	Pbre1_03G486200	0.169882
TD	old	Pbre1_07G061400	Pbre1_07G061600	0.139059
PD	old	Pbre1_11G441200	Pbre1_11G441800	0.163251
PD	old	Pbre1_16G112400	Pbre1_16G112800	0.221177
PD	old	Pbre1_10G537200	Pbre1_10G537800	0.417615
TRD	old	Pbre1_17G490200	Pbre1_09G473000	0.175843
TRD	old	Pbre1_09G374600	Pbre1_17G394600	0.212473
TD	old	Pbre1_13G479200	Pbre1_13G479400	0.17881
PD	young	Pbre1_02G421200	Pbre1_02G422400	0.028602
TD	old	Pbre1_08G109200	Pbre1_08G109400	0.300227
TRD	old	Pbre1_14G320600	Pbre1_10G349600	0.115047
TD	young	Pbre1_05G093000	Pbre1_05G093200	0.0387192
TRD	old	Pbre1_07G075600	Pbre1_02G424600	0.148263
PD	young	Pbre1_01G387000	Pbre1_01G387400	0.0951151
TD	young	Pbre1_17G218600	Pbre1_17G218800	0.0589128
TRD	young	Pbre1_04G139200	Pbre1_05G172600	0.0203659
TRD	old	Pbre1_02G491000	Pbre1_07G024000	0.201627
TRD	old	Pbre1_14G033000	Pbre1_12G039400	0.197281
TD	old	Pbre1_16G390800	Pbre1_16G391000	0.323067
PD	young	Pbre1_01G201000	Pbre1_01G201400	0.077363
TRD	old	Pbre1_05G060200	Pbre1_08G073200	0.196489
TRD	old	Pbre1_07G291000	Pbre1_17G101600	0.160405
TRD	old	Pbre1_15G233400	Pbre1_15G089600	0.14354
TRD	old	Pbre1_16G414200	Pbre1_09G271600	0.424327
TRD	young	Pbre1_06G331200	Pbre1_14G368800	0.0882399
PD	young	Pbre1_09G022400	Pbre1_09G022800	0.0243915
TD	young	Pbre1_03G064400	Pbre1_03G064600	0.077364
TRD	old	Pbre1_09G197000	Pbre1_09G171600	0.14383
PD	old	Pbre1_05G350000	Pbre1_05G351000	0.283152
TRD	old	Pbre1_08G324200	Pbre1_15G681200	0.127159
PD	old	Pbre1_11G123600	Pbre1_11G124000	0.139018
PD	young	Pbre1_15G762400	Pbre1_15G762800	0.071316
TRD	old	Pbre1_16G254000	Pbre1_03G403800	0.293412
PD	old	Pbre1_01G201200	Pbre1_01G201800	0.172023
TRD	old	Pbre1_02G467000	Pbre1_07G040600	0.156126
TD	old	Pbre1_14G322200	Pbre1_14G322400	0.149953
TRD	old	Pbre1_07G247200	Pbre1_01G166600	0.169968
PD	old	Pbre1_10G080600	Pbre1_10G081200	0.163838
PD	old	Pbre1_02G449600	Pbre1_02G450000	0.432571
TD	young	Pbre1_01G374400	Pbre1_01G374600	0.0301281
TRD	old	Pbre1_14G122400	Pbre1_12G119000	0.219081
TD	old	Pbre1_08G389800	Pbre1_08G390000	0.172953
TRD	old	Pbre1_15G324000	Pbre1_02G072800	0.328291
TD	old	Pbre1_01G230800	Pbre1_01G231000	0.43642
TRD	old	Pbre1_15G577000	Pbre1_11G178200	0.221973
TRD	young	Pbre1_02G354800	Pbre1_02G102800	0.0395761
TRD	old	Pbre1_13G003000	Pbre1_16G002400	0.159173
PD	old	Pbre1_10G263800	Pbre1_10G265400	0.14881
TRD	young	Pbre1_11G183000	Pbre1_17G140200	0.0998192
TD	old	Pbre1_05G361200	Pbre1_05G361400	0.294155
TD	young	Pbre1_06G310600	Pbre1_06G310800	0.0690375
TD	old	Pbre1_05G232800	Pbre1_05G233000	0.330728
PD	old	Pbre1_03G450400	Pbre1_03G450800	0.424715
TD	young	Pbre1_07G395800	Pbre1_07G396000	0.0975417
TRD	old	Pbre1_17G492600	Pbre1_09G473800	0.201993
PD	young	Pbre1_01G326200	Pbre1_01G327200	0.0267545
PD	old	Pbre1_04G293800	Pbre1_04G294400	0.199947
TRD	old	Pbre1_07G046600	Pbre1_02G460000	0.166168
TD	old	Pbre1_08G145400	Pbre1_08G145600	0.317765
TRD	young	Pbre1_16G036000	Pbre1_02G505200	0.0627909
TD	old	Pbre1_09G055800	Pbre1_09G056000	0.376868
TRD	old	Pbre1_04G106200	Pbre1_07G136600	0.106024
PD	young	Pbre1_02G379400	Pbre1_02G380200	0.0490957
TRD	old	Pbre1_03G478400	Pbre1_11G510800	0.3732
TD	old	Pbre1_05G383200	Pbre1_05G383400	0.304477
PD	young	Pbre1_17G328600	Pbre1_17G329000	0.0673871
TD	old	Pbre1_02G447000	Pbre1_02G447200	0.12934
PD	old	Pbre1_13G489600	Pbre1_13G490400	0.171425
PD	young	Pbre1_08G356600	Pbre1_08G357200	0.0431501
PD	young	Pbre1_02G015400	Pbre1_02G015800	0.0894805
TRD	old	Pbre1_12G363800	Pbre1_12G337200	0.128815
TRD	old	Pbre1_08G171800	Pbre1_16G410200	0.372038
TRD	old	Pbre1_17G195800	Pbre1_16G424800	0.367668
PD	old	Pbre1_09G116600	Pbre1_09G117400	0.145191
PD	young	Pbre1_05G299200	Pbre1_05G300200	0.0638456
TD	young	Pbre1_10G423000	Pbre1_10G423200	0.0552841
TD	old	Pbre1_16G015400	Pbre1_16G015600	0.455517
PD	young	Pbre1_02G245000	Pbre1_02G245400	0.0244848
TD	old	Pbre1_05G146600	Pbre1_05G146800	0.349091
TRD	old	Pbre1_03G026000	Pbre1_08G216000	0.134055
TRD	old	Pbre1_17G137800	Pbre1_09G138600	0.407311
PD	young	Pbre1_13G336200	Pbre1_13G336800	0.0325679
TD	old	Pbre1_11G453000	Pbre1_11G453200	0.404631
TD	young	Pbre1_03G219600	Pbre1_03G219800	0.080564
PD	young	Pbre1_05G306600	Pbre1_05G307400	0.0761586
TRD	old	Pbre1_01G093400	Pbre1_02G087800	0.452869
TD	young	Pbre1_14G136200	Pbre1_14G136400	0.106094
TRD	old	Pbre1_09G489800	Pbre1_17G504200	0.268502
PD	old	Pbre1_11G252000	Pbre1_11G252800	0.142669
TD	young	Pbre1_06G206400	Pbre1_06G206600	0.0131434
TD	young	Pbre1_07G446800	Pbre1_07G447000	0.0537899
PD	old	Pbre1_17G094800	Pbre1_17G095200	0.124026
PD	young	Pbre1_02G378800	Pbre1_02G379800	0.0108662
TRD	old	Pbre1_03G319800	Pbre1_08G316800	0.436641
TRD	old	Pbre1_15G564200	Pbre1_04G392400	0.264535
TD	old	Pbre1_08G145000	Pbre1_08G145200	0.161606
TD	young	Pbre1_15G243200	Pbre1_15G243400	0.0152389
TRD	old	Pbre1_11G272400	Pbre1_06G218600	0.326471
TD	old	Pbre1_15G036200	Pbre1_15G036400	0.147436
PD	old	Pbre1_11G128200	Pbre1_11G129400	0.0556009
TRD	old	Pbre1_12G141400	Pbre1_14G048000	0.325049
TRD	young	Pbre1_10G205600	Pbre1_09G282200	0.0797308
TD	young	Pbre1_09G355800	Pbre1_09G356000	0.00952291
TD	young	Pbre1_06G056400	Pbre1_06G056600	0.109316
TD	old	Pbre1_11G435400	Pbre1_11G435600	0.404558
PD	young	Pbre1_09G158000	Pbre1_09G158600	0.0616962
TRD	old	Pbre1_05G047600	Pbre1_11G072400	0.224053
TD	old	Pbre1_04G004600	Pbre1_04G004800	0.14219
TD	old	Pbre1_08G397400	Pbre1_08G397600	0.0504634
PD	old	Pbre1_05G329800	Pbre1_05G330200	0.423647
TD	old	Pbre1_12G389800	Pbre1_12G390000	0.309221
TD	old	Pbre1_10G417000	Pbre1_10G417200	0.294631
TD	young	Pbre1_10G000200	Pbre1_10G000400	0.0168202
TRD	young	Pbre1_06G144200	Pbre1_09G289600	0.0190542
TD	young	Pbre1_05G422200	Pbre1_05G422400	0.0336998
TD	young	Pbre1_16G454000	Pbre1_16G454200	0.0493576
PD	young	Pbre1_05G437200	Pbre1_05G437600	0.00638562
TD	old	Pbre1_03G347000	Pbre1_03G347200	0.266629
PD	old	Pbre1_08G035600	Pbre1_08G036400	0.115153
TD	young	Pbre1_05G487400	Pbre1_05G487600	0.0307771
TRD	old	Pbre1_10G176800	Pbre1_05G172200	0.27119
TRD	old	Pbre1_14G248400	Pbre1_13G471000	0.158202
TRD	old	Pbre1_05G326400	Pbre1_07G453400	0.403579
PD	old	Pbre1_02G252000	Pbre1_02G252400	0.139665
TRD	old	Pbre1_09G437400	Pbre1_03G321400	0.163668
TRD	old	Pbre1_03G300000	Pbre1_11G319600	0.218332
TRD	old	Pbre1_09G382200	Pbre1_17G398200	0.425333
TRD	young	Pbre1_14G197600	Pbre1_05G324400	0.0488208
PD	old	Pbre1_06G170000	Pbre1_06G170600	0.207584
TD	old	Pbre1_09G162800	Pbre1_09G163000	0.218297
TRD	old	Pbre1_14G217200	Pbre1_06G175000	0.314785
TD	old	Pbre1_07G496000	Pbre1_07G496200	0.212488
TRD	old	Pbre1_11G179200	Pbre1_03G405600	0.232625
PD	old	Pbre1_03G080200	Pbre1_03G080600	0.145165
TRD	old	Pbre1_05G260800	Pbre1_10G254800	0.25801
TD	young	Pbre1_15G259000	Pbre1_15G259200	0.0186483
TRD	old	Pbre1_11G248000	Pbre1_03G225400	0.222641
TRD	old	Pbre1_11G430200	Pbre1_12G353800	0.172473
PD	old	Pbre1_17G185400	Pbre1_17G185800	0.419297
TD	young	Pbre1_11G132200	Pbre1_11G132400	0.0812628
PD	young	Pbre1_02G401600	Pbre1_02G402200	0.0752659
TRD	old	Pbre1_14G308000	Pbre1_06G270800	0.156565
TRD	old	Pbre1_11G136200	Pbre1_11G147200	0.113015
PD	old	Pbre1_09G228200	Pbre1_09G228800	0.139793
TD	old	Pbre1_11G017600	Pbre1_11G017800	0.212897
TRD	old	Pbre1_11G459000	Pbre1_03G424600	0.412067
TD	young	Pbre1_11G010800	Pbre1_11G011000	0.0446799
PD	young	Pbre1_11G336600	Pbre1_11G337200	0.0827575
TRD	old	Pbre1_02G490800	Pbre1_07G024000	0.22415
TD	young	Pbre1_15G584400	Pbre1_15G584600	0.0251502
TD	old	Pbre1_10G304600	Pbre1_10G304800	0.356099
PD	old	Pbre1_12G250400	Pbre1_12G250800	0.366144
PD	young	Pbre1_08G036600	Pbre1_08G037000	0.0653933
PD	young	Pbre1_15G307200	Pbre1_15G307800	0.0117676
PD	old	Pbre1_08G295200	Pbre1_08G296200	0.395434
PD	young	Pbre1_05G582400	Pbre1_05G583400	0.11109
TD	old	Pbre1_15G352600	Pbre1_15G352800	0.196427
TRD	old	Pbre1_15G323800	Pbre1_02G072800	0.165096
PD	young	Pbre1_08G308800	Pbre1_08G309200	0.101903
TRD	old	Pbre1_17G478800	Pbre1_12G311200	0.319565
PD	young	Pbre1_07G185600	Pbre1_07G186000	0.0600902
TRD	old	Pbre1_07G257800	Pbre1_12G142000	0.130515
TD	young	Pbre1_08G347000	Pbre1_08G347200	0.0633951
TD	old	Pbre1_01G401600	Pbre1_01G401800	0.307552
TRD	old	Pbre1_17G464800	Pbre1_17G101600	0.195015
PD	old	Pbre1_09G431600	Pbre1_09G432000	0.125983
TD	old	Pbre1_17G405400	Pbre1_17G405600	0.220699
PD	young	Pbre1_10G029800	Pbre1_10G030200	0.0737056
PD	young	Pbre1_03G420200	Pbre1_03G420600	0.0248699
TRD	old	Pbre1_04G094800	Pbre1_15G723200	0.0771318
TRD	old	Pbre1_16G434800	Pbre1_13G422600	0.178337
TD	young	Pbre1_10G108400	Pbre1_10G108600	0.0615436
TD	old	Pbre1_02G385600	Pbre1_02G385800	0.359018
PD	young	Pbre1_11G061000	Pbre1_11G061600	0.0989123
TRD	old	Pbre1_12G115400	Pbre1_13G353000	0.214531
PD	old	Pbre1_17G286200	Pbre1_17G287000	0.0390091
TD	old	Pbre1_05G420200	Pbre1_05G420400	0.148128
TRD	old	Pbre1_16G348000	Pbre1_13G343600	0.121329
TRD	young	Pbre1_17G503000	Pbre1_16G372600	0.053873
TD	young	Pbre1_14G174600	Pbre1_14G174800	0.0761576
TD	old	Pbre1_06G380600	Pbre1_06G380800	0.138708
TRD	old	Pbre1_02G061800	Pbre1_09G072200	0.240305
TRD	old	Pbre1_17G250600	Pbre1_14G189400	0.213211
TD	old	Pbre1_03G104400	Pbre1_03G104600	0.16525
TD	old	Pbre1_13G159200	Pbre1_13G159400	0.168231
TD	young	Pbre1_17G476000	Pbre1_17G476200	0.0337571
TD	young	Pbre1_17G186800	Pbre1_17G187000	0.0175064
PD	old	Pbre1_10G435600	Pbre1_10G436200	0.289545
TD	young	Pbre1_03G187600	Pbre1_03G187800	0.0350937
PD	young	Pbre1_02G486600	Pbre1_02G487200	0.0657243
TD	old	Pbre1_06G102600	Pbre1_06G102800	0.14825
PD	old	Pbre1_09G211400	Pbre1_09G212000	0.152795
TD	young	Pbre1_14G268400	Pbre1_14G268600	0.00309219
PD	old	Pbre1_15G127200	Pbre1_15G127800	0.0203758
TD	old	Pbre1_12G157200	Pbre1_12G157400	0.352426
PD	old	Pbre1_02G172800	Pbre1_02G173200	0.143701
TRD	old	Pbre1_07G155800	Pbre1_02G346600	0.169211
TRD	old	Pbre1_12G273400	Pbre1_02G375600	0.136305
TD	young	Pbre1_04G378800	Pbre1_04G379000	0.0939103
PD	old	Pbre1_02G339600	Pbre1_02G340200	0.164239
TD	young	Pbre1_07G040000	Pbre1_07G040200	0.0611735
TD	young	Pbre1_08G255600	Pbre1_08G255800	0.0193889
TD	old	Pbre1_16G334000	Pbre1_16G334200	0.255997
TD	old	Pbre1_09G032400	Pbre1_09G032600	0.259532
PD	young	Pbre1_01G325800	Pbre1_01G326600	0.0839395
PD	old	Pbre1_01G197400	Pbre1_01G197800	0.198617
TRD	old	Pbre1_17G493600	Pbre1_15G257400	0.412231
PD	old	Pbre1_17G453800	Pbre1_17G454200	0.205961
TD	old	Pbre1_01G192000	Pbre1_01G192200	0.0497502
TRD	old	Pbre1_14G092400	Pbre1_04G165400	0.441979
TD	old	Pbre1_09G337400	Pbre1_09G337600	0.470636
TD	old	Pbre1_10G567600	Pbre1_10G567800	0.268737
TD	young	Pbre1_11G152400	Pbre1_11G152600	0.0912355
TRD	old	Pbre1_15G687000	Pbre1_16G018800	0.469807
TRD	young	Pbre1_13G439600	Pbre1_05G152400	0.00484745
TRD	old	Pbre1_09G073800	Pbre1_12G266600	0.127964
PD	young	Pbre1_02G452200	Pbre1_02G453000	0.0260433
PD	old	Pbre1_11G398800	Pbre1_11G400400	0.167082
PD	old	Pbre1_17G468600	Pbre1_17G469200	0.223799
TD	young	Pbre1_10G208200	Pbre1_10G208400	0.0591046
TD	old	Pbre1_15G468000	Pbre1_15G468200	0.341154
TRD	old	Pbre1_05G465400	Pbre1_10G438800	0.160942
TD	young	Pbre1_10G436800	Pbre1_10G437000	0.0750201
TRD	old	Pbre1_03G009800	Pbre1_14G068200	0.354974
TD	old	Pbre1_02G044200	Pbre1_02G044400	0.206467
TRD	old	Pbre1_16G440400	Pbre1_11G157600	0.245181
TRD	old	Pbre1_03G340600	Pbre1_03G288600	0.229948
TRD	old	Pbre1_03G148800	Pbre1_16G165200	0.223781
TRD	old	Pbre1_10G220000	Pbre1_05G219000	0.292756
TD	young	Pbre1_11G406600	Pbre1_11G406800	0.0556929
PD	young	Pbre1_16G145200	Pbre1_16G145600	0.0664215
TRD	young	Pbre1_12G119800	Pbre1_13G471000	0.0274887
PD	young	Pbre1_17G210200	Pbre1_17G211000	0.0411498
TRD	young	Pbre1_07G131000	Pbre1_05G107400	0.0216034
TD	old	Pbre1_01G336400	Pbre1_01G336600	0.13411
TD	old	Pbre1_07G161600	Pbre1_07G161800	0.124729
TD	old	Pbre1_09G268000	Pbre1_09G268200	0.355941
TRD	old	Pbre1_15G378800	Pbre1_13G273800	0.130132
PD	old	Pbre1_07G389800	Pbre1_07G390400	0.145188
TD	old	Pbre1_09G155000	Pbre1_09G155200	0.168955
PD	young	Pbre1_17G490800	Pbre1_17G492000	0.0819298
TRD	old	Pbre1_09G303400	Pbre1_14G084000	0.198364
TD	old	Pbre1_08G396000	Pbre1_08G396200	0.150225
PD	old	Pbre1_08G333600	Pbre1_08G334200	0.0915614
TRD	old	Pbre1_15G708000	Pbre1_17G272200	0.419458
TRD	old	Pbre1_09G383400	Pbre1_17G459000	0.14281
TD	young	Pbre1_14G371200	Pbre1_14G371400	0.0390445
TRD	young	Pbre1_16G435200	Pbre1_16G480000	0.0336694
TRD	young	Pbre1_08G177000	Pbre1_08G185800	0.103275
PD	old	Pbre1_06G132000	Pbre1_06G132400	0.0782328
PD	old	Pbre1_04G054000	Pbre1_04G054800	0.170642
TD	young	Pbre1_02G443200	Pbre1_02G443400	0.0584217
TD	old	Pbre1_15G267400	Pbre1_15G267600	0.141273
TRD	old	Pbre1_11G430000	Pbre1_11G442200	0.21551
TD	young	Pbre1_05G256600	Pbre1_05G256800	0.0866954
TRD	old	Pbre1_17G426400	Pbre1_12G440600	0.388356
PD	old	Pbre1_05G263800	Pbre1_05G264800	0.364063
TD	old	Pbre1_05G446400	Pbre1_05G446600	0.315035
TD	old	Pbre1_04G070400	Pbre1_04G070600	0.114841
TRD	old	Pbre1_02G420600	Pbre1_05G060000	0.153389
TRD	old	Pbre1_10G459400	Pbre1_05G486400	0.423853
TD	young	Pbre1_02G179200	Pbre1_02G179400	0.106232
TRD	old	Pbre1_06G056200	Pbre1_15G294000	0.194521
TRD	old	Pbre1_09G478200	Pbre1_14G339800	0.210497
PD	old	Pbre1_07G312800	Pbre1_07G313400	0.255799
PD	old	Pbre1_09G440600	Pbre1_09G441000	0.135777
TRD	old	Pbre1_07G148000	Pbre1_14G193400	0.239551
TD	young	Pbre1_07G091800	Pbre1_07G092000	0.0978219
TRD	old	Pbre1_15G772200	Pbre1_08G404000	0.227082
PD	young	Pbre1_01G216600	Pbre1_01G217000	0.110266
TRD	old	Pbre1_10G059400	Pbre1_05G059000	0.115764
TRD	old	Pbre1_06G096800	Pbre1_08G114600	0.206383
PD	old	Pbre1_11G454200	Pbre1_11G454600	0.448372
TD	young	Pbre1_10G281400	Pbre1_10G281600	0.0107361
TRD	old	Pbre1_17G265400	Pbre1_08G043600	0.248019
TRD	young	Pbre1_03G412400	Pbre1_02G006400	0.11104
TRD	old	Pbre1_15G556400	Pbre1_16G353400	0.388011
TRD	old	Pbre1_12G110800	Pbre1_12G185600	0.458439
TRD	young	Pbre1_05G107200	Pbre1_09G209800	0.090675
PD	old	Pbre1_17G487200	Pbre1_17G487600	0.148432
TD	young	Pbre1_03G332000	Pbre1_03G332200	0.0224573
TRD	old	Pbre1_03G095400	Pbre1_14G026600	0.185238
PD	young	Pbre1_02G396800	Pbre1_02G397600	0.0123412
TRD	old	Pbre1_09G142400	Pbre1_05G035200	0.182658
TD	old	Pbre1_17G094400	Pbre1_17G094600	0.252281
PD	old	Pbre1_12G083000	Pbre1_12G083600	0.265814
PD	old	Pbre1_08G378200	Pbre1_08G379800	0.416509
PD	old	Pbre1_09G424800	Pbre1_09G425200	0.189914
PD	young	Pbre1_05G273800	Pbre1_05G274200	0.0628232
TD	young	Pbre1_01G113200	Pbre1_01G113400	0.0924655
TD	young	Pbre1_07G243200	Pbre1_07G243400	0.0930901
TRD	old	Pbre1_13G454000	Pbre1_04G074000	0.19351
PD	young	Pbre1_01G418200	Pbre1_01G418600	0.0995259
TD	young	Pbre1_08G366600	Pbre1_08G366800	0.0428929
TD	old	Pbre1_03G198800	Pbre1_03G199000	0.390163
TD	old	Pbre1_11G146200	Pbre1_11G146400	0.361448
TD	old	Pbre1_06G307400	Pbre1_06G307600	0.196009
TD	old	Pbre1_06G177600	Pbre1_06G177800	0.403293
TD	old	Pbre1_07G331400	Pbre1_07G331600	0.229168
TRD	old	Pbre1_07G132600	Pbre1_02G364600	0.342159
TD	young	Pbre1_07G108600	Pbre1_07G108800	0.0437138
TD	young	Pbre1_11G051800	Pbre1_11G052000	0.0683826
TRD	old	Pbre1_02G298400	Pbre1_11G316600	0.268953
TD	old	Pbre1_09G241800	Pbre1_09G242000	0.0331755
PD	young	Pbre1_13G266400	Pbre1_13G266800	0.0576783
TD	young	Pbre1_09G162400	Pbre1_09G162600	0.0961837
TD	young	Pbre1_12G404000	Pbre1_12G404200	0.0386478
TRD	old	Pbre1_07G409000	Pbre1_01G333200	0.265468
TD	young	Pbre1_05G327000	Pbre1_05G327200	0.0570718
TD	young	Pbre1_06G360400	Pbre1_06G360600	0.0498293
TD	young	Pbre1_07G013000	Pbre1_07G013200	0.0764904
PD	young	Pbre1_07G172000	Pbre1_07G172400	0.00987706
TRD	old	Pbre1_15G635400	Pbre1_02G337200	0.279719
TRD	old	Pbre1_17G323000	Pbre1_04G081200	0.124533
TD	old	Pbre1_17G161800	Pbre1_17G162000	0.186912
TRD	young	Pbre1_12G012200	Pbre1_16G102400	0.0968349
TD	young	Pbre1_04G098000	Pbre1_04G098200	0.0574764
TRD	old	Pbre1_13G339200	Pbre1_09G106000	0.28036
TD	old	Pbre1_03G403800	Pbre1_03G404000	0.12961
TD	young	Pbre1_14G446200	Pbre1_14G446400	0.0771588
TD	old	Pbre1_17G153600	Pbre1_17G153800	0.0373267
TRD	old	Pbre1_14G099200	Pbre1_12G105000	0.205808
PD	old	Pbre1_03G238600	Pbre1_03G239200	0.22535
PD	old	Pbre1_10G424600	Pbre1_10G425400	0.0504337
PD	young	Pbre1_11G100600	Pbre1_11G101800	0.053624
PD	young	Pbre1_14G165400	Pbre1_14G167200	0.0743095
PD	old	Pbre1_17G099600	Pbre1_17G100000	0.127734
TRD	old	Pbre1_08G133000	Pbre1_09G087800	0.259575
TRD	old	Pbre1_13G347200	Pbre1_16G351400	0.184671
PD	old	Pbre1_07G420000	Pbre1_07G420600	0.193403
TD	old	Pbre1_16G037600	Pbre1_16G037800	0.236964
TD	old	Pbre1_10G127400	Pbre1_10G127600	0.379512
PD	young	Pbre1_07G141200	Pbre1_07G141800	0.0422948
TD	old	Pbre1_15G185400	Pbre1_15G185600	0.371947
TD	young	Pbre1_15G705200	Pbre1_15G705400	0.0279787
TRD	young	Pbre1_10G182200	Pbre1_07G392400	0.0168947
TRD	old	Pbre1_15G320600	Pbre1_07G137200	0.179971
PD	old	Pbre1_07G459800	Pbre1_07G460200	0.340897
PD	young	Pbre1_07G042800	Pbre1_07G043600	0.0360228
TRD	old	Pbre1_04G087400	Pbre1_11G462600	0.353341
TRD	old	Pbre1_16G124600	Pbre1_16G213000	0.12687
TD	young	Pbre1_12G411200	Pbre1_12G411400	0.0645218
TD	old	Pbre1_13G101600	Pbre1_13G101800	0.388726
TRD	old	Pbre1_10G200600	Pbre1_09G473800	0.283906
TD	young	Pbre1_07G108200	Pbre1_07G108400	0.0492166
TRD	young	Pbre1_14G086800	Pbre1_14G268400	0.0349358
TRD	old	Pbre1_12G284400	Pbre1_14G006800	0.286646
PD	old	Pbre1_03G191200	Pbre1_03G191600	0.171282
TRD	old	Pbre1_12G270400	Pbre1_11G528600	0.44401
TRD	old	Pbre1_12G139200	Pbre1_11G302800	0.121291
TRD	old	Pbre1_04G392000	Pbre1_12G417600	0.165783
TRD	old	Pbre1_10G108200	Pbre1_03G314400	0.121696
TD	young	Pbre1_09G274400	Pbre1_09G274600	0.0934605
TD	old	Pbre1_17G204000	Pbre1_17G204200	0.130967
TD	old	Pbre1_15G778000	Pbre1_15G778200	0.25554
TD	old	Pbre1_11G439000	Pbre1_11G439200	0.341782
TRD	old	Pbre1_10G448000	Pbre1_05G474200	0.247911
TRD	old	Pbre1_11G389600	Pbre1_03G023000	0.457378
TD	old	Pbre1_08G314000	Pbre1_08G314200	0.133005
TD	young	Pbre1_15G729000	Pbre1_15G729200	0.0570446
PD	old	Pbre1_03G027800	Pbre1_03G028200	0.447586
TRD	old	Pbre1_12G088200	Pbre1_14G088200	0.155726
TRD	old	Pbre1_08G222200	Pbre1_05G199400	0.200663
PD	old	Pbre1_02G487000	Pbre1_02G488000	0.197151
TD	old	Pbre1_10G485600	Pbre1_10G485800	0.146422
PD	young	Pbre1_01G325200	Pbre1_01G326800	0.019072
PD	old	Pbre1_02G271400	Pbre1_02G272200	0.0889004
TRD	old	Pbre1_07G019200	Pbre1_13G131600	0.397288
TRD	old	Pbre1_11G142000	Pbre1_04G035600	0.44326
TRD	old	Pbre1_11G244800	Pbre1_11G314200	0.10095
PD	old	Pbre1_13G479200	Pbre1_13G479600	0.245457
TRD	old	Pbre1_02G012600	Pbre1_15G263800	0.129906
TRD	old	Pbre1_04G198800	Pbre1_04G201400	0.118575
TRD	old	Pbre1_04G095200	Pbre1_03G297200	0.160734
TRD	old	Pbre1_14G140600	Pbre1_12G136600	0.384179
TRD	old	Pbre1_17G413200	Pbre1_07G264600	0.201354
PD	old	Pbre1_10G107800	Pbre1_10G108400	0.117664
TD	old	Pbre1_05G257000	Pbre1_05G257200	0.256712
PD	young	Pbre1_02G437000	Pbre1_02G438000	0.107701
TD	old	Pbre1_14G094000	Pbre1_14G094200	0.367448
TD	young	Pbre1_07G156400	Pbre1_07G156600	0.109984
PD	old	Pbre1_14G406600	Pbre1_14G407000	0.0220091
TD	old	Pbre1_15G719400	Pbre1_15G719600	0.16541
PD	young	Pbre1_04G390200	Pbre1_04G391200	0.020236
PD	young	Pbre1_13G484800	Pbre1_13G485400	0.0232613
TD	old	Pbre1_05G470400	Pbre1_05G470600	0.24963
TRD	old	Pbre1_13G379200	Pbre1_16G381600	0.174074
TRD	old	Pbre1_13G360000	Pbre1_16G361200	0.14803
TD	old	Pbre1_04G131000	Pbre1_04G131200	0.34314
TRD	old	Pbre1_14G210400	Pbre1_04G411200	0.223572
TD	old	Pbre1_10G050000	Pbre1_10G050200	0.405081
TRD	old	Pbre1_12G377200	Pbre1_01G344600	0.385692
TRD	old	Pbre1_09G179800	Pbre1_09G184000	0.349523
PD	old	Pbre1_10G188800	Pbre1_10G189400	0.120413
PD	young	Pbre1_15G171800	Pbre1_15G172600	0.0546781
TD	old	Pbre1_11G152200	Pbre1_11G152400	0.130543
TRD	young	Pbre1_10G501600	Pbre1_13G212800	0.0136396
PD	old	Pbre1_05G504800	Pbre1_05G505200	0.165255
TRD	old	Pbre1_01G185000	Pbre1_09G283400	0.164273
TD	old	Pbre1_07G476000	Pbre1_07G476200	0.458164
PD	old	Pbre1_05G203000	Pbre1_05G203600	0.306401
TRD	old	Pbre1_02G467800	Pbre1_12G084200	0.217676
TRD	old	Pbre1_10G358200	Pbre1_05G378600	0.389177
PD	young	Pbre1_03G297200	Pbre1_03G297800	0.0611665
PD	old	Pbre1_15G030600	Pbre1_15G031000	0.0851124
PD	old	Pbre1_11G034800	Pbre1_11G035200	0.395764
TD	old	Pbre1_10G032600	Pbre1_10G032800	0.125559
TRD	old	Pbre1_03G427800	Pbre1_11G462600	0.422332
PD	old	Pbre1_02G376000	Pbre1_02G377200	0.0264964
TRD	young	Pbre1_13G445800	Pbre1_05G429600	0.0131241
TRD	old	Pbre1_04G249200	Pbre1_12G282400	0.320163
TD	old	Pbre1_02G249000	Pbre1_02G249200	0.290061
TRD	old	Pbre1_01G034200	Pbre1_12G069000	0.23269
TD	old	Pbre1_02G424600	Pbre1_02G424800	0.375844
TD	old	Pbre1_07G392800	Pbre1_07G393000	0.221809
TRD	old	Pbre1_07G246000	Pbre1_04G235800	0.303922
TD	young	Pbre1_10G193200	Pbre1_10G193400	0.0561164
PD	young	Pbre1_01G200200	Pbre1_01G199600	0.0736847
PD	young	Pbre1_03G021200	Pbre1_03G021800	0.108105
TRD	old	Pbre1_15G607000	Pbre1_08G129200	0.433256
TRD	young	Pbre1_15G599800	Pbre1_15G007200	0.0401994
TD	old	Pbre1_11G452800	Pbre1_11G453000	0.155804
TD	young	Pbre1_05G553000	Pbre1_05G553200	0.0567168
PD	old	Pbre1_08G113800	Pbre1_08G114400	0.197303
TD	young	Pbre1_05G552600	Pbre1_05G552800	0.0346582
TD	old	Pbre1_15G229600	Pbre1_15G229800	0.271928
TRD	young	Pbre1_04G113200	Pbre1_17G012400	0.103189
PD	old	Pbre1_01G145400	Pbre1_01G145800	0.235544
TD	young	Pbre1_05G029000	Pbre1_05G029200	0.0694684
TD	old	Pbre1_09G435200	Pbre1_09G435400	0.0710177
TRD	old	Pbre1_07G229200	Pbre1_15G252600	0.431739
TRD	old	Pbre1_04G132600	Pbre1_07G353800	0.143189
TD	old	Pbre1_14G169200	Pbre1_14G169400	0.159192
PD	old	Pbre1_04G226800	Pbre1_04G227200	0.173517
PD	young	Pbre1_15G514800	Pbre1_15G515400	0.06517
PD	young	Pbre1_05G227000	Pbre1_05G227800	0.0077448
TRD	old	Pbre1_01G022200	Pbre1_15G390800	0.424463
PD	old	Pbre1_10G512600	Pbre1_10G513200	0.143598
PD	old	Pbre1_02G092000	Pbre1_02G092600	0.130225
TD	old	Pbre1_02G178800	Pbre1_02G179000	0.385006
TD	young	Pbre1_05G553200	Pbre1_05G553400	0.0287012
TD	old	Pbre1_11G027800	Pbre1_11G028000	0.236263
TRD	old	Pbre1_06G141800	Pbre1_17G294200	0.217362
TRD	old	Pbre1_07G440200	Pbre1_01G367400	0.226329
PD	young	Pbre1_01G327400	Pbre1_01G327800	0.0492863
PD	old	Pbre1_11G500800	Pbre1_11G501200	0.113163
PD	young	Pbre1_10G572400	Pbre1_10G572800	0.0153079
TRD	young	Pbre1_06G112400	Pbre1_10G161600	0.0097937
TD	old	Pbre1_04G029200	Pbre1_04G029400	0.16061
TRD	old	Pbre1_15G250200	Pbre1_08G415200	0.417725
PD	old	Pbre1_16G062200	Pbre1_16G062600	0.267829
PD	old	Pbre1_05G274000	Pbre1_05G274400	0.181625
PD	young	Pbre1_07G389600	Pbre1_07G390200	0.0566932
TD	old	Pbre1_11G090000	Pbre1_11G090200	0.151641
TRD	old	Pbre1_15G372600	Pbre1_07G454000	0.343607
PD	young	Pbre1_07G049000	Pbre1_07G049800	0.00543117
PD	young	Pbre1_08G179200	Pbre1_08G179800	0.078143
TRD	old	Pbre1_07G131400	Pbre1_02G366800	0.166288
TD	old	Pbre1_09G300400	Pbre1_09G300600	0.319623
PD	old	Pbre1_11G031800	Pbre1_11G032400	0.118345
PD	old	Pbre1_03G195800	Pbre1_03G196200	0.0577979
TD	old	Pbre1_11G290200	Pbre1_11G290400	0.119873
TD	old	Pbre1_13G269600	Pbre1_13G269800	0.278249
PD	old	Pbre1_14G148400	Pbre1_14G148800	0.167028
TD	old	Pbre1_08G050800	Pbre1_08G051000	0.121697
PD	young	Pbre1_09G228600	Pbre1_09G229000	0.0193
PD	young	Pbre1_13G336400	Pbre1_13G337000	0.0648053
TRD	old	Pbre1_12G256000	Pbre1_15G286600	0.331312
PD	old	Pbre1_13G450000	Pbre1_13G450400	0.15219
TRD	old	Pbre1_16G460800	Pbre1_13G018800	0.471406
PD	old	Pbre1_04G389800	Pbre1_04G390600	0.142326
PD	young	Pbre1_16G045000	Pbre1_16G045600	0.0952086
TRD	young	Pbre1_14G110200	Pbre1_11G507600	0.0923315
PD	old	Pbre1_07G325200	Pbre1_07G325600	0.206359
TD	old	Pbre1_10G424200	Pbre1_10G424400	0.123854
PD	old	Pbre1_01G155600	Pbre1_01G156200	0.278397
PD	young	Pbre1_05G432200	Pbre1_05G432800	0.0313198
TRD	old	Pbre1_17G166400	Pbre1_11G198400	0.198811
TD	old	Pbre1_07G024600	Pbre1_07G024800	0.226956
PD	old	Pbre1_11G126600	Pbre1_11G128200	0.103596
TRD	old	Pbre1_03G461200	Pbre1_10G173400	0.442121
TD	old	Pbre1_02G487200	Pbre1_02G487400	0.382206
TRD	old	Pbre1_05G603800	Pbre1_10G592200	0.129322
TRD	old	Pbre1_12G078800	Pbre1_17G272200	0.227785
PD	old	Pbre1_11G336400	Pbre1_11G337000	0.237046
TD	old	Pbre1_04G231600	Pbre1_04G231800	0.195514
TD	old	Pbre1_03G138000	Pbre1_03G138200	0.116933
TRD	old	Pbre1_15G002600	Pbre1_08G005000	0.0826306
TRD	old	Pbre1_16G458600	Pbre1_06G066800	0.353977
TRD	old	Pbre1_06G256400	Pbre1_04G265600	0.213055
TRD	young	Pbre1_10G061400	Pbre1_15G762200	0.0626473
PD	old	Pbre1_14G080600	Pbre1_14G081400	0.47246
PD	old	Pbre1_01G118800	Pbre1_01G119200	0.283945
PD	young	Pbre1_03G198200	Pbre1_03G198600	0.0421461
TRD	old	Pbre1_15G713000	Pbre1_15G726800	0.148471
PD	young	Pbre1_13G464200	Pbre1_13G465400	0.0141488
TD	young	Pbre1_03G053800	Pbre1_03G054000	0.0899178
TRD	old	Pbre1_07G039000	Pbre1_01G434000	0.217614
TRD	old	Pbre1_03G016000	Pbre1_12G353800	0.419915
PD	old	Pbre1_10G020200	Pbre1_10G020600	0.424316
TRD	old	Pbre1_12G263400	Pbre1_04G228400	0.158511
TRD	old	Pbre1_03G385800	Pbre1_05G413800	0.3881
PD	old	Pbre1_02G495000	Pbre1_02G495400	0.136562
TD	young	Pbre1_06G185800	Pbre1_06G186000	0.0933142
TD	old	Pbre1_02G464000	Pbre1_02G464200	0.0945716
TD	old	Pbre1_07G254600	Pbre1_07G254800	0.324025
TD	young	Pbre1_17G291200	Pbre1_17G291400	0.103852
TRD	old	Pbre1_15G579800	Pbre1_01G075600	0.195537
TD	young	Pbre1_01G107000	Pbre1_01G107200	0.0107486
TD	old	Pbre1_16G023200	Pbre1_16G023400	0.137309
TD	old	Pbre1_15G493600	Pbre1_15G493800	0.345872
TRD	old	Pbre1_06G128800	Pbre1_04G119000	0.189769
TD	old	Pbre1_16G224800	Pbre1_16G225000	0.334766
TD	young	Pbre1_02G457000	Pbre1_02G457200	0.0378161
PD	young	Pbre1_17G116600	Pbre1_17G117200	0.0268068
PD	young	Pbre1_04G061600	Pbre1_04G062400	0.0388991
TD	old	Pbre1_04G231200	Pbre1_04G231400	0.345435
TD	old	Pbre1_15G347400	Pbre1_15G347600	0.395469
TRD	old	Pbre1_12G202000	Pbre1_07G377000	0.43429
TD	old	Pbre1_09G188800	Pbre1_09G189000	0.321296
TRD	young	Pbre1_06G149800	Pbre1_02G265000	0.0764135
PD	old	Pbre1_10G027800	Pbre1_10G028800	0.112945
PD	young	Pbre1_09G198200	Pbre1_09G198600	0.0197355
TD	old	Pbre1_05G038800	Pbre1_05G039000	0.123396
TD	young	Pbre1_04G017400	Pbre1_04G017600	0.0514293
TRD	old	Pbre1_14G289800	Pbre1_06G249800	0.370356
TD	old	Pbre1_10G357200	Pbre1_10G357400	0.218273
PD	old	Pbre1_05G231800	Pbre1_05G232400	0.458031
TRD	old	Pbre1_13G227400	Pbre1_04G056400	0.141913
PD	old	Pbre1_09G460000	Pbre1_09G460400	0.215872
PD	old	Pbre1_04G130800	Pbre1_04G131200	0.284152
PD	young	Pbre1_12G423800	Pbre1_12G424400	0.0828755
PD	old	Pbre1_15G733600	Pbre1_15G734400	0.160721
TRD	old	Pbre1_07G020200	Pbre1_02G494200	0.16275
TD	old	Pbre1_01G294600	Pbre1_01G294800	0.207103
TRD	old	Pbre1_09G002400	Pbre1_17G002200	0.152985
TRD	old	Pbre1_09G025200	Pbre1_16G129400	0.23443
TD	young	Pbre1_12G411400	Pbre1_12G411600	0.0610868
PD	old	Pbre1_07G068200	Pbre1_07G069800	0.077381
PD	old	Pbre1_09G022200	Pbre1_09G022600	0.206248
TRD	old	Pbre1_09G247200	Pbre1_17G240400	0.309257
TRD	old	Pbre1_17G460800	Pbre1_17G481000	0.372825
TD	old	Pbre1_01G198000	Pbre1_01G198200	0.290475
PD	young	Pbre1_02G455600	Pbre1_02G456000	0.0836208
PD	old	Pbre1_05G409000	Pbre1_05G409400	0.285572
TD	old	Pbre1_04G292200	Pbre1_04G292400	0.129332
TRD	young	Pbre1_07G475600	Pbre1_16G353200	0.111424
TD	old	Pbre1_04G252400	Pbre1_04G252600	0.13375
TD	old	Pbre1_09G182800	Pbre1_09G183000	0.134473
PD	old	Pbre1_11G148400	Pbre1_11G149200	0.160159
TD	young	Pbre1_08G236400	Pbre1_08G236600	0.00785092
PD	old	Pbre1_11G127600	Pbre1_11G129200	0.0291755
TD	old	Pbre1_07G062400	Pbre1_07G062600	0.417641
TD	old	Pbre1_11G018600	Pbre1_11G018800	0.162851
TRD	old	Pbre1_09G204600	Pbre1_17G198000	0.394873
PD	young	Pbre1_05G038000	Pbre1_05G038800	0.065101
TD	young	Pbre1_16G350400	Pbre1_16G350600	0.0505411
TRD	old	Pbre1_11G136000	Pbre1_15G330000	0.190543
TRD	old	Pbre1_11G241800	Pbre1_03G221000	0.397853
TRD	old	Pbre1_03G148800	Pbre1_13G158000	0.341684
PD	young	Pbre1_03G152800	Pbre1_03G153200	0.0554157
TD	old	Pbre1_16G423600	Pbre1_16G423800	0.346208
TD	old	Pbre1_02G041600	Pbre1_02G041800	0.183999
TRD	old	Pbre1_04G247600	Pbre1_05G105400	0.27471
PD	young	Pbre1_03G196000	Pbre1_03G196400	0.0214308
TRD	young	Pbre1_14G217600	Pbre1_15G539000	0.0356752
TD	old	Pbre1_14G136000	Pbre1_14G136200	0.227775
TRD	old	Pbre1_03G068400	Pbre1_15G110600	0.334152
PD	old	Pbre1_16G422800	Pbre1_16G423600	0.183974
TRD	old	Pbre1_15G706200	Pbre1_11G107400	0.222119
PD	young	Pbre1_05G299000	Pbre1_05G300000	0.0135473
TD	young	Pbre1_15G702200	Pbre1_15G702400	0.0841382
PD	old	Pbre1_06G310400	Pbre1_06G310800	0.256126
TD	young	Pbre1_08G320000	Pbre1_08G320200	0.0534218
PD	old	Pbre1_11G490800	Pbre1_11G492000	0.349483
PD	old	Pbre1_10G562000	Pbre1_10G562400	0.460884
TRD	old	Pbre1_14G190200	Pbre1_06G148200	0.215314
TRD	old	Pbre1_13G448600	Pbre1_04G081800	0.165681
PD	old	Pbre1_02G439400	Pbre1_02G440000	0.142181
TD	old	Pbre1_09G055400	Pbre1_09G055600	0.461922
TD	old	Pbre1_13G357400	Pbre1_13G357600	0.393671
TD	young	Pbre1_03G068000	Pbre1_03G068200	0.0862746
TRD	old	Pbre1_02G298800	Pbre1_11G317000	0.18069
PD	old	Pbre1_03G242400	Pbre1_03G243200	0.331899
TRD	old	Pbre1_10G282000	Pbre1_05G287400	0.160179
TD	old	Pbre1_03G164800	Pbre1_03G165000	0.114814
TRD	old	Pbre1_11G265200	Pbre1_02G315600	0.26351
TD	old	Pbre1_05G413600	Pbre1_05G413800	0.433589
TD	old	Pbre1_02G279800	Pbre1_02G280000	0.241236
PD	old	Pbre1_13G275000	Pbre1_13G275400	0.153413
TD	young	Pbre1_11G149200	Pbre1_11G149400	0.0886278
PD	old	Pbre1_01G200200	Pbre1_01G199800	0.131088
TD	young	Pbre1_11G372200	Pbre1_11G372400	0.0142507
TRD	old	Pbre1_15G057400	Pbre1_11G198400	0.229178
TRD	old	Pbre1_09G451200	Pbre1_16G155400	0.197116
TD	old	Pbre1_02G398200	Pbre1_02G398400	0.126217
TD	young	Pbre1_17G357600	Pbre1_17G357800	0.0616105
TD	old	Pbre1_17G445800	Pbre1_17G446000	0.0970013
TD	young	Pbre1_06G007000	Pbre1_06G007200	0.0734828
TD	old	Pbre1_14G240000	Pbre1_14G240200	0.401741
PD	old	Pbre1_05G273600	Pbre1_05G274000	0.308343
PD	old	Pbre1_15G106000	Pbre1_15G106800	0.184808
PD	young	Pbre1_11G422800	Pbre1_11G423600	0.0517392
TRD	old	Pbre1_02G487800	Pbre1_15G539000	0.113394
TD	old	Pbre1_15G284200	Pbre1_15G284400	0.378394
TD	young	Pbre1_11G027400	Pbre1_11G027600	0.0427633
TD	old	Pbre1_01G130000	Pbre1_01G130200	0.164776
PD	young	Pbre1_16G455600	Pbre1_16G456000	0.0668045
PD	young	Pbre1_09G183400	Pbre1_09G184600	0.0711709
TRD	old	Pbre1_14G087000	Pbre1_12G086800	0.227514
PD	old	Pbre1_12G329400	Pbre1_12G329800	0.34459
PD	young	Pbre1_05G130200	Pbre1_05G130600	0.0411029
TRD	old	Pbre1_03G291600	Pbre1_17G390800	0.151415
TD	old	Pbre1_12G253200	Pbre1_12G253400	0.390723
PD	young	Pbre1_01G107200	Pbre1_01G107600	0.0804056
TRD	old	Pbre1_02G435400	Pbre1_03G046600	0.428968
TD	old	Pbre1_17G266200	Pbre1_17G266400	0.333058
TD	old	Pbre1_09G278600	Pbre1_09G278800	0.146862
PD	old	Pbre1_03G198600	Pbre1_03G199200	0.122675
PD	old	Pbre1_16G097600	Pbre1_16G098000	0.234794
PD	young	Pbre1_04G041600	Pbre1_04G042000	0.0359311
TRD	old	Pbre1_12G141000	Pbre1_12G061000	0.155532
PD	old	Pbre1_15G719200	Pbre1_15G719600	0.1646
TRD	old	Pbre1_03G392200	Pbre1_11G418200	0.392372
TRD	old	Pbre1_14G274000	Pbre1_15G131400	0.233476
TD	young	Pbre1_07G083800	Pbre1_07G084000	0.0094742
TRD	young	Pbre1_16G436000	Pbre1_16G481000	0.0640841
TD	young	Pbre1_05G371000	Pbre1_05G371200	0.0702637
TRD	young	Pbre1_06G347600	Pbre1_13G212800	0.0420418
TD	young	Pbre1_06G031600	Pbre1_06G031800	0.0638442
PD	old	Pbre1_05G049200	Pbre1_05G049800	0.36199
TD	old	Pbre1_03G285400	Pbre1_03G285600	0.393747
TRD	old	Pbre1_12G198400	Pbre1_04G162000	0.35537
PD	young	Pbre1_07G316800	Pbre1_07G317200	0.0693917
TD	young	Pbre1_10G352400	Pbre1_10G352600	0.0967656
TD	old	Pbre1_10G465400	Pbre1_10G465600	0.350887
TRD	old	Pbre1_08G039800	Pbre1_15G034400	0.230375
TD	young	Pbre1_03G036400	Pbre1_03G036600	0.0394686
TD	old	Pbre1_05G248200	Pbre1_05G248400	0.391158
TD	young	Pbre1_12G370000	Pbre1_12G370200	0.0949668
TRD	old	Pbre1_08G273000	Pbre1_15G625600	0.21945
TRD	old	Pbre1_13G279200	Pbre1_16G282400	0.285648
PD	young	Pbre1_05G245800	Pbre1_05G246400	0.112085
TRD	old	Pbre1_15G545200	Pbre1_14G352600	0.232325
TRD	old	Pbre1_05G165800	Pbre1_10G169400	0.255159
PD	young	Pbre1_13G042600	Pbre1_13G043200	0.10046
TRD	old	Pbre1_03G229000	Pbre1_10G105200	0.315558
TD	young	Pbre1_06G054000	Pbre1_06G054200	0.0922855
TRD	old	Pbre1_06G134600	Pbre1_17G148400	0.45503
PD	old	Pbre1_10G156800	Pbre1_10G157200	0.435687
TD	old	Pbre1_08G137400	Pbre1_08G137600	0.113193
PD	young	Pbre1_08G090400	Pbre1_08G090800	0.0570573
PD	old	Pbre1_11G031400	Pbre1_11G032800	0.149855
TD	old	Pbre1_16G185600	Pbre1_16G185800	0.33655
PD	young	Pbre1_06G155400	Pbre1_06G155800	0.10696
PD	old	Pbre1_02G485600	Pbre1_02G486000	0.195173
TD	old	Pbre1_06G186800	Pbre1_06G187000	0.11848
TD	old	Pbre1_14G133800	Pbre1_14G134000	0.143822
TD	young	Pbre1_11G112800	Pbre1_11G113000	0.0921502
PD	young	Pbre1_17G222800	Pbre1_17G223200	0.0804162
TRD	old	Pbre1_14G056200	Pbre1_03G193600	0.330067
TRD	old	Pbre1_11G419600	Pbre1_03G408600	0.380381
TRD	old	Pbre1_10G363200	Pbre1_05G384200	0.122463
TD	young	Pbre1_03G205200	Pbre1_03G205400	0.0587325
TD	old	Pbre1_13G179800	Pbre1_13G180000	0.317107
TRD	old	Pbre1_16G409400	Pbre1_13G402200	0.222452
TD	old	Pbre1_04G235000	Pbre1_04G235200	0.454344
PD	young	Pbre1_13G350600	Pbre1_13G351000	0.0772019
TD	young	Pbre1_14G100000	Pbre1_14G100200	0.0991839
TRD	old	Pbre1_09G028000	Pbre1_17G028800	0.264642
TD	young	Pbre1_15G260600	Pbre1_15G260800	0.0295909
TD	young	Pbre1_17G276000	Pbre1_17G276200	0.0247951
PD	old	Pbre1_03G141000	Pbre1_03G141600	0.0841375
TD	old	Pbre1_05G039200	Pbre1_05G039400	0.464875
PD	young	Pbre1_17G047000	Pbre1_17G047400	0.109767
PD	young	Pbre1_03G138800	Pbre1_03G139200	0.0535577
PD	old	Pbre1_04G309200	Pbre1_04G310200	0.121207
PD	young	Pbre1_02G422000	Pbre1_02G422800	0.00617184
TD	old	Pbre1_03G012400	Pbre1_03G012600	0.415304
TD	young	Pbre1_02G102400	Pbre1_02G102600	0.0268091
TD	old	Pbre1_11G261400	Pbre1_11G261600	0.306409
TD	old	Pbre1_04G308400	Pbre1_04G308600	0.205661
TD	old	Pbre1_11G362600	Pbre1_11G362800	0.232294
PD	old	Pbre1_01G386800	Pbre1_01G387600	0.202002
PD	young	Pbre1_05G357800	Pbre1_05G358200	0.0485884
PD	young	Pbre1_01G141000	Pbre1_01G141600	0.109875
TD	old	Pbre1_09G315800	Pbre1_09G316000	0.256688
TD	old	Pbre1_02G292000	Pbre1_02G292200	0.340913
PD	young	Pbre1_11G284200	Pbre1_11G285000	0.0281391
TD	old	Pbre1_05G231000	Pbre1_05G231200	0.314383
TD	old	Pbre1_02G256600	Pbre1_02G256800	0.453934
PD	young	Pbre1_17G325800	Pbre1_17G327200	0.0505885
PD	old	Pbre1_11G478400	Pbre1_11G478800	0.17646
TD	old	Pbre1_04G370400	Pbre1_04G370600	0.374054
TRD	old	Pbre1_03G187200	Pbre1_02G087600	0.274828
TD	old	Pbre1_02G235800	Pbre1_02G236000	0.204846
TRD	old	Pbre1_14G141000	Pbre1_12G137400	0.193602
TRD	old	Pbre1_16G298600	Pbre1_07G359600	0.128945
PD	young	Pbre1_17G390400	Pbre1_17G391200	0.0776778
TRD	old	Pbre1_01G406200	Pbre1_07G502800	0.321709
TD	old	Pbre1_07G060000	Pbre1_07G060200	0.168995
TRD	young	Pbre1_15G627000	Pbre1_02G001600	0.105377
TRD	old	Pbre1_10G181600	Pbre1_07G392800	0.123831
TRD	young	Pbre1_15G422000	Pbre1_08G124200	0.107621
PD	young	Pbre1_13G201800	Pbre1_13G202200	0.111231
PD	old	Pbre1_02G448800	Pbre1_02G449400	0.0440633
TD	old	Pbre1_11G153600	Pbre1_11G153800	0.177166
TD	young	Pbre1_09G116800	Pbre1_09G117000	0.0965087
TRD	old	Pbre1_08G350200	Pbre1_15G125600	0.183883
TD	old	Pbre1_16G162000	Pbre1_16G162200	0.366492
TRD	old	Pbre1_04G038200	Pbre1_14G390600	0.320634
TRD	old	Pbre1_05G519600	Pbre1_08G131600	0.338026
TD	young	Pbre1_03G420000	Pbre1_03G420200	0.0456912
TRD	young	Pbre1_11G020600	Pbre1_05G531200	0.0967435
TRD	old	Pbre1_06G110200	Pbre1_02G337200	0.204945
TD	old	Pbre1_09G077000	Pbre1_09G077200	0.131399
TD	old	Pbre1_06G145600	Pbre1_06G145800	0.373367
TRD	old	Pbre1_02G238200	Pbre1_15G474800	0.404826
PD	young	Pbre1_09G330400	Pbre1_09G330800	0.0737834
PD	old	Pbre1_17G487400	Pbre1_17G488800	0.114838
TD	old	Pbre1_11G100400	Pbre1_11G100600	0.434064
PD	old	Pbre1_09G064600	Pbre1_09G065200	0.150705
TD	young	Pbre1_10G064600	Pbre1_10G064800	0.0836888
TD	young	Pbre1_04G023400	Pbre1_04G023600	0.092214
PD	young	Pbre1_17G280000	Pbre1_17G280400	0.0840698
TRD	old	Pbre1_10G027000	Pbre1_05G224400	0.314994
TRD	young	Pbre1_14G165600	Pbre1_05G152400	0.0360579
TRD	old	Pbre1_17G246600	Pbre1_09G252400	0.215514
PD	young	Pbre1_13G350800	Pbre1_13G351200	0.0466446
TRD	old	Pbre1_09G149000	Pbre1_17G146600	0.161108
PD	young	Pbre1_17G087200	Pbre1_17G087800	0.027771
PD	young	Pbre1_12G109000	Pbre1_12G109600	0.0966774
TD	old	Pbre1_11G430400	Pbre1_11G430600	0.307892
PD	young	Pbre1_02G442600	Pbre1_02G443600	0.0591347
TD	old	Pbre1_10G031200	Pbre1_10G031400	0.38976
TD	old	Pbre1_07G209400	Pbre1_07G209600	0.170901
TD	young	Pbre1_08G346800	Pbre1_08G347000	0.0956064
TRD	old	Pbre1_15G378800	Pbre1_16G277600	0.13414
PD	old	Pbre1_10G173000	Pbre1_10G174000	0.127389
TRD	old	Pbre1_16G331800	Pbre1_13G325400	0.215566
PD	old	Pbre1_05G232400	Pbre1_05G232800	0.241343
PD	old	Pbre1_09G392200	Pbre1_09G392600	0.166719
TRD	old	Pbre1_06G416200	Pbre1_11G352800	0.190698
TRD	old	Pbre1_11G315800	Pbre1_03G294800	0.153048
PD	old	Pbre1_12G191000	Pbre1_12G191600	0.316883
TD	young	Pbre1_16G055000	Pbre1_16G055200	0.0888299
PD	young	Pbre1_08G073200	Pbre1_08G073600	0.0660076
PD	young	Pbre1_03G135200	Pbre1_03G135600	0.0715697
TD	old	Pbre1_07G441600	Pbre1_07G441800	0.146728
TD	old	Pbre1_14G332200	Pbre1_14G332400	0.255864
PD	old	Pbre1_08G312400	Pbre1_08G312800	0.087982
PD	young	Pbre1_08G321000	Pbre1_08G321400	0.0931804
TD	young	Pbre1_05G575600	Pbre1_05G575800	0.0397091
TRD	old	Pbre1_15G059800	Pbre1_16G051800	0.473219
TD	young	Pbre1_03G292600	Pbre1_03G292800	0.0439891
PD	old	Pbre1_11G419400	Pbre1_11G419800	0.352971
TD	old	Pbre1_11G044000	Pbre1_11G044200	0.299292
TRD	young	Pbre1_12G306200	Pbre1_07G185800	0.0571691
TRD	old	Pbre1_07G126600	Pbre1_02G370800	0.184787
TD	old	Pbre1_01G270200	Pbre1_01G270400	0.152614
TRD	old	Pbre1_08G274400	Pbre1_15G626800	0.19186
TRD	young	Pbre1_11G247000	Pbre1_13G471000	0.0274887
TD	old	Pbre1_02G194400	Pbre1_02G194600	0.390083
TD	old	Pbre1_17G484800	Pbre1_17G485000	0.219407
TD	young	Pbre1_11G080200	Pbre1_11G080400	0.0867706
PD	old	Pbre1_09G098800	Pbre1_09G100000	0.301822
TD	old	Pbre1_14G296600	Pbre1_14G296800	0.117145
TD	old	Pbre1_17G299600	Pbre1_17G299800	0.0697938
TD	old	Pbre1_11G350200	Pbre1_11G350400	0.134361
TD	young	Pbre1_14G410200	Pbre1_14G410400	0.106507
TRD	old	Pbre1_17G437400	Pbre1_02G294800	0.408279
TD	old	Pbre1_11G183800	Pbre1_11G184000	0.113591
PD	young	Pbre1_14G147600	Pbre1_14G148000	0.0565816
TD	young	Pbre1_12G104000	Pbre1_12G104200	0.054972
TRD	old	Pbre1_14G429800	Pbre1_08G111200	0.421799
TD	old	Pbre1_16G313400	Pbre1_16G313600	0.198987
PD	young	Pbre1_07G209600	Pbre1_07G210200	0.0252764
TRD	old	Pbre1_04G184600	Pbre1_05G196800	0.196705
TRD	young	Pbre1_10G282800	Pbre1_01G328200	0.0263614
PD	young	Pbre1_02G396000	Pbre1_02G397000	0.0310546
PD	young	Pbre1_15G082200	Pbre1_15G082800	0.0420812
TD	old	Pbre1_05G444000	Pbre1_05G444200	0.123939
TD	old	Pbre1_06G115600	Pbre1_06G115800	0.165895
PD	young	Pbre1_10G239000	Pbre1_10G239600	0.0175244
TD	young	Pbre1_12G055800	Pbre1_12G056000	0.0666596
TRD	old	Pbre1_05G237200	Pbre1_10G234600	0.425422
TRD	old	Pbre1_06G023000	Pbre1_05G514200	0.230705
TD	young	Pbre1_15G015000	Pbre1_15G015200	0.110436
TRD	old	Pbre1_14G297800	Pbre1_06G257800	0.0927848
PD	old	Pbre1_05G462400	Pbre1_05G463200	0.441435
TD	young	Pbre1_16G347400	Pbre1_16G347600	0.0208728
PD	young	Pbre1_13G156600	Pbre1_13G157000	0.068656
TD	young	Pbre1_05G515000	Pbre1_05G515200	0.0651083
TRD	young	Pbre1_17G319400	Pbre1_11G382600	0.10702
PD	young	Pbre1_14G364800	Pbre1_14G365400	0.0307242
TRD	old	Pbre1_10G159400	Pbre1_05G149600	0.24227
PD	young	Pbre1_03G113600	Pbre1_03G114400	0.0458547
TD	old	Pbre1_04G001600	Pbre1_04G001800	0.182882
TRD	old	Pbre1_03G319800	Pbre1_15G671600	0.446958
PD	old	Pbre1_05G009800	Pbre1_05G010600	0.190236
PD	young	Pbre1_14G303600	Pbre1_14G304000	0.105391
TRD	old	Pbre1_17G372600	Pbre1_03G081600	0.190166
PD	old	Pbre1_11G355000	Pbre1_11G355600	0.11544
TD	old	Pbre1_07G116800	Pbre1_07G117000	0.461096
PD	young	Pbre1_03G197400	Pbre1_03G198400	0.0645032
TD	old	Pbre1_01G270000	Pbre1_01G270200	0.133007
TRD	old	Pbre1_09G085800	Pbre1_13G152200	0.124645
TD	young	Pbre1_07G267600	Pbre1_07G267800	0.0323009
TD	young	Pbre1_09G177400	Pbre1_09G177600	0.101292
PD	young	Pbre1_10G028800	Pbre1_10G029200	0.0438037
TD	old	Pbre1_09G256600	Pbre1_09G256800	0.234173
TRD	old	Pbre1_16G421400	Pbre1_13G412000	0.141578
TRD	old	Pbre1_06G116800	Pbre1_04G130400	0.274868
TRD	old	Pbre1_01G035200	Pbre1_15G238000	0.156223
TRD	old	Pbre1_10G049400	Pbre1_10G026000	0.229095
PD	young	Pbre1_04G041600	Pbre1_04G042200	0.040435
TD	young	Pbre1_13G409200	Pbre1_13G409400	0.0274284
PD	young	Pbre1_03G084600	Pbre1_03G085000	0.0833614
TRD	old	Pbre1_07G287000	Pbre1_15G539000	0.262397
PD	young	Pbre1_08G047800	Pbre1_08G048200	0.021349
TD	old	Pbre1_07G317200	Pbre1_07G317400	0.144096
TD	young	Pbre1_11G032800	Pbre1_11G033000	0.085284
TD	young	Pbre1_02G440800	Pbre1_02G441000	0.0364356
TD	old	Pbre1_11G136600	Pbre1_11G136800	0.115983
PD	old	Pbre1_14G445600	Pbre1_14G446000	0.1237
TRD	old	Pbre1_10G014800	Pbre1_12G353800	0.26433
PD	old	Pbre1_10G199000	Pbre1_10G199800	0.126233
TD	old	Pbre1_17G160000	Pbre1_17G160200	0.426396
TRD	old	Pbre1_13G430800	Pbre1_12G418000	0.410631
PD	young	Pbre1_04G294000	Pbre1_04G294600	0.0688852
TRD	old	Pbre1_02G376800	Pbre1_07G122000	0.213821
TRD	young	Pbre1_15G344000	Pbre1_12G350200	0.112262
TRD	old	Pbre1_12G033800	Pbre1_14G028800	0.173819
TRD	old	Pbre1_16G360600	Pbre1_13G359200	0.23113
TRD	old	Pbre1_15G257800	Pbre1_02G335800	0.117364
PD	old	Pbre1_08G173000	Pbre1_08G173400	0.122786
TD	young	Pbre1_04G051000	Pbre1_04G051200	0.0650266
PD	old	Pbre1_09G156000	Pbre1_09G156600	0.134912
PD	old	Pbre1_08G377600	Pbre1_08G378200	0.432586
TD	old	Pbre1_17G375800	Pbre1_17G376000	0.320043
TRD	old	Pbre1_16G461200	Pbre1_06G061800	0.472473
PD	old	Pbre1_09G192800	Pbre1_09G193400	0.272586
TRD	old	Pbre1_05G391800	Pbre1_10G371000	0.214295
TRD	old	Pbre1_01G031000	Pbre1_01G236200	0.258765
TD	young	Pbre1_14G093000	Pbre1_14G093200	0.111025
PD	old	Pbre1_15G412400	Pbre1_15G412800	0.211825
PD	old	Pbre1_15G086800	Pbre1_15G088000	0.0487652
TRD	old	Pbre1_04G195600	Pbre1_04G254400	0.308494
PD	young	Pbre1_11G274400	Pbre1_11G275200	0.0579794
TD	young	Pbre1_06G266000	Pbre1_06G266200	0.059392
TD	old	Pbre1_03G048800	Pbre1_03G049000	0.180846
PD	young	Pbre1_15G695000	Pbre1_15G695600	0.0216414
TD	old	Pbre1_05G513400	Pbre1_05G513600	0.114493
TRD	old	Pbre1_17G282800	Pbre1_09G285400	0.42197
TRD	old	Pbre1_09G257600	Pbre1_11G119400	0.228533
TD	young	Pbre1_13G062000	Pbre1_13G062200	0.0737177
TRD	old	Pbre1_16G289200	Pbre1_13G339400	0.2174
PD	old	Pbre1_10G296800	Pbre1_10G297800	0.142735
TRD	old	Pbre1_07G115800	Pbre1_02G386800	0.168621
TRD	old	Pbre1_16G275000	Pbre1_13G271000	0.268438
TRD	old	Pbre1_02G238800	Pbre1_16G029400	0.221546
TRD	old	Pbre1_12G103000	Pbre1_14G105000	0.112528
PD	young	Pbre1_01G146600	Pbre1_01G147200	0.0555319
TRD	old	Pbre1_12G121600	Pbre1_14G201200	0.147682
TRD	old	Pbre1_05G049400	Pbre1_16G374600	0.210583
TRD	old	Pbre1_06G040200	Pbre1_11G330800	0.236922
TD	old	Pbre1_13G169200	Pbre1_13G169400	0.126432
TRD	old	Pbre1_10G227400	Pbre1_05G227000	0.126991
PD	old	Pbre1_10G142000	Pbre1_10G142400	0.277874
TRD	old	Pbre1_07G387000	Pbre1_01G310200	0.338352
PD	young	Pbre1_07G358600	Pbre1_07G359800	0.0403817
TRD	old	Pbre1_15G057600	Pbre1_15G099000	0.124221
TD	old	Pbre1_12G053800	Pbre1_12G054000	0.449324
TRD	old	Pbre1_12G169000	Pbre1_13G306400	0.154115
PD	young	Pbre1_17G487600	Pbre1_17G489000	0.0588371
TRD	old	Pbre1_12G295800	Pbre1_09G171600	0.15105
PD	young	Pbre1_05G268200	Pbre1_05G269000	0.0467563
TRD	old	Pbre1_13G352400	Pbre1_07G406400	0.360324
TRD	old	Pbre1_02G413800	Pbre1_15G497000	0.335724
PD	old	Pbre1_01G192200	Pbre1_01G193400	0.130578
TD	young	Pbre1_11G196000	Pbre1_11G196200	0.0582274
TRD	old	Pbre1_09G039600	Pbre1_06G109400	0.225566
PD	young	Pbre1_04G061800	Pbre1_04G062200	0.00674
TRD	old	Pbre1_13G446000	Pbre1_10G409600	0.391966
PD	young	Pbre1_01G232800	Pbre1_01G233200	0.0131679
TRD	young	Pbre1_01G084000	Pbre1_07G157200	0.0907775
TRD	old	Pbre1_17G049600	Pbre1_09G047200	0.152683
TRD	old	Pbre1_12G307600	Pbre1_05G217600	0.232271
TRD	old	Pbre1_02G004200	Pbre1_15G255000	0.275295
TRD	old	Pbre1_02G399400	Pbre1_06G156200	0.345128
PD	young	Pbre1_14G009600	Pbre1_14G010000	0.0462728
PD	old	Pbre1_02G151600	Pbre1_02G152000	0.341092
TD	young	Pbre1_15G265800	Pbre1_15G266000	0.101665
TRD	old	Pbre1_16G496200	Pbre1_06G016200	0.345805
TD	old	Pbre1_08G072600	Pbre1_08G072800	0.385404
TRD	old	Pbre1_10G160800	Pbre1_10G562800	0.200995
TRD	young	Pbre1_01G044400	Pbre1_15G607800	0.0956363
TD	old	Pbre1_14G015800	Pbre1_14G016000	0.215303
PD	young	Pbre1_13G072200	Pbre1_13G072600	0.0129748
TD	old	Pbre1_03G131800	Pbre1_03G132000	0.419971
TRD	old	Pbre1_13G303600	Pbre1_16G306200	0.171399
TD	young	Pbre1_09G232600	Pbre1_09G232800	0.0694329
PD	old	Pbre1_09G425000	Pbre1_09G425600	0.147217
TRD	young	Pbre1_04G145200	Pbre1_05G152400	0.0250146
TD	old	Pbre1_12G332000	Pbre1_12G332200	0.470164
TRD	old	Pbre1_11G283600	Pbre1_03G258400	0.331645
TD	young	Pbre1_01G314800	Pbre1_01G315000	0.106085
TD	old	Pbre1_04G169600	Pbre1_04G169800	0.30722
TRD	old	Pbre1_15G096800	Pbre1_08G117400	0.317616
TD	young	Pbre1_15G084800	Pbre1_15G085000	0.0799358
TD	old	Pbre1_01G269600	Pbre1_01G269800	0.159179
TD	young	Pbre1_10G288200	Pbre1_10G288400	0.109545
TRD	old	Pbre1_09G381400	Pbre1_17G399000	0.181317
TD	old	Pbre1_17G255600	Pbre1_17G255800	0.312849
TRD	old	Pbre1_15G647600	Pbre1_04G000200	0.117185
TRD	old	Pbre1_15G214200	Pbre1_15G220400	0.37327
TD	old	Pbre1_04G398800	Pbre1_04G399000	0.395488
TRD	old	Pbre1_12G336200	Pbre1_05G087200	0.231866
TRD	old	Pbre1_01G042400	Pbre1_15G609000	0.184059
TRD	old	Pbre1_07G290000	Pbre1_09G276400	0.288552
TRD	old	Pbre1_02G408200	Pbre1_08G318600	0.297065
TD	old	Pbre1_03G008600	Pbre1_03G008800	0.412975
TRD	old	Pbre1_07G150600	Pbre1_15G364200	0.14889
PD	old	Pbre1_09G203400	Pbre1_09G204000	0.447572
TD	old	Pbre1_09G146400	Pbre1_09G146600	0.144665
TD	old	Pbre1_06G023400	Pbre1_06G023600	0.287376
PD	young	Pbre1_04G336000	Pbre1_04G336600	0.0666937
PD	old	Pbre1_06G171200	Pbre1_06G171800	0.108674
PD	young	Pbre1_04G184200	Pbre1_04G185200	0.0937705
TRD	old	Pbre1_11G226000	Pbre1_02G442800	0.395978
TRD	old	Pbre1_02G446000	Pbre1_07G058800	0.188548
TRD	young	Pbre1_12G292000	Pbre1_04G029200	0.0732186
PD	young	Pbre1_05G029200	Pbre1_05G029600	0.0720833
PD	old	Pbre1_15G089800	Pbre1_15G090400	0.121062
PD	young	Pbre1_15G694800	Pbre1_15G695400	0.0226768
TD	young	Pbre1_08G300000	Pbre1_08G300200	0.0991114
TRD	young	Pbre1_02G259400	Pbre1_10G594000	0.0809763
TD	old	Pbre1_03G459400	Pbre1_03G459600	0.458142
PD	old	Pbre1_07G201800	Pbre1_07G202600	0.117571
PD	old	Pbre1_06G302000	Pbre1_06G302400	0.179804
TD	old	Pbre1_05G557000	Pbre1_05G557200	0.0744216
TRD	old	Pbre1_16G369600	Pbre1_13G367400	0.37989
TRD	old	Pbre1_13G067600	Pbre1_16G033200	0.227268
TD	young	Pbre1_03G016400	Pbre1_03G016600	0.0125133
PD	old	Pbre1_02G249200	Pbre1_02G249600	0.270914
TD	old	Pbre1_09G133800	Pbre1_09G134000	0.129839
TRD	young	Pbre1_16G228000	Pbre1_10G113400	0.0574469
PD	young	Pbre1_12G411600	Pbre1_12G412000	0.0297889
TD	old	Pbre1_08G150800	Pbre1_08G151000	0.13849
TD	young	Pbre1_09G108000	Pbre1_09G108200	0.103403
TD	old	Pbre1_15G233600	Pbre1_15G233800	0.324717
TD	old	Pbre1_14G303200	Pbre1_14G303400	0.276674
TRD	old	Pbre1_15G682400	Pbre1_08G325400	0.184986
PD	young	Pbre1_17G485400	Pbre1_17G486200	0.0739666
TRD	old	Pbre1_09G146800	Pbre1_17G152400	0.19774
TD	old	Pbre1_09G296600	Pbre1_09G296800	0.284644
PD	young	Pbre1_17G486800	Pbre1_17G487800	0.0361119
TRD	young	Pbre1_13G460400	Pbre1_07G437000	0.0349457
TD	young	Pbre1_09G221200	Pbre1_09G221400	0.072754
TD	old	Pbre1_15G721000	Pbre1_15G721200	0.162257
TRD	old	Pbre1_17G396200	Pbre1_07G220600	0.23405
TD	young	Pbre1_08G402200	Pbre1_08G402400	0.0779679
TRD	old	Pbre1_13G457800	Pbre1_10G069800	0.200466
TD	old	Pbre1_08G072400	Pbre1_08G072600	0.182671
PD	old	Pbre1_08G204400	Pbre1_08G205000	0.18806
TD	young	Pbre1_07G478800	Pbre1_07G479000	0.0773211
TD	old	Pbre1_11G290000	Pbre1_11G290200	0.125321
TD	young	Pbre1_03G435400	Pbre1_03G435600	0.061414
TD	young	Pbre1_11G090800	Pbre1_11G091000	0.10144
TD	old	Pbre1_13G307600	Pbre1_13G307800	0.173064
TD	young	Pbre1_17G440800	Pbre1_17G441000	0.0575197
TD	old	Pbre1_10G171200	Pbre1_10G171400	0.355311
TRD	old	Pbre1_17G460400	Pbre1_06G261000	0.222774
TD	old	Pbre1_10G566800	Pbre1_10G567000	0.39122
TD	young	Pbre1_03G208400	Pbre1_03G208600	0.0705675
PD	young	Pbre1_16G145000	Pbre1_16G145400	0.0680324
TRD	old	Pbre1_02G104000	Pbre1_05G069600	0.174505
TD	young	Pbre1_08G350800	Pbre1_08G351000	0.0316567
TRD	old	Pbre1_06G153600	Pbre1_07G403800	0.18827
TD	old	Pbre1_14G045000	Pbre1_14G045200	0.174783
TRD	old	Pbre1_10G517400	Pbre1_05G195000	0.194298
TRD	old	Pbre1_04G408800	Pbre1_06G119800	0.431504
TD	old	Pbre1_15G562600	Pbre1_15G562800	0.376406
TD	old	Pbre1_11G018400	Pbre1_11G018600	0.376059
TRD	young	Pbre1_16G435400	Pbre1_16G480000	0.0854308
PD	young	Pbre1_16G097400	Pbre1_16G097800	0.065907
PD	old	Pbre1_13G353600	Pbre1_13G355000	0.242727
TRD	old	Pbre1_12G239400	Pbre1_15G054000	0.327543
TD	young	Pbre1_14G410400	Pbre1_14G410600	0.0697415
TD	old	Pbre1_08G387600	Pbre1_08G387800	0.222859
PD	old	Pbre1_12G119600	Pbre1_12G120000	0.120784
TRD	old	Pbre1_15G456400	Pbre1_16G158400	0.189731
TD	old	Pbre1_15G421000	Pbre1_15G421200	0.34802
TD	old	Pbre1_04G032200	Pbre1_04G032400	0.117515
PD	old	Pbre1_06G411400	Pbre1_06G411800	0.134616
PD	young	Pbre1_11G345200	Pbre1_11G345600	0.0192133
TD	young	Pbre1_15G430800	Pbre1_15G431000	0.10986
PD	young	Pbre1_02G479400	Pbre1_02G479800	0.00530213
TD	young	Pbre1_07G051800	Pbre1_07G052000	0.0125355
TRD	old	Pbre1_09G491000	Pbre1_11G171600	0.225146
TD	young	Pbre1_04G017200	Pbre1_04G017400	0.0349503
TD	old	Pbre1_07G039600	Pbre1_07G039800	0.138797
TD	young	Pbre1_10G409800	Pbre1_10G410000	0.0945675
TD	young	Pbre1_04G014400	Pbre1_04G014600	0.0351699
TD	old	Pbre1_07G209800	Pbre1_07G210000	0.257054
PD	old	Pbre1_08G145800	Pbre1_08G146200	0.0631114
TD	young	Pbre1_03G067600	Pbre1_03G067800	0.0224158
TD	young	Pbre1_02G041800	Pbre1_02G042000	0.0354425
TRD	old	Pbre1_09G294600	Pbre1_16G172400	0.328819
TD	old	Pbre1_02G131000	Pbre1_02G131200	0.229843
PD	young	Pbre1_01G432200	Pbre1_01G432800	0.0603218
TRD	old	Pbre1_17G419800	Pbre1_04G164000	0.250869
TD	young	Pbre1_02G088000	Pbre1_02G088200	0.0983499
TRD	old	Pbre1_05G089400	Pbre1_05G077800	0.250434
TRD	old	Pbre1_08G124800	Pbre1_15G115000	0.255272
PD	young	Pbre1_04G306200	Pbre1_04G307000	0.0807982
PD	old	Pbre1_10G348400	Pbre1_10G348800	0.122161
TRD	old	Pbre1_10G246800	Pbre1_05G251000	0.446364
PD	young	Pbre1_01G232400	Pbre1_01G232800	0.0590794
TD	old	Pbre1_03G301600	Pbre1_03G301800	0.18257
PD	young	Pbre1_10G069000	Pbre1_10G070400	0.0340447
PD	young	Pbre1_01G125600	Pbre1_01G126400	0.0929445
TD	old	Pbre1_02G426600	Pbre1_02G426800	0.114988
TD	young	Pbre1_08G289800	Pbre1_08G290000	0.0761938
TRD	old	Pbre1_15G138200	Pbre1_15G729000	0.220572
TD	young	Pbre1_08G094400	Pbre1_08G094600	0.0414452
TD	young	Pbre1_15G050600	Pbre1_15G050800	0.0388747
PD	young	Pbre1_17G485800	Pbre1_17G486600	0.0764325
TD	young	Pbre1_08G220600	Pbre1_08G220800	0.0144219
TRD	old	Pbre1_05G090200	Pbre1_12G364400	0.205473
PD	young	Pbre1_16G046000	Pbre1_16G046600	0.057365
TRD	old	Pbre1_02G351600	Pbre1_07G152600	0.347852
TD	old	Pbre1_11G322400	Pbre1_11G322600	0.2402
TRD	old	Pbre1_17G323200	Pbre1_04G081400	0.105573
PD	old	Pbre1_06G182400	Pbre1_06G182800	0.423578
TD	young	Pbre1_03G024000	Pbre1_03G024200	0.028984
PD	young	Pbre1_11G389800	Pbre1_11G390200	0.105819
PD	old	Pbre1_06G281000	Pbre1_06G282000	0.263893
PD	old	Pbre1_10G281200	Pbre1_10G282200	0.18593
TRD	old	Pbre1_02G484000	Pbre1_02G506000	0.205235
PD	old	Pbre1_10G115600	Pbre1_10G116600	0.206169
TRD	old	Pbre1_11G219400	Pbre1_15G556800	0.448664
PD	old	Pbre1_15G087400	Pbre1_15G088400	0.473959
TRD	old	Pbre1_15G184800	Pbre1_15G206200	0.445682
TD	old	Pbre1_10G386800	Pbre1_10G387000	0.287198
TRD	old	Pbre1_12G212000	Pbre1_15G472800	0.284511
TD	young	Pbre1_11G453800	Pbre1_11G454000	0.101309
TRD	old	Pbre1_12G148000	Pbre1_14G151600	0.180201
PD	young	Pbre1_11G034600	Pbre1_11G035000	0.0660903
TD	young	Pbre1_12G339000	Pbre1_12G339200	0.0366035
TRD	old	Pbre1_06G144000	Pbre1_14G189000	0.337579
PD	old	Pbre1_10G334200	Pbre1_10G334600	0.211352
TD	old	Pbre1_10G022200	Pbre1_10G022400	0.426781
PD	old	Pbre1_05G358000	Pbre1_05G358400	0.461596
PD	young	Pbre1_10G406000	Pbre1_10G406800	0.0629683
TRD	young	Pbre1_17G488600	Pbre1_17G492800	0.0555912
TD	old	Pbre1_13G019600	Pbre1_13G019800	0.204574
TRD	old	Pbre1_14G403400	Pbre1_06G366400	0.376094
PD	old	Pbre1_02G248600	Pbre1_02G249000	0.259091
TD	old	Pbre1_02G053600	Pbre1_02G053800	0.22384
TD	young	Pbre1_08G352000	Pbre1_08G352200	0.0955816
TRD	old	Pbre1_08G040600	Pbre1_15G035400	0.139145
PD	old	Pbre1_09G098600	Pbre1_09G099400	0.429499
TRD	old	Pbre1_05G362600	Pbre1_15G020600	0.440481
TRD	old	Pbre1_03G190200	Pbre1_11G213600	0.343186
TD	old	Pbre1_16G390600	Pbre1_16G390800	0.27242
PD	old	Pbre1_04G181600	Pbre1_04G182000	0.170176
PD	old	Pbre1_02G059400	Pbre1_02G060000	0.222075
TD	old	Pbre1_07G161000	Pbre1_07G161200	0.341867
PD	young	Pbre1_02G412400	Pbre1_02G412800	0.0553415
TD	old	Pbre1_07G427800	Pbre1_07G428000	0.15674
TRD	old	Pbre1_13G467200	Pbre1_17G267400	0.277971
TRD	old	Pbre1_02G081600	Pbre1_15G331200	0.305909
TD	young	Pbre1_12G095800	Pbre1_12G096000	0.0736394
TRD	old	Pbre1_01G200000	Pbre1_01G202000	0.138461
PD	old	Pbre1_11G187600	Pbre1_11G189400	0.0887234
TD	old	Pbre1_08G363800	Pbre1_08G364000	0.43863
TD	young	Pbre1_08G242800	Pbre1_08G243000	0.0536085
TD	old	Pbre1_12G067200	Pbre1_12G067400	0.142255
TD	old	Pbre1_17G361600	Pbre1_17G361800	0.133342
PD	young	Pbre1_07G101400	Pbre1_07G102800	0.0209203
TRD	old	Pbre1_11G362400	Pbre1_15G729000	0.175642
TD	young	Pbre1_05G387400	Pbre1_05G387600	0.0590369
TRD	old	Pbre1_09G454600	Pbre1_14G178000	0.237605
TRD	old	Pbre1_15G781400	Pbre1_07G468600	0.232956
PD	young	Pbre1_02G379600	Pbre1_02G380400	0.10188
PD	young	Pbre1_01G326600	Pbre1_01G327400	0.0113729
TRD	old	Pbre1_08G407000	Pbre1_10G086000	0.297409
TRD	old	Pbre1_05G262200	Pbre1_10G256800	0.447877
PD	young	Pbre1_03G217400	Pbre1_03G217800	0.0762132
TD	old	Pbre1_10G420800	Pbre1_10G421000	0.135208
PD	old	Pbre1_08G033600	Pbre1_08G034000	0.256915
TRD	old	Pbre1_09G487200	Pbre1_17G503200	0.208121
TRD	young	Pbre1_16G370400	Pbre1_01G239400	0.106784
TRD	old	Pbre1_15G631200	Pbre1_09G008000	0.143358
TRD	old	Pbre1_05G176000	Pbre1_05G250000	0.405726
TRD	old	Pbre1_16G422400	Pbre1_13G412400	0.122602
PD	young	Pbre1_11G335800	Pbre1_11G336800	0.0404634
PD	young	Pbre1_02G020600	Pbre1_02G021000	0.00248441
TD	old	Pbre1_15G028800	Pbre1_15G029000	0.420119
TRD	old	Pbre1_14G446800	Pbre1_01G205200	0.430521
TRD	old	Pbre1_17G492400	Pbre1_09G473000	0.231737
TD	young	Pbre1_03G219800	Pbre1_03G220000	0.0445854
TRD	old	Pbre1_04G368000	Pbre1_02G113200	0.399545
TRD	young	Pbre1_08G234200	Pbre1_08G082200	0.0554096
PD	young	Pbre1_05G402000	Pbre1_05G402400	0.0821672
TD	old	Pbre1_08G287000	Pbre1_08G287200	0.260969
PD	old	Pbre1_17G116000	Pbre1_17G117600	0.103663
TRD	old	Pbre1_10G188200	Pbre1_04G164000	0.215393
TRD	old	Pbre1_16G223400	Pbre1_13G310000	0.380321
TD	old	Pbre1_13G099600	Pbre1_13G099800	0.272468
TD	old	Pbre1_04G231800	Pbre1_04G232000	0.291748
PD	old	Pbre1_13G429400	Pbre1_13G429800	0.296978
TRD	old	Pbre1_14G384600	Pbre1_06G345600	0.248339
PD	old	Pbre1_02G233600	Pbre1_02G234000	0.24203
TRD	old	Pbre1_14G058400	Pbre1_12G350200	0.276034
TRD	young	Pbre1_17G309800	Pbre1_06G033000	0.0883257
PD	old	Pbre1_14G258600	Pbre1_14G259400	0.325455
TD	old	Pbre1_05G558400	Pbre1_05G558600	0.466526
PD	old	Pbre1_04G227200	Pbre1_04G227600	0.242472
TRD	old	Pbre1_16G109000	Pbre1_13G107200	0.280553
PD	young	Pbre1_11G030400	Pbre1_11G031000	0.0950656
TRD	old	Pbre1_16G476000	Pbre1_06G046600	0.229323
TRD	young	Pbre1_17G427400	Pbre1_04G415200	0.108562
PD	old	Pbre1_17G065400	Pbre1_17G066200	0.140386
PD	old	Pbre1_10G056400	Pbre1_10G057200	0.159416
PD	young	Pbre1_11G034200	Pbre1_11G034800	0.0154524
TRD	old	Pbre1_11G399600	Pbre1_05G005600	0.431586
PD	old	Pbre1_17G489800	Pbre1_17G491400	0.146314
TRD	old	Pbre1_11G070200	Pbre1_15G729000	0.137173
TRD	old	Pbre1_10G059200	Pbre1_05G059000	0.203295
TRD	old	Pbre1_12G362000	Pbre1_04G337200	0.323545
TRD	old	Pbre1_03G376000	Pbre1_03G405600	0.197993
PD	old	Pbre1_01G133000	Pbre1_01G133800	0.45916
PD	old	Pbre1_01G120800	Pbre1_01G121200	0.117661
TRD	young	Pbre1_04G145200	Pbre1_10G161600	0.0302968
PD	young	Pbre1_04G334800	Pbre1_04G335400	0.0236676
TRD	old	Pbre1_17G427000	Pbre1_12G440000	0.153003
TD	young	Pbre1_02G120200	Pbre1_02G120400	0.00950274
TRD	old	Pbre1_07G333200	Pbre1_04G267600	0.0867401
PD	young	Pbre1_10G260000	Pbre1_10G260800	0.0161143
PD	old	Pbre1_06G008600	Pbre1_06G009000	0.265451
PD	old	Pbre1_09G139200	Pbre1_09G139600	0.446659
TD	old	Pbre1_07G280800	Pbre1_07G281000	0.199941
PD	old	Pbre1_08G232800	Pbre1_08G233200	0.213807
TRD	old	Pbre1_12G200200	Pbre1_04G148000	0.127403
TRD	old	Pbre1_15G110000	Pbre1_15G062400	0.4612
PD	old	Pbre1_11G345400	Pbre1_11G345800	0.131091
TD	young	Pbre1_05G098400	Pbre1_05G098600	0.0367413
TD	young	Pbre1_05G435000	Pbre1_05G435200	0.0232601
TRD	old	Pbre1_16G127600	Pbre1_13G121000	0.13335
TD	old	Pbre1_04G207000	Pbre1_04G207200	0.262119
TD	old	Pbre1_08G338600	Pbre1_08G338800	0.188141
TD	old	Pbre1_17G272400	Pbre1_17G272600	0.169457
PD	old	Pbre1_13G353000	Pbre1_13G354000	0.209944
TRD	old	Pbre1_12G144400	Pbre1_15G437200	0.207715
TRD	old	Pbre1_02G123200	Pbre1_05G426000	0.158537
TRD	old	Pbre1_14G311600	Pbre1_02G386400	0.433081
TRD	old	Pbre1_14G217000	Pbre1_06G175000	0.191252
TRD	old	Pbre1_09G042200	Pbre1_10G328600	0.179536
TD	old	Pbre1_05G447400	Pbre1_05G447600	0.428608
TRD	old	Pbre1_05G090600	Pbre1_02G008200	0.0742587
TRD	young	Pbre1_14G346200	Pbre1_14G342200	0.0663418
TRD	old	Pbre1_14G030800	Pbre1_05G537800	0.431229
TRD	young	Pbre1_09G358200	Pbre1_05G152400	0.0200524
TRD	old	Pbre1_05G005000	Pbre1_10G005800	0.146372
TD	old	Pbre1_10G407400	Pbre1_10G407600	0.463204
TRD	old	Pbre1_08G074000	Pbre1_06G341600	0.0885138
PD	young	Pbre1_04G294200	Pbre1_04G294800	0.0450731
TRD	old	Pbre1_04G143600	Pbre1_06G104800	0.183759
PD	old	Pbre1_04G206000	Pbre1_04G206600	0.183427
PD	old	Pbre1_17G099600	Pbre1_17G100200	0.0738599
TD	young	Pbre1_13G118800	Pbre1_13G119000	0.0216063
TRD	old	Pbre1_01G170200	Pbre1_10G337000	0.317357
TRD	old	Pbre1_14G113400	Pbre1_17G151400	0.0578962
TD	old	Pbre1_03G071600	Pbre1_03G071800	0.158784
TD	old	Pbre1_01G127400	Pbre1_01G127600	0.188677
PD	old	Pbre1_04G263200	Pbre1_04G263600	0.199824
TD	old	Pbre1_14G015600	Pbre1_14G015800	0.113727
TRD	young	Pbre1_06G112400	Pbre1_05G152400	0.00485049
PD	old	Pbre1_04G256200	Pbre1_04G257000	0.123597
PD	old	Pbre1_03G408600	Pbre1_03G409200	0.173174
TD	young	Pbre1_03G404000	Pbre1_03G404200	0.0997956
PD	old	Pbre1_03G038600	Pbre1_03G039000	0.335224
TD	young	Pbre1_03G207000	Pbre1_03G207200	0.044942
TD	young	Pbre1_15G050400	Pbre1_15G050600	0.0456826
TRD	old	Pbre1_03G296400	Pbre1_08G398800	0.367584
TD	old	Pbre1_17G281400	Pbre1_17G281600	0.189434
PD	young	Pbre1_10G199200	Pbre1_10G200200	0.0346915
TD	old	Pbre1_02G053800	Pbre1_02G054000	0.134264
PD	young	Pbre1_13G464800	Pbre1_13G465800	0.0567683
TD	old	Pbre1_10G480800	Pbre1_10G481000	0.216
TD	old	Pbre1_02G288200	Pbre1_02G288400	0.242646
TD	old	Pbre1_09G062600	Pbre1_09G062800	0.379532
TD	old	Pbre1_14G114400	Pbre1_14G114600	0.373946
TD	old	Pbre1_04G180200	Pbre1_04G180400	0.239818
TD	old	Pbre1_13G068200	Pbre1_13G068400	0.408404
TRD	young	Pbre1_08G294400	Pbre1_15G197600	0.0316681
TRD	old	Pbre1_09G455200	Pbre1_02G181000	0.265838
PD	young	Pbre1_04G043200	Pbre1_04G043800	0.0168816
TD	old	Pbre1_03G174000	Pbre1_03G174200	0.144855
TRD	old	Pbre1_17G218000	Pbre1_09G224000	0.217065
PD	young	Pbre1_17G158600	Pbre1_17G159000	0.108584
TD	young	Pbre1_10G483200	Pbre1_10G483400	0.0684018
TRD	old	Pbre1_02G001400	Pbre1_01G092800	0.281319
TD	old	Pbre1_15G763400	Pbre1_15G763600	0.228262
TD	old	Pbre1_07G071800	Pbre1_07G072000	0.307268
TD	old	Pbre1_06G217800	Pbre1_06G218000	0.133103
PD	old	Pbre1_10G513200	Pbre1_10G513600	0.151004
TD	young	Pbre1_11G195800	Pbre1_11G196000	0.0675084
TRD	young	Pbre1_07G241000	Pbre1_07G157200	0.0570877
PD	old	Pbre1_13G270000	Pbre1_13G270400	0.164776
PD	young	Pbre1_11G113200	Pbre1_11G114000	0.00627146
TRD	young	Pbre1_03G362800	Pbre1_02G023800	0.0646868
PD	young	Pbre1_10G255800	Pbre1_10G256200	0.0969441
TD	old	Pbre1_11G489800	Pbre1_11G490000	0.470996
TD	young	Pbre1_03G036600	Pbre1_03G036800	0.0517018
TRD	old	Pbre1_16G438000	Pbre1_13G486800	0.240923
TRD	old	Pbre1_13G453000	Pbre1_04G072400	0.142692
TRD	old	Pbre1_03G291800	Pbre1_03G297200	0.141206
TRD	old	Pbre1_10G434000	Pbre1_07G499000	0.125276
TD	old	Pbre1_06G042400	Pbre1_06G042600	0.150705
TRD	old	Pbre1_09G309000	Pbre1_06G174000	0.411605
TRD	old	Pbre1_04G212600	Pbre1_12G247000	0.273127
TD	old	Pbre1_04G029400	Pbre1_04G029600	0.141406
TD	old	Pbre1_12G150600	Pbre1_12G150800	0.137703
PD	old	Pbre1_14G052600	Pbre1_14G053200	0.276976
TD	young	Pbre1_16G059000	Pbre1_16G059200	0.0844568
TD	young	Pbre1_10G015200	Pbre1_10G015400	0.0954506
TD	old	Pbre1_15G245800	Pbre1_15G246000	0.170286
TD	old	Pbre1_13G307400	Pbre1_13G307600	0.33877
TRD	old	Pbre1_15G060000	Pbre1_01G302000	0.334902
PD	young	Pbre1_12G034200	Pbre1_12G034600	0.0705423
TRD	old	Pbre1_10G216200	Pbre1_05G154400	0.31015
TRD	young	Pbre1_17G326600	Pbre1_08G018800	0.0978834
PD	young	Pbre1_04G037800	Pbre1_04G038600	0.0974174
TRD	old	Pbre1_11G242200	Pbre1_03G221000	0.199582
TD	old	Pbre1_01G198400	Pbre1_01G198600	0.105364
TD	young	Pbre1_01G418000	Pbre1_01G418200	0.0808899
TRD	old	Pbre1_06G128000	Pbre1_04G118400	0.171449
TD	old	Pbre1_11G018200	Pbre1_11G018400	0.400831
PD	young	Pbre1_01G432000	Pbre1_01G432600	0.0763499
PD	old	Pbre1_01G314800	Pbre1_01G315600	0.208745
TD	young	Pbre1_16G109800	Pbre1_16G110000	0.103479
PD	old	Pbre1_10G376200	Pbre1_10G376600	0.284093
TD	young	Pbre1_03G023800	Pbre1_03G024000	0.031674
TRD	old	Pbre1_03G181600	Pbre1_03G215200	0.207078
TRD	old	Pbre1_15G657600	Pbre1_03G432000	0.405805
TRD	old	Pbre1_05G519000	Pbre1_10G497800	0.177425
TD	old	Pbre1_01G197400	Pbre1_01G197600	0.168321
TRD	old	Pbre1_13G483000	Pbre1_04G022600	0.170605
TRD	old	Pbre1_12G172200	Pbre1_14G175400	0.463808
PD	old	Pbre1_05G458000	Pbre1_05G458400	0.24316
PD	old	Pbre1_03G089600	Pbre1_03G090000	0.135593
TRD	old	Pbre1_08G080400	Pbre1_08G077400	0.103921
TRD	old	Pbre1_17G427200	Pbre1_12G439600	0.140489
TRD	old	Pbre1_14G197600	Pbre1_10G309600	0.123724
TRD	old	Pbre1_17G490000	Pbre1_09G473000	0.18925
TD	old	Pbre1_16G309000	Pbre1_16G309200	0.112492
TRD	old	Pbre1_17G273400	Pbre1_17G107800	0.472375
TRD	old	Pbre1_13G415800	Pbre1_11G077600	0.312233
TRD	old	Pbre1_06G276400	Pbre1_14G317000	0.180091
TD	old	Pbre1_13G213600	Pbre1_13G213800	0.0678556
TD	old	Pbre1_08G094000	Pbre1_08G094200	0.117832
TD	young	Pbre1_17G099200	Pbre1_17G099400	0.112264
TD	young	Pbre1_14G213400	Pbre1_14G213600	0.0721534
TD	old	Pbre1_05G139200	Pbre1_05G139400	0.134043
TD	old	Pbre1_09G124800	Pbre1_09G125000	0.446939
TRD	old	Pbre1_11G366200	Pbre1_16G473400	0.395864
PD	old	Pbre1_02G384800	Pbre1_02G385400	0.175087
TRD	old	Pbre1_09G054400	Pbre1_13G472600	0.416109
TRD	old	Pbre1_03G335400	Pbre1_11G361400	0.243549
PD	old	Pbre1_04G053800	Pbre1_04G054200	0.181891
TRD	old	Pbre1_04G241200	Pbre1_12G274800	0.430639
TRD	young	Pbre1_12G191800	Pbre1_12G286400	0.0939574
TRD	young	Pbre1_07G288400	Pbre1_08G201800	0.0959005
TRD	old	Pbre1_13G336000	Pbre1_14G161800	0.336501
PD	young	Pbre1_15G629600	Pbre1_15G630000	0.0292171
PD	young	Pbre1_13G072000	Pbre1_13G072400	0.0114149
PD	old	Pbre1_17G220000	Pbre1_17G221200	0.104012
TD	young	Pbre1_11G057600	Pbre1_11G057800	0.084842
PD	old	Pbre1_12G184200	Pbre1_12G184800	0.206351
TD	young	Pbre1_07G295800	Pbre1_07G296000	0.0154769
TD	old	Pbre1_07G446600	Pbre1_07G446800	0.125253
TRD	old	Pbre1_14G404200	Pbre1_06G366800	0.17932
TD	young	Pbre1_15G761200	Pbre1_15G761400	0.0694627
TD	old	Pbre1_01G269800	Pbre1_01G270000	0.13981
PD	young	Pbre1_01G325600	Pbre1_01G326200	0.0133719
PD	old	Pbre1_05G394000	Pbre1_05G394800	0.16737
TRD	old	Pbre1_03G190000	Pbre1_11G213600	0.195293
TRD	old	Pbre1_05G128000	Pbre1_10G135800	0.177197
TD	young	Pbre1_07G105400	Pbre1_07G105600	0.101972
TD	old	Pbre1_14G044000	Pbre1_14G044200	0.0424201
TRD	old	Pbre1_08G274800	Pbre1_15G626800	0.343655
TD	old	Pbre1_06G261200	Pbre1_06G261400	0.119532
PD	young	Pbre1_13G465200	Pbre1_13G466000	0.00644397
TRD	young	Pbre1_09G233200	Pbre1_17G228000	0.0994794
TD	old	Pbre1_02G214000	Pbre1_02G214200	0.359175
TRD	old	Pbre1_08G051800	Pbre1_15G046000	0.194247
PD	old	Pbre1_04G051400	Pbre1_04G051800	0.287305
TD	young	Pbre1_15G234200	Pbre1_15G234400	0.0636963
TRD	young	Pbre1_14G346000	Pbre1_14G342400	0.0161867
PD	old	Pbre1_17G417400	Pbre1_17G418000	0.0504073
TRD	old	Pbre1_04G066600	Pbre1_04G192200	0.0765924
PD	old	Pbre1_09G274200	Pbre1_09G274600	0.113842
TD	old	Pbre1_15G679000	Pbre1_15G679200	0.116616
TD	old	Pbre1_08G188400	Pbre1_08G188600	0.143618
TD	old	Pbre1_10G366200	Pbre1_10G366400	0.456899
TRD	old	Pbre1_11G347400	Pbre1_04G355400	0.240947
TD	young	Pbre1_16G407600	Pbre1_16G407800	0.0868011
TD	old	Pbre1_08G295600	Pbre1_08G295800	0.131834
TRD	young	Pbre1_09G392800	Pbre1_12G017600	0.106419
TD	old	Pbre1_06G182400	Pbre1_06G182600	0.444253
PD	old	Pbre1_08G132400	Pbre1_08G133200	0.0991222
TRD	old	Pbre1_12G183800	Pbre1_11G161000	0.129285
PD	young	Pbre1_02G479800	Pbre1_02G480400	0.110438
TRD	old	Pbre1_01G365800	Pbre1_07G439800	0.220725
TD	old	Pbre1_15G145000	Pbre1_15G145200	0.298037
PD	old	Pbre1_14G082200	Pbre1_14G082800	0.270336
TRD	old	Pbre1_02G439600	Pbre1_17G180800	0.364791
PD	young	Pbre1_12G072400	Pbre1_12G072800	0.0285143
TRD	old	Pbre1_05G394600	Pbre1_10G375000	0.154794
TRD	young	Pbre1_05G313800	Pbre1_13G212800	0.0136956
PD	young	Pbre1_10G331800	Pbre1_10G332200	0.0292236
PD	old	Pbre1_06G280800	Pbre1_06G281400	0.269664
TD	old	Pbre1_09G427200	Pbre1_09G427400	0.393723
TD	young	Pbre1_04G102800	Pbre1_04G103000	0.0740611
TD	old	Pbre1_11G412200	Pbre1_11G412400	0.148693
TRD	young	Pbre1_14G176800	Pbre1_15G614800	0.0214772
TD	old	Pbre1_09G236000	Pbre1_09G236200	0.15982
TRD	old	Pbre1_04G318400	Pbre1_12G346000	0.153259
TD	old	Pbre1_17G093400	Pbre1_17G093600	0.120309
PD	old	Pbre1_17G068600	Pbre1_17G069000	0.129362
TRD	old	Pbre1_08G142800	Pbre1_15G132200	0.443715
PD	young	Pbre1_05G298200	Pbre1_05G299400	0.026862
TRD	young	Pbre1_08G084600	Pbre1_05G292200	0.0211584
TD	young	Pbre1_06G169200	Pbre1_06G169400	0.0255126
TRD	old	Pbre1_05G079000	Pbre1_13G341400	0.184642
TRD	old	Pbre1_05G062000	Pbre1_15G054000	0.243598
PD	young	Pbre1_12G072200	Pbre1_12G072600	0.0174816
TRD	old	Pbre1_12G123200	Pbre1_14G125200	0.35255
PD	young	Pbre1_14G445800	Pbre1_14G446200	0.062361
TRD	young	Pbre1_17G427600	Pbre1_04G415200	0.0328979
TD	young	Pbre1_02G488200	Pbre1_02G488400	0.0976507
TD	young	Pbre1_03G067400	Pbre1_03G067600	0.095718
TRD	old	Pbre1_17G310400	Pbre1_09G325000	0.364977
TD	young	Pbre1_06G050000	Pbre1_06G050200	0.0920366
TD	old	Pbre1_01G415000	Pbre1_01G415200	0.294484
TRD	old	Pbre1_03G277800	Pbre1_16G429000	0.194896
TRD	old	Pbre1_07G136800	Pbre1_07G098200	0.15025
TD	old	Pbre1_12G378400	Pbre1_12G378600	0.228746
TRD	old	Pbre1_08G005600	Pbre1_02G311000	0.435728
TRD	old	Pbre1_06G002600	Pbre1_10G223000	0.167572
TD	old	Pbre1_02G381800	Pbre1_02G382000	0.18174
TRD	old	Pbre1_08G105600	Pbre1_15G106000	0.217712
PD	old	Pbre1_01G323600	Pbre1_01G325200	0.0775436
PD	old	Pbre1_17G454800	Pbre1_17G455800	0.287529
PD	old	Pbre1_17G214200	Pbre1_17G215000	0.250841
TRD	young	Pbre1_16G426800	Pbre1_03G410000	0.0886564
TD	old	Pbre1_08G013000	Pbre1_08G013200	0.253576
TRD	old	Pbre1_14G135200	Pbre1_12G131800	0.322141
PD	old	Pbre1_14G023000	Pbre1_14G023400	0.195699
PD	old	Pbre1_06G070400	Pbre1_06G071400	0.151477
TD	young	Pbre1_12G253400	Pbre1_12G253600	0.0839974
TD	old	Pbre1_03G463800	Pbre1_03G464000	0.0458099
TRD	old	Pbre1_15G107400	Pbre1_08G106000	0.376011
TRD	old	Pbre1_01G328600	Pbre1_15G437200	0.368608
TRD	old	Pbre1_02G433800	Pbre1_11G157400	0.106272
TD	young	Pbre1_07G083600	Pbre1_07G083800	0.0094742
TD	old	Pbre1_17G074600	Pbre1_17G074800	0.116562
TD	old	Pbre1_09G117400	Pbre1_09G117600	0.19252
TD	old	Pbre1_11G225600	Pbre1_11G225800	0.117559
TRD	old	Pbre1_10G103000	Pbre1_03G395400	0.0690248
TRD	old	Pbre1_17G251600	Pbre1_09G259200	0.126938
TRD	old	Pbre1_03G201200	Pbre1_11G222000	0.248967
PD	old	Pbre1_17G451800	Pbre1_17G452200	0.215366
PD	old	Pbre1_12G265400	Pbre1_12G265800	0.268146
PD	old	Pbre1_07G421000	Pbre1_07G421400	0.293562
TD	old	Pbre1_09G109800	Pbre1_09G110000	0.443818
PD	old	Pbre1_08G320400	Pbre1_08G321000	0.212051
TRD	old	Pbre1_10G210800	Pbre1_05G210000	0.190419
TD	old	Pbre1_10G201800	Pbre1_10G202000	0.243493
TRD	old	Pbre1_08G235800	Pbre1_15G208000	0.313337
TD	young	Pbre1_17G476600	Pbre1_17G476800	0.0251528
TD	young	Pbre1_15G758600	Pbre1_15G758800	0.051908
PD	old	Pbre1_09G481000	Pbre1_09G482200	0.187826
PD	old	Pbre1_02G159600	Pbre1_02G160000	0.287715
TD	old	Pbre1_17G168200	Pbre1_17G168400	0.2418
TRD	old	Pbre1_11G417200	Pbre1_06G210800	0.249556
TRD	old	Pbre1_15G749200	Pbre1_15G262400	0.45336
TD	young	Pbre1_17G163600	Pbre1_17G163800	0.105556
TD	young	Pbre1_12G385600	Pbre1_12G385800	0.0496367
TRD	old	Pbre1_10G321000	Pbre1_05G337200	0.160755
PD	young	Pbre1_14G364800	Pbre1_14G365800	0.0103612
TRD	old	Pbre1_16G366200	Pbre1_13G428800	0.393556
TD	old	Pbre1_04G065000	Pbre1_04G065200	0.204333
PD	young	Pbre1_03G114000	Pbre1_03G114600	0.0262182
TD	old	Pbre1_04G259800	Pbre1_04G260000	0.179632
TRD	old	Pbre1_09G389000	Pbre1_09G459800	0.381415
TD	young	Pbre1_11G509600	Pbre1_11G509800	0.0254787
PD	young	Pbre1_01G368800	Pbre1_01G369400	0.0633912
TRD	old	Pbre1_03G419400	Pbre1_11G226400	0.357398
TRD	young	Pbre1_03G340400	Pbre1_03G288600	0.0639555
PD	old	Pbre1_09G459800	Pbre1_09G460400	0.188001
PD	old	Pbre1_04G390600	Pbre1_04G391000	0.143471
TRD	old	Pbre1_12G135400	Pbre1_11G218200	0.290598
TD	old	Pbre1_12G206000	Pbre1_12G206200	0.11928
PD	young	Pbre1_09G157800	Pbre1_09G158200	0.0213521
TRD	young	Pbre1_05G571600	Pbre1_05G107400	0.0464947
TRD	old	Pbre1_13G427600	Pbre1_13G414400	0.232123
PD	old	Pbre1_05G322400	Pbre1_05G323200	0.373228
TD	young	Pbre1_11G213600	Pbre1_11G213800	0.0184588
TRD	old	Pbre1_10G533200	Pbre1_10G535800	0.420207
PD	young	Pbre1_17G389400	Pbre1_17G390000	0.063976
TRD	old	Pbre1_15G652400	Pbre1_16G009400	0.407267
TRD	old	Pbre1_03G357000	Pbre1_06G045600	0.433118
TD	young	Pbre1_02G447200	Pbre1_02G447400	0.0545472
TD	old	Pbre1_01G426000	Pbre1_01G426200	0.184742
TD	young	Pbre1_11G124400	Pbre1_11G124600	0.0801755
TD	old	Pbre1_16G304200	Pbre1_16G304400	0.330523
TD	old	Pbre1_05G488600	Pbre1_05G488800	0.332472
PD	old	Pbre1_04G016400	Pbre1_04G018200	0.14739
TRD	young	Pbre1_15G064400	Pbre1_02G018600	0.0114508
TRD	old	Pbre1_10G021200	Pbre1_10G026000	0.285006
TRD	old	Pbre1_08G048000	Pbre1_15G038800	0.235119
TD	young	Pbre1_02G412000	Pbre1_02G412200	0.0345858
TRD	young	Pbre1_07G203400	Pbre1_09G366000	0.0410376
TD	old	Pbre1_14G263000	Pbre1_14G263200	0.328696
TRD	old	Pbre1_16G388800	Pbre1_13G386800	0.154188
PD	young	Pbre1_05G462600	Pbre1_05G463000	0.105981
TRD	old	Pbre1_15G247600	Pbre1_03G146400	0.399024
PD	young	Pbre1_12G108600	Pbre1_12G109200	0.0863624
TRD	old	Pbre1_08G302400	Pbre1_05G055800	0.171873
TRD	old	Pbre1_09G133600	Pbre1_12G039600	0.119765
TRD	old	Pbre1_15G568000	Pbre1_16G029400	0.418557
TRD	old	Pbre1_08G330200	Pbre1_08G336800	0.332627
TRD	young	Pbre1_07G056800	Pbre1_04G354200	0.111246
PD	young	Pbre1_02G451800	Pbre1_02G452400	0.0691258
TRD	old	Pbre1_05G052800	Pbre1_10G051800	0.208188
TD	old	Pbre1_11G177800	Pbre1_11G178000	0.225213
TD	young	Pbre1_04G033200	Pbre1_04G033400	0.0784164
TRD	old	Pbre1_12G439800	Pbre1_10G514200	0.302339
PD	young	Pbre1_17G365000	Pbre1_17G365800	0.0460322
TRD	young	Pbre1_15G455400	Pbre1_10G180000	0.0123278
PD	young	Pbre1_14G411400	Pbre1_14G412400	0.111475
PD	old	Pbre1_15G694200	Pbre1_15G694600	0.427712
PD	young	Pbre1_12G276200	Pbre1_12G276800	0.0581544
TD	old	Pbre1_14G036800	Pbre1_14G037000	0.191773
TRD	old	Pbre1_15G447800	Pbre1_02G211000	0.351998
PD	old	Pbre1_17G444600	Pbre1_17G445200	0.202978
TD	old	Pbre1_06G023200	Pbre1_06G023400	0.245883
PD	old	Pbre1_11G123400	Pbre1_11G123800	0.234213
PD	old	Pbre1_15G766000	Pbre1_15G766400	0.238471
TD	old	Pbre1_14G256400	Pbre1_14G256600	0.43463
TRD	young	Pbre1_15G783600	Pbre1_05G579600	0.0575201
TRD	old	Pbre1_10G229000	Pbre1_05G229600	0.130712
TD	old	Pbre1_04G269200	Pbre1_04G269400	0.185596
TD	old	Pbre1_16G304800	Pbre1_16G305000	0.234236
TRD	old	Pbre1_10G237400	Pbre1_05G240800	0.403265
TRD	old	Pbre1_11G248800	Pbre1_13G340400	0.444113
PD	young	Pbre1_05G437400	Pbre1_05G437800	0.0139104
TRD	old	Pbre1_10G137000	Pbre1_17G136000	0.190998
TRD	young	Pbre1_15G566000	Pbre1_05G154400	0.0915458
TD	old	Pbre1_06G312200	Pbre1_06G312400	0.118533
TD	young	Pbre1_15G719800	Pbre1_15G720000	0.061575
TD	young	Pbre1_12G109400	Pbre1_12G109600	0.075647
PD	young	Pbre1_11G254600	Pbre1_11G255600	0.106351
TRD	old	Pbre1_08G177200	Pbre1_08G185400	0.291601
PD	young	Pbre1_01G100200	Pbre1_01G100600	0.0240245
PD	old	Pbre1_02G461000	Pbre1_02G461400	0.280116
TRD	young	Pbre1_02G487600	Pbre1_15G539000	0.0668678
TRD	old	Pbre1_05G440800	Pbre1_05G375800	0.128762
PD	young	Pbre1_06G231000	Pbre1_06G231400	0.0534303
PD	old	Pbre1_05G307200	Pbre1_05G308200	0.164414
TRD	old	Pbre1_05G028000	Pbre1_10G029600	0.452433
TD	old	Pbre1_17G447200	Pbre1_17G447400	0.226045
PD	young	Pbre1_09G116400	Pbre1_09G117200	0.0595625
TRD	old	Pbre1_08G299400	Pbre1_15G652600	0.209742
TD	young	Pbre1_10G199800	Pbre1_10G200000	0.100301
TD	young	Pbre1_17G448800	Pbre1_17G449000	0.0143789
PD	old	Pbre1_17G444800	Pbre1_17G445200	0.237952
TRD	old	Pbre1_12G134600	Pbre1_05G164000	0.466673
TRD	young	Pbre1_04G076400	Pbre1_08G284600	0.0499668
TD	old	Pbre1_17G451400	Pbre1_17G451600	0.24662
TD	old	Pbre1_04G300400	Pbre1_04G300600	0.229884
TRD	old	Pbre1_06G162000	Pbre1_10G174400	0.331381
PD	old	Pbre1_17G471400	Pbre1_17G471800	0.156833
TRD	young	Pbre1_02G404000	Pbre1_02G382400	0.0416232
TRD	old	Pbre1_10G401800	Pbre1_05G420000	0.197433
TD	young	Pbre1_01G395000	Pbre1_01G395200	0.0964092
PD	young	Pbre1_05G108400	Pbre1_05G109000	0.020619
TRD	old	Pbre1_15G528000	Pbre1_02G288000	0.169614
TD	old	Pbre1_02G471400	Pbre1_02G471600	0.378938
TD	old	Pbre1_04G329800	Pbre1_04G330000	0.399105
TRD	old	Pbre1_15G711000	Pbre1_05G075800	0.146015
TD	old	Pbre1_01G186000	Pbre1_01G186200	0.1451
TRD	old	Pbre1_14G251000	Pbre1_10G473600	0.133231
PD	young	Pbre1_10G534200	Pbre1_10G534800	0.066629
TRD	old	Pbre1_04G142400	Pbre1_02G315600	0.143094
PD	old	Pbre1_15G146200	Pbre1_15G146600	0.131563
TRD	old	Pbre1_01G206200	Pbre1_04G300200	0.428114
TRD	old	Pbre1_08G403600	Pbre1_07G239000	0.228299
TRD	young	Pbre1_12G025000	Pbre1_07G222800	0.103471
TRD	old	Pbre1_15G100200	Pbre1_15G086200	0.289732
TD	young	Pbre1_09G232800	Pbre1_09G233000	0.0715646
PD	young	Pbre1_17G283200	Pbre1_17G283800	0.0835502
TD	old	Pbre1_12G157400	Pbre1_12G157600	0.145882
TRD	old	Pbre1_15G313400	Pbre1_02G063200	0.200915
TD	old	Pbre1_14G183800	Pbre1_14G184000	0.369183
TD	old	Pbre1_11G022600	Pbre1_11G022800	0.0181061
TRD	old	Pbre1_03G045800	Pbre1_11G051400	0.188331
TD	old	Pbre1_07G091200	Pbre1_07G091400	0.105146
TD	young	Pbre1_05G435200	Pbre1_05G435400	0.024229
TD	young	Pbre1_03G320800	Pbre1_03G321000	0.038346
TRD	old	Pbre1_06G137200	Pbre1_13G025800	0.120687
PD	old	Pbre1_05G358200	Pbre1_05G358600	0.340805
TRD	old	Pbre1_05G083000	Pbre1_10G085200	0.192418
TD	young	Pbre1_12G305800	Pbre1_12G306000	0.0693155
TRD	old	Pbre1_07G129800	Pbre1_16G374600	0.214432
TRD	old	Pbre1_07G133600	Pbre1_12G229400	0.219808
PD	old	Pbre1_13G238600	Pbre1_13G239000	0.325323
PD	old	Pbre1_17G486200	Pbre1_17G487000	0.325024
TRD	young	Pbre1_10G134800	Pbre1_01G370000	0.110898
TRD	old	Pbre1_02G480800	Pbre1_07G156400	0.207418
TRD	old	Pbre1_05G289000	Pbre1_06G388200	0.174322
TRD	old	Pbre1_07G288600	Pbre1_16G374600	0.137833
TD	old	Pbre1_02G312000	Pbre1_02G312200	0.114803
TD	old	Pbre1_13G063000	Pbre1_13G063200	0.157859
TD	young	Pbre1_07G108400	Pbre1_07G108600	0.0351232
PD	young	Pbre1_03G296600	Pbre1_03G297600	0.0385174
TD	old	Pbre1_11G149000	Pbre1_11G149200	0.209518
TRD	young	Pbre1_12G410600	Pbre1_15G762200	0.0773755
TRD	old	Pbre1_15G777600	Pbre1_01G039000	0.24938
TD	young	Pbre1_02G216800	Pbre1_02G217000	0.110347
TRD	old	Pbre1_02G155800	Pbre1_04G223200	0.315968
TRD	young	Pbre1_15G585800	Pbre1_07G157200	0.0631581
TD	old	Pbre1_17G137000	Pbre1_17G137200	0.365868
TRD	old	Pbre1_15G035000	Pbre1_05G075800	0.146015
TRD	old	Pbre1_07G401800	Pbre1_12G263200	0.0902311
PD	young	Pbre1_13G069200	Pbre1_13G069800	0.0881698
TRD	old	Pbre1_07G039400	Pbre1_07G512000	0.0589115
TRD	old	Pbre1_10G113600	Pbre1_02G304400	0.468109
TRD	young	Pbre1_08G278600	Pbre1_17G330600	0.0954733
PD	old	Pbre1_06G169800	Pbre1_06G170400	0.115801
TD	young	Pbre1_11G034400	Pbre1_11G034600	0.0663066
PD	young	Pbre1_10G372200	Pbre1_10G372800	0.0632159
PD	old	Pbre1_10G296400	Pbre1_10G297400	0.180858
TD	old	Pbre1_07G373400	Pbre1_07G373600	0.283352
TD	old	Pbre1_06G240400	Pbre1_06G240600	0.201069
TD	old	Pbre1_01G345800	Pbre1_01G346000	0.422304
PD	young	Pbre1_15G307400	Pbre1_15G307800	0.0384493
PD	old	Pbre1_02G375800	Pbre1_02G377000	0.0292404
TD	old	Pbre1_17G450800	Pbre1_17G451000	0.312687
TRD	old	Pbre1_10G583400	Pbre1_05G595000	0.337897
PD	old	Pbre1_13G096600	Pbre1_13G097000	0.075125
PD	old	Pbre1_09G073600	Pbre1_09G074400	0.121927
TD	old	Pbre1_16G412800	Pbre1_16G413000	0.30039
PD	old	Pbre1_05G251400	Pbre1_05G251800	0.457951
TRD	old	Pbre1_15G608000	Pbre1_02G337200	0.381796
TRD	old	Pbre1_13G142400	Pbre1_16G147800	0.244692
TD	old	Pbre1_11G462200	Pbre1_11G462400	0.159411
PD	old	Pbre1_07G161800	Pbre1_07G162200	0.11853
TRD	young	Pbre1_03G307200	Pbre1_03G405600	0.0139043
TRD	old	Pbre1_07G289600	Pbre1_09G149200	0.302597
TRD	old	Pbre1_11G195600	Pbre1_07G395200	0.264888
TRD	young	Pbre1_09G464000	Pbre1_01G055800	0.0945912
TRD	old	Pbre1_05G241200	Pbre1_15G294200	0.24373
TRD	old	Pbre1_07G071000	Pbre1_05G402000	0.132636
TD	young	Pbre1_05G443800	Pbre1_05G444000	0.0204555
TRD	young	Pbre1_07G131000	Pbre1_02G210600	0.0216034
TRD	old	Pbre1_15G784000	Pbre1_07G491600	0.124064
TRD	old	Pbre1_04G091200	Pbre1_05G243800	0.305392
PD	old	Pbre1_04G043400	Pbre1_04G043800	0.330799
TD	young	Pbre1_09G058800	Pbre1_09G059000	0.0445275
TRD	old	Pbre1_08G359000	Pbre1_17G099600	0.357427
TRD	old	Pbre1_15G005000	Pbre1_09G204800	0.14936
TRD	old	Pbre1_15G779200	Pbre1_12G038600	0.167776
TRD	old	Pbre1_13G241800	Pbre1_16G244200	0.229652
TRD	young	Pbre1_02G321000	Pbre1_15G241600	0.0202127
TD	old	Pbre1_15G574800	Pbre1_15G575000	0.134414
TRD	old	Pbre1_13G469800	Pbre1_11G402400	0.252098
TD	young	Pbre1_11G132000	Pbre1_11G132200	0.0751073
TD	old	Pbre1_08G139800	Pbre1_08G140000	0.156923
PD	old	Pbre1_12G182400	Pbre1_12G183400	0.0272695
TD	young	Pbre1_03G040600	Pbre1_03G040800	0.0388611
TRD	old	Pbre1_07G104000	Pbre1_02G396000	0.397563
PD	young	Pbre1_08G202600	Pbre1_08G203000	0.0755367
TRD	old	Pbre1_07G286000	Pbre1_01G207400	0.159138
PD	young	Pbre1_06G281400	Pbre1_06G282600	0.0617051
PD	old	Pbre1_10G229400	Pbre1_10G230000	0.171875
PD	young	Pbre1_10G491200	Pbre1_10G491600	0.056632
TD	old	Pbre1_15G488200	Pbre1_15G488400	0.11262
TD	old	Pbre1_02G197400	Pbre1_02G197600	0.175538
TRD	young	Pbre1_10G078800	Pbre1_10G140600	0.0418906
TD	young	Pbre1_01G253400	Pbre1_01G253600	0.0104126
TRD	old	Pbre1_15G766200	Pbre1_07G363000	0.346195
PD	old	Pbre1_14G406600	Pbre1_14G407600	0.263464
PD	old	Pbre1_14G406800	Pbre1_14G407800	0.369208
TRD	old	Pbre1_12G190800	Pbre1_12G287200	0.188195
TRD	young	Pbre1_12G173200	Pbre1_10G579400	0.017594
TRD	old	Pbre1_11G100000	Pbre1_13G343800	0.161815
PD	young	Pbre1_07G407400	Pbre1_07G407800	0.0706871
TD	young	Pbre1_06G095400	Pbre1_06G095600	0.0539066
TD	old	Pbre1_10G542800	Pbre1_10G543000	0.311078
PD	old	Pbre1_17G046800	Pbre1_17G047200	0.103228
TRD	old	Pbre1_08G277200	Pbre1_15G628000	0.233725
PD	old	Pbre1_04G297000	Pbre1_04G297400	0.156316
TD	old	Pbre1_07G052000	Pbre1_07G052200	0.319852
TRD	old	Pbre1_12G415000	Pbre1_04G388600	0.369714
TRD	old	Pbre1_04G178800	Pbre1_08G088400	0.446926
PD	old	Pbre1_02G271800	Pbre1_02G273000	0.117473
TD	old	Pbre1_09G469200	Pbre1_09G469400	0.18996
TD	old	Pbre1_17G159800	Pbre1_17G160000	0.453735
TRD	old	Pbre1_10G052400	Pbre1_02G189400	0.123669
TD	old	Pbre1_09G194800	Pbre1_09G195000	0.126025
PD	young	Pbre1_01G125000	Pbre1_01G126000	0.073841
TRD	old	Pbre1_04G029000	Pbre1_04G276200	0.201626
TD	old	Pbre1_04G206800	Pbre1_04G207000	0.423025
TRD	old	Pbre1_17G215200	Pbre1_09G222400	0.464748
PD	young	Pbre1_04G342200	Pbre1_04G342600	0.103918
PD	young	Pbre1_12G249600	Pbre1_12G250200	0.0689129
TRD	old	Pbre1_12G168000	Pbre1_05G055800	0.424385
PD	young	Pbre1_11G377600	Pbre1_11G378000	0.10453
PD	young	Pbre1_07G162000	Pbre1_07G162400	0.0210339
TD	old	Pbre1_11G153200	Pbre1_11G153400	0.332956
TRD	young	Pbre1_06G197200	Pbre1_13G212800	0.0136254
TD	young	Pbre1_05G420400	Pbre1_05G420600	0.031329
TRD	old	Pbre1_11G134400	Pbre1_03G157400	0.405892
TRD	old	Pbre1_17G227000	Pbre1_16G471600	0.12245
TD	old	Pbre1_15G027000	Pbre1_15G027200	0.319351
TD	young	Pbre1_13G058600	Pbre1_13G058800	0.0346263
TRD	old	Pbre1_04G083200	Pbre1_06G085200	0.186406
TD	young	Pbre1_10G483400	Pbre1_10G483600	0.0246791
TD	young	Pbre1_03G285600	Pbre1_03G285800	0.0934393
TD	young	Pbre1_03G413600	Pbre1_03G413800	0.0980626
TRD	old	Pbre1_05G068600	Pbre1_10G070800	0.149578
PD	old	Pbre1_08G077200	Pbre1_08G077600	0.265025
TD	old	Pbre1_12G035000	Pbre1_12G035200	0.120281
PD	old	Pbre1_10G255600	Pbre1_10G256000	0.147546
TD	young	Pbre1_04G403400	Pbre1_04G403600	0.0877445
TRD	old	Pbre1_12G349200	Pbre1_04G322400	0.384699
TD	old	Pbre1_13G243600	Pbre1_13G243800	0.438321
TD	old	Pbre1_15G624600	Pbre1_15G624800	0.11979
PD	old	Pbre1_07G202000	Pbre1_07G202800	0.202355
TRD	young	Pbre1_15G784400	Pbre1_15G243200	0.0158417
PD	old	Pbre1_08G220400	Pbre1_08G221000	0.198182
TRD	old	Pbre1_01G059000	Pbre1_13G073800	0.292919
TD	old	Pbre1_13G020000	Pbre1_13G020200	0.256088
TD	old	Pbre1_03G229800	Pbre1_03G230000	0.223295
TRD	old	Pbre1_08G237200	Pbre1_15G208600	0.142945
TRD	old	Pbre1_03G000800	Pbre1_11G001000	0.137944
TD	young	Pbre1_13G252600	Pbre1_13G252800	0.0629763
TRD	old	Pbre1_09G386800	Pbre1_08G331000	0.212819
TD	old	Pbre1_11G118800	Pbre1_11G119000	0.333385
TRD	old	Pbre1_17G033800	Pbre1_09G032800	0.219411
PD	young	Pbre1_03G413000	Pbre1_03G413400	0.0910425
TRD	old	Pbre1_10G191000	Pbre1_13G343200	0.122195
TRD	old	Pbre1_11G258400	Pbre1_11G254200	0.146016
TD	young	Pbre1_03G017000	Pbre1_03G017200	0.103115
PD	old	Pbre1_14G307800	Pbre1_14G308400	0.211611
TD	young	Pbre1_09G158200	Pbre1_09G158400	0.100104
TRD	young	Pbre1_15G763200	Pbre1_10G142000	0.0859616
TD	old	Pbre1_06G334800	Pbre1_06G335000	0.124148
TRD	old	Pbre1_09G429400	Pbre1_17G438800	0.299255
TD	young	Pbre1_04G032000	Pbre1_04G032200	0.0568635
TRD	young	Pbre1_13G196200	Pbre1_13G187400	0.0494144
PD	young	Pbre1_02G159400	Pbre1_02G159800	0.0747848
PD	young	Pbre1_04G309000	Pbre1_04G310000	0.0105493
TRD	old	Pbre1_10G044400	Pbre1_10G124600	0.0987294
TRD	old	Pbre1_15G289600	Pbre1_02G039000	0.20352
PD	old	Pbre1_15G759200	Pbre1_15G759600	0.159214
TD	old	Pbre1_10G542600	Pbre1_10G542800	0.169346
PD	old	Pbre1_05G435400	Pbre1_05G435800	0.206082
PD	young	Pbre1_09G184000	Pbre1_09G184400	0.0566121
TD	old	Pbre1_15G117600	Pbre1_15G117800	0.354192
TD	young	Pbre1_15G488000	Pbre1_15G488200	0.0785752
PD	old	Pbre1_03G426200	Pbre1_03G427000	0.123852
TD	young	Pbre1_15G310400	Pbre1_15G310600	0.0429733
TD	old	Pbre1_02G172000	Pbre1_02G172200	0.157222
TRD	old	Pbre1_13G354800	Pbre1_01G263600	0.373377
TRD	old	Pbre1_08G224200	Pbre1_08G219200	0.2568
TRD	young	Pbre1_02G127200	Pbre1_02G273200	0.108809
TD	old	Pbre1_15G768600	Pbre1_15G768800	0.165901
PD	old	Pbre1_14G310800	Pbre1_14G311400	0.153057
TRD	old	Pbre1_05G318800	Pbre1_05G325200	0.441757
TD	young	Pbre1_02G120000	Pbre1_02G120200	0.0107776
TRD	old	Pbre1_07G179600	Pbre1_05G217600	0.180878
TRD	old	Pbre1_13G102400	Pbre1_16G103400	0.196309
TRD	old	Pbre1_12G143400	Pbre1_04G195000	0.216398
TD	young	Pbre1_17G416400	Pbre1_17G416600	0.0553533
TD	old	Pbre1_10G465600	Pbre1_10G465800	0.131048
TRD	old	Pbre1_10G006800	Pbre1_09G135000	0.248831
TRD	old	Pbre1_17G297600	Pbre1_09G303000	0.16879
TRD	young	Pbre1_08G301400	Pbre1_02G052200	0.0790586
TD	old	Pbre1_08G078600	Pbre1_08G078800	0.172255
TRD	old	Pbre1_13G201600	Pbre1_13G486000	0.332517
TD	young	Pbre1_12G370200	Pbre1_12G370400	0.0823795
TRD	old	Pbre1_10G365600	Pbre1_05G386200	0.413736
TD	young	Pbre1_08G363400	Pbre1_08G363600	0.013786
TRD	old	Pbre1_11G276800	Pbre1_15G746400	0.288375
TD	old	Pbre1_14G091000	Pbre1_14G091200	0.148686
PD	young	Pbre1_06G311200	Pbre1_06G311600	0.0280683
TRD	old	Pbre1_03G443600	Pbre1_11G482000	0.266404
TD	old	Pbre1_02G047200	Pbre1_02G047400	0.403457
PD	old	Pbre1_16G223800	Pbre1_16G224200	0.119421
PD	old	Pbre1_05G252400	Pbre1_05G252800	0.0661905
PD	old	Pbre1_14G023200	Pbre1_14G023600	0.401383
TRD	old	Pbre1_07G196200	Pbre1_02G315600	0.195523
TD	young	Pbre1_02G078800	Pbre1_02G079000	0.0727108
TRD	young	Pbre1_06G189000	Pbre1_06G412800	0.0322116
PD	old	Pbre1_14G015200	Pbre1_14G015600	0.117739
TRD	old	Pbre1_16G435600	Pbre1_06G040800	0.334967
PD	old	Pbre1_06G075200	Pbre1_06G075800	0.122058
PD	old	Pbre1_09G341200	Pbre1_09G341600	0.463183
TD	old	Pbre1_04G298000	Pbre1_04G298200	0.287988
PD	young	Pbre1_12G108400	Pbre1_12G109200	0.0100881
TRD	old	Pbre1_03G322200	Pbre1_11G344600	0.165234
TRD	old	Pbre1_05G127000	Pbre1_10G137400	0.143845
PD	old	Pbre1_01G155400	Pbre1_01G155800	0.289019
PD	old	Pbre1_13G479200	Pbre1_13G479800	0.329282
PD	young	Pbre1_04G310000	Pbre1_04G311000	0.00907141
TRD	young	Pbre1_03G295400	Pbre1_13G471000	0.013335
TRD	old	Pbre1_09G128600	Pbre1_17G127600	0.422623
PD	young	Pbre1_04G183000	Pbre1_04G183400	0.078333
TD	old	Pbre1_05G205200	Pbre1_05G205400	0.161004
TD	old	Pbre1_15G214600	Pbre1_15G214800	0.458918
PD	old	Pbre1_09G174000	Pbre1_09G174600	0.0415487
TD	old	Pbre1_01G315000	Pbre1_01G315200	0.126666
TRD	old	Pbre1_11G052400	Pbre1_04G088800	0.160384
TD	young	Pbre1_10G171000	Pbre1_10G171200	0.0941195
TRD	old	Pbre1_06G036600	Pbre1_13G145600	0.161589
TD	young	Pbre1_11G096400	Pbre1_11G096600	0.048024
TRD	old	Pbre1_08G184000	Pbre1_08G181800	0.442505
TRD	old	Pbre1_07G328800	Pbre1_01G280200	0.282084
TD	old	Pbre1_09G450400	Pbre1_09G450600	0.448189
PD	old	Pbre1_14G412000	Pbre1_14G412800	0.133739
TD	old	Pbre1_15G050800	Pbre1_15G051000	0.12688
PD	young	Pbre1_07G392400	Pbre1_07G393200	0.00905627
TRD	old	Pbre1_04G149200	Pbre1_15G236000	0.306636
PD	old	Pbre1_17G443000	Pbre1_17G443600	0.199008
TRD	old	Pbre1_16G229200	Pbre1_13G222800	0.393601
PD	young	Pbre1_08G208600	Pbre1_08G209200	0.0179946
TRD	old	Pbre1_15G320600	Pbre1_02G364000	0.200119
TD	young	Pbre1_01G386400	Pbre1_01G386600	0.110075
TD	old	Pbre1_09G211200	Pbre1_09G211400	0.135647
TRD	old	Pbre1_05G362600	Pbre1_08G023200	0.472802
TRD	old	Pbre1_05G128400	Pbre1_07G062800	0.150006
PD	young	Pbre1_07G066000	Pbre1_07G066600	0.037085
TRD	old	Pbre1_16G343800	Pbre1_13G340000	0.155113
TRD	young	Pbre1_01G110200	Pbre1_06G144600	0.0909103
PD	young	Pbre1_17G101200	Pbre1_17G102200	0.0979277
TD	old	Pbre1_10G351800	Pbre1_10G352000	0.396341
TRD	old	Pbre1_06G221600	Pbre1_14G264200	0.245137
PD	old	Pbre1_05G375800	Pbre1_05G376200	0.118111
PD	young	Pbre1_14G324600	Pbre1_14G325000	0.023301
PD	old	Pbre1_10G072600	Pbre1_10G073000	0.269363
TD	old	Pbre1_03G337400	Pbre1_03G337600	0.196895
TRD	old	Pbre1_16G496400	Pbre1_17G012400	0.122973
TRD	old	Pbre1_08G273200	Pbre1_15G625600	0.402898
TRD	old	Pbre1_16G037200	Pbre1_13G035200	0.284651
PD	young	Pbre1_02G377400	Pbre1_02G378400	0.0316903
TD	old	Pbre1_02G437600	Pbre1_02G437800	0.367755
TRD	young	Pbre1_08G200800	Pbre1_07G222800	0.103471
TD	old	Pbre1_13G254600	Pbre1_13G254800	0.425577
TD	old	Pbre1_04G099400	Pbre1_04G099600	0.422107
TRD	old	Pbre1_11G404000	Pbre1_04G382400	0.266842
TD	old	Pbre1_11G411200	Pbre1_11G411400	0.113206
TD	old	Pbre1_01G335400	Pbre1_01G335600	0.168873
TD	old	Pbre1_10G295600	Pbre1_10G295800	0.199657
TD	young	Pbre1_11G271200	Pbre1_11G271400	0.106545
TRD	old	Pbre1_16G422200	Pbre1_13G412400	0.185392
TRD	old	Pbre1_01G289600	Pbre1_03G206400	0.223193
TD	old	Pbre1_05G253000	Pbre1_05G253200	0.399597
TRD	old	Pbre1_12G168800	Pbre1_13G306400	0.073394
TRD	young	Pbre1_09G003200	Pbre1_17G003000	0.0868016
TRD	old	Pbre1_07G092600	Pbre1_13G242000	0.129451
TRD	old	Pbre1_12G139800	Pbre1_04G235800	0.438004
PD	old	Pbre1_15G234200	Pbre1_15G234600	0.260656
TRD	old	Pbre1_07G491000	Pbre1_04G413200	0.378939
TRD	old	Pbre1_11G066400	Pbre1_03G077000	0.271502
TD	young	Pbre1_11G047000	Pbre1_11G047200	0.0340862
TD	old	Pbre1_13G300800	Pbre1_13G301000	0.438318
TRD	old	Pbre1_16G500200	Pbre1_04G035600	0.32383
TD	old	Pbre1_11G351800	Pbre1_11G352000	0.198041
TRD	old	Pbre1_17G090200	Pbre1_15G276800	0.168899
TRD	old	Pbre1_16G095600	Pbre1_13G094600	0.286517
TD	old	Pbre1_03G361800	Pbre1_03G362000	0.0584763
TRD	young	Pbre1_02G417400	Pbre1_02G412400	0.0111269
TD	young	Pbre1_08G094200	Pbre1_08G094400	0.039606
PD	young	Pbre1_07G035800	Pbre1_07G036200	0.0693234
PD	old	Pbre1_10G240800	Pbre1_10G241200	0.218433
TRD	old	Pbre1_05G082000	Pbre1_15G080400	0.27077
TRD	old	Pbre1_14G400600	Pbre1_06G363800	0.140591
TD	young	Pbre1_12G151200	Pbre1_12G151400	0.0903654
TD	young	Pbre1_14G311800	Pbre1_14G312000	0.0384374
PD	young	Pbre1_11G115200	Pbre1_11G116000	0.072504
TD	old	Pbre1_10G390600	Pbre1_10G390800	0.218682
TD	old	Pbre1_03G026200	Pbre1_03G026400	0.33696
TD	young	Pbre1_01G260800	Pbre1_01G261000	0.0905064
TRD	young	Pbre1_01G034000	Pbre1_12G068800	0.0604506
TRD	young	Pbre1_08G234400	Pbre1_08G081800	0.0218118
TRD	old	Pbre1_04G326200	Pbre1_12G353000	0.26719
TD	old	Pbre1_07G185400	Pbre1_07G185600	0.0202703
PD	old	Pbre1_10G373000	Pbre1_10G373400	0.121709
TRD	old	Pbre1_11G353600	Pbre1_15G758600	0.249668
PD	old	Pbre1_02G271600	Pbre1_02G272000	0.145403
TRD	old	Pbre1_10G167800	Pbre1_05G163200	0.314385
PD	young	Pbre1_08G172600	Pbre1_08G173600	0.0612496
PD	old	Pbre1_01G402000	Pbre1_01G402400	0.201949
TD	young	Pbre1_01G242200	Pbre1_01G242400	0.0409698
TD	young	Pbre1_05G193800	Pbre1_05G194000	0.0491925
TRD	old	Pbre1_07G198200	Pbre1_06G093200	0.13964
PD	young	Pbre1_15G692800	Pbre1_15G693800	0.0912453
TD	young	Pbre1_17G255400	Pbre1_17G255600	0.0242026
TRD	old	Pbre1_04G142400	Pbre1_07G196000	0.196674
TRD	old	Pbre1_17G488200	Pbre1_09G473000	0.207554
TRD	young	Pbre1_11G394600	Pbre1_13G471000	0.0133223
TD	old	Pbre1_04G056800	Pbre1_04G057000	0.42575
TRD	old	Pbre1_07G245600	Pbre1_09G185000	0.232249
PD	young	Pbre1_15G745200	Pbre1_15G745600	0.0365462
TRD	old	Pbre1_10G326800	Pbre1_03G142400	0.402012
TD	young	Pbre1_02G021000	Pbre1_02G021200	0.00248441
TRD	old	Pbre1_03G335600	Pbre1_11G361400	0.21865
PD	old	Pbre1_15G690400	Pbre1_15G690800	0.0561613
TRD	old	Pbre1_06G307000	Pbre1_06G275000	0.38031
PD	young	Pbre1_01G232600	Pbre1_01G233000	0.0172936
TRD	young	Pbre1_11G089400	Pbre1_08G041400	0.0572793
PD	young	Pbre1_04G309600	Pbre1_04G310800	0.0647913
PD	old	Pbre1_15G030400	Pbre1_15G030800	0.124157
TRD	old	Pbre1_05G321800	Pbre1_10G307600	0.242169
TRD	old	Pbre1_10G246000	Pbre1_10G238800	0.165832
TRD	old	Pbre1_17G308400	Pbre1_08G152800	0.300376
PD	young	Pbre1_16G488400	Pbre1_16G488800	0.0233832
TRD	young	Pbre1_15G553400	Pbre1_04G024800	0.0997359
TRD	old	Pbre1_14G187600	Pbre1_15G043200	0.341534
TRD	old	Pbre1_14G221400	Pbre1_06G178200	0.354292
TRD	old	Pbre1_06G034200	Pbre1_13G146000	0.373859
TD	old	Pbre1_13G048800	Pbre1_13G049000	0.175439
TRD	old	Pbre1_15G075800	Pbre1_15G065200	0.431122
TRD	old	Pbre1_16G339800	Pbre1_13G334600	0.265829
TD	old	Pbre1_09G108200	Pbre1_09G108400	0.28024
PD	old	Pbre1_05G108600	Pbre1_05G109200	0.346284
TRD	old	Pbre1_09G470000	Pbre1_05G455400	0.442274
TD	young	Pbre1_01G314600	Pbre1_01G314800	0.0844084
TD	young	Pbre1_03G416000	Pbre1_03G416200	0.00604566
TD	old	Pbre1_05G440000	Pbre1_05G440200	0.190808
TRD	old	Pbre1_09G074000	Pbre1_13G328000	0.277657
TD	old	Pbre1_03G404200	Pbre1_03G404400	0.120986
TD	old	Pbre1_17G163400	Pbre1_17G163600	0.144014
TD	old	Pbre1_02G429200	Pbre1_02G429400	0.132179
PD	young	Pbre1_15G299000	Pbre1_15G299800	0.0290864
TRD	old	Pbre1_17G508800	Pbre1_09G490400	0.234808
PD	old	Pbre1_04G335800	Pbre1_04G336600	0.389893
TRD	old	Pbre1_04G004000	Pbre1_09G046200	0.182375
PD	old	Pbre1_14G213400	Pbre1_14G213800	0.428247
TRD	old	Pbre1_11G255200	Pbre1_05G119600	0.277832
TRD	old	Pbre1_02G414200	Pbre1_10G535200	0.124966
TRD	old	Pbre1_17G226400	Pbre1_09G230600	0.265607
TRD	old	Pbre1_02G145600	Pbre1_02G126200	0.0268485
TD	old	Pbre1_09G056000	Pbre1_09G056200	0.382809
TRD	old	Pbre1_15G547600	Pbre1_02G282000	0.229528
TRD	old	Pbre1_01G075800	Pbre1_09G171600	0.195063
TRD	old	Pbre1_05G438400	Pbre1_15G778400	0.0674501
TRD	old	Pbre1_16G310400	Pbre1_13G309000	0.122013
TRD	old	Pbre1_14G368400	Pbre1_06G330600	0.122748
TD	old	Pbre1_15G283400	Pbre1_15G283600	0.415557
TRD	old	Pbre1_11G350800	Pbre1_03G326800	0.168503
TD	old	Pbre1_14G334800	Pbre1_14G335000	0.166832
PD	old	Pbre1_08G137800	Pbre1_08G138400	0.166733
PD	old	Pbre1_05G432000	Pbre1_05G432600	0.105592
TRD	old	Pbre1_17G409400	Pbre1_12G197200	0.43955
PD	old	Pbre1_05G242800	Pbre1_05G243200	0.272596
TD	old	Pbre1_05G181600	Pbre1_05G181800	0.167155
TRD	old	Pbre1_16G147400	Pbre1_13G142000	0.211654
TRD	old	Pbre1_14G399400	Pbre1_06G363200	0.180097
PD	old	Pbre1_10G245000	Pbre1_10G245600	0.1945
PD	old	Pbre1_05G251400	Pbre1_05G252000	0.342882
PD	old	Pbre1_12G380200	Pbre1_12G380600	0.34768
PD	young	Pbre1_08G332800	Pbre1_08G333400	0.086924
PD	young	Pbre1_06G211800	Pbre1_06G212200	0.0756748
TRD	old	Pbre1_13G053400	Pbre1_16G058000	0.181088
TD	young	Pbre1_12G370600	Pbre1_12G370800	0.0157793
TD	old	Pbre1_02G022800	Pbre1_02G023000	0.350167
TRD	old	Pbre1_16G463400	Pbre1_16G466000	0.12963
TD	young	Pbre1_15G720000	Pbre1_15G720200	0.0326614
TRD	old	Pbre1_10G378400	Pbre1_05G397600	0.251767
TRD	old	Pbre1_02G335600	Pbre1_10G317600	0.23668
TRD	old	Pbre1_16G435800	Pbre1_16G481000	0.115323
TRD	old	Pbre1_06G036800	Pbre1_17G473200	0.3753
TRD	old	Pbre1_06G256000	Pbre1_15G052400	0.165552
TRD	young	Pbre1_17G125200	Pbre1_10G161600	0.00485031
TRD	old	Pbre1_15G438800	Pbre1_02G202000	0.213948
PD	old	Pbre1_09G194400	Pbre1_09G194800	0.182188
PD	young	Pbre1_09G281800	Pbre1_09G282200	0.0534578
TRD	old	Pbre1_08G209400	Pbre1_14G453200	0.199149
PD	young	Pbre1_05G123200	Pbre1_05G123600	0.0540286
TD	old	Pbre1_13G073200	Pbre1_13G073400	0.14004
PD	young	Pbre1_11G162200	Pbre1_11G164000	0.0319957
TD	young	Pbre1_07G325800	Pbre1_07G326000	0.0895631
TD	young	Pbre1_10G341800	Pbre1_10G342000	0.0601457
TRD	old	Pbre1_09G375200	Pbre1_17G384400	0.15268
TRD	old	Pbre1_04G094600	Pbre1_06G242000	0.360712
PD	young	Pbre1_04G304400	Pbre1_04G305000	0.0433487
TRD	old	Pbre1_12G168200	Pbre1_12G171200	0.0553437
PD	young	Pbre1_04G294600	Pbre1_04G295000	0.0607401
TRD	old	Pbre1_06G146600	Pbre1_06G166000	0.319099
TRD	old	Pbre1_02G032600	Pbre1_08G018800	0.441264
TRD	old	Pbre1_05G174800	Pbre1_04G164000	0.150293
TD	old	Pbre1_04G236200	Pbre1_04G236400	0.394665
TD	old	Pbre1_08G295400	Pbre1_08G295600	0.470442
PD	old	Pbre1_05G089000	Pbre1_05G089600	0.291603
PD	old	Pbre1_13G195600	Pbre1_13G196000	0.234225
TD	young	Pbre1_07G491600	Pbre1_07G491800	0.0494343
TD	young	Pbre1_08G070400	Pbre1_08G070600	0.10876
TRD	old	Pbre1_03G004200	Pbre1_17G031400	0.325815
PD	old	Pbre1_15G459600	Pbre1_15G461000	0.203653
TD	young	Pbre1_14G201400	Pbre1_14G201600	0.0421978
TRD	old	Pbre1_01G076000	Pbre1_09G171600	0.473833
TRD	old	Pbre1_08G297800	Pbre1_17G106600	0.120887
TRD	old	Pbre1_13G304200	Pbre1_16G307200	0.17683
TRD	old	Pbre1_17G322800	Pbre1_05G475000	0.281777
TRD	old	Pbre1_17G142200	Pbre1_09G143600	0.229942
TD	young	Pbre1_04G039800	Pbre1_04G040000	0.0114501
TD	old	Pbre1_04G005000	Pbre1_04G005200	0.318141
TD	young	Pbre1_10G506400	Pbre1_10G506600	0.00315225
TRD	old	Pbre1_01G348200	Pbre1_08G098800	0.130621
PD	young	Pbre1_07G241200	Pbre1_07G241600	0.00548645
TRD	old	Pbre1_16G502200	Pbre1_06G003600	0.244364
PD	old	Pbre1_10G056600	Pbre1_10G057400	0.0120715
TD	old	Pbre1_09G076800	Pbre1_09G077000	0.276398
TRD	old	Pbre1_09G176600	Pbre1_17G174400	0.16471
TRD	young	Pbre1_01G115000	Pbre1_16G482400	0.02946
PD	young	Pbre1_02G253400	Pbre1_02G253800	0.0370209
PD	old	Pbre1_11G475000	Pbre1_11G475800	0.27594
PD	old	Pbre1_05G393000	Pbre1_05G393400	0.187293
TRD	old	Pbre1_08G380800	Pbre1_10G153400	0.210652
PD	old	Pbre1_12G358000	Pbre1_12G358600	0.130759
TD	old	Pbre1_08G232600	Pbre1_08G232800	0.256976
TD	old	Pbre1_09G258800	Pbre1_09G259000	0.146423
TRD	old	Pbre1_06G396800	Pbre1_06G388400	0.331399
TRD	old	Pbre1_17G240200	Pbre1_09G246800	0.472677
TRD	old	Pbre1_13G196800	Pbre1_10G318400	0.312346
TD	old	Pbre1_01G270400	Pbre1_01G270600	0.150484
TD	old	Pbre1_13G245200	Pbre1_13G245400	0.247499
TD	young	Pbre1_05G181000	Pbre1_05G181200	0.00868952
TRD	old	Pbre1_09G375000	Pbre1_17G385600	0.111394
PD	young	Pbre1_14G173400	Pbre1_14G174200	0.0735042
TD	young	Pbre1_10G409600	Pbre1_10G409800	0.0883336
PD	old	Pbre1_17G390200	Pbre1_17G391200	0.471332
TRD	old	Pbre1_03G106000	Pbre1_11G109200	0.115024
TD	young	Pbre1_11G254800	Pbre1_11G255000	0.0704626
TD	young	Pbre1_15G246200	Pbre1_15G246400	0.100335
TRD	old	Pbre1_04G143400	Pbre1_06G104600	0.198231
PD	old	Pbre1_11G034000	Pbre1_11G034400	0.471218
TRD	young	Pbre1_17G019000	Pbre1_17G422200	0.0337978
TRD	old	Pbre1_15G320000	Pbre1_04G165400	0.437093
TRD	old	Pbre1_11G214800	Pbre1_16G329600	0.415627
TRD	old	Pbre1_07G100800	Pbre1_07G103400	0.117271
PD	old	Pbre1_04G215800	Pbre1_04G217000	0.0173741
PD	old	Pbre1_03G426200	Pbre1_03G426800	0.261537
PD	young	Pbre1_08G056200	Pbre1_08G056800	0.0535304
PD	old	Pbre1_12G315400	Pbre1_12G316000	0.448297
PD	old	Pbre1_17G018600	Pbre1_17G019400	0.120171
TRD	old	Pbre1_09G390200	Pbre1_17G403600	0.201742
TD	young	Pbre1_03G370200	Pbre1_03G370400	0.101251
TD	young	Pbre1_04G070200	Pbre1_04G070400	0.0243314
TRD	old	Pbre1_15G092400	Pbre1_08G120400	0.183372
PD	old	Pbre1_17G220400	Pbre1_17G220800	0.185383
TRD	old	Pbre1_12G050600	Pbre1_10G130800	0.0695169
TD	old	Pbre1_03G445800	Pbre1_03G446000	0.154947
TRD	old	Pbre1_07G169600	Pbre1_12G369000	0.330667
PD	old	Pbre1_12G159000	Pbre1_12G160600	0.299637
TD	old	Pbre1_17G170600	Pbre1_17G170800	0.181289
TRD	old	Pbre1_06G143600	Pbre1_14G189200	0.188318
PD	old	Pbre1_08G089800	Pbre1_08G090400	0.215929
TD	young	Pbre1_03G030600	Pbre1_03G030800	0.10612
PD	young	Pbre1_07G392600	Pbre1_07G393400	0.0495636
TD	old	Pbre1_01G222000	Pbre1_01G222200	0.1646
PD	old	Pbre1_16G334200	Pbre1_16G334800	0.327378
PD	old	Pbre1_15G459800	Pbre1_15G461000	0.376451
TD	old	Pbre1_15G759000	Pbre1_15G759200	0.159214
TD	old	Pbre1_01G125400	Pbre1_01G125600	0.255963
PD	young	Pbre1_05G038600	Pbre1_05G039600	0.0778034
TRD	old	Pbre1_08G277000	Pbre1_15G628000	0.114213
TRD	old	Pbre1_06G022400	Pbre1_11G198400	0.289011
TRD	old	Pbre1_07G164000	Pbre1_07G193200	0.351459
TD	old	Pbre1_12G420600	Pbre1_12G420800	0.0803124
TD	old	Pbre1_01G197200	Pbre1_01G197400	0.125233
PD	old	Pbre1_16G450600	Pbre1_16G451400	0.250909
TRD	old	Pbre1_07G020400	Pbre1_07G335000	0.0838868
TRD	old	Pbre1_02G192000	Pbre1_05G291800	0.206945
PD	old	Pbre1_10G198800	Pbre1_10G199600	0.212699
TD	old	Pbre1_15G030000	Pbre1_15G030200	0.321788
TD	young	Pbre1_08G139200	Pbre1_08G139400	0.0271102
PD	young	Pbre1_15G246000	Pbre1_15G246600	0.0484605
TRD	old	Pbre1_09G216000	Pbre1_09G164200	0.263091
TD	young	Pbre1_07G029400	Pbre1_07G029600	0.0767283
TD	young	Pbre1_03G445600	Pbre1_03G445800	0.0168432
PD	old	Pbre1_07G158400	Pbre1_07G160000	0.202124
TRD	old	Pbre1_02G145800	Pbre1_02G126600	0.0615125
TRD	old	Pbre1_12G315800	Pbre1_01G353200	0.209887
TRD	old	Pbre1_11G299400	Pbre1_03G275400	0.27117
TRD	old	Pbre1_17G189600	Pbre1_09G194000	0.193859
PD	old	Pbre1_06G075400	Pbre1_06G075800	0.38174
PD	old	Pbre1_16G162000	Pbre1_16G162400	0.340755
TD	old	Pbre1_02G067000	Pbre1_02G067200	0.274297
TRD	old	Pbre1_07G021800	Pbre1_07G026600	0.196878
TD	old	Pbre1_11G039200	Pbre1_11G039400	0.358223
TD	old	Pbre1_15G384600	Pbre1_15G384800	0.151507
TRD	young	Pbre1_16G498800	Pbre1_15G614800	0.00329046
TD	old	Pbre1_05G513600	Pbre1_05G513800	0.131656
TD	old	Pbre1_01G388000	Pbre1_01G388200	0.156579
TD	young	Pbre1_11G403200	Pbre1_11G403400	0.0799624
TD	old	Pbre1_04G298600	Pbre1_04G298800	0.0813845
TD	old	Pbre1_09G226400	Pbre1_09G226600	0.430925
TD	old	Pbre1_14G114800	Pbre1_14G115000	0.390872
PD	old	Pbre1_17G145800	Pbre1_17G146200	0.157449
TRD	old	Pbre1_16G365400	Pbre1_10G484600	0.360979
TRD	old	Pbre1_09G039800	Pbre1_04G138600	0.369114
TD	old	Pbre1_10G382600	Pbre1_10G382800	0.126474
TRD	old	Pbre1_07G427000	Pbre1_01G352400	0.176442
TD	young	Pbre1_06G313600	Pbre1_06G313800	0.0504999
TD	old	Pbre1_16G204600	Pbre1_16G204800	0.444134
TD	old	Pbre1_13G089000	Pbre1_13G089200	0.442555
PD	old	Pbre1_02G488000	Pbre1_02G489800	0.469834
TRD	old	Pbre1_07G184200	Pbre1_15G219000	0.350594
TRD	old	Pbre1_11G127400	Pbre1_11G180000	0.438904
PD	young	Pbre1_02G060800	Pbre1_02G062400	0.0699506
PD	old	Pbre1_08G313400	Pbre1_08G313800	0.137268
TRD	young	Pbre1_06G166600	Pbre1_15G486200	0.111325
TRD	old	Pbre1_13G067600	Pbre1_13G032000	0.106204
TD	old	Pbre1_11G130000	Pbre1_11G130200	0.271269
TRD	young	Pbre1_01G115200	Pbre1_16G482400	0.0335
PD	young	Pbre1_10G537000	Pbre1_10G537600	0.0319365
TRD	old	Pbre1_17G082400	Pbre1_05G568800	0.405916
TRD	old	Pbre1_05G028200	Pbre1_10G026400	0.242664
PD	young	Pbre1_01G233000	Pbre1_01G233400	0.0322907
TRD	young	Pbre1_17G018800	Pbre1_17G422200	0.0467979
TD	old	Pbre1_13G088200	Pbre1_13G088400	0.164952
TD	old	Pbre1_08G387400	Pbre1_08G387600	0.119845
TD	old	Pbre1_11G159200	Pbre1_11G159400	0.370421
TRD	old	Pbre1_12G427400	Pbre1_04G401600	0.319339
TRD	old	Pbre1_03G240600	Pbre1_10G572400	0.2054
TD	young	Pbre1_12G370400	Pbre1_12G370600	0.0455531
TD	young	Pbre1_07G202600	Pbre1_07G202800	0.108309
TRD	young	Pbre1_02G036200	Pbre1_02G060600	0.10032
TD	young	Pbre1_07G210400	Pbre1_07G210600	0.076797
TD	old	Pbre1_02G194200	Pbre1_02G194400	0.440715
TD	young	Pbre1_03G071800	Pbre1_03G072000	0.0659787
PD	old	Pbre1_11G045800	Pbre1_11G047000	0.312462
TRD	old	Pbre1_12G349400	Pbre1_04G322400	0.191851
TD	old	Pbre1_03G074400	Pbre1_03G074600	0.177156
PD	old	Pbre1_07G348200	Pbre1_07G348600	0.221243
TD	old	Pbre1_09G122400	Pbre1_09G122600	0.122619
TRD	old	Pbre1_10G347400	Pbre1_02G069800	0.243097
TRD	old	Pbre1_10G180600	Pbre1_05G177400	0.157672
TRD	old	Pbre1_06G097800	Pbre1_16G504000	0.395211
TRD	old	Pbre1_05G002800	Pbre1_10G002800	0.313222
PD	old	Pbre1_12G331200	Pbre1_12G331600	0.467514
PD	young	Pbre1_13G444400	Pbre1_13G446200	0.0198538
PD	young	Pbre1_02G340000	Pbre1_02G340400	0.00487988
PD	young	Pbre1_11G517200	Pbre1_11G517800	0.07873
TRD	old	Pbre1_03G250600	Pbre1_11G272200	0.20825
TD	old	Pbre1_17G429800	Pbre1_17G430000	0.35617
TRD	old	Pbre1_10G190400	Pbre1_07G193800	0.256811
TD	old	Pbre1_02G045000	Pbre1_02G045200	0.438968
TRD	old	Pbre1_01G165000	Pbre1_07G244800	0.3101
TRD	young	Pbre1_02G484800	Pbre1_15G539000	0.0854432
TRD	old	Pbre1_10G068600	Pbre1_16G106400	0.189473
TRD	old	Pbre1_13G447200	Pbre1_16G438400	0.137397
TD	young	Pbre1_10G420600	Pbre1_10G420800	0.0109703
TD	old	Pbre1_05G023200	Pbre1_05G023400	0.457667
TD	old	Pbre1_14G432000	Pbre1_14G432200	0.154589
TRD	old	Pbre1_04G358800	Pbre1_10G129600	0.153791
TD	old	Pbre1_11G355200	Pbre1_11G355400	0.164541
TD	old	Pbre1_13G054400	Pbre1_13G054600	0.127674
TRD	old	Pbre1_08G072000	Pbre1_14G167600	0.420476
PD	old	Pbre1_10G491400	Pbre1_10G492200	0.0743471
TRD	old	Pbre1_14G118800	Pbre1_12G116400	0.271776
PD	old	Pbre1_02G173000	Pbre1_02G173400	0.199711
PD	young	Pbre1_08G036800	Pbre1_08G037200	0.0102965
TD	young	Pbre1_09G228400	Pbre1_09G228600	0.033339
TRD	old	Pbre1_08G010800	Pbre1_06G088400	0.367307
TD	young	Pbre1_17G265600	Pbre1_17G265800	0.0719808
TD	old	Pbre1_01G324800	Pbre1_01G325000	0.120171
TD	old	Pbre1_04G236000	Pbre1_04G236200	0.277766
TRD	old	Pbre1_14G119000	Pbre1_12G116400	0.116294
PD	old	Pbre1_17G449800	Pbre1_17G451000	0.226633
PD	young	Pbre1_17G210400	Pbre1_17G211200	0.0327472
TRD	old	Pbre1_07G477800	Pbre1_01G403400	0.349824
PD	old	Pbre1_08G056400	Pbre1_08G057000	0.170278
PD	old	Pbre1_11G029200	Pbre1_11G030200	0.163074
PD	old	Pbre1_05G436400	Pbre1_05G437000	0.209429
TRD	young	Pbre1_15G734800	Pbre1_09G335400	0.0654041
TD	old	Pbre1_08G058000	Pbre1_08G058200	0.415066
TD	old	Pbre1_03G370600	Pbre1_03G370800	0.292645
TRD	old	Pbre1_17G181000	Pbre1_16G013000	0.304826
TD	old	Pbre1_04G288000	Pbre1_04G288200	0.41864
TRD	old	Pbre1_08G246600	Pbre1_15G217400	0.375711
TD	old	Pbre1_08G109000	Pbre1_08G109200	0.358305
TD	young	Pbre1_07G091400	Pbre1_07G091600	0.0134554
TD	old	Pbre1_14G333800	Pbre1_14G334000	0.153762
TD	old	Pbre1_10G569800	Pbre1_10G570000	0.257316
TRD	old	Pbre1_07G217600	Pbre1_07G026600	0.2311
PD	old	Pbre1_05G371200	Pbre1_05G371600	0.333646
PD	young	Pbre1_03G376800	Pbre1_03G377200	0.048432
TD	young	Pbre1_10G482600	Pbre1_10G482800	0.00770499
TRD	old	Pbre1_03G212800	Pbre1_11G356200	0.321875
TRD	old	Pbre1_05G032000	Pbre1_17G387000	0.25063
TD	young	Pbre1_05G246000	Pbre1_05G246200	0.00936778
TD	young	Pbre1_16G459400	Pbre1_16G459600	0.00594738
TD	young	Pbre1_09G236200	Pbre1_09G236400	0.0391222
PD	old	Pbre1_05G088400	Pbre1_05G089000	0.0272207
TRD	old	Pbre1_15G570800	Pbre1_02G337200	0.190526
TRD	old	Pbre1_11G423400	Pbre1_11G218200	0.158322
TRD	old	Pbre1_08G237600	Pbre1_01G192000	0.13322
PD	old	Pbre1_01G145600	Pbre1_01G146000	0.220444
PD	old	Pbre1_11G283800	Pbre1_11G285200	0.237593
TRD	old	Pbre1_08G230800	Pbre1_02G205200	0.244131
PD	young	Pbre1_14G201400	Pbre1_14G201800	0.0798227
TRD	old	Pbre1_03G384200	Pbre1_14G064000	0.126197
TD	young	Pbre1_15G720600	Pbre1_15G720800	0.0190256
TD	young	Pbre1_01G140800	Pbre1_01G141000	0.111278
TD	young	Pbre1_10G019000	Pbre1_10G019200	0.0961184
PD	old	Pbre1_14G213600	Pbre1_14G214200	0.358435
TRD	old	Pbre1_07G112800	Pbre1_07G499400	0.110623
TRD	young	Pbre1_03G450600	Pbre1_16G372600	0.043901
TRD	old	Pbre1_04G078600	Pbre1_04G252200	0.450468
TRD	old	Pbre1_10G153200	Pbre1_08G112200	0.390714
TRD	old	Pbre1_08G408800	Pbre1_08G415600	0.0923371
TRD	old	Pbre1_05G214000	Pbre1_17G459000	0.14281
TD	old	Pbre1_07G114800	Pbre1_07G115000	0.256928
TD	old	Pbre1_13G245000	Pbre1_13G245200	0.195309
PD	young	Pbre1_15G298600	Pbre1_15G299000	0.015606
PD	young	Pbre1_09G280800	Pbre1_09G281800	0.0171008
PD	old	Pbre1_06G281800	Pbre1_06G283000	0.47189
TRD	old	Pbre1_11G391600	Pbre1_03G370000	0.153657
TRD	old	Pbre1_13G096400	Pbre1_13G152200	0.298306
TRD	old	Pbre1_06G153600	Pbre1_01G329000	0.303384
PD	young	Pbre1_14G082800	Pbre1_14G084000	0.0754964
TD	old	Pbre1_08G366800	Pbre1_08G367000	0.122419
TRD	old	Pbre1_10G098000	Pbre1_07G470200	0.382583
TD	old	Pbre1_11G409000	Pbre1_11G409200	0.223609
TRD	old	Pbre1_10G081000	Pbre1_13G092400	0.321267
TRD	old	Pbre1_05G088000	Pbre1_10G093000	0.238838
TD	young	Pbre1_04G017600	Pbre1_04G017800	0.0465928
TD	old	Pbre1_03G150200	Pbre1_03G150400	0.392055
TD	young	Pbre1_09G255200	Pbre1_09G255400	0.102582
TRD	old	Pbre1_07G000200	Pbre1_08G127600	0.228969
TRD	old	Pbre1_09G282000	Pbre1_10G368200	0.395485
TD	old	Pbre1_12G324800	Pbre1_12G325000	0.155708
TRD	young	Pbre1_11G456400	Pbre1_09G076000	0.0994813
TRD	old	Pbre1_10G266800	Pbre1_05G272600	0.227177
TRD	old	Pbre1_13G345600	Pbre1_16G354600	0.255608
TRD	old	Pbre1_17G149000	Pbre1_09G151800	0.113045
TRD	old	Pbre1_17G265200	Pbre1_15G039000	0.437118
TD	old	Pbre1_05G032800	Pbre1_05G033000	0.423678
TRD	old	Pbre1_17G488400	Pbre1_09G473800	0.155432
PD	old	Pbre1_02G411800	Pbre1_02G412600	0.135146
TD	young	Pbre1_01G227800	Pbre1_01G228000	0.0893181
TD	old	Pbre1_14G052400	Pbre1_14G052600	0.124894
TD	old	Pbre1_09G402000	Pbre1_09G402200	0.00864786
PD	old	Pbre1_11G033800	Pbre1_11G034400	0.0629093
TRD	young	Pbre1_10G499000	Pbre1_03G081600	0.104651
TRD	young	Pbre1_17G265000	Pbre1_08G043800	0.0324253
TRD	old	Pbre1_12G294400	Pbre1_14G003800	0.44343
TD	young	Pbre1_05G010800	Pbre1_05G011000	0.0383049
TRD	old	Pbre1_05G430600	Pbre1_10G410600	0.206733
TRD	young	Pbre1_03G209400	Pbre1_09G405800	0.0649794
PD	young	Pbre1_08G257200	Pbre1_08G257600	0.0295147
TRD	old	Pbre1_08G351200	Pbre1_10G364800	0.425402
TD	young	Pbre1_10G080400	Pbre1_10G080600	0.0661459
TD	old	Pbre1_04G235800	Pbre1_04G236000	0.257581
TRD	old	Pbre1_06G100000	Pbre1_09G490800	0.213856
PD	old	Pbre1_02G038200	Pbre1_02G038600	0.116919
TD	old	Pbre1_06G170400	Pbre1_06G170600	0.179033
TD	young	Pbre1_08G340400	Pbre1_08G340600	0.0892005
TRD	old	Pbre1_12G140600	Pbre1_04G040200	0.317956
TRD	old	Pbre1_03G333800	Pbre1_01G345800	0.41164
TD	young	Pbre1_03G366400	Pbre1_03G366600	0.0338418
PD	old	Pbre1_01G426200	Pbre1_01G426600	0.135695
PD	young	Pbre1_05G541400	Pbre1_05G541800	0.0254303
TD	young	Pbre1_11G448600	Pbre1_11G448800	0.042173
TRD	old	Pbre1_15G339000	Pbre1_04G347200	0.388549
TRD	old	Pbre1_04G272000	Pbre1_16G029600	0.299488
TRD	old	Pbre1_17G450400	Pbre1_02G395400	0.319988
PD	young	Pbre1_02G452400	Pbre1_02G453200	0.0826046
TD	young	Pbre1_15G769200	Pbre1_15G769400	0.056584
PD	young	Pbre1_06G380800	Pbre1_06G381200	1.77032e-06
TRD	old	Pbre1_14G370800	Pbre1_10G472600	0.168638
TRD	young	Pbre1_02G012400	Pbre1_15G263800	0.0930762
TRD	old	Pbre1_04G286600	Pbre1_13G029600	0.350637
PD	old	Pbre1_09G137400	Pbre1_09G137800	0.209586
TD	young	Pbre1_03G471200	Pbre1_03G471400	0.069836
TRD	young	Pbre1_17G264800	Pbre1_08G044000	0.080386
TD	old	Pbre1_10G460200	Pbre1_10G460400	0.138674
TRD	old	Pbre1_11G393800	Pbre1_01G151800	0.298163
PD	young	Pbre1_07G015600	Pbre1_07G016200	0.0937259
TD	old	Pbre1_05G037200	Pbre1_05G037400	0.407803
PD	old	Pbre1_11G345000	Pbre1_11G345400	0.143469
TRD	old	Pbre1_11G055800	Pbre1_03G052000	0.207489
TD	old	Pbre1_15G412200	Pbre1_15G412400	0.127811
TRD	old	Pbre1_03G409000	Pbre1_11G438000	0.0793448
TD	young	Pbre1_12G312000	Pbre1_12G312200	0.0142853
PD	old	Pbre1_02G376400	Pbre1_02G377800	0.12618
TD	young	Pbre1_06G005600	Pbre1_06G005800	0.0876736
TRD	old	Pbre1_10G543200	Pbre1_17G440400	0.23722
TD	young	Pbre1_06G237600	Pbre1_06G237800	0.0435476
TRD	old	Pbre1_10G315000	Pbre1_10G368200	0.365703
PD	old	Pbre1_02G395600	Pbre1_02G396400	0.249797
PD	old	Pbre1_09G460400	Pbre1_09G461000	0.203626
TD	young	Pbre1_04G060000	Pbre1_04G060200	0.0166263
TRD	old	Pbre1_05G022600	Pbre1_10G022000	0.248202
TD	old	Pbre1_11G408600	Pbre1_11G408800	0.159151
TD	old	Pbre1_09G156000	Pbre1_09G156200	0.199296
PD	old	Pbre1_08G146000	Pbre1_08G146400	0.3656
PD	old	Pbre1_01G325400	Pbre1_01G326000	0.103898
TRD	old	Pbre1_06G143800	Pbre1_14G189000	0.203969
TRD	old	Pbre1_07G367600	Pbre1_12G417600	0.26093
TD	young	Pbre1_02G311800	Pbre1_02G312000	0.0424068
TD	young	Pbre1_06G014200	Pbre1_06G014400	0.0722881
PD	young	Pbre1_15G733000	Pbre1_15G733800	0.0638886
TRD	old	Pbre1_04G004000	Pbre1_17G046600	0.341626
PD	young	Pbre1_08G340400	Pbre1_08G340800	0.044528
TD	old	Pbre1_02G477400	Pbre1_02G477600	0.13629
TD	old	Pbre1_07G042400	Pbre1_07G042600	0.252071
TD	young	Pbre1_01G201400	Pbre1_01G201600	0.108338
PD	old	Pbre1_07G027400	Pbre1_07G027800	0.0513566
TD	old	Pbre1_02G217200	Pbre1_02G217400	0.178092
TRD	young	Pbre1_07G197000	Pbre1_05G152400	0.00485137
TD	old	Pbre1_02G470600	Pbre1_02G470800	0.333231
TRD	old	Pbre1_01G045000	Pbre1_10G029600	0.252613
TRD	old	Pbre1_07G280200	Pbre1_06G029000	0.220269
TD	old	Pbre1_04G247800	Pbre1_04G248000	0.231626
PD	old	Pbre1_07G159400	Pbre1_07G160200	0.141649
TRD	old	Pbre1_07G228400	Pbre1_01G148200	0.196449
TRD	old	Pbre1_16G253800	Pbre1_04G231200	0.178488
TD	old	Pbre1_03G338000	Pbre1_03G338200	0.320802
TRD	old	Pbre1_06G269600	Pbre1_14G306400	0.221915
TD	old	Pbre1_10G059800	Pbre1_10G060000	0.112358
TD	old	Pbre1_10G462000	Pbre1_10G462200	0.363552
TRD	old	Pbre1_15G609800	Pbre1_04G118600	0.18257
TRD	old	Pbre1_16G421600	Pbre1_13G412000	0.286598
TRD	old	Pbre1_10G245800	Pbre1_05G250000	0.314808
TRD	old	Pbre1_08G260400	Pbre1_15G237000	0.297677
TD	young	Pbre1_07G056400	Pbre1_07G056600	0.0631981
PD	young	Pbre1_16G513600	Pbre1_16G514400	0.00256503
TD	young	Pbre1_03G046400	Pbre1_03G046600	0.0316547
TRD	old	Pbre1_04G162600	Pbre1_10G244800	0.153932
TD	young	Pbre1_02G381000	Pbre1_02G381200	0.019071
TRD	young	Pbre1_06G052600	Pbre1_13G152200	0.0820463
TD	young	Pbre1_16G149600	Pbre1_16G149800	0.0663126
TRD	young	Pbre1_07G094800	Pbre1_11G356200	0.111016
PD	young	Pbre1_05G574600	Pbre1_05G575200	0.00941876
TD	young	Pbre1_08G182400	Pbre1_08G182600	0.0900936
TD	old	Pbre1_01G368400	Pbre1_01G368600	0.426269
PD	old	Pbre1_14G311400	Pbre1_14G311800	0.14331
TD	old	Pbre1_10G423400	Pbre1_10G423600	0.147705
TD	young	Pbre1_04G061400	Pbre1_04G061600	0.0463807
PD	old	Pbre1_15G488800	Pbre1_15G489800	0.204491
TRD	old	Pbre1_07G102000	Pbre1_02G255800	0.17935
PD	old	Pbre1_09G392600	Pbre1_09G393200	0.137477
TD	young	Pbre1_06G047600	Pbre1_06G047800	0.0134275
TRD	old	Pbre1_09G374400	Pbre1_17G394600	0.11694
TRD	old	Pbre1_16G035200	Pbre1_13G033600	0.136115
TRD	old	Pbre1_07G245800	Pbre1_09G185000	0.166499
TD	old	Pbre1_17G033200	Pbre1_17G033400	0.399214
TD	old	Pbre1_03G463600	Pbre1_03G463800	0.108445
TD	old	Pbre1_15G063800	Pbre1_15G064000	0.181458
TRD	old	Pbre1_03G227600	Pbre1_11G250000	0.152088
TD	young	Pbre1_06G072200	Pbre1_06G072400	0.0427122
TRD	old	Pbre1_11G457800	Pbre1_04G102800	0.157934
PD	old	Pbre1_06G030000	Pbre1_06G030600	0.213459
TRD	old	Pbre1_04G014200	Pbre1_16G441800	0.312805
TRD	old	Pbre1_13G252000	Pbre1_16G257000	0.162101
TRD	old	Pbre1_14G300600	Pbre1_15G064200	0.464874
PD	young	Pbre1_03G037200	Pbre1_03G037600	0.0960125
TRD	old	Pbre1_10G315200	Pbre1_05G361200	0.20397
TRD	old	Pbre1_15G376400	Pbre1_17G015400	0.426108
TD	young	Pbre1_03G064800	Pbre1_03G065000	0.0701039
TD	young	Pbre1_10G578400	Pbre1_10G578600	0.103691
TRD	old	Pbre1_03G481000	Pbre1_10G515000	0.323826
TRD	old	Pbre1_06G402200	Pbre1_16G084400	0.4234
TD	young	Pbre1_03G413400	Pbre1_03G413600	0.101115
TD	old	Pbre1_03G062400	Pbre1_03G062600	0.380866
TRD	old	Pbre1_04G128800	Pbre1_13G304400	0.447114
TRD	old	Pbre1_13G378800	Pbre1_16G381200	0.350971
TD	old	Pbre1_11G163400	Pbre1_11G163600	0.116019
TRD	old	Pbre1_16G446800	Pbre1_04G362600	0.33423
TRD	old	Pbre1_05G196600	Pbre1_11G204800	0.235225
TRD	old	Pbre1_15G628800	Pbre1_16G190400	0.227821
PD	young	Pbre1_09G198400	Pbre1_09G199000	0.104476
TD	old	Pbre1_02G507600	Pbre1_02G507800	0.144359
TRD	old	Pbre1_03G059000	Pbre1_16G372600	0.397447
TRD	old	Pbre1_06G139600	Pbre1_11G218200	0.174635
TRD	old	Pbre1_01G117400	Pbre1_07G206600	0.173828
TD	young	Pbre1_02G072200	Pbre1_02G072400	0.0154496
PD	old	Pbre1_12G283600	Pbre1_12G284000	0.209558
PD	young	Pbre1_04G016600	Pbre1_04G017000	0.0676309
PD	young	Pbre1_05G231200	Pbre1_05G231600	0.0797194
PD	old	Pbre1_07G147000	Pbre1_07G147400	0.333548
TD	young	Pbre1_06G095600	Pbre1_06G095800	0.0927148
TD	young	Pbre1_05G190600	Pbre1_05G190800	0.0090292
PD	young	Pbre1_17G416200	Pbre1_17G417000	0.0534442
TD	old	Pbre1_09G255400	Pbre1_09G255600	0.37768
TD	old	Pbre1_11G449800	Pbre1_11G450000	0.146631
PD	young	Pbre1_13G096800	Pbre1_13G097200	0.112174
TRD	old	Pbre1_02G141000	Pbre1_09G306000	0.429152
TRD	old	Pbre1_11G033600	Pbre1_03G027200	0.18947
PD	young	Pbre1_02G177800	Pbre1_02G178200	0.0884411
PD	old	Pbre1_02G488400	Pbre1_02G490000	0.148258
TRD	old	Pbre1_12G142400	Pbre1_13G001200	0.220801
PD	young	Pbre1_05G134400	Pbre1_05G136000	0.0792098
TD	old	Pbre1_14G427000	Pbre1_14G427200	0.153439
TD	old	Pbre1_06G233000	Pbre1_06G233200	0.437974
PD	old	Pbre1_03G057600	Pbre1_03G058000	0.257127
TD	old	Pbre1_09G341600	Pbre1_09G341800	0.388047
TRD	young	Pbre1_06G080400	Pbre1_04G093200	0.0992541
PD	young	Pbre1_02G420400	Pbre1_02G421000	0.0531142
TD	old	Pbre1_05G441200	Pbre1_05G441400	0.325787
PD	old	Pbre1_10G175000	Pbre1_10G175400	0.142175
TRD	young	Pbre1_17G455000	Pbre1_02G505200	0.0710521
PD	old	Pbre1_08G076800	Pbre1_08G077800	0.14924
TD	old	Pbre1_17G019400	Pbre1_17G019600	0.125908
PD	young	Pbre1_16G410600	Pbre1_16G411200	0.0128294
PD	old	Pbre1_13G437200	Pbre1_13G437600	0.22111
PD	young	Pbre1_11G295400	Pbre1_11G297200	0.0255534
TD	old	Pbre1_06G216400	Pbre1_06G216600	0.169261
TD	young	Pbre1_05G010600	Pbre1_05G010800	0.0262518
TD	young	Pbre1_08G012800	Pbre1_08G013000	0.110365
TD	young	Pbre1_09G207400	Pbre1_09G207600	0.104473
PD	old	Pbre1_13G195800	Pbre1_13G196600	0.119207
TRD	old	Pbre1_03G424000	Pbre1_11G458200	0.150284
PD	old	Pbre1_02G151200	Pbre1_02G152200	0.349068
TD	young	Pbre1_09G210400	Pbre1_09G210600	0.0997089
PD	young	Pbre1_03G121600	Pbre1_03G122000	0.0924909
TRD	old	Pbre1_16G310600	Pbre1_13G309000	0.442124
PD	old	Pbre1_07G061000	Pbre1_07G061600	0.312233
TRD	old	Pbre1_09G064800	Pbre1_02G252600	0.129219
TRD	young	Pbre1_07G129600	Pbre1_08G201800	0.0112988
TD	young	Pbre1_10G212200	Pbre1_10G212400	0.0250149
TD	old	Pbre1_07G061200	Pbre1_07G061400	0.28032
TD	old	Pbre1_05G390000	Pbre1_05G390200	0.372979
PD	old	Pbre1_06G311000	Pbre1_06G311400	0.455119
TD	old	Pbre1_11G093200	Pbre1_11G093400	0.133731
TRD	old	Pbre1_15G734600	Pbre1_09G335600	0.0739447
PD	old	Pbre1_10G172400	Pbre1_10G173600	0.100307
PD	young	Pbre1_12G276000	Pbre1_12G276400	0.0561766
PD	old	Pbre1_01G193200	Pbre1_01G193600	0.372099
TD	young	Pbre1_02G310400	Pbre1_02G310600	0.0900665
TRD	old	Pbre1_15G498400	Pbre1_08G382600	0.353846
TRD	old	Pbre1_02G467200	Pbre1_07G040600	0.362818
TD	young	Pbre1_09G267800	Pbre1_09G268000	0.111492
PD	young	Pbre1_14G279200	Pbre1_14G279600	0.0772723
TD	young	Pbre1_16G281400	Pbre1_16G281600	0.0173149
TRD	old	Pbre1_12G401000	Pbre1_04G374800	0.212975
TD	young	Pbre1_01G192400	Pbre1_01G192600	0.0229221
TRD	old	Pbre1_03G112200	Pbre1_05G283600	0.112597
TD	young	Pbre1_08G036000	Pbre1_08G036200	0.0358608
TD	young	Pbre1_05G346800	Pbre1_05G347000	0.0394473
PD	young	Pbre1_03G410000	Pbre1_03G410400	0.00471442
TD	old	Pbre1_01G110600	Pbre1_01G110800	0.112414
TD	old	Pbre1_09G221600	Pbre1_09G221800	0.0919872
TD	old	Pbre1_11G181200	Pbre1_11G181400	0.274813
PD	old	Pbre1_05G449800	Pbre1_05G450200	0.115558
TD	young	Pbre1_10G410000	Pbre1_10G410200	0.106651
PD	old	Pbre1_02G436800	Pbre1_02G437600	0.329831
PD	old	Pbre1_17G115800	Pbre1_17G117400	0.0338823
TRD	old	Pbre1_13G133600	Pbre1_16G139600	0.223403
PD	old	Pbre1_01G236200	Pbre1_01G236800	0.150081
PD	old	Pbre1_14G080800	Pbre1_14G081200	0.285293
PD	old	Pbre1_09G398800	Pbre1_09G399200	0.12834
PD	young	Pbre1_02G020800	Pbre1_02G021400	0.0485499
TD	old	Pbre1_06G317400	Pbre1_06G317600	0.368936
TRD	old	Pbre1_09G325800	Pbre1_07G454000	0.295343
TRD	old	Pbre1_02G040800	Pbre1_15G514800	0.071676
TD	young	Pbre1_17G131200	Pbre1_17G131400	0.0212837
TRD	old	Pbre1_05G367200	Pbre1_05G371000	0.209941
TRD	old	Pbre1_09G473200	Pbre1_02G348800	0.327442
PD	young	Pbre1_08G183000	Pbre1_08G183400	0.0710618
TRD	young	Pbre1_12G143400	Pbre1_12G231400	0.0791133
TRD	old	Pbre1_05G052000	Pbre1_05G057000	0.0474088
PD	old	Pbre1_16G241800	Pbre1_16G242200	0.411733
TRD	old	Pbre1_14G364200	Pbre1_06G327600	0.161876
TRD	old	Pbre1_13G163600	Pbre1_16G170800	0.201378
TRD	old	Pbre1_15G163400	Pbre1_08G185400	0.36842
TD	old	Pbre1_09G100800	Pbre1_09G101000	0.228539
TD	old	Pbre1_10G310000	Pbre1_10G310200	0.264892
PD	old	Pbre1_10G461600	Pbre1_10G462200	0.316787
TD	young	Pbre1_08G123800	Pbre1_08G124000	0.0212643
PD	young	Pbre1_02G218200	Pbre1_02G218800	0.0968364
PD	young	Pbre1_17G083800	Pbre1_17G084200	0.105189
TD	old	Pbre1_02G363200	Pbre1_02G363400	0.130485
TD	old	Pbre1_03G046600	Pbre1_03G046800	0.112415
PD	old	Pbre1_04G229200	Pbre1_04G229600	0.469592
TRD	old	Pbre1_09G171200	Pbre1_17G499800	0.439659
PD	old	Pbre1_10G483000	Pbre1_10G483800	0.132789
PD	young	Pbre1_14G126800	Pbre1_14G127200	0.034796
TRD	old	Pbre1_09G395000	Pbre1_17G411600	0.283295
TD	old	Pbre1_15G234000	Pbre1_15G234200	0.191287
TRD	old	Pbre1_13G027600	Pbre1_16G027600	0.335687
TRD	old	Pbre1_02G163800	Pbre1_15G407800	0.197209
PD	old	Pbre1_15G415600	Pbre1_15G416000	0.246328
TRD	old	Pbre1_02G144200	Pbre1_09G204200	0.371728
TD	old	Pbre1_04G035000	Pbre1_04G035200	0.246603
TRD	young	Pbre1_03G089800	Pbre1_03G080200	0.0891178
PD	young	Pbre1_09G157600	Pbre1_09G158000	0.0432339
TRD	old	Pbre1_09G463600	Pbre1_06G413200	0.353051
PD	old	Pbre1_08G374000	Pbre1_08G374400	0.116659
TRD	old	Pbre1_09G349000	Pbre1_17G359000	0.208857
TRD	old	Pbre1_09G286400	Pbre1_17G271000	0.304661
PD	old	Pbre1_14G364600	Pbre1_14G365200	0.240222
TD	old	Pbre1_15G493800	Pbre1_15G494000	0.383508
TRD	young	Pbre1_01G004000	Pbre1_01G007400	0.00486813
TD	old	Pbre1_10G195600	Pbre1_10G195800	0.178598
PD	old	Pbre1_07G162200	Pbre1_07G162800	0.113826
PD	old	Pbre1_01G243200	Pbre1_01G244000	0.148263
PD	old	Pbre1_10G091800	Pbre1_10G093400	0.189498
TRD	old	Pbre1_04G038200	Pbre1_06G353400	0.414238
TD	old	Pbre1_09G122200	Pbre1_09G122400	0.121045
TD	young	Pbre1_16G459600	Pbre1_16G459800	0.0708747
PD	young	Pbre1_15G298200	Pbre1_15G298600	0.0151156
TRD	old	Pbre1_16G420000	Pbre1_10G245200	0.302334
PD	young	Pbre1_06G281800	Pbre1_06G282800	0.0348545
PD	young	Pbre1_10G041400	Pbre1_10G041800	0.0551585
TRD	young	Pbre1_15G784200	Pbre1_15G243600	0.0824383
PD	young	Pbre1_11G082000	Pbre1_11G082600	0.0798649
PD	young	Pbre1_09G113800	Pbre1_09G114200	0.0301357
TRD	old	Pbre1_07G350200	Pbre1_07G492200	0.0923976
PD	old	Pbre1_14G364800	Pbre1_14G365600	0.32749
TRD	young	Pbre1_12G265600	Pbre1_16G142200	0.111906
PD	old	Pbre1_14G116800	Pbre1_14G117600	0.270374
TRD	young	Pbre1_12G317600	Pbre1_12G007200	0.0876502
PD	young	Pbre1_12G363600	Pbre1_12G364000	0.0427029
TD	old	Pbre1_17G084000	Pbre1_17G084200	0.122616
TD	young	Pbre1_12G014000	Pbre1_12G014200	0.079419
PD	young	Pbre1_15G758800	Pbre1_15G759400	0.0264248
TD	old	Pbre1_13G236800	Pbre1_13G237000	0.137627
TRD	old	Pbre1_17G300200	Pbre1_15G434000	0.404614
TRD	young	Pbre1_16G469200	Pbre1_11G330800	0.0789043
TD	old	Pbre1_07G107600	Pbre1_07G107800	0.244094
PD	old	Pbre1_11G334600	Pbre1_11G335400	0.328565
TD	young	Pbre1_17G051400	Pbre1_17G051600	0.0849353
TRD	old	Pbre1_07G165400	Pbre1_02G010800	0.441442
TRD	old	Pbre1_06G283400	Pbre1_14G322800	0.218141
PD	old	Pbre1_03G408200	Pbre1_03G408800	0.129213
TD	old	Pbre1_12G070200	Pbre1_12G070400	0.404579
PD	young	Pbre1_06G230600	Pbre1_06G231000	0.0243051
PD	young	Pbre1_17G462600	Pbre1_17G463000	0.0532675
PD	young	Pbre1_09G425200	Pbre1_09G425800	0.0897896
TRD	old	Pbre1_08G319200	Pbre1_07G382400	0.428123
TRD	old	Pbre1_01G111400	Pbre1_07G341600	0.470862
TRD	young	Pbre1_02G145400	Pbre1_16G291800	0.076597
PD	old	Pbre1_09G024000	Pbre1_09G024400	0.180709
TD	old	Pbre1_12G084600	Pbre1_12G084800	0.243729
TRD	old	Pbre1_03G307000	Pbre1_11G434200	0.421643
TD	old	Pbre1_15G735200	Pbre1_15G735400	0.103017
TRD	old	Pbre1_03G162400	Pbre1_13G388600	0.474494
PD	old	Pbre1_17G101800	Pbre1_17G103000	0.110341
TRD	old	Pbre1_11G469400	Pbre1_03G434000	0.164427
TRD	old	Pbre1_10G371800	Pbre1_05G392400	0.209468
TRD	old	Pbre1_10G270400	Pbre1_15G565600	0.363323
TD	young	Pbre1_10G381400	Pbre1_10G381600	0.00691864
TRD	old	Pbre1_03G302400	Pbre1_10G514200	0.320664
TD	old	Pbre1_14G373000	Pbre1_14G373200	0.154894
TD	old	Pbre1_05G278400	Pbre1_05G278600	0.351022
TRD	old	Pbre1_15G694400	Pbre1_05G202400	0.445919
TD	young	Pbre1_15G490000	Pbre1_15G490200	0.108162
PD	young	Pbre1_02G061000	Pbre1_02G062400	0.0182319
TD	old	Pbre1_10G328000	Pbre1_10G328200	0.282409
TD	old	Pbre1_12G082800	Pbre1_12G083000	0.299772
TD	old	Pbre1_17G360200	Pbre1_17G360400	0.257427
TD	old	Pbre1_10G567400	Pbre1_10G567600	0.343346
TD	old	Pbre1_16G319800	Pbre1_16G320000	0.45292
TRD	old	Pbre1_15G779200	Pbre1_14G032000	0.153325
TD	old	Pbre1_10G031800	Pbre1_10G032000	0.14234
PD	young	Pbre1_17G462200	Pbre1_17G462800	0.0555503
PD	young	Pbre1_14G107600	Pbre1_14G108000	0.087093
TRD	young	Pbre1_10G164800	Pbre1_01G036600	0.07157
PD	old	Pbre1_11G224200	Pbre1_11G224600	0.173821
TD	old	Pbre1_15G412400	Pbre1_15G412600	0.133563
TD	old	Pbre1_08G384600	Pbre1_08G384800	0.332465
TRD	old	Pbre1_11G420200	Pbre1_15G429800	0.334782
TRD	old	Pbre1_13G010600	Pbre1_06G397000	0.120045
TD	young	Pbre1_14G275200	Pbre1_14G275400	0.0525915
PD	young	Pbre1_05G226800	Pbre1_05G227600	0.103685
PD	old	Pbre1_11G443800	Pbre1_11G445000	0.0576647
PD	old	Pbre1_10G348600	Pbre1_10G349000	0.133817
TRD	old	Pbre1_01G029400	Pbre1_02G237800	0.234654
TD	old	Pbre1_08G030200	Pbre1_08G030400	0.318076
TRD	young	Pbre1_09G390600	Pbre1_09G246600	0.109526
TD	old	Pbre1_01G342200	Pbre1_01G342400	0.0611801
TRD	old	Pbre1_12G226800	Pbre1_11G044000	0.337194
PD	young	Pbre1_16G325800	Pbre1_16G326200	0.0200893
PD	young	Pbre1_09G467800	Pbre1_09G468400	0.01708
TD	old	Pbre1_11G117600	Pbre1_11G117800	0.137193
PD	young	Pbre1_07G345400	Pbre1_07G345800	0.03541
PD	young	Pbre1_15G127400	Pbre1_15G128000	0.073213
TD	old	Pbre1_06G076000	Pbre1_06G076200	0.130593
TD	young	Pbre1_02G456800	Pbre1_02G457000	0.105073
TRD	old	Pbre1_16G492600	Pbre1_15G109800	0.14779
TRD	old	Pbre1_04G209600	Pbre1_12G244400	0.169811
TD	old	Pbre1_12G434000	Pbre1_12G434200	0.272195
TRD	old	Pbre1_14G165000	Pbre1_12G404800	0.38934
TRD	young	Pbre1_03G295000	Pbre1_12G007200	0.0876502
PD	old	Pbre1_05G038200	Pbre1_05G039200	0.129753
PD	old	Pbre1_10G086600	Pbre1_10G087000	0.214484
PD	old	Pbre1_05G307000	Pbre1_05G308000	0.148059
TRD	old	Pbre1_15G338200	Pbre1_02G088600	0.16844
PD	old	Pbre1_11G047000	Pbre1_11G048800	0.21104
TD	old	Pbre1_01G310800	Pbre1_01G311000	0.223515
TRD	old	Pbre1_06G328400	Pbre1_14G364800	0.225125
TRD	old	Pbre1_09G144800	Pbre1_09G137400	0.202048
TRD	old	Pbre1_11G329800	Pbre1_03G311000	0.238408
PD	young	Pbre1_02G015600	Pbre1_02G016000	0.0922519
PD	old	Pbre1_07G420600	Pbre1_07G421000	0.293137
TD	old	Pbre1_13G351600	Pbre1_13G351800	0.26293
TD	young	Pbre1_05G553800	Pbre1_05G554000	0.0657923
PD	young	Pbre1_13G352800	Pbre1_13G353800	0.0171563
PD	young	Pbre1_10G079800	Pbre1_10G080400	0.0705242
TD	young	Pbre1_10G318000	Pbre1_10G318200	0.0153332
TRD	young	Pbre1_06G130600	Pbre1_05G152400	0.0300069
TRD	young	Pbre1_14G116600	Pbre1_12G114600	0.0719037
TD	old	Pbre1_10G374000	Pbre1_10G374200	0.142123
TD	young	Pbre1_04G023000	Pbre1_04G023200	0.0461407
PD	old	Pbre1_17G454400	Pbre1_17G454800	0.123541
TD	young	Pbre1_04G078200	Pbre1_04G078400	0.0111859
TD	young	Pbre1_08G085000	Pbre1_08G085200	0.0361222
PD	old	Pbre1_13G270200	Pbre1_13G270600	0.112913
TRD	old	Pbre1_10G324200	Pbre1_13G471000	0.127439
TRD	old	Pbre1_14G381200	Pbre1_06G341600	0.248824
TRD	old	Pbre1_07G208600	Pbre1_11G356200	0.237738
TD	young	Pbre1_14G212400	Pbre1_14G212600	0.0744949
TRD	old	Pbre1_11G522000	Pbre1_03G483600	0.163292
PD	old	Pbre1_05G116400	Pbre1_05G116800	0.207573
TRD	old	Pbre1_03G161800	Pbre1_03G048800	0.259897
TRD	old	Pbre1_06G328600	Pbre1_14G364800	0.124016
PD	young	Pbre1_02G032800	Pbre1_02G034400	0.0536831
TD	young	Pbre1_13G070600	Pbre1_13G070800	0.0400604
PD	old	Pbre1_08G031800	Pbre1_08G032400	0.452286
TRD	old	Pbre1_08G212400	Pbre1_01G370200	0.248954
TRD	old	Pbre1_06G116400	Pbre1_15G116800	0.431554
PD	old	Pbre1_05G029000	Pbre1_05G029400	0.122315
TRD	old	Pbre1_02G470400	Pbre1_05G153800	0.303865
PD	young	Pbre1_08G043400	Pbre1_08G044200	0.0397542
TD	old	Pbre1_10G503200	Pbre1_10G503400	0.381889
TD	young	Pbre1_04G299600	Pbre1_04G299800	0.0899729
TRD	old	Pbre1_06G024200	Pbre1_02G504600	0.27512
TD	old	Pbre1_14G260400	Pbre1_14G260600	0.156966
TRD	old	Pbre1_01G047400	Pbre1_15G606000	0.138322
TRD	old	Pbre1_11G244600	Pbre1_03G222600	0.144442
TD	old	Pbre1_04G180400	Pbre1_04G180600	0.127785
TD	young	Pbre1_03G283200	Pbre1_03G283400	0.108988
TRD	old	Pbre1_06G074600	Pbre1_13G264800	0.22995
TD	young	Pbre1_13G471200	Pbre1_13G471400	0.0271884
TD	old	Pbre1_01G337000	Pbre1_01G337200	0.165769
TD	old	Pbre1_01G152000	Pbre1_01G152200	0.21122
PD	young	Pbre1_05G249400	Pbre1_05G249800	0.0512748
TD	old	Pbre1_01G128200	Pbre1_01G128400	0.287468
TD	old	Pbre1_12G304200	Pbre1_12G304400	0.307185
TD	young	Pbre1_16G045800	Pbre1_16G046000	0.0986468
TD	young	Pbre1_16G046200	Pbre1_16G046400	0.0643665
PD	old	Pbre1_06G105600	Pbre1_06G106000	0.276014
PD	old	Pbre1_03G049000	Pbre1_03G049400	0.21977
PD	old	Pbre1_17G222800	Pbre1_17G223400	0.307302
TD	young	Pbre1_09G208800	Pbre1_09G209000	0.0640135
TRD	old	Pbre1_06G379600	Pbre1_12G266600	0.304863
TD	young	Pbre1_15G720200	Pbre1_15G720400	0.0297331
TRD	old	Pbre1_15G436600	Pbre1_02G199400	0.337242
PD	old	Pbre1_05G422000	Pbre1_05G422600	0.409519
TD	old	Pbre1_05G365800	Pbre1_05G366000	0.093475
TD	young	Pbre1_08G112400	Pbre1_08G112600	0.0519697
TD	old	Pbre1_14G244800	Pbre1_14G245000	0.11691
TRD	old	Pbre1_10G211000	Pbre1_05G210000	0.168698
TRD	old	Pbre1_04G300800	Pbre1_12G332000	0.469168
TD	old	Pbre1_07G447000	Pbre1_07G447200	0.115061
TRD	old	Pbre1_17G166600	Pbre1_04G173000	0.389139
PD	old	Pbre1_01G269200	Pbre1_01G269600	0.146479
TD	old	Pbre1_10G382400	Pbre1_10G382600	0.138165
PD	old	Pbre1_01G326000	Pbre1_01G327000	0.110275
TRD	old	Pbre1_10G038200	Pbre1_11G403800	0.360309
TD	young	Pbre1_02G020000	Pbre1_02G020200	0.00276737
TRD	old	Pbre1_03G050200	Pbre1_13G414400	0.303306
PD	young	Pbre1_02G443000	Pbre1_02G443800	0.0271988
TRD	old	Pbre1_09G309000	Pbre1_14G216000	0.41617
PD	old	Pbre1_14G310400	Pbre1_14G312200	0.198554
PD	young	Pbre1_02G033800	Pbre1_02G034800	0.0275709
TRD	old	Pbre1_03G334600	Pbre1_03G318600	0.139831
TRD	old	Pbre1_07G386800	Pbre1_01G310200	0.319944
PD	old	Pbre1_17G461800	Pbre1_17G462200	0.0145247
TRD	old	Pbre1_03G450200	Pbre1_01G371200	0.261829
PD	old	Pbre1_05G462200	Pbre1_05G462600	0.175315
TD	old	Pbre1_15G148000	Pbre1_15G148200	0.423232
TD	old	Pbre1_15G013000	Pbre1_15G013200	0.276835
PD	old	Pbre1_03G235600	Pbre1_03G236200	0.20522
TD	young	Pbre1_11G119800	Pbre1_11G120000	0.0582907
TD	old	Pbre1_07G269400	Pbre1_07G269600	0.456381
TRD	young	Pbre1_07G434200	Pbre1_01G360200	0.10014
TD	old	Pbre1_14G304000	Pbre1_14G304200	0.458929
PD	old	Pbre1_01G324000	Pbre1_01G325600	0.0033303
TRD	old	Pbre1_09G286600	Pbre1_17G271200	0.329246
TRD	old	Pbre1_14G172600	Pbre1_12G171200	0.256631
PD	young	Pbre1_07G048400	Pbre1_07G049200	0.019157
PD	old	Pbre1_08G153000	Pbre1_08G154400	0.0485941
PD	old	Pbre1_12G205800	Pbre1_12G206200	0.47187
TRD	old	Pbre1_02G275400	Pbre1_17G016000	0.335156
TD	old	Pbre1_03G018400	Pbre1_03G018600	0.241102
TD	young	Pbre1_05G550800	Pbre1_05G551000	0.0998974
PD	young	Pbre1_17G100600	Pbre1_17G101200	0.0729909
TRD	old	Pbre1_12G284400	Pbre1_12G009600	0.2697
PD	old	Pbre1_01G304800	Pbre1_01G306200	0.180749
TRD	old	Pbre1_12G111800	Pbre1_12G107800	0.15328
TD	old	Pbre1_13G017000	Pbre1_13G017200	0.291749
TD	old	Pbre1_07G446400	Pbre1_07G446600	0.142283
TD	young	Pbre1_07G095600	Pbre1_07G095800	0.0811658
TD	old	Pbre1_15G752400	Pbre1_15G752600	0.167067
PD	old	Pbre1_05G268000	Pbre1_05G268800	0.194077
PD	old	Pbre1_04G304800	Pbre1_04G305200	0.301035
TRD	old	Pbre1_07G417800	Pbre1_01G341400	0.174808
PD	old	Pbre1_01G130200	Pbre1_01G131400	0.383692
TD	young	Pbre1_11G402000	Pbre1_11G402200	0.0453037
TD	young	Pbre1_17G159400	Pbre1_17G159600	0.0654134
TD	young	Pbre1_01G121200	Pbre1_01G121400	0.00836498
PD	young	Pbre1_15G525400	Pbre1_15G526000	0.0874526
TD	young	Pbre1_14G147400	Pbre1_14G147600	0.0314989
TRD	old	Pbre1_12G363200	Pbre1_15G758600	0.26738
TRD	old	Pbre1_05G237000	Pbre1_10G234600	0.281089
TRD	old	Pbre1_01G051800	Pbre1_12G331000	0.173303
TD	young	Pbre1_11G345800	Pbre1_11G346000	0.0688093
TRD	old	Pbre1_13G346200	Pbre1_01G143600	0.254616
PD	old	Pbre1_17G488000	Pbre1_17G489800	0.292134
TRD	old	Pbre1_09G303400	Pbre1_12G084400	0.283832
PD	old	Pbre1_15G241200	Pbre1_15G242200	0.331249
TRD	old	Pbre1_07G303600	Pbre1_17G043400	0.352873
TRD	old	Pbre1_14G127600	Pbre1_08G408400	0.43661
TRD	old	Pbre1_09G368800	Pbre1_09G435800	0.156483
PD	old	Pbre1_02G092400	Pbre1_02G093600	0.41944
PD	young	Pbre1_01G146400	Pbre1_01G147000	0.00742341
TRD	old	Pbre1_05G464200	Pbre1_10G437800	0.0981649
PD	young	Pbre1_11G423200	Pbre1_11G423800	0.0322898
TD	young	Pbre1_08G402600	Pbre1_08G402800	0.095888
TD	old	Pbre1_10G060800	Pbre1_10G061000	0.146778
TRD	old	Pbre1_07G078800	Pbre1_07G065800	0.169474
TD	young	Pbre1_06G256600	Pbre1_06G256800	0.0543464
TD	young	Pbre1_05G396000	Pbre1_05G396200	0.0654984
PD	old	Pbre1_04G351800	Pbre1_04G352400	0.281575
TRD	old	Pbre1_03G315800	Pbre1_03G383600	0.282702
TRD	old	Pbre1_17G396200	Pbre1_01G155400	0.382647
TD	old	Pbre1_15G153400	Pbre1_15G153600	0.223206
TD	old	Pbre1_17G151800	Pbre1_17G152000	0.235833
PD	old	Pbre1_13G270400	Pbre1_13G270800	0.4648
TD	old	Pbre1_08G388600	Pbre1_08G388800	0.124899
PD	young	Pbre1_15G298000	Pbre1_15G298800	0.0702356
TD	young	Pbre1_01G082800	Pbre1_01G083000	0.0126842
TRD	old	Pbre1_03G438200	Pbre1_10G472600	0.296585
TRD	old	Pbre1_03G302800	Pbre1_03G288600	0.0708758
TD	old	Pbre1_16G315400	Pbre1_16G315600	0.115092
PD	young	Pbre1_09G109400	Pbre1_09G109800	0.00878885
PD	old	Pbre1_12G037000	Pbre1_12G037400	0.0887806
TRD	old	Pbre1_13G019400	Pbre1_08G120400	0.166379
TRD	young	Pbre1_13G256800	Pbre1_16G265000	0.096134
TD	young	Pbre1_10G118600	Pbre1_10G118800	0.0391546
PD	old	Pbre1_01G138600	Pbre1_01G139000	0.183989
TD	old	Pbre1_10G037000	Pbre1_10G037200	0.459214
TRD	old	Pbre1_03G418000	Pbre1_07G100400	0.211772
PD	young	Pbre1_05G198000	Pbre1_05G199000	0.0143331
TRD	old	Pbre1_05G360000	Pbre1_02G103000	0.159142
TD	old	Pbre1_10G118400	Pbre1_10G118600	0.158641
PD	old	Pbre1_02G401400	Pbre1_02G401800	0.300242
TRD	old	Pbre1_08G274600	Pbre1_15G626800	0.223823
TD	old	Pbre1_02G126600	Pbre1_02G126800	0.383763
TD	old	Pbre1_09G306000	Pbre1_09G306200	0.246194
TRD	old	Pbre1_05G132200	Pbre1_01G341000	0.342682
TRD	old	Pbre1_15G710000	Pbre1_08G353000	0.198169
TD	young	Pbre1_15G215400	Pbre1_15G215600	0.104981
TD	young	Pbre1_09G210600	Pbre1_09G210800	0.0637425
TD	young	Pbre1_11G359400	Pbre1_11G359600	0.0256477
PD	old	Pbre1_05G212000	Pbre1_05G212400	0.115706
TD	young	Pbre1_09G341800	Pbre1_09G342000	0.0301322
TD	old	Pbre1_01G394600	Pbre1_01G394800	0.0279665
TD	young	Pbre1_01G053000	Pbre1_01G053200	0.0194083
TD	old	Pbre1_03G462800	Pbre1_03G463000	0.192106
PD	young	Pbre1_10G512800	Pbre1_10G513400	0.0109848
PD	young	Pbre1_07G065600	Pbre1_07G066400	0.0550681
PD	old	Pbre1_12G388000	Pbre1_12G388600	0.370593
TRD	old	Pbre1_10G350400	Pbre1_05G351600	0.288262
TRD	old	Pbre1_03G431400	Pbre1_11G466000	0.259161
PD	old	Pbre1_05G249200	Pbre1_05G249600	0.191016
TD	old	Pbre1_07G412400	Pbre1_07G412600	0.312996
TD	old	Pbre1_12G008400	Pbre1_12G008600	0.134694
TD	young	Pbre1_11G096000	Pbre1_11G096200	0.0728916
PD	old	Pbre1_09G064400	Pbre1_09G065000	0.17659
TD	young	Pbre1_16G287600	Pbre1_16G287800	0.0741842
PD	young	Pbre1_04G041800	Pbre1_04G042400	0.0256575
TRD	old	Pbre1_08G339600	Pbre1_15G698800	0.111064
TRD	old	Pbre1_01G039600	Pbre1_15G609600	0.165054
TRD	old	Pbre1_04G052600	Pbre1_06G153200	0.271882
TRD	old	Pbre1_11G185000	Pbre1_03G165400	0.174581
TRD	old	Pbre1_03G063800	Pbre1_06G177600	0.439114
TD	old	Pbre1_17G110600	Pbre1_17G110800	0.236605
TRD	old	Pbre1_04G338600	Pbre1_12G363400	0.151869
PD	old	Pbre1_06G171000	Pbre1_06G171600	0.159631
TD	old	Pbre1_14G121400	Pbre1_14G121600	0.413388
TRD	old	Pbre1_13G456000	Pbre1_04G068000	0.208557
TD	old	Pbre1_04G319400	Pbre1_04G319600	0.463499
TRD	old	Pbre1_03G336800	Pbre1_11G362200	0.148171
PD	old	Pbre1_02G421400	Pbre1_02G422400	0.395176
TD	young	Pbre1_11G441400	Pbre1_11G441600	0.0396071
TRD	old	Pbre1_17G295400	Pbre1_17G264200	0.206584
TD	old	Pbre1_04G077400	Pbre1_04G077600	0.0605503
TRD	young	Pbre1_10G055600	Pbre1_01G284000	0.018708
PD	old	Pbre1_03G048600	Pbre1_03G049200	0.214346
TD	old	Pbre1_15G206000	Pbre1_15G206200	0.391567
TD	young	Pbre1_04G301400	Pbre1_04G301600	0.0874526
TD	old	Pbre1_07G412600	Pbre1_07G412800	0.353423
TD	old	Pbre1_06G007400	Pbre1_06G007600	0.16103
TD	young	Pbre1_04G114000	Pbre1_04G114200	0.00778147
PD	old	Pbre1_04G053800	Pbre1_04G054400	0.13007
TRD	young	Pbre1_05G571600	Pbre1_02G210600	0.0464947
TD	old	Pbre1_07G494400	Pbre1_07G494600	0.140304
PD	old	Pbre1_02G431800	Pbre1_02G432400	0.216927
TRD	old	Pbre1_14G152000	Pbre1_03G326200	0.242566
TD	young	Pbre1_07G012800	Pbre1_07G013000	0.0915155
TRD	old	Pbre1_05G307600	Pbre1_03G127400	0.389014
TD	old	Pbre1_09G191600	Pbre1_09G191800	0.32392
TD	young	Pbre1_13G125600	Pbre1_13G125800	0.0474055
TD	young	Pbre1_09G336800	Pbre1_09G337000	0.0991199
TRD	old	Pbre1_06G166800	Pbre1_15G486200	0.00807919
PD	young	Pbre1_17G211200	Pbre1_17G211600	0.036186
TD	old	Pbre1_17G099600	Pbre1_17G099800	0.40944
TD	young	Pbre1_14G292800	Pbre1_14G293000	0.0230174
TD	old	Pbre1_17G075200	Pbre1_17G075400	0.298961
PD	old	Pbre1_15G234600	Pbre1_15G235200	0.287897
PD	young	Pbre1_13G463200	Pbre1_13G464200	0.0214443
TRD	old	Pbre1_16G395400	Pbre1_13G392000	0.240815
PD	old	Pbre1_02G279400	Pbre1_02G279800	0.373145
PD	young	Pbre1_15G745400	Pbre1_15G745800	0.0519189
TD	young	Pbre1_03G064600	Pbre1_03G064800	0.0665085
PD	old	Pbre1_04G043600	Pbre1_04G044000	0.470304
PD	old	Pbre1_03G270600	Pbre1_03G271200	0.180448
PD	young	Pbre1_09G377000	Pbre1_09G377400	0.0817021
TD	old	Pbre1_17G454200	Pbre1_17G454400	0.196164
PD	old	Pbre1_17G261200	Pbre1_17G261800	0.211173
TD	old	Pbre1_09G020800	Pbre1_09G021000	0.11626
TD	young	Pbre1_08G301600	Pbre1_08G301800	0.0346212
TD	old	Pbre1_10G453800	Pbre1_10G454000	0.184164
TD	old	Pbre1_05G462800	Pbre1_05G463000	0.125647
TD	young	Pbre1_05G185400	Pbre1_05G185600	0.00484361
PD	old	Pbre1_01G195200	Pbre1_01G196200	0.253257
TD	old	Pbre1_09G202600	Pbre1_09G202800	0.170121
TD	old	Pbre1_08G387800	Pbre1_08G388000	0.131208
PD	young	Pbre1_02G422200	Pbre1_02G423000	0.0247281
TRD	old	Pbre1_17G132000	Pbre1_14G385800	0.395531
TRD	old	Pbre1_03G208800	Pbre1_11G119400	0.202112
PD	young	Pbre1_13G454200	Pbre1_13G454600	0.0689526
TD	old	Pbre1_04G053400	Pbre1_04G053600	0.186662
TRD	old	Pbre1_14G147000	Pbre1_12G145000	0.313459
PD	old	Pbre1_11G019800	Pbre1_11G020200	0.192287
TRD	old	Pbre1_12G194200	Pbre1_04G124000	0.219566
TD	old	Pbre1_11G392200	Pbre1_11G392400	0.354002
TD	old	Pbre1_11G130400	Pbre1_11G130600	0.136213
TRD	old	Pbre1_14G203600	Pbre1_13G225600	0.356719
TRD	young	Pbre1_14G058000	Pbre1_13G471000	0.0274887
TD	old	Pbre1_10G488200	Pbre1_10G488400	0.101908
PD	young	Pbre1_17G487800	Pbre1_17G489600	0.0306517
TRD	old	Pbre1_10G224200	Pbre1_05G224000	0.255346
TRD	old	Pbre1_09G364600	Pbre1_02G337200	0.431448
PD	old	Pbre1_08G152800	Pbre1_08G153200	0.146296
PD	old	Pbre1_02G038400	Pbre1_02G038800	0.333893
TRD	old	Pbre1_17G230200	Pbre1_09G235400	0.243109
PD	young	Pbre1_10G531200	Pbre1_10G531600	0.0858422
PD	young	Pbre1_07G042600	Pbre1_07G043800	0.0337673
PD	old	Pbre1_10G443600	Pbre1_10G444000	0.248981
TRD	old	Pbre1_17G148200	Pbre1_09G150600	0.367938
TD	old	Pbre1_14G057200	Pbre1_14G057400	0.157657
TRD	old	Pbre1_01G377200	Pbre1_07G453000	0.202571
TRD	old	Pbre1_12G254400	Pbre1_04G218800	0.175049
TD	young	Pbre1_05G288200	Pbre1_05G288400	0.0903533
TD	old	Pbre1_03G377600	Pbre1_03G377800	0.245187
PD	old	Pbre1_02G395400	Pbre1_02G396800	0.0476211
PD	young	Pbre1_14G407000	Pbre1_14G407400	0.0747077
TRD	young	Pbre1_10G094000	Pbre1_08G182000	0.0979985
PD	young	Pbre1_10G573000	Pbre1_10G573400	0.11013
TRD	old	Pbre1_17G321800	Pbre1_13G449200	0.21638
TD	old	Pbre1_15G680600	Pbre1_15G680800	0.119651
PD	young	Pbre1_02G271200	Pbre1_02G271600	0.0155128
TRD	old	Pbre1_05G355200	Pbre1_10G330000	0.307126
TRD	old	Pbre1_05G255000	Pbre1_04G300200	0.30397
TRD	old	Pbre1_14G039600	Pbre1_11G456800	0.322171
TD	young	Pbre1_05G433200	Pbre1_05G433400	0.0869926
TRD	young	Pbre1_05G113000	Pbre1_13G219600	0.0817595
PD	old	Pbre1_06G035800	Pbre1_06G036200	0.216466
TD	young	Pbre1_15G697800	Pbre1_15G698000	0.0385057
TRD	old	Pbre1_05G127600	Pbre1_10G136800	0.181311
PD	old	Pbre1_01G236000	Pbre1_01G236600	0.0878817
TRD	old	Pbre1_09G044800	Pbre1_15G766000	0.462132
PD	old	Pbre1_11G031000	Pbre1_11G032200	0.112931
PD	young	Pbre1_13G464600	Pbre1_13G465600	0.0300351
PD	old	Pbre1_06G267000	Pbre1_06G267400	0.12778
TD	old	Pbre1_10G534800	Pbre1_10G535000	0.124882
TD	young	Pbre1_15G705000	Pbre1_15G705200	0.0142857
PD	old	Pbre1_06G028200	Pbre1_06G028600	0.167507
PD	old	Pbre1_03G156400	Pbre1_03G157800	0.350391
TRD	old	Pbre1_07G147800	Pbre1_08G132200	0.307759
TD	young	Pbre1_01G083200	Pbre1_01G083400	0.0163705
TRD	old	Pbre1_16G478400	Pbre1_06G043400	0.268427
TD	old	Pbre1_08G385200	Pbre1_08G385400	0.472746
TD	young	Pbre1_10G285800	Pbre1_10G286000	0.074963
TD	young	Pbre1_17G384800	Pbre1_17G385000	0.0620842
TD	young	Pbre1_17G238600	Pbre1_17G238800	0.0661296
TD	young	Pbre1_13G035800	Pbre1_13G036000	0.0294466
TD	young	Pbre1_08G035800	Pbre1_08G036000	0.0577277
PD	young	Pbre1_04G037600	Pbre1_04G038000	0.090244
TD	old	Pbre1_06G222600	Pbre1_06G222800	0.229634
PD	old	Pbre1_05G243000	Pbre1_05G243400	0.471408
TD	old	Pbre1_10G296200	Pbre1_10G296400	0.378434
PD	young	Pbre1_11G517000	Pbre1_11G517600	0.039816
TRD	old	Pbre1_04G095600	Pbre1_06G075000	0.125614
TRD	young	Pbre1_07G226200	Pbre1_05G152400	0.00591998
PD	old	Pbre1_11G096400	Pbre1_11G096800	0.135905
TRD	old	Pbre1_03G246600	Pbre1_10G514400	0.370381
TD	old	Pbre1_10G127000	Pbre1_10G127200	0.0951971
TD	young	Pbre1_17G416600	Pbre1_17G416800	0.0664947
TRD	old	Pbre1_10G103200	Pbre1_03G395400	0.163648
TD	young	Pbre1_15G179000	Pbre1_15G179200	0.0395387
TRD	old	Pbre1_09G362200	Pbre1_17G359000	0.223693
TRD	old	Pbre1_16G443200	Pbre1_13G030600	0.245334
TRD	young	Pbre1_12G065200	Pbre1_12G286400	0.101556
PD	old	Pbre1_04G293400	Pbre1_04G294800	0.0959265
PD	old	Pbre1_07G277400	Pbre1_07G278000	0.159247
TD	young	Pbre1_08G096000	Pbre1_08G096200	0.0341505
PD	old	Pbre1_09G239200	Pbre1_09G239600	0.244429
TRD	old	Pbre1_06G142600	Pbre1_14G189400	0.348656
PD	young	Pbre1_05G197600	Pbre1_05G198600	0.107886
TD	old	Pbre1_05G481200	Pbre1_05G481400	0.152026
PD	old	Pbre1_13G464400	Pbre1_13G465600	0.137872
PD	young	Pbre1_03G139200	Pbre1_03G139800	0.0946519
TD	young	Pbre1_15G041400	Pbre1_15G041600	0.00717377
TRD	old	Pbre1_07G257600	Pbre1_12G143600	0.210976
TD	old	Pbre1_15G403200	Pbre1_15G403400	0.199165
TD	old	Pbre1_12G227000	Pbre1_12G227200	0.292323
TD	old	Pbre1_02G213600	Pbre1_02G213800	0.280096
TD	young	Pbre1_05G181200	Pbre1_05G181400	0.0264664
TD	young	Pbre1_06G169400	Pbre1_06G169600	0.065377
TD	old	Pbre1_01G415600	Pbre1_01G415800	0.289342
TD	old	Pbre1_02G495200	Pbre1_02G495400	0.188407
TRD	old	Pbre1_16G399600	Pbre1_11G119400	0.322955
TD	young	Pbre1_06G029600	Pbre1_06G029800	0.0198867
TRD	young	Pbre1_05G085200	Pbre1_13G212800	0.0269667
TRD	old	Pbre1_09G215600	Pbre1_09G164400	0.190045
TD	old	Pbre1_04G218000	Pbre1_04G218200	0.22011
TD	old	Pbre1_04G222400	Pbre1_04G222600	0.316234
TRD	old	Pbre1_03G020200	Pbre1_11G021400	0.218466
TRD	old	Pbre1_05G106600	Pbre1_15G110200	0.336953
TRD	old	Pbre1_14G163600	Pbre1_11G070400	0.219858
PD	young	Pbre1_08G132600	Pbre1_08G133400	0.0970192
TD	young	Pbre1_05G063800	Pbre1_05G064000	0.0706283
PD	young	Pbre1_10G376400	Pbre1_10G377200	0.0373367
TD	young	Pbre1_14G377600	Pbre1_14G377800	0.0719961
TRD	old	Pbre1_15G627000	Pbre1_15G253000	0.11554
TRD	old	Pbre1_07G438400	Pbre1_01G363800	0.276201
TD	young	Pbre1_14G174800	Pbre1_14G175000	0.0653031
TRD	old	Pbre1_06G167000	Pbre1_15G486400	0.300493
TD	old	Pbre1_13G139400	Pbre1_13G139600	0.126054
TRD	old	Pbre1_08G190400	Pbre1_15G167800	0.169866
TRD	old	Pbre1_02G323400	Pbre1_15G217800	0.47122
PD	young	Pbre1_13G069400	Pbre1_13G070000	0.0221711
TRD	old	Pbre1_02G381600	Pbre1_05G212800	0.146103
TD	young	Pbre1_09G462400	Pbre1_09G462600	0.0319863
TRD	young	Pbre1_07G057800	Pbre1_02G248400	0.0533002
TRD	old	Pbre1_09G395200	Pbre1_17G411600	0.183216
TRD	old	Pbre1_09G144200	Pbre1_13G034000	0.209717
TRD	old	Pbre1_06G030200	Pbre1_17G136200	0.414036
TD	old	Pbre1_05G028400	Pbre1_05G028600	0.0471712
PD	young	Pbre1_16G045600	Pbre1_16G046200	0.0603468
TRD	old	Pbre1_05G372400	Pbre1_14G058600	0.381805
TRD	young	Pbre1_01G135400	Pbre1_09G008000	0.100883
TD	young	Pbre1_08G208800	Pbre1_08G209000	0.00542097
TD	old	Pbre1_09G061200	Pbre1_09G061400	0.370908
TD	old	Pbre1_02G237200	Pbre1_02G237400	0.462535
PD	young	Pbre1_08G035000	Pbre1_08G035800	0.0669983
PD	old	Pbre1_07G421400	Pbre1_07G421800	0.293562
TD	old	Pbre1_15G673400	Pbre1_15G673600	0.165566
TRD	old	Pbre1_13G446800	Pbre1_04G058800	0.128438
TRD	old	Pbre1_15G600000	Pbre1_12G174000	0.189888
PD	young	Pbre1_05G181800	Pbre1_05G182200	0.0181386
PD	young	Pbre1_14G365000	Pbre1_14G366000	0.00350433
TRD	old	Pbre1_02G499400	Pbre1_07G015400	0.145874
TRD	old	Pbre1_03G160800	Pbre1_03G157800	0.427371
TD	young	Pbre1_07G403400	Pbre1_07G403600	0.106422
PD	old	Pbre1_05G239600	Pbre1_05G240000	0.128658
PD	old	Pbre1_03G197600	Pbre1_03G198200	0.158067
TD	old	Pbre1_11G500000	Pbre1_11G500200	0.147436
TD	young	Pbre1_04G013400	Pbre1_04G013600	0.0521495
TD	young	Pbre1_07G047600	Pbre1_07G047800	0.103511
TRD	old	Pbre1_02G081800	Pbre1_15G331200	0.140325
TRD	old	Pbre1_01G412400	Pbre1_08G046600	0.348989
PD	old	Pbre1_16G319400	Pbre1_16G319800	0.275742
PD	old	Pbre1_01G200400	Pbre1_01G199200	0.0633951
TD	old	Pbre1_05G492200	Pbre1_05G492400	0.332746
PD	young	Pbre1_05G288400	Pbre1_05G288800	0.0133565
TD	old	Pbre1_01G409600	Pbre1_01G409800	0.181301
PD	old	Pbre1_17G214800	Pbre1_17G215600	0.206857
TRD	young	Pbre1_09G100400	Pbre1_05G457200	0.0517746
TD	young	Pbre1_12G275600	Pbre1_12G275800	0.0811811
TRD	old	Pbre1_02G330200	Pbre1_15G646400	0.276501
TD	young	Pbre1_15G310200	Pbre1_15G310400	0.0408307
PD	young	Pbre1_06G346600	Pbre1_06G347400	0.108562
TRD	old	Pbre1_10G451400	Pbre1_05G478200	0.168771
TD	old	Pbre1_07G344400	Pbre1_07G344600	0.248326
PD	young	Pbre1_17G210200	Pbre1_17G210800	0.0254374
TD	young	Pbre1_11G029000	Pbre1_11G029200	0.0653658
PD	old	Pbre1_02G418000	Pbre1_02G418400	0.234122
PD	old	Pbre1_08G377000	Pbre1_08G377400	0.204613
TD	young	Pbre1_08G312800	Pbre1_08G313000	0.102027
PD	young	Pbre1_10G264000	Pbre1_10G265400	0.0730896
TRD	old	Pbre1_13G374600	Pbre1_15G065400	0.465931
TD	young	Pbre1_05G575400	Pbre1_05G575600	0.0192251
PD	young	Pbre1_05G133200	Pbre1_05G134400	0.0397252
PD	old	Pbre1_03G164800	Pbre1_03G165200	0.0930768
TD	young	Pbre1_03G460600	Pbre1_03G460800	0.0440342
TD	young	Pbre1_11G440800	Pbre1_11G441000	0.0394306
TRD	young	Pbre1_15G634400	Pbre1_02G273200	0.0567638
TRD	young	Pbre1_17G196800	Pbre1_14G272800	0.0940671
TRD	old	Pbre1_03G252400	Pbre1_11G275400	0.174737
TRD	old	Pbre1_05G338800	Pbre1_10G322400	0.405629
PD	old	Pbre1_04G198600	Pbre1_04G199800	0.46484
PD	young	Pbre1_09G041600	Pbre1_09G042400	0.11151
TRD	old	Pbre1_02G373200	Pbre1_14G221800	0.167369
PD	old	Pbre1_15G556800	Pbre1_15G557200	0.219961
TRD	old	Pbre1_14G384400	Pbre1_06G345600	0.163345
TRD	old	Pbre1_14G190000	Pbre1_06G148200	0.151285
TRD	old	Pbre1_06G131200	Pbre1_04G115800	0.186539
TD	old	Pbre1_09G068800	Pbre1_09G069000	0.166502
TD	old	Pbre1_07G412200	Pbre1_07G412400	0.311104
TRD	old	Pbre1_08G233000	Pbre1_08G213400	0.157276
TRD	old	Pbre1_01G205600	Pbre1_12G286400	0.324129
TD	young	Pbre1_04G348000	Pbre1_04G348200	0.0564204
TD	old	Pbre1_10G209600	Pbre1_10G209800	0.13033
TRD	young	Pbre1_02G449000	Pbre1_04G133200	0.00205524
TRD	old	Pbre1_04G345800	Pbre1_04G357600	0.206506
TD	old	Pbre1_03G336000	Pbre1_03G336200	0.44778
PD	young	Pbre1_02G468600	Pbre1_02G469000	0.0650653
PD	old	Pbre1_15G209800	Pbre1_15G210200	0.196361
TRD	old	Pbre1_17G414600	Pbre1_05G475000	0.402096
TRD	old	Pbre1_12G167000	Pbre1_10G514200	0.279559
TD	old	Pbre1_12G187600	Pbre1_12G187800	0.336189
TD	old	Pbre1_14G093200	Pbre1_14G093400	0.275509
TD	old	Pbre1_11G120400	Pbre1_11G120600	0.158469
TD	young	Pbre1_03G025600	Pbre1_03G025800	0.0924656
TRD	old	Pbre1_01G366000	Pbre1_07G439800	0.241422
TRD	old	Pbre1_10G282400	Pbre1_07G403000	0.256099
TD	old	Pbre1_09G211000	Pbre1_09G211200	0.129708
TRD	old	Pbre1_04G184000	Pbre1_12G219200	0.135648
PD	old	Pbre1_02G122000	Pbre1_02G122800	0.183883
PD	old	Pbre1_13G336800	Pbre1_13G337200	0.210217
TRD	young	Pbre1_12G159400	Pbre1_03G272000	0.0421987
TD	young	Pbre1_15G202600	Pbre1_15G202800	0.0926651
TD	old	Pbre1_09G097600	Pbre1_09G097800	0.416444
TD	old	Pbre1_07G068400	Pbre1_07G068600	0.321662
TD	old	Pbre1_08G205800	Pbre1_08G206000	0.331765
TD	young	Pbre1_06G355800	Pbre1_06G356000	0.0577249
TD	young	Pbre1_09G183800	Pbre1_09G184000	0.0357869
TRD	young	Pbre1_07G179600	Pbre1_10G218200	0.0655495
TD	old	Pbre1_09G137400	Pbre1_09G137600	0.238161
TRD	old	Pbre1_17G008200	Pbre1_15G646400	0.271044
TRD	young	Pbre1_05G535000	Pbre1_03G272000	0.0408771
TRD	young	Pbre1_01G033400	Pbre1_12G068200	0.0479494
PD	old	Pbre1_09G481200	Pbre1_09G482400	0.189665
TRD	old	Pbre1_14G123200	Pbre1_12G120400	0.306
PD	old	Pbre1_04G120400	Pbre1_04G121200	0.230452
TRD	old	Pbre1_07G112600	Pbre1_02G387400	0.15731
PD	young	Pbre1_09G183200	Pbre1_09G183800	0.081369
TRD	young	Pbre1_03G279000	Pbre1_01G152400	0.0717863
TD	young	Pbre1_11G168800	Pbre1_11G169000	0.103463
PD	young	Pbre1_17G280200	Pbre1_17G280800	0.0540615
TRD	old	Pbre1_02G470200	Pbre1_05G153800	0.258163
TRD	old	Pbre1_11G076600	Pbre1_11G027400	0.179478
TD	young	Pbre1_04G031800	Pbre1_04G032000	0.0546505
PD	old	Pbre1_02G127000	Pbre1_02G127400	0.151759
TD	young	Pbre1_09G167200	Pbre1_09G167400	0.0747375
TRD	old	Pbre1_16G321400	Pbre1_06G214000	0.281095
TRD	old	Pbre1_16G454400	Pbre1_16G018800	0.321604
TRD	old	Pbre1_11G220400	Pbre1_03G197000	0.143802
TD	young	Pbre1_06G353800	Pbre1_06G354000	0.0289356
TD	old	Pbre1_17G030000	Pbre1_17G030200	0.180196
TD	young	Pbre1_02G381200	Pbre1_02G381400	0.0197944
PD	old	Pbre1_08G376000	Pbre1_08G376400	0.162839
PD	old	Pbre1_07G158200	Pbre1_07G159800	0.145494
TD	old	Pbre1_02G045200	Pbre1_02G045400	0.459566
TRD	old	Pbre1_08G227600	Pbre1_06G109400	0.0322706
TD	young	Pbre1_05G536000	Pbre1_05G536200	0.0784302
TRD	old	Pbre1_16G413400	Pbre1_16G018800	0.349341
TD	old	Pbre1_02G461200	Pbre1_02G461400	0.221899
TD	young	Pbre1_06G253800	Pbre1_06G254000	0.0926192
TD	young	Pbre1_09G281000	Pbre1_09G281200	0.088648
PD	young	Pbre1_02G396600	Pbre1_02G397400	0.0885755
TRD	young	Pbre1_03G257800	Pbre1_05G152400	0.0149635
PD	old	Pbre1_12G307400	Pbre1_12G307800	0.180883
PD	old	Pbre1_14G237200	Pbre1_14G237600	0.209199
PD	young	Pbre1_05G412600	Pbre1_05G413000	0.0601462
TRD	old	Pbre1_08G240800	Pbre1_15G212400	0.177219
PD	young	Pbre1_07G240600	Pbre1_07G241200	0.0103402
TRD	old	Pbre1_17G466000	Pbre1_10G129600	0.129608
TD	young	Pbre1_06G095200	Pbre1_06G095400	0.053308
TD	young	Pbre1_13G396000	Pbre1_13G396200	0.0211362
PD	young	Pbre1_01G195400	Pbre1_01G196000	0.0646303
TD	old	Pbre1_10G425000	Pbre1_10G425200	0.123104
TD	old	Pbre1_11G153400	Pbre1_11G153600	0.148135
TRD	old	Pbre1_15G388000	Pbre1_02G139200	0.392414
TD	young	Pbre1_14G294400	Pbre1_14G294600	0.0616353
PD	old	Pbre1_02G075000	Pbre1_02G075400	0.246769
TRD	old	Pbre1_07G334600	Pbre1_17G382000	0.179401
TRD	old	Pbre1_11G241000	Pbre1_03G220600	0.122058
TRD	old	Pbre1_07G082400	Pbre1_04G166400	0.202449
TD	young	Pbre1_15G714800	Pbre1_15G715000	0.0257738
TRD	old	Pbre1_09G142400	Pbre1_10G034400	0.199821
PD	old	Pbre1_04G065600	Pbre1_04G066200	0.139274
TD	old	Pbre1_11G089000	Pbre1_11G089200	0.167481
TRD	old	Pbre1_12G386400	Pbre1_12G099200	0.160557
TRD	old	Pbre1_11G163000	Pbre1_11G147200	0.144581
PD	old	Pbre1_13G193200	Pbre1_13G193600	0.136293
TRD	old	Pbre1_15G362000	Pbre1_12G104600	0.446669
TD	old	Pbre1_10G056200	Pbre1_10G056400	0.400148
PD	old	Pbre1_07G333000	Pbre1_07G333600	0.313401
TRD	old	Pbre1_09G180800	Pbre1_17G178200	0.128663
TD	young	Pbre1_11G107400	Pbre1_11G107600	0.0635101
PD	old	Pbre1_10G212600	Pbre1_10G213000	0.412422
PD	young	Pbre1_14G212200	Pbre1_14G213200	0.0452337
TRD	young	Pbre1_04G085200	Pbre1_04G088800	0.0250365
PD	young	Pbre1_01G136200	Pbre1_01G136800	0.0524297
TD	old	Pbre1_09G149400	Pbre1_09G149600	0.215869
TRD	old	Pbre1_01G125800	Pbre1_14G054000	0.132837
TRD	old	Pbre1_05G254200	Pbre1_14G413200	0.400147
TRD	old	Pbre1_04G224200	Pbre1_02G031800	0.346153
TRD	old	Pbre1_03G366800	Pbre1_17G107800	0.312852
PD	old	Pbre1_07G163400	Pbre1_07G163800	0.187593
PD	old	Pbre1_08G160000	Pbre1_08G161400	0.0892434
PD	old	Pbre1_03G279200	Pbre1_03G279800	0.17651
TD	old	Pbre1_02G448600	Pbre1_02G448800	0.33417
TD	old	Pbre1_10G025400	Pbre1_10G025600	0.396576
PD	old	Pbre1_01G196200	Pbre1_01G197200	0.445467
TD	old	Pbre1_11G368800	Pbre1_11G369000	0.178076
TRD	old	Pbre1_07G371600	Pbre1_01G293200	0.209913
PD	young	Pbre1_06G031800	Pbre1_06G033000	0.097719
PD	old	Pbre1_15G488600	Pbre1_15G489200	0.119224
PD	young	Pbre1_08G036400	Pbre1_08G036800	0.0102965
PD	old	Pbre1_10G091800	Pbre1_10G092600	0.455249
TRD	old	Pbre1_06G185600	Pbre1_11G450600	0.428849
TD	young	Pbre1_03G121400	Pbre1_03G121600	0.0664658
TRD	old	Pbre1_15G706000	Pbre1_08G346800	0.31156
TD	old	Pbre1_11G359000	Pbre1_11G359200	0.114327
TRD	old	Pbre1_03G291000	Pbre1_11G314200	0.164596
TRD	old	Pbre1_04G055200	Pbre1_04G121200	0.275438
PD	young	Pbre1_17G417200	Pbre1_17G417800	0.0961549
PD	young	Pbre1_04G397000	Pbre1_04G397400	0.0612973
TD	young	Pbre1_15G108800	Pbre1_15G109000	0.0761822
TRD	old	Pbre1_03G457200	Pbre1_11G498600	0.220801
TD	old	Pbre1_12G381600	Pbre1_12G381800	0.344441
TRD	old	Pbre1_06G114600	Pbre1_04G134400	0.252979
TRD	old	Pbre1_10G415400	Pbre1_09G306000	0.351536
PD	young	Pbre1_10G372600	Pbre1_10G373000	0.110202
TRD	old	Pbre1_07G364400	Pbre1_07G358400	0.13326
TD	old	Pbre1_16G032200	Pbre1_16G032400	0.240259
TD	young	Pbre1_02G444000	Pbre1_02G444200	0.0683514
TRD	old	Pbre1_09G481800	Pbre1_03G098800	0.427991
TD	young	Pbre1_07G421200	Pbre1_07G421400	0.105287
TD	young	Pbre1_09G210800	Pbre1_09G211000	0.061411
TD	old	Pbre1_07G062200	Pbre1_07G062400	0.409929
TRD	old	Pbre1_15G295800	Pbre1_04G164000	0.190422
TRD	old	Pbre1_15G682200	Pbre1_08G325400	0.397957
PD	old	Pbre1_08G031400	Pbre1_08G032800	0.144498
TRD	old	Pbre1_05G602000	Pbre1_10G590000	0.0929939
PD	old	Pbre1_09G104200	Pbre1_09G104600	0.131442
TD	old	Pbre1_15G041800	Pbre1_15G042000	0.153544
TRD	old	Pbre1_05G058200	Pbre1_10G058400	0.12268
TD	old	Pbre1_13G220800	Pbre1_13G221000	0.47356
TRD	old	Pbre1_06G379600	Pbre1_04G232800	0.41617
PD	young	Pbre1_14G098600	Pbre1_14G099000	0.0745703
TRD	old	Pbre1_10G211200	Pbre1_05G210000	0.178115
PD	young	Pbre1_12G380000	Pbre1_12G380400	0.0701369
PD	young	Pbre1_10G491600	Pbre1_10G492400	0.0208567
TD	old	Pbre1_02G462000	Pbre1_02G462200	0.36683
TD	old	Pbre1_01G137600	Pbre1_01G137800	0.103368
TD	young	Pbre1_12G256400	Pbre1_12G256600	0.101404
TD	old	Pbre1_05G181400	Pbre1_05G181600	0.172594
PD	young	Pbre1_07G134600	Pbre1_07G135200	0.0495769
TRD	old	Pbre1_05G596000	Pbre1_10G584000	0.0677058
TD	young	Pbre1_04G034400	Pbre1_04G034600	0.0208642
TD	old	Pbre1_17G462200	Pbre1_17G462400	0.262431
TRD	young	Pbre1_17G334600	Pbre1_17G283200	0.102293
TD	old	Pbre1_10G463000	Pbre1_10G463200	0.398357
PD	young	Pbre1_04G016800	Pbre1_04G017200	0.0288009
TD	old	Pbre1_14G354600	Pbre1_14G354800	0.110879
TD	young	Pbre1_17G178600	Pbre1_17G178800	0.0233114
TD	old	Pbre1_10G236600	Pbre1_10G236800	0.175024
TRD	old	Pbre1_08G256400	Pbre1_15G228200	0.187713
TRD	old	Pbre1_05G464000	Pbre1_10G437800	0.381825
TD	old	Pbre1_10G101400	Pbre1_10G101600	0.370193
TD	old	Pbre1_10G562200	Pbre1_10G562400	0.258791
TRD	old	Pbre1_02G127800	Pbre1_07G384800	0.436385
TD	old	Pbre1_11G027600	Pbre1_11G027800	0.208649
TD	young	Pbre1_08G358600	Pbre1_08G358800	0.0714089
PD	old	Pbre1_16G140600	Pbre1_16G141000	0.0750955
TD	old	Pbre1_01G423000	Pbre1_01G423200	0.190114
TD	young	Pbre1_06G041600	Pbre1_06G041800	0.0965185
TD	old	Pbre1_10G153800	Pbre1_10G154000	0.164392
TRD	old	Pbre1_08G286400	Pbre1_15G635600	0.237312
PD	old	Pbre1_15G702400	Pbre1_15G702800	0.162334
TD	old	Pbre1_17G160800	Pbre1_17G161000	0.180224
TRD	old	Pbre1_15G215000	Pbre1_08G242600	0.33215
PD	old	Pbre1_01G426400	Pbre1_01G426800	0.418365
TD	old	Pbre1_13G402200	Pbre1_13G402400	0.379084
TRD	old	Pbre1_07G050000	Pbre1_17G138400	0.272409
TRD	old	Pbre1_12G146200	Pbre1_14G149800	0.114234
TD	old	Pbre1_02G173400	Pbre1_02G173600	0.187674
PD	young	Pbre1_01G431800	Pbre1_01G432400	0.0605319
PD	young	Pbre1_15G744600	Pbre1_15G745200	0.0282147
TD	young	Pbre1_16G149400	Pbre1_16G149600	0.0484752
PD	young	Pbre1_10G365800	Pbre1_10G366800	0.0465775
TRD	old	Pbre1_15G337200	Pbre1_03G472400	0.406956
TD	old	Pbre1_09G042800	Pbre1_09G043000	0.15821
TD	young	Pbre1_17G109600	Pbre1_17G109800	0.0722914
PD	old	Pbre1_04G065200	Pbre1_04G065800	0.261457
TD	old	Pbre1_03G241800	Pbre1_03G242000	0.201145
PD	young	Pbre1_09G113600	Pbre1_09G114200	0.0482557
PD	young	Pbre1_11G123800	Pbre1_11G124200	0.0806104
TD	old	Pbre1_16G182400	Pbre1_16G182600	0.127955
TD	old	Pbre1_16G045200	Pbre1_16G045400	0.309648
TRD	old	Pbre1_16G054200	Pbre1_13G049800	0.270791
PD	old	Pbre1_11G490000	Pbre1_11G490400	0.410899
TRD	old	Pbre1_09G109000	Pbre1_04G056400	0.471328
PD	old	Pbre1_08G137400	Pbre1_08G138800	0.0272618
TRD	old	Pbre1_02G138400	Pbre1_05G075800	0.146015
PD	young	Pbre1_17G296400	Pbre1_17G298000	0.10403
PD	old	Pbre1_02G376200	Pbre1_02G377400	0.059173
PD	old	Pbre1_02G401400	Pbre1_02G402600	0.331814
PD	old	Pbre1_10G491000	Pbre1_10G492000	0.123455
PD	old	Pbre1_04G216000	Pbre1_04G217200	0.0220792
TRD	old	Pbre1_04G091800	Pbre1_10G026000	0.37838
PD	old	Pbre1_12G425400	Pbre1_12G426200	0.185635
PD	old	Pbre1_02G252200	Pbre1_02G252600	0.0823843
TD	old	Pbre1_10G506800	Pbre1_10G507000	0.449725
TD	old	Pbre1_07G236200	Pbre1_07G236400	0.367244
TRD	old	Pbre1_13G455200	Pbre1_04G071200	0.140682
TRD	young	Pbre1_16G510400	Pbre1_01G000200	0.0101785
TD	old	Pbre1_15G149600	Pbre1_15G149800	0.14699
PD	young	Pbre1_17G486400	Pbre1_17G487200	0.0125488
PD	old	Pbre1_04G183200	Pbre1_04G183600	0.323244
TD	old	Pbre1_16G286200	Pbre1_16G286400	0.112929
PD	old	Pbre1_14G159800	Pbre1_14G160600	0.218201
TD	young	Pbre1_16G204800	Pbre1_16G205000	0.0484978
PD	old	Pbre1_11G360200	Pbre1_11G360800	0.195888
TRD	old	Pbre1_04G161800	Pbre1_12G198600	0.230629
PD	old	Pbre1_03G420400	Pbre1_03G420800	0.0379726
PD	young	Pbre1_13G042000	Pbre1_13G042400	0.0331095
TD	old	Pbre1_01G188200	Pbre1_01G188400	0.11863
TD	young	Pbre1_07G026000	Pbre1_07G026200	0.0151727
PD	young	Pbre1_11G123200	Pbre1_11G123600	0.0864507
TRD	young	Pbre1_15G099200	Pbre1_04G411200	0.0623215
PD	young	Pbre1_15G257600	Pbre1_15G258000	0.0507259
TD	old	Pbre1_03G187400	Pbre1_03G187600	0.0375683
TD	old	Pbre1_13G486000	Pbre1_13G486200	0.245787
TD	old	Pbre1_09G324200	Pbre1_09G324400	0.121454
TRD	old	Pbre1_16G371600	Pbre1_15G726000	0.16623
TRD	old	Pbre1_14G320800	Pbre1_14G064000	0.28474
TRD	old	Pbre1_03G000400	Pbre1_16G102400	0.276869
TRD	old	Pbre1_14G308200	Pbre1_06G270800	0.35712
PD	old	Pbre1_07G490800	Pbre1_07G491600	0.0834513
PD	young	Pbre1_02G021200	Pbre1_02G021600	0.0149114
PD	old	Pbre1_07G061800	Pbre1_07G062200	0.357473
TRD	old	Pbre1_01G047200	Pbre1_15G606000	0.212148
TD	old	Pbre1_03G046200	Pbre1_03G046400	0.417345
TRD	old	Pbre1_04G042800	Pbre1_05G250000	0.172148
PD	old	Pbre1_11G195200	Pbre1_11G196000	0.231498
PD	old	Pbre1_05G238800	Pbre1_05G239400	0.265373
TRD	young	Pbre1_15G784600	Pbre1_10G089200	0.0995252
TRD	old	Pbre1_16G313000	Pbre1_04G164000	0.157952
TD	young	Pbre1_09G099000	Pbre1_09G099200	0.0955565
TRD	young	Pbre1_06G096800	Pbre1_08G113800	0.056558
TRD	old	Pbre1_08G353200	Pbre1_12G390200	0.12821
TD	old	Pbre1_13G245400	Pbre1_13G245600	0.295083
PD	old	Pbre1_16G124800	Pbre1_16G125200	0.424393
PD	young	Pbre1_07G135200	Pbre1_07G135600	0.0545727
TD	young	Pbre1_12G292600	Pbre1_12G292800	0.0325194
TD	old	Pbre1_02G454600	Pbre1_02G454800	0.411085
TRD	old	Pbre1_03G478200	Pbre1_11G510800	0.151632
TRD	old	Pbre1_16G435000	Pbre1_01G113600	0.164727
TD	old	Pbre1_09G450200	Pbre1_09G450400	0.248037
TD	old	Pbre1_01G260600	Pbre1_01G260800	0.162537
TD	old	Pbre1_01G409800	Pbre1_01G410000	0.457921
TD	old	Pbre1_09G256800	Pbre1_09G257000	0.18305
TRD	old	Pbre1_06G017800	Pbre1_12G066400	0.439747
TRD	old	Pbre1_10G304000	Pbre1_17G038400	0.0702142
PD	young	Pbre1_01G304600	Pbre1_01G306000	0.0670796
TRD	young	Pbre1_05G468000	Pbre1_13G212800	0.0411338
TD	young	Pbre1_16G410400	Pbre1_16G410600	0.00422852
PD	young	Pbre1_09G194200	Pbre1_09G194600	0.0478685
TD	young	Pbre1_13G272400	Pbre1_13G272600	0.0352086
TRD	old	Pbre1_17G369600	Pbre1_17G320400	0.148739
TRD	old	Pbre1_10G571200	Pbre1_13G412400	0.447512
TRD	old	Pbre1_11G354600	Pbre1_03G329800	0.234644
PD	old	Pbre1_10G072800	Pbre1_10G073200	0.193517
TRD	young	Pbre1_02G379200	Pbre1_02G375600	0.03026
TD	young	Pbre1_10G259800	Pbre1_10G260000	0.0161602
TD	young	Pbre1_14G382800	Pbre1_14G383000	0.0440479
PD	old	Pbre1_11G118600	Pbre1_11G119000	0.0854335
TD	old	Pbre1_15G185800	Pbre1_15G186000	0.0450251
TD	young	Pbre1_13G435600	Pbre1_13G435800	0.0320236
TD	young	Pbre1_10G488400	Pbre1_10G488600	0.0988073
TD	old	Pbre1_07G052200	Pbre1_07G052400	0.291994
TRD	old	Pbre1_01G269400	Pbre1_13G199200	0.390231
TD	old	Pbre1_02G131200	Pbre1_02G131400	0.185308
TRD	old	Pbre1_16G370000	Pbre1_05G244400	0.338122
PD	young	Pbre1_09G232200	Pbre1_09G232600	0.0656067
TD	young	Pbre1_01G350400	Pbre1_01G350600	0.093708
TRD	old	Pbre1_14G131400	Pbre1_12G129000	0.324858
TRD	old	Pbre1_04G085000	Pbre1_06G083600	0.359748
PD	young	Pbre1_08G162000	Pbre1_08G162600	0.10223
TD	old	Pbre1_16G043200	Pbre1_16G043400	0.21838
PD	old	Pbre1_10G026800	Pbre1_10G027800	0.207087
TD	old	Pbre1_05G215000	Pbre1_05G215200	0.217899
PD	old	Pbre1_02G151200	Pbre1_02G151800	0.312024
TRD	old	Pbre1_03G209200	Pbre1_02G255800	0.40759
TD	old	Pbre1_09G406200	Pbre1_09G406400	0.232431
TRD	old	Pbre1_16G381800	Pbre1_13G380400	0.111995
TRD	old	Pbre1_07G472600	Pbre1_16G377400	0.0590955
PD	young	Pbre1_12G286400	Pbre1_12G286800	0.103995
TRD	young	Pbre1_06G153000	Pbre1_02G395400	0.0179257
TRD	old	Pbre1_07G037000	Pbre1_02G469400	0.205736
PD	young	Pbre1_11G112400	Pbre1_11G112800	0.0903428
PD	young	Pbre1_09G313800	Pbre1_09G314600	0.0533871
TD	old	Pbre1_07G059800	Pbre1_07G060000	0.37676
TRD	young	Pbre1_10G122600	Pbre1_10G125600	0.0542257
TRD	old	Pbre1_09G408600	Pbre1_17G418800	0.370632
TRD	old	Pbre1_09G349200	Pbre1_17G359000	0.262359
TRD	old	Pbre1_17G315400	Pbre1_09G325400	0.213804
PD	young	Pbre1_09G209800	Pbre1_09G211000	0.0683309
TD	old	Pbre1_07G404200	Pbre1_07G404400	0.227912
PD	old	Pbre1_11G061200	Pbre1_11G062000	0.256127
TD	old	Pbre1_09G450000	Pbre1_09G450200	0.258572
TRD	young	Pbre1_15G229000	Pbre1_09G034800	0.106091
PD	old	Pbre1_13G453600	Pbre1_13G454600	0.134386
PD	young	Pbre1_10G115000	Pbre1_10G115400	0.0648729
TRD	old	Pbre1_10G380000	Pbre1_10G115000	0.135219
TD	young	Pbre1_01G375400	Pbre1_01G375600	0.0753054
TD	old	Pbre1_10G487200	Pbre1_10G487400	0.201137
TD	old	Pbre1_09G202400	Pbre1_09G202600	0.171261
PD	old	Pbre1_01G236600	Pbre1_01G237000	0.134765
TD	old	Pbre1_13G170600	Pbre1_13G170800	0.274624
TD	old	Pbre1_12G241000	Pbre1_12G241200	0.136573
PD	young	Pbre1_13G277800	Pbre1_13G278200	0.0791353
PD	young	Pbre1_17G390000	Pbre1_17G390600	0.0911038
TRD	old	Pbre1_14G438800	Pbre1_06G401000	0.15448
TD	old	Pbre1_17G404600	Pbre1_17G404800	0.417912
TD	young	Pbre1_10G029600	Pbre1_10G029800	0.07873
TRD	old	Pbre1_04G179400	Pbre1_05G326800	0.454484
TD	old	Pbre1_15G093600	Pbre1_15G093800	0.322214
TRD	old	Pbre1_15G460200	Pbre1_02G121600	0.247071
TRD	old	Pbre1_07G257400	Pbre1_14G145400	0.216359
TRD	old	Pbre1_14G194800	Pbre1_15G180200	0.125499
PD	old	Pbre1_15G086600	Pbre1_15G087800	0.195812
PD	old	Pbre1_02G171400	Pbre1_02G171800	0.313096
TRD	old	Pbre1_01G185600	Pbre1_16G018800	0.268271
PD	old	Pbre1_14G377000	Pbre1_14G377400	0.153954
TRD	young	Pbre1_16G447000	Pbre1_04G362600	0.0610329
TRD	old	Pbre1_11G103000	Pbre1_03G095000	0.230274
PD	old	Pbre1_17G196600	Pbre1_17G197400	0.290859
TD	young	Pbre1_04G077600	Pbre1_04G077800	0.0397134
TRD	old	Pbre1_13G323800	Pbre1_03G297200	0.334064
PD	old	Pbre1_11G190800	Pbre1_11G191200	0.277015
TD	young	Pbre1_07G091600	Pbre1_07G091800	0.0257555
TRD	old	Pbre1_08G249400	Pbre1_03G459800	0.132548
PD	young	Pbre1_08G082200	Pbre1_08G082600	0.0951574
TRD	old	Pbre1_10G265600	Pbre1_10G263600	0.249781
TRD	old	Pbre1_12G117000	Pbre1_14G119200	0.241461
TD	old	Pbre1_01G364800	Pbre1_01G365000	0.12312
TD	young	Pbre1_05G507400	Pbre1_05G507600	0.0515647
TD	old	Pbre1_04G207200	Pbre1_04G207400	0.137286
TRD	old	Pbre1_03G068400	Pbre1_08G102000	0.403926
PD	old	Pbre1_11G191400	Pbre1_11G192000	0.347146
PD	young	Pbre1_17G416000	Pbre1_17G416400	0.048586
TD	old	Pbre1_01G351000	Pbre1_01G351200	0.124294
PD	young	Pbre1_01G327600	Pbre1_01G328000	0.0328944
TRD	old	Pbre1_17G039200	Pbre1_09G039200	0.235871
PD	young	Pbre1_01G305200	Pbre1_01G306200	0.0949126
TRD	old	Pbre1_15G385600	Pbre1_15G404200	0.440245
TD	old	Pbre1_12G091600	Pbre1_12G091800	0.289803
TD	old	Pbre1_17G447400	Pbre1_17G447600	0.167443
TRD	young	Pbre1_08G082000	Pbre1_13G212800	0.0270616
PD	young	Pbre1_02G452000	Pbre1_02G452600	0.00293182
TRD	old	Pbre1_11G461000	Pbre1_11G494000	0.345862
TD	young	Pbre1_15G720800	Pbre1_15G721000	0.0231315
TRD	old	Pbre1_07G232600	Pbre1_11G206200	0.391343
TRD	old	Pbre1_13G144600	Pbre1_16G150800	0.189306
TD	old	Pbre1_10G115400	Pbre1_10G115600	0.229655
PD	old	Pbre1_01G118600	Pbre1_01G119000	0.142987
TRD	old	Pbre1_15G527800	Pbre1_02G288000	0.299213
TRD	old	Pbre1_17G075800	Pbre1_12G014800	0.154271
TRD	young	Pbre1_07G129400	Pbre1_08G201800	0.0922111
TD	young	Pbre1_09G249800	Pbre1_09G250000	0.0967334
TD	young	Pbre1_17G199800	Pbre1_17G200000	0.0285252
TD	old	Pbre1_17G223600	Pbre1_17G223800	0.152459
TRD	old	Pbre1_01G025000	Pbre1_02G337200	0.264892
PD	old	Pbre1_07G000600	Pbre1_07G001000	0.0473641
TRD	old	Pbre1_10G017000	Pbre1_05G018400	0.363418
TD	young	Pbre1_07G143600	Pbre1_07G143800	0.0518585
TRD	old	Pbre1_03G440200	Pbre1_08G256800	0.292729
TRD	old	Pbre1_04G224200	Pbre1_15G286600	0.24876
PD	old	Pbre1_09G078400	Pbre1_09G078800	0.416223
TRD	old	Pbre1_14G354400	Pbre1_06G316400	0.124102
PD	old	Pbre1_01G046200	Pbre1_01G046600	0.375902
PD	young	Pbre1_04G130600	Pbre1_04G131200	0.102704
PD	young	Pbre1_02G420000	Pbre1_02G420400	0.0545584
TD	young	Pbre1_05G073200	Pbre1_05G073400	0.0907742
TD	young	Pbre1_16G148600	Pbre1_16G148800	0.0296456
TRD	old	Pbre1_13G022800	Pbre1_16G021800	0.207174
TRD	old	Pbre1_06G128600	Pbre1_04G118800	0.175701
TD	old	Pbre1_02G190800	Pbre1_02G191000	0.351099
TRD	old	Pbre1_10G160800	Pbre1_05G578400	0.286284
PD	young	Pbre1_10G147800	Pbre1_10G148400	0.105884
TD	old	Pbre1_01G127800	Pbre1_01G128000	0.276642
PD	young	Pbre1_11G382800	Pbre1_11G383200	0.0451423
PD	young	Pbre1_12G034600	Pbre1_12G035600	0.0533801
PD	old	Pbre1_13G445200	Pbre1_13G446600	0.259393
TRD	young	Pbre1_08G171400	Pbre1_13G402800	0.0259838
PD	old	Pbre1_01G196000	Pbre1_01G196800	0.236071
PD	young	Pbre1_07G186800	Pbre1_07G187400	0.100162
TD	young	Pbre1_16G203200	Pbre1_16G203400	0.0997684
PD	young	Pbre1_07G015800	Pbre1_07G016600	0.0900039
TD	old	Pbre1_03G045000	Pbre1_03G045200	0.449944
PD	young	Pbre1_03G162000	Pbre1_03G162600	0.0322427
TRD	old	Pbre1_02G499600	Pbre1_07G015400	0.211964
TRD	old	Pbre1_04G361200	Pbre1_11G205600	0.357188
TD	old	Pbre1_12G013200	Pbre1_12G013400	0.173084
PD	young	Pbre1_16G099600	Pbre1_16G100200	0.070246
TD	young	Pbre1_11G029400	Pbre1_11G029600	0.0241594
TD	young	Pbre1_05G126200	Pbre1_05G126400	0.0362982
TD	old	Pbre1_02G085000	Pbre1_02G085200	0.167761
TRD	old	Pbre1_02G329800	Pbre1_08G058000	0.374651
TD	young	Pbre1_14G311000	Pbre1_14G311200	0.0444943
PD	old	Pbre1_04G340200	Pbre1_04G340800	0.230815
TD	young	Pbre1_09G470600	Pbre1_09G470800	0.0841647
PD	old	Pbre1_17G447400	Pbre1_17G447800	0.332139
TD	young	Pbre1_09G055600	Pbre1_09G055800	0.0807717
TD	old	Pbre1_13G088800	Pbre1_13G089000	0.16873
TD	old	Pbre1_11G019600	Pbre1_11G019800	0.228546
TRD	old	Pbre1_08G073800	Pbre1_14G380800	0.191602
TRD	old	Pbre1_17G448400	Pbre1_09G438400	0.350702
PD	old	Pbre1_14G258000	Pbre1_14G258400	0.257865
TRD	old	Pbre1_10G339800	Pbre1_08G094800	0.14085
TRD	old	Pbre1_05G246600	Pbre1_10G243200	0.353751
TRD	old	Pbre1_04G059800	Pbre1_16G343200	0.178812
TRD	old	Pbre1_08G227400	Pbre1_04G138600	0.294561
TRD	old	Pbre1_01G212600	Pbre1_01G163800	0.206245
PD	young	Pbre1_13G275200	Pbre1_13G275600	0.0374839
TRD	old	Pbre1_10G182400	Pbre1_07G393800	0.369091
TRD	old	Pbre1_13G346200	Pbre1_07G231000	0.376002
TD	old	Pbre1_03G435000	Pbre1_03G435200	0.139928
TRD	old	Pbre1_07G090600	Pbre1_06G209000	0.235427
TRD	old	Pbre1_04G261600	Pbre1_12G296000	0.124986
TRD	old	Pbre1_12G381200	Pbre1_13G168000	0.28693
PD	old	Pbre1_15G662400	Pbre1_15G662800	0.154398
TRD	old	Pbre1_03G398000	Pbre1_11G425000	0.357238
TD	old	Pbre1_06G222800	Pbre1_06G223000	0.157324
TRD	young	Pbre1_05G049600	Pbre1_08G201800	0.0542509
PD	young	Pbre1_09G157400	Pbre1_09G157800	0.0162896
TRD	old	Pbre1_11G032000	Pbre1_12G396200	0.440401
TD	young	Pbre1_12G331200	Pbre1_12G331400	0.0466336
TRD	old	Pbre1_09G286800	Pbre1_17G271200	0.419946
PD	old	Pbre1_01G051600	Pbre1_01G052000	0.348744
PD	old	Pbre1_14G015000	Pbre1_14G015400	0.119184
TRD	old	Pbre1_01G204400	Pbre1_13G152200	0.150551
TD	young	Pbre1_12G384000	Pbre1_12G384200	0.0787271
PD	old	Pbre1_10G092800	Pbre1_10G093800	0.331641
TRD	old	Pbre1_15G498400	Pbre1_15G743800	0.364563
PD	young	Pbre1_16G391400	Pbre1_16G391800	0.0224558
TRD	old	Pbre1_07G491000	Pbre1_12G437800	0.451332
PD	old	Pbre1_17G452200	Pbre1_17G453000	0.20026
TRD	old	Pbre1_14G121000	Pbre1_12G124800	0.385245
TD	young	Pbre1_15G487800	Pbre1_15G488000	0.0903504
TRD	old	Pbre1_15G646200	Pbre1_08G293600	0.142497
TRD	young	Pbre1_02G370200	Pbre1_14G064000	0.0824203
TD	young	Pbre1_01G345000	Pbre1_01G345200	0.108689
TRD	old	Pbre1_16G164000	Pbre1_13G157200	0.452404
PD	young	Pbre1_11G200600	Pbre1_11G201000	0.0838352
PD	old	Pbre1_11G190200	Pbre1_11G191600	0.208243
TRD	young	Pbre1_05G227400	Pbre1_10G106800	0.0232321
TD	old	Pbre1_06G402800	Pbre1_06G403000	0.426469
PD	old	Pbre1_03G055800	Pbre1_03G056400	0.30247
TRD	old	Pbre1_16G450400	Pbre1_11G403800	0.242112
PD	young	Pbre1_11G390000	Pbre1_11G390600	0.0365032
PD	young	Pbre1_13G071600	Pbre1_13G072000	0.0246977
TD	young	Pbre1_17G109800	Pbre1_17G110000	0.0145961
TRD	young	Pbre1_07G001600	Pbre1_04G031600	0.0670282
TRD	old	Pbre1_16G180000	Pbre1_09G240400	0.221678
TRD	old	Pbre1_01G250400	Pbre1_08G062600	0.0677945
TD	old	Pbre1_03G031400	Pbre1_03G031600	0.201579
PD	old	Pbre1_15G384600	Pbre1_15G385000	0.149613
PD	old	Pbre1_16G058600	Pbre1_16G059000	0.130936
PD	old	Pbre1_11G295200	Pbre1_11G296800	0.011029
TD	old	Pbre1_14G155000	Pbre1_14G155200	0.434669
TD	old	Pbre1_16G040000	Pbre1_16G040200	0.212137
TRD	old	Pbre1_14G113200	Pbre1_17G152200	0.089348
TD	old	Pbre1_07G325200	Pbre1_07G325400	0.351302
PD	young	Pbre1_01G140600	Pbre1_01G141400	0.0589572
PD	old	Pbre1_03G296000	Pbre1_03G297200	0.122852
TRD	old	Pbre1_17G261400	Pbre1_10G372600	0.164479
TRD	old	Pbre1_14G152200	Pbre1_14G148400	0.16151
TD	old	Pbre1_15G760000	Pbre1_15G760200	0.352151
TRD	young	Pbre1_17G319200	Pbre1_09G406200	0.105256
TD	old	Pbre1_14G324800	Pbre1_14G325000	0.209523
TD	young	Pbre1_11G359200	Pbre1_11G359400	0.0383649
TRD	old	Pbre1_12G140800	Pbre1_12G061000	0.202976
TD	old	Pbre1_14G212000	Pbre1_14G212200	0.0949251
PD	young	Pbre1_10G307800	Pbre1_10G308200	0.083858
PD	young	Pbre1_01G132800	Pbre1_01G134000	0.085784
TRD	old	Pbre1_07G098800	Pbre1_02G255800	0.388726
PD	young	Pbre1_07G048800	Pbre1_07G049600	0.00303724
TD	old	Pbre1_14G099800	Pbre1_14G100000	0.114645
TRD	old	Pbre1_05G024600	Pbre1_16G068400	0.203218
TRD	old	Pbre1_07G027000	Pbre1_02G483200	0.289
TD	young	Pbre1_02G374800	Pbre1_02G375000	0.109727
TD	old	Pbre1_11G411800	Pbre1_11G412000	0.418557
TRD	old	Pbre1_05G007000	Pbre1_10G007800	0.135662
TRD	old	Pbre1_10G230600	Pbre1_05G230200	0.169218
TRD	old	Pbre1_12G001200	Pbre1_05G259000	0.33137
TD	young	Pbre1_10G423200	Pbre1_10G423400	0.0364177
TRD	old	Pbre1_07G085400	Pbre1_06G207800	0.467108
TRD	young	Pbre1_03G320400	Pbre1_12G045800	0.0324041
PD	old	Pbre1_03G114200	Pbre1_03G114800	0.0124594
PD	old	Pbre1_05G541200	Pbre1_05G541600	0.112932
PD	old	Pbre1_01G193000	Pbre1_01G193600	0.431865
TD	old	Pbre1_07G151400	Pbre1_07G151600	0.257022
TD	young	Pbre1_06G371600	Pbre1_06G371800	0.110844
TD	young	Pbre1_07G102800	Pbre1_07G103000	0.0961986
TD	old	Pbre1_10G194800	Pbre1_10G195000	0.132482
PD	old	Pbre1_13G350000	Pbre1_13G350400	0.307015
TRD	old	Pbre1_07G144600	Pbre1_02G358000	0.203511
PD	old	Pbre1_08G161200	Pbre1_08G162200	0.228589
PD	young	Pbre1_05G232000	Pbre1_05G232400	0.0175543
TRD	old	Pbre1_11G055400	Pbre1_08G280800	0.366166
TRD	old	Pbre1_12G296600	Pbre1_16G208000	0.326005
TRD	old	Pbre1_01G290400	Pbre1_07G368600	0.462594
TRD	old	Pbre1_14G127400	Pbre1_12G125800	0.297085
