series	sample	distance_bp	possible_bin_pairs	observed_nonzero_pixels	contact_sum	mean_contact_per_possible_pair	display_in_primary_figure
Replicate 1	rep1	50000	9942	9912	9270471.0	932.455340978	True
Replicate 1	rep1	100000	9925	9893	4422279.0	445.569672544	True
Replicate 1	rep1	150000	9908	9881	3005679.0	303.358800969	True
Replicate 1	rep1	200000	9891	9858	2262719.0	228.765443332	True
Replicate 1	rep1	250000	9874	9841	1805847.0	182.889102694	True
Replicate 1	rep1	300000	9857	9820	1495201.0	151.689256366	True
Replicate 1	rep1	350000	9840	9804	1277091.0	129.785670732	True
Replicate 1	rep1	400000	9823	9790	1114427.0	113.450778784	True
Replicate 1	rep1	450000	9806	9775	988163.0	100.771262492	True
Replicate 1	rep1	500000	9789	9757	886239.0	90.5341710083	True
Replicate 1	rep1	550000	9772	9735	807902.0	82.6751944331	True
Replicate 1	rep1	600000	9755	9721	741615.0	76.0240902101	True
Replicate 1	rep1	650000	9738	9699	688608.0	70.7134935305	True
Replicate 1	rep1	700000	9721	9679	639426.0	65.7778006378	True
Replicate 1	rep1	750000	9704	9662	600185.0	61.8492374279	True
Replicate 1	rep1	800000	9687	9647	564532.0	58.2772788273	True
Replicate 1	rep1	850000	9670	9630	534916.0	55.3170630817	True
Replicate 1	rep1	900000	9653	9614	508736.0	52.7023723195	True
Replicate 1	rep1	950000	9636	9594	484191.0	50.248132005	True
Replicate 1	rep1	1000000	9619	9578	462100.0	48.0403368334	True
Replicate 1	rep1	1050000	9602	9566	443084.0	46.144969798	True
Replicate 1	rep1	1100000	9585	9550	425686.0	44.4116849244	True
Replicate 1	rep1	1150000	9568	9533	409877.0	42.8383152174	True
Replicate 1	rep1	1200000	9551	9515	396636.0	41.5282169406	True
Replicate 1	rep1	1250000	9534	9492	383760.0	40.2517306482	True
Replicate 1	rep1	1300000	9517	9475	371001.0	38.9829778291	True
Replicate 1	rep1	1350000	9500	9458	359815.0	37.8752631579	True
Replicate 1	rep1	1400000	9483	9445	350717.0	36.9837604134	True
Replicate 1	rep1	1450000	9466	9426	340430.0	35.9634481302	True
Replicate 1	rep1	1500000	9449	9409	331455.0	35.0783151656	True
Replicate 1	rep1	1550000	9432	9383	324299.0	34.3828456319	True
Replicate 1	rep1	1600000	9415	9372	315846.0	33.5471056824	True
Replicate 1	rep1	1650000	9398	9344	306998.0	32.6663119813	True
Replicate 1	rep1	1700000	9381	9340	299936.0	31.9727107984	True
Replicate 1	rep1	1750000	9364	9319	294127.0	31.4104015378	True
Replicate 1	rep1	1800000	9347	9301	288545.0	30.8703327271	True
Replicate 1	rep1	1850000	9330	9282	283711.0	30.4084673098	True
Replicate 1	rep1	1900000	9313	9268	277642.0	29.8123053796	True
Replicate 1	rep1	1950000	9296	9244	272189.0	29.2802280551	True
Replicate 1	rep1	2000000	9279	9223	267071.0	28.7823041276	True
Replicate 1	rep1	2050000	9262	9211	262605.0	28.3529475275	True
Replicate 1	rep1	2100000	9245	9193	259461.0	28.0650081125	True
Replicate 1	rep1	2150000	9228	9176	254058.0	27.5312093628	True
Replicate 1	rep1	2200000	9211	9152	250212.0	27.1644772555	True
Replicate 1	rep1	2250000	9194	9138	244999.0	26.647705025	True
Replicate 1	rep1	2300000	9177	9123	241056.0	26.2674076496	True
Replicate 1	rep1	2350000	9160	9104	236630.0	25.8329694323	True
Replicate 1	rep1	2400000	9143	9073	233216.0	25.5076014437	True
Replicate 1	rep1	2450000	9126	9071	229725.0	25.1725838264	True
Replicate 1	rep1	2500000	9109	9051	226769.0	24.8950488528	True
Replicate 1	rep1	2550000	9092	9029	222936.0	24.5200175979	True
Replicate 1	rep1	2600000	9075	9010	219729.0	24.2125619835	True
Replicate 1	rep1	2650000	9058	8991	216576.0	23.9099138883	True
Replicate 1	rep1	2700000	9041	8978	212892.0	23.5473951996	True
Replicate 1	rep1	2750000	9024	8954	209880.0	23.2579787234	True
Replicate 1	rep1	2800000	9007	8927	207041.0	22.986677029	True
Replicate 1	rep1	2850000	8990	8915	203352.0	22.6197997775	True
Replicate 1	rep1	2900000	8973	8904	200276.0	22.3198484342	True
Replicate 1	rep1	2950000	8956	8882	198603.0	22.1754131309	True
Replicate 1	rep1	3000000	8939	8853	195348.0	21.853451169	True
Replicate 1	rep1	3050000	8922	8845	193117.0	21.6450347456	True
Replicate 1	rep1	3100000	8905	8829	190652.0	21.4095451993	True
Replicate 1	rep1	3150000	8888	8812	187769.0	21.1261251125	True
Replicate 1	rep1	3200000	8871	8793	186623.0	21.0374253185	True
Replicate 1	rep1	3250000	8854	8776	183565.0	20.7324373165	True
Replicate 1	rep1	3300000	8837	8751	181105.0	20.4939459092	True
Replicate 1	rep1	3350000	8820	8725	179132.0	20.3097505669	True
Replicate 1	rep1	3400000	8803	8716	177202.0	20.1297285016	True
Replicate 1	rep1	3450000	8786	8705	174883.0	19.9047348054	True
Replicate 1	rep1	3500000	8769	8668	172818.0	19.7078344167	True
Replicate 1	rep1	3550000	8752	8658	169518.0	19.3690585009	True
Replicate 1	rep1	3600000	8735	8642	168657.0	19.3081854608	True
Replicate 1	rep1	3650000	8718	8616	166007.0	19.0418674008	True
Replicate 1	rep1	3700000	8701	8596	164711.0	18.9301229744	True
Replicate 1	rep1	3750000	8684	8570	161637.0	18.6131966836	True
Replicate 1	rep1	3800000	8667	8555	160404.0	18.5074420215	True
Replicate 1	rep1	3850000	8650	8544	158631.0	18.3388439306	True
Replicate 1	rep1	3900000	8633	8524	158074.0	18.3104366964	True
Replicate 1	rep1	3950000	8616	8518	154707.0	17.9557799443	True
Replicate 1	rep1	4000000	8599	8501	152860.0	17.7764856379	True
Replicate 1	rep1	4050000	8582	8464	151741.0	17.681309718	True
Replicate 1	rep1	4100000	8565	8449	150026.0	17.5161704612	True
Replicate 1	rep1	4150000	8548	8427	148036.0	17.3182030884	True
Replicate 1	rep1	4200000	8531	8412	146007.0	17.1148751612	True
Replicate 1	rep1	4250000	8514	8412	144355.0	16.955015269	True
Replicate 1	rep1	4300000	8497	8370	143162.0	16.848534777	True
Replicate 1	rep1	4350000	8480	8360	142406.0	16.7931603774	True
Replicate 1	rep1	4400000	8463	8350	139150.0	16.4421599905	True
Replicate 1	rep1	4450000	8446	8318	138692.0	16.4210277054	True
Replicate 1	rep1	4500000	8429	8306	137225.0	16.2801044015	True
Replicate 1	rep1	4550000	8412	8293	136589.0	16.2373989539	True
Replicate 1	rep1	4600000	8395	8261	134992.0	16.0800476474	True
Replicate 1	rep1	4650000	8378	8260	132945.0	15.8683456672	True
Replicate 1	rep1	4700000	8361	8226	131195.0	15.6913048678	True
Replicate 1	rep1	4750000	8344	8207	129079.0	15.4696788111	True
Replicate 1	rep1	4800000	8327	8209	129201.0	15.5159120932	True
Replicate 1	rep1	4850000	8310	8176	127197.0	15.3064981949	True
Replicate 1	rep1	4900000	8293	8152	125995.0	15.1929337996	True
Replicate 1	rep1	4950000	8276	8130	125105.0	15.1166022233	True
Replicate 1	rep1	5000000	8259	8121	123112.0	14.9064051338	True
Replicate 1	rep1	5050000	8242	8108	122318.0	14.8408153361	True
Replicate 1	rep1	5100000	8225	8090	120465.0	14.6462006079	True
Replicate 1	rep1	5150000	8208	8064	118955.0	14.4925682261	True
Replicate 1	rep1	5200000	8191	8032	117923.0	14.3966548651	True
Replicate 1	rep1	5250000	8174	8029	116863.0	14.2969170541	True
Replicate 1	rep1	5300000	8157	8017	116167.0	14.2413877651	True
Replicate 1	rep1	5350000	8140	7988	114114.0	14.0189189189	True
Replicate 1	rep1	5400000	8123	7994	112875.0	13.8957281792	True
Replicate 1	rep1	5450000	8106	7964	112260.0	13.8490007402	True
Replicate 1	rep1	5500000	8089	7935	110729.0	13.6888366918	True
Replicate 1	rep1	5550000	8072	7931	109789.0	13.6012140733	True
Replicate 1	rep1	5600000	8055	7909	108027.0	13.4111731844	True
Replicate 1	rep1	5650000	8038	7857	106593.0	13.2611346106	True
Replicate 1	rep1	5700000	8021	7855	105549.0	13.1590824087	True
Replicate 1	rep1	5750000	8004	7833	104223.0	13.0213643178	True
Replicate 1	rep1	5800000	7987	7831	103363.0	12.9414047828	True
Replicate 1	rep1	5850000	7970	7795	102713.0	12.8874529486	True
Replicate 1	rep1	5900000	7953	7777	100994.0	12.6988557777	True
Replicate 1	rep1	5950000	7936	7765	100340.0	12.6436491935	True
Replicate 1	rep1	6000000	7919	7758	99487.0	12.563076146	True
Replicate 1	rep1	6050000	7902	7741	98598.0	12.4776006074	True
Replicate 1	rep1	6100000	7885	7700	97144.0	12.3201014585	True
Replicate 1	rep1	6150000	7868	7694	96146.0	12.2198779868	True
Replicate 1	rep1	6200000	7851	7676	95454.0	12.1581964081	True
Replicate 1	rep1	6250000	7834	7649	94566.0	12.0712279806	True
Replicate 1	rep1	6300000	7817	7637	93136.0	11.914545222	True
Replicate 1	rep1	6350000	7800	7605	91360.0	11.7128205128	True
Replicate 1	rep1	6400000	7783	7580	90968.0	11.6880380316	True
Replicate 1	rep1	6450000	7766	7570	89626.0	11.5408189544	True
Replicate 1	rep1	6500000	7749	7564	88422.0	11.4107626791	True
Replicate 1	rep1	6550000	7732	7552	87718.0	11.3448008277	True
Replicate 1	rep1	6600000	7715	7517	86766.0	11.2464031108	True
Replicate 1	rep1	6650000	7698	7469	85318.0	11.0831384775	True
Replicate 1	rep1	6700000	7681	7479	85234.0	11.0967321963	True
Replicate 1	rep1	6750000	7664	7452	83391.0	10.8808716075	True
Replicate 1	rep1	6800000	7647	7424	82539.0	10.7936445665	True
Replicate 1	rep1	6850000	7630	7433	82234.0	10.7777195282	True
Replicate 1	rep1	6900000	7613	7395	81175.0	10.662682254	True
Replicate 1	rep1	6950000	7596	7396	79957.0	10.5261979989	True
Replicate 1	rep1	7000000	7579	7374	79534.0	10.4939965695	True
Replicate 1	rep1	7050000	7562	7365	78150.0	10.3345675747	True
Replicate 1	rep1	7100000	7545	7316	76904.0	10.1927104042	True
Replicate 1	rep1	7150000	7528	7281	76411.0	10.1502391073	True
Replicate 1	rep1	7200000	7511	7305	75785.0	10.0898681933	True
Replicate 1	rep1	7250000	7494	7262	75264.0	10.0432345877	True
Replicate 1	rep1	7300000	7477	7249	73978.0	9.89407516384	True
Replicate 1	rep1	7350000	7460	7209	73243.0	9.81809651475	True
Replicate 1	rep1	7400000	7443	7202	72340.0	9.71919924762	True
Replicate 1	rep1	7450000	7426	7206	71649.0	9.64839752222	True
Replicate 1	rep1	7500000	7409	7168	70679.0	9.53961398299	True
Replicate 1	rep1	7550000	7392	7141	70231.0	9.5009469697	True
Replicate 1	rep1	7600000	7375	7141	69214.0	9.38494915254	True
Replicate 1	rep1	7650000	7358	7097	68410.0	9.29736341397	True
Replicate 1	rep1	7700000	7341	7075	68034.0	9.26767470372	True
Replicate 1	rep1	7750000	7324	7066	67817.0	9.25955761879	True
Replicate 1	rep1	7800000	7307	7025	66444.0	9.093198303	True
Replicate 1	rep1	7850000	7290	7015	64871.0	8.89862825789	True
Replicate 1	rep1	7900000	7273	7013	64840.0	8.91516568129	True
Replicate 1	rep1	7950000	7256	6994	64527.0	8.89291620728	True
Replicate 1	rep1	8000000	7239	6967	63328.0	8.74816963669	True
Replicate 1	rep1	8050000	7222	6937	62997.0	8.72292993631	True
Replicate 1	rep1	8100000	7205	6894	62498.0	8.67425399028	True
Replicate 1	rep1	8150000	7188	6893	61848.0	8.60434056761	True
Replicate 1	rep1	8200000	7171	6865	61150.0	8.52740203598	True
Replicate 1	rep1	8250000	7154	6858	60475.0	8.45331283198	True
Replicate 1	rep1	8300000	7137	6822	60131.0	8.42524870394	True
Replicate 1	rep1	8350000	7120	6793	59622.0	8.37387640449	True
Replicate 1	rep1	8400000	7103	6787	58856.0	8.28607630579	True
Replicate 1	rep1	8450000	7086	6756	57740.0	8.14846175557	True
Replicate 1	rep1	8500000	7069	6748	57668.0	8.15787240062	True
Replicate 1	rep1	8550000	7052	6750	57025.0	8.08635847986	True
Replicate 1	rep1	8600000	7035	6720	56680.0	8.05685856432	True
Replicate 1	rep1	8650000	7018	6684	55509.0	7.90951838131	True
Replicate 1	rep1	8700000	7001	6685	55556.0	7.9354377946	True
Replicate 1	rep1	8750000	6984	6650	55049.0	7.88215922108	True
Replicate 1	rep1	8800000	6967	6628	54040.0	7.75656667145	True
Replicate 1	rep1	8850000	6950	6636	53546.0	7.70446043165	True
Replicate 1	rep1	8900000	6933	6584	53004.0	7.64517524881	True
Replicate 1	rep1	8950000	6916	6554	52504.0	7.59167148641	True
Replicate 1	rep1	9000000	6899	6555	51609.0	7.48064936947	True
Replicate 1	rep1	9050000	6882	6556	51226.0	7.4434757338	True
Replicate 1	rep1	9100000	6865	6516	50650.0	7.37800436999	True
Replicate 1	rep1	9150000	6848	6470	50587.0	7.3871203271	True
Replicate 1	rep1	9200000	6831	6477	50263.0	7.35807348851	True
Replicate 1	rep1	9250000	6814	6456	49077.0	7.20237745817	True
Replicate 1	rep1	9300000	6797	6408	49081.0	7.22097984405	True
Replicate 1	rep1	9350000	6780	6402	48414.0	7.1407079646	True
Replicate 1	rep1	9400000	6763	6381	48046.0	7.10424367884	True
Replicate 1	rep1	9450000	6746	6361	47360.0	7.02045656685	True
Replicate 1	rep1	9500000	6729	6352	46999.0	6.98454450884	True
Replicate 1	rep1	9550000	6712	6313	46807.0	6.97362932062	True
Replicate 1	rep1	9600000	6695	6333	46387.0	6.9286034354	True
Replicate 1	rep1	9650000	6678	6285	45650.0	6.83587900569	True
Replicate 1	rep1	9700000	6661	6268	45364.0	6.81038883051	True
Replicate 1	rep1	9750000	6644	6250	45232.0	6.80794701987	True
Replicate 1	rep1	9800000	6627	6213	44865.0	6.77003168855	True
Replicate 1	rep1	9850000	6610	6238	44394.0	6.71618759455	True
Replicate 1	rep1	9900000	6593	6230	44044.0	6.68041862582	True
Replicate 1	rep1	9950000	6576	6184	43889.0	6.67411800487	True
Replicate 1	rep1	10000000	6559	6166	43226.0	6.59033389236	True
Replicate 1	rep1	10050000	6542	6142	43174.0	6.59951085295	True
Replicate 1	rep1	10100000	6525	6136	42842.0	6.56582375479	True
Replicate 1	rep1	10150000	6508	6113	42152.0	6.47695144438	True
Replicate 1	rep1	10200000	6491	6060	42087.0	6.4839007857	True
Replicate 1	rep1	10250000	6474	6076	41417.0	6.39743589744	True
Replicate 1	rep1	10300000	6457	6050	40967.0	6.34458726963	True
Replicate 1	rep1	10350000	6440	6030	40834.0	6.34068322981	True
Replicate 1	rep1	10400000	6423	5996	40624.0	6.32477035653	True
Replicate 1	rep1	10450000	6406	5981	39646.0	6.18888541992	True
Replicate 1	rep1	10500000	6389	5944	40052.0	6.26889967131	True
Replicate 1	rep1	10550000	6372	5957	39415.0	6.18565599498	True
Replicate 1	rep1	10600000	6355	5939	39233.0	6.17356412274	True
Replicate 1	rep1	10650000	6338	5933	38969.0	6.14846954875	True
Replicate 1	rep1	10700000	6321	5887	38430.0	6.07973421927	True
Replicate 1	rep1	10750000	6304	5883	38671.0	6.13435913706	True
Replicate 1	rep1	10800000	6287	5848	37883.0	6.02560839828	True
Replicate 1	rep1	10850000	6270	5858	38066.0	6.0711323764	True
Replicate 1	rep1	10900000	6253	5814	37737.0	6.03502318887	True
Replicate 1	rep1	10950000	6236	5788	37686.0	6.04329698525	True
Replicate 1	rep1	11000000	6219	5781	37155.0	5.97443318862	True
Replicate 1	rep1	11050000	6202	5767	36847.0	5.94114801677	True
Replicate 1	rep1	11100000	6185	5763	36621.0	5.92093775263	True
Replicate 1	rep1	11150000	6168	5738	36069.0	5.84776264591	True
Replicate 1	rep1	11200000	6151	5710	35897.0	5.83596163225	True
Replicate 1	rep1	11250000	6134	5695	35769.0	5.8312683404	True
Replicate 1	rep1	11300000	6117	5707	35312.0	5.77276442701	True
Replicate 1	rep1	11350000	6100	5656	35178.0	5.7668852459	True
Replicate 1	rep1	11400000	6083	5625	35391.0	5.81801742561	True
Replicate 1	rep1	11450000	6066	5632	34844.0	5.74414770854	True
Replicate 1	rep1	11500000	6049	5591	34596.0	5.71929244503	True
Replicate 1	rep1	11550000	6032	5601	34264.0	5.68037135279	True
Replicate 1	rep1	11600000	6015	5537	33994.0	5.65153782211	True
Replicate 1	rep1	11650000	5998	5529	33836.0	5.64121373791	True
Replicate 1	rep1	11700000	5981	5512	33626.0	5.62213676643	True
Replicate 1	rep1	11750000	5964	5517	33254.0	5.5757880617	True
Replicate 1	rep1	11800000	5947	5502	33047.0	5.55691945519	True
Replicate 1	rep1	11850000	5930	5484	32650.0	5.50590219224	True
Replicate 1	rep1	11900000	5913	5474	32802.0	5.54743784881	True
Replicate 1	rep1	11950000	5896	5429	32320.0	5.48168249661	True
Replicate 1	rep1	12000000	5879	5443	32325.0	5.49838407892	True
Replicate 1	rep1	12050000	5862	5398	31956.0	5.45138178096	True
Replicate 1	rep1	12100000	5845	5407	31596.0	5.40564585115	True
Replicate 1	rep1	12150000	5828	5402	31430.0	5.39293067948	True
Replicate 1	rep1	12200000	5811	5373	31539.0	5.4274651523	True
Replicate 1	rep1	12250000	5794	5330	31324.0	5.40628236106	True
Replicate 1	rep1	12300000	5777	5321	30980.0	5.36264497144	True
Replicate 1	rep1	12350000	5760	5307	30832.0	5.35277777778	True
Replicate 1	rep1	12400000	5743	5301	30490.0	5.30907191363	True
Replicate 1	rep1	12450000	5726	5291	30660.0	5.35452322738	True
Replicate 1	rep1	12500000	5709	5244	30242.0	5.29724995621	True
Replicate 1	rep1	12550000	5692	5227	30118.0	5.29128601546	True
Replicate 1	rep1	12600000	5675	5230	29902.0	5.26907488987	True
Replicate 1	rep1	12650000	5658	5201	29535.0	5.22004241782	True
Replicate 1	rep1	12700000	5641	5141	29570.0	5.24197837263	True
Replicate 1	rep1	12750000	5624	5168	29249.0	5.20074679943	True
Replicate 1	rep1	12800000	5607	5116	29217.0	5.21080791867	True
Replicate 1	rep1	12850000	5590	5122	29023.0	5.19194991055	True
Replicate 1	rep1	12900000	5573	5096	28403.0	5.09653687421	True
Replicate 1	rep1	12950000	5556	5114	28503.0	5.13012958963	True
Replicate 1	rep1	13000000	5539	5089	28625.0	5.16790034302	True
Replicate 1	rep1	13050000	5522	5038	28098.0	5.08837377762	True
Replicate 1	rep1	13100000	5505	5025	28068.0	5.09863760218	True
Replicate 1	rep1	13150000	5488	5027	27796.0	5.06486880466	True
Replicate 1	rep1	13200000	5471	4996	27587.0	5.04240541035	True
Replicate 1	rep1	13250000	5454	4970	27285.0	5.00275027503	True
Replicate 1	rep1	13300000	5437	5001	27026.0	4.97075593158	True
Replicate 1	rep1	13350000	5420	4962	26924.0	4.96752767528	True
Replicate 1	rep1	13400000	5403	4930	26890.0	4.97686470479	True
Replicate 1	rep1	13450000	5386	4909	26761.0	4.96862235425	True
Replicate 1	rep1	13500000	5369	4884	26410.0	4.91897932576	True
Replicate 1	rep1	13550000	5352	4878	26364.0	4.92600896861	True
Replicate 1	rep1	13600000	5335	4885	26032.0	4.87947516401	True
Replicate 1	rep1	13650000	5318	4872	25872.0	4.86498683716	True
Replicate 1	rep1	13700000	5301	4814	25468.0	4.80437653273	True
Replicate 1	rep1	13750000	5284	4817	25512.0	4.82816048448	True
Replicate 1	rep1	13800000	5267	4800	25545.0	4.85000949307	True
Replicate 1	rep1	13850000	5250	4795	25603.0	4.87676190476	True
Replicate 1	rep1	13900000	5233	4775	25438.0	4.86107395376	True
Replicate 1	rep1	13950000	5216	4753	25011.0	4.79505368098	True
Replicate 1	rep1	14000000	5199	4743	25047.0	4.81765724178	True
Replicate 1	rep1	14050000	5182	4709	24775.0	4.78097259745	True
Replicate 1	rep1	14100000	5165	4698	24952.0	4.83097773475	True
Replicate 1	rep1	14150000	5148	4688	24613.0	4.78108003108	True
Replicate 1	rep1	14200000	5131	4669	24502.0	4.77528746833	True
Replicate 1	rep1	14250000	5114	4634	24380.0	4.76730543606	True
Replicate 1	rep1	14300000	5097	4611	24332.0	4.77378850304	True
Replicate 1	rep1	14350000	5080	4616	24138.0	4.75157480315	True
Replicate 1	rep1	14400000	5063	4596	23923.0	4.72506419119	True
Replicate 1	rep1	14450000	5046	4578	23896.0	4.73563218391	True
Replicate 1	rep1	14500000	5029	4580	23931.0	4.75860011931	True
Replicate 1	rep1	14550000	5012	4559	23524.0	4.69353551476	True
Replicate 1	rep1	14600000	4995	4528	23294.0	4.66346346346	True
Replicate 1	rep1	14650000	4978	4492	23267.0	4.67396544797	True
Replicate 1	rep1	14700000	4961	4510	23363.0	4.70933279581	True
Replicate 1	rep1	14750000	4944	4485	23097.0	4.67172330097	True
Replicate 1	rep1	14800000	4927	4474	23266.0	4.72214329206	True
Replicate 1	rep1	14850000	4910	4493	23040.0	4.69246435845	True
Replicate 1	rep1	14900000	4893	4433	22603.0	4.61945636624	True
Replicate 1	rep1	14950000	4876	4442	22519.0	4.61833470057	True
Replicate 1	rep1	15000000	4859	4406	22461.0	4.6225560815	True
Replicate 1	rep1	15050000	4842	4361	22294.0	4.60429574556	True
Replicate 1	rep1	15100000	4825	4397	22273.0	4.61616580311	True
Replicate 1	rep1	15150000	4808	4406	22141.0	4.60503327787	True
Replicate 1	rep1	15200000	4791	4344	22040.0	4.60029221457	True
Replicate 1	rep1	15250000	4774	4339	21820.0	4.57059069962	True
Replicate 1	rep1	15300000	4757	4346	21974.0	4.61929787681	True
Replicate 1	rep1	15350000	4740	4316	21916.0	4.62362869198	True
Replicate 1	rep1	15400000	4723	4291	21917.0	4.64048274402	True
Replicate 1	rep1	15450000	4706	4279	21820.0	4.63663408415	True
Replicate 1	rep1	15500000	4689	4283	21378.0	4.55918106206	True
Replicate 1	rep1	15550000	4672	4251	21357.0	4.57127568493	True
Replicate 1	rep1	15600000	4655	4240	21276.0	4.57056928034	True
Replicate 1	rep1	15650000	4638	4205	21120.0	4.55368693402	True
Replicate 1	rep1	15700000	4621	4186	20756.0	4.49166847003	True
Replicate 1	rep1	15750000	4604	4178	20922.0	4.54430929626	True
Replicate 1	rep1	15800000	4587	4165	20912.0	4.55897100501	True
Replicate 1	rep1	15850000	4570	4155	21175.0	4.63347921225	True
Replicate 1	rep1	15900000	4553	4144	20542.0	4.51175049418	True
Replicate 1	rep1	15950000	4536	4122	20607.0	4.54298941799	True
Replicate 1	rep1	16000000	4519	4122	20339.0	4.50077450763	True
Replicate 1	rep1	16050000	4502	4114	20643.0	4.58529542426	True
Replicate 1	rep1	16100000	4485	4085	20255.0	4.51616499443	True
Replicate 1	rep1	16150000	4468	4064	20250.0	4.53222918532	True
Replicate 1	rep1	16200000	4451	4066	20119.0	4.52010784093	True
Replicate 1	rep1	16250000	4434	4027	20230.0	4.56247180875	True
Replicate 1	rep1	16300000	4417	4031	20005.0	4.52909214399	True
Replicate 1	rep1	16350000	4400	4005	19707.0	4.47886363636	True
Replicate 1	rep1	16400000	4383	4007	19988.0	4.56034679443	True
Replicate 1	rep1	16450000	4366	3972	20040.0	4.59001374256	True
Replicate 1	rep1	16500000	4349	3951	19852.0	4.56472752357	True
Replicate 1	rep1	16550000	4332	3950	19793.0	4.5690212373	True
Replicate 1	rep1	16600000	4315	3939	19727.0	4.57172653534	True
Replicate 1	rep1	16650000	4298	3940	19615.0	4.56375058167	True
Replicate 1	rep1	16700000	4281	3914	19496.0	4.55407615043	True
Replicate 1	rep1	16750000	4264	3881	19450.0	4.56144465291	True
Replicate 1	rep1	16800000	4247	3865	19367.0	4.56016011302	True
Replicate 1	rep1	16850000	4230	3850	19076.0	4.50969267139	True
Replicate 1	rep1	16900000	4213	3873	19068.0	4.5259909803	True
Replicate 1	rep1	16950000	4196	3823	19104.0	4.55290753098	True
Replicate 1	rep1	17000000	4179	3799	19027.0	4.55300311079	True
Replicate 1	rep1	17050000	4162	3768	18852.0	4.52955309947	True
Replicate 1	rep1	17100000	4145	3759	18835.0	4.54402895054	True
Replicate 1	rep1	17150000	4128	3768	18734.0	4.5382751938	True
Replicate 1	rep1	17200000	4111	3739	18806.0	4.57455606908	True
Replicate 1	rep1	17250000	4094	3740	18741.0	4.57767464582	True
Replicate 1	rep1	17300000	4077	3727	18548.0	4.54942359578	True
Replicate 1	rep1	17350000	4060	3687	18317.0	4.51157635468	True
Replicate 1	rep1	17400000	4043	3707	18144.0	4.48775661637	True
Replicate 1	rep1	17450000	4026	3656	18330.0	4.55290611028	True
Replicate 1	rep1	17500000	4009	3658	18053.0	4.50311798453	True
Replicate 1	rep1	17550000	3992	3629	17959.0	4.49874749499	True
Replicate 1	rep1	17600000	3975	3607	17955.0	4.51698113208	True
Replicate 1	rep1	17650000	3958	3584	18093.0	4.5712481051	True
Replicate 1	rep1	17700000	3941	3563	17775.0	4.51027657955	True
Replicate 1	rep1	17750000	3924	3562	17606.0	4.48674821611	True
Replicate 1	rep1	17800000	3907	3557	17513.0	4.48246736627	True
Replicate 1	rep1	17850000	3890	3527	17555.0	4.51285347044	True
Replicate 1	rep1	17900000	3873	3506	17554.0	4.53240382133	True
Replicate 1	rep1	17950000	3856	3509	17316.0	4.49066390041	True
Replicate 1	rep1	18000000	3839	3514	17442.0	4.54337066945	True
Replicate 1	rep1	18050000	3822	3489	17246.0	4.51229722658	True
Replicate 1	rep1	18100000	3805	3450	17076.0	4.48777923784	True
Replicate 1	rep1	18150000	3788	3427	17066.0	4.50527983105	True
Replicate 1	rep1	18200000	3771	3430	17134.0	4.54362238133	True
Replicate 1	rep1	18250000	3754	3399	16944.0	4.51358550879	True
Replicate 1	rep1	18300000	3737	3403	16827.0	4.50280974043	True
Replicate 1	rep1	18350000	3720	3370	16928.0	4.55053763441	True
Replicate 1	rep1	18400000	3703	3359	16603.0	4.48366189576	True
Replicate 1	rep1	18450000	3686	3348	16482.0	4.47151383614	True
Replicate 1	rep1	18500000	3669	3344	16530.0	4.50531479967	True
Replicate 1	rep1	18550000	3652	3279	16204.0	4.43702081051	True
Replicate 1	rep1	18600000	3635	3296	16480.0	4.53370013755	True
Replicate 1	rep1	18650000	3618	3276	16603.0	4.58899944721	True
Replicate 1	rep1	18700000	3601	3235	16096.0	4.4698694807	True
Replicate 1	rep1	18750000	3584	3230	16330.0	4.55636160714	True
Replicate 1	rep1	18800000	3567	3176	15969.0	4.47687132044	True
Replicate 1	rep1	18850000	3550	3203	15976.0	4.50028169014	True
Replicate 1	rep1	18900000	3533	3197	16134.0	4.56665723181	True
Replicate 1	rep1	18950000	3516	3178	15925.0	4.52929465301	True
Replicate 1	rep1	19000000	3499	3150	15833.0	4.5250071449	True
Replicate 1	rep1	19050000	3482	3122	15682.0	4.5037334865	True
Replicate 1	rep1	19100000	3465	3105	15515.0	4.47763347763	True
Replicate 1	rep1	19150000	3448	3084	15317.0	4.44228538283	True
Replicate 1	rep1	19200000	3431	3082	15407.0	4.49052754299	True
Replicate 1	rep1	19250000	3414	3074	15283.0	4.47656707674	True
Replicate 1	rep1	19300000	3397	3063	15348.0	4.5181042096	True
Replicate 1	rep1	19350000	3380	3023	15354.0	4.5426035503	True
Replicate 1	rep1	19400000	3363	3015	15159.0	4.50758251561	True
Replicate 1	rep1	19450000	3346	3041	15034.0	4.49312612074	True
Replicate 1	rep1	19500000	3329	2986	15234.0	4.57614899369	True
Replicate 1	rep1	19550000	3312	2975	14885.0	4.49426328502	True
Replicate 1	rep1	19600000	3295	2975	15113.0	4.58664643399	True
Replicate 1	rep1	19650000	3278	2939	14918.0	4.5509456986	True
Replicate 1	rep1	19700000	3261	2915	14822.0	4.54523152407	True
Replicate 1	rep1	19750000	3244	2911	14745.0	4.54531442663	True
Replicate 1	rep1	19800000	3227	2924	14859.0	4.60458630307	True
Replicate 1	rep1	19850000	3210	2874	14557.0	4.53489096573	True
Replicate 1	rep1	19900000	3193	2844	14691.0	4.6010021923	True
Replicate 1	rep1	19950000	3176	2828	14740.0	4.64105793451	True
Replicate 1	rep1	20000000	3159	2828	14372.0	4.54954099399	True
Replicate 1	rep1	20050000	3142	2818	14342.0	4.5646085296	True
Replicate 1	rep1	20100000	3125	2809	14351.0	4.59232	True
Replicate 1	rep1	20150000	3108	2793	14185.0	4.56402831403	True
Replicate 1	rep1	20200000	3091	2761	13913.0	4.50113231964	True
Replicate 1	rep1	20250000	3074	2739	13893.0	4.51951854262	True
Replicate 1	rep1	20300000	3057	2740	13838.0	4.5266601243	True
Replicate 1	rep1	20350000	3040	2714	13864.0	4.56052631579	True
Replicate 1	rep1	20400000	3023	2696	13818.0	4.57095600397	True
Replicate 1	rep1	20450000	3006	2674	13707.0	4.55988023952	True
Replicate 1	rep1	20500000	2989	2660	13826.0	4.6256273001	True
Replicate 1	rep1	20550000	2972	2647	13688.0	4.60565275908	True
Replicate 1	rep1	20600000	2955	2636	13488.0	4.56446700508	True
Replicate 1	rep1	20650000	2938	2649	13317.0	4.53267528931	True
Replicate 1	rep1	20700000	2921	2613	13363.0	4.57480314961	True
Replicate 1	rep1	20750000	2904	2597	13342.0	4.59435261708	True
Replicate 1	rep1	20800000	2887	2614	13495.0	4.67440249394	True
Replicate 1	rep1	20850000	2870	2573	13215.0	4.60452961672	True
Replicate 1	rep1	20900000	2853	2554	13272.0	4.65194532072	True
Replicate 1	rep1	20950000	2836	2542	13207.0	4.65691114245	True
Replicate 1	rep1	21000000	2819	2514	13087.0	4.64242639234	True
Replicate 1	rep1	21050000	2802	2500	12803.0	4.56923625981	True
Replicate 1	rep1	21100000	2785	2505	12797.0	4.59497307002	True
Replicate 1	rep1	21150000	2768	2494	12963.0	4.68316473988	True
Replicate 1	rep1	21200000	2751	2462	12623.0	4.5885132679	True
Replicate 1	rep1	21250000	2734	2458	12518.0	4.57863935625	True
Replicate 1	rep1	21300000	2717	2421	12594.0	4.63525947736	True
Replicate 1	rep1	21350000	2700	2433	12535.0	4.64259259259	True
Replicate 1	rep1	21400000	2683	2396	12460.0	4.64405516213	True
Replicate 1	rep1	21450000	2666	2395	12293.0	4.61102775694	True
Replicate 1	rep1	21500000	2649	2360	12189.0	4.6013590034	True
Replicate 1	rep1	21550000	2632	2387	12075.0	4.58776595745	True
Replicate 1	rep1	21600000	2615	2362	12247.0	4.68336520076	True
Replicate 1	rep1	21650000	2598	2320	11964.0	4.60508083141	True
Replicate 1	rep1	21700000	2581	2338	11963.0	4.63502518404	True
Replicate 1	rep1	21750000	2564	2302	11753.0	4.58385335413	True
Replicate 1	rep1	21800000	2547	2289	11772.0	4.62190812721	True
Replicate 1	rep1	21850000	2530	2272	11811.0	4.66837944664	True
Replicate 1	rep1	21900000	2513	2253	11526.0	4.58654994031	True
Replicate 1	rep1	21950000	2496	2243	11544.0	4.625	True
Replicate 1	rep1	22000000	2479	2217	11706.0	4.72206534893	True
Replicate 1	rep1	22050000	2462	2228	11455.0	4.65272136474	True
Replicate 1	rep1	22100000	2445	2191	11285.0	4.61554192229	True
Replicate 1	rep1	22150000	2428	2171	11314.0	4.65980230643	True
Replicate 1	rep1	22200000	2411	2184	11369.0	4.71547075902	True
Replicate 1	rep1	22250000	2394	2152	11149.0	4.65705931495	True
Replicate 1	rep1	22300000	2377	2130	11019.0	4.63567522087	True
Replicate 1	rep1	22350000	2360	2119	11038.0	4.67711864407	True
Replicate 1	rep1	22400000	2343	2088	10841.0	4.626973965	True
Replicate 1	rep1	22450000	2326	2082	10836.0	4.65864144454	True
Replicate 1	rep1	22500000	2309	2071	10820.0	4.68601126029	True
Replicate 1	rep1	22550000	2292	2049	10708.0	4.67190226876	True
Replicate 1	rep1	22600000	2275	2024	10593.0	4.65626373626	True
Replicate 1	rep1	22650000	2258	2018	10418.0	4.61381753764	True
Replicate 1	rep1	22700000	2241	2022	10301.0	4.59660865685	True
Replicate 1	rep1	22750000	2224	2009	10371.0	4.66321942446	True
Replicate 1	rep1	22800000	2207	1983	10168.0	4.60715903942	True
Replicate 1	rep1	22850000	2190	1958	10148.0	4.63378995434	True
Replicate 1	rep1	22900000	2173	1940	10370.0	4.77220432582	True
Replicate 1	rep1	22950000	2156	1942	10161.0	4.71289424861	True
Replicate 1	rep1	23000000	2139	1913	9889.0	4.6231884058	True
Replicate 1	rep1	23050000	2122	1882	9988.0	4.7068803016	True
Replicate 1	rep1	23100000	2105	1875	9859.0	4.68361045131	True
Replicate 1	rep1	23150000	2088	1844	9743.0	4.66618773946	True
Replicate 1	rep1	23200000	2071	1861	9758.0	4.7117334621	True
Replicate 1	rep1	23250000	2054	1852	9649.0	4.6976630964	True
Replicate 1	rep1	23300000	2037	1836	9481.0	4.65439371625	True
Replicate 1	rep1	23350000	2020	1773	9539.0	4.72227722772	True
Replicate 1	rep1	23400000	2003	1778	9551.0	4.76834747878	True
Replicate 1	rep1	23450000	1986	1755	9274.0	4.6696878147	True
Replicate 1	rep1	23500000	1969	1761	9425.0	4.78669375317	True
Replicate 1	rep1	23550000	1952	1746	9146.0	4.68545081967	True
Replicate 1	rep1	23600000	1935	1715	9148.0	4.72764857881	True
Replicate 1	rep1	23650000	1918	1702	8804.0	4.59019812304	True
Replicate 1	rep1	23700000	1901	1689	8948.0	4.70699631773	True
Replicate 1	rep1	23750000	1884	1692	9019.0	4.78715498938	True
Replicate 1	rep1	23800000	1867	1670	8900.0	4.76700589181	True
Replicate 1	rep1	23850000	1850	1652	8619.0	4.65891891892	True
Replicate 1	rep1	23900000	1833	1653	8498.0	4.63611565739	True
Replicate 1	rep1	23950000	1817	1635	8435.0	4.64226747386	True
Replicate 1	rep1	24000000	1801	1602	8237.0	4.57357023876	True
Replicate 1	rep1	24050000	1785	1590	8251.0	4.62240896359	True
Replicate 1	rep1	24100000	1769	1578	8177.0	4.62238552855	True
Replicate 1	rep1	24150000	1753	1579	8077.0	4.60752994866	True
Replicate 1	rep1	24200000	1737	1555	8161.0	4.69833045481	True
Replicate 1	rep1	24250000	1721	1551	8059.0	4.68274259152	True
Replicate 1	rep1	24300000	1705	1519	8076.0	4.7366568915	True
Replicate 1	rep1	24350000	1689	1507	7993.0	4.73238602724	True
Replicate 1	rep1	24400000	1673	1516	8061.0	4.81829049611	True
Replicate 1	rep1	24450000	1657	1478	7680.0	4.63488231744	True
Replicate 1	rep1	24500000	1641	1451	7393.0	4.50517976843	True
Replicate 1	rep1	24550000	1625	1474	7481.0	4.60369230769	True
Replicate 1	rep1	24600000	1610	1456	7432.0	4.61614906832	True
Replicate 1	rep1	24650000	1595	1431	7311.0	4.58369905956	True
Replicate 1	rep1	24700000	1580	1418	7219.0	4.56898734177	True
Replicate 1	rep1	24750000	1565	1395	7191.0	4.59488817891	True
Replicate 1	rep1	24800000	1550	1399	7169.0	4.62516129032	True
Replicate 1	rep1	24850000	1535	1367	7184.0	4.68013029316	True
Replicate 1	rep1	24900000	1520	1367	7123.0	4.68618421053	True
Replicate 1	rep1	24950000	1505	1357	6906.0	4.58870431894	True
Replicate 1	rep1	25000000	1490	1321	6854.0	4.6	True
Replicate 1	rep1	25050000	1475	1328	6891.0	4.67186440678	True
Replicate 1	rep1	25100000	1460	1302	6768.0	4.63561643836	True
Replicate 1	rep1	25150000	1445	1303	6555.0	4.53633217993	True
Replicate 1	rep1	25200000	1430	1277	6567.0	4.59230769231	True
Replicate 1	rep1	25250000	1415	1274	6580.0	4.65017667845	True
Replicate 1	rep1	25300000	1400	1263	6403.0	4.57357142857	True
Replicate 1	rep1	25350000	1385	1247	6339.0	4.57689530686	True
Replicate 1	rep1	25400000	1370	1228	6351.0	4.63576642336	True
Replicate 1	rep1	25450000	1355	1219	6132.0	4.52546125461	True
Replicate 1	rep1	25500000	1340	1226	6054.0	4.51791044776	True
Replicate 1	rep1	25550000	1325	1183	6235.0	4.70566037736	True
Replicate 1	rep1	25600000	1310	1172	6097.0	4.65419847328	True
Replicate 1	rep1	25650000	1295	1163	5903.0	4.5583011583	True
Replicate 1	rep1	25700000	1280	1136	5897.0	4.60703125	True
Replicate 1	rep1	25750000	1266	1134	5854.0	4.62401263823	True
Replicate 1	rep1	25800000	1252	1131	5885.0	4.70047923323	True
Replicate 1	rep1	25850000	1238	1105	5706.0	4.60904684976	True
Replicate 1	rep1	25900000	1224	1113	5805.0	4.74264705882	True
Replicate 1	rep1	25950000	1210	1080	5602.0	4.62975206612	True
Replicate 1	rep1	26000000	1196	1072	5615.0	4.69481605351	True
Replicate 1	rep1	26050000	1182	1057	5657.0	4.78595600677	True
Replicate 1	rep1	26100000	1168	1037	5442.0	4.65924657534	True
Replicate 1	rep1	26150000	1154	1042	5465.0	4.73570190641	True
Replicate 1	rep1	26200000	1140	1022	5261.0	4.6149122807	True
Replicate 1	rep1	26250000	1126	1002	5374.0	4.77264653641	True
Replicate 1	rep1	26300000	1112	991	5124.0	4.60791366906	True
Replicate 1	rep1	26350000	1099	981	4959.0	4.51228389445	True
Replicate 1	rep1	26400000	1087	977	4758.0	4.3771849126	True
Replicate 1	rep1	26450000	1076	958	4770.0	4.43308550186	True
Replicate 1	rep1	26500000	1065	963	4633.0	4.35023474178	True
Replicate 1	rep1	26550000	1055	948	4499.0	4.2644549763	True
Replicate 1	rep1	26600000	1045	930	4637.0	4.43732057416	True
Replicate 1	rep1	26650000	1035	925	4542.0	4.3884057971	True
Replicate 1	rep1	26700000	1025	929	4589.0	4.47707317073	True
Replicate 1	rep1	26750000	1015	916	4520.0	4.45320197044	True
Replicate 1	rep1	26800000	1005	902	4332.0	4.31044776119	True
Replicate 1	rep1	26850000	995	880	4280.0	4.30150753769	True
Replicate 1	rep1	26900000	985	879	4260.0	4.32487309645	True
Replicate 1	rep1	26950000	975	868	4117.0	4.22256410256	True
Replicate 1	rep1	27000000	965	869	4140.0	4.29015544041	True
Replicate 1	rep1	27050000	955	863	4250.0	4.4502617801	True
Replicate 1	rep1	27100000	945	833	4104.0	4.34285714286	True
Replicate 1	rep1	27150000	935	837	4083.0	4.36684491979	True
Replicate 1	rep1	27200000	925	831	4041.0	4.36864864865	True
Replicate 1	rep1	27250000	915	798	3988.0	4.35846994536	True
Replicate 1	rep1	27300000	905	795	3894.0	4.30276243094	True
Replicate 1	rep1	27350000	895	803	3963.0	4.42793296089	True
Replicate 1	rep1	27400000	885	779	3893.0	4.3988700565	True
Replicate 1	rep1	27450000	875	782	3771.0	4.30971428571	True
Replicate 1	rep1	27500000	865	770	3797.0	4.38959537572	True
Replicate 1	rep1	27550000	855	769	3759.0	4.39649122807	True
Replicate 1	rep1	27600000	845	745	3775.0	4.4674556213	True
Replicate 1	rep1	27650000	835	753	3696.0	4.42634730539	True
Replicate 1	rep1	27700000	825	736	3575.0	4.33333333333	True
Replicate 1	rep1	27750000	815	720	3531.0	4.33251533742	True
Replicate 1	rep1	27800000	805	709	3498.0	4.34534161491	True
Replicate 1	rep1	27850000	795	711	3556.0	4.47295597484	True
Replicate 1	rep1	27900000	785	703	3432.0	4.37197452229	True
Replicate 1	rep1	27950000	775	692	3503.0	4.52	True
Replicate 1	rep1	28000000	765	679	3472.0	4.5385620915	True
Replicate 1	rep1	28050000	755	677	3353.0	4.44105960265	True
Replicate 1	rep1	28100000	745	661	3385.0	4.54362416107	True
Replicate 1	rep1	28150000	735	658	3452.0	4.69659863946	True
Replicate 1	rep1	28200000	725	641	3312.0	4.56827586207	True
Replicate 1	rep1	28250000	715	648	3338.0	4.66853146853	True
Replicate 1	rep1	28300000	705	630	3259.0	4.62269503546	True
Replicate 1	rep1	28350000	695	629	3157.0	4.54244604317	True
Replicate 1	rep1	28400000	685	611	3029.0	4.42189781022	True
Replicate 1	rep1	28450000	675	603	2979.0	4.41333333333	True
Replicate 1	rep1	28500000	666	588	2745.0	4.12162162162	True
Replicate 1	rep1	28550000	658	582	2727.0	4.1443768997	True
Replicate 1	rep1	28600000	650	572	2754.0	4.23692307692	True
Replicate 1	rep1	28650000	642	581	2734.0	4.25856697819	True
Replicate 1	rep1	28700000	634	569	2675.0	4.21924290221	True
Replicate 1	rep1	28750000	626	562	2762.0	4.41214057508	True
Replicate 1	rep1	28800000	618	553	2655.0	4.29611650485	True
Replicate 1	rep1	28850000	610	552	2535.0	4.15573770492	True
Replicate 1	rep1	28900000	602	545	2524.0	4.1926910299	True
Replicate 1	rep1	28950000	594	532	2428.0	4.08754208754	True
Replicate 1	rep1	29000000	586	525	2349.0	4.00853242321	True
Replicate 1	rep1	29050000	579	517	2350.0	4.05872193437	True
Replicate 1	rep1	29100000	572	521	2379.0	4.15909090909	True
Replicate 1	rep1	29150000	565	513	2395.0	4.2389380531	True
Replicate 1	rep1	29200000	558	509	2274.0	4.0752688172	True
Replicate 1	rep1	29250000	552	502	2384.0	4.31884057971	True
Replicate 1	rep1	29300000	546	497	2337.0	4.28021978022	True
Replicate 1	rep1	29350000	540	485	2295.0	4.25	True
Replicate 1	rep1	29400000	534	482	2242.0	4.19850187266	True
Replicate 1	rep1	29450000	528	480	2157.0	4.08522727273	True
Replicate 1	rep1	29500000	522	478	2078.0	3.98084291188	True
Replicate 1	rep1	29550000	517	470	2096.0	4.05415860735	True
Replicate 1	rep1	29600000	512	463	2028.0	3.9609375	True
Replicate 1	rep1	29650000	507	460	2061.0	4.0650887574	True
Replicate 1	rep1	29700000	502	455	2001.0	3.98605577689	True
Replicate 1	rep1	29750000	497	447	2008.0	4.04024144869	False
Replicate 1	rep1	29800000	492	455	1978.0	4.02032520325	False
Replicate 1	rep1	29850000	487	456	1954.0	4.01232032854	False
Replicate 1	rep1	29900000	482	442	1932.0	4.00829875519	False
Replicate 1	rep1	29950000	477	430	1857.0	3.89308176101	False
Replicate 1	rep1	30000000	472	433	1882.0	3.98728813559	False
Replicate 1	rep1	30050000	467	425	1906.0	4.08137044968	False
Replicate 1	rep1	30100000	462	424	1916.0	4.14718614719	False
Replicate 1	rep1	30150000	457	419	1823.0	3.98905908096	False
Replicate 1	rep1	30200000	452	420	1852.0	4.09734513274	False
Replicate 1	rep1	30250000	447	419	1824.0	4.08053691275	False
Replicate 1	rep1	30300000	442	413	1827.0	4.1334841629	False
Replicate 1	rep1	30350000	437	408	1885.0	4.31350114416	False
Replicate 1	rep1	30400000	432	404	1828.0	4.23148148148	False
Replicate 1	rep1	30450000	427	401	1815.0	4.25058548009	False
Replicate 1	rep1	30500000	422	390	1741.0	4.12559241706	False
Replicate 1	rep1	30550000	417	391	1778.0	4.26378896882	False
Replicate 1	rep1	30600000	412	391	1855.0	4.50242718447	False
Replicate 1	rep1	30650000	407	378	1807.0	4.4398034398	False
Replicate 1	rep1	30700000	402	372	1693.0	4.21144278607	False
Replicate 1	rep1	30750000	397	365	1639.0	4.12846347607	False
Replicate 1	rep1	30800000	392	364	1669.0	4.25765306122	False
Replicate 1	rep1	30850000	387	360	1669.0	4.31266149871	False
Replicate 1	rep1	30900000	382	347	1519.0	3.97643979058	False
Replicate 1	rep1	30950000	377	349	1590.0	4.2175066313	False
Replicate 1	rep1	31000000	372	346	1614.0	4.33870967742	False
Replicate 1	rep1	31050000	367	343	1506.0	4.10354223433	False
Replicate 1	rep1	31100000	362	334	1485.0	4.10220994475	False
Replicate 1	rep1	31150000	357	331	1436.0	4.02240896359	False
Replicate 1	rep1	31200000	352	336	1524.0	4.32954545455	False
Replicate 1	rep1	31250000	347	321	1481.0	4.26801152738	False
Replicate 1	rep1	31300000	342	315	1507.0	4.40643274854	False
Replicate 1	rep1	31350000	337	316	1453.0	4.3115727003	False
Replicate 1	rep1	31400000	332	319	1387.0	4.17771084337	False
Replicate 1	rep1	31450000	327	310	1388.0	4.24464831804	False
Replicate 1	rep1	31500000	322	300	1359.0	4.22049689441	False
Replicate 1	rep1	31550000	317	307	1382.0	4.3596214511	False
Replicate 1	rep1	31600000	312	300	1385.0	4.4391025641	False
Replicate 1	rep1	31650000	307	294	1411.0	4.59609120521	False
Replicate 1	rep1	31700000	302	295	1290.0	4.27152317881	False
Replicate 1	rep1	31750000	298	281	1297.0	4.35234899329	False
Replicate 1	rep1	31800000	294	280	1263.0	4.29591836735	False
Replicate 1	rep1	31850000	290	275	1369.0	4.72068965517	False
Replicate 1	rep1	31900000	286	271	1343.0	4.6958041958	False
Replicate 1	rep1	31950000	282	271	1308.0	4.63829787234	False
Replicate 1	rep1	32000000	278	272	1263.0	4.54316546763	False
Replicate 1	rep1	32050000	274	259	1320.0	4.81751824818	False
Replicate 1	rep1	32100000	270	261	1321.0	4.89259259259	False
Replicate 1	rep1	32150000	266	259	1272.0	4.78195488722	False
Replicate 1	rep1	32200000	262	249	1208.0	4.6106870229	False
Replicate 1	rep1	32250000	258	250	1177.0	4.56201550388	False
Replicate 1	rep1	32300000	254	240	1214.0	4.77952755906	False
Replicate 1	rep1	32350000	250	240	1087.0	4.348	False
Replicate 1	rep1	32400000	246	236	1036.0	4.21138211382	False
Replicate 1	rep1	32450000	243	238	1137.0	4.67901234568	False
Replicate 1	rep1	32500000	240	234	1076.0	4.48333333333	False
Replicate 1	rep1	32550000	237	220	985.0	4.15611814346	False
Replicate 1	rep1	32600000	234	227	1046.0	4.47008547009	False
Replicate 1	rep1	32650000	231	224	1032.0	4.46753246753	False
Replicate 1	rep1	32700000	228	220	997.0	4.37280701754	False
Replicate 1	rep1	32750000	225	207	966.0	4.29333333333	False
Replicate 1	rep1	32800000	222	212	973.0	4.38288288288	False
Replicate 1	rep1	32850000	219	211	991.0	4.52511415525	False
Replicate 1	rep1	32900000	216	210	1027.0	4.75462962963	False
Replicate 1	rep1	32950000	213	200	909.0	4.2676056338	False
Replicate 1	rep1	33000000	210	204	977.0	4.65238095238	False
Replicate 1	rep1	33050000	207	202	951.0	4.59420289855	False
Replicate 1	rep1	33100000	204	195	937.0	4.5931372549	False
Replicate 1	rep1	33150000	201	188	984.0	4.89552238806	False
Replicate 1	rep1	33200000	198	191	934.0	4.71717171717	False
Replicate 1	rep1	33250000	195	184	902.0	4.62564102564	False
Replicate 1	rep1	33300000	192	185	846.0	4.40625	False
Replicate 1	rep1	33350000	189	182	696.0	3.68253968254	False
Replicate 1	rep1	33400000	187	177	737.0	3.94117647059	False
Replicate 1	rep1	33450000	185	175	667.0	3.60540540541	False
Replicate 1	rep1	33500000	183	173	674.0	3.68306010929	False
Replicate 1	rep1	33550000	181	175	697.0	3.85082872928	False
Replicate 1	rep1	33600000	179	172	732.0	4.08938547486	False
Replicate 1	rep1	33650000	177	170	690.0	3.89830508475	False
Replicate 1	rep1	33700000	175	166	628.0	3.58857142857	False
Replicate 1	rep1	33750000	173	165	675.0	3.90173410405	False
Replicate 1	rep1	33800000	171	168	689.0	4.02923976608	False
Replicate 1	rep1	33850000	169	164	684.0	4.04733727811	False
Replicate 1	rep1	33900000	167	159	662.0	3.96407185629	False
Replicate 1	rep1	33950000	165	159	659.0	3.99393939394	False
Replicate 1	rep1	34000000	163	160	622.0	3.81595092025	False
Replicate 1	rep1	34050000	161	151	579.0	3.59627329193	False
Replicate 1	rep1	34100000	159	154	613.0	3.85534591195	False
Replicate 1	rep1	34150000	157	154	603.0	3.84076433121	False
Replicate 1	rep1	34200000	155	147	598.0	3.85806451613	False
Replicate 1	rep1	34250000	153	147	630.0	4.11764705882	False
Replicate 1	rep1	34300000	151	141	620.0	4.1059602649	False
Replicate 1	rep1	34350000	149	139	593.0	3.97986577181	False
Replicate 1	rep1	34400000	147	141	600.0	4.08163265306	False
Replicate 1	rep1	34450000	145	135	588.0	4.05517241379	False
Replicate 1	rep1	34500000	143	135	571.0	3.99300699301	False
Replicate 1	rep1	34550000	141	136	596.0	4.22695035461	False
Replicate 1	rep1	34600000	139	138	544.0	3.91366906475	False
Replicate 1	rep1	34650000	137	130	598.0	4.36496350365	False
Replicate 1	rep1	34700000	135	130	566.0	4.19259259259	False
Replicate 1	rep1	34750000	133	130	555.0	4.17293233083	False
Replicate 1	rep1	34800000	131	130	579.0	4.41984732824	False
Replicate 1	rep1	34850000	129	128	577.0	4.47286821705	False
Replicate 1	rep1	34900000	127	126	506.0	3.9842519685	False
Replicate 1	rep1	34950000	125	121	569.0	4.552	False
Replicate 1	rep1	35000000	123	123	543.0	4.41463414634	False
Replicate 1	rep1	35050000	121	121	569.0	4.70247933884	False
Replicate 1	rep1	35100000	119	114	554.0	4.65546218487	False
Replicate 1	rep1	35150000	117	114	529.0	4.52136752137	False
Replicate 1	rep1	35200000	115	114	534.0	4.64347826087	False
Replicate 1	rep1	35250000	113	108	539.0	4.76991150442	False
Replicate 1	rep1	35300000	111	108	530.0	4.77477477477	False
Replicate 1	rep1	35350000	109	104	483.0	4.43119266055	False
Replicate 1	rep1	35400000	107	105	468.0	4.3738317757	False
Replicate 1	rep1	35450000	105	104	446.0	4.24761904762	False
Replicate 1	rep1	35500000	103	101	435.0	4.22330097087	False
Replicate 1	rep1	35550000	102	99	427.0	4.1862745098	False
Replicate 1	rep1	35600000	101	100	439.0	4.34653465347	False
Replicate 1	rep1	35650000	100	97	391.0	3.91	False
Replicate 1	rep1	35700000	99	95	419.0	4.23232323232	False
Replicate 1	rep1	35750000	98	97	404.0	4.12244897959	False
Replicate 1	rep1	35800000	97	92	414.0	4.26804123711	False
Replicate 1	rep1	35850000	96	95	412.0	4.29166666667	False
Replicate 1	rep1	35900000	95	94	397.0	4.17894736842	False
Replicate 1	rep1	35950000	94	92	421.0	4.47872340426	False
Replicate 1	rep1	36000000	93	90	408.0	4.38709677419	False
Replicate 1	rep1	36050000	92	91	381.0	4.14130434783	False
Replicate 1	rep1	36100000	91	90	390.0	4.28571428571	False
Replicate 1	rep1	36150000	90	86	358.0	3.97777777778	False
Replicate 1	rep1	36200000	89	86	372.0	4.1797752809	False
Replicate 1	rep1	36250000	88	86	390.0	4.43181818182	False
Replicate 1	rep1	36300000	87	83	399.0	4.58620689655	False
Replicate 1	rep1	36350000	86	83	391.0	4.54651162791	False
Replicate 1	rep1	36400000	85	84	417.0	4.90588235294	False
Replicate 1	rep1	36450000	84	83	426.0	5.07142857143	False
Replicate 1	rep1	36500000	83	82	358.0	4.31325301205	False
Replicate 1	rep1	36550000	82	80	386.0	4.70731707317	False
Replicate 1	rep1	36600000	81	79	393.0	4.85185185185	False
Replicate 1	rep1	36650000	80	80	397.0	4.9625	False
Replicate 1	rep1	36700000	79	75	368.0	4.6582278481	False
Replicate 1	rep1	36750000	78	77	355.0	4.55128205128	False
Replicate 1	rep1	36800000	77	76	311.0	4.03896103896	False
Replicate 1	rep1	36850000	76	72	366.0	4.81578947368	False
Replicate 1	rep1	36900000	75	71	348.0	4.64	False
Replicate 1	rep1	36950000	74	73	365.0	4.93243243243	False
Replicate 1	rep1	37000000	73	70	335.0	4.58904109589	False
Replicate 1	rep1	37050000	72	71	322.0	4.47222222222	False
Replicate 1	rep1	37100000	71	69	329.0	4.6338028169	False
Replicate 1	rep1	37150000	70	70	346.0	4.94285714286	False
Replicate 1	rep1	37200000	69	69	334.0	4.84057971014	False
Replicate 1	rep1	37250000	68	66	309.0	4.54411764706	False
Replicate 1	rep1	37300000	67	64	284.0	4.23880597015	False
Replicate 1	rep1	37350000	66	66	294.0	4.45454545455	False
Replicate 1	rep1	37400000	65	62	307.0	4.72307692308	False
Replicate 1	rep1	37450000	64	60	289.0	4.515625	False
Replicate 1	rep1	37500000	63	62	283.0	4.49206349206	False
Replicate 1	rep1	37550000	62	60	292.0	4.70967741935	False
Replicate 1	rep1	37600000	61	60	287.0	4.70491803279	False
Replicate 1	rep1	37650000	60	58	297.0	4.95	False
Replicate 1	rep1	37700000	59	59	261.0	4.42372881356	False
Replicate 1	rep1	37750000	58	58	269.0	4.63793103448	False
Replicate 1	rep1	37800000	57	55	275.0	4.82456140351	False
Replicate 1	rep1	37850000	56	55	269.0	4.80357142857	False
Replicate 1	rep1	37900000	55	54	227.0	4.12727272727	False
Replicate 1	rep1	37950000	54	51	234.0	4.33333333333	False
Replicate 1	rep1	38000000	53	52	246.0	4.64150943396	False
Replicate 1	rep1	38050000	52	49	222.0	4.26923076923	False
Replicate 1	rep1	38100000	51	50	235.0	4.60784313725	False
Replicate 1	rep1	38150000	50	50	231.0	4.62	False
Replicate 1	rep1	38200000	49	49	228.0	4.65306122449	False
Replicate 1	rep1	38250000	48	47	240.0	5.0	False
Replicate 1	rep1	38300000	47	47	217.0	4.6170212766	False
Replicate 1	rep1	38350000	46	46	222.0	4.82608695652	False
Replicate 1	rep1	38400000	45	45	217.0	4.82222222222	False
Replicate 1	rep1	38450000	44	43	213.0	4.84090909091	False
Replicate 1	rep1	38500000	43	43	214.0	4.97674418605	False
Replicate 1	rep1	38550000	42	41	232.0	5.52380952381	False
Replicate 1	rep1	38600000	41	39	187.0	4.56097560976	False
Replicate 1	rep1	38650000	40	40	173.0	4.325	False
Replicate 1	rep1	38700000	39	38	207.0	5.30769230769	False
Replicate 1	rep1	38750000	38	38	222.0	5.84210526316	False
Replicate 1	rep1	38800000	37	36	198.0	5.35135135135	False
Replicate 1	rep1	38850000	36	36	196.0	5.44444444444	False
Replicate 1	rep1	38900000	35	35	203.0	5.8	False
Replicate 1	rep1	38950000	34	34	187.0	5.5	False
Replicate 1	rep1	39000000	33	33	195.0	5.90909090909	False
Replicate 1	rep1	39050000	32	30	148.0	4.625	False
Replicate 1	rep1	39100000	31	29	162.0	5.22580645161	False
Replicate 1	rep1	39150000	30	28	152.0	5.06666666667	False
Replicate 1	rep1	39200000	29	29	159.0	5.48275862069	False
Replicate 1	rep1	39250000	28	27	160.0	5.71428571429	False
Replicate 1	rep1	39300000	27	25	150.0	5.55555555556	False
Replicate 1	rep1	39350000	26	25	145.0	5.57692307692	False
Replicate 1	rep1	39400000	25	24	156.0	6.24	False
Replicate 1	rep1	39450000	24	23	127.0	5.29166666667	False
Replicate 1	rep1	39500000	23	23	137.0	5.95652173913	False
Replicate 1	rep1	39550000	22	21	127.0	5.77272727273	False
Replicate 1	rep1	39600000	21	20	132.0	6.28571428571	False
Replicate 1	rep1	39650000	20	20	158.0	7.9	False
Replicate 1	rep1	39700000	19	19	126.0	6.63157894737	False
Replicate 1	rep1	39750000	18	18	130.0	7.22222222222	False
Replicate 1	rep1	39800000	17	17	125.0	7.35294117647	False
Replicate 1	rep1	39850000	16	16	122.0	7.625	False
Replicate 1	rep1	39900000	15	15	118.0	7.86666666667	False
Replicate 1	rep1	39950000	14	13	119.0	8.5	False
Replicate 1	rep1	40000000	13	13	113.0	8.69230769231	False
Replicate 1	rep1	40050000	12	12	87.0	7.25	False
Replicate 1	rep1	40100000	11	11	116.0	10.5454545455	False
Replicate 1	rep1	40150000	10	10	120.0	12.0	False
Replicate 1	rep1	40200000	9	9	129.0	14.3333333333	False
Replicate 1	rep1	40250000	8	8	116.0	14.5	False
Replicate 1	rep1	40300000	7	7	130.0	18.5714285714	False
Replicate 1	rep1	40350000	6	6	101.0	16.8333333333	False
Replicate 1	rep1	40400000	5	5	115.0	23.0	False
Replicate 1	rep1	40450000	4	4	106.0	26.5	False
Replicate 1	rep1	40500000	3	3	92.0	30.6666666667	False
Replicate 1	rep1	40550000	2	2	84.0	42.0	False
Replicate 1	rep1	40600000	1	1	39.0	39.0	False
Replicate 2	rep2	50000	9942	9911	12248372.0	1231.98269966	True
Replicate 2	rep2	100000	9925	9895	6227821.0	627.488261965	True
Replicate 2	rep2	150000	9908	9876	4196562.0	423.552886556	True
Replicate 2	rep2	200000	9891	9856	3108874.0	314.313416237	True
Replicate 2	rep2	250000	9874	9837	2434998.0	246.607048815	True
Replicate 2	rep2	300000	9857	9825	1988916.0	201.777011261	True
Replicate 2	rep2	350000	9840	9805	1674440.0	170.166666667	True
Replicate 2	rep2	400000	9823	9791	1442707.0	146.870304388	True
Replicate 2	rep2	450000	9806	9775	1267982.0	129.306750969	True
Replicate 2	rep2	500000	9789	9755	1129320.0	115.366227398	True
Replicate 2	rep2	550000	9772	9737	1020225.0	104.402885796	True
Replicate 2	rep2	600000	9755	9714	929266.0	95.2604818042	True
Replicate 2	rep2	650000	9738	9697	853061.0	87.601252824	True
Replicate 2	rep2	700000	9721	9684	791865.0	81.4592120152	True
Replicate 2	rep2	750000	9704	9669	737515.0	76.0011335532	True
Replicate 2	rep2	800000	9687	9644	690464.0	71.2773820584	True
Replicate 2	rep2	850000	9670	9631	648735.0	67.0873836608	True
Replicate 2	rep2	900000	9653	9608	614245.0	63.6325494665	True
Replicate 2	rep2	950000	9636	9598	582030.0	60.401618929	True
Replicate 2	rep2	1000000	9619	9581	554006.0	57.5949682919	True
Replicate 2	rep2	1050000	9602	9559	529236.0	55.117267236	True
Replicate 2	rep2	1100000	9585	9545	508598.0	53.0618675013	True
Replicate 2	rep2	1150000	9568	9531	486559.0	50.8527382943	True
Replicate 2	rep2	1200000	9551	9515	468984.0	49.1031305622	True
Replicate 2	rep2	1250000	9534	9495	451493.0	47.3560939794	True
Replicate 2	rep2	1300000	9517	9473	435838.0	45.7957339498	True
Replicate 2	rep2	1350000	9500	9454	424260.0	44.6589473684	True
Replicate 2	rep2	1400000	9483	9439	411575.0	43.4013497838	True
Replicate 2	rep2	1450000	9466	9416	397600.0	42.0029579548	True
Replicate 2	rep2	1500000	9449	9404	386406.0	40.8938512012	True
Replicate 2	rep2	1550000	9432	9389	377959.0	40.0719889737	True
Replicate 2	rep2	1600000	9415	9370	367326.0	39.014976102	True
Replicate 2	rep2	1650000	9398	9355	357372.0	38.0263885933	True
Replicate 2	rep2	1700000	9381	9337	348737.0	37.1748214476	True
Replicate 2	rep2	1750000	9364	9317	341391.0	36.4578171721	True
Replicate 2	rep2	1800000	9347	9298	332998.0	35.6261902215	True
Replicate 2	rep2	1850000	9330	9275	327237.0	35.0736334405	True
Replicate 2	rep2	1900000	9313	9266	319974.0	34.3577794481	True
Replicate 2	rep2	1950000	9296	9250	315322.0	33.9201807229	True
Replicate 2	rep2	2000000	9279	9231	307982.0	33.1912921651	True
Replicate 2	rep2	2050000	9262	9199	303018.0	32.716259987	True
Replicate 2	rep2	2100000	9245	9190	296201.0	32.0390481341	True
Replicate 2	rep2	2150000	9228	9167	290683.0	31.5001083658	True
Replicate 2	rep2	2200000	9211	9154	285691.0	31.0162848768	True
Replicate 2	rep2	2250000	9194	9139	279513.0	30.4016750054	True
Replicate 2	rep2	2300000	9177	9119	275266.0	29.9952054048	True
Replicate 2	rep2	2350000	9160	9108	269272.0	29.3965065502	True
Replicate 2	rep2	2400000	9143	9083	265399.0	29.0275620693	True
Replicate 2	rep2	2450000	9126	9064	261257.0	28.6277668201	True
Replicate 2	rep2	2500000	9109	9036	256467.0	28.1553408717	True
Replicate 2	rep2	2550000	9092	9027	252246.0	27.7437307523	True
Replicate 2	rep2	2600000	9075	9017	248309.0	27.3618732782	True
Replicate 2	rep2	2650000	9058	8985	245030.0	27.0512254361	True
Replicate 2	rep2	2700000	9041	8973	240319.0	26.5810197987	True
Replicate 2	rep2	2750000	9024	8949	236035.0	26.1563608156	True
Replicate 2	rep2	2800000	9007	8930	232639.0	25.8286887976	True
Replicate 2	rep2	2850000	8990	8902	228412.0	25.4073414905	True
Replicate 2	rep2	2900000	8973	8897	226271.0	25.2168728407	True
Replicate 2	rep2	2950000	8956	8874	222756.0	24.8722644038	True
Replicate 2	rep2	3000000	8939	8843	219373.0	24.5411119812	True
Replicate 2	rep2	3050000	8922	8850	216593.0	24.2762833445	True
Replicate 2	rep2	3100000	8905	8828	213855.0	24.0151600225	True
Replicate 2	rep2	3150000	8888	8787	210141.0	23.6432268227	True
Replicate 2	rep2	3200000	8871	8780	207823.0	23.4272348101	True
Replicate 2	rep2	3250000	8854	8766	205441.0	23.2031850011	True
Replicate 2	rep2	3300000	8837	8729	202159.0	22.8764286523	True
Replicate 2	rep2	3350000	8820	8708	199227.0	22.5880952381	True
Replicate 2	rep2	3400000	8803	8701	196817.0	22.3579461547	True
Replicate 2	rep2	3450000	8786	8682	193844.0	22.0628272251	True
Replicate 2	rep2	3500000	8769	8668	191502.0	21.8385220664	True
Replicate 2	rep2	3550000	8752	8649	188882.0	21.5815813528	True
Replicate 2	rep2	3600000	8735	8635	186170.0	21.3131081855	True
Replicate 2	rep2	3650000	8718	8585	183787.0	21.0813259922	True
Replicate 2	rep2	3700000	8701	8595	181538.0	20.8640386163	True
Replicate 2	rep2	3750000	8684	8557	179707.0	20.6940350069	True
Replicate 2	rep2	3800000	8667	8545	176712.0	20.3890619592	True
Replicate 2	rep2	3850000	8650	8535	174948.0	20.2252023121	True
Replicate 2	rep2	3900000	8633	8504	172887.0	20.0262944515	True
Replicate 2	rep2	3950000	8616	8499	170994.0	19.8461002786	True
Replicate 2	rep2	4000000	8599	8478	168276.0	19.5692522386	True
Replicate 2	rep2	4050000	8582	8445	166762.0	19.4316010254	True
Replicate 2	rep2	4100000	8565	8435	164031.0	19.1513134851	True
Replicate 2	rep2	4150000	8548	8413	162235.0	18.979293402	True
Replicate 2	rep2	4200000	8531	8392	160991.0	18.8712929317	True
Replicate 2	rep2	4250000	8514	8394	158093.0	18.5685929058	True
Replicate 2	rep2	4300000	8497	8362	156902.0	18.4655760857	True
Replicate 2	rep2	4350000	8480	8333	154661.0	18.2383254717	True
Replicate 2	rep2	4400000	8463	8317	152689.0	18.0419473	True
Replicate 2	rep2	4450000	8446	8315	151279.0	17.9113189676	True
Replicate 2	rep2	4500000	8429	8307	148656.0	17.6362557836	True
Replicate 2	rep2	4550000	8412	8277	147356.0	17.5173561579	True
Replicate 2	rep2	4600000	8395	8242	145311.0	17.3092316855	True
Replicate 2	rep2	4650000	8378	8210	143578.0	17.137502984	True
Replicate 2	rep2	4700000	8361	8199	141968.0	16.9797871068	True
Replicate 2	rep2	4750000	8344	8190	140199.0	16.8023729626	True
Replicate 2	rep2	4800000	8327	8169	138483.0	16.6305992554	True
Replicate 2	rep2	4850000	8310	8156	137315.0	16.5240673887	True
Replicate 2	rep2	4900000	8293	8148	135061.0	16.2861449415	True
Replicate 2	rep2	4950000	8276	8118	133694.0	16.1544224263	True
Replicate 2	rep2	5000000	8259	8100	132757.0	16.0742220608	True
Replicate 2	rep2	5050000	8242	8086	131052.0	15.9005095851	True
Replicate 2	rep2	5100000	8225	8054	129388.0	15.7310638298	True
Replicate 2	rep2	5150000	8208	8033	128109.0	15.6078216374	True
Replicate 2	rep2	5200000	8191	8036	125955.0	15.3772433158	True
Replicate 2	rep2	5250000	8174	7996	125118.0	15.3068265231	True
Replicate 2	rep2	5300000	8157	7972	123203.0	15.1039597891	True
Replicate 2	rep2	5350000	8140	7964	121699.0	14.9507371007	True
Replicate 2	rep2	5400000	8123	7926	119584.0	14.7216545611	True
Replicate 2	rep2	5450000	8106	7905	118573.0	14.627806563	True
Replicate 2	rep2	5500000	8089	7889	117552.0	14.5323278526	True
Replicate 2	rep2	5550000	8072	7881	115862.0	14.353567889	True
Replicate 2	rep2	5600000	8055	7853	114081.0	14.1627560521	True
Replicate 2	rep2	5650000	8038	7825	112955.0	14.0526250311	True
Replicate 2	rep2	5700000	8021	7816	111300.0	13.8760753023	True
Replicate 2	rep2	5750000	8004	7784	110154.0	13.7623688156	True
Replicate 2	rep2	5800000	7987	7775	108749.0	13.6157505947	True
Replicate 2	rep2	5850000	7970	7763	106581.0	13.3727728984	True
Replicate 2	rep2	5900000	7953	7749	105672.0	13.2870614862	True
Replicate 2	rep2	5950000	7936	7713	105384.0	13.279233871	True
Replicate 2	rep2	6000000	7919	7690	104415.0	13.1853769415	True
Replicate 2	rep2	6050000	7902	7673	102648.0	12.9901290812	True
Replicate 2	rep2	6100000	7885	7646	101439.0	12.8648065948	True
Replicate 2	rep2	6150000	7868	7646	100027.0	12.7131418404	True
Replicate 2	rep2	6200000	7851	7627	98704.0	12.5721564132	True
Replicate 2	rep2	6250000	7834	7607	98137.0	12.5270615267	True
Replicate 2	rep2	6300000	7817	7589	96074.0	12.2903927338	True
Replicate 2	rep2	6350000	7800	7557	95089.0	12.1908974359	True
Replicate 2	rep2	6400000	7783	7564	94069.0	12.0864705127	True
Replicate 2	rep2	6450000	7766	7518	92893.0	11.9614988411	True
Replicate 2	rep2	6500000	7749	7502	91592.0	11.8198477223	True
Replicate 2	rep2	6550000	7732	7477	90054.0	11.6469218831	True
Replicate 2	rep2	6600000	7715	7454	89676.0	11.6235904083	True
Replicate 2	rep2	6650000	7698	7445	88116.0	11.446609509	True
Replicate 2	rep2	6700000	7681	7388	86619.0	11.2770472595	True
Replicate 2	rep2	6750000	7664	7426	86161.0	11.2423016701	True
Replicate 2	rep2	6800000	7647	7372	84628.0	11.066823591	True
Replicate 2	rep2	6850000	7630	7343	83332.0	10.9216251638	True
Replicate 2	rep2	6900000	7613	7342	82290.0	10.8091422567	True
Replicate 2	rep2	6950000	7596	7327	81521.0	10.7320958399	True
Replicate 2	rep2	7000000	7579	7305	80719.0	10.6503496503	True
Replicate 2	rep2	7050000	7562	7254	79540.0	10.5183813806	True
Replicate 2	rep2	7100000	7545	7247	78482.0	10.4018555335	True
Replicate 2	rep2	7150000	7528	7240	77800.0	10.3347502657	True
Replicate 2	rep2	7200000	7511	7241	76822.0	10.2279323659	True
Replicate 2	rep2	7250000	7494	7203	75634.0	10.0926074193	True
Replicate 2	rep2	7300000	7477	7172	74925.0	10.0207302394	True
Replicate 2	rep2	7350000	7460	7139	73814.0	9.89463806971	True
Replicate 2	rep2	7400000	7443	7121	72907.0	9.79537820771	True
Replicate 2	rep2	7450000	7426	7111	72107.0	9.71007271748	True
Replicate 2	rep2	7500000	7409	7095	70920.0	9.57214198947	True
Replicate 2	rep2	7550000	7392	7052	70447.0	9.53016774892	True
Replicate 2	rep2	7600000	7375	7053	69275.0	9.39322033898	True
Replicate 2	rep2	7650000	7358	7025	68803.0	9.35077466703	True
Replicate 2	rep2	7700000	7341	7024	68057.0	9.27080779185	True
Replicate 2	rep2	7750000	7324	6985	67572.0	9.22610595303	True
Replicate 2	rep2	7800000	7307	6976	66626.0	9.11810592582	True
Replicate 2	rep2	7850000	7290	6947	65570.0	8.99451303155	True
Replicate 2	rep2	7900000	7273	6902	64690.0	8.8945414547	True
Replicate 2	rep2	7950000	7256	6875	63853.0	8.8000275634	True
Replicate 2	rep2	8000000	7239	6859	63486.0	8.76999585578	True
Replicate 2	rep2	8050000	7222	6829	62757.0	8.68969814456	True
Replicate 2	rep2	8100000	7205	6840	61426.0	8.52546842471	True
Replicate 2	rep2	8150000	7188	6791	61135.0	8.505147468	True
Replicate 2	rep2	8200000	7171	6775	60387.0	8.42100125506	True
Replicate 2	rep2	8250000	7154	6717	59631.0	8.33533687448	True
Replicate 2	rep2	8300000	7137	6747	59413.0	8.32464620989	True
Replicate 2	rep2	8350000	7120	6698	58626.0	8.23398876404	True
Replicate 2	rep2	8400000	7103	6710	58308.0	8.208925806	True
Replicate 2	rep2	8450000	7086	6650	57394.0	8.09963307931	True
Replicate 2	rep2	8500000	7069	6629	56846.0	8.04159004102	True
Replicate 2	rep2	8550000	7052	6631	56713.0	8.04211571185	True
Replicate 2	rep2	8600000	7035	6627	55887.0	7.94413646055	True
Replicate 2	rep2	8650000	7018	6548	54782.0	7.80592761471	True
Replicate 2	rep2	8700000	7001	6568	54182.0	7.73918011713	True
Replicate 2	rep2	8750000	6984	6519	54121.0	7.74928407789	True
Replicate 2	rep2	8800000	6967	6511	52992.0	7.60614324673	True
Replicate 2	rep2	8850000	6950	6482	52712.0	7.58446043165	True
Replicate 2	rep2	8900000	6933	6476	51470.0	7.42391461128	True
Replicate 2	rep2	8950000	6916	6475	51419.0	7.43478889532	True
Replicate 2	rep2	9000000	6899	6437	50581.0	7.331642267	True
Replicate 2	rep2	9050000	6882	6397	49894.0	7.2499273467	True
Replicate 2	rep2	9100000	6865	6354	49435.0	7.20101966497	True
Replicate 2	rep2	9150000	6848	6350	48537.0	7.08776285047	True
Replicate 2	rep2	9200000	6831	6315	48064.0	7.03615868833	True
Replicate 2	rep2	9250000	6814	6339	47771.0	7.01071323745	True
Replicate 2	rep2	9300000	6797	6294	47295.0	6.95821686038	True
Replicate 2	rep2	9350000	6780	6271	46598.0	6.87286135693	True
Replicate 2	rep2	9400000	6763	6279	46357.0	6.85450243975	True
Replicate 2	rep2	9450000	6746	6220	46030.0	6.8233026979	True
Replicate 2	rep2	9500000	6729	6228	45118.0	6.70500817358	True
Replicate 2	rep2	9550000	6712	6193	44924.0	6.69308700834	True
Replicate 2	rep2	9600000	6695	6182	44650.0	6.66915608663	True
Replicate 2	rep2	9650000	6678	6164	44445.0	6.65543575921	True
Replicate 2	rep2	9700000	6661	6138	43738.0	6.56628133914	True
Replicate 2	rep2	9750000	6644	6101	43662.0	6.5716435882	True
Replicate 2	rep2	9800000	6627	6107	42895.0	6.47276293949	True
Replicate 2	rep2	9850000	6610	6070	42160.0	6.37821482602	True
Replicate 2	rep2	9900000	6593	6051	42451.0	6.43879872592	True
Replicate 2	rep2	9950000	6576	6015	41583.0	6.32344890511	True
Replicate 2	rep2	10000000	6559	6003	41372.0	6.30766885196	True
Replicate 2	rep2	10050000	6542	6008	41367.0	6.32329562825	True
Replicate 2	rep2	10100000	6525	5961	41019.0	6.28643678161	True
Replicate 2	rep2	10150000	6508	5950	40312.0	6.19422249539	True
Replicate 2	rep2	10200000	6491	5939	39976.0	6.15868125096	True
Replicate 2	rep2	10250000	6474	5923	39578.0	6.11337658326	True
Replicate 2	rep2	10300000	6457	5902	38849.0	6.01657116308	True
Replicate 2	rep2	10350000	6440	5888	39041.0	6.06226708075	True
Replicate 2	rep2	10400000	6423	5866	38481.0	5.99112564222	True
Replicate 2	rep2	10450000	6406	5822	37704.0	5.88573212613	True
Replicate 2	rep2	10500000	6389	5856	38027.0	5.95194866176	True
Replicate 2	rep2	10550000	6372	5785	37079.0	5.81905210295	True
Replicate 2	rep2	10600000	6355	5763	37131.0	5.84280094414	True
Replicate 2	rep2	10650000	6338	5749	37029.0	5.84237929946	True
Replicate 2	rep2	10700000	6321	5739	36606.0	5.79117228287	True
Replicate 2	rep2	10750000	6304	5732	36125.0	5.73048857868	True
Replicate 2	rep2	10800000	6287	5717	36137.0	5.74789247654	True
Replicate 2	rep2	10850000	6270	5684	35801.0	5.70988835726	True
Replicate 2	rep2	10900000	6253	5660	35634.0	5.69870462178	True
Replicate 2	rep2	10950000	6236	5660	34890.0	5.59493264913	True
Replicate 2	rep2	11000000	6219	5622	34999.0	5.62775365814	True
Replicate 2	rep2	11050000	6202	5614	34852.0	5.61947758787	True
Replicate 2	rep2	11100000	6185	5596	34617.0	5.59692805174	True
Replicate 2	rep2	11150000	6168	5583	34312.0	5.56290531777	True
Replicate 2	rep2	11200000	6151	5543	33779.0	5.49162737766	True
Replicate 2	rep2	11250000	6134	5521	33503.0	5.46185197261	True
Replicate 2	rep2	11300000	6117	5514	33522.0	5.48013732222	True
Replicate 2	rep2	11350000	6100	5459	32450.0	5.31967213115	True
Replicate 2	rep2	11400000	6083	5452	32643.0	5.36626664475	True
Replicate 2	rep2	11450000	6066	5474	32469.0	5.35262116716	True
Replicate 2	rep2	11500000	6049	5427	32004.0	5.29079186642	True
Replicate 2	rep2	11550000	6032	5421	32086.0	5.31929708223	True
Replicate 2	rep2	11600000	6015	5400	31925.0	5.30756442228	True
Replicate 2	rep2	11650000	5998	5396	31559.0	5.26158719573	True
Replicate 2	rep2	11700000	5981	5360	31368.0	5.2446079251	True
Replicate 2	rep2	11750000	5964	5364	31364.0	5.25888665325	True
Replicate 2	rep2	11800000	5947	5348	30903.0	5.196401547	True
Replicate 2	rep2	11850000	5930	5313	30507.0	5.14451939292	True
Replicate 2	rep2	11900000	5913	5288	30291.0	5.12278031456	True
Replicate 2	rep2	11950000	5896	5269	30435.0	5.16197421981	True
Replicate 2	rep2	12000000	5879	5289	30095.0	5.11906786869	True
Replicate 2	rep2	12050000	5862	5275	30086.0	5.13237802798	True
Replicate 2	rep2	12100000	5845	5212	29619.0	5.06740804106	True
Replicate 2	rep2	12150000	5828	5213	29376.0	5.04049416609	True
Replicate 2	rep2	12200000	5811	5159	29230.0	5.03011529857	True
Replicate 2	rep2	12250000	5794	5203	29064.0	5.01622367967	True
Replicate 2	rep2	12300000	5777	5157	28619.0	4.95395534014	True
Replicate 2	rep2	12350000	5760	5142	28702.0	4.98298611111	True
Replicate 2	rep2	12400000	5743	5100	28414.0	4.94758836845	True
Replicate 2	rep2	12450000	5726	5106	28320.0	4.94586098498	True
Replicate 2	rep2	12500000	5709	5078	28148.0	4.93046067613	True
Replicate 2	rep2	12550000	5692	5065	27782.0	4.88088545327	True
Replicate 2	rep2	12600000	5675	5037	27719.0	4.88440528634	True
Replicate 2	rep2	12650000	5658	5039	27286.0	4.82255213856	True
Replicate 2	rep2	12700000	5641	4994	27381.0	4.85392660876	True
Replicate 2	rep2	12750000	5624	4995	27123.0	4.82272403983	True
Replicate 2	rep2	12800000	5607	4959	26784.0	4.77688603531	True
Replicate 2	rep2	12850000	5590	4946	27085.0	4.84525939177	True
Replicate 2	rep2	12900000	5573	4920	26874.0	4.82217835995	True
Replicate 2	rep2	12950000	5556	4936	26705.0	4.80651547876	True
Replicate 2	rep2	13000000	5539	4876	26309.0	4.7497743275	True
Replicate 2	rep2	13050000	5522	4871	26403.0	4.78141977544	True
Replicate 2	rep2	13100000	5505	4831	25831.0	4.69227974569	True
Replicate 2	rep2	13150000	5488	4822	25580.0	4.6610787172	True
Replicate 2	rep2	13200000	5471	4847	25791.0	4.71412904405	True
Replicate 2	rep2	13250000	5454	4792	25009.0	4.58544187752	True
Replicate 2	rep2	13300000	5437	4789	25217.0	4.63803568144	True
Replicate 2	rep2	13350000	5420	4760	24858.0	4.58634686347	True
Replicate 2	rep2	13400000	5403	4751	25065.0	4.63908939478	True
Replicate 2	rep2	13450000	5386	4738	24809.0	4.60620126253	True
Replicate 2	rep2	13500000	5369	4749	24422.0	4.54870553176	True
Replicate 2	rep2	13550000	5352	4725	24154.0	4.51307922272	True
Replicate 2	rep2	13600000	5335	4708	24156.0	4.52783505155	True
Replicate 2	rep2	13650000	5318	4691	24279.0	4.56543813464	True
Replicate 2	rep2	13700000	5301	4654	23937.0	4.5155631013	True
Replicate 2	rep2	13750000	5284	4611	23657.0	4.4771006813	True
Replicate 2	rep2	13800000	5267	4607	23459.0	4.45395861021	True
Replicate 2	rep2	13850000	5250	4616	23763.0	4.52628571429	True
Replicate 2	rep2	13900000	5233	4584	23236.0	4.44028282056	True
Replicate 2	rep2	13950000	5216	4581	23363.0	4.47910276074	True
Replicate 2	rep2	14000000	5199	4545	23267.0	4.47528370841	True
Replicate 2	rep2	14050000	5182	4528	22881.0	4.41547664994	True
Replicate 2	rep2	14100000	5165	4531	23053.0	4.4633107454	True
Replicate 2	rep2	14150000	5148	4484	23034.0	4.47435897436	True
Replicate 2	rep2	14200000	5131	4472	22472.0	4.37965308907	True
Replicate 2	rep2	14250000	5114	4507	22704.0	4.43957763004	True
Replicate 2	rep2	14300000	5097	4462	22449.0	4.40435550324	True
Replicate 2	rep2	14350000	5080	4451	22341.0	4.39783464567	True
Replicate 2	rep2	14400000	5063	4433	22231.0	4.39087497531	True
Replicate 2	rep2	14450000	5046	4406	22135.0	4.38664288545	True
Replicate 2	rep2	14500000	5029	4399	21906.0	4.35593557367	True
Replicate 2	rep2	14550000	5012	4379	21812.0	4.35195530726	True
Replicate 2	rep2	14600000	4995	4389	21600.0	4.32432432432	True
Replicate 2	rep2	14650000	4978	4345	21657.0	4.3505423865	True
Replicate 2	rep2	14700000	4961	4339	21662.0	4.36645837533	True
Replicate 2	rep2	14750000	4944	4310	21431.0	4.33474919094	True
Replicate 2	rep2	14800000	4927	4291	21463.0	4.3562005277	True
Replicate 2	rep2	14850000	4910	4317	21438.0	4.36619144603	True
Replicate 2	rep2	14900000	4893	4300	21128.0	4.31800531371	True
Replicate 2	rep2	14950000	4876	4302	21129.0	4.33326497129	True
Replicate 2	rep2	15000000	4859	4226	20857.0	4.29244700556	True
Replicate 2	rep2	15050000	4842	4255	20773.0	4.29016935151	True
Replicate 2	rep2	15100000	4825	4203	20774.0	4.30549222798	True
Replicate 2	rep2	15150000	4808	4194	20828.0	4.33194675541	True
Replicate 2	rep2	15200000	4791	4200	20498.0	4.2784387393	True
Replicate 2	rep2	15250000	4774	4221	20508.0	4.29576874738	True
Replicate 2	rep2	15300000	4757	4137	20217.0	4.24994744587	True
Replicate 2	rep2	15350000	4740	4165	20157.0	4.25253164557	True
Replicate 2	rep2	15400000	4723	4120	19902.0	4.21384713106	True
Replicate 2	rep2	15450000	4706	4151	20096.0	4.27029324267	True
Replicate 2	rep2	15500000	4689	4100	20016.0	4.26871401152	True
Replicate 2	rep2	15550000	4672	4076	19761.0	4.22966609589	True
Replicate 2	rep2	15600000	4655	4058	19869.0	4.26831364125	True
Replicate 2	rep2	15650000	4638	4059	19680.0	4.24320827943	True
Replicate 2	rep2	15700000	4621	4037	19721.0	4.26769097598	True
Replicate 2	rep2	15750000	4604	4013	19464.0	4.22762814944	True
Replicate 2	rep2	15800000	4587	4008	19333.0	4.21473730107	True
Replicate 2	rep2	15850000	4570	4018	19696.0	4.30984682713	True
Replicate 2	rep2	15900000	4553	4006	19402.0	4.26136613222	True
Replicate 2	rep2	15950000	4536	3945	19085.0	4.20745149912	True
Replicate 2	rep2	16000000	4519	3940	19125.0	4.23213100243	True
Replicate 2	rep2	16050000	4502	3967	19006.0	4.22167925367	True
Replicate 2	rep2	16100000	4485	3929	19165.0	4.27313266444	True
Replicate 2	rep2	16150000	4468	3915	18878.0	4.22515666965	True
Replicate 2	rep2	16200000	4451	3890	18697.0	4.20062907212	True
Replicate 2	rep2	16250000	4434	3915	18791.0	4.23793414524	True
Replicate 2	rep2	16300000	4417	3880	18834.0	4.26398007698	True
Replicate 2	rep2	16350000	4400	3889	18718.0	4.25409090909	True
Replicate 2	rep2	16400000	4383	3866	19059.0	4.34839151266	True
Replicate 2	rep2	16450000	4366	3846	18738.0	4.29180027485	True
Replicate 2	rep2	16500000	4349	3803	18587.0	4.27385605886	True
Replicate 2	rep2	16550000	4332	3784	18481.0	4.2661588181	True
Replicate 2	rep2	16600000	4315	3807	18469.0	4.28018539977	True
Replicate 2	rep2	16650000	4298	3801	18887.0	4.39436947417	True
Replicate 2	rep2	16700000	4281	3758	18516.0	4.32515767344	True
Replicate 2	rep2	16750000	4264	3726	18560.0	4.35272045028	True
Replicate 2	rep2	16800000	4247	3717	18315.0	4.31245585119	True
Replicate 2	rep2	16850000	4230	3699	18047.0	4.26643026005	True
Replicate 2	rep2	16900000	4213	3706	18074.0	4.29005459293	True
Replicate 2	rep2	16950000	4196	3675	18246.0	4.3484270734	True
Replicate 2	rep2	17000000	4179	3664	18040.0	4.31682220627	True
Replicate 2	rep2	17050000	4162	3627	18043.0	4.33517539644	True
Replicate 2	rep2	17100000	4145	3611	17681.0	4.2656212304	True
Replicate 2	rep2	17150000	4128	3628	18012.0	4.36337209302	True
Replicate 2	rep2	17200000	4111	3640	17845.0	4.34079299441	True
Replicate 2	rep2	17250000	4094	3628	17895.0	4.37103077675	True
Replicate 2	rep2	17300000	4077	3572	17348.0	4.25508952661	True
Replicate 2	rep2	17350000	4060	3563	17510.0	4.31280788177	True
Replicate 2	rep2	17400000	4043	3541	17167.0	4.24610437794	True
Replicate 2	rep2	17450000	4026	3514	17187.0	4.26900149031	True
Replicate 2	rep2	17500000	4009	3470	17068.0	4.25742080319	True
Replicate 2	rep2	17550000	3992	3487	17264.0	4.3246492986	True
Replicate 2	rep2	17600000	3975	3459	17044.0	4.28779874214	True
Replicate 2	rep2	17650000	3958	3478	17084.0	4.31632137443	True
Replicate 2	rep2	17700000	3941	3466	16998.0	4.31311849784	True
Replicate 2	rep2	17750000	3924	3429	16690.0	4.25331294597	True
Replicate 2	rep2	17800000	3907	3409	16767.0	4.29152802662	True
Replicate 2	rep2	17850000	3890	3389	16828.0	4.32596401028	True
Replicate 2	rep2	17900000	3873	3369	16724.0	4.31809966434	True
Replicate 2	rep2	17950000	3856	3368	16576.0	4.29875518672	True
Replicate 2	rep2	18000000	3839	3365	16453.0	4.28575149779	True
Replicate 2	rep2	18050000	3822	3322	16468.0	4.30873888017	True
Replicate 2	rep2	18100000	3805	3351	16307.0	4.28567674113	True
Replicate 2	rep2	18150000	3788	3307	16157.0	4.26531151003	True
Replicate 2	rep2	18200000	3771	3286	15936.0	4.22593476531	True
Replicate 2	rep2	18250000	3754	3279	16611.0	4.42488012786	True
Replicate 2	rep2	18300000	3737	3240	16118.0	4.31308536259	True
Replicate 2	rep2	18350000	3720	3250	16157.0	4.34327956989	True
Replicate 2	rep2	18400000	3703	3239	16135.0	4.3572778828	True
Replicate 2	rep2	18450000	3686	3209	16005.0	4.34210526316	True
Replicate 2	rep2	18500000	3669	3222	16077.0	4.38184791496	True
Replicate 2	rep2	18550000	3652	3210	15997.0	4.38033953998	True
Replicate 2	rep2	18600000	3635	3182	15902.0	4.37469050894	True
Replicate 2	rep2	18650000	3618	3186	15977.0	4.41597567717	True
Replicate 2	rep2	18700000	3601	3137	15792.0	4.38544848653	True
Replicate 2	rep2	18750000	3584	3155	15811.0	4.41155133929	True
Replicate 2	rep2	18800000	3567	3125	15792.0	4.42724978974	True
Replicate 2	rep2	18850000	3550	3105	15498.0	4.36563380282	True
Replicate 2	rep2	18900000	3533	3086	15522.0	4.39343334277	True
Replicate 2	rep2	18950000	3516	3039	15432.0	4.38907849829	True
Replicate 2	rep2	19000000	3499	3020	15444.0	4.41383252358	True
Replicate 2	rep2	19050000	3482	3016	15300.0	4.3940264216	True
Replicate 2	rep2	19100000	3465	3021	15207.0	4.38874458874	True
Replicate 2	rep2	19150000	3448	3000	14855.0	4.30829466357	True
Replicate 2	rep2	19200000	3431	2995	15111.0	4.40425531915	True
Replicate 2	rep2	19250000	3414	2964	14972.0	4.38547158758	True
Replicate 2	rep2	19300000	3397	2933	14848.0	4.37091551369	True
Replicate 2	rep2	19350000	3380	2914	14788.0	4.37514792899	True
Replicate 2	rep2	19400000	3363	2914	14895.0	4.42908117752	True
Replicate 2	rep2	19450000	3346	2896	14737.0	4.40436341901	True
Replicate 2	rep2	19500000	3329	2907	14711.0	4.41904475819	True
Replicate 2	rep2	19550000	3312	2862	14513.0	4.38194444444	True
Replicate 2	rep2	19600000	3295	2851	14503.0	4.40151745068	True
Replicate 2	rep2	19650000	3278	2855	14570.0	4.44478340451	True
Replicate 2	rep2	19700000	3261	2816	14725.0	4.51548604722	True
Replicate 2	rep2	19750000	3244	2791	14440.0	4.4512946979	True
Replicate 2	rep2	19800000	3227	2794	14555.0	4.51038115897	True
Replicate 2	rep2	19850000	3210	2802	14663.0	4.56791277259	True
Replicate 2	rep2	19900000	3193	2750	14351.0	4.49451926088	True
Replicate 2	rep2	19950000	3176	2733	14341.0	4.51542821159	True
Replicate 2	rep2	20000000	3159	2738	14306.0	4.52864830643	True
Replicate 2	rep2	20050000	3142	2712	14166.0	4.50859325271	True
Replicate 2	rep2	20100000	3125	2717	14082.0	4.50624	True
Replicate 2	rep2	20150000	3108	2673	14190.0	4.56563706564	True
Replicate 2	rep2	20200000	3091	2665	13851.0	4.48107408606	True
Replicate 2	rep2	20250000	3074	2664	13736.0	4.46844502277	True
Replicate 2	rep2	20300000	3057	2623	13821.0	4.52109911678	True
Replicate 2	rep2	20350000	3040	2599	13703.0	4.50756578947	True
Replicate 2	rep2	20400000	3023	2608	13752.0	4.54912338736	True
Replicate 2	rep2	20450000	3006	2598	13558.0	4.51031270792	True
Replicate 2	rep2	20500000	2989	2589	13594.0	4.54800936768	True
Replicate 2	rep2	20550000	2972	2558	13450.0	4.52557200538	True
Replicate 2	rep2	20600000	2955	2543	13210.0	4.4703891709	True
Replicate 2	rep2	20650000	2938	2538	13310.0	4.53029271613	True
Replicate 2	rep2	20700000	2921	2532	13354.0	4.57172201301	True
Replicate 2	rep2	20750000	2904	2524	13541.0	4.66287878788	True
Replicate 2	rep2	20800000	2887	2485	13225.0	4.58087980603	True
Replicate 2	rep2	20850000	2870	2486	13027.0	4.53902439024	True
Replicate 2	rep2	20900000	2853	2456	13056.0	4.57623554154	True
Replicate 2	rep2	20950000	2836	2465	13069.0	4.60825105783	True
Replicate 2	rep2	21000000	2819	2432	12924.0	4.58460446967	True
Replicate 2	rep2	21050000	2802	2434	12899.0	4.60349750178	True
Replicate 2	rep2	21100000	2785	2420	12921.0	4.639497307	True
Replicate 2	rep2	21150000	2768	2412	12784.0	4.61849710983	True
Replicate 2	rep2	21200000	2751	2384	12719.0	4.62340966921	True
Replicate 2	rep2	21250000	2734	2375	12777.0	4.67337234821	True
Replicate 2	rep2	21300000	2717	2342	12488.0	4.5962458594	True
Replicate 2	rep2	21350000	2700	2362	12391.0	4.58925925926	True
Replicate 2	rep2	21400000	2683	2321	12241.0	4.56243011554	True
Replicate 2	rep2	21450000	2666	2320	12232.0	4.58814703676	True
Replicate 2	rep2	21500000	2649	2327	12292.0	4.6402416006	True
Replicate 2	rep2	21550000	2632	2277	12086.0	4.59194528875	True
Replicate 2	rep2	21600000	2615	2271	12031.0	4.60076481836	True
Replicate 2	rep2	21650000	2598	2245	11844.0	4.55889145497	True
Replicate 2	rep2	21700000	2581	2232	11927.0	4.6210771019	True
Replicate 2	rep2	21750000	2564	2227	11853.0	4.6228549142	True
Replicate 2	rep2	21800000	2547	2228	11688.0	4.58892815077	True
Replicate 2	rep2	21850000	2530	2210	11830.0	4.67588932806	True
Replicate 2	rep2	21900000	2513	2164	11608.0	4.61918026263	True
Replicate 2	rep2	21950000	2496	2172	11569.0	4.63501602564	True
Replicate 2	rep2	22000000	2479	2133	11520.0	4.6470350948	True
Replicate 2	rep2	22050000	2462	2154	11622.0	4.72055239643	True
Replicate 2	rep2	22100000	2445	2100	11615.0	4.75051124744	True
Replicate 2	rep2	22150000	2428	2099	11200.0	4.61285008237	True
Replicate 2	rep2	22200000	2411	2125	11262.0	4.67109083368	True
Replicate 2	rep2	22250000	2394	2086	11021.0	4.60359231412	True
Replicate 2	rep2	22300000	2377	2078	11006.0	4.6302061422	True
Replicate 2	rep2	22350000	2360	2041	11028.0	4.67288135593	True
Replicate 2	rep2	22400000	2343	2022	10881.0	4.64404609475	True
Replicate 2	rep2	22450000	2326	2009	10674.0	4.58899398108	True
Replicate 2	rep2	22500000	2309	2017	10803.0	4.6786487657	True
Replicate 2	rep2	22550000	2292	1966	10625.0	4.63568935428	True
Replicate 2	rep2	22600000	2275	1979	10577.0	4.64923076923	True
Replicate 2	rep2	22650000	2258	1954	10593.0	4.69131975199	True
Replicate 2	rep2	22700000	2241	1949	10477.0	4.67514502454	True
Replicate 2	rep2	22750000	2224	1932	10406.0	4.67895683453	True
Replicate 2	rep2	22800000	2207	1895	10410.0	4.71681014952	True
Replicate 2	rep2	22850000	2190	1907	10408.0	4.75251141553	True
Replicate 2	rep2	22900000	2173	1902	10310.0	4.74459272895	True
Replicate 2	rep2	22950000	2156	1860	10211.0	4.73608534323	True
Replicate 2	rep2	23000000	2139	1852	10008.0	4.67882187938	True
Replicate 2	rep2	23050000	2122	1867	10180.0	4.79736098021	True
Replicate 2	rep2	23100000	2105	1815	9992.0	4.74679334917	True
Replicate 2	rep2	23150000	2088	1808	9904.0	4.74329501916	True
Replicate 2	rep2	23200000	2071	1783	9778.0	4.72139063254	True
Replicate 2	rep2	23250000	2054	1784	9742.0	4.7429406037	True
Replicate 2	rep2	23300000	2037	1743	9524.0	4.67550319097	True
Replicate 2	rep2	23350000	2020	1759	9724.0	4.81386138614	True
Replicate 2	rep2	23400000	2003	1710	9412.0	4.69895157264	True
Replicate 2	rep2	23450000	1986	1707	9451.0	4.75881168177	True
Replicate 2	rep2	23500000	1969	1706	9522.0	4.83595733875	True
Replicate 2	rep2	23550000	1952	1698	9418.0	4.82479508197	True
Replicate 2	rep2	23600000	1935	1672	9253.0	4.7819121447	True
Replicate 2	rep2	23650000	1918	1671	9237.0	4.81595411887	True
Replicate 2	rep2	23700000	1901	1628	9262.0	4.87217254077	True
Replicate 2	rep2	23750000	1884	1656	9167.0	4.86571125265	True
Replicate 2	rep2	23800000	1867	1613	9002.0	4.82163899304	True
Replicate 2	rep2	23850000	1850	1606	8637.0	4.66864864865	True
Replicate 2	rep2	23900000	1833	1584	8587.0	4.68466993999	True
Replicate 2	rep2	23950000	1817	1564	8606.0	4.73637864612	True
Replicate 2	rep2	24000000	1801	1550	8250.0	4.58078845086	True
Replicate 2	rep2	24050000	1785	1541	8362.0	4.68459383754	True
Replicate 2	rep2	24100000	1769	1523	8396.0	4.74618428491	True
Replicate 2	rep2	24150000	1753	1505	8235.0	4.69766115231	True
Replicate 2	rep2	24200000	1737	1508	8379.0	4.82383419689	True
Replicate 2	rep2	24250000	1721	1478	8191.0	4.75944218478	True
Replicate 2	rep2	24300000	1705	1479	8320.0	4.87976539589	True
Replicate 2	rep2	24350000	1689	1461	8181.0	4.84369449378	True
Replicate 2	rep2	24400000	1673	1455	7972.0	4.76509264794	True
Replicate 2	rep2	24450000	1657	1463	7961.0	4.80446590223	True
Replicate 2	rep2	24500000	1641	1417	7501.0	4.57099329677	True
Replicate 2	rep2	24550000	1625	1405	7602.0	4.67815384615	True
Replicate 2	rep2	24600000	1610	1398	7471.0	4.64037267081	True
Replicate 2	rep2	24650000	1595	1394	7343.0	4.60376175549	True
Replicate 2	rep2	24700000	1580	1372	7451.0	4.71582278481	True
Replicate 2	rep2	24750000	1565	1346	7232.0	4.62108626198	True
Replicate 2	rep2	24800000	1550	1343	7296.0	4.70709677419	True
Replicate 2	rep2	24850000	1535	1328	7163.0	4.6664495114	True
Replicate 2	rep2	24900000	1520	1321	7121.0	4.68486842105	True
Replicate 2	rep2	24950000	1505	1309	7113.0	4.72624584718	True
Replicate 2	rep2	25000000	1490	1281	6991.0	4.69194630872	True
Replicate 2	rep2	25050000	1475	1297	6924.0	4.69423728814	True
Replicate 2	rep2	25100000	1460	1267	6957.0	4.76506849315	True
Replicate 2	rep2	25150000	1445	1256	6702.0	4.63806228374	True
Replicate 2	rep2	25200000	1430	1249	6707.0	4.69020979021	True
Replicate 2	rep2	25250000	1415	1241	6667.0	4.71166077739	True
Replicate 2	rep2	25300000	1400	1202	6383.0	4.55928571429	True
Replicate 2	rep2	25350000	1385	1201	6500.0	4.69314079422	True
Replicate 2	rep2	25400000	1370	1182	6478.0	4.72846715328	True
Replicate 2	rep2	25450000	1355	1193	6367.0	4.69889298893	True
Replicate 2	rep2	25500000	1340	1152	6344.0	4.73432835821	True
Replicate 2	rep2	25550000	1325	1137	6102.0	4.60528301887	True
Replicate 2	rep2	25600000	1310	1134	6170.0	4.70992366412	True
Replicate 2	rep2	25650000	1295	1131	6146.0	4.74594594595	True
Replicate 2	rep2	25700000	1280	1106	5909.0	4.61640625	True
Replicate 2	rep2	25750000	1266	1083	5931.0	4.68483412322	True
Replicate 2	rep2	25800000	1252	1095	5883.0	4.69888178914	True
Replicate 2	rep2	25850000	1238	1076	5990.0	4.83844911147	True
Replicate 2	rep2	25900000	1224	1077	5930.0	4.84477124183	True
Replicate 2	rep2	25950000	1210	1041	5896.0	4.87272727273	True
Replicate 2	rep2	26000000	1196	1037	5802.0	4.85117056856	True
Replicate 2	rep2	26050000	1182	1019	5844.0	4.94416243655	True
Replicate 2	rep2	26100000	1168	996	5676.0	4.8595890411	True
Replicate 2	rep2	26150000	1154	995	5665.0	4.90901213172	True
Replicate 2	rep2	26200000	1140	994	5727.0	5.02368421053	True
Replicate 2	rep2	26250000	1126	967	5624.0	4.9946714032	True
Replicate 2	rep2	26300000	1112	968	5281.0	4.74910071942	True
Replicate 2	rep2	26350000	1099	965	5217.0	4.74704276615	True
Replicate 2	rep2	26400000	1087	959	4996.0	4.59613615455	True
Replicate 2	rep2	26450000	1076	925	4740.0	4.40520446097	True
Replicate 2	rep2	26500000	1065	926	4680.0	4.39436619718	True
Replicate 2	rep2	26550000	1055	922	4663.0	4.41990521327	True
Replicate 2	rep2	26600000	1045	892	4539.0	4.34354066986	True
Replicate 2	rep2	26650000	1035	893	4547.0	4.39323671498	True
Replicate 2	rep2	26700000	1025	890	4610.0	4.49756097561	True
Replicate 2	rep2	26750000	1015	874	4420.0	4.35467980296	True
Replicate 2	rep2	26800000	1005	875	4488.0	4.46567164179	True
Replicate 2	rep2	26850000	995	876	4376.0	4.39798994975	True
Replicate 2	rep2	26900000	985	866	4345.0	4.41116751269	True
Replicate 2	rep2	26950000	975	849	4300.0	4.41025641026	True
Replicate 2	rep2	27000000	965	836	4249.0	4.40310880829	True
Replicate 2	rep2	27050000	955	826	4126.0	4.32041884817	True
Replicate 2	rep2	27100000	945	808	4148.0	4.38941798942	True
Replicate 2	rep2	27150000	935	810	4034.0	4.31443850267	True
Replicate 2	rep2	27200000	925	806	4043.0	4.37081081081	True
Replicate 2	rep2	27250000	915	780	3958.0	4.32568306011	True
Replicate 2	rep2	27300000	905	775	4009.0	4.42983425414	True
Replicate 2	rep2	27350000	895	765	4023.0	4.49497206704	True
Replicate 2	rep2	27400000	885	770	3915.0	4.42372881356	True
Replicate 2	rep2	27450000	875	765	3929.0	4.49028571429	True
Replicate 2	rep2	27500000	865	750	3760.0	4.34682080925	True
Replicate 2	rep2	27550000	855	723	3777.0	4.41754385965	True
Replicate 2	rep2	27600000	845	712	3772.0	4.46390532544	True
Replicate 2	rep2	27650000	835	713	3669.0	4.39401197605	True
Replicate 2	rep2	27700000	825	715	3661.0	4.43757575758	True
Replicate 2	rep2	27750000	815	707	3739.0	4.58773006135	True
Replicate 2	rep2	27800000	805	705	3623.0	4.50062111801	True
Replicate 2	rep2	27850000	795	688	3651.0	4.59245283019	True
Replicate 2	rep2	27900000	785	685	3617.0	4.6076433121	True
Replicate 2	rep2	27950000	775	678	3571.0	4.60774193548	True
Replicate 2	rep2	28000000	765	654	3600.0	4.70588235294	True
Replicate 2	rep2	28050000	755	640	3547.0	4.69801324503	True
Replicate 2	rep2	28100000	745	649	3525.0	4.73154362416	True
Replicate 2	rep2	28150000	735	639	3578.0	4.86802721088	True
Replicate 2	rep2	28200000	725	627	3476.0	4.79448275862	True
Replicate 2	rep2	28250000	715	619	3426.0	4.79160839161	True
Replicate 2	rep2	28300000	705	613	3434.0	4.87092198582	True
Replicate 2	rep2	28350000	695	597	3255.0	4.68345323741	True
Replicate 2	rep2	28400000	685	585	3063.0	4.47153284672	True
Replicate 2	rep2	28450000	675	577	3000.0	4.44444444444	True
Replicate 2	rep2	28500000	666	583	2958.0	4.44144144144	True
Replicate 2	rep2	28550000	658	561	2833.0	4.30547112462	True
Replicate 2	rep2	28600000	650	557	2779.0	4.27538461538	True
Replicate 2	rep2	28650000	642	558	2825.0	4.40031152648	True
Replicate 2	rep2	28700000	634	556	2711.0	4.27602523659	True
Replicate 2	rep2	28750000	626	534	2622.0	4.18849840256	True
Replicate 2	rep2	28800000	618	546	2663.0	4.30906148867	True
Replicate 2	rep2	28850000	610	529	2682.0	4.39672131148	True
Replicate 2	rep2	28900000	602	521	2541.0	4.22093023256	True
Replicate 2	rep2	28950000	594	520	2403.0	4.04545454545	True
Replicate 2	rep2	29000000	586	514	2423.0	4.13481228669	True
Replicate 2	rep2	29050000	579	497	2375.0	4.10189982729	True
Replicate 2	rep2	29100000	572	501	2295.0	4.01223776224	True
Replicate 2	rep2	29150000	565	500	2446.0	4.32920353982	True
Replicate 2	rep2	29200000	558	486	2390.0	4.28315412186	True
Replicate 2	rep2	29250000	552	475	2383.0	4.31702898551	True
Replicate 2	rep2	29300000	546	487	2429.0	4.44871794872	True
Replicate 2	rep2	29350000	540	478	2269.0	4.20185185185	True
Replicate 2	rep2	29400000	534	471	2301.0	4.30898876404	True
Replicate 2	rep2	29450000	528	473	2175.0	4.11931818182	True
Replicate 2	rep2	29500000	522	457	2051.0	3.92911877395	True
Replicate 2	rep2	29550000	517	459	2068.0	4.0	True
Replicate 2	rep2	29600000	512	459	2115.0	4.130859375	True
Replicate 2	rep2	29650000	507	453	2042.0	4.02761341223	True
Replicate 2	rep2	29700000	502	440	2033.0	4.04980079681	True
Replicate 2	rep2	29750000	497	443	1998.0	4.02012072435	False
Replicate 2	rep2	29800000	492	438	1952.0	3.9674796748	False
Replicate 2	rep2	29850000	487	438	1934.0	3.97125256674	False
Replicate 2	rep2	29900000	482	427	1854.0	3.84647302905	False
Replicate 2	rep2	29950000	477	429	1912.0	4.00838574423	False
Replicate 2	rep2	30000000	472	425	1910.0	4.04661016949	False
Replicate 2	rep2	30050000	467	421	1914.0	4.09850107066	False
Replicate 2	rep2	30100000	462	414	1816.0	3.93073593074	False
Replicate 2	rep2	30150000	457	410	1900.0	4.15754923414	False
Replicate 2	rep2	30200000	452	417	1865.0	4.12610619469	False
Replicate 2	rep2	30250000	447	408	1879.0	4.20357941834	False
Replicate 2	rep2	30300000	442	401	1814.0	4.10407239819	False
Replicate 2	rep2	30350000	437	395	1790.0	4.09610983982	False
Replicate 2	rep2	30400000	432	392	1783.0	4.12731481481	False
Replicate 2	rep2	30450000	427	396	1900.0	4.44964871194	False
Replicate 2	rep2	30500000	422	389	1897.0	4.49526066351	False
Replicate 2	rep2	30550000	417	380	1843.0	4.41966426859	False
Replicate 2	rep2	30600000	412	377	1799.0	4.36650485437	False
Replicate 2	rep2	30650000	407	367	1771.0	4.35135135135	False
Replicate 2	rep2	30700000	402	361	1656.0	4.11940298507	False
Replicate 2	rep2	30750000	397	359	1632.0	4.11083123426	False
Replicate 2	rep2	30800000	392	359	1706.0	4.35204081633	False
Replicate 2	rep2	30850000	387	350	1699.0	4.39018087855	False
Replicate 2	rep2	30900000	382	352	1586.0	4.15183246073	False
Replicate 2	rep2	30950000	377	339	1605.0	4.25729442971	False
Replicate 2	rep2	31000000	372	341	1590.0	4.27419354839	False
Replicate 2	rep2	31050000	367	333	1489.0	4.05722070845	False
Replicate 2	rep2	31100000	362	336	1467.0	4.05248618785	False
Replicate 2	rep2	31150000	357	330	1514.0	4.24089635854	False
Replicate 2	rep2	31200000	352	324	1512.0	4.29545454545	False
Replicate 2	rep2	31250000	347	317	1450.0	4.17867435159	False
Replicate 2	rep2	31300000	342	306	1435.0	4.19590643275	False
Replicate 2	rep2	31350000	337	313	1394.0	4.13649851632	False
Replicate 2	rep2	31400000	332	305	1391.0	4.18975903614	False
Replicate 2	rep2	31450000	327	301	1353.0	4.1376146789	False
Replicate 2	rep2	31500000	322	291	1371.0	4.25776397516	False
Replicate 2	rep2	31550000	317	290	1411.0	4.45110410095	False
Replicate 2	rep2	31600000	312	287	1348.0	4.32051282051	False
Replicate 2	rep2	31650000	307	283	1377.0	4.48534201954	False
Replicate 2	rep2	31700000	302	280	1306.0	4.32450331126	False
Replicate 2	rep2	31750000	298	280	1321.0	4.43288590604	False
Replicate 2	rep2	31800000	294	272	1272.0	4.32653061224	False
Replicate 2	rep2	31850000	290	271	1359.0	4.68620689655	False
Replicate 2	rep2	31900000	286	271	1409.0	4.92657342657	False
Replicate 2	rep2	31950000	282	261	1311.0	4.64893617021	False
Replicate 2	rep2	32000000	278	265	1268.0	4.56115107914	False
Replicate 2	rep2	32050000	274	264	1438.0	5.24817518248	False
Replicate 2	rep2	32100000	270	253	1331.0	4.92962962963	False
Replicate 2	rep2	32150000	266	250	1253.0	4.71052631579	False
Replicate 2	rep2	32200000	262	245	1303.0	4.97328244275	False
Replicate 2	rep2	32250000	258	245	1267.0	4.91085271318	False
Replicate 2	rep2	32300000	254	241	1254.0	4.93700787402	False
Replicate 2	rep2	32350000	250	230	1083.0	4.332	False
Replicate 2	rep2	32400000	246	238	1127.0	4.58130081301	False
Replicate 2	rep2	32450000	243	221	1108.0	4.55967078189	False
Replicate 2	rep2	32500000	240	226	1087.0	4.52916666667	False
Replicate 2	rep2	32550000	237	217	1029.0	4.3417721519	False
Replicate 2	rep2	32600000	234	218	1014.0	4.33333333333	False
Replicate 2	rep2	32650000	231	217	1015.0	4.39393939394	False
Replicate 2	rep2	32700000	228	213	1059.0	4.64473684211	False
Replicate 2	rep2	32750000	225	216	1015.0	4.51111111111	False
Replicate 2	rep2	32800000	222	211	1012.0	4.55855855856	False
Replicate 2	rep2	32850000	219	204	1008.0	4.60273972603	False
Replicate 2	rep2	32900000	216	203	977.0	4.52314814815	False
Replicate 2	rep2	32950000	213	198	1019.0	4.78403755869	False
Replicate 2	rep2	33000000	210	196	971.0	4.62380952381	False
Replicate 2	rep2	33050000	207	195	978.0	4.72463768116	False
Replicate 2	rep2	33100000	204	195	1020.0	5.0	False
Replicate 2	rep2	33150000	201	181	990.0	4.92537313433	False
Replicate 2	rep2	33200000	198	177	956.0	4.82828282828	False
Replicate 2	rep2	33250000	195	188	979.0	5.02051282051	False
Replicate 2	rep2	33300000	192	180	828.0	4.3125	False
Replicate 2	rep2	33350000	189	178	707.0	3.74074074074	False
Replicate 2	rep2	33400000	187	178	690.0	3.68983957219	False
Replicate 2	rep2	33450000	185	173	727.0	3.92972972973	False
Replicate 2	rep2	33500000	183	171	728.0	3.9781420765	False
Replicate 2	rep2	33550000	181	173	682.0	3.7679558011	False
Replicate 2	rep2	33600000	179	170	667.0	3.72625698324	False
Replicate 2	rep2	33650000	177	169	670.0	3.78531073446	False
Replicate 2	rep2	33700000	175	164	637.0	3.64	False
Replicate 2	rep2	33750000	173	166	672.0	3.88439306358	False
Replicate 2	rep2	33800000	171	165	655.0	3.83040935673	False
Replicate 2	rep2	33850000	169	162	659.0	3.89940828402	False
Replicate 2	rep2	33900000	167	161	658.0	3.94011976048	False
Replicate 2	rep2	33950000	165	161	636.0	3.85454545455	False
Replicate 2	rep2	34000000	163	155	637.0	3.90797546012	False
Replicate 2	rep2	34050000	161	153	666.0	4.13664596273	False
Replicate 2	rep2	34100000	159	153	645.0	4.05660377358	False
Replicate 2	rep2	34150000	157	152	676.0	4.30573248408	False
Replicate 2	rep2	34200000	155	146	591.0	3.81290322581	False
Replicate 2	rep2	34250000	153	147	622.0	4.06535947712	False
Replicate 2	rep2	34300000	151	142	598.0	3.96026490066	False
Replicate 2	rep2	34350000	149	142	625.0	4.19463087248	False
Replicate 2	rep2	34400000	147	139	646.0	4.39455782313	False
Replicate 2	rep2	34450000	145	134	529.0	3.64827586207	False
Replicate 2	rep2	34500000	143	137	604.0	4.22377622378	False
Replicate 2	rep2	34550000	141	132	575.0	4.0780141844	False
Replicate 2	rep2	34600000	139	133	540.0	3.88489208633	False
Replicate 2	rep2	34650000	137	134	542.0	3.95620437956	False
Replicate 2	rep2	34700000	135	129	545.0	4.03703703704	False
Replicate 2	rep2	34750000	133	132	548.0	4.12030075188	False
Replicate 2	rep2	34800000	131	128	537.0	4.09923664122	False
Replicate 2	rep2	34850000	129	125	554.0	4.29457364341	False
Replicate 2	rep2	34900000	127	125	560.0	4.4094488189	False
Replicate 2	rep2	34950000	125	123	555.0	4.44	False
Replicate 2	rep2	35000000	123	119	554.0	4.50406504065	False
Replicate 2	rep2	35050000	121	118	545.0	4.5041322314	False
Replicate 2	rep2	35100000	119	117	578.0	4.85714285714	False
Replicate 2	rep2	35150000	117	113	527.0	4.50427350427	False
Replicate 2	rep2	35200000	115	106	529.0	4.6	False
Replicate 2	rep2	35250000	113	111	515.0	4.55752212389	False
Replicate 2	rep2	35300000	111	103	545.0	4.90990990991	False
Replicate 2	rep2	35350000	109	106	496.0	4.5504587156	False
Replicate 2	rep2	35400000	107	105	510.0	4.76635514019	False
Replicate 2	rep2	35450000	105	100	494.0	4.70476190476	False
Replicate 2	rep2	35500000	103	102	423.0	4.1067961165	False
Replicate 2	rep2	35550000	102	97	445.0	4.36274509804	False
Replicate 2	rep2	35600000	101	97	424.0	4.19801980198	False
Replicate 2	rep2	35650000	100	97	394.0	3.94	False
Replicate 2	rep2	35700000	99	95	409.0	4.13131313131	False
Replicate 2	rep2	35750000	98	96	420.0	4.28571428571	False
Replicate 2	rep2	35800000	97	95	414.0	4.26804123711	False
Replicate 2	rep2	35850000	96	93	415.0	4.32291666667	False
Replicate 2	rep2	35900000	95	92	396.0	4.16842105263	False
Replicate 2	rep2	35950000	94	89	403.0	4.28723404255	False
Replicate 2	rep2	36000000	93	91	411.0	4.41935483871	False
Replicate 2	rep2	36050000	92	88	367.0	3.98913043478	False
Replicate 2	rep2	36100000	91	87	437.0	4.8021978022	False
Replicate 2	rep2	36150000	90	87	411.0	4.56666666667	False
Replicate 2	rep2	36200000	89	86	406.0	4.56179775281	False
Replicate 2	rep2	36250000	88	86	380.0	4.31818181818	False
Replicate 2	rep2	36300000	87	86	408.0	4.68965517241	False
Replicate 2	rep2	36350000	86	84	389.0	4.52325581395	False
Replicate 2	rep2	36400000	85	80	377.0	4.43529411765	False
Replicate 2	rep2	36450000	84	82	375.0	4.46428571429	False
Replicate 2	rep2	36500000	83	80	395.0	4.75903614458	False
Replicate 2	rep2	36550000	82	82	361.0	4.40243902439	False
Replicate 2	rep2	36600000	81	80	356.0	4.3950617284	False
Replicate 2	rep2	36650000	80	80	370.0	4.625	False
Replicate 2	rep2	36700000	79	79	368.0	4.6582278481	False
Replicate 2	rep2	36750000	78	77	354.0	4.53846153846	False
Replicate 2	rep2	36800000	77	74	368.0	4.77922077922	False
Replicate 2	rep2	36850000	76	75	371.0	4.88157894737	False
Replicate 2	rep2	36900000	75	74	364.0	4.85333333333	False
Replicate 2	rep2	36950000	74	74	349.0	4.71621621622	False
Replicate 2	rep2	37000000	73	73	360.0	4.93150684932	False
Replicate 2	rep2	37050000	72	69	334.0	4.63888888889	False
Replicate 2	rep2	37100000	71	70	347.0	4.88732394366	False
Replicate 2	rep2	37150000	70	67	336.0	4.8	False
Replicate 2	rep2	37200000	69	68	356.0	5.15942028986	False
Replicate 2	rep2	37250000	68	66	321.0	4.72058823529	False
Replicate 2	rep2	37300000	67	65	350.0	5.22388059701	False
Replicate 2	rep2	37350000	66	66	344.0	5.21212121212	False
Replicate 2	rep2	37400000	65	63	290.0	4.46153846154	False
Replicate 2	rep2	37450000	64	62	322.0	5.03125	False
Replicate 2	rep2	37500000	63	61	326.0	5.1746031746	False
Replicate 2	rep2	37550000	62	59	285.0	4.59677419355	False
Replicate 2	rep2	37600000	61	57	294.0	4.81967213115	False
Replicate 2	rep2	37650000	60	59	317.0	5.28333333333	False
Replicate 2	rep2	37700000	59	56	284.0	4.81355932203	False
Replicate 2	rep2	37750000	58	57	290.0	5.0	False
Replicate 2	rep2	37800000	57	54	266.0	4.66666666667	False
Replicate 2	rep2	37850000	56	53	245.0	4.375	False
Replicate 2	rep2	37900000	55	52	284.0	5.16363636364	False
Replicate 2	rep2	37950000	54	53	252.0	4.66666666667	False
Replicate 2	rep2	38000000	53	52	225.0	4.24528301887	False
Replicate 2	rep2	38050000	52	51	246.0	4.73076923077	False
Replicate 2	rep2	38100000	51	50	223.0	4.37254901961	False
Replicate 2	rep2	38150000	50	48	264.0	5.28	False
Replicate 2	rep2	38200000	49	49	224.0	4.57142857143	False
Replicate 2	rep2	38250000	48	45	205.0	4.27083333333	False
Replicate 2	rep2	38300000	47	47	212.0	4.51063829787	False
Replicate 2	rep2	38350000	46	45	232.0	5.04347826087	False
Replicate 2	rep2	38400000	45	42	224.0	4.97777777778	False
Replicate 2	rep2	38450000	44	43	232.0	5.27272727273	False
Replicate 2	rep2	38500000	43	43	194.0	4.51162790698	False
Replicate 2	rep2	38550000	42	39	194.0	4.61904761905	False
Replicate 2	rep2	38600000	41	40	205.0	5.0	False
Replicate 2	rep2	38650000	40	40	209.0	5.225	False
Replicate 2	rep2	38700000	39	39	241.0	6.17948717949	False
Replicate 2	rep2	38750000	38	38	197.0	5.18421052632	False
Replicate 2	rep2	38800000	37	37	232.0	6.27027027027	False
Replicate 2	rep2	38850000	36	34	197.0	5.47222222222	False
Replicate 2	rep2	38900000	35	34	191.0	5.45714285714	False
Replicate 2	rep2	38950000	34	34	198.0	5.82352941176	False
Replicate 2	rep2	39000000	33	33	182.0	5.51515151515	False
Replicate 2	rep2	39050000	32	32	169.0	5.28125	False
Replicate 2	rep2	39100000	31	31	187.0	6.03225806452	False
Replicate 2	rep2	39150000	30	30	170.0	5.66666666667	False
Replicate 2	rep2	39200000	29	27	162.0	5.58620689655	False
Replicate 2	rep2	39250000	28	28	167.0	5.96428571429	False
Replicate 2	rep2	39300000	27	24	139.0	5.14814814815	False
Replicate 2	rep2	39350000	26	25	150.0	5.76923076923	False
Replicate 2	rep2	39400000	25	25	165.0	6.6	False
Replicate 2	rep2	39450000	24	24	152.0	6.33333333333	False
Replicate 2	rep2	39500000	23	21	145.0	6.30434782609	False
Replicate 2	rep2	39550000	22	22	147.0	6.68181818182	False
Replicate 2	rep2	39600000	21	21	134.0	6.38095238095	False
Replicate 2	rep2	39650000	20	19	152.0	7.6	False
Replicate 2	rep2	39700000	19	19	162.0	8.52631578947	False
Replicate 2	rep2	39750000	18	16	132.0	7.33333333333	False
Replicate 2	rep2	39800000	17	17	145.0	8.52941176471	False
Replicate 2	rep2	39850000	16	16	142.0	8.875	False
Replicate 2	rep2	39900000	15	15	122.0	8.13333333333	False
Replicate 2	rep2	39950000	14	14	134.0	9.57142857143	False
Replicate 2	rep2	40000000	13	13	137.0	10.5384615385	False
Replicate 2	rep2	40050000	12	12	124.0	10.3333333333	False
Replicate 2	rep2	40100000	11	11	122.0	11.0909090909	False
Replicate 2	rep2	40150000	10	10	136.0	13.6	False
Replicate 2	rep2	40200000	9	9	141.0	15.6666666667	False
Replicate 2	rep2	40250000	8	8	139.0	17.375	False
Replicate 2	rep2	40300000	7	7	139.0	19.8571428571	False
Replicate 2	rep2	40350000	6	6	133.0	22.1666666667	False
Replicate 2	rep2	40400000	5	5	111.0	22.2	False
Replicate 2	rep2	40450000	4	4	142.0	35.5	False
Replicate 2	rep2	40500000	3	3	133.0	44.3333333333	False
Replicate 2	rep2	40550000	2	2	134.0	67.0	False
Replicate 2	rep2	40600000	1	1	42.0	42.0	False
Merged	merged	50000	9942	9918	21518349.0	2164.38835244	True
Merged	merged	100000	9925	9898	10649961.0	1073.04392947	True
Merged	merged	150000	9908	9884	7202147.0	726.902200242	True
Merged	merged	200000	9891	9862	5371536.0	543.073096755	True
Merged	merged	250000	9874	9849	4240801.0	429.491695362	True
Merged	merged	300000	9857	9831	3484083.0	353.462818302	True
Merged	merged	350000	9840	9816	2951507.0	299.949898374	True
Merged	merged	400000	9823	9799	2557110.0	260.318639927	True
Merged	merged	450000	9806	9783	2256122.0	230.075667958	True
Merged	merged	500000	9789	9765	2015550.0	205.899479007	True
Merged	merged	550000	9772	9744	1828116.0	187.076954564	True
Merged	merged	600000	9755	9724	1670867.0	171.283136853	True
Merged	merged	650000	9738	9709	1541648.0	158.312589854	True
Merged	merged	700000	9721	9694	1431282.0	147.236086822	True
Merged	merged	750000	9704	9675	1337689.0	137.849237428	True
Merged	merged	800000	9687	9655	1254984.0	129.553422112	True
Merged	merged	850000	9670	9639	1183643.0	122.403619442	True
Merged	merged	900000	9653	9620	1122977.0	116.334507407	True
Merged	merged	950000	9636	9608	1066212.0	110.648816936	True
Merged	merged	1000000	9619	9590	1016094.0	105.634057594	True
Merged	merged	1050000	9602	9574	972308.0	101.260987294	True
Merged	merged	1100000	9585	9559	934276.0	97.4727177882	True
Merged	merged	1150000	9568	9541	896428.0	93.6902173913	True
Merged	merged	1200000	9551	9527	865615.0	90.6308239975	True
Merged	merged	1250000	9534	9508	835250.0	87.6075099643	True
Merged	merged	1300000	9517	9486	806829.0	84.7776610276	True
Merged	merged	1350000	9500	9467	784070.0	82.5336842105	True
Merged	merged	1400000	9483	9454	762289.0	80.3847938416	True
Merged	merged	1450000	9466	9436	738023.0	77.9656665962	True
Merged	merged	1500000	9449	9418	717858.0	75.9718488729	True
Merged	merged	1550000	9432	9400	702252.0	74.4541984733	True
Merged	merged	1600000	9415	9388	683167.0	72.5615507169	True
Merged	merged	1650000	9398	9364	664368.0	70.6924877634	True
Merged	merged	1700000	9381	9351	648668.0	69.1469992538	True
Merged	merged	1750000	9364	9334	635511.0	67.8674711662	True
Merged	merged	1800000	9347	9315	621539.0	66.4960950037	True
Merged	merged	1850000	9330	9295	610945.0	65.4817792069	True
Merged	merged	1900000	9313	9282	597611.0	64.1695479437	True
Merged	merged	1950000	9296	9261	587510.0	63.2003012048	True
Merged	merged	2000000	9279	9243	575047.0	61.9729496713	True
Merged	merged	2050000	9262	9225	565617.0	61.0685597063	True
Merged	merged	2100000	9245	9209	555659.0	60.1037317469	True
Merged	merged	2150000	9228	9196	544738.0	59.0309926311	True
Merged	merged	2200000	9211	9172	535896.0	58.1800021713	True
Merged	merged	2250000	9194	9161	524508.0	57.0489449641	True
Merged	merged	2300000	9177	9143	516319.0	56.2622861502	True
Merged	merged	2350000	9160	9128	505900.0	55.2292576419	True
Merged	merged	2400000	9143	9106	498606.0	54.5341791535	True
Merged	merged	2450000	9126	9089	490977.0	53.7998027613	True
Merged	merged	2500000	9109	9073	483234.0	53.0501701614	True
Merged	merged	2550000	9092	9053	475179.0	52.2634183898	True
Merged	merged	2600000	9075	9042	468036.0	51.574214876	True
Merged	merged	2650000	9058	9019	461601.0	50.9605873261	True
Merged	merged	2700000	9041	9009	453205.0	50.1277513549	True
Merged	merged	2750000	9024	8981	445910.0	49.413785461	True
Merged	merged	2800000	9007	8968	439676.0	48.8149217275	True
Merged	merged	2850000	8990	8945	431761.0	48.026807564	True
Merged	merged	2900000	8973	8936	426544.0	47.5363869386	True
Merged	merged	2950000	8956	8915	421357.0	47.0474542206	True
Merged	merged	3000000	8939	8893	414718.0	46.3942275422	True
Merged	merged	3050000	8922	8887	409708.0	45.9210939251	True
Merged	merged	3100000	8905	8865	404504.0	45.4243683324	True
Merged	merged	3150000	8888	8843	397907.0	44.7690144014	True
Merged	merged	3200000	8871	8826	394445.0	44.4645474016	True
Merged	merged	3250000	8854	8811	389002.0	43.9351705444	True
Merged	merged	3300000	8837	8793	383263.0	43.3702614009	True
Merged	merged	3350000	8820	8767	378358.0	42.8977324263	True
Merged	merged	3400000	8803	8757	374016.0	42.4873338635	True
Merged	merged	3450000	8786	8743	368724.0	41.9672205782	True
Merged	merged	3500000	8769	8717	364317.0	41.5460143688	True
Merged	merged	3550000	8752	8700	358400.0	40.9506398537	True
Merged	merged	3600000	8735	8683	354823.0	40.6208357184	True
Merged	merged	3650000	8718	8658	349791.0	40.1228492774	True
Merged	merged	3700000	8701	8650	346247.0	39.793931732	True
Merged	merged	3750000	8684	8631	341341.0	39.3068862275	True
Merged	merged	3800000	8667	8606	337113.0	38.8961578401	True
Merged	merged	3850000	8650	8594	333575.0	38.563583815	True
Merged	merged	3900000	8633	8577	330958.0	38.3363836442	True
Merged	merged	3950000	8616	8573	325700.0	37.8017641597	True
Merged	merged	4000000	8599	8559	321133.0	37.3453889987	True
Merged	merged	4050000	8582	8524	318496.0	37.1120950827	True
Merged	merged	4100000	8565	8510	314055.0	36.6672504378	True
Merged	merged	4150000	8548	8501	310270.0	36.297379504	True
Merged	merged	4200000	8531	8472	306995.0	35.9858164342	True
Merged	merged	4250000	8514	8463	302444.0	35.5231383603	True
Merged	merged	4300000	8497	8441	300061.0	35.3137577969	True
Merged	merged	4350000	8480	8420	297064.0	35.0311320755	True
Merged	merged	4400000	8463	8405	291836.0	34.4837528063	True
Merged	merged	4450000	8446	8393	289969.0	34.3321098745	True
Merged	merged	4500000	8429	8372	285880.0	33.916241547	True
Merged	merged	4550000	8412	8359	283944.0	33.754636234	True
Merged	merged	4600000	8395	8332	280302.0	33.3891602144	True
Merged	merged	4650000	8378	8315	276519.0	33.0053712103	True
Merged	merged	4700000	8361	8297	273159.0	32.670613563	True
Merged	merged	4750000	8344	8281	269277.0	32.2719319271	True
Merged	merged	4800000	8327	8273	267680.0	32.1460309835	True
Merged	merged	4850000	8310	8255	264512.0	31.8305655836	True
Merged	merged	4900000	8293	8221	261052.0	31.4785964066	True
Merged	merged	4950000	8276	8215	258798.0	31.2709038183	True
Merged	merged	5000000	8259	8197	255868.0	30.9805061145	True
Merged	merged	5050000	8242	8182	253367.0	30.7409609318	True
Merged	merged	5100000	8225	8165	249851.0	30.3770212766	True
Merged	merged	5150000	8208	8142	247064.0	30.1003898635	True
Merged	merged	5200000	8191	8129	243874.0	29.7734098401	True
Merged	merged	5250000	8174	8111	241979.0	29.6034988989	True
Merged	merged	5300000	8157	8095	239369.0	29.3452249602	True
Merged	merged	5350000	8140	8072	235812.0	28.9695331695	True
Merged	merged	5400000	8123	8062	232458.0	28.6172596331	True
Merged	merged	5450000	8106	8044	230832.0	28.4766839378	True
Merged	merged	5500000	8089	8017	228280.0	28.2210409198	True
Merged	merged	5550000	8072	8006	225649.0	27.9545341923	True
Merged	merged	5600000	8055	7991	222107.0	27.57380509	True
Merged	merged	5650000	8038	7959	219547.0	27.3136352326	True
Merged	merged	5700000	8021	7948	216848.0	27.0350330383	True
Merged	merged	5750000	8004	7917	214377.0	26.7837331334	True
Merged	merged	5800000	7987	7912	212111.0	26.557030174	True
Merged	merged	5850000	7970	7896	209293.0	26.2601003764	True
Merged	merged	5900000	7953	7876	206665.0	25.9857915252	True
Merged	merged	5950000	7936	7869	205722.0	25.9226310484	True
Merged	merged	6000000	7919	7840	203900.0	25.7482005304	True
Merged	merged	6050000	7902	7830	201245.0	25.4676031384	True
Merged	merged	6100000	7885	7804	198580.0	25.184527584	True
Merged	merged	6150000	7868	7785	196172.0	24.93289273	True
Merged	merged	6200000	7851	7775	194158.0	24.7303528213	True
Merged	merged	6250000	7834	7749	192701.0	24.5980342099	True
Merged	merged	6300000	7817	7732	189207.0	24.2045541768	True
Merged	merged	6350000	7800	7712	186448.0	23.9035897436	True
Merged	merged	6400000	7783	7692	185036.0	23.7743800591	True
Merged	merged	6450000	7766	7674	182518.0	23.5021890291	True
Merged	merged	6500000	7749	7661	180012.0	23.2303523035	True
Merged	merged	6550000	7732	7646	177770.0	22.9914640455	True
Merged	merged	6600000	7715	7638	176441.0	22.8698639015	True
Merged	merged	6650000	7698	7592	173432.0	22.5294881787	True
Merged	merged	6700000	7681	7576	171852.0	22.3736492644	True
Merged	merged	6750000	7664	7581	169549.0	22.1227818372	True
Merged	merged	6800000	7647	7553	167167.0	21.8604681574	True
Merged	merged	6850000	7630	7535	165566.0	21.699344692	True
Merged	merged	6900000	7613	7520	163462.0	21.4714304479	True
Merged	merged	6950000	7596	7506	161478.0	21.2582938389	True
Merged	merged	7000000	7579	7493	160251.0	21.1440823328	True
Merged	merged	7050000	7562	7468	157690.0	20.8529489553	True
Merged	merged	7100000	7545	7436	155386.0	20.5945659377	True
Merged	merged	7150000	7528	7410	154211.0	20.484989373	True
Merged	merged	7200000	7511	7428	152606.0	20.3176674211	True
Merged	merged	7250000	7494	7385	150898.0	20.1358420069	True
Merged	merged	7300000	7477	7366	148903.0	19.9148054032	True
Merged	merged	7350000	7460	7338	147057.0	19.7127345845	True
Merged	merged	7400000	7443	7328	145247.0	19.5145774553	True
Merged	merged	7450000	7426	7316	143755.0	19.3583355777	True
Merged	merged	7500000	7409	7298	141599.0	19.1117559725	True
Merged	merged	7550000	7392	7273	140678.0	19.0311147186	True
Merged	merged	7600000	7375	7255	138489.0	18.7781694915	True
Merged	merged	7650000	7358	7239	137213.0	18.648138081	True
Merged	merged	7700000	7341	7226	136091.0	18.5384824956	True
Merged	merged	7750000	7324	7192	135389.0	18.4856635718	True
Merged	merged	7800000	7307	7189	133069.0	18.2111673738	True
Merged	merged	7850000	7290	7159	130440.0	17.8930041152	True
Merged	merged	7900000	7273	7150	129527.0	17.8092946515	True
Merged	merged	7950000	7256	7131	128380.0	17.6929437707	True
Merged	merged	8000000	7239	7104	126814.0	17.5181654925	True
Merged	merged	8050000	7222	7091	125754.0	17.4126280809	True
Merged	merged	8100000	7205	7066	123923.0	17.1995836225	True
Merged	merged	8150000	7188	7030	122981.0	17.1092097941	True
Merged	merged	8200000	7171	7024	121536.0	16.9482638405	True
Merged	merged	8250000	7154	6997	120104.0	16.7883701426	True
Merged	merged	8300000	7137	6987	119543.0	16.7497547989	True
Merged	merged	8350000	7120	6960	118248.0	16.6078651685	True
Merged	merged	8400000	7103	6947	117164.0	16.4950021118	True
Merged	merged	8450000	7086	6913	115134.0	16.2480948349	True
Merged	merged	8500000	7069	6916	114513.0	16.1993209789	True
Merged	merged	8550000	7052	6907	113738.0	16.1284741917	True
Merged	merged	8600000	7035	6882	112566.0	16.0008528785	True
Merged	merged	8650000	7018	6871	110291.0	15.715445996	True
Merged	merged	8700000	7001	6847	109738.0	15.6746179117	True
Merged	merged	8750000	6984	6810	109169.0	15.6313001145	True
Merged	merged	8800000	6967	6785	107031.0	15.3625663844	True
Merged	merged	8850000	6950	6779	106256.0	15.2886330935	True
Merged	merged	8900000	6933	6751	104473.0	15.0689456224	True
Merged	merged	8950000	6916	6753	103923.0	15.0264603817	True
Merged	merged	9000000	6899	6729	102190.0	14.8122916365	True
Merged	merged	9050000	6882	6719	101120.0	14.6934030805	True
Merged	merged	9100000	6865	6658	100083.0	14.5787327021	True
Merged	merged	9150000	6848	6649	99123.0	14.4747371495	True
Merged	merged	9200000	6831	6647	98326.0	14.3940857854	True
Merged	merged	9250000	6814	6639	96847.0	14.2129439389	True
Merged	merged	9300000	6797	6612	96375.0	14.1790495807	True
Merged	merged	9350000	6780	6587	95012.0	14.0135693215	True
Merged	merged	9400000	6763	6576	94403.0	13.9587461186	True
Merged	merged	9450000	6746	6545	93389.0	13.8436110288	True
Merged	merged	9500000	6729	6534	92117.0	13.6895526824	True
Merged	merged	9550000	6712	6517	91729.0	13.6664183552	True
Merged	merged	9600000	6695	6499	91035.0	13.5974607916	True
Merged	merged	9650000	6678	6481	90095.0	13.4913147649	True
Merged	merged	9700000	6661	6442	89102.0	13.3766701696	True
Merged	merged	9750000	6644	6439	88894.0	13.3795906081	True
Merged	merged	9800000	6627	6412	87759.0	13.2426437302	True
Merged	merged	9850000	6610	6416	86553.0	13.0942511346	True
Merged	merged	9900000	6593	6400	86492.0	13.1187623237	True
Merged	merged	9950000	6576	6368	85471.0	12.9974148418	True
Merged	merged	10000000	6559	6352	84597.0	12.8978502821	True
Merged	merged	10050000	6542	6339	84541.0	12.9228064812	True
Merged	merged	10100000	6525	6319	83860.0	12.8521072797	True
Merged	merged	10150000	6508	6294	82462.0	12.6708666257	True
Merged	merged	10200000	6491	6265	82062.0	12.6424279772	True
Merged	merged	10250000	6474	6270	80994.0	12.5106580167	True
Merged	merged	10300000	6457	6233	79816.0	12.3611584327	True
Merged	merged	10350000	6440	6227	79875.0	12.4029503106	True
Merged	merged	10400000	6423	6211	79105.0	12.3158959988	True
Merged	merged	10450000	6406	6190	77349.0	12.0744614424	True
Merged	merged	10500000	6389	6174	78079.0	12.2208483331	True
Merged	merged	10550000	6372	6135	76494.0	12.0047080979	True
Merged	merged	10600000	6355	6131	76362.0	12.0160503541	True
Merged	merged	10650000	6338	6118	75998.0	11.9908488482	True
Merged	merged	10700000	6321	6099	75035.0	11.8707482993	True
Merged	merged	10750000	6304	6075	74796.0	11.8648477157	True
Merged	merged	10800000	6287	6062	74020.0	11.7735008748	True
Merged	merged	10850000	6270	6044	73865.0	11.7807017544	True
Merged	merged	10900000	6253	6010	73371.0	11.7337278107	True
Merged	merged	10950000	6236	5989	72575.0	11.6380692752	True
Merged	merged	11000000	6219	5994	72152.0	11.6018652516	True
Merged	merged	11050000	6202	5960	71698.0	11.5604643663	True
Merged	merged	11100000	6185	5948	71237.0	11.5177041229	True
Merged	merged	11150000	6168	5920	70381.0	11.4106679637	True
Merged	merged	11200000	6151	5922	69676.0	11.3275890099	True
Merged	merged	11250000	6134	5899	69272.0	11.293120313	True
Merged	merged	11300000	6117	5884	68834.0	11.2529017492	True
Merged	merged	11350000	6100	5849	67628.0	11.086557377	True
Merged	merged	11400000	6083	5823	68033.0	11.1841196778	True
Merged	merged	11450000	6066	5818	67312.0	11.0966040224	True
Merged	merged	11500000	6049	5790	66599.0	11.0099189949	True
Merged	merged	11550000	6032	5789	66350.0	10.999668435	True
Merged	merged	11600000	6015	5743	65919.0	10.9591022444	True
Merged	merged	11650000	5998	5742	65394.0	10.9026342114	True
Merged	merged	11700000	5981	5726	64994.0	10.8667446915	True
Merged	merged	11750000	5964	5708	64617.0	10.8345070423	True
Merged	merged	11800000	5947	5712	63950.0	10.7533210022	True
Merged	merged	11850000	5930	5689	63156.0	10.6502529511	True
Merged	merged	11900000	5913	5666	63093.0	10.6702181634	True
Merged	merged	11950000	5896	5645	62755.0	10.6436567164	True
Merged	merged	12000000	5879	5645	62420.0	10.6174519476	True
Merged	merged	12050000	5862	5621	62041.0	10.5835892187	True
Merged	merged	12100000	5845	5587	61214.0	10.4728828058	True
Merged	merged	12150000	5828	5590	60806.0	10.4334248456	True
Merged	merged	12200000	5811	5563	60769.0	10.4575804509	True
Merged	merged	12250000	5794	5548	60388.0	10.4225060407	True
Merged	merged	12300000	5777	5520	59599.0	10.3166003116	True
Merged	merged	12350000	5760	5518	59534.0	10.3357638889	True
Merged	merged	12400000	5743	5500	58904.0	10.2566602821	True
Merged	merged	12450000	5726	5485	58980.0	10.3003842124	True
Merged	merged	12500000	5709	5450	58390.0	10.2277106323	True
Merged	merged	12550000	5692	5417	57899.0	10.1719957836	True
Merged	merged	12600000	5675	5411	57621.0	10.1534801762	True
Merged	merged	12650000	5658	5396	56821.0	10.0425945564	True
Merged	merged	12700000	5641	5377	56948.0	10.0953731608	True
Merged	merged	12750000	5624	5369	56372.0	10.0234708393	True
Merged	merged	12800000	5607	5323	55999.0	9.987337257	True
Merged	merged	12850000	5590	5330	56107.0	10.0370304114	True
Merged	merged	12900000	5573	5308	55277.0	9.91871523416	True
Merged	merged	12950000	5556	5303	55208.0	9.93664506839	True
Merged	merged	13000000	5539	5264	54933.0	9.91749413251	True
Merged	merged	13050000	5522	5249	54500.0	9.86961245925	True
Merged	merged	13100000	5505	5244	53899.0	9.79091734787	True
Merged	merged	13150000	5488	5224	53376.0	9.72594752187	True
Merged	merged	13200000	5471	5198	53378.0	9.7565344544	True
Merged	merged	13250000	5454	5167	52294.0	9.58819215255	True
Merged	merged	13300000	5437	5167	52243.0	9.60879161302	True
Merged	merged	13350000	5420	5146	51782.0	9.55387453875	True
Merged	merged	13400000	5403	5135	51955.0	9.61595409957	True
Merged	merged	13450000	5386	5113	51570.0	9.57482361678	True
Merged	merged	13500000	5369	5095	50832.0	9.46768485752	True
Merged	merged	13550000	5352	5101	50517.0	9.43890134529	True
Merged	merged	13600000	5335	5082	50187.0	9.40712277413	True
Merged	merged	13650000	5318	5069	50150.0	9.43023693118	True
Merged	merged	13700000	5301	5014	49405.0	9.31993963403	True
Merged	merged	13750000	5284	5010	49168.0	9.30507191522	True
Merged	merged	13800000	5267	4999	49004.0	9.30396810328	True
Merged	merged	13850000	5250	4992	49366.0	9.40304761905	True
Merged	merged	13900000	5233	4967	48674.0	9.30135677432	True
Merged	merged	13950000	5216	4964	48373.0	9.27396472393	True
Merged	merged	14000000	5199	4940	48313.0	9.2927486055	True
Merged	merged	14050000	5182	4929	47656.0	9.19644924739	True
Merged	merged	14100000	5165	4894	48004.0	9.29409486931	True
Merged	merged	14150000	5148	4879	47647.0	9.25543900544	True
Merged	merged	14200000	5131	4870	46974.0	9.1549405574	True
Merged	merged	14250000	5114	4853	47083.0	9.20668752444	True
Merged	merged	14300000	5097	4819	46781.0	9.17814400628	True
Merged	merged	14350000	5080	4820	46478.0	9.14921259843	True
Merged	merged	14400000	5063	4803	46154.0	9.1159391665	True
Merged	merged	14450000	5046	4799	46030.0	9.12207689259	True
Merged	merged	14500000	5029	4768	45837.0	9.11453569298	True
Merged	merged	14550000	5012	4754	45336.0	9.04549082203	True
Merged	merged	14600000	4995	4743	44894.0	8.98778778779	True
Merged	merged	14650000	4978	4705	44924.0	9.02450783447	True
Merged	merged	14700000	4961	4726	45025.0	9.07579117113	True
Merged	merged	14750000	4944	4681	44528.0	9.00647249191	True
Merged	merged	14800000	4927	4667	44729.0	9.07834381977	True
Merged	merged	14850000	4910	4692	44478.0	9.05865580448	True
Merged	merged	14900000	4893	4670	43730.0	8.93725730636	True
Merged	merged	14950000	4876	4636	43647.0	8.95139458573	True
Merged	merged	15000000	4859	4609	43318.0	8.91500308705	True
Merged	merged	15050000	4842	4594	43066.0	8.89425857084	True
Merged	merged	15100000	4825	4596	43046.0	8.9214507772	True
Merged	merged	15150000	4808	4590	42969.0	8.93698003328	True
Merged	merged	15200000	4791	4556	42538.0	8.87873095387	True
Merged	merged	15250000	4774	4551	42326.0	8.8659405111	True
Merged	merged	15300000	4757	4537	42191.0	8.86924532268	True
Merged	merged	15350000	4740	4503	42073.0	8.87616033755	True
Merged	merged	15400000	4723	4504	41819.0	8.85432987508	True
Merged	merged	15450000	4706	4490	41916.0	8.90692732682	True
Merged	merged	15500000	4689	4464	41394.0	8.82789507358	True
Merged	merged	15550000	4672	4452	41118.0	8.80094178082	True
Merged	merged	15600000	4655	4424	41145.0	8.83888292159	True
Merged	merged	15650000	4638	4421	40800.0	8.79689521345	True
Merged	merged	15700000	4621	4398	40477.0	8.75935944601	True
Merged	merged	15750000	4604	4381	40385.0	8.77172024327	True
Merged	merged	15800000	4587	4374	40245.0	8.77370830608	True
Merged	merged	15850000	4570	4348	40870.0	8.94310722101	True
Merged	merged	15900000	4553	4331	39943.0	8.77289699099	True
Merged	merged	15950000	4536	4320	39691.0	8.75022045855	True
Merged	merged	16000000	4519	4299	39464.0	8.73290551007	True
Merged	merged	16050000	4502	4316	39649.0	8.80697467792	True
Merged	merged	16100000	4485	4277	39420.0	8.78929765886	True
Merged	merged	16150000	4468	4249	39128.0	8.75738585497	True
Merged	merged	16200000	4451	4238	38816.0	8.72073691305	True
Merged	merged	16250000	4434	4256	39021.0	8.80040595399	True
Merged	merged	16300000	4417	4227	38839.0	8.79307222096	True
Merged	merged	16350000	4400	4203	38425.0	8.73295454545	True
Merged	merged	16400000	4383	4187	39047.0	8.9087383071	True
Merged	merged	16450000	4366	4164	38778.0	8.88181401741	True
Merged	merged	16500000	4349	4118	38438.0	8.83835364452	True
Merged	merged	16550000	4332	4120	38274.0	8.8351800554	True
Merged	merged	16600000	4315	4126	38196.0	8.85191193511	True
Merged	merged	16650000	4298	4117	38501.0	8.95788738948	True
Merged	merged	16700000	4281	4080	38012.0	8.87923382387	True
Merged	merged	16750000	4264	4052	38009.0	8.91393058161	True
Merged	merged	16800000	4247	4041	37682.0	8.87261596421	True
Merged	merged	16850000	4230	4037	37123.0	8.77612293144	True
Merged	merged	16900000	4213	4041	37142.0	8.81604557323	True
Merged	merged	16950000	4196	4004	37350.0	8.90133460439	True
Merged	merged	17000000	4179	3969	37067.0	8.86982531706	True
Merged	merged	17050000	4162	3955	36895.0	8.86472849592	True
Merged	merged	17100000	4145	3944	36515.0	8.80940892642	True
Merged	merged	17150000	4128	3939	36745.0	8.90140503876	True
Merged	merged	17200000	4111	3931	36651.0	8.91534906349	True
Merged	merged	17250000	4094	3915	36635.0	8.94846116268	True
Merged	merged	17300000	4077	3894	35895.0	8.804267844	True
Merged	merged	17350000	4060	3872	35827.0	8.82438423645	True
Merged	merged	17400000	4043	3864	35311.0	8.73386099431	True
Merged	merged	17450000	4026	3819	35516.0	8.8216592151	True
Merged	merged	17500000	4009	3797	35121.0	8.76053878773	True
Merged	merged	17550000	3992	3806	35223.0	8.82339679359	True
Merged	merged	17600000	3975	3777	34998.0	8.80452830189	True
Merged	merged	17650000	3958	3749	35177.0	8.88756947954	True
Merged	merged	17700000	3941	3735	34773.0	8.82339507739	True
Merged	merged	17750000	3924	3733	34296.0	8.74006116208	True
Merged	merged	17800000	3907	3701	34280.0	8.77399539288	True
Merged	merged	17850000	3890	3693	34382.0	8.83856041131	True
Merged	merged	17900000	3873	3663	34278.0	8.85050348567	True
Merged	merged	17950000	3856	3674	33892.0	8.78941908714	True
Merged	merged	18000000	3839	3673	33895.0	8.82912216723	True
Merged	merged	18050000	3822	3637	33714.0	8.82103610675	True
Merged	merged	18100000	3805	3623	33383.0	8.77345597898	True
Merged	merged	18150000	3788	3604	33223.0	8.77059134108	True
Merged	merged	18200000	3771	3577	33070.0	8.76955714665	True
Merged	merged	18250000	3754	3571	33554.0	8.93819925413	True
Merged	merged	18300000	3737	3542	32944.0	8.8156275087	True
Merged	merged	18350000	3720	3529	33085.0	8.8938172043	True
Merged	merged	18400000	3703	3532	32737.0	8.84066972725	True
Merged	merged	18450000	3686	3500	32486.0	8.8133478025	True
Merged	merged	18500000	3669	3504	32607.0	8.88716271464	True
Merged	merged	18550000	3652	3461	32200.0	8.81708652793	True
Merged	merged	18600000	3635	3453	32382.0	8.90839064649	True
Merged	merged	18650000	3618	3448	32580.0	9.00497512438	True
Merged	merged	18700000	3601	3410	31888.0	8.85531796723	True
Merged	merged	18750000	3584	3402	32141.0	8.96791294643	True
Merged	merged	18800000	3567	3364	31760.0	8.90384076255	True
Merged	merged	18850000	3550	3367	31474.0	8.86591549296	True
Merged	merged	18900000	3533	3350	31655.0	8.95980752901	True
Merged	merged	18950000	3516	3331	31357.0	8.91837315131	True
Merged	merged	19000000	3499	3302	31277.0	8.93883966848	True
Merged	merged	19050000	3482	3283	30981.0	8.89747271683	True
Merged	merged	19100000	3465	3293	30722.0	8.86637806638	True
Merged	merged	19150000	3448	3250	30171.0	8.7502900232	True
Merged	merged	19200000	3431	3240	30517.0	8.89449140192	True
Merged	merged	19250000	3414	3241	30255.0	8.86203866432	True
Merged	merged	19300000	3397	3199	30196.0	8.88901972329	True
Merged	merged	19350000	3380	3178	30142.0	8.91775147929	True
Merged	merged	19400000	3363	3167	30054.0	8.93666369313	True
Merged	merged	19450000	3346	3171	29771.0	8.89748953975	True
Merged	merged	19500000	3329	3138	29945.0	8.99519375188	True
Merged	merged	19550000	3312	3121	29398.0	8.87620772947	True
Merged	merged	19600000	3295	3115	29616.0	8.98816388467	True
Merged	merged	19650000	3278	3101	29488.0	8.99572910311	True
Merged	merged	19700000	3261	3074	29547.0	9.0607175713	True
Merged	merged	19750000	3244	3067	29185.0	8.99660912454	True
Merged	merged	19800000	3227	3053	29413.0	9.1146575767	True
Merged	merged	19850000	3210	3028	29220.0	9.10280373832	True
Merged	merged	19900000	3193	2991	29041.0	9.09520826809	True
Merged	merged	19950000	3176	2979	29080.0	9.15617128463	True
Merged	merged	20000000	3159	2971	28677.0	9.07787274454	True
Merged	merged	20050000	3142	2960	28508.0	9.0732017823	True
Merged	merged	20100000	3125	2945	28433.0	9.09856	True
Merged	merged	20150000	3108	2929	28374.0	9.12934362934	True
Merged	merged	20200000	3091	2906	27764.0	8.98220640569	True
Merged	merged	20250000	3074	2896	27629.0	8.98796356539	True
Merged	merged	20300000	3057	2867	27659.0	9.04775924109	True
Merged	merged	20350000	3040	2851	27567.0	9.06809210526	True
Merged	merged	20400000	3023	2834	27570.0	9.12007939133	True
Merged	merged	20450000	3006	2830	27265.0	9.07019294744	True
Merged	merged	20500000	2989	2804	27420.0	9.17363666778	True
Merged	merged	20550000	2972	2791	27138.0	9.13122476447	True
Merged	merged	20600000	2955	2775	26698.0	9.03485617597	True
Merged	merged	20650000	2938	2771	26627.0	9.06296800545	True
Merged	merged	20700000	2921	2738	26717.0	9.14652516262	True
Merged	merged	20750000	2904	2729	26883.0	9.25723140496	True
Merged	merged	20800000	2887	2719	26720.0	9.25528229997	True
Merged	merged	20850000	2870	2703	26242.0	9.14355400697	True
Merged	merged	20900000	2853	2679	26328.0	9.22818086225	True
Merged	merged	20950000	2836	2685	26275.0	9.26480959097	True
Merged	merged	21000000	2819	2649	26011.0	9.22703086201	True
Merged	merged	21050000	2802	2648	25702.0	9.1727337616	True
Merged	merged	21100000	2785	2620	25718.0	9.23447037702	True
Merged	merged	21150000	2768	2615	25747.0	9.30166184971	True
Merged	merged	21200000	2751	2589	25341.0	9.21155943293	True
Merged	merged	21250000	2734	2586	25294.0	9.25164594001	True
Merged	merged	21300000	2717	2556	25082.0	9.23150533677	True
Merged	merged	21350000	2700	2553	24926.0	9.23185185185	True
Merged	merged	21400000	2683	2516	24701.0	9.20648527767	True
Merged	merged	21450000	2666	2506	24523.0	9.19842460615	True
Merged	merged	21500000	2649	2491	24481.0	9.241600604	True
Merged	merged	21550000	2632	2503	24161.0	9.1797112462	True
Merged	merged	21600000	2615	2480	24277.0	9.28374760994	True
Merged	merged	21650000	2598	2458	23808.0	9.16397228637	True
Merged	merged	21700000	2581	2437	23890.0	9.25610228594	True
Merged	merged	21750000	2564	2422	23606.0	9.20670826833	True
Merged	merged	21800000	2547	2407	23460.0	9.21083627797	True
Merged	merged	21850000	2530	2392	23641.0	9.3442687747	True
Merged	merged	21900000	2513	2374	23134.0	9.20573020294	True
Merged	merged	21950000	2496	2354	23113.0	9.26001602564	True
Merged	merged	22000000	2479	2324	23225.0	9.36869705526	True
Merged	merged	22050000	2462	2318	23077.0	9.37327376117	True
Merged	merged	22100000	2445	2294	22900.0	9.36605316973	True
Merged	merged	22150000	2428	2293	22514.0	9.2726523888	True
Merged	merged	22200000	2411	2293	22631.0	9.3865615927	True
Merged	merged	22250000	2394	2258	22170.0	9.26065162907	True
Merged	merged	22300000	2377	2239	22025.0	9.26588136306	True
Merged	merged	22350000	2360	2218	22066.0	9.35	True
Merged	merged	22400000	2343	2193	21722.0	9.27102005975	True
Merged	merged	22450000	2326	2186	21510.0	9.24763542562	True
Merged	merged	22500000	2309	2180	21623.0	9.36466002599	True
Merged	merged	22550000	2292	2142	21333.0	9.30759162304	True
Merged	merged	22600000	2275	2143	21170.0	9.30549450549	True
Merged	merged	22650000	2258	2114	21011.0	9.30513728964	True
Merged	merged	22700000	2241	2115	20778.0	9.27175368139	True
Merged	merged	22750000	2224	2096	20777.0	9.34217625899	True
Merged	merged	22800000	2207	2079	20578.0	9.32396918894	True
Merged	merged	22850000	2190	2059	20556.0	9.38630136986	True
Merged	merged	22900000	2173	2050	20680.0	9.51679705476	True
Merged	merged	22950000	2156	2018	20371.0	9.44851576994	True
Merged	merged	23000000	2139	2014	19897.0	9.30201028518	True
Merged	merged	23050000	2122	1993	20168.0	9.50424128181	True
Merged	merged	23100000	2105	1978	19851.0	9.43040380048	True
Merged	merged	23150000	2088	1960	19647.0	9.40948275862	True
Merged	merged	23200000	2071	1948	19535.0	9.43264123612	True
Merged	merged	23250000	2054	1946	19391.0	9.4406037001	True
Merged	merged	23300000	2037	1920	19005.0	9.32989690722	True
Merged	merged	23350000	2020	1892	19263.0	9.53613861386	True
Merged	merged	23400000	2003	1870	18963.0	9.46729905142	True
Merged	merged	23450000	1986	1870	18725.0	9.42849949648	True
Merged	merged	23500000	1969	1853	18947.0	9.62265109192	True
Merged	merged	23550000	1952	1842	18564.0	9.51024590164	True
Merged	merged	23600000	1935	1809	18401.0	9.50956072351	True
Merged	merged	23650000	1918	1803	18041.0	9.40615224192	True
Merged	merged	23700000	1901	1785	18210.0	9.5791688585	True
Merged	merged	23750000	1884	1788	18186.0	9.65286624204	True
Merged	merged	23800000	1867	1751	17901.0	9.5881092662	True
Merged	merged	23850000	1850	1738	17256.0	9.32756756757	True
Merged	merged	23900000	1833	1733	17085.0	9.32078559738	True
Merged	merged	23950000	1817	1712	17040.0	9.37809576225	True
Merged	merged	24000000	1801	1697	16487.0	9.15435868962	True
Merged	merged	24050000	1785	1688	16613.0	9.30700280112	True
Merged	merged	24100000	1769	1668	16573.0	9.36856981345	True
Merged	merged	24150000	1753	1648	16312.0	9.30519110097	True
Merged	merged	24200000	1737	1648	16540.0	9.5221646517	True
Merged	merged	24250000	1721	1617	16250.0	9.44218477629	True
Merged	merged	24300000	1705	1603	16395.0	9.61583577713	True
Merged	merged	24350000	1689	1583	16174.0	9.57608052102	True
Merged	merged	24400000	1673	1586	16032.0	9.58278541542	True
Merged	merged	24450000	1657	1568	15641.0	9.43934821967	True
Merged	merged	24500000	1641	1537	14894.0	9.0761730652	True
Merged	merged	24550000	1625	1539	15083.0	9.28184615385	True
Merged	merged	24600000	1610	1519	14903.0	9.25652173913	True
Merged	merged	24650000	1595	1503	14654.0	9.18746081505	True
Merged	merged	24700000	1580	1490	14670.0	9.28481012658	True
Merged	merged	24750000	1565	1474	14423.0	9.21597444089	True
Merged	merged	24800000	1550	1460	14465.0	9.33225806452	True
Merged	merged	24850000	1535	1444	14347.0	9.34657980456	True
Merged	merged	24900000	1520	1438	14243.0	9.37039473684	True
Merged	merged	24950000	1505	1419	14019.0	9.31495016611	True
Merged	merged	25000000	1490	1400	13845.0	9.29194630872	True
Merged	merged	25050000	1475	1399	13815.0	9.36610169492	True
Merged	merged	25100000	1460	1374	13725.0	9.40068493151	True
Merged	merged	25150000	1445	1366	13257.0	9.17439446367	True
Merged	merged	25200000	1430	1352	13274.0	9.28251748252	True
Merged	merged	25250000	1415	1339	13247.0	9.36183745583	True
Merged	merged	25300000	1400	1327	12785.0	9.13214285714	True
Merged	merged	25350000	1385	1313	12839.0	9.27003610108	True
Merged	merged	25400000	1370	1292	12828.0	9.36350364964	True
Merged	merged	25450000	1355	1293	12499.0	9.22435424354	True
Merged	merged	25500000	1340	1276	12398.0	9.25223880597	True
Merged	merged	25550000	1325	1250	12337.0	9.31094339623	True
Merged	merged	25600000	1310	1236	12267.0	9.3641221374	True
Merged	merged	25650000	1295	1226	12049.0	9.30424710425	True
Merged	merged	25700000	1280	1207	11806.0	9.2234375	True
Merged	merged	25750000	1266	1202	11785.0	9.30884676145	True
Merged	merged	25800000	1252	1189	11768.0	9.39936102236	True
Merged	merged	25850000	1238	1168	11696.0	9.44749596123	True
Merged	merged	25900000	1224	1162	11735.0	9.58741830065	True
Merged	merged	25950000	1210	1142	11498.0	9.50247933884	True
Merged	merged	26000000	1196	1129	11417.0	9.54598662207	True
Merged	merged	26050000	1182	1114	11501.0	9.73011844332	True
Merged	merged	26100000	1168	1099	11118.0	9.51883561644	True
Merged	merged	26150000	1154	1094	11130.0	9.64471403813	True
Merged	merged	26200000	1140	1084	10988.0	9.63859649123	True
Merged	merged	26250000	1126	1058	10998.0	9.76731793961	True
Merged	merged	26300000	1112	1064	10405.0	9.35701438849	True
Merged	merged	26350000	1099	1042	10175.0	9.25841674249	True
Merged	merged	26400000	1087	1033	9754.0	8.97332106716	True
Merged	merged	26450000	1076	1015	9510.0	8.83828996283	True
Merged	merged	26500000	1065	1007	9313.0	8.74460093897	True
Merged	merged	26550000	1055	997	9161.0	8.68341232227	True
Merged	merged	26600000	1045	980	9176.0	8.78086124402	True
Merged	merged	26650000	1035	977	9089.0	8.78164251208	True
Merged	merged	26700000	1025	971	9199.0	8.97463414634	True
Merged	merged	26750000	1015	958	8940.0	8.8078817734	True
Merged	merged	26800000	1005	958	8820.0	8.77611940299	True
Merged	merged	26850000	995	940	8656.0	8.69949748744	True
Merged	merged	26900000	985	926	8605.0	8.73604060914	True
Merged	merged	26950000	975	917	8416.0	8.63179487179	True
Merged	merged	27000000	965	911	8389.0	8.6932642487	True
Merged	merged	27050000	955	903	8376.0	8.77068062827	True
Merged	merged	27100000	945	879	8252.0	8.73227513228	True
Merged	merged	27150000	935	886	8117.0	8.68128342246	True
Merged	merged	27200000	925	874	8084.0	8.73945945946	True
Merged	merged	27250000	915	856	7946.0	8.68415300546	True
Merged	merged	27300000	905	854	7903.0	8.73259668508	True
Merged	merged	27350000	895	845	7986.0	8.92290502793	True
Merged	merged	27400000	885	835	7808.0	8.82259887006	True
Merged	merged	27450000	875	825	7700.0	8.8	True
Merged	merged	27500000	865	816	7557.0	8.73641618497	True
Merged	merged	27550000	855	812	7535.0	8.81286549708	True
Merged	merged	27600000	845	790	7547.0	8.93136094675	True
Merged	merged	27650000	835	783	7365.0	8.82035928144	True
Merged	merged	27700000	825	771	7236.0	8.77090909091	True
Merged	merged	27750000	815	761	7270.0	8.92024539877	True
Merged	merged	27800000	805	758	7121.0	8.84596273292	True
Merged	merged	27850000	795	749	7207.0	9.06540880503	True
Merged	merged	27900000	785	732	7049.0	8.97961783439	True
Merged	merged	27950000	775	732	7074.0	9.12774193548	True
Merged	merged	28000000	765	714	7072.0	9.24444444444	True
Merged	merged	28050000	755	709	6900.0	9.13907284768	True
Merged	merged	28100000	745	705	6910.0	9.27516778523	True
Merged	merged	28150000	735	690	7030.0	9.56462585034	True
Merged	merged	28200000	725	675	6788.0	9.36275862069	True
Merged	merged	28250000	715	682	6764.0	9.46013986014	True
Merged	merged	28300000	705	658	6693.0	9.49361702128	True
Merged	merged	28350000	695	655	6412.0	9.22589928058	True
Merged	merged	28400000	685	640	6092.0	8.89343065693	True
Merged	merged	28450000	675	629	5979.0	8.85777777778	True
Merged	merged	28500000	666	620	5703.0	8.56306306306	True
Merged	merged	28550000	658	617	5560.0	8.44984802432	True
Merged	merged	28600000	650	607	5533.0	8.51230769231	True
Merged	merged	28650000	642	605	5559.0	8.65887850467	True
Merged	merged	28700000	634	595	5386.0	8.4952681388	True
Merged	merged	28750000	626	585	5384.0	8.60063897764	True
Merged	merged	28800000	618	582	5318.0	8.60517799353	True
Merged	merged	28850000	610	571	5217.0	8.55245901639	True
Merged	merged	28900000	602	566	5065.0	8.41362126246	True
Merged	merged	28950000	594	565	4831.0	8.132996633	True
Merged	merged	29000000	586	550	4772.0	8.1433447099	True
Merged	merged	29050000	579	542	4725.0	8.16062176166	True
Merged	merged	29100000	572	543	4674.0	8.17132867133	True
Merged	merged	29150000	565	535	4841.0	8.56814159292	True
Merged	merged	29200000	558	531	4664.0	8.35842293907	True
Merged	merged	29250000	552	519	4767.0	8.63586956522	True
Merged	merged	29300000	546	520	4766.0	8.72893772894	True
Merged	merged	29350000	540	513	4564.0	8.45185185185	True
Merged	merged	29400000	534	510	4543.0	8.5074906367	True
Merged	merged	29450000	528	503	4332.0	8.20454545455	True
Merged	merged	29500000	522	502	4129.0	7.90996168582	True
Merged	merged	29550000	517	496	4164.0	8.05415860735	True
Merged	merged	29600000	512	493	4143.0	8.091796875	True
Merged	merged	29650000	507	482	4103.0	8.09270216963	True
Merged	merged	29700000	502	478	4034.0	8.03585657371	True
Merged	merged	29750000	497	482	4006.0	8.06036217304	False
Merged	merged	29800000	492	473	3930.0	7.98780487805	False
Merged	merged	29850000	487	474	3888.0	7.98357289528	False
Merged	merged	29900000	482	462	3786.0	7.85477178423	False
Merged	merged	29950000	477	457	3769.0	7.90146750524	False
Merged	merged	30000000	472	452	3792.0	8.03389830508	False
Merged	merged	30050000	467	447	3820.0	8.17987152034	False
Merged	merged	30100000	462	443	3732.0	8.07792207792	False
Merged	merged	30150000	457	440	3723.0	8.1466083151	False
Merged	merged	30200000	452	437	3717.0	8.22345132743	False
Merged	merged	30250000	447	434	3703.0	8.2841163311	False
Merged	merged	30300000	442	427	3641.0	8.23755656109	False
Merged	merged	30350000	437	423	3675.0	8.40961098398	False
Merged	merged	30400000	432	417	3611.0	8.3587962963	False
Merged	merged	30450000	427	413	3715.0	8.70023419204	False
Merged	merged	30500000	422	411	3638.0	8.62085308057	False
Merged	merged	30550000	417	404	3621.0	8.68345323741	False
Merged	merged	30600000	412	399	3654.0	8.86893203883	False
Merged	merged	30650000	407	393	3578.0	8.79115479115	False
Merged	merged	30700000	402	387	3349.0	8.33084577114	False
Merged	merged	30750000	397	383	3271.0	8.23929471033	False
Merged	merged	30800000	392	380	3375.0	8.60969387755	False
Merged	merged	30850000	387	374	3368.0	8.70284237726	False
Merged	merged	30900000	382	370	3105.0	8.12827225131	False
Merged	merged	30950000	377	361	3195.0	8.47480106101	False
Merged	merged	31000000	372	358	3204.0	8.61290322581	False
Merged	merged	31050000	367	355	2995.0	8.16076294278	False
Merged	merged	31100000	362	351	2952.0	8.1546961326	False
Merged	merged	31150000	357	345	2950.0	8.26330532213	False
Merged	merged	31200000	352	341	3035.0	8.62215909091	False
Merged	merged	31250000	347	336	2931.0	8.44668587896	False
Merged	merged	31300000	342	328	2942.0	8.60233918129	False
Merged	merged	31350000	337	328	2847.0	8.44807121662	False
Merged	merged	31400000	332	326	2778.0	8.36746987952	False
Merged	merged	31450000	327	321	2741.0	8.38226299694	False
Merged	merged	31500000	322	317	2730.0	8.47826086957	False
Merged	merged	31550000	317	311	2793.0	8.81072555205	False
Merged	merged	31600000	312	307	2732.0	8.75641025641	False
Merged	merged	31650000	307	306	2788.0	9.08143322476	False
Merged	merged	31700000	302	300	2596.0	8.59602649007	False
Merged	merged	31750000	298	296	2618.0	8.78523489933	False
Merged	merged	31800000	294	292	2535.0	8.62244897959	False
Merged	merged	31850000	290	287	2728.0	9.40689655172	False
Merged	merged	31900000	286	284	2752.0	9.62237762238	False
Merged	merged	31950000	282	281	2619.0	9.28723404255	False
Merged	merged	32000000	278	278	2531.0	9.10431654676	False
Merged	merged	32050000	274	273	2758.0	10.0656934307	False
Merged	merged	32100000	270	269	2652.0	9.82222222222	False
Merged	merged	32150000	266	265	2525.0	9.49248120301	False
Merged	merged	32200000	262	261	2510.0	9.58015267176	False
Merged	merged	32250000	258	257	2444.0	9.47286821705	False
Merged	merged	32300000	254	252	2468.0	9.71653543307	False
Merged	merged	32350000	250	248	2170.0	8.68	False
Merged	merged	32400000	246	244	2163.0	8.79268292683	False
Merged	merged	32450000	243	241	2245.0	9.23868312757	False
Merged	merged	32500000	240	240	2163.0	9.0125	False
Merged	merged	32550000	237	232	2014.0	8.49789029536	False
Merged	merged	32600000	234	234	2060.0	8.80341880342	False
Merged	merged	32650000	231	230	2047.0	8.86147186147	False
Merged	merged	32700000	228	225	2056.0	9.01754385965	False
Merged	merged	32750000	225	222	1981.0	8.80444444444	False
Merged	merged	32800000	222	222	1985.0	8.94144144144	False
Merged	merged	32850000	219	215	1999.0	9.12785388128	False
Merged	merged	32900000	216	216	2004.0	9.27777777778	False
Merged	merged	32950000	213	211	1928.0	9.05164319249	False
Merged	merged	33000000	210	209	1948.0	9.27619047619	False
Merged	merged	33050000	207	206	1929.0	9.31884057971	False
Merged	merged	33100000	204	203	1957.0	9.5931372549	False
Merged	merged	33150000	201	196	1974.0	9.82089552239	False
Merged	merged	33200000	198	195	1890.0	9.54545454545	False
Merged	merged	33250000	195	195	1881.0	9.64615384615	False
Merged	merged	33300000	192	191	1674.0	8.71875	False
Merged	merged	33350000	189	188	1403.0	7.42328042328	False
Merged	merged	33400000	187	186	1427.0	7.63101604278	False
Merged	merged	33450000	185	183	1394.0	7.53513513514	False
Merged	merged	33500000	183	181	1402.0	7.66120218579	False
Merged	merged	33550000	181	179	1379.0	7.61878453039	False
Merged	merged	33600000	179	179	1399.0	7.8156424581	False
Merged	merged	33650000	177	176	1360.0	7.68361581921	False
Merged	merged	33700000	175	174	1265.0	7.22857142857	False
Merged	merged	33750000	173	172	1347.0	7.78612716763	False
Merged	merged	33800000	171	171	1344.0	7.85964912281	False
Merged	merged	33850000	169	168	1343.0	7.94674556213	False
Merged	merged	33900000	167	167	1320.0	7.90419161677	False
Merged	merged	33950000	165	163	1295.0	7.84848484848	False
Merged	merged	34000000	163	163	1259.0	7.72392638037	False
Merged	merged	34050000	161	160	1245.0	7.73291925466	False
Merged	merged	34100000	159	158	1258.0	7.91194968553	False
Merged	merged	34150000	157	157	1279.0	8.14649681529	False
Merged	merged	34200000	155	155	1189.0	7.67096774194	False
Merged	merged	34250000	153	153	1252.0	8.18300653595	False
Merged	merged	34300000	151	148	1218.0	8.06622516556	False
Merged	merged	34350000	149	149	1218.0	8.1744966443	False
Merged	merged	34400000	147	144	1246.0	8.47619047619	False
Merged	merged	34450000	145	144	1117.0	7.70344827586	False
Merged	merged	34500000	143	143	1175.0	8.21678321678	False
Merged	merged	34550000	141	140	1171.0	8.30496453901	False
Merged	merged	34600000	139	139	1084.0	7.79856115108	False
Merged	merged	34650000	137	137	1140.0	8.32116788321	False
Merged	merged	34700000	135	134	1111.0	8.22962962963	False
Merged	merged	34750000	133	133	1103.0	8.29323308271	False
Merged	merged	34800000	131	131	1116.0	8.51908396947	False
Merged	merged	34850000	129	129	1131.0	8.76744186047	False
Merged	merged	34900000	127	127	1066.0	8.3937007874	False
Merged	merged	34950000	125	125	1124.0	8.992	False
Merged	merged	35000000	123	123	1097.0	8.91869918699	False
Merged	merged	35050000	121	121	1114.0	9.20661157025	False
Merged	merged	35100000	119	119	1132.0	9.51260504202	False
Merged	merged	35150000	117	116	1056.0	9.02564102564	False
Merged	merged	35200000	115	115	1063.0	9.24347826087	False
Merged	merged	35250000	113	113	1054.0	9.32743362832	False
Merged	merged	35300000	111	111	1075.0	9.68468468468	False
Merged	merged	35350000	109	109	979.0	8.98165137615	False
Merged	merged	35400000	107	107	978.0	9.14018691589	False
Merged	merged	35450000	105	105	940.0	8.95238095238	False
Merged	merged	35500000	103	103	858.0	8.33009708738	False
Merged	merged	35550000	102	102	872.0	8.54901960784	False
Merged	merged	35600000	101	101	863.0	8.54455445545	False
Merged	merged	35650000	100	99	785.0	7.85	False
Merged	merged	35700000	99	97	828.0	8.36363636364	False
Merged	merged	35750000	98	98	824.0	8.40816326531	False
Merged	merged	35800000	97	96	828.0	8.53608247423	False
Merged	merged	35850000	96	96	827.0	8.61458333333	False
Merged	merged	35900000	95	95	793.0	8.34736842105	False
Merged	merged	35950000	94	93	824.0	8.76595744681	False
Merged	merged	36000000	93	93	819.0	8.8064516129	False
Merged	merged	36050000	92	92	748.0	8.13043478261	False
Merged	merged	36100000	91	90	827.0	9.08791208791	False
Merged	merged	36150000	90	90	769.0	8.54444444444	False
Merged	merged	36200000	89	89	778.0	8.74157303371	False
Merged	merged	36250000	88	88	770.0	8.75	False
Merged	merged	36300000	87	86	807.0	9.27586206897	False
Merged	merged	36350000	86	86	780.0	9.06976744186	False
Merged	merged	36400000	85	85	794.0	9.34117647059	False
Merged	merged	36450000	84	83	801.0	9.53571428571	False
Merged	merged	36500000	83	83	753.0	9.07228915663	False
Merged	merged	36550000	82	82	747.0	9.10975609756	False
Merged	merged	36600000	81	81	749.0	9.24691358025	False
Merged	merged	36650000	80	80	767.0	9.5875	False
Merged	merged	36700000	79	79	736.0	9.3164556962	False
Merged	merged	36750000	78	78	709.0	9.08974358974	False
Merged	merged	36800000	77	77	679.0	8.81818181818	False
Merged	merged	36850000	76	76	737.0	9.69736842105	False
Merged	merged	36900000	75	75	712.0	9.49333333333	False
Merged	merged	36950000	74	74	714.0	9.64864864865	False
Merged	merged	37000000	73	73	695.0	9.52054794521	False
Merged	merged	37050000	72	72	656.0	9.11111111111	False
Merged	merged	37100000	71	71	676.0	9.52112676056	False
Merged	merged	37150000	70	70	682.0	9.74285714286	False
Merged	merged	37200000	69	69	690.0	10.0	False
Merged	merged	37250000	68	68	630.0	9.26470588235	False
Merged	merged	37300000	67	67	634.0	9.46268656716	False
Merged	merged	37350000	66	66	638.0	9.66666666667	False
Merged	merged	37400000	65	65	597.0	9.18461538462	False
Merged	merged	37450000	64	64	611.0	9.546875	False
Merged	merged	37500000	63	63	609.0	9.66666666667	False
Merged	merged	37550000	62	62	577.0	9.3064516129	False
Merged	merged	37600000	61	60	581.0	9.52459016393	False
Merged	merged	37650000	60	60	614.0	10.2333333333	False
Merged	merged	37700000	59	59	545.0	9.23728813559	False
Merged	merged	37750000	58	58	559.0	9.63793103448	False
Merged	merged	37800000	57	57	541.0	9.49122807018	False
Merged	merged	37850000	56	56	514.0	9.17857142857	False
Merged	merged	37900000	55	54	511.0	9.29090909091	False
Merged	merged	37950000	54	54	486.0	9.0	False
Merged	merged	38000000	53	53	471.0	8.88679245283	False
Merged	merged	38050000	52	52	468.0	9.0	False
Merged	merged	38100000	51	51	458.0	8.98039215686	False
Merged	merged	38150000	50	50	495.0	9.9	False
Merged	merged	38200000	49	49	452.0	9.22448979592	False
Merged	merged	38250000	48	48	445.0	9.27083333333	False
Merged	merged	38300000	47	47	429.0	9.12765957447	False
Merged	merged	38350000	46	46	454.0	9.86956521739	False
Merged	merged	38400000	45	45	441.0	9.8	False
Merged	merged	38450000	44	44	445.0	10.1136363636	False
Merged	merged	38500000	43	43	408.0	9.48837209302	False
Merged	merged	38550000	42	41	426.0	10.1428571429	False
Merged	merged	38600000	41	40	392.0	9.56097560976	False
Merged	merged	38650000	40	40	382.0	9.55	False
Merged	merged	38700000	39	39	448.0	11.4871794872	False
Merged	merged	38750000	38	38	419.0	11.0263157895	False
Merged	merged	38800000	37	37	430.0	11.6216216216	False
Merged	merged	38850000	36	36	393.0	10.9166666667	False
Merged	merged	38900000	35	35	394.0	11.2571428571	False
Merged	merged	38950000	34	34	385.0	11.3235294118	False
Merged	merged	39000000	33	33	377.0	11.4242424242	False
Merged	merged	39050000	32	32	317.0	9.90625	False
Merged	merged	39100000	31	31	349.0	11.2580645161	False
Merged	merged	39150000	30	30	322.0	10.7333333333	False
Merged	merged	39200000	29	29	321.0	11.0689655172	False
Merged	merged	39250000	28	28	327.0	11.6785714286	False
Merged	merged	39300000	27	26	289.0	10.7037037037	False
Merged	merged	39350000	26	26	295.0	11.3461538462	False
Merged	merged	39400000	25	25	321.0	12.84	False
Merged	merged	39450000	24	24	279.0	11.625	False
Merged	merged	39500000	23	23	282.0	12.2608695652	False
Merged	merged	39550000	22	22	274.0	12.4545454545	False
Merged	merged	39600000	21	21	266.0	12.6666666667	False
Merged	merged	39650000	20	20	310.0	15.5	False
Merged	merged	39700000	19	19	288.0	15.1578947368	False
Merged	merged	39750000	18	18	262.0	14.5555555556	False
Merged	merged	39800000	17	17	270.0	15.8823529412	False
Merged	merged	39850000	16	16	264.0	16.5	False
Merged	merged	39900000	15	15	240.0	16.0	False
Merged	merged	39950000	14	14	253.0	18.0714285714	False
Merged	merged	40000000	13	13	250.0	19.2307692308	False
Merged	merged	40050000	12	12	211.0	17.5833333333	False
Merged	merged	40100000	11	11	238.0	21.6363636364	False
Merged	merged	40150000	10	10	256.0	25.6	False
Merged	merged	40200000	9	9	270.0	30.0	False
Merged	merged	40250000	8	8	255.0	31.875	False
Merged	merged	40300000	7	7	269.0	38.4285714286	False
Merged	merged	40350000	6	6	234.0	39.0	False
Merged	merged	40400000	5	5	226.0	45.2	False
Merged	merged	40450000	4	4	248.0	62.0	False
Merged	merged	40500000	3	3	225.0	75.0	False
Merged	merged	40550000	2	2	218.0	109.0	False
Merged	merged	40600000	1	1	81.0	81.0	False
