duplication_type	trajectory	role	tau
TD	Con	P	0.4254065097507523
TD	Con	P	0.6547138402814111
TD	Con	P	0.6290536889270923
TD	Con	P	0.4991639052787804
TD	Con	P	0.4964730276369386
TD	Con	P	0.4046895673291575
TD	Con	P	0.5329351580709265
TD	Con	P	0.7133984703804446
TD	Con	P	0.323327295620187
TD	Con	P	0.7085780468586556
TD	Con	P	0.3012361297064994
TD	Con	P	0.7208128201562314
TD	Con	P	0.5909978696758308
TD	Con	P	0.3449766008744356
TD	Con	P	0.628310667428541
TD	Con	P	1.0
TD	Con	P	0.3180128077484346
TD	Con	P	0.3144893120586886
TD	Con	P	0.3860574812869609
TD	Con	P	0.364685887106686
TD	Con	P	0.374331552420255
TD	Con	P	0.8402886391666848
TD	Con	P	0.9959124446233368
TD	Con	P	0.3005058408623858
TD	Con	P	0.3771320327658706
TD	Con	P	0.5134291563796088
TD	Con	P	0.311674221498789
TD	Con	P	0.4861576528800445
TD	Con	P	0.3493172442299533
TD	Con	P	0.4139142875547878
TD	Con	P	0.5149199894313365
TD	Con	P	0.4017490135541243
TD	Con	P	0.1769540554933625
TD	Con	P	0.5859780659456165
TD	Con	P	0.5579253737504147
TD	Con	P	0.4772653569264352
TD	Con	P	0.5051780876159846
TD	Con	P	0.2313284982884799
TD	Con	P	0.5133128907647564
TD	Con	P	0.6877795578054153
TD	Con	P	0.5359276142879777
TD	Con	P	0.3835926867480614
TD	Con	P	0.9779174204298242
TD	Con	P	0.4084622637683057
TD	Con	P	0.3233667589036408
TD	Con	P	0.4622625617856696
TD	Con	P	0.3177074982565346
TD	Con	P	0.454670408232864
TD	Con	P	0.4628409748155911
TD	Con	P	0.5618782049173747
TD	Con	P	0.1770044876236768
TD	Con	P	0.4684172866022338
TD	Con	P	0.3709365384096326
TD	Con	P	0.7208619714222883
TD	Con	P	0.2661598682689076
TD	Con	P	0.6427784840084572
TD	Con	P	0.8332515786307868
TD	Con	P	1.0
TD	Con	P	0.3442792776079257
TD	Con	P	0.7733934509313579
TD	Con	P	0.3995636168188817
TD	Con	P	0.1780213317601146
TD	Con	P	0.5285837517360148
TD	Con	P	0.4989204567069107
TD	Con	P	0.2795697002467311
TD	Con	P	0.1836738922249458
TD	Con	P	0.3165619431281059
TD	Con	P	0.4694948192735272
TD	Con	P	0.182437170955767
TD	Con	P	0.52134947558235
TD	Con	P	0.5126284235852083
TD	Con	P	0.501017740551178
TD	Con	P	0.3849758282478859
TD	Con	P	0.4257838943684272
TD	Con	P	0.3335977612493896
TD	Con	P	0.4089574580072518
TD	Con	P	0.535809729553853
TD	Con	P	0.5142742186662695
TD	Con	P	0.3101142806453385
TD	Con	P	0.7168719787161316
TD	Con	P	0.4775520147412496
TD	Con	P	0.4796710742408158
TD	Con	P	1.0
TD	Con	P	0.70261357157465
TD	Con	P	0.5218702988011834
TD	Con	P	0.4002098215811369
TD	Con	C	0.646061390939151
TD	Con	C	0.5510368040577733
TD	Con	C	0.4989308072990177
TD	Con	C	0.5051389108234525
TD	Con	C	0.4472606748988746
TD	Con	C	0.6852744224360655
TD	Con	C	0.6061103825674151
TD	Con	C	0.6135071128901616
TD	Con	C	0.565703473182268
TD	Con	C	0.843105175303287
TD	Con	C	0.4432080389700846
TD	Con	C	0.5363320353072355
TD	Con	C	0.4679690821433636
TD	Con	C	0.3596735274694178
TD	Con	C	0.1443089089768771
TD	Con	C	0.9949255738779892
TD	Con	C	0.7435552337328322
TD	Con	C	0.4092966571834356
TD	Con	C	0.4431674657231223
TD	Con	C	0.3177811944730672
TD	Con	C	0.5508412452766969
TD	Con	C	0.5119927471892295
TD	Con	C	1.0
TD	Con	C	0.2762349492169121
TD	Con	C	0.3772626478409796
TD	Con	C	0.3999094119943083
TD	Con	C	0.4378748987361679
TD	Con	C	0.4091618572896722
TD	Con	C	0.600837635202254
TD	Con	C	0.7903135048645036
TD	Con	C	0.5902485782395301
TD	Con	C	0.4371694332434505
TD	Con	C	0.4848063097081807
TD	Con	C	0.2701342016869577
TD	Con	C	0.497422086784797
TD	Con	C	0.2049309379483552
TD	Con	C	0.7302554838877727
TD	Con	C	0.4257662826082102
TD	Con	C	0.4933732181600209
TD	Con	C	0.4356657009204204
TD	Con	C	0.2316565181223088
TD	Con	C	0.4814444708200558
TD	Con	C	1.0
TD	Con	C	0.3926126900671671
TD	Con	C	0.2798030469967151
TD	Con	C	0.5073873155859492
TD	Con	C	0.3655464330318977
TD	Con	C	0.3572781308132854
TD	Con	C	0.4274471140129955
TD	Con	C	0.5908394632606007
TD	Con	C	0.4197489274401352
TD	Con	C	0.2979099325759223
TD	Con	C	0.505109416135771
TD	Con	C	0.7407293743840666
TD	Con	C	0.15794839884968
TD	Con	C	0.4204073326564814
TD	Con	C	0.704348710496781
TD	Con	C	1.0
TD	Con	C	0.6058206319061595
TD	Con	C	0.6075956186171713
TD	Con	C	0.4113815179283757
TD	Con	C	0.1799003830585325
TD	Con	C	0.3802204638437295
TD	Con	C	0.7096717628540448
TD	Con	C	0.477184356573311
TD	Con	C	0.2927890425925377
TD	Con	C	0.2138422024515645
TD	Con	C	0.3183812555857295
TD	Con	C	0.2202092645841565
TD	Con	C	0.4958218490564151
TD	Con	C	0.481202036266571
TD	Con	C	0.6688419132281676
TD	Con	C	0.2092129504237145
TD	Con	C	0.4270602829743212
TD	Con	C	0.6189010189028465
TD	Con	C	0.5231961244721457
TD	Con	C	0.1493860167837777
TD	Con	C	0.2895540051594467
TD	Con	C	0.5179559081014411
TD	Con	C	0.4098644931488714
TD	Con	C	0.3124567093091716
TD	Con	C	0.4005039231288915
TD	Con	C	0.99785354835527
TD	Con	C	0.4761575042396536
TD	Con	C	0.4050625714118812
TD	Con	C	0.6281639842732948
TD	Con	A	0.6184477827644164
TD	Con	A	0.4470865513626834
TD	Con	A	0.48718978229486
TD	Con	A	0.7109811554187225
TD	Con	A	0.5249404322633857
TD	Con	A	0.4740731864934354
TD	Con	A	0.6989951908948633
TD	Con	A	0.4821897964563687
TD	Con	A	0.2841679582820868
TD	Con	A	0.5067435554566423
TD	Con	A	0.4123541298209078
TD	Con	A	0.4499594197640839
TD	Con	A	0.5718853533118504
TD	Con	A	0.4091957321000444
TD	Con	A	0.4452702002652465
TD	Con	A	0.998510531670428
TD	Con	A	0.4261847739942858
TD	Con	A	0.6937360273941986
TD	Con	A	0.4349095107893939
TD	Con	A	0.7434840329663418
TD	Con	A	0.291063463751971
TD	Con	A	0.5045278943164666
TD	Con	A	0.9977894846232004
TD	Con	A	0.2800366996070527
TD	Con	A	0.4491524073352636
TD	Con	A	0.4034807143166217
TD	Con	A	0.4515412042559147
TD	Con	A	0.4996498643168283
TD	Con	A	0.5660616648271046
TD	Con	A	0.6341977674245391
TD	Con	A	0.3506229223000151
TD	Con	A	0.4159526698691934
TD	Con	A	0.5950262523600924
TD	Con	A	0.3005029175819759
TD	Con	A	0.6300626108857084
TD	Con	A	0.6170923671324443
TD	Con	A	0.3743539018657791
TD	Con	A	0.3788191428384768
TD	Con	A	0.4233696707670032
TD	Con	A	0.5323096778092793
TD	Con	A	0.5393762952698957
TD	Con	A	0.6545064174275266
TD	Con	A	1.0
TD	Con	A	0.4650780572657232
TD	Con	A	0.3695734314760934
TD	Con	A	0.6158155000849901
TD	Con	A	0.3229688469150769
TD	Con	A	0.4295685402748169
TD	Con	A	0.5964700734228761
TD	Con	A	0.6881027602576617
TD	Con	A	0.3658388147653839
TD	Con	A	0.4415744104977117
TD	Con	A	0.5660616648271046
TD	Con	A	0.6781430188283963
TD	Con	A	0.7032140251126116
TD	Con	A	0.511715980626042
TD	Con	A	0.4151119161317105
TD	Con	A	1.0
TD	Con	A	0.7040937835798913
TD	Con	A	0.6712491099991084
TD	Con	A	0.3651046159584385
TD	Con	A	0.3714802827400633
TD	Con	A	0.3417671733663396
TD	Con	A	0.7321571635231122
TD	Con	A	0.4024285913317319
TD	Con	A	0.268366528805824
TD	Con	A	0.4704306532265205
TD	Con	A	0.3788191428384768
TD	Con	A	0.330838024557028
TD	Con	A	0.5631633373102215
TD	Con	A	0.4119811022771163
TD	Con	A	0.6989951908948633
TD	Con	A	0.7830512153212172
TD	Con	A	0.5733132218564154
TD	Con	A	0.5091890228517837
TD	Con	A	0.6457352761303633
TD	Con	A	0.5393762952698957
TD	Con	A	0.3651046159584385
TD	Con	A	0.2011595381788418
TD	Con	A	0.6974463930809522
TD	Con	A	0.4530648882600346
TD	Con	A	0.3778002303087778
TD	Con	A	1.0
TD	Con	A	0.6169165074625665
TD	Con	A	0.5316825475835386
TD	Con	A	0.6341027569787472
PD	Con	P	0.3143988970494263
PD	Con	P	0.3542965443759086
PD	Con	P	0.5940201633639735
PD	Con	P	0.7256842194107135
PD	Con	P	0.496657112179205
PD	Con	P	0.0939542312209427
PD	Con	P	0.3467219860026806
PD	Con	P	0.4320241147508624
PD	Con	P	0.6817813685084699
PD	Con	P	0.3832661148847253
PD	Con	P	0.4300666377735742
PD	Con	P	0.7565132450602745
PD	Con	P	0.3621296076225647
PD	Con	P	0.6540071953819184
PD	Con	P	0.5379456746585588
PD	Con	P	0.4072756705383383
PD	Con	P	0.4941704724117408
PD	Con	P	0.3510283297750976
PD	Con	P	0.238741883005123
PD	Con	P	0.6403450461849199
PD	Con	P	0.372800410502445
PD	Con	P	0.4073506853501271
PD	Con	P	0.4825124477325603
PD	Con	P	0.9982926502688636
PD	Con	P	0.6694754302592187
PD	Con	P	0.3011151875716507
PD	Con	P	0.1735428393911152
PD	Con	P	0.6420974958616544
PD	Con	P	0.6854774960768794
PD	Con	P	0.3034639815105239
PD	Con	P	0.6792072862374331
PD	Con	P	0.5858995843067583
PD	Con	P	0.2980396138328846
PD	Con	P	0.5422407591643069
PD	Con	P	0.5840462785422884
PD	Con	P	0.5996986909117117
PD	Con	P	0.3415025861118926
PD	Con	P	0.5993513861888496
PD	Con	P	0.6401798923277828
PD	Con	P	0.484452308498953
PD	Con	P	0.3410785044472286
PD	Con	P	0.2640680237727872
PD	Con	P	0.2687914265859947
PD	Con	P	0.5125149366429986
PD	Con	P	0.4730869908396035
PD	Con	P	1.0
PD	Con	P	0.2195377697320611
PD	Con	P	0.385252339537424
PD	Con	P	0.6106777332728299
PD	Con	P	0.4083049356426006
PD	Con	P	0.7104906040091755
PD	Con	P	0.5011829371880825
PD	Con	P	0.4225406558373006
PD	Con	P	0.6831492695355801
PD	Con	P	0.753583894026893
PD	Con	P	0.3100877205306278
PD	Con	P	0.3449242996413343
PD	Con	P	0.3883037477972731
PD	Con	P	0.1958903797298025
PD	Con	P	0.3177981672496227
PD	Con	P	0.3828002262105269
PD	Con	P	0.2209696448810418
PD	Con	P	0.2980252779743124
PD	Con	C	0.2512520988360517
PD	Con	C	0.3163429353998322
PD	Con	C	0.7197543893043044
PD	Con	C	0.7479727255247026
PD	Con	C	0.6743335671008921
PD	Con	C	0.7303182859395383
PD	Con	C	0.5675395486749719
PD	Con	C	0.3879639389176361
PD	Con	C	0.3889253404173695
PD	Con	C	0.5342044049348947
PD	Con	C	0.4638679610626441
PD	Con	C	0.8659703183790395
PD	Con	C	0.5536270908722538
PD	Con	C	0.562788096235062
PD	Con	C	0.5471211092477285
PD	Con	C	0.4775090237889889
PD	Con	C	0.5313480844588906
PD	Con	C	0.4056479282724975
PD	Con	C	0.3169074428436628
PD	Con	C	0.2782312551554087
PD	Con	C	0.4013923383397711
PD	Con	C	0.3768126049276757
PD	Con	C	0.5928464066935604
PD	Con	C	1.0
PD	Con	C	0.6136680627851896
PD	Con	C	0.2470703588989931
PD	Con	C	0.3492732732998402
PD	Con	C	0.5822612498496962
PD	Con	C	0.7208289005287798
PD	Con	C	0.3001789226209073
PD	Con	C	0.4531049751309133
PD	Con	C	0.3403773073171342
PD	Con	C	0.5239124619112744
PD	Con	C	0.5095555360131151
PD	Con	C	0.3172618714719314
PD	Con	C	0.6815570120628129
PD	Con	C	0.3819394336424612
PD	Con	C	0.6904322236891757
PD	Con	C	0.6869531517284841
PD	Con	C	0.5760279771245622
PD	Con	C	0.1292020911519615
PD	Con	C	0.3108152422125207
PD	Con	C	0.3186438258612991
PD	Con	C	0.4766202581452108
PD	Con	C	0.4652894073345218
PD	Con	C	0.9538465384950172
PD	Con	C	0.3649246191761233
PD	Con	C	0.3161841356818352
PD	Con	C	0.3656028754820432
PD	Con	C	0.3380352496689124
PD	Con	C	0.3557878165032866
PD	Con	C	0.4437647516729893
PD	Con	C	0.5068951877375776
PD	Con	C	0.5370167191811315
PD	Con	C	0.7275974430358676
PD	Con	C	0.3171945669555668
PD	Con	C	0.1881781757633464
PD	Con	C	0.230216541409111
PD	Con	C	0.5825987952910006
PD	Con	C	0.3993965054131457
PD	Con	C	0.4879622444035071
PD	Con	C	0.5109642171375854
PD	Con	C	0.2968826176959961
PD	Con	A	0.5741795475641528
PD	Con	A	0.223132807430051
PD	Con	A	0.7761678458738284
PD	Con	A	0.5194885668662822
PD	Con	A	0.4315482439262
PD	Con	A	0.6595310435950064
PD	Con	A	0.3721611616126802
PD	Con	A	0.5846949660719828
PD	Con	A	0.2560500179805575
PD	Con	A	0.2562508894621628
PD	Con	A	0.2756642598208286
PD	Con	A	0.7530936674798154
PD	Con	A	0.3500969733191177
PD	Con	A	0.6357097605919166
PD	Con	A	0.4385067157858877
PD	Con	A	0.6184587120562474
PD	Con	A	0.6537763245768341
PD	Con	A	0.44189814269529
PD	Con	A	0.4987387380945532
PD	Con	A	0.4306675735054409
PD	Con	A	0.4585100127707658
PD	Con	A	0.588863542450379
PD	Con	A	0.4980713813556946
PD	Con	A	0.9993986014533782
PD	Con	A	0.5263185429899006
PD	Con	A	0.301090066822187
PD	Con	A	0.7022440887371968
PD	Con	A	0.4509773287650404
PD	Con	A	0.4853553529456377
PD	Con	A	0.5849312516696676
PD	Con	A	0.3048504626116188
PD	Con	A	0.5564798074837018
PD	Con	A	0.2973075659827157
PD	Con	A	0.5458806205426082
PD	Con	A	0.5228280847825111
PD	Con	A	0.5262550014951797
PD	Con	A	0.1936847832931177
PD	Con	A	0.2990708736504378
PD	Con	A	0.4047253185824195
PD	Con	A	0.3510696972526751
PD	Con	A	0.4491988514946638
PD	Con	A	0.7447752190985378
PD	Con	A	0.6481160582793974
PD	Con	A	0.4856514858128229
PD	Con	A	0.3464778155887107
PD	Con	A	0.992576488745782
PD	Con	A	0.6777365872252915
PD	Con	A	0.3679133824166653
PD	Con	A	0.6088743063908595
PD	Con	A	0.3007803889125046
PD	Con	A	0.2503970080284025
PD	Con	A	0.6139757899390359
PD	Con	A	0.3270866785640883
PD	Con	A	0.725024322917684
PD	Con	A	0.4727991875050767
PD	Con	A	0.4366524494368557
PD	Con	A	0.2804146712310006
PD	Con	A	0.5338409656487831
PD	Con	A	0.5039543701641185
PD	Con	A	0.4651012367288754
PD	Con	A	0.5732778915688587
PD	Con	A	0.5646658439378458
PD	Con	A	0.3507981794559568
TRD	Con	P	0.3338907928760421
TRD	Con	P	0.7283834563537305
TRD	Con	P	0.6923225141031895
TRD	Con	P	0.6923225141031895
TRD	Con	P	0.2645776743733906
TRD	Con	P	0.7465181328304289
TRD	Con	P	0.7465181328304289
TRD	Con	P	0.3425075363696772
TRD	Con	P	0.1901006955861348
TRD	Con	P	0.4649501298961939
TRD	Con	P	0.1065756607992837
TRD	Con	P	0.3251029077622364
TRD	Con	P	0.4071834060688019
TRD	Con	P	0.7085780468586556
TRD	Con	P	0.409227336086379
TRD	Con	P	0.2708176917468202
TRD	Con	P	0.2708176917468202
TRD	Con	P	0.4948323668289801
TRD	Con	P	0.3198911201639846
TRD	Con	P	0.432175185230309
TRD	Con	P	0.2094613492014499
TRD	Con	P	0.4038961666308308
TRD	Con	P	0.5135598081026691
TRD	Con	P	0.3411743003362705
TRD	Con	P	0.0862199520720268
TRD	Con	P	0.5120393871541861
TRD	Con	P	0.1696867963874799
TRD	Con	P	0.1445212675934931
TRD	Con	P	0.3796158722331432
TRD	Con	P	0.4819378307034423
TRD	Con	P	0.2079897163038004
TRD	Con	P	0.3506849440563732
TRD	Con	P	0.3471745768818413
TRD	Con	P	0.0905188129711902
TRD	Con	P	0.3831335547128601
TRD	Con	P	0.5525107559488731
TRD	Con	P	0.3983427184950205
TRD	Con	P	0.4071834060688019
TRD	Con	P	0.5769106655749192
TRD	Con	P	0.5017057385263833
TRD	Con	P	0.6398976599204349
TRD	Con	P	0.6512161231310346
TRD	Con	P	0.8076198727045572
TRD	Con	P	0.4001129609025113
TRD	Con	P	0.3748631970198136
TRD	Con	P	0.3471745768818413
TRD	Con	P	0.1780839757293639
TRD	Con	P	0.6232381849399292
TRD	Con	P	0.4198013638861345
TRD	Con	P	0.2478579767838073
TRD	Con	P	0.5068819148610133
TRD	Con	P	0.2999914194978209
TRD	Con	P	0.223355470758942
TRD	Con	P	0.3679071513377311
TRD	Con	P	0.6142543609403278
TRD	Con	P	0.2662820521245126
TRD	Con	P	0.5064588771924365
TRD	Con	P	0.2381107378367103
TRD	Con	P	0.3845132414245303
TRD	Con	P	0.4910639905885349
TRD	Con	P	0.5409800140815799
TRD	Con	P	0.2995388637901781
TRD	Con	P	0.2957777302148874
TRD	Con	P	0.1437203229159618
TRD	Con	P	0.7892919870062381
TRD	Con	P	0.5477938187670298
TRD	Con	P	0.580142354182773
TRD	Con	P	0.5711304086879785
TRD	Con	P	0.8104686995124339
TRD	Con	P	0.2685831817182158
TRD	Con	P	0.4547495162649023
TRD	Con	P	0.2296708172912266
TRD	Con	P	0.6286099806525776
TRD	Con	P	0.4963484831559843
TRD	Con	P	0.3109373497550945
TRD	Con	P	0.3661812317990572
TRD	Con	P	0.4713521339357161
TRD	Con	P	0.275348268384387
TRD	Con	P	0.2164491927066358
TRD	Con	P	0.2164491927066358
TRD	Con	P	0.4166360547995317
TRD	Con	P	0.3371450064418488
TRD	Con	P	0.4358823935049124
TRD	Con	P	0.4987913758073404
TRD	Con	P	0.576740919368555
TRD	Con	P	0.65785819367478
TRD	Con	P	0.1996911516612457
TRD	Con	P	0.4690499636480446
TRD	Con	P	0.3245717987472283
TRD	Con	P	0.4034269808994962
TRD	Con	P	0.3224431525003995
TRD	Con	P	0.316399201172635
TRD	Con	P	0.4649501298961939
TRD	Con	P	0.672894377154027
TRD	Con	P	0.7905946315050852
TRD	Con	P	0.1712408168560669
TRD	Con	P	0.218842145501546
TRD	Con	P	0.3828002262105269
TRD	Con	P	0.5555676479958017
TRD	Con	P	0.5690819268572744
TRD	Con	P	0.1589013602530811
TRD	Con	P	0.6398976599204349
TRD	Con	P	0.4418125030676374
TRD	Con	P	0.6142543609403278
TRD	Con	P	0.6412872435982037
TRD	Con	P	0.2695548429695514
TRD	Con	P	0.400082397039856
TRD	Con	P	0.3124063968022404
TRD	Con	P	0.2769801703909843
TRD	Con	P	0.9982926502688636
TRD	Con	P	0.221950147257994
TRD	Con	P	0.400294721607996
TRD	Con	P	0.6398976599204349
TRD	Con	P	0.2209696448810418
TRD	Con	P	0.2612553237524271
TRD	Con	P	0.425156237422399
TRD	Con	P	0.4131255110970682
TRD	Con	P	0.4427088650859312
TRD	Con	P	0.3274099183848639
TRD	Con	P	0.7465181328304289
TRD	Con	P	0.4350278879340248
TRD	Con	P	0.4037095303856633
TRD	Con	P	0.5105199781514657
TRD	Con	P	0.4637880188509691
TRD	Con	P	0.4637880188509691
TRD	Con	P	0.7034306065257011
TRD	Con	P	0.6313072388815263
TRD	Con	P	0.5064588771924365
TRD	Con	P	0.4175213957611837
TRD	Con	P	0.7321000128747693
TRD	Con	P	0.65596151315171
TRD	Con	P	0.65596151315171
TRD	Con	P	0.3140563303879072
TRD	Con	P	0.5128604633044201
TRD	Con	P	0.165077444444103
TRD	Con	P	0.2499608979672941
TRD	Con	P	0.5133128907647564
TRD	Con	P	0.5191012568555877
TRD	Con	P	0.5033214949450415
TRD	Con	P	0.6313630205842369
TRD	Con	P	0.1981751172671919
TRD	Con	P	0.6716899594615728
TRD	Con	P	0.6716899594615728
TRD	Con	P	0.5812853150947447
TRD	Con	P	0.6400195138356076
TRD	Con	P	0.9999934780680334
TRD	Con	P	0.3233667589036408
TRD	Con	P	0.3621181628085526
TRD	Con	P	0.244226220737742
TRD	Con	P	0.5772012599608546
TRD	Con	P	0.508350551549859
TRD	Con	P	0.3263039671560427
TRD	Con	P	0.4036165493179368
TRD	Con	P	0.3971935507518792
TRD	Con	P	0.5395129526779846
TRD	Con	P	0.3894014025070984
TRD	Con	P	0.3686466174816618
TRD	Con	P	0.2366194242501181
TRD	Con	P	0.5394370342997831
TRD	Con	P	0.5840462785422884
TRD	Con	P	0.3917115894989227
TRD	Con	P	0.5563029530363737
TRD	Con	P	0.3807353109186652
TRD	Con	P	0.2099933846690878
TRD	Con	P	0.1293994619078944
TRD	Con	P	0.4306311478722676
TRD	Con	P	0.4232958288501871
TRD	Con	P	0.2872997598146673
TRD	Con	P	0.7465181328304289
TRD	Con	P	0.2885548391539456
TRD	Con	P	0.2872997598146673
TRD	Con	P	0.3127919854851594
TRD	Con	P	0.588486793132154
TRD	Con	P	0.3478449158920988
TRD	Con	P	0.3987498067110669
TRD	Con	P	0.1959892029781387
TRD	Con	P	0.2667156776153119
TRD	Con	P	0.2925707343145673
TRD	Con	P	0.3969019316495513
TRD	Con	P	0.4906245800074457
TRD	Con	P	0.4458565650279865
TRD	Con	P	0.3168911918697462
TRD	Con	P	0.2983669699957257
TRD	Con	P	0.3920987116522217
TRD	Con	P	0.4295630393899426
TRD	Con	P	0.3409101646494893
TRD	Con	P	0.321290280392502
TRD	Con	P	0.3742899513216541
TRD	Con	P	0.4868166230314329
TRD	Con	P	0.3931416956192605
TRD	Con	P	0.6481497107859816
TRD	Con	P	0.4085851254947067
TRD	Con	P	0.4085851254947067
TRD	Con	P	0.5913782851384444
TRD	Con	P	0.5231913497458605
TRD	Con	P	0.3210715836041927
TRD	Con	P	0.2512481335024655
TRD	Con	P	0.6646877860956963
TRD	Con	P	0.1973751119382059
TRD	Con	P	0.3275536779109868
TRD	Con	P	0.3511887868071209
TRD	Con	P	0.4197913395288217
TRD	Con	P	0.7733215898134865
TRD	Con	P	0.218842145501546
TRD	Con	P	0.3684766929971095
TRD	Con	P	0.3684766929971095
TRD	Con	P	0.4676735991802117
TRD	Con	P	0.6425538482095592
TRD	Con	P	0.2712351005160299
TRD	Con	P	0.5673009432524779
TRD	Con	P	0.5673009432524779
TRD	Con	P	0.2188062432298281
TRD	Con	P	0.6790978725809829
TRD	Con	P	0.500645883086873
TRD	Con	P	0.3252532469232451
TRD	Con	P	0.1798353458142277
TRD	Con	P	0.4513187247495845
TRD	Con	P	0.593317878355435
TRD	Con	P	0.4213298288861196
TRD	Con	P	0.7034070334071292
TRD	Con	P	0.4444457419188749
TRD	Con	P	0.6398241925425452
TRD	Con	P	0.0821838313028764
TRD	Con	P	0.0821838313028764
TRD	Con	P	0.1837082145075753
TRD	Con	P	0.6236338954318066
TRD	Con	P	0.5571934658007016
TRD	Con	P	0.1065756607992837
TRD	Con	P	0.3666318009439725
TRD	Con	P	0.447652118624673
TRD	Con	P	0.1570869085322682
TRD	Con	P	0.52134947558235
TRD	Con	P	0.5719730099663067
TRD	Con	P	0.5840462785422884
TRD	Con	P	0.7966199126809672
TRD	Con	P	0.6340260100578093
TRD	Con	P	0.4458565650279865
TRD	Con	P	0.2157488577381499
TRD	Con	P	0.2656380966031397
TRD	Con	P	0.3991952044858665
TRD	Con	P	0.4098891702758803
TRD	Con	P	0.6271386880760085
TRD	Con	P	0.6271386880760085
TRD	Con	P	0.1065756607992837
TRD	Con	P	0.2662232372097647
TRD	Con	P	0.7201121871054597
TRD	Con	P	0.2921376120503159
TRD	Con	P	0.1981763413654207
TRD	Con	P	0.4048933775847203
TRD	Con	P	0.2693584041407699
TRD	Con	P	0.4311804084159389
TRD	Con	P	0.2725130579910579
TRD	Con	P	0.2301628708949357
TRD	Con	P	0.3033554359809383
TRD	Con	P	0.577913556400941
TRD	Con	P	0.4458565650279865
TRD	Con	P	0.5544780330397375
TRD	Con	P	0.4444457419188749
TRD	Con	P	0.3143387208060258
TRD	Con	P	0.376082593216013
TRD	Con	P	0.5960188807004466
TRD	Con	P	0.4458565650279865
TRD	Con	P	0.2463052578276202
TRD	Con	P	0.295711352741454
TRD	Con	P	0.3663745467750026
TRD	Con	P	0.25351300124584
TRD	Con	P	0.150381200785338
TRD	Con	P	0.6171592397518513
TRD	Con	C	0.3637020058701121
TRD	Con	C	0.2030822699346875
TRD	Con	C	0.613769240694627
TRD	Con	C	0.6010305459109649
TRD	Con	C	0.3975879655949121
TRD	Con	C	0.4412495109368569
TRD	Con	C	0.3429600058492359
TRD	Con	C	0.4621003757278255
TRD	Con	C	0.3584733707920881
TRD	Con	C	0.278312223020117
TRD	Con	C	0.6031513063215821
TRD	Con	C	0.3141401934117679
TRD	Con	C	0.3809486576096355
TRD	Con	C	0.5034578213827963
TRD	Con	C	0.739625982017312
TRD	Con	C	0.5019682158420098
TRD	Con	C	0.5926526997946832
TRD	Con	C	0.478344303691976
TRD	Con	C	0.3524823401493047
TRD	Con	C	0.4746385845737217
TRD	Con	C	0.7283834014046459
TRD	Con	C	0.5876705202891603
TRD	Con	C	0.6535700734273592
TRD	Con	C	0.2899969322593363
TRD	Con	C	0.4243891968891275
TRD	Con	C	0.3179065538944535
TRD	Con	C	0.381029732960558
TRD	Con	C	0.3312799730425372
TRD	Con	C	0.2993077078497548
TRD	Con	C	0.2758886140859513
TRD	Con	C	0.2972053468079736
TRD	Con	C	0.4652370836320676
TRD	Con	C	0.5175183313120545
TRD	Con	C	0.6507050313529297
TRD	Con	C	0.3407521221477589
TRD	Con	C	0.3300896327280728
TRD	Con	C	0.3976144872899512
TRD	Con	C	0.4468327448331525
TRD	Con	C	0.2845507324114992
TRD	Con	C	0.2866830030592684
TRD	Con	C	0.5065251941194424
TRD	Con	C	0.4854363903767931
TRD	Con	C	0.4057179700811283
TRD	Con	C	0.565799690168161
TRD	Con	C	0.5462165496575135
TRD	Con	C	0.492656387729669
TRD	Con	C	0.2412550517440966
TRD	Con	C	0.2874107023704203
TRD	Con	C	0.5536705250370799
TRD	Con	C	0.5983272155707692
TRD	Con	C	0.3952331033504438
TRD	Con	C	0.434040023387254
TRD	Con	C	0.2064125748144353
TRD	Con	C	0.6716836354309601
TRD	Con	C	0.3512218138154604
TRD	Con	C	0.465063775061194
TRD	Con	C	0.4492541538491252
TRD	Con	C	0.4099067898446104
TRD	Con	C	0.4351547663615556
TRD	Con	C	0.4156788466972456
TRD	Con	C	0.5908438570249874
TRD	Con	C	0.3739208879070679
TRD	Con	C	0.458185137484202
TRD	Con	C	0.4789820448927583
TRD	Con	C	0.1674926476014666
TRD	Con	C	0.2040088443426675
TRD	Con	C	0.4097073327523647
TRD	Con	C	0.3880986607034088
TRD	Con	C	0.6945930223116913
TRD	Con	C	0.5576163499812941
TRD	Con	C	0.4127022189284812
TRD	Con	C	0.6393462064659036
TRD	Con	C	0.6083441924280478
TRD	Con	C	0.5328538228085222
TRD	Con	C	0.3607404301505404
TRD	Con	C	0.6987257461776151
TRD	Con	C	0.6722858710782014
TRD	Con	C	0.523221870888844
TRD	Con	C	0.1599346435539596
TRD	Con	C	0.3120202714949317
TRD	Con	C	0.5237683293617856
TRD	Con	C	0.4084751850430017
TRD	Con	C	0.542477942234888
TRD	Con	C	0.3896855356373432
TRD	Con	C	0.4329399096869856
TRD	Con	C	0.4910084111107945
TRD	Con	C	0.384034401755597
TRD	Con	C	0.5359193619294906
TRD	Con	C	0.4884354634837963
TRD	Con	C	0.4456714106040931
TRD	Con	C	0.4776600913966528
TRD	Con	C	0.3484774868890827
TRD	Con	C	0.3972835108512275
TRD	Con	C	0.6018387632340977
TRD	Con	C	0.5598122641896743
TRD	Con	C	0.559910897998037
TRD	Con	C	0.3692803533603261
TRD	Con	C	0.2734947134322619
TRD	Con	C	0.7353079075414892
TRD	Con	C	0.4128877289907808
TRD	Con	C	0.363806198726481
TRD	Con	C	0.293625165617989
TRD	Con	C	0.4540139523363748
TRD	Con	C	0.5230035935118476
TRD	Con	C	0.1393643347614148
TRD	Con	C	0.4166392167308098
TRD	Con	C	0.1910897889331339
TRD	Con	C	0.2750809946398693
TRD	Con	C	0.3256829985245598
TRD	Con	C	0.985935517318736
TRD	Con	C	0.4801140759418166
TRD	Con	C	0.2878886194564158
TRD	Con	C	0.4687129501901667
TRD	Con	C	0.4676259096863004
TRD	Con	C	0.4010570820052043
TRD	Con	C	0.5767803825083069
TRD	Con	C	0.4481659310537292
TRD	Con	C	0.2105805476485702
TRD	Con	C	0.625821271952774
TRD	Con	C	0.172802025834592
TRD	Con	C	0.4344699109721168
TRD	Con	C	0.7286197063673236
TRD	Con	C	0.6218666105922483
TRD	Con	C	0.3729183591105934
TRD	Con	C	0.3892539452401625
TRD	Con	C	0.4170919846704112
TRD	Con	C	0.3752011816227417
TRD	Con	C	0.3202879891231575
TRD	Con	C	0.4136651297157231
TRD	Con	C	0.4332036555977483
TRD	Con	C	0.6223544692445286
TRD	Con	C	0.5269675423023643
TRD	Con	C	0.1994104482803223
TRD	Con	C	0.6591344166351389
TRD	Con	C	0.328000316114282
TRD	Con	C	0.3686337135286313
TRD	Con	C	0.4743896560554065
TRD	Con	C	0.2248146210291433
TRD	Con	C	0.3225244376295934
TRD	Con	C	0.5482993833907394
TRD	Con	C	0.3951624712110007
TRD	Con	C	0.3225744973176457
TRD	Con	C	0.2120239092647327
TRD	Con	C	0.4287959443862405
TRD	Con	C	0.4801449497538959
TRD	Con	C	1.0
TRD	Con	C	0.6138393898063675
TRD	Con	C	0.632777280023516
TRD	Con	C	0.5240008890484155
TRD	Con	C	0.3862259185071693
TRD	Con	C	0.7504523362056411
TRD	Con	C	0.7779182935452721
TRD	Con	C	0.515661420604288
TRD	Con	C	0.4224226863415848
TRD	Con	C	0.3863163917709141
TRD	Con	C	0.2431764963106498
TRD	Con	C	0.3749799050182741
TRD	Con	C	0.7913813112612441
TRD	Con	C	0.2871811432402983
TRD	Con	C	0.4892872364356347
TRD	Con	C	0.4286254526689556
TRD	Con	C	0.3861439288396263
TRD	Con	C	0.4063875155976054
TRD	Con	C	0.3768262886921542
TRD	Con	C	0.5001595965673845
TRD	Con	C	0.6562463281866785
TRD	Con	C	0.4181946631174689
TRD	Con	C	0.3180627417003043
TRD	Con	C	0.2977406393126969
TRD	Con	C	0.7168834625942677
TRD	Con	C	0.4036983090761959
TRD	Con	C	0.4050042230382692
TRD	Con	C	0.4066032881456548
TRD	Con	C	0.3796654516247105
TRD	Con	C	0.2236725591621994
TRD	Con	C	0.3164428668948846
TRD	Con	C	0.4068781433851763
TRD	Con	C	0.6344899459341615
TRD	Con	C	0.3394062014194294
TRD	Con	C	0.3618004674034438
TRD	Con	C	0.372106319374817
TRD	Con	C	0.3861021183342704
TRD	Con	C	0.4030052372903008
TRD	Con	C	0.2354055136771077
TRD	Con	C	0.5713687131183152
TRD	Con	C	0.4363610966250648
TRD	Con	C	0.2827445829418785
TRD	Con	C	0.190162283986418
TRD	Con	C	0.403226386486073
TRD	Con	C	0.4399325465954818
TRD	Con	C	0.3817001135078738
TRD	Con	C	0.2162267030826627
TRD	Con	C	0.2111134420167166
TRD	Con	C	0.6080399264336706
TRD	Con	C	0.5130410809552962
TRD	Con	C	0.4238588021425126
TRD	Con	C	0.3364764697006421
TRD	Con	C	0.3737864405414915
TRD	Con	C	0.3639353561378036
TRD	Con	C	0.4010258964622968
TRD	Con	C	0.4379942898309283
TRD	Con	C	0.2112157638612357
TRD	Con	C	0.6441318423892053
TRD	Con	C	0.4908443633351628
TRD	Con	C	0.1832203397148836
TRD	Con	C	0.3862845821490955
TRD	Con	C	0.2888728750141195
TRD	Con	C	0.4662584873080456
TRD	Con	C	0.6047421770820335
TRD	Con	C	0.4762436475334687
TRD	Con	C	0.4744070447221731
TRD	Con	C	0.2095854062354599
TRD	Con	C	0.5231549996454212
TRD	Con	C	0.7885691314849146
TRD	Con	C	0.5455539403132597
TRD	Con	C	0.5512805789048174
TRD	Con	C	0.2154878223947958
TRD	Con	C	0.5395876952443205
TRD	Con	C	0.4599232730070436
TRD	Con	C	0.2852978810612043
TRD	Con	C	0.3719200747228718
TRD	Con	C	0.5376816943845368
TRD	Con	C	0.3239397596943875
TRD	Con	C	0.3051552560045661
TRD	Con	C	0.1389628055949622
TRD	Con	C	0.4265915686457188
TRD	Con	C	0.4553024946223896
TRD	Con	C	0.2888063180158571
TRD	Con	C	0.4219746860623458
TRD	Con	C	0.5244004040678244
TRD	Con	C	0.6024657772051029
TRD	Con	C	0.5286809021350946
TRD	Con	C	0.6653684767535787
TRD	Con	C	0.4905044910570882
TRD	Con	C	0.8445539326601533
TRD	Con	C	0.3976141219338028
TRD	Con	C	0.2921839802709411
TRD	Con	C	0.3292466825731053
TRD	Con	C	0.4229278597878282
TRD	Con	C	0.5224357878063703
TRD	Con	C	0.4983688889087121
TRD	Con	C	0.5350371030701814
TRD	Con	C	0.573799742331582
TRD	Con	C	0.4794936207387045
TRD	Con	C	0.6213354704329818
TRD	Con	C	0.506536302024615
TRD	Con	C	0.4074008125846122
TRD	Con	C	0.5170727999301794
TRD	Con	C	0.3764905134086076
TRD	Con	C	0.4299030373746769
TRD	Con	C	0.5634689087303647
TRD	Con	C	0.4009903181457137
TRD	Con	C	0.4876066624969348
TRD	Con	C	0.4036815630456086
TRD	Con	C	0.3606280753439684
TRD	Con	C	0.2287200334294776
TRD	Con	C	0.5371655484007971
TRD	Con	C	0.391438783568922
TRD	Con	C	0.2154017233876383
TRD	Con	C	0.5089892458177527
TRD	Con	C	0.4050159289950005
TRD	Con	C	0.3019969984405615
TRD	Con	C	0.542477942234888
TRD	Con	C	0.559910897998037
TRD	Con	C	0.363806198726481
TRD	Con	C	0.4010570820052043
TRD	Con	C	0.3768262886921542
TRD	Con	C	0.5455539403132597
TRD	Con	A	0.3476640600175274
TRD	Con	A	0.4909427213883782
TRD	Con	A	0.7390448100958558
TRD	Con	A	0.7390448100958558
TRD	Con	A	0.3606571038307063
TRD	Con	A	0.1702970387307304
TRD	Con	A	0.1702970387307304
TRD	Con	A	0.2384066802670729
TRD	Con	A	0.3486640020789951
TRD	Con	A	0.5100018825087179
TRD	Con	A	0.5585004227666669
TRD	Con	A	0.569576986871503
TRD	Con	A	0.4695086690313298
TRD	Con	A	0.5067435554566423
TRD	Con	A	0.4161653905192851
TRD	Con	A	0.5594908133370506
TRD	Con	A	0.5594908133370506
TRD	Con	A	0.604606501921663
TRD	Con	A	0.7022440887371968
TRD	Con	A	0.4248284427960213
TRD	Con	A	0.4792562960167725
TRD	Con	A	0.6291865547709599
TRD	Con	A	0.7096658200681065
TRD	Con	A	0.6736084432341821
TRD	Con	A	0.3249142530403723
TRD	Con	A	0.6458197852456042
TRD	Con	A	0.6346244272591276
TRD	Con	A	0.5071940801199419
TRD	Con	A	0.6463824223140857
TRD	Con	A	0.53149947602787
TRD	Con	A	0.3241936723978743
TRD	Con	A	0.4912830726886794
TRD	Con	A	0.3218529600969086
TRD	Con	A	0.4956213315646761
TRD	Con	A	0.5493177722067941
TRD	Con	A	0.2814637570999416
TRD	Con	A	0.4690982242228364
TRD	Con	A	0.4695086690313298
TRD	Con	A	0.4317561313427078
TRD	Con	A	0.6958335390231344
TRD	Con	A	0.4076029277996251
TRD	Con	A	0.6746157664554523
TRD	Con	A	0.5070948133094804
TRD	Con	A	0.4101015654395566
TRD	Con	A	0.3496944522954981
TRD	Con	A	0.3218529600969086
TRD	Con	A	0.3651040857812888
TRD	Con	A	0.5800566508758713
TRD	Con	A	0.5621306387795312
TRD	Con	A	0.4598813487055116
TRD	Con	A	0.4333010250811545
TRD	Con	A	0.6178004132481064
TRD	Con	A	0.3572541780123437
TRD	Con	A	0.4249423100549941
TRD	Con	A	0.6825897947699566
TRD	Con	A	0.1387874549059977
TRD	Con	A	0.3471108101821659
TRD	Con	A	0.4974206010049226
TRD	Con	A	0.5818683094378448
TRD	Con	A	0.5562203074117549
TRD	Con	A	0.329587068854585
TRD	Con	A	0.5537933041236667
TRD	Con	A	0.3229704550653938
TRD	Con	A	0.4823547180679005
TRD	Con	A	0.3341336605995703
TRD	Con	A	0.3473762390145916
TRD	Con	A	0.4879293054746271
TRD	Con	A	0.5950188682014057
TRD	Con	A	0.515818295519657
TRD	Con	A	0.3828871610174719
TRD	Con	A	0.3727290893427124
TRD	Con	A	0.4062349897445646
TRD	Con	A	0.447661708501065
TRD	Con	A	0.471868213372485
TRD	Con	A	0.3042600415621408
TRD	Con	A	0.6640686977312023
TRD	Con	A	0.7120022110347213
TRD	Con	A	0.6959433020332546
TRD	Con	A	0.3908328890664282
TRD	Con	A	0.3908328890664282
TRD	Con	A	0.3443719906174489
TRD	Con	A	0.4333010250811545
TRD	Con	A	0.4119451247574582
TRD	Con	A	0.6111161781486582
TRD	Con	A	0.4315544945104385
TRD	Con	A	0.378039637060032
TRD	Con	A	0.3619539047449057
TRD	Con	A	0.3330802149751428
TRD	Con	A	0.5082092758056105
TRD	Con	A	0.4010669960286657
TRD	Con	A	0.1547632508445147
TRD	Con	A	0.4113787908005639
TRD	Con	A	0.5100018825087179
TRD	Con	A	0.4755848374859818
TRD	Con	A	0.8043733844227836
TRD	Con	A	0.2728703767312522
TRD	Con	A	0.4564572627414595
TRD	Con	A	0.5732778915688587
TRD	Con	A	0.4451636989202663
TRD	Con	A	0.3261698424157104
TRD	Con	A	0.2378534960266169
TRD	Con	A	0.4076029277996251
TRD	Con	A	0.5208371369710099
TRD	Con	A	0.6825897947699566
TRD	Con	A	0.5319823318158672
TRD	Con	A	0.5189796895030412
TRD	Con	A	0.4921075990965863
TRD	Con	A	0.5679103253215967
TRD	Con	A	0.6444801062300654
TRD	Con	A	0.9993986014533782
TRD	Con	A	0.4065476859422782
TRD	Con	A	0.2614499453817568
TRD	Con	A	0.4076029277996251
TRD	Con	A	0.5646658439378458
TRD	Con	A	0.5135830959471981
TRD	Con	A	0.4182304768875909
TRD	Con	A	0.4381919431049054
TRD	Con	A	0.4774503102874777
TRD	Con	A	0.4259734940936583
TRD	Con	A	0.1702970387307304
TRD	Con	A	0.304075431369685
TRD	Con	A	0.7901072537728586
TRD	Con	A	0.4120965454609379
TRD	Con	A	0.3096142450786349
TRD	Con	A	0.3096142450786349
TRD	Con	A	0.086587022890689
TRD	Con	A	0.7124381986637551
TRD	Con	A	0.3471108101821659
TRD	Con	A	0.324274155738999
TRD	Con	A	0.4378655462258071
TRD	Con	A	0.4506237611400244
TRD	Con	A	0.4506237611400244
TRD	Con	A	0.2272952468696771
TRD	Con	A	0.5236186687035304
TRD	Con	A	0.2344256145423066
TRD	Con	A	0.6335732361778774
TRD	Con	A	0.4233696707670032
TRD	Con	A	0.3855233414562727
TRD	Con	A	0.2720442787996585
TRD	Con	A	0.5795768197265543
TRD	Con	A	0.3364319385094245
TRD	Con	A	0.6803187973913767
TRD	Con	A	0.6803187973913767
TRD	Con	A	0.3499113264221482
TRD	Con	A	0.5302779439899614
TRD	Con	A	0.99945102559588
TRD	Con	A	0.3695734314760934
TRD	Con	A	0.5425299556109862
TRD	Con	A	0.4644089854512468
TRD	Con	A	0.1492718713815887
TRD	Con	A	0.6559572174441436
TRD	Con	A	0.3709506387721147
TRD	Con	A	0.2824960266963899
TRD	Con	A	0.2465153713388907
TRD	Con	A	0.477154793676554
TRD	Con	A	0.3816323428351762
TRD	Con	A	0.6814505348103362
TRD	Con	A	0.6065349406192947
TRD	Con	A	0.4752004757415839
TRD	Con	A	0.5228280847825111
TRD	Con	A	0.4127483686307355
TRD	Con	A	0.4477913554105245
TRD	Con	A	0.5916754535414089
TRD	Con	A	0.4164655446280485
TRD	Con	A	0.4575623965169518
TRD	Con	A	0.4550701556092413
TRD	Con	A	0.477154793676554
TRD	Con	A	0.5785958303049246
TRD	Con	A	0.1702970387307304
TRD	Con	A	0.3855924840409436
TRD	Con	A	0.5785958303049246
TRD	Con	A	0.5245781015624885
TRD	Con	A	0.6135597955850962
TRD	Con	A	0.1855343092414018
TRD	Con	A	0.481049440224791
TRD	Con	A	0.2768526617279965
TRD	Con	A	0.2332590524338265
TRD	Con	A	0.3924693551133219
TRD	Con	A	0.481080699776617
TRD	Con	A	0.6064616098618976
TRD	Con	A	0.6922987260562969
TRD	Con	A	0.6199854104912099
TRD	Con	A	0.447285728031802
TRD	Con	A	0.4313369245157396
TRD	Con	A	0.6555805962007141
TRD	Con	A	0.3716516355191077
TRD	Con	A	0.5096486937512206
TRD	Con	A	0.5306891753518845
TRD	Con	A	0.3823837199169858
TRD	Con	A	0.3178458017020247
TRD	Con	A	0.6208277190618157
TRD	Con	A	0.5675006207125086
TRD	Con	A	0.5675006207125086
TRD	Con	A	0.4249755910238882
TRD	Con	A	0.3542125691048042
TRD	Con	A	0.5895949779401095
TRD	Con	A	0.7450009319555593
TRD	Con	A	0.28605249380878
TRD	Con	A	0.365518270863186
TRD	Con	A	0.1868696475778855
TRD	Con	A	0.6899762801676168
TRD	Con	A	0.477164232398758
TRD	Con	A	0.3710541070463463
TRD	Con	A	0.4564572627414595
TRD	Con	A	0.3773107957019611
TRD	Con	A	0.3773107957019611
TRD	Con	A	0.390021439827776
TRD	Con	A	0.5593265452135772
TRD	Con	A	0.550094116320819
TRD	Con	A	0.4587498822208639
TRD	Con	A	0.4587498822208639
TRD	Con	A	0.3459025225074928
TRD	Con	A	0.5348606146306899
TRD	Con	A	0.4144255745657839
TRD	Con	A	0.6198281623680765
TRD	Con	A	0.4003024452689127
TRD	Con	A	0.4629067847971152
TRD	Con	A	0.77906523474613
TRD	Con	A	0.5757491131744239
TRD	Con	A	0.5892497677589085
TRD	Con	A	0.4899270575697985
TRD	Con	A	0.4838516040292645
TRD	Con	A	0.3420723495445944
TRD	Con	A	0.3420723495445944
TRD	Con	A	0.2166208723329043
TRD	Con	A	0.5163718340774416
TRD	Con	A	0.3683018371568394
TRD	Con	A	0.5585004227666669
TRD	Con	A	0.2699211682611019
TRD	Con	A	0.573807815695193
TRD	Con	A	0.5763182739434131
TRD	Con	A	0.5631633373102215
TRD	Con	A	0.6622743578818534
TRD	Con	A	0.5228280847825111
TRD	Con	A	0.4119319978723087
TRD	Con	A	0.7534350264754324
TRD	Con	A	0.6922987260562969
TRD	Con	A	0.2956721256184957
TRD	Con	A	0.4578072270095145
TRD	Con	A	0.422674113897432
TRD	Con	A	0.2986627659480165
TRD	Con	A	0.4191166101455081
TRD	Con	A	0.4191166101455081
TRD	Con	A	0.5585004227666669
TRD	Con	A	0.4179976441659986
TRD	Con	A	0.6090469307551848
TRD	Con	A	0.2621780463347963
TRD	Con	A	0.3237023355322307
TRD	Con	A	0.4041130367143939
TRD	Con	A	0.5590533226597791
TRD	Con	A	0.5596376957928297
TRD	Con	A	0.3859219041599377
TRD	Con	A	0.2958040991850087
TRD	Con	A	0.6610760841480234
TRD	Con	A	0.3462089493149257
TRD	Con	A	0.6922987260562969
TRD	Con	A	0.4860740007573471
TRD	Con	A	0.4899270575697985
TRD	Con	A	0.5963427179709123
TRD	Con	A	0.6235555389615637
TRD	Con	A	0.5646976056130812
TRD	Con	A	0.6922987260562969
TRD	Con	A	0.4119451247574582
TRD	Con	A	0.2728703767312522
TRD	Con	A	0.2378534960266169
TRD	Con	A	0.5135830959471981
TRD	Con	A	0.4164655446280485
TRD	Con	A	0.6198281623680765
TD	Neo(C)	P	0.999991723941024
TD	Neo(C)	P	0.6854485477613877
TD	Neo(C)	P	0.4826992970693523
TD	Neo(C)	P	0.1734031679833948
TD	Neo(C)	P	0.4690499636480446
TD	Neo(C)	P	0.3914717007836356
TD	Neo(C)	P	0.3654219108278693
TD	Neo(C)	P	0.5773650899973852
TD	Neo(C)	P	0.9999244963136432
TD	Neo(C)	P	0.884944818829964
TD	Neo(C)	P	0.6432851239124492
TD	Neo(C)	P	0.6388006766055703
TD	Neo(C)	P	0.7775542129432113
TD	Neo(C)	P	0.91325870855932
TD	Neo(C)	P	0.6690043758894912
TD	Neo(C)	P	0.260749118312877
TD	Neo(C)	P	0.5226696092914102
TD	Neo(C)	P	0.2770387691189478
TD	Neo(C)	P	0.2746078134939805
TD	Neo(C)	P	0.281633500980313
TD	Neo(C)	P	0.8952045298372404
TD	Neo(C)	P	1.0
TD	Neo(C)	P	0.4533536482889342
TD	Neo(C)	P	0.7344145212535289
TD	Neo(C)	P	0.4365624708925334
TD	Neo(C)	P	0.4360276412744877
TD	Neo(C)	P	0.3876980681077779
TD	Neo(C)	P	0.3210402401715323
TD	Neo(C)	P	0.2846304714737677
TD	Neo(C)	P	0.325272927955667
TD	Neo(C)	P	0.4611665103573926
TD	Neo(C)	P	0.6370789711071148
TD	Neo(C)	P	0.5205287825888443
TD	Neo(C)	P	0.6354758574937334
TD	Neo(C)	P	0.2298685988075547
TD	Neo(C)	P	0.5118187626398484
TD	Neo(C)	P	0.5026717325204114
TD	Neo(C)	P	0.5941079977259561
TD	Neo(C)	P	0.9995735603456144
TD	Neo(C)	P	0.525837893327498
TD	Neo(C)	P	0.6817857419010761
TD	Neo(C)	P	0.4709474327091687
TD	Neo(C)	P	0.4759200078493052
TD	Neo(C)	P	0.9983948970095288
TD	Neo(C)	P	0.358027399904596
TD	Neo(C)	P	0.974584761676871
TD	Neo(C)	P	0.3015887768773534
TD	Neo(C)	P	0.852716731000425
TD	Neo(C)	C	0.93349908965954
TD	Neo(C)	C	0.6866448664773867
TD	Neo(C)	C	0.8257228445129161
TD	Neo(C)	C	0.8439969137202683
TD	Neo(C)	C	0.8839672867509553
TD	Neo(C)	C	0.9403613595299852
TD	Neo(C)	C	0.978949797475359
TD	Neo(C)	C	1.0
TD	Neo(C)	C	0.724368961962618
TD	Neo(C)	C	0.5876521217196209
TD	Neo(C)	C	0.9427672963596242
TD	Neo(C)	C	0.9400359969948748
TD	Neo(C)	C	0.9757055042790124
TD	Neo(C)	C	0.5585117592623317
TD	Neo(C)	C	0.9553372219261927
TD	Neo(C)	C	0.8278241227322087
TD	Neo(C)	C	0.9547154918773246
TD	Neo(C)	C	1.0
TD	Neo(C)	C	0.9004664286128984
TD	Neo(C)	C	0.991495645181452
TD	Neo(C)	C	1.0
TD	Neo(C)	C	0.8217115897077454
TD	Neo(C)	C	0.8297885170611667
TD	Neo(C)	C	0.8902238457290913
TD	Neo(C)	C	0.4924464854661858
TD	Neo(C)	C	1.0
TD	Neo(C)	C	0.9548484455117804
TD	Neo(C)	C	0.8550625190606892
TD	Neo(C)	C	0.8688812468354812
TD	Neo(C)	C	0.8362562424097512
TD	Neo(C)	C	0.8842517870730584
TD	Neo(C)	C	0.988533837436312
TD	Neo(C)	C	0.7827960040577946
TD	Neo(C)	C	0.9747818085526324
TD	Neo(C)	C	0.9080182674468388
TD	Neo(C)	C	1.0
TD	Neo(C)	C	0.9141516859097544
TD	Neo(C)	C	0.9767261467215947
TD	Neo(C)	C	0.8792308315772409
TD	Neo(C)	C	0.9410218004976494
TD	Neo(C)	C	0.9613579190264232
TD	Neo(C)	C	0.637426492710226
TD	Neo(C)	C	0.8169969303087189
TD	Neo(C)	C	0.8588527562705712
TD	Neo(C)	C	0.8928277310924371
TD	Neo(C)	C	0.5841420298106246
TD	Neo(C)	C	0.924638208835066
TD	Neo(C)	C	0.6705958019060982
TD	Neo(C)	A	0.9968801913085152
TD	Neo(C)	A	0.2919813162848868
TD	Neo(C)	A	0.4403925476303248
TD	Neo(C)	A	0.4479469620877495
TD	Neo(C)	A	0.3330802149751428
TD	Neo(C)	A	0.5584094798119318
TD	Neo(C)	A	0.4151119161317105
TD	Neo(C)	A	0.4997758120498544
TD	Neo(C)	A	0.9940260966877578
TD	Neo(C)	A	0.8579396593989441
TD	Neo(C)	A	0.4407346909950913
TD	Neo(C)	A	0.7843153846172486
TD	Neo(C)	A	0.4589464961890799
TD	Neo(C)	A	0.951201375713262
TD	Neo(C)	A	0.2961015728754727
TD	Neo(C)	A	0.3315449904214505
TD	Neo(C)	A	0.4502531232975602
TD	Neo(C)	A	0.5917162887691882
TD	Neo(C)	A	0.3868865199842037
TD	Neo(C)	A	0.3605695099109904
TD	Neo(C)	A	0.8315872656518526
TD	Neo(C)	A	0.9894868285712354
TD	Neo(C)	A	0.6138271582306256
TD	Neo(C)	A	0.7126450325935594
TD	Neo(C)	A	0.6678903739324988
TD	Neo(C)	A	0.4859448937507567
TD	Neo(C)	A	0.6621238373498146
TD	Neo(C)	A	0.3247255024633458
TD	Neo(C)	A	0.3447880068414343
TD	Neo(C)	A	0.3436465326267866
TD	Neo(C)	A	0.482646539007246
TD	Neo(C)	A	0.737754421502801
TD	Neo(C)	A	0.550798260799796
TD	Neo(C)	A	0.5488163617402531
TD	Neo(C)	A	0.4134214683321729
TD	Neo(C)	A	0.3436465326267866
TD	Neo(C)	A	0.5442938043056773
TD	Neo(C)	A	0.523375598732852
TD	Neo(C)	A	0.9990858055319372
TD	Neo(C)	A	0.7843153846172486
TD	Neo(C)	A	0.4589464961890799
TD	Neo(C)	A	0.6518473357576884
TD	Neo(C)	A	0.4175546151207559
TD	Neo(C)	A	0.9755778124379434
TD	Neo(C)	A	0.2585718140241079
TD	Neo(C)	A	0.9958349804699445
TD	Neo(C)	A	0.7204256384074836
TD	Neo(C)	A	0.7937346803855567
PD	Neo(C)	P	0.6615899636520434
PD	Neo(C)	P	0.6019894804886644
PD	Neo(C)	P	0.2741548900194417
PD	Neo(C)	P	0.3902495421178759
PD	Neo(C)	P	1.0
PD	Neo(C)	P	0.3237892285195365
PD	Neo(C)	P	0.4408545136723506
PD	Neo(C)	P	0.5884209023870407
PD	Neo(C)	P	0.7072306095332631
PD	Neo(C)	P	0.2952236582271501
PD	Neo(C)	P	0.6386229595604959
PD	Neo(C)	P	0.9984749032985965
PD	Neo(C)	P	0.9711491071479388
PD	Neo(C)	P	0.6136043874836792
PD	Neo(C)	P	0.6136043874836792
PD	Neo(C)	P	0.695054306343879
PD	Neo(C)	P	0.6477688177595416
PD	Neo(C)	P	0.5213348793456518
PD	Neo(C)	P	0.5118187626398484
PD	Neo(C)	P	0.5118187626398484
PD	Neo(C)	P	0.2298336504286489
PD	Neo(C)	P	0.4462839021664914
PD	Neo(C)	P	0.2988524402945542
PD	Neo(C)	P	0.4590058779372876
PD	Neo(C)	C	0.874551946566039
PD	Neo(C)	C	0.7964557415317842
PD	Neo(C)	C	0.9003215914287033
PD	Neo(C)	C	0.9211504841680872
PD	Neo(C)	C	0.8556836894888928
PD	Neo(C)	C	0.819152499305315
PD	Neo(C)	C	0.9664581865418688
PD	Neo(C)	C	0.7378781566465838
PD	Neo(C)	C	0.8548743349844067
PD	Neo(C)	C	0.9691909424071284
PD	Neo(C)	C	0.8732902405425452
PD	Neo(C)	C	0.8577634748657104
PD	Neo(C)	C	0.9861069915137518
PD	Neo(C)	C	0.7489157520810138
PD	Neo(C)	C	0.8386470646340258
PD	Neo(C)	C	0.9455393369069478
PD	Neo(C)	C	0.9944049342079864
PD	Neo(C)	C	0.6855022716966526
PD	Neo(C)	C	0.8999231030350054
PD	Neo(C)	C	0.8044062892132999
PD	Neo(C)	C	0.7974427201942651
PD	Neo(C)	C	1.0
PD	Neo(C)	C	0.996793057824461
PD	Neo(C)	C	0.9673471099572004
PD	Neo(C)	A	0.5056483029860424
PD	Neo(C)	A	0.2572066324091017
PD	Neo(C)	A	0.5329646580870231
PD	Neo(C)	A	0.5671453251228044
PD	Neo(C)	A	0.9984062101538462
PD	Neo(C)	A	0.4999903447261726
PD	Neo(C)	A	0.4884466483417776
PD	Neo(C)	A	0.6619369945042195
PD	Neo(C)	A	0.6050630359614071
PD	Neo(C)	A	0.5683696872622177
PD	Neo(C)	A	0.6260276728633587
PD	Neo(C)	A	1.0
PD	Neo(C)	A	0.9459173987492556
PD	Neo(C)	A	0.7078962711959937
PD	Neo(C)	A	0.7078962711959937
PD	Neo(C)	A	0.503969170405449
PD	Neo(C)	A	0.7519581639880597
PD	Neo(C)	A	0.7002955217399037
PD	Neo(C)	A	0.3436465326267866
PD	Neo(C)	A	0.3436465326267866
PD	Neo(C)	A	0.3868746532647693
PD	Neo(C)	A	0.6085403976591043
PD	Neo(C)	A	0.2939752515075116
PD	Neo(C)	A	0.6371568574956541
TRD	Neo(C)	P	0.4977385048884553
TRD	Neo(C)	P	0.604662632771183
TRD	Neo(C)	P	0.5125284665216027
TRD	Neo(C)	P	0.5772012599608546
TRD	Neo(C)	P	0.8228283171525159
TRD	Neo(C)	P	0.3686355486634594
TRD	Neo(C)	P	0.5284364250736096
TRD	Neo(C)	P	0.5314942599463732
TRD	Neo(C)	P	0.7980865481017044
TRD	Neo(C)	P	0.6142968091459489
TRD	Neo(C)	P	0.5306147418312983
TRD	Neo(C)	P	0.3753554658087404
TRD	Neo(C)	P	0.2860859932995114
TRD	Neo(C)	P	0.4543256020216578
TRD	Neo(C)	P	0.2764523880821382
TRD	Neo(C)	P	0.1543993370783381
TRD	Neo(C)	P	0.218842145501546
TRD	Neo(C)	P	0.5311104140591336
TRD	Neo(C)	P	0.3233667589036408
TRD	Neo(C)	P	0.3987498067110669
TRD	Neo(C)	P	0.3059346870794494
TRD	Neo(C)	P	0.321472041277784
TRD	Neo(C)	P	0.4213298288861196
TRD	Neo(C)	P	0.2593986285136773
TRD	Neo(C)	P	0.3221639232460229
TRD	Neo(C)	P	0.9998633329166738
TRD	Neo(C)	P	0.2492252975506027
TRD	Neo(C)	P	0.2636640966483318
TRD	Neo(C)	P	0.4334864907161661
TRD	Neo(C)	P	0.4334864907161661
TRD	Neo(C)	P	0.3575004585565134
TRD	Neo(C)	P	0.4725528945314595
TRD	Neo(C)	P	0.2819240524600238
TRD	Neo(C)	P	0.2820579775269379
TRD	Neo(C)	P	0.3876980681077779
TRD	Neo(C)	P	0.3359118257626403
TRD	Neo(C)	P	0.641599382746376
TRD	Neo(C)	P	0.5386935525054054
TRD	Neo(C)	P	0.2925194090039905
TRD	Neo(C)	P	0.3894014025070984
TRD	Neo(C)	P	0.5354432476542768
TRD	Neo(C)	P	0.4185261924344113
TRD	Neo(C)	P	0.6734386898681681
TRD	Neo(C)	P	0.4692559969287526
TRD	Neo(C)	P	0.4818779415320754
TRD	Neo(C)	P	0.5125323534709396
TRD	Neo(C)	P	0.3562797323833004
TRD	Neo(C)	P	0.6197500850446515
TRD	Neo(C)	P	0.4013076710982165
TRD	Neo(C)	P	0.273209076064929
TRD	Neo(C)	P	0.8418050016962877
TRD	Neo(C)	P	0.3608792986291261
TRD	Neo(C)	P	0.2516549686941102
TRD	Neo(C)	P	0.8266284309080818
TRD	Neo(C)	P	0.5691787347099393
TRD	Neo(C)	P	0.6514143163014701
TRD	Neo(C)	P	0.6912094085403744
TRD	Neo(C)	P	0.4585464352737777
TRD	Neo(C)	P	0.3924177845863374
TRD	Neo(C)	P	0.659967590301791
TRD	Neo(C)	P	0.3270865334850928
TRD	Neo(C)	P	0.2633082742484309
TRD	Neo(C)	P	0.1434653527149021
TRD	Neo(C)	P	0.8104686995124339
TRD	Neo(C)	P	0.5311104140591336
TRD	Neo(C)	P	0.6204937641942507
TRD	Neo(C)	P	0.8923758290995035
TRD	Neo(C)	P	0.3622879569008823
TRD	Neo(C)	P	0.32898201195126
TRD	Neo(C)	P	0.572076202114524
TRD	Neo(C)	P	0.6532840280290986
TRD	Neo(C)	P	0.4543610022227399
TRD	Neo(C)	P	0.1080238229701346
TRD	Neo(C)	P	0.696519880675482
TRD	Neo(C)	P	0.3489024630296155
TRD	Neo(C)	P	0.3408409495401235
TRD	Neo(C)	P	0.8630657689707469
TRD	Neo(C)	P	0.4168518475047779
TRD	Neo(C)	P	0.8952045298372404
TRD	Neo(C)	P	0.7206042418535388
TRD	Neo(C)	P	0.1790130541682529
TRD	Neo(C)	P	0.2975108198758557
TRD	Neo(C)	P	0.618484608751656
TRD	Neo(C)	P	0.4854207496163411
TRD	Neo(C)	P	0.1232115123435193
TRD	Neo(C)	P	0.4024620032600753
TRD	Neo(C)	P	0.4458910497872643
TRD	Neo(C)	P	0.4071834060688019
TRD	Neo(C)	P	0.7319332993657889
TRD	Neo(C)	P	0.593254851234912
TRD	Neo(C)	P	0.48414636432914
TRD	Neo(C)	P	0.6351685102983577
TRD	Neo(C)	P	0.2324612026060478
TRD	Neo(C)	P	0.6564414299496233
TRD	Neo(C)	P	0.4966038067712305
TRD	Neo(C)	P	0.4624869626664705
TRD	Neo(C)	P	0.2857632846874188
TRD	Neo(C)	P	0.7645157916126578
TRD	Neo(C)	P	0.9982926502688636
TRD	Neo(C)	P	0.6204937641942507
TRD	Neo(C)	P	0.8037151695821526
TRD	Neo(C)	P	0.2413104699427176
TRD	Neo(C)	P	0.4866812710001293
TRD	Neo(C)	P	0.439972083282418
TRD	Neo(C)	P	0.68456526789501
TRD	Neo(C)	P	0.4020680033319075
TRD	Neo(C)	P	0.3425075363696772
TRD	Neo(C)	P	0.5011280435950379
TRD	Neo(C)	P	0.4812237362614546
TRD	Neo(C)	P	0.1720428274326629
TRD	Neo(C)	P	0.2270464203108273
TRD	Neo(C)	P	0.6030248725128093
TRD	Neo(C)	P	0.6113659726566694
TRD	Neo(C)	P	0.2633082742484309
TRD	Neo(C)	P	0.6256350080506425
TRD	Neo(C)	P	0.6152510863123812
TRD	Neo(C)	P	0.2577458994592234
TRD	Neo(C)	P	0.3062199712363754
TRD	Neo(C)	P	0.4413125166177646
TRD	Neo(C)	P	0.4881530576421851
TRD	Neo(C)	P	0.4334864907161661
TRD	Neo(C)	P	0.302798053727098
TRD	Neo(C)	P	0.1490279610168643
TRD	Neo(C)	P	0.3374419073584208
TRD	Neo(C)	P	0.1629103744512115
TRD	Neo(C)	P	0.1629103744512115
TRD	Neo(C)	P	0.5173668126242641
TRD	Neo(C)	P	0.7190800544070878
TRD	Neo(C)	P	0.5584562355821718
TRD	Neo(C)	P	0.5584562355821718
TRD	Neo(C)	P	0.4200628574267074
TRD	Neo(C)	P	0.4750279280594808
TRD	Neo(C)	P	0.3290325559916878
TRD	Neo(C)	P	0.4107242514667802
TRD	Neo(C)	P	0.743886824999405
TRD	Neo(C)	P	0.2664935547766695
TRD	Neo(C)	P	0.4432531791482776
TRD	Neo(C)	P	0.3717323756928806
TRD	Neo(C)	P	0.3770081167479822
TRD	Neo(C)	P	0.4436197319091389
TRD	Neo(C)	P	0.4148144355410611
TRD	Neo(C)	P	0.4422001173092301
TRD	Neo(C)	P	0.4026041123896326
TRD	Neo(C)	P	0.4026041123896326
TRD	Neo(C)	P	0.4026041123896326
TRD	Neo(C)	P	0.6940612036314521
TRD	Neo(C)	P	0.3569211905456567
TRD	Neo(C)	P	0.1722423905699525
TRD	Neo(C)	P	0.3687706121197556
TRD	Neo(C)	P	0.6218369002618848
TRD	Neo(C)	P	0.3595669759125244
TRD	Neo(C)	P	0.7534820938563257
TRD	Neo(C)	P	0.2594337746266708
TRD	Neo(C)	P	0.2229505526814659
TRD	Neo(C)	P	0.6282367290288958
TRD	Neo(C)	P	0.3383805821676716
TRD	Neo(C)	P	0.5087760191998122
TRD	Neo(C)	P	0.5401877757697675
TRD	Neo(C)	P	0.9662938300401672
TRD	Neo(C)	P	0.5006784635374506
TRD	Neo(C)	P	0.4611283239052884
TRD	Neo(C)	P	0.3250087293307191
TRD	Neo(C)	P	0.590161902392544
TRD	Neo(C)	P	0.3062199712363754
TRD	Neo(C)	P	0.3232327614411468
TRD	Neo(C)	P	0.8104686995124339
TRD	Neo(C)	P	0.4120446056685097
TRD	Neo(C)	P	0.4827666037274611
TRD	Neo(C)	P	0.5652132807367428
TRD	Neo(C)	P	0.1717850410183478
TRD	Neo(C)	P	0.371334900831951
TRD	Neo(C)	P	0.5905646487895941
TRD	Neo(C)	P	0.5912619221018213
TRD	Neo(C)	P	0.517056286278347
TRD	Neo(C)	P	0.3434237725487601
TRD	Neo(C)	P	0.4237859267698146
TRD	Neo(C)	P	0.3912450328238798
TRD	Neo(C)	P	0.4443599974472816
TRD	Neo(C)	P	0.527202809400335
TRD	Neo(C)	P	0.5351781481645099
TRD	Neo(C)	P	0.5008536094320923
TRD	Neo(C)	P	0.3349752042154519
TRD	Neo(C)	P	0.3349752042154519
TRD	Neo(C)	P	0.2878046397894248
TRD	Neo(C)	P	0.1736294938676048
TRD	Neo(C)	P	0.7068322588870022
TRD	Neo(C)	P	0.5664178577497749
TRD	Neo(C)	P	0.590161902392544
TRD	Neo(C)	P	0.6271386880760085
TRD	Neo(C)	P	0.6271386880760085
TRD	Neo(C)	P	0.4982045919638336
TRD	Neo(C)	P	0.2352855134122758
TRD	Neo(C)	P	0.3622879569008823
TRD	Neo(C)	P	0.7943600429623813
TRD	Neo(C)	P	0.3736841841704323
TRD	Neo(C)	P	0.9048865446723428
TRD	Neo(C)	P	0.2214392208725847
TRD	Neo(C)	P	0.1382239980616252
TRD	Neo(C)	P	0.3441497346603312
TRD	Neo(C)	P	0.5179163984620214
TRD	Neo(C)	P	0.460843065668063
TRD	Neo(C)	P	0.570091047768852
TRD	Neo(C)	P	0.798159576217483
TRD	Neo(C)	P	0.7068991168422285
TRD	Neo(C)	P	0.9276779160317078
TRD	Neo(C)	P	0.3359118257626403
TRD	Neo(C)	P	0.3222436662465872
TRD	Neo(C)	P	0.6397656865762542
TRD	Neo(C)	P	0.3252839576356047
TRD	Neo(C)	P	0.4001689772606739
TRD	Neo(C)	P	0.8402886391666848
TRD	Neo(C)	P	0.4414331624719564
TRD	Neo(C)	P	0.3595006624827013
TRD	Neo(C)	P	0.6977443676030959
TRD	Neo(C)	P	0.5179497965506311
TRD	Neo(C)	P	0.2984994372432071
TRD	Neo(C)	P	0.4590587778802746
TRD	Neo(C)	P	0.5316667752057805
TRD	Neo(C)	P	0.2409400464826088
TRD	Neo(C)	P	0.7915111983157045
TRD	Neo(C)	P	0.8104686995124339
TRD	Neo(C)	P	0.7869417463920351
TRD	Neo(C)	P	0.8699351693687755
TRD	Neo(C)	P	0.5272960533081412
TRD	Neo(C)	P	0.3663745467750026
TRD	Neo(C)	P	0.3182171328385714
TRD	Neo(C)	P	0.2352855134122758
TRD	Neo(C)	P	0.439972083282418
TRD	Neo(C)	P	1.0
TRD	Neo(C)	P	0.8474448669201522
TRD	Neo(C)	P	0.8228283171525159
TRD	Neo(C)	P	0.6059549235326687
TRD	Neo(C)	P	0.0963457031081196
TRD	Neo(C)	P	0.3483433280474804
TRD	Neo(C)	P	0.8136553737916176
TRD	Neo(C)	P	0.3359118257626403
TRD	Neo(C)	P	0.6400195138356076
TRD	Neo(C)	P	0.4933852688759675
TRD	Neo(C)	P	0.5032117907341215
TRD	Neo(C)	P	0.6802359809931525
TRD	Neo(C)	P	0.5322577102879713
TRD	Neo(C)	P	0.39636066505576
TRD	Neo(C)	P	0.4166360547995317
TRD	Neo(C)	P	0.698375929344444
TRD	Neo(C)	P	0.2741538013521812
TRD	Neo(C)	P	0.5434688507127658
TRD	Neo(C)	P	0.5719730099663067
TRD	Neo(C)	P	0.6530182376641587
TRD	Neo(C)	P	0.3259634523315648
TRD	Neo(C)	P	0.7156095806672895
TRD	Neo(C)	P	0.3246298757541313
TRD	Neo(C)	P	0.9674445451489088
TRD	Neo(C)	P	0.5434688507127658
TRD	Neo(C)	P	0.5833500858680084
TRD	Neo(C)	P	0.415545504323824
TRD	Neo(C)	P	0.6425538482095592
TRD	Neo(C)	P	0.86987773066261
TRD	Neo(C)	P	0.2298336504286489
TRD	Neo(C)	P	0.2956401371452796
TRD	Neo(C)	P	0.5525763686561853
TRD	Neo(C)	P	0.5512864065571128
TRD	Neo(C)	P	0.7984949943999796
TRD	Neo(C)	P	0.5310493541047808
TRD	Neo(C)	P	0.5565969362195464
TRD	Neo(C)	P	0.3504292422408058
TRD	Neo(C)	P	0.424235394126272
TRD	Neo(C)	P	0.4074965738787602
TRD	Neo(C)	P	0.7085355194812236
TRD	Neo(C)	P	0.4090133465056136
TRD	Neo(C)	P	0.6236338954318066
TRD	Neo(C)	P	0.1154609724652806
TRD	Neo(C)	P	0.3222141474667669
TRD	Neo(C)	P	0.1666183023079379
TRD	Neo(C)	P	0.4958437502722824
TRD	Neo(C)	P	0.5311104140591336
TRD	Neo(C)	P	0.4056591906640093
TRD	Neo(C)	P	0.5672938045525189
TRD	Neo(C)	P	0.447080059130929
TRD	Neo(C)	P	0.5803367330368137
TRD	Neo(C)	P	0.8210372486558939
TRD	Neo(C)	P	0.5707091158023584
TRD	Neo(C)	P	0.5942907731011878
TRD	Neo(C)	P	0.4214320826522265
TRD	Neo(C)	P	0.8008806190891189
TRD	Neo(C)	P	0.2133166021460643
TRD	Neo(C)	P	0.5477938187670298
TRD	Neo(C)	P	0.8428337048196269
TRD	Neo(C)	P	0.4455133388268947
TRD	Neo(C)	P	0.4801068042051946
TRD	Neo(C)	P	0.4956794009271745
TRD	Neo(C)	P	0.4135426821471489
TRD	Neo(C)	P	0.3138640389095151
TRD	Neo(C)	P	0.2550228912373998
TRD	Neo(C)	P	0.8376655519146737
TRD	Neo(C)	P	0.5571856007140963
TRD	Neo(C)	P	0.7063109612527315
TRD	Neo(C)	P	0.7094958700391109
TRD	Neo(C)	P	0.304536802609637
TRD	Neo(C)	P	0.8944600054297542
TRD	Neo(C)	P	0.5620013543920018
TRD	Neo(C)	P	0.3253196771089252
TRD	Neo(C)	P	0.5272960533081412
TRD	Neo(C)	P	0.3435945499009943
TRD	Neo(C)	P	0.5664178577497749
TRD	Neo(C)	P	0.4289733762439482
TRD	Neo(C)	P	0.4713521339357161
TRD	Neo(C)	P	0.4257038506729078
TRD	Neo(C)	P	0.6030248725128093
TRD	Neo(C)	P	0.7553610101553943
TRD	Neo(C)	P	0.244226220737742
TRD	Neo(C)	P	0.6091071790340015
TRD	Neo(C)	P	0.8376655519146737
TRD	Neo(C)	P	0.5289797810723845
TRD	Neo(C)	P	0.273209076064929
TRD	Neo(C)	P	0.4190013096617583
TRD	Neo(C)	P	0.6963560660063809
TRD	Neo(C)	P	0.4259741607302505
TRD	Neo(C)	P	0.2500068373490928
TRD	Neo(C)	P	0.324578844782213
TRD	Neo(C)	P	0.5198760374188028
TRD	Neo(C)	P	0.1736294938676048
TRD	Neo(C)	P	0.3232327614411468
TRD	Neo(C)	P	0.6523851796347139
TRD	Neo(C)	P	0.3670848809340531
TRD	Neo(C)	P	0.4865083197540857
TRD	Neo(C)	P	0.2612966404979436
TRD	Neo(C)	P	0.7943600429623813
TRD	Neo(C)	P	0.264172579207462
TRD	Neo(C)	P	0.5294949265355283
TRD	Neo(C)	P	0.3925005743173268
TRD	Neo(C)	P	0.3905076580656098
TRD	Neo(C)	P	0.9982926502688636
TRD	Neo(C)	P	0.4375449259837142
TRD	Neo(C)	P	0.7094958700391109
TRD	Neo(C)	P	0.291932064212919
TRD	Neo(C)	P	0.2568319990288691
TRD	Neo(C)	P	0.3282212472465282
TRD	Neo(C)	P	0.4674257233682334
TRD	Neo(C)	P	0.7094958700391109
TRD	Neo(C)	P	0.68456526789501
TRD	Neo(C)	P	0.5176828083990609
TRD	Neo(C)	P	0.4185261924344113
TRD	Neo(C)	P	0.1736294938676048
TRD	Neo(C)	P	0.6523851796347139
TRD	Neo(C)	P	0.4185261924344113
TRD	Neo(C)	P	0.3232327614411468
TRD	Neo(C)	P	0.6523851796347139
TRD	Neo(C)	P	0.6490383855908715
TRD	Neo(C)	P	0.6801243889138487
TRD	Neo(C)	P	0.7141872455869793
TRD	Neo(C)	P	0.4740996381652028
TRD	Neo(C)	P	0.8630657689707469
TRD	Neo(C)	P	0.4119964475865998
TRD	Neo(C)	P	0.1589013602530811
TRD	Neo(C)	P	0.82687038724359
TRD	Neo(C)	P	0.5816626856238587
TRD	Neo(C)	P	0.5790332883599072
TRD	Neo(C)	P	0.2374952046447609
TRD	Neo(C)	P	0.3814796160269865
TRD	Neo(C)	P	0.4125901596330049
TRD	Neo(C)	P	0.3910479010152473
TRD	Neo(C)	C	0.9958199860062068
TRD	Neo(C)	C	0.8459360323609065
TRD	Neo(C)	C	1.0
TRD	Neo(C)	C	1.0
TRD	Neo(C)	C	0.795049542624922
TRD	Neo(C)	C	1.0
TRD	Neo(C)	C	0.8417438110283084
TRD	Neo(C)	C	1.0
TRD	Neo(C)	C	1.0
TRD	Neo(C)	C	0.8248951495992305
TRD	Neo(C)	C	0.9451887852915176
TRD	Neo(C)	C	0.9351360631311876
TRD	Neo(C)	C	0.7616778930713755
TRD	Neo(C)	C	0.7801618472675553
TRD	Neo(C)	C	0.5498902553247035
TRD	Neo(C)	C	0.7948615410357233
TRD	Neo(C)	C	0.9590014306979386
TRD	Neo(C)	C	0.9357620182850108
TRD	Neo(C)	C	0.9189888007203556
TRD	Neo(C)	C	0.8827853725222147
TRD	Neo(C)	C	0.9084954576922536
TRD	Neo(C)	C	0.738732825549215
TRD	Neo(C)	C	0.7823614984053269
TRD	Neo(C)	C	1.0
TRD	Neo(C)	C	1.0
TRD	Neo(C)	C	0.9208207208263296
TRD	Neo(C)	C	0.9064107593342072
TRD	Neo(C)	C	0.7498411412399426
TRD	Neo(C)	C	0.8279262415866822
TRD	Neo(C)	C	0.9924526937780842
TRD	Neo(C)	C	0.9231794309964588
TRD	Neo(C)	C	0.9472648976636184
TRD	Neo(C)	C	0.9157741115802632
TRD	Neo(C)	C	0.7719892295767955
TRD	Neo(C)	C	0.9896000034140324
TRD	Neo(C)	C	0.9166323560729752
TRD	Neo(C)	C	1.0
TRD	Neo(C)	C	0.8213900263876768
TRD	Neo(C)	C	0.8387512994557573
TRD	Neo(C)	C	0.8678991282523663
TRD	Neo(C)	C	0.7223260833219339
TRD	Neo(C)	C	0.797046566164154
TRD	Neo(C)	C	1.0
TRD	Neo(C)	C	0.7016013714755213
TRD	Neo(C)	C	0.8125952683440947
TRD	Neo(C)	C	0.8465799840787083
TRD	Neo(C)	C	1.0
TRD	Neo(C)	C	0.8248848629805856
TRD	Neo(C)	C	0.8369549911747732
TRD	Neo(C)	C	0.6927565633836276
TRD	Neo(C)	C	0.6147189563953178
TRD	Neo(C)	C	0.8819378725180649
TRD	Neo(C)	C	0.9931585215303564
TRD	Neo(C)	C	0.953253782210038
TRD	Neo(C)	C	0.721438811064579
TRD	Neo(C)	C	0.78460744522086
TRD	Neo(C)	C	0.9806042213494268
TRD	Neo(C)	C	0.9478252596096342
TRD	Neo(C)	C	1.0
TRD	Neo(C)	C	0.7550908287440266
TRD	Neo(C)	C	0.7470724996617147
TRD	Neo(C)	C	0.7068115652880318
TRD	Neo(C)	C	1.0
TRD	Neo(C)	C	0.9438527267835868
TRD	Neo(C)	C	0.9800353007628946
TRD	Neo(C)	C	0.7368706329448322
TRD	Neo(C)	C	0.948627692332816
TRD	Neo(C)	C	0.6076858771238752
TRD	Neo(C)	C	0.9107152987370912
TRD	Neo(C)	C	0.965044951477125
TRD	Neo(C)	C	0.7238841517474783
TRD	Neo(C)	C	0.7585294521488397
TRD	Neo(C)	C	1.0
TRD	Neo(C)	C	0.9964377041963296
TRD	Neo(C)	C	1.0
TRD	Neo(C)	C	0.657421034049576
TRD	Neo(C)	C	0.5815608676326255
TRD	Neo(C)	C	1.0
TRD	Neo(C)	C	0.6355042405448936
TRD	Neo(C)	C	0.9371731416514184
TRD	Neo(C)	C	0.9191472028713028
TRD	Neo(C)	C	0.8322485039248569
TRD	Neo(C)	C	0.9357870661625932
TRD	Neo(C)	C	0.9809275131596696
TRD	Neo(C)	C	0.9152330250768548
TRD	Neo(C)	C	0.9595842267654792
TRD	Neo(C)	C	0.919623685159842
TRD	Neo(C)	C	0.939275185524042
TRD	Neo(C)	C	0.9463653649764292
TRD	Neo(C)	C	0.8414208637944587
TRD	Neo(C)	C	1.0
TRD	Neo(C)	C	0.9641182892370924
TRD	Neo(C)	C	0.8572613353287174
TRD	Neo(C)	C	0.9811122689661076
TRD	Neo(C)	C	0.8010988688115177
TRD	Neo(C)	C	1.0
TRD	Neo(C)	C	0.5999206082941283
TRD	Neo(C)	C	1.0
TRD	Neo(C)	C	0.7142878855429011
TRD	Neo(C)	C	0.8981313027093405
TRD	Neo(C)	C	0.8037522733799177
TRD	Neo(C)	C	1.0
TRD	Neo(C)	C	1.0
TRD	Neo(C)	C	0.6521205648660718
TRD	Neo(C)	C	0.8272872176478359
TRD	Neo(C)	C	0.9754088294136456
TRD	Neo(C)	C	0.9318045845222804
TRD	Neo(C)	C	1.0
TRD	Neo(C)	C	1.0
TRD	Neo(C)	C	1.0
TRD	Neo(C)	C	1.0
TRD	Neo(C)	C	0.7501561355812368
TRD	Neo(C)	C	0.4697992473466542
TRD	Neo(C)	C	0.6768584782456896
TRD	Neo(C)	C	0.7721870817239666
TRD	Neo(C)	C	0.809571152527582
TRD	Neo(C)	C	1.0
TRD	Neo(C)	C	0.9411467368546989
TRD	Neo(C)	C	0.9284672516834748
TRD	Neo(C)	C	1.0
TRD	Neo(C)	C	0.9719289461672892
TRD	Neo(C)	C	0.7340495232662698
TRD	Neo(C)	C	0.8191360223079313
TRD	Neo(C)	C	0.8508269735937504
TRD	Neo(C)	C	0.8408884620267489
TRD	Neo(C)	C	0.8103975316703853
TRD	Neo(C)	C	1.0
TRD	Neo(C)	C	0.8549447821125558
TRD	Neo(C)	C	0.8738709542848737
TRD	Neo(C)	C	0.860284304024668
TRD	Neo(C)	C	0.8843995306494735
TRD	Neo(C)	C	0.7988885784736478
TRD	Neo(C)	C	0.9408531972849112
TRD	Neo(C)	C	1.0
TRD	Neo(C)	C	1.0
TRD	Neo(C)	C	1.0
TRD	Neo(C)	C	0.8240099398062704
TRD	Neo(C)	C	0.8817373384875993
TRD	Neo(C)	C	0.7055359764757523
TRD	Neo(C)	C	0.832299033049502
TRD	Neo(C)	C	0.9639850796482804
TRD	Neo(C)	C	0.7885529568359003
TRD	Neo(C)	C	1.0
TRD	Neo(C)	C	1.0
TRD	Neo(C)	C	0.993072611038314
TRD	Neo(C)	C	0.9496897507824478
TRD	Neo(C)	C	0.9375063982652556
TRD	Neo(C)	C	0.6819864920907637
TRD	Neo(C)	C	0.8620469655382739
TRD	Neo(C)	C	0.8968881157660629
TRD	Neo(C)	C	0.6824687400024856
TRD	Neo(C)	C	0.4423969528912906
TRD	Neo(C)	C	0.9371256156248656
TRD	Neo(C)	C	0.7332355260695993
TRD	Neo(C)	C	0.9515348978421472
TRD	Neo(C)	C	0.8095733389938442
TRD	Neo(C)	C	0.940417827206016
TRD	Neo(C)	C	0.8639781971653878
TRD	Neo(C)	C	1.0
TRD	Neo(C)	C	1.0
TRD	Neo(C)	C	1.0
TRD	Neo(C)	C	0.962759178153922
TRD	Neo(C)	C	1.0
TRD	Neo(C)	C	1.0
TRD	Neo(C)	C	0.9585952101569968
TRD	Neo(C)	C	0.9446982650220164
TRD	Neo(C)	C	0.8075748351258276
TRD	Neo(C)	C	1.0
TRD	Neo(C)	C	0.8348330249943366
TRD	Neo(C)	C	0.9181839711773452
TRD	Neo(C)	C	0.9131479003502696
TRD	Neo(C)	C	0.8497399328037301
TRD	Neo(C)	C	0.8364170201182869
TRD	Neo(C)	C	0.5686443547526229
TRD	Neo(C)	C	0.8017590270381696
TRD	Neo(C)	C	0.8037481214144444
TRD	Neo(C)	C	1.0
TRD	Neo(C)	C	0.4337851932331267
TRD	Neo(C)	C	0.8266954641358526
TRD	Neo(C)	C	1.0
TRD	Neo(C)	C	1.0
TRD	Neo(C)	C	0.8553282694503099
TRD	Neo(C)	C	0.977087329553898
TRD	Neo(C)	C	0.800054274351429
TRD	Neo(C)	C	0.9689263501472342
TRD	Neo(C)	C	1.0
TRD	Neo(C)	C	0.9427629527543124
TRD	Neo(C)	C	0.8395795687293596
TRD	Neo(C)	C	0.8285500066943365
TRD	Neo(C)	C	0.8307903354279139
TRD	Neo(C)	C	0.6886614285676506
TRD	Neo(C)	C	0.8250980149439442
TRD	Neo(C)	C	0.8920511128371945
TRD	Neo(C)	C	1.0
TRD	Neo(C)	C	0.994474849683898
TRD	Neo(C)	C	0.8326483466865477
TRD	Neo(C)	C	1.0
TRD	Neo(C)	C	1.0
TRD	Neo(C)	C	0.9755178526554696
TRD	Neo(C)	C	1.0
TRD	Neo(C)	C	0.8108848637688073
TRD	Neo(C)	C	0.9063099880329216
TRD	Neo(C)	C	0.7948424008387025
TRD	Neo(C)	C	0.6470192164892723
TRD	Neo(C)	C	0.7471390898070918
TRD	Neo(C)	C	1.0
TRD	Neo(C)	C	0.9883224095137232
TRD	Neo(C)	C	1.0
TRD	Neo(C)	C	1.0
TRD	Neo(C)	C	0.962990939918526
TRD	Neo(C)	C	0.9169635471356952
TRD	Neo(C)	C	1.0
TRD	Neo(C)	C	0.8817281691631591
TRD	Neo(C)	C	1.0
TRD	Neo(C)	C	0.7900967623201396
TRD	Neo(C)	C	0.6086418285410196
TRD	Neo(C)	C	0.5424258655386461
TRD	Neo(C)	C	1.0
TRD	Neo(C)	C	0.8591502770951569
TRD	Neo(C)	C	0.9343382784958872
TRD	Neo(C)	C	0.9193760779251772
TRD	Neo(C)	C	0.9399282790955096
TRD	Neo(C)	C	0.938587159424047
TRD	Neo(C)	C	0.8810927165578211
TRD	Neo(C)	C	1.0
TRD	Neo(C)	C	0.9563139156475704
TRD	Neo(C)	C	0.972568847241168
TRD	Neo(C)	C	0.8052104794151859
TRD	Neo(C)	C	0.7562515046224094
TRD	Neo(C)	C	0.931072063680244
TRD	Neo(C)	C	0.8237751209974679
TRD	Neo(C)	C	0.8815316344523273
TRD	Neo(C)	C	0.9158244095302563
TRD	Neo(C)	C	0.8619436923435027
TRD	Neo(C)	C	0.9142431021625652
TRD	Neo(C)	C	0.893938575857506
TRD	Neo(C)	C	0.9894922994205492
TRD	Neo(C)	C	0.8422553306920495
TRD	Neo(C)	C	1.0
TRD	Neo(C)	C	1.0
TRD	Neo(C)	C	1.0
TRD	Neo(C)	C	0.9012989437746718
TRD	Neo(C)	C	0.8459095004942858
TRD	Neo(C)	C	0.8842112373837718
TRD	Neo(C)	C	1.0
TRD	Neo(C)	C	0.7904689452806608
TRD	Neo(C)	C	1.0
TRD	Neo(C)	C	0.8570756672012687
TRD	Neo(C)	C	0.8210698744724244
TRD	Neo(C)	C	0.7023274815294697
TRD	Neo(C)	C	0.8246792116407171
TRD	Neo(C)	C	0.9888464055730314
TRD	Neo(C)	C	1.0
TRD	Neo(C)	C	1.0
TRD	Neo(C)	C	0.8411993354151168
TRD	Neo(C)	C	0.7952804267011475
TRD	Neo(C)	C	0.9876376436793308
TRD	Neo(C)	C	0.9809333188489692
TRD	Neo(C)	C	0.8430585273991065
TRD	Neo(C)	C	1.0
TRD	Neo(C)	C	1.0
TRD	Neo(C)	C	0.966475924380379
TRD	Neo(C)	C	0.8982183530945823
TRD	Neo(C)	C	0.8088035465578868
TRD	Neo(C)	C	0.8149049941146795
TRD	Neo(C)	C	1.0
TRD	Neo(C)	C	0.9018750555407448
TRD	Neo(C)	C	1.0
TRD	Neo(C)	C	1.0
TRD	Neo(C)	C	0.806744427480916
TRD	Neo(C)	C	0.8924977783063591
TRD	Neo(C)	C	1.0
TRD	Neo(C)	C	0.9709182359022662
TRD	Neo(C)	C	0.7849915746083815
TRD	Neo(C)	C	0.9568130515897691
TRD	Neo(C)	C	0.9170803641933613
TRD	Neo(C)	C	0.8954016138090986
TRD	Neo(C)	C	0.9133194550965996
TRD	Neo(C)	C	0.569493075552279
TRD	Neo(C)	C	0.9397263401377526
TRD	Neo(C)	C	0.747665290457638
TRD	Neo(C)	C	0.8748003102505137
TRD	Neo(C)	C	0.8686372583015061
TRD	Neo(C)	C	0.862906109314307
TRD	Neo(C)	C	1.0
TRD	Neo(C)	C	0.9000018137957303
TRD	Neo(C)	C	0.8502773408848785
TRD	Neo(C)	C	0.8594544577293968
TRD	Neo(C)	C	1.0
TRD	Neo(C)	C	0.9541217671067947
TRD	Neo(C)	C	1.0
TRD	Neo(C)	C	0.9429290678221868
TRD	Neo(C)	C	1.0
TRD	Neo(C)	C	0.9965213522828216
TRD	Neo(C)	C	0.7710997508345387
TRD	Neo(C)	C	0.8736568031308586
TRD	Neo(C)	C	0.5503107649403136
TRD	Neo(C)	C	0.863210488574334
TRD	Neo(C)	C	0.9955573905933316
TRD	Neo(C)	C	1.0
TRD	Neo(C)	C	1.0
TRD	Neo(C)	C	0.7685375732939004
TRD	Neo(C)	C	0.6717006747583636
TRD	Neo(C)	C	0.7637445536829996
TRD	Neo(C)	C	1.0
TRD	Neo(C)	C	0.7276278259979005
TRD	Neo(C)	C	0.9483991738022997
TRD	Neo(C)	C	0.7977097704989619
TRD	Neo(C)	C	0.8758573568444012
TRD	Neo(C)	C	0.9249379558666408
TRD	Neo(C)	C	0.9744878947817746
TRD	Neo(C)	C	0.9260090272123204
TRD	Neo(C)	C	0.603918725238708
TRD	Neo(C)	C	0.4585618868683322
TRD	Neo(C)	C	1.0
TRD	Neo(C)	C	0.8248951495992305
TRD	Neo(C)	C	0.7801618472675553
TRD	Neo(C)	C	0.7948615410357233
TRD	Neo(C)	C	1.0
TRD	Neo(C)	C	1.0
TRD	Neo(C)	C	0.797046566164154
TRD	Neo(C)	C	0.797046566164154
TRD	Neo(C)	C	0.797046566164154
TRD	Neo(C)	C	0.9931585215303564
TRD	Neo(C)	C	0.9107152987370912
TRD	Neo(C)	C	1.0
TRD	Neo(C)	C	0.5815608676326255
TRD	Neo(C)	C	0.8249966858843687
TRD	Neo(C)	C	0.8249966858843687
TRD	Neo(C)	C	0.9152330250768548
TRD	Neo(C)	C	0.919623685159842
TRD	Neo(C)	C	0.71218803618347
TRD	Neo(C)	C	1.0
TRD	Neo(C)	C	0.8272872176478359
TRD	Neo(C)	C	1.0
TRD	Neo(C)	C	1.0
TRD	Neo(C)	C	0.6824687400024856
TRD	Neo(C)	C	0.9515348978421472
TRD	Neo(C)	C	1.0
TRD	Neo(C)	C	1.0
TRD	Neo(C)	C	1.0
TRD	Neo(C)	C	0.9585952101569968
TRD	Neo(C)	C	0.9585952101569968
TRD	Neo(C)	C	0.9585952101569968
TRD	Neo(C)	C	0.9689263501472342
TRD	Neo(C)	C	0.9689263501472342
TRD	Neo(C)	C	0.9689263501472342
TRD	Neo(C)	C	1.0
TRD	Neo(C)	C	1.0
TRD	Neo(C)	C	1.0
TRD	Neo(C)	C	0.6886614285676506
TRD	Neo(C)	C	1.0
TRD	Neo(C)	C	0.5424258655386461
TRD	Neo(C)	C	1.0
TRD	Neo(C)	C	0.8842112373837718
TRD	Neo(C)	C	0.8570756672012687
TRD	Neo(C)	C	0.8088035465578868
TRD	Neo(C)	C	1.0
TRD	Neo(C)	C	1.0
TRD	Neo(C)	C	0.9133194550965996
TRD	Neo(C)	C	1.0
TRD	Neo(C)	A	0.5015764293760362
TRD	Neo(C)	A	0.6360237523595822
TRD	Neo(C)	A	0.757746746717857
TRD	Neo(C)	A	0.1492718713815887
TRD	Neo(C)	A	0.7130083814668057
TRD	Neo(C)	A	0.2944580581734773
TRD	Neo(C)	A	0.3471391335221822
TRD	Neo(C)	A	0.5611437233807328
TRD	Neo(C)	A	0.5734054788271615
TRD	Neo(C)	A	0.5777754831876465
TRD	Neo(C)	A	0.6071663426023337
TRD	Neo(C)	A	0.6579187423672512
TRD	Neo(C)	A	0.3552926529210638
TRD	Neo(C)	A	0.6351846900532843
TRD	Neo(C)	A	0.6538535794118854
TRD	Neo(C)	A	0.3863716817126853
TRD	Neo(C)	A	0.4564572627414595
TRD	Neo(C)	A	0.5471676371356167
TRD	Neo(C)	A	0.3695734314760934
TRD	Neo(C)	A	0.481049440224791
TRD	Neo(C)	A	0.4909109526933535
TRD	Neo(C)	A	0.4765221779549526
TRD	Neo(C)	A	0.5757491131744239
TRD	Neo(C)	A	0.4789230477762986
TRD	Neo(C)	A	0.6226781418593654
TRD	Neo(C)	A	0.9999327708973048
TRD	Neo(C)	A	0.3971552265566251
TRD	Neo(C)	A	0.4274262684078126
TRD	Neo(C)	A	0.3923367769318121
TRD	Neo(C)	A	0.3923367769318121
TRD	Neo(C)	A	0.5743856293356678
TRD	Neo(C)	A	0.5182521947970568
TRD	Neo(C)	A	0.4338520242095008
TRD	Neo(C)	A	0.524557979407889
TRD	Neo(C)	A	0.6621238373498146
TRD	Neo(C)	A	0.341048840715212
TRD	Neo(C)	A	0.8881898900309706
TRD	Neo(C)	A	0.5470909100854102
TRD	Neo(C)	A	0.6089013440121277
TRD	Neo(C)	A	0.3816323428351762
TRD	Neo(C)	A	0.3310675144014748
TRD	Neo(C)	A	0.3442239881522885
TRD	Neo(C)	A	0.585284928878216
TRD	Neo(C)	A	0.3201801532025948
TRD	Neo(C)	A	0.4591327048025809
TRD	Neo(C)	A	0.6515788514959698
TRD	Neo(C)	A	0.2498037804000331
TRD	Neo(C)	A	0.2818169638524957
TRD	Neo(C)	A	0.7153545043380898
TRD	Neo(C)	A	0.6666356219994204
TRD	Neo(C)	A	0.7388846461161729
TRD	Neo(C)	A	0.3617136013308234
TRD	Neo(C)	A	0.7060522790325362
TRD	Neo(C)	A	0.6498591673289695
TRD	Neo(C)	A	0.6593779892683636
TRD	Neo(C)	A	0.6060187162738867
TRD	Neo(C)	A	0.8189148630109895
TRD	Neo(C)	A	0.3125467799429299
TRD	Neo(C)	A	0.553013597697713
TRD	Neo(C)	A	0.6129634751291653
TRD	Neo(C)	A	0.8276117914320628
TRD	Neo(C)	A	0.6854806561327098
TRD	Neo(C)	A	0.2020260862166923
TRD	Neo(C)	A	0.515818295519657
TRD	Neo(C)	A	0.5471676371356167
TRD	Neo(C)	A	0.2961015728754727
TRD	Neo(C)	A	0.7768876283401223
TRD	Neo(C)	A	0.5940362785183262
TRD	Neo(C)	A	0.336789296576802
TRD	Neo(C)	A	0.5172144627792571
TRD	Neo(C)	A	0.4582298007125523
TRD	Neo(C)	A	0.584260804219864
TRD	Neo(C)	A	0.3670825931023146
TRD	Neo(C)	A	0.5856574572265872
TRD	Neo(C)	A	0.6461154166252887
TRD	Neo(C)	A	0.2585294970598795
TRD	Neo(C)	A	0.8144474243938307
TRD	Neo(C)	A	0.3491048039613858
TRD	Neo(C)	A	0.8315872656518526
TRD	Neo(C)	A	0.3730791632981737
TRD	Neo(C)	A	0.3655818305140948
TRD	Neo(C)	A	0.7309522713808564
TRD	Neo(C)	A	0.4217251095317766
TRD	Neo(C)	A	0.5177549590936403
TRD	Neo(C)	A	0.4438485693449261
TRD	Neo(C)	A	0.2710728332972965
TRD	Neo(C)	A	0.4940301629650491
TRD	Neo(C)	A	0.4695086690313298
TRD	Neo(C)	A	0.5407432689083833
TRD	Neo(C)	A	0.735877089736373
TRD	Neo(C)	A	0.6497973836619496
TRD	Neo(C)	A	0.6225198349075726
TRD	Neo(C)	A	0.4550300040959689
TRD	Neo(C)	A	0.3676918252161701
TRD	Neo(C)	A	0.511065696978034
TRD	Neo(C)	A	0.5863779837428289
TRD	Neo(C)	A	0.7563148174155125
TRD	Neo(C)	A	0.4469185558509547
TRD	Neo(C)	A	0.9993986014533782
TRD	Neo(C)	A	0.2961015728754727
TRD	Neo(C)	A	0.7419585394053201
TRD	Neo(C)	A	0.2222432264740543
TRD	Neo(C)	A	0.4019495735383768
TRD	Neo(C)	A	0.6108382417273491
TRD	Neo(C)	A	0.6536892169882003
TRD	Neo(C)	A	0.6155402986490841
TRD	Neo(C)	A	0.2384066802670729
TRD	Neo(C)	A	0.4905514869262944
TRD	Neo(C)	A	0.6132857224522166
TRD	Neo(C)	A	0.4476913348294152
TRD	Neo(C)	A	0.3704675982966507
TRD	Neo(C)	A	0.547054152790372
TRD	Neo(C)	A	0.7233707626500674
TRD	Neo(C)	A	0.6854806561327098
TRD	Neo(C)	A	0.4429547439160366
TRD	Neo(C)	A	0.4779366837883508
TRD	Neo(C)	A	0.4074341736967357
TRD	Neo(C)	A	0.4169420796020192
TRD	Neo(C)	A	0.5163376166747291
TRD	Neo(C)	A	0.3038233121192456
TRD	Neo(C)	A	0.3923367769318121
TRD	Neo(C)	A	0.7054711006125545
TRD	Neo(C)	A	0.3801737728762767
TRD	Neo(C)	A	0.4544735605273642
TRD	Neo(C)	A	0.4236165897832032
TRD	Neo(C)	A	0.4236165897832032
TRD	Neo(C)	A	0.4281829492295512
TRD	Neo(C)	A	0.1914492710326754
TRD	Neo(C)	A	0.1914492710326754
TRD	Neo(C)	A	0.1914492710326754
TRD	Neo(C)	A	0.6755930653940483
TRD	Neo(C)	A	0.7461169233903391
TRD	Neo(C)	A	0.2921479173923279
TRD	Neo(C)	A	0.6522397843989671
TRD	Neo(C)	A	0.933255881718996
TRD	Neo(C)	A	0.4756998146229405
TRD	Neo(C)	A	0.5325959068662502
TRD	Neo(C)	A	0.6882257527314564
TRD	Neo(C)	A	0.4876888710790278
TRD	Neo(C)	A	0.6377255647395431
TRD	Neo(C)	A	0.3370900751582811
TRD	Neo(C)	A	0.6752874896422709
TRD	Neo(C)	A	0.625160633344962
TRD	Neo(C)	A	0.625160633344962
TRD	Neo(C)	A	0.625160633344962
TRD	Neo(C)	A	0.6036888660248968
TRD	Neo(C)	A	0.308542885574906
TRD	Neo(C)	A	0.602593014004011
TRD	Neo(C)	A	0.5777055461667314
TRD	Neo(C)	A	0.4958615906982986
TRD	Neo(C)	A	0.3363624855339689
TRD	Neo(C)	A	0.7504656711995296
TRD	Neo(C)	A	0.624494089285961
TRD	Neo(C)	A	0.4792070139084341
TRD	Neo(C)	A	0.1890898031237299
TRD	Neo(C)	A	0.3322012764161879
TRD	Neo(C)	A	0.4092269525517684
TRD	Neo(C)	A	0.5397220117510703
TRD	Neo(C)	A	0.8509738779466021
TRD	Neo(C)	A	0.6079571332146382
TRD	Neo(C)	A	0.3538140161230932
TRD	Neo(C)	A	0.3078166440747454
TRD	Neo(C)	A	0.699939795490295
TRD	Neo(C)	A	0.4169420796020192
TRD	Neo(C)	A	0.3442239881522885
TRD	Neo(C)	A	0.515818295519657
TRD	Neo(C)	A	0.4722059370449726
TRD	Neo(C)	A	0.7254579935189402
TRD	Neo(C)	A	0.5579757685649173
TRD	Neo(C)	A	0.4013666031869839
TRD	Neo(C)	A	0.4700517349595037
TRD	Neo(C)	A	0.8193649560272185
TRD	Neo(C)	A	0.5045547637526806
TRD	Neo(C)	A	0.7084654208299932
TRD	Neo(C)	A	0.6991082287653752
TRD	Neo(C)	A	0.4209826422501715
TRD	Neo(C)	A	0.5351117246007673
TRD	Neo(C)	A	0.6527250975931579
TRD	Neo(C)	A	0.5145810591189148
TRD	Neo(C)	A	0.4728182252641961
TRD	Neo(C)	A	0.3717025739327811
TRD	Neo(C)	A	0.8064366068443803
TRD	Neo(C)	A	0.8064366068443803
TRD	Neo(C)	A	0.6945215517168737
TRD	Neo(C)	A	0.3442239881522885
TRD	Neo(C)	A	0.3737389816024731
TRD	Neo(C)	A	0.7428404513214317
TRD	Neo(C)	A	0.699939795490295
TRD	Neo(C)	A	0.4191166101455081
TRD	Neo(C)	A	0.4191166101455081
TRD	Neo(C)	A	0.3619449304101813
TRD	Neo(C)	A	0.6835707620194331
TRD	Neo(C)	A	0.5940362785183262
TRD	Neo(C)	A	0.8144474243938307
TRD	Neo(C)	A	0.4251274791820399
TRD	Neo(C)	A	0.9122122590921882
TRD	Neo(C)	A	0.6678903739324988
TRD	Neo(C)	A	0.2820636102585503
TRD	Neo(C)	A	0.3422914968903495
TRD	Neo(C)	A	0.3544877752089378
TRD	Neo(C)	A	0.624178098178731
TRD	Neo(C)	A	0.4765344775859
TRD	Neo(C)	A	0.4831072732455482
TRD	Neo(C)	A	0.596446149144809
TRD	Neo(C)	A	0.8772940695394903
TRD	Neo(C)	A	0.341048840715212
TRD	Neo(C)	A	0.4615272863898856
TRD	Neo(C)	A	0.607783541509894
TRD	Neo(C)	A	0.5330233219263275
TRD	Neo(C)	A	0.6304894709158411
TRD	Neo(C)	A	0.5045278943164666
TRD	Neo(C)	A	0.3994172133163142
TRD	Neo(C)	A	0.5956695010006634
TRD	Neo(C)	A	0.4000349214192487
TRD	Neo(C)	A	0.4831019583373616
TRD	Neo(C)	A	0.7717724023127952
TRD	Neo(C)	A	0.5354731251123374
TRD	Neo(C)	A	0.4982614994768616
TRD	Neo(C)	A	0.5827197946874924
TRD	Neo(C)	A	0.7713646596388006
TRD	Neo(C)	A	0.515818295519657
TRD	Neo(C)	A	0.3088708996541476
TRD	Neo(C)	A	0.8011644941963112
TRD	Neo(C)	A	0.5252211649125187
TRD	Neo(C)	A	0.2378534960266169
TRD	Neo(C)	A	0.3711976734831453
TRD	Neo(C)	A	0.6835707620194331
TRD	Neo(C)	A	0.6108382417273491
TRD	Neo(C)	A	0.999292477374541
TRD	Neo(C)	A	0.7911128298098039
TRD	Neo(C)	A	0.7130083814668057
TRD	Neo(C)	A	0.5759931978790214
TRD	Neo(C)	A	0.2259596380548423
TRD	Neo(C)	A	0.3550923112068872
TRD	Neo(C)	A	0.8962147559917497
TRD	Neo(C)	A	0.341048840715212
TRD	Neo(C)	A	0.5302779439899614
TRD	Neo(C)	A	0.4705147716679212
TRD	Neo(C)	A	0.3198980449811685
TRD	Neo(C)	A	0.6253758387059571
TRD	Neo(C)	A	0.6219237097073815
TRD	Neo(C)	A	0.5407393474999966
TRD	Neo(C)	A	0.3443719906174489
TRD	Neo(C)	A	0.6719591305445498
TRD	Neo(C)	A	0.3202532354774142
TRD	Neo(C)	A	0.3802176518494292
TRD	Neo(C)	A	0.6622743578818534
TRD	Neo(C)	A	0.2773597031675645
TRD	Neo(C)	A	0.517515826530387
TRD	Neo(C)	A	0.909821788409382
TRD	Neo(C)	A	0.4045297015016533
TRD	Neo(C)	A	0.8697720549617658
TRD	Neo(C)	A	0.3802176518494292
TRD	Neo(C)	A	0.5777844064691544
TRD	Neo(C)	A	0.516224896611859
TRD	Neo(C)	A	0.5593265452135772
TRD	Neo(C)	A	0.8044194042558142
TRD	Neo(C)	A	0.3868746532647693
TRD	Neo(C)	A	0.2662137477174852
TRD	Neo(C)	A	0.4635700797454934
TRD	Neo(C)	A	0.4238176362910815
TRD	Neo(C)	A	0.9175693163798124
TRD	Neo(C)	A	0.6667903431242572
TRD	Neo(C)	A	0.8709614273542311
TRD	Neo(C)	A	0.4713889707846232
TRD	Neo(C)	A	0.4847806769596361
TRD	Neo(C)	A	0.3531909131963815
TRD	Neo(C)	A	0.4476990044910885
TRD	Neo(C)	A	0.4590645889878236
TRD	Neo(C)	A	0.5163718340774416
TRD	Neo(C)	A	0.4468542549551396
TRD	Neo(C)	A	0.2100641469085655
TRD	Neo(C)	A	0.7326701970452728
TRD	Neo(C)	A	0.5786529906888455
TRD	Neo(C)	A	0.5471676371356167
TRD	Neo(C)	A	0.4345869946687489
TRD	Neo(C)	A	0.4840472307381983
TRD	Neo(C)	A	0.6388061435531494
TRD	Neo(C)	A	0.4796626600228945
TRD	Neo(C)	A	0.919248039936422
TRD	Neo(C)	A	0.5748123372415828
TRD	Neo(C)	A	0.7189291743644803
TRD	Neo(C)	A	0.4814730816911421
TRD	Neo(C)	A	0.6498591673289695
TRD	Neo(C)	A	0.3033885837408867
TRD	Neo(C)	A	0.3473762390145916
TRD	Neo(C)	A	0.6129688866775853
TRD	Neo(C)	A	0.3409307857550628
TRD	Neo(C)	A	0.4817740665063288
TRD	Neo(C)	A	0.6478622785512067
TRD	Neo(C)	A	0.1489755427688256
TRD	Neo(C)	A	0.7563148174155125
TRD	Neo(C)	A	0.3517420629319271
TRD	Neo(C)	A	0.5809502429172033
TRD	Neo(C)	A	0.6756962319981012
TRD	Neo(C)	A	0.6636665709184634
TRD	Neo(C)	A	0.6536892169882003
TRD	Neo(C)	A	0.3181330631773624
TRD	Neo(C)	A	0.7593505352294613
TRD	Neo(C)	A	0.6160536417151555
TRD	Neo(C)	A	0.4481441282071781
TRD	Neo(C)	A	0.5252211649125187
TRD	Neo(C)	A	0.3950173148164986
TRD	Neo(C)	A	0.7428404513214317
TRD	Neo(C)	A	0.3913817830139176
TRD	Neo(C)	A	0.7120022110347213
TRD	Neo(C)	A	0.6604091195583079
TRD	Neo(C)	A	0.547054152790372
TRD	Neo(C)	A	0.7826808699155969
TRD	Neo(C)	A	0.4644089854512468
TRD	Neo(C)	A	0.7925520477419804
TRD	Neo(C)	A	0.5809502429172033
TRD	Neo(C)	A	0.7697826232666033
TRD	Neo(C)	A	0.6666356219994204
TRD	Neo(C)	A	0.5611437233807328
TRD	Neo(C)	A	0.5777754831876465
TRD	Neo(C)	A	0.6351846900532843
TRD	Neo(C)	A	0.3863716817126853
TRD	Neo(C)	A	0.5853566207381109
TRD	Neo(C)	A	0.460721399052757
TRD	Neo(C)	A	0.3442239881522885
TRD	Neo(C)	A	0.3442239881522885
TRD	Neo(C)	A	0.3442239881522885
TRD	Neo(C)	A	0.7060522790325362
TRD	Neo(C)	A	0.336789296576802
TRD	Neo(C)	A	0.3670825931023146
TRD	Neo(C)	A	0.8144474243938307
TRD	Neo(C)	A	0.5597858074456823
TRD	Neo(C)	A	0.5597858074456823
TRD	Neo(C)	A	0.4438485693449261
TRD	Neo(C)	A	0.4940301629650491
TRD	Neo(C)	A	0.9993986014533782
TRD	Neo(C)	A	0.4019495735383768
TRD	Neo(C)	A	0.6536892169882003
TRD	Neo(C)	A	0.4074341736967357
TRD	Neo(C)	A	0.6604649523884696
TRD	Neo(C)	A	0.3363624855339689
TRD	Neo(C)	A	0.1890898031237299
TRD	Neo(C)	A	0.6536892169882003
TRD	Neo(C)	A	0.6536892169882003
TRD	Neo(C)	A	0.6079571332146382
TRD	Neo(C)	A	0.3442239881522885
TRD	Neo(C)	A	0.3442239881522885
TRD	Neo(C)	A	0.3442239881522885
TRD	Neo(C)	A	0.3442239881522885
TRD	Neo(C)	A	0.3442239881522885
TRD	Neo(C)	A	0.3442239881522885
TRD	Neo(C)	A	0.3737389816024731
TRD	Neo(C)	A	0.3737389816024731
TRD	Neo(C)	A	0.3737389816024731
TRD	Neo(C)	A	0.3619449304101813
TRD	Neo(C)	A	0.8144474243938307
TRD	Neo(C)	A	0.5354731251123374
TRD	Neo(C)	A	0.2378534960266169
TRD	Neo(C)	A	0.6719591305445498
TRD	Neo(C)	A	0.2773597031675645
TRD	Neo(C)	A	0.8709614273542311
TRD	Neo(C)	A	0.4847806769596361
TRD	Neo(C)	A	0.7373099594567976
TRD	Neo(C)	A	0.6388061435531494
TRD	Neo(C)	A	0.4817740665063288
TD	Neo(P)	P	1.0
TD	Neo(P)	P	0.910645892144537
TD	Neo(P)	P	0.9431314363143632
TD	Neo(P)	P	0.8654442832400144
TD	Neo(P)	P	0.8158191539895011
TD	Neo(P)	P	1.0
TD	Neo(P)	P	0.9603037940890105
TD	Neo(P)	P	0.6833450002488941
TD	Neo(P)	P	0.9540375668619474
TD	Neo(P)	P	1.0
TD	Neo(P)	P	0.9526295402177264
TD	Neo(P)	P	1.0
TD	Neo(P)	P	0.9191794526522165
TD	Neo(P)	P	0.8151660033387079
TD	Neo(P)	P	0.9310994870545324
TD	Neo(P)	P	0.7000489510745447
TD	Neo(P)	P	0.9726711772300656
TD	Neo(P)	P	1.0
TD	Neo(P)	P	0.8109998962178164
TD	Neo(P)	P	0.5726803101689203
TD	Neo(P)	P	0.951144231484272
TD	Neo(P)	P	0.8921028300516823
TD	Neo(P)	P	0.9092811841989132
TD	Neo(P)	P	0.5758842073614174
TD	Neo(P)	P	0.8226077003211897
TD	Neo(P)	P	0.9313308775095664
TD	Neo(P)	P	1.0
TD	Neo(P)	P	0.8642142091862363
TD	Neo(P)	P	0.7419924338842858
TD	Neo(P)	P	0.7436509331375417
TD	Neo(P)	P	0.9450668139066868
TD	Neo(P)	P	0.9283314476296932
TD	Neo(P)	C	0.7518759429308064
TD	Neo(P)	C	0.5595927297013146
TD	Neo(P)	C	0.5858320837016341
TD	Neo(P)	C	0.5326514834089832
TD	Neo(P)	C	0.9196590346079077
TD	Neo(P)	C	0.5095328420463099
TD	Neo(P)	C	0.4860504993757287
TD	Neo(P)	C	0.6019058727282106
TD	Neo(P)	C	0.7406691708963893
TD	Neo(P)	C	0.7171695203001118
TD	Neo(P)	C	0.5368675017592455
TD	Neo(P)	C	0.4617960666851194
TD	Neo(P)	C	0.8139235136871369
TD	Neo(P)	C	0.4650441765930991
TD	Neo(P)	C	0.3055483920292891
TD	Neo(P)	C	0.3191140731130081
TD	Neo(P)	C	0.6754641808488114
TD	Neo(P)	C	0.584350723197137
TD	Neo(P)	C	0.2620136170292981
TD	Neo(P)	C	0.9086732591970648
TD	Neo(P)	C	0.3785778884589977
TD	Neo(P)	C	0.728057253195753
TD	Neo(P)	C	0.8516866778953982
TD	Neo(P)	C	0.9312408840522324
TD	Neo(P)	C	0.3064068919896769
TD	Neo(P)	C	0.5008725319966713
TD	Neo(P)	C	0.2730138996081469
TD	Neo(P)	C	0.8045287635775391
TD	Neo(P)	C	0.8423878382849683
TD	Neo(P)	C	0.5162129129256364
TD	Neo(P)	C	0.6517843296750951
TD	Neo(P)	C	0.1308644741984493
TD	Neo(P)	A	0.7974207167012572
TD	Neo(P)	A	0.548409781674996
TD	Neo(P)	A	0.7639213590630337
TD	Neo(P)	A	0.6300626108857084
TD	Neo(P)	A	0.9990505634666133
TD	Neo(P)	A	0.7082385832487244
TD	Neo(P)	A	0.6002775760945596
TD	Neo(P)	A	0.713681277731393
TD	Neo(P)	A	0.573808300147523
TD	Neo(P)	A	0.5486761460289123
TD	Neo(P)	A	0.5252648539513926
TD	Neo(P)	A	0.4367124772346493
TD	Neo(P)	A	0.5994987418085325
TD	Neo(P)	A	0.5937794152636057
TD	Neo(P)	A	0.7283705723646934
TD	Neo(P)	A	0.4394568891184202
TD	Neo(P)	A	0.5686028830436505
TD	Neo(P)	A	0.5291402972723857
TD	Neo(P)	A	0.2686034813965357
TD	Neo(P)	A	0.9736156160002644
TD	Neo(P)	A	0.5558606463739093
TD	Neo(P)	A	0.2958016012793373
TD	Neo(P)	A	0.5536635203553592
TD	Neo(P)	A	0.8800782561088306
TD	Neo(P)	A	0.506677652000796
TD	Neo(P)	A	0.8038610862464125
TD	Neo(P)	A	0.4869463578608604
TD	Neo(P)	A	0.7798432521274846
TD	Neo(P)	A	0.9325731977970304
TD	Neo(P)	A	0.5988113085895586
TD	Neo(P)	A	0.7575197605716033
TD	Neo(P)	A	0.6391964531595035
PD	Neo(P)	P	0.8241977938128227
PD	Neo(P)	P	0.7489621631732637
PD	Neo(P)	P	0.7935910263519541
PD	Neo(P)	P	0.9279359719468026
PD	Neo(P)	P	0.8181074580820888
PD	Neo(P)	P	0.884161903592898
PD	Neo(P)	P	0.9759302781041912
PD	Neo(P)	P	0.9887495658814476
PD	Neo(P)	P	0.9062820227222096
PD	Neo(P)	P	0.8193168355274729
PD	Neo(P)	P	0.8979307506302412
PD	Neo(P)	P	0.8390946179193473
PD	Neo(P)	P	0.9042385170412504
PD	Neo(P)	P	0.6938983868374511
PD	Neo(P)	P	0.8165836750791862
PD	Neo(P)	P	1.0
PD	Neo(P)	P	1.0
PD	Neo(P)	P	0.9277335331087118
PD	Neo(P)	P	0.900071062508913
PD	Neo(P)	P	0.8203270682255439
PD	Neo(P)	P	1.0
PD	Neo(P)	P	0.81401783195042
PD	Neo(P)	P	0.8710619270065699
PD	Neo(P)	C	0.4747777846752393
PD	Neo(P)	C	0.1736002896752381
PD	Neo(P)	C	0.7898062067232361
PD	Neo(P)	C	0.4187030221693158
PD	Neo(P)	C	0.9965962194413585
PD	Neo(P)	C	0.3531675602392939
PD	Neo(P)	C	0.5059925890558956
PD	Neo(P)	C	0.4565858521367729
PD	Neo(P)	C	0.4434440871654636
PD	Neo(P)	C	0.5168770189395749
PD	Neo(P)	C	0.4219314140616177
PD	Neo(P)	C	0.2091030833554895
PD	Neo(P)	C	0.5192151108670023
PD	Neo(P)	C	0.6556423848057487
PD	Neo(P)	C	0.3138941845576783
PD	Neo(P)	C	0.3426401859828553
PD	Neo(P)	C	0.4236475385436866
PD	Neo(P)	C	0.2327507368073339
PD	Neo(P)	C	0.4579089955603685
PD	Neo(P)	C	0.5703082281371626
PD	Neo(P)	C	0.4911138706385075
PD	Neo(P)	C	0.2838205165373
PD	Neo(P)	C	0.461322448982473
PD	Neo(P)	A	0.6527250975931579
PD	Neo(P)	A	0.3181330631773624
PD	Neo(P)	A	0.6733519892756564
PD	Neo(P)	A	0.3846919433997372
PD	Neo(P)	A	0.9746020472980238
PD	Neo(P)	A	0.4415744104977117
PD	Neo(P)	A	0.2107160633411665
PD	Neo(P)	A	0.4248795192449409
PD	Neo(P)	A	0.5343791114534323
PD	Neo(P)	A	0.3573973298181198
PD	Neo(P)	A	0.3196555730150984
PD	Neo(P)	A	0.2938548690964228
PD	Neo(P)	A	0.4687196653117181
PD	Neo(P)	A	0.474259304844751
PD	Neo(P)	A	0.5079301943300785
PD	Neo(P)	A	0.6065074955521018
PD	Neo(P)	A	0.6107302945056191
PD	Neo(P)	A	0.3655287129848591
PD	Neo(P)	A	0.3725595489480495
PD	Neo(P)	A	0.4982614994768616
PD	Neo(P)	A	0.3513871069280325
PD	Neo(P)	A	0.3547353697147318
PD	Neo(P)	A	0.4774267994505249
TRD	Neo(P)	P	0.7538422057700217
TRD	Neo(P)	P	0.848964136545928
TRD	Neo(P)	P	0.9450668139066868
TRD	Neo(P)	P	0.6362292274056613
TRD	Neo(P)	P	0.6470349801495698
TRD	Neo(P)	P	0.7538422057700217
TRD	Neo(P)	C	0.4917386753660787
TRD	Neo(P)	C	0.3660958036057462
TRD	Neo(P)	C	0.4764044664694609
TRD	Neo(P)	C	0.4699685361304987
TRD	Neo(P)	C	0.5285940105238085
TRD	Neo(P)	C	0.2836245007447683
TRD	Neo(P)	A	0.3855924840409436
TRD	Neo(P)	A	0.5423966836596683
TRD	Neo(P)	A	0.7575197605716033
TRD	Neo(P)	A	0.6667683033348484
TRD	Neo(P)	A	0.5682048962228897
TRD	Neo(P)	A	0.3855924840409436
TD	Spe	P	1.0
TD	Spe	P	0.5411217060030207
TD	Spe	P	0.9562538944744776
TD	Spe	P	0.6547139099152158
TD	Spe	P	0.9456713663152696
TD	Spe	P	0.9239449628579974
TD	Spe	P	0.9199354994768086
TD	Spe	P	0.3450780372523003
TD	Spe	P	0.9613234305746572
TD	Spe	P	0.7608973287665709
TD	Spe	P	0.7596086598404526
TD	Spe	P	0.9978501148575664
TD	Spe	P	0.8427587913643325
TD	Spe	P	0.9803477428843792
TD	Spe	P	0.9779751264671186
TD	Spe	P	0.9588107364787348
TD	Spe	P	0.588733850129199
TD	Spe	P	0.9645421028093408
TD	Spe	P	0.7559277907709262
TD	Spe	P	0.7326166288588618
TD	Spe	P	0.9848341560119253
TD	Spe	P	1.0
TD	Spe	P	0.9607117875298052
TD	Spe	P	0.818703832890525
TD	Spe	P	0.9949033993864476
TD	Spe	P	0.6753972998383327
TD	Spe	P	0.8724906382178066
TD	Spe	P	0.8714216593935781
TD	Spe	P	0.793953138984431
TD	Spe	P	0.990358438147838
TD	Spe	P	1.0
TD	Spe	P	0.9597126814628696
TD	Spe	P	0.8789824570512327
TD	Spe	P	0.7433967393757906
TD	Spe	P	1.0
TD	Spe	P	0.908157580580979
TD	Spe	P	0.6180210524056347
TD	Spe	P	0.7274055180770699
TD	Spe	P	0.9532259256942353
TD	Spe	P	1.0
TD	Spe	P	0.974514082911727
TD	Spe	P	0.9183747583873456
TD	Spe	P	0.4936717699808805
TD	Spe	P	1.0
TD	Spe	P	0.9744407491738384
TD	Spe	P	0.829473117488303
TD	Spe	P	0.9877964202787808
TD	Spe	P	0.6395383572411473
TD	Spe	P	0.7047340822466059
TD	Spe	P	0.6883287105730991
TD	Spe	P	0.7915196370173622
TD	Spe	P	0.9048673592995348
TD	Spe	P	0.9867084276788624
TD	Spe	P	0.99728533585712
TD	Spe	P	0.9120674293867832
TD	Spe	P	0.8161887136088518
TD	Spe	P	0.8147139281977216
TD	Spe	P	0.999563264168348
TD	Spe	P	1.0
TD	Spe	P	0.8424603948743451
TD	Spe	P	1.0
TD	Spe	P	0.9132302487752724
TD	Spe	P	0.9788455945429494
TD	Spe	P	0.987870218070348
TD	Spe	P	0.577965070079632
TD	Spe	P	0.8786802322519744
TD	Spe	P	0.8728851256332948
TD	Spe	P	0.8076801395617202
TD	Spe	P	0.7638078448655795
TD	Spe	P	1.0
TD	Spe	P	0.7986315648669045
TD	Spe	P	0.8536544989406651
TD	Spe	P	0.7200473218650333
TD	Spe	P	0.7648248126388684
TD	Spe	P	0.8258658918103492
TD	Spe	P	0.997498885094996
TD	Spe	P	0.9542047804473835
TD	Spe	P	0.8313098077431519
TD	Spe	P	0.7331210634289478
TD	Spe	P	0.9878294310573617
TD	Spe	P	0.9700540003693184
TD	Spe	P	0.9105250402653728
TD	Spe	P	0.8503776441578909
TD	Spe	P	0.7014447789955438
TD	Spe	P	0.8712274700621159
TD	Spe	P	0.7317543118959308
TD	Spe	P	0.989477741828458
TD	Spe	P	0.9729247280543688
TD	Spe	P	0.844931661089044
TD	Spe	P	0.8264810281517748
TD	Spe	P	0.9875912507644786
TD	Spe	P	0.9589673331217792
TD	Spe	P	0.8286259558412226
TD	Spe	P	1.0
TD	Spe	P	0.9302978859356024
TD	Spe	P	0.9473296289916816
TD	Spe	P	0.6739499323313514
TD	Spe	P	0.6396285903357475
TD	Spe	P	0.8274489739678484
TD	Spe	P	0.771877300613497
TD	Spe	P	0.9384382628303726
TD	Spe	P	1.0
TD	Spe	P	0.7276037316673905
TD	Spe	P	0.7994540437379546
TD	Spe	P	0.9676457828990768
TD	Spe	P	0.8756276734238423
TD	Spe	P	0.4121500682665225
TD	Spe	P	0.9942730559139588
TD	Spe	P	0.970408087509907
TD	Spe	P	0.8910243467236401
TD	Spe	P	0.8462503788126211
TD	Spe	P	0.8943829901624365
TD	Spe	P	0.9515997921285296
TD	Spe	P	0.6844295359158752
TD	Spe	P	0.7658359454955099
TD	Spe	P	0.7922908111949598
TD	Spe	P	0.6595858817036873
TD	Spe	P	0.9163841890177392
TD	Spe	P	0.9939724701052396
TD	Spe	P	0.9332637815828028
TD	Spe	P	0.8155626166527373
TD	Spe	P	0.9315888348365456
TD	Spe	P	1.0
TD	Spe	P	0.9711568905961744
TD	Spe	P	0.9983519495915866
TD	Spe	P	0.694809855107418
TD	Spe	P	0.8445043624907431
TD	Spe	P	0.9499290987627852
TD	Spe	P	0.5909219830234316
TD	Spe	P	0.6870293752771952
TD	Spe	P	0.996574588663672
TD	Spe	P	1.0
TD	Spe	P	0.8077226028937146
TD	Spe	P	0.9350368821015064
TD	Spe	P	0.7716917077669315
TD	Spe	P	0.960941948596582
TD	Spe	P	0.8667905774615503
TD	Spe	P	0.9279817682485548
TD	Spe	P	0.6379825474916508
TD	Spe	P	0.7717375683199246
TD	Spe	C	0.947683030345822
TD	Spe	C	0.5287112227494836
TD	Spe	C	0.7242548558986994
TD	Spe	C	0.7161057311133764
TD	Spe	C	0.951375856443386
TD	Spe	C	0.9014309467815934
TD	Spe	C	0.5379120238516382
TD	Spe	C	0.8000269460135634
TD	Spe	C	0.8530297967985906
TD	Spe	C	0.8249828554959089
TD	Spe	C	0.4695148143975277
TD	Spe	C	0.6164035510173929
TD	Spe	C	1.0
TD	Spe	C	1.0
TD	Spe	C	0.9622007958613108
TD	Spe	C	0.7751276402168559
TD	Spe	C	0.5493949772860118
TD	Spe	C	1.0
TD	Spe	C	0.8679116495845909
TD	Spe	C	0.460286167555379
TD	Spe	C	0.8657534209308052
TD	Spe	C	0.7798672438360312
TD	Spe	C	0.9515867993931962
TD	Spe	C	0.944593924059389
TD	Spe	C	0.9533649974836436
TD	Spe	C	1.0
TD	Spe	C	0.7789760084970665
TD	Spe	C	0.8838857460260243
TD	Spe	C	0.707416396606892
TD	Spe	C	0.9492968521494952
TD	Spe	C	0.7416783450025562
TD	Spe	C	1.0
TD	Spe	C	0.6049503873194548
TD	Spe	C	0.6534476618516233
TD	Spe	C	0.7035215435440005
TD	Spe	C	1.0
TD	Spe	C	0.9192261418514692
TD	Spe	C	1.0
TD	Spe	C	0.778101828527373
TD	Spe	C	0.8980315427487252
TD	Spe	C	0.8927654780524797
TD	Spe	C	0.94271327014218
TD	Spe	C	0.6256376771411424
TD	Spe	C	0.9399674630857012
TD	Spe	C	0.8041983541663245
TD	Spe	C	0.9862417027438886
TD	Spe	C	1.0
TD	Spe	C	0.8194168445289252
TD	Spe	C	1.0
TD	Spe	C	0.9573790347755508
TD	Spe	C	0.7512582581118317
TD	Spe	C	0.8947675560497881
TD	Spe	C	0.8721065152383642
TD	Spe	C	0.993146349665848
TD	Spe	C	0.7178883119469788
TD	Spe	C	0.9543264404738004
TD	Spe	C	0.7219255384930051
TD	Spe	C	0.9838353958630698
TD	Spe	C	1.0
TD	Spe	C	0.9571821560311288
TD	Spe	C	0.9990362757587676
TD	Spe	C	0.7118953196841663
TD	Spe	C	0.8341634339732533
TD	Spe	C	1.0
TD	Spe	C	0.8762745501734471
TD	Spe	C	0.9279747787876964
TD	Spe	C	0.4903496178036585
TD	Spe	C	0.986911281531198
TD	Spe	C	0.9204238632679952
TD	Spe	C	0.8128435136143668
TD	Spe	C	0.6988329814782831
TD	Spe	C	0.8959246334218373
TD	Spe	C	0.999401479355102
TD	Spe	C	0.8984465682377568
TD	Spe	C	0.5705046152137833
TD	Spe	C	0.9988274211184908
TD	Spe	C	0.9450850003018374
TD	Spe	C	0.6436623849595339
TD	Spe	C	0.7440782547401865
TD	Spe	C	0.9193698292453452
TD	Spe	C	0.9511978758134192
TD	Spe	C	0.7167920860542814
TD	Spe	C	0.6029786996973017
TD	Spe	C	0.8085317649835924
TD	Spe	C	0.9913403807039896
TD	Spe	C	0.6286655021719053
TD	Spe	C	0.8774767851424912
TD	Spe	C	0.7021038849767447
TD	Spe	C	0.910828331412618
TD	Spe	C	0.8265992192327006
TD	Spe	C	0.9461116673005748
TD	Spe	C	0.7660877334223496
TD	Spe	C	0.624155208789291
TD	Spe	C	0.9006811857359278
TD	Spe	C	0.9003482682929965
TD	Spe	C	0.830670325117987
TD	Spe	C	0.9985914134138826
TD	Spe	C	0.8865544171117896
TD	Spe	C	0.988590393820184
TD	Spe	C	0.8316961659565527
TD	Spe	C	0.8196096489160741
TD	Spe	C	0.3378839385733565
TD	Spe	C	0.5531995406564276
TD	Spe	C	0.9618890011111584
TD	Spe	C	0.9024666617178432
TD	Spe	C	1.0
TD	Spe	C	0.8531604334038887
TD	Spe	C	0.9780096997436925
TD	Spe	C	0.7403721517532462
TD	Spe	C	0.8676808647096292
TD	Spe	C	0.9437808655990476
TD	Spe	C	0.8610847585068022
TD	Spe	C	1.0
TD	Spe	C	0.8737270686499927
TD	Spe	C	0.8027741071148407
TD	Spe	C	0.9950427252712464
TD	Spe	C	0.7384962535495385
TD	Spe	C	0.7560431877428313
TD	Spe	C	1.0
TD	Spe	C	0.9076278844572536
TD	Spe	C	0.849663561508861
TD	Spe	C	0.786313041080888
TD	Spe	C	0.9222534789224748
TD	Spe	C	0.961365121627344
TD	Spe	C	0.9714045228771
TD	Spe	C	0.6939603955300331
TD	Spe	C	0.8988651999814474
TD	Spe	C	0.9812129900891357
TD	Spe	C	0.4854238254578732
TD	Spe	C	0.4188204836156003
TD	Spe	C	0.99378520646882
TD	Spe	C	0.9548736864457414
TD	Spe	C	0.3786681087318467
TD	Spe	C	1.0
TD	Spe	C	0.954481642230378
TD	Spe	C	0.8201340629807055
TD	Spe	C	0.7673367789146781
TD	Spe	C	0.934149466035756
TD	Spe	C	0.7654184797965528
TD	Spe	C	0.9519824207331844
TD	Spe	A	0.7176814370549925
TD	Spe	A	0.8716555429074055
TD	Spe	A	0.8386666756200158
TD	Spe	A	0.7836897769625539
TD	Spe	A	0.9535371551418514
TD	Spe	A	0.6910571518463224
TD	Spe	A	0.4441035083017278
TD	Spe	A	0.8385109512146209
TD	Spe	A	0.9706853694982348
TD	Spe	A	0.997860179539438
TD	Spe	A	0.7398122769669232
TD	Spe	A	0.8669507492502166
TD	Spe	A	0.9437541510015665
TD	Spe	A	0.7069776103393177
TD	Spe	A	0.7157253795722689
TD	Spe	A	0.8386105019281616
TD	Spe	A	0.929472390967844
TD	Spe	A	0.809218020451086
TD	Spe	A	0.968030720758909
TD	Spe	A	0.6860707293242992
TD	Spe	A	0.9849486938569484
TD	Spe	A	0.7171095621962686
TD	Spe	A	0.6987901999141758
TD	Spe	A	0.7521158487516644
TD	Spe	A	0.612052822738429
TD	Spe	A	0.6905721273431766
TD	Spe	A	0.714598824985542
TD	Spe	A	0.8607128947590683
TD	Spe	A	0.6105803796842582
TD	Spe	A	0.978126859622216
TD	Spe	A	0.6600964906855042
TD	Spe	A	0.9686390110411413
TD	Spe	A	0.6923152260119514
TD	Spe	A	0.751360064051973
TD	Spe	A	0.602861988624553
TD	Spe	A	0.996624829222468
TD	Spe	A	0.9094610406133254
TD	Spe	A	0.7956339875850675
TD	Spe	A	0.907183098467599
TD	Spe	A	0.5844836273906825
TD	Spe	A	0.903451080067051
TD	Spe	A	0.6501956634705615
TD	Spe	A	0.9869916609871612
TD	Spe	A	0.9431474005891908
TD	Spe	A	0.9568899053553592
TD	Spe	A	0.7495274189163708
TD	Spe	A	0.6860707293242992
TD	Spe	A	0.7429879558383711
TD	Spe	A	0.8921970303139753
TD	Spe	A	0.968030720758909
TD	Spe	A	0.954428017850956
TD	Spe	A	0.8481520049177995
TD	Spe	A	0.8657494966020751
TD	Spe	A	0.9535371551418514
TD	Spe	A	0.9986071512193724
TD	Spe	A	0.7297097639299233
TD	Spe	A	0.9899466257677604
TD	Spe	A	0.6416861628359382
TD	Spe	A	0.4708353427453803
TD	Spe	A	0.481683547081816
TD	Spe	A	0.6591874593530381
TD	Spe	A	0.892171344094225
TD	Spe	A	0.8543189201415948
TD	Spe	A	0.8509791317808515
TD	Spe	A	0.6740437871096525
TD	Spe	A	0.6235783438866036
TD	Spe	A	0.9994235467195176
TD	Spe	A	0.7870982460543186
TD	Spe	A	0.7873716073832554
TD	Spe	A	0.902821967729435
TD	Spe	A	0.9232580372495496
TD	Spe	A	0.5139956319347891
TD	Spe	A	0.8934641020806258
TD	Spe	A	0.9465678205341834
TD	Spe	A	0.6221893079416017
TD	Spe	A	0.7241361265297215
TD	Spe	A	0.4903670804642803
TD	Spe	A	0.8835425713162648
TD	Spe	A	0.9676182591473392
TD	Spe	A	0.4332492137926887
TD	Spe	A	0.5187166164532888
TD	Spe	A	0.938649857255504
TD	Spe	A	0.7171095621962686
TD	Spe	A	0.8089353585431704
TD	Spe	A	0.9998714212734724
TD	Spe	A	0.8190970276839362
TD	Spe	A	0.6142260307944488
TD	Spe	A	0.5831562471806173
TD	Spe	A	0.917078677343439
TD	Spe	A	0.8279438793643271
TD	Spe	A	0.7211492868142988
TD	Spe	A	0.8863401971157682
TD	Spe	A	0.6677267712890608
TD	Spe	A	0.7511537742469347
TD	Spe	A	0.7499246498540746
TD	Spe	A	0.8972122786225107
TD	Spe	A	0.6647021719313895
TD	Spe	A	0.6530128956790304
TD	Spe	A	0.9081625924740055
TD	Spe	A	0.8114946411399157
TD	Spe	A	0.7731886657674936
TD	Spe	A	0.8999763484254311
TD	Spe	A	0.7658700504049953
TD	Spe	A	0.596532470646822
TD	Spe	A	0.6487829331940025
TD	Spe	A	0.8299031965462508
TD	Spe	A	0.7055241599063601
TD	Spe	A	0.993039590502674
TD	Spe	A	0.8354192819299003
TD	Spe	A	0.9807287002750062
TD	Spe	A	0.8440016906637775
TD	Spe	A	0.8794203775957892
TD	Spe	A	0.3594879391467239
TD	Spe	A	0.7755713789749279
TD	Spe	A	0.8884204578256825
TD	Spe	A	0.8594468320406579
TD	Spe	A	0.4505901571476162
TD	Spe	A	0.6298780087557784
TD	Spe	A	0.7254022434451415
TD	Spe	A	0.2766332204103642
TD	Spe	A	0.8676344952657541
TD	Spe	A	0.804819705871291
TD	Spe	A	0.7912332008688974
TD	Spe	A	0.8145359600084208
TD	Spe	A	0.8203229497555304
TD	Spe	A	0.4182540384649119
TD	Spe	A	0.6647021719313895
TD	Spe	A	0.6994071095855607
TD	Spe	A	0.9854800008203388
TD	Spe	A	0.9183874936680192
TD	Spe	A	0.783132565123735
TD	Spe	A	0.7397347432365098
TD	Spe	A	0.8716555429074055
TD	Spe	A	0.9576697765359204
TD	Spe	A	0.5346880181518336
TD	Spe	A	0.7927018394665858
TD	Spe	A	0.7704191342870443
TD	Spe	A	0.5556268035636253
TD	Spe	A	0.7656655264216139
TD	Spe	A	0.9289377927336347
PD	Spe	P	0.356076764282018
PD	Spe	P	0.8293164750631561
PD	Spe	P	0.8293734275061384
PD	Spe	P	0.797048295254023
PD	Spe	P	0.5724120133618779
PD	Spe	P	0.9956515654349816
PD	Spe	P	0.4785557744944221
PD	Spe	P	0.9534747107904318
PD	Spe	P	0.9395523145721308
PD	Spe	P	0.8835346282966103
PD	Spe	P	0.9385716633510596
PD	Spe	P	0.9573231804850092
PD	Spe	P	0.9938293057654888
PD	Spe	P	0.7236810721300063
PD	Spe	P	0.9757028729519558
PD	Spe	P	0.7737379398735115
PD	Spe	P	0.7142611274612344
PD	Spe	P	1.0
PD	Spe	P	0.7884983122011
PD	Spe	P	0.8453196943488157
PD	Spe	P	0.9957399449951276
PD	Spe	P	0.8682661511169737
PD	Spe	P	0.8783449550218805
PD	Spe	P	0.8879315951264445
PD	Spe	P	0.8480161339342468
PD	Spe	P	0.8706510758107777
PD	Spe	P	0.9820778536427724
PD	Spe	P	0.8070198219712518
PD	Spe	P	0.647504002497044
PD	Spe	P	0.9202234476661564
PD	Spe	P	0.729447228485475
PD	Spe	P	0.6828462341437319
PD	Spe	P	0.9921962558547408
PD	Spe	P	0.930609239042019
PD	Spe	P	0.6678525688833112
PD	Spe	P	0.5786505423071996
PD	Spe	P	0.9971163646411544
PD	Spe	P	0.7266900412825879
PD	Spe	P	0.9048925364815078
PD	Spe	P	0.932405412526931
PD	Spe	P	0.981149463276582
PD	Spe	P	0.8123091212667383
PD	Spe	P	0.600474903991662
PD	Spe	P	0.9017567906375776
PD	Spe	P	0.9418525243178342
PD	Spe	P	0.8660718585286175
PD	Spe	P	1.0
PD	Spe	P	0.7276132824024624
PD	Spe	P	0.8745361997935726
PD	Spe	P	0.955238999683444
PD	Spe	P	0.9947781614571304
PD	Spe	P	0.955812212362817
PD	Spe	P	0.9114302940527506
PD	Spe	P	0.8918997595462926
PD	Spe	P	0.9972062513534194
PD	Spe	P	0.7091638783008829
PD	Spe	P	0.928318379784238
PD	Spe	P	0.9208757896863224
PD	Spe	P	0.9208757896863224
PD	Spe	P	0.9591905666636508
PD	Spe	P	0.7904903423951897
PD	Spe	P	0.6167540445393773
PD	Spe	P	0.9334318064378668
PD	Spe	P	0.9861986019776694
PD	Spe	P	0.9961458902668228
PD	Spe	P	0.8667922164301295
PD	Spe	P	0.8443581085345846
PD	Spe	P	0.69609468492062
PD	Spe	P	0.8953661321402355
PD	Spe	P	0.5080101735985394
PD	Spe	P	0.93193258593808
PD	Spe	P	0.9420858798735512
PD	Spe	P	0.4908170951669043
PD	Spe	P	0.6480015052631101
PD	Spe	P	0.8013717893394963
PD	Spe	P	0.7568674676873881
PD	Spe	P	0.9625982614824974
PD	Spe	P	0.7570105173250361
PD	Spe	P	0.9939724701052396
PD	Spe	P	0.536849737528984
PD	Spe	P	0.8131114117490139
PD	Spe	P	0.9528860589877888
PD	Spe	P	0.978782920740822
PD	Spe	P	0.8885725218411273
PD	Spe	P	0.986714631974418
PD	Spe	P	1.0
PD	Spe	P	0.8777463394023352
PD	Spe	P	1.0
PD	Spe	P	0.8589837368048773
PD	Spe	P	0.8626140780045862
PD	Spe	P	0.633773572315721
PD	Spe	P	0.9173340728332828
PD	Spe	P	0.7630383275983583
PD	Spe	P	1.0
PD	Spe	C	0.9980986432154668
PD	Spe	C	0.9893460222936824
PD	Spe	C	0.9877880868979312
PD	Spe	C	0.8685584992970072
PD	Spe	C	0.5660470852334859
PD	Spe	C	0.9490573539046292
PD	Spe	C	0.9434914718953256
PD	Spe	C	0.9908936655812578
PD	Spe	C	0.9728371709061104
PD	Spe	C	0.674919959901026
PD	Spe	C	0.9821797269063528
PD	Spe	C	0.858615859729652
PD	Spe	C	0.9951893724487488
PD	Spe	C	0.6689518834547604
PD	Spe	C	0.9082117753244564
PD	Spe	C	1.0
PD	Spe	C	0.8003707016090432
PD	Spe	C	0.9736600404163572
PD	Spe	C	0.5613331391781076
PD	Spe	C	0.9226979676272598
PD	Spe	C	0.9978762624559112
PD	Spe	C	0.9601863060297472
PD	Spe	C	0.8891825330570804
PD	Spe	C	0.9755866456411796
PD	Spe	C	0.7320325565837886
PD	Spe	C	0.725702689972265
PD	Spe	C	0.9432776410638226
PD	Spe	C	0.901992866866966
PD	Spe	C	0.5547224349896572
PD	Spe	C	0.9807990229891554
PD	Spe	C	0.6916769501106063
PD	Spe	C	0.8570950408863489
PD	Spe	C	0.9952619170865346
PD	Spe	C	0.924696708485043
PD	Spe	C	0.8764943750184724
PD	Spe	C	0.3589344343375695
PD	Spe	C	0.9922790960345204
PD	Spe	C	0.6827576008212549
PD	Spe	C	1.0
PD	Spe	C	0.8822946114782131
PD	Spe	C	0.8380573938357381
PD	Spe	C	0.7726505466616713
PD	Spe	C	0.9609074998662894
PD	Spe	C	0.7981546416565276
PD	Spe	C	0.8439825837323565
PD	Spe	C	0.9637386608646036
PD	Spe	C	0.996325460891262
PD	Spe	C	0.7563270870456792
PD	Spe	C	0.8763067187960033
PD	Spe	C	0.6125306065190944
PD	Spe	C	0.999414176004618
PD	Spe	C	0.9492288571859476
PD	Spe	C	0.7685843853474529
PD	Spe	C	0.9629867877847212
PD	Spe	C	0.9999117496153456
PD	Spe	C	0.8617298683125453
PD	Spe	C	0.8569320378681968
PD	Spe	C	0.984602741989834
PD	Spe	C	0.9362970069499448
PD	Spe	C	0.9514450295774464
PD	Spe	C	0.550176500093698
PD	Spe	C	0.8649362056393531
PD	Spe	C	0.7206290333061739
PD	Spe	C	0.9898131327977908
PD	Spe	C	0.8464522710849348
PD	Spe	C	0.9905196670905944
PD	Spe	C	0.7458104794223299
PD	Spe	C	0.438374707025342
PD	Spe	C	0.6610520872920994
PD	Spe	C	0.8379850174692441
PD	Spe	C	0.5279736229107195
PD	Spe	C	0.8979148732974498
PD	Spe	C	0.5360264978919796
PD	Spe	C	0.8301816830925342
PD	Spe	C	0.8158660516590064
PD	Spe	C	0.875168215315604
PD	Spe	C	0.8750584818130107
PD	Spe	C	0.6632861784678639
PD	Spe	C	0.8115937573714607
PD	Spe	C	0.8998722484483552
PD	Spe	C	0.7294208159596948
PD	Spe	C	0.6915877492275698
PD	Spe	C	0.8261946634891324
PD	Spe	C	0.8073575030405727
PD	Spe	C	0.8646269903331273
PD	Spe	C	0.8777035559378488
PD	Spe	C	0.8931746971872231
PD	Spe	C	0.716773105779145
PD	Spe	C	0.74922282853048
PD	Spe	C	0.9078505234497872
PD	Spe	C	0.3694949437097535
PD	Spe	C	1.0
PD	Spe	C	0.8494216286547716
PD	Spe	C	0.9995810474908836
PD	Spe	A	0.7719507159045629
PD	Spe	A	0.6155402986490841
PD	Spe	A	0.7192924620091605
PD	Spe	A	0.6752928619242763
PD	Spe	A	0.6803187973913767
PD	Spe	A	0.799404436569806
PD	Spe	A	0.8994813915827577
PD	Spe	A	0.7658048666750921
PD	Spe	A	0.8044407897995036
PD	Spe	A	0.6689647730864989
PD	Spe	A	0.9185667735566
PD	Spe	A	0.5558477060055484
PD	Spe	A	0.9485093471109586
PD	Spe	A	0.763052177904477
PD	Spe	A	0.4845390815417688
PD	Spe	A	0.6595869818628584
PD	Spe	A	0.9474415380997134
PD	Spe	A	0.7839049983300127
PD	Spe	A	0.8400516163195506
PD	Spe	A	0.3456628173712295
PD	Spe	A	0.704904728113436
PD	Spe	A	0.9941147272110642
PD	Spe	A	0.7368335824336395
PD	Spe	A	0.6760911201682095
PD	Spe	A	0.7915065394956559
PD	Spe	A	0.7463535293120952
PD	Spe	A	0.9005400322081349
PD	Spe	A	0.7484482185464265
PD	Spe	A	0.7126064100852931
PD	Spe	A	0.8440016906637775
PD	Spe	A	0.4940916107986295
PD	Spe	A	0.977363626304722
PD	Spe	A	0.5500954866601013
PD	Spe	A	0.8641983146741354
PD	Spe	A	0.8693027175162994
PD	Spe	A	0.8813144258607017
PD	Spe	A	0.8857967485467944
PD	Spe	A	0.7901072537728586
PD	Spe	A	0.8836033748131967
PD	Spe	A	0.6236818079950412
PD	Spe	A	0.9727212351048582
PD	Spe	A	0.7808389922139515
PD	Spe	A	0.9035194835559196
PD	Spe	A	0.7611573714666621
PD	Spe	A	0.9656587129439168
PD	Spe	A	0.8730819943270992
PD	Spe	A	0.4570054703348264
PD	Spe	A	0.7920955118706894
PD	Spe	A	0.7937210193899589
PD	Spe	A	0.9007129392299207
PD	Spe	A	0.6029056703507691
PD	Spe	A	0.7082401474933733
PD	Spe	A	0.9214178776816996
PD	Spe	A	0.6670263749562998
PD	Spe	A	0.6176580651963294
PD	Spe	A	0.902988177843522
PD	Spe	A	0.59563491657051
PD	Spe	A	0.6327303865671958
PD	Spe	A	0.6327303865671958
PD	Spe	A	0.8057346310155629
PD	Spe	A	0.6802151898955866
PD	Spe	A	0.7812900877629028
PD	Spe	A	0.8699350521442207
PD	Spe	A	0.6937360273941986
PD	Spe	A	0.978126859622216
PD	Spe	A	0.9220812472932554
PD	Spe	A	0.8415387352236963
PD	Spe	A	0.8277624428244337
PD	Spe	A	0.9416149390825244
PD	Spe	A	0.9043003193184044
PD	Spe	A	0.5739686305421989
PD	Spe	A	0.6375507259797925
PD	Spe	A	0.9400222478429772
PD	Spe	A	0.7577654082964941
PD	Spe	A	0.7252140357441172
PD	Spe	A	0.6427715597186079
PD	Spe	A	0.7542909163875635
PD	Spe	A	0.960860504934989
PD	Spe	A	0.7254022434451415
PD	Spe	A	0.9993889405040968
PD	Spe	A	0.9322929956460532
PD	Spe	A	0.8843138037075736
PD	Spe	A	0.8957807487095284
PD	Spe	A	0.724965144180916
PD	Spe	A	0.9854990189632672
PD	Spe	A	0.5289214115107627
PD	Spe	A	0.7731886657674936
PD	Spe	A	0.4624036739552813
PD	Spe	A	0.978598687068871
PD	Spe	A	0.2573002908907636
PD	Spe	A	0.8676293593170028
PD	Spe	A	0.5432740268421865
PD	Spe	A	0.8806998604565826
PD	Spe	A	0.8691575939459325
TRD	Spe	P	0.815722331915896
TRD	Spe	P	0.6224553631223303
TRD	Spe	P	0.5053561851904906
TRD	Spe	P	0.901315252267302
TRD	Spe	P	0.9226345440845514
TRD	Spe	P	0.8015446327966547
TRD	Spe	P	0.916187412840224
TRD	Spe	P	0.5815523588419508
TRD	Spe	P	0.8526145220397374
TRD	Spe	P	0.9291890792837936
TRD	Spe	P	0.7757001669781032
TRD	Spe	P	0.545756119188602
TRD	Spe	P	0.8559362522314305
TRD	Spe	P	0.8910243467236401
TRD	Spe	P	0.8981375848433324
TRD	Spe	P	0.9827350364738308
TRD	Spe	P	0.9125991114149008
TRD	Spe	P	0.8254656755207819
TRD	Spe	P	0.5510359718223189
TRD	Spe	P	0.6748968661793443
TRD	Spe	P	1.0
TRD	Spe	P	0.7577254965518618
TRD	Spe	P	0.4362158641805342
TRD	Spe	P	0.8244205941704422
TRD	Spe	P	0.8538337709695266
TRD	Spe	P	0.7197327077592093
TRD	Spe	P	0.8367326968674336
TRD	Spe	P	0.8396152224685458
TRD	Spe	P	0.916187412840224
TRD	Spe	P	0.7584762073189669
TRD	Spe	P	0.4121500682665225
TRD	Spe	P	0.5101113454266383
TRD	Spe	P	0.9958955320506536
TRD	Spe	P	0.8910243467236401
TRD	Spe	P	0.9595013243452104
TRD	Spe	P	0.314615182206699
TRD	Spe	P	0.8804204670787005
TRD	Spe	P	0.9467064062717448
TRD	Spe	P	0.8777970539486019
TRD	Spe	P	0.964870405740516
TRD	Spe	P	0.8620124619510914
TRD	Spe	P	0.3386331514318156
TRD	Spe	P	0.9923936327081094
TRD	Spe	P	0.5812275097026864
TRD	Spe	P	0.6791119365075176
TRD	Spe	P	0.9420167642300166
TRD	Spe	P	0.9469523048633424
TRD	Spe	P	0.9742289306239984
TRD	Spe	P	0.9711568905961744
TRD	Spe	P	0.8725576413938899
TRD	Spe	P	0.9595415980620712
TRD	Spe	P	0.947443621193878
TRD	Spe	P	0.942017040037733
TRD	Spe	P	1.0
TRD	Spe	P	0.9413028696021402
TRD	Spe	P	0.863368743124514
TRD	Spe	P	0.8561529283064819
TRD	Spe	P	0.8561529283064819
TRD	Spe	P	0.837890447608198
TRD	Spe	P	0.923960601890932
TRD	Spe	P	1.0
TRD	Spe	P	0.9841835169577446
TRD	Spe	P	0.8741989078654729
TRD	Spe	P	0.9898816413581568
TRD	Spe	P	0.8964352684307455
TRD	Spe	P	0.9045904333262752
TRD	Spe	P	0.8552214436528967
TRD	Spe	P	0.8618392500306763
TRD	Spe	P	0.6361050987182624
TRD	Spe	P	0.4541216664205659
TRD	Spe	P	0.7276132824024624
TRD	Spe	P	0.7341030062698708
TRD	Spe	P	0.9646288669571378
TRD	Spe	P	0.7929611377955211
TRD	Spe	P	0.7995443723600404
TRD	Spe	P	0.3912766918502843
TRD	Spe	P	0.5199634119687595
TRD	Spe	P	1.0
TRD	Spe	P	0.9156237640324404
TRD	Spe	P	0.9255061569904116
TRD	Spe	P	0.8741989078654729
TRD	Spe	P	0.9711568905961744
TRD	Spe	P	0.7248536755624765
TRD	Spe	P	0.3161766890072963
TRD	Spe	P	0.2424600193590859
TRD	Spe	P	0.7905513702004962
TRD	Spe	P	0.9978575396871447
TRD	Spe	P	0.9095845061838176
TRD	Spe	P	0.9095845061838176
TRD	Spe	P	0.9711568905961744
TRD	Spe	P	0.8487588293538376
TRD	Spe	P	0.6901295356698434
TRD	Spe	P	0.6120921800772023
TRD	Spe	P	0.9676457828990768
TRD	Spe	P	0.6561982205673098
TRD	Spe	P	0.7526768620614025
TRD	Spe	P	0.9115149080654998
TRD	Spe	P	0.9759302781041912
TRD	Spe	P	0.8280983475779393
TRD	Spe	P	0.8212767123287671
TRD	Spe	P	0.3146126118847529
TRD	Spe	P	0.3146126118847529
TRD	Spe	P	0.8020876229184146
TRD	Spe	P	0.8020876229184146
TRD	Spe	P	0.4752918898850002
TRD	Spe	P	0.6202767076748944
TRD	Spe	P	0.9413028696021402
TRD	Spe	P	0.6901295356698434
TRD	Spe	P	0.8546753538530666
TRD	Spe	P	0.947734304672084
TRD	Spe	P	0.9416028613634764
TRD	Spe	P	0.863368743124514
TRD	Spe	P	0.4827528925307515
TRD	Spe	P	0.8851380906713768
TRD	Spe	P	0.5815523588419508
TRD	Spe	P	0.8534661096637942
TRD	Spe	P	0.9873572368164544
TRD	Spe	P	0.6396285903357475
TRD	Spe	P	0.3786653786919158
TRD	Spe	P	0.943176890036206
TRD	Spe	P	0.990358438147838
TRD	Spe	P	0.9184722139414148
TRD	Spe	P	0.8040145494756017
TRD	Spe	P	0.969246895534574
TRD	Spe	P	0.6710246359206904
TRD	Spe	P	0.990144133688443
TRD	Spe	P	0.570700706161076
TRD	Spe	P	0.9503176303730128
TRD	Spe	P	0.916187412840224
TRD	Spe	P	0.6138288854668493
TRD	Spe	P	0.9055718993557632
TRD	Spe	P	0.7627740246800493
TRD	Spe	P	0.9179529147665784
TRD	Spe	P	1.0
TRD	Spe	P	0.8981375848433324
TRD	Spe	P	0.8556974355526192
TRD	Spe	P	0.9203608971367836
TRD	Spe	P	0.6758156200725469
TRD	Spe	P	1.0
TRD	Spe	P	0.8594982195235467
TRD	Spe	P	0.8608775009040837
TRD	Spe	P	0.9760343954442572
TRD	Spe	P	0.8027603241609171
TRD	Spe	P	0.8402494202024323
TRD	Spe	P	0.902062203681915
TRD	Spe	C	0.8290288634996994
TRD	Spe	C	0.8383015398427028
TRD	Spe	C	0.7272819877645751
TRD	Spe	C	0.868388515548693
TRD	Spe	C	0.8148211914920258
TRD	Spe	C	1.0
TRD	Spe	C	0.5379386671253293
TRD	Spe	C	0.8684373172850284
TRD	Spe	C	1.0
TRD	Spe	C	1.0
TRD	Spe	C	0.880170459697162
TRD	Spe	C	1.0
TRD	Spe	C	0.7478139794836003
TRD	Spe	C	0.8200479958184547
TRD	Spe	C	0.8941677372181231
TRD	Spe	C	0.8334982378386334
TRD	Spe	C	0.7357812192105069
TRD	Spe	C	0.7206953653640428
TRD	Spe	C	0.9303700396564856
TRD	Spe	C	0.649614863419157
TRD	Spe	C	0.9505717083881754
TRD	Spe	C	0.5477594535482821
TRD	Spe	C	0.6360745391355775
TRD	Spe	C	0.932832833764638
TRD	Spe	C	0.6341213328895727
TRD	Spe	C	0.6387508000385773
TRD	Spe	C	0.4824260330699798
TRD	Spe	C	0.9511570056977676
TRD	Spe	C	0.68419988757783
TRD	Spe	C	0.7274825007371756
TRD	Spe	C	0.7538956970038014
TRD	Spe	C	0.5516155790229397
TRD	Spe	C	1.0
TRD	Spe	C	0.7966046909630776
TRD	Spe	C	0.9605511108284066
TRD	Spe	C	0.3740417638536725
TRD	Spe	C	0.9342368091043166
TRD	Spe	C	0.9900892482691134
TRD	Spe	C	0.5219971914804888
TRD	Spe	C	0.7727229266042575
TRD	Spe	C	0.791038601796207
TRD	Spe	C	0.5982652775172056
TRD	Spe	C	0.7114885973133396
TRD	Spe	C	0.517541697988493
TRD	Spe	C	0.9693237507331088
TRD	Spe	C	0.936902043443218
TRD	Spe	C	0.7297731267205348
TRD	Spe	C	1.0
TRD	Spe	C	0.5605214341092146
TRD	Spe	C	1.0
TRD	Spe	C	0.6781732881950077
TRD	Spe	C	1.0
TRD	Spe	C	0.8864067635534173
TRD	Spe	C	0.7302658301844721
TRD	Spe	C	0.618522281320345
TRD	Spe	C	0.9389196083202578
TRD	Spe	C	0.4897465903915901
TRD	Spe	C	0.7474217616835066
TRD	Spe	C	0.2436283522362981
TRD	Spe	C	0.965922819786042
TRD	Spe	C	0.8555784317305342
TRD	Spe	C	0.8117043222003929
TRD	Spe	C	1.0
TRD	Spe	C	0.997092801671206
TRD	Spe	C	0.7027155394141922
TRD	Spe	C	0.9004015992892048
TRD	Spe	C	0.9189543281456616
TRD	Spe	C	0.7285588360122318
TRD	Spe	C	0.944090795674206
TRD	Spe	C	1.0
TRD	Spe	C	0.722297499271263
TRD	Spe	C	0.8748171102972583
TRD	Spe	C	0.5640316118903344
TRD	Spe	C	0.7681837712559916
TRD	Spe	C	0.8081048507788846
TRD	Spe	C	0.982848216816626
TRD	Spe	C	0.7308378191087479
TRD	Spe	C	0.7661152808796787
TRD	Spe	C	0.9995016702376156
TRD	Spe	C	0.933558681957653
TRD	Spe	C	0.4147131280098463
TRD	Spe	C	0.75806715209643
TRD	Spe	C	1.0
TRD	Spe	C	0.4286079152909691
TRD	Spe	C	0.7063922098807979
TRD	Spe	C	0.8356709401186404
TRD	Spe	C	0.7375059587820022
TRD	Spe	C	0.906659902625351
TRD	Spe	C	0.9453873492267496
TRD	Spe	C	0.9812570821544332
TRD	Spe	C	0.802465787716956
TRD	Spe	C	1.0
TRD	Spe	C	0.8551816440872233
TRD	Spe	C	0.9526602161401092
TRD	Spe	C	0.6751176500265842
TRD	Spe	C	0.4906913830577443
TRD	Spe	C	1.0
TRD	Spe	C	0.9914070859477816
TRD	Spe	C	0.8064310612690686
TRD	Spe	C	1.0
TRD	Spe	C	0.720909668537541
TRD	Spe	C	0.8466708284654745
TRD	Spe	C	0.9432528046002396
TRD	Spe	C	0.8223709276975029
TRD	Spe	C	1.0
TRD	Spe	C	1.0
TRD	Spe	C	0.7652326621296937
TRD	Spe	C	0.9168910164434496
TRD	Spe	C	1.0
TRD	Spe	C	0.8052453629095965
TRD	Spe	C	0.8678193061368378
TRD	Spe	C	1.0
TRD	Spe	C	0.5320260343438286
TRD	Spe	C	1.0
TRD	Spe	C	0.7662218887038904
TRD	Spe	C	0.8191100007991825
TRD	Spe	C	0.9793703745097572
TRD	Spe	C	0.969959743476744
TRD	Spe	C	0.5410719360608305
TRD	Spe	C	0.9248517493575804
TRD	Spe	C	1.0
TRD	Spe	C	0.7563126146995998
TRD	Spe	C	1.0
TRD	Spe	C	0.8733314945862031
TRD	Spe	C	0.6840787269601161
TRD	Spe	C	0.9028605939536126
TRD	Spe	C	0.7773908669703916
TRD	Spe	C	1.0
TRD	Spe	C	0.3450044912516323
TRD	Spe	C	0.9333610441433204
TRD	Spe	C	0.9889681333738014
TRD	Spe	C	1.0
TRD	Spe	C	0.9540765028722198
TRD	Spe	C	0.9573286566117152
TRD	Spe	C	1.0
TRD	Spe	C	0.5764102765541125
TRD	Spe	C	0.8209867141487468
TRD	Spe	C	0.936823350912132
TRD	Spe	C	0.9311712100845678
TRD	Spe	C	0.8610822846269286
TRD	Spe	C	0.6438555171636258
TRD	Spe	C	1.0
TRD	Spe	C	0.9389196083202578
TRD	Spe	C	0.2436283522362981
TRD	Spe	C	1.0
TRD	Spe	A	0.6074564477834447
TRD	Spe	A	0.5520165077478195
TRD	Spe	A	0.719144706211534
TRD	Spe	A	0.6969890654308201
TRD	Spe	A	0.5151864071004242
TRD	Spe	A	0.9491843280588548
TRD	Spe	A	0.9244508325786456
TRD	Spe	A	0.941569786885941
TRD	Spe	A	0.524957382434548
TRD	Spe	A	0.460721399052757
TRD	Spe	A	0.890219861034174
TRD	Spe	A	0.9621538037417622
TRD	Spe	A	0.9934886150876066
TRD	Spe	A	0.9807287002750062
TRD	Spe	A	0.9627812906313068
TRD	Spe	A	0.4385930605627954
TRD	Spe	A	0.526358720741747
TRD	Spe	A	0.9930780969866064
TRD	Spe	A	0.8854877657726101
TRD	Spe	A	0.9491357239854562
TRD	Spe	A	0.8400516163195506
TRD	Spe	A	0.847239387722609
TRD	Spe	A	0.8574966439748681
TRD	Spe	A	0.9719354157331064
TRD	Spe	A	0.9293936787977298
TRD	Spe	A	0.9528707459990752
TRD	Spe	A	0.6554310662778482
TRD	Spe	A	0.6944057694920301
TRD	Spe	A	0.9244508325786456
TRD	Spe	A	0.9357116682765646
TRD	Spe	A	0.7055241599063601
TRD	Spe	A	0.8750270675562815
TRD	Spe	A	0.7220749582490505
TRD	Spe	A	0.9807287002750062
TRD	Spe	A	0.9852796628317486
TRD	Spe	A	0.8570972363294622
TRD	Spe	A	0.9116091462155628
TRD	Spe	A	0.6375856806433604
TRD	Spe	A	0.8735913603159435
TRD	Spe	A	0.7071991772571903
TRD	Spe	A	0.4273403838372619
TRD	Spe	A	0.850580706101485
TRD	Spe	A	0.7088429500550537
TRD	Spe	A	0.917989847143598
TRD	Spe	A	0.992762032338559
TRD	Spe	A	0.5744957173497496
TRD	Spe	A	0.7281254580180315
TRD	Spe	A	0.8934015395824482
TRD	Spe	A	0.8145359600084208
TRD	Spe	A	0.7785382380147856
TRD	Spe	A	0.9806329626113388
TRD	Spe	A	0.7701202356126257
TRD	Spe	A	0.694320000987048
TRD	Spe	A	0.6522717617987274
TRD	Spe	A	0.8076859674511212
TRD	Spe	A	0.9722347585270086
TRD	Spe	A	0.9239204682767712
TRD	Spe	A	0.9239204682767712
TRD	Spe	A	0.9715111397800994
TRD	Spe	A	0.9391562779560374
TRD	Spe	A	0.7800775416820791
TRD	Spe	A	0.8706836954088033
TRD	Spe	A	0.9346675742943495
TRD	Spe	A	0.8487692955918023
TRD	Spe	A	0.5736070840752481
TRD	Spe	A	0.5510338475890066
TRD	Spe	A	0.9466044164844254
TRD	Spe	A	0.9208615499214202
TRD	Spe	A	0.9636327412879664
TRD	Spe	A	0.8581186100772097
TRD	Spe	A	0.7920955118706894
TRD	Spe	A	0.9356623690654358
TRD	Spe	A	0.7796340338360909
TRD	Spe	A	0.9956317625946396
TRD	Spe	A	0.7491242177524796
TRD	Spe	A	0.933058535619824
TRD	Spe	A	0.7135378331335254
TRD	Spe	A	0.665144440826233
TRD	Spe	A	0.7401851014923777
TRD	Spe	A	0.6626750740750097
TRD	Spe	A	0.9346675742943495
TRD	Spe	A	0.8145359600084208
TRD	Spe	A	0.8726275665835808
TRD	Spe	A	0.822897542139092
TRD	Spe	A	0.8742781969750142
TRD	Spe	A	0.8318020727642768
TRD	Spe	A	0.8128222912552048
TRD	Spe	A	0.6242109415963314
TRD	Spe	A	0.6242109415963314
TRD	Spe	A	0.8145359600084208
TRD	Spe	A	0.6980501620592905
TRD	Spe	A	0.8927226221811477
TRD	Spe	A	0.904087536238805
TRD	Spe	A	0.6487829331940025
TRD	Spe	A	0.953183784539168
TRD	Spe	A	0.894680183161263
TRD	Spe	A	0.7214884785243829
TRD	Spe	A	0.2107160633411665
TRD	Spe	A	0.836288665004053
TRD	Spe	A	0.7777102216948462
TRD	Spe	A	0.891641109494552
TRD	Spe	A	0.891641109494552
TRD	Spe	A	0.9377513687636349
TRD	Spe	A	0.9377513687636349
TRD	Spe	A	0.8575386915795795
TRD	Spe	A	0.8512776594302849
TRD	Spe	A	0.8076859674511212
TRD	Spe	A	0.8927226221811477
TRD	Spe	A	0.3096682234527436
TRD	Spe	A	0.9552332522876136
TRD	Spe	A	0.8811406804424964
TRD	Spe	A	0.9722347585270086
TRD	Spe	A	0.8621847664638513
TRD	Spe	A	0.1855829790007606
TRD	Spe	A	0.941569786885941
TRD	Spe	A	0.9705339006923956
TRD	Spe	A	0.7433395278932748
TRD	Spe	A	0.6530128956790304
TRD	Spe	A	0.701218021130709
TRD	Spe	A	0.8018676483819119
TRD	Spe	A	0.978126859622216
TRD	Spe	A	0.5981678869212484
TRD	Spe	A	0.8710438342844379
TRD	Spe	A	0.8512136113969717
TRD	Spe	A	0.950191809491478
TRD	Spe	A	0.7738382559521114
TRD	Spe	A	0.82169567453656
TRD	Spe	A	0.825988976490353
TRD	Spe	A	0.9244508325786456
TRD	Spe	A	0.706723312139068
TRD	Spe	A	0.8204863121120199
TRD	Spe	A	0.6627337438750883
TRD	Spe	A	0.5378188201818868
TRD	Spe	A	0.5476809247286631
TRD	Spe	A	0.9627812906313068
TRD	Spe	A	0.8843518656056697
TRD	Spe	A	0.8810074813589871
TRD	Spe	A	0.8723085507134355
TRD	Spe	A	0.8691575939459325
TRD	Spe	A	0.9916987983783974
TRD	Spe	A	0.9622417029925826
TRD	Spe	A	0.7701202356126257
TRD	Spe	A	0.9722347585270086
TRD	Spe	A	0.9715111397800994
TRD	Spe	A	0.7214884785243829
