pair	method	Ka	Ks	Ka_Ks	source_file	trajectory	duplication_type
Pbre1_15G279400-Pbre1_15G279600	GMYN	0.0481637	0.0350292	1.37496	Pbre1_15G279400-Pbre1_15G279600.cds_aln.axt.kaks	Specialization	TD
Pbre1_05G321200-Pbre1_01G046200	GMYN	0.212033	0.770277	0.275269	Pbre1_05G321200-Pbre1_01G046200.cds_aln.axt.kaks	Neofunctionalization(Child)	TRD
Pbre1_14G452000-Pbre1_06G415400	GMYN	0.00878099	0.136715	0.0642282	Pbre1_14G452000-Pbre1_06G415400.cds_aln.axt.kaks	Conservation	TRD
Pbre1_08G030800-Pbre1_08G031600	GMYN	0.0122337	0.0327149	0.373949	Pbre1_08G030800-Pbre1_08G031600.cds_aln.axt.kaks	Specialization	PD
Pbre1_06G314400-Pbre1_06G314600	GMYN	0.336043	2.257	0.148889	Pbre1_06G314400-Pbre1_06G314600.cds_aln.axt.kaks	Neofunctionalization(Parent)	TD
Pbre1_03G070600-Pbre1_03G125400	GMYN	0.199629	0.668401	0.298667	Pbre1_03G070600-Pbre1_03G125400.cds_aln.axt.kaks	Conservation	TRD
Pbre1_10G426600-Pbre1_05G452400	GMYN	0.0965662	0.434891	0.222047	Pbre1_10G426600-Pbre1_05G452400.cds_aln.axt.kaks	Neofunctionalization(Child)	TRD
Pbre1_09G017600-Pbre1_16G235800	GMYN	0.34175	0.910746	0.375241	Pbre1_09G017600-Pbre1_16G235800.cds_aln.axt.kaks	Specialization	TRD
Pbre1_06G192200-Pbre1_12G099200	GMYN	0.303203	0.438711	0.691122	Pbre1_06G192200-Pbre1_12G099200.cds_aln.axt.kaks	Neofunctionalization(Child)	TRD
Pbre1_09G105800-Pbre1_12G426000	GMYN	0.113249	0.69356	0.163287	Pbre1_09G105800-Pbre1_12G426000.cds_aln.axt.kaks	Conservation	TRD
Pbre1_08G072200-Pbre1_08G072400	GMYN	0.11411	0.26348	0.433088	Pbre1_08G072200-Pbre1_08G072400.cds_aln.axt.kaks	Neofunctionalization(Child)	TD
Pbre1_15G708200-Pbre1_07G424200	GMYN	0.356424	0.559741	0.636765	Pbre1_15G708200-Pbre1_07G424200.cds_aln.axt.kaks	Neofunctionalization(Child)	TRD
Pbre1_06G390600-Pbre1_05G223000	GMYN	0.215015	0.362734	0.592761	Pbre1_06G390600-Pbre1_05G223000.cds_aln.axt.kaks	Conservation	TRD
Pbre1_07G165000-Pbre1_05G118200	GMYN	0.13288	0.386003	0.344246	Pbre1_07G165000-Pbre1_05G118200.cds_aln.axt.kaks	Neofunctionalization(Child)	TRD
Pbre1_01G418400-Pbre1_05G243800	GMYN	0.11762	0.245885	0.478356	Pbre1_01G418400-Pbre1_05G243800.cds_aln.axt.kaks	Conservation	TRD
Pbre1_15G599400-Pbre1_15G007000	GMYN	0.012704	0.0190709	0.666149	Pbre1_15G599400-Pbre1_15G007000.cds_aln.axt.kaks	Conservation	TRD
Pbre1_02G485000-Pbre1_02G458800	GMYN	0.0777131	0.206451	0.376424	Pbre1_02G485000-Pbre1_02G458800.cds_aln.axt.kaks	Conservation	TRD
Pbre1_08G390600-Pbre1_06G070400	GMYN	0.366405	0.900287	0.406987	Pbre1_08G390600-Pbre1_06G070400.cds_aln.axt.kaks	Conservation	TRD
Pbre1_10G378200-Pbre1_10G378600	GMYN	0.0034675	0.0228815	0.151542	Pbre1_10G378200-Pbre1_10G378600.cds_aln.axt.kaks	Conservation	PD
Pbre1_11G144200-Pbre1_11G144400	GMYN	0.226246	0.474719	0.47659	Pbre1_11G144200-Pbre1_11G144400.cds_aln.axt.kaks	Conservation	TD
Pbre1_04G197600-Pbre1_04G199400	GMYN	0.0477201	0.0842429	0.566459	Pbre1_04G197600-Pbre1_04G199400.cds_aln.axt.kaks	Specialization	PD
Pbre1_16G490000-Pbre1_05G156200	GMYN	0.500851	1.30776	0.382983	Pbre1_16G490000-Pbre1_05G156200.cds_aln.axt.kaks	Neofunctionalization(Child)	TRD
Pbre1_14G264200-Pbre1_14G264400	GMYN	0.0454069	0.118288	0.383867	Pbre1_14G264200-Pbre1_14G264400.cds_aln.axt.kaks	Specialization	TD
Pbre1_04G139000-Pbre1_06G109400	GMYN	0.261666	0.739199	0.353986	Pbre1_04G139000-Pbre1_06G109400.cds_aln.axt.kaks	Conservation	TRD
Pbre1_14G404400-Pbre1_06G366800	GMYN	0.0538629	0.272764	0.19747	Pbre1_14G404400-Pbre1_06G366800.cds_aln.axt.kaks	Conservation	TRD
Pbre1_02G223800-Pbre1_02G224000	GMYN	0.193403	0.239501	0.807524	Pbre1_02G223800-Pbre1_02G224000.cds_aln.axt.kaks	Specialization	TD
Pbre1_12G020000-Pbre1_11G354000	GMYN	0.0150525	0.702179	0.0214368	Pbre1_12G020000-Pbre1_11G354000.cds_aln.axt.kaks	Conservation	TRD
Pbre1_12G173000-Pbre1_10G578400	GMYN	0.030049	0.0910057	0.330188	Pbre1_12G173000-Pbre1_10G578400.cds_aln.axt.kaks	Specialization	TRD
Pbre1_11G043600-Pbre1_11G043800	GMYN	0.0695481	0.155299	0.447833	Pbre1_11G043600-Pbre1_11G043800.cds_aln.axt.kaks	Conservation	TD
Pbre1_10G120800-Pbre1_16G169400	GMYN	0.375885	0.798976	0.470458	Pbre1_10G120800-Pbre1_16G169400.cds_aln.axt.kaks	Neofunctionalization(Child)	TRD
Pbre1_05G129000-Pbre1_05G363200	GMYN	0.564431	1.8283	0.308719	Pbre1_05G129000-Pbre1_05G363200.cds_aln.axt.kaks	Neofunctionalization(Child)	TRD
Pbre1_10G369800-Pbre1_10G370000	GMYN	0.0135186	0.0784558	0.172308	Pbre1_10G369800-Pbre1_10G370000.cds_aln.axt.kaks	Neofunctionalization(Parent)	TD
Pbre1_17G211400-Pbre1_17G211800	GMYN	0.0278184	0.0267154	1.04129	Pbre1_17G211400-Pbre1_17G211800.cds_aln.axt.kaks	Specialization	PD
Pbre1_14G193800-Pbre1_06G152000	GMYN	0.208755	0.492787	0.42362	Pbre1_14G193800-Pbre1_06G152000.cds_aln.axt.kaks	Specialization	TRD
Pbre1_12G415400-Pbre1_04G388600	GMYN	0.0914655	0.249134	0.367134	Pbre1_12G415400-Pbre1_04G388600.cds_aln.axt.kaks	Specialization	TRD
Pbre1_17G068800-Pbre1_07G504800	GMYN	0.120675	0.25226	0.478378	Pbre1_17G068800-Pbre1_07G504800.cds_aln.axt.kaks	Neofunctionalization(Child)	TRD
Pbre1_11G475400-Pbre1_11G459800	GMYN	0.121248	0.434544	0.279023	Pbre1_11G475400-Pbre1_11G459800.cds_aln.axt.kaks	Neofunctionalization(Child)	TRD
Pbre1_05G435600-Pbre1_05G243800	GMYN	0.0471437	0.216386	0.217868	Pbre1_05G435600-Pbre1_05G243800.cds_aln.axt.kaks	Neofunctionalization(Child)	TRD
Pbre1_14G209800-Pbre1_14G210000	GMYN	0.0131046	0.166464	0.0787229	Pbre1_14G209800-Pbre1_14G210000.cds_aln.axt.kaks	Conservation	TD
Pbre1_13G347800-Pbre1_17G147600	GMYN	0.33925	0.850338	0.398959	Pbre1_13G347800-Pbre1_17G147600.cds_aln.axt.kaks	Neofunctionalization(Child)	TRD
Pbre1_14G154000-Pbre1_15G650000	GMYN	0.0691975	0.209323	0.330578	Pbre1_14G154000-Pbre1_15G650000.cds_aln.axt.kaks	Neofunctionalization(Child)	TRD
Pbre1_17G136600-Pbre1_17G290600	GMYN	0.0870591	0.188125	0.462773	Pbre1_17G136600-Pbre1_17G290600.cds_aln.axt.kaks	Specialization	TRD
Pbre1_16G124200-Pbre1_16G124800	GMYN	0.27459	0.897616	0.305911	Pbre1_16G124200-Pbre1_16G124800.cds_aln.axt.kaks	Specialization	PD
Pbre1_12G079800-Pbre1_12G105400	GMYN	0.471939	1.08904	0.433352	Pbre1_12G079800-Pbre1_12G105400.cds_aln.axt.kaks	Neofunctionalization(Child)	TRD
Pbre1_09G261200-Pbre1_09G426400	GMYN	0.546433	3.71306	0.147165	Pbre1_09G261200-Pbre1_09G426400.cds_aln.axt.kaks	Specialization	TRD
Pbre1_15G675400-Pbre1_15G676200	GMYN	0.0942744	0.326062	0.289131	Pbre1_15G675400-Pbre1_15G676200.cds_aln.axt.kaks	Specialization	PD
Pbre1_12G020000-Pbre1_03G329400	GMYN	0.014965	1.01808	0.0146992	Pbre1_12G020000-Pbre1_03G329400.cds_aln.axt.kaks	Conservation	TRD
Pbre1_07G164800-Pbre1_10G123400	GMYN	0.0253925	0.0571471	0.444336	Pbre1_07G164800-Pbre1_10G123400.cds_aln.axt.kaks	Neofunctionalization(Parent)	TRD
Pbre1_15G748800-Pbre1_15G749000	GMYN	0.172654	0.319957	0.539616	Pbre1_15G748800-Pbre1_15G749000.cds_aln.axt.kaks	Conservation	TD
Pbre1_13G223000-Pbre1_13G223200	GMYN	0.0823475	0.124151	0.663287	Pbre1_13G223000-Pbre1_13G223200.cds_aln.axt.kaks	Neofunctionalization(Child)	TD
Pbre1_11G485400-Pbre1_11G485800	GMYN	0.435879	1.14662	0.380144	Pbre1_11G485400-Pbre1_11G485800.cds_aln.axt.kaks	Conservation	PD
Pbre1_11G049000-Pbre1_11G464600	GMYN	0.0661178	0.235625	0.280606	Pbre1_11G049000-Pbre1_11G464600.cds_aln.axt.kaks	Neofunctionalization(Child)	TRD
Pbre1_09G463800-Pbre1_01G055800	GMYN	0.126402	0.42962	0.294218	Pbre1_09G463800-Pbre1_01G055800.cds_aln.axt.kaks	Neofunctionalization(Child)	TRD
Pbre1_07G426400-Pbre1_01G352000	GMYN	0.0636157	0.213829	0.297508	Pbre1_07G426400-Pbre1_01G352000.cds_aln.axt.kaks	Specialization	TRD
Pbre1_03G113800-Pbre1_03G114600	GMYN	0.0699639	0.273131	0.256155	Pbre1_03G113800-Pbre1_03G114600.cds_aln.axt.kaks	Conservation	PD
Pbre1_02G087800-Pbre1_02G088000	GMYN	0.0483906	0.168144	0.287792	Pbre1_02G087800-Pbre1_02G088000.cds_aln.axt.kaks	Specialization	TD
Pbre1_17G339000-Pbre1_01G358600	GMYN	0.598531	4.60347	0.130017	Pbre1_17G339000-Pbre1_01G358600.cds_aln.axt.kaks	Conservation	TRD
Pbre1_13G038600-Pbre1_13G038800	GMYN	0.271132	1.59371	0.170127	Pbre1_13G038600-Pbre1_13G038800.cds_aln.axt.kaks	Specialization	TD
Pbre1_15G458400-Pbre1_15G458600	GMYN	0.0299114	0.155071	0.192888	Pbre1_15G458400-Pbre1_15G458600.cds_aln.axt.kaks	Conservation	TD
Pbre1_14G030400-Pbre1_14G030600	GMYN	0.0186821	0.0715637	0.261056	Pbre1_14G030400-Pbre1_14G030600.cds_aln.axt.kaks	Conservation	TD
Pbre1_12G057400-Pbre1_12G057600	GMYN	0.0378833	0.121651	0.311411	Pbre1_12G057400-Pbre1_12G057600.cds_aln.axt.kaks	Conservation	TD
Pbre1_14G249400-Pbre1_06G209200	GMYN	0.0394849	0.204164	0.193398	Pbre1_14G249400-Pbre1_06G209200.cds_aln.axt.kaks	Conservation	TRD
Pbre1_01G406200-Pbre1_01G424800	GMYN	0.139445	0.233923	0.596116	Pbre1_01G406200-Pbre1_01G424800.cds_aln.axt.kaks	Neofunctionalization(Child)	TRD
Pbre1_10G314200-Pbre1_10G314600	GMYN	0.12433	0.446183	0.278651	Pbre1_10G314200-Pbre1_10G314600.cds_aln.axt.kaks	Specialization	PD
Pbre1_05G277400-Pbre1_10G270200	GMYN	0.435912	1.07171	0.406744	Pbre1_05G277400-Pbre1_10G270200.cds_aln.axt.kaks	Neofunctionalization(Child)	TRD
Pbre1_16G269800-Pbre1_16G270000	GMYN	0.0232253	1.5885	0.0146209	Pbre1_16G269800-Pbre1_16G270000.cds_aln.axt.kaks	Conservation	TD
Pbre1_05G193400-Pbre1_15G706400	GMYN	0.544783	0.885005	0.615571	Pbre1_05G193400-Pbre1_15G706400.cds_aln.axt.kaks	Neofunctionalization(Child)	TRD
Pbre1_10G439800-Pbre1_10G581600	GMYN	0.0445961	0.19338	0.230614	Pbre1_10G439800-Pbre1_10G581600.cds_aln.axt.kaks	Conservation	TRD
Pbre1_11G274400-Pbre1_11G275000	GMYN	0.0775101	0.209023	0.370821	Pbre1_11G274400-Pbre1_11G275000.cds_aln.axt.kaks	Specialization	PD
Pbre1_02G373800-Pbre1_02G374000	GMYN	0.0209764	0.0799376	0.26241	Pbre1_02G373800-Pbre1_02G374000.cds_aln.axt.kaks	Specialization	TD
Pbre1_05G540400-Pbre1_05G540800	GMYN	0.46148	0.44728	1.03175	Pbre1_05G540400-Pbre1_05G540800.cds_aln.axt.kaks	Specialization	PD
Pbre1_11G286200-Pbre1_09G414600	GMYN	0.644375	5.22265	0.123381	Pbre1_11G286200-Pbre1_09G414600.cds_aln.axt.kaks	Specialization	TRD
Pbre1_17G225800-Pbre1_17G226000	GMYN	0.0571338	0.36343	0.157207	Pbre1_17G225800-Pbre1_17G226000.cds_aln.axt.kaks	Specialization	TD
Pbre1_11G325600-Pbre1_03G307400	GMYN	0.0738033	0.136459	0.540847	Pbre1_11G325600-Pbre1_03G307400.cds_aln.axt.kaks	Conservation	TRD
Pbre1_01G407600-Pbre1_07G264200	GMYN	0.371154	1.60859	0.230732	Pbre1_01G407600-Pbre1_07G264200.cds_aln.axt.kaks	Neofunctionalization(Child)	TRD
Pbre1_12G259400-Pbre1_04G223000	GMYN	0.0479014	0.172441	0.277784	Pbre1_12G259400-Pbre1_04G223000.cds_aln.axt.kaks	Neofunctionalization(Child)	TRD
Pbre1_10G347400-Pbre1_15G319400	GMYN	0.140167	0.269511	0.520078	Pbre1_10G347400-Pbre1_15G319400.cds_aln.axt.kaks	Neofunctionalization(Child)	TRD
Pbre1_07G082600-Pbre1_07G082800	GMYN	0.0663929	0.0496966	1.33597	Pbre1_07G082600-Pbre1_07G082800.cds_aln.axt.kaks	Conservation	TD
Pbre1_17G398200-Pbre1_17G398400	GMYN	0.0917543	0.464261	0.197635	Pbre1_17G398200-Pbre1_17G398400.cds_aln.axt.kaks	Neofunctionalization(Parent)	TD
Pbre1_16G304000-Pbre1_16G304200	GMYN	0.0486084	0.202599	0.239924	Pbre1_16G304000-Pbre1_16G304200.cds_aln.axt.kaks	Specialization	TD
Pbre1_04G374200-Pbre1_04G384000	GMYN	0.490101	1.06939	0.458302	Pbre1_04G374200-Pbre1_04G384000.cds_aln.axt.kaks	Neofunctionalization(Child)	TRD
Pbre1_09G305600-Pbre1_09G305800	GMYN	0.273089	1.16809	0.233791	Pbre1_09G305600-Pbre1_09G305800.cds_aln.axt.kaks	Specialization	TD
Pbre1_15G311200-Pbre1_15G311600	GMYN	0.308594	2.51937	0.122488	Pbre1_15G311200-Pbre1_15G311600.cds_aln.axt.kaks	Specialization	PD
Pbre1_06G217600-Pbre1_06G217800	GMYN	0.282533	0.583142	0.484501	Pbre1_06G217600-Pbre1_06G217800.cds_aln.axt.kaks	Specialization	TD
Pbre1_03G471000-Pbre1_03G471200	GMYN	0.0393931	0.0589528	0.668214	Pbre1_03G471000-Pbre1_03G471200.cds_aln.axt.kaks	Conservation	TD
Pbre1_16G243400-Pbre1_03G479600	GMYN	0.0296546	0.257145	0.115322	Pbre1_16G243400-Pbre1_03G479600.cds_aln.axt.kaks	Neofunctionalization(Child)	TRD
Pbre1_10G446600-Pbre1_05G472800	GMYN	0.0677363	0.0927031	0.73068	Pbre1_10G446600-Pbre1_05G472800.cds_aln.axt.kaks	Specialization	TRD
Pbre1_15G631000-Pbre1_15G370000	GMYN	0.0674208	0.0905341	0.744701	Pbre1_15G631000-Pbre1_15G370000.cds_aln.axt.kaks	Neofunctionalization(Child)	TRD
Pbre1_13G194800-Pbre1_13G195400	GMYN	0.0942153	0.427769	0.220248	Pbre1_13G194800-Pbre1_13G195400.cds_aln.axt.kaks	Specialization	PD
Pbre1_10G117200-Pbre1_13G200800	GMYN	0.193661	0.30148	0.642367	Pbre1_10G117200-Pbre1_13G200800.cds_aln.axt.kaks	Neofunctionalization(Child)	TRD
Pbre1_11G442800-Pbre1_11G444400	GMYN	0.00535814	0.0182158	0.294148	Pbre1_11G442800-Pbre1_11G444400.cds_aln.axt.kaks	Specialization	PD
Pbre1_10G234600-Pbre1_10G234800	GMYN	0.137497	0.563777	0.243886	Pbre1_10G234600-Pbre1_10G234800.cds_aln.axt.kaks	Neofunctionalization(Child)	TD
Pbre1_10G044000-Pbre1_16G205400	GMYN	0.016518	0.604939	0.0273053	Pbre1_10G044000-Pbre1_16G205400.cds_aln.axt.kaks	Conservation	TRD
Pbre1_02G148000-Pbre1_02G148200	GMYN	0.120968	0.211506	0.571936	Pbre1_02G148000-Pbre1_02G148200.cds_aln.axt.kaks	Neofunctionalization(Parent)	TD
Pbre1_01G304200-Pbre1_05G475800	GMYN	0.372746	1.42934	0.260781	Pbre1_01G304200-Pbre1_05G475800.cds_aln.axt.kaks	Neofunctionalization(Child)	TRD
Pbre1_05G579200-Pbre1_10G563200	GMYN	0.0702677	0.177775	0.395262	Pbre1_05G579200-Pbre1_10G563200.cds_aln.axt.kaks	Conservation	TRD
Pbre1_17G102800-Pbre1_09G204200	GMYN	0.248941	0.371728	0.669685	Pbre1_17G102800-Pbre1_09G204200.cds_aln.axt.kaks	Specialization	TRD
Pbre1_08G067400-Pbre1_13G310000	GMYN	0.214441	0.241262	0.88883	Pbre1_08G067400-Pbre1_13G310000.cds_aln.axt.kaks	Neofunctionalization(Child)	TRD
Pbre1_03G455800-Pbre1_03G456000	GMYN	0.125008	0.117525	1.06368	Pbre1_03G455800-Pbre1_03G456000.cds_aln.axt.kaks	Specialization	TD
Pbre1_08G393800-Pbre1_15G757200	GMYN	0.0312213	0.253015	0.123397	Pbre1_08G393800-Pbre1_15G757200.cds_aln.axt.kaks	Conservation	TRD
Pbre1_15G570000-Pbre1_15G570200	GMYN	0.107078	0.19426	0.551212	Pbre1_15G570000-Pbre1_15G570200.cds_aln.axt.kaks	Conservation	TD
Pbre1_05G129000-Pbre1_10G345600	GMYN	0.551313	1.69	0.326222	Pbre1_05G129000-Pbre1_10G345600.cds_aln.axt.kaks	Neofunctionalization(Child)	TRD
Pbre1_10G347400-Pbre1_15G211200	GMYN	0.161099	1.78648	0.0901769	Pbre1_10G347400-Pbre1_15G211200.cds_aln.axt.kaks	Neofunctionalization(Child)	TRD
Pbre1_11G507600-Pbre1_11G507800	GMYN	0.0292034	0.0606024	0.481885	Pbre1_11G507600-Pbre1_11G507800.cds_aln.axt.kaks	Neofunctionalization(Child)	TD
Pbre1_13G468000-Pbre1_03G346600	GMYN	0.0416552	0.286935	0.145173	Pbre1_13G468000-Pbre1_03G346600.cds_aln.axt.kaks	Conservation	TRD
Pbre1_03G186600-Pbre1_03G186800	GMYN	0.110742	0.132081	0.838437	Pbre1_03G186600-Pbre1_03G186800.cds_aln.axt.kaks	Neofunctionalization(Child)	TD
Pbre1_13G488400-Pbre1_05G592800	GMYN	0.190931	0.423275	0.45108	Pbre1_13G488400-Pbre1_05G592800.cds_aln.axt.kaks	Neofunctionalization(Child)	TRD
Pbre1_03G081400-Pbre1_11G081200	GMYN	0.0174018	0.161234	0.107929	Pbre1_03G081400-Pbre1_11G081200.cds_aln.axt.kaks	Conservation	TRD
Pbre1_09G269400-Pbre1_05G455600	GMYN	0.35403	0.915022	0.386909	Pbre1_09G269400-Pbre1_05G455600.cds_aln.axt.kaks	Neofunctionalization(Child)	TRD
Pbre1_15G320000-Pbre1_12G203000	GMYN	0.21135	0.39271	0.538184	Pbre1_15G320000-Pbre1_12G203000.cds_aln.axt.kaks	Neofunctionalization(Child)	TRD
Pbre1_01G365600-Pbre1_07G439800	GMYN	0.0661411	0.0772224	0.856501	Pbre1_01G365600-Pbre1_07G439800.cds_aln.axt.kaks	Specialization	TRD
Pbre1_14G380000-Pbre1_14G380200	GMYN	0.0524532	0.0594544	0.882243	Pbre1_14G380000-Pbre1_14G380200.cds_aln.axt.kaks	Conservation	TD
Pbre1_09G474000-Pbre1_06G067400	GMYN	0.213533	0.504476	0.423277	Pbre1_09G474000-Pbre1_06G067400.cds_aln.axt.kaks	Neofunctionalization(Child)	TRD
Pbre1_06G259200-Pbre1_03G416800	GMYN	0.09983	1.26903	0.0786664	Pbre1_06G259200-Pbre1_03G416800.cds_aln.axt.kaks	Neofunctionalization(Child)	TRD
Pbre1_04G381200-Pbre1_12G405400	GMYN	0.0271016	0.179616	0.150886	Pbre1_04G381200-Pbre1_12G405400.cds_aln.axt.kaks	Specialization	TRD
Pbre1_12G359200-Pbre1_12G359400	GMYN	0.163421	1.58473	0.103122	Pbre1_12G359200-Pbre1_12G359400.cds_aln.axt.kaks	Specialization	TD
Pbre1_07G443200-Pbre1_07G448200	GMYN	0.169944	0.170291	0.997964	Pbre1_07G443200-Pbre1_07G448200.cds_aln.axt.kaks	Neofunctionalization(Child)	TRD
Pbre1_06G409000-Pbre1_06G409200	GMYN	0.0816949	0.0892999	0.914838	Pbre1_06G409000-Pbre1_06G409200.cds_aln.axt.kaks	Specialization	TD
Pbre1_02G054600-Pbre1_02G054800	GMYN	0.177652	0.477712	0.37188	Pbre1_02G054600-Pbre1_02G054800.cds_aln.axt.kaks	Neofunctionalization(Child)	TD
Pbre1_09G093800-Pbre1_09G094000	GMYN	0.0584898	0.091007	0.642696	Pbre1_09G093800-Pbre1_09G094000.cds_aln.axt.kaks	Specialization	TD
Pbre1_09G438600-Pbre1_15G644800	GMYN	0.205184	1.22047	0.16812	Pbre1_09G438600-Pbre1_15G644800.cds_aln.axt.kaks	Neofunctionalization(Child)	TRD
Pbre1_11G156400-Pbre1_10G151400	GMYN	0.211186	0.969338	0.217867	Pbre1_11G156400-Pbre1_10G151400.cds_aln.axt.kaks	Specialization	TRD
Pbre1_03G264400-Pbre1_03G215400	GMYN	0.0372747	0.0879684	0.423729	Pbre1_03G264400-Pbre1_03G215400.cds_aln.axt.kaks	Conservation	TRD
Pbre1_16G408600-Pbre1_05G059200	GMYN	0.280942	0.22779	1.23334	Pbre1_16G408600-Pbre1_05G059200.cds_aln.axt.kaks	Neofunctionalization(Child)	TRD
Pbre1_07G481400-Pbre1_07G481600	GMYN	0.569511	0.69629	0.817921	Pbre1_07G481400-Pbre1_07G481600.cds_aln.axt.kaks	Conservation	TD
Pbre1_17G264600-Pbre1_08G043200	GMYN	0.0303831	0.0799493	0.38003	Pbre1_17G264600-Pbre1_08G043200.cds_aln.axt.kaks	Specialization	TRD
Pbre1_06G344000-Pbre1_06G344400	GMYN	0.0352348	0.132173	0.266581	Pbre1_06G344000-Pbre1_06G344400.cds_aln.axt.kaks	Specialization	PD
Pbre1_17G112200-Pbre1_17G112400	GMYN	0.0218247	0.0829	0.263265	Pbre1_17G112200-Pbre1_17G112400.cds_aln.axt.kaks	Conservation	TD
Pbre1_01G060200-Pbre1_15G595600	GMYN	0.0527249	0.158123	0.333443	Pbre1_01G060200-Pbre1_15G595600.cds_aln.axt.kaks	Conservation	TRD
Pbre1_17G378600-Pbre1_17G378800	GMYN	0.0414287	0.0957487	0.432682	Pbre1_17G378600-Pbre1_17G378800.cds_aln.axt.kaks	Conservation	TD
Pbre1_04G374200-Pbre1_12G409600	GMYN	0.494155	1.03122	0.479193	Pbre1_04G374200-Pbre1_12G409600.cds_aln.axt.kaks	Neofunctionalization(Child)	TRD
Pbre1_15G262400-Pbre1_15G262600	GMYN	0.036975	1.28152	0.0288525	Pbre1_15G262400-Pbre1_15G262600.cds_aln.axt.kaks	Conservation	TD
Pbre1_14G107800-Pbre1_14G108200	GMYN	0.0338566	0.148686	0.227706	Pbre1_14G107800-Pbre1_14G108200.cds_aln.axt.kaks	Neofunctionalization(Parent)	PD
Pbre1_01G260400-Pbre1_01G260600	GMYN	0.0424772	0.117277	0.362196	Pbre1_01G260400-Pbre1_01G260600.cds_aln.axt.kaks	Conservation	TD
Pbre1_07G146600-Pbre1_07G146800	GMYN	0.126319	0.484637	0.260647	Pbre1_07G146600-Pbre1_07G146800.cds_aln.axt.kaks	Neofunctionalization(Child)	TD
Pbre1_05G416800-Pbre1_05G417000	GMYN	0.0473718	0.0769985	0.61523	Pbre1_05G416800-Pbre1_05G417000.cds_aln.axt.kaks	Conservation	TD
Pbre1_02G200600-Pbre1_02G201000	GMYN	0.080254	0.19697	0.407442	Pbre1_02G200600-Pbre1_02G201000.cds_aln.axt.kaks	Specialization	PD
Pbre1_10G116400-Pbre1_07G443800	GMYN	0.0887801	0.455781	0.194787	Pbre1_10G116400-Pbre1_07G443800.cds_aln.axt.kaks	Neofunctionalization(Child)	TRD
Pbre1_10G282600-Pbre1_07G403000	GMYN	0.0871739	0.263071	0.33137	Pbre1_10G282600-Pbre1_07G403000.cds_aln.axt.kaks	Conservation	TRD
Pbre1_14G264000-Pbre1_06G223600	GMYN	0.17307	0.844398	0.204962	Pbre1_14G264000-Pbre1_06G223600.cds_aln.axt.kaks	Conservation	TRD
Pbre1_08G112200-Pbre1_08G112400	GMYN	0.0343694	0.112322	0.30599	Pbre1_08G112200-Pbre1_08G112400.cds_aln.axt.kaks	Conservation	TD
Pbre1_09G374600-Pbre1_17G394600	GMYN	0.13831	0.212473	0.650954	Pbre1_09G374600-Pbre1_17G394600.cds_aln.axt.kaks	Conservation	TRD
Pbre1_02G421200-Pbre1_02G422400	GMYN	0.0228785	0.028602	0.79989	Pbre1_02G421200-Pbre1_02G422400.cds_aln.axt.kaks	Conservation	PD
Pbre1_07G075600-Pbre1_02G424600	GMYN	0.044958	0.148263	0.303232	Pbre1_07G075600-Pbre1_02G424600.cds_aln.axt.kaks	Conservation	TRD
Pbre1_04G139200-Pbre1_05G172600	GMYN		0.0203659	-5.45138e-14	Pbre1_04G139200-Pbre1_05G172600.cds_aln.axt.kaks	Neofunctionalization(Child)	TRD
Pbre1_14G033000-Pbre1_12G039400	GMYN	0.0799271	0.197281	0.405144	Pbre1_14G033000-Pbre1_12G039400.cds_aln.axt.kaks	Specialization	TRD
Pbre1_15G167400-Pbre1_15G167600	GMYN	0.497274	1.05763	0.470178	Pbre1_15G167400-Pbre1_15G167600.cds_aln.axt.kaks	Specialization	TD
Pbre1_17G320600-Pbre1_09G046200	GMYN	0.344594	0.509089	0.676883	Pbre1_17G320600-Pbre1_09G046200.cds_aln.axt.kaks	Conservation	TRD
Pbre1_09G197000-Pbre1_09G171600	GMYN	0.0956157	0.14383	0.664781	Pbre1_09G197000-Pbre1_09G171600.cds_aln.axt.kaks	Conservation	TRD
Pbre1_05G350000-Pbre1_05G351000	GMYN	0.0866692	0.283152	0.306087	Pbre1_05G350000-Pbre1_05G351000.cds_aln.axt.kaks	Conservation	PD
Pbre1_16G254000-Pbre1_03G403800	GMYN	0.192225	0.293412	0.655135	Pbre1_16G254000-Pbre1_03G403800.cds_aln.axt.kaks	Specialization	TRD
Pbre1_02G467000-Pbre1_07G040600	GMYN	0.0470182	0.156126	0.301156	Pbre1_02G467000-Pbre1_07G040600.cds_aln.axt.kaks	Conservation	TRD
Pbre1_16G482600-Pbre1_16G482800	GMYN	0.327145	1.00444	0.325697	Pbre1_16G482600-Pbre1_16G482800.cds_aln.axt.kaks	Specialization	TD
Pbre1_15G577000-Pbre1_11G178200	GMYN	0.0712198	0.221973	0.32085	Pbre1_15G577000-Pbre1_11G178200.cds_aln.axt.kaks	Neofunctionalization(Child)	TRD
Pbre1_07G395800-Pbre1_07G396000	GMYN	0.102559	0.0975417	1.05144	Pbre1_07G395800-Pbre1_07G396000.cds_aln.axt.kaks	Specialization	TD
Pbre1_07G046600-Pbre1_02G460000	GMYN	0.0550183	0.166168	0.331101	Pbre1_07G046600-Pbre1_02G460000.cds_aln.axt.kaks	Specialization	TRD
Pbre1_02G189600-Pbre1_16G103400	GMYN	0.362768	0.812902	0.446263	Pbre1_02G189600-Pbre1_16G103400.cds_aln.axt.kaks	Neofunctionalization(Child)	TRD
Pbre1_02G245000-Pbre1_02G245400	GMYN	0.00453726	0.0244848	0.185309	Pbre1_02G245000-Pbre1_02G245400.cds_aln.axt.kaks	Conservation	PD
Pbre1_17G137800-Pbre1_09G138600	GMYN	0.124772	0.407311	0.306331	Pbre1_17G137800-Pbre1_09G138600.cds_aln.axt.kaks	Conservation	TRD
Pbre1_09G489800-Pbre1_17G504200	GMYN	0.124935	0.268502	0.465305	Pbre1_09G489800-Pbre1_17G504200.cds_aln.axt.kaks	Conservation	TRD
Pbre1_16G202400-Pbre1_10G204200	GMYN	0.230425	1.00135	0.230115	Pbre1_16G202400-Pbre1_10G204200.cds_aln.axt.kaks	Neofunctionalization(Child)	TRD
Pbre1_03G319800-Pbre1_08G316800	GMYN	0.0293909	0.436641	0.0673113	Pbre1_03G319800-Pbre1_08G316800.cds_aln.axt.kaks	Neofunctionalization(Child)	TRD
Pbre1_15G036200-Pbre1_15G036400	GMYN	0.0165951	0.147436	0.112557	Pbre1_15G036200-Pbre1_15G036400.cds_aln.axt.kaks	Neofunctionalization(Child)	TD
Pbre1_16G392800-Pbre1_02G277200	GMYN	0.0545175	0.875464	0.0622727	Pbre1_16G392800-Pbre1_02G277200.cds_aln.axt.kaks	Neofunctionalization(Child)	TRD
Pbre1_09G355800-Pbre1_09G356000	GMYN	0.00274694	0.00952291	0.288456	Pbre1_09G355800-Pbre1_09G356000.cds_aln.axt.kaks	Conservation	TD
Pbre1_06G056400-Pbre1_06G056600	GMYN	0.0694779	0.109316	0.63557	Pbre1_06G056400-Pbre1_06G056600.cds_aln.axt.kaks	Conservation	TD
Pbre1_05G047600-Pbre1_11G072400	GMYN	0.00950474	0.224053	0.0424219	Pbre1_05G047600-Pbre1_11G072400.cds_aln.axt.kaks	Conservation	TRD
Pbre1_01G250600-Pbre1_02G001800	GMYN	0.30055	0.771023	0.389807	Pbre1_01G250600-Pbre1_02G001800.cds_aln.axt.kaks	Neofunctionalization(Child)	TRD
Pbre1_10G417000-Pbre1_10G417200	GMYN		0.294631	2.49076e-12	Pbre1_10G417000-Pbre1_10G417200.cds_aln.axt.kaks	Conservation	TD
Pbre1_13G264000-Pbre1_13G264200	GMYN	0.027253	3.63594	0.00749545	Pbre1_13G264000-Pbre1_13G264200.cds_aln.axt.kaks	Conservation	TD
Pbre1_09G382200-Pbre1_17G398200	GMYN	0.0991022	0.425333	0.232999	Pbre1_09G382200-Pbre1_17G398200.cds_aln.axt.kaks	Neofunctionalization(Parent)	TRD
Pbre1_07G496000-Pbre1_07G496200	GMYN	0.0519978	0.212488	0.244709	Pbre1_07G496000-Pbre1_07G496200.cds_aln.axt.kaks	Specialization	TD
Pbre1_11G430200-Pbre1_12G353800	GMYN	0.136716	0.172473	0.792681	Pbre1_11G430200-Pbre1_12G353800.cds_aln.axt.kaks	Neofunctionalization(Child)	TRD
Pbre1_14G308000-Pbre1_06G270800	GMYN	0.129806	0.156565	0.829085	Pbre1_14G308000-Pbre1_06G270800.cds_aln.axt.kaks	Neofunctionalization(Child)	TRD
Pbre1_11G459000-Pbre1_03G424600	GMYN	0.0938386	0.412067	0.227727	Pbre1_11G459000-Pbre1_03G424600.cds_aln.axt.kaks	Conservation	TRD
Pbre1_11G010800-Pbre1_11G011000	GMYN	0.0163364	0.0446799	0.365632	Pbre1_11G010800-Pbre1_11G011000.cds_aln.axt.kaks	Conservation	TD
Pbre1_05G245000-Pbre1_09G484200	GMYN	0.108774	1.73532	0.0626826	Pbre1_05G245000-Pbre1_09G484200.cds_aln.axt.kaks	Neofunctionalization(Child)	TRD
Pbre1_16G295200-Pbre1_16G171200	GMYN	0.0628198	0.704484	0.0891715	Pbre1_16G295200-Pbre1_16G171200.cds_aln.axt.kaks	Neofunctionalization(Child)	TRD
Pbre1_04G276800-Pbre1_10G563200	GMYN	0.428198	1.14884	0.372721	Pbre1_04G276800-Pbre1_10G563200.cds_aln.axt.kaks	Neofunctionalization(Child)	TRD
Pbre1_17G478800-Pbre1_12G311200	GMYN	0.134567	0.319565	0.421095	Pbre1_17G478800-Pbre1_12G311200.cds_aln.axt.kaks	Neofunctionalization(Child)	TRD
Pbre1_16G415600-Pbre1_02G206200	GMYN	0.426081	1.09434	0.389351	Pbre1_16G415600-Pbre1_02G206200.cds_aln.axt.kaks	Neofunctionalization(Child)	TRD
Pbre1_09G411600-Pbre1_08G316800	GMYN	0.0312864	1.52521	0.0205128	Pbre1_09G411600-Pbre1_08G316800.cds_aln.axt.kaks	Neofunctionalization(Child)	TRD
Pbre1_02G385600-Pbre1_02G385800	GMYN	0.0985792	0.359018	0.27458	Pbre1_02G385600-Pbre1_02G385800.cds_aln.axt.kaks	Specialization	TD
Pbre1_11G061000-Pbre1_11G061600	GMYN	0.0401789	0.0989123	0.406207	Pbre1_11G061000-Pbre1_11G061600.cds_aln.axt.kaks	Specialization	PD
Pbre1_16G348000-Pbre1_13G343600	GMYN	0.0641592	0.121329	0.528806	Pbre1_16G348000-Pbre1_13G343600.cds_aln.axt.kaks	Neofunctionalization(Child)	TRD
Pbre1_11G396000-Pbre1_11G396200	GMYN	0.181036	0.820678	0.220593	Pbre1_11G396000-Pbre1_11G396200.cds_aln.axt.kaks	Neofunctionalization(Parent)	TD
Pbre1_17G503000-Pbre1_16G372600	GMYN	0.00298459	0.053873	0.0554005	Pbre1_17G503000-Pbre1_16G372600.cds_aln.axt.kaks	Neofunctionalization(Child)	TRD
Pbre1_17G250600-Pbre1_14G189400	GMYN	0.0632714	0.213211	0.296755	Pbre1_17G250600-Pbre1_14G189400.cds_aln.axt.kaks	Neofunctionalization(Child)	TRD
Pbre1_02G172800-Pbre1_02G173200	GMYN	0.0465236	0.143701	0.323753	Pbre1_02G172800-Pbre1_02G173200.cds_aln.axt.kaks	Conservation	PD
Pbre1_01G165600-Pbre1_05G020600	GMYN	0.264479	1.56572	0.168918	Pbre1_01G165600-Pbre1_05G020600.cds_aln.axt.kaks	Conservation	TRD
Pbre1_15G687000-Pbre1_16G018800	GMYN	0.127201	0.469807	0.270752	Pbre1_15G687000-Pbre1_16G018800.cds_aln.axt.kaks	Conservation	TRD
Pbre1_09G073800-Pbre1_12G266600	GMYN	0.0968549	0.127964	0.756893	Pbre1_09G073800-Pbre1_12G266600.cds_aln.axt.kaks	Specialization	TRD
Pbre1_17G468600-Pbre1_17G469200	GMYN	0.0256728	0.223799	0.114714	Pbre1_17G468600-Pbre1_17G469200.cds_aln.axt.kaks	Neofunctionalization(Child)	PD
Pbre1_05G465400-Pbre1_10G438800	GMYN	0.0381479	0.160942	0.237029	Pbre1_05G465400-Pbre1_10G438800.cds_aln.axt.kaks	Conservation	TRD
Pbre1_10G436800-Pbre1_10G437000	GMYN	0.0549615	0.0750201	0.732624	Pbre1_10G436800-Pbre1_10G437000.cds_aln.axt.kaks	Neofunctionalization(Child)	TD
Pbre1_02G044200-Pbre1_02G044400	GMYN	0.0714474	0.206467	0.346047	Pbre1_02G044200-Pbre1_02G044400.cds_aln.axt.kaks	Conservation	TD
Pbre1_10G220000-Pbre1_05G219000	GMYN	0.0521672	0.292756	0.178193	Pbre1_10G220000-Pbre1_05G219000.cds_aln.axt.kaks	Neofunctionalization(Child)	TRD
Pbre1_16G145200-Pbre1_16G145600	GMYN	0.0417172	0.0664215	0.628069	Pbre1_16G145200-Pbre1_16G145600.cds_aln.axt.kaks	Specialization	PD
Pbre1_10G237600-Pbre1_10G238800	GMYN	0.231696	0.60522	0.382829	Pbre1_10G237600-Pbre1_10G238800.cds_aln.axt.kaks	Specialization	PD
Pbre1_17G123800-Pbre1_17G124000	GMYN	0.34609	0.569036	0.608204	Pbre1_17G123800-Pbre1_17G124000.cds_aln.axt.kaks	Conservation	TD
Pbre1_01G425600-Pbre1_01G425800	GMYN	0.238884	0.527392	0.452954	Pbre1_01G425600-Pbre1_01G425800.cds_aln.axt.kaks	Specialization	TD
Pbre1_06G182200-Pbre1_06G182400	GMYN	0.273426	0.489313	0.558797	Pbre1_06G182200-Pbre1_06G182400.cds_aln.axt.kaks	Specialization	TD
Pbre1_08G177000-Pbre1_08G185800	GMYN	0.0636286	0.103275	0.61611	Pbre1_08G177000-Pbre1_08G185800.cds_aln.axt.kaks	Specialization	TRD
Pbre1_15G267400-Pbre1_15G267600	GMYN	0.111586	0.141273	0.789858	Pbre1_15G267400-Pbre1_15G267600.cds_aln.axt.kaks	Conservation	TD
Pbre1_11G025000-Pbre1_11G205600	GMYN	0.490884	0.611608	0.802612	Pbre1_11G025000-Pbre1_11G205600.cds_aln.axt.kaks	Neofunctionalization(Child)	TRD
Pbre1_02G420600-Pbre1_05G060000	GMYN	0.0684206	0.153389	0.44606	Pbre1_02G420600-Pbre1_05G060000.cds_aln.axt.kaks	Neofunctionalization(Child)	TRD
Pbre1_10G459400-Pbre1_05G486400	GMYN	0.0800946	0.423853	0.188968	Pbre1_10G459400-Pbre1_05G486400.cds_aln.axt.kaks	Neofunctionalization(Parent)	TRD
Pbre1_06G056200-Pbre1_15G294000	GMYN	0.0820864	0.194521	0.421993	Pbre1_06G056200-Pbre1_15G294000.cds_aln.axt.kaks	Conservation	TRD
Pbre1_09G440600-Pbre1_09G441000	GMYN	0.0906235	0.135777	0.667445	Pbre1_09G440600-Pbre1_09G441000.cds_aln.axt.kaks	Specialization	PD
Pbre1_15G772200-Pbre1_08G404000	GMYN	0.159988	0.227082	0.704537	Pbre1_15G772200-Pbre1_08G404000.cds_aln.axt.kaks	Specialization	TRD
Pbre1_11G180400-Pbre1_14G251200	GMYN	0.219519	0.936004	0.234528	Pbre1_11G180400-Pbre1_14G251200.cds_aln.axt.kaks	Specialization	TRD
Pbre1_08G383000-Pbre1_02G377600	GMYN	0.306471	0.737682	0.415451	Pbre1_08G383000-Pbre1_02G377600.cds_aln.axt.kaks	Conservation	TRD
Pbre1_12G422000-Pbre1_12G423200	GMYN	0.201868	1.38725	0.145516	Pbre1_12G422000-Pbre1_12G423200.cds_aln.axt.kaks	Neofunctionalization(Child)	PD
Pbre1_03G332000-Pbre1_03G332200	GMYN	0.0284981	0.0224573	1.26899	Pbre1_03G332000-Pbre1_03G332200.cds_aln.axt.kaks	Conservation	TD
Pbre1_03G095400-Pbre1_14G026600	GMYN	0.162584	0.185238	0.877703	Pbre1_03G095400-Pbre1_14G026600.cds_aln.axt.kaks	Specialization	TRD
Pbre1_09G142400-Pbre1_05G035200	GMYN	0.0853606	0.182658	0.467324	Pbre1_09G142400-Pbre1_05G035200.cds_aln.axt.kaks	Neofunctionalization(Child)	TRD
Pbre1_09G424800-Pbre1_09G425200	GMYN	0.1402	0.189914	0.738227	Pbre1_09G424800-Pbre1_09G425200.cds_aln.axt.kaks	Specialization	PD
Pbre1_01G113200-Pbre1_01G113400	GMYN	0.0383577	0.0924655	0.414832	Pbre1_01G113200-Pbre1_01G113400.cds_aln.axt.kaks	Conservation	TD
Pbre1_07G243200-Pbre1_07G243400	GMYN	0.052314	0.0930901	0.561971	Pbre1_07G243200-Pbre1_07G243400.cds_aln.axt.kaks	Specialization	TD
Pbre1_13G454000-Pbre1_04G074000	GMYN	0.0316551	0.19351	0.163584	Pbre1_13G454000-Pbre1_04G074000.cds_aln.axt.kaks	Conservation	TRD
Pbre1_17G280600-Pbre1_15G398800	GMYN	0.188269	1.16136	0.162111	Pbre1_17G280600-Pbre1_15G398800.cds_aln.axt.kaks	Specialization	TRD
Pbre1_07G251600-Pbre1_04G270600	GMYN	0.125072	0.801747	0.155999	Pbre1_07G251600-Pbre1_04G270600.cds_aln.axt.kaks	Conservation	TRD
Pbre1_05G327000-Pbre1_05G327200	GMYN	0.0148302	0.0570718	0.259852	Pbre1_05G327000-Pbre1_05G327200.cds_aln.axt.kaks	Conservation	TD
Pbre1_11G323600-Pbre1_11G324000	GMYN	0.440068	1.22829	0.358276	Pbre1_11G323600-Pbre1_11G324000.cds_aln.axt.kaks	Specialization	PD
Pbre1_17G323000-Pbre1_04G081200	GMYN	0.0189224	0.124533	0.151947	Pbre1_17G323000-Pbre1_04G081200.cds_aln.axt.kaks	Conservation	TRD
Pbre1_12G012200-Pbre1_16G102400	GMYN	0.0407214	0.0968349	0.420524	Pbre1_12G012200-Pbre1_16G102400.cds_aln.axt.kaks	Conservation	TRD
Pbre1_03G238600-Pbre1_03G239200	GMYN	0.0112711	0.22535	0.0500161	Pbre1_03G238600-Pbre1_03G239200.cds_aln.axt.kaks	Conservation	PD
Pbre1_10G424600-Pbre1_10G425400	GMYN	0.0476465	0.0504337	0.944736	Pbre1_10G424600-Pbre1_10G425400.cds_aln.axt.kaks	Neofunctionalization(Parent)	PD
Pbre1_17G201600-Pbre1_16G142200	GMYN	0.423044	1.67622	0.252379	Pbre1_17G201600-Pbre1_16G142200.cds_aln.axt.kaks	Neofunctionalization(Child)	TRD
Pbre1_09G411600-Pbre1_15G671600	GMYN	0.0312784	1.2649	0.0247278	Pbre1_09G411600-Pbre1_15G671600.cds_aln.axt.kaks	Neofunctionalization(Child)	TRD
Pbre1_08G133000-Pbre1_09G087800	GMYN	0.0921575	0.259575	0.355033	Pbre1_08G133000-Pbre1_09G087800.cds_aln.axt.kaks	Neofunctionalization(Child)	TRD
Pbre1_15G185400-Pbre1_15G185600	GMYN	0.100824	0.371947	0.27107	Pbre1_15G185400-Pbre1_15G185600.cds_aln.axt.kaks	Neofunctionalization(Parent)	TD
Pbre1_07G022000-Pbre1_09G285400	GMYN	0.347399	0.892791	0.389116	Pbre1_07G022000-Pbre1_09G285400.cds_aln.axt.kaks	Neofunctionalization(Child)	TRD
Pbre1_16G124600-Pbre1_16G213000	GMYN	0.109414	0.12687	0.862412	Pbre1_16G124600-Pbre1_16G213000.cds_aln.axt.kaks	Neofunctionalization(Child)	TRD
Pbre1_06G046200-Pbre1_06G070400	GMYN	0.2802	0.708146	0.395681	Pbre1_06G046200-Pbre1_06G070400.cds_aln.axt.kaks	Neofunctionalization(Child)	TRD
Pbre1_12G284400-Pbre1_14G006800	GMYN	0.240349	0.286646	0.838488	Pbre1_12G284400-Pbre1_14G006800.cds_aln.axt.kaks	Neofunctionalization(Child)	TRD
Pbre1_15G075800-Pbre1_08G069200	GMYN	0.224871	0.596636	0.376897	Pbre1_15G075800-Pbre1_08G069200.cds_aln.axt.kaks	Conservation	TRD
Pbre1_06G032800-Pbre1_15G443200	GMYN	0.188604	0.842269	0.223924	Pbre1_06G032800-Pbre1_15G443200.cds_aln.axt.kaks	Neofunctionalization(Child)	TRD
Pbre1_12G270400-Pbre1_11G528600	GMYN	0.21454	0.44401	0.483186	Pbre1_12G270400-Pbre1_11G528600.cds_aln.axt.kaks	Specialization	TRD
Pbre1_04G392000-Pbre1_12G417600	GMYN	0.0405861	0.165783	0.244814	Pbre1_04G392000-Pbre1_12G417600.cds_aln.axt.kaks	Conservation	TRD
Pbre1_10G108200-Pbre1_03G314400	GMYN	0.0406414	0.121696	0.333958	Pbre1_10G108200-Pbre1_03G314400.cds_aln.axt.kaks	Neofunctionalization(Child)	TRD
Pbre1_11G389600-Pbre1_03G023000	GMYN	0.169706	0.457378	0.37104	Pbre1_11G389600-Pbre1_03G023000.cds_aln.axt.kaks	Neofunctionalization(Child)	TRD
Pbre1_15G014600-Pbre1_08G018000	GMYN	0.364724	0.942788	0.386857	Pbre1_15G014600-Pbre1_08G018000.cds_aln.axt.kaks	Neofunctionalization(Child)	TRD
Pbre1_14G206000-Pbre1_10G530600	GMYN	0.436897	0.81487	0.536156	Pbre1_14G206000-Pbre1_10G530600.cds_aln.axt.kaks	Specialization	TRD
Pbre1_08G222200-Pbre1_05G199400	GMYN	0.073164	0.200663	0.364612	Pbre1_08G222200-Pbre1_05G199400.cds_aln.axt.kaks	Specialization	TRD
Pbre1_15G540600-Pbre1_13G170000	GMYN	0.458092	1.17401	0.390193	Pbre1_15G540600-Pbre1_13G170000.cds_aln.axt.kaks	Specialization	TRD
Pbre1_11G244800-Pbre1_11G314200	GMYN	0.0259165	0.10095	0.256726	Pbre1_11G244800-Pbre1_11G314200.cds_aln.axt.kaks	Conservation	TRD
Pbre1_04G198800-Pbre1_04G201400	GMYN	0.0655387	0.118575	0.552718	Pbre1_04G198800-Pbre1_04G201400.cds_aln.axt.kaks	Specialization	TRD
Pbre1_14G140600-Pbre1_12G136600	GMYN	0.125007	0.384179	0.325388	Pbre1_14G140600-Pbre1_12G136600.cds_aln.axt.kaks	Specialization	TRD
Pbre1_16G359000-Pbre1_16G359200	GMYN	0.281677	0.785498	0.358596	Pbre1_16G359000-Pbre1_16G359200.cds_aln.axt.kaks	Neofunctionalization(Child)	TD
Pbre1_06G314000-Pbre1_14G352000	GMYN	0.404913	3.42478	0.118231	Pbre1_06G314000-Pbre1_14G352000.cds_aln.axt.kaks	Specialization	TRD
Pbre1_06G227800-Pbre1_06G228000	GMYN	0.22553	0.744889	0.30277	Pbre1_06G227800-Pbre1_06G228000.cds_aln.axt.kaks	Neofunctionalization(Child)	TD
Pbre1_02G285400-Pbre1_02G047200	GMYN	0.385425	1.30053	0.29636	Pbre1_02G285400-Pbre1_02G047200.cds_aln.axt.kaks	Neofunctionalization(Child)	TRD
Pbre1_12G102200-Pbre1_17G179600	GMYN	0.323981	0.843061	0.384291	Pbre1_12G102200-Pbre1_17G179600.cds_aln.axt.kaks	Neofunctionalization(Child)	TRD
Pbre1_13G484800-Pbre1_13G485400	GMYN	0.00995519	0.0232613	0.427973	Pbre1_13G484800-Pbre1_13G485400.cds_aln.axt.kaks	Conservation	PD
Pbre1_17G261600-Pbre1_16G484000	GMYN	0.265462	1.06828	0.248494	Pbre1_17G261600-Pbre1_16G484000.cds_aln.axt.kaks	Neofunctionalization(Child)	TRD
Pbre1_10G188800-Pbre1_10G189400	GMYN	0.0358257	0.120413	0.297525	Pbre1_10G188800-Pbre1_10G189400.cds_aln.axt.kaks	Conservation	PD
Pbre1_11G474200-Pbre1_11G475600	GMYN	0.558303	0.640418	0.87178	Pbre1_11G474200-Pbre1_11G475600.cds_aln.axt.kaks	Specialization	PD
Pbre1_15G171800-Pbre1_15G172600	GMYN	0.0614806	0.0546781	1.12441	Pbre1_15G171800-Pbre1_15G172600.cds_aln.axt.kaks	Specialization	PD
Pbre1_10G592400-Pbre1_14G321000	GMYN	0.695179	1.25058	0.555886	Pbre1_10G592400-Pbre1_14G321000.cds_aln.axt.kaks	Neofunctionalization(Child)	TRD
Pbre1_10G358200-Pbre1_05G378600	GMYN	0.107951	0.389177	0.277382	Pbre1_10G358200-Pbre1_05G378600.cds_aln.axt.kaks	Conservation	TRD
Pbre1_15G030600-Pbre1_15G031000	GMYN	0.03919	0.0851124	0.460449	Pbre1_15G030600-Pbre1_15G031000.cds_aln.axt.kaks	Specialization	PD
Pbre1_13G445800-Pbre1_05G429600	GMYN	0.0205352	0.0131241	1.56469	Pbre1_13G445800-Pbre1_05G429600.cds_aln.axt.kaks	Specialization	TRD
Pbre1_02G424600-Pbre1_02G424800	GMYN	0.184648	0.375844	0.491289	Pbre1_02G424600-Pbre1_02G424800.cds_aln.axt.kaks	Neofunctionalization(Child)	TD
Pbre1_11G093600-Pbre1_11G093800	GMYN	0.480382	3.06068	0.156953	Pbre1_11G093600-Pbre1_11G093800.cds_aln.axt.kaks	Conservation	TD
Pbre1_16G476800-Pbre1_07G264600	GMYN	0.118644	0.550765	0.215416	Pbre1_16G476800-Pbre1_07G264600.cds_aln.axt.kaks	Neofunctionalization(Child)	TRD
Pbre1_11G334400-Pbre1_11G335600	GMYN	0.246521	1.11094	0.221904	Pbre1_11G334400-Pbre1_11G335600.cds_aln.axt.kaks	Neofunctionalization(Parent)	PD
Pbre1_05G075000-Pbre1_02G363000	GMYN	0.57722	0.474943	1.21535	Pbre1_05G075000-Pbre1_02G363000.cds_aln.axt.kaks	Conservation	TRD
Pbre1_07G229200-Pbre1_15G252600	GMYN	0.146382	0.431739	0.339052	Pbre1_07G229200-Pbre1_15G252600.cds_aln.axt.kaks	Neofunctionalization(Child)	TRD
Pbre1_15G102600-Pbre1_08G109800	GMYN	0.185378	0.523411	0.354172	Pbre1_15G102600-Pbre1_08G109800.cds_aln.axt.kaks	Specialization	TRD
Pbre1_14G169200-Pbre1_14G169400	GMYN	0.0501032	0.159192	0.314734	Pbre1_14G169200-Pbre1_14G169400.cds_aln.axt.kaks	Conservation	TD
Pbre1_06G350600-Pbre1_14G388200	GMYN	0.222692	0.480106	0.463839	Pbre1_06G350600-Pbre1_14G388200.cds_aln.axt.kaks	Neofunctionalization(Child)	TRD
Pbre1_01G022200-Pbre1_15G390800	GMYN	0.212117	0.424463	0.499731	Pbre1_01G022200-Pbre1_15G390800.cds_aln.axt.kaks	Neofunctionalization(Child)	TRD
Pbre1_10G512600-Pbre1_10G513200	GMYN	0.0757758	0.143598	0.527696	Pbre1_10G512600-Pbre1_10G513200.cds_aln.axt.kaks	Conservation	PD
Pbre1_06G199400-Pbre1_12G282200	GMYN	0.257776	2.44665	0.105359	Pbre1_06G199400-Pbre1_12G282200.cds_aln.axt.kaks	Neofunctionalization(Child)	TRD
Pbre1_16G184400-Pbre1_16G184600	GMYN	0.254897	0.797083	0.319787	Pbre1_16G184400-Pbre1_16G184600.cds_aln.axt.kaks	Neofunctionalization(Child)	TD
Pbre1_15G483200-Pbre1_11G212400	GMYN	0.216849	1.17684	0.184264	Pbre1_15G483200-Pbre1_11G212400.cds_aln.axt.kaks	Conservation	TRD
Pbre1_15G250200-Pbre1_08G415200	GMYN	0.175469	0.417725	0.420059	Pbre1_15G250200-Pbre1_08G415200.cds_aln.axt.kaks	Neofunctionalization(Child)	TRD
Pbre1_04G256200-Pbre1_04G256600	GMYN	0.283134	1.14906	0.246405	Pbre1_04G256200-Pbre1_04G256600.cds_aln.axt.kaks	Specialization	PD
Pbre1_15G372600-Pbre1_07G454000	GMYN	0.15709	0.343607	0.457178	Pbre1_15G372600-Pbre1_07G454000.cds_aln.axt.kaks	Specialization	TRD
Pbre1_08G179200-Pbre1_08G179800	GMYN	0.0714054	0.078143	0.913779	Pbre1_08G179200-Pbre1_08G179800.cds_aln.axt.kaks	Specialization	PD
Pbre1_16G040600-Pbre1_16G040800	GMYN	0.338706	1.89273	0.178951	Pbre1_16G040600-Pbre1_16G040800.cds_aln.axt.kaks	Specialization	TD
Pbre1_11G414600-Pbre1_04G123800	GMYN	0.422696	0.490579	0.861627	Pbre1_11G414600-Pbre1_04G123800.cds_aln.axt.kaks	Neofunctionalization(Child)	TRD
Pbre1_16G460800-Pbre1_13G018800	GMYN	0.138596	0.471406	0.294005	Pbre1_16G460800-Pbre1_13G018800.cds_aln.axt.kaks	Specialization	TRD
Pbre1_17G112800-Pbre1_17G117400	GMYN	0.212874	1.20124	0.177212	Pbre1_17G112800-Pbre1_17G117400.cds_aln.axt.kaks	Neofunctionalization(Child)	TRD
Pbre1_03G461200-Pbre1_10G173400	GMYN	0.205	0.442121	0.463674	Pbre1_03G461200-Pbre1_10G173400.cds_aln.axt.kaks	Neofunctionalization(Child)	TRD
Pbre1_05G603800-Pbre1_10G592200	GMYN	0.0176255	0.129322	0.136292	Pbre1_05G603800-Pbre1_10G592200.cds_aln.axt.kaks	Conservation	TRD
Pbre1_09G401400-Pbre1_06G230200	GMYN	0.179984	1.20522	0.149338	Pbre1_09G401400-Pbre1_06G230200.cds_aln.axt.kaks	Specialization	TRD
Pbre1_15G002600-Pbre1_08G005000	GMYN	0.0158628	0.0826306	0.191973	Pbre1_15G002600-Pbre1_08G005000.cds_aln.axt.kaks	Neofunctionalization(Child)	TRD
Pbre1_14G080600-Pbre1_14G081400	GMYN	0.192049	0.47246	0.406488	Pbre1_14G080600-Pbre1_14G081400.cds_aln.axt.kaks	Neofunctionalization(Child)	PD
Pbre1_16G392800-Pbre1_15G518200	GMYN	0.054425	0.838186	0.0649319	Pbre1_16G392800-Pbre1_15G518200.cds_aln.axt.kaks	Neofunctionalization(Child)	TRD
Pbre1_07G039000-Pbre1_01G434000	GMYN	0.0837301	0.217614	0.384764	Pbre1_07G039000-Pbre1_01G434000.cds_aln.axt.kaks	Conservation	TRD
Pbre1_06G357000-Pbre1_09G411800	GMYN	0.590608	1.30256	0.453422	Pbre1_06G357000-Pbre1_09G411800.cds_aln.axt.kaks	Neofunctionalization(Child)	TRD
Pbre1_16G023200-Pbre1_16G023400	GMYN	0.035095	0.137309	0.255591	Pbre1_16G023200-Pbre1_16G023400.cds_aln.axt.kaks	Specialization	TD
Pbre1_15G493600-Pbre1_15G493800	GMYN	0.110487	0.345872	0.319444	Pbre1_15G493600-Pbre1_15G493800.cds_aln.axt.kaks	Specialization	TD
Pbre1_10G505600-Pbre1_05G526400	GMYN	0.271689	0.797287	0.340767	Pbre1_10G505600-Pbre1_05G526400.cds_aln.axt.kaks	Specialization	TRD
Pbre1_04G231200-Pbre1_04G231400	GMYN	0.0637804	0.345435	0.184638	Pbre1_04G231200-Pbre1_04G231400.cds_aln.axt.kaks	Specialization	TD
Pbre1_10G357200-Pbre1_10G357400	GMYN	0.00357689	0.218273	0.0163872	Pbre1_10G357200-Pbre1_10G357400.cds_aln.axt.kaks	Conservation	TD
Pbre1_09G098400-Pbre1_05G327800	GMYN	0.465909	0.813645	0.57262	Pbre1_09G098400-Pbre1_05G327800.cds_aln.axt.kaks	Conservation	TRD
Pbre1_12G049200-Pbre1_09G037800	GMYN	0.586046	1.88242	0.311326	Pbre1_12G049200-Pbre1_09G037800.cds_aln.axt.kaks	Neofunctionalization(Child)	TRD
Pbre1_07G020200-Pbre1_02G494200	GMYN	0.0884034	0.16275	0.543184	Pbre1_07G020200-Pbre1_02G494200.cds_aln.axt.kaks	Conservation	TRD
Pbre1_01G294600-Pbre1_01G294800	GMYN	0.0433603	0.207103	0.209366	Pbre1_01G294600-Pbre1_01G294800.cds_aln.axt.kaks	Specialization	TD
Pbre1_09G025200-Pbre1_16G129400	GMYN	0.0306091	0.23443	0.130568	Pbre1_09G025200-Pbre1_16G129400.cds_aln.axt.kaks	Neofunctionalization(Child)	TRD
Pbre1_09G022200-Pbre1_09G022600	GMYN	0.0745347	0.206248	0.361384	Pbre1_09G022200-Pbre1_09G022600.cds_aln.axt.kaks	Conservation	PD
Pbre1_09G247200-Pbre1_17G240400	GMYN	0.0856692	0.309257	0.277016	Pbre1_09G247200-Pbre1_17G240400.cds_aln.axt.kaks	Conservation	TRD
Pbre1_07G475600-Pbre1_16G353200	GMYN	0.0454625	0.111424	0.408013	Pbre1_07G475600-Pbre1_16G353200.cds_aln.axt.kaks	Specialization	TRD
Pbre1_05G423800-Pbre1_08G329600	GMYN	0.191778	0.70416	0.272349	Pbre1_05G423800-Pbre1_08G329600.cds_aln.axt.kaks	Neofunctionalization(Child)	TRD
Pbre1_10G270400-Pbre1_01G092400	GMYN	0.318297	0.52436	0.60702	Pbre1_10G270400-Pbre1_01G092400.cds_aln.axt.kaks	Neofunctionalization(Child)	TRD
Pbre1_04G078000-Pbre1_09G464200	GMYN	0.133533	0.59511	0.224383	Pbre1_04G078000-Pbre1_09G464200.cds_aln.axt.kaks	Conservation	TRD
Pbre1_13G195200-Pbre1_13G195600	GMYN	0.272808	0.779284	0.350075	Pbre1_13G195200-Pbre1_13G195600.cds_aln.axt.kaks	Conservation	PD
Pbre1_09G204600-Pbre1_17G198000	GMYN	0.12086	0.394873	0.306074	Pbre1_09G204600-Pbre1_17G198000.cds_aln.axt.kaks	Neofunctionalization(Child)	TRD
Pbre1_11G136000-Pbre1_15G330000	GMYN	0.100643	0.190543	0.528189	Pbre1_11G136000-Pbre1_15G330000.cds_aln.axt.kaks	Conservation	TRD
Pbre1_04G247600-Pbre1_05G105400	GMYN	0.0137398	0.27471	0.0500157	Pbre1_04G247600-Pbre1_05G105400.cds_aln.axt.kaks	Conservation	TRD
Pbre1_14G136000-Pbre1_14G136200	GMYN	0.075827	0.227775	0.332902	Pbre1_14G136000-Pbre1_14G136200.cds_aln.axt.kaks	Neofunctionalization(Child)	TD
Pbre1_03G068400-Pbre1_15G110600	GMYN	0.173949	0.334152	0.520569	Pbre1_03G068400-Pbre1_15G110600.cds_aln.axt.kaks	Neofunctionalization(Child)	TRD
Pbre1_08G320000-Pbre1_08G320200	GMYN	0.0738425	0.0534218	1.38226	Pbre1_08G320000-Pbre1_08G320200.cds_aln.axt.kaks	Specialization	TD
Pbre1_11G490800-Pbre1_11G492000	GMYN	0.10507	0.349483	0.300643	Pbre1_11G490800-Pbre1_11G492000.cds_aln.axt.kaks	Conservation	PD
Pbre1_13G226200-Pbre1_16G335000	GMYN	0.287587	0.905908	0.317457	Pbre1_13G226200-Pbre1_16G335000.cds_aln.axt.kaks	Neofunctionalization(Child)	TRD
Pbre1_14G190200-Pbre1_06G148200	GMYN	0.13116	0.215314	0.609154	Pbre1_14G190200-Pbre1_06G148200.cds_aln.axt.kaks	Specialization	TRD
Pbre1_10G282000-Pbre1_05G287400	GMYN	0.0785466	0.160179	0.490369	Pbre1_10G282000-Pbre1_05G287400.cds_aln.axt.kaks	Neofunctionalization(Parent)	TRD
Pbre1_09G364000-Pbre1_15G219000	GMYN	0.21201	0.528087	0.401467	Pbre1_09G364000-Pbre1_15G219000.cds_aln.axt.kaks	Neofunctionalization(Child)	TRD
Pbre1_08G294000-Pbre1_07G370800	GMYN	0.210901	0.528089	0.399366	Pbre1_08G294000-Pbre1_07G370800.cds_aln.axt.kaks	Neofunctionalization(Child)	TRD
Pbre1_15G610400-Pbre1_11G178200	GMYN	0.663045	4.35817	0.152138	Pbre1_15G610400-Pbre1_11G178200.cds_aln.axt.kaks	Conservation	TRD
Pbre1_16G476400-Pbre1_13G486800	GMYN	0.154341	4.20212	0.0367293	Pbre1_16G476400-Pbre1_13G486800.cds_aln.axt.kaks	Neofunctionalization(Child)	TRD
Pbre1_01G171200-Pbre1_04G270600	GMYN	0.0842209	0.477463	0.176393	Pbre1_01G171200-Pbre1_04G270600.cds_aln.axt.kaks	Conservation	TRD
Pbre1_17G445800-Pbre1_17G446000	GMYN	0.108585	0.0970013	1.11942	Pbre1_17G445800-Pbre1_17G446000.cds_aln.axt.kaks	Specialization	TD
Pbre1_14G080600-Pbre1_14G080800	GMYN	0.357176	1.10269	0.323913	Pbre1_14G080600-Pbre1_14G080800.cds_aln.axt.kaks	Neofunctionalization(Child)	TD
Pbre1_14G240000-Pbre1_14G240200	GMYN	0.289004	0.401741	0.71938	Pbre1_14G240000-Pbre1_14G240200.cds_aln.axt.kaks	Neofunctionalization(Parent)	TD
Pbre1_15G106000-Pbre1_15G106800	GMYN	0.0348475	0.184808	0.18856	Pbre1_15G106000-Pbre1_15G106800.cds_aln.axt.kaks	Conservation	PD
Pbre1_07G338000-Pbre1_01G266600	GMYN	0.427712	0.732679	0.583765	Pbre1_07G338000-Pbre1_01G266600.cds_aln.axt.kaks	Neofunctionalization(Child)	TRD
Pbre1_11G027400-Pbre1_11G027600	GMYN	0.022952	0.0427633	0.536721	Pbre1_11G027400-Pbre1_11G027600.cds_aln.axt.kaks	Specialization	TD
Pbre1_11G101000-Pbre1_04G311800	GMYN	0.247724	1.2302	0.201368	Pbre1_11G101000-Pbre1_04G311800.cds_aln.axt.kaks	Specialization	TRD
Pbre1_07G442600-Pbre1_07G498800	GMYN	0.29412	0.562512	0.522868	Pbre1_07G442600-Pbre1_07G498800.cds_aln.axt.kaks	Neofunctionalization(Child)	TRD
Pbre1_03G291600-Pbre1_17G390800	GMYN	0.0024103	0.151415	0.0159184	Pbre1_03G291600-Pbre1_17G390800.cds_aln.axt.kaks	Conservation	TRD
Pbre1_16G436000-Pbre1_16G481000	GMYN	0.0148482	0.0640841	0.231699	Pbre1_16G436000-Pbre1_16G481000.cds_aln.axt.kaks	Neofunctionalization(Child)	TRD
Pbre1_05G371000-Pbre1_05G371200	GMYN	0.0361753	0.0702637	0.51485	Pbre1_05G371000-Pbre1_05G371200.cds_aln.axt.kaks	Specialization	TD
Pbre1_11G097400-Pbre1_09G008000	GMYN	0.310355	0.514601	0.603098	Pbre1_11G097400-Pbre1_09G008000.cds_aln.axt.kaks	Conservation	TRD
Pbre1_01G293400-Pbre1_01G293600	GMYN	0.307617	1.04528	0.29429	Pbre1_01G293400-Pbre1_01G293600.cds_aln.axt.kaks	Neofunctionalization(Parent)	TD
Pbre1_05G049200-Pbre1_05G049800	GMYN	0.160856	0.36199	0.444367	Pbre1_05G049200-Pbre1_05G049800.cds_aln.axt.kaks	Neofunctionalization(Parent)	PD
Pbre1_05G248200-Pbre1_05G248400	GMYN	0.193431	0.391158	0.49451	Pbre1_05G248200-Pbre1_05G248400.cds_aln.axt.kaks	Conservation	TD
Pbre1_13G279200-Pbre1_16G282400	GMYN	0.17702	0.285648	0.619712	Pbre1_13G279200-Pbre1_16G282400.cds_aln.axt.kaks	Neofunctionalization(Child)	TRD
Pbre1_17G049200-Pbre1_01G393800	GMYN	0.334601	1.81245	0.184613	Pbre1_17G049200-Pbre1_01G393800.cds_aln.axt.kaks	Specialization	TRD
Pbre1_05G165800-Pbre1_10G169400	GMYN	0.041767	0.255159	0.16369	Pbre1_05G165800-Pbre1_10G169400.cds_aln.axt.kaks	Neofunctionalization(Child)	TRD
Pbre1_11G460800-Pbre1_03G390000	GMYN	0.389921	0.583487	0.668259	Pbre1_11G460800-Pbre1_03G390000.cds_aln.axt.kaks	Neofunctionalization(Child)	TRD
Pbre1_01G347000-Pbre1_06G311000	GMYN	0.66403	2.10786	0.315025	Pbre1_01G347000-Pbre1_06G311000.cds_aln.axt.kaks	Neofunctionalization(Child)	TRD
Pbre1_09G215200-Pbre1_17G379000	GMYN	0.382644	1.73943	0.219983	Pbre1_09G215200-Pbre1_17G379000.cds_aln.axt.kaks	Neofunctionalization(Child)	TRD
Pbre1_14G133800-Pbre1_14G134000	GMYN	0.032108	0.143822	0.223249	Pbre1_14G133800-Pbre1_14G134000.cds_aln.axt.kaks	Neofunctionalization(Child)	TD
Pbre1_13G179800-Pbre1_13G180000	GMYN	0.136062	0.317107	0.429074	Pbre1_13G179800-Pbre1_13G180000.cds_aln.axt.kaks	Neofunctionalization(Child)	TD
Pbre1_17G333000-Pbre1_08G224000	GMYN	0.363586	1.84945	0.196591	Pbre1_17G333000-Pbre1_08G224000.cds_aln.axt.kaks	Neofunctionalization(Child)	TRD
Pbre1_15G260600-Pbre1_15G260800	GMYN	0.00852823	0.0295909	0.288204	Pbre1_15G260600-Pbre1_15G260800.cds_aln.axt.kaks	Specialization	TD
Pbre1_07G471200-Pbre1_13G324000	GMYN	0.251577	1.02886	0.244519	Pbre1_07G471200-Pbre1_13G324000.cds_aln.axt.kaks	Neofunctionalization(Child)	TRD
Pbre1_02G422000-Pbre1_02G422800	GMYN	0.00204648	0.00617184	0.331583	Pbre1_02G422000-Pbre1_02G422800.cds_aln.axt.kaks	Specialization	PD
Pbre1_03G012400-Pbre1_03G012600	GMYN	0.15968	0.415304	0.38449	Pbre1_03G012400-Pbre1_03G012600.cds_aln.axt.kaks	Neofunctionalization(Parent)	TD
Pbre1_01G386800-Pbre1_01G387600	GMYN	0.0917945	0.202002	0.454424	Pbre1_01G386800-Pbre1_01G387600.cds_aln.axt.kaks	Specialization	PD
Pbre1_11G162400-Pbre1_11G163800	GMYN		1.70969	3.73388e-13	Pbre1_11G162400-Pbre1_11G163800.cds_aln.axt.kaks	Conservation	PD
Pbre1_11G284200-Pbre1_11G285000	GMYN		0.0281391	-3.94549e-14	Pbre1_11G284200-Pbre1_11G285000.cds_aln.axt.kaks	Conservation	PD
Pbre1_12G116000-Pbre1_02G140400	GMYN	0.107064	0.523305	0.204591	Pbre1_12G116000-Pbre1_02G140400.cds_aln.axt.kaks	Neofunctionalization(Child)	TRD
Pbre1_11G478400-Pbre1_11G478800	GMYN	0.0375923	0.17646	0.213036	Pbre1_11G478400-Pbre1_11G478800.cds_aln.axt.kaks	Conservation	PD
Pbre1_08G386000-Pbre1_09G101200	GMYN	0.487947	0.838292	0.582072	Pbre1_08G386000-Pbre1_09G101200.cds_aln.axt.kaks	Conservation	TRD
Pbre1_03G187200-Pbre1_02G087600	GMYN	0.142672	0.274828	0.519132	Pbre1_03G187200-Pbre1_02G087600.cds_aln.axt.kaks	Neofunctionalization(Child)	TRD
Pbre1_14G141000-Pbre1_12G137400	GMYN	0.0250036	0.193602	0.129149	Pbre1_14G141000-Pbre1_12G137400.cds_aln.axt.kaks	Conservation	TRD
Pbre1_16G298600-Pbre1_07G359600	GMYN	0.114421	0.128945	0.887366	Pbre1_16G298600-Pbre1_07G359600.cds_aln.axt.kaks	Neofunctionalization(Child)	TRD
Pbre1_01G406200-Pbre1_07G502800	GMYN	0.138079	0.321709	0.429205	Pbre1_01G406200-Pbre1_07G502800.cds_aln.axt.kaks	Neofunctionalization(Child)	TRD
Pbre1_17G014800-Pbre1_14G007600	GMYN	0.717287	2.00233	0.358226	Pbre1_17G014800-Pbre1_14G007600.cds_aln.axt.kaks	Conservation	TRD
Pbre1_12G420400-Pbre1_12G420600	GMYN	0.326251	0.55197	0.591067	Pbre1_12G420400-Pbre1_12G420600.cds_aln.axt.kaks	Specialization	TD
Pbre1_05G519600-Pbre1_08G131600	GMYN	0.130779	0.338026	0.386891	Pbre1_05G519600-Pbre1_08G131600.cds_aln.axt.kaks	Neofunctionalization(Child)	TRD
Pbre1_11G020600-Pbre1_05G531200	GMYN	0.0179719	0.0967435	0.185768	Pbre1_11G020600-Pbre1_05G531200.cds_aln.axt.kaks	Specialization	TRD
Pbre1_04G023400-Pbre1_04G023600	GMYN	0.0681644	0.092214	0.739197	Pbre1_04G023400-Pbre1_04G023600.cds_aln.axt.kaks	Conservation	TD
Pbre1_09G149000-Pbre1_17G146600	GMYN	0.0605503	0.161108	0.375837	Pbre1_09G149000-Pbre1_17G146600.cds_aln.axt.kaks	Neofunctionalization(Child)	TRD
Pbre1_10G031200-Pbre1_10G031400	GMYN	0.155599	0.38976	0.399218	Pbre1_10G031200-Pbre1_10G031400.cds_aln.axt.kaks	Neofunctionalization(Child)	TD
Pbre1_06G416200-Pbre1_11G352800	GMYN	0.0399249	0.190698	0.209362	Pbre1_06G416200-Pbre1_11G352800.cds_aln.axt.kaks	Conservation	TRD
Pbre1_11G315800-Pbre1_03G294800	GMYN	0.0305475	0.153048	0.199594	Pbre1_11G315800-Pbre1_03G294800.cds_aln.axt.kaks	Conservation	TRD
Pbre1_17G283600-Pbre1_01G312800	GMYN	0.604836	1.69829	0.356144	Pbre1_17G283600-Pbre1_01G312800.cds_aln.axt.kaks	Conservation	TRD
Pbre1_08G073200-Pbre1_08G073600	GMYN	0.0200625	0.0660076	0.303943	Pbre1_08G073200-Pbre1_08G073600.cds_aln.axt.kaks	Conservation	PD
Pbre1_16G194400-Pbre1_11G072200	GMYN	0.463786	0.768063	0.603839	Pbre1_16G194400-Pbre1_11G072200.cds_aln.axt.kaks	Neofunctionalization(Child)	TRD
Pbre1_15G059800-Pbre1_16G051800	GMYN	0.208272	0.473219	0.440118	Pbre1_15G059800-Pbre1_16G051800.cds_aln.axt.kaks	Conservation	TRD
Pbre1_07G126600-Pbre1_02G370800	GMYN	0.0454058	0.184787	0.245719	Pbre1_07G126600-Pbre1_02G370800.cds_aln.axt.kaks	Specialization	TRD
Pbre1_05G502600-Pbre1_10G353400	GMYN	0.245261	0.642378	0.381801	Pbre1_05G502600-Pbre1_10G353400.cds_aln.axt.kaks	Neofunctionalization(Child)	TRD
Pbre1_08G274400-Pbre1_15G626800	GMYN	0.13563	0.19186	0.706923	Pbre1_08G274400-Pbre1_15G626800.cds_aln.axt.kaks	Neofunctionalization(Child)	TRD
Pbre1_08G321200-Pbre1_04G254600	GMYN	0.266409	1.3383	0.199065	Pbre1_08G321200-Pbre1_04G254600.cds_aln.axt.kaks	Neofunctionalization(Child)	TRD
Pbre1_16G037400-Pbre1_16G037600	GMYN	0.328909	0.746373	0.440677	Pbre1_16G037400-Pbre1_16G037600.cds_aln.axt.kaks	Specialization	TD
Pbre1_05G088200-Pbre1_05G089000	GMYN	0.277365	1.47726	0.187756	Pbre1_05G088200-Pbre1_05G089000.cds_aln.axt.kaks	Specialization	PD
Pbre1_03G176400-Pbre1_14G437000	GMYN	0.370353	1.39788	0.264939	Pbre1_03G176400-Pbre1_14G437000.cds_aln.axt.kaks	Neofunctionalization(Child)	TRD
Pbre1_12G015600-Pbre1_16G059800	GMYN	0.206574	0.901331	0.229188	Pbre1_12G015600-Pbre1_16G059800.cds_aln.axt.kaks	Neofunctionalization(Child)	TRD
Pbre1_11G337800-Pbre1_11G472000	GMYN	0.208974	0.798684	0.261649	Pbre1_11G337800-Pbre1_11G472000.cds_aln.axt.kaks	Neofunctionalization(Child)	TRD
Pbre1_04G118000-Pbre1_04G124600	GMYN	0.225717	0.549322	0.410902	Pbre1_04G118000-Pbre1_04G124600.cds_aln.axt.kaks	Neofunctionalization(Child)	TRD
Pbre1_02G321600-Pbre1_02G321800	GMYN	0.249306	0.548981	0.454126	Pbre1_02G321600-Pbre1_02G321800.cds_aln.axt.kaks	Conservation	TD
Pbre1_16G347400-Pbre1_16G347600	GMYN	0.00537647	0.0208728	0.257582	Pbre1_16G347400-Pbre1_16G347600.cds_aln.axt.kaks	Conservation	TD
Pbre1_05G515000-Pbre1_05G515200	GMYN	0.0523625	0.0651083	0.804237	Pbre1_05G515000-Pbre1_05G515200.cds_aln.axt.kaks	Specialization	TD
Pbre1_10G078200-Pbre1_03G376200	GMYN	0.238173	0.503304	0.473219	Pbre1_10G078200-Pbre1_03G376200.cds_aln.axt.kaks	Neofunctionalization(Child)	TRD
Pbre1_10G159400-Pbre1_05G149600	GMYN	0.0355214	0.24227	0.146619	Pbre1_10G159400-Pbre1_05G149600.cds_aln.axt.kaks	Conservation	TRD
Pbre1_03G113600-Pbre1_03G114400	GMYN	0.0111241	0.0458547	0.242594	Pbre1_03G113600-Pbre1_03G114400.cds_aln.axt.kaks	Conservation	PD
Pbre1_03G319800-Pbre1_15G671600	GMYN	0.0296432	0.446958	0.066322	Pbre1_03G319800-Pbre1_15G671600.cds_aln.axt.kaks	Neofunctionalization(Child)	TRD
Pbre1_03G229200-Pbre1_05G106200	GMYN	0.34466	1.39049	0.24787	Pbre1_03G229200-Pbre1_05G106200.cds_aln.axt.kaks	Conservation	TRD
Pbre1_11G355000-Pbre1_11G355600	GMYN	0.0607356	0.11544	0.526122	Pbre1_11G355000-Pbre1_11G355600.cds_aln.axt.kaks	Conservation	PD
Pbre1_07G116800-Pbre1_07G117000	GMYN	0.0719265	0.461096	0.15599	Pbre1_07G116800-Pbre1_07G117000.cds_aln.axt.kaks	Specialization	TD
Pbre1_07G267600-Pbre1_07G267800	GMYN	0.00437843	0.0323009	0.135551	Pbre1_07G267600-Pbre1_07G267800.cds_aln.axt.kaks	Conservation	TD
Pbre1_09G177400-Pbre1_09G177600	GMYN	0.0395371	0.101292	0.390328	Pbre1_09G177400-Pbre1_09G177600.cds_aln.axt.kaks	Specialization	TD
Pbre1_09G256600-Pbre1_09G256800	GMYN	0.0873543	0.234173	0.373033	Pbre1_09G256600-Pbre1_09G256800.cds_aln.axt.kaks	Specialization	TD
Pbre1_06G116800-Pbre1_04G130400	GMYN	0.137501	0.274868	0.500244	Pbre1_06G116800-Pbre1_04G130400.cds_aln.axt.kaks	Conservation	TRD
Pbre1_03G050000-Pbre1_14G011600	GMYN	0.344575	1.42813	0.241278	Pbre1_03G050000-Pbre1_14G011600.cds_aln.axt.kaks	Neofunctionalization(Child)	TRD
Pbre1_08G186200-Pbre1_14G006800	GMYN	0.340801	0.812952	0.419214	Pbre1_08G186200-Pbre1_14G006800.cds_aln.axt.kaks	Conservation	TRD
Pbre1_13G409200-Pbre1_13G409400	GMYN	0.0267363	0.0274284	0.97477	Pbre1_13G409200-Pbre1_13G409400.cds_aln.axt.kaks	Conservation	TD
Pbre1_07G287000-Pbre1_15G539000	GMYN	0.0582977	0.262397	0.222174	Pbre1_07G287000-Pbre1_15G539000.cds_aln.axt.kaks	Neofunctionalization(Child)	TRD
Pbre1_13G430800-Pbre1_12G418000	GMYN	0.224337	0.410631	0.546323	Pbre1_13G430800-Pbre1_12G418000.cds_aln.axt.kaks	Specialization	TRD
Pbre1_12G033800-Pbre1_14G028800	GMYN	0.0800001	0.173819	0.460249	Pbre1_12G033800-Pbre1_14G028800.cds_aln.axt.kaks	Specialization	TRD
Pbre1_14G268200-Pbre1_14G268400	GMYN	0.148521	0.673633	0.220478	Pbre1_14G268200-Pbre1_14G268400.cds_aln.axt.kaks	Neofunctionalization(Child)	TD
Pbre1_16G461200-Pbre1_06G061800	GMYN	0.029772	0.472473	0.063013	Pbre1_16G461200-Pbre1_06G061800.cds_aln.axt.kaks	Conservation	TRD
Pbre1_05G391800-Pbre1_10G371000	GMYN	0.0258904	0.214295	0.120817	Pbre1_05G391800-Pbre1_10G371000.cds_aln.axt.kaks	Conservation	TRD
Pbre1_11G274400-Pbre1_11G275200	GMYN	0.0585786	0.0579794	1.01034	Pbre1_11G274400-Pbre1_11G275200.cds_aln.axt.kaks	Specialization	PD
Pbre1_09G157200-Pbre1_12G282200	GMYN	0.250664	2.82328	0.0887847	Pbre1_09G157200-Pbre1_12G282200.cds_aln.axt.kaks	Neofunctionalization(Child)	TRD
Pbre1_05G513400-Pbre1_05G513600	GMYN	0.0597106	0.114493	0.521522	Pbre1_05G513400-Pbre1_05G513600.cds_aln.axt.kaks	Specialization	TD
Pbre1_17G282800-Pbre1_09G285400	GMYN	0.119636	0.42197	0.283517	Pbre1_17G282800-Pbre1_09G285400.cds_aln.axt.kaks	Neofunctionalization(Child)	TRD
Pbre1_11G058600-Pbre1_10G289600	GMYN	0.253807	0.564351	0.449733	Pbre1_11G058600-Pbre1_10G289600.cds_aln.axt.kaks	Specialization	TRD
Pbre1_13G062000-Pbre1_13G062200	GMYN	0.048363	0.0737177	0.656056	Pbre1_13G062000-Pbre1_13G062200.cds_aln.axt.kaks	Specialization	TD
Pbre1_16G289200-Pbre1_13G339400	GMYN	0.0269066	0.2174	0.123765	Pbre1_16G289200-Pbre1_13G339400.cds_aln.axt.kaks	Neofunctionalization(Child)	TRD
Pbre1_10G296800-Pbre1_10G297800	GMYN	0.100342	0.142735	0.702994	Pbre1_10G296800-Pbre1_10G297800.cds_aln.axt.kaks	Neofunctionalization(Parent)	PD
Pbre1_07G266200-Pbre1_15G194000	GMYN	0.558667	0.879553	0.635172	Pbre1_07G266200-Pbre1_15G194000.cds_aln.axt.kaks	Specialization	TRD
Pbre1_01G146600-Pbre1_01G147200	GMYN	0.0334594	0.0555319	0.602525	Pbre1_01G146600-Pbre1_01G147200.cds_aln.axt.kaks	Specialization	PD
Pbre1_06G040200-Pbre1_11G330800	GMYN	0.141042	0.236922	0.595312	Pbre1_06G040200-Pbre1_11G330800.cds_aln.axt.kaks	Conservation	TRD
Pbre1_13G169200-Pbre1_13G169400	GMYN	0.0315754	0.126432	0.249741	Pbre1_13G169200-Pbre1_13G169400.cds_aln.axt.kaks	Specialization	TD
Pbre1_15G102000-Pbre1_15G102200	GMYN	0.237535	0.512159	0.463793	Pbre1_15G102000-Pbre1_15G102200.cds_aln.axt.kaks	Specialization	TD
Pbre1_10G142000-Pbre1_10G142400	GMYN	0.101685	0.277874	0.365938	Pbre1_10G142000-Pbre1_10G142400.cds_aln.axt.kaks	Specialization	PD
Pbre1_07G358600-Pbre1_07G359800	GMYN		0.0403817	0.0	Pbre1_07G358600-Pbre1_07G359800.cds_aln.axt.kaks	Conservation	PD
Pbre1_10G037400-Pbre1_02G383600	GMYN	0.483436	1.91887	0.251938	Pbre1_10G037400-Pbre1_02G383600.cds_aln.axt.kaks	Conservation	TRD
Pbre1_12G053800-Pbre1_12G054000	GMYN	0.10414	0.449324	0.23177	Pbre1_12G053800-Pbre1_12G054000.cds_aln.axt.kaks	Specialization	TD
Pbre1_12G177400-Pbre1_12G177800	GMYN	0.224763	1.26291	0.177972	Pbre1_12G177400-Pbre1_12G177800.cds_aln.axt.kaks	Neofunctionalization(Child)	PD
Pbre1_12G372800-Pbre1_12G048000	GMYN	0.797789	4.00769	0.199064	Pbre1_12G372800-Pbre1_12G048000.cds_aln.axt.kaks	Neofunctionalization(Child)	TRD
Pbre1_12G295800-Pbre1_09G171600	GMYN	0.100389	0.15105	0.664608	Pbre1_12G295800-Pbre1_09G171600.cds_aln.axt.kaks	Conservation	TRD
Pbre1_13G352400-Pbre1_07G406400	GMYN	0.124556	0.360324	0.345677	Pbre1_13G352400-Pbre1_07G406400.cds_aln.axt.kaks	Specialization	TRD
Pbre1_15G415800-Pbre1_15G416200	GMYN	0.330619	0.806602	0.409891	Pbre1_15G415800-Pbre1_15G416200.cds_aln.axt.kaks	Specialization	PD
Pbre1_15G057200-Pbre1_15G744600	GMYN	0.461558	0.662926	0.696243	Pbre1_15G057200-Pbre1_15G744600.cds_aln.axt.kaks	Neofunctionalization(Child)	TRD
Pbre1_02G413800-Pbre1_15G497000	GMYN	0.212883	0.335724	0.634102	Pbre1_02G413800-Pbre1_15G497000.cds_aln.axt.kaks	Specialization	TRD
Pbre1_09G423600-Pbre1_02G169800	GMYN	0.360441	1.98878	0.181237	Pbre1_09G423600-Pbre1_02G169800.cds_aln.axt.kaks	Neofunctionalization(Child)	TRD
Pbre1_09G039600-Pbre1_06G109400	GMYN	0.141115	0.225566	0.625604	Pbre1_09G039600-Pbre1_06G109400.cds_aln.axt.kaks	Conservation	TRD
Pbre1_12G158000-Pbre1_10G563200	GMYN	0.377605	1.18136	0.319636	Pbre1_12G158000-Pbre1_10G563200.cds_aln.axt.kaks	Neofunctionalization(Child)	TRD
Pbre1_17G049600-Pbre1_09G047200	GMYN	0.0612354	0.152683	0.401061	Pbre1_17G049600-Pbre1_09G047200.cds_aln.axt.kaks	Conservation	TRD
Pbre1_03G344600-Pbre1_14G354600	GMYN	0.182913	0.553215	0.330637	Pbre1_03G344600-Pbre1_14G354600.cds_aln.axt.kaks	Specialization	TRD
Pbre1_02G004200-Pbre1_15G255000	GMYN	0.10894	0.275295	0.395722	Pbre1_02G004200-Pbre1_15G255000.cds_aln.axt.kaks	Neofunctionalization(Child)	TRD
Pbre1_03G121800-Pbre1_09G044400	GMYN	0.219079	0.607195	0.360805	Pbre1_03G121800-Pbre1_09G044400.cds_aln.axt.kaks	Neofunctionalization(Child)	TRD
Pbre1_12G065000-Pbre1_05G210200	GMYN	0.34434	1.24692	0.276153	Pbre1_12G065000-Pbre1_05G210200.cds_aln.axt.kaks	Neofunctionalization(Child)	TRD
Pbre1_14G158200-Pbre1_08G382600	GMYN	0.375022	2.33706	0.160468	Pbre1_14G158200-Pbre1_08G382600.cds_aln.axt.kaks	Neofunctionalization(Child)	TRD
Pbre1_05G156000-Pbre1_17G209200	GMYN	0.412242	1.69434	0.243305	Pbre1_05G156000-Pbre1_17G209200.cds_aln.axt.kaks	Neofunctionalization(Child)	TRD
Pbre1_04G126000-Pbre1_07G500000	GMYN	0.306959	0.516006	0.594876	Pbre1_04G126000-Pbre1_07G500000.cds_aln.axt.kaks	Neofunctionalization(Child)	TRD
Pbre1_12G336200-Pbre1_05G087200	GMYN	0.076995	0.231866	0.332066	Pbre1_12G336200-Pbre1_05G087200.cds_aln.axt.kaks	Neofunctionalization(Child)	TRD
Pbre1_03G008600-Pbre1_03G008800	GMYN	0.0281616	0.412975	0.0681921	Pbre1_03G008600-Pbre1_03G008800.cds_aln.axt.kaks	Conservation	TD
Pbre1_07G150600-Pbre1_15G364200	GMYN	0.0512575	0.14889	0.344265	Pbre1_07G150600-Pbre1_15G364200.cds_aln.axt.kaks	Neofunctionalization(Child)	TRD
Pbre1_15G482200-Pbre1_16G374000	GMYN	0.295041	0.718141	0.41084	Pbre1_15G482200-Pbre1_16G374000.cds_aln.axt.kaks	Neofunctionalization(Child)	TRD
Pbre1_06G171200-Pbre1_06G171800	GMYN	0.0412361	0.108674	0.379448	Pbre1_06G171200-Pbre1_06G171800.cds_aln.axt.kaks	Specialization	PD
Pbre1_05G428200-Pbre1_05G429600	GMYN	0.297774	0.739703	0.402559	Pbre1_05G428200-Pbre1_05G429600.cds_aln.axt.kaks	Neofunctionalization(Parent)	PD
Pbre1_02G075200-Pbre1_15G325800	GMYN	0.330898	0.623953	0.530326	Pbre1_02G075200-Pbre1_15G325800.cds_aln.axt.kaks	Neofunctionalization(Child)	TRD
Pbre1_15G089800-Pbre1_15G090400	GMYN	0.0993724	0.121062	0.820841	Pbre1_15G089800-Pbre1_15G090400.cds_aln.axt.kaks	Conservation	PD
Pbre1_15G694800-Pbre1_15G695400	GMYN	0.0196808	0.0226768	0.867881	Pbre1_15G694800-Pbre1_15G695400.cds_aln.axt.kaks	Specialization	PD
Pbre1_09G133800-Pbre1_09G134000	GMYN	0.0789963	0.129839	0.608416	Pbre1_09G133800-Pbre1_09G134000.cds_aln.axt.kaks	Neofunctionalization(Child)	TD
Pbre1_16G228000-Pbre1_10G113400	GMYN	0.0285239	0.0574469	0.496527	Pbre1_16G228000-Pbre1_10G113400.cds_aln.axt.kaks	Conservation	TRD
Pbre1_14G303200-Pbre1_14G303400	GMYN	0.193646	0.276674	0.699907	Pbre1_14G303200-Pbre1_14G303400.cds_aln.axt.kaks	Neofunctionalization(Parent)	TD
Pbre1_13G460400-Pbre1_07G437000	GMYN	0.0253194	0.0349457	0.724536	Pbre1_13G460400-Pbre1_07G437000.cds_aln.axt.kaks	Conservation	TRD
Pbre1_04G176000-Pbre1_08G083200	GMYN	0.585839	4.01794	0.145806	Pbre1_04G176000-Pbre1_08G083200.cds_aln.axt.kaks	Conservation	TRD
Pbre1_16G145000-Pbre1_16G145400	GMYN	0.0137582	0.0680324	0.20223	Pbre1_16G145000-Pbre1_16G145400.cds_aln.axt.kaks	Specialization	PD
Pbre1_08G350800-Pbre1_08G351000	GMYN	0.0108929	0.0316567	0.344094	Pbre1_08G350800-Pbre1_08G351000.cds_aln.axt.kaks	Neofunctionalization(Parent)	TD
Pbre1_06G153600-Pbre1_07G403800	GMYN	0.0857076	0.18827	0.455236	Pbre1_06G153600-Pbre1_07G403800.cds_aln.axt.kaks	Neofunctionalization(Child)	TRD
Pbre1_09G314800-Pbre1_09G315000	GMYN	0.297098	0.64072	0.463693	Pbre1_09G314800-Pbre1_09G315000.cds_aln.axt.kaks	Neofunctionalization(Child)	TD
Pbre1_07G118600-Pbre1_07G118800	GMYN	0.0963869	0.630623	0.152844	Pbre1_07G118600-Pbre1_07G118800.cds_aln.axt.kaks	Conservation	TD
Pbre1_15G192400-Pbre1_08G216600	GMYN	0.184284	0.491208	0.375166	Pbre1_15G192400-Pbre1_08G216600.cds_aln.axt.kaks	Conservation	TRD
Pbre1_04G014400-Pbre1_04G014600	GMYN	0.0198151	0.0351699	0.563411	Pbre1_04G014400-Pbre1_04G014600.cds_aln.axt.kaks	Neofunctionalization(Child)	TD
Pbre1_03G131400-Pbre1_03G131600	GMYN	0.181136	0.933293	0.194082	Pbre1_03G131400-Pbre1_03G131600.cds_aln.axt.kaks	Neofunctionalization(Child)	TD
Pbre1_08G145800-Pbre1_08G146200	GMYN	0.0447305	0.0631114	0.708755	Pbre1_08G145800-Pbre1_08G146200.cds_aln.axt.kaks	Specialization	PD
Pbre1_09G384400-Pbre1_07G023000	GMYN	0.317862	1.87296	0.169711	Pbre1_09G384400-Pbre1_07G023000.cds_aln.axt.kaks	Specialization	TRD
Pbre1_02G131000-Pbre1_02G131200	GMYN	0.0615691	0.229843	0.267875	Pbre1_02G131000-Pbre1_02G131200.cds_aln.axt.kaks	Specialization	TD
Pbre1_04G258600-Pbre1_08G132200	GMYN	0.247275	0.948583	0.260678	Pbre1_04G258600-Pbre1_08G132200.cds_aln.axt.kaks	Neofunctionalization(Child)	TRD
Pbre1_08G124800-Pbre1_15G115000	GMYN	0.027023	0.255272	0.105859	Pbre1_08G124800-Pbre1_15G115000.cds_aln.axt.kaks	Conservation	TRD
Pbre1_17G152800-Pbre1_05G528600	GMYN	0.480513	1.7358	0.276825	Pbre1_17G152800-Pbre1_05G528600.cds_aln.axt.kaks	Conservation	TRD
Pbre1_11G189800-Pbre1_11G190000	GMYN	0.218599	0.76869	0.284379	Pbre1_11G189800-Pbre1_11G190000.cds_aln.axt.kaks	Neofunctionalization(Parent)	TD
Pbre1_13G104000-Pbre1_13G079200	GMYN	0.290486	5.47313	0.0530749	Pbre1_13G104000-Pbre1_13G079200.cds_aln.axt.kaks	Neofunctionalization(Child)	TRD
Pbre1_17G323200-Pbre1_04G081400	GMYN	0.0468281	0.105573	0.443562	Pbre1_17G323200-Pbre1_04G081400.cds_aln.axt.kaks	Specialization	TRD
Pbre1_10G281200-Pbre1_10G282200	GMYN	0.0891462	0.18593	0.479461	Pbre1_10G281200-Pbre1_10G282200.cds_aln.axt.kaks	Neofunctionalization(Parent)	PD
Pbre1_02G484000-Pbre1_02G506000	GMYN	0.0922496	0.205235	0.449483	Pbre1_02G484000-Pbre1_02G506000.cds_aln.axt.kaks	Conservation	TRD
Pbre1_15G087400-Pbre1_15G088400	GMYN	0.185237	0.473959	0.390828	Pbre1_15G087400-Pbre1_15G088400.cds_aln.axt.kaks	Specialization	PD
Pbre1_12G148000-Pbre1_14G151600	GMYN	0.0652364	0.180201	0.36202	Pbre1_12G148000-Pbre1_14G151600.cds_aln.axt.kaks	Specialization	TRD
Pbre1_06G144000-Pbre1_14G189000	GMYN	0.0821773	0.337579	0.243431	Pbre1_06G144000-Pbre1_14G189000.cds_aln.axt.kaks	Conservation	TRD
Pbre1_13G019600-Pbre1_13G019800	GMYN	0.0588931	0.204574	0.287881	Pbre1_13G019600-Pbre1_13G019800.cds_aln.axt.kaks	Specialization	TD
Pbre1_11G240400-Pbre1_12G333800	GMYN	0.704761	4.41403	0.159664	Pbre1_11G240400-Pbre1_12G333800.cds_aln.axt.kaks	Conservation	TRD
Pbre1_14G403400-Pbre1_06G366400	GMYN	0.12203	0.376094	0.324466	Pbre1_14G403400-Pbre1_06G366400.cds_aln.axt.kaks	Conservation	TRD
Pbre1_02G412400-Pbre1_02G412800	GMYN	0.106256	0.0553415	1.92	Pbre1_02G412400-Pbre1_02G412800.cds_aln.axt.kaks	Neofunctionalization(Parent)	PD
Pbre1_15G326400-Pbre1_02G016800	GMYN	0.356491	0.589696	0.604533	Pbre1_15G326400-Pbre1_02G016800.cds_aln.axt.kaks	Neofunctionalization(Child)	TRD
Pbre1_11G187600-Pbre1_11G189400	GMYN	0.0370265	0.0887234	0.417325	Pbre1_11G187600-Pbre1_11G189400.cds_aln.axt.kaks	Specialization	PD
Pbre1_17G361600-Pbre1_17G361800	GMYN	0.0461565	0.133342	0.346151	Pbre1_17G361600-Pbre1_17G361800.cds_aln.axt.kaks	Specialization	TD
Pbre1_09G454600-Pbre1_14G178000	GMYN	0.0704841	0.237605	0.296644	Pbre1_09G454600-Pbre1_14G178000.cds_aln.axt.kaks	Specialization	TRD
Pbre1_15G781400-Pbre1_07G468600	GMYN	0.159179	0.232956	0.6833	Pbre1_15G781400-Pbre1_07G468600.cds_aln.axt.kaks	Conservation	TRD
Pbre1_16G067200-Pbre1_13G062000	GMYN	0.291414	0.903438	0.322561	Pbre1_16G067200-Pbre1_13G062000.cds_aln.axt.kaks	Specialization	TRD
Pbre1_08G033600-Pbre1_08G034000	GMYN	0.06302	0.256915	0.245296	Pbre1_08G033600-Pbre1_08G034000.cds_aln.axt.kaks	Specialization	PD
Pbre1_09G487200-Pbre1_17G503200	GMYN	0.0594226	0.208121	0.285519	Pbre1_09G487200-Pbre1_17G503200.cds_aln.axt.kaks	Neofunctionalization(Child)	TRD
Pbre1_16G370400-Pbre1_01G239400	GMYN	0.0308088	0.106784	0.288515	Pbre1_16G370400-Pbre1_01G239400.cds_aln.axt.kaks	Neofunctionalization(Child)	TRD
Pbre1_16G422400-Pbre1_13G412400	GMYN	0.0394445	0.122602	0.321729	Pbre1_16G422400-Pbre1_13G412400.cds_aln.axt.kaks	Conservation	TRD
Pbre1_04G043000-Pbre1_08G075600	GMYN	0.369495	2.91976	0.12655	Pbre1_04G043000-Pbre1_08G075600.cds_aln.axt.kaks	Neofunctionalization(Child)	TRD
Pbre1_04G368000-Pbre1_02G113200	GMYN	0.270811	0.399545	0.6778	Pbre1_04G368000-Pbre1_02G113200.cds_aln.axt.kaks	Conservation	TRD
Pbre1_17G116000-Pbre1_17G117600	GMYN	0.0712237	0.103663	0.687067	Pbre1_17G116000-Pbre1_17G117600.cds_aln.axt.kaks	Neofunctionalization(Child)	PD
Pbre1_13G429400-Pbre1_13G429800	GMYN	0.191762	0.296978	0.645711	Pbre1_13G429400-Pbre1_13G429800.cds_aln.axt.kaks	Conservation	PD
Pbre1_14G384600-Pbre1_06G345600	GMYN	0.0143082	0.248339	0.0576156	Pbre1_14G384600-Pbre1_06G345600.cds_aln.axt.kaks	Conservation	TRD
Pbre1_12G089200-Pbre1_14G089200	GMYN	0.0675707	0.487616	0.138574	Pbre1_12G089200-Pbre1_14G089200.cds_aln.axt.kaks	Specialization	TRD
Pbre1_07G477400-Pbre1_01G403200	GMYN	0.297366	0.53393	0.556938	Pbre1_07G477400-Pbre1_01G403200.cds_aln.axt.kaks	Neofunctionalization(Child)	TRD
Pbre1_04G334800-Pbre1_04G335400	GMYN	0.0207771	0.0236676	0.877873	Pbre1_04G334800-Pbre1_04G335400.cds_aln.axt.kaks	Neofunctionalization(Parent)	PD
Pbre1_17G427000-Pbre1_12G440000	GMYN	0.0651515	0.153003	0.425817	Pbre1_17G427000-Pbre1_12G440000.cds_aln.axt.kaks	Specialization	TRD
Pbre1_09G139200-Pbre1_09G139600	GMYN	0.39125	0.446659	0.875948	Pbre1_09G139200-Pbre1_09G139600.cds_aln.axt.kaks	Specialization	PD
Pbre1_15G110000-Pbre1_15G062400	GMYN	0.255441	0.4612	0.553861	Pbre1_15G110000-Pbre1_15G062400.cds_aln.axt.kaks	Neofunctionalization(Child)	TRD
Pbre1_05G435000-Pbre1_05G435200	GMYN	0.00461383	0.0232601	0.198358	Pbre1_05G435000-Pbre1_05G435200.cds_aln.axt.kaks	Neofunctionalization(Parent)	TD
Pbre1_08G382200-Pbre1_17G037200	GMYN	0.353082	1.37543	0.256706	Pbre1_08G382200-Pbre1_17G037200.cds_aln.axt.kaks	Neofunctionalization(Child)	TRD
Pbre1_11G032000-Pbre1_04G370800	GMYN	0.267006	0.706395	0.377984	Pbre1_11G032000-Pbre1_04G370800.cds_aln.axt.kaks	Neofunctionalization(Child)	TRD
Pbre1_14G030800-Pbre1_05G537800	GMYN	0.159886	0.431229	0.370769	Pbre1_14G030800-Pbre1_05G537800.cds_aln.axt.kaks	Specialization	TRD
Pbre1_05G005000-Pbre1_10G005800	GMYN	0.0345423	0.146372	0.235989	Pbre1_05G005000-Pbre1_10G005800.cds_aln.axt.kaks	Specialization	TRD
Pbre1_08G074000-Pbre1_06G341600	GMYN	0.0223473	0.0885138	0.252472	Pbre1_08G074000-Pbre1_06G341600.cds_aln.axt.kaks	Conservation	TRD
Pbre1_04G143600-Pbre1_06G104800	GMYN	0.0583084	0.183759	0.317309	Pbre1_04G143600-Pbre1_06G104800.cds_aln.axt.kaks	Conservation	TRD
Pbre1_04G206000-Pbre1_04G206600	GMYN	0.15799	0.183427	0.861323	Pbre1_04G206000-Pbre1_04G206600.cds_aln.axt.kaks	Specialization	PD
Pbre1_17G099600-Pbre1_17G100200	GMYN	0.0649405	0.0738599	0.879239	Pbre1_17G099600-Pbre1_17G100200.cds_aln.axt.kaks	Specialization	PD
Pbre1_02G086400-Pbre1_12G387200	GMYN	0.236575	0.921204	0.25681	Pbre1_02G086400-Pbre1_12G387200.cds_aln.axt.kaks	Neofunctionalization(Child)	TRD
Pbre1_05G209200-Pbre1_04G370800	GMYN	0.329644	1.39505	0.236296	Pbre1_05G209200-Pbre1_04G370800.cds_aln.axt.kaks	Neofunctionalization(Child)	TRD
Pbre1_17G071400-Pbre1_11G473800	GMYN	0.218981	0.756067	0.289632	Pbre1_17G071400-Pbre1_11G473800.cds_aln.axt.kaks	Conservation	TRD
Pbre1_03G296400-Pbre1_08G398800	GMYN	0.14353	0.367584	0.390469	Pbre1_03G296400-Pbre1_08G398800.cds_aln.axt.kaks	Conservation	TRD
Pbre1_09G062600-Pbre1_09G062800	GMYN	0.13114	0.379532	0.34553	Pbre1_09G062600-Pbre1_09G062800.cds_aln.axt.kaks	Specialization	TD
Pbre1_08G294400-Pbre1_15G197600	GMYN	0.0396137	0.0316681	1.2509	Pbre1_08G294400-Pbre1_15G197600.cds_aln.axt.kaks	Neofunctionalization(Child)	TRD
Pbre1_17G218000-Pbre1_09G224000	GMYN	0.0974475	0.217065	0.448932	Pbre1_17G218000-Pbre1_09G224000.cds_aln.axt.kaks	Neofunctionalization(Child)	TRD
Pbre1_11G113200-Pbre1_11G114000	GMYN		0.00627146	1.77028e-13	Pbre1_11G113200-Pbre1_11G114000.cds_aln.axt.kaks	Conservation	PD
Pbre1_15G771600-Pbre1_09G076000	GMYN	0.289477	0.484496	0.597481	Pbre1_15G771600-Pbre1_09G076000.cds_aln.axt.kaks	Conservation	TRD
Pbre1_10G255800-Pbre1_10G256200	GMYN	0.0406072	0.0969441	0.418872	Pbre1_10G255800-Pbre1_10G256200.cds_aln.axt.kaks	Neofunctionalization(Child)	PD
Pbre1_03G004400-Pbre1_03G004600	GMYN	0.263322	1.42164	0.185224	Pbre1_03G004400-Pbre1_03G004600.cds_aln.axt.kaks	Conservation	TD
Pbre1_13G453000-Pbre1_04G072400	GMYN	0.0435071	0.142692	0.304902	Pbre1_13G453000-Pbre1_04G072400.cds_aln.axt.kaks	Conservation	TRD
Pbre1_06G042400-Pbre1_06G042600	GMYN		0.150705	0.0	Pbre1_06G042400-Pbre1_06G042600.cds_aln.axt.kaks	Conservation	TD
Pbre1_15G245800-Pbre1_15G246000	GMYN	0.0653482	0.170286	0.383756	Pbre1_15G245800-Pbre1_15G246000.cds_aln.axt.kaks	Specialization	TD
Pbre1_15G275600-Pbre1_15G275800	GMYN	0.00391797	0.51032	0.00767747	Pbre1_15G275600-Pbre1_15G275800.cds_aln.axt.kaks	Conservation	TD
Pbre1_15G060000-Pbre1_01G302000	GMYN	0.331864	0.334902	0.99093	Pbre1_15G060000-Pbre1_01G302000.cds_aln.axt.kaks	Neofunctionalization(Child)	TRD
Pbre1_13G176800-Pbre1_13G359000	GMYN	0.132082	0.501361	0.263446	Pbre1_13G176800-Pbre1_13G359000.cds_aln.axt.kaks	Neofunctionalization(Child)	TRD
Pbre1_01G432000-Pbre1_01G432600	GMYN	0.0704753	0.0763499	0.923057	Pbre1_01G432000-Pbre1_01G432600.cds_aln.axt.kaks	Neofunctionalization(Child)	PD
Pbre1_13G483000-Pbre1_04G022600	GMYN	0.103096	0.170605	0.604298	Pbre1_13G483000-Pbre1_04G022600.cds_aln.axt.kaks	Neofunctionalization(Child)	TRD
Pbre1_17G273400-Pbre1_17G107800	GMYN	0.269183	0.472375	0.56985	Pbre1_17G273400-Pbre1_17G107800.cds_aln.axt.kaks	Specialization	TRD
Pbre1_06G276400-Pbre1_14G317000	GMYN	0.0251003	0.180091	0.139376	Pbre1_06G276400-Pbre1_14G317000.cds_aln.axt.kaks	Specialization	TRD
Pbre1_13G213600-Pbre1_13G213800	GMYN	0.0139903	0.0678556	0.206177	Pbre1_13G213600-Pbre1_13G213800.cds_aln.axt.kaks	Specialization	TD
Pbre1_08G094000-Pbre1_08G094200	GMYN	0.0524194	0.117832	0.444867	Pbre1_08G094000-Pbre1_08G094200.cds_aln.axt.kaks	Neofunctionalization(Child)	TD
Pbre1_08G228400-Pbre1_10G293800	GMYN	0.435194	1.12253	0.387691	Pbre1_08G228400-Pbre1_10G293800.cds_aln.axt.kaks	Neofunctionalization(Child)	TRD
Pbre1_09G124800-Pbre1_09G125000	GMYN	0.271286	0.446939	0.606987	Pbre1_09G124800-Pbre1_09G125000.cds_aln.axt.kaks	Conservation	TD
Pbre1_15G122400-Pbre1_14G420400	GMYN	0.307534	1.51378	0.203156	Pbre1_15G122400-Pbre1_14G420400.cds_aln.axt.kaks	Specialization	TRD
Pbre1_12G385400-Pbre1_12G386200	GMYN	0.125891	0.510347	0.246677	Pbre1_12G385400-Pbre1_12G386200.cds_aln.axt.kaks	Neofunctionalization(Parent)	PD
Pbre1_15G672200-Pbre1_15G672400	GMYN	0.222647	0.65285	0.341038	Pbre1_15G672200-Pbre1_15G672400.cds_aln.axt.kaks	Conservation	TD
Pbre1_05G125600-Pbre1_06G067200	GMYN	0.477399	0.719882	0.663163	Pbre1_05G125600-Pbre1_06G067200.cds_aln.axt.kaks	Neofunctionalization(Child)	TRD
Pbre1_01G304200-Pbre1_10G449800	GMYN	0.378493	1.69161	0.223747	Pbre1_01G304200-Pbre1_10G449800.cds_aln.axt.kaks	Neofunctionalization(Child)	TRD
Pbre1_14G404200-Pbre1_06G366800	GMYN	0.039662	0.17932	0.22118	Pbre1_14G404200-Pbre1_06G366800.cds_aln.axt.kaks	Conservation	TRD
Pbre1_05G128000-Pbre1_10G135800	GMYN	0.031462	0.177197	0.177554	Pbre1_05G128000-Pbre1_10G135800.cds_aln.axt.kaks	Conservation	TRD
Pbre1_08G274800-Pbre1_15G626800	GMYN	0.0840097	0.343655	0.24446	Pbre1_08G274800-Pbre1_15G626800.cds_aln.axt.kaks	Neofunctionalization(Child)	TRD
Pbre1_13G465200-Pbre1_13G466000	GMYN	0.00312816	0.00644397	0.48544	Pbre1_13G465200-Pbre1_13G466000.cds_aln.axt.kaks	Conservation	PD
Pbre1_09G233200-Pbre1_17G228000	GMYN	0.075494	0.0994794	0.758891	Pbre1_09G233200-Pbre1_17G228000.cds_aln.axt.kaks	Conservation	TRD
Pbre1_14G346000-Pbre1_14G342400	GMYN	0.0153351	0.0161867	0.947388	Pbre1_14G346000-Pbre1_14G342400.cds_aln.axt.kaks	Conservation	TRD
Pbre1_17G417400-Pbre1_17G418000	GMYN	0.0316391	0.0504073	0.627669	Pbre1_17G417400-Pbre1_17G418000.cds_aln.axt.kaks	Conservation	PD
Pbre1_08G188400-Pbre1_08G188600	GMYN	0.0670369	0.143618	0.466773	Pbre1_08G188400-Pbre1_08G188600.cds_aln.axt.kaks	Specialization	TD
Pbre1_11G347400-Pbre1_04G355400	GMYN	0.206456	0.240947	0.856855	Pbre1_11G347400-Pbre1_04G355400.cds_aln.axt.kaks	Neofunctionalization(Child)	TRD
Pbre1_15G513800-Pbre1_15G514000	GMYN	0.512137	2.18189	0.234721	Pbre1_15G513800-Pbre1_15G514000.cds_aln.axt.kaks	Conservation	TD
Pbre1_13G172400-Pbre1_11G182200	GMYN	0.331335	1.71968	0.192672	Pbre1_13G172400-Pbre1_11G182200.cds_aln.axt.kaks	Neofunctionalization(Child)	TRD
Pbre1_13G422800-Pbre1_16G287000	GMYN	0.17659	0.662587	0.266516	Pbre1_13G422800-Pbre1_16G287000.cds_aln.axt.kaks	Neofunctionalization(Child)	TRD
Pbre1_05G394600-Pbre1_10G375000	GMYN	0.296712	0.154794	1.91681	Pbre1_05G394600-Pbre1_10G375000.cds_aln.axt.kaks	Neofunctionalization(Child)	TRD
Pbre1_03G201600-Pbre1_04G355400	GMYN	0.273142	0.658746	0.41464	Pbre1_03G201600-Pbre1_04G355400.cds_aln.axt.kaks	Neofunctionalization(Child)	TRD
Pbre1_04G102800-Pbre1_04G103000	GMYN	0.0345827	0.0740611	0.466948	Pbre1_04G102800-Pbre1_04G103000.cds_aln.axt.kaks	Conservation	TD
Pbre1_07G209200-Pbre1_01G120600	GMYN	0.187271	0.668821	0.280001	Pbre1_07G209200-Pbre1_01G120600.cds_aln.axt.kaks	Neofunctionalization(Child)	TRD
Pbre1_09G137200-Pbre1_05G398800	GMYN	0.301853	0.551374	0.547456	Pbre1_09G137200-Pbre1_05G398800.cds_aln.axt.kaks	Conservation	TRD
Pbre1_03G067400-Pbre1_03G067600	GMYN	0.0284366	0.095718	0.297087	Pbre1_03G067400-Pbre1_03G067600.cds_aln.axt.kaks	Specialization	TD
Pbre1_06G180800-Pbre1_06G181000	GMYN	0.0548177	0.616178	0.0889642	Pbre1_06G180800-Pbre1_06G181000.cds_aln.axt.kaks	Specialization	TD
Pbre1_17G310400-Pbre1_09G325000	GMYN	0.0521484	0.364977	0.142881	Pbre1_17G310400-Pbre1_09G325000.cds_aln.axt.kaks	Neofunctionalization(Child)	TRD
Pbre1_06G050000-Pbre1_06G050200	GMYN	0.033527	0.0920366	0.364279	Pbre1_06G050000-Pbre1_06G050200.cds_aln.axt.kaks	Specialization	TD
Pbre1_03G277800-Pbre1_16G429000	GMYN	0.0677378	0.194896	0.347559	Pbre1_03G277800-Pbre1_16G429000.cds_aln.axt.kaks	Neofunctionalization(Child)	TRD
Pbre1_12G378400-Pbre1_12G378600	GMYN	0.0694055	0.228746	0.303418	Pbre1_12G378400-Pbre1_12G378600.cds_aln.axt.kaks	Neofunctionalization(Parent)	TD
Pbre1_06G002600-Pbre1_10G223000	GMYN	0.0461788	0.167572	0.275577	Pbre1_06G002600-Pbre1_10G223000.cds_aln.axt.kaks	Conservation	TRD
Pbre1_02G381800-Pbre1_02G382000	GMYN	0.181811	0.18174	1.00039	Pbre1_02G381800-Pbre1_02G382000.cds_aln.axt.kaks	Neofunctionalization(Child)	TD
Pbre1_08G105600-Pbre1_15G106000	GMYN	0.0305017	0.217712	0.140101	Pbre1_08G105600-Pbre1_15G106000.cds_aln.axt.kaks	Conservation	TRD
Pbre1_13G111800-Pbre1_17G494800	GMYN	0.20267	0.797934	0.253993	Pbre1_13G111800-Pbre1_17G494800.cds_aln.axt.kaks	Neofunctionalization(Child)	TRD
Pbre1_09G036200-Pbre1_09G036400	GMYN	0.298761	0.670646	0.445483	Pbre1_09G036200-Pbre1_09G036400.cds_aln.axt.kaks	Specialization	TD
Pbre1_16G426800-Pbre1_03G410000	GMYN	0.100885	0.0886564	1.13794	Pbre1_16G426800-Pbre1_03G410000.cds_aln.axt.kaks	Specialization	TRD
Pbre1_14G023000-Pbre1_14G023400	GMYN	0.113985	0.195699	0.582454	Pbre1_14G023000-Pbre1_14G023400.cds_aln.axt.kaks	Specialization	PD
Pbre1_06G070400-Pbre1_06G071400	GMYN	0.0938975	0.151477	0.619879	Pbre1_06G070400-Pbre1_06G071400.cds_aln.axt.kaks	Conservation	PD
Pbre1_03G463800-Pbre1_03G464000	GMYN	0.0644941	0.0458099	1.40786	Pbre1_03G463800-Pbre1_03G464000.cds_aln.axt.kaks	Specialization	TD
Pbre1_14G097600-Pbre1_14G097800	GMYN	0.734766	2.64185	0.278126	Pbre1_14G097600-Pbre1_14G097800.cds_aln.axt.kaks	Specialization	TD
Pbre1_16G403000-Pbre1_09G487400	GMYN	0.126473	0.500335	0.252776	Pbre1_16G403000-Pbre1_09G487400.cds_aln.axt.kaks	Neofunctionalization(Child)	TRD
Pbre1_06G014000-Pbre1_06G014600	GMYN	0.190391	0.523586	0.363629	Pbre1_06G014000-Pbre1_06G014600.cds_aln.axt.kaks	Conservation	PD
Pbre1_11G225600-Pbre1_11G225800	GMYN	0.03693	0.117559	0.314141	Pbre1_11G225600-Pbre1_11G225800.cds_aln.axt.kaks	Specialization	TD
Pbre1_02G034600-Pbre1_09G312200	GMYN	0.436476	2.71411	0.160817	Pbre1_02G034600-Pbre1_09G312200.cds_aln.axt.kaks	Neofunctionalization(Child)	TRD
Pbre1_07G471000-Pbre1_13G324000	GMYN	0.255083	0.619384	0.411833	Pbre1_07G471000-Pbre1_13G324000.cds_aln.axt.kaks	Neofunctionalization(Child)	TRD
Pbre1_03G201200-Pbre1_11G222000	GMYN	0.0782253	0.248967	0.314199	Pbre1_03G201200-Pbre1_11G222000.cds_aln.axt.kaks	Specialization	TRD
Pbre1_12G265400-Pbre1_12G265800	GMYN	0.0488067	0.268146	0.182015	Pbre1_12G265400-Pbre1_12G265800.cds_aln.axt.kaks	Specialization	PD
Pbre1_10G201800-Pbre1_10G202000	GMYN	0.0540788	0.243493	0.222096	Pbre1_10G201800-Pbre1_10G202000.cds_aln.axt.kaks	Neofunctionalization(Child)	TD
Pbre1_08G235800-Pbre1_15G208000	GMYN	0.202835	0.313337	0.64734	Pbre1_08G235800-Pbre1_15G208000.cds_aln.axt.kaks	Neofunctionalization(Child)	TRD
Pbre1_09G325800-Pbre1_01G378400	GMYN	0.241252	0.528616	0.456385	Pbre1_09G325800-Pbre1_01G378400.cds_aln.axt.kaks	Specialization	TRD
Pbre1_17G476600-Pbre1_17G476800	GMYN	0.00783942	0.0251528	0.311672	Pbre1_17G476600-Pbre1_17G476800.cds_aln.axt.kaks	Specialization	TD
Pbre1_15G758600-Pbre1_15G758800	GMYN	0.0447182	0.051908	0.861491	Pbre1_15G758600-Pbre1_15G758800.cds_aln.axt.kaks	Specialization	TD
Pbre1_15G749200-Pbre1_15G262400	GMYN	0.0152241	0.45336	0.0335806	Pbre1_15G749200-Pbre1_15G262400.cds_aln.axt.kaks	Conservation	TRD
Pbre1_10G321000-Pbre1_05G337200	GMYN	0.0497121	0.160755	0.309242	Pbre1_10G321000-Pbre1_05G337200.cds_aln.axt.kaks	Conservation	TRD
Pbre1_01G368800-Pbre1_01G369400	GMYN	0.0383434	0.0633912	0.604868	Pbre1_01G368800-Pbre1_01G369400.cds_aln.axt.kaks	Neofunctionalization(Parent)	PD
Pbre1_09G459800-Pbre1_09G460400	GMYN	0.13276	0.188001	0.706169	Pbre1_09G459800-Pbre1_09G460400.cds_aln.axt.kaks	Specialization	PD
Pbre1_01G426000-Pbre1_01G426200	GMYN	0.0564012	0.184742	0.305297	Pbre1_01G426000-Pbre1_01G426200.cds_aln.axt.kaks	Specialization	TD
Pbre1_04G016400-Pbre1_04G018200	GMYN		0.14739	2.25976e-14	Pbre1_04G016400-Pbre1_04G018200.cds_aln.axt.kaks	Conservation	PD
Pbre1_15G064400-Pbre1_02G018600	GMYN	0.0310703	0.0114508	2.71337	Pbre1_15G064400-Pbre1_02G018600.cds_aln.axt.kaks	Conservation	TRD
Pbre1_08G048000-Pbre1_15G038800	GMYN	0.107978	0.235119	0.459251	Pbre1_08G048000-Pbre1_15G038800.cds_aln.axt.kaks	Specialization	TRD
Pbre1_11G177800-Pbre1_11G178000	GMYN	0.155057	0.225213	0.688494	Pbre1_11G177800-Pbre1_11G178000.cds_aln.axt.kaks	Neofunctionalization(Child)	TD
Pbre1_12G439800-Pbre1_10G514200	GMYN	0.146361	0.302339	0.484097	Pbre1_12G439800-Pbre1_10G514200.cds_aln.axt.kaks	Conservation	TRD
Pbre1_15G694200-Pbre1_15G694600	GMYN	0.173948	0.427712	0.406695	Pbre1_15G694200-Pbre1_15G694600.cds_aln.axt.kaks	Specialization	PD
Pbre1_14G036800-Pbre1_14G037000	GMYN	0.1517	0.191773	0.791036	Pbre1_14G036800-Pbre1_14G037000.cds_aln.axt.kaks	Neofunctionalization(Parent)	TD
Pbre1_17G444600-Pbre1_17G445200	GMYN	0.109645	0.202978	0.540181	Pbre1_17G444600-Pbre1_17G445200.cds_aln.axt.kaks	Neofunctionalization(Parent)	PD
Pbre1_15G766000-Pbre1_15G766400	GMYN	0.18136	0.238471	0.760513	Pbre1_15G766000-Pbre1_15G766400.cds_aln.axt.kaks	Conservation	PD
Pbre1_15G783600-Pbre1_05G579600	GMYN	0.0307661	0.0575201	0.534875	Pbre1_15G783600-Pbre1_05G579600.cds_aln.axt.kaks	Conservation	TRD
Pbre1_06G307800-Pbre1_06G308000	GMYN	0.297769	0.695982	0.42784	Pbre1_06G307800-Pbre1_06G308000.cds_aln.axt.kaks	Specialization	TD
Pbre1_06G390600-Pbre1_10G223600	GMYN	0.212816	0.537718	0.395777	Pbre1_06G390600-Pbre1_10G223600.cds_aln.axt.kaks	Conservation	TRD
Pbre1_05G437400-Pbre1_05G437800	GMYN		0.0139104	2.39438e-13	Pbre1_05G437400-Pbre1_05G437800.cds_aln.axt.kaks	Conservation	PD
Pbre1_08G177200-Pbre1_08G185400	GMYN	0.122613	0.291601	0.42048	Pbre1_08G177200-Pbre1_08G185400.cds_aln.axt.kaks	Neofunctionalization(Child)	TRD
Pbre1_04G131400-Pbre1_02G424200	GMYN	0.648798	4.47771	0.144895	Pbre1_04G131400-Pbre1_02G424200.cds_aln.axt.kaks	Conservation	TRD
Pbre1_02G487600-Pbre1_15G539000	GMYN	0.00277975	0.0668678	0.0415708	Pbre1_02G487600-Pbre1_15G539000.cds_aln.axt.kaks	Neofunctionalization(Child)	TRD
Pbre1_05G440800-Pbre1_05G375800	GMYN	0.0906438	0.128762	0.703962	Pbre1_05G440800-Pbre1_05G375800.cds_aln.axt.kaks	Neofunctionalization(Child)	TRD
Pbre1_17G448800-Pbre1_17G449000	GMYN	0.0220825	0.0143789	1.53576	Pbre1_17G448800-Pbre1_17G449000.cds_aln.axt.kaks	Neofunctionalization(Parent)	TD
Pbre1_04G076400-Pbre1_08G284600	GMYN	0.0243327	0.0499668	0.486977	Pbre1_04G076400-Pbre1_08G284600.cds_aln.axt.kaks	Conservation	TRD
Pbre1_07G003000-Pbre1_17G082800	GMYN	0.357892	1.18107	0.303024	Pbre1_07G003000-Pbre1_17G082800.cds_aln.axt.kaks	Specialization	TRD
Pbre1_05G108400-Pbre1_05G109000	GMYN	0.0605704	0.020619	2.9376	Pbre1_05G108400-Pbre1_05G109000.cds_aln.axt.kaks	Neofunctionalization(Child)	PD
Pbre1_15G528000-Pbre1_02G288000	GMYN	0.0532692	0.169614	0.314061	Pbre1_15G528000-Pbre1_02G288000.cds_aln.axt.kaks	Conservation	TRD
Pbre1_15G451400-Pbre1_03G355800	GMYN	0.299743	0.650476	0.460805	Pbre1_15G451400-Pbre1_03G355800.cds_aln.axt.kaks	Specialization	TRD
Pbre1_04G329800-Pbre1_04G330000	GMYN	0.0322416	0.399105	0.0807847	Pbre1_04G329800-Pbre1_04G330000.cds_aln.axt.kaks	Conservation	TD
Pbre1_15G711000-Pbre1_05G075800	GMYN	0.0918434	0.146015	0.628998	Pbre1_15G711000-Pbre1_05G075800.cds_aln.axt.kaks	Neofunctionalization(Child)	TRD
Pbre1_02G122200-Pbre1_02G122400	GMYN	0.356423	0.783738	0.454773	Pbre1_02G122200-Pbre1_02G122400.cds_aln.axt.kaks	Neofunctionalization(Parent)	TD
Pbre1_06G135800-Pbre1_06G070400	GMYN	0.387396	0.579829	0.668122	Pbre1_06G135800-Pbre1_06G070400.cds_aln.axt.kaks	Neofunctionalization(Child)	TRD
Pbre1_13G082000-Pbre1_09G453600	GMYN	0.457317	3.28315	0.139292	Pbre1_13G082000-Pbre1_09G453600.cds_aln.axt.kaks	Neofunctionalization(Child)	TRD
Pbre1_08G403600-Pbre1_07G239000	GMYN	0.0336511	0.228299	0.1474	Pbre1_08G403600-Pbre1_07G239000.cds_aln.axt.kaks	Conservation	TRD
Pbre1_15G100200-Pbre1_15G086200	GMYN	0.101986	0.289732	0.352	Pbre1_15G100200-Pbre1_15G086200.cds_aln.axt.kaks	Neofunctionalization(Child)	TRD
Pbre1_17G283200-Pbre1_17G283800	GMYN	0.0310784	0.0835502	0.371973	Pbre1_17G283200-Pbre1_17G283800.cds_aln.axt.kaks	Specialization	PD
Pbre1_06G137200-Pbre1_13G025800	GMYN	0.0359607	0.120687	0.297966	Pbre1_06G137200-Pbre1_13G025800.cds_aln.axt.kaks	Specialization	TRD
Pbre1_12G305800-Pbre1_12G306000	GMYN	0.0323675	0.0693155	0.466959	Pbre1_12G305800-Pbre1_12G306000.cds_aln.axt.kaks	Conservation	TD
Pbre1_07G133600-Pbre1_12G229400	GMYN	0.0469784	0.219808	0.213724	Pbre1_07G133600-Pbre1_12G229400.cds_aln.axt.kaks	Conservation	TRD
Pbre1_10G134800-Pbre1_01G370000	GMYN	0.0597316	0.110898	0.538619	Pbre1_10G134800-Pbre1_01G370000.cds_aln.axt.kaks	Specialization	TRD
Pbre1_05G289000-Pbre1_06G388200	GMYN	0.0919627	0.174322	0.527543	Pbre1_05G289000-Pbre1_06G388200.cds_aln.axt.kaks	Neofunctionalization(Child)	TRD
Pbre1_03G296600-Pbre1_03G297600	GMYN	0.0728199	0.0385174	1.89057	Pbre1_03G296600-Pbre1_03G297600.cds_aln.axt.kaks	Conservation	PD
Pbre1_02G155800-Pbre1_04G223200	GMYN	0.0743269	0.315968	0.235235	Pbre1_02G155800-Pbre1_04G223200.cds_aln.axt.kaks	Specialization	TRD
Pbre1_15G585800-Pbre1_07G157200	GMYN	0.0312324	0.0631581	0.494511	Pbre1_15G585800-Pbre1_07G157200.cds_aln.axt.kaks	Neofunctionalization(Child)	TRD
Pbre1_07G401800-Pbre1_12G263200	GMYN	0.0210893	0.0902311	0.233725	Pbre1_07G401800-Pbre1_12G263200.cds_aln.axt.kaks	Specialization	TRD
Pbre1_13G069200-Pbre1_13G069800	GMYN	0.0329205	0.0881698	0.373376	Pbre1_13G069200-Pbre1_13G069800.cds_aln.axt.kaks	Specialization	PD
Pbre1_07G039400-Pbre1_07G512000	GMYN	0.027335	0.0589115	0.464002	Pbre1_07G039400-Pbre1_07G512000.cds_aln.axt.kaks	Conservation	TRD
Pbre1_10G372200-Pbre1_10G372800	GMYN	0.0273778	0.0632159	0.433084	Pbre1_10G372200-Pbre1_10G372800.cds_aln.axt.kaks	Conservation	PD
Pbre1_07G373400-Pbre1_07G373600	GMYN	0.0484806	0.283352	0.171097	Pbre1_07G373400-Pbre1_07G373600.cds_aln.axt.kaks	Specialization	TD
Pbre1_13G096600-Pbre1_13G097000	GMYN	0.0606399	0.075125	0.807186	Pbre1_13G096600-Pbre1_13G097000.cds_aln.axt.kaks	Neofunctionalization(Parent)	PD
Pbre1_16G412800-Pbre1_16G413000	GMYN	0.0409168	0.30039	0.136212	Pbre1_16G412800-Pbre1_16G413000.cds_aln.axt.kaks	Conservation	TD
Pbre1_16G479000-Pbre1_06G042200	GMYN	0.503594	1.64044	0.306987	Pbre1_16G479000-Pbre1_06G042200.cds_aln.axt.kaks	Conservation	TRD
Pbre1_11G195600-Pbre1_07G395200	GMYN	0.131326	0.264888	0.495779	Pbre1_11G195600-Pbre1_07G395200.cds_aln.axt.kaks	Specialization	TRD
Pbre1_05G241200-Pbre1_15G294200	GMYN	0.0485643	0.24373	0.199254	Pbre1_05G241200-Pbre1_15G294200.cds_aln.axt.kaks	Neofunctionalization(Child)	TRD
Pbre1_04G091200-Pbre1_05G243800	GMYN	0.143734	0.305392	0.470654	Pbre1_04G091200-Pbre1_05G243800.cds_aln.axt.kaks	Conservation	TRD
Pbre1_09G058800-Pbre1_09G059000	GMYN	0.015797	0.0445275	0.354769	Pbre1_09G058800-Pbre1_09G059000.cds_aln.axt.kaks	Conservation	TD
Pbre1_06G411200-Pbre1_06G411400	GMYN	0.310371	0.845582	0.36705	Pbre1_06G411200-Pbre1_06G411400.cds_aln.axt.kaks	Neofunctionalization(Child)	TD
Pbre1_03G298200-Pbre1_06G287000	GMYN	0.598529	1.95916	0.305503	Pbre1_03G298200-Pbre1_06G287000.cds_aln.axt.kaks	Conservation	TRD
Pbre1_02G413400-Pbre1_11G483800	GMYN	0.487551	0.777807	0.626827	Pbre1_02G413400-Pbre1_11G483800.cds_aln.axt.kaks	Neofunctionalization(Child)	TRD
Pbre1_15G574800-Pbre1_15G575000	GMYN	0.0551034	0.134414	0.409954	Pbre1_15G574800-Pbre1_15G575000.cds_aln.axt.kaks	Specialization	TD
Pbre1_13G469800-Pbre1_11G402400	GMYN	0.0274195	0.252098	0.108765	Pbre1_13G469800-Pbre1_11G402400.cds_aln.axt.kaks	Conservation	TRD
Pbre1_01G146800-Pbre1_03G416800	GMYN	0.110546	1.16556	0.0948435	Pbre1_01G146800-Pbre1_03G416800.cds_aln.axt.kaks	Conservation	TRD
Pbre1_12G182400-Pbre1_12G183400	GMYN	0.00740474	0.0272695	0.271539	Pbre1_12G182400-Pbre1_12G183400.cds_aln.axt.kaks	Conservation	PD
Pbre1_10G229400-Pbre1_10G230000	GMYN	0.11454	0.171875	0.666414	Pbre1_10G229400-Pbre1_10G230000.cds_aln.axt.kaks	Specialization	PD
Pbre1_02G086400-Pbre1_04G361000	GMYN	0.211708	0.796059	0.265945	Pbre1_02G086400-Pbre1_04G361000.cds_aln.axt.kaks	Neofunctionalization(Child)	TRD
Pbre1_10G078800-Pbre1_10G140600	GMYN	0.00878216	0.0418906	0.209645	Pbre1_10G078800-Pbre1_10G140600.cds_aln.axt.kaks	Specialization	TRD
Pbre1_01G253400-Pbre1_01G253600	GMYN	0.00084372	0.0104126	0.0810289	Pbre1_01G253400-Pbre1_01G253600.cds_aln.axt.kaks	Specialization	TD
Pbre1_02G164800-Pbre1_02G165200	GMYN	0.321224	0.8148	0.394236	Pbre1_02G164800-Pbre1_02G165200.cds_aln.axt.kaks	Neofunctionalization(Child)	PD
Pbre1_11G100000-Pbre1_13G343800	GMYN	0.0840145	0.161815	0.519201	Pbre1_11G100000-Pbre1_13G343800.cds_aln.axt.kaks	Conservation	TRD
Pbre1_17G046800-Pbre1_17G047200	GMYN	0.026789	0.103228	0.259514	Pbre1_17G046800-Pbre1_17G047200.cds_aln.axt.kaks	Specialization	PD
Pbre1_08G111000-Pbre1_15G101200	GMYN	0.188944	2.47901	0.0762172	Pbre1_08G111000-Pbre1_15G101200.cds_aln.axt.kaks	Conservation	TRD
Pbre1_04G178800-Pbre1_08G088400	GMYN	0.20913	0.446926	0.467929	Pbre1_04G178800-Pbre1_08G088400.cds_aln.axt.kaks	Conservation	TRD
Pbre1_02G271800-Pbre1_02G273000	GMYN	0.042177	0.117473	0.359037	Pbre1_02G271800-Pbre1_02G273000.cds_aln.axt.kaks	Conservation	PD
Pbre1_07G007200-Pbre1_07G007400	GMYN	0.359999	0.999298	0.360252	Pbre1_07G007200-Pbre1_07G007400.cds_aln.axt.kaks	Specialization	TD
Pbre1_09G469200-Pbre1_09G469400	GMYN	0.0631484	0.18996	0.33243	Pbre1_09G469200-Pbre1_09G469400.cds_aln.axt.kaks	Specialization	TD
Pbre1_17G159800-Pbre1_17G160000	GMYN	0.220101	0.453735	0.485087	Pbre1_17G159800-Pbre1_17G160000.cds_aln.axt.kaks	Neofunctionalization(Child)	TD
Pbre1_10G052400-Pbre1_02G189400	GMYN	0.0696911	0.123669	0.563527	Pbre1_10G052400-Pbre1_02G189400.cds_aln.axt.kaks	Conservation	TRD
Pbre1_08G171000-Pbre1_15G147600	GMYN	0.538368	0.83615	0.643866	Pbre1_08G171000-Pbre1_15G147600.cds_aln.axt.kaks	Neofunctionalization(Child)	TRD
Pbre1_04G029000-Pbre1_04G276200	GMYN	0.232125	0.201626	1.15127	Pbre1_04G029000-Pbre1_04G276200.cds_aln.axt.kaks	Conservation	TRD
Pbre1_04G206800-Pbre1_04G207000	GMYN	0.155861	0.423025	0.368445	Pbre1_04G206800-Pbre1_04G207000.cds_aln.axt.kaks	Specialization	TD
Pbre1_04G342200-Pbre1_04G342600	GMYN	0.038363	0.103918	0.369165	Pbre1_04G342200-Pbre1_04G342600.cds_aln.axt.kaks	Specialization	PD
Pbre1_16G131400-Pbre1_16G131600	GMYN	0.21099	2.15278	0.0980084	Pbre1_16G131400-Pbre1_16G131600.cds_aln.axt.kaks	Specialization	TD
Pbre1_17G227000-Pbre1_16G471600	GMYN	0.0375754	0.12245	0.306862	Pbre1_17G227000-Pbre1_16G471600.cds_aln.axt.kaks	Neofunctionalization(Child)	TRD
Pbre1_15G027000-Pbre1_15G027200	GMYN	0.069608	0.319351	0.217967	Pbre1_15G027000-Pbre1_15G027200.cds_aln.axt.kaks	Conservation	TD
Pbre1_05G068600-Pbre1_10G070800	GMYN	0.0621833	0.149578	0.415724	Pbre1_05G068600-Pbre1_10G070800.cds_aln.axt.kaks	Conservation	TRD
Pbre1_06G402400-Pbre1_13G191400	GMYN	0.289978	2.15501	0.13456	Pbre1_06G402400-Pbre1_13G191400.cds_aln.axt.kaks	Neofunctionalization(Child)	TRD
Pbre1_13G359800-Pbre1_05G256000	GMYN	0.335898	0.894161	0.375657	Pbre1_13G359800-Pbre1_05G256000.cds_aln.axt.kaks	Conservation	TRD
Pbre1_11G163200-Pbre1_11G133600	GMYN	0.0918918	0.703076	0.1307	Pbre1_11G163200-Pbre1_11G133600.cds_aln.axt.kaks	Conservation	TRD
Pbre1_03G000800-Pbre1_11G001000	GMYN	0.0100537	0.137944	0.0728826	Pbre1_03G000800-Pbre1_11G001000.cds_aln.axt.kaks	Conservation	TRD
Pbre1_13G422800-Pbre1_13G284600	GMYN	0.155814	0.534095	0.291735	Pbre1_13G422800-Pbre1_13G284600.cds_aln.axt.kaks	Neofunctionalization(Child)	TRD
Pbre1_17G033800-Pbre1_09G032800	GMYN	0.0350471	0.219411	0.159732	Pbre1_17G033800-Pbre1_09G032800.cds_aln.axt.kaks	Conservation	TRD
Pbre1_03G017000-Pbre1_03G017200	GMYN	0.0675999	0.103115	0.65558	Pbre1_03G017000-Pbre1_03G017200.cds_aln.axt.kaks	Specialization	TD
Pbre1_10G044400-Pbre1_10G124600	GMYN	0.00502441	0.0987294	0.0508907	Pbre1_10G044400-Pbre1_10G124600.cds_aln.axt.kaks	Conservation	TRD
Pbre1_15G265000-Pbre1_02G013800	GMYN	0.235786	1.29195	0.182503	Pbre1_15G265000-Pbre1_02G013800.cds_aln.axt.kaks	Neofunctionalization(Child)	TRD
Pbre1_04G217400-Pbre1_10G515000	GMYN	0.676882	1.86162	0.363598	Pbre1_04G217400-Pbre1_10G515000.cds_aln.axt.kaks	Conservation	TRD
Pbre1_08G224200-Pbre1_08G219200	GMYN	0.0943617	0.2568	0.367452	Pbre1_08G224200-Pbre1_08G219200.cds_aln.axt.kaks	Neofunctionalization(Child)	TRD
Pbre1_07G179600-Pbre1_05G217600	GMYN	0.0250242	0.180878	0.138348	Pbre1_07G179600-Pbre1_05G217600.cds_aln.axt.kaks	Neofunctionalization(Child)	TRD
Pbre1_13G102400-Pbre1_16G103400	GMYN	0.0714221	0.196309	0.363825	Pbre1_13G102400-Pbre1_16G103400.cds_aln.axt.kaks	Conservation	TRD
Pbre1_10G006800-Pbre1_09G135000	GMYN	0.035852	0.248831	0.144082	Pbre1_10G006800-Pbre1_09G135000.cds_aln.axt.kaks	Neofunctionalization(Child)	TRD
Pbre1_17G297600-Pbre1_09G303000	GMYN	0.0357828	0.16879	0.211996	Pbre1_17G297600-Pbre1_09G303000.cds_aln.axt.kaks	Conservation	TRD
Pbre1_08G301400-Pbre1_02G052200	GMYN	0.0548001	0.0790586	0.693157	Pbre1_08G301400-Pbre1_02G052200.cds_aln.axt.kaks	Neofunctionalization(Child)	TRD
Pbre1_13G201600-Pbre1_13G486000	GMYN	0.0316878	0.332517	0.0952969	Pbre1_13G201600-Pbre1_13G486000.cds_aln.axt.kaks	Specialization	TRD
Pbre1_11G411600-Pbre1_11G411800	GMYN	0.293379	0.88248	0.332448	Pbre1_11G411600-Pbre1_11G411800.cds_aln.axt.kaks	Specialization	TD
Pbre1_08G363400-Pbre1_08G363600	GMYN	0.0119871	0.013786	0.869514	Pbre1_08G363400-Pbre1_08G363600.cds_aln.axt.kaks	Conservation	TD
Pbre1_06G311200-Pbre1_06G311600	GMYN	0.0524492	0.0280683	1.86863	Pbre1_06G311200-Pbre1_06G311600.cds_aln.axt.kaks	Conservation	PD
Pbre1_03G443600-Pbre1_11G482000	GMYN	0.0658586	0.266404	0.247213	Pbre1_03G443600-Pbre1_11G482000.cds_aln.axt.kaks	Conservation	TRD
Pbre1_02G078800-Pbre1_02G079000	GMYN	0.0248991	0.0727108	0.34244	Pbre1_02G078800-Pbre1_02G079000.cds_aln.axt.kaks	Conservation	TD
Pbre1_06G189000-Pbre1_06G412800	GMYN	0.00838765	0.0322116	0.260392	Pbre1_06G189000-Pbre1_06G412800.cds_aln.axt.kaks	Specialization	TRD
Pbre1_13G093800-Pbre1_15G408800	GMYN	0.126666	0.596263	0.212433	Pbre1_13G093800-Pbre1_15G408800.cds_aln.axt.kaks	Conservation	TRD
Pbre1_04G298000-Pbre1_04G298200	GMYN	0.074679	0.287988	0.259313	Pbre1_04G298000-Pbre1_04G298200.cds_aln.axt.kaks	Specialization	TD
Pbre1_05G127000-Pbre1_10G137400	GMYN	0.0586413	0.143845	0.407671	Pbre1_05G127000-Pbre1_10G137400.cds_aln.axt.kaks	Conservation	TRD
Pbre1_09G174000-Pbre1_09G174600	GMYN	0.0525647	0.0415487	1.26514	Pbre1_09G174000-Pbre1_09G174600.cds_aln.axt.kaks	Neofunctionalization(Child)	PD
Pbre1_11G096400-Pbre1_11G096600	GMYN	0.0914976	0.048024	1.90525	Pbre1_11G096400-Pbre1_11G096600.cds_aln.axt.kaks	Neofunctionalization(Child)	TD
Pbre1_07G328800-Pbre1_01G280200	GMYN	0.165646	0.282084	0.587222	Pbre1_07G328800-Pbre1_01G280200.cds_aln.axt.kaks	Specialization	TRD
Pbre1_14G412000-Pbre1_14G412800	GMYN	0.0723114	0.133739	0.540688	Pbre1_14G412000-Pbre1_14G412800.cds_aln.axt.kaks	Neofunctionalization(Parent)	PD
Pbre1_16G229200-Pbre1_13G222800	GMYN	0.122716	0.393601	0.311778	Pbre1_16G229200-Pbre1_13G222800.cds_aln.axt.kaks	Conservation	TRD
Pbre1_05G128400-Pbre1_07G062800	GMYN	0.0115991	0.150006	0.0773244	Pbre1_05G128400-Pbre1_07G062800.cds_aln.axt.kaks	Conservation	TRD
Pbre1_04G243000-Pbre1_04G243200	GMYN	0.219972	0.649798	0.338524	Pbre1_04G243000-Pbre1_04G243200.cds_aln.axt.kaks	Conservation	TD
Pbre1_16G343800-Pbre1_13G340000	GMYN	0.108108	0.155113	0.696962	Pbre1_16G343800-Pbre1_13G340000.cds_aln.axt.kaks	Specialization	TRD
Pbre1_12G368600-Pbre1_12G368800	GMYN	0.35419	1.48695	0.238199	Pbre1_12G368600-Pbre1_12G368800.cds_aln.axt.kaks	Neofunctionalization(Child)	TD
Pbre1_06G221600-Pbre1_14G264200	GMYN	0.0525625	0.245137	0.214421	Pbre1_06G221600-Pbre1_14G264200.cds_aln.axt.kaks	Specialization	TRD
Pbre1_14G324600-Pbre1_14G325000	GMYN	0.0190167	0.023301	0.816132	Pbre1_14G324600-Pbre1_14G325000.cds_aln.axt.kaks	Conservation	PD
Pbre1_16G037200-Pbre1_13G035200	GMYN	0.300361	0.284651	1.05519	Pbre1_16G037200-Pbre1_13G035200.cds_aln.axt.kaks	Neofunctionalization(Child)	TRD
Pbre1_02G377400-Pbre1_02G378400	GMYN	0.0492363	0.0316903	1.55367	Pbre1_02G377400-Pbre1_02G378400.cds_aln.axt.kaks	Specialization	PD
Pbre1_11G404000-Pbre1_04G382400	GMYN	0.113372	0.266842	0.424866	Pbre1_11G404000-Pbre1_04G382400.cds_aln.axt.kaks	Neofunctionalization(Child)	TRD
Pbre1_11G271200-Pbre1_11G271400	GMYN	0.0402397	0.106545	0.377677	Pbre1_11G271200-Pbre1_11G271400.cds_aln.axt.kaks	Specialization	TD
Pbre1_16G422200-Pbre1_13G412400	GMYN	0.0401967	0.185392	0.21682	Pbre1_16G422200-Pbre1_13G412400.cds_aln.axt.kaks	Conservation	TRD
Pbre1_01G289600-Pbre1_03G206400	GMYN	0.0250156	0.223193	0.112081	Pbre1_01G289600-Pbre1_03G206400.cds_aln.axt.kaks	Neofunctionalization(Child)	TRD
Pbre1_07G092600-Pbre1_13G242000	GMYN	0.0227333	0.129451	0.175613	Pbre1_07G092600-Pbre1_13G242000.cds_aln.axt.kaks	Conservation	TRD
Pbre1_07G491000-Pbre1_04G413200	GMYN	0.212784	0.378939	0.561525	Pbre1_07G491000-Pbre1_04G413200.cds_aln.axt.kaks	Conservation	TRD
Pbre1_11G351800-Pbre1_11G352000	GMYN	0.036712	0.198041	0.185375	Pbre1_11G351800-Pbre1_11G352000.cds_aln.axt.kaks	Specialization	TD
Pbre1_06G342800-Pbre1_15G363200	GMYN	0.551737	0.825041	0.668739	Pbre1_06G342800-Pbre1_15G363200.cds_aln.axt.kaks	Conservation	TRD
Pbre1_10G551200-Pbre1_07G320200	GMYN	0.280819	1.93188	0.14536	Pbre1_10G551200-Pbre1_07G320200.cds_aln.axt.kaks	Neofunctionalization(Child)	TRD
Pbre1_08G313600-Pbre1_12G006600	GMYN	0.144084	0.807212	0.178495	Pbre1_08G313600-Pbre1_12G006600.cds_aln.axt.kaks	Neofunctionalization(Child)	TRD
Pbre1_14G400600-Pbre1_06G363800	GMYN	0.0119787	0.140591	0.0852023	Pbre1_14G400600-Pbre1_06G363800.cds_aln.axt.kaks	Conservation	TRD
Pbre1_01G115400-Pbre1_01G115600	GMYN	0.353518	1.9909	0.177567	Pbre1_01G115400-Pbre1_01G115600.cds_aln.axt.kaks	Specialization	TD
Pbre1_17G401400-Pbre1_17G401600	GMYN	0.195624	1.06009	0.184536	Pbre1_17G401400-Pbre1_17G401600.cds_aln.axt.kaks	Specialization	TD
Pbre1_07G312400-Pbre1_07G313000	GMYN	0.320244	0.71692	0.446694	Pbre1_07G312400-Pbre1_07G313000.cds_aln.axt.kaks	Conservation	PD
Pbre1_03G026200-Pbre1_03G026400	GMYN	0.153055	0.33696	0.454222	Pbre1_03G026200-Pbre1_03G026400.cds_aln.axt.kaks	Neofunctionalization(Parent)	TD
Pbre1_01G034000-Pbre1_12G068800	GMYN	0.0317319	0.0604506	0.524923	Pbre1_01G034000-Pbre1_12G068800.cds_aln.axt.kaks	Specialization	TRD
Pbre1_04G326200-Pbre1_12G353000	GMYN	0.112295	0.26719	0.42028	Pbre1_04G326200-Pbre1_12G353000.cds_aln.axt.kaks	Neofunctionalization(Child)	TRD
Pbre1_09G113000-Pbre1_09G113200	GMYN	0.296956	0.975841	0.304307	Pbre1_09G113000-Pbre1_09G113200.cds_aln.axt.kaks	Specialization	TD
Pbre1_11G353600-Pbre1_15G758600	GMYN	0.137963	0.249668	0.552585	Pbre1_11G353600-Pbre1_15G758600.cds_aln.axt.kaks	Specialization	TRD
Pbre1_10G167800-Pbre1_05G163200	GMYN	0.124087	0.314385	0.394696	Pbre1_10G167800-Pbre1_05G163200.cds_aln.axt.kaks	Conservation	TRD
Pbre1_01G242200-Pbre1_01G242400	GMYN	0.0228668	0.0409698	0.558137	Pbre1_01G242200-Pbre1_01G242400.cds_aln.axt.kaks	Conservation	TD
Pbre1_04G142400-Pbre1_07G196000	GMYN	0.0697261	0.196674	0.354526	Pbre1_04G142400-Pbre1_07G196000.cds_aln.axt.kaks	Neofunctionalization(Child)	TRD
Pbre1_04G056800-Pbre1_04G057000	GMYN	0.135239	0.42575	0.317649	Pbre1_04G056800-Pbre1_04G057000.cds_aln.axt.kaks	Conservation	TD
Pbre1_10G347400-Pbre1_08G239400	GMYN	0.16087	2.11508	0.0760583	Pbre1_10G347400-Pbre1_08G239400.cds_aln.axt.kaks	Neofunctionalization(Child)	TRD
Pbre1_01G232600-Pbre1_01G233000	GMYN	0.00268112	0.0172936	0.155035	Pbre1_01G232600-Pbre1_01G233000.cds_aln.axt.kaks	Conservation	PD
Pbre1_11G089400-Pbre1_08G041400	GMYN	0.0135284	0.0572793	0.236183	Pbre1_11G089400-Pbre1_08G041400.cds_aln.axt.kaks	Neofunctionalization(Child)	TRD
Pbre1_15G030400-Pbre1_15G030800	GMYN	0.0687017	0.124157	0.553345	Pbre1_15G030400-Pbre1_15G030800.cds_aln.axt.kaks	Conservation	PD
Pbre1_09G492800-Pbre1_09G493000	GMYN	0.402471	3.77324	0.106665	Pbre1_09G492800-Pbre1_09G493000.cds_aln.axt.kaks	Conservation	TD
Pbre1_13G377400-Pbre1_15G365400	GMYN	0.449465	2.58228	0.174057	Pbre1_13G377400-Pbre1_15G365400.cds_aln.axt.kaks	Conservation	TRD
Pbre1_10G246000-Pbre1_10G238800	GMYN	0.180778	0.165832	1.09013	Pbre1_10G246000-Pbre1_10G238800.cds_aln.axt.kaks	Specialization	TRD
Pbre1_16G488400-Pbre1_16G488800	GMYN	0.00637584	0.0233832	0.272668	Pbre1_16G488400-Pbre1_16G488800.cds_aln.axt.kaks	Specialization	PD
Pbre1_08G126800-Pbre1_15G116800	GMYN	0.14537	0.681875	0.213191	Pbre1_08G126800-Pbre1_15G116800.cds_aln.axt.kaks	Neofunctionalization(Child)	TRD
Pbre1_14G187600-Pbre1_15G043200	GMYN	0.0839518	0.341534	0.245808	Pbre1_14G187600-Pbre1_15G043200.cds_aln.axt.kaks	Neofunctionalization(Child)	TRD
Pbre1_14G221400-Pbre1_06G178200	GMYN	0.0711128	0.354292	0.200718	Pbre1_14G221400-Pbre1_06G178200.cds_aln.axt.kaks	Conservation	TRD
Pbre1_13G048800-Pbre1_13G049000	GMYN	0.0780596	0.175439	0.44494	Pbre1_13G048800-Pbre1_13G049000.cds_aln.axt.kaks	Neofunctionalization(Child)	TD
Pbre1_15G075800-Pbre1_15G065200	GMYN	0.217607	0.431122	0.504746	Pbre1_15G075800-Pbre1_15G065200.cds_aln.axt.kaks	Conservation	TRD
Pbre1_09G470000-Pbre1_05G455400	GMYN	0.132034	0.442274	0.298534	Pbre1_09G470000-Pbre1_05G455400.cds_aln.axt.kaks	Neofunctionalization(Child)	TRD
Pbre1_05G440000-Pbre1_05G440200	GMYN		0.190808	1.00079e-12	Pbre1_05G440000-Pbre1_05G440200.cds_aln.axt.kaks	Conservation	TD
Pbre1_17G163400-Pbre1_17G163600	GMYN	0.0652556	0.144014	0.45312	Pbre1_17G163400-Pbre1_17G163600.cds_aln.axt.kaks	Specialization	TD
Pbre1_04G004000-Pbre1_09G046200	GMYN	0.132163	0.182375	0.724676	Pbre1_04G004000-Pbre1_09G046200.cds_aln.axt.kaks	Conservation	TRD
Pbre1_16G234800-Pbre1_16G235000	GMYN	0.47593	1.58326	0.300601	Pbre1_16G234800-Pbre1_16G235000.cds_aln.axt.kaks	Specialization	TD
Pbre1_13G327400-Pbre1_17G044200	GMYN	0.198142	0.547852	0.361671	Pbre1_13G327400-Pbre1_17G044200.cds_aln.axt.kaks	Conservation	TRD
Pbre1_01G075800-Pbre1_09G171600	GMYN	0.0981418	0.195063	0.503128	Pbre1_01G075800-Pbre1_09G171600.cds_aln.axt.kaks	Conservation	TRD
Pbre1_05G438400-Pbre1_15G778400	GMYN	0.0385328	0.0674501	0.571279	Pbre1_05G438400-Pbre1_15G778400.cds_aln.axt.kaks	Conservation	TRD
Pbre1_16G460600-Pbre1_03G261800	GMYN	0.217788	0.524931	0.414888	Pbre1_16G460600-Pbre1_03G261800.cds_aln.axt.kaks	Conservation	TRD
Pbre1_08G137800-Pbre1_08G138400	GMYN	0.0649824	0.166733	0.389739	Pbre1_08G137800-Pbre1_08G138400.cds_aln.axt.kaks	Specialization	PD
Pbre1_05G242800-Pbre1_05G243200	GMYN	0.166898	0.272596	0.612255	Pbre1_05G242800-Pbre1_05G243200.cds_aln.axt.kaks	Neofunctionalization(Child)	PD
Pbre1_02G350800-Pbre1_02G199400	GMYN	0.28385	0.695986	0.407839	Pbre1_02G350800-Pbre1_02G199400.cds_aln.axt.kaks	Neofunctionalization(Child)	TRD
Pbre1_16G147400-Pbre1_13G142000	GMYN	0.0485095	0.211654	0.229193	Pbre1_16G147400-Pbre1_13G142000.cds_aln.axt.kaks	Specialization	TRD
Pbre1_14G399400-Pbre1_06G363200	GMYN	0.035715	0.180097	0.19831	Pbre1_14G399400-Pbre1_06G363200.cds_aln.axt.kaks	Conservation	TRD
Pbre1_12G380200-Pbre1_12G380600	GMYN	0.170123	0.34768	0.48931	Pbre1_12G380200-Pbre1_12G380600.cds_aln.axt.kaks	Conservation	PD
Pbre1_08G332800-Pbre1_08G333400	GMYN	0.0833796	0.086924	0.959225	Pbre1_08G332800-Pbre1_08G333400.cds_aln.axt.kaks	Specialization	PD
Pbre1_13G053400-Pbre1_16G058000	GMYN	0.0228815	0.181088	0.126356	Pbre1_13G053400-Pbre1_16G058000.cds_aln.axt.kaks	Conservation	TRD
Pbre1_02G022800-Pbre1_02G023000	GMYN	0.0317978	0.350167	0.0908077	Pbre1_02G022800-Pbre1_02G023000.cds_aln.axt.kaks	Conservation	TD
Pbre1_08G287800-Pbre1_17G387000	GMYN	0.307166	1.83294	0.167581	Pbre1_08G287800-Pbre1_17G387000.cds_aln.axt.kaks	Conservation	TRD
Pbre1_06G036800-Pbre1_17G473200	GMYN	0.148416	0.3753	0.395458	Pbre1_06G036800-Pbre1_17G473200.cds_aln.axt.kaks	Neofunctionalization(Child)	TRD
Pbre1_15G625000-Pbre1_09G049000	GMYN	0.395233	0.948055	0.416889	Pbre1_15G625000-Pbre1_09G049000.cds_aln.axt.kaks	Conservation	TRD
Pbre1_05G123200-Pbre1_05G123600	GMYN	0.0125626	0.0540286	0.232518	Pbre1_05G123200-Pbre1_05G123600.cds_aln.axt.kaks	Specialization	PD
Pbre1_13G073200-Pbre1_13G073400	GMYN	0.0664728	0.14004	0.474669	Pbre1_13G073200-Pbre1_13G073400.cds_aln.axt.kaks	Specialization	TD
Pbre1_13G419000-Pbre1_14G306400	GMYN	0.390179	0.759428	0.51378	Pbre1_13G419000-Pbre1_14G306400.cds_aln.axt.kaks	Neofunctionalization(Child)	TRD
Pbre1_07G325800-Pbre1_07G326000	GMYN	0.0495431	0.0895631	0.553164	Pbre1_07G325800-Pbre1_07G326000.cds_aln.axt.kaks	Specialization	TD
Pbre1_09G375200-Pbre1_17G384400	GMYN	0.0107551	0.15268	0.0704418	Pbre1_09G375200-Pbre1_17G384400.cds_aln.axt.kaks	Conservation	TRD
Pbre1_04G094600-Pbre1_06G242000	GMYN	0.239136	0.360712	0.662955	Pbre1_04G094600-Pbre1_06G242000.cds_aln.axt.kaks	Neofunctionalization(Child)	TRD
Pbre1_02G032600-Pbre1_08G018800	GMYN	0.2184	0.441264	0.494943	Pbre1_02G032600-Pbre1_08G018800.cds_aln.axt.kaks	Neofunctionalization(Child)	TRD
Pbre1_05G502800-Pbre1_16G368000	GMYN	0.334535	0.580055	0.57673	Pbre1_05G502800-Pbre1_16G368000.cds_aln.axt.kaks	Neofunctionalization(Child)	TRD
Pbre1_01G076000-Pbre1_09G171600	GMYN	0.11986	0.473833	0.252957	Pbre1_01G076000-Pbre1_09G171600.cds_aln.axt.kaks	Conservation	TRD
Pbre1_13G304200-Pbre1_16G307200	GMYN	0.015571	0.17683	0.0880565	Pbre1_13G304200-Pbre1_16G307200.cds_aln.axt.kaks	Conservation	TRD
Pbre1_15G489600-Pbre1_07G334800	GMYN	0.195251	0.544016	0.358907	Pbre1_15G489600-Pbre1_07G334800.cds_aln.axt.kaks	Conservation	TRD
Pbre1_08G232600-Pbre1_08G232800	GMYN	0.0981287	0.256976	0.38186	Pbre1_08G232600-Pbre1_08G232800.cds_aln.axt.kaks	Specialization	TD
Pbre1_06G396800-Pbre1_06G388400	GMYN	0.149179	0.331399	0.450148	Pbre1_06G396800-Pbre1_06G388400.cds_aln.axt.kaks	Specialization	TRD
Pbre1_04G095000-Pbre1_11G317400	GMYN	0.31274	0.870411	0.359302	Pbre1_04G095000-Pbre1_11G317400.cds_aln.axt.kaks	Neofunctionalization(Child)	TRD
Pbre1_09G375000-Pbre1_17G385600	GMYN	0.00677204	0.111394	0.0607938	Pbre1_09G375000-Pbre1_17G385600.cds_aln.axt.kaks	Conservation	TRD
Pbre1_12G148600-Pbre1_04G302200	GMYN	0.766643	4.53981	0.168871	Pbre1_12G148600-Pbre1_04G302200.cds_aln.axt.kaks	Conservation	TRD
Pbre1_10G409600-Pbre1_10G409800	GMYN	0.0529079	0.0883336	0.598956	Pbre1_10G409600-Pbre1_10G409800.cds_aln.axt.kaks	Specialization	TD
Pbre1_15G246200-Pbre1_15G246400	GMYN	0.0666331	0.100335	0.664107	Pbre1_15G246200-Pbre1_15G246400.cds_aln.axt.kaks	Neofunctionalization(Child)	TD
Pbre1_04G143400-Pbre1_06G104600	GMYN	0.114098	0.198231	0.575582	Pbre1_04G143400-Pbre1_06G104600.cds_aln.axt.kaks	Specialization	TRD
Pbre1_15G320000-Pbre1_04G165400	GMYN	0.214812	0.437093	0.491457	Pbre1_15G320000-Pbre1_04G165400.cds_aln.axt.kaks	Neofunctionalization(Child)	TRD
Pbre1_04G215800-Pbre1_04G217000	GMYN	0.00504628	0.0173741	0.290449	Pbre1_04G215800-Pbre1_04G217000.cds_aln.axt.kaks	Specialization	PD
Pbre1_08G382200-Pbre1_09G037000	GMYN	0.334955	0.903836	0.370593	Pbre1_08G382200-Pbre1_09G037000.cds_aln.axt.kaks	Neofunctionalization(Child)	TRD
Pbre1_03G426200-Pbre1_03G426800	GMYN	0.0773977	0.261537	0.295934	Pbre1_03G426200-Pbre1_03G426800.cds_aln.axt.kaks	Neofunctionalization(Child)	PD
Pbre1_15G092400-Pbre1_08G120400	GMYN	0.0492059	0.183372	0.26834	Pbre1_15G092400-Pbre1_08G120400.cds_aln.axt.kaks	Specialization	TRD
Pbre1_08G186200-Pbre1_12G009600	GMYN	0.340272	0.749318	0.454108	Pbre1_08G186200-Pbre1_12G009600.cds_aln.axt.kaks	Conservation	TRD
Pbre1_05G429400-Pbre1_07G359600	GMYN	0.207954	1.81796	0.114389	Pbre1_05G429400-Pbre1_07G359600.cds_aln.axt.kaks	Conservation	TRD
Pbre1_17G170600-Pbre1_17G170800	GMYN	0.0701222	0.181289	0.386797	Pbre1_17G170600-Pbre1_17G170800.cds_aln.axt.kaks	Neofunctionalization(Child)	TD
Pbre1_06G143600-Pbre1_14G189200	GMYN	0.0446238	0.188318	0.236959	Pbre1_06G143600-Pbre1_14G189200.cds_aln.axt.kaks	Conservation	TRD
Pbre1_03G030600-Pbre1_03G030800	GMYN	0.0633637	0.10612	0.597092	Pbre1_03G030600-Pbre1_03G030800.cds_aln.axt.kaks	Specialization	TD
Pbre1_01G222000-Pbre1_01G222200	GMYN	0.0600345	0.1646	0.36473	Pbre1_01G222000-Pbre1_01G222200.cds_aln.axt.kaks	Neofunctionalization(Child)	TD
Pbre1_08G277000-Pbre1_15G628000	GMYN	0.0915934	0.114213	0.801951	Pbre1_08G277000-Pbre1_15G628000.cds_aln.axt.kaks	Conservation	TRD
Pbre1_06G022400-Pbre1_11G198400	GMYN	0.0494208	0.289011	0.171	Pbre1_06G022400-Pbre1_11G198400.cds_aln.axt.kaks	Neofunctionalization(Child)	TRD
Pbre1_07G164000-Pbre1_07G193200	GMYN	0.235895	0.351459	0.671188	Pbre1_07G164000-Pbre1_07G193200.cds_aln.axt.kaks	Specialization	TRD
Pbre1_02G192000-Pbre1_05G291800	GMYN	0.0468649	0.206945	0.226461	Pbre1_02G192000-Pbre1_05G291800.cds_aln.axt.kaks	Conservation	TRD
Pbre1_15G030000-Pbre1_15G030200	GMYN	0.0646345	0.321788	0.200861	Pbre1_15G030000-Pbre1_15G030200.cds_aln.axt.kaks	Specialization	TD
Pbre1_08G139200-Pbre1_08G139400	GMYN	0.0129449	0.0271102	0.47749	Pbre1_08G139200-Pbre1_08G139400.cds_aln.axt.kaks	Specialization	TD
Pbre1_09G216000-Pbre1_09G164200	GMYN	0.0313089	0.263091	0.119004	Pbre1_09G216000-Pbre1_09G164200.cds_aln.axt.kaks	Conservation	TRD
Pbre1_07G029400-Pbre1_07G029600	GMYN	0.0424639	0.0767283	0.553433	Pbre1_07G029400-Pbre1_07G029600.cds_aln.axt.kaks	Specialization	TD
Pbre1_03G445600-Pbre1_03G445800	GMYN	0.0189565	0.0168432	1.12547	Pbre1_03G445600-Pbre1_03G445800.cds_aln.axt.kaks	Specialization	TD
Pbre1_02G145800-Pbre1_02G126600	GMYN	0.0354832	0.0615125	0.576845	Pbre1_02G145800-Pbre1_02G126600.cds_aln.axt.kaks	Conservation	TRD
Pbre1_11G299400-Pbre1_03G275400	GMYN	0.0289995	0.27117	0.106942	Pbre1_11G299400-Pbre1_03G275400.cds_aln.axt.kaks	Neofunctionalization(Child)	TRD
Pbre1_15G384600-Pbre1_15G384800	GMYN	0.0611844	0.151507	0.40384	Pbre1_15G384600-Pbre1_15G384800.cds_aln.axt.kaks	Specialization	TD
Pbre1_09G226400-Pbre1_09G226600	GMYN	0.1738	0.430925	0.403318	Pbre1_09G226400-Pbre1_09G226600.cds_aln.axt.kaks	Specialization	TD
Pbre1_16G365400-Pbre1_10G484600	GMYN	0.104399	0.360979	0.28921	Pbre1_16G365400-Pbre1_10G484600.cds_aln.axt.kaks	Specialization	TRD
Pbre1_09G039800-Pbre1_04G138600	GMYN	0.0656732	0.369114	0.177921	Pbre1_09G039800-Pbre1_04G138600.cds_aln.axt.kaks	Neofunctionalization(Child)	TRD
Pbre1_07G184200-Pbre1_15G219000	GMYN	0.18802	0.350594	0.536289	Pbre1_07G184200-Pbre1_15G219000.cds_aln.axt.kaks	Neofunctionalization(Child)	TRD
Pbre1_09G293600-Pbre1_06G038800	GMYN	0.385554	1.33767	0.288227	Pbre1_09G293600-Pbre1_06G038800.cds_aln.axt.kaks	Specialization	TRD
Pbre1_11G127400-Pbre1_11G180000	GMYN	0.307562	0.438904	0.700751	Pbre1_11G127400-Pbre1_11G180000.cds_aln.axt.kaks	Conservation	TRD
Pbre1_05G099800-Pbre1_05G100000	GMYN	0.413513	1.25537	0.329394	Pbre1_05G099800-Pbre1_05G100000.cds_aln.axt.kaks	Specialization	TD
Pbre1_05G028200-Pbre1_10G026400	GMYN	0.0299618	0.242664	0.123471	Pbre1_05G028200-Pbre1_10G026400.cds_aln.axt.kaks	Conservation	TRD
Pbre1_02G194200-Pbre1_02G194400	GMYN	0.212361	0.440715	0.481855	Pbre1_02G194200-Pbre1_02G194400.cds_aln.axt.kaks	Specialization	TD
Pbre1_10G347400-Pbre1_02G069800	GMYN	0.144754	0.243097	0.595456	Pbre1_10G347400-Pbre1_02G069800.cds_aln.axt.kaks	Neofunctionalization(Child)	TRD
Pbre1_10G180600-Pbre1_05G177400	GMYN	0.093125	0.157672	0.590626	Pbre1_10G180600-Pbre1_05G177400.cds_aln.axt.kaks	Specialization	TRD
Pbre1_05G002800-Pbre1_10G002800	GMYN	0.132435	0.313222	0.422815	Pbre1_05G002800-Pbre1_10G002800.cds_aln.axt.kaks	Conservation	TRD
Pbre1_11G004000-Pbre1_12G048000	GMYN	0.815039	4.06509	0.200497	Pbre1_11G004000-Pbre1_12G048000.cds_aln.axt.kaks	Neofunctionalization(Child)	TRD
Pbre1_10G190400-Pbre1_07G193800	GMYN	0.0682759	0.256811	0.26586	Pbre1_10G190400-Pbre1_07G193800.cds_aln.axt.kaks	Neofunctionalization(Child)	TRD
Pbre1_02G484800-Pbre1_15G539000	GMYN	0.0689318	0.0854432	0.806756	Pbre1_02G484800-Pbre1_15G539000.cds_aln.axt.kaks	Neofunctionalization(Child)	TRD
Pbre1_09G411600-Pbre1_01G092400	GMYN	0.0312261	1.42938	0.021846	Pbre1_09G411600-Pbre1_01G092400.cds_aln.axt.kaks	Neofunctionalization(Child)	TRD
Pbre1_05G209200-Pbre1_12G396200	GMYN	0.299134	0.939418	0.318425	Pbre1_05G209200-Pbre1_12G396200.cds_aln.axt.kaks	Neofunctionalization(Child)	TRD
Pbre1_04G358800-Pbre1_10G129600	GMYN	0.0169244	0.153791	0.110048	Pbre1_04G358800-Pbre1_10G129600.cds_aln.axt.kaks	Specialization	TRD
Pbre1_08G072000-Pbre1_14G167600	GMYN	0.0837502	0.420476	0.19918	Pbre1_08G072000-Pbre1_14G167600.cds_aln.axt.kaks	Neofunctionalization(Child)	TRD
Pbre1_14G118800-Pbre1_12G116400	GMYN	0.0987156	0.271776	0.363224	Pbre1_14G118800-Pbre1_12G116400.cds_aln.axt.kaks	Conservation	TRD
Pbre1_17G322200-Pbre1_11G212400	GMYN	0.217186	1.03448	0.209946	Pbre1_17G322200-Pbre1_11G212400.cds_aln.axt.kaks	Conservation	TRD
Pbre1_14G119000-Pbre1_12G116400	GMYN	0.0127289	0.116294	0.109455	Pbre1_14G119000-Pbre1_12G116400.cds_aln.axt.kaks	Conservation	TRD
Pbre1_08G056400-Pbre1_08G057000	GMYN	0.0647515	0.170278	0.380269	Pbre1_08G056400-Pbre1_08G057000.cds_aln.axt.kaks	Conservation	PD
Pbre1_09G263200-Pbre1_03G160400	GMYN	0.225619	0.955419	0.236147	Pbre1_09G263200-Pbre1_03G160400.cds_aln.axt.kaks	Neofunctionalization(Child)	TRD
Pbre1_05G423800-Pbre1_15G686200	GMYN	0.183938	0.682857	0.269365	Pbre1_05G423800-Pbre1_15G686200.cds_aln.axt.kaks	Neofunctionalization(Child)	TRD
Pbre1_08G058000-Pbre1_08G058200	GMYN	0.241056	0.415066	0.580765	Pbre1_08G058000-Pbre1_08G058200.cds_aln.axt.kaks	Specialization	TD
Pbre1_03G370600-Pbre1_03G370800	GMYN	0.0846485	0.292645	0.289253	Pbre1_03G370600-Pbre1_03G370800.cds_aln.axt.kaks	Conservation	TD
Pbre1_08G109000-Pbre1_08G109200	GMYN	0.243901	0.358305	0.680709	Pbre1_08G109000-Pbre1_08G109200.cds_aln.axt.kaks	Specialization	TD
Pbre1_14G333800-Pbre1_14G334000	GMYN	0.0242535	0.153762	0.157733	Pbre1_14G333800-Pbre1_14G334000.cds_aln.axt.kaks	Specialization	TD
Pbre1_10G482600-Pbre1_10G482800	GMYN	0.00786552	0.00770499	1.02083	Pbre1_10G482600-Pbre1_10G482800.cds_aln.axt.kaks	Specialization	TD
Pbre1_05G032000-Pbre1_17G387000	GMYN	0.200388	0.25063	0.799539	Pbre1_05G032000-Pbre1_17G387000.cds_aln.axt.kaks	Conservation	TRD
Pbre1_10G270400-Pbre1_08G316800	GMYN	0.314356	1.01908	0.30847	Pbre1_10G270400-Pbre1_08G316800.cds_aln.axt.kaks	Neofunctionalization(Child)	TRD
Pbre1_17G394000-Pbre1_13G486800	GMYN	0.178569	1.36687	0.130641	Pbre1_17G394000-Pbre1_13G486800.cds_aln.axt.kaks	Neofunctionalization(Child)	TRD
Pbre1_02G478600-Pbre1_02G480000	GMYN	0.206053	0.528068	0.390202	Pbre1_02G478600-Pbre1_02G480000.cds_aln.axt.kaks	Conservation	PD
Pbre1_01G145600-Pbre1_01G146000	GMYN	0.153547	0.220444	0.696536	Pbre1_01G145600-Pbre1_01G146000.cds_aln.axt.kaks	Neofunctionalization(Child)	PD
Pbre1_08G230800-Pbre1_02G205200	GMYN	0.137882	0.244131	0.564788	Pbre1_08G230800-Pbre1_02G205200.cds_aln.axt.kaks	Neofunctionalization(Child)	TRD
Pbre1_02G063400-Pbre1_06G365600	GMYN	0.435399	3.11926	0.139584	Pbre1_02G063400-Pbre1_06G365600.cds_aln.axt.kaks	Specialization	TRD
Pbre1_09G157200-Pbre1_04G248800	GMYN	0.261889	2.82952	0.0925561	Pbre1_09G157200-Pbre1_04G248800.cds_aln.axt.kaks	Neofunctionalization(Child)	TRD
Pbre1_10G019000-Pbre1_10G019200	GMYN	0.0269152	0.0961184	0.280022	Pbre1_10G019000-Pbre1_10G019200.cds_aln.axt.kaks	Specialization	TD
Pbre1_07G112800-Pbre1_07G499400	GMYN	0.0232378	0.110623	0.210063	Pbre1_07G112800-Pbre1_07G499400.cds_aln.axt.kaks	Conservation	TRD
Pbre1_03G450600-Pbre1_16G372600	GMYN	0.00367533	0.043901	0.0837185	Pbre1_03G450600-Pbre1_16G372600.cds_aln.axt.kaks	Neofunctionalization(Child)	TRD
Pbre1_10G153200-Pbre1_08G112200	GMYN	0.117325	0.390714	0.300284	Pbre1_10G153200-Pbre1_08G112200.cds_aln.axt.kaks	Conservation	TRD
Pbre1_05G214000-Pbre1_17G459000	GMYN	0.156231	0.14281	1.09398	Pbre1_05G214000-Pbre1_17G459000.cds_aln.axt.kaks	Neofunctionalization(Child)	TRD
Pbre1_07G114800-Pbre1_07G115000	GMYN	0.112733	0.256928	0.438774	Pbre1_07G114800-Pbre1_07G115000.cds_aln.axt.kaks	Specialization	TD
Pbre1_13G096400-Pbre1_13G152200	GMYN	0.166737	0.298306	0.558945	Pbre1_13G096400-Pbre1_13G152200.cds_aln.axt.kaks	Neofunctionalization(Child)	TRD
Pbre1_06G153600-Pbre1_01G329000	GMYN	0.0860303	0.303384	0.283569	Pbre1_06G153600-Pbre1_01G329000.cds_aln.axt.kaks	Neofunctionalization(Child)	TRD
Pbre1_02G452800-Pbre1_02G387400	GMYN	0.0739185	0.698725	0.105791	Pbre1_02G452800-Pbre1_02G387400.cds_aln.axt.kaks	Neofunctionalization(Child)	TRD
Pbre1_01G249400-Pbre1_01G249600	GMYN	0.0825991	0.505599	0.163369	Pbre1_01G249400-Pbre1_01G249600.cds_aln.axt.kaks	Conservation	TD
Pbre1_11G456400-Pbre1_09G076000	GMYN	0.0626953	0.0994813	0.630222	Pbre1_11G456400-Pbre1_09G076000.cds_aln.axt.kaks	Conservation	TRD
Pbre1_13G345600-Pbre1_16G354600	GMYN	0.142309	0.255608	0.556746	Pbre1_13G345600-Pbre1_16G354600.cds_aln.axt.kaks	Specialization	TRD
Pbre1_01G227800-Pbre1_01G228000	GMYN	0.0551477	0.0893181	0.61743	Pbre1_01G227800-Pbre1_01G228000.cds_aln.axt.kaks	Specialization	TD
Pbre1_02G038200-Pbre1_02G038600	GMYN	0.104693	0.116919	0.895429	Pbre1_02G038200-Pbre1_02G038600.cds_aln.axt.kaks	Neofunctionalization(Child)	PD
Pbre1_13G160400-Pbre1_13G160600	GMYN	0.225013	0.555455	0.405097	Pbre1_13G160400-Pbre1_13G160600.cds_aln.axt.kaks	Neofunctionalization(Parent)	TD
Pbre1_05G541400-Pbre1_05G541800	GMYN	0.00870059	0.0254303	0.342135	Pbre1_05G541400-Pbre1_05G541800.cds_aln.axt.kaks	Conservation	PD
Pbre1_04G272000-Pbre1_16G029600	GMYN	0.158721	0.299488	0.529975	Pbre1_04G272000-Pbre1_16G029600.cds_aln.axt.kaks	Neofunctionalization(Child)	TRD
Pbre1_16G083600-Pbre1_13G332800	GMYN	0.174582	0.887358	0.196744	Pbre1_16G083600-Pbre1_13G332800.cds_aln.axt.kaks	Neofunctionalization(Child)	TRD
Pbre1_10G460200-Pbre1_10G460400	GMYN	0.0377849	0.138674	0.272473	Pbre1_10G460200-Pbre1_10G460400.cds_aln.axt.kaks	Neofunctionalization(Child)	TD
Pbre1_11G393800-Pbre1_01G151800	GMYN	0.131942	0.298163	0.442517	Pbre1_11G393800-Pbre1_01G151800.cds_aln.axt.kaks	Conservation	TRD
Pbre1_07G015600-Pbre1_07G016200	GMYN	0.0113343	0.0937259	0.120931	Pbre1_07G015600-Pbre1_07G016200.cds_aln.axt.kaks	Conservation	PD
Pbre1_15G326400-Pbre1_15G268800	GMYN	0.357434	0.792769	0.450868	Pbre1_15G326400-Pbre1_15G268800.cds_aln.axt.kaks	Neofunctionalization(Child)	TRD
Pbre1_10G071200-Pbre1_16G300800	GMYN	0.141423	0.643795	0.219671	Pbre1_10G071200-Pbre1_16G300800.cds_aln.axt.kaks	Neofunctionalization(Child)	TRD
Pbre1_05G112400-Pbre1_11G006200	GMYN	0.612173	3.5287	0.173484	Pbre1_05G112400-Pbre1_11G006200.cds_aln.axt.kaks	Neofunctionalization(Child)	TRD
Pbre1_11G408600-Pbre1_11G408800	GMYN	0.0896033	0.159151	0.56301	Pbre1_11G408600-Pbre1_11G408800.cds_aln.axt.kaks	Neofunctionalization(Child)	TD
Pbre1_06G143800-Pbre1_14G189000	GMYN	0.0667819	0.203969	0.327413	Pbre1_06G143800-Pbre1_14G189000.cds_aln.axt.kaks	Conservation	TRD
Pbre1_15G733000-Pbre1_15G733800	GMYN	0.0356911	0.0638886	0.558647	Pbre1_15G733000-Pbre1_15G733800.cds_aln.axt.kaks	Specialization	PD
Pbre1_02G477400-Pbre1_02G477600	GMYN	0.0198483	0.13629	0.145633	Pbre1_02G477400-Pbre1_02G477600.cds_aln.axt.kaks	Neofunctionalization(Child)	TD
Pbre1_11G145000-Pbre1_05G363800	GMYN	0.279769	0.976126	0.286612	Pbre1_11G145000-Pbre1_05G363800.cds_aln.axt.kaks	Neofunctionalization(Child)	TRD
Pbre1_07G027400-Pbre1_07G027800	GMYN	0.0293044	0.0513566	0.570607	Pbre1_07G027400-Pbre1_07G027800.cds_aln.axt.kaks	Specialization	PD
Pbre1_06G199400-Pbre1_04G248800	GMYN	0.276509	2.47868	0.111555	Pbre1_06G199400-Pbre1_04G248800.cds_aln.axt.kaks	Neofunctionalization(Child)	TRD
Pbre1_04G247800-Pbre1_04G248000	GMYN	0.10775	0.231626	0.465192	Pbre1_04G247800-Pbre1_04G248000.cds_aln.axt.kaks	Neofunctionalization(Parent)	TD
Pbre1_16G253800-Pbre1_04G231200	GMYN	0.048665	0.178488	0.272651	Pbre1_16G253800-Pbre1_04G231200.cds_aln.axt.kaks	Specialization	TRD
Pbre1_06G269600-Pbre1_14G306400	GMYN	0.0297722	0.221915	0.13416	Pbre1_06G269600-Pbre1_14G306400.cds_aln.axt.kaks	Conservation	TRD
Pbre1_05G271400-Pbre1_15G593200	GMYN	0.293255	1.86349	0.157369	Pbre1_05G271400-Pbre1_15G593200.cds_aln.axt.kaks	Neofunctionalization(Child)	TRD
Pbre1_11G054400-Pbre1_09G325000	GMYN	0.311435	0.682445	0.456351	Pbre1_11G054400-Pbre1_09G325000.cds_aln.axt.kaks	Conservation	TRD
Pbre1_06G323600-Pbre1_10G550800	GMYN	0.160151	0.541119	0.295963	Pbre1_06G323600-Pbre1_10G550800.cds_aln.axt.kaks	Neofunctionalization(Child)	TRD
Pbre1_04G043000-Pbre1_15G112200	GMYN	0.366809	2.90075	0.126453	Pbre1_04G043000-Pbre1_15G112200.cds_aln.axt.kaks	Neofunctionalization(Child)	TRD
Pbre1_05G448800-Pbre1_05G449000	GMYN	0.261136	2.64988	0.0985462	Pbre1_05G448800-Pbre1_05G449000.cds_aln.axt.kaks	Neofunctionalization(Child)	TD
Pbre1_10G592400-Pbre1_06G280400	GMYN	0.781624	1.3195	0.592366	Pbre1_10G592400-Pbre1_06G280400.cds_aln.axt.kaks	Neofunctionalization(Child)	TRD
Pbre1_12G065000-Pbre1_10G211400	GMYN	0.39684	1.74929	0.226858	Pbre1_12G065000-Pbre1_10G211400.cds_aln.axt.kaks	Neofunctionalization(Child)	TRD
Pbre1_09G374400-Pbre1_17G394600	GMYN	0.0183608	0.11694	0.157011	Pbre1_09G374400-Pbre1_17G394600.cds_aln.axt.kaks	Conservation	TRD
Pbre1_03G227600-Pbre1_11G250000	GMYN	0.0718255	0.152088	0.472262	Pbre1_03G227600-Pbre1_11G250000.cds_aln.axt.kaks	Neofunctionalization(Child)	TRD
Pbre1_11G457800-Pbre1_04G102800	GMYN	0.0558559	0.157934	0.353666	Pbre1_11G457800-Pbre1_04G102800.cds_aln.axt.kaks	Neofunctionalization(Child)	TRD
Pbre1_13G252000-Pbre1_16G257000	GMYN	0.0416804	0.162101	0.257127	Pbre1_13G252000-Pbre1_16G257000.cds_aln.axt.kaks	Conservation	TRD
Pbre1_08G344800-Pbre1_13G243600	GMYN	0.393183	2.5662	0.153216	Pbre1_08G344800-Pbre1_13G243600.cds_aln.axt.kaks	Conservation	TRD
Pbre1_09G076000-Pbre1_09G076400	GMYN	0.24093	0.481725	0.50014	Pbre1_09G076000-Pbre1_09G076400.cds_aln.axt.kaks	Conservation	PD
Pbre1_03G481000-Pbre1_10G515000	GMYN	0.155878	0.323826	0.481362	Pbre1_03G481000-Pbre1_10G515000.cds_aln.axt.kaks	Conservation	TRD
Pbre1_09G468000-Pbre1_07G145600	GMYN	0.60929	2.48858	0.244834	Pbre1_09G468000-Pbre1_07G145600.cds_aln.axt.kaks	Conservation	TRD
Pbre1_05G315200-Pbre1_10G302000	GMYN	0.195423	0.489854	0.39894	Pbre1_05G315200-Pbre1_10G302000.cds_aln.axt.kaks	Specialization	TRD
Pbre1_01G117400-Pbre1_07G206600	GMYN	0.0740805	0.173828	0.426171	Pbre1_01G117400-Pbre1_07G206600.cds_aln.axt.kaks	Neofunctionalization(Child)	TRD
Pbre1_07G111600-Pbre1_07G466000	GMYN	0.205839	0.575271	0.357813	Pbre1_07G111600-Pbre1_07G466000.cds_aln.axt.kaks	Neofunctionalization(Child)	TRD
Pbre1_17G179400-Pbre1_17G495200	GMYN	0.348337	0.681923	0.510816	Pbre1_17G179400-Pbre1_17G495200.cds_aln.axt.kaks	Neofunctionalization(Child)	TRD
Pbre1_01G216200-Pbre1_13G239200	GMYN	0.68741	4.50995	0.152421	Pbre1_01G216200-Pbre1_13G239200.cds_aln.axt.kaks	Conservation	TRD
Pbre1_02G141000-Pbre1_09G306000	GMYN	0.290583	0.429152	0.677109	Pbre1_02G141000-Pbre1_09G306000.cds_aln.axt.kaks	Neofunctionalization(Child)	TRD
Pbre1_12G142400-Pbre1_13G001200	GMYN	0.0532526	0.220801	0.241179	Pbre1_12G142400-Pbre1_13G001200.cds_aln.axt.kaks	Conservation	TRD
Pbre1_17G310000-Pbre1_17G413800	GMYN	0.807702	1.19141	0.677941	Pbre1_17G310000-Pbre1_17G413800.cds_aln.axt.kaks	Neofunctionalization(Child)	TRD
Pbre1_03G057600-Pbre1_03G058000	GMYN	0.0739737	0.257127	0.287694	Pbre1_03G057600-Pbre1_03G058000.cds_aln.axt.kaks	Neofunctionalization(Child)	PD
Pbre1_14G159000-Pbre1_14G160000	GMYN	0.290548	0.701653	0.414091	Pbre1_14G159000-Pbre1_14G160000.cds_aln.axt.kaks	Conservation	PD
Pbre1_11G295400-Pbre1_11G297200	GMYN	0.0198673	0.0255534	0.777481	Pbre1_11G295400-Pbre1_11G297200.cds_aln.axt.kaks	Specialization	PD
Pbre1_07G457400-Pbre1_13G463000	GMYN	0.337359	1.14995	0.293367	Pbre1_07G457400-Pbre1_13G463000.cds_aln.axt.kaks	Neofunctionalization(Child)	TRD
Pbre1_09G411600-Pbre1_15G565600	GMYN	0.0315252	1.81032	0.0174142	Pbre1_09G411600-Pbre1_15G565600.cds_aln.axt.kaks	Neofunctionalization(Child)	TRD
Pbre1_03G424000-Pbre1_11G458200	GMYN	0.0311219	0.150284	0.207087	Pbre1_03G424000-Pbre1_11G458200.cds_aln.axt.kaks	Neofunctionalization(Child)	TRD
Pbre1_05G429000-Pbre1_17G196200	GMYN	0.21328	0.886337	0.240631	Pbre1_05G429000-Pbre1_17G196200.cds_aln.axt.kaks	Conservation	TRD
Pbre1_02G135200-Pbre1_06G341600	GMYN	0.298833	3.52375	0.0848056	Pbre1_02G135200-Pbre1_06G341600.cds_aln.axt.kaks	Neofunctionalization(Child)	TRD
Pbre1_15G734600-Pbre1_09G335600	GMYN	0.0316443	0.0739447	0.427945	Pbre1_15G734600-Pbre1_09G335600.cds_aln.axt.kaks	Conservation	TRD
Pbre1_10G172400-Pbre1_10G173600	GMYN	0.0186155	0.100307	0.185585	Pbre1_10G172400-Pbre1_10G173600.cds_aln.axt.kaks	Conservation	PD
Pbre1_02G467200-Pbre1_07G040600	GMYN	0.108619	0.362818	0.299376	Pbre1_02G467200-Pbre1_07G040600.cds_aln.axt.kaks	Conservation	TRD
Pbre1_13G236200-Pbre1_13G236400	GMYN	0.0768053	0.673172	0.114095	Pbre1_13G236200-Pbre1_13G236400.cds_aln.axt.kaks	Specialization	TD
Pbre1_03G112200-Pbre1_05G283600	GMYN	0.0909415	0.112597	0.807676	Pbre1_03G112200-Pbre1_05G283600.cds_aln.axt.kaks	Specialization	TRD
Pbre1_11G017400-Pbre1_11G019000	GMYN	0.239415	0.74227	0.322544	Pbre1_11G017400-Pbre1_11G019000.cds_aln.axt.kaks	Specialization	PD
Pbre1_11G181200-Pbre1_11G181400	GMYN	0.17188	0.274813	0.625442	Pbre1_11G181200-Pbre1_11G181400.cds_aln.axt.kaks	Specialization	TD
Pbre1_09G325800-Pbre1_07G454000	GMYN	0.232556	0.295343	0.787409	Pbre1_09G325800-Pbre1_07G454000.cds_aln.axt.kaks	Specialization	TRD
Pbre1_16G083600-Pbre1_16G338200	GMYN	0.175318	1.02384	0.171237	Pbre1_16G083600-Pbre1_16G338200.cds_aln.axt.kaks	Neofunctionalization(Child)	TRD
Pbre1_10G461600-Pbre1_10G462200	GMYN	0.172782	0.316787	0.545419	Pbre1_10G461600-Pbre1_10G462200.cds_aln.axt.kaks	Specialization	PD
Pbre1_02G218200-Pbre1_02G218800	GMYN	0.0438562	0.0968364	0.452889	Pbre1_02G218200-Pbre1_02G218800.cds_aln.axt.kaks	Neofunctionalization(Child)	PD
Pbre1_09G171200-Pbre1_17G499800	GMYN	0.0333323	0.439659	0.075814	Pbre1_09G171200-Pbre1_17G499800.cds_aln.axt.kaks	Neofunctionalization(Child)	TRD
Pbre1_15G786400-Pbre1_09G046200	GMYN	0.334056	0.575409	0.580555	Pbre1_15G786400-Pbre1_09G046200.cds_aln.axt.kaks	Conservation	TRD
Pbre1_10G168400-Pbre1_16G288200	GMYN	0.623871	1.19792	0.520797	Pbre1_10G168400-Pbre1_16G288200.cds_aln.axt.kaks	Specialization	TRD
Pbre1_02G144200-Pbre1_09G204200	GMYN	0.248941	0.371728	0.669685	Pbre1_02G144200-Pbre1_09G204200.cds_aln.axt.kaks	Specialization	TRD
Pbre1_04G035000-Pbre1_04G035200	GMYN	0.0540938	0.246603	0.219356	Pbre1_04G035000-Pbre1_04G035200.cds_aln.axt.kaks	Conservation	TD
Pbre1_01G302800-Pbre1_05G459600	GMYN	0.431889	2.98003	0.144928	Pbre1_01G302800-Pbre1_05G459600.cds_aln.axt.kaks	Specialization	TRD
Pbre1_09G463600-Pbre1_06G413200	GMYN	0.197007	0.353051	0.558012	Pbre1_09G463600-Pbre1_06G413200.cds_aln.axt.kaks	Specialization	TRD
Pbre1_09G349000-Pbre1_17G359000	GMYN	0.152052	0.208857	0.728021	Pbre1_09G349000-Pbre1_17G359000.cds_aln.axt.kaks	Specialization	TRD
Pbre1_10G195600-Pbre1_10G195800	GMYN	0.00286662	0.178598	0.0160507	Pbre1_10G195600-Pbre1_10G195800.cds_aln.axt.kaks	Conservation	TD
Pbre1_15G477400-Pbre1_03G367200	GMYN	0.967966	2.83463	0.341479	Pbre1_15G477400-Pbre1_03G367200.cds_aln.axt.kaks	Conservation	TRD
Pbre1_14G448600-Pbre1_14G448800	GMYN	0.237064	0.945098	0.250836	Pbre1_14G448600-Pbre1_14G448800.cds_aln.axt.kaks	Neofunctionalization(Child)	TD
Pbre1_10G041400-Pbre1_10G041800	GMYN	0.0737824	0.0551585	1.33765	Pbre1_10G041400-Pbre1_10G041800.cds_aln.axt.kaks	Specialization	PD
Pbre1_11G082000-Pbre1_11G082600	GMYN	0.0405339	0.0798649	0.507531	Pbre1_11G082000-Pbre1_11G082600.cds_aln.axt.kaks	Specialization	PD
Pbre1_12G265600-Pbre1_16G142200	GMYN	0.0775053	0.111906	0.69259	Pbre1_12G265600-Pbre1_16G142200.cds_aln.axt.kaks	Neofunctionalization(Child)	TRD
Pbre1_03G408200-Pbre1_03G408800	GMYN	0.174204	0.129213	1.3482	Pbre1_03G408200-Pbre1_03G408800.cds_aln.axt.kaks	Specialization	PD
Pbre1_06G230600-Pbre1_06G231000	GMYN	0.0417634	0.0243051	1.7183	Pbre1_06G230600-Pbre1_06G231000.cds_aln.axt.kaks	Specialization	PD
Pbre1_08G319200-Pbre1_07G382400	GMYN	0.147459	0.428123	0.344431	Pbre1_08G319200-Pbre1_07G382400.cds_aln.axt.kaks	Specialization	TRD
Pbre1_09G024000-Pbre1_09G024400	GMYN	0.246555	0.180709	1.36438	Pbre1_09G024000-Pbre1_09G024400.cds_aln.axt.kaks	Specialization	PD
Pbre1_12G270600-Pbre1_11G528600	GMYN	0.11798	0.666459	0.177025	Pbre1_12G270600-Pbre1_11G528600.cds_aln.axt.kaks	Specialization	TRD
Pbre1_11G007400-Pbre1_11G007600	GMYN	0.669205	1.73645	0.385388	Pbre1_11G007400-Pbre1_11G007600.cds_aln.axt.kaks	Neofunctionalization(Parent)	TD
Pbre1_10G270400-Pbre1_15G565600	GMYN	0.319088	0.363323	0.878248	Pbre1_10G270400-Pbre1_15G565600.cds_aln.axt.kaks	Neofunctionalization(Child)	TRD
Pbre1_15G694400-Pbre1_05G202400	GMYN	0.0800186	0.445919	0.179447	Pbre1_15G694400-Pbre1_05G202400.cds_aln.axt.kaks	Conservation	TRD
Pbre1_10G328000-Pbre1_10G328200	GMYN	0.132572	0.282409	0.469434	Pbre1_10G328000-Pbre1_10G328200.cds_aln.axt.kaks	Neofunctionalization(Child)	TD
Pbre1_12G082800-Pbre1_12G083000	GMYN	0.116265	0.299772	0.387844	Pbre1_12G082800-Pbre1_12G083000.cds_aln.axt.kaks	Neofunctionalization(Child)	TD
Pbre1_14G158200-Pbre1_15G743800	GMYN	0.396608	3.47979	0.113975	Pbre1_14G158200-Pbre1_15G743800.cds_aln.axt.kaks	Neofunctionalization(Child)	TRD
Pbre1_12G358400-Pbre1_04G188800	GMYN	0.36449	0.598494	0.609011	Pbre1_12G358400-Pbre1_04G188800.cds_aln.axt.kaks	Conservation	TRD
Pbre1_03G319800-Pbre1_15G565600	GMYN	0.029564	1.66794	0.0177249	Pbre1_03G319800-Pbre1_15G565600.cds_aln.axt.kaks	Neofunctionalization(Child)	TRD
Pbre1_09G474200-Pbre1_06G067600	GMYN	0.150341	0.807584	0.186162	Pbre1_09G474200-Pbre1_06G067600.cds_aln.axt.kaks	Conservation	TRD
Pbre1_02G383000-Pbre1_02G383200	GMYN	0.102466	0.775717	0.132092	Pbre1_02G383000-Pbre1_02G383200.cds_aln.axt.kaks	Neofunctionalization(Parent)	TD
Pbre1_08G384600-Pbre1_08G384800	GMYN	0.175754	0.332465	0.528639	Pbre1_08G384600-Pbre1_08G384800.cds_aln.axt.kaks	Conservation	TD
Pbre1_13G010600-Pbre1_06G397000	GMYN	0.0426343	0.120045	0.355153	Pbre1_13G010600-Pbre1_06G397000.cds_aln.axt.kaks	Conservation	TRD
Pbre1_10G348600-Pbre1_10G349000	GMYN	0.0669319	0.133817	0.500175	Pbre1_10G348600-Pbre1_10G349000.cds_aln.axt.kaks	Specialization	PD
Pbre1_01G029400-Pbre1_02G237800	GMYN	0.161263	0.234654	0.687235	Pbre1_01G029400-Pbre1_02G237800.cds_aln.axt.kaks	Conservation	TRD
Pbre1_08G030200-Pbre1_08G030400	GMYN	0.0647762	0.318076	0.20365	Pbre1_08G030200-Pbre1_08G030400.cds_aln.axt.kaks	Conservation	TD
Pbre1_01G342200-Pbre1_01G342400	GMYN	0.0301613	0.0611801	0.492992	Pbre1_01G342200-Pbre1_01G342400.cds_aln.axt.kaks	Conservation	TD
Pbre1_16G325800-Pbre1_16G326200	GMYN	0.00397975	0.0200893	0.198103	Pbre1_16G325800-Pbre1_16G326200.cds_aln.axt.kaks	Specialization	PD
Pbre1_09G467800-Pbre1_09G468400	GMYN	0.0269683	0.01708	1.57894	Pbre1_09G467800-Pbre1_09G468400.cds_aln.axt.kaks	Specialization	PD
Pbre1_11G117600-Pbre1_11G117800	GMYN	0.05912	0.137193	0.430926	Pbre1_11G117600-Pbre1_11G117800.cds_aln.axt.kaks	Neofunctionalization(Parent)	TD
Pbre1_13G430800-Pbre1_04G392400	GMYN	0.179287	0.483998	0.370429	Pbre1_13G430800-Pbre1_04G392400.cds_aln.axt.kaks	Specialization	TRD
Pbre1_03G461000-Pbre1_13G383200	GMYN	0.258291	0.640029	0.403561	Pbre1_03G461000-Pbre1_13G383200.cds_aln.axt.kaks	Neofunctionalization(Child)	TRD
Pbre1_04G209600-Pbre1_12G244400	GMYN	0.0464309	0.169811	0.273428	Pbre1_04G209600-Pbre1_12G244400.cds_aln.axt.kaks	Conservation	TRD
Pbre1_12G434000-Pbre1_12G434200	GMYN	0.177095	0.272195	0.650617	Pbre1_12G434000-Pbre1_12G434200.cds_aln.axt.kaks	Specialization	TD
Pbre1_14G165000-Pbre1_12G404800	GMYN	0.141245	0.38934	0.36278	Pbre1_14G165000-Pbre1_12G404800.cds_aln.axt.kaks	Neofunctionalization(Child)	TRD
Pbre1_04G301000-Pbre1_05G075800	GMYN	0.224266	1.02085	0.219687	Pbre1_04G301000-Pbre1_05G075800.cds_aln.axt.kaks	Neofunctionalization(Child)	TRD
Pbre1_12G376400-Pbre1_12G376800	GMYN	0.333291	1.44542	0.230584	Pbre1_12G376400-Pbre1_12G376800.cds_aln.axt.kaks	Neofunctionalization(Child)	PD
Pbre1_02G015600-Pbre1_02G016000	GMYN	0.0668375	0.0922519	0.72451	Pbre1_02G015600-Pbre1_02G016000.cds_aln.axt.kaks	Conservation	PD
Pbre1_13G352800-Pbre1_13G353800	GMYN	0.0141685	0.0171563	0.82585	Pbre1_13G352800-Pbre1_13G353800.cds_aln.axt.kaks	Conservation	PD
Pbre1_10G079800-Pbre1_10G080400	GMYN	0.0115512	0.0705242	0.163791	Pbre1_10G079800-Pbre1_10G080400.cds_aln.axt.kaks	Specialization	PD
Pbre1_10G318000-Pbre1_10G318200	GMYN	0.00399081	0.0153332	0.260273	Pbre1_10G318000-Pbre1_10G318200.cds_aln.axt.kaks	Specialization	TD
Pbre1_14G116600-Pbre1_12G114600	GMYN	0.0329907	0.0719037	0.458819	Pbre1_14G116600-Pbre1_12G114600.cds_aln.axt.kaks	Conservation	TRD
Pbre1_14G381200-Pbre1_06G341600	GMYN	0.0832451	0.248824	0.334554	Pbre1_14G381200-Pbre1_06G341600.cds_aln.axt.kaks	Conservation	TRD
Pbre1_07G273200-Pbre1_17G036800	GMYN	0.770318	3.944	0.195314	Pbre1_07G273200-Pbre1_17G036800.cds_aln.axt.kaks	Conservation	TRD
Pbre1_11G148800-Pbre1_13G207800	GMYN	0.283818	0.895044	0.317099	Pbre1_11G148800-Pbre1_13G207800.cds_aln.axt.kaks	Neofunctionalization(Child)	TRD
Pbre1_07G470800-Pbre1_16G330800	GMYN	0.226802	1.00445	0.225797	Pbre1_07G470800-Pbre1_16G330800.cds_aln.axt.kaks	Neofunctionalization(Child)	TRD
Pbre1_11G522000-Pbre1_03G483600	GMYN	0.0364203	0.163292	0.223038	Pbre1_11G522000-Pbre1_03G483600.cds_aln.axt.kaks	Conservation	TRD
Pbre1_05G116400-Pbre1_05G116800	GMYN	0.063716	0.207573	0.306957	Pbre1_05G116400-Pbre1_05G116800.cds_aln.axt.kaks	Specialization	PD
Pbre1_17G221000-Pbre1_16G087000	GMYN	0.537974	3.18651	0.168829	Pbre1_17G221000-Pbre1_16G087000.cds_aln.axt.kaks	Specialization	TRD
Pbre1_13G070600-Pbre1_13G070800	GMYN	0.0160723	0.0400604	0.401201	Pbre1_13G070600-Pbre1_13G070800.cds_aln.axt.kaks	Specialization	TD
Pbre1_01G047400-Pbre1_15G606000	GMYN	0.0577656	0.138322	0.417618	Pbre1_01G047400-Pbre1_15G606000.cds_aln.axt.kaks	Conservation	TRD
Pbre1_16G202800-Pbre1_12G177200	GMYN	0.3273	1.12838	0.290062	Pbre1_16G202800-Pbre1_12G177200.cds_aln.axt.kaks	Neofunctionalization(Child)	TRD
Pbre1_04G038800-Pbre1_10G273400	GMYN	0.187388	1.50239	0.124727	Pbre1_04G038800-Pbre1_10G273400.cds_aln.axt.kaks	Specialization	TRD
Pbre1_01G152000-Pbre1_01G152200	GMYN	0.093767	0.21122	0.443932	Pbre1_01G152000-Pbre1_01G152200.cds_aln.axt.kaks	Neofunctionalization(Child)	TD
Pbre1_09G384400-Pbre1_02G492000	GMYN	0.325712	1.85246	0.175826	Pbre1_09G384400-Pbre1_02G492000.cds_aln.axt.kaks	Specialization	TRD
Pbre1_10G270400-Pbre1_15G671600	GMYN	0.348884	0.993812	0.351057	Pbre1_10G270400-Pbre1_15G671600.cds_aln.axt.kaks	Neofunctionalization(Child)	TRD
Pbre1_06G105600-Pbre1_06G106000	GMYN	0.0450831	0.276014	0.163336	Pbre1_06G105600-Pbre1_06G106000.cds_aln.axt.kaks	Specialization	PD
Pbre1_08G343600-Pbre1_12G359000	GMYN	0.300837	0.740445	0.406292	Pbre1_08G343600-Pbre1_12G359000.cds_aln.axt.kaks	Specialization	TRD
Pbre1_09G208800-Pbre1_09G209000	GMYN	0.146633	0.0640135	2.29066	Pbre1_09G208800-Pbre1_09G209000.cds_aln.axt.kaks	Neofunctionalization(Parent)	TD
Pbre1_15G436600-Pbre1_02G199400	GMYN	0.108352	0.337242	0.321289	Pbre1_15G436600-Pbre1_02G199400.cds_aln.axt.kaks	Conservation	TRD
Pbre1_14G244800-Pbre1_14G245000	GMYN	0.0856599	0.11691	0.732701	Pbre1_14G244800-Pbre1_14G245000.cds_aln.axt.kaks	Neofunctionalization(Child)	TD
Pbre1_10G343600-Pbre1_16G335000	GMYN	0.51527	1.53966	0.334665	Pbre1_10G343600-Pbre1_16G335000.cds_aln.axt.kaks	Conservation	TRD
Pbre1_10G211000-Pbre1_05G210000	GMYN	0.0630575	0.168698	0.373789	Pbre1_10G211000-Pbre1_05G210000.cds_aln.axt.kaks	Neofunctionalization(Child)	TRD
Pbre1_01G380200-Pbre1_01G380400	GMYN	0.244281	0.51435	0.474931	Pbre1_01G380200-Pbre1_01G380400.cds_aln.axt.kaks	Specialization	TD
Pbre1_10G382400-Pbre1_10G382600	GMYN	0.0695807	0.138165	0.503606	Pbre1_10G382400-Pbre1_10G382600.cds_aln.axt.kaks	Specialization	TD
Pbre1_17G083400-Pbre1_17G084200	GMYN	0.2849	0.741927	0.384001	Pbre1_17G083400-Pbre1_17G084200.cds_aln.axt.kaks	Neofunctionalization(Parent)	PD
Pbre1_14G080600-Pbre1_14G081600	GMYN	0.334687	0.785131	0.426282	Pbre1_14G080600-Pbre1_14G081600.cds_aln.axt.kaks	Neofunctionalization(Child)	PD
Pbre1_07G386800-Pbre1_01G310200	GMYN	0.117164	0.319944	0.366202	Pbre1_07G386800-Pbre1_01G310200.cds_aln.axt.kaks	Neofunctionalization(Child)	TRD
Pbre1_11G151200-Pbre1_16G070600	GMYN	0.245761	2.07302	0.118552	Pbre1_11G151200-Pbre1_16G070600.cds_aln.axt.kaks	Neofunctionalization(Child)	TRD
Pbre1_03G450200-Pbre1_01G371200	GMYN	0.0878475	0.261829	0.335515	Pbre1_03G450200-Pbre1_01G371200.cds_aln.axt.kaks	Neofunctionalization(Child)	TRD
Pbre1_15G148000-Pbre1_15G148200	GMYN	0.179938	0.423232	0.425151	Pbre1_15G148000-Pbre1_15G148200.cds_aln.axt.kaks	Specialization	TD
Pbre1_15G013000-Pbre1_15G013200	GMYN	0.178841	0.276835	0.646021	Pbre1_15G013000-Pbre1_15G013200.cds_aln.axt.kaks	Neofunctionalization(Parent)	TD
Pbre1_01G324000-Pbre1_01G325600	GMYN	0.0149326	0.0033303	4.48387	Pbre1_01G324000-Pbre1_01G325600.cds_aln.axt.kaks	Specialization	PD
Pbre1_07G048400-Pbre1_07G049200	GMYN	0.00795359	0.019157	0.415179	Pbre1_07G048400-Pbre1_07G049200.cds_aln.axt.kaks	Conservation	PD
Pbre1_16G504600-Pbre1_04G248800	GMYN	0.517863	2.47551	0.209194	Pbre1_16G504600-Pbre1_04G248800.cds_aln.axt.kaks	Neofunctionalization(Child)	TRD
Pbre1_12G284400-Pbre1_12G009600	GMYN	0.235221	0.2697	0.87216	Pbre1_12G284400-Pbre1_12G009600.cds_aln.axt.kaks	Neofunctionalization(Child)	TRD
Pbre1_07G095600-Pbre1_07G095800	GMYN	0.0589486	0.0811658	0.726274	Pbre1_07G095600-Pbre1_07G095800.cds_aln.axt.kaks	Specialization	TD
Pbre1_15G752400-Pbre1_15G752600	GMYN	0.123995	0.167067	0.742184	Pbre1_15G752400-Pbre1_15G752600.cds_aln.axt.kaks	Specialization	TD
Pbre1_11G223200-Pbre1_11G206200	GMYN	0.120896	0.581112	0.208042	Pbre1_11G223200-Pbre1_11G206200.cds_aln.axt.kaks	Neofunctionalization(Child)	TRD
Pbre1_14G310600-Pbre1_06G273600	GMYN	0.706012	1.33936	0.527125	Pbre1_14G310600-Pbre1_06G273600.cds_aln.axt.kaks	Conservation	TRD
Pbre1_03G397400-Pbre1_12G092200	GMYN	0.355042	1.22792	0.289141	Pbre1_03G397400-Pbre1_12G092200.cds_aln.axt.kaks	Neofunctionalization(Child)	TRD
Pbre1_13G300000-Pbre1_12G336000	GMYN	0.206541	0.686088	0.301041	Pbre1_13G300000-Pbre1_12G336000.cds_aln.axt.kaks	Neofunctionalization(Child)	TRD
Pbre1_15G773600-Pbre1_03G033600	GMYN	0.171953	1.35724	0.126693	Pbre1_15G773600-Pbre1_03G033600.cds_aln.axt.kaks	Neofunctionalization(Child)	TRD
Pbre1_12G363200-Pbre1_15G758600	GMYN	0.141646	0.26738	0.529755	Pbre1_12G363200-Pbre1_15G758600.cds_aln.axt.kaks	Specialization	TRD
Pbre1_10G072400-Pbre1_09G414600	GMYN	0.136527	0.613947	0.222377	Pbre1_10G072400-Pbre1_09G414600.cds_aln.axt.kaks	Specialization	TRD
Pbre1_05G237000-Pbre1_10G234600	GMYN	0.0882891	0.281089	0.314097	Pbre1_05G237000-Pbre1_10G234600.cds_aln.axt.kaks	Neofunctionalization(Child)	TRD
Pbre1_02G092400-Pbre1_02G093600	GMYN	0.129696	0.41944	0.309211	Pbre1_02G092400-Pbre1_02G093600.cds_aln.axt.kaks	Conservation	PD
Pbre1_03G164200-Pbre1_03G164400	GMYN	0.12552	0.550238	0.228119	Pbre1_03G164200-Pbre1_03G164400.cds_aln.axt.kaks	Neofunctionalization(Child)	TD
Pbre1_01G146400-Pbre1_01G147000	GMYN	0.00491692	0.00742341	0.662353	Pbre1_01G146400-Pbre1_01G147000.cds_aln.axt.kaks	Conservation	PD
Pbre1_11G423200-Pbre1_11G423800	GMYN	0.0182155	0.0322898	0.564125	Pbre1_11G423200-Pbre1_11G423800.cds_aln.axt.kaks	Neofunctionalization(Parent)	PD
Pbre1_05G331800-Pbre1_05G313200	GMYN	0.41197	1.13571	0.362742	Pbre1_05G331800-Pbre1_05G313200.cds_aln.axt.kaks	Neofunctionalization(Child)	TRD
Pbre1_17G101600-Pbre1_17G102000	GMYN	0.259704	0.585904	0.443254	Pbre1_17G101600-Pbre1_17G102000.cds_aln.axt.kaks	Neofunctionalization(Child)	PD
Pbre1_09G109400-Pbre1_09G109800	GMYN	0.00277455	0.00878885	0.315689	Pbre1_09G109400-Pbre1_09G109800.cds_aln.axt.kaks	Specialization	PD
Pbre1_13G019400-Pbre1_08G120400	GMYN	0.0717381	0.166379	0.431173	Pbre1_13G019400-Pbre1_08G120400.cds_aln.axt.kaks	Specialization	TRD
Pbre1_14G199800-Pbre1_14G200200	GMYN	0.664318	0.701457	0.947054	Pbre1_14G199800-Pbre1_14G200200.cds_aln.axt.kaks	Specialization	PD
Pbre1_01G138600-Pbre1_01G139000	GMYN	0.100626	0.183989	0.546915	Pbre1_01G138600-Pbre1_01G139000.cds_aln.axt.kaks	Conservation	PD
Pbre1_09G331000-Pbre1_07G320200	GMYN	0.110394	0.70324	0.156979	Pbre1_09G331000-Pbre1_07G320200.cds_aln.axt.kaks	Neofunctionalization(Child)	TRD
Pbre1_10G118400-Pbre1_10G118600	GMYN	0.0371916	0.158641	0.234439	Pbre1_10G118400-Pbre1_10G118600.cds_aln.axt.kaks	Conservation	TD
Pbre1_08G239600-Pbre1_15G758600	GMYN	0.284546	1.62375	0.17524	Pbre1_08G239600-Pbre1_15G758600.cds_aln.axt.kaks	Specialization	TRD
Pbre1_08G274600-Pbre1_15G626800	GMYN	0.0586389	0.223823	0.261988	Pbre1_08G274600-Pbre1_15G626800.cds_aln.axt.kaks	Neofunctionalization(Child)	TRD
Pbre1_02G126600-Pbre1_02G126800	GMYN	0.128204	0.383763	0.334071	Pbre1_02G126600-Pbre1_02G126800.cds_aln.axt.kaks	Conservation	TD
Pbre1_09G306000-Pbre1_09G306200	GMYN	0.102193	0.246194	0.415089	Pbre1_09G306000-Pbre1_09G306200.cds_aln.axt.kaks	Conservation	TD
Pbre1_05G132200-Pbre1_01G341000	GMYN	0.17784	0.342682	0.518965	Pbre1_05G132200-Pbre1_01G341000.cds_aln.axt.kaks	Specialization	TRD
Pbre1_14G090800-Pbre1_12G136600	GMYN	0.226086	0.803589	0.281345	Pbre1_14G090800-Pbre1_12G136600.cds_aln.axt.kaks	Specialization	TRD
Pbre1_15G710000-Pbre1_08G353000	GMYN	0.0716471	0.198169	0.361545	Pbre1_15G710000-Pbre1_08G353000.cds_aln.axt.kaks	Conservation	TRD
Pbre1_09G215200-Pbre1_09G370600	GMYN	0.381697	1.89208	0.201734	Pbre1_09G215200-Pbre1_09G370600.cds_aln.axt.kaks	Neofunctionalization(Child)	TRD
Pbre1_08G253600-Pbre1_13G033000	GMYN	0.324856	2.97553	0.109176	Pbre1_08G253600-Pbre1_13G033000.cds_aln.axt.kaks	Neofunctionalization(Child)	TRD
Pbre1_01G053000-Pbre1_01G053200	GMYN	0.00512637	0.0194083	0.264133	Pbre1_01G053000-Pbre1_01G053200.cds_aln.axt.kaks	Conservation	TD
Pbre1_11G096000-Pbre1_11G096200	GMYN	0.026541	0.0728916	0.364116	Pbre1_11G096000-Pbre1_11G096200.cds_aln.axt.kaks	Specialization	TD
Pbre1_08G339600-Pbre1_15G698800	GMYN	0.042043	0.111064	0.378546	Pbre1_08G339600-Pbre1_15G698800.cds_aln.axt.kaks	Conservation	TRD
Pbre1_04G052600-Pbre1_06G153200	GMYN	0.0658203	0.271882	0.242091	Pbre1_04G052600-Pbre1_06G153200.cds_aln.axt.kaks	Conservation	TRD
Pbre1_04G338600-Pbre1_12G363400	GMYN	0.0584056	0.151869	0.384578	Pbre1_04G338600-Pbre1_12G363400.cds_aln.axt.kaks	Conservation	TRD
Pbre1_13G456000-Pbre1_04G068000	GMYN	0.077012	0.208557	0.369261	Pbre1_13G456000-Pbre1_04G068000.cds_aln.axt.kaks	Conservation	TRD
Pbre1_03G336800-Pbre1_11G362200	GMYN	0.0254688	0.148171	0.171888	Pbre1_03G336800-Pbre1_11G362200.cds_aln.axt.kaks	Conservation	TRD
Pbre1_15G206000-Pbre1_15G206200	GMYN	0.138724	0.391567	0.35428	Pbre1_15G206000-Pbre1_15G206200.cds_aln.axt.kaks	Neofunctionalization(Parent)	TD
Pbre1_16G265400-Pbre1_05G596600	GMYN	0.608376	3.21599	0.189172	Pbre1_16G265400-Pbre1_05G596600.cds_aln.axt.kaks	Specialization	TRD
Pbre1_13G397600-Pbre1_07G402200	GMYN	0.282755	0.864243	0.32717	Pbre1_13G397600-Pbre1_07G402200.cds_aln.axt.kaks	Neofunctionalization(Child)	TRD
Pbre1_09G336800-Pbre1_09G337000	GMYN	0.086628	0.0991199	0.873972	Pbre1_09G336800-Pbre1_09G337000.cds_aln.axt.kaks	Specialization	TD
Pbre1_11G256400-Pbre1_16G106400	GMYN	0.22007	0.54072	0.406995	Pbre1_11G256400-Pbre1_16G106400.cds_aln.axt.kaks	Neofunctionalization(Child)	TRD
Pbre1_14G147000-Pbre1_12G145000	GMYN	0.039191	0.313459	0.125027	Pbre1_14G147000-Pbre1_12G145000.cds_aln.axt.kaks	Conservation	TRD
Pbre1_14G203600-Pbre1_13G225600	GMYN	0.176575	0.356719	0.494997	Pbre1_14G203600-Pbre1_13G225600.cds_aln.axt.kaks	Conservation	TRD
Pbre1_10G224200-Pbre1_05G224000	GMYN	0.100234	0.255346	0.392544	Pbre1_10G224200-Pbre1_05G224000.cds_aln.axt.kaks	Conservation	TRD
Pbre1_17G230200-Pbre1_09G235400	GMYN	0.0832128	0.243109	0.342286	Pbre1_17G230200-Pbre1_09G235400.cds_aln.axt.kaks	Specialization	TRD
Pbre1_10G531200-Pbre1_10G531600	GMYN	0.11932	0.0858422	1.39	Pbre1_10G531200-Pbre1_10G531600.cds_aln.axt.kaks	Specialization	PD
Pbre1_17G224200-Pbre1_05G452400	GMYN	0.26815	0.806557	0.332462	Pbre1_17G224200-Pbre1_05G452400.cds_aln.axt.kaks	Neofunctionalization(Child)	TRD
Pbre1_12G254400-Pbre1_04G218800	GMYN	0.0334514	0.175049	0.191097	Pbre1_12G254400-Pbre1_04G218800.cds_aln.axt.kaks	Neofunctionalization(Child)	TRD
Pbre1_10G094000-Pbre1_08G182000	GMYN	0.0920193	0.0979985	0.938988	Pbre1_10G094000-Pbre1_08G182000.cds_aln.axt.kaks	Conservation	TRD
Pbre1_15G477600-Pbre1_12G224000	GMYN	0.332664	0.538396	0.61788	Pbre1_15G477600-Pbre1_12G224000.cds_aln.axt.kaks	Neofunctionalization(Parent)	TRD
Pbre1_17G321800-Pbre1_13G449200	GMYN	0.100873	0.21638	0.466182	Pbre1_17G321800-Pbre1_13G449200.cds_aln.axt.kaks	Conservation	TRD
Pbre1_01G107400-Pbre1_04G340000	GMYN	0.263864	0.55397	0.476314	Pbre1_01G107400-Pbre1_04G340000.cds_aln.axt.kaks	Neofunctionalization(Child)	TRD
Pbre1_05G355200-Pbre1_10G330000	GMYN	0.233864	0.307126	0.76146	Pbre1_05G355200-Pbre1_10G330000.cds_aln.axt.kaks	Specialization	TRD
Pbre1_14G254000-Pbre1_06G038800	GMYN	0.362345	2.16063	0.167704	Pbre1_14G254000-Pbre1_06G038800.cds_aln.axt.kaks	Specialization	TRD
Pbre1_05G127600-Pbre1_10G136800	GMYN	0.00390321	0.181311	0.0215277	Pbre1_05G127600-Pbre1_10G136800.cds_aln.axt.kaks	Conservation	TRD
Pbre1_09G044800-Pbre1_15G766000	GMYN	0.306067	0.462132	0.662294	Pbre1_09G044800-Pbre1_15G766000.cds_aln.axt.kaks	Conservation	TRD
Pbre1_17G164800-Pbre1_07G341400	GMYN	0.0865024	0.502125	0.172273	Pbre1_17G164800-Pbre1_07G341400.cds_aln.axt.kaks	Neofunctionalization(Child)	TRD
Pbre1_07G147800-Pbre1_08G132200	GMYN	0.0643386	0.307759	0.209055	Pbre1_07G147800-Pbre1_08G132200.cds_aln.axt.kaks	Neofunctionalization(Child)	TRD
Pbre1_13G377600-Pbre1_09G046200	GMYN	0.346655	1.61924	0.214085	Pbre1_13G377600-Pbre1_09G046200.cds_aln.axt.kaks	Conservation	TRD
Pbre1_12G070600-Pbre1_14G069000	GMYN	0.305116	0.739577	0.412556	Pbre1_12G070600-Pbre1_14G069000.cds_aln.axt.kaks	Conservation	TRD
Pbre1_17G384800-Pbre1_17G385000	GMYN	0.00378597	0.0620842	0.0609812	Pbre1_17G384800-Pbre1_17G385000.cds_aln.axt.kaks	Conservation	TD
Pbre1_13G035800-Pbre1_13G036000	GMYN	0.00335055	0.0294466	0.113784	Pbre1_13G035800-Pbre1_13G036000.cds_aln.axt.kaks	Specialization	TD
Pbre1_10G296200-Pbre1_10G296400	GMYN	0.22502	0.378434	0.594609	Pbre1_10G296200-Pbre1_10G296400.cds_aln.axt.kaks	Specialization	TD
Pbre1_11G517000-Pbre1_11G517600	GMYN	0.0141055	0.039816	0.354268	Pbre1_11G517000-Pbre1_11G517600.cds_aln.axt.kaks	Specialization	PD
Pbre1_04G095600-Pbre1_06G075000	GMYN	0.0413699	0.125614	0.329342	Pbre1_04G095600-Pbre1_06G075000.cds_aln.axt.kaks	Conservation	TRD
Pbre1_04G293400-Pbre1_04G294800	GMYN	0.0463514	0.0959265	0.483198	Pbre1_04G293400-Pbre1_04G294800.cds_aln.axt.kaks	Conservation	PD
Pbre1_06G326400-Pbre1_06G326600	GMYN	0.13412	0.821133	0.163335	Pbre1_06G326400-Pbre1_06G326600.cds_aln.axt.kaks	Specialization	TD
Pbre1_06G142600-Pbre1_14G189400	GMYN	0.0215539	0.348656	0.0618199	Pbre1_06G142600-Pbre1_14G189400.cds_aln.axt.kaks	Conservation	TRD
Pbre1_15G041400-Pbre1_15G041600	GMYN	0.00244432	0.00717377	0.340731	Pbre1_15G041400-Pbre1_15G041600.cds_aln.axt.kaks	Specialization	TD
Pbre1_02G213600-Pbre1_02G213800	GMYN	0.0883428	0.280096	0.315402	Pbre1_02G213600-Pbre1_02G213800.cds_aln.axt.kaks	Specialization	TD
Pbre1_17G236000-Pbre1_09G242400	GMYN	0.348152	0.755441	0.460859	Pbre1_17G236000-Pbre1_09G242400.cds_aln.axt.kaks	Specialization	TRD
Pbre1_06G029600-Pbre1_06G029800	GMYN	0.00522303	0.0198867	0.262639	Pbre1_06G029600-Pbre1_06G029800.cds_aln.axt.kaks	Conservation	TD
Pbre1_08G132600-Pbre1_08G133400	GMYN	0.0428891	0.0970192	0.442068	Pbre1_08G132600-Pbre1_08G133400.cds_aln.axt.kaks	Neofunctionalization(Parent)	PD
Pbre1_05G063800-Pbre1_05G064000	GMYN	0.0239921	0.0706283	0.339695	Pbre1_05G063800-Pbre1_05G064000.cds_aln.axt.kaks	Specialization	TD
Pbre1_10G376400-Pbre1_10G377200	GMYN	0.0190344	0.0373367	0.509806	Pbre1_10G376400-Pbre1_10G377200.cds_aln.axt.kaks	Neofunctionalization(Child)	PD
Pbre1_15G627000-Pbre1_15G253000	GMYN	0.176436	0.11554	1.52706	Pbre1_15G627000-Pbre1_15G253000.cds_aln.axt.kaks	Neofunctionalization(Child)	TRD
Pbre1_02G034600-Pbre1_17G306400	GMYN	0.479314	1.85924	0.257801	Pbre1_02G034600-Pbre1_17G306400.cds_aln.axt.kaks	Neofunctionalization(Child)	TRD
Pbre1_13G139400-Pbre1_13G139600	GMYN	0.0961088	0.126054	0.76244	Pbre1_13G139400-Pbre1_13G139600.cds_aln.axt.kaks	Specialization	TD
Pbre1_02G320600-Pbre1_16G021200	GMYN	0.0525274	0.592442	0.0886626	Pbre1_02G320600-Pbre1_16G021200.cds_aln.axt.kaks	Neofunctionalization(Child)	TRD
Pbre1_12G408400-Pbre1_02G259800	GMYN	0.468804	2.91436	0.16086	Pbre1_12G408400-Pbre1_02G259800.cds_aln.axt.kaks	Neofunctionalization(Child)	TRD
Pbre1_01G135400-Pbre1_09G008000	GMYN	0.0659509	0.100883	0.653734	Pbre1_01G135400-Pbre1_09G008000.cds_aln.axt.kaks	Neofunctionalization(Child)	TRD
Pbre1_01G022800-Pbre1_09G435000	GMYN	0.268169	0.658186	0.407436	Pbre1_01G022800-Pbre1_09G435000.cds_aln.axt.kaks	Specialization	TRD
Pbre1_02G237200-Pbre1_02G237400	GMYN	0.0673541	0.462535	0.145619	Pbre1_02G237200-Pbre1_02G237400.cds_aln.axt.kaks	Conservation	TD
Pbre1_03G319800-Pbre1_01G092400	GMYN	0.0296289	1.29376	0.0229014	Pbre1_03G319800-Pbre1_01G092400.cds_aln.axt.kaks	Neofunctionalization(Child)	TRD
Pbre1_13G446800-Pbre1_04G058800	GMYN	0.0138804	0.128438	0.10807	Pbre1_13G446800-Pbre1_04G058800.cds_aln.axt.kaks	Conservation	TRD
Pbre1_09G217400-Pbre1_09G217600	GMYN	0.377612	0.625826	0.603382	Pbre1_09G217400-Pbre1_09G217600.cds_aln.axt.kaks	Specialization	TD
Pbre1_15G600000-Pbre1_12G174000	GMYN	0.114977	0.189888	0.605499	Pbre1_15G600000-Pbre1_12G174000.cds_aln.axt.kaks	Neofunctionalization(Child)	TRD
Pbre1_01G200400-Pbre1_01G199200	GMYN	0.0476949	0.0633951	0.752343	Pbre1_01G200400-Pbre1_01G199200.cds_aln.axt.kaks	Specialization	PD
Pbre1_14G282600-Pbre1_08G170800	GMYN	0.419951	1.24914	0.336193	Pbre1_14G282600-Pbre1_08G170800.cds_aln.axt.kaks	Neofunctionalization(Child)	TRD
Pbre1_16G305600-Pbre1_10G442000	GMYN	0.286942	2.5127	0.114197	Pbre1_16G305600-Pbre1_10G442000.cds_aln.axt.kaks	Conservation	TRD
Pbre1_15G310200-Pbre1_15G310400	GMYN	0.0311445	0.0408307	0.762772	Pbre1_15G310200-Pbre1_15G310400.cds_aln.axt.kaks	Neofunctionalization(Child)	TD
Pbre1_10G451400-Pbre1_05G478200	GMYN	0.0230233	0.168771	0.136417	Pbre1_10G451400-Pbre1_05G478200.cds_aln.axt.kaks	Specialization	TRD
Pbre1_01G353000-Pbre1_01G353400	GMYN	0.0592663	0.716769	0.0826854	Pbre1_01G353000-Pbre1_01G353400.cds_aln.axt.kaks	Specialization	PD
Pbre1_05G548800-Pbre1_16G427600	GMYN	0.347115	0.935656	0.370986	Pbre1_05G548800-Pbre1_16G427600.cds_aln.axt.kaks	Neofunctionalization(Child)	TRD
Pbre1_10G191200-Pbre1_16G291000	GMYN	0.72244	4.16326	0.173528	Pbre1_10G191200-Pbre1_16G291000.cds_aln.axt.kaks	Specialization	TRD
Pbre1_03G460600-Pbre1_03G460800	GMYN	0.0517363	0.0440342	1.17491	Pbre1_03G460600-Pbre1_03G460800.cds_aln.axt.kaks	Specialization	TD
Pbre1_09G420400-Pbre1_10G563200	GMYN	0.339529	1.5989	0.212351	Pbre1_09G420400-Pbre1_10G563200.cds_aln.axt.kaks	Neofunctionalization(Child)	TRD
Pbre1_13G180800-Pbre1_07G448600	GMYN	0.23845	1.23156	0.193617	Pbre1_13G180800-Pbre1_07G448600.cds_aln.axt.kaks	Specialization	TRD
Pbre1_02G373200-Pbre1_14G221800	GMYN	0.0852436	0.167369	0.509316	Pbre1_02G373200-Pbre1_14G221800.cds_aln.axt.kaks	Neofunctionalization(Child)	TRD
Pbre1_14G384400-Pbre1_06G345600	GMYN	0.0646788	0.163345	0.395964	Pbre1_14G384400-Pbre1_06G345600.cds_aln.axt.kaks	Conservation	TRD
Pbre1_14G190000-Pbre1_06G148200	GMYN	0.0713635	0.151285	0.471715	Pbre1_14G190000-Pbre1_06G148200.cds_aln.axt.kaks	Specialization	TRD
Pbre1_04G348000-Pbre1_04G348200	GMYN	0.0323252	0.0564204	0.572936	Pbre1_04G348000-Pbre1_04G348200.cds_aln.axt.kaks	Specialization	TD
Pbre1_10G209600-Pbre1_10G209800	GMYN	0.0233533	0.13033	0.179186	Pbre1_10G209600-Pbre1_10G209800.cds_aln.axt.kaks	Conservation	TD
Pbre1_10G028400-Pbre1_02G383600	GMYN	0.341404	0.564875	0.604389	Pbre1_10G028400-Pbre1_02G383600.cds_aln.axt.kaks	Conservation	TRD
Pbre1_08G219800-Pbre1_08G220000	GMYN	0.34091	1.36581	0.249604	Pbre1_08G219800-Pbre1_08G220000.cds_aln.axt.kaks	Neofunctionalization(Parent)	TD
Pbre1_04G345800-Pbre1_04G357600	GMYN	0.140416	0.206506	0.679961	Pbre1_04G345800-Pbre1_04G357600.cds_aln.axt.kaks	Conservation	TRD
Pbre1_12G167000-Pbre1_10G514200	GMYN	0.15165	0.279559	0.542462	Pbre1_12G167000-Pbre1_10G514200.cds_aln.axt.kaks	Conservation	TRD
Pbre1_02G507400-Pbre1_02G507600	GMYN	0.0564626	0.67403	0.0837687	Pbre1_02G507400-Pbre1_02G507600.cds_aln.axt.kaks	Specialization	TD
Pbre1_03G025600-Pbre1_03G025800	GMYN	0.0545303	0.0924656	0.589736	Pbre1_03G025600-Pbre1_03G025800.cds_aln.axt.kaks	Specialization	TD
Pbre1_10G282400-Pbre1_07G403000	GMYN	0.166725	0.256099	0.651018	Pbre1_10G282400-Pbre1_07G403000.cds_aln.axt.kaks	Conservation	TRD
Pbre1_04G184000-Pbre1_12G219200	GMYN	0.0838399	0.135648	0.618068	Pbre1_04G184000-Pbre1_12G219200.cds_aln.axt.kaks	Specialization	TRD
Pbre1_09G091800-Pbre1_16G009800	GMYN	0.0743625	0.976042	0.0761878	Pbre1_09G091800-Pbre1_16G009800.cds_aln.axt.kaks	Conservation	TRD
Pbre1_15G202600-Pbre1_15G202800	GMYN	0.00657771	0.0926651	0.0709837	Pbre1_15G202600-Pbre1_15G202800.cds_aln.axt.kaks	Conservation	TD
Pbre1_06G004400-Pbre1_03G209800	GMYN	0.154005	3.63426	0.0423758	Pbre1_06G004400-Pbre1_03G209800.cds_aln.axt.kaks	Conservation	TRD
Pbre1_07G068400-Pbre1_07G068600	GMYN	0.145518	0.321662	0.452396	Pbre1_07G068400-Pbre1_07G068600.cds_aln.axt.kaks	Neofunctionalization(Parent)	TD
Pbre1_07G179600-Pbre1_10G218200	GMYN	0.0246215	0.0655495	0.375617	Pbre1_07G179600-Pbre1_10G218200.cds_aln.axt.kaks	Neofunctionalization(Child)	TRD
Pbre1_11G168800-Pbre1_11G169000	GMYN	0.0503911	0.103463	0.487044	Pbre1_11G168800-Pbre1_11G169000.cds_aln.axt.kaks	Specialization	TD
Pbre1_09G167200-Pbre1_09G167400	GMYN	0.0226915	0.0747375	0.303616	Pbre1_09G167200-Pbre1_09G167400.cds_aln.axt.kaks	Conservation	TD
Pbre1_16G454400-Pbre1_16G018800	GMYN	0.105258	0.321604	0.327292	Pbre1_16G454400-Pbre1_16G018800.cds_aln.axt.kaks	Conservation	TRD
Pbre1_11G220400-Pbre1_03G197000	GMYN	0.0704915	0.143802	0.490197	Pbre1_11G220400-Pbre1_03G197000.cds_aln.axt.kaks	Neofunctionalization(Child)	TRD
Pbre1_17G030000-Pbre1_17G030200	GMYN	0.108112	0.180196	0.599971	Pbre1_17G030000-Pbre1_17G030200.cds_aln.axt.kaks	Conservation	TD
Pbre1_06G049400-Pbre1_15G067400	GMYN	0.292902	0.829319	0.353184	Pbre1_06G049400-Pbre1_15G067400.cds_aln.axt.kaks	Neofunctionalization(Child)	TRD
Pbre1_08G227600-Pbre1_06G109400	GMYN	0.0146339	0.0322706	0.453475	Pbre1_08G227600-Pbre1_06G109400.cds_aln.axt.kaks	Conservation	TRD
Pbre1_05G536000-Pbre1_05G536200	GMYN	0.0533403	0.0784302	0.680099	Pbre1_05G536000-Pbre1_05G536200.cds_aln.axt.kaks	Neofunctionalization(Parent)	TD
Pbre1_03G304000-Pbre1_08G245600	GMYN	0.0890589	2.15934	0.0412435	Pbre1_03G304000-Pbre1_08G245600.cds_aln.axt.kaks	Neofunctionalization(Child)	TRD
Pbre1_12G307400-Pbre1_12G307800	GMYN	0.060882	0.180883	0.336582	Pbre1_12G307400-Pbre1_12G307800.cds_aln.axt.kaks	Specialization	PD
Pbre1_07G082400-Pbre1_04G166400	GMYN	0.123385	0.202449	0.609462	Pbre1_07G082400-Pbre1_04G166400.cds_aln.axt.kaks	Conservation	TRD
Pbre1_15G714800-Pbre1_15G715000	GMYN	0.0248571	0.0257738	0.964433	Pbre1_15G714800-Pbre1_15G715000.cds_aln.axt.kaks	Specialization	TD
Pbre1_09G142400-Pbre1_10G034400	GMYN	0.0792134	0.199821	0.396423	Pbre1_09G142400-Pbre1_10G034400.cds_aln.axt.kaks	Neofunctionalization(Child)	TRD
Pbre1_12G386400-Pbre1_12G099200	GMYN	0.133402	0.160557	0.83087	Pbre1_12G386400-Pbre1_12G099200.cds_aln.axt.kaks	Neofunctionalization(Child)	TRD
Pbre1_07G333000-Pbre1_07G333600	GMYN	0.0696798	0.313401	0.222334	Pbre1_07G333000-Pbre1_07G333600.cds_aln.axt.kaks	Specialization	PD
Pbre1_09G180800-Pbre1_17G178200	GMYN	0.0417017	0.128663	0.324117	Pbre1_09G180800-Pbre1_17G178200.cds_aln.axt.kaks	Neofunctionalization(Child)	TRD
Pbre1_04G085200-Pbre1_04G088800	GMYN	0.0448245	0.0250365	1.79037	Pbre1_04G085200-Pbre1_04G088800.cds_aln.axt.kaks	Neofunctionalization(Child)	TRD
Pbre1_03G366800-Pbre1_17G107800	GMYN	0.266691	0.312852	0.852451	Pbre1_03G366800-Pbre1_17G107800.cds_aln.axt.kaks	Specialization	TRD
Pbre1_17G244400-Pbre1_17G244600	GMYN	0.0482703	0.619831	0.0778765	Pbre1_17G244400-Pbre1_17G244600.cds_aln.axt.kaks	Specialization	TD
Pbre1_15G674000-Pbre1_14G355200	GMYN	0.265207	2.17912	0.121704	Pbre1_15G674000-Pbre1_14G355200.cds_aln.axt.kaks	Specialization	TRD
Pbre1_03G279200-Pbre1_03G279800	GMYN	0.105835	0.17651	0.5996	Pbre1_03G279200-Pbre1_03G279800.cds_aln.axt.kaks	Conservation	PD
Pbre1_11G368800-Pbre1_11G369000	GMYN	0.0940635	0.178076	0.528221	Pbre1_11G368800-Pbre1_11G369000.cds_aln.axt.kaks	Neofunctionalization(Parent)	TD
Pbre1_13G396400-Pbre1_02G179600	GMYN	0.1723	2.7562	0.0625134	Pbre1_13G396400-Pbre1_02G179600.cds_aln.axt.kaks	Neofunctionalization(Child)	TRD
Pbre1_03G291000-Pbre1_11G314200	GMYN	0.0643305	0.164596	0.390839	Pbre1_03G291000-Pbre1_11G314200.cds_aln.axt.kaks	Neofunctionalization(Child)	TRD
Pbre1_03G457200-Pbre1_11G498600	GMYN	0.0624951	0.220801	0.283039	Pbre1_03G457200-Pbre1_11G498600.cds_aln.axt.kaks	Conservation	TRD
Pbre1_07G442800-Pbre1_07G448200	GMYN	0.175466	1.02293	0.171532	Pbre1_07G442800-Pbre1_07G448200.cds_aln.axt.kaks	Neofunctionalization(Child)	TRD
Pbre1_06G114600-Pbre1_04G134400	GMYN	0.033102	0.252979	0.130849	Pbre1_06G114600-Pbre1_04G134400.cds_aln.axt.kaks	Neofunctionalization(Child)	TRD
Pbre1_15G671000-Pbre1_04G223200	GMYN	0.153207	0.750831	0.20405	Pbre1_15G671000-Pbre1_04G223200.cds_aln.axt.kaks	Specialization	TRD
Pbre1_10G415400-Pbre1_09G306000	GMYN	0.333612	0.351536	0.949012	Pbre1_10G415400-Pbre1_09G306000.cds_aln.axt.kaks	Conservation	TRD
Pbre1_05G054400-Pbre1_07G145600	GMYN	0.285288	0.480767	0.593402	Pbre1_05G054400-Pbre1_07G145600.cds_aln.axt.kaks	Conservation	TRD
Pbre1_10G211200-Pbre1_05G210000	GMYN	0.0463569	0.178115	0.260264	Pbre1_10G211200-Pbre1_05G210000.cds_aln.axt.kaks	Neofunctionalization(Child)	TRD
Pbre1_07G134600-Pbre1_07G135200	GMYN	0.0267304	0.0495769	0.539172	Pbre1_07G134600-Pbre1_07G135200.cds_aln.axt.kaks	Specialization	PD
Pbre1_05G596000-Pbre1_10G584000	GMYN	0.0374512	0.0677058	0.553146	Pbre1_05G596000-Pbre1_10G584000.cds_aln.axt.kaks	Conservation	TRD
Pbre1_17G334600-Pbre1_17G283200	GMYN	0.0448676	0.102293	0.438618	Pbre1_17G334600-Pbre1_17G283200.cds_aln.axt.kaks	Specialization	TRD
Pbre1_14G354600-Pbre1_14G354800	GMYN	0.0746868	0.110879	0.673586	Pbre1_14G354600-Pbre1_14G354800.cds_aln.axt.kaks	Specialization	TD
Pbre1_16G194000-Pbre1_13G186800	GMYN	0.391269	1.25464	0.311858	Pbre1_16G194000-Pbre1_13G186800.cds_aln.axt.kaks	Specialization	TRD
Pbre1_09G017600-Pbre1_13G229400	GMYN	0.334781	0.864664	0.387181	Pbre1_09G017600-Pbre1_13G229400.cds_aln.axt.kaks	Specialization	TRD
Pbre1_06G041600-Pbre1_06G041800	GMYN	0.0241977	0.0965185	0.250705	Pbre1_06G041600-Pbre1_06G041800.cds_aln.axt.kaks	Conservation	TD
Pbre1_15G215000-Pbre1_08G242600	GMYN	0.102537	0.33215	0.308706	Pbre1_15G215000-Pbre1_08G242600.cds_aln.axt.kaks	Specialization	TRD
Pbre1_01G426400-Pbre1_01G426800	GMYN	0.228398	0.418365	0.54593	Pbre1_01G426400-Pbre1_01G426800.cds_aln.axt.kaks	Neofunctionalization(Parent)	PD
Pbre1_01G431800-Pbre1_01G432400	GMYN	0.0213938	0.0605319	0.353429	Pbre1_01G431800-Pbre1_01G432400.cds_aln.axt.kaks	Conservation	PD
Pbre1_15G744600-Pbre1_15G745200	GMYN	0.0367946	0.0282147	1.30409	Pbre1_15G744600-Pbre1_15G745200.cds_aln.axt.kaks	Neofunctionalization(Child)	PD
Pbre1_16G149400-Pbre1_16G149600	GMYN	0.0309297	0.0484752	0.638052	Pbre1_16G149400-Pbre1_16G149600.cds_aln.axt.kaks	Specialization	TD
Pbre1_15G337200-Pbre1_03G472400	GMYN	0.226157	0.406956	0.555727	Pbre1_15G337200-Pbre1_03G472400.cds_aln.axt.kaks	Neofunctionalization(Child)	TRD
Pbre1_10G570800-Pbre1_13G412400	GMYN	0.262019	1.175	0.222994	Pbre1_10G570800-Pbre1_13G412400.cds_aln.axt.kaks	Neofunctionalization(Child)	TRD
Pbre1_15G320200-Pbre1_11G384600	GMYN	0.368484	1.49114	0.247115	Pbre1_15G320200-Pbre1_11G384600.cds_aln.axt.kaks	Neofunctionalization(Child)	TRD
Pbre1_09G109000-Pbre1_04G056400	GMYN	0.0479764	0.471328	0.10179	Pbre1_09G109000-Pbre1_04G056400.cds_aln.axt.kaks	Conservation	TRD
Pbre1_08G321800-Pbre1_14G059000	GMYN	0.0113277	1.22015	0.00928382	Pbre1_08G321800-Pbre1_14G059000.cds_aln.axt.kaks	Conservation	TRD
Pbre1_02G138400-Pbre1_05G075800	GMYN	0.0918434	0.146015	0.628998	Pbre1_02G138400-Pbre1_05G075800.cds_aln.axt.kaks	Neofunctionalization(Child)	TRD
Pbre1_01G108000-Pbre1_01G108200	GMYN	0.126801	0.65062	0.194893	Pbre1_01G108000-Pbre1_01G108200.cds_aln.axt.kaks	Specialization	TD
Pbre1_01G029200-Pbre1_12G210600	GMYN	0.315029	0.889754	0.354063	Pbre1_01G029200-Pbre1_12G210600.cds_aln.axt.kaks	Conservation	TRD
Pbre1_09G399000-Pbre1_09G399400	GMYN	0.288784	0.495162	0.583211	Pbre1_09G399000-Pbre1_09G399400.cds_aln.axt.kaks	Specialization	PD
Pbre1_05G245000-Pbre1_17G499000	GMYN	0.10982	1.06708	0.102916	Pbre1_05G245000-Pbre1_17G499000.cds_aln.axt.kaks	Neofunctionalization(Child)	TRD
Pbre1_03G339400-Pbre1_10G259200	GMYN	0.225864	2.00065	0.112895	Pbre1_03G339400-Pbre1_10G259200.cds_aln.axt.kaks	Neofunctionalization(Child)	TRD
Pbre1_16G286200-Pbre1_16G286400	GMYN	0.0218762	0.112929	0.193717	Pbre1_16G286200-Pbre1_16G286400.cds_aln.axt.kaks	Specialization	TD
Pbre1_02G162400-Pbre1_02G162600	GMYN	0.208614	0.639902	0.326009	Pbre1_02G162400-Pbre1_02G162600.cds_aln.axt.kaks	Specialization	TD
Pbre1_15G027600-Pbre1_06G363800	GMYN	0.374099	0.668113	0.559934	Pbre1_15G027600-Pbre1_06G363800.cds_aln.axt.kaks	Neofunctionalization(Child)	TRD
Pbre1_13G486000-Pbre1_13G486200	GMYN	0.00483598	0.245787	0.0196755	Pbre1_13G486000-Pbre1_13G486200.cds_aln.axt.kaks	Specialization	TD
Pbre1_01G047200-Pbre1_15G606000	GMYN	0.051787	0.212148	0.244108	Pbre1_01G047200-Pbre1_15G606000.cds_aln.axt.kaks	Conservation	TRD
Pbre1_04G059200-Pbre1_12G224000	GMYN	0.319589	1.22646	0.260578	Pbre1_04G059200-Pbre1_12G224000.cds_aln.axt.kaks	Neofunctionalization(Parent)	TRD
Pbre1_04G306800-Pbre1_15G067400	GMYN	0.240501	0.785344	0.306237	Pbre1_04G306800-Pbre1_15G067400.cds_aln.axt.kaks	Neofunctionalization(Child)	TRD
Pbre1_12G341600-Pbre1_12G341800	GMYN	0.546411	1.40801	0.388073	Pbre1_12G341600-Pbre1_12G341800.cds_aln.axt.kaks	Neofunctionalization(Parent)	TD
Pbre1_06G017800-Pbre1_12G066400	GMYN	0.228846	0.439747	0.520405	Pbre1_06G017800-Pbre1_12G066400.cds_aln.axt.kaks	Neofunctionalization(Child)	TRD
Pbre1_13G272400-Pbre1_13G272600	GMYN	0.0366519	0.0352086	1.04099	Pbre1_13G272400-Pbre1_13G272600.cds_aln.axt.kaks	Conservation	TD
Pbre1_10G571200-Pbre1_13G412400	GMYN	0.130687	0.447512	0.292029	Pbre1_10G571200-Pbre1_13G412400.cds_aln.axt.kaks	Neofunctionalization(Child)	TRD
Pbre1_10G072800-Pbre1_10G073200	GMYN	0.0661436	0.193517	0.341797	Pbre1_10G072800-Pbre1_10G073200.cds_aln.axt.kaks	Neofunctionalization(Parent)	PD
Pbre1_13G435600-Pbre1_13G435800	GMYN	0.0162584	0.0320236	0.5077	Pbre1_13G435600-Pbre1_13G435800.cds_aln.axt.kaks	Neofunctionalization(Parent)	TD
Pbre1_06G164600-Pbre1_09G204200	GMYN	0.222785	0.483527	0.46075	Pbre1_06G164600-Pbre1_09G204200.cds_aln.axt.kaks	Specialization	TRD
Pbre1_09G232200-Pbre1_09G232600	GMYN	0.0693653	0.0656067	1.05729	Pbre1_09G232200-Pbre1_09G232600.cds_aln.axt.kaks	Specialization	PD
Pbre1_01G350400-Pbre1_01G350600	GMYN	0.114264	0.093708	1.21936	Pbre1_01G350400-Pbre1_01G350600.cds_aln.axt.kaks	Specialization	TD
Pbre1_14G131400-Pbre1_12G129000	GMYN	0.0837563	0.324858	0.257825	Pbre1_14G131400-Pbre1_12G129000.cds_aln.axt.kaks	Conservation	TRD
Pbre1_04G085000-Pbre1_06G083600	GMYN	0.155356	0.359748	0.431846	Pbre1_04G085000-Pbre1_06G083600.cds_aln.axt.kaks	Specialization	TRD
Pbre1_03G209200-Pbre1_02G255800	GMYN	0.314963	0.40759	0.772747	Pbre1_03G209200-Pbre1_02G255800.cds_aln.axt.kaks	Neofunctionalization(Child)	TRD
Pbre1_16G381800-Pbre1_13G380400	GMYN	0.0537361	0.111995	0.47981	Pbre1_16G381800-Pbre1_13G380400.cds_aln.axt.kaks	Conservation	TRD
Pbre1_07G472600-Pbre1_16G377400	GMYN	0.0164013	0.0590955	0.277538	Pbre1_07G472600-Pbre1_16G377400.cds_aln.axt.kaks	Neofunctionalization(Child)	TRD
Pbre1_03G080400-Pbre1_01G389000	GMYN	0.442782	0.665926	0.664911	Pbre1_03G080400-Pbre1_01G389000.cds_aln.axt.kaks	Neofunctionalization(Child)	TRD
Pbre1_09G349200-Pbre1_17G359000	GMYN	0.102642	0.262359	0.391226	Pbre1_09G349200-Pbre1_17G359000.cds_aln.axt.kaks	Specialization	TRD
Pbre1_17G315400-Pbre1_09G325400	GMYN	0.0960764	0.213804	0.449366	Pbre1_17G315400-Pbre1_09G325400.cds_aln.axt.kaks	Specialization	TRD
Pbre1_05G436600-Pbre1_16G015000	GMYN	0.143743	1.2819	0.112133	Pbre1_05G436600-Pbre1_16G015000.cds_aln.axt.kaks	Neofunctionalization(Child)	TRD
Pbre1_07G404200-Pbre1_07G404400	GMYN	0.123604	0.227912	0.542335	Pbre1_07G404200-Pbre1_07G404400.cds_aln.axt.kaks	Specialization	TD
Pbre1_15G229000-Pbre1_09G034800	GMYN	0.0279447	0.106091	0.263404	Pbre1_15G229000-Pbre1_09G034800.cds_aln.axt.kaks	Conservation	TRD
Pbre1_05G331800-Pbre1_10G300600	GMYN	0.413728	1.29328	0.319905	Pbre1_05G331800-Pbre1_10G300600.cds_aln.axt.kaks	Neofunctionalization(Child)	TRD
Pbre1_13G170600-Pbre1_13G170800	GMYN	0.130328	0.274624	0.47457	Pbre1_13G170600-Pbre1_13G170800.cds_aln.axt.kaks	Neofunctionalization(Child)	TD
Pbre1_06G378800-Pbre1_14G354600	GMYN	0.159123	0.651538	0.244227	Pbre1_06G378800-Pbre1_14G354600.cds_aln.axt.kaks	Specialization	TRD
Pbre1_13G277800-Pbre1_13G278200	GMYN	0.0622723	0.0791353	0.78691	Pbre1_13G277800-Pbre1_13G278200.cds_aln.axt.kaks	Specialization	PD
Pbre1_17G404600-Pbre1_17G404800	GMYN	0.240827	0.417912	0.576262	Pbre1_17G404600-Pbre1_17G404800.cds_aln.axt.kaks	Conservation	TD
Pbre1_15G460200-Pbre1_02G121600	GMYN	0.131775	0.247071	0.53335	Pbre1_15G460200-Pbre1_02G121600.cds_aln.axt.kaks	Neofunctionalization(Child)	TRD
Pbre1_07G257400-Pbre1_14G145400	GMYN	0.0518921	0.216359	0.239843	Pbre1_07G257400-Pbre1_14G145400.cds_aln.axt.kaks	Conservation	TRD
Pbre1_01G185600-Pbre1_16G018800	GMYN	0.0791233	0.268271	0.294938	Pbre1_01G185600-Pbre1_16G018800.cds_aln.axt.kaks	Conservation	TRD
Pbre1_14G377000-Pbre1_14G377400	GMYN	0.0584882	0.153954	0.379907	Pbre1_14G377000-Pbre1_14G377400.cds_aln.axt.kaks	Specialization	PD
Pbre1_11G103000-Pbre1_03G095000	GMYN	0.110453	0.230274	0.47966	Pbre1_11G103000-Pbre1_03G095000.cds_aln.axt.kaks	Neofunctionalization(Child)	TRD
Pbre1_11G061400-Pbre1_11G062200	GMYN	0.103412	0.607905	0.170112	Pbre1_11G061400-Pbre1_11G062200.cds_aln.axt.kaks	Neofunctionalization(Parent)	PD
Pbre1_14G021200-Pbre1_12G338800	GMYN	0.0181816	0.580003	0.0313474	Pbre1_14G021200-Pbre1_12G338800.cds_aln.axt.kaks	Conservation	TRD
Pbre1_05G221800-Pbre1_05G222000	GMYN	0.375588	0.975999	0.384824	Pbre1_05G221800-Pbre1_05G222000.cds_aln.axt.kaks	Specialization	TD
Pbre1_12G117000-Pbre1_14G119200	GMYN	0.130413	0.241461	0.540101	Pbre1_12G117000-Pbre1_14G119200.cds_aln.axt.kaks	Specialization	TRD
Pbre1_01G364800-Pbre1_01G365000	GMYN	0.0720761	0.12312	0.585414	Pbre1_01G364800-Pbre1_01G365000.cds_aln.axt.kaks	Specialization	TD
Pbre1_03G068400-Pbre1_08G102000	GMYN	0.151454	0.403926	0.374954	Pbre1_03G068400-Pbre1_08G102000.cds_aln.axt.kaks	Specialization	TRD
Pbre1_15G385600-Pbre1_15G404200	GMYN	0.18847	0.440245	0.428103	Pbre1_15G385600-Pbre1_15G404200.cds_aln.axt.kaks	Conservation	TRD
Pbre1_03G192600-Pbre1_11G226400	GMYN	0.253035	0.565976	0.447078	Pbre1_03G192600-Pbre1_11G226400.cds_aln.axt.kaks	Neofunctionalization(Child)	TRD
Pbre1_10G080800-Pbre1_13G322200	GMYN	0.208093	1.13166	0.183882	Pbre1_10G080800-Pbre1_13G322200.cds_aln.axt.kaks	Neofunctionalization(Child)	TRD
Pbre1_11G461000-Pbre1_11G494000	GMYN	0.235628	0.345862	0.681278	Pbre1_11G461000-Pbre1_11G494000.cds_aln.axt.kaks	Neofunctionalization(Child)	TRD
Pbre1_15G527800-Pbre1_02G288000	GMYN	0.0342798	0.299213	0.114566	Pbre1_15G527800-Pbre1_02G288000.cds_aln.axt.kaks	Conservation	TRD
Pbre1_03G440200-Pbre1_08G256800	GMYN	0.0491437	0.292729	0.167881	Pbre1_03G440200-Pbre1_08G256800.cds_aln.axt.kaks	Neofunctionalization(Child)	TRD
Pbre1_12G388000-Pbre1_12G388400	GMYN	0.390045	0.738362	0.528257	Pbre1_12G388000-Pbre1_12G388400.cds_aln.axt.kaks	Neofunctionalization(Child)	PD
Pbre1_05G073200-Pbre1_05G073400	GMYN	0.0876086	0.0907742	0.965126	Pbre1_05G073200-Pbre1_05G073400.cds_aln.axt.kaks	Specialization	TD
Pbre1_11G226400-Pbre1_11G226600	GMYN	0.300175	2.39345	0.125415	Pbre1_11G226400-Pbre1_11G226600.cds_aln.axt.kaks	Neofunctionalization(Child)	TD
Pbre1_02G190800-Pbre1_02G191000	GMYN	0.0816983	0.351099	0.232693	Pbre1_02G190800-Pbre1_02G191000.cds_aln.axt.kaks	Specialization	TD
Pbre1_08G171400-Pbre1_13G402800	GMYN	0.0373824	0.0259838	1.43868	Pbre1_08G171400-Pbre1_13G402800.cds_aln.axt.kaks	Specialization	TRD
Pbre1_15G761800-Pbre1_15G650000	GMYN	0.0151333	1.41444	0.0106991	Pbre1_15G761800-Pbre1_15G650000.cds_aln.axt.kaks	Conservation	TRD
Pbre1_07G186800-Pbre1_07G187400	GMYN	0.0126665	0.100162	0.12646	Pbre1_07G186800-Pbre1_07G187400.cds_aln.axt.kaks	Conservation	PD
Pbre1_04G361200-Pbre1_11G205600	GMYN	0.172719	0.357188	0.483552	Pbre1_04G361200-Pbre1_11G205600.cds_aln.axt.kaks	Neofunctionalization(Child)	TRD
Pbre1_13G188400-Pbre1_04G355400	GMYN	0.273186	0.709076	0.38527	Pbre1_13G188400-Pbre1_04G355400.cds_aln.axt.kaks	Neofunctionalization(Child)	TRD
Pbre1_03G143600-Pbre1_09G491800	GMYN	0.210397	0.516914	0.407025	Pbre1_03G143600-Pbre1_09G491800.cds_aln.axt.kaks	Conservation	TRD
Pbre1_05G126200-Pbre1_05G126400	GMYN	0.0104325	0.0362982	0.287411	Pbre1_05G126200-Pbre1_05G126400.cds_aln.axt.kaks	Conservation	TD
Pbre1_14G311000-Pbre1_14G311200	GMYN	0.0164083	0.0444943	0.368773	Pbre1_14G311000-Pbre1_14G311200.cds_aln.axt.kaks	Specialization	TD
Pbre1_17G448400-Pbre1_09G438400	GMYN	0.0756912	0.350702	0.215828	Pbre1_17G448400-Pbre1_09G438400.cds_aln.axt.kaks	Conservation	TRD
Pbre1_14G332000-Pbre1_05G592800	GMYN	0.180838	0.879486	0.205618	Pbre1_14G332000-Pbre1_05G592800.cds_aln.axt.kaks	Neofunctionalization(Child)	TRD
Pbre1_04G059800-Pbre1_16G343200	GMYN	0.0629047	0.178812	0.351793	Pbre1_04G059800-Pbre1_16G343200.cds_aln.axt.kaks	Neofunctionalization(Child)	TRD
Pbre1_02G473000-Pbre1_07G034800	GMYN	0.178411	0.482312	0.369908	Pbre1_02G473000-Pbre1_07G034800.cds_aln.axt.kaks	Neofunctionalization(Child)	TRD
Pbre1_01G212600-Pbre1_01G163800	GMYN	0.0341172	0.206245	0.165421	Pbre1_01G212600-Pbre1_01G163800.cds_aln.axt.kaks	Specialization	TRD
Pbre1_03G435000-Pbre1_03G435200	GMYN	0.0383226	0.139928	0.273873	Pbre1_03G435000-Pbre1_03G435200.cds_aln.axt.kaks	Conservation	TD
Pbre1_04G261600-Pbre1_12G296000	GMYN	0.0562677	0.124986	0.450192	Pbre1_04G261600-Pbre1_12G296000.cds_aln.axt.kaks	Conservation	TRD
Pbre1_15G662400-Pbre1_15G662800	GMYN	0.071444	0.154398	0.462727	Pbre1_15G662400-Pbre1_15G662800.cds_aln.axt.kaks	Specialization	PD
Pbre1_03G398000-Pbre1_11G425000	GMYN	0.129432	0.357238	0.362312	Pbre1_03G398000-Pbre1_11G425000.cds_aln.axt.kaks	Neofunctionalization(Child)	TRD
Pbre1_11G032000-Pbre1_12G396200	GMYN	0.285197	0.440401	0.647584	Pbre1_11G032000-Pbre1_12G396200.cds_aln.axt.kaks	Neofunctionalization(Child)	TRD
Pbre1_12G331200-Pbre1_12G331400	GMYN	0.0350235	0.0466336	0.751037	Pbre1_12G331200-Pbre1_12G331400.cds_aln.axt.kaks	Conservation	TD
Pbre1_09G091800-Pbre1_13G011800	GMYN	0.0747988	0.796218	0.0939427	Pbre1_09G091800-Pbre1_13G011800.cds_aln.axt.kaks	Conservation	TRD
Pbre1_01G204400-Pbre1_13G152200	GMYN	0.134756	0.150551	0.895088	Pbre1_01G204400-Pbre1_13G152200.cds_aln.axt.kaks	Neofunctionalization(Child)	TRD
Pbre1_07G491000-Pbre1_12G437800	GMYN	0.210996	0.451332	0.467496	Pbre1_07G491000-Pbre1_12G437800.cds_aln.axt.kaks	Conservation	TRD
Pbre1_11G190200-Pbre1_11G191600	GMYN	0.0985077	0.208243	0.473042	Pbre1_11G190200-Pbre1_11G191600.cds_aln.axt.kaks	Specialization	PD
Pbre1_15G384600-Pbre1_15G385000	GMYN	0.142231	0.149613	0.950662	Pbre1_15G384600-Pbre1_15G385000.cds_aln.axt.kaks	Specialization	PD
Pbre1_05G377600-Pbre1_05G378000	GMYN	0.0202196	0.821931	0.0246001	Pbre1_05G377600-Pbre1_05G378000.cds_aln.axt.kaks	Neofunctionalization(Parent)	PD
Pbre1_14G113200-Pbre1_17G152200	GMYN	0.0132864	0.089348	0.148704	Pbre1_14G113200-Pbre1_17G152200.cds_aln.axt.kaks	Conservation	TRD
Pbre1_10G307800-Pbre1_10G308200	GMYN	0.111561	0.083858	1.33035	Pbre1_10G307800-Pbre1_10G308200.cds_aln.axt.kaks	Conservation	PD
Pbre1_03G197800-Pbre1_15G302000	GMYN	0.336491	0.533178	0.631106	Pbre1_03G197800-Pbre1_15G302000.cds_aln.axt.kaks	Conservation	TRD
Pbre1_01G132800-Pbre1_01G134000	GMYN	0.026209	0.085784	0.305523	Pbre1_01G132800-Pbre1_01G134000.cds_aln.axt.kaks	Specialization	PD
Pbre1_05G024600-Pbre1_16G068400	GMYN	0.0623454	0.203218	0.306791	Pbre1_05G024600-Pbre1_16G068400.cds_aln.axt.kaks	Specialization	TRD
Pbre1_10G230600-Pbre1_05G230200	GMYN	0.0301846	0.169218	0.178377	Pbre1_10G230600-Pbre1_05G230200.cds_aln.axt.kaks	Conservation	TRD
Pbre1_07G432800-Pbre1_01G358200	GMYN	0.142961	0.478213	0.298948	Pbre1_07G432800-Pbre1_01G358200.cds_aln.axt.kaks	Specialization	TRD
Pbre1_12G177400-Pbre1_12G178000	GMYN	0.193624	0.63006	0.30731	Pbre1_12G177400-Pbre1_12G178000.cds_aln.axt.kaks	Neofunctionalization(Child)	PD
Pbre1_03G438000-Pbre1_17G203600	GMYN	0.491496	1.2627	0.389244	Pbre1_03G438000-Pbre1_17G203600.cds_aln.axt.kaks	Neofunctionalization(Child)	TRD
Pbre1_10G195200-Pbre1_15G686000	GMYN	0.267619	0.570617	0.468999	Pbre1_10G195200-Pbre1_15G686000.cds_aln.axt.kaks	Specialization	TRD
Pbre1_10G194800-Pbre1_10G195000	GMYN	0.0427413	0.132482	0.32262	Pbre1_10G194800-Pbre1_10G195000.cds_aln.axt.kaks	Specialization	TD
Pbre1_08G161200-Pbre1_08G162200	GMYN	0.10049	0.228589	0.43961	Pbre1_08G161200-Pbre1_08G162200.cds_aln.axt.kaks	Conservation	PD
