duplication_type	parent	child	ancestor	parent_mean_TPM	child_mean_TPM	ancestor_mean_TPM	parent_tau	child_tau	ancestor_tau	E_P_A	E_C_A	E_PC_A	CDROM_class	binary_TPM1_class	binary_TPM0.5_class	two_method_agreement	analysis_status
TD	Pbre1_01G053000	Pbre1_01G053200	Prupe.6G168100.1	18.8523165	36.84227916666666	11.660157333333334	0.4254065097507523	0.646061390939151	0.6184477827644164	0.2744777853277595	0.3100877050416203	0.2833155247092763	Conservation	Conservation	Conservation	Conservation	classified
TD	Pbre1_01G108000	Pbre1_01G108200	Prupe.6G208400.1	0.0054448333333333	2.8320555	2.8844925	1.0	0.947683030345822	0.7176814370549925	1.1149887158412184	0.9491891975870992	0.9479294879322028	Specialization	Specialization	Specialization	Specialization	classified
TD	Pbre1_01G113200	Pbre1_01G113400	Prupe.6G210700.1	16.326802333333333	10.288459166666666	11.971323833333331	0.6547138402814111	0.5510368040577733	0.4470865513626834	0.2740016739905374	0.2552179508274183	0.2629260019947878	Conservation	Conservation	Conservation	Conservation	classified
TD	Pbre1_01G115400	Pbre1_01G115600	Prupe.6G211700.1	0.9255691666666668	10.501929166666669	3.4803065	0.5411217060030207	0.5287112227494836	0.8716555429074055	0.5113676820852688	0.5694402367469601	0.5609554963910529	Specialization	Specialization	Specialization	Specialization	classified
TD	Pbre1_01G152000	Pbre1_01G152200	Prupe.2G174300.1	44.85412216666667	0.3086058333333333	2.450424	0.999991723941024	0.93349908965954	0.9968801913085152	0.0206687934988685	1.1236091718172243	0.0128540415409023	Neofunctionalization(Child)	Neofunctionalization(Child)	Neofunctionalization(Child)	Neofunctionalization(Child)	classified
TD	Pbre1_01G222000	Pbre1_01G222200	Prupe.2G214400.1	52.15242933333333	2.4129051666666665	104.34792566666668	0.6854485477613877	0.6866448664773867	0.2919813162848868	0.2003429129690674	0.4372055014970932	0.1843294091454189	Neofunctionalization(Child)	Neofunctionalization(Child)	Neofunctionalization(Child)	Neofunctionalization(Child)	classified
TD	Pbre1_01G227800	Pbre1_01G228000	Prupe.2G218000.1	0.1929786666666666	0.2075795	1.4349275	0.9562538944744776	0.7242548558986994	0.8386666756200158	0.8617516214837591	0.7728322481596547	0.7633154028518118	Specialization	Specialization	Specialization	Specialization	classified
TD	Pbre1_01G242200	Pbre1_01G242400	Prupe.2G227500.1	11.167723166666669	24.745118166666668	37.65436666666667	0.6290536889270923	0.4989308072990177	0.48718978229486	0.3698365052637717	0.115191732645528	0.1533875440893211	Conservation	Conservation	Conservation	Conservation	classified
TD	Pbre1_01G249400	Pbre1_01G249600	Prupe.2G231700.1	13.6340905	36.140987	45.825050833333336	0.4991639052787804	0.5051389108234525	0.7109811554187225	0.2907864970454507	0.2098865704277113	0.2154709860905544	Conservation	Conservation	Conservation	Conservation	classified
TD	Pbre1_01G253400	Pbre1_01G253600	Prupe.2G234200.1	0.7838878333333333	0.8544605	0.3555775	0.6547139099152158	0.7161057311133764	0.7836897769625539	0.5105356504828488	0.5211612894030386	0.514096987052516	Specialization	Specialization	Specialization	Specialization	classified
TD	Pbre1_01G260400	Pbre1_01G260600	Prupe.2G238700.1	25.471503	6.5294585000000005	5.559367	0.4964730276369386	0.4472606748988746	0.5249404322633857	0.311582683816162	0.3428328913637352	0.3093999091026408	Conservation	Conservation	Conservation	Conservation	classified
TD	Pbre1_01G293600	Pbre1_01G293400	Prupe.2G256600.1	0.0066421666666666	10.602192833333334	36.214368666666665	1.0	0.7518759429308064	0.7974207167012572	1.1091115521762418	0.2213485454805156	0.2216295452541435	Neofunctionalization(Parent)	Neofunctionalization(Parent)	Neofunctionalization(Parent)	Neofunctionalization(Parent)	classified
TD	Pbre1_01G294600	Pbre1_01G294800	Prupe.2G257400.1	0.8203463333333333	3.0422365	11.051228833333331	0.9456713663152696	0.951375856443386	0.9535371551418514	1.0329865142296946	1.0468288592068913	1.0438288452677016	Specialization	Specialization	Specialization	Specialization	classified
TD	Pbre1_01G342200	Pbre1_01G342400	Prupe.2G283100.1	13.2247115	2.5775205	10.682814	0.4046895673291575	0.6852744224360655	0.4740731864934354	0.1894509666252272	0.3380075790854691	0.1886585660773028	Conservation	Conservation	Conservation	Conservation	classified
TD	Pbre1_01G350400	Pbre1_01G350600	Prupe.2G287500.1	14.053873833333334	3.7917871666666665	27.727636	0.9239449628579974	0.9014309467815934	0.6910571518463224	0.4961214287897953	0.4923048218625427	0.4916941406764972	Specialization	Specialization	Specialization	Specialization	classified
TD	Pbre1_01G364800	Pbre1_01G365000	Prupe.2G294100.1	254.4742383333333	21.290657666666668	147.17056633333334	0.9199354994768086	0.5379120238516382	0.4441035083017278	0.7186960665213752	0.3959526823318861	0.6814540478871398	Specialization	Specialization	Specialization	Specialization	classified
TD	Pbre1_01G380200	Pbre1_01G380400	Prupe.2G301900.1	11.703598833333334	0.3389265	3.8349761666666655	0.3450780372523003	0.8000269460135634	0.8385109512146209	0.4421571464420687	0.5083873938640173	0.4361382849697693	Specialization	Specialization	Neofunctionalization(Child)	Specialization	classified
TD	Pbre1_01G425600	Pbre1_01G425800	Prupe.2G325000.1	4.74269	0.0190388333333333	3.0716696666666667	0.9613234305746572	0.8530297967985906	0.9706853694982348	1.1549601135113738	0.7186486537789901	1.1516277571871882	Specialization	Specialization	Specialization	Specialization	classified
TD	Pbre1_01G426000	Pbre1_01G426200	Prupe.2G325200.1	15.7906985	1.7262151666666663	4.300917	0.7608973287665709	0.8249828554959089	0.997860179539438	1.156338669892483	0.5307914286413687	1.0869843978711544	Specialization	Specialization	Specialization	Specialization	classified
TD	Pbre1_02G022800	Pbre1_02G023000	Prupe.7G260600.1	149.9876925	89.61400083333334	371.63694383333336	0.5329351580709265	0.6061103825674151	0.6989951908948633	0.3570339690526853	0.3142787138306943	0.3285557988812801	Conservation	Conservation	Conservation	Conservation	classified
TD	Pbre1_02G044200	Pbre1_02G044400	Prupe.7G250300.1	54.06061366666666	10.134673333333334	101.18939633333332	0.7133984703804446	0.6135071128901616	0.4821897964563687	0.1674456942182501	0.3126413981270696	0.1265083805045363	Conservation	Conservation	Conservation	Conservation	classified
TD	Pbre1_02G054600	Pbre1_02G054800	Prupe.7G245600.1	48.6116115	1.099708	23.212915666666667	0.4826992970693523	0.8257228445129161	0.4403925476303248	0.3143762720496001	0.493444360790686	0.3124859593781841	Neofunctionalization(Child)	Neofunctionalization(Child)	Neofunctionalization(Child)	Neofunctionalization(Child)	classified
TD	Pbre1_02G078800	Pbre1_02G079000	Prupe.7G233700.1	13.600349666666666	3.988252	111.6763615	0.323327295620187	0.565703473182268	0.2841679582820868	0.2093359762327774	0.2652085276306047	0.1587871658011025	Conservation	Conservation	Conservation	Conservation	classified
TD	Pbre1_02G087800	Pbre1_02G088000	Prupe.7G229100.1	0.9637425	18.116116	229.284812	0.7596086598404526	0.4695148143975277	0.7398122769669232	0.5390474313085145	0.4768198124249293	0.4747578701141452	Specialization	Specialization	Specialization	Specialization	classified
TD	Pbre1_02G122200	Pbre1_02G122400	Prupe.7G211000.1	0.436142	10.228184666666667	45.11553983333333	0.910645892144537	0.5595927297013146	0.548409781674996	0.4459518830348828	0.2690264021295561	0.2479199156885213	Neofunctionalization(Parent)	Neofunctionalization(Parent)	Neofunctionalization(Parent)	Neofunctionalization(Parent)	classified
TD	Pbre1_02G126600	Pbre1_02G126800	Prupe.7G208200.1	5.721657333333333	17.838638333333336	54.28134816666667	0.7085780468586556	0.843105175303287	0.5067435554566423	0.1483321796488076	0.3170497345564828	0.2690122275308964	Conservation	Conservation	Conservation	Conservation	classified
TD	Pbre1_02G131000	Pbre1_02G131200	Prupe.7G205500.1	3.6172501666666665	7.722138	2.6548918333333336	0.9978501148575664	0.6164035510173929	0.8669507492502166	1.1296512443458406	0.5703215501222982	0.7173823137551011	Specialization	Specialization	Specialization	Specialization	classified
TD	Pbre1_02G148000	Pbre1_02G148200	Prupe.7G195700.1	0.0631896666666666	99.661731	77.025243	0.9431314363143632	0.5858320837016341	0.7639213590630337	0.875793749539305	0.2106176383245457	0.2107451045674635	Neofunctionalization(Parent)	Neofunctionalization(Parent)	Neofunctionalization(Parent)	Neofunctionalization(Parent)	classified
TD	Pbre1_02G162400	Pbre1_02G162600	Prupe.7G188800.1	9.079775333333334	0.014707	70.59046533333333	0.8427587913643325	1.0	0.9437541510015665	0.9180012101706484	1.2323795507699666	0.9175255315626872	Specialization	Specialization	Specialization	Specialization	classified
TD	Pbre1_02G190800	Pbre1_02G191000	Prupe.7G172300.1	0.2574926666666666	0.0032133333333333	5.0942015	0.9803477428843792	1.0	0.7069776103393177	0.6362359928245022	1.022165580820062	0.6258914490137168	Specialization	Specialization	Specialization	Specialization	classified
TD	Pbre1_02G194200	Pbre1_02G194400	Prupe.7G170500.1	0.3701376666666666	0.1506921666666666	13.9546125	0.9779751264671186	0.9622007958613108	0.7157253795722689	1.02096770948575	1.0095788718288967	1.0143772977080268	Specialization	Specialization	Specialization	Specialization	classified
TD	Pbre1_02G213600	Pbre1_02G213800	Prupe.7G161200.1	88.34148333333333	283.6618315	34.4601685	0.9588107364787348	0.7751276402168559	0.8386105019281616	0.832299913489547	0.522180705324845	0.5112401816448618	Specialization	Specialization	Conservation	Specialization	classified
TD	Pbre1_02G223800	Pbre1_02G224000	Prupe.7G155900.1	0.286829	0.2114835	7.419662666666667	0.588733850129199	0.5493949772860118	0.929472390967844	0.6257620059872678	0.5157717214417883	0.5693664243560936	Specialization	Specialization	Specialization	Specialization	classified
TD	Pbre1_02G237200	Pbre1_02G237400	Prupe.7G148800.1	57.66014666666667	70.09130283333333	189.5491033333333	0.3012361297064994	0.4432080389700846	0.4123541298209078	0.1920990507493695	0.1074464077105611	0.1238566406899649	Conservation	Conservation	Conservation	Conservation	classified
TD	Pbre1_02G321600	Pbre1_02G321800	Prupe.2G143700.1	6.851122	40.95107483333334	94.12495566666666	0.7208128201562314	0.5363320353072355	0.4499594197640839	0.2658344414336339	0.1919598627993832	0.1861591226280893	Conservation	Conservation	Conservation	Conservation	classified
TD	Pbre1_02G373800	Pbre1_02G374000	Prupe.2G106200.1	2.4565516666666665	0.0195191666666666	34.00651316666667	0.9645421028093408	1.0	0.809218020451086	0.9913089904025914	1.154069428674682	0.992567560250225	Specialization	Specialization	Specialization	Specialization	classified
TD	Pbre1_02G381800	Pbre1_02G382000	Prupe.2G101300.1	15.175706166666666	5.362247833333334	39.32912	0.1734031679833948	0.8439969137202683	0.4479469620877495	0.2519981174061981	0.6464340922810731	0.3375729078725054	Neofunctionalization(Child)	Neofunctionalization(Child)	Neofunctionalization(Child)	Neofunctionalization(Child)	classified
TD	Pbre1_02G383000	Pbre1_02G383200	Prupe.2G099900.1	0.1051126666666666	22.871341666666662	61.91795283333334	0.8654442832400144	0.5326514834089832	0.6300626108857084	0.6268633005629721	0.3280699120931916	0.3276303259222897	Neofunctionalization(Parent)	Neofunctionalization(Parent)	Neofunctionalization(Parent)	Neofunctionalization(Parent)	classified
TD	Pbre1_02G385600	Pbre1_02G385800	Prupe.2G097200.1	0.2390836666666666	0.025948	1.6882295	0.7559277907709262	0.8679116495845909	0.968030720758909	0.984210773464318	1.0515862650378809	0.9809625895693376	Specialization	Specialization	Specialization	Specialization	classified
TD	Pbre1_02G424600	Pbre1_02G424800	Prupe.2G058400.1	109.29561666666666	0.0588658333333333	159.32696033333332	0.4690499636480446	0.8839672867509553	0.3330802149751428	0.2208067654831576	0.556261886359813	0.2206440348062118	Neofunctionalization(Child)	Neofunctionalization(Child)	Neofunctionalization(Child)	Neofunctionalization(Child)	classified
TD	Pbre1_02G477400	Pbre1_02G477600	Prupe.2G024200.1	58.99274866666667	12.274999833333334	119.04285016666668	0.3914717007836356	0.9403613595299852	0.5584094798119318	0.2049066492950869	0.6885676295437901	0.2326451389829943	Neofunctionalization(Child)	Neofunctionalization(Child)	Conservation	Neofunctionalization(Child)	classified
TD	Pbre1_02G507400	Pbre1_02G507600	Prupe.2G005300.1	0.055286	0.5680743333333333	48.3545845	0.7326166288588618	0.460286167555379	0.6860707293242992	0.400725558690668	0.41951712942679	0.4023691248037891	Specialization	Specialization	Specialization	Specialization	classified
TD	Pbre1_03G004400	Pbre1_03G004600	Prupe.6G002200.1	6.223216666666667	181.06914566666669	206.89428566666663	0.5909978696758308	0.4679690821433636	0.5718853533118504	0.320150450213582	0.3188828691863251	0.3173168766782177	Conservation	Conservation	Conservation	Conservation	classified
TD	Pbre1_03G008600	Pbre1_03G008800	Prupe.6G004500.1	26.050716833333333	34.532301833333335	57.060793	0.3449766008744356	0.3596735274694178	0.4091957321000444	0.0934019015590255	0.109345001911074	0.1010208803773156	Conservation	Conservation	Conservation	Conservation	classified
TD	Pbre1_03G012400	Pbre1_03G012600	Prupe.6G006000.1	0.2102826666666666	1.2915081666666668	3.5644188333333333	0.8158191539895011	0.9196590346079077	0.9990505634666133	0.5550530612339958	0.3197218271228093	0.3445765339359643	Neofunctionalization(Parent)	Neofunctionalization(Parent)	Neofunctionalization(Child)	Neofunctionalization(Parent)	classified
TD	Pbre1_03G017000	Pbre1_03G017200	Prupe.6G010200.1	6.992316333333333	10.443238833333334	78.60118483333333	0.9848341560119253	0.8657534209308052	0.9849486938569484	1.2728006275387471	0.9999250080277045	1.099486857204981	Specialization	Specialization	Neofunctionalization(Parent)	Specialization	classified
TD	Pbre1_03G025600	Pbre1_03G025800	Prupe.6G015500.1	0.059585	1.2948876666666669	1.4014788333333332	1.0	0.7798672438360312	0.7171095621962686	1.0362828670750086	0.5231836027730521	0.514951572022655	Specialization	Specialization	Specialization	Specialization	classified
TD	Pbre1_03G026200	Pbre1_03G026400	Prupe.6G018000.1	0.1153668333333333	29.83920683333333	20.193665	1.0	0.5095328420463099	0.7082385832487244	0.6699695383662602	0.3018715247878636	0.2985366152403721	Neofunctionalization(Parent)	Neofunctionalization(Parent)	Neofunctionalization(Parent)	Neofunctionalization(Parent)	classified
TD	Pbre1_03G030600	Pbre1_03G030800	Prupe.6G020400.1	0.882874	0.8914926666666666	0.2073183333333333	0.9607117875298052	0.9515867993931962	0.6987901999141758	0.5168940553812948	0.5048537130877142	0.5050845494059678	Specialization	Specialization	Specialization	Specialization	classified
TD	Pbre1_03G067400	Pbre1_03G067600	Prupe.6G038100.1	0.0642226666666666	5.279824	8.880019166666667	0.818703832890525	0.944593924059389	0.7521158487516644	0.4973602666912272	0.7714116212853751	0.7614759995370171	Specialization	Specialization	Specialization	Specialization	classified
TD	Pbre1_03G131400	Pbre1_03G131600	Prupe.6G073400.1	22.7056845	0.3248951666666667	36.00245666666667	0.3654219108278693	0.978949797475359	0.4151119161317105	0.0969535420695284	0.8531258053334211	0.0905591400982789	Neofunctionalization(Child)	Neofunctionalization(Child)	Neofunctionalization(Child)	Neofunctionalization(Child)	classified
TD	Pbre1_03G164200	Pbre1_03G164400	Prupe.6G091600.1	256.7931665	0.0301075	1552.7787991666669	0.5773650899973852	1.0	0.4997758120498544	0.1042194027526749	0.8726830269277442	0.1042059623574981	Neofunctionalization(Child)	Neofunctionalization(Child)	Neofunctionalization(Child)	Neofunctionalization(Child)	classified
TD	Pbre1_03G186600	Pbre1_03G186800	Prupe.6G105000.1	45.1070945	6.419626999999999	0.2664188333333333	0.9999244963136432	0.724368961962618	0.9940260966877578	0.0406746666334486	0.8404802061224339	0.08002972084032	Neofunctionalization(Child)	Neofunctionalization(Child)	Neofunctionalization(Child)	Neofunctionalization(Child)	classified
TD	Pbre1_03G332000	Pbre1_03G332200	Prupe.4G212200.1	31.2846835	12.391496166666666	32.93207316666667	0.628310667428541	0.1443089089768771	0.4452702002652465	0.1311514579414497	0.1961721432874777	0.0758356217225422	Conservation	Conservation	Conservation	Conservation	classified
TD	Pbre1_03G370600	Pbre1_03G370800	Prupe.4G188100.1	1.0666858333333331	3.610068333333333	9.484478	1.0	0.9949255738779892	0.998510531670428	0.0086645461606567	0.0202179723331304	0.013643723520057	Conservation	Conservation	Conservation	Conservation	classified
TD	Pbre1_03G435000	Pbre1_03G435200	Prupe.8G239200.1	36.619462166666665	7.2150015	27.8084385	0.3180128077484346	0.7435552337328322	0.4261847739942858	0.117871955149601	0.365022077150575	0.1377356086351347	Conservation	Conservation	Conservation	Conservation	classified
TD	Pbre1_03G445600	Pbre1_03G445800	Prupe.8G245700.1	0.2999023333333333	0.0653418333333333	14.481910166666664	0.9949033993864476	0.9533649974836436	0.612052822738429	0.7731959729020141	0.6291405148194446	0.7454567752152227	Specialization	Specialization	Specialization	Specialization	classified
TD	Pbre1_03G455800	Pbre1_03G456000	Prupe.8G252300.1	3.1665325	0.0068875	2.8519088333333333	0.6753972998383327	1.0	0.6905721273431766	0.4696383029115599	0.7273606598563814	0.4679462941401043	Specialization	Specialization	Specialization	Specialization	classified
TD	Pbre1_03G460600	Pbre1_03G460800	Prupe.8G254800.1	2.420941833333333	6.5590106666666665	4.490422	0.8724906382178066	0.7789760084970665	0.714598824985542	0.542223564722975	0.567849885940797	0.5491711997949157	Specialization	Specialization	Specialization	Specialization	classified
TD	Pbre1_03G463800	Pbre1_03G464000	Prupe.8G256900.1	4.548285166666667	210.24185916666667	122.71110283333331	0.8714216593935781	0.8838857460260243	0.8607128947590683	0.652525609647796	0.6784581466640126	0.6779024151203155	Specialization	Specialization	Specialization	Specialization	classified
TD	Pbre1_03G471000	Pbre1_03G471200	Prupe.8G260100.1	601.3761555	39.01377933333333	339.2121453333333	0.3144893120586886	0.4092966571834356	0.6937360273941986	0.3127330640420953	0.3765702110143784	0.3152560358842426	Conservation	Conservation	Conservation	Conservation	classified
TD	Pbre1_04G014400	Pbre1_04G014600	Prupe.1G008900.1	1.2365758333333332	15.4151965	0.562801	0.884944818829964	0.5876521217196209	0.8579396593989441	0.1682157256539894	0.5052047828542254	0.4711130450269126	Neofunctionalization(Child)	Neofunctionalization(Child)	Specialization	Neofunctionalization(Child)	classified
TD	Pbre1_04G023400	Pbre1_04G023600	Prupe.1G164200.1	17.878037833333334	23.457809333333334	25.001185166666662	0.3860574812869609	0.4431674657231223	0.4349095107893939	0.128217282250131	0.1639832688551855	0.147494077785491	Conservation	Conservation	Conservation	Conservation	classified
TD	Pbre1_04G035000	Pbre1_04G035200	Prupe.1G172700.1	24.6365665	18.4848395	34.447769666666666	0.364685887106686	0.3177811944730672	0.7434840329663418	0.3494994580892325	0.3206788068012025	0.336247663584969	Conservation	Conservation	Conservation	Conservation	classified
TD	Pbre1_04G056800	Pbre1_04G057000	Prupe.1G186800.1	18.646058166666663	9.305947166666666	9.818302166666667	0.374331552420255	0.5508412452766969	0.291063463751971	0.1212689158503275	0.1758126544663145	0.1297426719922904	Conservation	Conservation	Conservation	Conservation	classified
TD	Pbre1_04G102800	Pbre1_04G103000	Prupe.5G064700.1	19.081348666666667	70.55301783333333	11.136043666666668	0.8402886391666848	0.5119927471892295	0.5045278943164666	0.3073792676663071	0.2999267385713395	0.1911071396500124	Conservation	Conservation	Conservation	Conservation	classified
TD	Pbre1_04G206800	Pbre1_04G207000	Prupe.6G254700.1	0.3058571666666667	592.2091638333334	1.301579	0.793953138984431	0.707416396606892	0.6105803796842582	0.6479597286554605	0.5843772996133337	0.5843997548812999	Specialization	Specialization	Specialization	Specialization	classified
TD	Pbre1_04G231200	Pbre1_04G231400	Prupe.6G267700.1	66.07631766666667	0.5221438333333334	100.47963583333332	0.990358438147838	0.9492968521494952	0.978126859622216	1.237531819216091	1.0810848144917031	1.236282192600462	Specialization	Specialization	Specialization	Specialization	classified
TD	Pbre1_04G243000	Pbre1_04G243200	Prupe.6G274400.1	0.4001393333333333	0.5707405	1.798263	0.9959124446233368	1.0	0.9977894846232004	0.0194577933984655	0.0145397750758875	0.0107737213292488	Conservation	Conservation	Conservation	Conservation	classified
TD	Pbre1_04G247800	Pbre1_04G248000	Prupe.6G277200.1	0.1017558333333333	17.976787333333334	36.9543795	0.9603037940890105	0.4860504993757287	0.6002775760945596	0.7838698802288936	0.2723960084617596	0.2709463093795219	Neofunctionalization(Parent)	Neofunctionalization(Parent)	Neofunctionalization(Parent)	Neofunctionalization(Parent)	classified
TD	Pbre1_04G298000	Pbre1_04G298200	Prupe.6G303000.1	0.0135381666666666	4.191088	11.776721333333333	1.0	0.7416783450025562	0.6600964906855042	0.995413126434173	0.5389345706188524	0.5383962277994909	Specialization	Specialization	Specialization	Specialization	classified
TD	Pbre1_04G329800	Pbre1_04G330000	Prupe.6G320300.1	51.46052483333333	58.90690533333333	142.31591916666667	0.3005058408623858	0.2762349492169121	0.2800366996070527	0.0846603710358882	0.0428456939028474	0.060598724545619	Conservation	Conservation	Conservation	Conservation	classified
TD	Pbre1_04G348000	Pbre1_04G348200	Prupe.6G329600.1	4.141211166666666	0.0126246666666666	7.650904499999999	0.9597126814628696	1.0	0.9686390110411413	1.0668901263694517	1.249512778496384	1.067436290576986	Specialization	Specialization	Neofunctionalization(Child)	Specialization	classified
TD	Pbre1_05G063800	Pbre1_05G064000	Prupe.8G051900.1	15.3541915	4.142643666666666	18.573298	0.8789824570512327	0.6049503873194548	0.6923152260119514	0.5823219255782213	0.4539809318922591	0.5349864498474205	Specialization	Specialization	Conservation	Specialization	classified
TD	Pbre1_05G073200	Pbre1_05G073400	Prupe.8G062700.1	6.110567333333333	2.0782611666666666	7.654311	0.7433967393757906	0.6534476618516233	0.751360064051973	0.5130364665292925	0.5246111180249828	0.5119749415538507	Specialization	Specialization	Specialization	Specialization	classified
TD	Pbre1_05G099800	Pbre1_05G100000	Prupe.8G087100.1	0.078861	10.027453166666668	6.5472625	1.0	0.7035215435440005	0.602861988624553	1.1281077883476105	0.4597624955903866	0.4598374566627037	Specialization	Specialization	Neofunctionalization(Parent)	Specialization	classified
TD	Pbre1_05G126200	Pbre1_05G126400	Prupe.8G104400.1	29.038150666666667	29.44449733333333	39.746611	0.3771320327658706	0.3772626478409796	0.4491524073352636	0.1361982500783633	0.1533833571038922	0.1420635893261525	Conservation	Conservation	Conservation	Conservation	classified
TD	Pbre1_05G221800	Pbre1_05G222000	Prupe.8G166800.1	0.0134456666666666	0.0023868333333333	0.8910495	0.908157580580979	1.0	0.996624829222468	1.2319071259914345	1.3936923345271712	1.247507467998537	Specialization	Specialization	Specialization	Specialization	classified
TD	Pbre1_05G248200	Pbre1_05G248400	Prupe.8G179600.1	30.72668683333333	2.2787053333333334	58.73681033333333	0.5134291563796088	0.3999094119943083	0.4034807143166217	0.2063211654081775	0.1492716171157113	0.1927382727995389	Conservation	Conservation	Conservation	Conservation	classified
TD	Pbre1_05G327000	Pbre1_05G327200	Prupe.8G215500.1	5.0467941666666665	21.8304905	43.8711855	0.311674221498789	0.4378748987361679	0.4515412042559147	0.2452396248521539	0.1795550131842423	0.1797397611959812	Conservation	Conservation	Conservation	Conservation	classified
TD	Pbre1_05G371000	Pbre1_05G371200	Prupe.4G142400.1	1.0845318333333334	1.5581451666666668	1.364477	0.6180210524056347	0.9192261418514692	0.9094610406133254	0.6353346944869251	0.872993667245808	0.7585836414789995	Specialization	Specialization	Specialization	Specialization	classified
TD	Pbre1_05G416800	Pbre1_05G417000	Prupe.4G113400.1	5.053940166666667	11.199053666666666	32.861696	0.4861576528800445	0.4091618572896722	0.4996498643168283	0.2670390464111603	0.2167851039436839	0.216235857546094	Conservation	Conservation	Conservation	Conservation	classified
TD	Pbre1_05G435000	Pbre1_05G435200	Prupe.4G103000.1	7.749659666666666	10.289883	98.45281966666668	0.6833450002488941	0.6019058727282106	0.713681277731393	0.3943602582864644	0.3795589373435551	0.3798052718840394	Neofunctionalization(Parent)	Neofunctionalization(Parent)	Neofunctionalization(Parent)	Neofunctionalization(Parent)	classified
TD	Pbre1_05G440000	Pbre1_05G440200	Prupe.4G101600.1	69.79547466666666	162.2722816666667	572.776243	0.3493172442299533	0.600837635202254	0.5660616648271046	0.1405627096062245	0.2946341768910633	0.2466631244615962	Conservation	Conservation	Conservation	Conservation	classified
TD	Pbre1_05G448800	Pbre1_05G449000	Prupe.4G095700.1	19.348990166666667	0.176894	147.043049	0.6432851239124492	0.9427672963596242	0.4407346909950913	0.3746465102078853	0.782699767745884	0.3703204574707902	Neofunctionalization(Child)	Neofunctionalization(Child)	Neofunctionalization(Child)	Neofunctionalization(Child)	classified
TD	Pbre1_05G513400	Pbre1_05G513600	Prupe.4G054800.1	0.8118696666666666	0.0024885	5.229807166666666	0.7274055180770699	1.0	0.7956339875850675	0.5610724444548193	1.0310154474616606	0.5618539556662803	Specialization	Specialization	Specialization	Specialization	classified
TD	Pbre1_05G515000	Pbre1_05G515200	Prupe.4G054200.1	0.2531258333333333	8.224833833333333	22.459203	0.9532259256942353	0.778101828527373	0.907183098467599	0.9140381448220356	0.7397141525899973	0.7361847443977315	Specialization	Specialization	Specialization	Specialization	classified
TD	Pbre1_05G536000	Pbre1_05G536200	Prupe.4G041000.1	3.591905833333333	30.641256833333333	9.74938	0.9540375668619474	0.7406691708963893	0.573808300147523	0.5740242946602916	0.2717075277636361	0.2127276438673744	Neofunctionalization(Parent)	Neofunctionalization(Parent)	Neofunctionalization(Parent)	Neofunctionalization(Parent)	classified
TD	Pbre1_06G029600	Pbre1_06G029800	Prupe.5G019100.1	5.725226666666667	6.636644	29.6111745	0.4139142875547878	0.7903135048645036	0.6341977674245391	0.2383811118039384	0.2719719312342783	0.2212747425118364	Conservation	Conservation	Conservation	Conservation	classified
TD	Pbre1_06G041600	Pbre1_06G041800	Prupe.5G029900.1	49.35317366666666	29.422407	166.45788033333332	0.5149199894313365	0.5902485782395301	0.3506229223000151	0.1898820437112671	0.1535496311175163	0.1252945703174848	Conservation	Conservation	Conservation	Conservation	classified
TD	Pbre1_06G042400	Pbre1_06G042600	Prupe.5G029600.1	45.1991095	31.349831666666667	27.51330933333333	0.4017490135541243	0.4371694332434505	0.4159526698691934	0.1158737683438786	0.2415291822093563	0.1607562867505286	Conservation	Conservation	Conservation	Conservation	classified
TD	Pbre1_06G050000	Pbre1_06G050200	Prupe.5G041400.1	0.2694431666666667	9.1801325	0.2768818333333333	1.0	0.8980315427487252	0.5844836273906825	1.0257450487992033	0.5021542131558964	0.496304280896271	Specialization	Specialization	Specialization	Specialization	classified
TD	Pbre1_06G056400	Pbre1_06G056600	Prupe.5G036500.1	9.185839166666668	5.277187166666667	62.230071	0.1769540554933625	0.4848063097081807	0.5950262523600924	0.1720276196796479	0.2386453353382993	0.1905699415738273	Conservation	Conservation	Conservation	Conservation	classified
TD	Pbre1_06G180800	Pbre1_06G181000	Prupe.5G114500.1	0.199074	2.8598728333333336	24.307653833333333	0.974514082911727	0.8927654780524797	0.903451080067051	0.8765546104706796	0.7584044320081345	0.7631841000219952	Specialization	Specialization	Specialization	Specialization	classified
TD	Pbre1_06G182200	Pbre1_06G182400	Prupe.5G115000.1	10.987175333333331	0.0658688333333333	6.170998833333333	0.9183747583873456	0.94271327014218	0.6501956634705615	0.4628353583696818	0.5309165042334147	0.4631976425946412	Specialization	Specialization	Specialization	Specialization	classified
TD	Pbre1_06G217600	Pbre1_06G217800	Prupe.5G134100.1	34.3208295	3.5544465	5.846310833333334	0.4936717699808805	0.6256376771411424	0.9869916609871612	0.965099069389096	0.6982837663509956	0.937823790107433	Specialization	Specialization	Specialization	Specialization	classified
TD	Pbre1_06G227800	Pbre1_06G228000	Prupe.5G139900.1	90.86609833333333	72.83475466666667	181.54872916666667	0.6388006766055703	0.9400359969948748	0.7843153846172486	0.3137603399039654	0.6735245209733223	0.446558331958896	Neofunctionalization(Child)	Neofunctionalization(Child)	Neofunctionalization(Child)	Neofunctionalization(Child)	classified
TD	Pbre1_06G307800	Pbre1_06G308000	Prupe.5G181000.1	0.0125436666666666	11.687788833333334	6.1984305	1.0	0.9399674630857012	0.9431474005891908	1.2572717920760568	0.9097679285296532	0.9092875719307536	Specialization	Specialization	Specialization	Specialization	classified
TD	Pbre1_06G314400	Pbre1_06G314600	Prupe.5G184300.1	0.009358	30.36010816666667	12.241200333333332	1.0	0.7171695203001118	0.5486761460289123	0.9110688886333284	0.3559497223408364	0.3559122113991022	Neofunctionalization(Parent)	Neofunctionalization(Parent)	Neofunctionalization(Parent)	Neofunctionalization(Parent)	classified
TD	Pbre1_06G326400	Pbre1_06G326600	Prupe.5G191500.1	0.2494726666666666	0.0200806666666666	8.082766000000001	0.9744407491738384	0.8041983541663245	0.9568899053553592	1.1505348888836693	0.4840894778886448	1.0770406575367748	Specialization	Specialization	Specialization	Specialization	classified
TD	Pbre1_06G409000	Pbre1_06G409200	Prupe.5G240800.1	0.4909286666666667	0.9407616666666668	11.701619166666667	0.829473117488303	0.9862417027438886	0.7495274189163708	0.7069122317115859	0.9789276623999712	0.8584850221839087	Specialization	Specialization	Specialization	Specialization	classified
TD	Pbre1_06G411200	Pbre1_06G411400	Prupe.5G241800.1	31.61619333333333	4.737960666666667	103.10788416666666	0.7775542129432113	0.9757055042790124	0.4589464961890799	0.3786707580375695	0.7148914995982819	0.3298331822824001	Neofunctionalization(Child)	Neofunctionalization(Child)	Neofunctionalization(Child)	Neofunctionalization(Child)	classified
TD	Pbre1_07G007200	Pbre1_07G007400	Prupe.2G005300.1	346.357973	1.016136666666667	48.3545845	0.9877964202787808	1.0	0.6860707293242992	0.7689447348022374	0.8216511070528453	0.769094380608811	Specialization	Specialization	Specialization	Specialization	classified
TD	Pbre1_07G029400	Pbre1_07G029600	Prupe.2G023200.1	21.947398166666662	11.7556225	127.77158383333334	0.6395383572411473	0.8194168445289252	0.7429879558383711	0.3926242514569613	0.5698475224517904	0.4517366272836736	Specialization	Specialization	Neofunctionalization(Child)	Specialization	classified
TD	Pbre1_07G068400	Pbre1_07G068600	Prupe.2G052500.1	0.5476066666666667	102.41812866666666	32.9654535	0.9526295402177264	0.5368675017592455	0.5252648539513926	0.7443393861955621	0.3679098711018831	0.3661671218240608	Neofunctionalization(Parent)	Neofunctionalization(Parent)	Neofunctionalization(Parent)	Neofunctionalization(Parent)	classified
TD	Pbre1_07G082600	Pbre1_07G082800	Prupe.2G067300.1	7.590386666666666	4.454684833333333	44.15710333333333	0.5859780659456165	0.2701342016869577	0.3005029175819759	0.1630401598026966	0.0880037026669691	0.1149962907607327	Conservation	Conservation	Conservation	Conservation	classified
TD	Pbre1_07G095600	Pbre1_07G095800	Prupe.2G084900.1	0.1233348333333333	0.3513458333333333	20.5309185	0.7047340822466059	1.0	0.8921970303139753	0.7064035229584901	1.222567403909312	0.9943621055392045	Specialization	Specialization	Specialization	Specialization	classified
TD	Pbre1_07G114800	Pbre1_07G115000	Prupe.2G097200.1	10.402413333333334	0.0647676666666666	1.6882295	0.6883287105730991	0.9573790347755508	0.968030720758909	1.0165072251685443	1.194908848953528	1.014957571202444	Specialization	Specialization	Specialization	Specialization	classified
TD	Pbre1_07G116800	Pbre1_07G117000	Prupe.2G098600.1	16.461383166666668	0.7515833333333333	3.3957736666666665	0.7915196370173622	0.7512582581118317	0.954428017850956	0.4903359174437489	0.8164426136893135	0.5019180707756137	Specialization	Specialization	Specialization	Specialization	classified
TD	Pbre1_07G118600	Pbre1_07G118800	Prupe.2G099900.1	21.517707833333333	21.220220666666663	61.91795283333334	0.5579253737504147	0.497422086784797	0.6300626108857084	0.3632864023045394	0.2266483338677092	0.2877206029897132	Conservation	Conservation	Conservation	Conservation	classified
TD	Pbre1_07G146600	Pbre1_07G146800	Prupe.2G119500.1	4.936191833333334	2.899879666666666	11.8062915	0.91325870855932	0.5585117592623317	0.951201375713262	0.2296965231209722	0.8097092016032882	0.4059286889279397	Neofunctionalization(Child)	Neofunctionalization(Child)	Specialization	Neofunctionalization(Child)	classified
TD	Pbre1_07G243200	Pbre1_07G243400	Prupe.2G182700.1	1.1321071666666669	0.1800156666666666	3.0392665	0.9048673592995348	0.8947675560497881	0.8481520049177995	0.771238227231071	0.8229236462969556	0.7763762806656969	Specialization	Specialization	Specialization	Specialization	classified
TD	Pbre1_07G267600	Pbre1_07G267800	Prupe.2G195600.1	40.25651716666667	43.513647	68.39598783333334	0.4772653569264352	0.2049309379483552	0.6170923671324443	0.2644527124962517	0.2268407642164504	0.2356277385769682	Conservation	Conservation	Conservation	Conservation	classified
TD	Pbre1_07G325800	Pbre1_07G326000	Prupe.2G230500.1	11.582806833333333	5.916281333333333	4.636992333333334	0.9867084276788624	0.8721065152383642	0.8657494966020751	1.1229098220165896	0.6315387361124987	0.8275764151137859	Specialization	Specialization	Specialization	Specialization	classified
TD	Pbre1_07G373400	Pbre1_07G373600	Prupe.2G257400.1	2.4239285	1.8380853333333336	11.051228833333331	0.99728533585712	0.993146349665848	0.9535371551418514	1.1666469836785611	1.1508826665736611	1.1597674525954955	Specialization	Specialization	Specialization	Specialization	classified
TD	Pbre1_07G395800	Pbre1_07G396000	Prupe.2G270400.1	1.216476	1.7266653333333333	3.3717083333333333	0.9120674293867832	0.7178883119469788	0.9986071512193724	1.156607654761144	1.1024567598760266	1.05122304983665	Specialization	Specialization	Specialization	Specialization	classified
TD	Pbre1_07G404200	Pbre1_07G404400	Prupe.2G275300.1	19.93479583333333	0.142765	10.481669666666669	0.8161887136088518	0.9543264404738004	0.7297097639299233	0.6187551785000319	0.7225055805476036	0.6156952881736073	Specialization	Specialization	Neofunctionalization(Child)	Specialization	classified
TD	Pbre1_07G481400	Pbre1_07G481600	Prupe.2G314900.1	10.899907	39.0734565	49.85609333333333	0.5051780876159846	0.7302554838877727	0.3743539018657791	0.1066455599279724	0.2948069391684541	0.2463268388189832	Conservation	Conservation	Conservation	Conservation	classified
TD	Pbre1_07G496000	Pbre1_07G496200	Prupe.2G321700.1	3.8698736666666655	0.7557588333333334	29.348568	0.8147139281977216	0.7219255384930051	0.9899466257677604	1.1475064883662918	1.0234761411143545	1.1164708297684236	Specialization	Specialization	Specialization	Specialization	classified
TD	Pbre1_08G030200	Pbre1_08G030400	Prupe.1G369300.1	22.706304166666666	11.123715833333334	46.89478583333334	0.2313284982884799	0.4257662826082102	0.3788191428384768	0.1253758485420568	0.1766544643328322	0.1274442602932639	Conservation	Conservation	Conservation	Conservation	classified
TD	Pbre1_08G058000	Pbre1_08G058200	Prupe.1G381900.1	8.3265215	0.1881696666666666	9.7018135	0.999563264168348	0.9838353958630698	0.6416861628359382	0.9755319989108322	0.8948445438786473	0.9737016263490744	Specialization	Specialization	Specialization	Specialization	classified
TD	Pbre1_08G072200	Pbre1_08G072400	Prupe.1G389200.1	21.972683	0.0715518333333333	200.3011398333333	0.6690043758894912	0.9553372219261927	0.2961015728754727	0.3349810292583942	0.8329119945467927	0.3349257000575779	Neofunctionalization(Child)	Neofunctionalization(Child)	Neofunctionalization(Child)	Neofunctionalization(Child)	classified
TD	Pbre1_08G094000	Pbre1_08G094200	Prupe.1G393900.1	113.2447955	9.820964333333333	216.20067616666665	0.260749118312877	0.8278241227322087	0.3315449904214505	0.1238483904314276	0.4675198737285135	0.1319057511780214	Neofunctionalization(Child)	Neofunctionalization(Child)	Conservation	Neofunctionalization(Child)	classified
TD	Pbre1_08G109000	Pbre1_08G109200	Prupe.1G409200.1	0.1566376666666666	0.2814685	7.774084999999999	1.0	1.0	0.4708353427453803	1.0080830245797598	1.0080830245797598	1.0080830245797598	Specialization	Specialization	Specialization	Specialization	classified
TD	Pbre1_08G112200	Pbre1_08G112400	Prupe.1G407900.1	18.455849666666666	25.156507	90.15506316666666	0.5133128907647564	0.4933732181600209	0.4233696707670032	0.2279634950226738	0.1167913629673168	0.1232915597296829	Conservation	Conservation	Conservation	Conservation	classified
TD	Pbre1_08G139200	Pbre1_08G139400	Prupe.1G423100.1	1.6265683333333334	1.3477021666666666	15.178801833333337	0.8424603948743451	0.9571821560311288	0.481683547081816	0.4543442856869928	0.6542778593420642	0.5263661683796165	Specialization	Specialization	Specialization	Specialization	classified
TD	Pbre1_08G188400	Pbre1_08G188600	Prupe.7G221700.1	0.2125893333333333	1.6236356666666667	39.65271033333333	1.0	0.9990362757587676	0.6591874593530381	0.9186671822713808	0.9136088096616808	0.9141933012348542	Specialization	Specialization	Specialization	Specialization	classified
TD	Pbre1_08G219800	Pbre1_08G220000	Prupe.1G463400.1	0.0165526666666666	56.94907216666667	281.04721416666666	1.0	0.4617960666851194	0.4367124772346493	0.8131881666205074	0.1705777334010904	0.1705656426330007	Neofunctionalization(Parent)	Neofunctionalization(Parent)	Neofunctionalization(Parent)	Neofunctionalization(Parent)	classified
TD	Pbre1_08G232600	Pbre1_08G232800	Prupe.1G469000.1	0.0149758333333333	0.6280186666666667	1.0641998333333331	0.9132302487752724	0.7118953196841663	0.892171344094225	0.6758631746478322	0.7200069395897386	0.7138047737946377	Specialization	Specialization	Specialization	Specialization	classified
TD	Pbre1_08G320000	Pbre1_08G320200	Prupe.1G523700.1	7.938627833333333	34.355993	16.561063166666667	0.9788455945429494	0.8341634339732533	0.8543189201415948	0.8009391124878656	0.5092556898870797	0.5533022093343282	Specialization	Specialization	Specialization	Specialization	classified
TD	Pbre1_08G350800	Pbre1_08G351000	Prupe.1G542300.1	3.5522348333333333	17.568286	77.35368066666666	0.9191794526522165	0.8139235136871369	0.5994987418085325	0.4190626687631621	0.3443364578300073	0.3044214322748919	Neofunctionalization(Parent)	Neofunctionalization(Parent)	Neofunctionalization(Parent)	Neofunctionalization(Parent)	classified
TD	Pbre1_08G363400	Pbre1_08G363600	Prupe.1G556800.1	13.001681666666666	64.70276466666667	38.73979533333333	0.6877795578054153	0.4356657009204204	0.5323096778092793	0.1728804466060242	0.2473279508175938	0.2243384087286763	Conservation	Conservation	Conservation	Conservation	classified
TD	Pbre1_08G384600	Pbre1_08G384800	Prupe.1G567800.1	8.235756	2.5114545	9.1308265	0.5359276142879777	0.2316565181223088	0.5393762952698957	0.3046248841284785	0.229712447816554	0.2842023815634492	Conservation	Conservation	Conservation	Conservation	classified
TD	Pbre1_09G036200	Pbre1_09G036400	Prupe.3G295600.1	0.188399	0.009422	0.7493076666666667	0.987870218070348	1.0	0.8509791317808515	0.934993127777612	0.9866158642766226	0.937358122641242	Specialization	Specialization	Specialization	Specialization	classified
TD	Pbre1_09G058800	Pbre1_09G059000	Prupe.3G282800.1	32.00932783333333	31.486053	50.25943216666667	0.3835926867480614	0.4814444708200558	0.6545064174275266	0.2501411568959903	0.262646064703994	0.2508708506755882	Conservation	Conservation	Conservation	Conservation	classified
TD	Pbre1_09G062600	Pbre1_09G062800	Prupe.3G280300.1	0.0613191666666666	13.291714833333334	2.1862636666666666	0.577965070079632	0.8762745501734471	0.6740437871096525	0.5084939597939888	0.5734171456131137	0.5724163113487623	Specialization	Specialization	Neofunctionalization(Parent)	Specialization	classified
TD	Pbre1_09G093800	Pbre1_09G094000	Prupe.3G263500.1	0.5491558333333334	0.1506385	149.800582	0.8786802322519744	0.9279747787876964	0.6235783438866036	0.5528426741318867	0.6082344344888978	0.5623661386695418	Specialization	Specialization	Specialization	Specialization	classified
TD	Pbre1_09G113200	Pbre1_09G113000	Prupe.3G253600.1	0.2019841666666666	27.4411915	0.7932661666666666	0.8728851256332948	0.4903496178036585	0.9994235467195176	0.4567880722600492	0.9315468194218088	0.92777999169645	Specialization	Specialization	Neofunctionalization(Child)	Specialization	classified
TD	Pbre1_09G124800	Pbre1_09G125000	Prupe.3G247600.1	0.3434301666666666	0.320388	0.5873885	0.9779174204298242	1.0	1.0	0.120830656973304	0.0	0.062512439017991	Conservation	Conservation	Conservation	Conservation	classified
TD	Pbre1_09G133800	Pbre1_09G134000	Prupe.3G242000.1	8.096162333333334	0.202512	28.27706333333333	0.5226696092914102	0.9547154918773246	0.4502531232975602	0.1400454087260945	0.793091730813468	0.1454264558499949	Neofunctionalization(Child)	Neofunctionalization(Child)	Neofunctionalization(Child)	Neofunctionalization(Child)	classified
TD	Pbre1_09G167200	Pbre1_09G167400	Prupe.3G222100.1	29.46828766666667	10.389579666666666	25.1649675	0.4084622637683057	0.3926126900671671	0.4650780572657232	0.2185878674318764	0.1653116780118941	0.2007268662210645	Conservation	Conservation	Conservation	Conservation	classified
TD	Pbre1_09G177400	Pbre1_09G177600	Prupe.3G216700.1	5.5914355	0.2337503333333333	3.693650833333333	0.8076801395617202	0.986911281531198	0.7870982460543186	0.5795711405064614	0.5355055237585084	0.5370189422733306	Specialization	Specialization	Specialization	Specialization	classified
TD	Pbre1_09G198000	Pbre1_09G198200	Prupe.3G205900.1	0.1938201666666666	1.4417326666666666	15.0944225	0.7638078448655795	0.9204238632679952	0.7873716073832554	0.7915057773990166	0.8947095593128677	0.8723418396552665	Specialization	Specialization	Specialization	Specialization	classified
TD	Pbre1_09G208800	Pbre1_09G209000	Prupe.3G200400.1	3.4562015	26.645451	43.69515366666667	0.8151660033387079	0.4650441765930991	0.5937794152636057	0.413711637195853	0.3282039528727175	0.3035940203405562	Neofunctionalization(Parent)	Neofunctionalization(Parent)	Neofunctionalization(Parent)	Neofunctionalization(Parent)	classified
TD	Pbre1_09G217400	Pbre1_09G217600	Prupe.3G196500.1	0.0182643333333333	15.241980166666668	1.5018263333333333	1.0	0.8128435136143668	0.902821967729435	0.974521673008993	0.5912308006577356	0.5915453107713918	Specialization	Specialization	Specialization	Specialization	classified
TD	Pbre1_09G226400	Pbre1_09G226600	Prupe.3G191000.1	0.5300993333333334	1.4943873333333333	5.318116166666666	0.7986315648669045	0.6988329814782831	0.9232580372495496	0.9867096386200712	0.7845556611574963	0.8363768737924544	Specialization	Specialization	Specialization	Specialization	classified
TD	Pbre1_09G256600	Pbre1_09G256800	Prupe.3G171200.1	2.136457333333333	1.7195811666666667	3.765534	0.8536544989406651	0.8959246334218373	0.5139956319347891	0.5278131324470562	0.6099866864312552	0.5641166352496254	Specialization	Specialization	Specialization	Specialization	classified
TD	Pbre1_09G305600	Pbre1_09G305800	Prupe.3G040000.1	5.0498525	10.619903666666668	6.0421955	0.7200473218650333	0.999401479355102	0.8934641020806258	0.3925696594047887	1.043714141837358	0.8264735233658064	Specialization	Specialization	Specialization	Specialization	classified
TD	Pbre1_09G306000	Pbre1_09G306200	Prupe.3G040200.1	15.877988166666668	11.390582833333331	37.42013533333333	0.3233667589036408	0.2798030469967151	0.3695734314760934	0.136368122437671	0.1196161385219301	0.1082219969302395	Conservation	Conservation	Conservation	Conservation	classified
TD	Pbre1_09G314800	Pbre1_09G315000	Prupe.3G045500.1	237.5256933333333	0.0231406666666666	332.1299558333333	0.2770387691189478	1.0	0.5917162887691882	0.2778739800244826	1.0462944477424854	0.2778816665937205	Neofunctionalization(Child)	Neofunctionalization(Child)	Neofunctionalization(Child)	Neofunctionalization(Child)	classified
TD	Pbre1_09G336800	Pbre1_09G337000	Prupe.3G057400.1	0.7036191666666667	0.7238765	3.576705666666667	0.7648248126388684	0.8984465682377568	0.9465678205341834	0.5391341904118282	0.7464247437801463	0.6417904937152847	Specialization	Specialization	Specialization	Specialization	classified
TD	Pbre1_09G354800	Pbre1_09G355000	Prupe.3G069900.1	414.67791116666666	696.8280856666667	1118.3631318333332	0.4622625617856696	0.5073873155859492	0.6158155000849901	0.270683966219935	0.368402396298835	0.3306442055964602	Conservation	Conservation	Conservation	Conservation	classified
TD	Pbre1_09G355800	Pbre1_09G356000	Prupe.3G071300.1	34.6585655	39.79573383333334	167.7335455	0.3177074982565346	0.3655464330318977	0.3229688469150769	0.166218994387678	0.1650142689974434	0.1651371579208868	Conservation	Conservation	Conservation	Conservation	classified
TD	Pbre1_09G469200	Pbre1_09G469400	Prupe.3G012100.1	0.0615893333333333	10.090896	4.3598205	0.8258658918103492	0.5705046152137833	0.6221893079416017	0.5302454138059965	0.4452028822914392	0.444444629850617	Specialization	Specialization	Specialization	Specialization	classified
TD	Pbre1_09G492800	Pbre1_09G493000	Prupe.3G000300.1	3.9703285	4.3666876666666665	17.638887666666665	0.454670408232864	0.3572781308132854	0.4295685402748169	0.1532321824838153	0.1561274996743261	0.1379122487718214	Conservation	Conservation	Conservation	Conservation	classified
TD	Pbre1_10G019000	Pbre1_10G019200	Prupe.8G018100.1	62.218395666666666	320.1684256666667	201.00828116666668	0.997498885094996	0.9988274211184908	0.7241361265297215	1.0945966496306794	1.152560888187207	1.0197231223971848	Specialization	Specialization	Neofunctionalization(Parent)	Specialization	classified
TD	Pbre1_10G031200	Pbre1_10G031400	Prupe.8G024700.1	23.681005833333334	6.307168833333333	34.79907983333333	0.2746078134939805	0.9004664286128984	0.3868865199842037	0.068451906453633	0.5857352119112359	0.1443004208240782	Neofunctionalization(Child)	Neofunctionalization(Child)	Neofunctionalization(Child)	Neofunctionalization(Child)	classified
TD	Pbre1_10G118400	Pbre1_10G118600	Prupe.8G094500.1	6.843163333333333	134.98609983333333	326.9811638333333	0.4628409748155911	0.4274471140129955	0.5964700734228761	0.3730057568025655	0.2253847693681324	0.2275039583735539	Conservation	Conservation	Conservation	Conservation	classified
TD	Pbre1_10G194800	Pbre1_10G195000	Prupe.8G150600.1	1.7940943333333337	2.8397805	22.85941233333333	0.9542047804473835	0.9450850003018374	0.4903670804642803	0.6770717207272803	0.7983429496965162	0.5462724303149649	Specialization	Specialization	Specialization	Specialization	classified
TD	Pbre1_10G195600	Pbre1_10G195800	Prupe.8G150900.1	151.56177416666665	216.3846408333333	399.8563311666667	0.5618782049173747	0.5908394632606007	0.6881027602576617	0.2972122095771014	0.3577007444205773	0.330658010463055	Conservation	Conservation	Conservation	Conservation	classified
TD	Pbre1_10G201800	Pbre1_10G202000	Prupe.8G156000.1	34.15762866666667	3.659890666666666	69.206781	0.281633500980313	0.991495645181452	0.3605695099109904	0.2353444200202225	0.9675837332250092	0.2866300703845133	Neofunctionalization(Child)	Neofunctionalization(Child)	Neofunctionalization(Child)	Neofunctionalization(Child)	classified
TD	Pbre1_10G209600	Pbre1_10G209800	Prupe.8G160800.1	68.081752	49.5207475	163.01946283333334	0.1770044876236768	0.4197489274401352	0.3658388147653839	0.122181387245449	0.1139906035200799	0.1071655345790539	Conservation	Conservation	Conservation	Conservation	classified
TD	Pbre1_10G234600	Pbre1_10G234800	Prupe.8G174300.1	16.227543999999998	0.0050741666666666	17.648206	0.8952045298372404	1.0	0.8315872656518526	0.2589770195397172	1.1676158025740302	0.2589029713081632	Neofunctionalization(Child)	Neofunctionalization(Child)	Neofunctionalization(Child)	Neofunctionalization(Child)	classified
TD	Pbre1_10G296200	Pbre1_10G296400	Prupe.8G206300.1	0.2219573333333333	1.0257896666666666	0.4273659999999999	0.8313098077431519	0.6436623849595339	0.8835425713162648	0.6214253611222396	0.55756116975075	0.534312396886374	Specialization	Specialization	Specialization	Specialization	classified
TD	Pbre1_10G318000	Pbre1_10G318200	Prupe.8G219700.1	2.2477248333333333	4.368116333333333	9.687071833333334	0.7331210634289478	0.7440782547401865	0.9676182591473392	0.4975519998025461	0.6523040114014709	0.5858181116227573	Specialization	Specialization	Specialization	Specialization	classified
TD	Pbre1_10G328000	Pbre1_10G328200	Prupe.8G225100.1	15.366974833333332	0.0072161666666666	0.7523058333333333	1.0	0.8217115897077454	0.9894868285712354	0.0584755101466518	1.168972575502401	0.0579195638378555	Neofunctionalization(Child)	Neofunctionalization(Child)	Neofunctionalization(Child)	Neofunctionalization(Child)	classified
TD	Pbre1_10G357200	Pbre1_10G357400	Prupe.4G138700.1	62.38079233333333	145.905448	148.64952516666668	0.4684172866022338	0.2979099325759223	0.4415744104977117	0.2193392552106633	0.1553023791148255	0.1631914154343964	Conservation	Conservation	Conservation	Conservation	classified
TD	Pbre1_10G369800	Pbre1_10G370000	Prupe.4G131000.1	4.818968333333333	12.830139833333334	17.938102999999998	0.9310994870545324	0.3055483920292891	0.7283705723646934	0.4469885278582888	0.3848104566431014	0.3054941765756929	Neofunctionalization(Parent)	Neofunctionalization(Parent)	Neofunctionalization(Parent)	Neofunctionalization(Parent)	classified
TD	Pbre1_10G382400	Pbre1_10G382600	Prupe.4G123900.1	4.851613166666667	0.2453289999999999	14.958750666666669	0.9878294310573617	0.9193698292453452	0.4332492137926887	0.7636779799073213	0.7246912186953758	0.7207271345828166	Specialization	Specialization	Specialization	Specialization	classified
TD	Pbre1_10G409600	Pbre1_10G409800	Prupe.4G106200.1	0.3071603333333333	0.1990398333333333	14.324546333333334	0.9700540003693184	0.9511978758134192	0.5187166164532888	0.8914777107225245	0.82031784334632	0.8630853052073266	Specialization	Specialization	Specialization	Specialization	classified
TD	Pbre1_10G417000	Pbre1_10G417200	Prupe.4G101600.1	179.3573515	198.82207416666665	572.776243	0.3709365384096326	0.505109416135771	0.5660616648271046	0.1978938897605021	0.2613341359974706	0.2298923776056062	Conservation	Conservation	Conservation	Conservation	classified
TD	Pbre1_10G436800	Pbre1_10G437000	Prupe.4G086300.1	76.39588966666666	0.1012985	70.77245633333334	0.4533536482889342	0.8297885170611667	0.6138271582306256	0.1523787274530121	0.6049596445024055	0.1522451549080428	Neofunctionalization(Child)	Neofunctionalization(Child)	Neofunctionalization(Child)	Neofunctionalization(Child)	classified
TD	Pbre1_10G460200	Pbre1_10G460400	Prupe.4G073000.1	0.7891185000000001	0.3038774999999999	6.454742	0.7344145212535289	0.8902238457290913	0.7126450325935594	0.1916624234324771	0.5033279522963768	0.1326436981265823	Neofunctionalization(Child)	Neofunctionalization(Child)	Specialization	Neofunctionalization(Child)	classified
TD	Pbre1_10G482600	Pbre1_10G482800	Prupe.4G059600.1	0.0955561666666666	0.1141373333333333	5.786390166666666	0.9105250402653728	0.7167920860542814	0.938649857255504	1.055795635231399	0.4517300771675844	0.7055462783975557	Specialization	Specialization	Specialization	Specialization	classified
TD	Pbre1_11G007400	Pbre1_11G007600	Prupe.6G003900.1	0.9106841666666666	96.6541865	137.646116	0.7000489510745447	0.3191140731130081	0.4394568891184202	0.4173141270961997	0.1849611913073754	0.1837615648691117	Neofunctionalization(Parent)	Neofunctionalization(Parent)	Neofunctionalization(Parent)	Neofunctionalization(Parent)	classified
TD	Pbre1_11G010800	Pbre1_11G011000	Prupe.6G005300.1	33.282723833333336	35.703815166666665	74.52577316666667	0.7208619714222883	0.7407293743840666	0.6781430188283963	0.2591420075867548	0.2813214896068116	0.2695701446937431	Conservation	Conservation	Conservation	Conservation	classified
TD	Pbre1_11G027400	Pbre1_11G027600	Prupe.6G015500.1	2.8628386666666668	6.697708333333333	1.4014788333333332	0.8503776441578909	0.6029786996973017	0.7171095621962686	0.6651863341203706	0.5186818365921242	0.533525262593766	Specialization	Specialization	Specialization	Specialization	classified
TD	Pbre1_11G043600	Pbre1_11G043800	Prupe.6G023300.1	118.11624533333334	134.2610475	413.91700333333335	0.2661598682689076	0.15794839884968	0.7032140251126116	0.2520027993608962	0.2650838324163619	0.2571979200657243	Conservation	Conservation	Conservation	Conservation	classified
TD	Pbre1_11G093600	Pbre1_11G093800	Prupe.6G051500.1	107.35473933333331	82.89511283333333	58.16297933333333	0.6427784840084572	0.4204073326564814	0.511715980626042	0.3035321505209346	0.2738239204657588	0.2819558853141922	Conservation	Conservation	Conservation	Conservation	classified
TD	Pbre1_11G096000	Pbre1_11G096200	Prupe.6G052800.1	1.1211156666666666	8.275355	1.4599306666666667	0.7014447789955438	0.8085317649835924	0.8089353585431704	0.5962525544914101	0.7081156889852913	0.6921769221389392	Specialization	Specialization	Specialization	Specialization	classified
TD	Pbre1_11G096400	Pbre1_11G096600	Prupe.6G053100.1	8.524177	4.4807265	19.285471333333334	0.4365624708925334	0.4924464854661858	0.6678903739324988	0.2187382702020238	0.4197436353568298	0.2802697456998645	Neofunctionalization(Child)	Neofunctionalization(Child)	Conservation	Neofunctionalization(Child)	classified
TD	Pbre1_11G117800	Pbre1_11G117600	Prupe.6G061000.1	1.5165681666666666	3.8504885	19.187604333333333	0.9726711772300656	0.6754641808488114	0.5686028830436505	0.6315244941576922	0.1188132806855709	0.152503246671334	Neofunctionalization(Parent)	Neofunctionalization(Parent)	Neofunctionalization(Parent)	Neofunctionalization(Parent)	classified
TD	Pbre1_11G144200	Pbre1_11G144400	Prupe.6G073400.1	19.063839666666667	8.394292	36.00245666666667	0.8332515786307868	0.704348710496781	0.4151119161317105	0.3299226594075625	0.1746969884664654	0.2764273319690187	Conservation	Conservation	Conservation	Conservation	classified
TD	Pbre1_11G168800	Pbre1_11G169000	Prupe.6G086200.1	3.7883398333333336	1.1816613333333337	3.530327166666667	0.8712274700621159	0.9913403807039896	0.9998714212734724	0.4421708597204677	1.380155556961892	0.6137006759287913	Specialization	Specialization	Specialization	Specialization	classified
TD	Pbre1_11G177800	Pbre1_11G178000	Prupe.6G089500.1	12.152423	0.0057088333333333	7.661529833333334	0.4360276412744877	1.0	0.4859448937507567	0.1702792564768308	0.9998621872814144	0.1704591504425754	Neofunctionalization(Child)	Neofunctionalization(Child)	Neofunctionalization(Child)	Neofunctionalization(Child)	classified
TD	Pbre1_11G181200	Pbre1_11G181400	Prupe.6G090700.1	0.1377106666666666	7.881949333333333	2.9500075000000003	0.7317543118959308	0.6286655021719053	0.8190970276839362	0.6227257540796435	0.506254837740783	0.5061566045045196	Specialization	Specialization	Specialization	Specialization	classified
TD	Pbre1_11G189800	Pbre1_11G190000	Prupe.6G094200.1	0.0335563333333333	5.160474333333333	13.9360185	1.0	0.584350723197137	0.5291402972723857	0.7807746433179971	0.2562569624150477	0.2558736802612916	Neofunctionalization(Parent)	Neofunctionalization(Parent)	Neofunctionalization(Parent)	Neofunctionalization(Parent)	classified
TD	Pbre1_11G225600	Pbre1_11G225800	Prupe.6G115100.1	3.6463886666666663	0.0041968333333333	4.122747	0.989477741828458	0.8774767851424912	0.6142260307944488	0.7010133318750107	0.5528938579998393	0.6997107802842311	Specialization	Specialization	Specialization	Specialization	classified
TD	Pbre1_11G226400	Pbre1_11G226600	Prupe.6G115400.1	24.402373166666667	0.0125901666666666	68.34882	0.3876980681077779	0.9548484455117804	0.6621238373498146	0.161039545107143	0.7571824478687338	0.1611280939674921	Neofunctionalization(Child)	Neofunctionalization(Child)	Neofunctionalization(Child)	Neofunctionalization(Child)	classified
TD	Pbre1_11G271200	Pbre1_11G271400	Prupe.6G149100.1	8.890949666666668	26.32172083333333	3.777491	0.9729247280543688	0.7021038849767447	0.5831562471806173	0.8444935291823858	0.4372706722076353	0.4985468555449114	Specialization	Specialization	Neofunctionalization(Parent)	Specialization	classified
TD	Pbre1_11G351800	Pbre1_11G352000	Prupe.4G215500.1	0.1986705	0.1444901666666666	2.4985395	0.844931661089044	0.910828331412618	0.917078677343439	0.8684253972626306	0.9803844002589148	0.913976692279652	Specialization	Specialization	Specialization	Specialization	classified
TD	Pbre1_11G368800	Pbre1_11G369000	Prupe.4G205600.1	1.7241885	17.581552666666667	40.88983	0.8109998962178164	0.2620136170292981	0.2686034813965357	0.4004901414510358	0.1297419798489551	0.1068144778208288	Neofunctionalization(Parent)	Neofunctionalization(Parent)	Neofunctionalization(Parent)	Neofunctionalization(Parent)	classified
TD	Pbre1_11G396000	Pbre1_11G396200	Prupe.4G186400.1	13.0670315	0.510915	0.3652651666666666	0.5726803101689203	0.9086732591970648	0.9736156160002644	0.7272179795291718	0.3017617439369815	0.7068648415024702	Neofunctionalization(Parent)	Neofunctionalization(Parent)	Specialization	Neofunctionalization(Parent)	classified
TD	Pbre1_11G408600	Pbre1_11G408800	Prupe.4G180600.1	173.66795083333332	0.158347	188.80576383333332	0.3210402401715323	0.8550625190606892	0.3247255024633458	0.1705580003356102	0.5358330975901567	0.1706520377846369	Neofunctionalization(Child)	Neofunctionalization(Child)	Neofunctionalization(Child)	Neofunctionalization(Child)	classified
TD	Pbre1_11G411600	Pbre1_11G411800	Prupe.4G178100.1	1.3223816666666668	5.378701333333333	7.602689333333333	0.8264810281517748	0.8265992192327006	0.8279438793643271	0.6853872103132675	0.5710174214526329	0.5848937285234481	Specialization	Specialization	Specialization	Specialization	classified
TD	Pbre1_11G507600	Pbre1_11G507800	Prupe.8G259000.1	38.121114	2.4256741666666666	53.476629	0.2846304714737677	0.8688812468354812	0.3447880068414343	0.0932184012644793	0.486772402404429	0.1093406355209451	Neofunctionalization(Child)	Neofunctionalization(Child)	Neofunctionalization(Child)	Neofunctionalization(Child)	classified
TD	Pbre1_12G053800	Pbre1_12G054000	Prupe.7G102900.1	1.450308	3.1518125	0.1344808333333333	0.9875912507644786	0.9461116673005748	0.7211492868142988	0.7365121997156969	0.6233017362434853	0.6555413679884295	Specialization	Specialization	Specialization	Specialization	classified
TD	Pbre1_12G057400	Pbre1_12G057600	Prupe.7G101300.1	0.562212	1.5297045	4.9483025	1.0	1.0	1.0	0.0	0.0	0.0	Conservation	Conservation	Conservation	Conservation	classified
TD	Pbre1_12G082800	Pbre1_12G083000	Prupe.7G087600.1	46.026435	6.348733833333333	71.04603949999999	0.325272927955667	0.8362562424097512	0.3436465326267866	0.179219255756349	0.6431161875834336	0.2277334877565594	Neofunctionalization(Child)	Neofunctionalization(Child)	Conservation	Neofunctionalization(Child)	classified
TD	Pbre1_12G305800	Pbre1_12G306000	Prupe.6G288100.1	15.605781666666669	6.662065833333333	42.348640333333336	0.3442792776079257	0.6058206319061595	0.7040937835798913	0.2851659706689149	0.3404596825907857	0.287215071648677	Conservation	Conservation	Conservation	Conservation	classified
TD	Pbre1_12G331200	Pbre1_12G331400	Prupe.6G303600.1	1176.4133776666667	652.1745099999999	617.228787	0.7733934509313579	0.6075956186171713	0.6712491099991084	0.2162618959054488	0.3304916382533872	0.2144438294437241	Conservation	Conservation	Conservation	Conservation	classified
TD	Pbre1_12G341600	Pbre1_12G341800	Prupe.6G310800.1	0.0529853333333333	39.555015	38.588883	0.951144231484272	0.3785778884589977	0.5558606463739093	0.8256600883258308	0.1116394092006613	0.112263484093003	Neofunctionalization(Parent)	Neofunctionalization(Parent)	Neofunctionalization(Parent)	Neofunctionalization(Parent)	classified
TD	Pbre1_12G359200	Pbre1_12G359400	Prupe.6G322000.1	19.89544533333333	0.441957	64.70921133333334	0.9589673331217792	0.7660877334223496	0.8863401971157682	0.9799402420531422	0.4263094660245023	0.967503648675168	Specialization	Specialization	Specialization	Specialization	classified
TD	Pbre1_12G368600	Pbre1_12G368800	Prupe.6G327000.1	30.814413833333333	0.1964143333333333	53.156223833333335	0.4611665103573926	0.8842517870730584	0.482646539007246	0.1925932247589864	0.6056491419724156	0.1949841407742849	Neofunctionalization(Child)	Neofunctionalization(Child)	Neofunctionalization(Child)	Neofunctionalization(Child)	classified
TD	Pbre1_12G378400	Pbre1_12G378600	Prupe.6G332600.1	0.245597	3.793081333333333	22.8805295	0.8921028300516823	0.728057253195753	0.2958016012793373	0.5806602987186564	0.342454692168857	0.3273406406135154	Neofunctionalization(Parent)	Neofunctionalization(Parent)	Neofunctionalization(Parent)	Neofunctionalization(Parent)	classified
TD	Pbre1_12G420400	Pbre1_12G420600	Prupe.6G355800.1	2.0852383333333333	0.6818971666666667	13.811071333333333	0.8286259558412226	0.624155208789291	0.6677267712890608	0.4112171727514941	0.4358855013130729	0.4005173145544978	Specialization	Specialization	Specialization	Specialization	classified
TD	Pbre1_12G434000	Pbre1_12G434200	Prupe.6G362400.1	0.004502	0.1392924999999999	15.909213833333334	1.0	0.9006811857359278	0.7511537742469347	1.1441740958983058	0.7464040656918128	0.7344693499694517	Specialization	Specialization	Specialization	Specialization	classified
TD	Pbre1_13G019800	Pbre1_13G019600	Prupe.1G341600.1	10.675978833333334	5.282168833333333	72.76278733333334	0.9302978859356024	0.9003482682929965	0.7499246498540746	0.6472946539207204	0.5828521197429144	0.6254436080300567	Specialization	Specialization	Specialization	Specialization	classified
TD	Pbre1_13G035800	Pbre1_13G036000	Prupe.1G331900.1	3.2968941666666667	12.626349	73.26844766666666	0.9473296289916816	0.830670325117987	0.8972122786225107	0.9515000458656324	0.8067663664823858	0.8276983405307397	Specialization	Specialization	Neofunctionalization(Parent)	Specialization	classified
TD	Pbre1_13G038600	Pbre1_13G038800	Prupe.1G330900.1	14.076933666666667	0.9620595	25.1041745	0.6739499323313514	0.9985914134138826	0.6647021719313895	0.5567681911330983	1.0711326176876144	0.5741546547657673	Specialization	Specialization	Specialization	Specialization	classified
TD	Pbre1_13G048800	Pbre1_13G049000	Prupe.1G323200.1	50.23251883333333	2.8128203333333333	27.747001166666667	0.6370789711071148	0.988533837436312	0.737754421502801	0.3611793997364091	1.0321197722121915	0.3557046355509942	Neofunctionalization(Child)	Neofunctionalization(Child)	Neofunctionalization(Child)	Neofunctionalization(Child)	classified
TD	Pbre1_13G062000	Pbre1_13G062200	Prupe.1G315000.1	1.5997478333333337	0.1972674999999999	35.9194735	0.6396285903357475	0.8865544171117896	0.6530128956790304	0.4271808850569368	0.5578960375944053	0.4311495683961798	Specialization	Specialization	Specialization	Specialization	classified
TD	Pbre1_13G070600	Pbre1_13G070800	Prupe.1G310300.1	1.5321558333333334	8.017657166666666	6.500270166666667	0.8274489739678484	0.988590393820184	0.9081625924740055	0.747375920231895	0.9482126081665814	0.9019332651936424	Specialization	Specialization	Specialization	Specialization	classified
TD	Pbre1_13G073200	Pbre1_13G073400	Prupe.1G309300.1	0.0247151666666666	327.7409405	82.19040983333333	0.771877300613497	0.8316961659565527	0.8114946411399157	0.6329941050960768	0.673391003692129	0.6733669329465501	Specialization	Specialization	Specialization	Specialization	classified
TD	Pbre1_13G139400	Pbre1_13G139600	Prupe.1G265600.1	8.970325166666667	0.1748546666666666	99.73151916666669	0.9384382628303726	0.8196096489160741	0.7731886657674936	0.8015634167506211	0.6062786643976225	0.797204365100003	Specialization	Specialization	Specialization	Specialization	classified
TD	Pbre1_13G160400	Pbre1_13G160600	Prupe.1G252800.1	0.0192143333333333	19.7823785	15.565754833333331	0.9092811841989132	0.8516866778953982	0.5536635203553592	0.6557879776218044	0.3374247197150857	0.3367640680954268	Neofunctionalization(Parent)	Neofunctionalization(Parent)	Neofunctionalization(Parent)	Neofunctionalization(Parent)	classified
TD	Pbre1_13G169200	Pbre1_13G169400	Prupe.1G247700.1	0.0100231666666666	0.4072456666666667	4.485255833333333	1.0	0.3378839385733565	0.8999763484254311	0.446008830395231	0.5227792329196811	0.5046683974518211	Specialization	Specialization	Specialization	Specialization	classified
TD	Pbre1_13G170600	Pbre1_13G170800	Prupe.1G247000.1	32.427058333333335	0.4092055	43.221008833333336	0.5205287825888443	0.7827960040577946	0.550798260799796	0.3271674379110782	0.4678034679235131	0.3262086117865842	Neofunctionalization(Child)	Neofunctionalization(Child)	Neofunctionalization(Child)	Neofunctionalization(Child)	classified
TD	Pbre1_13G179800	Pbre1_13G180000	Prupe.1G241800.1	257.29733650000003	4.575762500000001	102.22283466666669	0.6354758574937334	0.9747818085526324	0.5488163617402531	0.1840979438971385	0.951641216041066	0.1938817141753316	Neofunctionalization(Child)	Neofunctionalization(Child)	Neofunctionalization(Child)	Neofunctionalization(Child)	classified
TD	Pbre1_13G213600	Pbre1_13G213800	Prupe.1G221200.1	0.754146	4.065177	0.0144265	0.7276037316673905	0.5531995406564276	0.7658700504049953	0.735902996171473	0.6207133326905035	0.6362369309037229	Specialization	Specialization	Specialization	Specialization	classified
TD	Pbre1_13G223000	Pbre1_13G223200	Prupe.1G215000.1	4.1357566666666665	0.0852465	6.218037666666667	0.2298685988075547	0.9080182674468388	0.4134214683321729	0.1221705261891896	0.5050189941312583	0.1119108944578949	Neofunctionalization(Child)	Neofunctionalization(Child)	Neofunctionalization(Child)	Neofunctionalization(Child)	classified
TD	Pbre1_13G236200	Pbre1_13G236400	Prupe.1G207900.1	1.5642841666666667	1.3809253333333331	0.5473365	0.7994540437379546	0.9618890011111584	0.596532470646822	0.4959640010624856	0.746807927053781	0.4797144189753464	Specialization	Specialization	Specialization	Specialization	classified
TD	Pbre1_13G264000	Pbre1_13G264200	Prupe.1G122600.1	25.644666333333333	125.63915566666668	151.77947516666666	0.3995636168188817	0.4113815179283757	0.3651046159584385	0.1689133294238311	0.1482721088956821	0.136255945409356	Conservation	Conservation	Conservation	Conservation	classified
TD	Pbre1_13G272400	Pbre1_13G272600	Prupe.1G129400.1	4.581916166666667	33.73248666666667	33.540575	0.1780213317601146	0.1799003830585325	0.3714802827400633	0.1092885756476686	0.1282000507602097	0.1251945495085021	Conservation	Conservation	Conservation	Conservation	classified
TD	Pbre1_13G409200	Pbre1_13G409400	Prupe.1G075600.1	333.5366011666667	44.85896266666667	174.86413383333334	0.5285837517360148	0.3802204638437295	0.3417671733663396	0.1860038899531488	0.1852783918323196	0.1831435794749534	Conservation	Conservation	Conservation	Conservation	classified
TD	Pbre1_13G435600	Pbre1_13G435800	Prupe.1G092000.1	8.083442166666666	10.427521333333331	3.9088046666666663	0.5758842073614174	0.9312408840522324	0.8800782561088306	0.4125237160748718	0.2622298866329239	0.2372469667904964	Neofunctionalization(Parent)	Neofunctionalization(Parent)	Specialization	Neofunctionalization(Parent)	classified
TD	Pbre1_13G486000	Pbre1_13G486200	Prupe.1G002900.1	3.765321	13.103263833333331	117.06058216666666	0.9676457828990768	0.9024666617178432	0.6487829331940025	0.6705225874111561	0.5622664700839278	0.5793169989742368	Specialization	Specialization	Specialization	Specialization	classified
TD	Pbre1_14G030400	Pbre1_14G030600	Prupe.7G115200.1	43.38558016666667	11.874312833333333	8.136589666666667	0.4989204567069107	0.7096717628540448	0.7321571635231122	0.3706937922462796	0.368211561475818	0.3325271541763029	Conservation	Conservation	Conservation	Conservation	classified
TD	Pbre1_14G036800	Pbre1_14G037000	Prupe.7G112400.1	0.5808331666666666	15.8253865	85.49488333333333	0.8226077003211897	0.3064068919896769	0.506677652000796	0.5622857998671261	0.1749881498960981	0.1817730446378578	Neofunctionalization(Parent)	Neofunctionalization(Parent)	Neofunctionalization(Parent)	Neofunctionalization(Parent)	classified
TD	Pbre1_14G080600	Pbre1_14G080800	Prupe.7G087600.1	49.67175983333333	0.0092595	71.04603949999999	0.5118187626398484	1.0	0.3436465326267866	0.188382368074944	0.8476155615579485	0.1882464846482351	Neofunctionalization(Child)	Neofunctionalization(Child)	Neofunctionalization(Child)	Neofunctionalization(Child)	classified
TD	Pbre1_14G097600	Pbre1_14G097800	Prupe.7G078000.1	0.0058138333333333	0.0019683333333333	5.1688725	0.8756276734238423	1.0	0.8299031965462508	0.8216233030122875	1.1182363942788065	0.8746647884145559	Specialization	Specialization	Specialization	Specialization	classified
TD	Pbre1_14G133800	Pbre1_14G134000	Prupe.7G054200.1	21.4773335	0.106231	28.2336225	0.5026717325204114	0.9141516859097544	0.5442938043056773	0.2657251886989955	0.6432624821647701	0.266914945574301	Neofunctionalization(Child)	Neofunctionalization(Child)	Neofunctionalization(Child)	Neofunctionalization(Child)	classified
TD	Pbre1_14G136000	Pbre1_14G136200	Prupe.7G053100.1	119.15468683333332	14.5912615	413.0701916666667	0.5941079977259561	0.9767261467215947	0.523375598732852	0.246011722704268	0.6732979014657577	0.254581135091098	Neofunctionalization(Child)	Neofunctionalization(Child)	Conservation	Neofunctionalization(Child)	classified
TD	Pbre1_14G169200	Pbre1_14G169400	Prupe.7G022800.1	67.13005983333333	52.80773633333333	149.76657533333332	0.2795697002467311	0.477184356573311	0.4024285913317319	0.1684943872462418	0.2154409748024144	0.1865310994116099	Conservation	Conservation	Conservation	Conservation	classified
TD	Pbre1_14G209800	Pbre1_14G210000	Prupe.5G107100.1	68.90283633333334	52.66137416666667	75.89120183333333	0.1836738922249458	0.2927890425925377	0.268366528805824	0.0446116900566692	0.0694854657386675	0.0394116257938252	Conservation	Conservation	Conservation	Conservation	classified
TD	Pbre1_14G240000	Pbre1_14G240200	Prupe.5G125500.1	3.0040248333333333	14.851540333333334	6.5442	0.9313308775095664	0.5008725319966713	0.8038610862464125	0.879285712169141	0.3666220356450453	0.4475805969024036	Neofunctionalization(Parent)	Neofunctionalization(Parent)	Neofunctionalization(Parent)	Neofunctionalization(Parent)	classified
TD	Pbre1_14G244800	Pbre1_14G245000	Prupe.5G127200.1	2.700617333333333	0.0131921666666666	2.976956	0.9995735603456144	0.8792308315772409	0.9990858055319372	0.0053837592476237	1.2022474335769235	0.0040089468138052	Neofunctionalization(Child)	Neofunctionalization(Child)	Neofunctionalization(Child)	Neofunctionalization(Child)	classified
TD	Pbre1_14G264200	Pbre1_14G264400	Prupe.5G137400.1	59.11387466666667	0.0367323333333333	19.2256455	0.4121500682665225	0.8531604334038887	0.7055241599063601	0.4477778925056215	0.8465282959467273	0.4479494588544349	Specialization	Specialization	Specialization	Specialization	classified
TD	Pbre1_14G268200	Pbre1_14G268400	Prupe.5G139900.1	90.59896516666666	0.1599371666666666	181.54872916666667	0.525837893327498	0.9410218004976494	0.7843153846172486	0.3367149851851477	0.91023272974186	0.3372369115465284	Neofunctionalization(Child)	Neofunctionalization(Child)	Neofunctionalization(Child)	Neofunctionalization(Child)	classified
TD	Pbre1_14G303200	Pbre1_14G303400	Prupe.5G158100.1	0.0023201666666666	29.137472833333334	46.664701666666666	1.0	0.2730138996081469	0.4869463578608604	1.0204644598804586	0.1930185553578594	0.1930515561706774	Neofunctionalization(Parent)	Neofunctionalization(Parent)	Neofunctionalization(Parent)	Neofunctionalization(Parent)	classified
TD	Pbre1_14G311000	Pbre1_14G311200	Prupe.5G163200.1	0.394233	16.067983333333334	0.2574513333333333	0.9942730559139588	0.9780096997436925	0.993039590502674	1.3606896335810563	1.320936204175298	1.321827963856738	Specialization	Specialization	Specialization	Specialization	classified
TD	Pbre1_14G333800	Pbre1_14G334000	Prupe.5G173700.1	0.286061	0.9597611666666668	50.73494183333333	0.970408087509907	0.7403721517532462	0.8354192819299003	1.000118298980413	0.6181063227517327	0.6931390460119004	Specialization	Specialization	Specialization	Specialization	classified
TD	Pbre1_14G354600	Pbre1_14G354800	Prupe.5G185400.1	0.0109668333333333	0.1265158333333333	0.2067083333333333	0.8910243467236401	0.8676808647096292	0.9807287002750062	0.8578587631545861	0.4630603127045841	0.4635344080948238	Specialization	Specialization	Specialization	Specialization	classified
TD	Pbre1_14G380000	Pbre1_14G380200	Prupe.5G201200.1	7.275267	9.936808666666666	7.175287166666666	0.3165619431281059	0.2138422024515645	0.4704306532265205	0.1985431076944094	0.2086531832301664	0.201197552947659	Conservation	Conservation	Conservation	Conservation	classified
TD	Pbre1_14G448600	Pbre1_14G448800	Prupe.5G241800.1	6.8527345	0.3057776666666666	103.10788416666666	0.6817857419010761	0.9613579190264232	0.4589464961890799	0.3027512454924914	0.6584982590583579	0.2978732156997379	Neofunctionalization(Child)	Neofunctionalization(Child)	Neofunctionalization(Child)	Neofunctionalization(Child)	classified
TD	Pbre1_15G013000	Pbre1_15G013200	Prupe.1G360900.1	0.5487296666666667	23.2777405	25.395145666666668	0.8642142091862363	0.8045287635775391	0.7798432521274846	0.7856730196446818	0.13288100724678	0.1248455084482337	Neofunctionalization(Parent)	Neofunctionalization(Parent)	Specialization	Neofunctionalization(Parent)	classified
TD	Pbre1_15G027000	Pbre1_15G027200	Prupe.1G369300.1	14.991351833333333	27.252692666666665	46.89478583333334	0.4694948192735272	0.3183812555857295	0.3788191428384768	0.1309855079722436	0.1717283144192129	0.1459385144034058	Conservation	Conservation	Conservation	Conservation	classified
TD	Pbre1_15G030000	Pbre1_15G030200	Prupe.1G370300.1	1.0515405	0.2115921666666666	2.2874615	0.8462503788126211	0.9437808655990476	0.8440016906637775	0.7051013529385617	0.9049043185893192	0.7367931289627798	Specialization	Specialization	Specialization	Specialization	classified
TD	Pbre1_15G036200	Pbre1_15G036400	Prupe.1G372700.1	108.22317066666668	19.69306283333333	1672.3495433333333	0.4709474327091687	0.637426492710226	0.6518473357576884	0.2139054108828412	0.4975752766319609	0.2389416220773329	Neofunctionalization(Child)	Neofunctionalization(Child)	Neofunctionalization(Child)	Neofunctionalization(Child)	classified
TD	Pbre1_15G041400	Pbre1_15G041600	Prupe.1G375700.1	171.51387983333333	1.383785	7.069145333333333	0.8943829901624365	0.8610847585068022	0.8794203775957892	0.8115742712816436	0.7719404578515766	0.8112080790334807	Specialization	Specialization	Specialization	Specialization	classified
TD	Pbre1_15G102000	Pbre1_15G102200	Prupe.1G408900.1	0.7412798333333334	0.103866	4.882488333333334	0.9515997921285296	1.0	0.3594879391467239	0.8412191454324758	0.8477577913334065	0.7528339863561933	Specialization	Specialization	Specialization	Specialization	classified
TD	Pbre1_15G148000	Pbre1_15G148200	Prupe.1G434100.1	0.2422038333333333	2.2587491666666666	22.56260533333333	0.6844295359158752	0.8737270686499927	0.7755713789749279	0.7833388583127936	0.7220832336227636	0.6986994571460693	Specialization	Specialization	Specialization	Specialization	classified
TD	Pbre1_15G167400	Pbre1_15G167600	Prupe.1G447100.1	3.4425975	9.705407	22.92554833333333	0.7658359454955099	0.8027741071148407	0.8884204578256825	0.7403316965063909	0.805711056791792	0.7631171143356953	Specialization	Specialization	Specialization	Specialization	classified
TD	Pbre1_15G185400	Pbre1_15G185600	Prupe.1G456600.1	1.0867878333333334	0.491765	1.0009321666666666	0.7419924338842858	0.8423878382849683	0.9325731977970304	0.4453615226028307	0.2260908202798011	0.3639505315374894	Neofunctionalization(Parent)	Neofunctionalization(Parent)	Specialization	Neofunctionalization(Parent)	classified
TD	Pbre1_15G202600	Pbre1_15G202800	Prupe.1G466200.1	22.45559516666667	23.72629483333333	51.64565383333333	0.182437170955767	0.2202092645841565	0.330838024557028	0.0894361992607274	0.0651571856600093	0.0744033451315363	Conservation	Conservation	Conservation	Conservation	classified
TD	Pbre1_15G206000	Pbre1_15G206200	Prupe.1G468400.1	4.9355745	49.18297433333333	42.187108333333335	0.7436509331375417	0.5162129129256364	0.5988113085895586	0.450308761118493	0.0750567841548556	0.0785670349289328	Neofunctionalization(Parent)	Neofunctionalization(Parent)	Conservation	Neofunctionalization(Parent)	classified
TD	Pbre1_15G245800	Pbre1_15G246000	Prupe.4G281300.1	7.8528945	12.5252605	7.425437166666667	0.7922908111949598	0.9950427252712464	0.8594468320406579	0.5268987560244943	0.540480108123309	0.44261660460141	Specialization	Specialization	Specialization	Specialization	classified
TD	Pbre1_15G246200	Pbre1_15G246400	Prupe.4G281700.1	15.860446666666666	0.2954951666666667	33.934664166666664	0.4759200078493052	0.8169969303087189	0.4175546151207559	0.1297979526794963	0.5357727275838983	0.1313455679473037	Neofunctionalization(Child)	Neofunctionalization(Child)	Neofunctionalization(Child)	Neofunctionalization(Child)	classified
TD	Pbre1_15G260600	Pbre1_15G260800	Prupe.7G267900.1	5.30753	2.9657638333333334	593.8716416666666	0.6595858817036873	0.7384962535495385	0.4505901571476162	0.4756366931203352	0.5497644384716328	0.5014431555665142	Specialization	Specialization	Specialization	Specialization	classified
TD	Pbre1_15G262400	Pbre1_15G262600	Prupe.7G266900.1	89.75937083333334	157.97613266666667	281.589693	0.52134947558235	0.4958218490564151	0.5631633373102215	0.215625114857743	0.2189234916061729	0.2043837565313673	Conservation	Conservation	Conservation	Conservation	classified
TD	Pbre1_15G267400	Pbre1_15G267600	Prupe.7G264800.1	2.881252	18.85703383333333	4.180895333333333	0.5126284235852083	0.481202036266571	0.4119811022771163	0.3254807881564684	0.3012759988830049	0.3023344846486417	Conservation	Conservation	Conservation	Conservation	classified
TD	Pbre1_15G275600	Pbre1_15G275800	Prupe.7G260600.1	35.848914	69.30340333333334	371.63694383333336	0.501017740551178	0.6688419132281676	0.6989951908948633	0.3098986312322337	0.3041222643276384	0.3002646841977167	Conservation	Conservation	Conservation	Conservation	classified
TD	Pbre1_15G279400	Pbre1_15G279600	Prupe.7G258600.1	0.8764756666666667	0.2963293333333333	17.508558	0.9163841890177392	0.7560431877428313	0.6298780087557784	0.5833754570767848	0.4581264562164944	0.5303775954474401	Specialization	Specialization	Specialization	Specialization	classified
TD	Pbre1_15G310200	Pbre1_15G310400	Prupe.7G242400.1	0.4079781666666667	1.7298021666666668	1.3052981666666668	0.9983948970095288	0.8588527562705712	0.9755778124379434	0.1184194889083107	1.1011338747990098	0.8746329079135479	Neofunctionalization(Child)	Neofunctionalization(Child)	Neofunctionalization(Child)	Neofunctionalization(Child)	classified
TD	Pbre1_15G384600	Pbre1_15G384800	Prupe.7G202700.1	9.503795166666666	0.0188013333333333	7.328608833333334	0.9939724701052396	1.0	0.7254022434451415	1.031753411496325	1.1092440022709196	1.0300566190584517	Specialization	Specialization	Specialization	Specialization	classified
TD	Pbre1_15G458400	Pbre1_15G458600	Prupe.7G157300.1	46.316087	78.23447416666667	165.4236065	0.3849758282478859	0.2092129504237145	0.7830512153212172	0.281438961148375	0.3145235694344559	0.2996197686898704	Conservation	Conservation	Conservation	Conservation	classified
TD	Pbre1_15G493600	Pbre1_15G493800	Prupe.7G136800.1	14.110521333333333	14.167648833333333	13.520378833333334	0.9332637815828028	0.9076278844572536	0.2766332204103642	0.6227850034818461	0.5704584628034151	0.5943858808645581	Specialization	Specialization	Neofunctionalization(Child)	Specialization	classified
TD	Pbre1_15G513800	Pbre1_15G514000	Prupe.6G228700.1	8.135488	8.158622833333332	21.970684833333333	0.4257838943684272	0.4270602829743212	0.5733132218564154	0.2142567408760436	0.1135958644169433	0.1598244651956056	Conservation	Conservation	Conservation	Conservation	classified
TD	Pbre1_15G570000	Pbre1_15G570200	Prupe.6G189000.1	7.932262666666666	19.553982166666668	41.033085166666666	0.3335977612493896	0.6189010189028465	0.5091890228517837	0.2308497890204431	0.2161345135455016	0.182641427276694	Conservation	Conservation	Conservation	Conservation	classified
TD	Pbre1_15G574800	Pbre1_15G575000	Prupe.6G185700.1	1.1997938333333331	2.289795166666667	8.4413925	0.8155626166527373	0.849663561508861	0.8676344952657541	0.5986812482920923	0.691302101619971	0.5813705849664433	Specialization	Specialization	Specialization	Specialization	classified
TD	Pbre1_15G672200	Pbre1_15G672400	Prupe.1G522600.1	4.4611358333333335	14.114255833333331	53.5359895	0.4089574580072518	0.5231961244721457	0.6457352761303633	0.3198835170466732	0.3411170877377579	0.3241596622042459	Conservation	Conservation	Conservation	Conservation	classified
TD	Pbre1_15G714800	Pbre1_15G715000	Prupe.1G546100.1	0.399698	1.2679295	7.7491085	0.9315888348365456	0.786313041080888	0.804819705871291	0.6600242720234862	0.4465162128470676	0.4870464112757978	Specialization	Specialization	Specialization	Specialization	classified
TD	Pbre1_15G748800	Pbre1_15G749000	Prupe.1G567800.1	10.778193	10.224801166666667	9.1308265	0.535809729553853	0.1493860167837777	0.5393762952698957	0.3261791196665373	0.1556919774438903	0.2328763770944025	Conservation	Conservation	Conservation	Conservation	classified
TD	Pbre1_15G752400	Pbre1_15G752600	Prupe.1G570300.1	0.0530125	1.4614151666666666	2.200733	1.0	0.9222534789224748	0.7912332008688974	1.0299659537319752	0.8136383678648352	0.7941570307643591	Specialization	Specialization	Specialization	Specialization	classified
TD	Pbre1_15G758600	Pbre1_15G758800	Prupe.1G575200.1	7.126215999999999	4.719328666666667	0.7690341666666667	0.9711568905961744	0.961365121627344	0.8145359600084208	0.9444994712821624	0.9124404359828986	0.9313195230968424	Specialization	Specialization	Specialization	Specialization	classified
TD	Pbre1_16G023200	Pbre1_16G023400	Prupe.1G339000.1	71.9729785	28.025397833333336	79.560184	0.9983519495915866	0.9714045228771	0.8203229497555304	0.9894712137446448	0.8945831462807412	0.9613709020559424	Specialization	Specialization	Specialization	Specialization	classified
TD	Pbre1_16G037400	Pbre1_16G037600	Prupe.1G332200.1	0.7610491666666667	12.864029833333332	79.61869983333334	0.694809855107418	0.6939603955300331	0.4182540384649119	0.4806268232793301	0.4124295108955958	0.4138212862944994	Specialization	Specialization	Specialization	Specialization	classified
TD	Pbre1_16G040600	Pbre1_16G040800	Prupe.1G330900.1	8.299431666666667	0.0324628333333333	25.1041745	0.8445043624907431	0.8988651999814474	0.6647021719313895	0.5941061115532468	0.8380659812809853	0.5928502831417821	Specialization	Specialization	Specialization	Specialization	classified
TD	Pbre1_16G131400	Pbre1_16G131600	Prupe.1G275300.1	0.3119953333333333	0.0526499999999999	100.65367016666669	0.9499290987627852	0.9812129900891357	0.6994071095855607	0.5667498545069551	1.0714286989331077	0.522173354472423	Specialization	Specialization	Specialization	Specialization	classified
TD	Pbre1_16G149400	Pbre1_16G149600	Prupe.1G263400.1	6.755567	5.4347085	0.3138019999999999	0.5909219830234316	0.4854238254578732	0.9854800008203388	0.9862369895679164	1.0158047652851567	0.9966568478110952	Specialization	Specialization	Specialization	Specialization	classified
TD	Pbre1_16G184400	Pbre1_16G184600	Prupe.1G242500.1	10.206495	0.1096605	39.56100433333333	0.358027399904596	0.8928277310924371	0.2585718140241079	0.0855266088164678	0.5399269753925572	0.0882080517266268	Neofunctionalization(Child)	Neofunctionalization(Child)	Neofunctionalization(Child)	Neofunctionalization(Child)	classified
TD	Pbre1_16G234800	Pbre1_16G235000	Prupe.1G211900.1	0.4751736666666666	3.4418333333333333	5.110413	0.6870293752771952	0.4188204836156003	0.9183874936680192	0.8268133328190085	0.6839637868185767	0.6948228603793047	Specialization	Specialization	Specialization	Specialization	classified
TD	Pbre1_16G269800	Pbre1_16G270000	Prupe.1G122600.1	9.085423166666668	97.37934766666666	151.77947516666666	0.5142742186662695	0.2895540051594467	0.3651046159584385	0.3085680831412154	0.1671671016189286	0.1787191563817889	Conservation	Conservation	Conservation	Conservation	classified
TD	Pbre1_16G286200	Pbre1_16G286400	Prupe.1G134500.1	20.294617666666667	13.814682333333334	34.1976495	0.996574588663672	0.99378520646882	0.783132565123735	1.0005692399831123	0.9872227476660488	0.9951439863492684	Specialization	Specialization	Specialization	Specialization	classified
TD	Pbre1_16G304000	Pbre1_16G304200	Prupe.1G146600.1	0.0025074999999999	4.215393499999999	38.563519	1.0	0.9548736864457414	0.7397347432365098	0.8960452490020623	0.4400410267210543	0.4394096476653939	Specialization	Specialization	Specialization	Specialization	classified
TD	Pbre1_16G347400	Pbre1_16G347600	Prupe.1G026800.1	20.64876733333333	23.880724666666666	36.481816333333335	0.3101142806453385	0.5179559081014411	0.2011595381788418	0.0527048485628453	0.1183881674083631	0.0771521604898664	Conservation	Conservation	Conservation	Conservation	classified
TD	Pbre1_16G359200	Pbre1_16G359000	Prupe.1G036700.1	0.866672	14.001092666666668	7.128070833333333	0.974584761676871	0.5841420298106246	0.9958349804699445	0.1262562680101797	0.94834315543656	0.8988182785248308	Neofunctionalization(Child)	Neofunctionalization(Child)	Neofunctionalization(Child)	Neofunctionalization(Child)	classified
TD	Pbre1_16G412800	Pbre1_16G413000	Prupe.1G072000.1	12.0754	43.232658666666666	81.33308016666668	0.7168719787161316	0.4098644931488714	0.6974463930809522	0.20068913171036	0.1923595152345095	0.166351867854878	Conservation	Conservation	Conservation	Conservation	classified
TD	Pbre1_16G482600	Pbre1_16G482800	Prupe.6G211700.1	2.4718353333333334	5.523394	3.4803065	0.8077226028937146	0.3786681087318467	0.8716555429074055	0.7515226381525426	0.5733876922649124	0.6080827937739298	Specialization	Specialization	Specialization	Specialization	classified
TD	Pbre1_17G030000	Pbre1_17G030200	Prupe.3G300300.1	14.790795	6.415613333333333	8.402382	0.4775520147412496	0.3124567093091716	0.4530648882600346	0.2188339315216373	0.1722209362644098	0.1896022211595117	Conservation	Conservation	Conservation	Conservation	classified
TD	Pbre1_17G112200	Pbre1_17G112400	Prupe.3G254600.1	11.299672	20.5290825	21.140284	0.4796710742408158	0.4005039231288915	0.3778002303087778	0.2277657149133033	0.1839082267836692	0.1814064808663922	Conservation	Conservation	Conservation	Conservation	classified
TD	Pbre1_17G123800	Pbre1_17G124000	Prupe.3G247600.1	0.1689615	0.3517198333333333	0.5873885	1.0	0.99785354835527	1.0	0.0	0.0150165437100534	0.0101436635285741	Conservation	Conservation	Conservation	Conservation	classified
TD	Pbre1_17G159800	Pbre1_17G160000	Prupe.3G223900.1	3.8713258333333336	3.606236	6.298314833333333	0.3015887768773534	0.924638208835066	0.7204256384074836	0.3412866714260102	0.7077911016449104	0.410632111166175	Neofunctionalization(Child)	Neofunctionalization(Child)	Neofunctionalization(Child)	Neofunctionalization(Child)	classified
TD	Pbre1_17G163400	Pbre1_17G163600	Prupe.3G222200.1	1.0006493333333333	0.0742781666666666	7.097937666666667	0.9350368821015064	1.0	0.9576697765359204	0.9658581482408284	1.2988644029145728	0.988797815044	Specialization	Specialization	Specialization	Specialization	classified
TD	Pbre1_17G170600	Pbre1_17G170800	Prupe.3G218500.1	10.169214666666663	0.0377266666666666	28.03296283333333	0.852716731000425	0.6705958019060982	0.7937346803855567	0.1483449586755925	0.5752140414555176	0.1466407172465798	Neofunctionalization(Child)	Neofunctionalization(Child)	Neofunctionalization(Child)	Neofunctionalization(Child)	classified
TD	Pbre1_17G225800	Pbre1_17G226000	Prupe.3G187800.1	1.7958235	12.067124166666666	110.22855483333332	0.7716917077669315	0.954481642230378	0.5346880181518336	0.4126187782308862	0.5676381345471131	0.517636408303309	Specialization	Specialization	Specialization	Specialization	classified
TD	Pbre1_17G244400	Pbre1_17G244600	Prupe.3G174600.1	0.3636401666666666	17.530463833333332	34.864831833333334	0.960941948596582	0.8201340629807055	0.7927018394665858	1.0194113190846583	0.7453084459986896	0.7499136164837832	Specialization	Specialization	Neofunctionalization(Parent)	Specialization	classified
TD	Pbre1_17G361600	Pbre1_17G361800	Prupe.3G078400.1	22.270887833333333	0.5995291666666667	11.503228	0.8667905774615503	0.7673367789146781	0.7704191342870443	0.7242622000510401	0.5538106632108182	0.7196548844363791	Specialization	Specialization	Neofunctionalization(Child)	Specialization	classified
TD	Pbre1_17G378600	Pbre1_17G378800	Prupe.3G088100.1	16.813839833333333	20.017559	57.37265816666667	0.70261357157465	0.4761575042396536	0.6169165074625665	0.216659119361279	0.2826536660178967	0.186768881773572	Conservation	Conservation	Conservation	Conservation	classified
TD	Pbre1_17G384800	Pbre1_17G385000	Prupe.3G092100.1	21.000207	32.75046283333333	103.5803605	0.5218702988011834	0.4050625714118812	0.5316825475835386	0.2502291112331111	0.2233613926237469	0.2249489558734264	Conservation	Conservation	Conservation	Conservation	classified
TD	Pbre1_17G398200	Pbre1_17G398400	Prupe.3G097000.1	0.1700631666666666	23.437932166666663	20.672132166666668	0.9450668139066868	0.6517843296750951	0.7575197605716033	0.8064658418933949	0.3895896205873896	0.3921242369663011	Neofunctionalization(Parent)	Neofunctionalization(Parent)	Neofunctionalization(Parent)	Neofunctionalization(Parent)	classified
TD	Pbre1_17G401400	Pbre1_17G401600	Prupe.3G100000.1	0.435068	1.8548963333333333	0.6819911666666667	0.9279817682485548	0.934149466035756	0.5556268035636253	0.5269988017566614	0.5130050575213136	0.5132494608719933	Specialization	Specialization	Specialization	Specialization	classified
TD	Pbre1_17G404600	Pbre1_17G404800	Prupe.3G102000.1	3.685975	1.6007248333333333	1.7622761666666666	0.4002098215811369	0.6281639842732948	0.6341027569787472	0.1783923144904921	0.3102930125529974	0.2099751301082438	Conservation	Conservation	Conservation	Conservation	classified
TD	Pbre1_17G445800	Pbre1_17G446000	Prupe.3G148500.1	0.1043366666666666	0.1602066666666666	5.974624666666666	0.6379825474916508	0.7654184797965528	0.7656655264216139	0.5913613012852441	0.4978921244207072	0.4972617957936106	Specialization	Specialization	Specialization	Specialization	classified
TD	Pbre1_17G448800	Pbre1_17G449000	Prupe.3G150300.1	0.0498233333333333	5.589764833333334	13.661010833333332	0.9283314476296932	0.1308644741984493	0.6391964531595035	0.4576864499054281	0.2502179283051225	0.245171360899731	Neofunctionalization(Parent)	Neofunctionalization(Parent)	Neofunctionalization(Parent)	Neofunctionalization(Parent)	classified
TD	Pbre1_17G476600	Pbre1_17G476800	Prupe.3G017700.1	1.0126868333333332	19.19531083333333	7.203410166666667	0.7717375683199246	0.9519824207331844	0.9289377927336347	0.6035134054825362	0.9978714889679084	0.9773098281491048	Specialization	Specialization	Neofunctionalization(Parent)	Specialization	classified
PD	Pbre1_01G134000	Pbre1_01G132800	Prupe.2G164900.1	0.6319543333333333	34.99848183333333	1.132424	0.356076764282018	0.9980986432154668	0.7719507159045629	0.4895895842684357	0.955777591518441	0.940334185253784	Specialization	Specialization	Specialization	Specialization	classified
PD	Pbre1_01G138600	Pbre1_01G139000	Prupe.2G167900.1	38.68984283333333	10.153371166666666	5.9521543333333335	0.3143988970494263	0.2512520988360517	0.5741795475641528	0.197057921195664	0.173041271940884	0.1901231252125719	Conservation	Conservation	Conservation	Conservation	classified
PD	Pbre1_01G145600	Pbre1_01G146000	Prupe.2G171100.1	4.470214833333333	0.062815	13.847248166666668	0.6615899636520434	0.874551946566039	0.5056483029860424	0.2420249280157003	0.6747828599116853	0.2353583128802724	Neofunctionalization(Child)	Neofunctionalization(Child)	Neofunctionalization(Child)	Neofunctionalization(Child)	classified
PD	Pbre1_01G146400	Pbre1_01G147000	Prupe.2G171300.1	9.495538666666668	9.984045	67.6718455	0.3542965443759086	0.3163429353998322	0.223132807430051	0.1764228949152908	0.1460467536292857	0.1436343335216831	Conservation	Conservation	Conservation	Conservation	classified
PD	Pbre1_01G146600	Pbre1_01G147200	Prupe.2G171400.1	0.841514	0.2247455	42.0904255	0.8293164750631561	0.9893460222936824	0.6155402986490841	0.4137345192409857	0.7267890564514908	0.4561932561963664	Specialization	Specialization	Specialization	Specialization	classified
PD	Pbre1_01G200400	Pbre1_01G199200	Prupe.2G203500.1	0.0203776666666666	0.8028671666666667	0.4899443333333333	0.8293734275061384	0.9877880868979312	0.7192924620091605	0.6961861367095882	0.9900656643725184	0.9669802579690936	Specialization	Specialization	Specialization	Specialization	classified
PD	Pbre1_01G232600	Pbre1_01G233000	Prupe.2G220700.1	12.042641333333334	6.261301	27.572754333333336	0.5940201633639735	0.7197543893043044	0.7761678458738284	0.2258858091370659	0.1987800570834755	0.2085608268300596	Conservation	Conservation	Conservation	Conservation	classified
PD	Pbre1_01G323800	Pbre1_01G325400	Prupe.2G274100.1	0.4662211666666666	1.0543295	2.571023	0.797048295254023	0.8685584992970072	0.6752928619242763	0.4657933445361015	0.507013896723046	0.4787777840345832	Specialization	Specialization	Subfunctionalization	Specialization	classified
PD	Pbre1_01G325600	Pbre1_01G324000	Prupe.2G274500.1	4.411912166666666	3.289061833333333	89.119372	0.5724120133618779	0.5660470852334859	0.6803187973913767	0.4218954738186201	0.3968866387727414	0.4104128295129935	Specialization	Specialization	Conservation	Specialization	classified
PD	Pbre1_01G353000	Pbre1_01G353400	Prupe.2G288800.1	29.818770833333332	64.27533016666666	1837.159353666667	0.9956515654349816	0.9490573539046292	0.799404436569806	1.082797410116652	0.8974078783437686	0.9549317949737414	Specialization	Specialization	Specialization	Specialization	classified
PD	Pbre1_01G368800	Pbre1_01G369400	Prupe.2G295900.1	8.339852666666667	37.47192183333333	78.08069633333334	0.8241977938128227	0.4747777846752393	0.6527250975931579	0.615157122087346	0.1622169232959273	0.1837018651240736	Neofunctionalization(Parent)	Neofunctionalization(Parent)	Neofunctionalization(Parent)	Neofunctionalization(Parent)	classified
PD	Pbre1_01G386800	Pbre1_01G387600	Prupe.2G304900.1	1.6530848333333332	0.2697873333333333	3.2388573333333333	0.4785557744944221	0.9434914718953256	0.8994813915827577	0.4909245655451611	0.9879301908259148	0.5275058239430498	Specialization	Specialization	Specialization	Specialization	classified
PD	Pbre1_01G426400	Pbre1_01G426800	Prupe.2G325300.1	0.5425365	28.48086333333333	111.596582	0.7489621631732637	0.1736002896752381	0.3181330631773624	0.458874836823912	0.1240213994038646	0.1212427557622673	Neofunctionalization(Parent)	Neofunctionalization(Parent)	Neofunctionalization(Parent)	Neofunctionalization(Parent)	classified
PD	Pbre1_01G431800	Pbre1_01G432400	Prupe.2G328200.1	46.906070166666666	15.895645333333333	34.51599866666667	0.7256842194107135	0.7479727255247026	0.5194885668662822	0.2886023324418168	0.3194786498542095	0.2963299481235778	Conservation	Conservation	Conservation	Conservation	classified
PD	Pbre1_01G432000	Pbre1_01G432600	Prupe.2G328300.1	161.16904766666667	0.999185	9.858538833333334	0.6019894804886644	0.7964557415317842	0.2572066324091017	0.3144031484386271	0.4112754729904434	0.3132628547370884	Neofunctionalization(Child)	Neofunctionalization(Child)	Neofunctionalization(Child)	Neofunctionalization(Child)	classified
PD	Pbre1_02G015600	Pbre1_02G016000	Prupe.7G264700.1	16.980472666666667	58.58101416666667	53.14693416666667	0.496657112179205	0.6743335671008921	0.4315482439262	0.0888004287931103	0.3399406495596078	0.2571508088481983	Conservation	Conservation	Conservation	Conservation	classified
PD	Pbre1_02G038200	Pbre1_02G038600	Prupe.7G257000.1	36.38997016666666	0.5953036666666667	14.316199333333332	0.2741548900194417	0.9003215914287033	0.5329646580870231	0.2622075036056466	0.712432310074264	0.2658546572180285	Neofunctionalization(Child)	Neofunctionalization(Child)	Neofunctionalization(Child)	Neofunctionalization(Child)	classified
PD	Pbre1_02G093600	Pbre1_02G092400	Prupe.7G227300.1	14.933103666666668	129.1402503333333	63.44377716666667	0.0939542312209427	0.7303182859395383	0.6595310435950064	0.2452467990898243	0.2893930715224569	0.2629877494503054	Conservation	Conservation	Conservation	Conservation	classified
PD	Pbre1_02G164800	Pbre1_02G165200	Prupe.7G187600.1	50.98349483333333	0.1484713333333333	255.7396313333333	0.3902495421178759	0.9211504841680872	0.5671453251228044	0.2298522361371485	0.634471350740684	0.2291539907512295	Neofunctionalization(Child)	Neofunctionalization(Child)	Neofunctionalization(Child)	Neofunctionalization(Child)	classified
PD	Pbre1_02G172800	Pbre1_02G173200	Prupe.7G182100.1	53.53617716666667	10.0576375	72.96951016666667	0.3467219860026806	0.5675395486749719	0.3721611616126802	0.1283877148601187	0.1197242644839715	0.117450571304244	Conservation	Conservation	Conservation	Conservation	classified
PD	Pbre1_02G200600	Pbre1_02G201000	Prupe.7G168200.1	0.2301153333333333	139.8397775	43.374085666666666	0.9534747107904318	0.9908936655812578	0.7658048666750921	0.4791348199690009	1.0929232716881347	1.091039605791286	Specialization	Specialization	Specialization	Specialization	classified
PD	Pbre1_02G218200	Pbre1_02G218800	Prupe.7G158500.1	17.553137833333334	0.59747	9.846406166666666	1.0	0.8556836894888928	0.9984062101538462	0.0107780448519771	0.5294006405921106	0.0130233450658317	Neofunctionalization(Child)	Neofunctionalization(Child)	Neofunctionalization(Child)	Neofunctionalization(Child)	classified
PD	Pbre1_02G245000	Pbre1_02G245400	Prupe.7G144300.1	4.646012833333334	3.1837193333333333	3.335364	0.4320241147508624	0.3879639389176361	0.5846949660719828	0.2371012359372535	0.2263554433186162	0.226101556118366	Conservation	Conservation	Conservation	Conservation	classified
PD	Pbre1_02G273000	Pbre1_02G271800	Prupe.6G229800.1	89.71349083333332	7.290424333333333	31.582145166666667	0.6817813685084699	0.3889253404173695	0.2560500179805575	0.3636451248810872	0.1403402322335218	0.3424767561221001	Conservation	Conservation	Conservation	Conservation	classified
PD	Pbre1_02G377400	Pbre1_02G378400	Prupe.2G103300.1	1.5199481666666663	0.1274981666666666	15.807870833333332	0.9395523145721308	0.9728371709061104	0.8044407897995036	0.4080857641359277	0.4461867482564744	0.4080456178415991	Specialization	Specialization	Specialization	Specialization	classified
PD	Pbre1_02G412400	Pbre1_02G412800	Prupe.2G065900.1	0.1123774999999999	5.824368333333333	49.09691133333333	0.7935910263519541	0.7898062067232361	0.6733519892756564	0.6677908508013467	0.3406500085891253	0.3357402587411049	Neofunctionalization(Parent)	Neofunctionalization(Parent)	Neofunctionalization(Parent)	Neofunctionalization(Parent)	classified
PD	Pbre1_02G421200	Pbre1_02G422400	Prupe.2G061000.1	39.42734166666666	13.630999666666668	33.57728783333333	0.3832661148847253	0.5342044049348947	0.2562508894621628	0.1713449606179914	0.2005708282383736	0.1691969761263562	Conservation	Conservation	Conservation	Conservation	classified
PD	Pbre1_02G422000	Pbre1_02G422800	Prupe.2G060200.1	0.2860216666666667	5.696587666666667	2.3909985	0.8835346282966103	0.674919959901026	0.6689647730864989	0.5286820559551845	0.4682012344322471	0.4483155658160009	Specialization	Specialization	Specialization	Specialization	classified
PD	Pbre1_02G478600	Pbre1_02G480000	Prupe.2G023300.1	4.949063	23.728983166666666	21.2129075	0.4300666377735742	0.4638679610626441	0.2756642598208286	0.1796578886647212	0.1810108408457466	0.1547179871152026	Conservation	Conservation	Conservation	Conservation	classified
PD	Pbre1_03G057600	Pbre1_03G058000	Prupe.6G033200.1	10.728175	0.2135814999999999	7.0929400000000005	0.3237892285195365	0.819152499305315	0.4999903447261726	0.2138964306346386	0.5256941489828701	0.2147807799230274	Neofunctionalization(Child)	Neofunctionalization(Child)	Neofunctionalization(Child)	Neofunctionalization(Child)	classified
PD	Pbre1_03G113600	Pbre1_03G114400	Prupe.6G061500.1	51.45162366666666	7.450135666666667	75.52110716666667	0.7565132450602745	0.8659703183790395	0.7530936674798154	0.202456489032058	0.2478362337125435	0.1973491336490263	Conservation	Conservation	Conservation	Conservation	classified
PD	Pbre1_03G113800	Pbre1_03G114600	Prupe.6G061600.1	7.987648166666666	6.5720655	75.1940215	0.3621296076225647	0.5536270908722538	0.3500969733191177	0.1599046013999553	0.1963835132921602	0.1574179277752134	Conservation	Conservation	Conservation	Conservation	classified
PD	Pbre1_03G238600	Pbre1_03G239200	Prupe.6G139200.1	148.940373	210.177823	106.1314985	0.6540071953819184	0.562788096235062	0.6357097605919166	0.2851044924766455	0.2056220260540344	0.2353561837148148	Conservation	Conservation	Conservation	Conservation	classified
PD	Pbre1_03G279200	Pbre1_03G279800	Prupe.4G255700.1	10.609437666666668	6.664548	11.470811833333334	0.5379456746585588	0.5471211092477285	0.4385067157858877	0.1456117819917186	0.2288693758408584	0.1088095280194777	Conservation	Conservation	Conservation	Conservation	classified
PD	Pbre1_03G296600	Pbre1_03G297600	Prupe.4G243400.1	9.280629833333334	4.679307333333333	22.616472166666668	0.4072756705383383	0.4775090237889889	0.6184587120562474	0.2728439980611865	0.21436232453457	0.2507139415756715	Conservation	Conservation	Conservation	Conservation	classified
PD	Pbre1_03G408200	Pbre1_03G408800	Prupe.4G159700.1	52.32811566666666	47.68771766666666	275.0289563333333	0.9385716633510596	0.9821797269063528	0.9185667735566	0.7126437807851812	0.976197553597286	0.8374919800762402	Specialization	Specialization	Specialization	Specialization	classified
PD	Pbre1_03G426200	Pbre1_03G426800	Prupe.8G235100.1	10.8329675	1.3423866666666666	43.298342833333336	0.4408545136723506	0.9664581865418688	0.4884466483417776	0.1140750370994177	0.8020928946160136	0.1436897480693751	Neofunctionalization(Child)	Neofunctionalization(Child)	Neofunctionalization(Child)	Neofunctionalization(Child)	classified
PD	Pbre1_04G018200	Pbre1_04G016400	Prupe.1G010400.1	494.5494771666667	439.85837633333335	842.3341508333333	0.4941704724117408	0.5313480844588906	0.6537763245768341	0.2671747364997769	0.2803516001941266	0.2703626657750121	Conservation	Conservation	Conservation	Conservation	classified
PD	Pbre1_04G197600	Pbre1_04G199400	Prupe.6G250900.1	0.3457871666666666	0.0168578333333333	0.5415801666666666	0.9573231804850092	0.858615859729652	0.5558477060055484	0.7381727599622366	0.5632651234562044	0.7278842362556901	Specialization	Specialization	Specialization	Specialization	classified
PD	Pbre1_04G206000	Pbre1_04G206600	Prupe.6G254400.1	7.849341666666667	25.5339565	5.230739	0.9938293057654888	0.9951893724487488	0.9485093471109586	1.2563267347988183	1.2590563929963223	1.258396520257141	Specialization	Specialization	Specialization	Specialization	classified
PD	Pbre1_04G217000	Pbre1_04G215800	Prupe.6G260200.1	5.061045	3.576766166666667	17.66297266666667	0.7236810721300063	0.6689518834547604	0.763052177904477	0.5363422204965741	0.4784799363032928	0.5087956818817053	Specialization	Specialization	Specialization	Specialization	classified
PD	Pbre1_04G256600	Pbre1_04G256200	Prupe.6G281400.1	0.2110611666666666	1.3367745	4.141617833333333	0.9757028729519558	0.9082117753244564	0.4845390815417688	0.679574244275286	0.6594020581231086	0.5500013658398364	Specialization	Specialization	Specialization	Specialization	classified
PD	Pbre1_04G293400	Pbre1_04G294800	Prupe.6G301000.1	10.556765333333331	4.128161	25.93372133333333	0.3510283297750976	0.4056479282724975	0.44189814269529	0.1213577818895015	0.1222641378157665	0.1148530810220969	Conservation	Conservation	Conservation	Conservation	classified
PD	Pbre1_04G306000	Pbre1_04G307000	Prupe.6G306900.1	6.0505495	6.700870999999999	33.344554	0.238741883005123	0.3169074428436628	0.4987387380945532	0.114711809714936	0.1364586281985661	0.1247892148489651	Conservation	Conservation	Conservation	Conservation	classified
PD	Pbre1_04G334800	Pbre1_04G335400	Prupe.6G322700.1	2.174453833333333	13.4450135	20.61567433333333	0.9279359719468026	0.4187030221693158	0.3846919433997372	0.5908130557977541	0.0646652057171428	0.1307623756499641	Neofunctionalization(Parent)	Neofunctionalization(Parent)	Neofunctionalization(Parent)	Neofunctionalization(Parent)	classified
PD	Pbre1_04G342200	Pbre1_04G342600	Prupe.6G326900.1	0.7072998333333333	0.0069846666666666	0.6370618333333333	0.7737379398735115	1.0	0.6595869818628584	0.4324467284202637	0.7281051976913687	0.4312414757165181	Specialization	Specialization	Specialization	Specialization	classified
PD	Pbre1_05G049200	Pbre1_05G049800	Prupe.8G039200.1	0.3065868333333333	1.2151131666666666	0.2078783333333333	0.8181074580820888	0.9965962194413585	0.9746020472980238	0.8729639672023116	0.1162610677540715	0.0845137844299323	Neofunctionalization(Parent)	Neofunctionalization(Parent)	Neofunctionalization(Parent)	Neofunctionalization(Parent)	classified
PD	Pbre1_05G088200	Pbre1_05G089000	Prupe.8G078600.1	0.3908878333333333	9.946669333333332	3.8471235	0.7142611274612344	0.8003707016090432	0.9474415380997134	0.9009837626298536	0.8804938064260379	0.8775475539233711	Specialization	Specialization	Specialization	Specialization	classified
PD	Pbre1_05G108400	Pbre1_05G109000	Prupe.8G091600.1	63.14006666666667	0.288401	235.27391583333332	0.5884209023870407	0.7378781566465838	0.6619369945042195	0.3777974206898112	0.4690548021730673	0.3772158429121161	Neofunctionalization(Child)	Neofunctionalization(Child)	Neofunctionalization(Child)	Neofunctionalization(Child)	classified
PD	Pbre1_05G116400	Pbre1_05G116800	Prupe.8G096100.1	0.0229411666666666	0.0767228333333333	4.358233833333333	1.0	0.9736600404163572	0.7839049983300127	0.659390396568941	0.5704511005338068	0.5887445596545049	Specialization	Specialization	Specialization	Specialization	classified
PD	Pbre1_05G123200	Pbre1_05G123600	Prupe.8G100700.1	1.3240896666666666	5.358173333333333	15.824585666666666	0.7884983122011	0.5613331391781076	0.8400516163195506	0.7035429658737526	0.464229804476841	0.5068356551174166	Specialization	Specialization	Neofunctionalization(Parent)	Specialization	classified
PD	Pbre1_05G242800	Pbre1_05G243200	Prupe.8G176900.1	21.188473166666668	0.0078386666666666	17.19083	0.7072306095332631	0.8548743349844067	0.6050630359614071	0.325984714487547	0.708678584321838	0.3259148980712622	Neofunctionalization(Child)	Neofunctionalization(Child)	Neofunctionalization(Child)	Neofunctionalization(Child)	classified
PD	Pbre1_05G302800	Pbre1_05G304000	Prupe.8G204300.1	18.0899225	0.3387288333333333	32.927519833333335	0.2952236582271501	0.9691909424071284	0.5683696872622177	0.1663733040019012	0.8291202397790558	0.1709647791999199	Neofunctionalization(Child)	Neofunctionalization(Child)	Neofunctionalization(Child)	Neofunctionalization(Child)	classified
PD	Pbre1_05G350000	Pbre1_05G351000	Prupe.8G228700.1	5.893594333333334	22.1120915	36.20077833333333	0.6403450461849199	0.2782312551554087	0.4306675735054409	0.2694889597159537	0.1905092319191169	0.1951117060846963	Conservation	Conservation	Conservation	Conservation	classified
PD	Pbre1_05G377600	Pbre1_05G378000	Prupe.4G138700.1	22.679812833333333	163.412004	148.64952516666668	0.884161903592898	0.3531675602392939	0.4415744104977117	0.613187521882513	0.1792008926807256	0.2202331625367185	Neofunctionalization(Parent)	Neofunctionalization(Parent)	Neofunctionalization(Parent)	Neofunctionalization(Parent)	classified
PD	Pbre1_05G429600	Pbre1_05G428200	Prupe.4G106400.1	0.0305093333333333	23.92678283333333	33.960937	0.9759302781041912	0.5059925890558956	0.2107160633411665	0.8500092432645273	0.137463456032685	0.1373609895403483	Neofunctionalization(Parent)	Neofunctionalization(Parent)	Neofunctionalization(Parent)	Neofunctionalization(Parent)	classified
PD	Pbre1_05G437400	Pbre1_05G437800	Prupe.4G102500.1	9.753038166666666	9.161012166666666	61.39617916666666	0.372800410502445	0.4013923383397711	0.4585100127707658	0.0828144136474894	0.0980658354844387	0.0884410013614327	Conservation	Conservation	Conservation	Conservation	classified
PD	Pbre1_05G540400	Pbre1_05G540800	Prupe.4G039000.1	2.5314316666666667	1.6160591666666666	2.1833975	0.8453196943488157	0.9226979676272598	0.3456628173712295	0.4837751059087042	0.6743972611711302	0.5507944029099622	Specialization	Specialization	Specialization	Specialization	classified
PD	Pbre1_05G541400	Pbre1_05G541800	Prupe.4G038700.1	59.13453666666667	181.0740535	101.06154233333334	0.4073506853501271	0.3768126049276757	0.588863542450379	0.3111032042377173	0.2845016121242535	0.2855682609918284	Conservation	Conservation	Conservation	Conservation	classified
PD	Pbre1_06G014000	Pbre1_06G014600	Prupe.5G009300.1	54.11677366666667	4.063679	59.32760816666666	0.4825124477325603	0.5928464066935604	0.4980713813556946	0.1407266371365051	0.2060283127499695	0.1233082256943575	Conservation	Conservation	Conservation	Conservation	classified
PD	Pbre1_06G070400	Pbre1_06G071400	Prupe.5G048100.1	7.3400765	0.8010265	9.945036833333331	0.9982926502688636	1.0	0.9993986014533782	0.0102972510769692	0.003672998819833	0.0091769222458431	Conservation	Conservation	Conservation	Conservation	classified
PD	Pbre1_06G105600	Pbre1_06G106000	Prupe.5G072800.1	33.39665516666666	8.269617833333333	3496.078226	0.9957399449951276	0.9978762624559112	0.704904728113436	0.9923918880029352	1.001257315159498	0.9941082424529673	Specialization	Specialization	Specialization	Specialization	classified
PD	Pbre1_06G171800	Pbre1_06G171200	Prupe.5G108600.1	61.34572166666667	5.688708166666666	6.6150245000000005	0.8682661511169737	0.9601863060297472	0.9941147272110642	1.0045141778354658	1.2217833941018823	1.021978727194044	Specialization	Specialization	Specialization	Specialization	classified
PD	Pbre1_06G230600	Pbre1_06G231000	Prupe.5G141200.1	0.042938	0.9078455	1.386254	0.8783449550218805	0.8891825330570804	0.7368335824336395	0.601733979456843	0.4583080297430359	0.4624715841903461	Specialization	Specialization	Specialization	Specialization	classified
PD	Pbre1_06G282400	Pbre1_06G281200	Prupe.5G167700.1	1.4531436666666666	1.0015203333333331	0.4381231666666667	0.8879315951264445	0.9755866456411796	0.6760911201682095	0.6720700767056608	0.9636221484870524	0.7906075768033691	Specialization	Specialization	Specialization	Specialization	classified
PD	Pbre1_06G311200	Pbre1_06G311600	Prupe.5G183300.1	8.954837833333332	7.302862	14.244064166666668	0.6694754302592187	0.6136680627851896	0.5263185429899006	0.233247754581834	0.1879473736720071	0.1913986031909745	Conservation	Conservation	Conservation	Conservation	classified
PD	Pbre1_06G344000	Pbre1_06G344400	Prupe.5G203600.1	6.543456333333333	0.031479	295.1928101666667	0.8480161339342468	0.7320325565837886	0.7915065394956559	0.8579513517248376	0.6596291738753027	0.8556077703677679	Specialization	Specialization	Specialization	Specialization	classified
PD	Pbre1_07G015600	Pbre1_07G016200	Prupe.2G012200.1	185.47490866666664	234.46564616666663	693.9585343333333	0.3011151875716507	0.2470703588989931	0.301090066822187	0.1698885964088128	0.1659580991963222	0.1650019322748763	Conservation	Conservation	Conservation	Conservation	classified
PD	Pbre1_07G027400	Pbre1_07G027800	Prupe.2G020700.1	4.973222000000001	2.777489	1.0441686666666667	0.8706510758107777	0.725702689972265	0.7463535293120952	0.5117941387911492	0.5860888385487388	0.414450581751516	Specialization	Specialization	Specialization	Specialization	classified
PD	Pbre1_07G048400	Pbre1_07G049200	Prupe.2G035500.1	11.013885333333333	10.577844666666667	12.900347833333331	0.1735428393911152	0.3492732732998402	0.7022440887371968	0.2450517009996619	0.2638572382687357	0.2484950144853534	Conservation	Conservation	Conservation	Conservation	classified
PD	Pbre1_07G134600	Pbre1_07G135200	Prupe.2G112600.1	26.97125266666667	48.675179666666665	11.004543666666668	0.9820778536427724	0.9432776410638226	0.9005400322081349	1.1135317059348586	0.9915964540105758	1.0331443266580391	Specialization	Specialization	Specialization	Specialization	classified
PD	Pbre1_07G186800	Pbre1_07G187400	Prupe.2G143800.1	24.184316666666668	16.880703333333333	8.3332355	0.6420974958616544	0.5822612498496962	0.4509773287650404	0.2920744671199183	0.1027283199549813	0.1692006763036145	Conservation	Conservation	Conservation	Conservation	classified
PD	Pbre1_07G312400	Pbre1_07G313000	Prupe.2G222200.1	26.9007775	2.4032726666666666	26.611443666666663	0.6854774960768794	0.7208289005287798	0.4853553529456377	0.1438749416686088	0.2108626462111683	0.14871894548191	Conservation	Conservation	Conservation	Conservation	classified
PD	Pbre1_07G333000	Pbre1_07G333600	Prupe.2G235400.1	0.7898803333333334	1.7849596666666667	273.54459	0.8070198219712518	0.901992866866966	0.7484482185464265	0.6631904213512182	0.7077192963947174	0.6829755328228058	Specialization	Specialization	Specialization	Specialization	classified
PD	Pbre1_07G359800	Pbre1_07G358600	Prupe.2G248600.1	2.7797121666666667	1.7832376666666667	14.134585833333333	0.3034639815105239	0.3001789226209073	0.5849312516696676	0.1858862934083003	0.2359094830761914	0.1995760075137051	Conservation	Conservation	Conservation	Conservation	classified
PD	Pbre1_08G030800	Pbre1_08G031600	Prupe.1G369500.1	11.856586666666669	55.254226333333335	5.118426333333333	0.647504002497044	0.5547224349896572	0.7126064100852931	0.4236293682579929	0.5087799373654183	0.4875695452244172	Specialization	Specialization	Conservation	Specialization	classified
PD	Pbre1_08G032600	Pbre1_08G031400	Prupe.1G369900.1	0.091748	8.694092166666666	23.227841666666663	0.9887495658814476	0.4565858521367729	0.4248795192449409	0.7866003862121265	0.1046378409729113	0.1061693562968081	Neofunctionalization(Parent)	Neofunctionalization(Parent)	Neofunctionalization(Parent)	Neofunctionalization(Parent)	classified
PD	Pbre1_08G033600	Pbre1_08G034000	Prupe.1G370300.1	0.5105605	1.6961525	2.2874615	0.9202234476661564	0.9807990229891554	0.8440016906637775	0.8686061265815933	1.0800395901045905	0.9293656440108056	Specialization	Specialization	Specialization	Specialization	classified
PD	Pbre1_08G056400	Pbre1_08G057000	Prupe.1G382400.1	12.882349833333334	13.504244833333336	43.68686683333333	0.6792072862374331	0.4531049751309133	0.3048504626116188	0.2990416056811762	0.1308826391596396	0.2099505817981831	Conservation	Conservation	Conservation	Conservation	classified
PD	Pbre1_08G073200	Pbre1_08G073600	Prupe.1G389500.1	22.958476166666667	14.664108666666667	32.06476	0.5858995843067583	0.3403773073171342	0.5564798074837018	0.3903130773012432	0.277028144902259	0.3427374097002461	Conservation	Conservation	Conservation	Conservation	classified
PD	Pbre1_08G132600	Pbre1_08G133400	Prupe.1G420400.1	0.15822	5.283089833333333	9.811469333333331	0.9062820227222096	0.4434440871654636	0.5343791114534323	0.6496265689424298	0.2180697729371213	0.2286737845805854	Neofunctionalization(Parent)	Neofunctionalization(Parent)	Neofunctionalization(Parent)	Neofunctionalization(Parent)	classified
PD	Pbre1_08G137800	Pbre1_08G138400	Prupe.1G422900.1	0.1946053333333333	0.2979603333333333	27.275186	0.729447228485475	0.6916769501106063	0.4940916107986295	0.5376759085974031	0.4619236450734911	0.4769119615774543	Specialization	Specialization	Specialization	Specialization	classified
PD	Pbre1_08G145800	Pbre1_08G146200	Prupe.1G426700.1	0.364134	0.7692078333333333	1230.11353	0.6828462341437319	0.8570950408863489	0.977363626304722	1.0288321486709562	1.0509361330172078	1.0277148329729473	Specialization	Specialization	Specialization	Specialization	classified
PD	Pbre1_08G161200	Pbre1_08G162200	Prupe.1G434700.1	35.60968166666667	15.028614666666666	31.494177	0.2980396138328846	0.5239124619112744	0.2973075659827157	0.08449970177223	0.1532283297953366	0.0973491425367845	Conservation	Conservation	Conservation	Conservation	classified
PD	Pbre1_08G179200	Pbre1_08G179800	Prupe.1G442500.1	3.404837333333333	13.800904333333332	5.7546705	0.9921962558547408	0.9952619170865346	0.5500954866601013	0.9063719016570204	0.9221711414120553	0.9190400747889168	Specialization	Specialization	Specialization	Specialization	classified
PD	Pbre1_08G332800	Pbre1_08G333400	Prupe.1G531100.1	0.3353203333333333	0.7927218333333333	6.3496421666666665	0.930609239042019	0.924696708485043	0.8641983146741354	0.6540983717751092	0.6176083310104643	0.6282456387469977	Specialization	Specialization	Specialization	Specialization	classified
PD	Pbre1_09G022200	Pbre1_09G022600	Prupe.3G304300.1	11.6747935	16.14735333333333	19.448341166666665	0.5422407591643069	0.5095555360131151	0.5458806205426082	0.2507156778512919	0.1160957598702537	0.1623265001093358	Conservation	Conservation	Conservation	Conservation	classified
PD	Pbre1_09G024000	Pbre1_09G024400	Prupe.3G303500.1	0.1724361666666666	0.100335	1.436673833333333	0.6678525688833112	0.8764943750184724	0.8693027175162994	0.5929227927095876	0.8746326034879586	0.6887235853090685	Specialization	Specialization	Specialization	Specialization	classified
PD	Pbre1_09G076000	Pbre1_09G076400	Prupe.3G272100.1	8.965505666666667	21.2817055	28.8657745	0.5840462785422884	0.3172618714719314	0.5228280847825111	0.2336055734595672	0.2611896146642543	0.2174655144572672	Conservation	Conservation	Conservation	Conservation	classified
PD	Pbre1_09G109400	Pbre1_09G109800	Prupe.3G255700.1	0.9013725	1.6296696666666666	0.0288033333333333	0.5786505423071996	0.3589344343375695	0.8813144258607017	0.520437636183047	0.4665931560892252	0.4781267914436085	Specialization	Specialization	Specialization	Specialization	classified
PD	Pbre1_09G139200	Pbre1_09G139600	Prupe.3G239500.1	0.9667506666666668	0.6228341666666667	3.821580833333333	0.9971163646411544	0.9922790960345204	0.8857967485467944	1.0711393680290284	1.068317430608296	0.8320828337879353	Specialization	Specialization	Specialization	Specialization	classified
PD	Pbre1_09G174000	Pbre1_09G174600	Prupe.3G217800.1	10.500567833333331	0.025693	17.773463500000002	0.6386229595604959	0.8732902405425452	0.6260276728633587	0.1846491680444594	0.7191162593142767	0.1851391347344498	Neofunctionalization(Child)	Neofunctionalization(Child)	Neofunctionalization(Child)	Neofunctionalization(Child)	classified
PD	Pbre1_09G232200	Pbre1_09G232600	Prupe.3G186800.1	0.0697461666666666	0.2506681666666667	96.00105216666668	0.7266900412825879	0.6827576008212549	0.7901072537728586	0.5707056234754043	0.621165677842242	0.5962631965143608	Specialization	Specialization	Specialization	Specialization	classified
PD	Pbre1_09G399000	Pbre1_09G399400	Prupe.3G113500.1	0.2814885	0.0025716666666666	120.92201466666668	0.9048925364815078	1.0	0.8836033748131967	0.7779236634693697	1.191332173307309	0.7816257207602171	Specialization	Specialization	Specialization	Specialization	classified
PD	Pbre1_09G424800	Pbre1_09G425200	Prupe.3G155800.1	0.043161	0.0308113333333333	1.6565368333333332	0.932405412526931	0.8822946114782131	0.6236818079950412	0.7509469522242934	0.8339107945700901	0.5811653440551805	Specialization	Specialization	Specialization	Specialization	classified
PD	Pbre1_09G440600	Pbre1_09G441000	Prupe.3G151000.1	5.796173666666666	10.2642245	20.30737866666667	0.981149463276582	0.8380573938357381	0.9727212351048582	1.2674923688281647	0.5555636140722687	0.6944222947348548	Specialization	Specialization	Specialization	Specialization	classified
PD	Pbre1_09G459800	Pbre1_09G460400	Prupe.3G016700.1	0.029218	2.2081335	13.385415666666669	0.8123091212667383	0.7726505466616713	0.7808389922139515	0.5766269998918482	0.6726758261974137	0.6702123209187418	Specialization	Specialization	Specialization	Specialization	classified
PD	Pbre1_09G467800	Pbre1_09G468400	Prupe.3G013100.1	1.6312483333333334	1.0207253333333333	0.7872558333333334	0.600474903991662	0.9609074998662894	0.9035194835559196	0.6338236575406928	0.95283908665243	0.687421579266113	Specialization	Specialization	Specialization	Specialization	classified
PD	Pbre1_10G041400	Pbre1_10G041800	Prupe.8G034100.1	3.2544271666666664	0.5551429999999999	4059.490699666667	0.9017567906375776	0.7981546416565276	0.7611573714666621	0.8117658607795468	0.6955967533123144	0.7877638821222771	Specialization	Specialization	Specialization	Specialization	classified
PD	Pbre1_10G072800	Pbre1_10G073200	Prupe.8G059200.1	1.6250923333333334	14.7194245	31.990055666666667	0.8193168355274729	0.5168770189395749	0.3573973298181198	0.5293257022531499	0.1769502126837994	0.1901582505602259	Neofunctionalization(Parent)	Neofunctionalization(Parent)	Neofunctionalization(Parent)	Neofunctionalization(Parent)	classified
PD	Pbre1_10G079800	Pbre1_10G080400	Prupe.8G066500.1	4.3724615	1.1396906666666666	1.3590261666666668	0.9418525243178342	0.8439825837323565	0.9656587129439168	1.038315968940874	0.8582246250842179	0.9963968473048564	Specialization	Specialization	Specialization	Specialization	classified
PD	Pbre1_10G142000	Pbre1_10G142400	Prupe.8G111400.1	7.097373	41.31962983333333	28.17491233333333	0.8660718585286175	0.9637386608646036	0.8730819943270992	0.7662331289710198	0.9883062490843402	0.9528456241069518	Specialization	Specialization	Neofunctionalization(Parent)	Specialization	classified
PD	Pbre1_10G173600	Pbre1_10G172400	Prupe.8G136000.1	112.45829966666666	35.27874533333333	88.8324005	0.5996986909117117	0.6815570120628129	0.5262550014951797	0.2868876606154553	0.3686089000363544	0.3041970881102597	Conservation	Conservation	Conservation	Conservation	classified
PD	Pbre1_10G188800	Pbre1_10G189400	Prupe.8G146200.1	19.75424083333333	15.873765166666669	33.17528683333333	0.3415025861118926	0.3819394336424612	0.1936847832931177	0.1581423555829124	0.17847327985699	0.1622336518942976	Conservation	Conservation	Conservation	Conservation	classified
PD	Pbre1_10G229400	Pbre1_10G230000	Prupe.8G170600.1	0.0583471666666666	9.568231833333334	38.192154	1.0	0.996325460891262	0.4570054703348264	0.8736218651243683	0.8524471255933905	0.8525752214581431	Specialization	Specialization	Specialization	Specialization	classified
PD	Pbre1_10G238800	Pbre1_10G237600	Prupe.8G176300.1	1.6171576666666667	0.3550111666666666	41.702132	0.7276132824024624	0.7563270870456792	0.7920955118706894	0.5940557824163428	0.5055340240847029	0.56505227563973	Specialization	Specialization	Specialization	Specialization	classified
PD	Pbre1_10G255800	Pbre1_10G256200	Prupe.8G183600.1	2.592791833333333	4.1515535	9.747962833333334	0.9984749032985965	0.8577634748657104	1.0	0.0089549746581402	0.5587062229618085	0.3461236093069811	Neofunctionalization(Child)	Neofunctionalization(Child)	Neofunctionalization(Child)	Neofunctionalization(Child)	classified
PD	Pbre1_10G281200	Pbre1_10G282200	Prupe.8G196700.1	0.0244638333333333	13.215924166666667	44.81438716666667	0.8979307506302412	0.4219314140616177	0.3196555730150984	0.5012893458453651	0.1911873450587264	0.1903302833238055	Neofunctionalization(Parent)	Neofunctionalization(Parent)	Neofunctionalization(Parent)	Neofunctionalization(Parent)	classified
PD	Pbre1_10G296800	Pbre1_10G297800	Prupe.8G206500.1	0.0153336666666666	14.156173	24.43750333333333	0.8390946179193473	0.2091030833554895	0.2938548690964228	0.5679732403334607	0.118835533983754	0.1184024012312344	Neofunctionalization(Parent)	Neofunctionalization(Parent)	Neofunctionalization(Parent)	Neofunctionalization(Parent)	classified
PD	Pbre1_10G307800	Pbre1_10G308200	Prupe.8G213400.1	22.30514133333333	13.636635833333331	21.73264633333333	0.5993513861888496	0.6904322236891757	0.2990708736504378	0.1331459865675132	0.2771367491907009	0.1201391104045889	Conservation	Conservation	Conservation	Conservation	classified
PD	Pbre1_10G314200	Pbre1_10G314600	Prupe.8G216900.1	0.092234	13.3973895	9.577382	0.8745361997935726	0.8763067187960033	0.7937210193899589	0.5401129196375175	0.4239857844305114	0.4187766080222016	Specialization	Specialization	Neofunctionalization(Parent)	Specialization	classified
PD	Pbre1_10G348600	Pbre1_10G349000	Prupe.4G144400.1	0.0322166666666666	1.106269	4.490178333333334	0.955238999683444	0.6125306065190944	0.9007129392299207	1.0384229403392835	0.5125498136221763	0.521428072053121	Specialization	Specialization	Specialization	Specialization	classified
PD	Pbre1_10G372200	Pbre1_10G372800	Prupe.4G129200.1	8.345482333333333	25.20437	45.505943333333335	0.6401798923277828	0.6869531517284841	0.4047253185824195	0.1325092643459516	0.2281091081663003	0.1871299261992784	Conservation	Conservation	Conservation	Conservation	classified
PD	Pbre1_10G376400	Pbre1_10G377200	Prupe.4G127100.1	0.1005286666666666	0.6470876666666666	0.0910089999999999	0.9711491071479388	0.9861069915137518	0.9459173987492556	0.2157850216395235	1.2140558229935408	1.0590312288177923	Neofunctionalization(Child)	Neofunctionalization(Child)	Specialization	Neofunctionalization(Child)	classified
PD	Pbre1_10G378200	Pbre1_10G378600	Prupe.4G126700.1	8.984387	13.1904025	91.46922783333332	0.484452308498953	0.5760279771245622	0.3510696972526751	0.190497042030571	0.3111729750500791	0.2376206334262558	Conservation	Conservation	Conservation	Conservation	classified
PD	Pbre1_10G424600	Pbre1_10G425400	Prupe.4G091800.1	2.017656	35.14994216666666	32.32807783333333	0.9042385170412504	0.5192151108670023	0.4687196653117181	0.5895818546968447	0.2299564306707384	0.2162167131453057	Neofunctionalization(Parent)	Neofunctionalization(Parent)	Neofunctionalization(Parent)	Neofunctionalization(Parent)	classified
PD	Pbre1_10G461600	Pbre1_10G462200	Prupe.4G072300.1	0.2080578333333333	1.71428	33.27979833333333	0.9947781614571304	0.999414176004618	0.6029056703507691	1.0788546687255591	1.1021748011853385	1.0996236375440598	Specialization	Specialization	Specialization	Specialization	classified
PD	Pbre1_10G512600	Pbre1_10G513200	Prupe.4G044200.1	7.920521666666667	1.850077333333333	65.8893315	0.3410785044472286	0.1292020911519615	0.4491988514946638	0.1408333145435084	0.1396441337687358	0.1351782894586587	Conservation	Conservation	Conservation	Conservation	classified
PD	Pbre1_10G531200	Pbre1_10G531600	Prupe.4G034300.1	1.872407333333333	5.959576	2.2789786666666667	0.955812212362817	0.9492288571859476	0.7082401474933733	0.4846596840315693	0.4731623158997176	0.4750448817640133	Specialization	Specialization	Specialization	Specialization	classified
PD	Pbre1_11G019000	Pbre1_11G017400	Prupe.6G011600.1	0.1711071666666666	2.595384833333333	13.661080166666668	0.9114302940527506	0.7685843853474529	0.9214178776816996	0.7648279752764308	0.5825536133843751	0.5917989391154419	Specialization	Specialization	Specialization	Specialization	classified
PD	Pbre1_11G061000	Pbre1_11G061600	Prupe.6G032700.1	3.2229688333333333	3.301991833333333	48.48980183333333	0.8918997595462926	0.9629867877847212	0.6670263749562998	0.5930799758971124	0.788208265037234	0.5329969019561345	Specialization	Specialization	Specialization	Specialization	classified
PD	Pbre1_11G061400	Pbre1_11G062200	Prupe.6G032900.1	0.0629556666666666	27.8614725	45.94322033333333	0.6938983868374511	0.6556423848057487	0.474259304844751	0.5130821237365136	0.2895013275352098	0.2888910096412774	Neofunctionalization(Parent)	Neofunctionalization(Parent)	Neofunctionalization(Parent)	Neofunctionalization(Parent)	classified
PD	Pbre1_11G082000	Pbre1_11G082600	Prupe.6G048400.1	1.2197755	8.649669666666666	11.0790985	0.9972062513534194	0.9999117496153456	0.6176580651963294	0.9330909630522264	0.9477596924738848	0.945943969126379	Specialization	Specialization	Specialization	Specialization	classified
PD	Pbre1_11G113200	Pbre1_11G114000	Prupe.6G059400.1	3.617305333333333	3.134563	15.0797245	0.2640680237727872	0.3108152422125207	0.7447752190985378	0.3802329368565383	0.3390364490333882	0.3574591607729989	Conservation	Conservation	Conservation	Conservation	classified
PD	Pbre1_11G163800	Pbre1_11G162400	Prupe.6G083500.1	263.49667216666666	186.39717116666668	113.76950683333334	0.2687914265859947	0.3186438258612991	0.6481160582793974	0.2499748310649132	0.2557891566173113	0.2456738643608507	Conservation	Conservation	Conservation	Conservation	classified
PD	Pbre1_11G189400	Pbre1_11G187600	Prupe.6G093900.1	3.7104441666666665	1.3464665	3.6707055	0.7091638783008829	0.8617298683125453	0.902988177843522	0.4333585598922287	0.8342569547771166	0.5117866193112066	Specialization	Specialization	Specialization	Specialization	classified
PD	Pbre1_11G191600	Pbre1_11G190200	Prupe.6G094600.1	0.1471133333333333	2.5265511666666667	9.490242666666669	0.928318379784238	0.8569320378681968	0.59563491657051	0.6109574922655342	0.5209921415386453	0.5240644218176925	Specialization	Specialization	Specialization	Specialization	classified
PD	Pbre1_11G274400	Pbre1_11G275000	Prupe.6G150900.1	5.048028333333333	0.2780588333333333	11.307663166666666	0.9208757896863224	0.984602741989834	0.6327303865671958	0.6559979236763306	0.9083433956250968	0.6681970687641945	Specialization	Specialization	Specialization	Specialization	classified
PD	Pbre1_11G274400	Pbre1_11G275200	Prupe.6G150900.1	5.048028333333333	0.0196988333333333	11.307663166666666	0.9208757896863224	0.9362970069499448	0.6327303865671958	0.6559979236763306	0.7536546423462303	0.6560868386251183	Specialization	Specialization	Specialization	Specialization	classified
PD	Pbre1_11G284200	Pbre1_11G285000	Prupe.6G156800.1	28.606101666666667	35.901952666666666	67.855632	0.5125149366429986	0.4766202581452108	0.4856514858128229	0.1721713196730367	0.1872177143985026	0.1786244518774844	Conservation	Conservation	Conservation	Conservation	classified
PD	Pbre1_11G297200	Pbre1_11G295400	Prupe.4G259400.1	1.6968125	2.104174	36.6022005	0.9591905666636508	0.9514450295774464	0.8057346310155629	0.6299491427826597	0.6198439264580403	0.6232243510456632	Specialization	Specialization	Specialization	Specialization	classified
PD	Pbre1_11G323600	Pbre1_11G324000	Prupe.4G237500.1	0.1580035	2.4129056666666666	11.129682166666669	0.7904903423951897	0.550176500093698	0.6802151898955866	0.4416077320666193	0.4150420460489402	0.402244205476553	Specialization	Specialization	Neofunctionalization(Parent)	Specialization	classified
PD	Pbre1_11G334400	Pbre1_11G335600	Prupe.4G227500.1	1.4881988333333334	6.338653833333334	32.139702166666666	0.8165836750791862	0.3138941845576783	0.5079301943300785	0.4745371124997689	0.1852906634336757	0.2191022545140024	Neofunctionalization(Parent)	Neofunctionalization(Parent)	Neofunctionalization(Parent)	Neofunctionalization(Parent)	classified
PD	Pbre1_11G355000	Pbre1_11G355600	Prupe.4G213500.1	53.28672583333333	17.7743605	273.2370725	0.4730869908396035	0.4652894073345218	0.3464778155887107	0.1375666628902032	0.0995050172204658	0.121763551608959	Conservation	Conservation	Conservation	Conservation	classified
PD	Pbre1_11G423200	Pbre1_11G423800	Prupe.4G171500.1	0.1124583333333333	4.472818999999999	16.774363833333332	1.0	0.3426401859828553	0.6065074955521018	0.9707267191757148	0.2085523438145825	0.2114407933521712	Neofunctionalization(Parent)	Neofunctionalization(Parent)	Neofunctionalization(Parent)	Neofunctionalization(Parent)	classified
PD	Pbre1_11G444400	Pbre1_11G442800	Prupe.4G157100.1	2.4575068333333334	1.072574666666667	0.2463783333333333	0.6167540445393773	0.8649362056393531	0.7812900877629028	0.6538499048935553	0.7644365374630283	0.6544876253835752	Specialization	Specialization	Specialization	Specialization	classified
PD	Pbre1_11G474200	Pbre1_11G475600	Prupe.8G241100.1	1.7776066666666668	0.0799163333333333	5.679007	0.9334318064378668	0.7206290333061739	0.8699350521442207	0.782292971217288	0.7654076549403983	0.7636263122364252	Specialization	Specialization	Specialization	Specialization	classified
PD	Pbre1_11G478400	Pbre1_11G478800	Prupe.8G242400.1	3.0703481666666668	0.2215188333333333	2.5033238333333334	1.0	0.9538465384950172	0.992576488745782	0.0400915584201886	0.1954789470026899	0.0280784028899008	Conservation	Conservation	Conservation	Conservation	classified
PD	Pbre1_11G485400	Pbre1_11G485800	Prupe.8G246000.1	22.92619	318.6052495	50.365085	0.2195377697320611	0.3649246191761233	0.6777365872252915	0.2497245150103395	0.3451205725274879	0.3383926793788279	Conservation	Conservation	Conservation	Conservation	classified
PD	Pbre1_11G492000	Pbre1_11G490800	Prupe.8G249600.1	39.32348283333333	6.389904	69.046992	0.385252339537424	0.3161841356818352	0.3679133824166653	0.1863661114461644	0.1760738120087087	0.1720546753220003	Conservation	Conservation	Conservation	Conservation	classified
PD	Pbre1_11G517000	Pbre1_11G517600	Prupe.8G260100.1	4.595841	0.4444993333333333	339.2121453333333	0.9861986019776694	0.9898131327977908	0.6937360273941986	0.9810090163671198	0.9958810320099276	0.9823107111854849	Specialization	Specialization	Specialization	Specialization	classified
PD	Pbre1_12G034400	Pbre1_12G035000	Prupe.7G115700.1	16.207871	53.711851333333335	159.432166	0.6106777332728299	0.3656028754820432	0.6088743063908595	0.3158171792815901	0.1842843526164157	0.1993177577275244	Conservation	Conservation	Conservation	Conservation	classified
PD	Pbre1_12G177400	Pbre1_12G177800	Prupe.7G122600.1	32.0474135	0.0425395	66.443973	0.6136043874836792	0.7489157520810138	0.7078962711959937	0.0892405018458245	0.59352721500808	0.0894349359815194	Neofunctionalization(Child)	Neofunctionalization(Child)	Neofunctionalization(Child)	Neofunctionalization(Child)	classified
PD	Pbre1_12G177400	Pbre1_12G178000	Prupe.7G122600.1	32.0474135	0.0731643333333333	66.443973	0.6136043874836792	0.8386470646340258	0.7078962711959937	0.0892405018458245	0.4519765490056315	0.0887797545395975	Neofunctionalization(Child)	Neofunctionalization(Child)	Neofunctionalization(Child)	Neofunctionalization(Child)	classified
PD	Pbre1_12G182400	Pbre1_12G183400	Prupe.7G124700.1	2.2266298333333334	10.503230833333332	23.01911233333333	0.4083049356426006	0.3380352496689124	0.3007803889125046	0.1976177516525938	0.0827855568698633	0.0794392711507608	Conservation	Conservation	Conservation	Conservation	classified
PD	Pbre1_12G265400	Pbre1_12G265800	Prupe.6G267700.1	0.4690168333333333	0.187139	100.47963583333332	0.9961458902668228	0.8464522710849348	0.978126859622216	1.2749310397907518	0.6900252185441361	1.108081941559007	Specialization	Specialization	Specialization	Specialization	classified
PD	Pbre1_12G307400	Pbre1_12G307800	Prupe.6G289400.1	8.1161955	1.326084	109.802231	0.8667922164301295	0.9905196670905944	0.9220812472932554	0.4156201511923276	1.1723434875758798	0.5111905267911784	Specialization	Specialization	Specialization	Specialization	classified
PD	Pbre1_12G376400	Pbre1_12G376800	Prupe.6G331800.1	16.752189	0.9164926666666666	33.70868433333333	0.695054306343879	0.9455393369069478	0.503969170405449	0.2115283783692384	0.6821566604908399	0.1869514752117258	Neofunctionalization(Child)	Neofunctionalization(Child)	Neofunctionalization(Child)	Neofunctionalization(Child)	classified
PD	Pbre1_12G380200	Pbre1_12G380600	Prupe.6G333600.1	20.978306166666663	14.546366166666669	15.101750833333334	0.7104906040091755	0.3557878165032866	0.2503970080284025	0.3299768825809078	0.1361496602225154	0.1819391132152925	Conservation	Conservation	Conservation	Conservation	classified
PD	Pbre1_12G385400	Pbre1_12G386200	Prupe.6G335800.1	0.0393075	35.10062216666667	86.91819100000001	1.0	0.4236475385436866	0.6107302945056191	1.0155212037907606	0.2374996762440986	0.2375267467356936	Neofunctionalization(Parent)	Neofunctionalization(Parent)	Neofunctionalization(Parent)	Neofunctionalization(Parent)	classified
PD	Pbre1_12G388000	Pbre1_12G388400	Prupe.6G336800.1	19.829218166666667	0.5103131666666666	103.53016283333332	0.6477688177595416	0.9944049342079864	0.7519581639880597	0.3222175445382629	0.8410536689594533	0.3193725385745479	Neofunctionalization(Child)	Neofunctionalization(Child)	Neofunctionalization(Child)	Neofunctionalization(Child)	classified
PD	Pbre1_12G411800	Pbre1_12G412200	Prupe.6G350400.1	1.0233586666666663	21.092455666666662	58.004063	0.9277335331087118	0.2327507368073339	0.3655287129848591	0.7315722824331801	0.1182056695798416	0.1340056594532823	Neofunctionalization(Parent)	Neofunctionalization(Parent)	Neofunctionalization(Parent)	Neofunctionalization(Parent)	classified
PD	Pbre1_12G422000	Pbre1_12G423200	Prupe.6G356300.1	14.3492095	2.9687976666666667	85.25281	0.5213348793456518	0.6855022716966526	0.7002955217399037	0.2774621041255035	0.4992162146054446	0.2932635485559762	Neofunctionalization(Child)	Neofunctionalization(Child)	Conservation	Neofunctionalization(Child)	classified
PD	Pbre1_13G069200	Pbre1_13G069800	Prupe.1G310900.1	8.2404695	0.0723868333333333	30.863258	0.8443581085345846	0.7458104794223299	0.8415387352236963	0.4653841651100924	0.5317106695317281	0.4609434425676786	Specialization	Specialization	Specialization	Specialization	classified
PD	Pbre1_13G096600	Pbre1_13G097000	Prupe.1G294200.1	0.8237273333333334	8.885494666666666	56.302029833333336	0.900071062508913	0.4579089955603685	0.3725595489480495	0.4945989881886904	0.140971199218675	0.091169881002785	Neofunctionalization(Parent)	Neofunctionalization(Parent)	Neofunctionalization(Parent)	Neofunctionalization(Parent)	classified
PD	Pbre1_13G194800	Pbre1_13G195400	Prupe.1G232600.1	0.6424973333333334	4.8783655	5.764240333333333	0.69609468492062	0.438374707025342	0.8277624428244337	0.7778121979874536	0.5699670753097459	0.592174876852284	Specialization	Specialization	Specialization	Specialization	classified
PD	Pbre1_13G195200	Pbre1_13G195600	Prupe.1G232400.1	11.321673833333334	30.290568666666665	14.567179333333334	0.5011829371880825	0.4437647516729893	0.6139757899390359	0.3772927253217339	0.3011759884180376	0.3028818838847457	Conservation	Conservation	Conservation	Conservation	classified
PD	Pbre1_13G277800	Pbre1_13G278200	Prupe.1G124100.1	16.594078500000002	34.597619333333334	6.303345333333334	0.8953661321402355	0.6610520872920994	0.9416149390825244	0.9872724650648712	0.848412423953721	0.8817373628298395	Specialization	Specialization	Specialization	Specialization	classified
PD	Pbre1_13G352800	Pbre1_13G353800	Prupe.1G033200.1	31.887949166666665	20.80625733333333	62.82057983333333	0.4225406558373006	0.5068951877375776	0.3270866785640883	0.065561497686247	0.0810953456560434	0.064953783485604	Conservation	Conservation	Conservation	Conservation	classified
PD	Pbre1_13G429400	Pbre1_13G429800	Prupe.1G086600.1	19.3681645	25.593749666666668	66.708958	0.6831492695355801	0.5370167191811315	0.725024322917684	0.0965561622771866	0.1578983070996452	0.1186936121860209	Conservation	Conservation	Conservation	Conservation	classified
PD	Pbre1_13G465200	Pbre1_13G466000	Prupe.1G098200.1	64.77776633333333	58.57756866666666	270.5806573333333	0.753583894026893	0.7275974430358676	0.4727991875050767	0.2465179598638629	0.2360674573777446	0.2335593110136766	Conservation	Conservation	Conservation	Conservation	classified
PD	Pbre1_13G484800	Pbre1_13G485400	Prupe.1G006100.1	9.2374845	3.5589241666666664	10.085840833333332	0.3100877205306278	0.3171945669555668	0.4366524494368557	0.1663289767603161	0.1319405544590015	0.1555234689097958	Conservation	Conservation	Conservation	Conservation	classified
PD	Pbre1_14G023000	Pbre1_14G023400	Prupe.7G119400.1	13.5220175	0.2713848333333333	11.882095833333334	0.5080101735985394	0.8379850174692441	0.9043003193184044	0.5940883348201541	0.694340983425386	0.591922721056577	Specialization	Specialization	Neofunctionalization(Child)	Specialization	classified
PD	Pbre1_14G080600	Pbre1_14G081400	Prupe.7G087600.1	49.67175983333333	0.0360965	71.04603949999999	0.5118187626398484	0.8999231030350054	0.3436465326267866	0.188382368074944	0.6458038128201637	0.1885132258270474	Neofunctionalization(Child)	Neofunctionalization(Child)	Neofunctionalization(Child)	Neofunctionalization(Child)	classified
PD	Pbre1_14G080600	Pbre1_14G081600	Prupe.7G087600.1	49.67175983333333	0.0480768333333333	71.04603949999999	0.5118187626398484	0.8044062892132999	0.3436465326267866	0.188382368074944	0.5224221915119602	0.1878306516683099	Neofunctionalization(Child)	Neofunctionalization(Child)	Neofunctionalization(Child)	Neofunctionalization(Child)	classified
PD	Pbre1_14G107800	Pbre1_14G108200	Prupe.7G072500.1	0.085515	4.324632833333333	44.16228566666667	0.8203270682255439	0.5703082281371626	0.4982614994768616	0.4144564422055816	0.172369471270654	0.1717288063837986	Neofunctionalization(Parent)	Neofunctionalization(Parent)	Neofunctionalization(Parent)	Neofunctionalization(Parent)	classified
PD	Pbre1_14G159000	Pbre1_14G160000	Prupe.7G034500.1	7.092934166666667	11.855674833333332	39.441719	0.3449242996413343	0.1881781757633464	0.2804146712310006	0.1000822754741932	0.0996269750108228	0.0919223586854593	Conservation	Conservation	Conservation	Conservation	classified
PD	Pbre1_14G199800	Pbre1_14G200200	Prupe.5G103800.1	0.0240706666666666	0.5757950000000001	66.28999166666667	0.93193258593808	0.5279736229107195	0.5739686305421989	0.7802591458005406	0.3930328537010781	0.4022517415157174	Specialization	Specialization	Specialization	Specialization	classified
PD	Pbre1_14G317200	Pbre1_14G317600	Prupe.5G165400.1	0.8974551666666667	0.1549933333333333	2.4041308333333333	0.9420858798735512	0.8979148732974498	0.6375507259797925	0.5559732145800496	0.4579532980690138	0.5392213115340728	Specialization	Specialization	Specialization	Specialization	classified
PD	Pbre1_14G317400	Pbre1_14G317800	Prupe.5G165500.1	13.340777666666666	24.451370333333333	152.98281916666664	0.4908170951669043	0.5360264978919796	0.9400222478429772	0.5866113294072135	0.6266814930122225	0.6124542153925535	Specialization	Specialization	Specialization	Specialization	classified
PD	Pbre1_14G324600	Pbre1_14G325000	Prupe.5G168500.1	11.119753666666666	16.704367333333334	30.47450033333333	0.3883037477972731	0.230216541409111	0.5338409656487831	0.2199073307869694	0.2448716223092981	0.2230237505751341	Conservation	Conservation	Conservation	Conservation	classified
PD	Pbre1_14G377000	Pbre1_14G377400	Prupe.5G199900.1	0.9094465	1.9387075	5.495292166666667	0.6480015052631101	0.8301816830925342	0.7577654082964941	0.4068207451286302	0.5746260681670307	0.4688360737819911	Specialization	Specialization	Specialization	Specialization	classified
PD	Pbre1_14G412000	Pbre1_14G412800	Prupe.5G220000.1	0.0058481666666666	27.672415666666662	96.93642916666668	1.0	0.4911138706385075	0.3513871069280325	1.0154517013007622	0.1403254559045514	0.1403748631385242	Neofunctionalization(Parent)	Neofunctionalization(Parent)	Neofunctionalization(Parent)	Neofunctionalization(Parent)	classified
PD	Pbre1_15G030400	Pbre1_15G030800	Prupe.1G370400.1	1.504878333333333	13.2545265	17.0020015	0.1958903797298025	0.5825987952910006	0.5039543701641185	0.1752130929190697	0.1853930028768198	0.1738835472381559	Conservation	Conservation	Conservation	Conservation	classified
PD	Pbre1_15G030600	Pbre1_15G031000	Prupe.1G370500.1	0.2856015	0.3128553333333333	11.361627333333333	0.8013717893394963	0.8158660516590064	0.7252140357441172	0.4990938154531916	0.4256561646419213	0.4509664338875636	Specialization	Specialization	Specialization	Specialization	classified
PD	Pbre1_15G087400	Pbre1_15G088400	Prupe.1G401600.1	0.6494683333333333	0.0236553333333333	6.834725833333334	0.7568674676873881	0.875168215315604	0.6427715597186079	0.4682984968166881	0.5340998502612517	0.4448071164712888	Specialization	Specialization	Specialization	Specialization	classified
PD	Pbre1_15G089800	Pbre1_15G090400	Prupe.1G402500.1	8.175317333333332	11.159907	31.12199133333333	0.3177981672496227	0.3993965054131457	0.4651012367288754	0.1130921949099267	0.1023617126320158	0.0846268296980216	Conservation	Conservation	Conservation	Conservation	classified
PD	Pbre1_15G106000	Pbre1_15G106800	Prupe.1G410800.1	17.467946166666668	15.805083666666668	59.61068483333334	0.3828002262105269	0.4879622444035071	0.5732778915688587	0.2510087984109588	0.2066045929036971	0.2020747832978928	Conservation	Conservation	Conservation	Conservation	classified
PD	Pbre1_15G171800	Pbre1_15G172600	Prupe.1G450000.1	0.3963028333333332	0.617905	1.103214666666667	0.9625982614824974	0.8750584818130107	0.7542909163875635	0.7764397933778875	0.5779800679464788	0.6485033596542197	Specialization	Specialization	Specialization	Specialization	classified
PD	Pbre1_15G311200	Pbre1_15G311600	Prupe.7G241900.1	0.7745161666666667	4.013588	0.8075115	0.7570105173250361	0.6632861784678639	0.960860504934989	0.9199274163846152	0.5952948476248848	0.6473100367564218	Specialization	Specialization	Specialization	Specialization	classified
PD	Pbre1_15G384600	Pbre1_15G385000	Prupe.7G202700.1	9.503795166666666	0.2126831666666666	7.328608833333334	0.9939724701052396	0.8115937573714607	0.7254022434451415	1.031753411496325	0.8148293586212967	1.0221076883486564	Specialization	Specialization	Specialization	Specialization	classified
PD	Pbre1_15G415800	Pbre1_15G416200	Prupe.7G182300.1	8.059218166666666	0.1188358333333333	1.4729743333333334	0.536849737528984	0.8998722484483552	0.9993889405040968	1.0192690790971153	0.42554306689514	1.00991651768465	Specialization	Specialization	Specialization	Specialization	classified
PD	Pbre1_15G662400	Pbre1_15G662800	Prupe.1G516400.1	0.0338405	11.665240333333331	0.6627171666666667	0.8131114117490139	0.7294208159596948	0.9322929956460532	0.9490452362678626	0.7718981813302211	0.7721358198944581	Specialization	Specialization	Specialization	Specialization	classified
PD	Pbre1_15G675400	Pbre1_15G676200	Prupe.1G523800.1	0.0421088333333333	3.702640166666667	16.2231815	0.9528860589877888	0.6915877492275698	0.8843138037075736	1.0122102227900387	0.7142262225827047	0.7121605450575731	Specialization	Specialization	Neofunctionalization(Parent)	Specialization	classified
PD	Pbre1_15G694200	Pbre1_15G694600	Prupe.1G533000.1	43.00163	1.9972668333333328	5.8693550000000005	0.978782920740822	0.8261946634891324	0.8957807487095284	1.1284244624109792	0.7204597617282872	1.0918596138026333	Specialization	Specialization	Specialization	Specialization	classified
PD	Pbre1_15G694800	Pbre1_15G695400	Prupe.1G533100.1	0.0725711666666666	0.0239436666666666	0.9639371666666668	0.8885725218411273	0.8073575030405727	0.724965144180916	0.5856560471980821	0.4044588408782411	0.532709742260984	Specialization	Specialization	Specialization	Specialization	classified
PD	Pbre1_15G733000	Pbre1_15G733800	Prupe.1G558600.1	3.475162833333333	10.967533333333334	1.246016	0.986714631974418	0.8646269903331273	0.9854990189632672	1.2717591104530404	1.169365062381141	1.0850162229511318	Specialization	Specialization	Specialization	Specialization	classified
PD	Pbre1_15G744600	Pbre1_15G745200	Prupe.1G566100.1	4.252763	0.2221405	17.662681	0.2298336504286489	0.7974427201942651	0.3868746532647693	0.1319626241022934	0.4892289991527576	0.1386574065737865	Neofunctionalization(Child)	Neofunctionalization(Child)	Neofunctionalization(Child)	Neofunctionalization(Child)	classified
PD	Pbre1_15G766000	Pbre1_15G766400	Prupe.1G578800.1	21.1857135	23.980429666666662	21.297187666666662	0.2209696448810418	0.5109642171375854	0.5646658439378458	0.270738419196997	0.2967667079050402	0.2741955984310216	Conservation	Conservation	Conservation	Conservation	classified
PD	Pbre1_16G124200	Pbre1_16G124800	Prupe.1G278500.1	0.0606568333333333	0.029351	1.5441266666666666	1.0	0.8777035559378488	0.5289214115107627	0.9075343494699596	0.5601044190273948	0.7707526073318778	Specialization	Specialization	Specialization	Specialization	classified
PD	Pbre1_16G145000	Pbre1_16G145400	Prupe.1G265600.1	4.926991	7.731336166666667	99.73151916666669	0.8777463394023352	0.8931746971872231	0.7731886657674936	0.6617492314832795	0.6650716399434208	0.659145124542827	Specialization	Specialization	Specialization	Specialization	classified
PD	Pbre1_16G145200	Pbre1_16G145600	Prupe.1G265500.1	0.2446291666666666	2.203509	68.48232266666666	1.0	0.716773105779145	0.4624036739552813	0.9735709519065204	0.4476582866743477	0.4845415524972614	Specialization	Specialization	Specialization	Specialization	classified
PD	Pbre1_16G325800	Pbre1_16G326200	Prupe.1G011900.1	4.3655555	0.6232828333333333	1.4952258333333337	0.8589837368048773	0.74922282853048	0.978598687068871	0.9998176315804396	0.7084965037132318	0.9633039905770808	Specialization	Specialization	Specialization	Specialization	classified
PD	Pbre1_16G488400	Pbre1_16G488800	Prupe.5G018900.1	0.1101053333333333	0.2487601666666666	34.24159983333333	0.8626140780045862	0.9078505234497872	0.2573002908907636	0.5650659302085831	0.6520817719582638	0.5679936283902896	Specialization	Specialization	Specialization	Specialization	classified
PD	Pbre1_17G047200	Pbre1_17G046800	Prupe.3G291000.1	1.902224	1.8125876666666667	1.2654793333333332	0.633773572315721	0.3694949437097535	0.8676293593170028	0.6705507547790607	0.644236223349427	0.6458532893029632	Specialization	Specialization	Specialization	Specialization	classified
PD	Pbre1_17G083400	Pbre1_17G084200	Prupe.3G269000.1	0.9735441666666668	13.230816666666666	44.94615216666666	0.81401783195042	0.2838205165373	0.3547353697147318	0.4347787042340743	0.1292940464500794	0.1450811290024045	Neofunctionalization(Parent)	Neofunctionalization(Parent)	Neofunctionalization(Parent)	Neofunctionalization(Parent)	classified
PD	Pbre1_17G099600	Pbre1_17G100200	Prupe.3G261200.1	3.3671033333333336	0.0117893333333333	4.767970666666667	0.9173340728332828	1.0	0.5432740268421865	0.4741819701551508	0.921427421847727	0.4712403737374301	Specialization	Specialization	Specialization	Specialization	classified
PD	Pbre1_17G101600	Pbre1_17G102000	Prupe.3G259900.1	6.8937550000000005	0.0125066666666666	6.186894166666667	0.4462839021664914	1.0	0.6085403976591043	0.2847719405411992	0.9725185371869204	0.2854543120152326	Neofunctionalization(Child)	Neofunctionalization(Child)	Neofunctionalization(Child)	Neofunctionalization(Child)	classified
PD	Pbre1_17G117600	Pbre1_17G116000	Prupe.3G250800.1	24.87554833333333	1.0034223333333332	46.0867035	0.2988524402945542	0.996793057824461	0.2939752515075116	0.1176680341146952	0.8679319466904731	0.1037338135636705	Neofunctionalization(Child)	Neofunctionalization(Child)	Neofunctionalization(Child)	Neofunctionalization(Child)	classified
PD	Pbre1_17G211400	Pbre1_17G211800	Prupe.3G193900.1	0.7026635	0.0900381666666666	0.4742248333333333	0.7630383275983583	0.8494216286547716	0.8806998604565826	0.6380732640030896	0.7210746970366607	0.5993057912897105	Specialization	Specialization	Specialization	Specialization	classified
PD	Pbre1_17G283200	Pbre1_17G283800	Prupe.3G027700.1	0.0019761666666666	3.3521756666666667	1.559361166666667	1.0	0.9995810474908836	0.8691575939459325	1.1792063793467535	0.4474366700864641	0.4469068022895254	Specialization	Specialization	Specialization	Specialization	classified
PD	Pbre1_17G417400	Pbre1_17G418000	Prupe.3G122900.1	17.501305666666667	13.832364833333331	61.533651500000005	0.2980252779743124	0.2968826176959961	0.3507981794559568	0.1747528439252195	0.1272364624091967	0.1501140594768886	Conservation	Conservation	Conservation	Conservation	classified
PD	Pbre1_17G444600	Pbre1_17G445200	Prupe.3G148000.1	0.0548655	13.952951666666667	29.368444	0.8710619270065699	0.461322448982473	0.4774267994505249	0.4226391620436461	0.1800520960340253	0.1799047129727112	Neofunctionalization(Parent)	Neofunctionalization(Parent)	Neofunctionalization(Parent)	Neofunctionalization(Parent)	classified
PD	Pbre1_17G468600	Pbre1_17G469200	Prupe.3G113600.1	22.682419166666666	2.551778	22.950595166666663	0.4590058779372876	0.9673471099572004	0.6371568574956541	0.2572573177750197	0.7958004746682066	0.2837179902094815	Neofunctionalization(Child)	Neofunctionalization(Child)	Neofunctionalization(Child)	Neofunctionalization(Child)	classified
TRD	Pbre1_15G390800	Pbre1_01G022200	Prupe.7G199400.1	17.639719666666668	0.6665543333333332	55.64434583333333	0.4977385048884553	0.9958199860062068	0.5015764293760362	0.2963562616228625	0.8793350692871629	0.2836081839335317	Neofunctionalization(Child)	Neofunctionalization(Child)	Neofunctionalization(Child)	Neofunctionalization(Child)	classified
TRD	Pbre1_09G435000	Pbre1_01G022800	Prupe.3G147500.1	0.2882021666666666	0.0041128333333333	3.132719	0.815722331915896	0.8290288634996994	0.6074564477834447	0.581859420664638	0.7291624404220334	0.5811808435672048	Specialization	Specialization	Specialization	Specialization	classified
TRD	Pbre1_12G210600	Pbre1_01G029200	Prupe.6G240600.1	250.178372	20.3336205	261.14744233333334	0.3338907928760421	0.3637020058701121	0.3476640600175274	0.1636027008530171	0.1577656298211115	0.1537275573781094	Conservation	Conservation	Conservation	Conservation	classified
TRD	Pbre1_02G237800	Pbre1_01G029400	Prupe.7G148500.1	8.7958195	11.0994685	10.362353333333331	0.7283834563537305	0.2030822699346875	0.4909427213883782	0.2754396809629292	0.1928915328932008	0.1801412412819555	Conservation	Conservation	Conservation	Conservation	classified
TRD	Pbre1_12G068800	Pbre1_01G034000	Prupe.7G095100.1	1.7499366666666667	2.191729	2.503836833333333	0.6224553631223303	0.8383015398427028	0.5520165077478195	0.4529835922885234	0.6167294879210973	0.5365516939908658	Specialization	Specialization	Specialization	Specialization	classified
TRD	Pbre1_15G606000	Pbre1_01G047200	Prupe.6G161300.1	5.196217833333333	16.212232166666666	37.7578345	0.6923225141031895	0.613769240694627	0.7390448100958558	0.2721285163365269	0.3793877074602951	0.3100451872323368	Conservation	Conservation	Conservation	Conservation	classified
TRD	Pbre1_15G606000	Pbre1_01G047400	Prupe.6G161300.1	5.196217833333333	9.392251833333331	37.7578345	0.6923225141031895	0.6010305459109649	0.7390448100958558	0.2721285163365269	0.3386649835346522	0.2561775251118388	Conservation	Conservation	Conservation	Conservation	classified
TRD	Pbre1_15G595600	Pbre1_01G060200	Prupe.6G174100.1	7.249064666666666	4.1884845	13.896104333333334	0.2645776743733906	0.3975879655949121	0.3606571038307063	0.1363671258195646	0.0697687077555721	0.1087921891010407	Conservation	Conservation	Conservation	Conservation	classified
TRD	Pbre1_09G171600	Pbre1_01G075800	Prupe.3G219400.1	4.556921	6.772990666666667	12.422335666666669	0.7465181328304289	0.4412495109368569	0.1702970387307304	0.3138420108223813	0.1761817264764429	0.1722844681664274	Conservation	Conservation	Conservation	Conservation	classified
TRD	Pbre1_09G171600	Pbre1_01G076000	Prupe.3G219400.1	4.556921	8.791302	12.422335666666669	0.7465181328304289	0.3429600058492359	0.1702970387307304	0.3138420108223813	0.1645751912310961	0.1802558521097465	Conservation	Conservation	Conservation	Conservation	classified
TRD	Pbre1_04G340000	Pbre1_01G107400	Prupe.6G325100.1	21.243203	0.094677	31.4900175	0.604662632771183	0.8459360323609065	0.6360237523595822	0.1372349553181135	0.5553672583344912	0.1363615474103497	Neofunctionalization(Child)	Neofunctionalization(Child)	Neofunctionalization(Child)	Neofunctionalization(Child)	classified
TRD	Pbre1_07G206600	Pbre1_01G117400	Prupe.2G154000.1	7.777111666666666	0.0100411666666666	4.724786833333334	0.5125284665216027	1.0	0.757746746717857	0.2332386635805901	1.0497858482982203	0.2337062373700273	Neofunctionalization(Child)	Neofunctionalization(Child)	Neofunctionalization(Child)	Neofunctionalization(Child)	classified
TRD	Pbre1_09G008000	Pbre1_01G135400	Prupe.3G312000.1	42.41078133333333	0.0069323333333333	97.84271583333332	0.5772012599608546	1.0	0.1492718713815887	0.1983490286878904	0.900650706809383	0.1982595541804175	Neofunctionalization(Child)	Neofunctionalization(Child)	Neofunctionalization(Child)	Neofunctionalization(Child)	classified
TRD	Pbre1_03G416800	Pbre1_01G146800	Prupe.4G154500.1	48.420982333333335	2.7421241666666667	87.008241	0.3425075363696772	0.4621003757278255	0.2384066802670729	0.1559575425115419	0.093992594154411	0.1459756661202009	Conservation	Conservation	Conservation	Conservation	classified
TRD	Pbre1_05G020600	Pbre1_01G165600	Prupe.8G018000.1	35.039626166666665	6.534192	62.895545	0.1901006955861348	0.3584733707920881	0.3486640020789951	0.1098342782598668	0.1676375481096298	0.1040506170440045	Conservation	Conservation	Conservation	Conservation	classified
TRD	Pbre1_04G270600	Pbre1_01G171200	Prupe.6G288300.1	4.700297833333333	24.369375666666667	16.48779366666667	0.4649501298961939	0.278312223020117	0.5100018825087179	0.2783623310953727	0.1323271521559331	0.1370097549116573	Conservation	Conservation	Conservation	Conservation	classified
TRD	Pbre1_16G018800	Pbre1_01G185600	Prupe.1G341200.1	22.376641166666666	2.136905833333333	32.61365033333333	0.1065756607992837	0.6031513063215821	0.5585004227666669	0.1525232146652	0.1544953655806195	0.1424127380393308	Conservation	Conservation	Conservation	Conservation	classified
TRD	Pbre1_13G152200	Pbre1_01G204400	Prupe.1G258300.1	7.151771666666667	0.354742	16.0832115	0.8228283171525159	0.795049542624922	0.7130083814668057	0.1628411340078887	0.521989641797253	0.1431112285974582	Neofunctionalization(Child)	Neofunctionalization(Child)	Neofunctionalization(Child)	Neofunctionalization(Child)	classified
TRD	Pbre1_01G163800	Pbre1_01G212600	Prupe.2G183000.1	0.4889638333333333	0.2722493333333333	0.7074671666666666	0.5053561851904906	0.7272819877645751	0.719144706211534	0.4653505340356728	0.5428414346586493	0.4312846174968421	Specialization	Specialization	Specialization	Specialization	classified
TRD	Pbre1_13G239200	Pbre1_01G216200	Prupe.1G105600.1	9.210062833333334	3.3700166666666664	7.918965166666666	0.3251029077622364	0.3141401934117679	0.569576986871503	0.1326587439794463	0.1901285043423509	0.1463815929931765	Conservation	Conservation	Conservation	Conservation	classified
TRD	Pbre1_02G001800	Pbre1_01G250600	Prupe.7G271200.1	37.4462615	0.0114051666666666	27.42186633333333	0.3686355486634594	1.0	0.2944580581734773	0.0880470292788191	0.8655040299606188	0.0881081234323893	Neofunctionalization(Child)	Neofunctionalization(Child)	Neofunctionalization(Child)	Neofunctionalization(Child)	classified
TRD	Pbre1_03G206400	Pbre1_01G289600	Prupe.6G116000.1	15.531133833333334	0.5497623333333334	17.5952375	0.5284364250736096	0.8417438110283084	0.3471391335221822	0.1937192284301579	0.4441863895691668	0.1821934038257331	Neofunctionalization(Child)	Neofunctionalization(Child)	Neofunctionalization(Child)	Neofunctionalization(Child)	classified
TRD	Pbre1_05G459600	Pbre1_01G302800	Prupe.4G087700.1	0.9114193333333334	0.0472488333333333	8.782529	0.901315252267302	0.868388515548693	0.6969890654308201	0.7053039906060268	0.6868836475867212	0.6758909317753268	Specialization	Specialization	Specialization	Specialization	classified
TRD	Pbre1_10G449800	Pbre1_01G304200	Prupe.4G079500.1	256.6825513333333	0.5637323333333334	642.5165791666667	0.5314942599463732	1.0	0.5611437233807328	0.2016264878802335	0.858106019640872	0.2022076928926385	Neofunctionalization(Child)	Neofunctionalization(Child)	Neofunctionalization(Child)	Neofunctionalization(Child)	classified
TRD	Pbre1_06G311000	Pbre1_01G347000	Prupe.5G183200.1	52.32322833333333	0.0043528333333333	51.63563633333334	0.7980865481017044	1.0	0.5734054788271615	0.2325643415132817	0.9492211356759488	0.2325580115944926	Neofunctionalization(Child)	Neofunctionalization(Child)	Neofunctionalization(Child)	Neofunctionalization(Child)	classified
TRD	Pbre1_07G439800	Pbre1_01G365600	Prupe.2G294300.1	0.231599	0.3486298333333333	0.653331	0.9226345440845514	0.8148211914920258	0.5151864071004242	0.6347389401052798	0.5540749944143388	0.4170193508621291	Specialization	Specialization	Specialization	Specialization	classified
TRD	Pbre1_01G424800	Pbre1_01G406200	Prupe.2G324300.1	26.682454166666663	1.1852785	39.9875645	0.6142968091459489	0.8248951495992305	0.5777754831876465	0.2843813868824785	0.5041499420147602	0.2619676671287737	Neofunctionalization(Child)	Neofunctionalization(Child)	Neofunctionalization(Child)	Neofunctionalization(Child)	classified
TRD	Pbre1_07G264200	Pbre1_01G407600	Prupe.2G193400.1	7.825469	0.7588186666666666	4.287332500000001	0.5306147418312983	0.9451887852915176	0.6071663426023337	0.1533829283831615	0.5356757712927198	0.1529773177241442	Neofunctionalization(Child)	Neofunctionalization(Child)	Neofunctionalization(Child)	Neofunctionalization(Child)	classified
TRD	Pbre1_05G243800	Pbre1_01G418400	Prupe.8G177400.1	22.894692666666668	5.900981666666667	61.44621333333333	0.4071834060688019	0.3809486576096355	0.4695086690313298	0.1808001387001328	0.1643890212572563	0.1556502202171759	Conservation	Conservation	Conservation	Conservation	classified
TRD	Pbre1_15G255000	Pbre1_02G004200	Prupe.7G270100.1	49.98767083333333	2.1136133333333333	28.1673765	0.3753554658087404	0.9351360631311876	0.6579187423672512	0.2439713733832895	0.5667238017565276	0.240217739438648	Neofunctionalization(Child)	Neofunctionalization(Child)	Neofunctionalization(Child)	Neofunctionalization(Child)	classified
TRD	Pbre1_08G018800	Pbre1_02G032600	Prupe.1G362200.1	89.05260866666667	0.0951151666666666	143.34950466666666	0.2860859932995114	0.7616778930713755	0.3552926529210638	0.0623566230934476	0.459931651761894	0.0625421174532405	Neofunctionalization(Child)	Neofunctionalization(Child)	Neofunctionalization(Child)	Neofunctionalization(Child)	classified
TRD	Pbre1_09G312200	Pbre1_02G034600	Prupe.3G044400.1	4.921103666666666	4.648172333333333	27.61886383333333	0.4543256020216578	0.7801618472675553	0.6351846900532843	0.2969203389899459	0.406051922034499	0.2696665817408255	Neofunctionalization(Child)	Neofunctionalization(Child)	Neofunctionalization(Child)	Neofunctionalization(Child)	classified
TRD	Pbre1_06G365600	Pbre1_02G063400	Prupe.5G216500.1	0.3315231666666666	0.0113793333333333	30.16334916666667	0.8015446327966547	1.0	0.9491843280588548	0.4065728807547279	1.2118576605754232	0.4090972076312477	Specialization	Specialization	Specialization	Specialization	classified
TRD	Pbre1_15G325800	Pbre1_02G075200	Prupe.7G235200.1	15.999019333333331	3.4074413333333333	34.222191	0.2764523880821382	0.5498902553247035	0.6538535794118854	0.2447577798830466	0.4347564842601428	0.263649388051544	Neofunctionalization(Child)	Neofunctionalization(Child)	Neofunctionalization(Child)	Neofunctionalization(Child)	classified
TRD	Pbre1_12G387200	Pbre1_02G086400	Prupe.6G336200.1	23.323488166666667	0.0403551666666666	44.8869	0.1543993370783381	0.7948615410357233	0.3863716817126853	0.0886210941878303	0.4231436833610443	0.0884724604796232	Neofunctionalization(Child)	Neofunctionalization(Child)	Neofunctionalization(Child)	Neofunctionalization(Child)	classified
TRD	Pbre1_06G341600	Pbre1_02G135200	Prupe.5G201700.1	12.0185615	0.3054528333333333	20.77312983333333	0.218842145501546	0.9590014306979386	0.4564572627414595	0.0980534532757014	0.7349862147409594	0.1027079940711934	Neofunctionalization(Child)	Neofunctionalization(Child)	Neofunctionalization(Child)	Neofunctionalization(Child)	classified
TRD	Pbre1_05G075800	Pbre1_02G138400	Prupe.8G060400.1	20.103575166666666	0.4522221666666667	14.2975385	0.5311104140591336	0.9357620182850108	0.5471676371356167	0.1311305314976024	0.7946613730931507	0.1289521724746404	Neofunctionalization(Child)	Neofunctionalization(Child)	Neofunctionalization(Child)	Neofunctionalization(Child)	classified
TRD	Pbre1_09G306000	Pbre1_02G141000	Prupe.3G040200.1	15.877988166666668	0.1040268333333333	37.42013533333333	0.3233667589036408	0.9189888007203556	0.3695734314760934	0.136368122437671	0.5322170646737007	0.1328697154433076	Neofunctionalization(Child)	Neofunctionalization(Child)	Neofunctionalization(Child)	Neofunctionalization(Child)	classified
TRD	Pbre1_09G204200	Pbre1_02G144200	Prupe.3G202500.1	0.8400065	16.3207255	23.645870166666665	0.916187412840224	0.5379386671253293	0.9244508325786456	0.9562858962030498	0.5840561668778814	0.5938167891502621	Specialization	Specialization	Neofunctionalization(Parent)	Specialization	classified
TRD	Pbre1_02G126600	Pbre1_02G145800	Prupe.7G208200.1	5.721657333333333	14.953936333333331	54.28134816666667	0.7085780468586556	0.5034578213827963	0.5067435554566423	0.1483321796488076	0.2253206872728314	0.1445889080679839	Conservation	Conservation	Conservation	Conservation	classified
TRD	Pbre1_04G223200	Pbre1_02G155800	Prupe.6G263600.1	0.1425181666666666	0.3775783333333333	0.6857973333333334	0.5815523588419508	0.8684373172850284	0.941569786885941	0.5195354630614735	0.7452435858957213	0.6173997212523482	Specialization	Specialization	Specialization	Specialization	classified
TRD	Pbre1_16G103400	Pbre1_02G189600	Prupe.1G290900.1	14.223730666666668	0.0154695	14.215411	0.3987498067110669	0.8827853725222147	0.481049440224791	0.1995473767568248	0.5820635901259644	0.1995559672733586	Neofunctionalization(Child)	Neofunctionalization(Child)	Neofunctionalization(Child)	Neofunctionalization(Child)	classified
TRD	Pbre1_05G291800	Pbre1_02G192000	Prupe.8G199400.1	12.337086833333334	22.43663583333333	24.4233295	0.409227336086379	0.739625982017312	0.4161653905192851	0.1792140377179757	0.3586699484887154	0.2434128943474734	Conservation	Conservation	Conservation	Conservation	classified
TRD	Pbre1_02G047200	Pbre1_02G285400	Prupe.7G249000.1	25.457021166666667	0.0171936666666666	14.640231833333331	0.3059346870794494	0.9084954576922536	0.4909109526933535	0.2323168266579059	0.6811731846438268	0.232291031898058	Neofunctionalization(Child)	Neofunctionalization(Child)	Neofunctionalization(Child)	Neofunctionalization(Child)	classified
TRD	Pbre1_16G021200	Pbre1_02G320600	Prupe.1G340200.1	52.5306195	0.015695	94.14874516666669	0.321472041277784	0.738732825549215	0.4765221779549526	0.1990222068313226	0.4864710692576954	0.1989914151250522	Neofunctionalization(Child)	Neofunctionalization(Child)	Neofunctionalization(Child)	Neofunctionalization(Child)	classified
TRD	Pbre1_02G199400	Pbre1_02G350800	Prupe.7G168600.1	9.348972333333332	0.1007208333333333	7.897059833333333	0.4213298288861196	0.7823614984053269	0.5757491131744239	0.2360381543845782	0.4975073900461236	0.2346467254767569	Neofunctionalization(Child)	Neofunctionalization(Child)	Neofunctionalization(Child)	Neofunctionalization(Child)	classified
TRD	Pbre1_14G221800	Pbre1_02G373200	Prupe.5G113400.1	10.0918195	0.0347836666666666	21.072986	0.2593986285136773	1.0	0.4789230477762986	0.1777686136166623	0.8355900990876737	0.1759389477611695	Neofunctionalization(Child)	Neofunctionalization(Child)	Neofunctionalization(Child)	Neofunctionalization(Child)	classified
TRD	Pbre1_11G483800	Pbre1_02G413400	Prupe.8G244900.1	6.0367975	0.006328	24.212396666666667	0.3221639232460229	1.0	0.6226781418593654	0.2279132715381303	1.013544191401168	0.2283009706472543	Neofunctionalization(Child)	Neofunctionalization(Child)	Neofunctionalization(Child)	Neofunctionalization(Child)	classified
TRD	Pbre1_15G497000	Pbre1_02G413800	Prupe.7G134900.1	0.5102285	0.0120251666666666	3.945365333333333	0.8526145220397374	1.0	0.524957382434548	0.4053444769295772	0.9846580451410584	0.392627421771714	Specialization	Specialization	Specialization	Specialization	classified
TRD	Pbre1_05G060000	Pbre1_02G420600	Prupe.8G047100.1	11.948366666666669	3.177388	13.113808666666667	0.9998633329166738	0.9208207208263296	0.9999327708973048	0.0004248001440604	1.189462030241863	0.2500905856921921	Neofunctionalization(Child)	Neofunctionalization(Child)	Neofunctionalization(Child)	Neofunctionalization(Child)	classified
TRD	Pbre1_02G387400	Pbre1_02G452800	Prupe.2G095400.1	7.0213555	0.3068506666666666	23.430165	0.2492252975506027	0.9064107593342072	0.3971552265566251	0.1194993546188642	0.6279645038314545	0.1152789763408175	Neofunctionalization(Child)	Neofunctionalization(Child)	Neofunctionalization(Child)	Neofunctionalization(Child)	classified
TRD	Pbre1_07G040600	Pbre1_02G467000	Prupe.2G030100.1	14.312178833333332	4.767942166666667	12.693114666666666	0.2708176917468202	0.5019682158420098	0.5594908133370506	0.1827389752376431	0.0513781975936075	0.1482157888873888	Conservation	Conservation	Conservation	Conservation	classified
TRD	Pbre1_07G040600	Pbre1_02G467200	Prupe.2G030100.1	14.312178833333332	2.6852135	12.693114666666666	0.2708176917468202	0.5926526997946832	0.5594908133370506	0.1827389752376431	0.0909219518403757	0.1548032941541266	Conservation	Conservation	Conservation	Conservation	classified
TRD	Pbre1_07G034800	Pbre1_02G473000	Prupe.2G027000.1	4.49604	1.079759666666667	5.341498166666667	0.2636640966483318	0.7498411412399426	0.4274262684078126	0.2283855118551726	0.4487668104387306	0.2496939168518825	Neofunctionalization(Child)	Neofunctionalization(Child)	Neofunctionalization(Child)	Neofunctionalization(Child)	classified
TRD	Pbre1_02G506000	Pbre1_02G484000	Prupe.2G007500.1	116.86752116666666	42.31502866666666	256.3848983333333	0.4948323668289801	0.478344303691976	0.604606501921663	0.242222534878865	0.2972658604288074	0.2463996269076039	Conservation	Conservation	Conservation	Conservation	classified
TRD	Pbre1_15G539000	Pbre1_02G484800	Prupe.6G213300.1	23.109962	0.0155706666666666	77.58064683333333	0.4334864907161661	0.8279262415866822	0.3923367769318121	0.1749099222834587	0.5029422888036049	0.1746149546376571	Neofunctionalization(Child)	Neofunctionalization(Child)	Neofunctionalization(Child)	Neofunctionalization(Child)	classified
TRD	Pbre1_02G458800	Pbre1_02G485000	Prupe.2G035500.1	7.612586833333333	8.905369499999999	12.900347833333331	0.3198911201639846	0.3524823401493047	0.7022440887371968	0.2735350345148665	0.2730475717448214	0.2606667330687582	Conservation	Conservation	Conservation	Conservation	classified
TRD	Pbre1_15G539000	Pbre1_02G487600	Prupe.6G213300.1	23.109962	0.6124235	77.58064683333333	0.4334864907161661	0.9924526937780842	0.3923367769318121	0.1749099222834587	1.0242954000852489	0.1790872077703203	Neofunctionalization(Child)	Neofunctionalization(Child)	Neofunctionalization(Child)	Neofunctionalization(Child)	classified
TRD	Pbre1_11G001000	Pbre1_03G000800	Prupe.6G000600.1	69.03005633333333	54.503897333333335	70.413543	0.432175185230309	0.4746385845737217	0.4248284427960213	0.0776531254710819	0.1115848353127348	0.0879804662971741	Conservation	Conservation	Conservation	Conservation	classified
TRD	Pbre1_08G102000	Pbre1_03G068400	Prupe.1G412500.1	2.3352851666666665	0.0243841666666666	13.333779166666666	0.9291890792837936	1.0	0.460721399052757	0.7214132479017401	0.8468715564797926	0.7122987277100474	Specialization	Specialization	Specialization	Specialization	classified
TRD	Pbre1_03G125400	Pbre1_03G070600	Prupe.6G068500.1	51.695289333333335	10.616230333333332	119.5646055	0.2094613492014499	0.7283834014046459	0.4792562960167725	0.1646688862203706	0.2890606802252808	0.1526537352324045	Conservation	Conservation	Conservation	Conservation	classified
TRD	Pbre1_01G389000	Pbre1_03G080400	Prupe.2G305900.1	13.940408833333333	0.1132816666666666	31.321819833333333	0.3575004585565134	0.9231794309964588	0.5743856293356678	0.1476408257686035	0.5363137944018956	0.1452742413876879	Neofunctionalization(Child)	Neofunctionalization(Child)	Neofunctionalization(Child)	Neofunctionalization(Child)	classified
TRD	Pbre1_11G081200	Pbre1_03G081400	Prupe.6G048900.1	10.9595475	13.947017333333331	65.14216983333333	0.4038961666308308	0.5876705202891603	0.6291865547709599	0.1781610876393886	0.275834428493781	0.2285398561843209	Conservation	Conservation	Conservation	Conservation	classified
TRD	Pbre1_14G026600	Pbre1_03G095400	Prupe.7G117200.1	0.6259454999999999	0.0146974999999999	8.239688833333332	0.7757001669781032	0.880170459697162	0.890219861034174	0.8376439541563854	0.9394248249115316	0.8325014223394375	Specialization	Specialization	Specialization	Specialization	classified
TRD	Pbre1_05G283600	Pbre1_03G112200	Prupe.8G193700.1	4.053058833333333	0.0081788333333333	14.399571833333336	0.545756119188602	1.0	0.9621538037417622	0.8711652955877339	1.2766543649415747	0.8713091807040944	Specialization	Specialization	Neofunctionalization(Child)	Specialization	classified
TRD	Pbre1_09G044400	Pbre1_03G121800	Prupe.3G291600.1	28.19936883333333	0.3772288333333333	67.99561833333333	0.4725528945314595	0.9472648976636184	0.5182521947970568	0.3206102990937375	0.8038119798851492	0.3230811280283775	Neofunctionalization(Child)	Neofunctionalization(Child)	Neofunctionalization(Child)	Neofunctionalization(Child)	classified
TRD	Pbre1_09G491800	Pbre1_03G143600	Prupe.3G001400.1	33.15944533333333	16.149459166666666	20.8666205	0.5135598081026691	0.6535700734273592	0.7096658200681065	0.2044922924863409	0.2058556856976266	0.1575704489640208	Conservation	Conservation	Conservation	Conservation	classified
TRD	Pbre1_14G437000	Pbre1_03G176400	Prupe.5G235400.1	37.10249016666667	1.2357225	45.4901695	0.2819240524600238	0.9157741115802632	0.4338520242095008	0.1326198351221616	0.6445165582612595	0.1375962968195165	Neofunctionalization(Child)	Neofunctionalization(Child)	Neofunctionalization(Child)	Neofunctionalization(Child)	classified
TRD	Pbre1_02G087600	Pbre1_03G187200	Prupe.7G229200.1	8.9541955	1.2369568333333334	22.41970833333333	0.2820579775269379	0.7719892295767955	0.524557979407889	0.2682985086176913	0.4548147396702899	0.2609027500895979	Neofunctionalization(Child)	Neofunctionalization(Child)	Neofunctionalization(Child)	Neofunctionalization(Child)	classified
TRD	Pbre1_11G226400	Pbre1_03G192600	Prupe.6G115400.1	24.402373166666667	0.0410853333333333	68.34882	0.3876980681077779	0.9896000034140324	0.6621238373498146	0.161039545107143	0.6446619453901637	0.1599365905323314	Neofunctionalization(Child)	Neofunctionalization(Child)	Neofunctionalization(Child)	Neofunctionalization(Child)	classified
TRD	Pbre1_15G302000	Pbre1_03G197800	Prupe.7G247300.1	27.087850666666665	13.175593166666667	61.637289	0.3411743003362705	0.2899969322593363	0.6736084432341821	0.3353225111868117	0.2419105845535104	0.2973568538103632	Conservation	Conservation	Conservation	Conservation	classified
TRD	Pbre1_11G222000	Pbre1_03G201200	Prupe.6G113300.1	0.0664943333333333	3.9347675	3.7835241666666666	0.8559362522314305	0.7478139794836003	0.9934886150876066	0.4440744900043625	0.7438118563518225	0.7383221459442904	Specialization	Specialization	Specialization	Specialization	classified
TRD	Pbre1_04G355400	Pbre1_03G201600	Prupe.6G333700.1	7.531196666666666	0.0166325	21.48458816666667	0.3359118257626403	0.9166323560729752	0.341048840715212	0.107569460960292	0.7512809433400542	0.1082445858277748	Neofunctionalization(Child)	Neofunctionalization(Child)	Neofunctionalization(Child)	Neofunctionalization(Child)	classified
TRD	Pbre1_02G255800	Pbre1_03G209200	Prupe.7G137400.1	7.511036	0.0093478333333333	12.596848333333332	0.641599382746376	1.0	0.8881898900309706	0.3663849263587551	1.0751317461473422	0.3671716519942997	Neofunctionalization(Child)	Neofunctionalization(Child)	Neofunctionalization(Child)	Neofunctionalization(Child)	classified
TRD	Pbre1_11G250000	Pbre1_03G227600	Prupe.6G130400.1	45.82061766666666	0.0610985	7.957808333333333	0.5386935525054054	0.8213900263876768	0.5470909100854102	0.2383514546466197	0.6460892885124346	0.2387644045546125	Neofunctionalization(Child)	Neofunctionalization(Child)	Neofunctionalization(Child)	Neofunctionalization(Child)	classified
TRD	Pbre1_05G106200	Pbre1_03G229200	Prupe.8G091100.1	21.494950666666668	19.70305	38.01059933333333	0.0862199520720268	0.4243891968891275	0.3249142530403723	0.1149061880774742	0.1793572799733876	0.1379276606795378	Conservation	Conservation	Conservation	Conservation	classified
TRD	Pbre1_03G215400	Pbre1_03G264400	Prupe.6G122400.1	86.6408595	33.453502	318.734108	0.5120393871541861	0.3179065538944535	0.6458197852456042	0.1447930788865807	0.256068592882209	0.1736240893849409	Conservation	Conservation	Conservation	Conservation	classified
TRD	Pbre1_16G429000	Pbre1_03G277800	Prupe.1G082400.1	62.008316666666666	0.0098458333333333	113.93624316666669	0.2925194090039905	0.8387512994557573	0.6089013440121277	0.2645539447720345	0.497414560147347	0.2644820993352021	Neofunctionalization(Child)	Neofunctionalization(Child)	Neofunctionalization(Child)	Neofunctionalization(Child)	classified
TRD	Pbre1_11G314200	Pbre1_03G291000	Prupe.4G245700.1	27.196288166666665	0.1036528333333333	15.540706333333333	0.3894014025070984	0.8678991282523663	0.3816323428351762	0.2676301611728464	0.5627349904976676	0.2678689720510831	Neofunctionalization(Child)	Neofunctionalization(Child)	Neofunctionalization(Child)	Neofunctionalization(Child)	classified
TRD	Pbre1_17G390800	Pbre1_03G291600	Prupe.3G093900.1	8.565503666666666	11.837918333333333	48.4633425	0.1696867963874799	0.381029732960558	0.6346244272591276	0.2543395853826674	0.2805171027751803	0.2661376866320738	Conservation	Conservation	Conservation	Conservation	classified
TRD	Pbre1_08G398800	Pbre1_03G296400	Prupe.1G577500.1	40.417676666666665	20.226926	87.8456695	0.1445212675934931	0.3312799730425372	0.5071940801199419	0.1531060151976242	0.2121244681923537	0.1671706867329633	Conservation	Conservation	Conservation	Conservation	classified
TRD	Pbre1_06G287000	Pbre1_03G298200	Prupe.5G170200.1	9.491186	21.77283183333333	22.54164783333333	0.3796158722331432	0.2993077078497548	0.6463824223140857	0.2659164880574458	0.3048457481628037	0.2903204732768669	Conservation	Conservation	Conservation	Conservation	classified
TRD	Pbre1_08G245600	Pbre1_03G304000	Prupe.1G479300.1	12.263004833333332	0.0261896666666666	86.58958200000001	0.5354432476542768	0.7223260833219339	0.3310675144014748	0.136189476242057	0.5100906603653782	0.1358280265151444	Neofunctionalization(Child)	Neofunctionalization(Child)	Neofunctionalization(Child)	Neofunctionalization(Child)	classified
TRD	Pbre1_01G092400	Pbre1_03G319800	Prupe.6G192700.1	322.5795755	0.1002346666666666	938.3929011666668	0.4185261924344113	0.797046566164154	0.3442239881522885	0.0989662230614523	0.5601032824042597	0.0990240384225048	Neofunctionalization(Child)	Neofunctionalization(Child)	Neofunctionalization(Child)	Neofunctionalization(Child)	classified
TRD	Pbre1_11G362200	Pbre1_03G336800	Prupe.4G210400.1	23.322211666666664	21.993120166666667	33.5198335	0.4819378307034423	0.2758886140859513	0.53149947602787	0.0709476537642923	0.2167879372889411	0.1148435634808774	Conservation	Conservation	Conservation	Conservation	classified
TRD	Pbre1_10G259200	Pbre1_03G339400	Prupe.8G185500.1	15.502066333333334	0.0178428333333333	15.887087666666666	0.6734386898681681	1.0	0.585284928878216	0.2847756269862764	0.9616265931001032	0.284399163913689	Neofunctionalization(Child)	Neofunctionalization(Child)	Neofunctionalization(Child)	Neofunctionalization(Child)	classified
TRD	Pbre1_14G354600	Pbre1_03G344600	Prupe.5G185400.1	0.0109668333333333	13.443028666666669	0.2067083333333333	0.8910243467236401	0.8200479958184547	0.9807287002750062	0.8578587631545861	0.4581304645179897	0.458126579504666	Specialization	Specialization	Specialization	Specialization	classified
TRD	Pbre1_17G107800	Pbre1_03G366800	Prupe.3G257100.1	1.1276256666666666	0.2007676666666666	11.033671	0.8981375848433324	0.8941677372181231	0.9627812906313068	0.8822857836425239	1.031330391476374	0.8580154185264673	Specialization	Specialization	Specialization	Specialization	classified
TRD	Pbre1_12G092200	Pbre1_03G397400	Prupe.7G082200.1	41.49352433333333	0.0525723333333333	47.10765883333333	0.4692559969287526	0.7016013714755213	0.3201801532025948	0.1174210168236854	0.4899641028154989	0.1173024706467808	Neofunctionalization(Child)	Neofunctionalization(Child)	Neofunctionalization(Child)	Neofunctionalization(Child)	classified
TRD	Pbre1_11G425000	Pbre1_03G398000	Prupe.4G171000.1	22.02820683333333	0.2594485	12.533095833333332	0.4818779415320754	0.8125952683440947	0.4591327048025809	0.1630628683232242	0.5483176323997825	0.1621281124130244	Neofunctionalization(Child)	Neofunctionalization(Child)	Neofunctionalization(Child)	Neofunctionalization(Child)	classified
TRD	Pbre1_11G458200	Pbre1_03G424000	Prupe.8G233800.1	54.68739016666667	5.684894666666667	45.0600685	0.5125323534709396	0.8465799840787083	0.6515788514959698	0.209912415788279	0.6300551322026431	0.232755312887968	Neofunctionalization(Child)	Neofunctionalization(Child)	Neofunctionalization(Child)	Neofunctionalization(Child)	classified
TRD	Pbre1_17G203600	Pbre1_03G438000	Prupe.3G198800.1	9.9200305	0.0153941666666666	13.739020166666666	0.3562797323833004	1.0	0.2498037804000331	0.1255546685883486	0.8936602008925291	0.125369175158145	Neofunctionalization(Child)	Neofunctionalization(Child)	Neofunctionalization(Child)	Neofunctionalization(Child)	classified
TRD	Pbre1_08G256800	Pbre1_03G440200	Prupe.1G485100.1	34.3574925	0.036856	48.97274066666667	0.6197500850446515	0.8248848629805856	0.2818169638524957	0.2209105428092126	0.6038540412708576	0.2209025520048867	Neofunctionalization(Child)	Neofunctionalization(Child)	Neofunctionalization(Child)	Neofunctionalization(Child)	classified
TRD	Pbre1_11G482000	Pbre1_03G443600	Prupe.8G243800.1	9.444505	6.403369	13.593106833333334	0.2079897163038004	0.2972053468079736	0.3241936723978743	0.1403478130948056	0.1019944272742389	0.1211573889177516	Conservation	Conservation	Conservation	Conservation	classified
TRD	Pbre1_01G371200	Pbre1_03G450200	Prupe.2G297300.1	37.11178616666667	0.8959336666666666	38.1197955	0.4013076710982165	0.8369549911747732	0.7153545043380898	0.2066625221788605	0.6194036292280967	0.2112307624060703	Neofunctionalization(Child)	Neofunctionalization(Child)	Neofunctionalization(Child)	Neofunctionalization(Child)	classified
TRD	Pbre1_16G372600	Pbre1_03G450600	Prupe.1G045300.1	49.1096285	2.049824833333333	207.82926433333333	0.273209076064929	0.6927565633836276	0.6666356219994204	0.2592553418739411	0.4555113009384813	0.2659537530277844	Neofunctionalization(Child)	Neofunctionalization(Child)	Neofunctionalization(Child)	Neofunctionalization(Child)	classified
TRD	Pbre1_11G498600	Pbre1_03G457200	Prupe.8G253400.1	7.416665666666667	13.209174	24.604879333333333	0.3506849440563732	0.4652370836320676	0.4912830726886794	0.1563793808671777	0.178620107708646	0.1407303511287894	Conservation	Conservation	Conservation	Conservation	classified
TRD	Pbre1_13G383200	Pbre1_03G461000	Prupe.1G053800.1	159.61189183333337	0.6414358333333333	295.1264556666667	0.8418050016962877	0.6147189563953178	0.7388846461161729	0.1745549658352678	0.5577728599847996	0.1730345232313848	Neofunctionalization(Child)	Neofunctionalization(Child)	Neofunctionalization(Child)	Neofunctionalization(Child)	classified
TRD	Pbre1_10G173400	Pbre1_03G461200	Prupe.8G135900.1	39.115129	3.2000336666666667	30.703030833333333	0.3608792986291261	0.8819378725180649	0.3617136013308234	0.2064197949677475	0.5711717101622923	0.204707018992362	Neofunctionalization(Child)	Neofunctionalization(Child)	Conservation	Neofunctionalization(Child)	classified
TRD	Pbre1_10G515000	Pbre1_03G481000	Prupe.4G043300.1	15.950150833333334	54.22821666666667	36.535147333333335	0.3471745768818413	0.5175183313120545	0.3218529600969086	0.1449720332638895	0.1151198810235257	0.0629800404727998	Conservation	Conservation	Conservation	Conservation	classified
TRD	Pbre1_04G276200	Pbre1_04G029000	Prupe.6G291700.1	30.1128505	15.2139175	64.08915633333334	0.0905188129711902	0.6507050313529297	0.4956213315646761	0.1512264462549949	0.3603996034073663	0.2117676426563759	Conservation	Conservation	Conservation	Conservation	classified
TRD	Pbre1_10G273400	Pbre1_04G038800	Prupe.8G191900.1	102.493949	0.522907	36.495746	0.9827350364738308	0.8334982378386334	0.4385930605627954	0.9418357959636576	0.4024106822504896	0.9378120341970702	Specialization	Specialization	Specialization	Specialization	classified
TRD	Pbre1_08G075600	Pbre1_04G043000	Prupe.1G414100.1	43.51973683333333	74.02595566666666	220.77607283333333	0.2516549686941102	0.9931585215303564	0.7060522790325362	0.267866684346856	0.9120827624748484	0.6240658526813263	Neofunctionalization(Child)	Neofunctionalization(Child)	Neofunctionalization(Child)	Neofunctionalization(Child)	classified
TRD	Pbre1_06G153200	Pbre1_04G052600	Prupe.5G100500.1	3.4307791666666665	142.673922	65.1741815	0.3831335547128601	0.3407521221477589	0.5493177722067941	0.3198757483513167	0.2055551109245956	0.2074812534151457	Conservation	Conservation	Conservation	Conservation	classified
TRD	Pbre1_12G224000	Pbre1_04G059200	Prupe.6G246300.1	2.5310531666666667	6.394141333333334	85.83009116666666	0.7538422057700217	0.4917386753660787	0.3855924840409436	0.4495447437047562	0.1443357237538577	0.1339722500945028	Neofunctionalization(Parent)	Neofunctionalization(Parent)	Neofunctionalization(Parent)	Neofunctionalization(Parent)	classified
TRD	Pbre1_16G343200	Pbre1_04G059800	Prupe.1G023000.1	83.58153566666667	0.0465776666666666	344.45895566666667	0.8266284309080818	0.953253782210038	0.6498591673289695	0.2449427215815044	0.9086676315495136	0.2448457204827001	Neofunctionalization(Child)	Neofunctionalization(Child)	Neofunctionalization(Child)	Neofunctionalization(Child)	classified
TRD	Pbre1_08G284600	Pbre1_04G076400	Prupe.1G503300.1	254.3112478333333	25.734348166666667	270.7387635	0.5525107559488731	0.3300896327280728	0.2814637570999416	0.1787003280455194	0.0819874592699053	0.1653228749599588	Conservation	Conservation	Conservation	Conservation	classified
TRD	Pbre1_09G464200	Pbre1_04G078000	Prupe.3G015100.1	18.485776	31.70294433333333	102.392528	0.3983427184950205	0.3976144872899512	0.4690982242228364	0.0869324007909476	0.1762199403823745	0.1297698119995236	Conservation	Conservation	Conservation	Conservation	classified
TRD	Pbre1_06G083600	Pbre1_04G085000	Prupe.5G059000.1	0.0280311666666666	0.1629435	0.8086451666666666	0.9125991114149008	0.7357812192105069	0.526358720741747	0.570569071572426	0.435682933103776	0.3921507329812128	Specialization	Specialization	Specialization	Specialization	classified
TRD	Pbre1_04G088800	Pbre1_04G085200	Prupe.5G052300.1	9.657005666666668	0.6790651666666666	22.014771166666662	0.5691787347099393	0.721438811064579	0.6593779892683636	0.3559155646501419	0.4052894999207089	0.3488206654392478	Neofunctionalization(Child)	Neofunctionalization(Child)	Neofunctionalization(Child)	Neofunctionalization(Child)	classified
TRD	Pbre1_05G243800	Pbre1_04G091200	Prupe.8G177400.1	22.894692666666668	18.933871	61.44621333333333	0.4071834060688019	0.4468327448331525	0.4695086690313298	0.1808001387001328	0.1490996466129938	0.1299537811718053	Conservation	Conservation	Conservation	Conservation	classified
TRD	Pbre1_06G242000	Pbre1_04G094600	Prupe.5G146700.1	62.33851816666667	0.0496373333333333	26.0510425	0.6514143163014701	0.78460744522086	0.6060187162738867	0.2675466262722972	0.4949760556860713	0.2671802405149743	Neofunctionalization(Child)	Neofunctionalization(Child)	Neofunctionalization(Child)	Neofunctionalization(Child)	classified
TRD	Pbre1_11G317400	Pbre1_04G095000	Prupe.4G243300.1	29.422068	0.7157101666666666	7.627530166666667	0.6912094085403744	0.9806042213494268	0.8189148630109895	0.2522051303451585	0.9153972981408268	0.2469828546923387	Neofunctionalization(Child)	Neofunctionalization(Child)	Neofunctionalization(Child)	Neofunctionalization(Child)	classified
TRD	Pbre1_06G075000	Pbre1_04G095600	Prupe.5G050700.1	10.623124833333334	12.819973666666666	25.279931333333334	0.5769106655749192	0.2845507324114992	0.4317561313427078	0.2726924871331755	0.1651263829375276	0.2072256873987006	Conservation	Conservation	Conservation	Conservation	classified
TRD	Pbre1_04G124600	Pbre1_04G118000	Prupe.5G082600.1	16.0565625	0.0154608333333333	7.853913666666666	0.4585464352737777	0.9478252596096342	0.3125467799429299	0.1780415405193855	0.6649855971245883	0.1781008073956896	Neofunctionalization(Child)	Neofunctionalization(Child)	Neofunctionalization(Child)	Neofunctionalization(Child)	classified
TRD	Pbre1_07G500000	Pbre1_04G126000	Prupe.2G323200.1	105.82017616666668	0.0229376666666666	627.6134021666667	0.3924177845863374	1.0	0.553013597697713	0.1530763000614864	0.9149459441422136	0.1531700553000989	Neofunctionalization(Child)	Neofunctionalization(Child)	Neofunctionalization(Child)	Neofunctionalization(Child)	classified
TRD	Pbre1_02G424200	Pbre1_04G131400	Prupe.2G058600.1	3.573268333333333	2.450275	10.042705166666666	0.5017057385263833	0.2866830030592684	0.6958335390231344	0.3534560195718018	0.3014235503644146	0.3188727876352854	Conservation	Conservation	Conservation	Conservation	classified
TRD	Pbre1_06G109400	Pbre1_04G139000	Prupe.5G075100.1	20.9134265	2.086438	40.32362833333333	0.6398976599204349	0.5065251941194424	0.4076029277996251	0.2042930672398372	0.2023357690424702	0.1978674686872105	Conservation	Conservation	Conservation	Conservation	classified
TRD	Pbre1_05G172600	Pbre1_04G139200	Prupe.8G138300.1	19.589479	2.433919	51.318250166666665	0.659967590301791	0.7550908287440266	0.6129634751291653	0.3118974923691437	0.4192494297477131	0.3231876186723678	Neofunctionalization(Child)	Neofunctionalization(Child)	Conservation	Neofunctionalization(Child)	classified
TRD	Pbre1_07G196000	Pbre1_04G142400	Prupe.2G147100.1	2.808231	0.0920488333333333	15.052509833333334	0.3270865334850928	0.7470724996617147	0.8276117914320628	0.3492813314003508	0.5122479745224288	0.3495855269907586	Neofunctionalization(Child)	Neofunctionalization(Child)	Neofunctionalization(Child)	Neofunctionalization(Child)	classified
TRD	Pbre1_06G104600	Pbre1_04G143400	Prupe.5G072500.1	0.1486748333333333	2.702432166666666	68.83057699999999	0.8254656755207819	0.7206953653640428	0.9930780969866064	1.1863476330844611	1.1286009957244356	1.1304324348407278	Specialization	Specialization	Specialization	Specialization	classified
TRD	Pbre1_06G104800	Pbre1_04G143600	Prupe.5G072600.1	15.545403166666668	6.843317333333333	28.904178666666667	0.6512161231310346	0.4854363903767931	0.6746157664554523	0.3206411676996815	0.1317915213506917	0.254810268221792	Conservation	Conservation	Conservation	Conservation	classified
TRD	Pbre1_08G083200	Pbre1_04G176000	Prupe.1G399300.1	11.017964	33.151331	86.4977265	0.8076198727045572	0.4057179700811283	0.5070948133094804	0.2693438892484572	0.2085587487847716	0.1510930264171351	Conservation	Conservation	Conservation	Conservation	classified
TRD	Pbre1_08G088400	Pbre1_04G178800	Prupe.1G396200.1	36.4617455	15.7152115	94.99965566666668	0.4001129609025113	0.565799690168161	0.4101015654395566	0.109830410682769	0.1103301824637368	0.0928436295117906	Conservation	Conservation	Conservation	Conservation	classified
TRD	Pbre1_12G219200	Pbre1_04G184000	Prupe.6G244600.1	0.805015	0.0171111666666666	4.923684833333333	0.5510359718223189	0.9303700396564856	0.8854877657726101	0.574382913243239	0.937241070283498	0.5739625406279478	Specialization	Specialization	Specialization	Specialization	classified
TRD	Pbre1_04G201400	Pbre1_04G198800	Prupe.6G252300.1	0.1209225	0.0257231666666666	1.1838473333333333	0.6748968661793443	0.649614863419157	0.9491357239854562	0.5822860391762014	0.59267118372785	0.5788927403259314	Specialization	Specialization	Specialization	Specialization	classified
TRD	Pbre1_12G244400	Pbre1_04G209600	Prupe.6G256600.1	10.786835333333332	2.940631333333333	8.847386	0.3748631970198136	0.5462165496575135	0.3496944522954981	0.1213775469552023	0.2242400663027633	0.1332613021967164	Conservation	Conservation	Conservation	Conservation	classified
TRD	Pbre1_10G515000	Pbre1_04G217400	Prupe.4G043300.1	15.950150833333334	2.0944185	36.535147333333335	0.3471745768818413	0.492656387729669	0.3218529600969086	0.1449720332638895	0.1692079964103189	0.1363187937668337	Conservation	Conservation	Conservation	Conservation	classified
TRD	Pbre1_05G105400	Pbre1_04G247600	Prupe.8G090700.1	65.15459716666666	35.152124666666666	209.4364015	0.1780839757293639	0.2412550517440966	0.3651040857812888	0.125463766679947	0.1005575850281615	0.11594781666729	Conservation	Conservation	Conservation	Conservation	classified
TRD	Pbre1_08G132200	Pbre1_04G258600	Prupe.1G420200.1	13.901267833333334	1.8374951666666663	59.8567395	0.2633082742484309	0.7068115652880318	0.6854806561327098	0.2130887241606948	0.5180154775388462	0.2436050433123171	Neofunctionalization(Child)	Neofunctionalization(Child)	Neofunctionalization(Child)	Neofunctionalization(Child)	classified
TRD	Pbre1_12G296000	Pbre1_04G261600	Prupe.6G283400.1	35.4127025	11.499858666666666	45.97158133333333	0.6232381849399292	0.2874107023704203	0.5800566508758713	0.1819232543155628	0.2442574618832532	0.1617034419390561	Conservation	Conservation	Conservation	Conservation	classified
TRD	Pbre1_16G029600	Pbre1_04G272000	Prupe.1G335900.1	8.124519	0.0121516666666666	17.721738833333333	0.1434653527149021	1.0	0.2020260862166923	0.0787564818629693	0.8971815181559873	0.0785385587993696	Neofunctionalization(Child)	Neofunctionalization(Child)	Neofunctionalization(Child)	Neofunctionalization(Child)	classified
TRD	Pbre1_10G563200	Pbre1_04G276800	Prupe.4G016400.1	17.594707500000002	0.0666486666666666	16.241377833333335	0.8104686995124339	0.9438527267835868	0.515818295519657	0.3036853903709042	0.5463825139828177	0.3041534388467372	Neofunctionalization(Child)	Neofunctionalization(Child)	Neofunctionalization(Child)	Neofunctionalization(Child)	classified
TRD	Pbre1_05G075800	Pbre1_04G301000	Prupe.8G060400.1	20.103575166666666	0.6500138333333333	14.2975385	0.5311104140591336	0.9800353007628946	0.5471676371356167	0.1311305314976024	0.9385219813623488	0.1283642742639579	Neofunctionalization(Child)	Neofunctionalization(Child)	Neofunctionalization(Child)	Neofunctionalization(Child)	classified
TRD	Pbre1_15G067400	Pbre1_04G306800	Prupe.1G389200.1	68.74366016666667	2.7202563333333334	200.3011398333333	0.6204937641942507	0.7368706329448322	0.2961015728754727	0.195109544510209	0.4073098620765899	0.1789330527621284	Neofunctionalization(Child)	Neofunctionalization(Child)	Neofunctionalization(Child)	Neofunctionalization(Child)	classified
TRD	Pbre1_12G353000	Pbre1_04G326200	Prupe.6G317800.1	41.05090133333333	0.2052398333333333	32.725839	0.8923758290995035	0.948627692332816	0.7768876283401223	0.3104180859640984	0.4369705773693321	0.3109003502982751	Neofunctionalization(Child)	Neofunctionalization(Child)	Neofunctionalization(Child)	Neofunctionalization(Child)	classified
TRD	Pbre1_12G363400	Pbre1_04G338600	Prupe.6G323900.1	8.748602666666667	2.9054766666666665	8.639530666666667	0.4198013638861345	0.5536705250370799	0.5621306387795312	0.1845701005599375	0.272939652522058	0.204851703509413	Conservation	Conservation	Conservation	Conservation	classified
TRD	Pbre1_04G357600	Pbre1_04G345800	Prupe.6G334800.1	44.8234965	6.384320333333333	56.913869166666665	0.2478579767838073	0.5983272155707692	0.4598813487055116	0.0833176046548591	0.0879077902829664	0.0704605367524345	Conservation	Conservation	Conservation	Conservation	classified
TRD	Pbre1_10G129600	Pbre1_04G358800	Prupe.8G100700.1	0.0021969999999999	0.0333213333333333	15.824585666666666	1.0	0.9505717083881754	0.8400516163195506	0.506364701564535	0.9236716015456412	0.847725707334102	Specialization	Specialization	Specialization	Specialization	classified
TRD	Pbre1_11G205600	Pbre1_04G361200	Prupe.6G102400.1	68.66813716666667	0.369027	97.17526766666668	0.3622879569008823	0.6076858771238752	0.5940362785183262	0.1667515027747166	0.5029151152023975	0.1680512594188765	Neofunctionalization(Child)	Neofunctionalization(Child)	Neofunctionalization(Child)	Neofunctionalization(Child)	classified
TRD	Pbre1_02G113200	Pbre1_04G368000	Prupe.7G215100.1	11.5340325	23.902674666666663	13.894352666666666	0.5068819148610133	0.3952331033504438	0.4333010250811545	0.1803504091701483	0.2456119661714638	0.2145933848183652	Conservation	Conservation	Conservation	Conservation	classified
TRD	Pbre1_12G409600	Pbre1_04G374200	Prupe.6G349400.1	25.6829685	0.3357098333333333	35.351662833333336	0.32898201195126	0.9107152987370912	0.336789296576802	0.1058214394316688	0.6072793925408724	0.1111425101043553	Neofunctionalization(Child)	Neofunctionalization(Child)	Neofunctionalization(Child)	Neofunctionalization(Child)	classified
TRD	Pbre1_12G405400	Pbre1_04G381200	Prupe.6G346900.1	2.787994166666667	1.554455	7.725107	0.7577254965518618	0.5477594535482821	0.847239387722609	0.6451109614798326	0.4875559655522549	0.566968020074946	Specialization	Specialization	Specialization	Specialization	classified
TRD	Pbre1_12G417600	Pbre1_04G392000	Prupe.6G353600.1	13.819253	8.187793000000001	21.90648983333333	0.2999914194978209	0.434040023387254	0.6178004132481064	0.2213792924132272	0.1399524410781731	0.164542221262186	Conservation	Conservation	Conservation	Conservation	classified
TRD	Pbre1_10G002800	Pbre1_05G002800	Prupe.8G002200.1	15.717540833333333	11.170168166666668	10.768653166666668	0.223355470758942	0.2064125748144353	0.3572541780123437	0.1437587130321979	0.1414963160800548	0.1398396902651442	Conservation	Conservation	Conservation	Conservation	classified
TRD	Pbre1_10G005800	Pbre1_05G005000	Prupe.8G004600.1	1.9301811666666664	0.8168465	1.488533	0.4362158641805342	0.6360745391355775	0.8574966439748681	0.567959833480186	0.5191022948501542	0.5462355622991351	Specialization	Specialization	Specialization	Specialization	classified
TRD	Pbre1_16G068400	Pbre1_05G024600	Prupe.1G314900.1	4.0009435	0.0478344999999999	7.926880666666666	0.8244205941704422	0.932832833764638	0.9719354157331064	0.7727019822092205	1.159167661523158	0.7771518705279302	Specialization	Specialization	Specialization	Specialization	classified
TRD	Pbre1_10G026400	Pbre1_05G028200	Prupe.8G024200.1	27.893361	8.987705666666667	12.175363166666669	0.3679071513377311	0.6716836354309601	0.4249423100549941	0.1077324764959888	0.1860202365551447	0.0715639121863395	Conservation	Conservation	Conservation	Conservation	classified
TRD	Pbre1_17G387000	Pbre1_05G032000	Prupe.3G092800.1	57.721393166666665	63.15333033333333	55.718879666666666	0.6142543609403278	0.3512218138154604	0.6825897947699566	0.1336105561114511	0.2817066147597871	0.1951177623975501	Conservation	Conservation	Conservation	Conservation	classified
TRD	Pbre1_11G072400	Pbre1_05G047600	Prupe.6G039300.1	87.26846883333333	54.733729833333335	123.31789516666666	0.2662820521245126	0.465063775061194	0.1387874549059977	0.0674531659368218	0.1068650211353785	0.0786248510314096	Conservation	Conservation	Conservation	Conservation	classified
TRD	Pbre1_11G333800	Pbre1_05G048400	Prupe.4G227900.1	14.325824	3.066816166666667	42.61413783333333	0.572076202114524	0.965044951477125	0.5172144627792571	0.1026026751286896	0.6206790506772808	0.1581391084136062	Neofunctionalization(Child)	Neofunctionalization(Child)	Neofunctionalization(Child)	Neofunctionalization(Child)	classified
TRD	Pbre1_07G145600	Pbre1_05G054400	Prupe.2G118700.1	37.291832166666666	55.454839166666666	57.3240755	0.5064588771924365	0.4492541538491252	0.3471108101821659	0.2401964024752886	0.1374308700779346	0.0950824659560197	Conservation	Conservation	Conservation	Conservation	classified
TRD	Pbre1_10G070800	Pbre1_05G068600	Prupe.8G057200.1	6.050694666666667	1.7840146666666667	11.693545333333333	0.2381107378367103	0.4099067898446104	0.4974206010049226	0.1205775202532116	0.1357583391977831	0.1119896306224809	Conservation	Conservation	Conservation	Conservation	classified
TRD	Pbre1_02G363000	Pbre1_05G075000	Prupe.2G114600.1	5.244307	5.0139015	5.5802235	0.3845132414245303	0.4351547663615556	0.5818683094378448	0.2387357420206099	0.2600787704477636	0.2371461286088203	Conservation	Conservation	Conservation	Conservation	classified
TRD	Pbre1_11G006200	Pbre1_05G112400	Prupe.6G003200.1	69.830924	0.5535795	162.6073483333333	0.6532840280290986	0.7238841517474783	0.4582298007125523	0.3038427614588558	0.4236670176528526	0.3037080578960872	Neofunctionalization(Child)	Neofunctionalization(Child)	Neofunctionalization(Child)	Neofunctionalization(Child)	classified
TRD	Pbre1_06G067200	Pbre1_05G125600	Prupe.5G046200.1	36.537118666666665	0.2679358333333333	74.72999616666667	0.4543610022227399	0.7585294521488397	0.584260804219864	0.3275343296987484	0.4387192164052061	0.3262709541124337	Neofunctionalization(Child)	Neofunctionalization(Child)	Neofunctionalization(Child)	Neofunctionalization(Child)	classified
TRD	Pbre1_10G137400	Pbre1_05G127000	Prupe.8G107000.1	9.389742833333331	12.8722755	13.784574833333334	0.4910639905885349	0.4156788466972456	0.5562203074117549	0.1689090145066376	0.0998193344466661	0.1057275803649714	Conservation	Conservation	Conservation	Conservation	classified
TRD	Pbre1_10G136800	Pbre1_05G127600	Prupe.8G106600.1	66.05606483333332	9.483974833333331	55.008994	0.5409800140815799	0.5908438570249874	0.329587068854585	0.1210049545636442	0.1795117690213421	0.1260112560353628	Conservation	Conservation	Conservation	Conservation	classified
TRD	Pbre1_10G135800	Pbre1_05G128000	Prupe.8G105800.1	128.8079685	65.13360366666667	371.74331516666666	0.2995388637901781	0.3739208879070679	0.5537933041236667	0.2762141494583641	0.2942371074566409	0.2786479464447497	Conservation	Conservation	Conservation	Conservation	classified
TRD	Pbre1_07G062800	Pbre1_05G128400	Prupe.2G040800.1	38.300300166666666	6.160064	48.98087516666667	0.2957777302148874	0.458185137484202	0.3229704550653938	0.099111469607644	0.0914019782609915	0.0924425637468061	Conservation	Conservation	Conservation	Conservation	classified
TRD	Pbre1_05G363200	Pbre1_05G129000	Prupe.4G148700.1	18.734697666666666	0.0298936666666666	59.32098366666666	0.1080238229701346	1.0	0.3670825931023146	0.1600670811174933	0.9322041033159476	0.1602769514826654	Neofunctionalization(Child)	Neofunctionalization(Child)	Neofunctionalization(Child)	Neofunctionalization(Child)	classified
TRD	Pbre1_01G341000	Pbre1_05G132200	Prupe.2G282400.1	2.406479833333333	3.7773938333333335	14.336646	0.8538337709695266	0.6341213328895727	0.9293936787977298	0.7055244470942736	0.6711471777953172	0.616093462927132	Specialization	Specialization	Conservation	Specialization	classified
TRD	Pbre1_17G209200	Pbre1_05G156000	Prupe.3G195000.1	20.457289666666668	0.3402423333333333	51.80710833333333	0.696519880675482	0.9964377041963296	0.5856574572265872	0.3611203238513177	0.8686323324481039	0.3570312596622219	Neofunctionalization(Child)	Neofunctionalization(Child)	Neofunctionalization(Child)	Neofunctionalization(Child)	classified
TRD	Pbre1_10G169400	Pbre1_05G165800	Prupe.8G134200.1	12.967620666666669	0.0796863333333333	21.733687	0.3489024630296155	1.0	0.6461154166252887	0.1718988738701005	1.0694865410468324	0.1739958983935461	Neofunctionalization(Child)	Neofunctionalization(Child)	Neofunctionalization(Child)	Neofunctionalization(Child)	classified
TRD	Pbre1_15G706400	Pbre1_05G193400	Prupe.1G541400.1	20.7094275	0.275343	67.39817316666667	0.3408409495401235	0.657421034049576	0.2585294970598795	0.0595200854540224	0.4038885466275697	0.0618783624110407	Neofunctionalization(Child)	Neofunctionalization(Child)	Neofunctionalization(Child)	Neofunctionalization(Child)	classified
TRD	Pbre1_12G396200	Pbre1_05G209200	Prupe.6G341500.1	15.629627333333334	0.6910253333333333	90.58698683333334	0.8630657689707469	0.5815608676326255	0.8144474243938307	0.1969219724750086	0.5978211121214412	0.1845787662941033	Neofunctionalization(Child)	Neofunctionalization(Child)	Neofunctionalization(Child)	Neofunctionalization(Child)	classified
TRD	Pbre1_17G459000	Pbre1_05G214000	Prupe.3G160800.1	118.1851755	0.0169393333333333	80.06786233333334	0.4168518475047779	1.0	0.3491048039613858	0.1917441418386075	0.9002884809212395	0.1916963346280094	Neofunctionalization(Child)	Neofunctionalization(Child)	Neofunctionalization(Child)	Neofunctionalization(Child)	classified
TRD	Pbre1_10G234600	Pbre1_05G237000	Prupe.8G174300.1	16.227543999999998	9.072925833333334	17.648206	0.8952045298372404	0.6355042405448936	0.8315872656518526	0.2589770195397172	0.5458401318063062	0.2598375475992053	Neofunctionalization(Child)	Neofunctionalization(Child)	Conservation	Neofunctionalization(Child)	classified
TRD	Pbre1_15G294200	Pbre1_05G241200	Prupe.7G250400.1	5.921209166666666	0.3407793333333333	7.7942085	0.7206042418535388	0.9371731416514184	0.3730791632981737	0.3260649334545345	0.5918603024945898	0.2942977727046908	Neofunctionalization(Child)	Neofunctionalization(Child)	Neofunctionalization(Child)	Neofunctionalization(Child)	classified
TRD	Pbre1_15G593200	Pbre1_05G271400	Prupe.6G172500.1	28.038716166666667	0.2407521666666666	35.09572416666666	0.1790130541682529	0.9191472028713028	0.3655818305140948	0.1673993803425115	0.6051933066495018	0.1656887794109177	Neofunctionalization(Child)	Neofunctionalization(Child)	Neofunctionalization(Child)	Neofunctionalization(Child)	classified
TRD	Pbre1_10G270200	Pbre1_05G277400	Prupe.8G190300.1	16.2479805	0.1350423333333333	11.517241833333332	0.2975108198758557	0.8322485039248569	0.7309522713808564	0.269473069443481	0.7082579050297326	0.2686067572768457	Neofunctionalization(Child)	Neofunctionalization(Child)	Neofunctionalization(Child)	Neofunctionalization(Child)	classified
TRD	Pbre1_06G388200	Pbre1_05G289000	Prupe.1G320700.1	4.085673833333333	0.074896	387.622109	0.618484608751656	0.9357870661625932	0.4217251095317766	0.2649724683858402	0.7351266267588483	0.2653789696079371	Neofunctionalization(Child)	Neofunctionalization(Child)	Neofunctionalization(Child)	Neofunctionalization(Child)	classified
TRD	Pbre1_10G302000	Pbre1_05G315200	Prupe.8G209600.1	0.9842201666666668	0.2667266666666666	26.9199235	0.7197327077592093	0.6387508000385773	0.9528707459990752	0.9439978111139185	0.757549967380444	0.8977435883304753	Specialization	Specialization	Specialization	Specialization	classified
TRD	Pbre1_01G046200	Pbre1_05G321200	Prupe.6G161400.1	63.7414755	0.2192583333333333	200.36442416666665	0.4854207496163411	0.9809275131596696	0.5177549590936403	0.3482273776973716	0.9182999417064672	0.3476565392648263	Neofunctionalization(Child)	Neofunctionalization(Child)	Neofunctionalization(Child)	Neofunctionalization(Child)	classified
TRD	Pbre1_10G300600	Pbre1_05G331800	Prupe.8G208900.1	118.81733283333334	0.3780903333333333	277.90582866666665	0.1232115123435193	0.9152330250768548	0.4438485693449261	0.1502679541329785	0.5530472574286202	0.1497419679127346	Neofunctionalization(Child)	Neofunctionalization(Child)	Neofunctionalization(Child)	Neofunctionalization(Child)	classified
TRD	Pbre1_10G330000	Pbre1_05G355200	Prupe.8G226000.1	0.144782	9.351287	3.781082333333333	0.8367326968674336	0.4824260330699798	0.6554310662778482	0.5339188922275752	0.462015347262996	0.4586122121267729	Specialization	Specialization	Specialization	Specialization	classified
TRD	Pbre1_10G371000	Pbre1_05G391800	Prupe.4G129900.1	3.967258833333333	1.8060478333333332	2.9736421666666666	0.1437203229159618	0.4789820448927583	0.4823547180679005	0.1335411517446672	0.2095361279672048	0.1490368898054947	Conservation	Conservation	Conservation	Conservation	classified
TRD	Pbre1_10G375000	Pbre1_05G394600	Prupe.4G128300.1	4.729666166666667	1.6237108333333332	2.814013	0.4024620032600753	0.9595842267654792	0.2710728332972965	0.1037508658867482	0.6912757881818712	0.2243428863484808	Neofunctionalization(Child)	Neofunctionalization(Child)	Neofunctionalization(Child)	Neofunctionalization(Child)	classified
TRD	Pbre1_08G329600	Pbre1_05G423800	Prupe.1G528600.1	8.191773666666666	0.244826	29.344175166666663	0.4458910497872643	0.919623685159842	0.4940301629650491	0.242340087541098	0.4947206616702745	0.2352608550302209	Neofunctionalization(Child)	Neofunctionalization(Child)	Neofunctionalization(Child)	Neofunctionalization(Child)	classified
TRD	Pbre1_17G196200	Pbre1_05G429000	Prupe.3G203100.1	8.920224833333334	10.306491833333334	21.308912166666666	0.7892919870062381	0.1674926476014666	0.3341336605995703	0.2998450804191706	0.1469357601318834	0.1585740712391266	Conservation	Conservation	Conservation	Conservation	classified
TRD	Pbre1_07G359600	Pbre1_05G429400	Prupe.2G248500.1	50.037413666666666	11.572149	200.2219355	0.5477938187670298	0.2040088443426675	0.3473762390145916	0.0815039731377938	0.1138294712932078	0.0607844795349143	Conservation	Conservation	Conservation	Conservation	classified
TRD	Pbre1_05G243800	Pbre1_05G435600	Prupe.8G177400.1	22.894692666666668	0.0427458333333333	61.44621333333333	0.4071834060688019	0.939275185524042	0.4695086690313298	0.1808001387001328	0.7119965143637856	0.1813666920370035	Neofunctionalization(Child)	Neofunctionalization(Child)	Neofunctionalization(Child)	Neofunctionalization(Child)	classified
TRD	Pbre1_16G015000	Pbre1_05G436600	Prupe.1G343400.1	7.785599166666667	0.0614698333333333	20.711473166666668	0.7319332993657889	0.9463653649764292	0.5407432689083833	0.3528621557324025	0.7851702675800746	0.3507008971238622	Neofunctionalization(Child)	Neofunctionalization(Child)	Neofunctionalization(Child)	Neofunctionalization(Child)	classified
TRD	Pbre1_15G778400	Pbre1_05G438400	Prupe.1G585000.1	31.507089333333333	4.59782	16.643331	0.580142354182773	0.4097073327523647	0.4879293054746271	0.1273635436373717	0.1553776099524289	0.1125350364669299	Conservation	Conservation	Conservation	Conservation	classified
TRD	Pbre1_05G375800	Pbre1_05G440800	Prupe.4G139500.1	3.3069355	3.7224721666666665	3.083623333333333	0.593254851234912	0.8414208637944587	0.735877089736373	0.3375468792306557	0.6307314868361589	0.4902677516438546	Neofunctionalization(Child)	Neofunctionalization(Child)	Conservation	Neofunctionalization(Child)	classified
TRD	Pbre1_10G438800	Pbre1_05G465400	Prupe.4G085500.1	2.4728263333333333	1.2773955	5.496891333333333	0.5711304086879785	0.3880986607034088	0.5950188682014057	0.2865015281508374	0.1902659018090428	0.2361469566050997	Conservation	Conservation	Conservation	Conservation	classified
TRD	Pbre1_10G353400	Pbre1_05G502600	Prupe.4G141000.1	36.015593833333334	0.0070995	71.97519083333333	0.48414636432914	1.0	0.6497973836619496	0.3112243228766677	0.9225918204810752	0.3111974667470182	Neofunctionalization(Child)	Neofunctionalization(Child)	Neofunctionalization(Child)	Neofunctionalization(Child)	classified
TRD	Pbre1_16G368000	Pbre1_05G502800	Prupe.1G041700.1	63.55534333333333	0.0122438333333333	76.44156966666667	0.6351685102983577	0.9641182892370924	0.6225198349075726	0.1776699155417325	0.7952804148907854	0.1776246550923802	Neofunctionalization(Child)	Neofunctionalization(Child)	Neofunctionalization(Child)	Neofunctionalization(Child)	classified
TRD	Pbre1_08G131600	Pbre1_05G519600	Prupe.1G419800.1	16.048745833333335	0.1507721666666666	20.437117	0.2324612026060478	0.8572613353287174	0.4550300040959689	0.181548835314151	0.5730722806522616	0.1824832384301922	Neofunctionalization(Child)	Neofunctionalization(Child)	Neofunctionalization(Child)	Neofunctionalization(Child)	classified
TRD	Pbre1_16G427600	Pbre1_05G548800	Prupe.1G081500.1	38.43981433333333	0.06179	51.194958166666666	0.6564414299496233	0.9811122689661076	0.3676918252161701	0.2908117117198825	0.7451475596924167	0.2899444864957453	Neofunctionalization(Child)	Neofunctionalization(Child)	Neofunctionalization(Child)	Neofunctionalization(Child)	classified
TRD	Pbre1_10G563200	Pbre1_05G579200	Prupe.4G016400.1	17.594707500000002	5.161265333333334	16.241377833333335	0.8104686995124339	0.6945930223116913	0.515818295519657	0.3036853903709042	0.2619587316333724	0.2877245918640587	Conservation	Conservation	Conservation	Conservation	classified
TRD	Pbre1_10G584000	Pbre1_05G596000	Prupe.4G006600.1	8.075023666666667	21.012452166666662	21.96872283333333	0.2685831817182158	0.5576163499812941	0.3828871610174719	0.0923524906136822	0.2327359116508129	0.1671538341248417	Conservation	Conservation	Conservation	Conservation	classified
TRD	Pbre1_10G592200	Pbre1_05G603800	Prupe.4G001300.1	47.649677	3.3658745	73.44220083333333	0.4547495162649023	0.4127022189284812	0.3727290893427124	0.145430639032225	0.2079742838748987	0.1445656494963961	Conservation	Conservation	Conservation	Conservation	classified
TRD	Pbre1_10G223000	Pbre1_06G002600	Prupe.8G167000.1	25.715958333333333	5.7013515	46.44869683333334	0.2296708172912266	0.6393462064659036	0.4062349897445646	0.1332326451728352	0.2745358940089684	0.1406794869134616	Conservation	Conservation	Conservation	Conservation	classified
TRD	Pbre1_03G209800	Pbre1_06G004400	Prupe.6G118600.1	20.84079433333333	34.922877	63.811024833333335	0.6286099806525776	0.6083441924280478	0.447661708501065	0.3143975149544221	0.298945026859255	0.3013358421071557	Conservation	Conservation	Conservation	Conservation	classified
TRD	Pbre1_12G066400	Pbre1_06G017800	Prupe.7G097000.1	25.6343915	0.0452553333333333	12.153451	0.4966038067712305	0.8010988688115177	0.511065696978034	0.2140334062247839	0.5436730008154727	0.2137560867975501	Neofunctionalization(Child)	Neofunctionalization(Child)	Neofunctionalization(Child)	Neofunctionalization(Child)	classified
TRD	Pbre1_11G198400	Pbre1_06G022400	Prupe.6G098200.1	96.71644133333334	0.0116823333333333	90.95427983333332	0.4624869626664705	1.0	0.5863779837428289	0.3190655983322097	0.7530701691263976	0.3189826376869695	Neofunctionalization(Child)	Neofunctionalization(Child)	Neofunctionalization(Child)	Neofunctionalization(Child)	classified
TRD	Pbre1_15G443200	Pbre1_06G032800	Prupe.7G165600.1	12.1540945	2.147863666666667	126.14570416666666	0.2857632846874188	0.5999206082941283	0.7563148174155125	0.3288557933973188	0.504821465301562	0.3519426228755621	Neofunctionalization(Child)	Neofunctionalization(Child)	Neofunctionalization(Child)	Neofunctionalization(Child)	classified
TRD	Pbre1_17G473200	Pbre1_06G036800	Prupe.3G117700.1	15.671452666666667	0.0264841666666666	25.799138166666665	0.7645157916126578	1.0	0.4469185558509547	0.3394968996008065	1.000263679854075	0.3394686860072685	Neofunctionalization(Child)	Neofunctionalization(Child)	Neofunctionalization(Child)	Neofunctionalization(Child)	classified
TRD	Pbre1_11G330800	Pbre1_06G040200	Prupe.4G231300.1	48.50903133333333	119.82404283333334	67.90232416666666	0.4963484831559843	0.5328538228085222	0.471868213372485	0.2511349438938354	0.1830268619359195	0.1839196522460601	Conservation	Conservation	Conservation	Conservation	classified
TRD	Pbre1_06G070400	Pbre1_06G046200	Prupe.5G048100.1	7.3400765	0.2396795	9.945036833333331	0.9982926502688636	0.7142878855429011	0.9993986014533782	0.0102972510769692	0.9551238296731492	0.0352866831972782	Neofunctionalization(Child)	Neofunctionalization(Child)	Neofunctionalization(Child)	Neofunctionalization(Child)	classified
TRD	Pbre1_15G067400	Pbre1_06G049400	Prupe.1G389200.1	68.74366016666667	0.1487241666666666	200.3011398333333	0.6204937641942507	0.8981313027093405	0.2961015728754727	0.195109544510209	0.5661895417089622	0.1945497751277349	Neofunctionalization(Child)	Neofunctionalization(Child)	Neofunctionalization(Child)	Neofunctionalization(Child)	classified
TRD	Pbre1_15G294000	Pbre1_06G056200	Prupe.7G250500.1	7.8051425	13.682525	9.584814666666666	0.3109373497550945	0.3607404301505404	0.3042600415621408	0.0984596549292071	0.2238634016354257	0.1658608785581057	Conservation	Conservation	Conservation	Conservation	classified
TRD	Pbre1_04G134400	Pbre1_06G114600	Prupe.5G076600.1	29.0654455	0.0068993333333333	52.0940485	0.8037151695821526	0.8037522733799177	0.7419585394053201	0.3443763575726326	0.6444612572437353	0.3442780730816857	Neofunctionalization(Child)	Neofunctionalization(Child)	Neofunctionalization(Child)	Neofunctionalization(Child)	classified
TRD	Pbre1_04G130400	Pbre1_06G116800	Prupe.5G079200.1	72.15938216666667	11.094155	96.67859483333334	0.3661812317990572	0.6987257461776151	0.6640686977312023	0.1818593959399138	0.1327303299171119	0.1634588283410488	Conservation	Conservation	Conservation	Conservation	classified
TRD	Pbre1_13G025800	Pbre1_06G137200	Prupe.1G338000.1	0.7494093333333333	0.0843631666666666	2.7446456666666665	0.8396152224685458	0.9511570056977676	0.6944057694920301	0.4902787673948653	0.9302910567849576	0.464354758221185	Specialization	Specialization	Specialization	Specialization	classified
TRD	Pbre1_10G431000	Pbre1_06G140600	Prupe.4G088900.1	16.989080166666668	0.0272376666666666	21.435607	0.2413104699427176	1.0	0.2222432264740543	0.059911387825302	0.9026445039516064	0.0606792280459241	Neofunctionalization(Child)	Neofunctionalization(Child)	Neofunctionalization(Child)	Neofunctionalization(Child)	classified
TRD	Pbre1_14G189400	Pbre1_06G142600	Prupe.5G097700.1	158.127411	548.5994503333334	625.1173373333334	0.4713521339357161	0.6722858710782014	0.7120022110347213	0.3626194855393232	0.3095616890560396	0.3070553180028603	Conservation	Conservation	Conservation	Conservation	classified
TRD	Pbre1_14G189200	Pbre1_06G143600	Prupe.5G097500.1	7.413251166666667	13.1725935	32.242056833333336	0.275348268384387	0.523221870888844	0.6959433020332546	0.2974416825511321	0.1589446549660245	0.200970368781925	Conservation	Conservation	Conservation	Conservation	classified
TRD	Pbre1_14G189000	Pbre1_06G143800	Prupe.5G097400.1	18.69768033333333	5.2329675	17.450843833333334	0.2164491927066358	0.1599346435539596	0.3908328890664282	0.1791626437093949	0.1880660433087958	0.17826671264954	Conservation	Conservation	Conservation	Conservation	classified
TRD	Pbre1_14G189000	Pbre1_06G144000	Prupe.5G097400.1	18.69768033333333	3.739723666666667	17.450843833333334	0.2164491927066358	0.3120202714949317	0.3908328890664282	0.1791626437093949	0.2657765515041562	0.1781434387274817	Conservation	Conservation	Conservation	Conservation	classified
TRD	Pbre1_01G329000	Pbre1_06G153600	Prupe.2G275100.1	41.331718333333335	0.0350816666666666	31.2215815	0.4866812710001293	1.0	0.4019495735383768	0.2678615680681747	0.9755663854807696	0.2682619905682223	Neofunctionalization(Child)	Neofunctionalization(Child)	Neofunctionalization(Child)	Neofunctionalization(Child)	classified
TRD	Pbre1_09G204200	Pbre1_06G164600	Prupe.3G202500.1	0.8400065	2.687840833333333	23.645870166666665	0.916187412840224	0.68419988757783	0.9244508325786456	0.9562858962030498	0.4089311297564955	0.4842948988299446	Specialization	Specialization	Neofunctionalization(Parent)	Specialization	classified
TRD	Pbre1_06G412800	Pbre1_06G189000	Prupe.5G242300.1	76.7708325	0.3979439999999999	13.777290166666669	0.7584762073189669	0.7274825007371756	0.9357116682765646	0.3944194898035932	0.414877781552716	0.3943664210351908	Specialization	Specialization	Specialization	Specialization	classified
TRD	Pbre1_12G099200	Pbre1_06G192200	Prupe.7G075800.1	21.6600755	0.4334931666666666	17.366720166666667	0.439972083282418	0.6521205648660718	0.6108382417273491	0.3239556922062898	0.4070778571685243	0.3207284685721161	Neofunctionalization(Child)	Neofunctionalization(Child)	Neofunctionalization(Child)	Neofunctionalization(Child)	classified
TRD	Pbre1_12G282200	Pbre1_06G199400	Prupe.6G277500.1	234.48932433333331	0.282156	346.0445476666667	0.68456526789501	0.8272872176478359	0.6536892169882003	0.286717013751353	0.6335183640213676	0.2861614176573671	Neofunctionalization(Child)	Neofunctionalization(Child)	Neofunctionalization(Child)	Neofunctionalization(Child)	classified
TRD	Pbre1_14G264200	Pbre1_06G221600	Prupe.5G137400.1	59.11387466666667	0.3025695	19.2256455	0.4121500682665225	0.7538956970038014	0.7055241599063601	0.4477778925056215	0.4051804665708853	0.4464200017174795	Specialization	Specialization	Specialization	Specialization	classified
TRD	Pbre1_07G229400	Pbre1_06G246000	Prupe.2G171400.1	35.920708166666664	0.8598156666666668	42.0904255	0.4020680033319075	0.9754088294136456	0.6155402986490841	0.309690661614699	0.998821084315884	0.3087444330969954	Neofunctionalization(Child)	Neofunctionalization(Child)	Neofunctionalization(Child)	Neofunctionalization(Child)	classified
TRD	Pbre1_03G416800	Pbre1_06G259200	Prupe.4G154500.1	48.420982333333335	0.0518506666666666	87.008241	0.3425075363696772	0.9318045845222804	0.2384066802670729	0.1559575425115419	0.630441263717184	0.1554110953069137	Neofunctionalization(Child)	Neofunctionalization(Child)	Neofunctionalization(Child)	Neofunctionalization(Child)	classified
TRD	Pbre1_14G306400	Pbre1_06G269600	Prupe.5G160800.1	143.10113533333333	74.50690116666667	84.39080233333333	0.4166360547995317	0.5237683293617856	0.3443719906174489	0.206721767849239	0.1664719647615131	0.1869578222825406	Conservation	Conservation	Conservation	Conservation	classified
TRD	Pbre1_14G317000	Pbre1_06G276400	Prupe.5G165300.1	0.8764661666666667	0.222773	3.470232666666667	0.5101113454266383	0.5516155790229397	0.8750270675562815	0.5154576014530459	0.4776866136690907	0.5060479709271029	Specialization	Specialization	Specialization	Specialization	classified
TRD	Pbre1_14G352000	Pbre1_06G314000	Prupe.5G184000.1	3.9408871666666654	0.0071113333333333	15.011847	0.9958955320506536	1.0	0.7220749582490505	0.6337695904770569	0.6558300923348638	0.6338091109492132	Specialization	Specialization	Specialization	Specialization	classified
TRD	Pbre1_10G550800	Pbre1_06G323600	Prupe.4G023400.1	20.76420333333333	0.0074665	69.72168166666667	0.5011280435950379	1.0	0.4905514869262944	0.1073719384387098	0.7938403359173445	0.1070722158989005	Neofunctionalization(Child)	Neofunctionalization(Child)	Neofunctionalization(Child)	Neofunctionalization(Child)	classified
TRD	Pbre1_15G363200	Pbre1_06G342800	Prupe.7G215100.1	8.067410166666667	4.48275	13.894352666666666	0.3371450064418488	0.4084751850430017	0.4333010250811545	0.149790566935712	0.1319583123910007	0.1403981824101847	Conservation	Conservation	Conservation	Conservation	classified
TRD	Pbre1_14G388200	Pbre1_06G350600	Prupe.5G206500.1	30.4635925	0.0066281666666666	13.4964105	0.4812237362614546	1.0	0.6132857224522166	0.1381274004385695	1.027332525030664	0.1383117355965397	Neofunctionalization(Child)	Neofunctionalization(Child)	Neofunctionalization(Child)	Neofunctionalization(Child)	classified
TRD	Pbre1_09G411800	Pbre1_06G357000	Prupe.3G134800.1	18.9226185	0.0097658333333333	116.35590433333334	0.1720428274326629	1.0	0.4476913348294152	0.1412752795809249	0.8084020279819365	0.1409297357418327	Neofunctionalization(Child)	Neofunctionalization(Child)	Neofunctionalization(Child)	Neofunctionalization(Child)	classified
TRD	Pbre1_14G354600	Pbre1_06G378800	Prupe.5G185400.1	0.0109668333333333	1.1117608333333333	0.2067083333333333	0.8910243467236401	0.7966046909630776	0.9807287002750062	0.8578587631545861	0.5614737778815763	0.5601335438582685	Specialization	Specialization	Specialization	Specialization	classified
TRD	Pbre1_05G223000	Pbre1_06G390600	Prupe.8G167300.1	20.333372	2.089804	77.27326783333334	0.4358823935049124	0.542477942234888	0.4119451247574582	0.1787930717453867	0.2470923021723292	0.1827137771903412	Conservation	Conservation	Conservation	Conservation	classified
TRD	Pbre1_06G388400	Pbre1_06G396800	Prupe.5G228400.1	4.780950333333333	1.8320166666666664	1.267555166666667	0.9595013243452104	0.9605511108284066	0.9852796628317486	1.237048432282592	1.206432012451392	1.2274361960211964	Specialization	Specialization	Specialization	Specialization	classified
TRD	Pbre1_13G191400	Pbre1_06G402400	Prupe.1G234000.1	322.23446466666667	0.0086028333333333	1717.5886931666666	0.2270464203108273	1.0	0.3704675982966507	0.1891823616323768	0.8424186821999549	0.1891760909642058	Neofunctionalization(Child)	Neofunctionalization(Child)	Neofunctionalization(Child)	Neofunctionalization(Child)	classified
TRD	Pbre1_11G352800	Pbre1_06G416200	Prupe.4G214800.1	2.803579333333333	6.3329580000000005	5.620458833333333	0.4987913758073404	0.3896855356373432	0.6111161781486582	0.1429463731122341	0.2759690928823601	0.2314182065322754	Conservation	Conservation	Conservation	Conservation	classified
TRD	Pbre1_02G494200	Pbre1_07G020200	Prupe.2G015000.1	15.236812666666667	1.9459681666666664	11.029555333333333	0.576740919368555	0.4329399096869856	0.4315544945104385	0.2508764773350023	0.2173535607752806	0.2328286162625737	Conservation	Conservation	Conservation	Conservation	classified
TRD	Pbre1_09G285400	Pbre1_07G022000	Prupe.3G028100.1	31.54315983333333	0.4453716666666666	119.6439405	0.6030248725128093	0.7501561355812368	0.547054152790372	0.1626394256973943	0.5382652029101563	0.1625153855075182	Neofunctionalization(Child)	Neofunctionalization(Child)	Neofunctionalization(Child)	Neofunctionalization(Child)	classified
TRD	Pbre1_01G434000	Pbre1_07G039000	Prupe.2G329300.1	6.433078166666666	10.199645166666668	14.781729666666669	0.65785819367478	0.4910084111107945	0.378039637060032	0.2853015315072058	0.1468432235977185	0.1721637517236798	Conservation	Conservation	Conservation	Conservation	classified
TRD	Pbre1_07G512000	Pbre1_07G039400	Prupe.2G329400.1	10.385324833333334	8.7090395	26.05861383333333	0.1996911516612457	0.384034401755597	0.3619539047449057	0.0816244015698629	0.175195949849602	0.1168544148668153	Conservation	Conservation	Conservation	Conservation	classified
TRD	Pbre1_02G460000	Pbre1_07G046600	Prupe.2G034600.1	6.1379605	2.006330333333333	4.459353	0.314615182206699	0.3740417638536725	0.8570972363294622	0.4236796661222766	0.4360846053875907	0.4223983523277188	Specialization	Specialization	Conservation	Specialization	classified
TRD	Pbre1_02G424600	Pbre1_07G075600	Prupe.2G058400.1	109.29561666666666	92.469567	159.32696033333332	0.4690499636480446	0.5359193619294906	0.3330802149751428	0.2208067654831576	0.2708829622220748	0.2336604719784314	Conservation	Conservation	Conservation	Conservation	classified
TRD	Pbre1_04G166400	Pbre1_07G082400	Prupe.6G236600.1	16.5610465	7.748462833333333	37.53148983333333	0.3245717987472283	0.4884354634837963	0.5082092758056105	0.1578184526388514	0.2303716504650547	0.1752981071555313	Conservation	Conservation	Conservation	Conservation	classified
TRD	Pbre1_13G242000	Pbre1_07G092600	Prupe.1G105700.1	11.978724333333332	18.711071	47.9113245	0.4034269808994962	0.4456714106040931	0.4010669960286657	0.0601154596664689	0.2283147950599244	0.1432327727162766	Conservation	Conservation	Conservation	Conservation	classified
TRD	Pbre1_07G466000	Pbre1_07G111600	Prupe.2G308200.1	16.323921833333333	1.5293093333333334	96.968626	0.6113659726566694	0.4697992473466542	0.7233707626500674	0.2437798092961403	0.4702765531607015	0.2474623186505628	Neofunctionalization(Child)	Neofunctionalization(Child)	Neofunctionalization(Child)	Neofunctionalization(Child)	classified
TRD	Pbre1_07G499400	Pbre1_07G112800	Prupe.2G323000.1	34.297747333333334	11.548114333333334	17.891915833333332	0.3224431525003995	0.4776600913966528	0.1547632508445147	0.0802505346924107	0.1952117760847485	0.0752803433195991	Conservation	Conservation	Conservation	Conservation	classified
TRD	Pbre1_02G370800	Pbre1_07G126600	Prupe.2G107600.1	0.2711635	35.00775066666667	12.554176333333334	0.8804204670787005	0.9342368091043166	0.9116091462155628	0.8044443276268325	0.7228047515090833	0.7227553732455076	Specialization	Specialization	Specialization	Specialization	classified
TRD	Pbre1_12G229400	Pbre1_07G133600	Prupe.6G249100.1	50.82374083333333	29.02697333333333	78.199386	0.316399201172635	0.3484774868890827	0.4113787908005639	0.1687475189081249	0.2224410527325568	0.1837167870585429	Conservation	Conservation	Conservation	Conservation	classified
TRD	Pbre1_08G132200	Pbre1_07G147800	Prupe.1G420200.1	13.901267833333334	0.755429	59.8567395	0.2633082742484309	0.6768584782456896	0.6854806561327098	0.2130887241606948	0.4487354773639716	0.2217738449091241	Neofunctionalization(Child)	Neofunctionalization(Child)	Neofunctionalization(Child)	Neofunctionalization(Child)	classified
TRD	Pbre1_15G364200	Pbre1_07G150600	Prupe.7G214600.1	92.27424066666669	0.186448	362.59511	0.6256350080506425	0.7721870817239666	0.4429547439160366	0.2629875209480485	0.3977027886888594	0.262446519333783	Neofunctionalization(Child)	Neofunctionalization(Child)	Neofunctionalization(Child)	Neofunctionalization(Child)	classified
TRD	Pbre1_07G193200	Pbre1_07G164000	Prupe.5G081500.1	0.0182008333333333	0.0950986666666666	24.337818833333333	0.9467064062717448	0.9900892482691134	0.6375856806433604	0.8694274567465999	0.7320464776510509	0.6009769386788865	Specialization	Specialization	Specialization	Specialization	classified
TRD	Pbre1_10G123400	Pbre1_07G164800	Prupe.8G096700.1	0.09147	16.320826166666667	37.4279865	0.848964136545928	0.3660958036057462	0.5423966836596683	0.5733547725041155	0.1773688075125909	0.1780263482061062	Neofunctionalization(Parent)	Neofunctionalization(Parent)	Neofunctionalization(Parent)	Neofunctionalization(Parent)	classified
TRD	Pbre1_05G118200	Pbre1_07G165000	Prupe.8G096600.1	2.9388281666666667	0.0208788333333333	16.6910345	0.6152510863123812	0.809571152527582	0.4779366837883508	0.1495817754868363	0.7188256707357413	0.1494639866217201	Neofunctionalization(Child)	Neofunctionalization(Child)	Neofunctionalization(Child)	Neofunctionalization(Child)	classified
TRD	Pbre1_05G217600	Pbre1_07G179600	Prupe.8G164700.1	27.086472166666667	0.0838075	58.484586166666666	0.2577458994592234	1.0	0.4074341736967357	0.1116835949462243	1.0374645814823518	0.1130521909264021	Neofunctionalization(Child)	Neofunctionalization(Child)	Neofunctionalization(Child)	Neofunctionalization(Child)	classified
TRD	Pbre1_15G219000	Pbre1_07G184200	Prupe.1G480300.1	2.863402333333333	0.0144241666666666	5.318231833333334	0.3062199712363754	0.9411467368546989	0.4169420796020192	0.158389180324169	0.7470771698902446	0.1583352836916768	Neofunctionalization(Child)	Neofunctionalization(Child)	Neofunctionalization(Child)	Neofunctionalization(Child)	classified
TRD	Pbre1_01G120600	Pbre1_07G209200	Prupe.2G157700.1	21.2629615	0.0704985	20.705665	0.4413125166177646	0.9284672516834748	0.5163376166747291	0.1603018077734159	0.697625682010547	0.1618675026631	Neofunctionalization(Child)	Neofunctionalization(Child)	Neofunctionalization(Child)	Neofunctionalization(Child)	classified
TRD	Pbre1_15G252600	Pbre1_07G229200	Prupe.7G271500.1	268.8238885	0.0078003333333333	191.3659008333333	0.4881530576421851	1.0	0.3038233121192456	0.2299074797382495	0.856602361303819	0.2298905896308686	Neofunctionalization(Child)	Neofunctionalization(Child)	Neofunctionalization(Child)	Neofunctionalization(Child)	classified
TRD	Pbre1_04G270600	Pbre1_07G251600	Prupe.6G288300.1	4.700297833333333	2.2208135	16.48779366666667	0.4649501298961939	0.3972835108512275	0.5100018825087179	0.2783623310953727	0.2737424635944335	0.2669552799863343	Conservation	Conservation	Conservation	Conservation	classified
TRD	Pbre1_14G145400	Pbre1_07G257400	Prupe.7G047300.1	179.1431545	235.4126643333333	472.94165583333336	0.672894377154027	0.6018387632340977	0.4755848374859818	0.1725451321475019	0.2462269392892025	0.1581037927815816	Conservation	Conservation	Conservation	Conservation	classified
TRD	Pbre1_15G194000	Pbre1_07G266200	Prupe.1G461400.1	4.594173666666666	16.968259333333332	15.394911166666668	0.8777970539486019	0.5219971914804888	0.8735913603159435	0.7807615662317487	0.6514870024539074	0.642734874732832	Specialization	Specialization	Conservation	Specialization	classified
TRD	Pbre1_17G036800	Pbre1_07G273200	Prupe.3G295800.1	29.8700335	14.774819666666666	192.483398	0.7905946315050852	0.5598122641896743	0.8043733844227836	0.0745598105188341	0.2632380194729436	0.1275486409349343	Conservation	Conservation	Conservation	Conservation	classified
TRD	Pbre1_15G539000	Pbre1_07G287000	Prupe.6G213300.1	23.109962	0.4380568333333333	77.58064683333333	0.4334864907161661	0.9719289461672892	0.3923367769318121	0.1749099222834587	0.9272503693957848	0.1763356051475227	Neofunctionalization(Child)	Neofunctionalization(Child)	Neofunctionalization(Child)	Neofunctionalization(Child)	classified
TRD	Pbre1_01G280200	Pbre1_07G328800	Prupe.2G248400.1	3.2494665	0.2331191666666666	2.773644833333333	0.964870405740516	0.7727229266042575	0.7071991772571903	0.7319636630145646	0.4471138043928759	0.7083753774502661	Specialization	Specialization	Specialization	Specialization	classified
TRD	Pbre1_01G266600	Pbre1_07G338000	Prupe.2G241200.1	4.111214833333333	0.2940695	10.518601666666664	0.302798053727098	0.7340495232662698	0.7054711006125545	0.2840814979969689	0.4292741543511648	0.2835400530829289	Neofunctionalization(Child)	Neofunctionalization(Child)	Neofunctionalization(Child)	Neofunctionalization(Child)	classified
TRD	Pbre1_01G310200	Pbre1_07G386800	Prupe.2G265500.1	11.226091833333331	0.0418858333333333	10.000799166666669	0.1490279610168643	0.8191360223079313	0.3801737728762767	0.1120091956491737	0.4965694233536317	0.112092339152062	Neofunctionalization(Child)	Neofunctionalization(Child)	Neofunctionalization(Child)	Neofunctionalization(Child)	classified
TRD	Pbre1_12G263200	Pbre1_07G401800	Prupe.6G265500.1	1.1785673333333333	2.079178833333333	12.173542	0.8620124619510914	0.791038601796207	0.4273403838372619	0.6539819334224767	0.5486194635524062	0.5317082694473477	Specialization	Specialization	Specialization	Specialization	classified
TRD	Pbre1_01G352000	Pbre1_07G426400	Prupe.2G288100.1	0.5992845	0.6922501666666666	1.5808043333333333	0.3386331514318156	0.5982652775172056	0.850580706101485	0.5059532326657433	0.4755156074077832	0.4739766911992027	Specialization	Specialization	Specialization	Specialization	classified
TRD	Pbre1_01G358200	Pbre1_07G432800	Prupe.2G290800.1	5.2321775	0.0208496666666666	0.4787831666666666	0.9923936327081094	0.7114885973133396	0.7088429500550537	0.8572397052912533	0.6433390726169353	0.8535727262654761	Specialization	Specialization	Specialization	Specialization	classified
TRD	Pbre1_07G498800	Pbre1_07G442600	Prupe.2G322700.1	25.587701	4.733954333333333	54.5124565	0.3374419073584208	0.8508269735937504	0.4544735605273642	0.1661764011961472	0.4465046081750529	0.1670838459335504	Neofunctionalization(Child)	Neofunctionalization(Child)	Conservation	Neofunctionalization(Child)	classified
TRD	Pbre1_07G448200	Pbre1_07G442800	Prupe.2G298500.1	13.2985415	5.963756333333333	27.93690833333333	0.1629103744512115	0.8408884620267489	0.4236165897832032	0.1186917969565447	0.475803563492095	0.1645980442706231	Neofunctionalization(Child)	Neofunctionalization(Child)	Conservation	Neofunctionalization(Child)	classified
TRD	Pbre1_07G448200	Pbre1_07G443200	Prupe.2G298500.1	13.2985415	5.544622333333334	27.93690833333333	0.1629103744512115	0.8103975316703853	0.4236165897832032	0.1186917969565447	0.4274254327645158	0.14449223580917	Neofunctionalization(Child)	Neofunctionalization(Child)	Conservation	Neofunctionalization(Child)	classified
TRD	Pbre1_13G463000	Pbre1_07G457400	Prupe.1G099000.1	106.52171416666668	0.0047086666666666	152.3438415	0.5173668126242641	1.0	0.4281829492295512	0.1283921630543946	0.9907935334698816	0.1283969677848822	Neofunctionalization(Child)	Neofunctionalization(Child)	Neofunctionalization(Child)	Neofunctionalization(Child)	classified
TRD	Pbre1_16G330800	Pbre1_07G470800	Prupe.1G014100.1	13.156691666666667	0.120449	57.36308683333333	0.7190800544070878	0.8549447821125558	0.1914492710326754	0.244428799808026	0.5741911695191813	0.2397904968888025	Neofunctionalization(Child)	Neofunctionalization(Child)	Neofunctionalization(Child)	Neofunctionalization(Child)	classified
TRD	Pbre1_13G324000	Pbre1_07G471000	Prupe.1G014100.1	35.74858333333333	0.1237798333333333	57.36308683333333	0.5584562355821718	0.8738709542848737	0.1914492710326754	0.1892609512578877	0.5145689163407232	0.1879157107952818	Neofunctionalization(Child)	Neofunctionalization(Child)	Neofunctionalization(Child)	Neofunctionalization(Child)	classified
TRD	Pbre1_13G324000	Pbre1_07G471200	Prupe.1G014100.1	35.74858333333333	0.0984201666666666	57.36308683333333	0.5584562355821718	0.860284304024668	0.1914492710326754	0.1892609512578877	0.5170407335531829	0.1878172643220987	Neofunctionalization(Child)	Neofunctionalization(Child)	Neofunctionalization(Child)	Neofunctionalization(Child)	classified
TRD	Pbre1_16G377400	Pbre1_07G472600	Prupe.1G048100.1	6.973936	1.4515296666666668	8.989886666666667	0.4200628574267074	0.8843995306494735	0.6755930653940483	0.2543357976800004	0.7103340425530204	0.2834195350979608	Neofunctionalization(Child)	Neofunctionalization(Child)	Neofunctionalization(Child)	Neofunctionalization(Child)	classified
TRD	Pbre1_16G353200	Pbre1_07G475600	Prupe.1G031300.1	0.2043403333333333	5.615856666666667	2.0183283333333333	0.5812275097026864	0.517541697988493	0.917989847143598	0.830332516090588	0.6119924483661984	0.6183891876795634	Specialization	Specialization	Specialization	Specialization	classified
TRD	Pbre1_01G403200	Pbre1_07G477400	Prupe.2G313100.1	27.943303	0.330223	37.221959	0.4750279280594808	0.7988885784736478	0.7461169233903391	0.2761934080019585	0.568993522988938	0.2771958458332634	Neofunctionalization(Child)	Neofunctionalization(Child)	Neofunctionalization(Child)	Neofunctionalization(Child)	classified
TRD	Pbre1_12G437800	Pbre1_07G491000	Prupe.6G364600.1	48.383836333333335	9.022347666666668	74.496942	0.1712408168560669	0.559910897998037	0.2728703767312522	0.0776049688976889	0.2305286945551139	0.0932701717517274	Conservation	Conservation	Conservation	Conservation	classified
TRD	Pbre1_15G038800	Pbre1_08G048000	Prupe.1G374000.1	2.895003833333333	0.0193381666666666	4.3931515	0.6791119365075176	0.9693237507331088	0.992762032338559	0.70520903807513	1.197529465695847	0.7074597410809792	Specialization	Specialization	Specialization	Specialization	classified
TRD	Pbre1_13G310000	Pbre1_08G067400	Prupe.1G151200.1	8.581664	0.2546523333333333	27.677722	0.3290325559916878	0.9408531972849112	0.2921479173923279	0.0826170492905378	0.7006741034353804	0.078562029960945	Neofunctionalization(Child)	Neofunctionalization(Child)	Neofunctionalization(Child)	Neofunctionalization(Child)	classified
TRD	Pbre1_14G167600	Pbre1_08G072000	Prupe.7G021100.1	29.8654945	0.0266013333333333	20.40896683333333	0.4107242514667802	1.0	0.6522397843989671	0.3616687913378634	0.7040568768190123	0.3609747119541213	Neofunctionalization(Child)	Neofunctionalization(Child)	Neofunctionalization(Child)	Neofunctionalization(Child)	classified
TRD	Pbre1_06G341600	Pbre1_08G074000	Prupe.5G201700.1	12.0185615	12.459842833333331	20.77312983333333	0.218842145501546	0.3692803533603261	0.4564572627414595	0.0980534532757014	0.1478076370677203	0.1137598370251893	Conservation	Conservation	Conservation	Conservation	classified
TRD	Pbre1_15G106000	Pbre1_08G105600	Prupe.1G410800.1	17.467946166666668	27.184252666666666	59.61068483333334	0.3828002262105269	0.2734947134322619	0.5732778915688587	0.2510087984109588	0.1944330527642403	0.2099568457196302	Conservation	Conservation	Conservation	Conservation	classified
TRD	Pbre1_15G101200	Pbre1_08G111000	Prupe.1G408500.1	20.6181475	39.50629933333333	19.100089666666666	0.5555676479958017	0.7353079075414892	0.4451636989202663	0.208433767895782	0.2593528268271178	0.1517249501347283	Conservation	Conservation	Conservation	Conservation	classified
TRD	Pbre1_15G115000	Pbre1_08G124800	Prupe.1G416200.1	34.548723	27.182389666666666	105.9891325	0.5690819268572744	0.4128877289907808	0.3261698424157104	0.1530003314267016	0.1336761627666965	0.1389497760557892	Conservation	Conservation	Conservation	Conservation	classified
TRD	Pbre1_15G116800	Pbre1_08G126800	Prupe.1G417200.1	0.4631726666666667	0.0074164999999999	0.3516716666666666	0.743886824999405	1.0	0.933255881718996	0.3885453996458328	1.2142004369602029	0.3980166722535243	Neofunctionalization(Child)	Neofunctionalization(Child)	Specialization	Neofunctionalization(Child)	classified
TRD	Pbre1_09G087800	Pbre1_08G133000	Prupe.3G266700.1	7.800555666666667	0.0042596666666666	48.5524815	0.2664935547766695	1.0	0.4756998146229405	0.1558049593801179	0.9368843245070312	0.1558189636876149	Neofunctionalization(Child)	Neofunctionalization(Child)	Neofunctionalization(Child)	Neofunctionalization(Child)	classified
TRD	Pbre1_15G147600	Pbre1_08G171000	Prupe.1G433800.1	9.3374965	0.0259743333333333	7.124614333333334	0.4432531791482776	0.8240099398062704	0.5325959068662502	0.2607834940513586	0.513235532580853	0.2605659504416487	Neofunctionalization(Child)	Neofunctionalization(Child)	Neofunctionalization(Child)	Neofunctionalization(Child)	classified
TRD	Pbre1_13G402800	Pbre1_08G171400	Prupe.1G071300.1	1.2116971666666667	0.6588468333333334	1.3405453333333333	0.9420167642300166	0.936902043443218	0.5744957173497496	0.5724874789275619	0.5572637412008581	0.5670837838065086	Specialization	Specialization	Specialization	Specialization	classified
TRD	Pbre1_08G185800	Pbre1_08G177000	Prupe.1G444700.1	37.14994266666667	0.1362243333333333	4.1371105	0.9469523048633424	0.7297731267205348	0.7281254580180315	0.8595372359217244	0.3935514039616292	0.8575921851750764	Specialization	Specialization	Specialization	Specialization	classified
TRD	Pbre1_08G185400	Pbre1_08G177200	Prupe.1G444600.1	11.8115215	1.7917731666666668	46.579530166666665	0.3717323756928806	0.8817373384875993	0.6882257527314564	0.1864253288644974	0.7088411929870857	0.2416334443673611	Neofunctionalization(Child)	Neofunctionalization(Child)	Neofunctionalization(Child)	Neofunctionalization(Child)	classified
TRD	Pbre1_14G006800	Pbre1_08G186200	Prupe.7G005900.1	51.014483166666665	10.063614	75.73186866666667	0.1589013602530811	0.363806198726481	0.2378534960266169	0.0979851752517571	0.1357037732835246	0.0945756091691024	Conservation	Conservation	Conservation	Conservation	classified
TRD	Pbre1_05G199400	Pbre1_08G222200	Prupe.8G153900.1	0.4693746666666666	0.0070208333333333	13.333713333333334	0.9742289306239984	1.0	0.8934015395824482	1.1076406807993575	0.4621609404425679	1.0893431922915775	Specialization	Specialization	Specialization	Specialization	classified
TRD	Pbre1_08G219200	Pbre1_08G224200	Prupe.1G463700.1	10.372720166666667	0.6176881666666667	10.975012666666666	0.3770081167479822	0.7055359764757523	0.4876888710790278	0.1808685099733547	0.4010826689765847	0.1701606423070141	Neofunctionalization(Child)	Neofunctionalization(Child)	Neofunctionalization(Child)	Neofunctionalization(Child)	classified
TRD	Pbre1_06G109400	Pbre1_08G227600	Prupe.5G075100.1	20.9134265	30.62536483333333	40.32362833333333	0.6398976599204349	0.293625165617989	0.4076029277996251	0.2042930672398372	0.1458243856773244	0.1428418752928999	Conservation	Conservation	Conservation	Conservation	classified
TRD	Pbre1_10G293800	Pbre1_08G228400	Prupe.8G204500.1	286.1023838333333	0.1358826666666666	179.76670516666667	0.4436197319091389	0.832299033049502	0.6377255647395431	0.2596461230167088	0.5385382819634034	0.2596730451531568	Neofunctionalization(Child)	Neofunctionalization(Child)	Neofunctionalization(Child)	Neofunctionalization(Child)	classified
TRD	Pbre1_02G205200	Pbre1_08G230800	Prupe.7G166200.1	240.26220116666667	2.7248113333333333	198.7135883333333	0.4148144355410611	0.9639850796482804	0.3370900751582811	0.1386926841315753	0.8312191732167271	0.1415352509642036	Neofunctionalization(Child)	Neofunctionalization(Child)	Neofunctionalization(Child)	Neofunctionalization(Child)	classified
TRD	Pbre1_15G208000	Pbre1_08G235800	Prupe.1G471700.1	12.591321833333334	0.0504886666666666	37.3573405	0.4422001173092301	0.7885529568359003	0.6752874896422709	0.3094439929062837	0.6322651865158254	0.3104503594559779	Neofunctionalization(Child)	Neofunctionalization(Child)	Neofunctionalization(Child)	Neofunctionalization(Child)	classified
TRD	Pbre1_15G758600	Pbre1_08G239600	Prupe.1G575200.1	7.126215999999999	6.6687095	0.7690341666666667	0.9711568905961744	0.5605214341092146	0.8145359600084208	0.9444994712821624	0.5315199441625312	0.6286473058550326	Specialization	Specialization	Specialization	Specialization	classified
TRD	Pbre1_15G626800	Pbre1_08G274400	Prupe.1G499400.1	5.942802833333333	0.7330960000000001	6.135178166666667	0.4026041123896326	1.0	0.625160633344962	0.3266525037154794	1.0602567920931745	0.3709190408720177	Neofunctionalization(Child)	Neofunctionalization(Child)	Neofunctionalization(Child)	Neofunctionalization(Child)	classified
TRD	Pbre1_15G626800	Pbre1_08G274600	Prupe.1G499400.1	5.942802833333333	0.1633501666666666	6.135178166666667	0.4026041123896326	1.0	0.625160633344962	0.3266525037154794	1.0602567920931745	0.3352411901513746	Neofunctionalization(Child)	Neofunctionalization(Child)	Neofunctionalization(Child)	Neofunctionalization(Child)	classified
TRD	Pbre1_15G626800	Pbre1_08G274800	Prupe.1G499400.1	5.942802833333333	0.1997666666666666	6.135178166666667	0.4026041123896326	0.993072611038314	0.625160633344962	0.3266525037154794	1.0196431982387637	0.3359337689405576	Neofunctionalization(Child)	Neofunctionalization(Child)	Neofunctionalization(Child)	Neofunctionalization(Child)	classified
TRD	Pbre1_15G628000	Pbre1_08G277000	Prupe.1G499900.1	6.899794333333333	2.311634833333333	6.4999395	0.4418125030676374	0.4540139523363748	0.5208371369710099	0.1897912633717214	0.1896446173206654	0.1706572552377181	Conservation	Conservation	Conservation	Conservation	classified
TRD	Pbre1_17G387000	Pbre1_08G287800	Prupe.3G092800.1	57.721393166666665	17.638082999999998	55.718879666666666	0.6142543609403278	0.5230035935118476	0.6825897947699566	0.1336105561114511	0.353034172511852	0.1697242240862429	Conservation	Conservation	Conservation	Conservation	classified
TRD	Pbre1_07G370800	Pbre1_08G294000	Prupe.2G256100.1	34.735087666666665	0.8481525000000001	67.10492433333333	0.6940612036314521	0.9496897507824478	0.6036888660248968	0.1812281655497475	0.7925768115463492	0.1845017251453001	Neofunctionalization(Child)	Neofunctionalization(Child)	Neofunctionalization(Child)	Neofunctionalization(Child)	classified
TRD	Pbre1_15G197600	Pbre1_08G294400	Prupe.1G463000.1	5.728726833333333	0.0470086666666666	6.198377833333334	0.3569211905456567	0.9375063982652556	0.308542885574906	0.0922982651280848	0.7440129381737182	0.0887736492224714	Neofunctionalization(Child)	Neofunctionalization(Child)	Neofunctionalization(Child)	Neofunctionalization(Child)	classified
TRD	Pbre1_02G052200	Pbre1_08G301400	Prupe.7G246700.1	5.429250333333334	0.174871	20.035450666666662	0.1722423905699525	0.6819864920907637	0.602593014004011	0.259333424189444	0.4125131489889713	0.256683356747845	Neofunctionalization(Child)	Neofunctionalization(Child)	Neofunctionalization(Child)	Neofunctionalization(Child)	classified
TRD	Pbre1_12G006600	Pbre1_08G313600	Prupe.7G003700.1	20.387717666666667	0.0923456666666666	16.139262666666667	0.3687706121197556	0.8620469655382739	0.5777055461667314	0.3025138805754269	0.6626097394838629	0.3029134609302897	Neofunctionalization(Child)	Neofunctionalization(Child)	Neofunctionalization(Child)	Neofunctionalization(Child)	classified
TRD	Pbre1_07G382400	Pbre1_08G319200	Prupe.2G263500.1	2.147273666666667	0.0061433333333333	15.260265	0.8725576413938899	1.0	0.7785382380147856	0.6440992385512048	1.1070641916966657	0.6430631250410509	Specialization	Specialization	Neofunctionalization(Child)	Specialization	classified
TRD	Pbre1_04G254600	Pbre1_08G321200	Prupe.6G280400.1	7.9068805	0.043272	55.93525483333334	0.6218369002618848	0.8968881157660629	0.4958615906982986	0.3037490332907461	0.5982858064971743	0.3026620557829662	Neofunctionalization(Child)	Neofunctionalization(Child)	Neofunctionalization(Child)	Neofunctionalization(Child)	classified
TRD	Pbre1_14G059000	Pbre1_08G321800	Prupe.7G099300.1	233.93497216666665	117.30631783333334	40.2728385	0.6412872435982037	0.1393643347614148	0.5319823318158672	0.2657958119342371	0.1718807841538104	0.2074797927375274	Conservation	Conservation	Conservation	Conservation	classified
TRD	Pbre1_15G698800	Pbre1_08G339600	Prupe.1G535400.1	12.600297666666666	13.8424185	14.122554833333334	0.2695548429695514	0.4166392167308098	0.5189796895030412	0.1954514450353629	0.2657923932839611	0.2181667918772654	Conservation	Conservation	Conservation	Conservation	classified
TRD	Pbre1_12G359000	Pbre1_08G343600	Prupe.6G321700.1	3.4740776666666666	0.2064211666666666	25.350600333333333	0.9595415980620712	0.6781732881950077	0.9806329626113388	1.165236188851254	0.9712271561471872	1.13571134753258	Specialization	Specialization	Specialization	Specialization	classified
TRD	Pbre1_13G243600	Pbre1_08G344800	Prupe.1G106500.1	45.35456283333333	4.6675995	81.877062	0.400082397039856	0.1910897889331339	0.4921075990965863	0.0675524815246199	0.1759439682520192	0.0661336349631961	Conservation	Conservation	Conservation	Conservation	classified
TRD	Pbre1_09G037000	Pbre1_08G382200	Prupe.3G295400.1	45.12052666666667	4.073875833333333	141.686806	0.3595669759125244	0.6824687400024856	0.3363624855339689	0.1098688779034032	0.4162192156488173	0.1299263816416695	Neofunctionalization(Child)	Neofunctionalization(Child)	Neofunctionalization(Child)	Neofunctionalization(Child)	classified
TRD	Pbre1_02G377600	Pbre1_08G383000	Prupe.2G103200.1	4.841514666666667	14.370262333333333	34.243042	0.3124063968022404	0.2750809946398693	0.5679103253215967	0.257107462442639	0.2207978185588691	0.2218292996422772	Conservation	Conservation	Conservation	Conservation	classified
TRD	Pbre1_09G101200	Pbre1_08G386000	Prupe.3G260300.1	52.55812516666667	8.456123	77.81631566666667	0.2769801703909843	0.3256829985245598	0.6444801062300654	0.2260633055325389	0.2347702822083128	0.2250249650314937	Conservation	Conservation	Conservation	Conservation	classified
TRD	Pbre1_06G070400	Pbre1_08G390600	Prupe.5G048100.1	7.3400765	6.115749666666667	9.945036833333331	0.9982926502688636	0.985935517318736	0.9993986014533782	0.0102972510769692	0.0696631414987508	0.0349705297378958	Conservation	Conservation	Neofunctionalization(Child)	Conservation	classified
TRD	Pbre1_15G757200	Pbre1_08G393800	Prupe.1G573400.1	73.81689283333333	89.70454466666666	200.12868116666667	0.221950147257994	0.4801140759418166	0.4065476859422782	0.1770638638076689	0.2510159567390767	0.2124999043266932	Conservation	Conservation	Conservation	Conservation	classified
TRD	Pbre1_07G239000	Pbre1_08G403600	Prupe.2G162600.1	8.7195945	7.670225833333333	22.507224166666667	0.400294721607996	0.2878886194564158	0.2614499453817568	0.1664144801886684	0.1210729920622248	0.1394886480548567	Conservation	Conservation	Conservation	Conservation	classified
TRD	Pbre1_13G229400	Pbre1_09G017600	Prupe.1G211500.1	0.9855006666666666	0.0041411666666666	8.514544666666668	0.947443621193878	1.0	0.7701202356126257	0.8238002364315004	0.8773347693140284	0.8201998890490804	Specialization	Specialization	Specialization	Specialization	classified
TRD	Pbre1_16G129400	Pbre1_09G025200	Prupe.1G276500.1	6.201082166666667	2.7805136666666668	11.691640166666668	0.7534820938563257	0.4423969528912906	0.7504656711995296	0.0483742107922667	0.4550651703286231	0.1396120312297321	Neofunctionalization(Child)	Neofunctionalization(Child)	Neofunctionalization(Child)	Neofunctionalization(Child)	classified
TRD	Pbre1_06G109400	Pbre1_09G039600	Prupe.5G075100.1	20.9134265	5.853019833333334	40.32362833333333	0.6398976599204349	0.4687129501901667	0.4076029277996251	0.2042930672398372	0.1432349123431178	0.1753457278761828	Conservation	Conservation	Conservation	Conservation	classified
TRD	Pbre1_04G138600	Pbre1_09G039800	Prupe.5G075200.1	12.941536	0.0661411666666666	25.405695	0.2594337746266708	0.9371256156248656	0.624494089285961	0.1890948012625918	0.7461588050412971	0.1886551335949066	Neofunctionalization(Child)	Neofunctionalization(Child)	Neofunctionalization(Child)	Neofunctionalization(Child)	classified
TRD	Pbre1_15G766000	Pbre1_09G044800	Prupe.1G578800.1	21.1857135	14.6839815	21.297187666666662	0.2209696448810418	0.4676259096863004	0.5646658439378458	0.270738419196997	0.3203326794574987	0.278569292567546	Conservation	Conservation	Conservation	Conservation	classified
TRD	Pbre1_12G266600	Pbre1_09G073800	Prupe.6G268000.1	0.257074	37.25551883333333	0.5464698333333333	0.942017040037733	0.8864067635534173	0.694320000987048	0.6374794765160565	0.5477767924975745	0.5433774920853929	Specialization	Specialization	Specialization	Specialization	classified
TRD	Pbre1_13G011800	Pbre1_09G091800	Prupe.1G346100.1	89.594715	10.700998833333331	147.224921	0.2612553237524271	0.4010570820052043	0.5135830959471981	0.1315852453566391	0.1724242977285382	0.1343811710167524	Conservation	Conservation	Conservation	Conservation	classified
TRD	Pbre1_05G327800	Pbre1_09G098400	Prupe.8G215800.1	83.97699166666666	6.349859	158.053067	0.425156237422399	0.5767803825083069	0.4182304768875909	0.1857177331867923	0.2514978204465091	0.1848772097309936	Conservation	Conservation	Conservation	Conservation	classified
TRD	Pbre1_12G426000	Pbre1_09G105800	Prupe.6G358100.1	23.201941833333333	2.007053	21.9226825	0.4131255110970682	0.4481659310537292	0.4381919431049054	0.1763103593612234	0.2326502281969452	0.1801606365321583	Conservation	Conservation	Conservation	Conservation	classified
TRD	Pbre1_04G056400	Pbre1_09G109000	Prupe.1G186600.1	48.183466333333335	16.193049833333333	38.57964833333333	0.4427088650859312	0.2105805476485702	0.4774503102874777	0.1440507578105234	0.1360375831813464	0.1265326725464092	Conservation	Conservation	Conservation	Conservation	classified
TRD	Pbre1_15G009800	Pbre1_09G113400	Prupe.1G359200.1	237.90679033333333	0.2224416666666666	197.96079733333332	0.2229505526814659	0.7332355260695993	0.4792070139084341	0.1869049510689751	0.5070895632005732	0.187025434427407	Neofunctionalization(Child)	Neofunctionalization(Child)	Neofunctionalization(Child)	Neofunctionalization(Child)	classified
TRD	Pbre1_05G398800	Pbre1_09G137200	Prupe.4G125000.1	18.922569666666668	18.1517485	30.028213166666667	0.3274099183848639	0.625821271952774	0.4259734940936583	0.0566984256378384	0.1855518355704876	0.0863814375719292	Conservation	Conservation	Conservation	Conservation	classified
TRD	Pbre1_05G035200	Pbre1_09G142400	Prupe.8G027900.1	43.83906733333333	0.0736541666666666	43.41464366666666	0.6282367290288958	0.9515348978421472	0.1890898031237299	0.3133058259961166	0.7843808929458009	0.313905351924256	Neofunctionalization(Child)	Neofunctionalization(Child)	Neofunctionalization(Child)	Neofunctionalization(Child)	classified
TRD	Pbre1_17G146600	Pbre1_09G149000	Prupe.3G234000.1	4.105203666666667	0.0091965	6.750782	0.3383805821676716	0.8095733389938442	0.3322012764161879	0.1236181919340719	0.5432785772147102	0.1225673297697917	Neofunctionalization(Child)	Neofunctionalization(Child)	Neofunctionalization(Child)	Neofunctionalization(Child)	classified
TRD	Pbre1_17G499800	Pbre1_09G171200	Prupe.3G004400.1	52.593299	0.0654711666666666	15.083342833333331	0.5087760191998122	0.940417827206016	0.4092269525517684	0.3057921357932325	0.7207871027147719	0.3058241471828803	Neofunctionalization(Child)	Neofunctionalization(Child)	Neofunctionalization(Child)	Neofunctionalization(Child)	classified
TRD	Pbre1_17G178200	Pbre1_09G180800	Prupe.3G214600.1	174.54461	30.99434083333333	169.86028816666666	0.5401877757697675	0.8639781971653878	0.5397220117510703	0.2602599718919597	0.5628778218753325	0.2539172865743487	Neofunctionalization(Child)	Neofunctionalization(Child)	Conservation	Neofunctionalization(Child)	classified
TRD	Pbre1_09G171600	Pbre1_09G197000	Prupe.3G219400.1	4.556921	24.556058666666665	12.422335666666669	0.7465181328304289	0.172802025834592	0.1702970387307304	0.3138420108223813	0.0820095210610139	0.057930169272955	Conservation	Conservation	Conservation	Conservation	classified
TRD	Pbre1_17G198000	Pbre1_09G204600	Prupe.3G202400.1	0.2075686666666666	0.0510893333333333	0.6494288333333333	0.9662938300401672	1.0	0.8509738779466021	0.319084779482195	1.1057147191742245	0.2367304952657313	Neofunctionalization(Child)	Neofunctionalization(Child)	Specialization	Neofunctionalization(Child)	classified
TRD	Pbre1_17G379000	Pbre1_09G215200	Prupe.3G088200.1	37.817445	0.0253158333333333	60.69757666666667	0.5006784635374506	1.0	0.6079571332146382	0.2730393158394833	0.8907532399111666	0.2730856520424685	Neofunctionalization(Child)	Neofunctionalization(Child)	Neofunctionalization(Child)	Neofunctionalization(Child)	classified
TRD	Pbre1_09G164200	Pbre1_09G216000	Prupe.3G223700.1	4.879264333333333	6.249942666666667	20.497134	0.4350278879340248	0.4344699109721168	0.304075431369685	0.168826041544367	0.1374368063424158	0.1286203251864363	Conservation	Conservation	Conservation	Conservation	classified
TRD	Pbre1_17G228000	Pbre1_09G233200	Prupe.3G186800.1	126.44933266666666	33.231368333333336	96.00105216666668	0.4037095303856633	0.7286197063673236	0.7901072537728586	0.2742364670120895	0.1892875833908822	0.2408824971871379	Conservation	Conservation	Conservation	Conservation	classified
TRD	Pbre1_17G240400	Pbre1_09G247200	Prupe.3G177700.1	1589.632087	9.425731166666669	167.6465075	0.5105199781514657	0.6218666105922483	0.4120965454609379	0.220327540495503	0.316921217978808	0.2206244354011913	Conservation	Conservation	Conservation	Conservation	classified
TRD	Pbre1_09G426400	Pbre1_09G261200	Prupe.3G155900.1	0.6402933333333333	0.5845830000000001	42.1403575	1.0	0.7302658301844721	0.6522717617987274	0.937382775645571	0.5929706578408279	0.5475108766850402	Specialization	Specialization	Specialization	Specialization	classified
TRD	Pbre1_03G160400	Pbre1_09G263200	Prupe.6G089600.1	8.3122885	0.0085656666666666	6.731363666666667	0.4611283239052884	1.0	0.3538140161230932	0.1381942176654131	0.9329048382167258	0.1382288029937467	Neofunctionalization(Child)	Neofunctionalization(Child)	Neofunctionalization(Child)	Neofunctionalization(Child)	classified
TRD	Pbre1_05G455600	Pbre1_09G269400	Prupe.4G089700.1	26.917483333333333	0.0777768333333333	44.73097833333333	0.3250087293307191	0.962759178153922	0.3078166440747454	0.0946989834208577	0.8366962744063883	0.0959020647067595	Neofunctionalization(Child)	Neofunctionalization(Child)	Neofunctionalization(Child)	Neofunctionalization(Child)	classified
TRD	Pbre1_06G038800	Pbre1_09G293600	Prupe.5G024600.1	137.851604	0.7054153333333333	379.7412851666666	0.9413028696021402	0.618522281320345	0.8076859674511212	0.4446994474531395	0.6741650725908472	0.4421245786952262	Specialization	Specialization	Neofunctionalization(Child)	Specialization	classified
TRD	Pbre1_07G454000	Pbre1_09G325800	Prupe.2G301300.1	43.58377983333333	0.1037176666666666	58.50392683333333	0.863368743124514	0.9389196083202578	0.9722347585270086	0.941708527686544	1.1690779168270735	0.942199039157298	Specialization	Specialization	Specialization	Specialization	classified
TRD	Pbre1_07G320200	Pbre1_09G331000	Prupe.2G227100.1	19.171101666666665	4.036514	168.90649333333334	0.590161902392544	1.0	0.699939795490295	0.3832787100543269	0.7145668037970132	0.3176012008224541	Neofunctionalization(Child)	Neofunctionalization(Child)	Neofunctionalization(Child)	Neofunctionalization(Child)	classified
TRD	Pbre1_17G359000	Pbre1_09G349000	Prupe.3G077300.1	0.9238308333333332	0.3262211666666667	5.2825405000000005	0.8561529283064819	0.4897465903915901	0.9239204682767712	0.6615497561357555	0.5702623012271202	0.6105529545957061	Specialization	Specialization	Specialization	Specialization	classified
TRD	Pbre1_17G359000	Pbre1_09G349200	Prupe.3G077300.1	0.9238308333333332	0.2454603333333333	5.2825405000000005	0.8561529283064819	0.7474217616835066	0.9239204682767712	0.6615497561357555	0.7537854801994447	0.6472502760083424	Specialization	Specialization	Specialization	Specialization	classified
TRD	Pbre1_15G219000	Pbre1_09G364000	Prupe.1G480300.1	2.863402333333333	0.0312743333333333	5.318231833333334	0.3062199712363754	1.0	0.4169420796020192	0.158389180324169	0.9728477356232574	0.1605945726952135	Neofunctionalization(Child)	Neofunctionalization(Child)	Neofunctionalization(Child)	Neofunctionalization(Child)	classified
TRD	Pbre1_17G394600	Pbre1_09G374400	Prupe.3G095300.1	8.4724465	4.761340833333334	27.321222	0.4637880188509691	0.3729183591105934	0.3096142450786349	0.1540300511779741	0.1927553245348586	0.1271675738226782	Conservation	Conservation	Conservation	Conservation	classified
TRD	Pbre1_17G394600	Pbre1_09G374600	Prupe.3G095300.1	8.4724465	4.716263166666667	27.321222	0.4637880188509691	0.3892539452401625	0.3096142450786349	0.1540300511779741	0.1887223902625271	0.1205170715584587	Conservation	Conservation	Conservation	Conservation	classified
TRD	Pbre1_17G385600	Pbre1_09G375000	Prupe.3G092400.1	25.1191585	16.270419166666667	33.74673083333333	0.7034306065257011	0.4170919846704112	0.086587022890689	0.3375957294456919	0.1737434802210012	0.2700089082997454	Conservation	Conservation	Conservation	Conservation	classified
TRD	Pbre1_17G384400	Pbre1_09G375200	Prupe.3G091900.1	91.01948683333332	32.40451383333333	149.719359	0.6313072388815263	0.3752011816227417	0.7124381986637551	0.3859850476817243	0.3151339949554107	0.3625392450605337	Conservation	Conservation	Conservation	Conservation	classified
TRD	Pbre1_17G398200	Pbre1_09G382200	Prupe.3G097000.1	0.1700631666666666	9.369409833333334	20.672132166666668	0.9450668139066868	0.4764044664694609	0.7575197605716033	0.8064658418933949	0.3894716171914846	0.3930977147827449	Neofunctionalization(Parent)	Neofunctionalization(Parent)	Neofunctionalization(Parent)	Neofunctionalization(Parent)	classified
TRD	Pbre1_02G492000	Pbre1_09G384400	Prupe.2G017500.1	2.1283456666666667	3.604803833333333	18.035875	0.837890447608198	0.2436283522362981	0.9715111397800994	0.7267793957460192	0.7323323568229538	0.6865537517107587	Specialization	Specialization	Specialization	Specialization	classified
TRD	Pbre1_06G230200	Pbre1_09G401400	Prupe.5G140900.1	0.1141811666666666	6.074348666666666	14.965485333333332	0.923960601890932	0.965922819786042	0.9391562779560374	0.9888470410115048	1.129472826411234	1.1167307777875424	Specialization	Specialization	Specialization	Specialization	classified
TRD	Pbre1_15G565600	Pbre1_09G411600	Prupe.6G192700.1	285.4909375	0.4904944999999999	938.3929011666668	0.3232327614411468	0.9585952101569968	0.3442239881522885	0.0848164994603836	0.6759524040180265	0.0847974479205396	Neofunctionalization(Child)	Neofunctionalization(Child)	Neofunctionalization(Child)	Neofunctionalization(Child)	classified
TRD	Pbre1_10G563200	Pbre1_09G420400	Prupe.4G016400.1	17.594707500000002	0.1429683333333333	16.241377833333335	0.8104686995124339	0.9446982650220164	0.515818295519657	0.3036853903709042	0.5943971836021991	0.3055166854326949	Neofunctionalization(Child)	Neofunctionalization(Child)	Neofunctionalization(Child)	Neofunctionalization(Child)	classified
TRD	Pbre1_02G169800	Pbre1_09G423600	Prupe.7G183800.1	16.978045333333334	1.0898605	80.44780783333333	0.4120446056685097	0.8075748351258276	0.4722059370449726	0.1984674584793788	0.4239144192042188	0.2067299943180834	Neofunctionalization(Child)	Neofunctionalization(Child)	Neofunctionalization(Child)	Neofunctionalization(Child)	classified
TRD	Pbre1_15G644800	Pbre1_09G438600	Prupe.1G507700.1	2.843532166666667	0.0236019999999999	7.337113833333333	0.4827666037274611	1.0	0.7254579935189402	0.3028146627917052	0.9198675087520528	0.3000378893488089	Neofunctionalization(Child)	Neofunctionalization(Child)	Neofunctionalization(Child)	Neofunctionalization(Child)	classified
TRD	Pbre1_14G178000	Pbre1_09G454600	Prupe.7G121500.1	0.0040736666666666	2.350255	0.3831425	1.0	0.8555784317305342	0.7800775416820791	1.178195363833764	0.7665988277171218	0.7672407456240723	Specialization	Specialization	Specialization	Specialization	classified
TRD	Pbre1_06G413200	Pbre1_09G463600	Prupe.5G242500.1	0.0345901666666666	0.0131761666666666	0.7157953333333333	0.9841835169577446	0.8117043222003929	0.8706836954088033	1.1370445143602288	0.9340822451268358	0.9583960856703212	Specialization	Specialization	Specialization	Specialization	classified
TRD	Pbre1_01G055800	Pbre1_09G463800	Prupe.6G165900.1	13.005523	0.257915	11.510002833333331	0.5652132807367428	0.8348330249943366	0.5579757685649173	0.1421083993022253	0.5398304680324293	0.1379342952986941	Neofunctionalization(Child)	Neofunctionalization(Child)	Neofunctionalization(Child)	Neofunctionalization(Child)	classified
TRD	Pbre1_07G145600	Pbre1_09G468000	Prupe.2G118700.1	37.291832166666666	5.124516	57.3240755	0.5064588771924365	0.3202879891231575	0.3471108101821659	0.2401964024752886	0.0930045979065395	0.2188693863218961	Conservation	Conservation	Conservation	Conservation	classified
TRD	Pbre1_05G455400	Pbre1_09G470000	Prupe.4G089800.1	16.597408166666668	0.2330325	21.03776	0.1717850410183478	0.9181839711773452	0.4013666031869839	0.1457923777185147	0.6986789639392474	0.1497311061650936	Neofunctionalization(Child)	Neofunctionalization(Child)	Neofunctionalization(Child)	Neofunctionalization(Child)	classified
TRD	Pbre1_06G067400	Pbre1_09G474000	Prupe.5G046300.1	13.731799	0.0485908333333333	13.640832166666666	0.371334900831951	0.9131479003502696	0.4700517349595037	0.2321129290971469	0.577461236104826	0.2309331777522643	Neofunctionalization(Child)	Neofunctionalization(Child)	Neofunctionalization(Child)	Neofunctionalization(Child)	classified
TRD	Pbre1_06G067600	Pbre1_09G474200	Prupe.5G046400.1	7.4007335	10.086588666666666	19.7605165	0.4175213957611837	0.4136651297157231	0.324274155738999	0.2434747439057642	0.2513345878291964	0.2363849032292042	Conservation	Conservation	Conservation	Conservation	classified
TRD	Pbre1_17G503200	Pbre1_09G487200	Prupe.3G003300.1	5.357750333333334	0.0595961666666666	55.81789233333333	0.5905646487895941	0.8497399328037301	0.8193649560272185	0.3825617892497095	0.876544161171614	0.3849173092693848	Neofunctionalization(Child)	Neofunctionalization(Child)	Neofunctionalization(Child)	Neofunctionalization(Child)	classified
TRD	Pbre1_17G504200	Pbre1_09G489800	Prupe.3G002700.1	25.824302166666666	8.741027833333334	32.082002833333334	0.7321000128747693	0.4332036555977483	0.4378655462258071	0.240425275035159	0.2517592546064484	0.1893475519193258	Conservation	Conservation	Conservation	Conservation	classified
TRD	Pbre1_09G135000	Pbre1_10G006800	Prupe.3G241300.1	5.645546	0.6255563333333334	10.112636666666669	0.5912619221018213	0.8364170201182869	0.5045547637526806	0.3351335417607411	0.5049830011356715	0.3289527378671352	Neofunctionalization(Child)	Neofunctionalization(Child)	Neofunctionalization(Child)	Neofunctionalization(Child)	classified
TRD	Pbre1_02G383600	Pbre1_10G028400	Prupe.2G099200.1	12.924646166666664	19.9107165	17.435376	0.65596151315171	0.6223544692445286	0.4506237611400244	0.2332333158034701	0.1977608745207502	0.0746490896411168	Conservation	Conservation	Conservation	Conservation	classified
TRD	Pbre1_02G383600	Pbre1_10G037400	Prupe.2G099200.1	12.924646166666664	3.114689333333333	17.435376	0.65596151315171	0.5269675423023643	0.4506237611400244	0.2332333158034701	0.2255854269160404	0.1727424156573201	Conservation	Conservation	Conservation	Conservation	classified
TRD	Pbre1_16G205400	Pbre1_10G044000	Prupe.1G229300.1	71.73016933333334	164.79143916666666	251.084988	0.3140563303879072	0.1994104482803223	0.2272952468696771	0.1089959841360793	0.0784265122881551	0.0838289862587784	Conservation	Conservation	Conservation	Conservation	classified
TRD	Pbre1_10G124600	Pbre1_10G044400	Prupe.8G097200.1	10.583598	10.848304166666669	16.2847125	0.5128604633044201	0.6591344166351389	0.5236186687035304	0.3627715158472483	0.3045362410076755	0.320240296659028	Conservation	Conservation	Conservation	Conservation	classified
TRD	Pbre1_02G189400	Pbre1_10G052400	Prupe.7G172700.1	249.17252883333333	52.999885	328.4160305	0.165077444444103	0.328000316114282	0.2344256145423066	0.0976395536819905	0.1469706997600426	0.0999665303078937	Conservation	Conservation	Conservation	Conservation	classified
TRD	Pbre1_16G300800	Pbre1_10G071200	Prupe.1G144200.1	32.400556	1.3751141666666666	51.49499716666666	0.517056286278347	0.5686443547526229	0.7084654208299932	0.2424074640441837	0.4167452030530557	0.245244737482433	Neofunctionalization(Child)	Neofunctionalization(Child)	Conservation	Neofunctionalization(Child)	classified
TRD	Pbre1_09G414600	Pbre1_10G072400	Prupe.3G140300.1	1.4476773333333333	0.033398	6.883543	0.8741989078654729	1.0	0.9346675742943495	0.7561235445553246	1.1679873127793423	0.7650117398536771	Specialization	Specialization	Specialization	Specialization	classified
TRD	Pbre1_03G376200	Pbre1_10G078200	Prupe.4G184700.1	2.265612	0.0096596666666666	77.59518583333333	0.3434237725487601	0.8017590270381696	0.6991082287653752	0.3314490471204709	0.4301376720379614	0.3308118893274363	Neofunctionalization(Child)	Neofunctionalization(Child)	Neofunctionalization(Child)	Neofunctionalization(Child)	classified
TRD	Pbre1_10G140600	Pbre1_10G078800	Prupe.8G110100.1	1.5548096666666666	3.7076486666666666	3.855357	0.9898816413581568	0.997092801671206	0.8487692955918023	1.002938818553258	1.029548431480723	1.021541250696868	Specialization	Specialization	Specialization	Specialization	classified
TRD	Pbre1_13G322200	Pbre1_10G080800	Prupe.1G013200.1	17.522876166666666	0.853831	23.6409235	0.4237859267698146	0.8037481214144444	0.4209826422501715	0.2420675866331252	0.4758163235924425	0.2404834556016966	Neofunctionalization(Child)	Neofunctionalization(Child)	Neofunctionalization(Child)	Neofunctionalization(Child)	classified
TRD	Pbre1_08G182000	Pbre1_10G094000	Prupe.1G443600.1	3.036039166666667	2.7808523333333333	6.919042166666667	0.2499608979672941	0.3686337135286313	0.6335732361778774	0.2774115433964614	0.2618997868771912	0.260179118778971	Conservation	Conservation	Conservation	Conservation	classified
TRD	Pbre1_03G314400	Pbre1_10G108200	Prupe.4G225000.1	9.090436833333332	0.0055686666666666	50.282609666666666	0.3912450328238798	1.0	0.5351117246007673	0.2764319723333285	1.0112489100716977	0.2763992711774136	Neofunctionalization(Child)	Neofunctionalization(Child)	Neofunctionalization(Child)	Neofunctionalization(Child)	classified
TRD	Pbre1_03G329600	Pbre1_10G110400	Prupe.4G213900.1	8.509337333333335	0.1071436666666666	549.2349985	0.8964352684307455	0.7027155394141922	0.5736070840752481	0.4428709217003789	0.5938774870116507	0.4363513878990552	Specialization	Specialization	Neofunctionalization(Child)	Specialization	classified
TRD	Pbre1_07G443800	Pbre1_10G116400	Prupe.2G295900.1	83.0318865	2.4671363333333334	78.08069633333334	0.4443599974472816	0.4337851932331267	0.6527250975931579	0.2788604223092495	0.4200379919006075	0.2804860254260517	Neofunctionalization(Child)	Neofunctionalization(Child)	Neofunctionalization(Child)	Neofunctionalization(Child)	classified
TRD	Pbre1_13G200800	Pbre1_10G117200	Prupe.1G227300.1	18.395790666666667	0.1183963333333333	21.2896515	0.527202809400335	0.8266954641358526	0.5145810591189148	0.3050120082328551	0.5484028320105256	0.3041934267882096	Neofunctionalization(Child)	Neofunctionalization(Child)	Neofunctionalization(Child)	Neofunctionalization(Child)	classified
TRD	Pbre1_16G169400	Pbre1_10G120800	Prupe.1G251800.1	19.751815666666666	0.0231891666666666	37.87134383333333	0.5351781481645099	1.0	0.4728182252641961	0.2991963367439433	1.0677693398736228	0.2992504699674438	Neofunctionalization(Child)	Neofunctionalization(Child)	Neofunctionalization(Child)	Neofunctionalization(Child)	classified
TRD	Pbre1_01G370000	Pbre1_10G134800	Prupe.2G296200.1	0.9614545	0.0280998333333333	15.733916666666667	0.9045904333262752	0.9004015992892048	0.5510338475890066	0.5448031652412278	0.6751129395243841	0.5248154440262872	Specialization	Specialization	Specialization	Specialization	classified
TRD	Pbre1_08G112200	Pbre1_10G153200	Prupe.1G407900.1	18.455849666666666	39.3525065	90.15506316666666	0.5133128907647564	0.4743896560554065	0.4233696707670032	0.2279634950226738	0.0841382598633677	0.0784704971093092	Conservation	Conservation	Conservation	Conservation	classified
TRD	Pbre1_05G149600	Pbre1_10G159400	Prupe.8G123800.1	20.74438083333333	2.986756333333333	26.058166666666665	0.5191012568555877	0.2248146210291433	0.3855233414562727	0.1539234717535011	0.1481954924417912	0.148057424081124	Conservation	Conservation	Conservation	Conservation	classified
TRD	Pbre1_05G163200	Pbre1_10G167800	Prupe.8G131700.1	78.9035665	6.92439	75.090726	0.5033214949450415	0.3225244376295934	0.2720442787996585	0.1995004878760469	0.089342600931161	0.1828725530070075	Conservation	Conservation	Conservation	Conservation	classified
TRD	Pbre1_16G288200	Pbre1_10G168400	Prupe.1G137300.1	3.6207586666666662	0.0230246666666666	4.943110333333333	0.8552214436528967	0.9189543281456616	0.9466044164844254	0.9303733794492072	1.0785972115814026	0.9288118632061516	Specialization	Specialization	Specialization	Specialization	classified
TRD	Pbre1_05G177400	Pbre1_10G180600	Prupe.8G140600.1	0.6039948333333334	0.252707	1.543915	0.8618392500306763	0.7285588360122318	0.9208615499214202	0.7156113803260923	0.4989389855341746	0.6498908146521964	Specialization	Specialization	Specialization	Specialization	classified
TRD	Pbre1_07G193800	Pbre1_10G190400	Prupe.2G146800.1	30.299012	0.0295463333333333	32.14423933333333	0.5008536094320923	1.0	0.3717025739327811	0.2224429636761721	0.8353796664171954	0.2218587506063463	Neofunctionalization(Child)	Neofunctionalization(Child)	Neofunctionalization(Child)	Neofunctionalization(Child)	classified
TRD	Pbre1_16G291000	Pbre1_10G191200	Prupe.1G138800.1	0.299603	3.091387666666667	3.2735000000000003	0.6361050987182624	0.944090795674206	0.9636327412879664	0.7686648061020819	1.0629903965175382	1.011915013371826	Specialization	Specialization	Specialization	Specialization	classified
TRD	Pbre1_15G686000	Pbre1_10G195200	Prupe.1G528500.1	3.2202085	0.0243331666666666	14.672921333333331	0.4541216664205659	1.0	0.8581186100772097	0.5070031268876412	1.1262256376924635	0.506063494105641	Specialization	Specialization	Neofunctionalization(Child)	Specialization	classified
TRD	Pbre1_05G210000	Pbre1_10G211000	Prupe.8G161000.1	6.8423	0.307955	7.014726333333333	0.3349752042154519	0.8553282694503099	0.8064366068443803	0.3274343217928152	0.6431138808798802	0.3252363148785191	Neofunctionalization(Child)	Neofunctionalization(Child)	Neofunctionalization(Child)	Neofunctionalization(Child)	classified
TRD	Pbre1_05G210000	Pbre1_10G211200	Prupe.8G161000.1	6.8423	0.32626	7.014726333333333	0.3349752042154519	0.977087329553898	0.8064366068443803	0.3274343217928152	0.9481444263009408	0.3269056797725743	Neofunctionalization(Child)	Neofunctionalization(Child)	Neofunctionalization(Child)	Neofunctionalization(Child)	classified
TRD	Pbre1_05G219000	Pbre1_10G220000	Prupe.8G165500.1	13.664612	0.6767165	28.99374	0.2878046397894248	0.800054274351429	0.6945215517168737	0.3016105264869408	0.4599870443090827	0.303216047086243	Neofunctionalization(Child)	Neofunctionalization(Child)	Neofunctionalization(Child)	Neofunctionalization(Child)	classified
TRD	Pbre1_05G224000	Pbre1_10G224200	Prupe.8G167900.1	23.456143666666662	7.671758833333333	50.73740216666667	0.6313630205842369	0.5482993833907394	0.5795768197265543	0.072327046357578	0.3022908406265669	0.0778649403466135	Conservation	Conservation	Conservation	Conservation	classified
TRD	Pbre1_05G230200	Pbre1_10G230600	Prupe.8G170700.1	11.199109	2.540249	22.4432905	0.1981751172671919	0.3951624712110007	0.3364319385094245	0.0629208185765754	0.1023388504760765	0.0616605750190172	Conservation	Conservation	Conservation	Conservation	classified
TRD	Pbre1_10G238800	Pbre1_10G246000	Prupe.8G176300.1	1.6171576666666667	0.21441	41.702132	0.7276132824024624	0.722297499271263	0.7920955118706894	0.5940557824163428	0.4126425770925444	0.5656385588071974	Specialization	Specialization	Specialization	Specialization	classified
TRD	Pbre1_08G316800	Pbre1_10G270400	Prupe.6G192700.1	123.57822233333331	0.2822356666666666	938.3929011666668	0.1736294938676048	0.9689263501472342	0.3442239881522885	0.1548054942900416	0.7020807189726487	0.1539391008049572	Neofunctionalization(Child)	Neofunctionalization(Child)	Neofunctionalization(Child)	Neofunctionalization(Child)	classified
TRD	Pbre1_05G287400	Pbre1_10G282000	Prupe.8G196600.1	1.2422543333333331	9.179763	10.607156	0.6362292274056613	0.4699685361304987	0.6667683033348484	0.5485909054272687	0.2326392637147941	0.2656094039590455	Neofunctionalization(Parent)	Neofunctionalization(Parent)	Neofunctionalization(Parent)	Neofunctionalization(Parent)	classified
TRD	Pbre1_07G403000	Pbre1_10G282400	Prupe.2G274500.1	37.93580083333333	4.833326166666667	89.119372	0.6716899594615728	0.3225744973176457	0.6803187973913767	0.3386174757704251	0.2629419418846553	0.3115283390858271	Conservation	Conservation	Conservation	Conservation	classified
TRD	Pbre1_07G403000	Pbre1_10G282600	Prupe.2G274500.1	37.93580083333333	5.749666	89.119372	0.6716899594615728	0.2120239092647327	0.6803187973913767	0.3386174757704251	0.241302666609062	0.3146915824147118	Conservation	Conservation	Conservation	Conservation	classified
TRD	Pbre1_05G337200	Pbre1_10G321000	Prupe.8G221300.1	8.267355333333333	2.980650333333333	8.24338	0.5812853150947447	0.4287959443862405	0.3499113264221482	0.2374276954299614	0.0977573136636619	0.1757021683521286	Conservation	Conservation	Conservation	Conservation	classified
TRD	Pbre1_16G335000	Pbre1_10G343600	Prupe.1G016800.1	18.971313833333333	9.133078166666667	14.245324666666669	0.6400195138356076	0.4801449497538959	0.5302779439899614	0.3124790210160171	0.2715399456289536	0.2831006915749508	Conservation	Conservation	Conservation	Conservation	classified
TRD	Pbre1_15G319400	Pbre1_10G347400	Prupe.7G237800.1	135.06614166666668	0.0136188333333333	224.0080275	0.7068322588870022	1.0	0.3737389816024731	0.2875402575627982	0.9693304968560044	0.2875052411804085	Neofunctionalization(Child)	Neofunctionalization(Child)	Neofunctionalization(Child)	Neofunctionalization(Child)	classified
TRD	Pbre1_05G378600	Pbre1_10G358200	Prupe.4G138300.1	226.106021	1.7293398333333334	3.887933333333333	0.9999934780680334	1.0	0.99945102559588	0.0031539054612349	0.0031927060992952	0.0031541992282036	Conservation	Conservation	Conservation	Conservation	classified
TRD	Pbre1_09G306000	Pbre1_10G415400	Prupe.3G040200.1	15.877988166666668	7.4872825	37.42013533333333	0.3233667589036408	0.6138393898063675	0.3695734314760934	0.136368122437671	0.1912687951377145	0.1400537597490007	Conservation	Conservation	Conservation	Conservation	classified
TRD	Pbre1_05G452400	Pbre1_10G426600	Prupe.4G091400.1	4.359045666666667	0.0900593333333333	6.102464333333334	0.5664178577497749	0.9427629527543124	0.7428404513214317	0.2589875426338404	0.8109097377613037	0.2588106177320409	Neofunctionalization(Child)	Neofunctionalization(Child)	Neofunctionalization(Child)	Neofunctionalization(Child)	classified
TRD	Pbre1_10G581600	Pbre1_10G439800	Prupe.4G007900.1	2.934774	5.158636333333334	35.53253516666667	0.3621181628085526	0.632777280023516	0.5425299556109862	0.1361289040654053	0.2240280098409606	0.1765249910380187	Conservation	Conservation	Conservation	Conservation	classified
TRD	Pbre1_05G472800	Pbre1_10G446600	Prupe.4G081000.1	26.340318166666663	0.029819	2.4174081666666667	0.7341030062698708	0.8748171102972583	0.9356623690654358	0.759289651113697	0.5818121419923641	0.7587153030194126	Specialization	Specialization	Specialization	Specialization	classified
TRD	Pbre1_05G478200	Pbre1_10G451400	Prupe.4G078300.1	0.8975513333333333	0.4594283333333333	15.132831833333334	0.9646288669571378	0.5640316118903344	0.7796340338360909	0.9287703048725992	0.5419026595463485	0.7424203542882712	Specialization	Specialization	Specialization	Specialization	classified
TRD	Pbre1_05G486400	Pbre1_10G459400	Prupe.4G073400.1	0.8962853333333334	0.258385	0.3747671666666666	0.6470349801495698	0.5285940105238085	0.5682048962228897	0.4155114259508599	0.3463131808392997	0.3865348701819478	Neofunctionalization(Parent)	Neofunctionalization(Parent)	Specialization	Neofunctionalization(Parent)	classified
TRD	Pbre1_05G526400	Pbre1_10G505600	Prupe.4G047800.1	0.0271885	6.754305	389.5654565	0.7929611377955211	0.7681837712559916	0.9956317625946396	1.1202687608600257	1.1268896512346296	1.1263202837841866	Specialization	Specialization	Specialization	Specialization	classified
TRD	Pbre1_07G320200	Pbre1_10G551200	Prupe.2G227100.1	19.171101666666665	0.6700086666666667	168.90649333333334	0.590161902392544	0.8395795687293596	0.699939795490295	0.3832787100543269	0.5245470660036043	0.3854447979753929	Neofunctionalization(Child)	Neofunctionalization(Child)	Neofunctionalization(Child)	Neofunctionalization(Child)	classified
TRD	Pbre1_13G412400	Pbre1_10G570800	Prupe.1G077400.1	47.11967033333333	0.0115598333333333	34.03093066666666	0.6271386880760085	0.8285500066943365	0.4191166101455081	0.267860750733705	0.5293088426362506	0.2677233783179262	Neofunctionalization(Child)	Neofunctionalization(Child)	Neofunctionalization(Child)	Neofunctionalization(Child)	classified
TRD	Pbre1_13G412400	Pbre1_10G571200	Prupe.1G077400.1	47.11967033333333	0.0139056666666666	34.03093066666666	0.6271386880760085	0.8307903354279139	0.4191166101455081	0.267860750733705	0.6389773594991186	0.2677588323401734	Neofunctionalization(Child)	Neofunctionalization(Child)	Neofunctionalization(Child)	Neofunctionalization(Child)	classified
TRD	Pbre1_14G321000	Pbre1_10G592400	Prupe.5G167200.1	18.846839666666664	0.8056288333333333	52.452792	0.4982045919638336	0.6886614285676506	0.3619449304101813	0.1149573518532701	0.3997195025614526	0.1093875373093042	Neofunctionalization(Child)	Neofunctionalization(Child)	Neofunctionalization(Child)	Neofunctionalization(Child)	classified
TRD	Pbre1_12G048000	Pbre1_11G004000	Prupe.7G109000.1	10.325015166666669	0.2927678333333333	20.81291166666667	0.2352855134122758	0.8250980149439442	0.6835707620194331	0.2966095517388362	0.6778230359806153	0.3029328819402014	Neofunctionalization(Child)	Neofunctionalization(Child)	Neofunctionalization(Child)	Neofunctionalization(Child)	classified
TRD	Pbre1_05G531200	Pbre1_11G020600	Prupe.4G044100.1	109.445958	0.1232925	618.3621608333333	0.7995443723600404	0.8081048507788846	0.7491242177524796	0.5980192004540174	0.6386413833982941	0.5979439377037183	Specialization	Specialization	Specialization	Specialization	classified
TRD	Pbre1_11G205600	Pbre1_11G025000	Prupe.6G102400.1	68.66813716666667	0.4394148333333333	97.17526766666668	0.3622879569008823	0.8920511128371945	0.5940362785183262	0.1667515027747166	0.65335692610868	0.1683037669227081	Neofunctionalization(Child)	Neofunctionalization(Child)	Neofunctionalization(Child)	Neofunctionalization(Child)	classified
TRD	Pbre1_04G370800	Pbre1_11G032000	Prupe.6G341500.1	38.8981115	0.0630375	90.58698683333334	0.7943600429623813	1.0	0.8144474243938307	0.0977457204388757	0.5522183515524351	0.0975908477376332	Neofunctionalization(Child)	Neofunctionalization(Child)	Neofunctionalization(Child)	Neofunctionalization(Child)	classified
TRD	Pbre1_11G464600	Pbre1_11G049000	Prupe.8G236500.1	57.61660483333333	2.117955	52.380439	0.3736841841704323	0.994474849683898	0.4251274791820399	0.1756575917307797	0.8150230312507739	0.1504419847560311	Neofunctionalization(Child)	Neofunctionalization(Child)	Neofunctionalization(Child)	Neofunctionalization(Child)	classified
TRD	Pbre1_09G325000	Pbre1_11G054400	Prupe.3G050700.1	43.08771483333334	31.329471166666668	32.661438833333335	0.244226220737742	0.5240008890484155	0.4644089854512468	0.156108451888052	0.1539674096233936	0.1404044746804751	Conservation	Conservation	Conservation	Conservation	classified
TRD	Pbre1_10G289600	Pbre1_11G058600	Prupe.8G202000.1	0.2178336666666666	0.4200616666666666	0.9361701666666666	0.3912766918502843	0.982848216816626	0.933058535619824	0.5567309516046502	1.1713678088317625	0.8926176922241416	Specialization	Specialization	Specialization	Specialization	classified
TRD	Pbre1_08G041400	Pbre1_11G089400	Prupe.1G372600.1	21.56859633333333	0.0291533333333333	56.56747633333333	0.9048865446723428	0.8326483466865477	0.9122122590921882	0.1034104963610014	0.9321142373987826	0.1039306318817308	Neofunctionalization(Child)	Neofunctionalization(Child)	Neofunctionalization(Child)	Neofunctionalization(Child)	classified
TRD	Pbre1_09G008000	Pbre1_11G097400	Prupe.3G312000.1	42.41078133333333	7.024653166666667	97.84271583333332	0.5772012599608546	0.3862259185071693	0.1492718713815887	0.1983490286878904	0.1617950298644363	0.1523405887440071	Conservation	Conservation	Conservation	Conservation	classified
TRD	Pbre1_13G343800	Pbre1_11G100000	Prupe.1G027100.1	3.1516425000000003	58.18412583333334	10.045497	0.508350551549859	0.7504523362056411	0.6559572174441436	0.3575458967029318	0.1956097515998145	0.1771214753352175	Conservation	Conservation	Conservation	Conservation	classified
TRD	Pbre1_04G311800	Pbre1_11G101000	Prupe.6G309400.1	15.339283833333331	5.249199166666667	13.220815	0.5199634119687595	0.7308378191087479	0.7135378331335254	0.6419302991528201	0.727016343708236	0.6410316955399524	Specialization	Specialization	Specialization	Specialization	classified
TRD	Pbre1_03G095000	Pbre1_11G103000	Prupe.6G053100.1	15.029776166666666	0.0125948333333333	19.285471333333334	0.2214392208725847	1.0	0.6678903739324988	0.2419301900512637	0.9304486692566946	0.2419311452212379	Neofunctionalization(Child)	Neofunctionalization(Child)	Neofunctionalization(Child)	Neofunctionalization(Child)	classified
TRD	Pbre1_11G180000	Pbre1_11G127400	Prupe.6G090300.1	9.813442666666669	7.456273833333333	9.7152785	0.3263039671560427	0.7779182935452721	0.3709506387721147	0.0871555202430034	0.2727419250881343	0.1267637919736318	Conservation	Conservation	Conservation	Conservation	classified
TRD	Pbre1_15G330000	Pbre1_11G136000	Prupe.7G232900.1	33.097889333333335	2.7204215	129.58878416666667	0.4036165493179368	0.515661420604288	0.2824960266963899	0.0605321845772369	0.1837181004421675	0.0644749840291859	Conservation	Conservation	Conservation	Conservation	classified
TRD	Pbre1_05G363800	Pbre1_11G145000	Prupe.4G148400.1	15.666111166666669	0.0079113333333333	25.60408233333333	0.1382239980616252	1.0	0.2820636102585503	0.1334816023523861	0.9771676847109422	0.1336781617849964	Neofunctionalization(Child)	Neofunctionalization(Child)	Neofunctionalization(Child)	Neofunctionalization(Child)	classified
TRD	Pbre1_13G207800	Pbre1_11G148800	Prupe.1G224200.1	336.44097916666664	0.1645171666666666	260.1170411666667	0.3441497346603312	0.9755178526554696	0.3422914968903495	0.1106746988774482	0.7917998432785792	0.1108698552929107	Neofunctionalization(Child)	Neofunctionalization(Child)	Neofunctionalization(Child)	Neofunctionalization(Child)	classified
TRD	Pbre1_16G070600	Pbre1_11G151200	Prupe.1G313700.1	20.323093	0.0147666666666666	23.478466	0.5179163984620214	1.0	0.3544877752089378	0.2326344779311872	0.8483824857716087	0.2325278535186785	Neofunctionalization(Child)	Neofunctionalization(Child)	Neofunctionalization(Child)	Neofunctionalization(Child)	classified
TRD	Pbre1_10G151400	Pbre1_11G156400	Prupe.8G118000.1	0.0769623333333333	0.1481336666666666	0.7610156666666666	1.0	0.7661152808796787	0.665144440826233	1.0978346266699697	0.5274114360700378	0.7090873363017355	Specialization	Specialization	Specialization	Specialization	classified
TRD	Pbre1_11G133600	Pbre1_11G163200	Prupe.6G068000.1	195.59586966666663	8.3654625	111.16750783333332	0.3971935507518792	0.4224226863415848	0.2465153713388907	0.1429974287418519	0.1167831821897638	0.1410933211149157	Conservation	Conservation	Conservation	Conservation	classified
TRD	Pbre1_14G251200	Pbre1_11G180400	Prupe.5G130400.1	0.1671703333333333	1.4383008333333334	0.9462025	0.9156237640324404	0.9995016702376156	0.7401851014923777	0.5494680846160984	0.7954299303155834	0.7651437203074976	Specialization	Specialization	Specialization	Specialization	classified
TRD	Pbre1_07G395200	Pbre1_11G195600	Prupe.2G269800.1	10.3117025	0.2605771666666666	417.72262366666666	0.9255061569904116	0.933558681957653	0.6626750740750097	0.8468091425940403	0.8890045219449729	0.8331960860772364	Specialization	Specialization	Specialization	Specialization	classified
TRD	Pbre1_03G197000	Pbre1_11G220400	Prupe.6G112300.1	5.494351833333333	0.03806	13.1511825	0.460843065668063	0.8108848637688073	0.624178098178731	0.2999494145351536	0.7300888365448782	0.3017536637107622	Neofunctionalization(Child)	Neofunctionalization(Child)	Neofunctionalization(Child)	Neofunctionalization(Child)	classified
TRD	Pbre1_11G206200	Pbre1_11G223200	Prupe.6G102800.1	8.787520166666667	0.0300633333333333	21.676554166666666	0.570091047768852	0.9063099880329216	0.4765344775859	0.254255317261828	0.6121338637721485	0.2534339764127634	Neofunctionalization(Child)	Neofunctionalization(Child)	Neofunctionalization(Child)	Neofunctionalization(Child)	classified
TRD	Pbre1_12G333800	Pbre1_11G240400	Prupe.6G305400.1	7.9616215	1.757442	16.408598833333333	0.5395129526779846	0.3863163917709141	0.477154793676554	0.1527980402242697	0.28259301028976	0.1404219202415137	Conservation	Conservation	Conservation	Conservation	classified
TRD	Pbre1_11G314200	Pbre1_11G244800	Prupe.4G245700.1	27.196288166666665	3.821916666666666	15.540706333333333	0.3894014025070984	0.2431764963106498	0.3816323428351762	0.2676301611728464	0.154185284028069	0.247656219141072	Conservation	Conservation	Conservation	Conservation	classified
TRD	Pbre1_16G106400	Pbre1_11G256400	Prupe.1G289000.1	18.11144283333333	0.0640881666666666	49.06265066666667	0.798159576217483	0.7948424008387025	0.4831072732455482	0.3044384411546441	0.4695363740832608	0.3021915414243978	Neofunctionalization(Child)	Neofunctionalization(Child)	Neofunctionalization(Child)	Neofunctionalization(Child)	classified
TRD	Pbre1_09G414600	Pbre1_11G286200	Prupe.3G140300.1	1.4476773333333333	11.536663833333334	6.883543	0.8741989078654729	0.4147131280098463	0.9346675742943495	0.7561235445553246	0.6198621410949703	0.6114225525914944	Specialization	Specialization	Specialization	Specialization	classified
TRD	Pbre1_03G275400	Pbre1_11G299400	Prupe.4G257100.1	16.781185833333332	1.8276111666666663	21.33889033333333	0.7068991168422285	0.6470192164892723	0.596446149144809	0.2072812822079481	0.4268037884760153	0.2078725087830147	Neofunctionalization(Child)	Neofunctionalization(Child)	Neofunctionalization(Child)	Neofunctionalization(Child)	classified
TRD	Pbre1_03G294800	Pbre1_11G315800	Prupe.4G243700.1	11.411681666666668	3.926837833333333	11.615789333333334	0.3686466174816618	0.3749799050182741	0.6814505348103362	0.1786929622103289	0.2603437472809633	0.1934433567753496	Conservation	Conservation	Conservation	Conservation	classified
TRD	Pbre1_03G307400	Pbre1_11G325600	Prupe.4G236100.1	3.968281	3.6647341666666655	8.056773833333333	0.2366194242501181	0.7913813112612441	0.6065349406192947	0.2074814950149302	0.3481705309425843	0.2305774046020819	Conservation	Conservation	Conservation	Conservation	classified
TRD	Pbre1_11G472000	Pbre1_11G337800	Prupe.8G239900.1	0.6952943333333333	0.3760768333333333	0.4472005	0.9276779160317078	0.7471390898070918	0.8772940695394903	0.2327762530147121	0.6739918047979984	0.2821811760593421	Neofunctionalization(Child)	Neofunctionalization(Child)	Specialization	Neofunctionalization(Child)	classified
TRD	Pbre1_04G355400	Pbre1_11G347400	Prupe.6G333700.1	7.531196666666666	0.0639683333333333	21.48458816666667	0.3359118257626403	1.0	0.341048840715212	0.107569460960292	0.8481685539376437	0.1075270345532061	Neofunctionalization(Child)	Neofunctionalization(Child)	Neofunctionalization(Child)	Neofunctionalization(Child)	classified
TRD	Pbre1_15G758600	Pbre1_11G353600	Prupe.1G575200.1	7.126215999999999	0.9193978333333332	0.7690341666666667	0.9711568905961744	0.75806715209643	0.8145359600084208	0.9444994712821624	0.5946511033061697	0.8951136508623002	Specialization	Specialization	Specialization	Specialization	classified
TRD	Pbre1_03G023000	Pbre1_11G389600	Prupe.6G014100.1	29.9849105	0.268999	48.7962455	0.3222436662465872	0.9883224095137232	0.4615272863898856	0.1371231787544806	0.9018316166119842	0.1387937718142045	Neofunctionalization(Child)	Neofunctionalization(Child)	Neofunctionalization(Child)	Neofunctionalization(Child)	classified
TRD	Pbre1_01G151800	Pbre1_11G393800	Prupe.2G174200.1	4.1591015	15.084947	21.747671333333333	0.5394370342997831	0.2871811432402983	0.4752004757415839	0.1366691471727707	0.1315951461428924	0.1036952166627177	Conservation	Conservation	Conservation	Conservation	classified
TRD	Pbre1_04G382400	Pbre1_11G404000	Prupe.6G348500.1	25.60177533333333	0.0384841666666666	63.79995383333333	0.6397656865762542	1.0	0.607783541509894	0.3583852408735418	0.9832111396787117	0.359091697532744	Neofunctionalization(Child)	Neofunctionalization(Child)	Neofunctionalization(Child)	Neofunctionalization(Child)	classified
TRD	Pbre1_04G123800	Pbre1_11G414600	Prupe.5G083300.1	64.983668	0.0152608333333333	40.401044	0.3252839576356047	1.0	0.5330233219263275	0.1029235330767343	0.9919447173847016	0.103029922185721	Neofunctionalization(Child)	Neofunctionalization(Child)	Neofunctionalization(Child)	Neofunctionalization(Child)	classified
TRD	Pbre1_12G353800	Pbre1_11G430200	Prupe.6G318700.1	68.13599783333333	0.0798525	204.69646666666668	0.4001689772606739	0.962990939918526	0.6304894709158411	0.2073394314433398	0.750943424149089	0.2075456967473325	Neofunctionalization(Child)	Neofunctionalization(Child)	Neofunctionalization(Child)	Neofunctionalization(Child)	classified
TRD	Pbre1_09G076000	Pbre1_11G456400	Prupe.3G272100.1	8.965505666666667	10.147036833333331	28.8657745	0.5840462785422884	0.4892872364356347	0.5228280847825111	0.2336055734595672	0.2332902609923895	0.2314913863385507	Conservation	Conservation	Conservation	Conservation	classified
TRD	Pbre1_04G102800	Pbre1_11G457800	Prupe.5G064700.1	19.081348666666667	0.3344601666666666	11.136043666666668	0.8402886391666848	0.9169635471356952	0.5045278943164666	0.3073792676663071	0.4663001796769936	0.3100094552353228	Neofunctionalization(Child)	Neofunctionalization(Child)	Neofunctionalization(Child)	Neofunctionalization(Child)	classified
TRD	Pbre1_03G424600	Pbre1_11G459000	Prupe.8G234100.1	4.2681716666666665	11.101411	22.1890205	0.3917115894989227	0.4286254526689556	0.4127483686307355	0.2239289812450201	0.1236398323726705	0.1342721606386181	Conservation	Conservation	Conservation	Conservation	classified
TRD	Pbre1_03G390000	Pbre1_11G460800	Prupe.4G175900.1	48.03184466666667	0.0367845	79.6285325	0.4414331624719564	1.0	0.3994172133163142	0.2672956591856121	0.9068914665838888	0.2668395862805772	Neofunctionalization(Child)	Neofunctionalization(Child)	Neofunctionalization(Child)	Neofunctionalization(Child)	classified
TRD	Pbre1_11G494000	Pbre1_11G461000	Prupe.8G250900.1	24.770003666666668	0.182927	16.706208	0.3595006624827013	0.8817281691631591	0.5956695010006634	0.2171514376402008	0.5774528327326159	0.2170049036809364	Neofunctionalization(Child)	Neofunctionalization(Child)	Neofunctionalization(Child)	Neofunctionalization(Child)	classified
TRD	Pbre1_11G459800	Pbre1_11G475400	Prupe.8G234500.1	10.238095166666668	0.0089261666666666	19.845597	0.6977443676030959	1.0	0.4000349214192487	0.3637998709718824	1.0026526976576395	0.3636768956222895	Neofunctionalization(Child)	Neofunctionalization(Child)	Neofunctionalization(Child)	Neofunctionalization(Child)	classified
TRD	Pbre1_03G483600	Pbre1_11G522000	Prupe.8G266800.1	41.3803495	25.497334833333333	55.235141500000005	0.5563029530363737	0.3861439288396263	0.4477913554105245	0.2128102771569422	0.1779809383014172	0.1453368935819247	Conservation	Conservation	Conservation	Conservation	classified
TRD	Pbre1_16G102400	Pbre1_12G012200	Prupe.1G299800.1	7.398081666666667	3.558978333333333	10.802447333333332	0.3807353109186652	0.4063875155976054	0.5916754535414089	0.2130100983411738	0.173439304048205	0.1896867759783699	Conservation	Conservation	Conservation	Conservation	classified
TRD	Pbre1_16G059800	Pbre1_12G015600	Prupe.1G320100.1	14.254820833333332	0.2217996666666666	19.020455666666667	0.5179497965506311	0.7900967623201396	0.4831019583373616	0.2342762008781781	0.4603125034621075	0.2331684131072467	Neofunctionalization(Child)	Neofunctionalization(Child)	Neofunctionalization(Child)	Neofunctionalization(Child)	classified
TRD	Pbre1_03G329400	Pbre1_12G020000	Prupe.4G214000.1	93.409897	15.581730333333333	34.850022	0.2099933846690878	0.3768262886921542	0.4164655446280485	0.1968052488481561	0.2242862732065925	0.198338359452783	Conservation	Conservation	Conservation	Conservation	classified
TRD	Pbre1_14G028800	Pbre1_12G033800	Prupe.7G116000.1	0.3244505	0.0857474999999999	2.270303	0.7248536755624765	1.0	0.8726275665835808	0.6386359434304634	0.4328811888159184	0.4402696627219014	Specialization	Specialization	Specialization	Specialization	classified
TRD	Pbre1_09G037800	Pbre1_12G049200	Prupe.3G295000.1	75.52061933333333	2.1928541666666668	216.74013083333332	0.2984994372432071	0.6086418285410196	0.7717724023127952	0.3275802201664012	0.5399419705512968	0.3298516210241218	Neofunctionalization(Child)	Neofunctionalization(Child)	Conservation	Neofunctionalization(Child)	classified
TRD	Pbre1_05G210200	Pbre1_12G065000	Prupe.8G161100.1	672.3226246666667	1.5458411666666667	1545.1851805	0.4590587778802746	0.5424258655386461	0.5354731251123374	0.2592886547666352	0.3933871422462282	0.2593135901091085	Neofunctionalization(Child)	Neofunctionalization(Child)	Neofunctionalization(Child)	Neofunctionalization(Child)	classified
TRD	Pbre1_14G069000	Pbre1_12G070600	Prupe.7G094800.1	13.280071666666666	4.2743365	25.58002933333333	0.1293994619078944	0.5001595965673845	0.4575623965169518	0.1686176628019858	0.1253413111404901	0.1438627912458167	Conservation	Conservation	Conservation	Conservation	classified
TRD	Pbre1_12G105400	Pbre1_12G079800	Prupe.7G072500.1	40.169353666666666	0.006691	44.16228566666667	0.5316667752057805	1.0	0.4982614994768616	0.1038135256537636	0.8691663667008669	0.1037246252936115	Neofunctionalization(Child)	Neofunctionalization(Child)	Neofunctionalization(Child)	Neofunctionalization(Child)	classified
TRD	Pbre1_14G089200	Pbre1_12G089200	Prupe.7G084500.1	3.491060833333333	0.8839253333333333	3.9624465	0.3161766890072963	0.4286079152909691	0.822897542139092	0.4638767860325903	0.465720906286021	0.4616491277870559	Specialization	Specialization	Specialization	Specialization	classified
TRD	Pbre1_17G179600	Pbre1_12G102200	Prupe.3G213900.1	14.627525666666669	0.1064533333333333	61.03355766666667	0.2409400464826088	0.8591502770951569	0.5827197946874924	0.1621165833535028	0.5033174964560954	0.1616473968296893	Neofunctionalization(Child)	Neofunctionalization(Child)	Neofunctionalization(Child)	Neofunctionalization(Child)	classified
TRD	Pbre1_02G140400	Pbre1_12G116000	Prupe.7G200800.1	58.33202216666667	0.0120575	292.37524183333335	0.7915111983157045	0.9343382784958872	0.7713646596388006	0.1128806645750561	0.82344555838797	0.1128051404556095	Neofunctionalization(Child)	Neofunctionalization(Child)	Neofunctionalization(Child)	Neofunctionalization(Child)	classified
TRD	Pbre1_14G119200	Pbre1_12G117000	Prupe.7G066400.1	2.164788833333333	0.1862036666666666	8.866260666666667	0.2424600193590859	0.7063922098807979	0.8742781969750142	0.4618640212989459	0.5500691256643876	0.4622467283777578	Specialization	Specialization	Specialization	Specialization	classified
TRD	Pbre1_13G001200	Pbre1_12G142400	Prupe.1G352000.1	29.4898395	14.576699666666666	44.12697216666667	0.4306311478722676	0.6562463281866785	0.4550701556092413	0.1044219840830588	0.2517639545447933	0.109281889718221	Conservation	Conservation	Conservation	Conservation	classified
TRD	Pbre1_14G151600	Pbre1_12G148000	Prupe.7G041000.1	1.7589271666666666	0.694631	3.0848595	0.7905513702004962	0.8356709401186404	0.8318020727642768	0.7059372576038266	0.7609461651371136	0.7107792297330893	Specialization	Specialization	Specialization	Specialization	classified
TRD	Pbre1_04G302200	Pbre1_12G148600	Prupe.6G305400.1	9.333832666666666	3.146529333333333	16.408598833333333	0.4232958288501871	0.4181946631174689	0.477154793676554	0.1129237956790135	0.1376827478355812	0.1145793032288136	Conservation	Conservation	Conservation	Conservation	classified
TRD	Pbre1_10G563200	Pbre1_12G158000	Prupe.4G016400.1	17.594707500000002	0.0215591666666666	16.241377833333335	0.8104686995124339	0.9193760779251772	0.515818295519657	0.3036853903709042	0.7818633388516791	0.3034044056207106	Neofunctionalization(Child)	Neofunctionalization(Child)	Neofunctionalization(Child)	Neofunctionalization(Child)	classified
TRD	Pbre1_10G514200	Pbre1_12G167000	Prupe.4G043900.1	11.605782166666666	7.466346333333333	23.342685666666664	0.2872997598146673	0.3180627417003043	0.5785958303049246	0.2320443080025565	0.2020578522558586	0.2140605347586401	Conservation	Conservation	Conservation	Conservation	classified
TRD	Pbre1_10G578400	Pbre1_12G173000	Prupe.4G009400.1	46.50880183333333	49.113654	4.729080166666667	0.9978575396871447	0.7375059587820022	0.8128222912552048	1.1389504928255652	0.5287896861260324	0.8162228322776053	Specialization	Specialization	Neofunctionalization(Parent)	Specialization	classified
TRD	Pbre1_04G218800	Pbre1_12G254400	Prupe.6G260800.1	7.528445166666667	4.905050833333333	10.677932166666666	0.7869417463920351	0.9399282790955096	0.3088708996541476	0.3840574365489691	0.6684931631535674	0.4909546202009074	Neofunctionalization(Child)	Neofunctionalization(Child)	Neofunctionalization(Child)	Neofunctionalization(Child)	classified
TRD	Pbre1_04G223000	Pbre1_12G259400	Prupe.6G263500.1	0.0275348333333333	0.2806635	0.0176956666666666	0.8699351693687755	0.938587159424047	0.8011644941963112	0.3837434668469323	0.91489231484348	0.8354106674850471	Neofunctionalization(Child)	Neofunctionalization(Child)	Neofunctionalization(Child)	Neofunctionalization(Child)	classified
TRD	Pbre1_16G142200	Pbre1_12G265600	Prupe.1G267700.1	17.901708166666666	0.8295296666666667	45.9169155	0.5272960533081412	0.8810927165578211	0.5252211649125187	0.235742667571026	0.63489435934637	0.2269698196698168	Neofunctionalization(Child)	Neofunctionalization(Child)	Neofunctionalization(Child)	Neofunctionalization(Child)	classified
TRD	Pbre1_11G528600	Pbre1_12G270400	Prupe.8G269200.1	5.7099355	0.1064915	9.4549995	0.9095845061838176	0.906659902625351	0.6242109415963314	0.5404387845325948	0.5575816753579016	0.5238922617501833	Specialization	Specialization	Specialization	Specialization	classified
TRD	Pbre1_11G528600	Pbre1_12G270600	Prupe.8G269200.1	5.7099355	0.0703278333333333	9.4549995	0.9095845061838176	0.9453873492267496	0.6242109415963314	0.5404387845325948	0.6855840897282444	0.5291023739592147	Specialization	Specialization	Specialization	Specialization	classified
TRD	Pbre1_12G009600	Pbre1_12G284400	Prupe.7G005900.1	49.26367483333333	0.0097008333333333	75.73186866666667	0.3663745467750026	1.0	0.2378534960266169	0.1367824152371584	0.9591813154201964	0.1368451326834649	Neofunctionalization(Child)	Neofunctionalization(Child)	Neofunctionalization(Child)	Neofunctionalization(Child)	classified
TRD	Pbre1_09G171600	Pbre1_12G295800	Prupe.3G219400.1	4.556921	9.580299666666669	12.422335666666669	0.7465181328304289	0.2977406393126969	0.1702970387307304	0.3138420108223813	0.0729318599239032	0.0978775475650758	Conservation	Conservation	Conservation	Conservation	classified
TRD	Pbre1_05G087200	Pbre1_12G336200	Prupe.8G077700.1	32.285516333333334	0.0876108333333333	56.57593233333333	0.3182171328385714	0.9563139156475704	0.3711976734831453	0.1642987796324348	0.6832768808974388	0.1639421557532495	Neofunctionalization(Child)	Neofunctionalization(Child)	Neofunctionalization(Child)	Neofunctionalization(Child)	classified
TRD	Pbre1_04G188800	Pbre1_12G358400	Prupe.6G246300.1	63.399975	3.0368983333333333	85.83009116666666	0.2885548391539456	0.7168834625942677	0.3855924840409436	0.1605465315633978	0.2096220737834454	0.1471223981297239	Conservation	Conservation	Conservation	Conservation	classified
TRD	Pbre1_15G758600	Pbre1_12G363200	Prupe.1G575200.1	7.126215999999999	1.7701821666666668	0.7690341666666667	0.9711568905961744	0.9812570821544332	0.8145359600084208	0.9444994712821624	0.963509831544242	0.947847496972523	Specialization	Specialization	Specialization	Specialization	classified
TRD	Pbre1_12G048000	Pbre1_12G372800	Prupe.7G109000.1	10.325015166666669	0.0383471666666666	20.81291166666667	0.2352855134122758	0.972568847241168	0.6835707620194331	0.2966095517388362	0.8854879830104337	0.2964571172630049	Neofunctionalization(Child)	Neofunctionalization(Child)	Neofunctionalization(Child)	Neofunctionalization(Child)	classified
TRD	Pbre1_12G099200	Pbre1_12G386400	Prupe.7G075800.1	21.6600755	1.8910016666666667	17.366720166666667	0.439972083282418	0.8052104794151859	0.6108382417273491	0.3239556922062898	0.4376956271823182	0.321642685636563	Neofunctionalization(Child)	Neofunctionalization(Child)	Conservation	Neofunctionalization(Child)	classified
TRD	Pbre1_02G259800	Pbre1_12G408400	Prupe.7G135600.1	0.2273211666666666	1.7664688333333334	17.902396666666668	1.0	0.7562515046224094	0.999292477374541	0.0039642375058947	1.0947788806490268	0.9695271877527012	Neofunctionalization(Child)	Neofunctionalization(Child)	Neofunctionalization(Child)	Neofunctionalization(Child)	classified
TRD	Pbre1_04G388600	Pbre1_12G415400	Prupe.6G352100.1	1.3793258333333331	0.2540826666666667	0.726193	0.8487588293538376	0.802465787716956	0.6980501620592905	0.6373482110122273	0.5657609703402245	0.6258639936030932	Specialization	Specialization	Specialization	Specialization	classified
TRD	Pbre1_10G514200	Pbre1_12G439800	Prupe.4G043900.1	11.605782166666666	28.705159666666667	23.342685666666664	0.2872997598146673	0.4036983090761959	0.5785958303049246	0.2320443080025565	0.166040302561435	0.1726792194051199	Conservation	Conservation	Conservation	Conservation	classified
TRD	Pbre1_06G397000	Pbre1_13G010600	Prupe.5G233900.1	8.9326905	7.069650333333334	10.447646	0.3127919854851594	0.4050042230382692	0.5245781015624885	0.1636623890453328	0.1541124200360156	0.1514418019665938	Conservation	Conservation	Conservation	Conservation	classified
TRD	Pbre1_08G120400	Pbre1_13G019400	Prupe.1G404000.1	9.226934166666666	0.0219848333333333	23.263642	0.6901295356698434	1.0	0.8927226221811477	0.6940465452541295	1.0633458569583407	0.6943534333446401	Specialization	Specialization	Specialization	Specialization	classified
TRD	Pbre1_16G058000	Pbre1_13G053400	Prupe.1G320800.1	24.3812675	5.368300666666666	116.156613	0.588486793132154	0.4066032881456548	0.6135597955850962	0.2232130334171834	0.3427241500371741	0.2415922440841074	Conservation	Conservation	Conservation	Conservation	classified
TRD	Pbre1_09G453600	Pbre1_13G082000	Prupe.3G164800.1	0.0154536666666666	0.2646475	0.0960431666666666	0.8474448669201522	0.931072063680244	0.7911128298098039	0.3905017401312435	0.3928133423831013	0.3559575558342144	Neofunctionalization(Child)	Neofunctionalization(Child)	Neofunctionalization(Child)	Neofunctionalization(Child)	classified
TRD	Pbre1_15G408800	Pbre1_13G093800	Prupe.7G187800.1	27.362567666666667	21.0393355	13.886576166666668	0.3478449158920988	0.3796654516247105	0.1855343092414018	0.0887260836865561	0.1574960341153538	0.0966899559767657	Conservation	Conservation	Conservation	Conservation	classified
TRD	Pbre1_13G152200	Pbre1_13G096400	Prupe.1G258300.1	7.151771666666667	0.0489076666666666	16.0832115	0.8228283171525159	0.8237751209974679	0.7130083814668057	0.1628411340078887	0.655860549282195	0.1597500207093051	Neofunctionalization(Child)	Neofunctionalization(Child)	Neofunctionalization(Child)	Neofunctionalization(Child)	classified
TRD	Pbre1_16G103400	Pbre1_13G102400	Prupe.1G290900.1	14.223730666666668	3.220783	14.215411	0.3987498067110669	0.2236725591621994	0.481049440224791	0.1995473767568248	0.2389310513093255	0.2022624780248516	Conservation	Conservation	Conservation	Conservation	classified
TRD	Pbre1_13G079200	Pbre1_13G104000	Prupe.1G305600.1	11.8689835	1.1011266666666666	34.790375	0.6059549235326687	0.8815316344523273	0.5759931978790214	0.3867239986591709	0.5525819915832205	0.3484594358745327	Neofunctionalization(Child)	Neofunctionalization(Child)	Neofunctionalization(Child)	Neofunctionalization(Child)	classified
TRD	Pbre1_17G494800	Pbre1_13G111800	Prupe.3G007400.1	46.6095485	0.7647586666666667	57.950637666666665	0.0963457031081196	0.9158244095302563	0.2259596380548423	0.0711041207219627	0.576705060802586	0.0669334650548521	Neofunctionalization(Child)	Neofunctionalization(Child)	Neofunctionalization(Child)	Neofunctionalization(Child)	classified
TRD	Pbre1_11G182200	Pbre1_13G172400	Prupe.6G091300.1	25.941216666666666	0.1282898333333333	67.6943955	0.3483433280474804	0.8619436923435027	0.3550923112068872	0.1458936603752344	0.5912959208710679	0.146455270077538	Neofunctionalization(Child)	Neofunctionalization(Child)	Neofunctionalization(Child)	Neofunctionalization(Child)	classified
TRD	Pbre1_13G359000	Pbre1_13G176800	Prupe.1G037400.1	24.791291333333334	0.0520513333333333	167.34239599999998	0.8136553737916176	0.9142431021625652	0.8962147559917497	0.1769134961898431	0.7221835669583317	0.177319987193895	Neofunctionalization(Child)	Neofunctionalization(Child)	Neofunctionalization(Child)	Neofunctionalization(Child)	classified
TRD	Pbre1_07G448600	Pbre1_13G180800	Prupe.2G298600.1	25.497796333333334	0.040363	62.93646366666666	0.6120921800772023	0.8551816440872233	0.904087536238805	0.6851192173698137	0.9754860580519013	0.6849576122482103	Specialization	Specialization	Specialization	Specialization	classified
TRD	Pbre1_04G355400	Pbre1_13G188400	Prupe.6G333700.1	7.531196666666666	0.6717168333333333	21.48458816666667	0.3359118257626403	0.893938575857506	0.341048840715212	0.107569460960292	0.5999312305631372	0.1296354176483524	Neofunctionalization(Child)	Neofunctionalization(Child)	Neofunctionalization(Child)	Neofunctionalization(Child)	classified
TRD	Pbre1_13G486000	Pbre1_13G201600	Prupe.1G002900.1	3.765321	18.123861	117.06058216666666	0.9676457828990768	0.9526602161401092	0.6487829331940025	0.6705225874111561	0.8024492865532202	0.641030522348538	Specialization	Specialization	Specialization	Specialization	classified
TRD	Pbre1_16G335000	Pbre1_13G226200	Prupe.1G016800.1	18.971313833333333	0.1230033333333333	14.245324666666669	0.6400195138356076	0.9894922994205492	0.5302779439899614	0.3124790210160171	0.922765560760514	0.3108583230451859	Neofunctionalization(Child)	Neofunctionalization(Child)	Neofunctionalization(Child)	Neofunctionalization(Child)	classified
TRD	Pbre1_16G257000	Pbre1_13G252000	Prupe.1G112700.1	20.146817833333333	8.196281666666668	22.422570333333333	0.1959892029781387	0.3164428668948846	0.2768526617279965	0.1137297671154286	0.0840004500254807	0.1008570477154777	Conservation	Conservation	Conservation	Conservation	classified
TRD	Pbre1_16G282400	Pbre1_13G279200	Prupe.1G132500.1	61.6777065	1.1253848333333334	26.1647555	0.4933852688759675	0.8422553306920495	0.4705147716679212	0.21752637626172	0.4953703582390023	0.2135477620892224	Neofunctionalization(Child)	Neofunctionalization(Child)	Neofunctionalization(Child)	Neofunctionalization(Child)	classified
TRD	Pbre1_12G336000	Pbre1_13G300000	Prupe.6G306800.1	36.9629335	0.0438949999999999	69.070719	0.5032117907341215	1.0	0.3198980449811685	0.1384892291859836	1.0018886713041275	0.1386057581838158	Neofunctionalization(Child)	Neofunctionalization(Child)	Neofunctionalization(Child)	Neofunctionalization(Child)	classified
TRD	Pbre1_16G307200	Pbre1_13G304200	Prupe.1G148200.1	321.96934783333336	46.196693833333335	551.7769246666667	0.2667156776153119	0.4068781433851763	0.2332590524338265	0.037531098885502	0.1180746620630106	0.0220192258535603	Conservation	Conservation	Conservation	Conservation	classified
TRD	Pbre1_17G044200	Pbre1_13G327400	Prupe.3G292400.1	101.81181983333332	3.2856393333333336	116.016203	0.2925707343145673	0.6344899459341615	0.3924693551133219	0.180026518480343	0.2497716042054273	0.1714754296368444	Conservation	Conservation	Conservation	Conservation	classified
TRD	Pbre1_16G354600	Pbre1_13G345600	Prupe.1G033600.1	1.5035208333333334	0.563529	2.6787005	0.6561982205673098	0.6751176500265842	0.953183784539168	0.6558639216975911	0.6579145031313883	0.6476120972672396	Specialization	Specialization	Specialization	Specialization	classified
TRD	Pbre1_17G147600	Pbre1_13G347800	Prupe.3G233500.1	32.405638499999995	0.0343528333333333	34.47026783333333	0.6802359809931525	1.0	0.6253758387059571	0.0930037526024729	0.9665947844659144	0.0920860650678347	Neofunctionalization(Child)	Neofunctionalization(Child)	Neofunctionalization(Child)	Neofunctionalization(Child)	classified
TRD	Pbre1_07G406400	Pbre1_13G352400	Prupe.2G276400.1	0.8650935	0.3445661666666667	7.399626	0.7526768620614025	0.4906913830577443	0.894680183161263	0.4707248560292605	0.6195324852590396	0.4690008443756594	Specialization	Specialization	Specialization	Specialization	classified
TRD	Pbre1_05G256000	Pbre1_13G359800	Prupe.8G181200.1	22.604154166666667	12.913793	111.46912466666666	0.3969019316495513	0.3394062014194294	0.481080699776617	0.1617055320866345	0.1424462700350007	0.1305495358580085	Conservation	Conservation	Conservation	Conservation	classified
TRD	Pbre1_15G365400	Pbre1_13G377400	Prupe.7G213700.1	43.45705233333334	26.189806333333333	43.559181	0.4906245800074457	0.3618004674034438	0.6064616098618976	0.2680892263946164	0.2821844749270188	0.261701821997256	Conservation	Conservation	Conservation	Conservation	classified
TRD	Pbre1_09G046200	Pbre1_13G377600	Prupe.3G291100.1	12.225825833333332	26.822085666666663	77.60770116666666	0.4458565650279865	0.372106319374817	0.6922987260562969	0.3488083724651398	0.1923439557232828	0.2342600039922346	Conservation	Conservation	Conservation	Conservation	classified
TRD	Pbre1_02G179600	Pbre1_13G396400	Prupe.7G178400.1	6.536911	0.1282211666666666	9.2188885	0.5322577102879713	1.0	0.6219237097073815	0.2398392222208835	1.0334851250485972	0.2410142871360513	Neofunctionalization(Child)	Neofunctionalization(Child)	Neofunctionalization(Child)	Neofunctionalization(Child)	classified
TRD	Pbre1_07G402200	Pbre1_13G397600	Prupe.2G273700.1	35.831897833333336	0.0373296666666666	24.27556	0.39636066505576	0.9012989437746718	0.5407393474999966	0.2056957026805815	0.7240511544104676	0.2061814629908344	Neofunctionalization(Child)	Neofunctionalization(Child)	Neofunctionalization(Child)	Neofunctionalization(Child)	classified
TRD	Pbre1_14G306400	Pbre1_13G419000	Prupe.5G160800.1	143.10113533333333	0.5059348333333333	84.39080233333333	0.4166360547995317	0.8459095004942858	0.3443719906174489	0.206721767849239	0.4559919166769579	0.2060868575530535	Neofunctionalization(Child)	Neofunctionalization(Child)	Neofunctionalization(Child)	Neofunctionalization(Child)	classified
TRD	Pbre1_16G287000	Pbre1_13G422800	Prupe.1G136500.1	16.3068605	0.0662261666666666	15.202060333333334	0.698375929344444	0.8842112373837718	0.6719591305445498	0.0824509836546467	0.6899909353165719	0.0807467449781857	Neofunctionalization(Child)	Neofunctionalization(Child)	Neofunctionalization(Child)	Neofunctionalization(Child)	classified
TRD	Pbre1_12G418000	Pbre1_13G430800	Prupe.6G354100.1	11.014410333333334	0.0103703333333333	74.0202905	0.9115149080654998	1.0	0.7214884785243829	0.5244644168383736	1.143374678670494	0.5242891076603823	Specialization	Specialization	Specialization	Specialization	classified
TRD	Pbre1_05G429600	Pbre1_13G445800	Prupe.4G106400.1	0.0305093333333333	0.0466241666666666	33.960937	0.9759302781041912	0.9914070859477816	0.2107160633411665	0.8500092432645273	0.9173631469748216	0.8897395804207745	Specialization	Specialization	Specialization	Specialization	classified
TRD	Pbre1_04G058800	Pbre1_13G446800	Prupe.1G189000.1	87.75474083333333	50.20428566666666	229.44477316666664	0.3168911918697462	0.3861021183342704	0.6199854104912099	0.13728858293079	0.1745366371244668	0.1462842526332673	Conservation	Conservation	Conservation	Conservation	classified
TRD	Pbre1_04G072400	Pbre1_13G453000	Prupe.1G198600.1	7.539558333333334	7.897095	6.87088	0.2983669699957257	0.4030052372903008	0.447285728031802	0.2191741867010903	0.1499788512342463	0.1759665336354124	Conservation	Conservation	Conservation	Conservation	classified
TRD	Pbre1_04G074000	Pbre1_13G454000	Prupe.1G199800.1	23.745238166666667	29.6204765	21.819300166666665	0.3920987116522217	0.2354055136771077	0.4313369245157396	0.2182444067376544	0.1554734152739038	0.1778515909649068	Conservation	Conservation	Conservation	Conservation	classified
TRD	Pbre1_04G068000	Pbre1_13G456000	Prupe.1G196500.1	3.2097675	5.7698425	13.6348955	0.4295630393899426	0.5713687131183152	0.6555805962007141	0.3219714437643423	0.2995296845233186	0.2665735074115714	Conservation	Conservation	Conservation	Conservation	classified
TRD	Pbre1_07G437000	Pbre1_13G460400	Prupe.2G293000.1	160.15757366666668	54.367721	287.35491533333334	0.3409101646494893	0.4363610966250648	0.3716516355191077	0.1025265739111854	0.1431376038962188	0.1085813056414286	Conservation	Conservation	Conservation	Conservation	classified
TRD	Pbre1_03G346600	Pbre1_13G468000	Prupe.4G204500.1	24.434126666666668	29.20940483333333	77.58373416666666	0.321290280392502	0.2827445829418785	0.5096486937512206	0.1983370994330839	0.2441007551410168	0.2058830663894566	Conservation	Conservation	Conservation	Conservation	classified
TRD	Pbre1_11G402400	Pbre1_13G469800	Prupe.4G182100.1	53.39874866666667	45.1923635	25.78155233333333	0.3742899513216541	0.190162283986418	0.5306891753518845	0.2017896696197146	0.1688785620285035	0.1739336076133835	Conservation	Conservation	Conservation	Conservation	classified
TRD	Pbre1_04G022600	Pbre1_13G483000	Prupe.1G163200.1	20.188547	0.027915	32.25483083333333	0.2741538013521812	1.0	0.3202532354774142	0.1054922901441616	0.8602002202535816	0.1051971399643183	Neofunctionalization(Child)	Neofunctionalization(Child)	Neofunctionalization(Child)	Neofunctionalization(Child)	classified
TRD	Pbre1_05G592800	Pbre1_13G488400	Prupe.4G008500.1	120.61735016666668	0.0816465	45.44571316666666	0.5434688507127658	0.7904689452806608	0.3802176518494292	0.1864991185056435	0.5121308061659501	0.1861800365479196	Neofunctionalization(Child)	Neofunctionalization(Child)	Neofunctionalization(Child)	Neofunctionalization(Child)	classified
TRD	Pbre1_12G338800	Pbre1_14G021200	Prupe.6G309100.1	38.23727683333333	27.1816005	37.844258	0.4868166230314329	0.403226386486073	0.3823837199169858	0.215049186093492	0.2346197222348421	0.2156792134651731	Conservation	Conservation	Conservation	Conservation	classified
TRD	Pbre1_05G537800	Pbre1_14G030800	Prupe.4G040100.1	4.065960166666667	2.4422746666666666	1.5592638333333335	0.8280983475779393	0.8064310612690686	0.836288665004053	0.4809510610638304	0.6410590201752655	0.4322288341583777	Specialization	Specialization	Specialization	Specialization	classified
TRD	Pbre1_12G039400	Pbre1_14G033000	Prupe.7G114300.1	0.0115195	0.0041483333333333	0.5599231666666666	0.8212767123287671	1.0	0.7777102216948462	0.5797078432279514	1.1489290217785255	0.570707467703747	Specialization	Specialization	Specialization	Specialization	classified
TRD	Pbre1_12G136600	Pbre1_14G090800	Prupe.7G050500.1	7.945123333333333	0.0754008333333333	5.2864285	0.3146126118847529	0.720909668537541	0.891641109494552	0.5255717619679324	0.6307727524682306	0.5257415405906195	Specialization	Specialization	Neofunctionalization(Child)	Specialization	classified
TRD	Pbre1_17G152200	Pbre1_14G113200	Prupe.3G231000.1	14.558648	15.457868666666666	31.197414833333333	0.3931416956192605	0.4399325465954818	0.3178458017020247	0.0985566448825348	0.1745325359073519	0.0856876624975417	Conservation	Conservation	Conservation	Conservation	classified
TRD	Pbre1_12G114600	Pbre1_14G116600	Prupe.7G067700.1	9.325856	14.985504	6.4213965	0.6481497107859816	0.3817001135078738	0.6208277190618157	0.3337019497108686	0.2044133132468042	0.2021629147331386	Conservation	Conservation	Conservation	Conservation	classified
TRD	Pbre1_12G116400	Pbre1_14G118800	Prupe.7G066800.1	11.837433	6.069340166666667	13.321161666666669	0.4085851254947067	0.2162267030826627	0.5675006207125086	0.2322032335492617	0.1724887914023793	0.2042389561506752	Conservation	Conservation	Conservation	Conservation	classified
TRD	Pbre1_12G116400	Pbre1_14G119000	Prupe.7G066800.1	11.837433	19.303372166666662	13.321161666666669	0.4085851254947067	0.2111134420167166	0.5675006207125086	0.2322032335492617	0.1426329862891934	0.1711355302228393	Conservation	Conservation	Conservation	Conservation	classified
TRD	Pbre1_14G123000	Pbre1_14G129000	Prupe.7G064000.1	15.3566295	23.73161916666667	236.699028	0.5913782851384444	0.6080399264336706	0.4249755910238882	0.3228574054447372	0.3394323207439471	0.3284629437220581	Conservation	Conservation	Conservation	Conservation	classified
TRD	Pbre1_12G129000	Pbre1_14G131400	Prupe.7G058100.1	24.181519166666668	9.894439333333333	28.87099483333333	0.5231913497458605	0.5130410809552962	0.3542125691048042	0.1688051150544418	0.1110245585620549	0.1476615758113152	Conservation	Conservation	Conservation	Conservation	classified
TRD	Pbre1_12G136600	Pbre1_14G140600	Prupe.7G050500.1	7.945123333333333	6.897506	5.2864285	0.3146126118847529	0.8466708284654745	0.891641109494552	0.5255717619679324	0.8530494858325526	0.6598087633406579	Specialization	Specialization	Conservation	Specialization	classified
TRD	Pbre1_12G137400	Pbre1_14G141000	Prupe.7G050300.1	16.083285500000002	5.067861166666667	10.4090115	0.3210715836041927	0.4238588021425126	0.5895949779401095	0.1268284740481834	0.2390963525522793	0.1382313940804193	Conservation	Conservation	Conservation	Conservation	classified
TRD	Pbre1_12G145000	Pbre1_14G147000	Prupe.7G046200.1	44.614439833333336	20.7023585	110.13219416666666	0.2512481335024655	0.3364764697006421	0.7450009319555593	0.3391650455218329	0.3458111955648469	0.3394142596209902	Conservation	Conservation	Conservation	Conservation	classified
TRD	Pbre1_15G650000	Pbre1_14G154000	Prupe.1G511000.1	164.18630966666666	0.0282531666666666	114.70979966666668	0.5719730099663067	1.0	0.6622743578818534	0.264537000698611	0.7237932464142658	0.2645012899225669	Neofunctionalization(Child)	Neofunctionalization(Child)	Neofunctionalization(Child)	Neofunctionalization(Child)	classified
TRD	Pbre1_08G382600	Pbre1_14G158200	Prupe.1G564500.1	2.7109906666666665	0.0317165	12.709991333333331	0.6530182376641587	0.8570756672012687	0.2773597031675645	0.2220856090421089	0.6117098490261568	0.2171941097527445	Neofunctionalization(Child)	Neofunctionalization(Child)	Neofunctionalization(Child)	Neofunctionalization(Child)	classified
TRD	Pbre1_12G404800	Pbre1_14G165000	Prupe.6G346700.1	18.831687	0.1447718333333333	19.612155833333333	0.3259634523315648	0.8210698744724244	0.517515826530387	0.2526808680973304	0.5240606800549494	0.251978235490052	Neofunctionalization(Child)	Neofunctionalization(Child)	Neofunctionalization(Child)	Neofunctionalization(Child)	classified
TRD	Pbre1_15G043200	Pbre1_14G187600	Prupe.1G376200.1	81.07473583333334	0.5857543333333334	93.87698066666668	0.7156095806672895	0.7023274815294697	0.909821788409382	0.3773118718474413	0.8291884592582234	0.3801494519859478	Neofunctionalization(Child)	Neofunctionalization(Child)	Neofunctionalization(Child)	Neofunctionalization(Child)	classified
TRD	Pbre1_06G148200	Pbre1_14G190000	Prupe.5G098200.1	0.1853638333333333	0.0523141666666666	3.075183833333333	0.8020876229184146	0.9432528046002396	0.9377513687636349	0.6920474680138143	1.0565923878225734	0.6803103254068634	Specialization	Specialization	Specialization	Specialization	classified
TRD	Pbre1_06G148200	Pbre1_14G190200	Prupe.5G098200.1	0.1853638333333333	0.045757	3.075183833333333	0.8020876229184146	0.8223709276975029	0.9377513687636349	0.6920474680138143	0.4962163100162628	0.5980105745312989	Specialization	Specialization	Specialization	Specialization	classified
TRD	Pbre1_06G152000	Pbre1_14G193800	Prupe.5G100100.1	2.5310213333333333	0.0146546666666666	4.172166166666667	0.4752918898850002	1.0	0.8575386915795795	0.4033608472376843	0.993842911046196	0.4033893364609994	Specialization	Specialization	Specialization	Specialization	classified
TRD	Pbre1_13G225600	Pbre1_14G203600	Prupe.1G213500.1	10.659881333333333	12.706496	71.83186266666667	0.6646877860956963	0.3737864405414915	0.28605249380878	0.2742779109879482	0.1585015827904635	0.12173320551123	Conservation	Conservation	Conservation	Conservation	classified
TRD	Pbre1_10G530600	Pbre1_14G206000	Prupe.4G034600.1	21.33837233333333	0.0110706666666666	6.919182166666666	0.6202767076748944	1.0	0.8512776594302849	0.3947326300093272	1.171760171745978	0.3949670483259146	Specialization	Specialization	Specialization	Specialization	classified
TRD	Pbre1_06G178200	Pbre1_14G221400	Prupe.5G113200.1	12.7086055	6.345167	22.365558166666663	0.1973751119382059	0.3639353561378036	0.365518270863186	0.1124358687319675	0.0411691150550952	0.0761712831921349	Conservation	Conservation	Conservation	Conservation	classified
TRD	Pbre1_06G209200	Pbre1_14G249400	Prupe.5G129300.1	37.52060683333333	38.1681035	38.41084566666667	0.3275536779109868	0.4010258964622968	0.1868696475778855	0.1392938843405613	0.1951828537084358	0.1645278502280547	Conservation	Conservation	Conservation	Conservation	classified
TRD	Pbre1_06G038800	Pbre1_14G254000	Prupe.5G024600.1	137.851604	0.5687901666666667	379.7412851666666	0.9413028696021402	0.7652326621296937	0.8076859674511212	0.4446994474531395	0.6444984609361736	0.4414713258728273	Specialization	Specialization	Neofunctionalization(Child)	Specialization	classified
TRD	Pbre1_06G223600	Pbre1_14G264000	Prupe.5G137300.1	17.329641666666667	6.453948333333334	7.689651	0.3511887868071209	0.4379942898309283	0.6899762801676168	0.2286019184857904	0.1871410603436896	0.2012515654858308	Conservation	Conservation	Conservation	Conservation	classified
TRD	Pbre1_08G170800	Pbre1_14G282600	Prupe.1G439400.1	72.989097	0.0196461666666666	241.66932366666663	0.3246298757541313	0.8246792116407171	0.4045297015016533	0.1670863950743034	0.628617110645291	0.1671312247959569	Neofunctionalization(Child)	Neofunctionalization(Child)	Neofunctionalization(Child)	Neofunctionalization(Child)	classified
TRD	Pbre1_06G270800	Pbre1_14G308000	Prupe.5G161700.1	155.9181033333333	0.3691346666666666	121.44777916666666	0.9674445451489088	0.9888464055730314	0.8697720549617658	0.3150581528274044	0.4124564556259774	0.3152832846611998	Neofunctionalization(Child)	Neofunctionalization(Child)	Neofunctionalization(Child)	Neofunctionalization(Child)	classified
TRD	Pbre1_06G273600	Pbre1_14G310600	Prupe.5G163400.1	9.382474666666669	3.345989	23.511064	0.4197913395288217	0.2112157638612357	0.477164232398758	0.0955041998184067	0.2586661501106866	0.1242175235888808	Conservation	Conservation	Conservation	Conservation	classified
TRD	Pbre1_05G592800	Pbre1_14G332000	Prupe.4G008500.1	120.61735016666668	0.019489	45.44571316666666	0.5434688507127658	1.0	0.3802176518494292	0.1864991185056435	0.8922238828378217	0.1864146239510516	Neofunctionalization(Child)	Neofunctionalization(Child)	Neofunctionalization(Child)	Neofunctionalization(Child)	classified
TRD	Pbre1_14G342400	Pbre1_14G346000	Prupe.5G178300.1	75.469488	2.9154863333333334	32.937881833333336	0.7733215898134865	0.6441318423892053	0.3710541070463463	0.3794790386814274	0.2867597757547572	0.3752833934118629	Conservation	Conservation	Conservation	Conservation	classified
TRD	Pbre1_06G341600	Pbre1_14G381200	Prupe.5G201700.1	12.0185615	3.510237666666667	20.77312983333333	0.218842145501546	0.4908443633351628	0.4564572627414595	0.0980534532757014	0.1680417128718726	0.0943289289774448	Conservation	Conservation	Conservation	Conservation	classified
TRD	Pbre1_06G345600	Pbre1_14G384400	Prupe.5G204600.1	31.37239733333333	14.325329833333331	36.67090783333333	0.3684766929971095	0.1832203397148836	0.3773107957019611	0.1954590772767004	0.1087607014554338	0.1580550140550607	Conservation	Conservation	Conservation	Conservation	classified
TRD	Pbre1_06G345600	Pbre1_14G384600	Prupe.5G204600.1	31.37239733333333	25.238836166666665	36.67090783333333	0.3684766929971095	0.3862845821490955	0.3773107957019611	0.1954590772767004	0.1722992871438601	0.1126263629334912	Conservation	Conservation	Conservation	Conservation	classified
TRD	Pbre1_06G363200	Pbre1_14G399400	Prupe.5G214300.1	11.015127666666666	4.301977833333333	19.214792666666668	0.4676735991802117	0.2888728750141195	0.390021439827776	0.1163458534299221	0.0839682547300597	0.0791326730275772	Conservation	Conservation	Conservation	Conservation	classified
TRD	Pbre1_06G363800	Pbre1_14G400600	Prupe.5G214700.1	10.902394333333334	5.143421	39.13028766666667	0.6425538482095592	0.4662584873080456	0.5593265452135772	0.2652202205566792	0.2447320972495823	0.2541626415954867	Conservation	Conservation	Conservation	Conservation	classified
TRD	Pbre1_06G366400	Pbre1_14G403400	Prupe.5G217000.1	16.027918	9.878187	27.182612	0.2712351005160299	0.6047421770820335	0.550094116320819	0.132034853101741	0.1521568061457739	0.109632381747136	Conservation	Conservation	Conservation	Conservation	classified
TRD	Pbre1_06G366800	Pbre1_14G404200	Prupe.5G217300.1	4.0727065	4.6707833333333335	6.929472333333333	0.5673009432524779	0.4762436475334687	0.4587498822208639	0.2390799492314355	0.2624320313063573	0.1324643472003723	Conservation	Conservation	Conservation	Conservation	classified
TRD	Pbre1_06G366800	Pbre1_14G404400	Prupe.5G217300.1	4.0727065	8.771455	6.929472333333333	0.5673009432524779	0.4744070447221731	0.4587498822208639	0.2390799492314355	0.2929763351435675	0.1821915117786067	Conservation	Conservation	Conservation	Conservation	classified
TRD	Pbre1_06G415400	Pbre1_14G452000	Prupe.5G243700.1	70.58567166666667	84.14800583333333	185.4142206666667	0.2188062432298281	0.2095854062354599	0.3459025225074928	0.1296108159213635	0.107786247446934	0.1171183954352728	Conservation	Conservation	Conservation	Conservation	classified
TRD	Pbre1_08G005000	Pbre1_15G002600	Prupe.1G354700.1	35.343111	0.0386006666666666	61.569820666666665	0.5833500858680084	1.0	0.5777844064691544	0.1157510571542611	0.9983682911433586	0.1156831162392997	Neofunctionalization(Child)	Neofunctionalization(Child)	Neofunctionalization(Child)	Neofunctionalization(Child)	classified
TRD	Pbre1_08G018000	Pbre1_15G014600	Prupe.1G361500.1	5.594424833333333	2.463683833333333	5.915377166666668	0.415545504323824	0.8411993354151168	0.516224896611859	0.2696332860754254	0.5252727099777595	0.3000165419900188	Neofunctionalization(Child)	Neofunctionalization(Child)	Conservation	Neofunctionalization(Child)	classified
TRD	Pbre1_06G363800	Pbre1_15G027600	Prupe.5G214700.1	10.902394333333334	0.0626	39.13028766666667	0.6425538482095592	0.7952804267011475	0.5593265452135772	0.2652202205566792	0.5538042500188161	0.2636152046847725	Neofunctionalization(Child)	Neofunctionalization(Child)	Neofunctionalization(Child)	Neofunctionalization(Child)	classified
TRD	Pbre1_12G408600	Pbre1_15G045800	Prupe.6G348600.1	43.90170283333333	3.0859880000000004	44.886369	0.86987773066261	0.9876376436793308	0.8044194042558142	0.1655461407244126	0.9987126110146606	0.1368327617487904	Neofunctionalization(Child)	Neofunctionalization(Child)	Neofunctionalization(Child)	Neofunctionalization(Child)	classified
TRD	Pbre1_15G744600	Pbre1_15G057200	Prupe.1G566100.1	4.252763	0.1226753333333333	17.662681	0.2298336504286489	0.9809333188489692	0.3868746532647693	0.1319626241022934	0.8481831686833357	0.1430325479982934	Neofunctionalization(Child)	Neofunctionalization(Child)	Neofunctionalization(Child)	Neofunctionalization(Child)	classified
TRD	Pbre1_16G051800	Pbre1_15G059800	Prupe.1G323900.1	60.96898733333333	16.726482999999998	36.4148155	0.6790978725809829	0.5231549996454212	0.5348606146306899	0.2960301058441635	0.3304732695968537	0.2832258549170362	Conservation	Conservation	Conservation	Conservation	classified
TRD	Pbre1_01G302000	Pbre1_15G060000	Prupe.2G261900.1	16.269586166666667	0.1600046666666666	20.680641166666668	0.2956401371452796	0.8430585273991065	0.2662137477174852	0.0713337925199082	0.6074183844023869	0.0699902293606014	Neofunctionalization(Child)	Neofunctionalization(Child)	Neofunctionalization(Child)	Neofunctionalization(Child)	classified
TRD	Pbre1_02G018600	Pbre1_15G064400	Prupe.7G262800.1	8.916033	10.093267666666666	31.53126583333333	0.500645883086873	0.7885691314849146	0.4144255745657839	0.1775299066601288	0.3432079474193458	0.1647084467772057	Conservation	Conservation	Conservation	Conservation	classified
TRD	Pbre1_15G065200	Pbre1_15G075800	Prupe.1G387900.1	4.315858333333333	16.924058	112.10687783333331	0.3252532469232451	0.5455539403132597	0.6198281623680765	0.1722539824407026	0.2703574558601601	0.2457814335468176	Conservation	Conservation	Conservation	Conservation	classified
TRD	Pbre1_08G120400	Pbre1_15G092400	Prupe.1G404000.1	9.226934166666666	5.374312333333333	23.263642	0.6901295356698434	0.9168910164434496	0.8927226221811477	0.6940465452541295	0.7948455024811767	0.7086084446451593	Specialization	Specialization	Specialization	Specialization	classified
TRD	Pbre1_15G086200	Pbre1_15G100200	Prupe.1G401200.1	35.91910083333333	0.0472454999999999	53.56633766666666	0.5525763686561853	1.0	0.4635700797454934	0.1447430842514413	1.0247734159009	0.1453291826440052	Neofunctionalization(Child)	Neofunctionalization(Child)	Neofunctionalization(Child)	Neofunctionalization(Child)	classified
TRD	Pbre1_08G109800	Pbre1_15G102600	Prupe.1G409000.1	0.0256173333333333	0.3467426666666666	31.77306533333333	0.8546753538530666	1.0	0.3096682234527436	0.5034422353191944	0.8594938324404383	0.8138585024674696	Specialization	Specialization	Specialization	Specialization	classified
TRD	Pbre1_15G062400	Pbre1_15G110000	Prupe.1G386100.1	9.055649833333334	0.0284111666666666	13.946142	0.5512864065571128	1.0	0.4238176362910815	0.2206981087620295	0.9088396146481074	0.2221181994267399	Neofunctionalization(Child)	Neofunctionalization(Child)	Neofunctionalization(Child)	Neofunctionalization(Child)	classified
TRD	Pbre1_14G420400	Pbre1_15G122400	Prupe.5G224200.1	0.6347295	0.0208213333333333	8.843041166666666	0.947734304672084	0.8052453629095965	0.9552332522876136	0.9538554207051042	0.7240877518715443	0.9456461141109432	Specialization	Specialization	Specialization	Specialization	classified
TRD	Pbre1_08G216600	Pbre1_15G192400	Prupe.1G460800.1	38.851393	9.074525666666666	60.10671433333333	0.1798353458142277	0.5512805789048174	0.4003024452689127	0.1375105488896891	0.2868251269690711	0.1471585793876931	Conservation	Conservation	Conservation	Conservation	classified
TRD	Pbre1_08G242600	Pbre1_15G215000	Prupe.1G474900.1	0.3581519999999999	0.2088746666666666	0.5601401666666667	0.9416028613634764	0.8678193061368378	0.8811406804424964	0.8996700927392379	0.8212602191711252	0.8634833069038541	Specialization	Specialization	Specialization	Specialization	classified
TRD	Pbre1_09G034800	Pbre1_15G229000	Prupe.3G296400.1	20.28201033333333	8.030782333333333	14.344134333333333	0.4513187247495845	0.2154878223947958	0.4629067847971152	0.2174438949453269	0.1783004118137786	0.1940558208713469	Conservation	Conservation	Conservation	Conservation	classified
TRD	Pbre1_08G415200	Pbre1_15G250200	Prupe.1G587800.1	20.579745	44.48481966666667	21.556786	0.7984949943999796	0.966475924380379	0.9175693163798124	0.3006497713213718	1.0273738806649084	0.7568459168523208	Neofunctionalization(Child)	Neofunctionalization(Child)	Neofunctionalization(Child)	Neofunctionalization(Child)	classified
TRD	Pbre1_02G013800	Pbre1_15G265000	Prupe.7G265700.1	3.3447348333333333	0.0601735	10.721791333333334	0.5310493541047808	0.8982183530945823	0.6667903431242572	0.2597126688452778	0.6850598956224982	0.2617404848214653	Neofunctionalization(Child)	Neofunctionalization(Child)	Neofunctionalization(Child)	Neofunctionalization(Child)	classified
TRD	Pbre1_04G165400	Pbre1_15G320000	Prupe.6G235900.1	158.2097095	2.6599233333333334	302.24619666666666	0.5565969362195464	0.8088035465578868	0.8709614273542311	0.3561932536695412	0.6800814620671134	0.3603004046343809	Neofunctionalization(Child)	Neofunctionalization(Child)	Neofunctionalization(Child)	Neofunctionalization(Child)	classified
TRD	Pbre1_11G384600	Pbre1_15G320200	Prupe.4G192200.1	33.318092166666666	0.0190846666666666	36.075340833333335	0.3504292422408058	0.8149049941146795	0.4713889707846232	0.1478439012863331	0.5840861159483206	0.1479305218494656	Neofunctionalization(Child)	Neofunctionalization(Child)	Neofunctionalization(Child)	Neofunctionalization(Child)	classified
TRD	Pbre1_02G016800	Pbre1_15G326400	Prupe.7G264100.1	59.50361866666666	0.0047894999999999	169.502665	0.424235394126272	1.0	0.4847806769596361	0.1401510635510522	0.7963626956074795	0.1401239335736024	Neofunctionalization(Child)	Neofunctionalization(Child)	Neofunctionalization(Child)	Neofunctionalization(Child)	classified
TRD	Pbre1_03G472400	Pbre1_15G337200	Prupe.8G261000.1	7.364400166666667	0.0111826666666666	63.02130983333333	0.4074965738787602	0.9018750555407448	0.3531909131963815	0.2015877786573103	0.7041408383666102	0.2018859820645684	Neofunctionalization(Child)	Neofunctionalization(Child)	Neofunctionalization(Child)	Neofunctionalization(Child)	classified
TRD	Pbre1_07G454000	Pbre1_15G372600	Prupe.2G301300.1	43.58377983333333	0.0102236666666666	58.50392683333333	0.863368743124514	1.0	0.9722347585270086	0.941708527686544	1.3329619622237323	0.9416625833348504	Specialization	Specialization	Specialization	Specialization	classified
TRD	Pbre1_15G404200	Pbre1_15G385600	Prupe.7G190800.1	3.880337333333333	10.137257333333332	15.739581166666667	0.593317878355435	0.5395876952443205	0.77906523474613	0.2273862655487021	0.3319133545009666	0.2731939497334157	Conservation	Conservation	Conservation	Conservation	classified
TRD	Pbre1_02G199400	Pbre1_15G436600	Prupe.7G168600.1	9.348972333333332	4.463333666666666	7.897059833333333	0.4213298288861196	0.4599232730070436	0.5757491131744239	0.2360381543845782	0.2408918644356864	0.2287134513333341	Conservation	Conservation	Conservation	Conservation	classified
TRD	Pbre1_03G355800	Pbre1_15G451400	Prupe.4G201200.1	11.039722833333334	25.695815666666668	9.120527666666668	0.4827528925307515	0.5320260343438286	0.8621847664638513	0.5191630867061993	0.4628554813179627	0.4689236952355553	Specialization	Specialization	Conservation	Specialization	classified
TRD	Pbre1_02G121600	Pbre1_15G460200	Prupe.7G211200.1	9.819632333333333	0.0272595	39.62889183333333	0.7085355194812236	1.0	0.4476990044910885	0.3099166265551294	0.9548851929564734	0.3116269119888002	Neofunctionalization(Child)	Neofunctionalization(Child)	Neofunctionalization(Child)	Neofunctionalization(Child)	classified
TRD	Pbre1_03G367200	Pbre1_15G477400	Prupe.4G190400.1	9.036496833333333	2.412044333333333	11.837437833333334	0.7034070334071292	0.2852978810612043	0.5892497677589085	0.2721502584617374	0.2134948657836984	0.2116793693040924	Conservation	Conservation	Conservation	Conservation	classified
TRD	Pbre1_12G224000	Pbre1_15G477600	Prupe.6G246300.1	2.5310531666666667	2.111190166666667	85.83009116666666	0.7538422057700217	0.2836245007447683	0.3855924840409436	0.4495447437047562	0.1191502453689924	0.2292159875452167	Neofunctionalization(Parent)	Neofunctionalization(Parent)	Neofunctionalization(Parent)	Neofunctionalization(Parent)	classified
TRD	Pbre1_16G374000	Pbre1_15G482200	Prupe.1G045900.1	67.07377116666666	0.0119858333333333	91.2480445	0.4090133465056136	1.0	0.4590645889878236	0.1823862010726392	0.8069798780845565	0.1822642872824817	Neofunctionalization(Child)	Neofunctionalization(Child)	Neofunctionalization(Child)	Neofunctionalization(Child)	classified
TRD	Pbre1_11G212400	Pbre1_15G483200	Prupe.6G106800.1	44.903874	12.4133335	190.6261028333333	0.4444457419188749	0.3719200747228718	0.4899270575697985	0.268889707159804	0.2157056473705183	0.2399581966353483	Conservation	Conservation	Conservation	Conservation	classified
TRD	Pbre1_07G334800	Pbre1_15G489600	Prupe.2G236100.1	15.1626595	9.674219666666668	69.78312416666667	0.6398241925425452	0.5376816943845368	0.4838516040292645	0.1942007656118673	0.1982172104053052	0.1811304784584304	Conservation	Conservation	Conservation	Conservation	classified
TRD	Pbre1_02G288000	Pbre1_15G527800	Prupe.6G220500.1	38.1093685	7.242487833333334	51.42109983333334	0.0821838313028764	0.3239397596943875	0.3420723495445944	0.1081640692912668	0.1527579130816778	0.1135231272379457	Conservation	Conservation	Conservation	Conservation	classified
TRD	Pbre1_02G288000	Pbre1_15G528000	Prupe.6G220500.1	38.1093685	6.819865333333333	51.42109983333334	0.0821838313028764	0.3051552560045661	0.3420723495445944	0.1081640692912668	0.1919343617097917	0.1160831797771076	Conservation	Conservation	Conservation	Conservation	classified
TRD	Pbre1_13G170000	Pbre1_15G540600	Prupe.1G247400.1	3.308639	0.0104138333333333	36.67826016666667	0.8851380906713768	1.0	0.1855829790007606	0.5345721986317927	0.9137652453215124	0.5356238256892708	Specialization	Specialization	Specialization	Specialization	classified
TRD	Pbre1_11G178200	Pbre1_15G577000	Prupe.6G089700.1	18.04904433333333	0.0268315	9.870896833333331	0.6236338954318066	0.806744427480916	0.5163718340774416	0.2760713322722493	0.6305869534992695	0.2760985563763069	Neofunctionalization(Child)	Neofunctionalization(Child)	Neofunctionalization(Child)	Neofunctionalization(Child)	classified
TRD	Pbre1_07G157200	Pbre1_15G585800	Prupe.2G127800.1	26.388585166666665	0.0775666666666666	71.08432933333333	0.1154609724652806	0.8924977783063591	0.4468542549551396	0.2040948229620768	0.7170744395421819	0.2052066629591241	Neofunctionalization(Child)	Neofunctionalization(Child)	Neofunctionalization(Child)	Neofunctionalization(Child)	classified
TRD	Pbre1_15G007000	Pbre1_15G599400	Prupe.1G357500.1	49.76803316666667	72.08868666666666	56.18385533333333	0.1837082145075753	0.1389628055949622	0.2166208723329043	0.1045449386215812	0.0858046596221014	0.0893923383319644	Conservation	Conservation	Conservation	Conservation	classified
TRD	Pbre1_12G174000	Pbre1_15G600000	Prupe.7G121300.1	28.5578425	0.0071946666666666	27.502844166666662	0.3222141474667669	1.0	0.2100641469085655	0.0735935837189074	0.908573149874256	0.0736197077883202	Neofunctionalization(Child)	Neofunctionalization(Child)	Neofunctionalization(Child)	Neofunctionalization(Child)	classified
TRD	Pbre1_11G178200	Pbre1_15G610400	Prupe.6G089700.1	18.04904433333333	7.415945333333333	9.870896833333331	0.6236338954318066	0.4265915686457188	0.5163718340774416	0.2760713322722493	0.2071960347603021	0.2204672683605481	Conservation	Conservation	Conservation	Conservation	classified
TRD	Pbre1_09G049000	Pbre1_15G625000	Prupe.3G288200.1	17.679296666666666	24.198421666666665	35.387991666666665	0.5571934658007016	0.4553024946223896	0.3683018371568394	0.2965370909313514	0.1022856182008574	0.1396940325644625	Conservation	Conservation	Conservation	Conservation	classified
TRD	Pbre1_15G370000	Pbre1_15G631000	Prupe.7G211100.1	20.38610633333333	3.0417490000000003	46.12412316666666	0.1666183023079379	0.9709182359022662	0.7326701970452728	0.334569456125635	0.5009805029012353	0.2365167314698877	Neofunctionalization(Child)	Neofunctionalization(Child)	Neofunctionalization(Child)	Neofunctionalization(Child)	classified
TRD	Pbre1_04G223200	Pbre1_15G671000	Prupe.6G263600.1	0.1425181666666666	0.184976	0.6857973333333334	0.5815523588419508	0.7662218887038904	0.941569786885941	0.5195354630614735	0.5334079169432563	0.4946376038302355	Specialization	Specialization	Specialization	Specialization	classified
TRD	Pbre1_14G355200	Pbre1_15G674000	Prupe.5G185600.1	4.252466666666667	3.459318833333333	0.7738400000000001	0.8534661096637942	0.8191100007991825	0.9705339006923956	0.8651235469302633	0.676249369519586	0.7782631815443593	Specialization	Specialization	Specialization	Specialization	classified
TRD	Pbre1_16G018800	Pbre1_15G687000	Prupe.1G341200.1	22.376641166666666	5.1410155	32.61365033333333	0.1065756607992837	0.2888063180158571	0.5585004227666669	0.1525232146652	0.167991192545779	0.1427888474288348	Conservation	Conservation	Conservation	Conservation	classified
TRD	Pbre1_05G202400	Pbre1_15G694400	Prupe.8G156300.1	54.744052833333335	3.754697	61.560960666666666	0.3666318009439725	0.4219746860623458	0.2699211682611019	0.1503196211724529	0.1039620449383824	0.1358021931610981	Conservation	Conservation	Conservation	Conservation	classified
TRD	Pbre1_07G424200	Pbre1_15G708200	Prupe.2G287100.1	52.934736	0.8316201666666666	59.731169666666666	0.4958437502722824	0.7849915746083815	0.5786529906888455	0.2125844725708157	0.4111746963479876	0.2103168521695	Neofunctionalization(Child)	Neofunctionalization(Child)	Neofunctionalization(Child)	Neofunctionalization(Child)	classified
TRD	Pbre1_08G353000	Pbre1_15G710000	Prupe.1G543200.1	21.874880166666667	6.9187175	11.924635166666668	0.447652118624673	0.5244004040678244	0.573807815695193	0.2472377094685303	0.2757789296632201	0.241781793186778	Conservation	Conservation	Conservation	Conservation	classified
TRD	Pbre1_05G075800	Pbre1_15G711000	Prupe.8G060400.1	20.103575166666666	0.3063223333333333	14.2975385	0.5311104140591336	0.9568130515897691	0.5471676371356167	0.1311305314976024	0.8375895455213828	0.1284745897337403	Neofunctionalization(Child)	Neofunctionalization(Child)	Neofunctionalization(Child)	Neofunctionalization(Child)	classified
TRD	Pbre1_09G335600	Pbre1_15G734600	Prupe.3G056900.1	43.3075545	2.1455581666666665	21.024491333333334	0.1570869085322682	0.6024657772051029	0.5763182739434131	0.1681008843089237	0.2166357140601045	0.1664761210105152	Conservation	Conservation	Conservation	Conservation	classified
TRD	Pbre1_15G262400	Pbre1_15G749200	Prupe.7G266900.1	89.75937083333334	270.7315445	281.589693	0.52134947558235	0.5286809021350946	0.5631633373102215	0.215625114857743	0.2259005376270135	0.2221238568179439	Conservation	Conservation	Conservation	Conservation	classified
TRD	Pbre1_15G650000	Pbre1_15G761800	Prupe.1G511000.1	164.18630966666666	55.9123225	114.70979966666668	0.5719730099663067	0.6653684767535787	0.6622743578818534	0.264537000698611	0.2102249961609591	0.2478888293458722	Conservation	Conservation	Conservation	Conservation	classified
TRD	Pbre1_09G076000	Pbre1_15G771600	Prupe.3G272100.1	8.965505666666667	16.94443366666667	28.8657745	0.5840462785422884	0.4905044910570882	0.5228280847825111	0.2336055734595672	0.30001210360548	0.2432739195288952	Conservation	Conservation	Conservation	Conservation	classified
TRD	Pbre1_08G404000	Pbre1_15G772200	Prupe.1G581000.1	5.735704333333333	0.7912758333333334	5.947738166666666	0.9873572368164544	0.9793703745097572	0.7433395278932748	0.6359232555019051	1.0498309771434748	0.5673125786037664	Specialization	Specialization	Specialization	Specialization	classified
TRD	Pbre1_03G033600	Pbre1_15G773600	Prupe.6G022700.1	11.048858333333332	0.0247811666666666	30.48072	0.4056591906640093	0.9170803641933613	0.4345869946687489	0.1659054547505581	0.6040574897676756	0.1651514647437604	Neofunctionalization(Child)	Neofunctionalization(Child)	Neofunctionalization(Child)	Neofunctionalization(Child)	classified
TRD	Pbre1_07G468600	Pbre1_15G781400	Prupe.2G309300.1	26.404164666666667	4.534965166666667	33.71504383333333	0.7966199126809672	0.8445539326601533	0.4119319978723087	0.314242045796947	0.3517070402718535	0.238523990002958	Conservation	Conservation	Conservation	Conservation	classified
TRD	Pbre1_05G579600	Pbre1_15G783600	Prupe.4G016200.1	53.473869666666666	23.356193833333336	131.60344383333333	0.6340260100578093	0.3976141219338028	0.7534350264754324	0.3461919912660913	0.3570409105448761	0.3439772090080382	Conservation	Conservation	Conservation	Conservation	classified
TRD	Pbre1_09G046200	Pbre1_15G786400	Prupe.3G291100.1	12.225825833333332	23.640847	77.60770116666666	0.4458565650279865	0.2921839802709411	0.6922987260562969	0.3488083724651398	0.245432680423562	0.2648384514731383	Conservation	Conservation	Conservation	Conservation	classified
TRD	Pbre1_13G035200	Pbre1_16G037200	Prupe.1G332300.1	5.454616	0.2512824999999999	13.484753833333334	0.5672938045525189	0.8954016138090986	0.4840472307381983	0.1885719720601308	0.6286018280503439	0.1922137770059558	Neofunctionalization(Child)	Neofunctionalization(Child)	Neofunctionalization(Child)	Neofunctionalization(Child)	classified
TRD	Pbre1_13G062000	Pbre1_16G067200	Prupe.1G315000.1	1.5997478333333337	17.30917666666667	35.9194735	0.6396285903357475	0.969959743476744	0.6530128956790304	0.4271808850569368	0.7135151002413601	0.6721234130939581	Specialization	Specialization	Specialization	Specialization	classified
TRD	Pbre1_13G332800	Pbre1_16G083600	Prupe.1G019500.1	283.3937815	0.0261653333333333	515.9787653333333	0.447080059130929	0.9133194550965996	0.6388061435531494	0.2425574919577176	0.6494187204097798	0.2425352428423726	Neofunctionalization(Child)	Neofunctionalization(Child)	Neofunctionalization(Child)	Neofunctionalization(Child)	classified
TRD	Pbre1_16G213000	Pbre1_16G124600	Prupe.1G224300.1	57.189933833333335	0.1895845	55.49086283333333	0.5803367330368137	0.569493075552279	0.4796626600228945	0.212095190834965	0.4540252623448657	0.2125788746769768	Neofunctionalization(Child)	Neofunctionalization(Child)	Neofunctionalization(Child)	Neofunctionalization(Child)	classified
TRD	Pbre1_13G142000	Pbre1_16G147400	Prupe.1G264500.1	1.8776565	1.0993956666666669	5.245139333333333	0.3786653786919158	0.5410719360608305	0.701218021130709	0.4452900507820577	0.4101732081185394	0.419243499365747	Specialization	Specialization	Specialization	Specialization	classified
TRD	Pbre1_13G186800	Pbre1_16G194000	Prupe.1G237400.1	3.204489166666667	0.0278395	2.2605228333333334	0.943176890036206	0.9248517493575804	0.8018676483819119	0.8846156107280996	0.4642220828675439	0.876582771194398	Specialization	Specialization	Specialization	Specialization	classified
TRD	Pbre1_11G072200	Pbre1_16G194400	Prupe.6G039200.1	134.79176633333333	1.932381833333333	149.94688266666665	0.8210372486558939	0.9397263401377526	0.919248039936422	0.215909688595668	1.0381264336250633	0.2219580851292044	Neofunctionalization(Child)	Neofunctionalization(Child)	Neofunctionalization(Child)	Neofunctionalization(Child)	classified
TRD	Pbre1_10G204200	Pbre1_16G202400	Prupe.8G157400.1	15.723121166666669	0.0453763333333333	61.4095875	0.5707091158023584	0.747665290457638	0.5748123372415828	0.3087080263877508	0.5506549599972799	0.30853556564605	Neofunctionalization(Child)	Neofunctionalization(Child)	Neofunctionalization(Child)	Neofunctionalization(Child)	classified
TRD	Pbre1_12G177200	Pbre1_16G202800	Prupe.7G122500.1	5.346381833333333	0.0597465	9.993691166666666	0.5942907731011878	0.8748003102505137	0.7189291743644803	0.3385235115726885	0.5423600091038949	0.3393056012838754	Neofunctionalization(Child)	Neofunctionalization(Child)	Neofunctionalization(Child)	Neofunctionalization(Child)	classified
TRD	Pbre1_10G113400	Pbre1_16G228000	Prupe.8G091800.1	18.648662166666668	4.581617333333333	5.737989	0.2157488577381499	0.3292466825731053	0.2956721256184957	0.1509018271736301	0.1511545354922416	0.1487828415105443	Conservation	Conservation	Conservation	Conservation	classified
TRD	Pbre1_13G222800	Pbre1_16G229200	Prupe.1G215300.1	22.0993105	68.65366566666667	74.19881133333334	0.2656380966031397	0.4229278597878282	0.4578072270095145	0.10784898821754	0.1813168042100303	0.159389310991463	Conservation	Conservation	Conservation	Conservation	classified
TRD	Pbre1_03G479600	Pbre1_16G243400	Prupe.8G265100.1	191.9621388333333	0.442768	730.0448443333333	0.4214320826522265	0.8686372583015061	0.4814730816911421	0.1417254216204881	0.4865277199587536	0.1422808446416129	Neofunctionalization(Child)	Neofunctionalization(Child)	Neofunctionalization(Child)	Neofunctionalization(Child)	classified
TRD	Pbre1_04G231200	Pbre1_16G253800	Prupe.6G267700.1	66.07631766666667	2.8499105	100.47963583333332	0.990358438147838	1.0	0.978126859622216	1.237531819216091	1.29646224848202	1.23996685625973	Specialization	Specialization	Specialization	Specialization	classified
TRD	Pbre1_03G403800	Pbre1_16G254000	Prupe.4G164900.1	0.7161536666666667	0.0983181666666666	12.413554166666668	0.9184722139414148	0.7563126146995998	0.5981678869212484	0.4996662043730135	0.4660526374488749	0.4470627789448386	Specialization	Specialization	Specialization	Specialization	classified
TRD	Pbre1_05G596600	Pbre1_16G265400	Prupe.4G006300.1	0.5228285	0.0089711666666666	0.7093166666666667	0.8040145494756017	1.0	0.8710438342844379	0.5269569583817761	0.4623500907253535	0.5115862300027585	Specialization	Specialization	Specialization	Specialization	classified
TRD	Pbre1_13G339400	Pbre1_16G289200	Prupe.1G023000.1	20.368576333333333	0.0691368333333333	344.45895566666667	0.8008806190891189	0.862906109314307	0.6498591673289695	0.3711615193704444	0.6253354377085358	0.3717440754966082	Neofunctionalization(Child)	Neofunctionalization(Child)	Neofunctionalization(Child)	Neofunctionalization(Child)	classified
TRD	Pbre1_16G171200	Pbre1_16G295200	Prupe.1G250900.1	72.69368966666667	2.517552	293.5467895	0.2133166021460643	1.0	0.3033885837408867	0.1303301976607385	1.0103310369360816	0.1568234712723147	Neofunctionalization(Child)	Neofunctionalization(Child)	Neofunctionalization(Child)	Neofunctionalization(Child)	classified
TRD	Pbre1_07G359600	Pbre1_16G298600	Prupe.2G248500.1	50.037413666666666	0.0551326666666666	200.2219355	0.5477938187670298	0.9000018137957303	0.3473762390145916	0.0815039731377938	0.6545362769543731	0.08107109662815	Neofunctionalization(Child)	Neofunctionalization(Child)	Neofunctionalization(Child)	Neofunctionalization(Child)	classified
TRD	Pbre1_10G442000	Pbre1_16G305600	Prupe.4G083400.1	19.89634883333333	18.333473166666668	61.1215775	0.3991952044858665	0.5224357878063703	0.422674113897432	0.2334674267529192	0.2700330862419171	0.2255867040173543	Conservation	Conservation	Conservation	Conservation	classified
TRD	Pbre1_13G340000	Pbre1_16G343800	Prupe.1G023500.1	0.0730131666666666	0.3454465	3.040715666666667	0.969246895534574	0.8733314945862031	0.8512136113969717	0.8096870797729693	0.6232070679164345	0.6499812914588516	Specialization	Specialization	Specialization	Specialization	classified
TRD	Pbre1_13G343600	Pbre1_16G348000	Prupe.1G027000.1	89.00896983333334	6.642290333333333	62.24347983333333	0.8428337048196269	0.8502773408848785	0.6129688866775853	0.3513147945766194	0.4746660466941344	0.3236160314004186	Neofunctionalization(Child)	Neofunctionalization(Child)	Neofunctionalization(Child)	Neofunctionalization(Child)	classified
TRD	Pbre1_10G484600	Pbre1_16G365400	Prupe.4G059200.1	5.742394333333333	0.8936951666666666	15.114297333333331	0.6710246359206904	0.6840787269601161	0.950191809491478	0.5870256729714978	0.7310556216073978	0.6026795241980303	Specialization	Specialization	Specialization	Specialization	classified
TRD	Pbre1_01G239400	Pbre1_16G370400	Prupe.2G225600.1	183.44678966666663	0.5581788333333333	209.2827265	0.4455133388268947	0.8594544577293968	0.3409307857550628	0.1792937739062142	0.4514931787101338	0.1794969281391789	Neofunctionalization(Child)	Neofunctionalization(Child)	Neofunctionalization(Child)	Neofunctionalization(Child)	classified
TRD	Pbre1_13G380400	Pbre1_16G381800	Prupe.1G051200.1	10.240051	5.505773	11.269517833333332	0.4098891702758803	0.4983688889087121	0.2986627659480165	0.131281906887741	0.1765574622178011	0.1271495167412701	Conservation	Conservation	Conservation	Conservation	classified
TRD	Pbre1_02G277200	Pbre1_16G392800	Prupe.6G225900.1	193.59870966666668	0.0148661666666666	68.405986	0.4801068042051946	1.0	0.4817740665063288	0.2534397328708881	0.9865669877773268	0.2534233424179501	Neofunctionalization(Child)	Neofunctionalization(Child)	Neofunctionalization(Child)	Neofunctionalization(Child)	classified
TRD	Pbre1_09G487400	Pbre1_16G403000	Prupe.3G003200.1	8.086514333333334	0.0410143333333333	51.21775866666667	0.4956794009271745	0.9541217671067947	0.6478622785512067	0.2739009369071116	0.7019372972145863	0.2716786818717108	Neofunctionalization(Child)	Neofunctionalization(Child)	Neofunctionalization(Child)	Neofunctionalization(Child)	classified
TRD	Pbre1_05G059200	Pbre1_16G408600	Prupe.8G045900.1	19.056488666666667	0.2459686666666666	34.980852	0.4135426821471489	1.0	0.1489755427688256	0.1511927159401435	0.9215812514073988	0.1472195394831399	Neofunctionalization(Child)	Neofunctionalization(Child)	Neofunctionalization(Child)	Neofunctionalization(Child)	classified
TRD	Pbre1_02G206200	Pbre1_16G415600	Prupe.7G165600.1	52.71849683333333	0.2143641666666666	126.14570416666666	0.3138640389095151	0.9429290678221868	0.7563148174155125	0.3767324615297739	0.7752306532004732	0.3769982826572886	Neofunctionalization(Child)	Neofunctionalization(Child)	Neofunctionalization(Child)	Neofunctionalization(Child)	classified
TRD	Pbre1_13G412400	Pbre1_16G422200	Prupe.1G077400.1	47.11967033333333	5.371983666666667	34.03093066666666	0.6271386880760085	0.5350371030701814	0.4191166101455081	0.267860750733705	0.1522335306302166	0.2399037488910793	Conservation	Conservation	Conservation	Conservation	classified
TRD	Pbre1_13G412400	Pbre1_16G422400	Prupe.1G077400.1	47.11967033333333	3.900966166666666	34.03093066666666	0.6271386880760085	0.573799742331582	0.4191166101455081	0.267860750733705	0.1446894896600167	0.2443732294981411	Conservation	Conservation	Conservation	Conservation	classified
TRD	Pbre1_03G410000	Pbre1_16G426800	Prupe.4G157700.1	4.603058666666667	0.08528	3.600788666666667	0.990144133688443	0.9028605939536126	0.7738382559521114	0.8063411109846776	0.8346720502109252	0.7910196792912573	Specialization	Specialization	Specialization	Specialization	classified
TRD	Pbre1_16G481000	Pbre1_16G436000	Prupe.6G211100.1	29.346097166666667	0.2586905	11.848604	0.2550228912373998	1.0	0.3517420629319271	0.1850670423163766	0.9817388300508753	0.1855269316914589	Neofunctionalization(Child)	Neofunctionalization(Child)	Neofunctionalization(Child)	Neofunctionalization(Child)	classified
TRD	Pbre1_16G018800	Pbre1_16G454400	Prupe.1G341200.1	22.376641166666666	5.8441095	32.61365033333333	0.1065756607992837	0.4794936207387045	0.5585004227666669	0.1525232146652	0.2190077611905641	0.1542631252887752	Conservation	Conservation	Conservation	Conservation	classified
TRD	Pbre1_03G261800	Pbre1_16G460600	Prupe.4G270300.1	16.655878833333333	4.180703666666667	26.04977183333333	0.2662232372097647	0.6213354704329818	0.4179976441659986	0.1831521667949396	0.2597826209240352	0.174972599032137	Conservation	Conservation	Conservation	Conservation	classified
TRD	Pbre1_13G018800	Pbre1_16G460800	Prupe.1G342300.1	2.712008833333333	0.873812	0.9016161666666668	0.570700706161076	0.7773908669703916	0.82169567453656	0.5078318304026919	0.5548812964888314	0.49415446810762	Specialization	Specialization	Specialization	Specialization	classified
TRD	Pbre1_06G061800	Pbre1_16G461200	Prupe.5G031800.1	17.539734	17.256715833333335	9.881148	0.7201121871054597	0.506536302024615	0.6090469307551848	0.3181506792908061	0.1886953402713514	0.249481014867303	Conservation	Conservation	Conservation	Conservation	classified
TRD	Pbre1_13G486800	Pbre1_16G476400	Prupe.1G002500.1	106.58587166666668	0.6959861666666667	327.6482963333333	0.8376655519146737	0.9965213522828216	0.5809502429172033	0.297186720613759	0.8278701355906634	0.293999057855792	Neofunctionalization(Child)	Neofunctionalization(Child)	Neofunctionalization(Child)	Neofunctionalization(Child)	classified
TRD	Pbre1_07G264600	Pbre1_16G476800	Prupe.2G193700.1	15.358252333333333	0.0971126666666666	40.75928666666667	0.5571856007140963	0.7710997508345387	0.6756962319981012	0.3439343366666046	0.6505454880530999	0.3443518738041325	Neofunctionalization(Child)	Neofunctionalization(Child)	Neofunctionalization(Child)	Neofunctionalization(Child)	classified
TRD	Pbre1_06G042200	Pbre1_16G479000	Prupe.5G029700.1	8.336143	3.4386281666666667	43.81328716666667	0.2921376120503159	0.4074008125846122	0.2621780463347963	0.0857877250189368	0.1879104564820773	0.0903860883956961	Conservation	Conservation	Conservation	Conservation	classified
TRD	Pbre1_05G156200	Pbre1_16G490000	Prupe.8G127600.1	35.158011	0.1525991666666666	71.32574916666667	0.7063109612527315	0.8736568031308586	0.6636665709184634	0.2965587487562813	0.579649461975583	0.2956129342918339	Neofunctionalization(Child)	Neofunctionalization(Child)	Neofunctionalization(Child)	Neofunctionalization(Child)	classified
TRD	Pbre1_04G248800	Pbre1_16G504600	Prupe.6G277500.1	207.64366716666663	0.4049691666666666	346.0445476666667	0.7094958700391109	0.5503107649403136	0.6536892169882003	0.3033986383077018	0.4367872661435613	0.302884583896968	Neofunctionalization(Child)	Neofunctionalization(Child)	Neofunctionalization(Child)	Neofunctionalization(Child)	classified
TRD	Pbre1_14G007600	Pbre1_17G014800	Prupe.7G006200.1	25.092854166666665	3.840742166666667	28.96785733333333	0.1981763413654207	0.5170727999301794	0.3237023355322307	0.1212988066400067	0.2736925782533785	0.1314502388226506	Conservation	Conservation	Conservation	Conservation	classified
TRD	Pbre1_09G032800	Pbre1_17G033800	Prupe.3G298100.1	16.958149333333335	4.473781166666667	14.960819166666669	0.4048933775847203	0.3764905134086076	0.4041130367143939	0.1190214279048906	0.2096335425931706	0.1286897434928606	Conservation	Conservation	Conservation	Conservation	classified
TRD	Pbre1_01G393800	Pbre1_17G049200	Prupe.2G308300.1	0.3886175	0.0032976666666666	1.7205136666666667	0.9503176303730128	1.0	0.825988976490353	0.9420205319441418	1.02172554995301	0.9367332457586552	Specialization	Specialization	Specialization	Specialization	classified
TRD	Pbre1_09G047200	Pbre1_17G049600	Prupe.3G290300.1	7.939998333333333	2.9985791666666666	8.694569333333334	0.2693584041407699	0.4299030373746769	0.5590533226597791	0.1541975436639999	0.2444632205168516	0.1701810072211861	Conservation	Conservation	Conservation	Conservation	classified
TRD	Pbre1_07G504800	Pbre1_17G068800	Prupe.2G325300.1	20.560544666666665	0.9436311666666666	111.596582	0.304536802609637	0.863210488574334	0.3181330631773624	0.143570831638231	0.5238551062780441	0.1417029774202143	Neofunctionalization(Child)	Neofunctionalization(Child)	Neofunctionalization(Child)	Neofunctionalization(Child)	classified
TRD	Pbre1_11G473800	Pbre1_17G071400	Prupe.8G240900.1	6.598808666666667	16.654824333333334	7.679191666666667	0.4311804084159389	0.5634689087303647	0.5596376957928297	0.2522625743605906	0.3382247793891486	0.2979532572139194	Conservation	Conservation	Conservation	Conservation	classified
TRD	Pbre1_09G204200	Pbre1_17G102800	Prupe.3G202500.1	0.8400065	28.766356666666667	23.645870166666665	0.916187412840224	0.3450044912516323	0.9244508325786456	0.9562858962030498	0.7402847588759426	0.7409377847909271	Specialization	Specialization	Neofunctionalization(Parent)	Specialization	classified
TRD	Pbre1_17G117400	Pbre1_17G112800	Prupe.3G251100.1	31.550450166666668	24.781837666666664	30.655917166666665	0.8944600054297542	0.9955573905933316	0.7593505352294613	0.2772464094500529	0.5931842102277005	0.4073217792536344	Neofunctionalization(Child)	Neofunctionalization(Child)	Neofunctionalization(Child)	Neofunctionalization(Child)	classified
TRD	Pbre1_17G290600	Pbre1_17G136600	Prupe.3G023700.1	5.3938235	0.0106913333333333	26.0067625	0.6138288854668493	0.9333610441433204	0.706723312139068	0.5528568080320657	0.9615032200694624	0.5527329955583998	Specialization	Specialization	Neofunctionalization(Child)	Specialization	classified
TRD	Pbre1_09G138600	Pbre1_17G137800	Prupe.3G239800.1	6.432500666666667	4.4043025	30.2972365	0.2725130579910579	0.4009903181457137	0.3859219041599377	0.1578830505241871	0.1471903669572919	0.1428848361058587	Conservation	Conservation	Conservation	Conservation	classified
TRD	Pbre1_05G528600	Pbre1_17G152800	Prupe.4G045900.1	5.009983833333333	13.739084333333333	6.527938	0.2301628708949357	0.4876066624969348	0.2958040991850087	0.0700169356993113	0.1367886496655032	0.1091097493933111	Conservation	Conservation	Conservation	Conservation	classified
TRD	Pbre1_07G341400	Pbre1_17G164800	Prupe.2G239700.1	347.48379366666666	0.1342605	199.36652716666663	0.5620013543920018	1.0	0.6160536417151555	0.2488196237607885	1.070910279360438	0.248764307006299	Neofunctionalization(Child)	Neofunctionalization(Child)	Neofunctionalization(Child)	Neofunctionalization(Child)	classified
TRD	Pbre1_17G495200	Pbre1_17G179400	Prupe.3G007100.1	17.655721166666666	0.0299363333333333	48.191224	0.3253196771089252	1.0	0.4481441282071781	0.1244279893019615	0.9382809820273648	0.1243834083698334	Neofunctionalization(Child)	Neofunctionalization(Child)	Neofunctionalization(Child)	Neofunctionalization(Child)	classified
TRD	Pbre1_16G142200	Pbre1_17G201600	Prupe.1G267700.1	17.901708166666666	3.0128478333333333	45.9169155	0.5272960533081412	0.7685375732939004	0.5252211649125187	0.235742667571026	0.4491992824735589	0.2213067668247671	Neofunctionalization(Child)	Neofunctionalization(Child)	Conservation	Neofunctionalization(Child)	classified
TRD	Pbre1_09G224000	Pbre1_17G218000	Prupe.3G192300.1	7.065661833333333	3.650094	7.857168333333334	0.3435945499009943	0.6717006747583636	0.3950173148164986	0.2346285221302106	0.4821202623912948	0.3127064376362807	Neofunctionalization(Child)	Neofunctionalization(Child)	Neofunctionalization(Child)	Neofunctionalization(Child)	classified
TRD	Pbre1_16G087000	Pbre1_17G221000	Prupe.1G304800.1	0.8964798333333334	0.1813584999999999	6.735166166666667	0.9055718993557632	0.9889681333738014	0.8204863121120199	0.755671713118617	1.0952853118076251	0.7039397097649747	Specialization	Specialization	Specialization	Specialization	classified
TRD	Pbre1_05G452400	Pbre1_17G224200	Prupe.4G091400.1	4.359045666666667	0.109972	6.102464333333334	0.5664178577497749	0.7637445536829996	0.7428404513214317	0.2589875426338404	0.6302916422061138	0.2577066459130567	Neofunctionalization(Child)	Neofunctionalization(Child)	Neofunctionalization(Child)	Neofunctionalization(Child)	classified
TRD	Pbre1_16G471600	Pbre1_17G227000	Prupe.5G039100.1	21.950355666666667	0.1289265	63.398181666666666	0.4289733762439482	1.0	0.3913817830139176	0.1746267188575858	0.9298830228341662	0.1722273395795757	Neofunctionalization(Child)	Neofunctionalization(Child)	Neofunctionalization(Child)	Neofunctionalization(Child)	classified
TRD	Pbre1_09G235400	Pbre1_17G230200	Prupe.3G185700.1	1.4510393333333331	0.0364965	2.8239780000000003	0.7627740246800493	1.0	0.6627337438750883	0.4677733765529824	0.9948768657865914	0.4782705237949005	Specialization	Specialization	Neofunctionalization(Child)	Specialization	classified
TRD	Pbre1_09G242400	Pbre1_17G236000	Prupe.3G180100.1	10.530504333333331	0.032001	8.0881905	0.9179529147665784	0.9540765028722198	0.5378188201818868	0.4667102407453488	0.7262565810079146	0.4643430121659588	Specialization	Specialization	Neofunctionalization(Child)	Specialization	classified
TRD	Pbre1_14G189400	Pbre1_17G250600	Prupe.5G097700.1	158.127411	0.1537453333333333	625.1173373333334	0.4713521339357161	0.7276278259979005	0.7120022110347213	0.3626194855393232	0.4996516162326409	0.3624869252575468	Neofunctionalization(Child)	Neofunctionalization(Child)	Neofunctionalization(Child)	Neofunctionalization(Child)	classified
TRD	Pbre1_16G484000	Pbre1_17G261600	Prupe.5G024900.1	38.41201766666666	0.4614623333333333	28.06754	0.4257038506729078	0.9483991738022997	0.6604091195583079	0.3273865603006582	0.7538674321002573	0.3283308133249526	Neofunctionalization(Child)	Neofunctionalization(Child)	Neofunctionalization(Child)	Neofunctionalization(Child)	classified
TRD	Pbre1_08G043200	Pbre1_17G264600	Prupe.1G373800.1	0.0099696666666666	0.043241	11.297484166666669	1.0	0.9573286566117152	0.5476809247286631	0.960300714894514	0.7260753106981629	0.5837869406731244	Specialization	Specialization	Specialization	Specialization	classified
TRD	Pbre1_17G107800	Pbre1_17G273400	Prupe.3G257100.1	1.1276256666666666	0.1908863333333333	11.033671	0.8981375848433324	1.0	0.9627812906313068	0.8822857836425239	1.309428829041626	0.861103569744306	Specialization	Specialization	Specialization	Specialization	classified
TRD	Pbre1_15G398800	Pbre1_17G280600	Prupe.7G193700.1	1.7879285	4.0481995	17.8127005	0.8556974355526192	0.5764102765541125	0.8843518656056697	0.398437572186945	0.6708534587823841	0.5107999763018869	Specialization	Specialization	Specialization	Specialization	classified
TRD	Pbre1_09G285400	Pbre1_17G282800	Prupe.3G028100.1	31.54315983333333	0.8905415	119.6439405	0.6030248725128093	0.7977097704989619	0.547054152790372	0.1626394256973943	0.5833624402514075	0.1636851227882188	Neofunctionalization(Child)	Neofunctionalization(Child)	Neofunctionalization(Child)	Neofunctionalization(Child)	classified
TRD	Pbre1_01G312800	Pbre1_17G283600	Prupe.2G266700.1	172.72403616666665	49.44339383333333	111.56411916666666	0.3033554359809383	0.4036815630456086	0.6610760841480234	0.2959071594579972	0.3769577859081298	0.3105883176000655	Conservation	Conservation	Conservation	Conservation	classified
TRD	Pbre1_09G303000	Pbre1_17G297600	Prupe.3G038800.1	21.366143666666662	4.46364	17.648035333333333	0.577913556400941	0.3606280753439684	0.3462089493149257	0.1103836526184878	0.1492684820686708	0.1063036300253317	Conservation	Conservation	Conservation	Conservation	classified
TRD	Pbre1_17G413800	Pbre1_17G310000	Prupe.3G118500.1	44.58341683333333	0.0102788333333333	72.79811966666666	0.7553610101553943	0.8758573568444012	0.7826808699155969	0.1516810463413026	0.7968008648522893	0.1516225370327391	Neofunctionalization(Child)	Neofunctionalization(Child)	Neofunctionalization(Child)	Neofunctionalization(Child)	classified
TRD	Pbre1_09G325000	Pbre1_17G310400	Prupe.3G050700.1	43.08771483333334	0.054493	32.661438833333335	0.244226220737742	0.9249379558666408	0.4644089854512468	0.156108451888052	0.6658631835602837	0.1563327657147711	Neofunctionalization(Child)	Neofunctionalization(Child)	Neofunctionalization(Child)	Neofunctionalization(Child)	classified
TRD	Pbre1_09G325400	Pbre1_17G315400	Prupe.3G050900.1	0.8105388333333333	0.0576495	6.5195045	0.9203608971367836	0.8209867141487468	0.8810074813589871	0.784718120461703	0.6837884292056412	0.7451438281658488	Specialization	Specialization	Specialization	Specialization	classified
TRD	Pbre1_09G046200	Pbre1_17G320600	Prupe.3G291100.1	12.225825833333332	9.613197333333334	77.60770116666666	0.4458565650279865	0.2287200334294776	0.6922987260562969	0.3488083724651398	0.2890153682163505	0.3021411330998224	Conservation	Conservation	Conservation	Conservation	classified
TRD	Pbre1_13G449200	Pbre1_17G321800	Prupe.1G203200.1	3.408131666666667	31.260226666666668	65.15869983333333	0.5544780330397375	0.5371655484007971	0.4860740007573471	0.2565671941826741	0.2264503452923072	0.2282128394966763	Conservation	Conservation	Conservation	Conservation	classified
TRD	Pbre1_11G212400	Pbre1_17G322200	Prupe.6G106800.1	44.903874	4.634462666666667	190.6261028333333	0.4444457419188749	0.391438783568922	0.4899270575697985	0.268889707159804	0.2051086116341071	0.2531044956136088	Conservation	Conservation	Conservation	Conservation	classified
TRD	Pbre1_04G081200	Pbre1_17G323000	Prupe.1G207200.1	85.0524085	4.545863166666667	69.12641316666667	0.3143387208060258	0.2154017233876383	0.5963427179709123	0.1838248725286757	0.3281619918293552	0.1884873571020439	Conservation	Conservation	Conservation	Conservation	classified
TRD	Pbre1_04G081400	Pbre1_17G323200	Prupe.1G207400.1	2.135364666666667	0.1045076666666666	5.493691166666667	0.6758156200725469	0.936823350912132	0.8723085507134355	0.5334960993900489	0.8006799549199517	0.5394971003538725	Specialization	Specialization	Neofunctionalization(Child)	Specialization	classified
TRD	Pbre1_08G224000	Pbre1_17G333000	Prupe.1G463900.1	13.005993666666669	0.0374216666666666	19.9996245	0.6091071790340015	0.9744878947817746	0.7925520477419804	0.2627174852274879	0.4651459512456119	0.2614853063271114	Neofunctionalization(Child)	Neofunctionalization(Child)	Neofunctionalization(Child)	Neofunctionalization(Child)	classified
TRD	Pbre1_17G283200	Pbre1_17G334600	Prupe.3G027700.1	0.0019761666666666	2.6492521666666664	1.559361166666667	1.0	0.9311712100845678	0.8691575939459325	1.1792063793467535	0.8964419122863998	0.8960807592998549	Specialization	Specialization	Specialization	Specialization	classified
TRD	Pbre1_01G358600	Pbre1_17G339000	Prupe.2G291000.1	3.4002851666666665	7.0949915	5.082061666666667	0.376082593216013	0.5089892458177527	0.6235555389615637	0.2160176631760854	0.2866655978337789	0.2534416100421378	Conservation	Conservation	Conservation	Conservation	classified
TRD	Pbre1_13G486800	Pbre1_17G394000	Prupe.1G002500.1	106.58587166666668	0.0227131666666666	327.6482963333333	0.8376655519146737	0.9260090272123204	0.5809502429172033	0.297186720613759	0.8435422271849814	0.2971090599484993	Neofunctionalization(Child)	Neofunctionalization(Child)	Neofunctionalization(Child)	Neofunctionalization(Child)	classified
TRD	Pbre1_12G440000	Pbre1_17G427000	Prupe.6G365700.1	0.0524321666666666	0.0287941666666666	0.4571674999999999	0.8594982195235467	0.8610822846269286	0.9916987983783974	1.133762926339356	0.4963406848358082	0.8760891733283085	Specialization	Specialization	Specialization	Specialization	classified
TRD	Pbre1_09G438400	Pbre1_17G448400	Prupe.3G150000.1	225.19534683333333	52.627972	141.34830266666663	0.5960188807004466	0.4050159289950005	0.5646976056130812	0.1775295350272687	0.1233856131796179	0.1629783776198946	Conservation	Conservation	Conservation	Conservation	classified
TRD	Pbre1_12G311200	Pbre1_17G478800	Prupe.6G292000.1	57.35273166666666	0.705643	59.051379	0.5289797810723845	0.603918725238708	0.7697826232666033	0.3569058971850919	0.4746494463853957	0.3579704642397077	Neofunctionalization(Child)	Neofunctionalization(Child)	Neofunctionalization(Child)	Neofunctionalization(Child)	classified
TRD	Pbre1_16G372600	Pbre1_17G503000	Prupe.1G045300.1	49.1096285	3.5766505	207.82926433333333	0.273209076064929	0.4585618868683322	0.6666356219994204	0.2592553418739411	0.4662396070901408	0.2695728991070277	Neofunctionalization(Child)	Neofunctionalization(Child)	Conservation	Neofunctionalization(Child)	classified
TRD	Pbre1_05G475800	Pbre1_01G304200	Prupe.4G079500.1	126.705536	0.5637323333333334	642.5165791666667	0.4190013096617583	1.0	0.5611437233807328	0.1807747182242809	0.858106019640872	0.1812532098545462	Neofunctionalization(Child)	Neofunctionalization(Child)	Neofunctionalization(Child)	Neofunctionalization(Child)	classified
TRD	Pbre1_07G502800	Pbre1_01G406200	Prupe.2G324300.1	55.885287000000005	1.1852785	39.9875645	0.6963560660063809	0.8248951495992305	0.5777754831876465	0.2705802866030595	0.5041499420147602	0.2580338152268285	Neofunctionalization(Child)	Neofunctionalization(Child)	Neofunctionalization(Child)	Neofunctionalization(Child)	classified
TRD	Pbre1_17G306400	Pbre1_02G034600	Prupe.3G044400.1	2.623294833333333	4.648172333333333	27.61886383333333	0.4259741607302505	0.7801618472675553	0.6351846900532843	0.3187191322463145	0.406051922034499	0.2759994918849364	Neofunctionalization(Child)	Neofunctionalization(Child)	Neofunctionalization(Child)	Neofunctionalization(Child)	classified
TRD	Pbre1_04G361000	Pbre1_02G086400	Prupe.6G336200.1	12.128455833333334	0.0403551666666666	44.8869	0.2500068373490928	0.7948615410357233	0.3863716817126853	0.1200092726512944	0.4231436833610443	0.1197616756973833	Neofunctionalization(Child)	Neofunctionalization(Child)	Neofunctionalization(Child)	Neofunctionalization(Child)	classified
TRD	Pbre1_14G011600	Pbre1_03G050000	Prupe.7G009900.1	14.2374995	0.0044328333333333	25.113448	0.324578844782213	1.0	0.5853566207381109	0.2728778237656573	0.9328676597298868	0.2728281065889528	Neofunctionalization(Child)	Neofunctionalization(Child)	Neofunctionalization(Child)	Neofunctionalization(Child)	classified
TRD	Pbre1_15G110600	Pbre1_03G068400	Prupe.1G412500.1	34.08083833333333	0.0243841666666666	13.333779166666666	0.5198760374188028	1.0	0.460721399052757	0.168643599369081	0.8468715564797926	0.1679810455845815	Neofunctionalization(Child)	Neofunctionalization(Child)	Neofunctionalization(Child)	Neofunctionalization(Child)	classified
TRD	Pbre1_08G316800	Pbre1_03G319800	Prupe.6G192700.1	123.57822233333331	0.1002346666666666	938.3929011666668	0.1736294938676048	0.797046566164154	0.3442239881522885	0.1548054942900416	0.5601032824042597	0.1549264780059681	Neofunctionalization(Child)	Neofunctionalization(Child)	Neofunctionalization(Child)	Neofunctionalization(Child)	classified
TRD	Pbre1_15G565600	Pbre1_03G319800	Prupe.6G192700.1	285.4909375	0.1002346666666666	938.3929011666668	0.3232327614411468	0.797046566164154	0.3442239881522885	0.0848164994603836	0.5601032824042597	0.0848599560132922	Neofunctionalization(Child)	Neofunctionalization(Child)	Neofunctionalization(Child)	Neofunctionalization(Child)	classified
TRD	Pbre1_15G671600	Pbre1_03G319800	Prupe.6G192700.1	366.4292358333333	0.1002346666666666	938.3929011666668	0.6523851796347139	0.797046566164154	0.3442239881522885	0.2224994029707918	0.5601032824042597	0.2224036697008576	Neofunctionalization(Child)	Neofunctionalization(Child)	Neofunctionalization(Child)	Neofunctionalization(Child)	classified
TRD	Pbre1_09G046200	Pbre1_04G004000	Prupe.3G291100.1	12.225825833333332	33.041807166666665	77.60770116666666	0.4458565650279865	0.3019969984405615	0.6922987260562969	0.3488083724651398	0.2195584563952161	0.2333457518970257	Conservation	Conservation	Conservation	Conservation	classified
TRD	Pbre1_15G112200	Pbre1_04G043000	Prupe.1G414100.1	60.553406	74.02595566666666	220.77607283333333	0.3670848809340531	0.9931585215303564	0.7060522790325362	0.3032614897469708	0.9120827624748484	0.5501245168157192	Neofunctionalization(Child)	Neofunctionalization(Child)	Neofunctionalization(Child)	Neofunctionalization(Child)	classified
TRD	Pbre1_04G384000	Pbre1_04G374200	Prupe.6G349400.1	24.619585166666667	0.3357098333333333	35.351662833333336	0.4865083197540857	0.9107152987370912	0.336789296576802	0.0730774186629491	0.6072793925408724	0.074327876634077	Neofunctionalization(Child)	Neofunctionalization(Child)	Neofunctionalization(Child)	Neofunctionalization(Child)	classified
TRD	Pbre1_10G345600	Pbre1_05G129000	Prupe.4G148700.1	38.35069133333333	0.0298936666666666	59.32098366666666	0.2612966404979436	1.0	0.3670825931023146	0.1365176665282209	0.9322041033159476	0.1365740377510686	Neofunctionalization(Child)	Neofunctionalization(Child)	Neofunctionalization(Child)	Neofunctionalization(Child)	classified
TRD	Pbre1_04G370800	Pbre1_05G209200	Prupe.6G341500.1	38.8981115	0.6910253333333333	90.58698683333334	0.7943600429623813	0.5815608676326255	0.8144474243938307	0.0977457204388757	0.5978211121214412	0.1016118900051951	Neofunctionalization(Child)	Neofunctionalization(Child)	Neofunctionalization(Child)	Neofunctionalization(Child)	classified
TRD	Pbre1_09G484200	Pbre1_05G245000	Prupe.3G004600.1	147.27331283333334	0.1249401666666666	536.1254925000001	0.264172579207462	0.8249966858843687	0.5597858074456823	0.1367248009837984	0.6150702656285431	0.1367169795174357	Neofunctionalization(Child)	Neofunctionalization(Child)	Neofunctionalization(Child)	Neofunctionalization(Child)	classified
TRD	Pbre1_17G499000	Pbre1_05G245000	Prupe.3G004600.1	76.97740033333334	0.1249401666666666	536.1254925000001	0.5294949265355283	0.8249966858843687	0.5597858074456823	0.2462232223360019	0.6150702656285431	0.2458465291484075	Neofunctionalization(Child)	Neofunctionalization(Child)	Neofunctionalization(Child)	Neofunctionalization(Child)	classified
TRD	Pbre1_05G313200	Pbre1_05G331800	Prupe.8G208900.1	141.7147091666667	0.3780903333333333	277.90582866666665	0.3925005743173268	0.9152330250768548	0.4438485693449261	0.2304714316529949	0.5530472574286202	0.2297286969572737	Neofunctionalization(Child)	Neofunctionalization(Child)	Neofunctionalization(Child)	Neofunctionalization(Child)	classified
TRD	Pbre1_15G686200	Pbre1_05G423800	Prupe.1G528600.1	7.624292666666666	0.244826	29.344175166666663	0.3905076580656098	0.919623685159842	0.4940301629650491	0.2405278140882672	0.4947206616702745	0.2344788320938025	Neofunctionalization(Child)	Neofunctionalization(Child)	Neofunctionalization(Child)	Neofunctionalization(Child)	classified
TRD	Pbre1_06G070400	Pbre1_06G135800	Prupe.5G048100.1	7.3400765	2.3784731666666667	9.945036833333331	0.9982926502688636	0.71218803618347	0.9993986014533782	0.0102972510769692	1.0946273836740832	0.2719975197190235	Neofunctionalization(Child)	Neofunctionalization(Child)	Neofunctionalization(Child)	Neofunctionalization(Child)	classified
TRD	Pbre1_07G403800	Pbre1_06G153600	Prupe.2G275100.1	25.537655	0.0350816666666666	31.2215815	0.4375449259837142	1.0	0.4019495735383768	0.2197664061220596	0.9755663854807696	0.2205155727037886	Neofunctionalization(Child)	Neofunctionalization(Child)	Neofunctionalization(Child)	Neofunctionalization(Child)	classified
TRD	Pbre1_04G248800	Pbre1_06G199400	Prupe.6G277500.1	207.64366716666663	0.282156	346.0445476666667	0.7094958700391109	0.8272872176478359	0.6536892169882003	0.3033986383077018	0.6335183640213676	0.3033667735907998	Neofunctionalization(Child)	Neofunctionalization(Child)	Neofunctionalization(Child)	Neofunctionalization(Child)	classified
TRD	Pbre1_10G223600	Pbre1_06G390600	Prupe.8G167300.1	57.163491666666665	2.089804	77.27326783333334	0.2463052578276202	0.542477942234888	0.4119451247574582	0.1475615242743766	0.2470923021723292	0.1500518154274735	Conservation	Conservation	Conservation	Conservation	classified
TRD	Pbre1_17G082800	Pbre1_07G003000	Prupe.3G269300.1	6.567388666666667	1.066731	47.30283583333333	0.8608775009040837	0.6438555171636258	0.9622417029925826	0.7609383905673417	0.8825368192716652	0.753481094907972	Specialization	Specialization	Specialization	Specialization	classified
TRD	Pbre1_10G218200	Pbre1_07G179600	Prupe.8G164700.1	40.62993866666667	0.0838075	58.484586166666666	0.291932064212919	1.0	0.4074341736967357	0.1789727373665138	1.0374645814823518	0.1796781550656976	Neofunctionalization(Child)	Neofunctionalization(Child)	Neofunctionalization(Child)	Neofunctionalization(Child)	classified
TRD	Pbre1_04G413200	Pbre1_07G491000	Prupe.6G364600.1	47.32205866666666	9.022347666666668	74.496942	0.295711352741454	0.559910897998037	0.2728703767312522	0.0824114382949474	0.2305286945551139	0.0953798677286412	Conservation	Conservation	Conservation	Conservation	classified
TRD	Pbre1_12G009600	Pbre1_08G186200	Prupe.7G005900.1	49.26367483333333	10.063614	75.73186866666667	0.3663745467750026	0.363806198726481	0.2378534960266169	0.1367824152371584	0.1357037732835246	0.1156586606472738	Conservation	Conservation	Conservation	Conservation	classified
TRD	Pbre1_13G033000	Pbre1_08G253600	Prupe.1G333700.1	18.854343333333333	0.0149338333333333	78.473139	0.2568319990288691	1.0	0.6604649523884696	0.2110721837124134	1.0060526740406428	0.21147670914422	Neofunctionalization(Child)	Neofunctionalization(Child)	Neofunctionalization(Child)	Neofunctionalization(Child)	classified
TRD	Pbre1_17G037200	Pbre1_08G382200	Prupe.3G295400.1	41.435112333333336	4.073875833333333	141.686806	0.3282212472465282	0.6824687400024856	0.3363624855339689	0.0968727657777206	0.4162192156488173	0.120030627668451	Neofunctionalization(Child)	Neofunctionalization(Child)	Neofunctionalization(Child)	Neofunctionalization(Child)	classified
TRD	Pbre1_16G235800	Pbre1_09G017600	Prupe.1G211500.1	0.6320486666666667	0.0041411666666666	8.514544666666668	0.9760343954442572	1.0	0.7701202356126257	0.9118588184452948	0.8773347693140284	0.9054085996504492	Specialization	Specialization	Specialization	Specialization	classified
TRD	Pbre1_16G009800	Pbre1_09G091800	Prupe.1G346100.1	54.12674016666666	10.700998833333331	147.224921	0.25351300124584	0.4010570820052043	0.5135830959471981	0.1014801002382495	0.1724242977285382	0.109987790779652	Conservation	Conservation	Conservation	Conservation	classified
TRD	Pbre1_10G034400	Pbre1_09G142400	Prupe.8G027900.1	38.851042	0.0736541666666666	43.41464366666666	0.4674257233682334	0.9515348978421472	0.1890898031237299	0.2342097418042233	0.7843808929458009	0.2347602406439884	Neofunctionalization(Child)	Neofunctionalization(Child)	Neofunctionalization(Child)	Neofunctionalization(Child)	classified
TRD	Pbre1_04G248800	Pbre1_09G157200	Prupe.6G277500.1	207.64366716666663	0.0531986666666666	346.0445476666667	0.7094958700391109	1.0	0.6536892169882003	0.3033986383077018	1.0759781495223455	0.303325196765175	Neofunctionalization(Child)	Neofunctionalization(Child)	Neofunctionalization(Child)	Neofunctionalization(Child)	classified
TRD	Pbre1_12G282200	Pbre1_09G157200	Prupe.6G277500.1	234.48932433333331	0.0531986666666666	346.0445476666667	0.68456526789501	1.0	0.6536892169882003	0.286717013751353	1.0759781495223455	0.2866811441488749	Neofunctionalization(Child)	Neofunctionalization(Child)	Neofunctionalization(Child)	Neofunctionalization(Child)	classified
TRD	Pbre1_09G370600	Pbre1_09G215200	Prupe.3G088200.1	11.455355666666668	0.0253158333333333	60.69757666666667	0.5176828083990609	1.0	0.6079571332146382	0.2696654610165878	0.8907532399111666	0.2701066285591106	Neofunctionalization(Child)	Neofunctionalization(Child)	Neofunctionalization(Child)	Neofunctionalization(Child)	classified
TRD	Pbre1_01G378400	Pbre1_09G325800	Prupe.2G301300.1	6.255502333333333	0.1037176666666666	58.50392683333333	0.8027603241609171	0.9389196083202578	0.9722347585270086	0.7380281227141714	1.1690779168270735	0.7446673068816687	Specialization	Specialization	Specialization	Specialization	classified
TRD	Pbre1_07G023000	Pbre1_09G384400	Prupe.2G017500.1	1.3697011666666667	3.604803833333333	18.035875	0.8402494202024323	0.2436283522362981	0.9715111397800994	0.7145111327468503	0.7323323568229538	0.6877516508856726	Specialization	Specialization	Specialization	Specialization	classified
TRD	Pbre1_01G092400	Pbre1_09G411600	Prupe.6G192700.1	322.5795755	0.4904944999999999	938.3929011666668	0.4185261924344113	0.9585952101569968	0.3442239881522885	0.0989662230614523	0.6759524040180265	0.0987340897542845	Neofunctionalization(Child)	Neofunctionalization(Child)	Neofunctionalization(Child)	Neofunctionalization(Child)	classified
TRD	Pbre1_08G316800	Pbre1_09G411600	Prupe.6G192700.1	123.57822233333331	0.4904944999999999	938.3929011666668	0.1736294938676048	0.9585952101569968	0.3442239881522885	0.1548054942900416	0.6759524040180265	0.1535343684203822	Neofunctionalization(Child)	Neofunctionalization(Child)	Neofunctionalization(Child)	Neofunctionalization(Child)	classified
TRD	Pbre1_15G671600	Pbre1_09G411600	Prupe.6G192700.1	366.4292358333333	0.4904944999999999	938.3929011666668	0.6523851796347139	0.9585952101569968	0.3442239881522885	0.2224994029707918	0.6759524040180265	0.2229431710554759	Neofunctionalization(Child)	Neofunctionalization(Child)	Neofunctionalization(Child)	Neofunctionalization(Child)	classified
TRD	Pbre1_01G092400	Pbre1_10G270400	Prupe.6G192700.1	322.5795755	0.2822356666666666	938.3929011666668	0.4185261924344113	0.9689263501472342	0.3442239881522885	0.0989662230614523	0.7020807189726487	0.098850873938127	Neofunctionalization(Child)	Neofunctionalization(Child)	Neofunctionalization(Child)	Neofunctionalization(Child)	classified
TRD	Pbre1_15G565600	Pbre1_10G270400	Prupe.6G192700.1	285.4909375	0.2822356666666666	938.3929011666668	0.3232327614411468	0.9689263501472342	0.3442239881522885	0.0848164994603836	0.7020807189726487	0.0847727846410627	Neofunctionalization(Child)	Neofunctionalization(Child)	Neofunctionalization(Child)	Neofunctionalization(Child)	classified
TRD	Pbre1_15G671600	Pbre1_10G270400	Prupe.6G192700.1	366.4292358333333	0.2822356666666666	938.3929011666668	0.6523851796347139	0.9689263501472342	0.3442239881522885	0.2224994029707918	0.7020807189726487	0.2227358766619898	Neofunctionalization(Child)	Neofunctionalization(Child)	Neofunctionalization(Child)	Neofunctionalization(Child)	classified
TRD	Pbre1_02G069800	Pbre1_10G347400	Prupe.7G237800.1	120.94317166666669	0.0136188333333333	224.0080275	0.6490383855908715	1.0	0.3737389816024731	0.229501743332317	0.9693304968560044	0.2294652980646957	Neofunctionalization(Child)	Neofunctionalization(Child)	Neofunctionalization(Child)	Neofunctionalization(Child)	classified
TRD	Pbre1_08G239400	Pbre1_10G347400	Prupe.7G237800.1	310.5614145	0.0136188333333333	224.0080275	0.6801243889138487	1.0	0.3737389816024731	0.2279194476944169	0.9693304968560044	0.2279091957803669	Neofunctionalization(Child)	Neofunctionalization(Child)	Neofunctionalization(Child)	Neofunctionalization(Child)	classified
TRD	Pbre1_15G211200	Pbre1_10G347400	Prupe.7G237800.1	177.06203216666665	0.0136188333333333	224.0080275	0.7141872455869793	1.0	0.3737389816024731	0.2717482638536954	0.9693304968560044	0.2717306026194112	Neofunctionalization(Child)	Neofunctionalization(Child)	Neofunctionalization(Child)	Neofunctionalization(Child)	classified
TRD	Pbre1_06G280400	Pbre1_10G592400	Prupe.5G167200.1	35.41316166666667	0.8056288333333333	52.452792	0.4740996381652028	0.6886614285676506	0.3619449304101813	0.071560839613535	0.3997195025614526	0.0685712412407276	Neofunctionalization(Child)	Neofunctionalization(Child)	Neofunctionalization(Child)	Neofunctionalization(Child)	classified
TRD	Pbre1_12G396200	Pbre1_11G032000	Prupe.6G341500.1	15.629627333333334	0.0630375	90.58698683333334	0.8630657689707469	1.0	0.8144474243938307	0.1969219724750086	0.5522183515524351	0.1975617938690438	Neofunctionalization(Child)	Neofunctionalization(Child)	Neofunctionalization(Child)	Neofunctionalization(Child)	classified
TRD	Pbre1_11G354000	Pbre1_12G020000	Prupe.4G214000.1	150.40065183333334	15.581730333333333	34.850022	0.150381200785338	0.3768262886921542	0.4164655446280485	0.1498064505282605	0.2242862732065925	0.1517162190521169	Conservation	Conservation	Conservation	Conservation	classified
TRD	Pbre1_10G211400	Pbre1_12G065000	Prupe.8G161100.1	502.849839	1.5458411666666667	1545.1851805	0.4119964475865998	0.5424258655386461	0.5354731251123374	0.195189072305302	0.3933871422462282	0.1952504255330533	Neofunctionalization(Child)	Neofunctionalization(Child)	Neofunctionalization(Child)	Neofunctionalization(Child)	classified
TRD	Pbre1_14G006800	Pbre1_12G284400	Prupe.7G005900.1	51.014483166666665	0.0097008333333333	75.73186866666667	0.1589013602530811	1.0	0.2378534960266169	0.0979851752517571	0.9591813154201964	0.0981078203949126	Neofunctionalization(Child)	Neofunctionalization(Child)	Neofunctionalization(Child)	Neofunctionalization(Child)	classified
TRD	Pbre1_13G284600	Pbre1_13G422800	Prupe.1G136500.1	6.799968166666667	0.0662261666666666	15.202060333333334	0.82687038724359	0.8842112373837718	0.6719591305445498	0.1794822456626716	0.6899909353165719	0.1725671383949733	Neofunctionalization(Child)	Neofunctionalization(Child)	Neofunctionalization(Child)	Neofunctionalization(Child)	classified
TRD	Pbre1_04G392400	Pbre1_13G430800	Prupe.6G354100.1	1.4150888333333334	0.0103703333333333	74.0202905	0.902062203681915	1.0	0.7214884785243829	0.5603676186745767	1.143374678670494	0.5597352997759891	Specialization	Specialization	Specialization	Specialization	classified
TRD	Pbre1_15G743800	Pbre1_14G158200	Prupe.1G564500.1	8.462806666666667	0.0317165	12.709991333333331	0.5816626856238587	0.8570756672012687	0.2773597031675645	0.2259802171108504	0.6117098490261568	0.2241447753485559	Neofunctionalization(Child)	Neofunctionalization(Child)	Neofunctionalization(Child)	Neofunctionalization(Child)	classified
TRD	Pbre1_08G069200	Pbre1_15G075800	Prupe.1G387900.1	17.809914166666665	16.924058	112.10687783333331	0.6171592397518513	0.5455539403132597	0.6198281623680765	0.1276154893557829	0.2703574558601601	0.1451529863893603	Conservation	Conservation	Conservation	Conservation	classified
TRD	Pbre1_12G203000	Pbre1_15G320000	Prupe.6G235900.1	99.22314483333334	2.6599233333333334	302.24619666666666	0.5790332883599072	0.8088035465578868	0.8709614273542311	0.3271093958732308	0.6800814620671134	0.3345920904380083	Neofunctionalization(Child)	Neofunctionalization(Child)	Neofunctionalization(Child)	Neofunctionalization(Child)	classified
TRD	Pbre1_15G268800	Pbre1_15G326400	Prupe.7G264100.1	98.7878435	0.0047894999999999	169.502665	0.2374952046447609	1.0	0.4847806769596361	0.1649582040958755	0.7963626956074795	0.1649226283132161	Neofunctionalization(Child)	Neofunctionalization(Child)	Neofunctionalization(Child)	Neofunctionalization(Child)	classified
TRD	Pbre1_15G253000	Pbre1_15G627000	Prupe.7G271300.1	246.392804	0.0113336666666666	429.46984183333336	0.3814796160269865	1.0	0.7373099594567976	0.3456679223672769	1.0124050732267729	0.3456756775674861	Neofunctionalization(Child)	Neofunctionalization(Child)	Neofunctionalization(Child)	Neofunctionalization(Child)	classified
TRD	Pbre1_16G338200	Pbre1_16G083600	Prupe.1G019500.1	114.57634183333334	0.0261653333333333	515.9787653333333	0.4125901596330049	0.9133194550965996	0.6388061435531494	0.1850878992187767	0.6494187204097798	0.1850349317018797	Neofunctionalization(Child)	Neofunctionalization(Child)	Neofunctionalization(Child)	Neofunctionalization(Child)	classified
TRD	Pbre1_15G518200	Pbre1_16G392800	Prupe.6G225900.1	32.20332333333334	0.0148661666666666	68.405986	0.3910479010152473	1.0	0.4817740665063288	0.2580350324474041	0.9865669877773268	0.2581428353250782	Neofunctionalization(Child)	Neofunctionalization(Child)	Neofunctionalization(Child)	Neofunctionalization(Child)	classified
